version 1
nodes
  0 "Bip01" -1
  1 "Bip01 Pelvis" 0
  2 "Bip01 Spine" 1
  3 "Bip01 Spine1" 2
  4 "Bip01 Spine2" 3
  5 "Bip01 Spine3" 4
  6 "Bip01 Neck" 5
  7 "Bip01 L Arm" 6
  8 "Bip01 L Arm1" 7
  9 "Bip01 L Arm2" 8
  10 "Bip01 L Hand" 9
  11 "Bip01 L Finger0" 10
  12 "Bip01 L Finger01" 11
  13 "Bip01 L Finger02" 12
  14 "Bip01 L Finger1" 10
  15 "Bip01 L Finger11" 14
  16 "Bip01 L Finger12" 15
  17 "Bip01 R Arm" 6
  18 "Bip01 R Arm1" 17
  19 "Bip01 R Arm2" 18
  20 "Bip01 R Hand" 19
  21 "Bip01 R Finger0" 20
  22 "Bip01 R Finger01" 21
  23 "Bip01 R Finger02" 22
  24 "Bip01 R Finger1" 20
  25 "Bip01 R Finger11" 24
  26 "Bip01 R Finger12" 25
  27 "Bip01 Head" 6
  28 "Bip01 L Leg" 1
  29 "Bip01 L Leg1" 28
  30 "Bip01 L Foot" 29
  31 "Bip01 R Leg" 1
  32 "Bip01 R Leg1" 31
  33 "Bip01 R Foot" 32
end
skeleton
  time 0
    0 0.000965 0.023589 -0.014150 0.000000 0.000000 -1.570922
    1 -0.000004 0.000000 0.000000 -1.570795 -1.570787 0.000000
    2 1.293670 0.684478 -0.000001 -0.000004 -0.000001 0.000798
    3 5.309685 -0.003834 0.000000 0.000000 0.000000 -0.026184
    4 4.826790 -0.004591 0.000000 0.000000 0.000000 -0.026183
    5 5.792767 -0.005304 0.000000 0.000000 0.000000 0.017444
    6 6.662322 -0.001452 0.000000 0.000000 -0.000001 0.348900
    7 -2.869899 1.399632 4.140401 -0.000100 -1.292340 -3.491262
    8 4.972048 0.000000 -0.000002 0.117818 1.128335 0.120850
    9 11.585358 0.000000 0.000000 0.000000 0.000000 -0.104160
    10 10.127057 -0.000001 0.000001 -1.568804 0.000000 -0.000044
    11 2.162477 0.109716 -1.664490 -0.000800 0.235904 -0.000197
    12 0.928312 0.000000 0.000000 0.000000 0.000000 0.000000
    13 0.928313 0.000000 -0.000001 0.000000 0.000000 0.000000
    14 3.784085 -0.427338 -0.044205 0.003293 0.025984 0.157079
    15 1.189161 -0.000001 -0.000001 0.000000 0.000000 0.113418
    16 1.302900 -0.000001 0.000001 0.000000 0.000000 0.418795
    17 -2.869899 1.399667 -4.140396 0.000026 1.318451 -3.491242
    18 4.972047 0.000000 0.000000 -0.427018 -1.150896 0.444739
    19 11.585358 0.000000 0.000001 0.000000 0.000000 -0.363376
    20 10.127058 0.000000 0.000001 1.568840 0.000000 -0.000048
    21 2.162477 0.109715 1.664489 0.047150 -0.235003 0.291560
    22 0.928313 0.000000 0.000002 0.000000 0.000000 0.000000
    23 0.928311 0.000000 0.000001 0.000000 0.000000 0.000000
    24 3.784085 -0.427337 0.044204 0.002843 -0.000684 0.287914
    25 1.189159 0.000000 0.000001 0.000000 0.000000 0.069789
    26 1.302900 0.000000 -0.000001 0.000000 0.000000 0.532253
    27 2.046984 0.000001 0.000000 0.000000 0.000000 -0.122943
    28 -0.000005 0.000007 3.713254 -0.000828 -3.100675 -0.021095
    29 18.045723 0.000000 0.000000 0.000000 0.000000 -0.157675
    30 17.597597 0.000000 0.000000 0.002270 -0.040839 0.119010
    31 0.000005 -0.000003 -3.713254 0.001962 3.115288 6.258497
    32 18.045721 0.000000 0.000000 0.000000 0.000000 -0.164549
    33 17.597597 0.000000 0.000000 -0.003962 0.026004 0.086243
  time 1
    0 0.000965 -0.027194 -0.014150 0.000000 -0.026130 -1.570922
    1 -0.257824 0.000000 0.000000 -1.570795 -1.570787 0.000000
    2 1.293670 0.684478 -0.000001 -0.000004 -0.000001 0.027366
    3 5.309685 -0.003834 0.000000 0.000000 0.000000 -0.017034
    4 4.826790 -0.004591 0.000000 0.000000 0.000000 -0.019767
    5 5.792767 -0.005304 0.000000 0.000000 0.000000 0.017444
    6 6.662322 -0.001452 0.000000 -0.000012 -0.026156 0.099346
    7 -2.869899 1.399632 4.140401 -0.571576 -1.365021 -2.682843
    8 4.972048 0.000000 -0.000002 0.885811 1.031293 0.675846
    9 11.585358 0.000000 0.000000 0.000000 0.000000 -1.088367
    10 10.127057 -0.000001 0.000001 -1.574017 0.019390 0.236622
    11 2.162477 0.109716 -1.664490 -0.000800 0.257194 -0.000197
    12 0.928312 0.000000 0.000000 0.000000 0.000000 0.000000
    13 0.928313 0.000000 -0.000001 0.000000 0.000000 0.000000
    14 3.784085 -0.427338 -0.044205 0.002970 0.026019 0.144268
    15 1.189161 -0.000001 -0.000001 0.000000 0.000000 0.154959
    16 1.302900 -0.000001 0.000001 0.000000 0.000000 0.433700
    17 -2.869899 1.399667 -4.140396 -0.529220 1.350079 -3.763162
    18 4.972047 0.000000 0.000000 -0.713573 -1.144066 0.664305
    19 11.585358 0.000000 0.000001 0.000000 0.000000 -0.767201
    20 10.127058 0.000000 0.000001 1.767852 -0.169553 0.443593
    21 2.162477 0.109715 1.664489 0.089178 -0.269339 0.271284
    22 0.928313 0.000000 0.000002 0.000000 0.000000 0.000000
    23 0.928311 0.000000 0.000001 0.000000 0.000000 0.000000
    24 3.784085 -0.427337 0.044204 0.002831 -0.000720 0.296798
    25 1.189159 0.000000 0.000001 0.000000 0.000000 0.120363
    26 1.302900 0.000000 -0.000001 0.000000 0.000000 0.535286
    27 2.046984 0.000001 0.000000 0.004136 0.017466 0.096892
    28 -0.000005 0.000007 3.713254 -6.275962 -3.101250 -0.010263
    29 18.045723 0.000000 0.000000 0.000000 0.000000 -0.175142
    30 17.597597 0.000000 0.000000 -0.004952 -0.040593 0.121623
    31 0.000005 -0.000003 -3.713254 6.274259 3.116151 -0.013376
    32 18.045721 0.000000 0.000000 0.000000 0.000000 -0.181315
    33 17.597597 0.000000 0.000000 0.006506 0.026044 0.088506
  time 2
    0 0.000965 -0.144385 -0.014150 0.000000 -0.026130 -1.570922
    1 -0.800810 0.000000 0.000000 -1.570795 -1.570787 0.000000
    2 1.293670 0.684478 -0.000001 -0.000004 -0.000001 0.082695
    3 5.309685 -0.003834 0.000000 0.000000 0.000000 0.002060
    4 4.826790 -0.004591 0.000000 0.000000 0.000000 -0.006406
    5 5.792767 -0.005304 0.000000 0.000000 0.000000 0.017444
    6 6.662322 -0.001452 0.000000 -0.000012 -0.026156 0.099346
    7 -2.869899 1.399632 4.140401 -0.571576 -1.365021 -2.682843
    8 4.972048 0.000000 -0.000002 1.046759 0.896305 0.841608
    9 11.585358 0.000000 0.000000 0.000000 0.000000 -1.600540
    10 10.127057 -0.000001 0.000001 -1.574017 0.019390 0.236622
    11 2.162477 0.109716 -1.664490 -0.000800 0.293147 -0.000197
    12 0.928312 0.000000 0.000000 0.000000 0.000000 0.000000
    13 0.928313 0.000000 -0.000001 0.000000 0.000000 0.000000
    14 3.784085 -0.427338 -0.044205 0.002383 0.026079 0.121860
    15 1.189161 -0.000001 -0.000001 0.000000 0.000000 0.224667
    16 1.302900 -0.000001 0.000001 0.000000 0.000000 0.458809
    17 -2.869899 1.399667 -4.140396 -0.529220 1.350079 -3.763162
    18 4.972047 0.000000 0.000000 -0.794709 -1.080269 0.784238
    19 11.585358 0.000000 0.000001 0.000000 0.000000 -0.947713
    20 10.127058 0.000000 0.000001 1.767852 -0.169553 0.443593
    21 2.162477 0.109715 1.664489 0.161459 -0.326791 0.234575
    22 0.928313 0.000000 0.000002 0.000000 0.000000 0.000000
    23 0.928311 0.000000 0.000001 0.000000 0.000000 0.000000
    24 3.784085 -0.427337 0.044204 0.002831 -0.000756 0.311717
    25 1.189159 0.000000 0.000001 0.000000 0.000000 0.205209
    26 1.302900 0.000000 -0.000001 0.000000 0.000000 0.540426
    27 2.046984 0.000001 0.000000 0.002671 0.017466 0.056806
    28 -0.000005 0.000007 3.713254 -6.275579 -3.101250 6.249728
    29 18.045723 0.000000 0.000000 0.000000 0.000000 -0.196459
    30 17.597597 0.000000 0.000000 -0.004420 -0.040691 0.119697
    31 0.000005 -0.000003 -3.713254 6.274163 3.116247 6.246897
    32 18.045721 0.000000 0.000000 0.000000 0.000000 -0.202097
    33 17.597597 0.000000 0.000000 0.005970 0.026142 0.086243
  time 3
    0 0.000965 -0.335797 -0.014150 0.000000 -0.026130 -1.570922
    1 -1.355514 0.000000 0.000000 -1.570795 -1.570787 0.000000
    2 1.293670 0.684478 -0.000001 -0.000004 -0.000001 0.139179
    3 5.309685 -0.003834 0.000000 0.000000 0.000000 0.021543
    4 4.826790 -0.004591 0.000000 0.000000 0.000000 0.007242
    5 5.792767 -0.005304 0.000000 0.000000 0.000000 0.017444
    6 6.662322 -0.001452 0.000000 -0.000012 -0.026156 0.099346
    7 -2.869899 1.399632 4.140401 -0.571576 -1.365021 -2.682843
    8 4.972048 0.000000 -0.000002 1.018699 0.931182 0.787971
    9 11.585358 0.000000 0.000000 0.000000 0.000000 -1.892454
    10 10.127057 -0.000001 0.000001 -1.574017 0.019390 0.236622
    11 2.162477 0.109716 -1.664490 -0.000800 0.322829 -0.000197
    12 0.928312 0.000000 0.000000 0.000000 0.000000 0.000000
    13 0.928313 0.000000 -0.000001 0.000000 0.000000 0.000000
    14 3.784085 -0.427338 -0.044205 0.001831 0.026127 0.100711
    15 1.189161 -0.000001 -0.000001 0.000000 0.000000 0.282131
    16 1.302900 -0.000001 0.000001 0.000000 0.000000 0.479431
    17 -2.869899 1.399667 -4.140396 -0.529220 1.350079 -3.763162
    18 4.972047 0.000000 0.000000 -0.852395 -1.017757 0.883205
    19 11.585358 0.000000 0.000001 0.000000 0.000000 -1.126020
    20 10.127058 0.000000 0.000001 1.767852 -0.169553 0.443593
    21 2.162477 0.109715 1.664489 0.224453 -0.375106 0.198514
    22 0.928313 0.000000 0.000002 0.000000 0.000000 0.000000
    23 0.928311 0.000000 0.000001 0.000000 0.000000 0.000000
    24 3.784085 -0.427337 0.044204 0.002819 -0.000792 0.324065
    25 1.189159 0.000000 0.000001 0.000000 0.000000 0.274815
    26 1.302900 0.000000 -0.000001 0.000000 0.000000 0.544589
    27 2.046984 0.000001 0.000000 0.001206 0.017466 0.015868
    28 -0.000005 0.000007 3.713254 -6.275291 -3.101346 6.230939
    29 18.045723 0.000000 0.000000 0.000000 0.000000 -0.212520
    30 17.597597 0.000000 0.000000 -0.003938 -0.040765 0.116947
    31 0.000005 -0.000003 -3.713254 6.274163 3.116247 6.228298
    32 18.045721 0.000000 0.000000 0.000000 0.000000 -0.217605
    33 17.597597 0.000000 0.000000 0.005500 0.026201 0.083286
  time 4
    0 0.000965 -0.577992 -0.014150 0.000000 -0.026130 -1.570922
    1 -1.894593 0.000000 0.000000 -1.570795 -1.570787 0.000000
    2 1.293670 0.684478 -0.000001 -0.000004 -0.000001 0.195144
    3 5.309685 -0.003834 0.000000 0.000000 0.000000 0.040849
    4 4.826790 -0.004591 0.000000 0.000000 0.000000 0.020735
    5 5.792767 -0.005304 0.000000 0.000000 0.000000 0.017444
    6 6.662322 -0.001452 0.000000 -0.000012 -0.026156 0.099346
    7 -2.869899 1.399632 4.140401 -0.571576 -1.365021 -2.682843
    8 4.972048 0.000000 -0.000002 0.544144 1.157413 0.243980
    9 11.585358 0.000000 0.000000 0.000000 0.000000 -1.914045
    10 10.127057 -0.000001 0.000001 -1.574017 0.019390 0.236622
    11 2.162477 0.109716 -1.664490 -0.000800 0.352246 -0.000249
    12 0.928312 0.000000 0.000000 0.000000 0.000000 0.000000
    13 0.928313 0.000000 -0.000001 0.000000 0.000000 0.000000
    14 3.784085 -0.427338 -0.044205 0.001304 0.026163 0.080300
    15 1.189161 -0.000001 -0.000001 0.000000 0.000000 0.339135
    16 1.302900 -0.000001 0.000001 0.000000 0.000000 0.499946
    17 -2.869899 1.399667 -4.140396 -0.529220 1.350079 -3.763162
    18 4.972047 0.000000 0.000000 -0.889539 -0.963521 0.961341
    19 11.585358 0.000000 0.000001 0.000000 0.000000 -1.291259
    20 10.127058 0.000000 0.000001 1.767852 -0.169553 0.443593
    21 2.162477 0.109715 1.664489 0.289458 -0.420265 0.159722
    22 0.928313 0.000000 0.000002 0.000000 0.000000 0.000000
    23 0.928311 0.000000 0.000001 0.000000 0.000000 0.000000
    24 3.784085 -0.427337 0.044204 0.002807 -0.000828 0.336330
    25 1.189159 0.000000 0.000001 0.000000 0.000000 0.343922
    26 1.302900 0.000000 -0.000001 0.000000 0.000000 0.548804
    27 2.046984 0.000001 0.000000 -0.000172 0.017437 -0.024644
    28 -0.000005 0.000007 3.713254 -6.275099 -3.101346 6.215890
    29 18.045723 0.000000 0.000000 0.000000 0.000000 -0.225176
    30 17.597597 0.000000 0.000000 -0.003558 -0.040839 0.114563
    31 0.000005 -0.000003 -3.713254 6.274163 3.116247 6.213439
    32 18.045721 0.000000 0.000000 0.000000 0.000000 -0.229963
    33 17.597597 0.000000 0.000000 0.005131 0.026261 0.080746
  time 5
    0 0.000965 -0.867063 -0.014150 0.000000 -0.026130 -1.570922
    1 -2.418047 0.000000 0.000000 -1.570795 -1.570787 0.000000
    2 1.293670 0.684478 -0.000001 -0.000004 -0.000001 0.250256
    3 5.309685 -0.003834 0.000000 0.000000 0.000000 0.059838
    4 4.826790 -0.004591 0.000000 0.000000 0.000000 0.034031
    5 5.792767 -0.005304 0.000000 0.000000 0.000000 0.017444
    6 6.662322 -0.001452 0.000000 -0.000012 -0.026156 0.099346
    7 -2.869899 1.399632 4.140401 -0.571576 -1.365021 -2.682843
    8 4.972048 0.000000 -0.000002 -0.290572 1.160227 -0.658224
    9 11.585358 0.000000 0.000000 0.000000 0.000000 -1.907380
    10 10.127057 -0.000001 0.000001 -1.574017 0.019390 0.236622
    11 2.162477 0.109716 -1.664490 -0.000800 0.380780 -0.000249
    12 0.928312 0.000000 0.000000 0.000000 0.000000 0.000000
    13 0.928313 0.000000 -0.000001 0.000000 0.000000 0.000000
    14 3.784085 -0.427338 -0.044205 0.000813 0.026175 0.061496
    15 1.189161 -0.000001 -0.000001 0.000000 0.000000 0.394550
    16 1.302900 -0.000001 0.000001 0.000000 0.000000 0.519874
    17 -2.869899 1.399667 -4.140396 -0.529220 1.350079 -3.763162
    18 4.972047 0.000000 0.000000 -0.909987 -0.922222 1.020110
    19 11.585358 0.000000 0.000001 0.000000 0.000000 -1.438446
    20 10.127058 0.000000 0.000001 1.767852 -0.169553 0.443593
    21 2.162477 0.109715 1.664489 0.355994 -0.458341 0.119079
    22 0.928313 0.000000 0.000002 0.000000 0.000000 0.000000
    23 0.928311 0.000000 0.000001 0.000000 0.000000 0.000000
    24 3.784085 -0.427337 0.044204 0.002783 -0.000864 0.348147
    25 1.189159 0.000000 0.000001 0.000000 0.000000 0.411399
    26 1.302900 0.000000 -0.000001 0.000000 0.000000 0.552865
    27 2.046984 0.000001 0.000000 -0.001680 0.017378 -0.064608
    28 -0.000005 0.000007 3.713254 -6.274907 -3.101346 6.203620
    29 18.045723 0.000000 0.000000 0.000000 0.000000 -0.235983
    30 17.597597 0.000000 0.000000 -0.003254 -0.040839 0.113141
    31 0.000005 -0.000003 -3.713254 6.274163 3.116247 6.201263
    32 18.045721 0.000000 0.000000 0.000000 0.000000 -0.240669
    33 17.597597 0.000000 0.000000 0.004862 0.026320 0.079222
  time 6
    0 0.000965 -1.214730 -0.014150 0.000000 -0.026130 -1.570922
    1 -2.921968 0.000000 0.000000 -1.570795 -1.570787 0.000000
    2 1.293670 0.684478 -0.000001 -0.000004 -0.000001 0.304262
    3 5.309685 -0.003834 0.000000 0.000000 0.000000 0.078473
    4 4.826790 -0.004591 0.000000 0.000000 0.000000 0.047061
    5 5.792767 -0.005304 0.000000 0.000000 0.000000 0.017444
    6 6.662322 -0.001452 0.000000 -0.000012 -0.026156 0.099346
    7 -2.869899 1.399632 4.140401 -0.571576 -1.365021 -2.682843
    8 4.972048 0.000000 -0.000002 -0.737545 0.967850 -1.166602
    9 11.585358 0.000000 0.000000 0.000000 0.000000 -1.891295
    10 10.127057 -0.000001 0.000001 -1.574017 0.019390 0.236622
    11 2.162477 0.109716 -1.664490 -0.000800 0.407900 -0.000301
    12 0.928312 0.000000 0.000000 0.000000 0.000000 0.000000
    13 0.928313 0.000000 -0.000001 0.000000 0.000000 0.000000
    14 3.784085 -0.427338 -0.044205 0.000537 0.026175 0.051464
    15 1.189161 -0.000001 -0.000001 0.000000 0.000000 0.447083
    16 1.302900 -0.000001 0.000001 0.000000 0.000000 0.538786
    17 -2.869899 1.399667 -4.140396 -0.529220 1.350079 -3.763162
    18 4.972047 0.000000 0.000000 -0.910737 -0.900849 1.054319
    19 11.585358 0.000000 0.000001 0.000000 0.000000 -1.563498
    20 10.127058 0.000000 0.000001 1.767852 -0.169553 0.443593
    21 2.162477 0.109715 1.664489 0.420520 -0.487006 0.080611
    22 0.928313 0.000000 0.000002 0.000000 0.000000 0.000000
    23 0.928311 0.000000 0.000001 0.000000 0.000000 0.000000
    24 3.784085 -0.427337 0.044204 0.002771 -0.000888 0.359294
    25 1.189159 0.000000 0.000001 0.000000 0.000000 0.475948
    26 1.302900 0.000000 -0.000001 0.000000 0.000000 0.556771
    27 2.046984 0.000001 0.000000 -0.003102 0.017289 -0.103660
    28 -0.000005 0.000007 3.713254 -6.274716 -3.101346 6.193458
    29 18.045723 0.000000 0.000000 0.000000 0.000000 -0.246271
    30 17.597597 0.000000 0.000000 -0.003026 -0.040888 0.113233
    31 0.000005 -0.000003 -3.713254 6.274067 3.116343 6.191197
    32 18.045721 0.000000 0.000000 0.000000 0.000000 -0.250666
    33 17.597597 0.000000 0.000000 0.004628 0.026339 0.079176
  time 7
    0 0.000965 -1.574116 -0.014150 0.000000 -0.026130 -1.570922
    1 -3.398545 0.000000 0.000000 -1.570795 -1.570787 0.000000
    2 1.293670 0.684478 -0.000001 -0.000004 -0.000001 0.356796
    3 5.309685 -0.003834 0.000000 0.000000 0.000000 0.096578
    4 4.826790 -0.004591 0.000000 0.000000 0.000000 0.059739
    5 5.792767 -0.005304 0.000000 0.000000 0.000000 0.017444
    6 6.662322 -0.001452 0.000000 -0.000012 -0.026156 0.099346
    7 -2.869899 1.399632 4.140401 -0.571576 -1.365021 -2.682843
    8 4.972048 0.000000 -0.000002 -0.904393 0.757565 -1.391893
    9 11.585358 0.000000 0.000000 0.000000 0.000000 -1.774573
    10 10.127057 -0.000001 0.000001 -1.574017 0.019390 0.236622
    11 2.162477 0.109716 -1.664490 -0.000800 0.432723 -0.000301
    12 0.928312 0.000000 0.000000 0.000000 0.000000 0.000000
    13 0.928313 0.000000 -0.000001 0.000000 0.000000 0.000000
    14 3.784085 -0.427338 -0.044205 0.000549 0.026175 0.051811
    15 1.189161 -0.000001 -0.000001 0.000000 0.000000 0.494934
    16 1.302900 -0.000001 0.000001 0.000000 0.000000 0.556095
    17 -2.869899 1.399667 -4.140396 -0.529220 1.350079 -3.763162
    18 4.972047 0.000000 0.000000 -0.849018 -0.918767 1.021507
    19 11.585358 0.000000 0.000001 0.000000 0.000000 -1.701373
    20 10.127058 0.000000 0.000001 1.767852 -0.169553 0.443593
    21 2.162477 0.109715 1.664489 0.480642 -0.501292 0.043485
    22 0.928313 0.000000 0.000002 0.000000 0.000000 0.000000
    23 0.928311 0.000000 0.000001 0.000000 0.000000 0.000000
    24 3.784085 -0.427337 0.044204 0.002771 -0.000924 0.369436
    25 1.189159 0.000000 0.000001 0.000000 0.000000 0.535805
    26 1.302900 0.000000 -0.000001 0.000000 0.000000 0.560318
    27 2.046984 0.000001 0.000000 -0.004481 0.017201 -0.141678
    28 -0.000005 0.000007 3.713254 -6.274428 -3.101346 6.184735
    29 18.045723 0.000000 0.000000 0.000000 0.000000 -0.256633
    30 17.597597 0.000000 0.000000 -0.002899 -0.040913 0.114929
    31 0.000005 -0.000003 -3.713254 6.273971 3.116343 6.182569
    32 18.045721 0.000000 0.000000 0.000000 0.000000 -0.260978
    33 17.597597 0.000000 0.000000 0.004493 0.026359 0.080839
  time 8
    0 0.000965 -1.953034 -0.061026 0.000000 -0.026130 -1.570922
    1 -3.843871 0.000000 0.000000 -1.570795 -1.570787 0.000000
    2 1.293670 0.684478 -0.000001 -0.000004 -0.000001 0.407387
    3 5.309685 -0.003834 0.000000 0.000000 0.000000 0.114012
    4 4.826790 -0.004591 0.000000 0.000000 0.000000 0.071932
    5 5.792767 -0.005304 0.000000 0.000000 0.000000 0.017444
    6 6.662322 -0.001452 0.000000 -0.000012 -0.026156 0.099346
    7 -2.869899 1.399632 4.140401 -0.571576 -1.365021 -2.682843
    8 4.972048 0.000000 -0.000002 -0.978131 0.550947 -1.537899
    9 11.585358 0.000000 0.000000 0.000000 0.000000 -1.559604
    10 10.127057 -0.000001 0.000001 -1.574017 0.019390 0.236622
    11 2.162477 0.109716 -1.664490 -0.000800 0.454984 -0.000352
    12 0.928312 0.000000 0.000000 0.000000 0.000000 0.000000
    13 0.928313 0.000000 -0.000001 0.000000 0.000000 0.000000
    14 3.784085 -0.427338 -0.044205 0.000621 0.026175 0.054243
    15 1.189161 -0.000001 -0.000001 0.000000 0.000000 0.538439
    16 1.302900 -0.000001 0.000001 0.000000 0.000000 0.571589
    17 -2.869899 1.399667 -4.140396 -0.529220 1.350079 -3.763162
    18 4.972047 0.000000 0.000000 -0.733927 -0.948416 0.941907
    19 11.585358 0.000000 0.000001 0.000000 0.000000 -1.902061
    20 10.127058 0.000000 0.000001 1.417443 0.010497 0.271669
    21 2.162477 0.109715 1.664489 0.532436 -0.505001 0.023395
    22 0.928313 0.000000 0.000002 0.000000 0.000000 0.000000
    23 0.928311 0.000000 0.000001 0.000000 0.000000 0.000000
    24 3.784085 -0.427337 0.044204 0.002759 -0.000948 0.378320
    25 1.189159 0.000000 0.000001 0.000000 0.000000 0.591204
    26 1.302900 0.000000 -0.000001 0.000000 0.000000 0.563659
    27 2.046984 0.000001 0.000000 -0.005773 0.017082 -0.178236
    28 -0.000005 0.000007 3.713254 -6.274236 -3.101346 6.177258
    29 18.045723 0.000000 0.000000 0.000000 0.000000 -0.267735
    30 17.597597 0.000000 0.000000 -0.002798 -0.040962 0.118460
    31 0.000005 -0.000003 -3.713254 6.273876 3.116343 6.175187
    32 18.045721 0.000000 0.000000 0.000000 0.000000 -0.271841
    33 17.597597 0.000000 0.000000 0.004393 0.026399 0.084256
  time 9
    0 0.000965 -2.331951 -0.061026 0.000000 -0.026130 -1.570922
    1 -4.250134 0.000000 0.000000 -1.570795 -1.570787 0.000000
    2 1.293670 0.684478 -0.000001 -0.000004 -0.000001 0.455182
    3 5.309685 -0.003834 0.000000 0.000000 0.000000 0.130510
    4 4.826790 -0.004591 0.000000 0.000000 0.000000 0.083507
    5 5.792767 -0.005304 0.000000 0.000000 0.000000 0.017444
    6 6.662322 -0.001452 0.000000 -0.000012 -0.026156 0.099346
    7 -2.869899 1.399632 4.140401 -0.571576 -1.365021 -2.682843
    8 4.972048 0.000000 -0.000002 -1.006510 0.351833 -1.646385
    9 11.585358 0.000000 0.000000 0.000000 0.000000 -1.350358
    10 10.127057 -0.000001 0.000001 -1.574017 0.019390 0.236622
    11 2.162477 0.109716 -1.664490 -0.000800 0.473800 -0.000352
    12 0.928312 0.000000 0.000000 0.000000 0.000000 0.000000
    13 0.928313 0.000000 -0.000001 0.000000 0.000000 0.000000
    14 3.784085 -0.427338 -0.044205 0.001244 0.026163 0.078302
    15 1.189161 -0.000001 -0.000001 0.000000 0.000000 0.577598
    16 1.302900 -0.000001 0.000001 0.000000 0.000000 0.584784
    17 -2.869899 1.399667 -4.140396 -0.529220 1.350079 -3.763162
    18 4.972047 0.000000 0.000000 -0.615084 -0.973163 0.859046
    19 11.585358 0.000000 0.000001 0.000000 0.000000 -2.097520
    20 10.127058 0.000000 0.000001 1.027694 0.119529 0.040069
    21 2.162477 0.109715 1.664489 0.570060 -0.479985 0.025293
    22 0.928313 0.000000 0.000002 0.000000 0.000000 0.000000
    23 0.928311 0.000000 0.000001 0.000000 0.000000 0.000000
    24 3.784085 -0.427337 0.044204 0.002759 -0.000972 0.385500
    25 1.189159 0.000000 0.000001 0.000000 0.000000 0.642012
    26 1.302900 0.000000 -0.000001 0.000000 0.000000 0.566743
    27 2.046984 0.000001 0.000000 -0.007023 0.016994 -0.212909
    28 -0.000005 0.000007 3.713254 -6.274045 -3.101442 6.170644
    29 18.045723 0.000000 0.000000 0.000000 0.000000 -0.279651
    30 17.597597 0.000000 0.000000 -0.002773 -0.040987 0.123732
    31 0.000005 -0.000003 -3.713254 6.273780 3.116343 6.168572
    32 18.045721 0.000000 0.000000 0.000000 0.000000 -0.283570
    33 17.597597 0.000000 0.000000 0.004359 0.026418 0.089476
  time 10
    0 0.000965 -2.710869 -0.107903 0.000000 -0.026130 -1.570922
    1 -4.605613 0.000000 0.000000 -1.570795 -1.570787 0.000000
    2 1.293670 0.684478 -0.000001 -0.000004 -0.000001 0.498876
    3 5.309685 -0.003834 0.000000 0.000000 0.000000 0.145577
    4 4.826790 -0.004591 0.000000 0.000000 0.000000 0.094046
    5 5.792767 -0.005304 0.000000 0.000000 0.000000 0.017444
    6 6.662322 -0.001452 0.000000 -0.000012 -0.026156 0.099346
    7 -2.869899 1.399632 4.140401 -0.571576 -1.365021 -2.682843
    8 4.972048 0.000000 -0.000002 -1.008264 0.169432 -1.734422
    9 11.585358 0.000000 0.000000 0.000000 0.000000 -1.161617
    10 10.127057 -0.000001 0.000001 -1.574017 0.019390 0.236622
    11 2.162477 0.109716 -1.664490 -0.000800 0.489701 -0.000352
    12 0.928312 0.000000 0.000000 0.000000 0.000000 0.000000
    13 0.928313 0.000000 -0.000001 0.000000 0.000000 0.000000
    14 3.784085 -0.427338 -0.044205 0.002407 0.026079 0.123119
    15 1.189161 -0.000001 -0.000001 0.000000 0.000000 0.611533
    16 1.302900 -0.000001 0.000001 0.000000 0.000000 0.595843
    17 -2.869899 1.399667 -4.140396 -0.529220 1.350079 -3.763162
    18 4.972047 0.000000 0.000000 -0.502714 -0.991885 0.781043
    19 11.585358 0.000000 0.000001 0.000000 0.000000 -2.276154
    20 10.127058 0.000000 0.000001 0.656528 0.133146 -0.194582
    21 2.162477 0.109715 1.664489 0.597345 -0.429523 0.036634
    22 0.928313 0.000000 0.000002 0.000000 0.000000 0.000000
    23 0.928311 0.000000 0.000001 0.000000 0.000000 0.000000
    24 3.784085 -0.427337 0.044204 0.002747 -0.000984 0.391227
    25 1.189159 0.000000 0.000001 0.000000 0.000000 0.687429
    26 1.302900 0.000000 -0.000001 0.000000 0.000000 0.569467
    27 2.046984 0.000001 0.000000 -0.008186 0.016846 -0.244479
    28 -0.000005 0.000007 3.713254 -6.273757 -3.101442 6.164892
    29 18.045723 0.000000 0.000000 0.000000 0.000000 -0.292382
    30 17.597597 0.000000 0.000000 -0.002798 -0.041036 0.130838
    31 0.000005 -0.000003 -3.713254 6.273588 3.116438 6.162915
    32 18.045721 0.000000 0.000000 0.000000 0.000000 -0.296165
    33 17.597597 0.000000 0.000000 0.004393 0.026458 0.096450
  time 11
    0 0.000965 -3.070255 -0.107903 0.000000 -0.026130 -1.570922
    1 -4.894685 0.000000 0.000000 -1.570795 -1.570787 0.000000
    2 1.293670 0.684478 -0.000001 -0.000004 -0.000001 0.535355
    3 5.309685 -0.003834 0.000000 0.000000 0.000000 0.158136
    4 4.826790 -0.004591 0.000000 0.000000 0.000000 0.102843
    5 5.792767 -0.005304 0.000000 0.000000 0.000000 0.017444
    6 6.662322 -0.001452 0.000000 -0.000012 -0.026156 0.099346
    7 -2.869899 1.399632 4.140401 -0.571576 -1.365021 -2.682843
    8 4.972048 0.000000 -0.000002 -0.994792 0.017560 -1.806428
    9 11.585358 0.000000 0.000000 0.000000 0.000000 -1.003307
    10 10.127057 -0.000001 0.000001 -1.574017 0.019390 0.236622
    11 2.162477 0.109716 -1.664490 -0.000800 0.502510 -0.000404
    12 0.928312 0.000000 0.000000 0.000000 0.000000 0.000000
    13 0.928313 0.000000 -0.000001 0.000000 0.000000 0.000000
    14 3.784085 -0.427338 -0.044205 0.003845 0.025888 0.178489
    15 1.189161 -0.000001 -0.000001 0.000000 0.000000 0.640202
    16 1.302900 -0.000001 0.000001 0.000000 0.000000 0.604765
    17 -2.869899 1.399667 -4.140396 -0.529220 1.350079 -3.763162
    18 4.972047 0.000000 0.000000 -0.405538 -1.004901 0.713622
    19 11.585358 0.000000 0.000001 0.000000 0.000000 -2.425547
    20 10.127058 0.000000 0.000001 0.350647 0.078772 -0.383813
    21 2.162477 0.109715 1.664489 0.615247 -0.365266 0.066261
    22 0.928313 0.000000 0.000002 0.000000 0.000000 0.000000
    23 0.928311 0.000000 0.000001 0.000000 0.000000 0.000000
    24 3.784085 -0.427337 0.044204 0.002747 -0.000996 0.395445
    25 1.189159 0.000000 0.000001 0.000000 0.000000 0.727422
    26 1.302900 0.000000 -0.000001 0.000000 0.000000 0.571883
    27 2.046984 0.000001 0.000000 -0.009047 0.016728 -0.270939
    28 -0.000005 0.000007 3.713254 -6.273469 -3.101442 6.160675
    29 18.045723 0.000000 0.000000 0.000000 0.000000 -0.305408
    30 17.597597 0.000000 0.000000 -0.002899 -0.041060 0.139595
    31 0.000005 -0.000003 -3.713254 6.273396 3.116438 6.158793
    32 18.045721 0.000000 0.000000 0.000000 0.000000 -0.308996
    33 17.597597 0.000000 0.000000 0.004493 0.026458 0.105180
  time 12
    0 0.000965 -3.398390 -0.154779 0.000000 -0.026130 -1.570922
    1 -5.039220 0.000000 0.000000 -1.570795 -1.570787 0.000000
    2 1.293670 0.684478 -0.000001 -0.000004 -0.000001 0.554239
    3 5.309685 -0.003834 0.000000 0.000000 0.000000 0.164671
    4 4.826790 -0.004591 0.000000 0.000000 0.000000 0.107407
    5 5.792767 -0.005304 0.000000 0.000000 0.000000 0.017444
    6 6.662322 -0.001452 0.000000 -0.000012 -0.026156 0.099346
    7 -2.869899 1.399632 4.140401 -0.571576 -1.365021 -2.682843
    8 4.972048 0.000000 -0.000002 -0.982515 -0.067458 -1.848627
    9 11.585358 0.000000 0.000000 0.000000 0.000000 -0.889337
    10 10.127057 -0.000001 0.000001 -1.574017 0.019390 0.236622
    11 2.162477 0.109716 -1.664490 -0.000894 0.512404 -0.000404
    12 0.928312 0.000000 0.000000 0.000000 0.000000 0.000000
    13 0.928313 0.000000 -0.000001 0.000000 0.000000 0.000000
    14 3.784085 -0.427338 -0.044205 0.005367 0.025636 0.237029
    15 1.189161 -0.000001 -0.000001 0.000000 0.000000 0.661098
    16 1.302900 -0.000001 0.000001 0.000000 0.000000 0.611657
    17 -2.869899 1.399667 -4.140396 -0.529220 1.350079 -3.763162
    18 4.972047 0.000000 0.000000 0.156502 -1.061628 0.060581
    19 11.585358 0.000000 0.000001 0.000000 0.000000 -2.138034
    20 10.127058 0.000000 0.000001 0.285502 0.058724 -0.423680
    21 2.162477 0.109715 1.664489 0.626831 -0.301008 0.099313
    22 0.928313 0.000000 0.000002 0.000000 0.000000 0.000000
    23 0.928311 0.000000 0.000001 0.000000 0.000000 0.000000
    24 3.784085 -0.427337 0.044204 0.002735 -0.000996 0.398435
    25 1.189159 0.000000 0.000001 0.000000 0.000000 0.759730
    26 1.302900 0.000000 -0.000001 0.000000 0.000000 0.573836
    27 2.046984 0.000001 0.000000 -0.009607 0.016669 -0.284626
    28 -0.000005 0.000007 3.713254 -6.273182 -3.101442 6.160483
    29 18.045723 0.000000 0.000000 0.000000 0.000000 -0.317473
    30 17.597597 0.000000 0.000000 -0.003127 -0.041110 0.151424
    31 0.000005 -0.000003 -3.713254 6.273109 3.116534 6.158697
    32 18.045721 0.000000 0.000000 0.000000 0.000000 -0.320961
    33 17.597597 0.000000 0.000000 0.004728 0.026478 0.116958
  time 13
    0 0.000965 -3.706993 -0.154779 0.000000 -0.026130 -1.570922
    1 -4.668115 0.000000 0.000000 -1.570795 -1.570787 0.000000
    2 1.293670 0.684478 -0.000001 -0.000004 -0.000001 0.506661
    3 5.309685 -0.003834 0.000000 0.000000 0.000000 0.148262
    4 4.826790 -0.004591 0.000000 0.000000 0.000000 0.095920
    5 5.792767 -0.005304 0.000000 0.000000 0.000000 0.017444
    6 6.662322 -0.001452 0.000000 -0.000012 -0.026156 0.099346
    7 -2.869899 1.399632 4.140401 -0.571576 -1.365021 -2.682843
    8 4.972048 0.000000 -0.000002 -1.012409 0.073499 -1.785546
    9 11.585358 0.000000 0.000000 0.000000 0.000000 -0.836084
    10 10.127057 -0.000001 0.000001 -1.574017 0.019390 0.236622
    11 2.162477 0.109716 -1.664490 -0.000894 0.520090 -0.000404
    12 0.928312 0.000000 0.000000 0.000000 0.000000 0.000000
    13 0.928313 0.000000 -0.000001 0.000000 0.000000 0.000000
    14 3.784085 -0.427338 -0.044205 0.006661 0.025324 0.288230
    15 1.189161 -0.000001 -0.000001 0.000000 0.000000 0.670292
    16 1.302900 -0.000001 0.000001 0.000000 0.000000 0.616999
    17 -2.869899 1.399667 -4.140396 -0.529220 1.350079 -3.763162
    18 4.972047 0.000000 0.000000 0.500180 -0.990920 -0.391396
    19 11.585358 0.000000 0.000001 0.000000 0.000000 -1.827732
    20 10.127058 0.000000 0.000001 0.255138 0.049457 -0.440088
    21 2.162477 0.109715 1.664489 0.634969 -0.256095 0.124726
    22 0.928313 0.000000 0.000002 0.000000 0.000000 0.000000
    23 0.928311 0.000000 0.000001 0.000000 0.000000 0.000000
    24 3.784085 -0.427337 0.044204 0.002735 -0.001008 0.400139
    25 1.189159 0.000000 0.000001 0.000000 0.000000 0.780792
    26 1.302900 0.000000 -0.000001 0.000000 0.000000 0.575018
    27 2.046984 0.000001 0.000000 -0.008401 0.016846 -0.250136
    28 -0.000005 0.000007 3.713254 -6.273086 -3.101538 6.178025
    29 18.045723 0.000000 0.000000 0.000000 0.000000 -0.322950
    30 17.597597 0.000000 0.000000 -0.004040 -0.041036 0.174439
    31 0.000005 -0.000003 -3.713254 6.272725 3.116534 6.176337
    32 18.045721 0.000000 0.000000 0.000000 0.000000 -0.326393
    33 17.597597 0.000000 0.000000 0.005567 0.026359 0.139867
  time 14
    0 0.000965 -3.878874 -0.201656 0.000000 -0.026130 -1.570922
    1 -4.543111 0.261727 0.000000 -1.570795 -1.570787 0.000000
    2 1.293670 0.684478 -0.000001 -0.053317 0.028666 0.492917
    3 5.309685 -0.003834 0.000000 0.000000 0.000000 0.139677
    4 4.826790 -0.004591 0.000000 0.000000 0.000000 0.092789
    5 5.792767 -0.005304 0.000000 0.000000 0.000000 0.017444
    6 6.662322 -0.001452 0.000000 -0.000012 -0.026156 0.099346
    7 -2.869899 1.399632 4.140401 -0.571576 -1.365021 -2.682843
    8 4.972048 0.000000 -0.000002 -1.063268 0.126881 -1.698289
    9 11.585358 0.000000 0.000000 0.000000 0.000000 -1.046199
    10 10.127057 -0.000001 0.000001 -1.574017 0.019390 0.236622
    11 2.162477 0.109716 -1.664490 -0.000894 0.523712 -0.000404
    12 0.928312 0.000000 0.000000 0.000000 0.000000 0.000000
    13 0.928313 0.000000 -0.000001 0.000000 0.000000 0.000000
    14 3.784085 -0.427338 -0.044205 0.007764 0.025013 0.331657
    15 1.189161 -0.000001 -0.000001 0.000000 0.000000 0.671922
    16 1.302900 -0.000001 0.000001 0.000000 0.000000 0.619564
    17 -2.869899 1.399667 -4.140396 -0.529220 1.350079 -3.763162
    18 4.972047 0.000000 0.000000 0.465287 -0.964646 -0.441379
    19 11.585358 0.000000 0.000001 0.000000 0.000000 -1.794243
    20 10.127058 0.000000 0.000001 0.232418 0.052767 -0.431134
    21 2.162477 0.109715 1.664489 0.640330 -0.225407 0.139586
    22 0.928313 0.000000 0.000002 0.000000 0.000000 0.000000
    23 0.928311 0.000000 0.000001 0.000000 0.000000 0.000000
    24 3.784085 -0.427337 0.044204 0.002735 -0.001008 0.401396
    25 1.189159 0.000000 0.000001 0.000000 0.000000 0.794068
    26 1.302900 0.000000 -0.000001 0.000000 0.000000 0.575892
    27 2.046984 0.000001 0.000000 -0.161690 -0.011418 -0.248676
    28 -0.000005 0.000007 3.713254 -6.273661 -3.109591 6.185215
    29 18.045723 0.000000 0.000000 0.000000 0.000000 -0.326651
    30 17.597597 0.000000 0.000000 -0.004825 -0.032988 0.185350
    31 0.000005 -0.000003 -3.713254 6.271000 3.108769 6.186595
    32 18.045721 0.000000 0.000000 0.000000 0.000000 -0.323559
    33 17.597597 0.000000 0.000000 0.006171 0.034387 0.147534
  time 15
    0 0.000965 -3.949188 -0.201656 0.000000 -0.026130 -1.570922
    1 -4.437639 0.515641 0.000000 -1.570795 -1.570787 0.000000
    2 1.293670 0.684478 -0.000001 -0.107035 0.056327 0.482554
    3 5.309685 -0.003834 0.000000 0.000000 0.000000 0.132700
    4 4.826790 -0.004591 0.000000 0.000000 0.000000 0.090827
    5 5.792767 -0.005304 0.000000 0.000000 0.000000 0.017444
    6 6.662322 -0.001452 0.000000 -0.000012 -0.026156 0.099346
    7 -2.869899 1.399632 4.140401 -0.571576 -1.365021 -2.682843
    8 4.972048 0.000000 -0.000002 -1.108548 0.171479 -1.620823
    9 11.585358 0.000000 0.000000 0.000000 0.000000 -1.259791
    10 10.127057 -0.000001 0.000001 -1.574017 0.019390 0.236622
    11 2.162477 0.109716 -1.664490 -0.000894 0.523977 -0.000404
    12 0.928312 0.000000 0.000000 0.000000 0.000000 0.000000
    13 0.928313 0.000000 -0.000001 0.000000 0.000000 0.000000
    14 3.784085 -0.427338 -0.044205 0.008495 0.024773 0.361275
    15 1.189161 -0.000001 -0.000001 0.000000 0.000000 0.658716
    16 1.302900 -0.000001 0.000001 0.000000 0.000000 0.619724
    17 -2.869899 1.399667 -4.140396 -0.529220 1.350079 -3.763162
    18 4.972047 0.000000 0.000000 0.450279 -0.936845 -0.507602
    19 11.585358 0.000000 0.000001 0.000000 0.000000 -1.759856
    20 10.127058 0.000000 0.000001 0.214186 0.052389 -0.419028
    21 2.162477 0.109715 1.664489 0.644351 -0.214186 0.142271
    22 0.928313 0.000000 0.000002 0.000000 0.000000 0.000000
    23 0.928311 0.000000 0.000001 0.000000 0.000000 0.000000
    24 3.784085 -0.427337 0.044204 0.002771 -0.001068 0.402793
    25 1.189159 0.000000 0.000001 0.000000 0.000000 0.800656
    26 1.302900 0.000000 -0.000001 0.000000 0.000000 0.576612
    27 2.046984 0.000001 0.000000 -0.318297 -0.042160 -0.251231
    28 -0.000005 0.000007 3.713254 -6.274332 -3.117261 6.191829
    29 18.045723 0.000000 0.000000 0.000000 0.000000 -0.324800
    30 17.597597 0.000000 0.000000 -0.005408 -0.025212 0.190073
    31 0.000005 -0.000003 -3.713254 6.269563 3.101196 6.196374
    32 18.045721 0.000000 0.000000 0.000000 0.000000 -0.315215
    33 17.597597 0.000000 0.000000 0.006674 0.042039 0.149058
  time 16
    0 0.000965 -4.035128 -0.201656 0.000000 -0.026130 -1.570922
    1 -4.347793 0.718772 0.000000 -1.570795 -1.570787 0.000000
    2 1.293670 0.684478 -0.000001 -0.151219 0.078043 0.472928
    3 5.309685 -0.003834 0.000000 0.000000 0.000000 0.127878
    4 4.826790 -0.004591 0.000000 0.000000 0.000000 0.089217
    5 5.792767 -0.005304 0.000000 0.000000 0.000000 0.017444
    6 6.662322 -0.001452 0.000000 -0.000012 -0.026156 0.099346
    7 -2.869899 1.399632 4.140401 -0.571576 -1.365021 -2.682843
    8 4.972048 0.000000 -0.000002 -1.138920 0.213348 -1.569006
    9 11.585358 0.000000 0.000000 0.000000 0.000000 -1.425420
    10 10.127057 -0.000001 0.000001 -1.574017 0.019390 0.236622
    11 2.162477 0.109716 -1.664490 -0.000894 0.524065 -0.000404
    12 0.928312 0.000000 0.000000 0.000000 0.000000 0.000000
    13 0.928313 0.000000 -0.000001 0.000000 0.000000 0.000000
    14 3.784085 -0.427338 -0.044205 0.009046 0.024581 0.383640
    15 1.189161 -0.000001 -0.000001 0.000000 0.000000 0.631217
    16 1.302900 -0.000001 0.000001 0.000000 0.000000 0.619777
    17 -2.869899 1.399667 -4.140396 -0.529220 1.350079 -3.763162
    18 4.972047 0.000000 0.000000 0.437148 -0.915151 -0.560114
    19 11.585358 0.000000 0.000001 0.000000 0.000000 -1.730206
    20 10.127058 0.000000 0.000001 0.201914 0.052578 -0.411225
    21 2.162477 0.109715 1.664489 0.647798 -0.210354 0.142641
    22 0.928313 0.000000 0.000002 0.000000 0.000000 0.000000
    23 0.928311 0.000000 0.000001 0.000000 0.000000 0.000000
    24 3.784085 -0.427337 0.044204 0.002831 -0.001211 0.404693
    25 1.189159 0.000000 0.000001 0.000000 0.000000 0.803983
    26 1.302900 0.000000 -0.000001 0.000000 0.000000 0.577537
    27 2.046984 0.000001 0.000000 -0.375425 -0.070425 -0.243262
    28 -0.000005 0.000007 3.713254 -6.274907 -3.123301 6.198827
    29 18.045723 0.000000 0.000000 0.000000 0.000000 -0.321174
    30 17.597597 0.000000 0.000000 -0.005839 -0.019133 0.193328
    31 0.000005 -0.000003 -3.713254 6.268604 3.095252 6.205865
    32 18.045721 0.000000 0.000000 0.000000 0.000000 -0.306241
    33 17.597597 0.000000 0.000000 0.007110 0.048016 0.149705
  time 17
    0 0.000965 -4.105443 -0.154779 0.000000 -0.026130 -1.570922
    1 -4.277478 0.800806 0.000000 -1.570795 -1.570787 0.000000
    2 1.293670 0.684478 -0.000001 -0.171668 0.086108 0.460439
    3 5.309685 -0.003834 0.000000 0.000000 0.000000 0.134873
    4 4.826790 -0.004591 0.000000 0.000000 0.000000 0.086550
    5 5.792767 -0.005304 0.000000 0.000000 0.000000 0.017444
    6 6.662322 -0.001452 0.000000 -0.000012 -0.026156 0.099346
    7 -2.869899 1.399632 4.140401 -0.571576 -1.365021 -2.682843
    8 4.972048 0.000000 -0.000002 -1.142666 0.255559 -1.558608
    9 11.585358 0.000000 0.000000 0.000000 0.000000 -1.541345
    10 10.127057 -0.000001 0.000001 -1.574017 0.019390 0.236622
    11 2.162477 0.109716 -1.664490 -0.000894 0.521415 -0.000404
    12 0.928312 0.000000 0.000000 0.000000 0.000000 0.000000
    13 0.928313 0.000000 -0.000001 0.000000 0.000000 0.000000
    14 3.784085 -0.427338 -0.044205 0.009525 0.024402 0.403313
    15 1.189161 -0.000001 -0.000001 0.000000 0.000000 0.596613
    16 1.302900 -0.000001 0.000001 0.000000 0.000000 0.617908
    17 -2.869899 1.399667 -4.140396 -0.529220 1.350079 -3.763162
    18 4.972047 0.000000 0.000000 0.427674 -0.908080 -0.579615
    19 11.585358 0.000000 0.000001 0.000000 0.000000 -1.715830
    20 10.127058 0.000000 0.000001 0.196444 0.052389 -0.411125
    21 2.162477 0.109715 1.664489 0.652201 -0.202414 0.141715
    22 0.928313 0.000000 0.000002 0.000000 0.000000 0.000000
    23 0.928311 0.000000 0.000001 0.000000 0.000000 0.000000
    24 3.784085 -0.427337 0.044204 0.002915 -0.001451 0.407766
    25 1.189159 0.000000 0.000001 0.000000 0.000000 0.808308
    26 1.302900 0.000000 -0.000001 0.000000 0.000000 0.578976
    27 2.046984 0.000001 0.000000 -0.368316 -0.085501 -0.231157
    28 -0.000005 0.000007 3.713254 -6.275099 3.157346 6.205537
    29 18.045723 0.000000 0.000000 0.000000 0.000000 -0.316289
    30 17.597597 0.000000 0.000000 -0.006092 -0.016648 0.195208
    31 0.000005 -0.000003 -3.713254 6.268317 3.092759 6.213918
    32 18.045721 0.000000 0.000000 0.000000 0.000000 -0.298920
    33 17.597597 0.000000 0.000000 0.007446 0.050402 0.150398
  time 18
    0 0.000965 -4.191383 -0.154779 0.000000 -0.026130 -1.570922
    1 -4.250134 0.792993 0.000000 -1.570795 -1.570787 0.000000
    2 1.293670 0.684478 -0.000001 -0.172123 0.083939 0.449423
    3 5.309685 -0.003834 0.000000 0.000000 0.000000 0.150258
    4 4.826790 -0.004591 0.000000 0.000000 0.000000 0.083860
    5 5.792767 -0.005304 0.000000 0.000000 0.000000 0.017444
    6 6.662322 -0.001452 0.000000 -0.000012 -0.026156 0.099346
    7 -2.869899 1.399632 4.140401 -0.571576 -1.365021 -2.682843
    8 4.972048 0.000000 -0.000002 -1.112215 0.309366 -1.602887
    9 11.585358 0.000000 0.000000 0.000000 0.000000 -1.590396
    10 10.127057 -0.000001 0.000001 -1.574017 0.019390 0.236622
    11 2.162477 0.109716 -1.664490 -0.000894 0.516380 -0.000404
    12 0.928312 0.000000 0.000000 0.000000 0.000000 0.000000
    13 0.928313 0.000000 -0.000001 0.000000 0.000000 0.000000
    14 3.784085 -0.427338 -0.044205 0.009957 0.024222 0.420727
    15 1.189161 -0.000001 -0.000001 0.000000 0.000000 0.557914
    16 1.302900 -0.000001 0.000001 0.000000 0.000000 0.614382
    17 -2.869899 1.399667 -4.140396 -0.529220 1.350079 -3.763162
    18 4.972047 0.000000 0.000000 0.422515 -0.911535 -0.572094
    19 11.585358 0.000000 0.000001 0.000000 0.000000 -1.719261
    20 10.127058 0.000000 0.000001 0.195042 0.051916 -0.414577
    21 2.162477 0.109715 1.664489 0.656988 -0.194290 0.139401
    22 0.928313 0.000000 0.000002 0.000000 0.000000 0.000000
    23 0.928311 0.000000 0.000001 0.000000 0.000000 0.000000
    24 3.784085 -0.427337 0.044204 0.003022 -0.001775 0.411593
    25 1.189159 0.000000 0.000001 0.000000 0.000000 0.812268
    26 1.302900 0.000000 -0.000001 0.000000 0.000000 0.580827
    27 2.046984 0.000001 0.000000 -0.342768 -0.089543 -0.221303
    28 -0.000005 0.000007 3.713254 -6.275003 3.157634 6.211192
    29 18.045723 0.000000 0.000000 0.000000 0.000000 -0.311034
    30 17.597597 0.000000 0.000000 -0.006193 -0.016820 0.195620
    31 0.000005 -0.000003 -3.713254 6.268508 3.093047 6.219478
    32 18.045721 0.000000 0.000000 0.000000 0.000000 -0.293646
    33 17.597597 0.000000 0.000000 0.007580 0.050165 0.150814
  time 19
    0 0.000965 -4.257791 -0.154779 0.000000 -0.026130 -1.570922
    1 -4.230602 0.781274 0.000000 -1.570795 -1.570787 0.000000
    2 1.293670 0.684478 -0.000001 -0.170927 0.081147 0.438994
    3 5.309685 -0.003834 0.000000 0.000000 0.000000 0.165766
    4 4.826790 -0.004591 0.000000 0.000000 0.000000 0.081258
    5 5.792767 -0.005304 0.000000 0.000000 0.000000 0.017444
    6 6.662322 -0.001452 0.000000 -0.000012 -0.026156 0.099346
    7 -2.869899 1.399632 4.140401 -0.571576 -1.365021 -2.682843
    8 4.972048 0.000000 -0.000002 -1.069725 0.374942 -1.673853
    9 11.585358 0.000000 0.000000 0.000000 0.000000 -1.592352
    10 10.127057 -0.000001 0.000001 -1.574017 0.019390 0.236622
    11 2.162477 0.109716 -1.664490 -0.000894 0.510991 -0.000404
    12 0.928312 0.000000 0.000000 0.000000 0.000000 0.000000
    13 0.928313 0.000000 -0.000001 0.000000 0.000000 0.000000
    14 3.784085 -0.427338 -0.044205 0.010364 0.024054 0.437490
    15 1.189161 -0.000001 -0.000001 0.000000 0.000000 0.519215
    16 1.302900 -0.000001 0.000001 0.000000 0.000000 0.610642
    17 -2.869899 1.399667 -4.140396 -0.529220 1.350079 -3.763162
    18 4.972047 0.000000 0.000000 0.417638 -0.915794 -0.562444
    19 11.585358 0.000000 0.000001 0.000000 0.000000 -1.724162
    20 10.127058 0.000000 0.000001 0.194060 0.051159 -0.418278
    21 2.162477 0.109715 1.664489 0.662062 -0.186074 0.135790
    22 0.928313 0.000000 0.000002 0.000000 0.000000 0.000000
    23 0.928311 0.000000 0.000001 0.000000 0.000000 0.000000
    24 3.784085 -0.427337 0.044204 0.003166 -0.002170 0.416147
    25 1.189159 0.000000 0.000001 0.000000 0.000000 0.815861
    26 1.302900 0.000000 -0.000001 0.000000 0.000000 0.582934
    27 2.046984 0.000001 0.000000 -0.300073 -0.093968 -0.208712
    28 -0.000005 0.000007 3.713254 -6.275003 3.158017 6.216848
    29 18.045723 0.000000 0.000000 0.000000 0.000000 -0.305334
    30 17.597597 0.000000 0.000000 -0.006295 -0.017189 0.195620
    31 0.000005 -0.000003 -3.713254 6.268700 3.093430 6.225231
    32 18.045721 0.000000 0.000000 0.000000 0.000000 -0.287979
    33 17.597597 0.000000 0.000000 0.007714 0.049692 0.150814
  time 20
    0 0.000965 -4.328106 -0.154779 0.000000 -0.026130 -1.570922
    1 -4.211070 0.761742 0.000000 -1.570795 -1.570787 0.000000
    2 1.293670 0.684478 -0.000001 -0.169680 0.078474 0.429184
    3 5.309685 -0.003834 0.000000 0.000000 0.000000 0.180586
    4 4.826790 -0.004591 0.000000 0.000000 0.000000 0.078833
    5 5.792767 -0.005304 0.000000 0.000000 0.000000 0.017444
    6 6.662322 -0.001452 0.000000 -0.000012 -0.026156 0.099346
    7 -2.869899 1.399632 4.140401 -0.571576 -1.365021 -2.682843
    8 4.972048 0.000000 -0.000002 -1.033295 0.431308 -1.755131
    9 11.585358 0.000000 0.000000 0.000000 0.000000 -1.543229
    10 10.127057 -0.000001 0.000001 -1.574017 0.019390 0.236622
    11 2.162477 0.109716 -1.664490 -0.000894 0.505337 -0.000352
    12 0.928312 0.000000 0.000000 0.000000 0.000000 0.000000
    13 0.928313 0.000000 -0.000001 0.000000 0.000000 0.000000
    14 3.784085 -0.427338 -0.044205 0.010784 0.023862 0.455122
    15 1.189161 -0.000001 -0.000001 0.000000 0.000000 0.484444
    16 1.302900 -0.000001 0.000001 0.000000 0.000000 0.606742
    17 -2.869899 1.399667 -4.140396 -0.529220 1.350079 -3.763162
    18 4.972047 0.000000 0.000000 0.412854 -0.920052 -0.552793
    19 11.585358 0.000000 0.000001 0.000000 0.000000 -1.729308
    20 10.127058 0.000000 0.000001 0.192938 0.050403 -0.421980
    21 2.162477 0.109715 1.664489 0.667232 -0.177827 0.131068
    22 0.928313 0.000000 0.000002 0.000000 0.000000 0.000000
    23 0.928311 0.000000 0.000001 0.000000 0.000000 0.000000
    24 3.784085 -0.427337 0.044204 0.003322 -0.002626 0.421288
    25 1.189159 0.000000 0.000001 0.000000 0.000000 0.819055
    26 1.302900 0.000000 -0.000001 0.000000 0.000000 0.585401
    27 2.046984 0.000001 0.000000 -0.249019 -0.099368 -0.195390
    28 -0.000005 0.000007 3.713254 -6.274907 3.158401 6.222791
    29 18.045723 0.000000 0.000000 0.000000 0.000000 -0.299043
    30 17.597597 0.000000 0.000000 -0.006371 -0.017583 0.195299
    31 0.000005 -0.000003 -3.713254 6.268892 3.093718 6.231174
    32 18.045721 0.000000 0.000000 0.000000 0.000000 -0.281681
    33 17.597597 0.000000 0.000000 0.007849 0.049258 0.150490
  time 21
    0 0.000965 -4.414046 -0.154779 0.000000 -0.026130 -1.570922
    1 -4.195445 0.750023 0.000000 -1.570795 -1.570787 0.000000
    2 1.293670 0.684478 -0.000001 -0.168501 0.076089 0.420244
    3 5.309685 -0.003834 0.000000 0.000000 0.000000 0.194382
    4 4.826790 -0.004591 0.000000 0.000000 0.000000 0.076628
    5 5.792767 -0.005304 0.000000 0.000000 0.000000 0.017444
    6 6.662322 -0.001452 0.000000 -0.000012 -0.026156 0.099346
    7 -2.869899 1.399632 4.140401 -0.571576 -1.365021 -2.682843
    8 4.972048 0.000000 -0.000002 -1.019823 0.444610 -1.829737
    9 11.585358 0.000000 0.000000 0.000000 0.000000 -1.426724
    10 10.127057 -0.000001 0.000001 -1.574017 0.019390 0.236622
    11 2.162477 0.109716 -1.664490 -0.000800 0.500390 -0.000352
    12 0.928312 0.000000 0.000000 0.000000 0.000000 0.000000
    13 0.928313 0.000000 -0.000001 0.000000 0.000000 0.000000
    14 3.784085 -0.427338 -0.044205 0.011215 0.023670 0.473231
    15 1.189161 -0.000001 -0.000001 0.000000 0.000000 0.456569
    16 1.302900 -0.000001 0.000001 0.000000 0.000000 0.603323
    17 -2.869899 1.399667 -4.140396 -0.529220 1.350079 -3.763162
    18 4.972047 0.000000 0.000000 0.408070 -0.924230 -0.543342
    19 11.585358 0.000000 0.000001 0.000000 0.000000 -1.734290
    20 10.127058 0.000000 0.000001 0.191746 0.049552 -0.425531
    21 2.162477 0.109715 1.664489 0.672497 -0.169641 0.125513
    22 0.928313 0.000000 0.000002 0.000000 0.000000 0.000000
    23 0.928311 0.000000 0.000001 0.000000 0.000000 0.000000
    24 3.784085 -0.427337 0.044204 0.003514 -0.003129 0.426875
    25 1.189159 0.000000 0.000001 0.000000 0.000000 0.821917
    26 1.302900 0.000000 -0.000001 0.000000 0.000000 0.588023
    27 2.046984 0.000001 0.000000 -0.195209 -0.105563 -0.182616
    28 -0.000005 0.000007 3.713254 -6.274907 3.158784 6.228926
    29 18.045723 0.000000 0.000000 0.000000 0.000000 -0.292382
    30 17.597597 0.000000 0.000000 -0.006472 -0.017903 0.194611
    31 0.000005 -0.000003 -3.713254 6.269083 3.094101 6.237214
    32 18.045721 0.000000 0.000000 0.000000 0.000000 -0.274911
    33 17.597597 0.000000 0.000000 0.007949 0.048844 0.149705
  time 22
    0 0.000965 -4.484361 -0.154779 0.000000 -0.026130 -1.570922
    1 -4.183725 0.746117 0.000000 -1.570795 -1.570787 0.000000
    2 1.293670 0.684478 -0.000001 -0.167457 0.074016 0.412426
    3 5.309685 -0.003834 0.000000 0.000000 0.000000 0.206587
    4 4.826790 -0.004591 0.000000 0.000000 0.000000 0.074666
    5 5.792767 -0.005304 0.000000 0.000000 0.000000 0.017444
    6 6.662322 -0.001452 0.000000 -0.000012 -0.026156 0.099346
    7 -2.869899 1.399632 4.140401 -0.571576 -1.365021 -2.682843
    8 4.972048 0.000000 -0.000002 -1.048282 0.338189 -1.897411
    9 11.585358 0.000000 0.000000 0.000000 0.000000 -1.097786
    10 10.127057 -0.000001 0.000001 -1.574017 0.019390 0.236622
    11 2.162477 0.109716 -1.664490 -0.000800 0.495708 -0.000352
    12 0.928312 0.000000 0.000000 0.000000 0.000000 0.000000
    13 0.928313 0.000000 -0.000001 0.000000 0.000000 0.000000
    14 3.784085 -0.427338 -0.044205 0.011826 0.023371 0.499113
    15 1.189161 -0.000001 -0.000001 0.000000 0.000000 0.443029
    16 1.302900 -0.000001 0.000001 0.000000 0.000000 0.600010
    17 -2.869899 1.399667 -4.140396 -0.529125 1.350079 -3.763162
    18 4.972047 0.000000 0.000000 0.403380 -0.928248 -0.534357
    19 11.585358 0.000000 0.000001 0.000000 0.000000 -1.739191
    20 10.127058 0.000000 0.000001 0.190624 0.048701 -0.428883
    21 2.162477 0.109715 1.664489 0.677763 -0.161548 0.119218
    22 0.928313 0.000000 0.000002 0.000000 0.000000 0.000000
    23 0.928311 0.000000 0.000001 0.000000 0.000000 0.000000
    24 3.784085 -0.427337 0.044204 0.003706 -0.003656 0.432826
    25 1.189159 0.000000 0.000001 0.000000 0.000000 0.824412
    26 1.302900 0.000000 -0.000001 0.000000 0.000000 0.590850
    27 2.046984 0.000001 0.000000 -0.141700 -0.112320 -0.170755
    28 -0.000005 0.000007 3.713254 -6.274907 -3.124068 6.234678
    29 18.045723 0.000000 0.000000 0.000000 0.000000 -0.285869
    30 17.597597 0.000000 0.000000 -0.006548 -0.018173 0.193878
    31 0.000005 -0.000003 -3.713254 6.269275 3.094389 6.243062
    32 18.045721 0.000000 0.000000 0.000000 0.000000 -0.268299
    33 17.597597 0.000000 0.000000 0.008083 0.048528 0.148966
  time 23
    0 0.000965 -4.550769 -0.154779 0.000000 -0.026130 -1.570922
    1 -4.164194 0.730491 0.000000 -1.570795 -1.570787 0.000000
    2 1.293670 0.684478 -0.000001 -0.166396 0.072146 0.405512
    3 5.309685 -0.003834 0.000000 0.000000 0.000000 0.215949
    4 4.826790 -0.004591 0.000000 0.000000 0.000000 0.072968
    5 5.792767 -0.005304 0.000000 0.000000 0.000000 0.017444
    6 6.662322 -0.001452 0.000000 -0.000012 -0.026156 0.099346
    7 -2.869899 1.399632 4.140401 -0.571576 -1.365021 -2.682843
    8 4.972048 0.000000 -0.000002 -1.094836 0.149052 -1.946542
    9 11.585358 0.000000 0.000000 0.000000 0.000000 -0.630244
    10 10.127057 -0.000001 0.000001 -1.574017 0.019390 0.236622
    11 2.162477 0.109716 -1.664490 -0.000800 0.490850 -0.000352
    12 0.928312 0.000000 0.000000 0.000000 0.000000 0.000000
    13 0.928313 0.000000 -0.000001 0.000000 0.000000 0.000000
    14 3.784085 -0.427338 -0.044205 0.012905 0.022760 0.546623
    15 1.189161 -0.000001 -0.000001 0.000000 0.000000 0.518881
    16 1.302900 -0.000001 0.000001 0.000000 0.000000 0.596645
    17 -2.869899 1.399667 -4.140396 -0.529220 1.350079 -3.763162
    18 4.972047 0.000000 0.000000 0.398315 -0.932346 -0.525572
    19 11.585358 0.000000 0.000001 0.000000 0.000000 -1.743112
    20 10.127058 0.000000 0.000001 0.189923 0.047755 -0.431534
    21 2.162477 0.109715 1.664489 0.682933 -0.153638 0.112274
    22 0.928313 0.000000 0.000002 0.000000 0.000000 0.000000
    23 0.928311 0.000000 0.000001 0.000000 0.000000 0.000000
    24 3.784085 -0.427337 0.044204 0.003897 -0.004231 0.439028
    25 1.189159 0.000000 0.000001 0.000000 0.000000 0.826575
    26 1.302900 0.000000 -0.000001 0.000000 0.000000 0.593780
    27 2.046984 0.000001 0.000000 -0.089612 -0.119430 -0.158345
    28 -0.000005 0.000007 3.713254 -6.274907 -3.123781 6.237554
    29 18.045723 0.000000 0.000000 0.000000 0.000000 -0.284832
    30 17.597597 0.000000 0.000000 -0.006624 -0.018469 0.195758
    31 0.000005 -0.000003 -3.713254 6.269371 3.094677 6.245842
    32 18.045721 0.000000 0.000000 0.000000 0.000000 -0.267512
    33 17.597597 0.000000 0.000000 0.008184 0.048173 0.150952
  time 24
    0 0.000965 -4.570301 -0.248532 0.000000 -0.026130 -1.570922
    1 -4.086066 0.699240 0.000000 -1.570795 -1.570787 0.000000
    2 1.293670 0.684478 -0.000001 -0.163094 0.068491 0.394094
    3 5.309685 -0.003834 0.000000 0.000000 0.000000 0.216055
    4 4.826790 -0.004591 0.000000 0.000000 0.000000 0.070102
    5 5.792767 -0.005304 0.000000 0.000000 0.000000 0.017444
    6 6.662322 -0.001452 0.000000 -0.000012 -0.026156 0.099346
    7 -2.869899 1.399632 4.140401 -0.571576 -1.365021 -2.682843
    8 4.972048 0.000000 -0.000002 -1.123375 0.066507 -1.962486
    9 11.585358 0.000000 0.000000 0.000000 0.000000 -0.427230
    10 10.127057 -0.000001 0.000001 -1.574017 0.019390 0.236622
    11 2.162477 0.109716 -1.664490 -0.000800 0.486079 -0.000352
    12 0.928312 0.000000 0.000000 0.000000 0.000000 0.000000
    13 0.928313 0.000000 -0.000001 0.000000 0.000000 0.000000
    14 3.784085 -0.427338 -0.044205 0.014020 0.022112 0.595826
    15 1.189161 -0.000001 -0.000001 0.000000 0.000000 0.598870
    16 1.302900 -0.000001 0.000001 0.000000 0.000000 0.593332
    17 -2.869899 1.399667 -4.140396 -0.529220 1.350079 -3.763162
    18 4.972047 0.000000 0.000000 0.386872 -0.940059 -0.509998
    19 11.585358 0.000000 0.000001 0.000000 0.000000 -1.739763
    20 10.127058 0.000000 0.000001 0.192587 0.047188 -0.431984
    21 2.162477 0.109715 1.664489 0.687911 -0.146035 0.104914
    22 0.928313 0.000000 0.000002 0.000000 0.000000 0.000000
    23 0.928311 0.000000 0.000001 0.000000 0.000000 0.000000
    24 3.784085 -0.427337 0.044204 0.004101 -0.004807 0.445370
    25 1.189159 0.000000 0.000001 0.000000 0.000000 0.828372
    26 1.302900 0.000000 -0.000001 0.000000 0.000000 0.596812
    27 2.046984 0.000001 0.000000 -0.040929 -0.125006 -0.131702
    28 -0.000005 0.000007 3.713254 -6.274332 -3.122918 6.220395
    29 18.045723 0.000000 0.000000 0.000000 0.000000 -0.326429
    30 17.597597 0.000000 0.000000 -0.006726 -0.019502 0.220240
    31 0.000005 -0.000003 -3.713254 6.268508 3.095827 6.227148
    32 18.045721 0.000000 0.000000 0.000000 0.000000 -0.312224
    33 17.597597 0.000000 0.000000 0.008285 0.047325 0.176956
  time 25
    0 0.000965 -4.464829 -0.342285 0.000000 -0.026130 -1.570922
    1 -4.004032 0.578143 0.000000 -1.570795 -1.570787 0.000000
    2 1.293670 0.684478 -0.000001 -0.159388 0.064848 0.383246
    3 5.309685 -0.003834 0.000000 0.084660 -0.018157 0.210102
    4 4.826790 -0.004591 0.000000 0.000000 0.000000 0.067368
    5 5.792767 -0.005304 0.000000 0.000000 0.000000 0.017444
    6 6.662322 -0.001452 0.000000 -0.000012 -0.026156 0.099346
    7 -2.869899 1.399632 4.140401 -0.571576 -1.365021 -2.682843
    8 4.972048 0.000000 -0.000002 -1.107352 0.151610 -2.047577
    9 11.585358 0.000000 0.000000 0.000000 0.000000 -0.592279
    10 10.127057 -0.000001 0.000001 -1.574017 0.019390 0.236622
    11 2.162477 0.109716 -1.664490 -0.004084 0.481486 -0.002108
    12 0.928312 0.000000 0.000000 0.000000 0.000000 0.000000
    13 0.928313 0.000000 -0.000001 0.000000 0.000000 0.000000
    14 3.784085 -0.427338 -0.044205 0.014703 0.021669 0.626964
    15 1.189161 -0.000001 -0.000001 0.000000 0.000000 0.603676
    16 1.302900 -0.000001 0.000001 0.000000 0.000000 0.590180
    17 -2.869899 1.399667 -4.140396 -0.529220 1.350079 -3.763162
    18 4.972047 0.000000 0.000000 0.357325 -0.974529 -0.370032
    19 11.585358 0.000000 0.000001 0.000000 0.000000 -1.773987
    20 10.127058 0.000000 0.000001 0.202405 0.046526 -0.436386
    21 2.162477 0.109715 1.664489 0.692698 -0.138770 0.097229
    22 0.928313 0.000000 0.000002 0.000000 0.000000 0.000000
    23 0.928311 0.000000 0.000001 0.000000 0.000000 0.000000
    24 3.784085 -0.427337 0.044204 0.004305 -0.005406 0.451739
    25 1.189159 0.000000 0.000001 0.000000 0.000000 0.829836
    26 1.302900 0.000000 -0.000001 0.000000 0.000000 0.599793
    27 2.046984 0.000001 0.000000 -0.077118 -0.106389 -0.089305
    28 -0.000005 0.000007 3.713254 -6.273661 -3.119275 6.202565
    29 18.045723 0.000000 0.000000 0.000000 0.000000 -0.361734
    30 17.597597 0.000000 0.000000 -0.006624 -0.023268 0.237708
    31 0.000005 -0.000003 -3.713254 6.268317 3.099566 6.207303
    32 18.045721 0.000000 0.000000 0.000000 0.000000 -0.351740
    33 17.597597 0.000000 0.000000 0.008117 0.043815 0.196540
  time 26
    0 0.000965 -4.363263 -0.436038 0.000000 -0.026130 -1.570922
    1 -3.914186 0.460952 0.000000 -1.570795 -1.570787 0.000000
    2 1.293670 0.684478 -0.000001 -0.155716 0.061420 0.372750
    3 5.309685 -0.003834 0.000000 0.173965 -0.036193 0.202330
    4 4.826790 -0.004591 0.000000 0.000000 0.000000 0.064744
    5 5.792767 -0.005304 0.000000 0.000000 0.000000 0.017444
    6 6.662322 -0.001452 0.000000 -0.000012 -0.026156 0.099346
    7 -2.869899 1.399632 4.140401 -0.571576 -1.365021 -2.682843
    8 4.972048 0.000000 -0.000002 -1.082400 0.295040 -2.124955
    9 11.585358 0.000000 0.000000 0.000000 0.000000 -0.918174
    10 10.127057 -0.000001 0.000001 -1.574017 0.019390 0.236622
    11 2.162477 0.109716 -1.664490 -0.010464 0.476892 -0.005517
    12 0.928312 0.000000 0.000000 0.000000 0.000000 0.000000
    13 0.928313 0.000000 -0.000001 0.000000 0.000000 0.000000
    14 3.784085 -0.427338 -0.044205 0.015278 0.021274 0.653628
    15 1.189161 -0.000001 -0.000001 0.000000 0.000000 0.604386
    16 1.302900 -0.000001 0.000001 0.000000 0.000000 0.587082
    17 -2.869899 1.399667 -4.140396 -0.529220 1.350079 -3.763162
    18 4.972047 0.000000 0.000000 0.317554 -1.006830 -0.214492
    19 11.585358 0.000000 0.000001 0.000000 0.000000 -1.805515
    20 10.127058 0.000000 0.000001 0.216500 0.046809 -0.444890
    21 2.162477 0.109715 1.664489 0.697293 -0.131933 0.089452
    22 0.928313 0.000000 0.000002 0.000000 0.000000 0.000000
    23 0.928311 0.000000 0.000001 0.000000 0.000000 0.000000
    24 3.784085 -0.427337 0.044204 0.004497 -0.005993 0.458053
    25 1.189159 0.000000 0.000001 0.000000 0.000000 0.830967
    26 1.302900 0.000000 -0.000001 0.000000 0.000000 0.602723
    27 2.046984 0.000001 0.000000 -0.116195 -0.082226 -0.048915
    28 -0.000005 0.000007 3.713254 -6.272894 -3.115727 6.186652
    29 18.045723 0.000000 0.000000 0.000000 0.000000 -0.393116
    30 17.597597 0.000000 0.000000 -0.006472 -0.026984 0.253250
    31 0.000005 -0.000003 -3.713254 6.268317 3.103209 6.189759
    32 18.045721 0.000000 0.000000 0.000000 0.000000 -0.386455
    33 17.597597 0.000000 0.000000 0.007949 0.040264 0.213676
  time 27
    0 0.000965 -4.257791 -0.529791 0.000000 -0.026130 -1.570922
    1 -3.816527 0.347667 0.000000 -1.570795 -1.570787 0.000000
    2 1.293670 0.684478 -0.000001 -0.152128 0.058208 0.362638
    3 5.309685 -0.003834 0.000000 0.261450 -0.052636 0.193375
    4 4.826790 -0.004591 0.000000 0.000000 0.000000 0.062230
    5 5.792767 -0.005304 0.000000 0.000000 0.000000 0.017444
    6 6.662322 -0.001452 0.000000 -0.000012 -0.026156 0.099346
    7 -2.869899 1.399632 4.140401 -0.571576 -1.365021 -2.682843
    8 4.972048 0.000000 -0.000002 -1.060957 0.436509 -2.175906
    9 11.585358 0.000000 0.000000 0.000000 0.000000 -1.248851
    10 10.127057 -0.000001 0.000001 -1.574017 0.019390 0.236622
    11 2.162477 0.109716 -1.664490 -0.018908 0.472299 -0.009958
    12 0.928312 0.000000 0.000000 0.000000 0.000000 0.000000
    13 0.928313 0.000000 -0.000001 0.000000 0.000000 0.000000
    14 3.784085 -0.427338 -0.044205 0.015949 0.020770 0.685591
    15 1.189161 -0.000001 -0.000001 0.000000 0.000000 0.598285
    16 1.302900 -0.000001 0.000001 0.000000 0.000000 0.584090
    17 -2.869899 1.399667 -4.140396 -0.529220 1.350079 -3.763162
    18 4.972047 0.000000 0.000000 0.269811 -1.033827 -0.053761
    19 11.585358 0.000000 0.000001 0.000000 0.000000 -1.831244
    20 10.127058 0.000000 0.000001 0.234171 0.048417 -0.456695
    21 2.162477 0.109715 1.664489 0.701505 -0.125648 0.081629
    22 0.928313 0.000000 0.000002 0.000000 0.000000 0.000000
    23 0.928311 0.000000 0.000001 0.000000 0.000000 0.000000
    24 3.784085 -0.427337 0.044204 0.004688 -0.006580 0.464200
    25 1.189159 0.000000 0.000001 0.000000 0.000000 0.831832
    26 1.302900 0.000000 -0.000001 0.000000 0.000000 0.605602
    27 2.046984 0.000001 0.000000 -0.150747 -0.055053 -0.011992
    28 -0.000005 0.000007 3.713254 -6.272127 -3.112372 6.172369
    29 18.045723 0.000000 0.000000 0.000000 0.000000 -0.421612
    30 17.597597 0.000000 0.000000 -0.006346 -0.030503 0.267462
    31 0.000005 -0.000003 -3.713254 6.268508 3.106660 6.174132
    32 18.045721 0.000000 0.000000 0.000000 0.000000 -0.417549
    33 17.597597 0.000000 0.000000 0.007815 0.036990 0.229195
  time 28
    0 0.000965 -4.140600 -0.623544 0.000000 -0.026130 -1.570922
    1 -3.718867 0.242195 0.000000 -1.570795 -1.570787 0.000000
    2 1.293670 0.684478 -0.000001 -0.148709 0.055224 0.353096
    3 5.309685 -0.003834 0.000000 0.345838 -0.067270 0.183624
    4 4.826790 -0.004591 0.000000 0.000000 0.000000 0.059849
    5 5.792767 -0.005304 0.000000 0.000000 0.000000 0.017444
    6 6.662322 -0.001452 0.000000 -0.000012 -0.026156 0.099346
    7 -2.869899 1.399632 4.140401 -0.571576 -1.365021 -2.682843
    8 4.972048 0.000000 -0.000002 -1.051709 0.529799 -2.188470
    9 11.585358 0.000000 0.000000 0.000000 0.000000 -1.464472
    10 10.127057 -0.000001 0.000001 -1.574017 0.019390 0.236622
    11 2.162477 0.109716 -1.664490 -0.026507 0.467793 -0.013883
    12 0.928312 0.000000 0.000000 0.000000 0.000000 0.000000
    13 0.928313 0.000000 -0.000001 0.000000 0.000000 0.000000
    14 3.784085 -0.427338 -0.044205 0.016548 0.020291 0.714730
    15 1.189161 -0.000001 -0.000001 0.000000 0.000000 0.587294
    16 1.302900 -0.000001 0.000001 0.000000 0.000000 0.581098
    17 -2.869899 1.399667 -4.140396 -0.529220 1.350079 -3.763162
    18 4.972047 0.000000 0.000000 0.216440 -1.054236 0.107969
    19 11.585358 0.000000 0.000001 0.000000 0.000000 -1.851092
    20 10.127058 0.000000 0.000001 0.254858 0.051348 -0.470901
    21 2.162477 0.109715 1.664489 0.705239 -0.120007 0.073991
    22 0.928313 0.000000 0.000002 0.000000 0.000000 0.000000
    23 0.928311 0.000000 0.000001 0.000000 0.000000 0.000000
    24 3.784085 -0.427337 0.044204 0.004856 -0.007132 0.470011
    25 1.189159 0.000000 0.000001 0.000000 0.000000 0.832231
    26 1.302900 0.000000 -0.000001 0.000000 0.000000 0.608326
    27 2.046984 0.000001 0.000000 -0.179182 -0.026111 0.021099
    28 -0.000005 0.000007 3.713254 -6.271360 -3.109304 6.159333
    29 18.045723 0.000000 0.000000 0.000000 0.000000 -0.447739
    30 17.597597 0.000000 0.000000 -0.006219 -0.033727 0.280620
    31 0.000005 -0.000003 -3.713254 6.268700 3.109824 6.160135
    32 18.045721 0.000000 0.000000 0.000000 0.000000 -0.445808
    33 17.597597 0.000000 0.000000 0.007714 0.034032 0.243421
  time 29
    0 0.000965 -4.035128 -0.717296 0.000000 -0.026130 -1.570922
    1 -3.621208 0.156255 0.000000 -1.570795 -1.570787 0.000000
    2 1.293670 0.684478 -0.000001 -0.145491 0.052527 0.344190
    3 5.309685 -0.003834 0.000000 0.425869 -0.079973 0.173538
    4 4.826790 -0.004591 0.000000 0.000000 0.000000 0.057622
    5 5.792767 -0.005304 0.000000 0.000000 0.000000 0.017444
    6 6.662322 -0.001452 0.000000 -0.000012 -0.026156 0.099346
    7 -2.869899 1.399632 4.140401 -0.571576 -1.365021 -2.682843
    8 4.972048 0.000000 -0.000002 -1.064384 0.547536 -2.129808
    9 11.585358 0.000000 0.000000 0.000000 0.000000 -1.513958
    10 10.127057 -0.000001 0.000001 -1.574017 0.019390 0.236622
    11 2.162477 0.109716 -1.664490 -0.029134 0.463200 -0.015226
    12 0.928312 0.000000 0.000000 0.000000 0.000000 0.000000
    13 0.928313 0.000000 -0.000001 0.000000 0.000000 0.000000
    14 3.784085 -0.427338 -0.044205 0.017028 0.019895 0.738529
    15 1.189161 -0.000001 -0.000001 0.000000 0.000000 0.575801
    16 1.302900 -0.000001 0.000001 0.000000 0.000000 0.578053
    17 -2.869899 1.399667 -4.140396 -0.529220 1.350079 -3.763162
    18 4.972047 0.000000 0.000000 0.160911 -1.068136 0.265505
    19 11.585358 0.000000 0.000001 0.000000 0.000000 -1.865305
    20 10.127058 0.000000 0.000001 0.277578 0.055698 -0.486558
    21 2.162477 0.109715 1.664489 0.708686 -0.115041 0.066677
    22 0.928313 0.000000 0.000002 0.000000 0.000000 0.000000
    23 0.928311 0.000000 0.000001 0.000000 0.000000 0.000000
    24 3.784085 -0.427337 0.044204 0.005012 -0.007659 0.475458
    25 1.189159 0.000000 0.000001 0.000000 0.000000 0.832298
    26 1.302900 0.000000 -0.000001 0.000000 0.000000 0.610896
    27 2.046984 0.000001 0.000000 -0.200508 0.003275 0.050175
    28 -0.000005 0.000007 3.713254 -6.270593 -3.106619 6.147446
    29 18.045723 0.000000 0.000000 0.000000 0.000000 -0.471868
    30 17.597597 0.000000 0.000000 -0.006117 -0.036557 0.292862
    31 0.000005 -0.000003 -3.713254 6.268988 3.112508 6.147480
    32 18.045721 0.000000 0.000000 0.000000 0.000000 -0.471628
    33 17.597597 0.000000 0.000000 0.007580 0.031389 0.256400
  time 30
    0 0.000965 -3.949188 -0.811049 0.000000 -0.026130 -1.570922
    1 -3.527455 0.082034 0.000000 -1.570795 -1.570787 0.000000
    2 1.293670 0.684478 -0.000001 -0.142560 0.050166 0.336187
    3 5.309685 -0.003834 0.000000 0.499212 -0.090615 0.163629
    4 4.826790 -0.004591 0.000000 0.000000 0.000000 0.055638
    5 5.792767 -0.005304 0.000000 0.000000 0.000000 0.017444
    6 6.662322 -0.001452 0.000000 -0.000012 -0.026156 0.099346
    7 -2.869899 1.399632 4.140401 -0.571576 -1.365021 -2.682843
    8 4.972048 0.000000 -0.000002 -1.093322 0.522465 -2.015083
    9 11.585358 0.000000 0.000000 0.000000 0.000000 -1.472804
    10 10.127057 -0.000001 0.000001 -1.574017 0.019390 0.236622
    11 2.162477 0.109716 -1.664490 -0.029510 0.458783 -0.015432
    12 0.928312 0.000000 0.000000 0.000000 0.000000 0.000000
    13 0.928313 0.000000 -0.000001 0.000000 0.000000 0.000000
    14 3.784085 -0.427338 -0.044205 0.017255 0.019692 0.750211
    15 1.189161 -0.000001 -0.000001 0.000000 0.000000 0.565269
    16 1.302900 -0.000001 0.000001 0.000000 0.000000 0.574901
    17 -2.869899 1.399667 -4.140396 -0.529220 1.350079 -3.763162
    18 4.972047 0.000000 0.000000 0.107633 -1.075689 0.411528
    19 11.585358 0.000000 0.000001 0.000000 0.000000 -1.874616
    20 10.127058 0.000000 0.000001 0.300719 0.061183 -0.502214
    21 2.162477 0.109715 1.664489 0.711558 -0.110871 0.059780
    22 0.928313 0.000000 0.000002 0.000000 0.000000 0.000000
    23 0.928311 0.000000 0.000001 0.000000 0.000000 0.000000
    24 3.784085 -0.427337 0.044204 0.005156 -0.008126 0.480403
    25 1.189159 0.000000 0.000001 0.000000 0.000000 0.832298
    26 1.302900 0.000000 -0.000001 0.000000 0.000000 0.613209
    27 2.046984 0.000001 0.000000 -0.214251 0.031539 0.074750
    28 -0.000005 0.000007 3.713254 -6.269730 -3.104318 6.136326
    29 18.045723 0.000000 0.000000 0.000000 0.000000 -0.494220
    30 17.597597 0.000000 0.000000 -0.006067 -0.039042 0.304186
    31 0.000005 -0.000003 -3.713254 6.269275 3.114905 6.135880
    32 18.045721 0.000000 0.000000 0.000000 0.000000 -0.495243
    33 17.597597 0.000000 0.000000 0.007479 0.029101 0.268409
  time 31
    0 0.000965 -3.863248 -0.904802 0.000000 -0.026130 -1.570922
    1 -3.445422 0.019532 0.000000 -1.570795 -1.570787 0.000000
    2 1.293670 0.684478 -0.000001 -0.140000 0.048153 0.329206
    3 5.309685 -0.003834 0.000000 0.557598 -0.098154 0.155045
    4 4.826790 -0.004591 0.000000 0.000000 0.000000 0.053896
    5 5.792767 -0.005304 0.000000 0.000000 0.000000 0.017444
    6 6.662322 -0.001452 0.000000 -0.000012 -0.026156 0.099346
    7 -2.869899 1.399632 4.140401 -0.571576 -1.365021 -2.682843
    8 4.972048 0.000000 -0.000002 -1.129035 0.488185 -1.897498
    9 11.585358 0.000000 0.000000 0.000000 0.000000 -1.391005
    10 10.127057 -0.000001 0.000001 -1.574017 0.019390 0.236622
    11 2.162477 0.109716 -1.664490 -0.020784 0.455868 -0.010474
    12 0.928312 0.000000 0.000000 0.000000 0.000000 0.000000
    13 0.928313 0.000000 -0.000001 0.000000 0.000000 0.000000
    14 3.784085 -0.427338 -0.044205 0.017172 0.019764 0.746128
    15 1.189161 -0.000001 -0.000001 0.000000 0.000000 0.558541
    16 1.302900 -0.000001 0.000001 0.000000 0.000000 0.571695
    17 -2.869899 1.399667 -4.140396 -0.529220 1.350079 -3.763162
    18 4.972047 0.000000 0.000000 0.064486 -1.078019 0.528000
    19 11.585358 0.000000 0.000001 0.000000 0.000000 -1.879108
    20 10.127058 0.000000 0.000001 0.320984 0.066573 -0.514920
    21 2.162477 0.109715 1.664489 0.713855 -0.107622 0.053531
    22 0.928313 0.000000 0.000002 0.000000 0.000000 0.000000
    23 0.928311 0.000000 0.000001 0.000000 0.000000 0.000000
    24 3.784085 -0.427337 0.044204 0.005288 -0.008558 0.484706
    25 1.189159 0.000000 0.000001 0.000000 0.000000 0.831932
    26 1.302900 0.000000 -0.000001 0.000000 0.000000 0.615214
    27 2.046984 0.000001 0.000000 -0.216190 0.054434 0.094641
    28 -0.000005 0.000007 3.713254 -6.268963 -3.102592 6.126453
    29 18.045723 0.000000 0.000000 0.000000 0.000000 -0.514796
    30 17.597597 0.000000 0.000000 -0.006092 -0.040913 0.314822
    31 0.000005 -0.000003 -3.713254 6.269563 3.116630 6.125430
    32 18.045721 0.000000 0.000000 0.000000 0.000000 -0.516733
    33 17.597597 0.000000 0.000000 0.007379 0.027385 0.279494
  time 32
    0 0.000965 -3.828091 -0.998555 0.000000 -0.026130 -1.570922
    1 -3.382920 0.039064 0.000000 -1.570795 -1.570787 0.000000
    2 1.293670 0.684478 -0.000001 -0.137086 0.045960 0.321522
    3 5.309685 -0.003834 0.000000 0.516315 -0.089369 0.155151
    4 4.826790 -0.004591 0.000000 0.000000 0.000000 0.052000
    5 5.792767 -0.005304 0.000000 0.000000 0.000000 0.017444
    6 6.662322 -0.001452 0.000000 -0.000012 -0.026156 0.099346
    7 -2.869899 1.399632 4.140401 -0.571576 -1.365021 -2.682843
    8 4.972048 0.000000 -0.000002 -1.166980 0.460215 -1.759637
    9 11.585358 0.000000 0.000000 0.000000 0.000000 -1.318334
    10 10.127057 -0.000001 0.000001 -1.574017 0.019390 0.236622
    11 2.162477 0.109716 -1.664490 -0.000800 0.450302 -0.000352
    12 0.928312 0.000000 0.000000 0.000000 0.000000 0.000000
    13 0.928313 0.000000 -0.000001 0.000000 0.000000 0.000000
    14 3.784085 -0.427338 -0.044205 0.016872 0.020027 0.731016
    15 1.189161 -0.000001 -0.000001 0.000000 0.000000 0.555783
    16 1.302900 -0.000001 0.000001 0.000000 0.000000 0.568330
    17 -2.869899 1.399667 -4.140396 -0.529220 1.350079 -3.763162
    18 4.972047 0.000000 0.000000 0.087560 -1.075207 0.451527
    19 11.585358 0.000000 0.000001 0.000000 0.000000 -1.862446
    20 10.127058 0.000000 0.000001 0.309905 0.062034 -0.500213
    21 2.162477 0.109715 1.664489 0.715579 -0.105384 0.047976
    22 0.928313 0.000000 0.000002 0.000000 0.000000 0.000000
    23 0.928311 0.000000 0.000001 0.000000 0.000000 0.000000
    24 3.784085 -0.427337 0.044204 0.005395 -0.008905 0.488310
    25 1.189159 0.000000 0.000001 0.000000 0.000000 0.831167
    26 1.302900 0.000000 -0.000001 0.000000 0.000000 0.616910
    27 2.046984 0.000001 0.000000 -0.135797 0.036496 0.114532
    28 -0.000005 0.000007 3.713254 -6.268867 -3.103263 6.118017
    29 18.045723 0.000000 0.000000 0.000000 0.000000 -0.533966
    30 17.597597 0.000000 0.000000 -0.006067 -0.040371 0.325642
    31 0.000005 -0.000003 -3.713254 6.268988 3.116055 6.117282
    32 18.045721 0.000000 0.000000 0.000000 0.000000 -0.535468
    33 17.597597 0.000000 0.000000 0.007513 0.028115 0.290071
  time 33
    0 0.000965 -4.414046 -1.045431 0.000000 -0.026130 -1.570922
    1 -3.332137 0.175787 0.000000 -1.570795 -1.570787 0.000000
    2 1.293670 0.684478 -0.000001 -0.133565 0.043407 0.312415
    3 5.309685 -0.003834 0.000000 0.333126 -0.057358 0.163382
    4 4.826790 -0.004591 0.000000 0.000000 0.000000 0.049751
    5 5.792767 -0.005304 0.000000 0.000000 0.000000 0.017444
    6 6.662322 -0.001452 0.000000 -0.000012 -0.026156 0.099346
    7 -2.869899 1.399632 4.140401 -0.571576 -1.365021 -2.682843
    8 4.972048 0.000000 -0.000002 -1.210745 0.435827 -1.599421
    9 11.585358 0.000000 0.000000 0.000000 0.000000 -1.241678
    10 10.127057 -0.000001 0.000001 -1.574017 0.019390 0.236622
    11 2.162477 0.109716 -1.664490 0.026783 0.438288 0.012197
    12 0.928312 0.000000 0.000000 0.000000 0.000000 0.000000
    13 0.928313 0.000000 -0.000001 0.000000 0.000000 0.000000
    14 3.784085 -0.427338 -0.044205 0.016261 0.020519 0.701094
    15 1.189161 -0.000001 -0.000001 0.000000 0.000000 0.557496
    16 1.302900 -0.000001 0.000001 0.000000 0.000000 0.564750
    17 -2.869899 1.399667 -4.140396 -0.529220 1.350079 -3.763162
    18 4.972047 0.000000 0.000000 0.108665 -1.066770 0.204141
    19 11.585358 0.000000 0.000001 0.000000 0.000000 -1.823730
    20 10.127058 0.000000 0.000001 0.257522 0.050497 -0.478954
    21 2.162477 0.109715 1.664489 0.716727 -0.104403 0.043347
    22 0.928313 0.000000 0.000002 0.000000 0.000000 0.000000
    23 0.928311 0.000000 0.000001 0.000000 0.000000 0.000000
    24 3.784085 -0.427337 0.044204 0.005479 -0.009181 0.491215
    25 1.189159 0.000000 0.000001 0.000000 0.000000 0.830135
    26 1.302900 0.000000 -0.000001 0.000000 0.000000 0.618246
    27 2.046984 0.000001 0.000000 0.064409 -0.043547 0.127671
    28 -0.000005 0.000007 3.713254 -6.269443 -3.107290 6.134313
    29 18.045723 0.000000 0.000000 0.000000 0.000000 -0.540923
    30 17.597597 0.000000 0.000000 -0.006852 -0.036188 0.348887
    31 0.000005 -0.000003 -3.713254 6.267358 3.112316 6.134442
    32 18.045721 0.000000 0.000000 0.000000 0.000000 -0.540506
    33 17.597597 0.000000 0.000000 0.008754 0.032040 0.312333
  time 34
    0 0.000965 -5.085942 -1.139184 0.000000 -0.026130 -1.570922
    1 -3.261822 0.304697 0.000000 -1.570795 -1.570787 0.000000
    2 1.293670 0.684478 -0.000001 -0.130230 0.041082 0.303961
    3 5.309685 -0.003834 0.000000 0.151520 -0.025659 0.165749
    4 4.826790 -0.004591 0.000000 0.000000 0.000000 0.047634
    5 5.792767 -0.005304 0.000000 0.000000 0.000000 0.017444
    6 6.662322 -0.001452 0.000000 -0.000012 -0.026156 0.099346
    7 -2.869899 1.399632 4.140401 -0.571576 -1.365021 -2.682843
    8 4.972048 0.000000 -0.000002 -1.241994 0.422951 -1.503152
    9 11.585358 0.000000 0.000000 0.000000 0.000000 -1.143286
    10 10.127057 -0.000001 0.000001 -1.574017 0.019390 0.236622
    11 2.162477 0.109716 -1.664490 0.060184 0.420267 0.025883
    12 0.928312 0.000000 0.000000 0.000000 0.000000 0.000000
    13 0.928313 0.000000 -0.000001 0.000000 0.000000 0.000000
    14 3.784085 -0.427338 -0.044205 0.015446 0.021142 0.662096
    15 1.189161 -0.000001 -0.000001 0.000000 0.000000 0.561090
    16 1.302900 -0.000001 0.000001 0.000000 0.000000 0.561064
    17 -2.869899 1.399667 -4.140396 -0.529220 1.350079 -3.763162
    18 4.972047 0.000000 0.000000 0.114293 -1.050540 -0.020550
    19 11.585358 0.000000 0.000001 0.000000 0.000000 -1.770638
    20 10.127058 0.000000 0.000001 0.222881 0.046147 -0.471101
    21 2.162477 0.109715 1.664489 0.717110 -0.104249 0.039736
    22 0.928313 0.000000 0.000002 0.000000 0.000000 0.000000
    23 0.928311 0.000000 0.000001 0.000000 0.000000 0.000000
    24 3.784085 -0.427337 0.044204 0.005527 -0.009361 0.492836
    25 1.189159 0.000000 0.000001 0.000000 0.000000 0.828837
    26 1.302900 0.000000 -0.000001 0.000000 0.000000 0.619017
    27 2.046984 0.000001 0.000000 0.253284 -0.122026 0.121527
    28 -0.000005 0.000007 3.713254 -6.270114 -3.111317 6.157320
    29 18.045723 0.000000 0.000000 0.000000 0.000000 -0.540849
    30 17.597597 0.000000 0.000000 -0.007765 -0.032004 0.371673
    31 0.000005 -0.000003 -3.713254 6.265921 3.108577 6.158410
    32 18.045721 0.000000 0.000000 0.000000 0.000000 -0.538381
    33 17.597597 0.000000 0.000000 0.010164 0.035767 0.334273
  time 35
    0 0.000965 -5.738305 -1.186061 0.000000 -0.026130 -1.570922
    1 -3.179789 0.410169 0.000000 -1.570795 -1.570787 0.000000
    2 1.293670 0.684478 -0.000001 -0.127299 0.039117 0.296511
    3 5.309685 -0.003834 0.000000 -0.007488 0.001222 0.162958
    4 4.826790 -0.004591 0.000000 0.000000 0.000000 0.045804
    5 5.792767 -0.005304 0.000000 0.000000 0.000000 0.017444
    6 6.662322 -0.001452 0.000000 -0.000012 -0.026156 0.099346
    7 -2.869899 1.399632 4.140401 -0.571576 -1.365021 -2.682843
    8 4.972048 0.000000 -0.000002 -1.260408 0.426447 -1.446223
    9 11.585358 0.000000 0.000000 0.000000 0.000000 -1.062356
    10 10.127057 -0.000001 0.000001 -1.574017 0.019390 0.236622
    11 2.162477 0.109716 -1.664490 0.096492 0.393765 0.038380
    12 0.928312 0.000000 0.000000 0.000000 0.000000 0.000000
    13 0.928313 0.000000 -0.000001 0.000000 0.000000 0.000000
    14 3.784085 -0.427338 -0.044205 0.014523 0.021789 0.618712
    15 1.189161 -0.000001 -0.000001 0.000000 0.000000 0.565437
    16 1.302900 -0.000001 0.000001 0.000000 0.000000 0.557324
    17 -2.869899 1.399667 -4.140396 -0.529220 1.350079 -3.763162
    18 4.972047 0.000000 0.000000 0.102568 -1.032461 -0.194525
    19 11.585358 0.000000 0.000001 0.000000 0.000000 -1.717219
    20 10.127058 0.000000 0.000001 0.207243 0.046053 -0.474802
    21 2.162477 0.109715 1.664489 0.716823 -0.105353 0.037329
    22 0.928313 0.000000 0.000002 0.000000 0.000000 0.000000
    23 0.928311 0.000000 0.000001 0.000000 0.000000 0.000000
    24 3.784085 -0.427337 0.044204 0.005551 -0.009433 0.493143
    25 1.189159 0.000000 0.000001 0.000000 0.000000 0.827307
    26 1.302900 0.000000 -0.000001 0.000000 0.000000 0.619120
    27 2.046984 0.000001 0.000000 0.407177 -0.183954 0.099812
    28 -0.000005 0.000007 3.713254 -6.270593 -3.114577 6.184160
    29 18.045723 0.000000 0.000000 0.000000 0.000000 -0.533892
    30 17.597597 0.000000 0.000000 -0.008575 -0.028460 0.391524
    31 0.000005 -0.000003 -3.713254 6.264962 3.105510 6.185924
    32 18.045721 0.000000 0.000000 0.000000 0.000000 -0.529801
    33 17.597597 0.000000 0.000000 0.011573 0.038706 0.353302
  time 36
    0 0.000965 -6.289103 -1.232937 0.000000 -0.026130 -1.570922
    1 -3.093848 0.464858 0.000000 -1.570795 -1.570787 0.000000
    2 1.293670 0.684478 -0.000001 -0.124351 0.037187 0.289128
    3 5.309685 -0.003834 0.000000 -0.107242 0.017150 0.157341
    4 4.826790 -0.004591 0.000000 0.000000 0.000000 0.043974
    5 5.792767 -0.005304 0.000000 0.000000 0.000000 0.017444
    6 6.662322 -0.001452 0.000000 -0.000012 -0.026156 0.099346
    7 -2.869899 1.399632 4.140401 -0.571576 -1.365021 -2.682843
    8 4.972048 0.000000 -0.000002 -1.264235 0.463882 -1.412429
    9 11.585358 0.000000 0.000000 0.000000 0.000000 -1.053299
    10 10.127057 -0.000001 0.000001 -1.574017 0.019390 0.236622
    11 2.162477 0.109716 -1.664490 0.135522 0.363642 0.050620
    12 0.928312 0.000000 0.000000 0.000000 0.000000 0.000000
    13 0.928313 0.000000 -0.000001 0.000000 0.000000 0.000000
    14 3.784085 -0.427338 -0.044205 0.013444 0.022472 0.569943
    15 1.189161 -0.000001 -0.000001 0.000000 0.000000 0.570744
    16 1.302900 -0.000001 0.000001 0.000000 0.000000 0.553478
    17 -2.869899 1.399667 -4.140396 -0.529220 1.350079 -3.763162
    18 4.972047 0.000000 0.000000 0.072928 -1.022899 -0.276322
    19 11.585358 0.000000 0.000001 0.000000 0.000000 -1.681607
    20 10.127058 0.000000 0.000001 0.203597 0.047093 -0.485907
    21 2.162477 0.109715 1.664489 0.715674 -0.108174 0.036357
    22 0.928313 0.000000 0.000002 0.000000 0.000000 0.000000
    23 0.928311 0.000000 0.000001 0.000000 0.000000 0.000000
    24 3.784085 -0.427337 0.044204 0.005551 -0.009433 0.493199
    25 1.189159 0.000000 0.000001 0.000000 0.000000 0.825510
    26 1.302900 0.000000 -0.000001 0.000000 0.000000 0.619120
    27 2.046984 0.000001 0.000000 0.492308 -0.213723 0.079495
    28 -0.000005 0.000007 3.713254 -6.270785 -3.116207 6.209371
    29 18.045723 0.000000 0.000000 0.000000 0.000000 -0.521679
    30 17.597597 0.000000 0.000000 -0.009310 -0.026541 0.404591
    31 0.000005 -0.000003 -3.713254 6.264579 3.103880 6.211617
    32 18.045721 0.000000 0.000000 0.000000 0.000000 -0.516655
    33 17.597597 0.000000 0.000000 0.012646 0.040047 0.365912
  time 37
    0 0.000965 -6.101598 -1.326690 0.000000 -0.026130 -1.570922
    1 -3.132912 0.472671 0.000000 -1.570795 -1.570787 0.000000
    2 1.293670 0.684478 -0.000001 -0.121673 0.037463 0.297198
    3 5.309685 -0.003834 0.000000 -0.125484 0.019619 0.153508
    4 4.826790 -0.004591 0.000000 0.000000 0.000000 0.042629
    5 5.792767 -0.005304 0.000000 0.000000 0.000000 0.017444
    6 6.662322 -0.001452 0.000000 -0.000012 -0.026156 0.099346
    7 -2.869899 1.399632 4.140401 -0.571576 -1.365021 -2.682843
    8 4.972048 0.000000 -0.000002 -1.263517 0.541396 -1.417195
    9 11.585358 0.000000 0.000000 0.000000 0.000000 -1.198279
    10 10.127057 -0.000001 0.000001 -1.574017 0.019390 0.236622
    11 2.162477 0.109716 -1.664490 0.176522 0.332988 0.062601
    12 0.928312 0.000000 0.000000 0.000000 0.000000 0.000000
    13 0.928313 0.000000 -0.000001 0.000000 0.000000 0.000000
    14 3.784085 -0.427338 -0.044205 0.012210 0.023167 0.516180
    15 1.189161 -0.000001 -0.000001 0.000000 0.000000 0.576762
    16 1.302900 -0.000001 0.000001 0.000000 0.000000 0.549631
    17 -2.869899 1.399667 -4.140396 -0.529220 1.350079 -3.763162
    18 4.972047 0.000000 0.000000 0.104350 -1.014302 -0.328102
    19 11.585358 0.000000 0.000001 0.000000 0.000000 -1.675072
    20 10.127058 0.000000 0.000001 0.208506 0.048795 -0.472752
    21 2.162477 0.109715 1.664489 0.713664 -0.112312 0.036866
    22 0.928313 0.000000 0.000002 0.000000 0.000000 0.000000
    23 0.928311 0.000000 0.000001 0.000000 0.000000 0.000000
    24 3.784085 -0.427337 0.044204 0.005527 -0.009325 0.491802
    25 1.189159 0.000000 0.000001 0.000000 0.000000 0.823414
    26 1.302900 0.000000 -0.000001 0.000000 0.000000 0.618452
    27 2.046984 0.000001 0.000000 0.493472 -0.207291 0.056745
    28 -0.000005 0.000007 3.713254 -6.270593 -3.116590 6.190679
    29 18.045723 0.000000 0.000000 0.000000 0.000000 -0.546919
    30 17.597597 0.000000 0.000000 -0.008981 -0.026442 0.411101
    31 0.000005 -0.000003 -3.713254 6.264004 3.103688 6.192827
    32 18.045721 0.000000 0.000000 0.000000 0.000000 -0.541923
    33 17.597597 0.000000 0.000000 0.012479 0.040540 0.372424
  time 38
    0 0.000965 -5.980500 -1.373566 0.000000 -0.026130 -1.570922
    1 -3.152444 0.464858 0.000000 -1.570795 -1.570787 0.000000
    2 1.293670 0.684478 -0.000001 -0.119315 0.037295 0.301651
    3 5.309685 -0.003834 0.000000 -0.131014 0.020026 0.150152
    4 4.826790 -0.004591 0.000000 0.000000 0.000000 0.041373
    5 5.792767 -0.005304 0.000000 0.000000 0.000000 0.017444
    6 6.662322 -0.001452 0.000000 -0.000012 -0.026156 0.099346
    7 -2.869899 1.399632 4.140401 -0.571576 -1.365021 -2.682843
    8 4.972048 0.000000 -0.000002 -1.254190 0.667772 -1.398998
    9 11.585358 0.000000 0.000000 0.000000 0.000000 -1.465414
    10 10.127057 -0.000001 0.000001 -1.574017 0.019390 0.236622
    11 2.162477 0.109716 -1.664490 0.218835 0.304808 0.075305
    12 0.928312 0.000000 0.000000 0.000000 0.000000 0.000000
    13 0.928313 0.000000 -0.000001 0.000000 0.000000 0.000000
    14 3.784085 -0.427338 -0.044205 0.010844 0.023838 0.457814
    15 1.189161 -0.000001 -0.000001 0.000000 0.000000 0.583323
    16 1.302900 -0.000001 0.000001 0.000000 0.000000 0.545785
    17 -2.869899 1.399667 -4.140396 -0.529220 1.350079 -3.763162
    18 4.972047 0.000000 0.000000 0.121703 -1.010445 -0.351130
    19 11.585358 0.000000 0.000001 0.000000 0.000000 -1.671233
    20 10.127058 0.000000 0.000001 0.211872 0.049741 -0.465048
    21 2.162477 0.109715 1.664489 0.710792 -0.117953 0.038949
    22 0.928313 0.000000 0.000002 0.000000 0.000000 0.000000
    23 0.928311 0.000000 0.000001 0.000000 0.000000 0.000000
    24 3.784085 -0.427337 0.044204 0.005443 -0.009025 0.488449
    25 1.189159 0.000000 0.000001 0.000000 0.000000 0.821085
    26 1.302900 0.000000 -0.000001 0.000000 0.000000 0.616910
    27 2.046984 0.000001 0.000000 0.483950 -0.196758 0.039895
    28 -0.000005 0.000007 3.713254 -6.270497 -3.116494 6.178313
    29 18.045723 0.000000 0.000000 0.000000 0.000000 -0.562906
    30 17.597597 0.000000 0.000000 -0.008778 -0.026664 0.414769
    31 0.000005 -0.000003 -3.713254 6.263620 3.103880 6.180460
    32 18.045721 0.000000 0.000000 0.000000 0.000000 -0.558139
    33 17.597597 0.000000 0.000000 0.012344 0.040619 0.376258
  time 39
    0 0.000965 -5.722680 -1.232937 0.000000 -0.026130 -1.570922
    1 -2.851654 0.402356 0.000000 -1.570795 -1.570787 0.000000
    2 1.293670 0.684478 -0.000001 -0.114817 0.031351 0.265507
    3 5.309685 -0.003834 0.000000 -0.127764 0.018432 0.141762
    4 4.826790 -0.004591 0.000000 0.000000 0.000000 0.038154
    5 5.792767 -0.005304 0.000000 0.000000 0.000000 0.017444
    6 6.662322 -0.001452 0.000000 -0.000012 -0.026156 0.099346
    7 -2.869899 1.399632 4.140401 -0.571576 -1.365021 -2.682843
    8 4.972048 0.000000 -0.000002 -1.142427 0.849149 -1.245800
    9 11.585358 0.000000 0.000000 0.000000 0.000000 -1.701467
    10 10.127057 -0.000001 0.000001 -1.574017 0.019390 0.236622
    11 2.162477 0.109716 -1.664490 0.261806 0.279985 0.089249
    12 0.928312 0.000000 0.000000 0.000000 0.000000 0.000000
    13 0.928313 0.000000 -0.000001 0.000000 0.000000 0.000000
    14 3.784085 -0.427338 -0.044205 0.009334 0.024473 0.395235
    15 1.189161 -0.000001 -0.000001 0.000000 0.000000 0.590344
    16 1.302900 -0.000001 0.000001 0.000000 0.000000 0.541938
    17 -2.869899 1.399667 -4.140396 -0.529220 1.350079 -3.763162
    18 4.972047 0.000000 0.000000 0.139619 -1.020569 -0.375223
    19 11.585358 0.000000 0.000001 0.000000 0.000000 -1.592331
    20 10.127058 0.000000 0.000001 0.216360 0.047188 -0.485907
    21 2.162477 0.109715 1.664489 0.706867 -0.125219 0.042930
    22 0.928313 0.000000 0.000002 0.000000 0.000000 0.000000
    23 0.928311 0.000000 0.000001 0.000000 0.000000 0.000000
    24 3.784085 -0.427337 0.044204 0.005323 -0.008618 0.483923
    25 1.189159 0.000000 0.000001 0.000000 0.000000 0.818490
    26 1.302900 0.000000 -0.000001 0.000000 0.000000 0.614751
    27 2.046984 0.000001 0.000000 0.469302 -0.188498 0.075602
    28 -0.000005 0.000007 3.713254 -6.270689 -3.114481 6.194225
    29 18.045723 0.000000 0.000000 0.000000 0.000000 -0.532486
    30 17.597597 0.000000 0.000000 -0.008702 -0.028460 0.400327
    31 0.000005 -0.000003 -3.713254 6.264675 3.105606 6.195990
    32 18.045721 0.000000 0.000000 0.000000 0.000000 -0.528462
    33 17.597597 0.000000 0.000000 0.012244 0.038489 0.362124
  time 40
    0 0.000965 -5.222665 -1.092308 0.000000 -0.026130 -1.570922
    1 -2.523519 0.347667 0.000000 -1.570795 -1.570787 0.000000
    2 1.293670 0.684478 -0.000001 -0.110859 0.025586 0.225998
    3 5.309685 -0.003834 0.000000 -0.122693 0.016778 0.134502
    4 4.826790 -0.004591 0.000000 0.000000 0.000000 0.035309
    5 5.792767 -0.005304 0.000000 0.000000 0.000000 0.017444
    6 6.662322 -0.001452 0.000000 -0.000012 -0.026156 0.099346
    7 -2.869899 1.399632 4.140401 -0.571576 -1.365021 -2.682843
    8 4.972048 0.000000 -0.000002 -0.761619 0.950198 -0.719053
    9 11.585358 0.000000 0.000000 0.000000 0.000000 -1.873544
    10 10.127057 -0.000001 0.000001 -1.574017 0.019390 0.236622
    11 2.162477 0.109716 -1.664490 0.305433 0.267264 0.106136
    12 0.928312 0.000000 0.000000 0.000000 0.000000 0.000000
    13 0.928313 0.000000 -0.000001 0.000000 0.000000 0.000000
    14 3.784085 -0.427338 -0.044205 0.007692 0.025037 0.328791
    15 1.189161 -0.000001 -0.000001 0.000000 0.000000 0.597616
    16 1.302900 -0.000001 0.000001 0.000000 0.000000 0.538145
    17 -2.869899 1.399667 -4.140396 -0.529220 1.350079 -3.763162
    18 4.972047 0.000000 0.000000 0.195898 -1.025149 -0.440980
    19 11.585358 0.000000 0.000001 0.000000 0.000000 -1.490067
    20 10.127058 0.000000 0.000001 0.222811 0.043594 -0.506166
    21 2.162477 0.109715 1.664489 0.701793 -0.134140 0.048948
    22 0.928313 0.000000 0.000002 0.000000 0.000000 0.000000
    23 0.928311 0.000000 0.000001 0.000000 0.000000 0.000000
    24 3.784085 -0.427337 0.044204 0.005144 -0.008055 0.477777
    25 1.189159 0.000000 0.000001 0.000000 0.000000 0.815661
    26 1.302900 0.000000 -0.000001 0.000000 0.000000 0.611821
    27 2.046984 0.000001 0.000000 0.459393 -0.181299 0.113437
    28 -0.000005 0.000007 3.713254 -6.271073 -3.112467 6.203620
    29 18.045723 0.000000 0.000000 0.000000 0.000000 -0.501547
    30 17.597597 0.000000 0.000000 -0.008347 -0.030281 0.378733
    31 0.000005 -0.000003 -3.713254 6.265633 3.107331 6.205098
    32 18.045721 0.000000 0.000000 0.000000 0.000000 -0.498235
    33 17.597597 0.000000 0.000000 0.011875 0.036596 0.340878
  time 41
    0 0.000965 -4.707024 -0.951679 0.000000 -0.026130 -1.570922
    1 -2.191477 0.292978 0.000000 -1.570795 -1.570787 0.000000
    2 1.293670 0.684478 -0.000001 -0.106782 0.020265 0.186841
    3 5.309685 -0.003834 0.000000 -0.117554 0.015220 0.127366
    4 4.826790 -0.004591 0.000000 0.000000 0.000000 0.032553
    5 5.792767 -0.005304 0.000000 0.000000 0.000000 0.017444
    6 6.662322 -0.001452 0.000000 -0.000012 -0.026156 0.099346
    7 -2.869899 1.399632 4.140401 -0.571576 -1.365021 -2.682843
    8 4.972048 0.000000 -0.000002 -0.274708 0.850257 -0.070648
    9 11.585358 0.000000 0.000000 0.000000 0.000000 -2.002004
    10 10.127057 -0.000001 0.000001 -1.574017 0.019390 0.236622
    11 2.162477 0.109716 -1.664490 0.349247 0.267971 0.127103
    12 0.928312 0.000000 0.000000 0.000000 0.000000 0.000000
    13 0.928313 0.000000 -0.000001 0.000000 0.000000 0.000000
    14 3.784085 -0.427338 -0.044205 0.005918 0.025516 0.258743
    15 1.189161 -0.000001 -0.000001 0.000000 0.000000 0.604930
    16 1.302900 -0.000001 0.000001 0.000000 0.000000 0.534405
    17 -2.869899 1.399667 -4.140396 -0.529220 1.350079 -3.763162
    18 4.972047 0.000000 0.000000 0.258368 -1.027078 -0.512261
    19 11.585358 0.000000 0.000001 0.000000 0.000000 -1.382087
    20 10.127058 0.000000 0.000001 0.228771 0.039433 -0.529976
    21 2.162477 0.109715 1.664489 0.695474 -0.144870 0.057234
    22 0.928313 0.000000 0.000002 0.000000 0.000000 0.000000
    23 0.928311 0.000000 0.000001 0.000000 0.000000 0.000000
    24 3.784085 -0.427337 0.044204 0.004928 -0.007335 0.469899
    25 1.189159 0.000000 0.000001 0.000000 0.000000 0.812600
    26 1.302900 0.000000 -0.000001 0.000000 0.000000 0.608172
    27 2.046984 0.000001 0.000000 0.451767 -0.173392 0.149022
    28 -0.000005 0.000007 3.713254 -6.271552 -3.110646 6.213301
    29 18.045723 0.000000 0.000000 0.000000 0.000000 -0.469055
    30 17.597597 0.000000 0.000000 -0.007993 -0.031979 0.355901
    31 0.000005 -0.000003 -3.713254 6.266687 3.108865 6.214397
    32 18.045721 0.000000 0.000000 0.000000 0.000000 -0.466511
    33 17.597597 0.000000 0.000000 0.011472 0.034821 0.318384
  time 42
    0 0.000965 -4.171851 -0.811049 0.000000 -0.026130 -1.570922
    1 -1.863342 0.242195 0.000000 -1.570795 -1.570787 0.000000
    2 1.293670 0.684478 -0.000001 -0.102504 0.015363 0.148370
    3 5.309685 -0.003834 0.000000 -0.112517 0.013758 0.120389
    4 4.826790 -0.004591 0.000000 0.000000 0.000000 0.029863
    5 5.792767 -0.005304 0.000000 0.000000 0.000000 0.017444
    6 6.662322 -0.001452 0.000000 -0.000012 -0.026156 0.099346
    7 -2.869899 1.399632 4.140401 -0.571576 -1.365021 -2.682843
    8 4.972048 0.000000 -0.000002 0.034832 0.719192 0.245886
    9 11.585358 0.000000 0.000000 0.000000 0.000000 -2.048374
    10 10.127057 -0.000001 0.000001 -1.574017 0.019390 0.236622
    11 2.162477 0.109716 -1.664490 0.393718 0.273448 0.154371
    12 0.928312 0.000000 0.000000 0.000000 0.000000 0.000000
    13 0.928313 0.000000 -0.000001 0.000000 0.000000 0.000000
    14 3.784085 -0.427338 -0.044205 0.004036 0.025876 0.185741
    15 1.189161 -0.000001 -0.000001 0.000000 0.000000 0.612118
    16 1.302900 -0.000001 0.000001 0.000000 0.000000 0.530826
    17 -2.869899 1.399667 -4.140396 -0.529220 1.350079 -3.763162
    18 4.972047 0.000000 0.000000 0.324965 -1.026113 -0.587269
    19 11.585358 0.000000 0.000001 0.000000 0.000000 -1.269042
    20 10.127058 0.000000 0.000001 0.234031 0.034705 -0.557888
    21 2.162477 0.109715 1.664489 0.687815 -0.157348 0.067973
    22 0.928313 0.000000 0.000002 0.000000 0.000000 0.000000
    23 0.928311 0.000000 0.000001 0.000000 0.000000 0.000000
    24 3.784085 -0.427337 0.044204 0.004640 -0.006437 0.460205
    25 1.189159 0.000000 0.000001 0.000000 0.000000 0.809306
    26 1.302900 0.000000 -0.000001 0.000000 0.000000 0.603597
    27 2.046984 0.000001 0.000000 0.444874 -0.165072 0.182964
    28 -0.000005 0.000007 3.713254 -6.272127 -3.109016 6.223846
    29 18.045723 0.000000 0.000000 0.000000 0.000000 -0.434712
    30 17.597597 0.000000 0.000000 -0.007638 -0.033505 0.332107
    31 0.000005 -0.000003 -3.713254 6.267550 3.110207 6.224559
    32 18.045721 0.000000 0.000000 0.000000 0.000000 -0.432899
    33 17.597597 0.000000 0.000000 0.011069 0.033184 0.294967
  time 43
    0 0.000965 -3.656211 -0.670420 0.000000 -0.026130 -1.570922
    1 -1.539113 0.191412 0.000000 -1.570795 -1.570787 0.000000
    2 1.293670 0.684478 -0.000001 -0.098175 0.010941 0.110803
    3 5.309685 -0.003834 0.000000 -0.107599 0.012392 0.113553
    4 4.826790 -0.004591 0.000000 0.000000 0.000000 0.027240
    5 5.792767 -0.005304 0.000000 0.000000 0.000000 0.017444
    6 6.662322 -0.001452 0.000000 -0.000012 -0.026156 0.099346
    7 -2.869899 1.399632 4.140401 -0.571576 -1.365021 -2.682843
    8 4.972048 0.000000 -0.000002 0.277730 0.803783 0.402290
    9 11.585358 0.000000 0.000000 0.000000 0.000000 -2.049388
    10 10.127057 -0.000001 0.000001 -1.574017 0.019390 0.236622
    11 2.162477 0.109716 -1.664490 0.432091 0.287847 0.180503
    12 0.928312 0.000000 0.000000 0.000000 0.000000 0.000000
    13 0.928313 0.000000 -0.000001 0.000000 0.000000 0.000000
    14 3.784085 -0.427338 -0.044205 0.002215 0.026103 0.115737
    15 1.189161 -0.000001 -0.000001 0.000000 0.000000 0.618679
    16 1.302900 -0.000001 0.000001 0.000000 0.000000 0.527406
    17 -2.869899 1.399667 -4.140396 -0.529220 1.350079 -3.763162
    18 4.972047 0.000000 0.000000 0.396158 -1.021132 -0.666536
    19 11.585358 0.000000 0.000001 0.000000 0.000000 -1.149789
    20 10.127058 0.000000 0.000001 0.238729 0.029599 -0.590252
    21 2.162477 0.109715 1.664489 0.678720 -0.171634 0.081259
    22 0.928313 0.000000 0.000002 0.000000 0.000000 0.000000
    23 0.928311 0.000000 0.000001 0.000000 0.000000 0.000000
    24 3.784085 -0.427337 0.044204 0.004305 -0.005370 0.448666
    25 1.189159 0.000000 0.000001 0.000000 0.000000 0.805813
    26 1.302900 0.000000 -0.000001 0.000000 0.000000 0.598200
    27 2.046984 0.000001 0.000000 0.437766 -0.156575 0.215508
    28 -0.000005 0.000007 3.713254 -6.272702 -3.107482 6.235445
    29 18.045723 0.000000 0.000000 0.000000 0.000000 -0.398223
    30 17.597597 0.000000 0.000000 -0.007308 -0.034859 0.307258
    31 0.000005 -0.000003 -3.713254 6.268508 3.111453 6.235872
    32 18.045721 0.000000 0.000000 0.000000 0.000000 -0.397318
    33 17.597597 0.000000 0.000000 0.010700 0.031685 0.270533
  time 44
    0 0.000965 -3.140570 -0.529791 0.000000 -0.026130 -1.570922
    1 -1.218791 0.148442 0.000000 -1.570795 -1.570787 0.000000
    2 1.293670 0.684478 -0.000001 -0.093795 0.006998 0.074358
    3 5.309685 -0.003834 0.000000 -0.102817 0.011146 0.106947
    4 4.826790 -0.004591 0.000000 0.000000 0.000000 0.024660
    5 5.792767 -0.005304 0.000000 0.000000 0.000000 0.017444
    6 6.662322 -0.001452 0.000000 -0.000012 -0.026156 0.099346
    7 -2.869899 1.399632 4.140401 -0.571576 -1.365021 -2.682843
    8 4.972048 0.000000 -0.000002 0.519033 0.824931 0.519355
    9 11.585358 0.000000 0.000000 0.000000 0.000000 -2.033086
    10 10.127057 -0.000001 0.000001 -1.574017 0.019390 0.236622
    11 2.162477 0.109716 -1.664490 0.485476 0.343766 0.235813
    12 0.928312 0.000000 0.000000 0.000000 0.000000 0.000000
    13 0.928313 0.000000 -0.000001 0.000000 0.000000 0.000000
    14 3.784085 -0.427338 -0.044205 0.000058 0.026187 0.033094
    15 1.189161 -0.000001 -0.000001 0.000000 0.000000 0.625408
    16 1.302900 -0.000001 0.000001 0.000000 0.000000 0.524201
    17 -2.869899 1.399667 -4.140396 -0.529220 1.350079 -3.763162
    18 4.972047 0.000000 0.000000 0.472135 -1.011088 -0.750928
    19 11.585358 0.000000 0.000001 0.000000 0.000000 -1.022287
    20 10.127058 0.000000 0.000001 0.242726 0.024208 -0.628018
    21 2.162477 0.109715 1.664489 0.667902 -0.187699 0.097461
    22 0.928313 0.000000 0.000002 0.000000 0.000000 0.000000
    23 0.928311 0.000000 0.000001 0.000000 0.000000 0.000000
    24 3.784085 -0.427337 0.044204 0.003873 -0.004112 0.435089
    25 1.189159 0.000000 0.000001 0.000000 0.000000 0.802120
    26 1.302900 0.000000 -0.000001 0.000000 0.000000 0.591775
    27 2.046984 0.000001 0.000000 0.429580 -0.148078 0.246591
    28 -0.000005 0.000007 3.713254 -6.273278 -3.106140 6.248098
    29 18.045723 0.000000 0.000000 0.000000 0.000000 -0.359587
    30 17.597597 0.000000 0.000000 -0.006979 -0.036089 0.281217
    31 0.000005 -0.000003 -3.713254 6.269371 3.112604 6.248047
    32 18.045721 0.000000 0.000000 0.000000 0.000000 -0.359376
    33 17.597597 0.000000 0.000000 0.010331 0.030343 0.244853
  time 45
    0 0.000965 -2.640555 -0.389161 0.000000 -0.026130 -1.570922
    1 -0.914094 0.113285 0.000000 -1.570795 -1.570787 0.000000
    2 1.293670 0.684478 -0.000001 -0.089466 0.003522 0.039487
    3 5.309685 -0.003834 0.000000 -0.098222 0.010007 0.100605
    4 4.826790 -0.004591 0.000000 0.000000 0.000000 0.022213
    5 5.792767 -0.005304 0.000000 0.000000 0.000000 0.017444
    6 6.662322 -0.001452 0.000000 -0.000012 -0.026156 0.099346
    7 -2.869899 1.399632 4.140401 -0.571576 -1.365021 -2.682843
    8 4.972048 0.000000 -0.000002 0.738016 0.960857 0.603839
    9 11.585358 0.000000 0.000000 0.000000 0.000000 -2.008887
    10 10.127057 -0.000001 0.000001 -1.574017 0.019390 0.236622
    11 2.162477 0.109716 -1.664490 0.555936 0.478482 0.335794
    12 0.928312 0.000000 0.000000 0.000000 0.000000 0.000000
    13 0.928313 0.000000 -0.000001 0.000000 0.000000 0.000000
    14 3.784085 -0.427338 -0.044205 -0.002879 0.026043 -0.079556
    15 1.189161 -0.000001 -0.000001 0.000000 0.000000 0.632888
    16 1.302900 -0.000001 0.000001 0.000000 0.000000 0.521209
    17 -2.869899 1.399667 -4.140396 -0.529220 1.350079 -3.763162
    18 4.972047 0.000000 0.000000 0.553364 -0.993733 -0.841044
    19 11.585358 0.000000 0.000001 0.000000 0.000000 -0.883595
    20 10.127058 0.000000 0.000001 0.246302 0.018629 -0.672688
    21 2.162477 0.109715 1.664489 0.657275 -0.203456 0.113802
    22 0.928313 0.000000 0.000002 0.000000 0.000000 0.000000
    23 0.928311 0.000000 0.000001 0.000000 0.000000 0.000000
    24 3.784085 -0.427337 0.044204 0.003442 -0.002841 0.421427
    25 1.189159 0.000000 0.000001 0.000000 0.000000 0.798726
    26 1.302900 0.000000 -0.000001 0.000000 0.000000 0.585350
    27 2.046984 0.000001 0.000000 0.419843 -0.139640 0.275971
    28 -0.000005 0.000007 3.713254 -6.274045 -3.104893 -0.021383
    29 18.045723 0.000000 0.000000 0.000000 0.000000 -0.318435
    30 17.597597 0.000000 0.000000 -0.006675 -0.037147 0.253662
    31 0.000005 -0.000003 -3.713254 6.270329 3.113562 -0.021908
    32 18.045721 0.000000 0.000000 0.000000 0.000000 -0.319230
    33 17.597597 0.000000 0.000000 0.009962 0.029180 0.217833
  time 46
    0 0.000965 -2.124914 -0.342285 0.000000 -0.026130 -1.570922
    1 -0.625023 0.082034 0.000000 -1.570795 -1.570787 0.000000
    2 1.293670 0.684478 -0.000001 -0.085272 0.000562 0.006641
    3 5.309685 -0.003834 0.000000 -0.093866 0.009012 0.094617
    4 4.826790 -0.004591 0.000000 0.000000 0.000000 0.019920
    5 5.792767 -0.005304 0.000000 0.000000 0.000000 0.017444
    6 6.662322 -0.001452 0.000000 -0.000012 -0.026156 0.099346
    7 -2.869899 1.399632 4.140401 -0.571576 -1.365021 -2.682843
    8 4.972048 0.000000 -0.000002 0.929974 0.836443 0.663368
    9 11.585358 0.000000 0.000000 0.000000 0.000000 -1.981644
    10 10.127057 -0.000001 0.000001 -1.574017 0.019390 0.236622
    11 2.162477 0.109716 -1.664490 0.691977 0.643234 0.517682
    12 0.928312 0.000000 0.000000 0.000000 0.000000 0.000000
    13 0.928313 0.000000 -0.000001 0.000000 0.000000 0.000000
    14 3.784085 -0.427338 -0.044205 -0.006234 0.025432 -0.210447
    15 1.189161 -0.000001 -0.000001 0.000000 0.000000 0.640787
    16 1.302900 -0.000001 0.000001 0.000000 0.000000 0.518538
    17 -2.869899 1.399667 -4.140396 -0.529220 1.350079 -3.763162
    18 4.972047 0.000000 0.000000 0.639940 -0.966253 -0.938282
    19 11.585358 0.000000 0.000001 0.000000 0.000000 -0.728485
    20 10.127058 0.000000 0.000001 0.249388 0.013050 -0.726861
    21 2.162477 0.109715 1.664489 0.640330 -0.225407 0.139586
    22 0.928313 0.000000 0.000002 0.000000 0.000000 0.000000
    23 0.928311 0.000000 0.000001 0.000000 0.000000 0.000000
    24 3.784085 -0.427337 0.044204 0.002735 -0.001008 0.401396
    25 1.189159 0.000000 0.000001 0.000000 0.000000 0.794068
    26 1.302900 0.000000 -0.000001 0.000000 0.000000 0.575892
    27 2.046984 0.000001 0.000000 0.407909 -0.131408 0.302979
    28 -0.000005 0.000007 3.713254 -6.274812 -3.103839 -0.006908
    29 18.045723 0.000000 0.000000 0.000000 0.000000 -0.274840
    30 17.597597 0.000000 0.000000 -0.006371 -0.038083 0.224687
    31 0.000005 -0.000003 -3.713254 6.271192 3.114329 -0.007815
    32 18.045721 0.000000 0.000000 0.000000 0.000000 -0.276643
    33 17.597597 0.000000 0.000000 0.009560 0.028174 0.189334
  time 47
    0 0.000965 -1.624899 -0.201656 0.000000 -0.026130 -1.570922
    1 -0.421892 0.058596 0.000000 -1.570795 -1.570787 0.000000
    2 1.293670 0.684478 -0.000001 -0.079696 -0.001271 -0.016211
    3 5.309685 -0.003834 0.000000 -0.090871 0.008329 0.090449
    4 4.826790 -0.004591 0.000000 0.000000 0.000000 0.018332
    5 5.792767 -0.005304 0.000000 0.000000 0.000000 0.017444
    6 6.662322 -0.001452 0.000000 -0.000012 -0.026156 0.099346
    7 -2.869899 1.399632 4.140401 -0.571576 -1.365021 -2.682843
    8 4.972048 0.000000 -0.000002 1.089567 0.730704 0.699501
    9 11.585358 0.000000 0.000000 0.000000 0.000000 -1.953025
    10 10.127057 -0.000001 0.000001 -1.574017 0.019390 0.236622
    11 2.162477 0.109716 -1.664490 0.979070 0.835901 0.864880
    12 0.928312 0.000000 0.000000 0.000000 0.000000 0.000000
    13 0.928313 0.000000 -0.000001 0.000000 0.000000 0.000000
    14 3.784085 -0.427338 -0.044205 -0.009997 0.024078 -0.363789
    15 1.189161 -0.000001 -0.000001 0.000000 0.000000 0.649313
    16 1.302900 -0.000001 0.000001 0.000000 0.000000 0.516241
    17 -2.869899 1.399667 -4.140396 -0.529220 1.350079 -3.763162
    18 4.972047 0.000000 0.000000 0.583192 -1.001527 -0.835121
    19 11.585358 0.000000 0.000001 0.000000 0.000000 -0.881389
    20 10.127058 0.000000 0.000001 0.251281 0.006619 -0.634671
    21 2.162477 0.109715 1.664489 0.613045 -0.259988 0.181526
    22 0.928313 0.000000 0.000002 0.000000 0.000000 -0.000873
    23 0.928311 0.000000 0.000001 0.000000 0.000000 0.000000
    24 3.784085 -0.427337 0.044204 0.001596 0.001869 0.369715
    25 1.189159 0.000000 0.000001 0.000000 0.000000 0.786814
    26 1.302900 0.000000 -0.000001 0.000000 0.000000 0.561037
    27 2.046984 0.000001 0.000000 0.392442 -0.122528 0.317943
    28 -0.000005 0.000007 3.713254 -6.275674 -3.103072 0.005074
    29 18.045723 0.000000 0.000000 0.000000 0.000000 -0.232134
    30 17.597597 0.000000 0.000000 -0.005991 -0.038698 0.193878
    31 0.000005 -0.000003 -3.713254 6.271959 3.114809 0.003497
    32 18.045721 0.000000 0.000000 0.000000 0.000000 -0.235001
    33 17.597597 0.000000 0.000000 0.009123 0.027503 0.158989
  time 48
    0 0.000965 -1.144415 -0.107903 0.000000 -0.026130 -1.570922
    1 -0.230480 0.039064 0.000000 -1.570795 -1.570787 0.000000
    2 1.293670 0.684478 -0.000001 -0.073885 -0.002793 -0.037957
    3 5.309685 -0.003834 0.000000 -0.087978 0.007706 0.086492
    4 4.826790 -0.004591 0.000000 0.000000 0.000000 0.016811
    5 5.792767 -0.005304 0.000000 0.000000 0.000000 0.017444
    6 6.662322 -0.001452 0.000000 -0.000012 -0.026156 0.099346
    7 -2.869899 1.399632 4.140401 -0.571576 -1.365021 -2.682843
    8 4.972048 0.000000 -0.000002 1.229311 0.632554 0.723243
    9 11.585358 0.000000 0.000000 0.000000 0.000000 -1.923754
    10 10.127057 -0.000001 0.000001 -1.574017 0.019390 0.236622
    11 2.162477 0.109716 -1.664490 1.308570 0.952508 1.254116
    12 0.928312 0.000000 0.000000 0.000000 0.000000 0.000000
    13 0.928313 0.000000 -0.000001 0.000000 0.000000 0.000000
    14 3.784085 -0.427338 -0.044205 -0.013425 0.022484 -0.508619
    15 1.189161 -0.000001 -0.000001 0.000000 0.000000 0.657086
    16 1.302900 -0.000001 0.000001 0.000000 0.000000 0.514424
    17 -2.869899 1.399667 -4.140396 -0.529220 1.350079 -3.763162
    18 4.972047 0.000000 0.000000 0.502900 -1.036077 -0.703940
    19 11.585358 0.000000 0.000001 0.000000 0.000000 -1.060431
    20 10.127058 0.000000 0.000001 0.252543 0.000000 -0.530026
    21 2.162477 0.109715 1.664489 0.570156 -0.305024 0.244389
    22 0.928313 0.000000 0.000002 0.000000 0.000000 -0.002969
    23 0.928311 0.000000 0.000001 0.000000 0.000000 0.000000
    24 3.784085 -0.427337 0.044204 -0.000189 0.005812 0.325434
    25 1.189159 0.000000 0.000001 0.000000 0.000000 0.776633
    26 1.302900 0.000000 -0.000001 0.000000 0.000000 0.540220
    27 2.046984 0.000001 0.000000 0.371762 -0.114060 0.332238
    28 -0.000005 0.000007 3.713254 -6.276537 -3.102401 0.017919
    29 18.045723 0.000000 0.000000 0.000000 0.000000 -0.188169
    30 17.597597 0.000000 0.000000 -0.005611 -0.039215 0.162702
    31 0.000005 -0.000003 -3.713254 6.272725 3.115192 0.015769
    32 18.045721 0.000000 0.000000 0.000000 0.000000 -0.192336
    33 17.597597 0.000000 0.000000 0.008687 0.026990 0.128643
  time 49
    0 0.000965 -0.714715 -0.014150 0.000000 -0.026130 -1.570922
    1 -0.082038 0.027345 0.000000 -1.570795 -1.570787 0.000000
    2 1.293670 0.684478 -0.000001 -0.070802 -0.003872 -0.054748
    3 5.309685 -0.003834 0.000000 -0.085766 0.007251 0.083454
    4 4.826790 -0.004591 0.000000 0.000000 0.000000 0.015642
    5 5.792767 -0.005304 0.000000 0.000000 0.000000 0.017444
    6 6.662322 -0.001452 0.000000 -0.000012 -0.026156 0.099346
    7 -2.869899 1.399632 4.140401 -0.571576 -1.365021 -2.682843
    8 4.972048 0.000000 -0.000002 1.344662 0.550264 0.738754
    9 11.585358 0.000000 0.000000 0.000000 0.000000 -1.894121
    10 10.127057 -0.000001 0.000001 -1.574017 0.019390 0.236622
    11 2.162477 0.109716 -1.664490 -1.529338 2.194199 -1.541131
    12 0.928312 0.000000 0.000000 0.000000 0.000000 0.000000
    13 0.928313 0.000000 -0.000001 0.000000 0.000000 0.000000
    14 3.784085 -0.427338 -0.044205 -0.015678 0.021010 -0.611933
    15 1.189161 -0.000001 -0.000001 0.000000 0.000000 0.662435
    16 1.302900 -0.000001 0.000001 0.000000 0.000000 0.513089
    17 -2.869899 1.399667 -4.140396 -0.529220 1.350079 -3.763162
    18 4.972047 0.000000 0.000000 0.390248 -1.065083 -0.559449
    19 11.585358 0.000000 0.000001 0.000000 0.000000 -1.208354
    20 10.127058 0.000000 0.000001 0.251492 -0.005674 -0.446540
    21 2.162477 0.109715 1.664489 0.504672 -0.364254 0.336832
    22 0.928313 0.000000 0.000002 0.000000 0.000000 -0.006112
    23 0.928311 0.000000 0.000001 0.000000 0.000000 0.000000
    24 3.784085 -0.427337 0.044204 -0.002982 0.011169 0.263832
    25 1.189159 0.000000 0.000001 0.000000 0.000000 0.762292
    26 1.302900 0.000000 -0.000001 0.000000 0.000000 0.511282
    27 2.046984 0.000001 0.000000 0.347119 -0.107629 0.341180
    28 -0.000005 0.000007 3.713254 -6.277208 -3.102017 0.028464
    29 18.045723 0.000000 0.000000 0.000000 0.000000 -0.149607
    30 17.597597 0.000000 0.000000 -0.005256 -0.039584 0.134735
    31 0.000005 -0.000003 -3.713254 6.273396 3.115288 0.025547
    32 18.045721 0.000000 0.000000 0.000000 0.000000 -0.155575
    33 17.597597 0.000000 0.000000 0.008251 0.026635 0.101531
  time 50
    0 0.000965 -0.472520 -0.014150 0.000000 -0.026130 -1.570922
    1 0.019528 0.011719 0.000000 -1.570795 -1.570787 0.000000
    2 1.293670 0.684478 -0.000001 -0.070701 -0.004759 -0.067237
    3 5.309685 -0.003834 0.000000 -0.084115 0.006927 0.081158
    4 4.826790 -0.004591 0.000000 0.000000 0.000000 0.014760
    5 5.792767 -0.005304 0.000000 0.000000 0.000000 0.017444
    6 6.662322 -0.001452 0.000000 -0.000012 -0.026156 0.099346
    7 -2.869899 1.399632 4.140401 -0.571576 -1.365021 -2.682843
    8 4.972048 0.000000 -0.000002 1.429879 0.485627 0.748025
    9 11.585358 0.000000 0.000000 0.000000 0.000000 -1.864705
    10 10.127057 -0.000001 0.000001 -1.574017 0.019390 0.236622
    11 2.162477 0.109716 -1.664490 -1.286997 2.206655 -1.269178
    12 0.928312 0.000000 0.000000 0.000000 0.000000 0.000000
    13 0.928313 0.000000 -0.000001 0.000000 0.000000 0.000000
    14 3.784085 -0.427338 -0.044205 -0.017152 0.019787 -0.684109
    15 1.189161 -0.000001 -0.000001 0.000000 0.000000 0.666405
    16 1.302900 -0.000001 0.000001 0.000000 0.000000 0.512287
    17 -2.869899 1.399667 -4.140396 -0.529220 1.350079 -3.763162
    18 4.972047 0.000000 0.000000 0.239327 -1.086376 -0.397187
    19 11.585358 0.000000 0.000001 0.000000 0.000000 -1.322542
    20 10.127058 0.000000 0.000001 0.247775 -0.010780 -0.385164
    21 2.162477 0.109715 1.664489 0.418606 -0.426304 0.453764
    22 0.928313 0.000000 0.000002 0.000000 0.000000 -0.009692
    23 0.928311 0.000000 0.000001 0.000000 0.000000 0.000000
    24 3.784085 -0.427337 0.044204 -0.006661 0.017305 0.190608
    25 1.189159 0.000000 0.000001 0.000000 0.000000 0.745290
    26 1.302900 0.000000 -0.000001 0.000000 0.000000 0.476843
    27 2.046984 0.000001 0.000000 0.315712 -0.103734 0.346594
    28 -0.000005 0.000007 3.713254 -6.277592 -3.101729 0.033736
    29 18.045723 0.000000 0.000000 0.000000 0.000000 -0.131252
    30 17.597597 0.000000 0.000000 -0.005104 -0.039879 0.121623
    31 0.000005 -0.000003 -3.713254 6.273780 3.115576 0.030149
    32 18.045721 0.000000 0.000000 0.000000 0.000000 -0.138414
    33 17.597597 0.000000 0.000000 0.008083 0.026359 0.089014
  time 51
    0 0.000965 -0.472520 -0.014150 0.000000 -0.026130 -1.570922
    1 0.101562 0.007813 0.000000 -1.570795 -1.570787 0.000000
    2 1.293670 0.684478 -0.000001 -0.074373 -0.005670 -0.076127
    3 5.309685 -0.003834 0.000000 -0.082941 0.006675 0.079550
    4 4.826790 -0.004591 0.000000 0.000000 0.000000 0.014143
    5 5.792767 -0.005304 0.000000 0.000000 0.000000 0.017444
    6 6.662322 -0.001452 0.000000 -0.000012 -0.026156 0.099346
    7 -2.869899 1.399632 4.140401 -0.571576 -1.365021 -2.682843
    8 4.972048 0.000000 -0.000002 1.479224 0.451518 0.753658
    9 11.585358 0.000000 0.000000 0.000000 0.000000 -1.831304
    10 10.127057 -0.000001 0.000001 -1.574491 0.019296 0.216068
    11 2.162477 0.109716 -1.664490 -1.195803 2.225117 -1.165943
    12 0.928312 0.000000 0.000000 0.000000 0.000000 0.000000
    13 0.928313 0.000000 -0.000001 0.000000 0.000000 0.000000
    14 3.784085 -0.427338 -0.044205 -0.017811 0.019224 -0.717157
    15 1.189161 -0.000001 -0.000001 0.000000 0.000000 0.669038
    16 1.302900 -0.000001 0.000001 0.000000 0.000000 0.511967
    17 -2.869899 1.399667 -4.140396 -0.529220 1.350079 -3.763162
    18 4.972047 0.000000 0.000000 0.026404 -1.095134 -0.197587
    19 11.585358 0.000000 0.000001 0.000000 0.000000 -1.407081
    20 10.127058 0.000000 0.000001 0.240903 -0.015698 -0.344696
    21 2.162477 0.109715 1.664489 0.309275 -0.482959 0.595831
    22 0.928313 0.000000 0.000002 0.000000 0.000000 -0.013250
    23 0.928311 0.000000 0.000001 0.000000 0.000000 0.000000
    24 3.784085 -0.427337 0.044204 -0.011359 0.023788 0.108863
    25 1.189159 0.000000 0.000001 0.000000 0.000000 0.726458
    26 1.302900 0.000000 -0.000001 0.000000 0.000000 0.438498
    27 2.046984 0.000001 0.000000 0.267286 -0.102997 0.350000
    28 -0.000005 0.000007 3.713254 -6.277688 -3.101442 0.039488
    29 18.045723 0.000000 0.000000 0.000000 0.000000 -0.124368
    30 17.597597 0.000000 0.000000 -0.005256 -0.040076 0.120477
    31 0.000005 -0.000003 -3.713254 6.273780 3.115767 0.035518
    32 18.045721 0.000000 0.000000 0.000000 0.000000 -0.132353
    33 17.597597 0.000000 0.000000 0.008184 0.026122 0.088321
  time 52
    0 0.000965 -0.472520 -0.014150 0.000000 -0.026130 -1.570922
    1 0.101562 0.007813 0.000000 -1.570795 -1.570787 0.000000
    2 1.293670 0.684478 -0.000001 -0.084194 -0.006437 -0.076093
    3 5.309685 -0.003834 0.000000 -0.082941 0.006675 0.079550
    4 4.826790 -0.004591 0.000000 -0.008412 0.000120 0.014143
    5 5.792767 -0.005304 0.000000 0.000000 0.000000 0.017444
    6 6.662322 -0.001452 0.000000 -0.000012 -0.026156 0.099346
    7 -2.869899 1.399632 4.140401 -0.571576 -1.365021 -2.682843
    8 4.972048 0.000000 -0.000002 1.492616 0.468743 0.767002
    9 11.585358 0.000000 0.000000 0.000000 0.000000 -1.791092
    10 10.127057 -0.000001 0.000001 -1.575059 0.019109 0.185701
    11 2.162477 0.109716 -1.664490 -1.161183 2.246672 -1.126900
    12 0.928312 0.000000 0.000000 0.000000 0.000000 0.000000
    13 0.928313 0.000000 -0.000001 0.000000 0.000000 0.000000
    14 3.784085 -0.427338 -0.044205 -0.018087 0.018925 -0.732834
    15 1.189161 -0.000001 -0.000001 0.000000 0.000000 0.671546
    16 1.302900 -0.000001 0.000001 0.000000 0.000000 0.511967
    17 -2.869899 1.399667 -4.140396 -0.529220 1.350079 -3.763162
    18 4.972047 0.000000 0.000000 -0.276284 -1.043228 0.046405
    19 11.585358 0.000000 0.000001 0.000000 0.000000 -1.460989
    20 10.127058 0.000000 0.000001 0.228631 -0.020993 -0.328740
    21 2.162477 0.109715 1.664489 0.183765 -0.528607 0.755027
    22 0.928313 0.000000 0.000002 0.000000 0.000000 -0.016350
    23 0.928311 0.000000 0.000001 0.000000 0.000000 0.000000
    24 3.784085 -0.427337 0.044204 -0.016860 0.030308 0.021642
    25 1.189159 0.000000 0.000001 0.000000 0.000000 0.706527
    26 1.302900 0.000000 -0.000001 0.000000 0.000000 0.397584
    27 2.046984 0.000001 0.000000 0.206496 -0.110077 0.343066
    28 -0.000005 0.000007 3.713254 -6.277688 -3.101346 0.039584
    29 18.045723 0.000000 0.000000 0.000000 0.000000 -0.124294
    30 17.597597 0.000000 0.000000 -0.005205 -0.040150 0.120477
    31 0.000005 -0.000003 -3.713254 6.273780 3.115767 0.035422
    32 18.045721 0.000000 0.000000 0.000000 0.000000 -0.132432
    33 17.597597 0.000000 0.000000 0.008184 0.026063 0.088367
  time 53
    0 0.000965 -0.472520 -0.014150 0.000000 -0.026130 -1.570922
    1 0.101562 0.000000 0.000000 -1.570795 -1.570787 0.000000
    2 1.293670 0.684478 -0.000001 -0.098461 -0.007515 -0.075976
    3 5.309685 -0.003834 0.000000 -0.082941 0.006675 0.079550
    4 4.826790 -0.004591 0.000000 -0.020104 0.000288 0.014143
    5 5.792767 -0.005304 0.000000 0.000000 0.000000 0.017444
    6 6.662322 -0.001452 0.000000 -0.000012 -0.026156 0.099346
    7 -2.869899 1.399632 4.140401 -0.571576 -1.365021 -2.682843
    8 4.972048 0.000000 -0.000002 1.483927 0.512659 0.785545
    9 11.585358 0.000000 0.000000 0.000000 0.000000 -1.746895
    10 10.127057 -0.000001 0.000001 -1.575723 0.018828 0.148888
    11 2.162477 0.109716 -1.664490 -1.110707 2.268138 -1.070144
    12 0.928312 0.000000 0.000000 0.000000 0.000000 0.000000
    13 0.928313 0.000000 -0.000001 0.000000 0.000000 0.000000
    14 3.784085 -0.427338 -0.044205 -0.018459 0.018565 -0.752420
    15 1.189161 -0.000001 -0.000001 0.000000 0.000000 0.675432
    16 1.302900 -0.000001 0.000001 0.000000 0.000000 0.512181
    17 -2.869899 1.399667 -4.140396 -0.529220 1.350079 -3.763162
    18 4.972047 0.000000 0.000000 -0.612364 -0.979189 0.291129
    19 11.585358 0.000000 0.000001 0.000000 0.000000 -1.493335
    20 10.127058 0.000000 0.000001 0.212292 -0.026856 -0.330840
    21 2.162477 0.109715 1.664489 0.044374 -0.553532 0.927831
    22 0.928313 0.000000 0.000002 0.000000 0.000000 -0.018467
    23 0.928311 0.000000 0.000001 0.000000 0.000000 0.000000
    24 3.784085 -0.427337 0.044204 -0.023152 0.036420 -0.067982
    25 1.189159 0.000000 0.000001 0.000000 0.000000 0.686298
    26 1.302900 0.000000 -0.000001 0.000000 0.000000 0.355538
    27 2.046984 0.000001 0.000000 0.132351 -0.121731 0.337895
    28 -0.000005 0.000007 3.713254 -6.277784 -3.101250 0.039584
    29 18.045723 0.000000 0.000000 0.000000 0.000000 -0.124220
    30 17.597597 0.000000 0.000000 -0.005205 -0.040248 0.120431
    31 0.000005 -0.000003 -3.713254 6.273780 3.115959 0.035422
    32 18.045721 0.000000 0.000000 0.000000 0.000000 -0.132589
    33 17.597597 0.000000 0.000000 0.008184 0.025965 0.088413
  time 54
    0 0.000965 -0.472520 -0.014150 0.000000 -0.026130 -1.570922
    1 0.101562 0.000000 0.000000 -1.570795 -1.570787 0.000000
    2 1.293670 0.684478 -0.000001 -0.114396 -0.008726 -0.075842
    3 5.309685 -0.003834 0.000000 -0.082941 0.006675 0.079550
    4 4.826790 -0.004591 0.000000 -0.032922 0.000479 0.014121
    5 5.792767 -0.005304 0.000000 0.000000 0.000000 0.017444
    6 6.662322 -0.001452 0.000000 -0.000012 -0.026156 0.099346
    7 -2.869899 1.399632 4.140401 -0.571576 -1.365021 -2.682843
    8 4.972048 0.000000 -0.000002 1.460729 0.571924 0.804955
    9 11.585358 0.000000 0.000000 0.000000 0.000000 -1.702699
    10 10.127057 -0.000001 0.000001 -1.576481 0.018547 0.109754
    11 2.162477 0.109716 -1.664490 -1.067924 2.289428 -1.022167
    12 0.928312 0.000000 0.000000 0.000000 0.000000 0.000000
    13 0.928313 0.000000 -0.000001 0.000000 0.000000 0.000000
    14 3.784085 -0.427338 -0.044205 -0.018758 0.018265 -0.769009
    15 1.189161 -0.000001 -0.000001 0.000000 0.000000 0.679820
    16 1.302900 -0.000001 0.000001 0.000000 0.000000 0.512715
    17 -2.869899 1.399667 -4.140396 -0.529220 1.350079 -3.763162
    18 4.972047 0.000000 0.000000 -0.885787 -0.869352 0.457584
    19 11.585358 0.000000 0.000001 0.000000 0.000000 -1.510569
    20 10.127058 0.000000 0.000001 0.194411 -0.032908 -0.343596
    21 2.162477 0.109715 1.664489 -0.096646 -0.561533 1.101053
    22 0.928313 0.000000 0.000002 0.000000 0.000000 -0.019384
    23 0.928311 0.000000 0.000001 0.000000 0.000000 0.000000
    24 3.784085 -0.427337 0.044204 -0.029851 0.041981 -0.156907
    25 1.189159 0.000000 0.000001 0.000000 0.000000 0.666567
    26 1.302900 0.000000 -0.000001 0.000000 0.000000 0.313852
    27 2.046984 0.000001 0.000000 0.049976 -0.135391 0.334549
    28 -0.000005 0.000007 3.713254 -6.277784 -3.101154 0.039679
    29 18.045723 0.000000 0.000000 0.000000 0.000000 -0.124146
    30 17.597597 0.000000 0.000000 -0.005205 -0.040371 0.120385
    31 0.000005 -0.000003 -3.713254 6.273780 3.116055 0.035326
    32 18.045721 0.000000 0.000000 0.000000 0.000000 -0.132825
    33 17.597597 0.000000 0.000000 0.008150 0.025846 0.088506
  time 55
    0 0.000965 -0.472520 -0.014150 0.000000 -0.026130 -1.570922
    1 0.101562 0.000000 0.000000 -1.570795 -1.570787 0.000000
    2 1.293670 0.684478 -0.000001 -0.130079 -0.009924 -0.075691
    3 5.309685 -0.003834 0.000000 -0.082941 0.006675 0.079550
    4 4.826790 -0.004591 0.000000 -0.045416 0.000659 0.014121
    5 5.792767 -0.005304 0.000000 0.000000 0.000000 0.017444
    6 6.662322 -0.001452 0.000000 -0.000012 -0.026156 0.099346
    7 -2.869899 1.399632 4.140401 -0.571576 -1.365021 -2.682843
    8 4.972048 0.000000 -0.000002 1.431075 0.635197 0.822805
    9 11.585358 0.000000 0.000000 0.000000 0.000000 -1.662053
    10 10.127057 -0.000001 0.000001 -1.577145 0.018266 0.072361
    11 2.162477 0.109716 -1.664490 -1.032179 2.309481 -0.982454
    12 0.928312 0.000000 0.000000 0.000000 0.000000 0.000000
    13 0.928313 0.000000 -0.000001 0.000000 0.000000 0.000000
    14 3.784085 -0.427338 -0.044205 -0.019010 0.018002 -0.782602
    15 1.189161 -0.000001 -0.000001 0.000000 0.000000 0.684585
    16 1.302900 -0.000001 0.000001 0.000000 0.000000 0.513302
    17 -2.869899 1.399667 -4.140396 -0.529220 1.350079 -3.763162
    18 4.972047 0.000000 0.000000 -1.082014 -0.796153 0.544572
    19 11.585358 0.000000 0.000001 0.000000 0.000000 -1.518900
    20 10.127058 0.000000 0.000001 0.177581 -0.038677 -0.360603
    21 2.162477 0.109715 1.664489 -0.227995 -0.548351 1.262609
    22 0.928313 0.000000 0.000002 0.000000 0.000000 -0.018446
    23 0.928311 0.000000 0.000001 0.000000 0.000000 0.000000
    24 3.784085 -0.427337 0.044204 -0.036742 0.046643 -0.242032
    25 1.189159 0.000000 0.000001 0.000000 0.000000 0.648167
    26 1.302900 0.000000 -0.000001 0.000000 0.000000 0.274017
    27 2.046984 0.000001 0.000000 -0.031407 -0.149081 0.332968
    28 -0.000005 0.000007 3.713254 -6.277784 -3.101058 0.039679
    29 18.045723 0.000000 0.000000 0.000000 0.000000 -0.124146
    30 17.597597 0.000000 0.000000 -0.005180 -0.040470 0.120385
    31 0.000005 -0.000003 -3.713254 6.273780 3.116151 0.035230
    32 18.045721 0.000000 0.000000 0.000000 0.000000 -0.132904
    33 17.597597 0.000000 0.000000 0.008150 0.025748 0.088598
  time 56
    0 0.000965 -0.472520 -0.014150 0.000000 -0.026130 -1.570922
    1 0.101562 0.000000 0.000000 -1.570795 -1.570787 0.000000
    2 1.293670 0.684478 -0.000001 -0.144127 -0.010979 -0.075541
    3 5.309685 -0.003834 0.000000 -0.082941 0.006675 0.079550
    4 4.826790 -0.004591 0.000000 -0.056498 0.000839 0.014121
    5 5.792767 -0.005304 0.000000 0.000000 0.000000 0.017444
    6 6.662322 -0.001452 0.000000 -0.000012 -0.026156 0.099346
    7 -2.869899 1.399632 4.140401 -0.571576 -1.365021 -2.682843
    8 4.972048 0.000000 -0.000002 1.402775 0.692075 0.837882
    9 11.585358 0.000000 0.000000 0.000000 0.000000 -1.627999
    10 10.127057 -0.000001 0.000001 -1.577713 0.017985 0.040252
    11 2.162477 0.109716 -1.664490 -1.003000 2.327855 -0.950332
    12 0.928312 0.000000 0.000000 0.000000 0.000000 0.000000
    13 0.928313 0.000000 -0.000001 0.000000 0.000000 0.000000
    14 3.784085 -0.427338 -0.044205 -0.019214 0.017798 -0.793329
    15 1.189161 -0.000001 -0.000001 0.000000 0.000000 0.689516
    16 1.302900 -0.000001 0.000001 0.000000 0.000000 0.514050
    17 -2.869899 1.399667 -4.140396 -0.529220 1.350079 -3.763162
    18 4.972047 0.000000 0.000000 -1.217740 -0.732115 0.580645
    19 11.585358 0.000000 0.000001 0.000000 0.000000 -1.523148
    20 10.127058 0.000000 0.000001 0.163276 -0.043878 -0.376610
    21 2.162477 0.109715 1.664489 -0.344219 -0.522752 1.405649
    22 0.928313 0.000000 0.000002 0.000000 0.000000 -0.015106
    23 0.928311 0.000000 0.000001 0.000000 0.000000 0.000000
    24 3.784085 -0.427337 0.044204 -0.043382 0.050478 -0.320229
    25 1.189159 0.000000 0.000001 0.000000 0.000000 0.631830
    26 1.302900 0.000000 -0.000001 0.000000 0.000000 0.237368
    27 2.046984 0.000001 0.000000 -0.100340 -0.161266 0.332725
    28 -0.000005 0.000007 3.713254 -6.277784 -3.100962 0.039679
    29 18.045723 0.000000 0.000000 0.000000 0.000000 -0.124146
    30 17.597597 0.000000 0.000000 -0.005180 -0.040593 0.120385
    31 0.000005 -0.000003 -3.713254 6.273876 3.116247 0.035134
    32 18.045721 0.000000 0.000000 0.000000 0.000000 -0.133140
    33 17.597597 0.000000 0.000000 0.008150 0.025629 0.088737
  time 57
    0 0.000965 -0.472520 -0.014150 0.000000 -0.026130 -1.570922
    1 0.101562 -0.007813 0.000000 -1.570795 -1.570787 0.000000
    2 1.293670 0.684478 -0.000001 -0.155143 -0.011806 -0.075424
    3 5.309685 -0.003834 0.000000 -0.082941 0.006675 0.079550
    4 4.826790 -0.004591 0.000000 -0.065082 0.000959 0.014121
    5 5.792767 -0.005304 0.000000 0.000000 0.000000 0.017444
    6 6.662322 -0.001452 0.000000 -0.000012 -0.026156 0.099346
    7 -2.869899 1.399632 4.140401 -0.571576 -1.365021 -2.682843
    8 4.972048 0.000000 -0.000002 1.382288 0.734967 0.849753
    9 11.585358 0.000000 0.000000 0.000000 0.000000 -1.602568
    10 10.127057 -0.000001 0.000001 -1.578187 0.017704 0.016098
    11 2.162477 0.109716 -1.664490 -0.979732 2.343845 -0.925233
    12 0.928312 0.000000 0.000000 0.000000 0.000000 0.000000
    13 0.928313 0.000000 -0.000001 0.000000 0.000000 0.000000
    14 3.784085 -0.427338 -0.044205 -0.019345 0.017642 -0.801319
    15 1.189161 -0.000001 -0.000001 0.000000 0.000000 0.694448
    16 1.302900 -0.000001 0.000001 0.000000 0.000000 0.514852
    17 -2.869899 1.399667 -4.140396 -0.529220 1.350079 -3.763162
    18 4.972047 0.000000 0.000000 -1.307974 -0.686396 0.591626
    19 11.585358 0.000000 0.000001 0.000000 0.000000 -1.526987
    20 10.127058 0.000000 0.000001 0.152547 -0.047944 -0.388365
    21 2.162477 0.109715 1.664489 -0.435551 -0.491052 1.519710
    22 0.928313 0.000000 0.000002 0.000000 0.000000 -0.010172
    23 0.928311 0.000000 0.000001 0.000000 0.000000 0.000000
    24 3.784085 -0.427337 0.044204 -0.049350 0.053331 -0.387671
    25 1.189159 0.000000 0.000001 0.000000 0.000000 0.617956
    26 1.302900 0.000000 -0.000001 0.000000 0.000000 0.205757
    27 2.046984 0.000001 0.000000 -0.144069 -0.170589 0.333272
    28 -0.000005 0.000007 3.713254 -6.277784 -3.100867 0.039775
    29 18.045723 0.000000 0.000000 0.000000 0.000000 -0.124146
    30 17.597597 0.000000 0.000000 -0.005180 -0.040667 0.120385
    31 0.000005 -0.000003 -3.713254 6.273876 3.116343 0.035038
    32 18.045721 0.000000 0.000000 0.000000 0.000000 -0.133297
    33 17.597597 0.000000 0.000000 0.008150 0.025551 0.088783
  time 58
    0 0.000965 -0.472520 -0.014150 0.000000 -0.026130 -1.570922
    1 0.101562 -0.007813 0.000000 -1.570795 -1.570787 0.000000
    2 1.293670 0.684478 -0.000001 -0.161325 -0.012285 -0.075357
    3 5.309685 -0.003834 0.000000 -0.082941 0.006675 0.079550
    4 4.826790 -0.004591 0.000000 -0.069755 0.001031 0.014077
    5 5.792767 -0.005304 0.000000 0.000000 0.000000 0.017444
    6 6.662322 -0.001452 0.000000 -0.000012 -0.026156 0.099346
    7 -2.869899 1.399632 4.140401 -0.571576 -1.365021 -2.682843
    8 4.972048 0.000000 -0.000002 1.374077 0.759014 0.856598
    9 11.585358 0.000000 0.000000 0.000000 0.000000 -1.586556
    10 10.127057 -0.000001 0.000001 -1.578471 0.017517 0.001059
    11 2.162477 0.109716 -1.664490 -0.962375 2.356919 -0.906848
    12 0.928312 0.000000 0.000000 0.000000 0.000000 0.000000
    13 0.928313 0.000000 -0.000001 0.000000 0.000000 0.000000
    14 3.784085 -0.427338 -0.044205 -0.019429 0.017546 -0.806400
    15 1.189161 -0.000001 -0.000001 0.000000 0.000000 0.699128
    16 1.302900 -0.000001 0.000001 0.000000 0.000000 0.515707
    17 -2.869899 1.399667 -4.140396 -0.529220 1.350079 -3.763162
    18 4.972047 0.000000 0.000000 -1.361721 -0.649757 0.595287
    19 11.585358 0.000000 0.000001 0.000000 0.000000 -1.532378
    20 10.127058 0.000000 0.000001 0.145675 -0.050592 -0.394018
    21 2.162477 0.109715 1.664489 -0.503236 -0.462081 1.603729
    22 0.928313 0.000000 0.000002 0.000000 0.000000 0.000000
    23 0.928311 0.000000 0.000001 0.000000 0.000000 0.000000
    24 3.784085 -0.427337 0.044204 -0.054432 0.055404 -0.443322
    25 1.189159 0.000000 0.000001 0.000000 0.000000 0.608606
    26 1.302900 0.000000 -0.000001 0.000000 0.000000 0.179696
    27 2.046984 0.000001 0.000000 -0.150661 -0.175605 0.334002
    28 -0.000005 0.000007 3.713254 -6.277784 -3.100867 0.039679
    29 18.045723 0.000000 0.000000 0.000000 0.000000 -0.124146
    30 17.597597 0.000000 0.000000 -0.005180 -0.040691 0.120385
    31 0.000005 -0.000003 -3.713254 6.273876 3.116343 0.035038
    32 18.045721 0.000000 0.000000 0.000000 0.000000 -0.133376
    33 17.597597 0.000000 0.000000 0.008150 0.025531 0.088829
  time 59
    0 0.000965 -0.472520 -0.014150 0.000000 -0.026130 -1.570922
    1 0.027341 0.000000 0.000000 -1.570795 -1.570787 0.000000
    2 1.293670 0.684478 -0.000001 -0.162016 -0.010859 -0.066316
    3 5.309685 -0.003834 0.000000 -0.082941 0.006675 0.079550
    4 4.826790 -0.004591 0.000000 -0.069755 0.001031 0.014077
    5 5.792767 -0.005304 0.000000 0.000000 0.000000 0.017444
    6 6.662322 -0.001452 0.000000 -0.000012 -0.026156 0.099346
    7 -2.869899 1.399632 4.140401 -0.571576 -1.365021 -2.682843
    8 4.972048 0.000000 -0.000002 1.370490 0.774023 0.851486
    9 11.585358 0.000000 0.000000 0.000000 0.000000 -1.585252
    10 10.127057 -0.000001 0.000001 -1.578661 0.017517 -0.006431
    11 2.162477 0.109716 -1.664490 -0.949240 2.367608 -0.893989
    12 0.928312 0.000000 0.000000 0.000000 0.000000 0.000000
    13 0.928313 0.000000 -0.000001 0.000000 0.000000 0.000000
    14 3.784085 -0.427338 -0.044205 -0.019477 0.017498 -0.808572
    15 1.189161 -0.000001 -0.000001 0.000000 0.000000 0.703391
    16 1.302900 -0.000001 0.000001 0.000000 0.000000 0.516508
    17 -2.869899 1.399667 -4.140396 -0.529220 1.350079 -3.763162
    18 4.972047 0.000000 0.000000 -1.385546 -0.613117 0.596219
    19 11.585358 0.000000 0.000001 0.000000 0.000000 -1.542833
    20 10.127058 0.000000 0.000001 0.145675 -0.050592 -0.394018
    21 2.162477 0.109715 1.664489 -0.546030 -0.448899 1.652195
    22 0.928313 0.000000 0.000002 0.000000 0.000000 0.019493
    23 0.928311 0.000000 0.000001 0.000000 0.000000 0.000000
    24 3.784085 -0.427337 0.044204 -0.058195 0.056770 -0.483636
    25 1.189159 0.000000 0.000001 0.000000 0.000000 0.605512
    26 1.302900 0.000000 -0.000001 0.000000 0.000000 0.160781
    27 2.046984 0.000001 0.000000 -0.109129 -0.174572 0.327311
    28 -0.000005 0.000007 3.713254 -6.277688 -3.101154 0.034791
    29 18.045723 0.000000 0.000000 0.000000 0.000000 -0.129623
    30 17.597597 0.000000 0.000000 -0.005079 -0.040371 0.121027
    31 0.000005 -0.000003 -3.713254 6.273780 3.116055 0.030628
    32 18.045721 0.000000 0.000000 0.000000 0.000000 -0.137863
    33 17.597597 0.000000 0.000000 0.008117 0.025886 0.088921
  time 60
    0 0.000965 -0.472520 -0.014150 0.000000 -0.026130 -1.570922
    1 -0.070319 0.019532 0.000000 -1.570795 -1.570787 0.000000
    2 1.293670 0.684478 -0.000001 -0.158765 -0.008486 -0.053091
    3 5.309685 -0.003834 0.000000 -0.082941 0.006675 0.079550
    4 4.826790 -0.004591 0.000000 -0.066379 0.000971 0.014077
    5 5.792767 -0.005304 0.000000 0.000000 0.000000 0.017444
    6 6.662322 -0.001452 0.000000 -0.000012 -0.026156 0.099346
    7 -2.869899 1.399632 4.140401 -0.571576 -1.365021 -2.682843
    8 4.972048 0.000000 -0.000002 1.370570 0.778116 0.838142
    9 11.585358 0.000000 0.000000 0.000000 0.000000 -1.598439
    10 10.127057 -0.000001 0.000001 -1.578756 0.017704 -0.009392
    11 2.162477 0.109716 -1.664490 -0.943517 2.372643 -0.888824
    12 0.928312 0.000000 0.000000 0.000000 0.000000 0.000000
    13 0.928313 0.000000 -0.000001 0.000000 0.000000 0.000000
    14 3.784085 -0.427338 -0.044205 -0.019489 0.017498 -0.808876
    15 1.189161 -0.000001 -0.000001 0.000000 0.000000 0.707027
    16 1.302900 -0.000001 0.000001 0.000000 0.000000 0.517309
    17 -2.869899 1.399667 -4.140396 -0.529220 1.350079 -3.763162
    18 4.972047 0.000000 0.000000 -1.395770 -0.567398 0.598149
    19 11.585358 0.000000 0.000001 0.000000 0.000000 -1.558107
    20 10.127058 0.000000 0.000001 0.145675 -0.050592 -0.394018
    21 2.162477 0.109715 1.664489 -0.561635 -0.445342 1.667842
    22 0.928313 0.000000 0.000002 0.000000 0.000000 0.046322
    23 0.928311 0.000000 0.000001 0.000000 0.000000 0.000000
    24 3.784085 -0.427337 0.044204 -0.060951 0.057645 -0.512132
    25 1.189159 0.000000 0.000001 0.000000 0.000000 0.605046
    26 1.302900 0.000000 -0.000001 0.000000 0.000000 0.147365
    27 2.046984 0.000001 0.000000 -0.024816 -0.170087 0.318917
    28 -0.000005 0.000007 3.713254 -6.277496 -3.101729 0.027985
    29 18.045723 0.000000 0.000000 0.000000 0.000000 -0.137025
    30 17.597597 0.000000 0.000000 -0.004952 -0.039879 0.121623
    31 0.000005 -0.000003 -3.713254 6.273684 3.115576 0.024397
    32 18.045721 0.000000 0.000000 0.000000 0.000000 -0.143924
    33 17.597597 0.000000 0.000000 0.008016 0.026418 0.088829
  time 61
    0 0.000965 -0.472520 -0.014150 0.000000 -0.026130 -1.570922
    1 -0.195322 0.039064 0.000000 -1.570795 -1.570787 0.000000
    2 1.293670 0.684478 -0.000001 -0.152667 -0.005778 -0.037589
    3 5.309685 -0.003834 0.000000 -0.082941 0.006675 0.079550
    4 4.826790 -0.004591 0.000000 -0.060675 0.000899 0.014121
    5 5.792767 -0.005304 0.000000 0.000000 0.000000 0.017444
    6 6.662322 -0.001452 0.000000 -0.000012 -0.026156 0.099346
    7 -2.869899 1.399632 4.140401 -0.571576 -1.365021 -2.682843
    8 4.972048 0.000000 -0.000002 1.372562 0.775643 0.819165
    9 11.585358 0.000000 0.000000 0.000000 0.000000 -1.619957
    10 10.127057 -0.000001 0.000001 -1.578851 0.017985 -0.009160
    11 2.162477 0.109716 -1.664490 -0.943893 2.372555 -0.889651
    12 0.928312 0.000000 0.000000 0.000000 0.000000 0.000000
    13 0.928313 0.000000 -0.000001 0.000000 0.000000 0.000000
    14 3.784085 -0.427338 -0.044205 -0.019441 0.017534 -0.806661
    15 1.189161 -0.000001 -0.000001 0.000000 0.000000 0.710161
    16 1.302900 -0.000001 0.000001 0.000000 0.000000 0.518004
    17 -2.869899 1.399667 -4.140396 -0.529220 1.350079 -3.763162
    18 4.972047 0.000000 0.000000 -1.396802 -0.549079 0.601809
    19 11.585358 0.000000 0.000001 0.000000 0.000000 -1.574933
    20 10.127058 0.000000 0.000001 0.145675 -0.050592 -0.394018
    21 2.162477 0.109715 1.664489 -0.560199 -0.456869 1.658676
    22 0.928313 0.000000 0.000002 0.000000 0.000000 0.081772
    23 0.928311 0.000000 0.000001 0.000000 0.000000 0.000000
    24 3.784085 -0.427337 0.044204 -0.062761 0.058232 -0.530599
    25 1.189159 0.000000 0.000001 0.000000 0.000000 0.609338
    26 1.302900 0.000000 -0.000001 0.000000 0.000000 0.138627
    27 2.046984 0.000001 0.000000 0.089699 -0.163597 0.309792
    28 -0.000005 0.000007 3.713254 -6.277400 -3.102305 0.020316
    29 18.045723 0.000000 0.000000 0.000000 0.000000 -0.144944
    30 17.597597 0.000000 0.000000 -0.004800 -0.039338 0.121852
    31 0.000005 -0.000003 -3.713254 6.273588 3.115096 0.017590
    32 18.045721 0.000000 0.000000 0.000000 0.000000 -0.150379
    33 17.597597 0.000000 0.000000 0.007882 0.027030 0.088413
  time 62
    0 0.000965 -0.472520 -0.014150 0.000000 -0.026130 -1.570922
    1 -0.324233 0.050783 0.000000 -1.570795 -1.570787 0.000000
    2 1.293670 0.684478 -0.000001 -0.144615 -0.003093 -0.021350
    3 5.309685 -0.003834 0.000000 -0.082941 0.006675 0.079550
    4 4.826790 -0.004591 0.000000 -0.053332 0.000791 0.014121
    5 5.792767 -0.005304 0.000000 0.000000 0.000000 0.017444
    6 6.662322 -0.001452 0.000000 -0.000012 -0.026156 0.099346
    7 -2.869899 1.399632 4.140401 -0.571576 -1.365021 -2.682843
    8 4.972048 0.000000 -0.000002 1.375273 0.769247 0.796983
    9 11.585358 0.000000 0.000000 0.000000 0.000000 -1.645243
    10 10.127057 -0.000001 0.000001 -1.578945 0.018266 -0.006663
    11 2.162477 0.109716 -1.664490 -0.946332 2.372113 -0.895435
    12 0.928312 0.000000 0.000000 0.000000 0.000000 0.000000
    13 0.928313 0.000000 -0.000001 0.000000 0.000000 0.000000
    14 3.784085 -0.427338 -0.044205 -0.019345 0.017642 -0.801406
    15 1.189161 -0.000001 -0.000001 0.000000 0.000000 0.711666
    16 1.302900 -0.000001 0.000001 0.000000 0.000000 0.518538
    17 -2.869899 1.399667 -4.140396 -0.529220 1.350079 -3.763162
    18 4.972047 0.000000 0.000000 -1.391455 -0.539919 0.607400
    19 11.585358 0.000000 0.000001 0.000000 0.000000 -1.591105
    20 10.127058 0.000000 0.000001 0.145675 -0.050592 -0.394018
    21 2.162477 0.109715 1.664489 -0.552732 -0.478146 1.637382
    22 0.928313 0.000000 0.000002 0.000000 0.000000 0.119951
    23 0.928311 0.000000 0.000001 0.000000 0.000000 0.000000
    24 3.784085 -0.427337 0.044204 -0.063828 0.058580 -0.540461
    25 1.189159 0.000000 0.000001 0.000000 0.000000 0.617124
    26 1.302900 0.000000 -0.000001 0.000000 0.000000 0.133847
    27 2.046984 0.000001 0.000000 0.221920 -0.156309 0.300668
    28 -0.000005 0.000007 3.713254 -6.277304 -3.102880 0.012839
    29 18.045723 0.000000 0.000000 0.000000 0.000000 -0.152272
    30 17.597597 0.000000 0.000000 -0.004622 -0.038821 0.121669
    31 0.000005 -0.000003 -3.713254 6.273492 3.114521 0.010592
    32 18.045721 0.000000 0.000000 0.000000 0.000000 -0.156519
    33 17.597597 0.000000 0.000000 0.007781 0.027621 0.087582
  time 63
    0 0.000965 -0.472520 -0.014150 0.000000 -0.026130 -1.570922
    1 -0.445330 0.070315 0.000000 -1.570795 -1.570787 0.000000
    2 1.293670 0.684478 -0.000001 -0.135300 -0.000816 -0.006133
    3 5.309685 -0.003834 0.000000 -0.082941 0.006675 0.079550
    4 4.826790 -0.004591 0.000000 -0.045111 0.000659 0.014121
    5 5.792767 -0.005304 0.000000 0.000000 0.000000 0.017444
    6 6.662322 -0.001452 0.000000 -0.000012 -0.026156 0.099346
    7 -2.869899 1.399632 4.140401 -0.571576 -1.365021 -2.682843
    8 4.972048 0.000000 -0.000002 1.378541 0.760805 0.773847
    9 11.585358 0.000000 0.000000 0.000000 0.000000 -1.670892
    10 10.127057 -0.000001 0.000001 -1.579040 0.018453 -0.002773
    11 2.162477 0.109716 -1.664490 -0.955620 2.366283 -0.908346
    12 0.928312 0.000000 0.000000 0.000000 0.000000 0.000000
    13 0.928313 0.000000 -0.000001 0.000000 0.000000 0.000000
    14 3.784085 -0.427338 -0.044205 -0.019214 0.017786 -0.794067
    15 1.189161 -0.000001 -0.000001 0.000000 0.000000 0.711666
    16 1.302900 -0.000001 0.000001 0.000000 0.000000 0.518859
    17 -2.869899 1.399667 -4.140396 -0.529220 1.350079 -3.763162
    18 4.972047 0.000000 0.000000 -1.382169 -0.539919 0.614854
    19 11.585358 0.000000 0.000001 0.000000 0.000000 -1.605073
    20 10.127058 0.000000 0.000001 0.145675 -0.050592 -0.394018
    21 2.162477 0.109715 1.664489 -0.534351 -0.501445 1.604747
    22 0.928313 0.000000 0.000002 0.000000 0.000000 0.156777
    23 0.928311 0.000000 0.000001 0.000000 0.000000 0.000000
    24 3.784085 -0.427337 0.044204 -0.064379 0.058783 -0.544568
    25 1.189159 0.000000 0.000001 0.000000 0.000000 0.625309
    26 1.302900 0.000000 -0.000001 0.000000 0.000000 0.131740
    27 2.046984 0.000001 0.000000 0.356597 -0.148904 0.292274
    28 -0.000005 0.000007 3.713254 -6.277208 -3.103359 0.006129
    29 18.045723 0.000000 0.000000 0.000000 0.000000 -0.158341
    30 17.597597 0.000000 0.000000 -0.004470 -0.038403 0.121119
    31 0.000005 -0.000003 -3.713254 6.273396 3.114138 0.004360
    32 18.045721 0.000000 0.000000 0.000000 0.000000 -0.161793
    33 17.597597 0.000000 0.000000 0.007647 0.028095 0.086612
  time 64
    0 0.000965 -0.472520 -0.014150 0.000000 -0.026130 -1.570922
    1 -0.542989 0.074221 0.000000 -1.570795 -1.570787 0.000000
    2 1.293670 0.684478 -0.000001 -0.125733 0.000706 0.005720
    3 5.309685 -0.003834 0.000000 -0.082941 0.006675 0.079550
    4 4.826790 -0.004591 0.000000 -0.036852 0.000539 0.014121
    5 5.792767 -0.005304 0.000000 0.000000 0.000000 0.017444
    6 6.662322 -0.001452 0.000000 -0.000012 -0.026156 0.099346
    7 -2.869899 1.399632 4.140401 -0.571576 -1.365021 -2.682843
    8 4.972048 0.000000 -0.000002 1.382766 0.750231 0.752445
    9 11.585358 0.000000 0.000000 0.000000 0.000000 -1.694584
    10 10.127057 -0.000001 0.000001 -1.579040 0.018734 0.001988
    11 2.162477 0.109716 -1.664490 -0.973165 2.353827 -0.928538
    12 0.928312 0.000000 0.000000 0.000000 0.000000 0.000000
    13 0.928313 0.000000 -0.000001 0.000000 0.000000 0.000000
    14 3.784085 -0.427338 -0.044205 -0.019046 0.017966 -0.784513
    15 1.189161 -0.000001 -0.000001 0.000000 0.000000 0.711540
    16 1.302900 -0.000001 0.000001 0.000000 0.000000 0.518965
    17 -2.869899 1.399667 -4.140396 -0.529220 1.350079 -3.763162
    18 4.972047 0.000000 0.000000 -1.372039 -0.530759 0.624039
    19 11.585358 0.000000 0.000001 0.000000 0.000000 -1.615773
    20 10.127058 0.000000 0.000001 0.145675 -0.050592 -0.394018
    21 2.162477 0.109715 1.664489 -0.513959 -0.523365 1.571186
    22 0.928313 0.000000 0.000002 0.000000 0.000000 0.188124
    23 0.928311 0.000000 0.000001 0.000000 0.000000 0.000000
    24 3.784085 -0.427337 0.044204 -0.064487 0.058867 -0.545154
    25 1.189159 0.000000 0.000001 0.000000 0.000000 0.632962
    26 1.302900 0.000000 -0.000001 0.000000 0.000000 0.131431
    27 2.046984 0.000001 0.000000 0.473998 -0.141971 0.285947
    28 -0.000005 0.000007 3.713254 -6.277113 -3.103551 0.001048
    29 18.045723 0.000000 0.000000 0.000000 0.000000 -0.162708
    30 17.597597 0.000000 0.000000 -0.004344 -0.038156 0.120431
    31 0.000005 -0.000003 -3.713254 6.273301 3.113850 -0.000433
    32 18.045721 0.000000 0.000000 0.000000 0.000000 -0.165572
    33 17.597597 0.000000 0.000000 0.007547 0.028391 0.085688
  time 65
    0 0.000965 -0.472520 -0.014150 0.000000 -0.026130 -1.570922
    1 -0.582053 0.082034 0.000000 -1.570795 -1.570787 0.000000
    2 1.293670 0.684478 -0.000001 -0.117260 0.001245 0.010759
    3 5.309685 -0.003834 0.000000 -0.082941 0.006675 0.079550
    4 4.826790 -0.004591 0.000000 -0.029851 0.000431 0.014121
    5 5.792767 -0.005304 0.000000 0.000000 0.000000 0.017444
    6 6.662322 -0.001452 0.000000 -0.000012 -0.026156 0.099346
    7 -2.869899 1.399632 4.140401 -0.571576 -1.365021 -2.682843
    8 4.972048 0.000000 -0.000002 1.389702 0.737099 0.737194
    9 11.585358 0.000000 0.000000 0.000000 0.000000 -1.713712
    10 10.127057 -0.000001 0.000001 -1.579040 0.018922 0.007388
    11 2.162477 0.109716 -1.664490 -0.997089 2.337838 -0.956322
    12 0.928312 0.000000 0.000000 0.000000 0.000000 0.000000
    13 0.928313 0.000000 -0.000001 0.000000 0.000000 0.000000
    14 3.784085 -0.427338 -0.044205 -0.018830 0.018182 -0.772788
    15 1.189161 -0.000001 -0.000001 0.000000 0.000000 0.709534
    16 1.302900 -0.000001 0.000001 0.000000 0.000000 0.518805
    17 -2.869899 1.399667 -4.140396 -0.529220 1.350079 -3.763162
    18 4.972047 0.000000 0.000000 -1.364722 -0.530759 0.634555
    19 11.585358 0.000000 0.000001 0.000000 0.000000 -1.622225
    20 10.127058 0.000000 0.000001 0.145675 -0.050592 -0.394018
    21 2.162477 0.109715 1.664489 -0.497684 -0.538479 1.545726
    22 0.928313 0.000000 0.000002 0.000000 0.000000 0.209276
    23 0.928311 0.000000 0.000001 0.000000 0.000000 0.000000
    24 3.784085 -0.427337 0.044204 -0.064463 0.058879 -0.544540
    25 1.189159 0.000000 0.000001 0.000000 0.000000 0.637121
    26 1.302900 0.000000 -0.000001 0.000000 0.000000 0.131688
    27 2.046984 0.000001 0.000000 0.546938 -0.136070 0.284183
    28 -0.000005 0.000007 3.713254 -6.277113 -3.103647 -0.001061
    29 18.045723 0.000000 0.000000 0.000000 0.000000 -0.164410
    30 17.597597 0.000000 0.000000 -0.004293 -0.038107 0.120064
    31 0.000005 -0.000003 -3.713254 6.273301 3.113850 -0.002447
    32 18.045721 0.000000 0.000000 0.000000 0.000000 -0.167146
    33 17.597597 0.000000 0.000000 0.007513 0.028430 0.085273
  time 66
    0 0.000965 -0.472520 -0.014150 0.000000 -0.026130 -1.570922
    1 -0.519551 0.070315 0.000000 -1.570795 -1.570787 0.000000
    2 1.293670 0.684478 -0.000001 -0.109511 0.000299 0.002790
    3 5.309685 -0.003834 0.000000 -0.082941 0.006675 0.079550
    4 4.826790 -0.004591 0.000000 -0.023118 0.000336 0.014121
    5 5.792767 -0.005304 0.000000 0.000000 0.000000 0.017444
    6 6.662322 -0.001452 0.000000 -0.000012 -0.026156 0.099346
    7 -2.869899 1.399632 4.140401 -0.571576 -1.365021 -2.682843
    8 4.972048 0.000000 -0.000002 1.403094 0.716037 0.730002
    9 11.585358 0.000000 0.000000 0.000000 0.000000 -1.726101
    10 10.127057 -0.000001 0.000001 -1.578945 0.019015 0.012846
    11 2.162477 0.109716 -1.664490 -1.029927 2.317696 -0.993402
    12 0.928312 0.000000 0.000000 0.000000 0.000000 0.000000
    13 0.928313 0.000000 -0.000001 0.000000 0.000000 0.000000
    14 3.784085 -0.427338 -0.044205 -0.018578 0.018445 -0.758934
    15 1.189161 -0.000001 -0.000001 0.000000 0.000000 0.704979
    16 1.302900 -0.000001 0.000001 0.000000 0.000000 0.518324
    17 -2.869899 1.399667 -4.140396 -0.529220 1.350079 -3.763162
    18 4.972047 0.000000 0.000000 -1.365473 -0.530759 0.651593
    19 11.585358 0.000000 0.000001 0.000000 0.000000 -1.623369
    20 10.127058 0.000000 0.000001 0.145675 -0.050592 -0.394018
    21 2.162477 0.109715 1.664489 -0.489355 -0.545193 1.533273
    22 0.928313 0.000000 0.000002 0.000000 0.000000 0.218161
    23 0.928311 0.000000 0.000001 0.000000 0.000000 0.000000
    24 3.784085 -0.427337 0.044204 -0.064367 0.058891 -0.542947
    25 1.189159 0.000000 0.000001 0.000000 0.000000 0.640914
    26 1.302900 0.000000 -0.000001 0.000000 0.000000 0.132357
    27 2.046984 0.000001 0.000000 0.560896 -0.132736 0.296410
    28 -0.000005 0.000007 3.713254 -6.277208 -3.103359 0.002294
    29 18.045723 0.000000 0.000000 0.000000 0.000000 -0.161598
    30 17.597597 0.000000 0.000000 -0.004344 -0.038403 0.120569
    31 0.000005 -0.000003 -3.713254 6.273301 3.114138 0.000621
    32 18.045721 0.000000 0.000000 0.000000 0.000000 -0.164942
    33 17.597597 0.000000 0.000000 0.007580 0.028115 0.086012
  time 67
    0 0.000965 -0.472520 -0.014150 0.000000 -0.026130 -1.570922
    1 -0.335952 0.042970 0.000000 -1.570795 -1.570787 0.000000
    2 1.293670 0.684478 -0.000001 -0.101257 -0.002050 -0.020245
    3 5.309685 -0.003834 0.000000 -0.082941 0.006675 0.079550
    4 4.826790 -0.004591 0.000000 -0.015469 0.000216 0.014143
    5 5.792767 -0.005304 0.000000 0.000000 0.000000 0.017444
    6 6.662322 -0.001452 0.000000 -0.000012 -0.026156 0.099346
    7 -2.869899 1.399632 4.140401 -0.571576 -1.365021 -2.682843
    8 4.972048 0.000000 -0.000002 1.423661 0.676896 0.729222
    9 11.585358 0.000000 0.000000 0.000000 0.000000 -1.728855
    10 10.127057 -0.000001 0.000001 -1.578851 0.019015 0.018130
    11 2.162477 0.109716 -1.664490 -1.072709 2.293315 -1.040604
    12 0.928312 0.000000 0.000000 0.000000 0.000000 0.000000
    13 0.928313 0.000000 -0.000001 0.000000 0.000000 0.000000
    14 3.784085 -0.427338 -0.044205 -0.018279 0.018745 -0.743083
    15 1.189161 -0.000001 -0.000001 0.000000 0.000000 0.698794
    16 1.302900 -0.000001 0.000001 0.000000 0.000000 0.517470
    17 -2.869899 1.399667 -4.140396 -0.529220 1.350079 -3.763162
    18 4.972047 0.000000 0.000000 -1.375603 -0.539919 0.678881
    19 11.585358 0.000000 0.000001 0.000000 0.000000 -1.617406
    20 10.127058 0.000000 0.000001 0.145675 -0.050592 -0.394018
    21 2.162477 0.109715 1.664489 -0.522384 -0.544396 1.594100
    22 0.928313 0.000000 0.000002 0.000000 0.000000 0.186312
    23 0.928311 0.000000 0.000001 0.000000 0.000000 0.000000
    24 3.784085 -0.427337 0.044204 -0.064283 0.058879 -0.541718
    25 1.189159 0.000000 0.000001 0.000000 0.000000 0.648600
    26 1.302900 0.000000 -0.000001 0.000000 0.000000 0.132922
    27 2.046984 0.000001 0.000000 0.518589 -0.131556 0.326155
    28 -0.000005 0.000007 3.713254 -6.277304 -3.102688 0.012168
    29 18.045723 0.000000 0.000000 0.000000 0.000000 -0.152864
    30 17.597597 0.000000 0.000000 -0.004546 -0.039042 0.121577
    31 0.000005 -0.000003 -3.713254 6.273396 3.114809 0.009729
    32 18.045721 0.000000 0.000000 0.000000 0.000000 -0.157464
    33 17.597597 0.000000 0.000000 0.007781 0.027405 0.087767
  time 68
    0 0.000965 -0.472520 -0.014150 0.000000 -0.026130 -1.570922
    1 -0.109382 0.019532 0.000000 -1.570795 -1.570787 0.000000
    2 1.293670 0.684478 -0.000001 -0.092431 -0.004507 -0.048655
    3 5.309685 -0.003834 0.000000 -0.082941 0.006675 0.079550
    4 4.826790 -0.004591 0.000000 -0.008355 0.000108 0.014143
    5 5.792767 -0.005304 0.000000 0.000000 0.000000 0.017444
    6 6.662322 -0.001452 0.000000 -0.000012 -0.026156 0.099346
    7 -2.869899 1.399632 4.140401 -0.571576 -1.365021 -2.682843
    8 4.972048 0.000000 -0.000002 1.441757 0.676896 0.731822
    9 11.585358 0.000000 0.000000 0.000000 0.000000 -1.718421
    10 10.127057 -0.000001 0.000001 -1.578661 0.018828 0.022659
    11 2.162477 0.109716 -1.664490 -1.128252 2.266107 -1.100769
    12 0.928312 0.000000 0.000000 0.000000 0.000000 0.000000
    13 0.928313 0.000000 -0.000001 0.000000 0.000000 0.000000
    14 3.784085 -0.427338 -0.044205 -0.017955 0.019068 -0.725278
    15 1.189161 -0.000001 -0.000001 0.000000 0.000000 0.690436
    16 1.302900 -0.000001 0.000001 0.000000 0.000000 0.516187
    17 -2.869899 1.399667 -4.140396 -0.529220 1.350079 -3.763162
    18 4.972047 0.000000 0.000000 -1.386296 -0.549079 0.710428
    19 11.585358 0.000000 0.000001 0.000000 0.000000 -1.602459
    20 10.127058 0.000000 0.000001 0.145675 -0.050592 -0.394018
    21 2.162477 0.109715 1.664489 -0.555317 -0.538663 1.654880
    22 0.928313 0.000000 0.000002 0.000000 0.000000 0.127221
    23 0.928311 0.000000 0.000001 0.000000 0.000000 0.000000
    24 3.784085 -0.427337 0.044204 -0.063959 0.058867 -0.537136
    25 1.189159 0.000000 0.000001 0.000000 0.000000 0.653690
    26 1.302900 0.000000 -0.000001 0.000000 0.000000 0.134978
    27 2.046984 0.000001 0.000000 0.440264 -0.127691 0.356934
    28 -0.000005 0.000007 3.713254 -6.277592 -3.101921 0.025205
    29 18.045723 0.000000 0.000000 0.000000 0.000000 -0.140134
    30 17.597597 0.000000 0.000000 -0.004825 -0.039658 0.121944
    31 0.000005 -0.000003 -3.713254 6.273588 3.115288 0.022000
    32 18.045721 0.000000 0.000000 0.000000 0.000000 -0.146443
    33 17.597597 0.000000 0.000000 0.008050 0.026635 0.088921
  time 69
    0 0.000965 -0.456894 -0.014150 0.000000 -0.026130 -1.570922
    1 0.046872 0.007813 0.000000 -1.570795 -1.570787 0.000000
    2 1.293670 0.684478 -0.000001 -0.083116 -0.005778 -0.069363
    3 5.309685 -0.003834 0.000000 -0.082941 0.006675 0.079550
    4 4.826790 -0.004591 0.000000 -0.003014 0.000036 0.014143
    5 5.792767 -0.005304 0.000000 0.000000 0.000000 0.017444
    6 6.662322 -0.001452 0.000000 -0.000012 -0.026156 0.099346
    7 -2.869899 1.399632 4.140401 -0.571576 -1.365021 -2.682843
    8 4.972048 0.000000 -0.000002 1.445105 0.655748 0.733382
    9 11.585358 0.000000 0.000000 0.000000 0.000000 -1.690309
    10 10.127057 -0.000001 0.000001 -1.578377 0.018453 0.025910
    11 2.162477 0.109716 -1.664490 -1.164091 2.229446 -1.139088
    12 0.928312 0.000000 0.000000 0.000000 0.000000 0.000000
    13 0.928313 0.000000 -0.000001 0.000000 0.000000 0.000000
    14 3.784085 -0.427338 -0.044205 -0.017764 0.019236 -0.715420
    15 1.189161 -0.000001 -0.000001 0.000000 0.000000 0.685003
    16 1.302900 -0.000001 0.000001 0.000000 0.000000 0.515333
    17 -2.869899 1.399667 -4.140396 -0.529220 1.350079 -3.763162
    18 4.972047 0.000000 0.000000 -1.385921 -0.567398 0.738248
    19 11.585358 0.000000 0.000001 0.000000 0.000000 -1.575423
    20 10.127058 0.000000 0.000001 0.145675 -0.050592 -0.394018
    21 2.162477 0.109715 1.664489 -0.548807 -0.526645 1.648492
    22 0.928313 0.000000 0.000002 0.000000 0.000000 0.049967
    23 0.928311 0.000000 0.000001 0.000000 0.000000 0.000000
    24 3.784085 -0.427337 0.044204 -0.062042 0.058424 -0.520653
    25 1.189159 0.000000 0.000001 0.000000 0.000000 0.648034
    26 1.302900 0.000000 -0.000001 0.000000 0.000000 0.142637
    27 2.046984 0.000001 0.000000 0.364309 -0.118338 0.369100
    28 -0.000005 0.000007 3.713254 -6.277688 -3.101538 0.033928
    29 18.045723 0.000000 0.000000 0.000000 0.000000 -0.130956
    30 17.597597 0.000000 0.000000 -0.005003 -0.040027 0.121531
    31 0.000005 -0.000003 -3.713254 6.273684 3.115672 0.030149
    32 18.045721 0.000000 0.000000 0.000000 0.000000 -0.138493
    33 17.597597 0.000000 0.000000 0.008184 0.026201 0.089060
  time 70
    0 0.000965 -0.421737 -0.014150 0.000000 -0.026130 -1.570922
    1 0.101562 0.007813 0.000000 -1.570795 -1.570787 0.000000
    2 1.293670 0.684478 -0.000001 -0.074373 -0.005670 -0.076127
    3 5.309685 -0.003834 0.000000 -0.082941 0.006675 0.079550
    4 4.826790 -0.004591 0.000000 0.000000 0.000000 0.014143
    5 5.792767 -0.005304 0.000000 0.000000 0.000000 0.017444
    6 6.662322 -0.001452 0.000000 -0.000012 -0.026156 0.099346
    7 -2.869899 1.399632 4.140401 -0.571576 -1.365021 -2.682843
    8 4.972048 0.000000 -0.000002 1.425734 0.592304 0.732948
    9 11.585358 0.000000 0.000000 0.000000 0.000000 -1.637708
    10 10.127057 -0.000001 0.000001 -1.577998 0.017798 0.027188
    11 2.162477 0.109716 -1.664490 -1.286997 2.206655 -1.269178
    12 0.928312 0.000000 0.000000 0.000000 0.000000 0.000000
    13 0.928313 0.000000 -0.000001 0.000000 0.000000 0.000000
    14 3.784085 -0.427338 -0.044205 -0.017152 0.019787 -0.684109
    15 1.189161 -0.000001 -0.000001 0.000000 0.000000 0.666405
    16 1.302900 -0.000001 0.000001 0.000000 0.000000 0.512287
    17 -2.869899 1.399667 -4.140396 -0.529220 1.350079 -3.763162
    18 4.972047 0.000000 0.000000 -1.368943 -0.594878 0.758148
    19 11.585358 0.000000 0.000001 0.000000 0.000000 -1.532214
    20 10.127058 0.000000 0.000001 0.145675 -0.050592 -0.394018
    21 2.162477 0.109715 1.664489 -0.503236 -0.462081 1.603729
    22 0.928313 0.000000 0.000002 0.000000 0.000000 0.000000
    23 0.928311 0.000000 0.000001 0.000000 0.000000 0.000000
    24 3.784085 -0.427337 0.044204 -0.054432 0.055404 -0.443322
    25 1.189159 0.000000 0.000001 0.000000 0.000000 0.608606
    26 1.302900 0.000000 -0.000001 0.000000 0.000000 0.179696
    27 2.046984 0.000001 0.000000 0.317909 -0.105534 0.357543
    28 -0.000005 0.000007 3.713254 -6.277688 -3.101442 0.035078
    29 18.045723 0.000000 0.000000 0.000000 0.000000 -0.129771
    30 17.597597 0.000000 0.000000 -0.005104 -0.040101 0.121394
    31 0.000005 -0.000003 -3.713254 6.273780 3.115767 0.031108
    32 18.045721 0.000000 0.000000 0.000000 0.000000 -0.137469
    33 17.597597 0.000000 0.000000 0.008117 0.026142 0.089060
  time 71
    0 0.000965 -0.370954 -0.014150 0.000000 -0.026130 -1.570922
    1 0.125000 0.000000 0.000000 -1.570795 -1.570787 0.000000
    2 1.293670 0.684478 -0.000001 -0.065934 -0.004867 -0.073816
    3 5.309685 -0.003834 0.000000 -0.075879 0.005429 0.070542
    4 4.826790 -0.004591 0.000000 0.000000 0.000000 0.010681
    5 5.792767 -0.005304 0.000000 0.000000 0.000000 0.017444
    6 6.662322 -0.001452 0.000000 -0.000012 -0.023916 0.120736
    7 -2.869899 1.399632 4.140401 -0.525566 -1.362655 -2.749533
    8 4.972048 0.000000 -0.000002 1.386672 0.571157 0.736588
    9 11.585358 0.000000 0.000000 0.000000 0.000000 -1.550112
    10 10.127057 -0.000001 0.000001 -1.577429 0.016767 0.026607
    11 2.162477 0.109716 -1.664490 1.034894 0.624241 0.988824
    12 0.928312 0.000000 0.000000 0.000000 0.000000 0.000000
    13 0.928313 0.000000 -0.000001 0.000000 0.000000 0.000000
    14 3.784085 -0.427338 -0.044205 -0.012095 0.022724 -0.462065
    15 1.189161 -0.000001 -0.000001 0.000000 0.000000 0.521555
    16 1.302900 -0.000001 0.000001 0.000000 0.000000 0.487872
    17 -2.869899 1.399667 -4.140396 -0.495306 1.350972 -3.750902
    18 4.972047 0.000000 0.000000 -1.341742 -0.622277 0.777915
    19 11.585358 0.000000 0.000001 0.000000 0.000000 -1.463930
    20 10.127058 0.000000 0.000001 0.227439 -0.032530 -0.376310
    21 2.162477 0.109715 1.664489 -0.305446 -0.156919 1.217614
    22 0.928313 0.000000 0.000002 0.000000 0.000000 0.000000
    23 0.928311 0.000000 0.000001 0.000000 0.000000 0.000000
    24 3.784085 -0.427337 0.044204 -0.035041 0.042604 -0.230857
    25 1.189159 0.000000 0.000001 0.000000 0.000000 0.459345
    26 1.302900 0.000000 -0.000001 0.000000 0.000000 0.281984
    27 2.046984 0.000001 0.000000 0.282624 -0.089838 0.321410
    28 -0.000005 0.000007 3.713254 -6.277496 -3.101346 0.033736
    29 18.045723 0.000000 0.000000 0.000000 0.000000 -0.130956
    30 17.597597 0.000000 0.000000 -0.005180 -0.040248 0.121348
    31 0.000005 -0.000003 -3.713254 6.273876 3.115959 0.029765
    32 18.045721 0.000000 0.000000 0.000000 0.000000 -0.138965
    33 17.597597 0.000000 0.000000 0.008016 0.025984 0.089199
  time 72
    0 0.000965 -0.316265 -0.014150 0.000000 -0.026130 -1.570922
    1 0.128906 0.000000 0.000000 -1.570795 -1.570787 0.000000
    2 1.293670 0.684478 -0.000001 -0.056905 -0.003836 -0.067237
    3 5.309685 -0.003834 0.000000 -0.066826 0.004003 0.058990
    4 4.826790 -0.004591 0.000000 0.000000 0.000000 0.006272
    5 5.792767 -0.005304 0.000000 0.000000 0.000000 0.017444
    6 6.662322 -0.001452 0.000000 -0.000012 -0.021043 0.148135
    7 -2.869899 1.399632 4.140401 -0.464124 -1.358841 -2.837494
    8 4.972048 0.000000 -0.000002 1.325529 0.550009 0.738234
    9 11.585358 0.000000 0.000000 0.000000 0.000000 -1.425058
    10 10.127057 -0.000001 0.000001 -1.576671 0.015269 0.025039
    11 2.162477 0.109716 -1.664490 0.258334 0.204014 0.159484
    12 0.928312 0.000000 0.000000 0.000000 0.000000 0.000000
    13 0.928313 0.000000 -0.000001 0.000000 0.000000 0.000000
    14 3.784085 -0.427338 -0.044205 -0.005791 0.025540 -0.192815
    15 1.189161 -0.000001 -0.000001 0.000000 0.000000 0.343439
    16 1.302900 -0.000001 0.000001 0.000000 0.000000 0.457741
    17 -2.869899 1.399667 -4.140396 -0.447541 1.351472 -3.730597
    18 4.972047 0.000000 0.000000 -1.297469 -0.658916 0.796351
    19 11.585358 0.000000 0.000001 0.000000 0.000000 -1.367711
    20 10.127058 0.000000 0.000001 0.343214 -0.009646 -0.349048
    21 2.162477 0.109715 1.664489 -0.120963 0.090853 0.739519
    22 0.928313 0.000000 0.000002 0.000000 0.000000 0.000000
    23 0.928311 0.000000 0.000001 0.000000 0.000000 0.000000
    24 3.784085 -0.427337 0.044204 -0.015829 0.027671 -0.015683
    25 1.189159 0.000000 0.000001 0.000000 0.000000 0.293947
    26 1.302900 0.000000 -0.000001 0.000000 0.000000 0.385607
    27 2.046984 0.000001 0.000000 0.244926 -0.072077 0.271774
    28 -0.000005 0.000007 3.713254 -6.277400 -3.101154 0.030765
    29 18.045723 0.000000 0.000000 0.000000 0.000000 -0.134064
    30 17.597597 0.000000 0.000000 -0.005205 -0.040396 0.121440
    31 0.000005 -0.000003 -3.713254 6.273876 3.116055 0.026698
    32 18.045721 0.000000 0.000000 0.000000 0.000000 -0.142114
    33 17.597597 0.000000 0.000000 0.007849 0.025886 0.089245
  time 73
    0 0.000965 -0.265482 -0.014150 0.000000 -0.026130 -1.570922
    1 0.117187 0.000000 0.000000 -1.570795 -1.570787 0.000000
    2 1.293670 0.684478 -0.000001 -0.047843 -0.002793 -0.058465
    3 5.309685 -0.003834 0.000000 -0.056939 0.002685 0.046378
    4 4.826790 -0.004591 0.000000 0.000000 0.000000 0.001443
    5 5.792767 -0.005304 0.000000 0.000000 0.000000 0.017444
    6 6.662322 -0.001452 0.000000 -0.000012 -0.017923 0.177898
    7 -2.869899 1.399632 4.140401 -0.392618 -1.353341 -2.937433
    8 4.972048 0.000000 -0.000002 1.242943 0.588893 0.733901
    9 11.585358 0.000000 0.000000 0.000000 0.000000 -1.268776
    10 10.127057 -0.000001 0.000001 -1.575723 0.013489 0.022543
    11 2.162477 0.109716 -1.664490 0.179618 0.075392 0.083258
    12 0.928312 0.000000 0.000000 0.000000 0.000000 0.000000
    13 0.928313 0.000000 -0.000001 0.000000 0.000000 0.000000
    14 3.784085 -0.427338 -0.044205 -0.003490 0.025996 -0.100836
    15 1.189161 -0.000001 -0.000001 0.000000 0.000000 0.283008
    16 1.302900 -0.000001 0.000001 0.000000 0.000000 0.447483
    17 -2.869899 1.399667 -4.140396 -0.388024 1.350894 -3.701288
    18 4.972047 0.000000 0.000000 -1.236406 -0.695475 0.808331
    19 11.585358 0.000000 0.000001 0.000000 0.000000 -1.248132
    20 10.127058 0.000000 0.000001 0.487809 0.013995 -0.311782
    21 2.162477 0.109715 1.664489 -0.095114 0.090761 0.602266
    22 0.928313 0.000000 0.000002 0.000000 0.000000 0.000000
    23 0.928311 0.000000 0.000001 0.000000 0.000000 0.000000
    24 3.784085 -0.427337 0.044204 -0.009633 0.021308 0.064246
    25 1.189159 0.000000 0.000001 0.000000 0.000000 0.235021
    26 1.302900 0.000000 -0.000001 0.000000 0.000000 0.424158
    27 2.046984 0.000001 0.000000 0.207056 -0.055112 0.215812
    28 -0.000005 0.000007 3.713254 -6.277208 -3.101058 0.026738
    29 18.045723 0.000000 0.000000 0.000000 0.000000 -0.138061
    30 17.597597 0.000000 0.000000 -0.005256 -0.040519 0.121440
    31 0.000005 -0.000003 -3.713254 6.273971 3.116151 0.022767
    32 18.045721 0.000000 0.000000 0.000000 0.000000 -0.146050
    33 17.597597 0.000000 0.000000 0.007681 0.025827 0.089245
  time 74
    0 0.000965 -0.199074 -0.014150 0.000000 -0.026130 -1.570922
    1 0.101562 0.000000 0.000000 -1.570795 -1.570787 0.000000
    2 1.293670 0.684478 -0.000001 -0.039168 -0.001907 -0.048688
    3 5.309685 -0.003834 0.000000 -0.046950 0.001606 0.033643
    4 4.826790 -0.004591 0.000000 0.000000 0.000000 -0.003429
    5 5.792767 -0.005304 0.000000 0.000000 0.000000 0.017444
    6 6.662322 -0.001452 0.000000 0.000000 -0.014762 0.207974
    7 -2.869899 1.399632 4.140401 -0.317086 -1.346185 -3.041779
    8 4.972048 0.000000 -0.000002 1.138832 0.687896 0.717091
    9 11.585358 0.000000 0.000000 0.000000 0.000000 -1.089164
    10 10.127057 -0.000001 0.000001 -1.574680 0.011334 0.019349
    11 2.162477 0.109716 -1.664490 0.157007 0.056488 0.063376
    12 0.928312 0.000000 0.000000 0.000000 0.000000 0.000000
    13 0.928313 0.000000 -0.000001 0.000000 0.000000 0.000000
    14 3.784085 -0.427338 -0.044205 -0.002351 0.026091 -0.059927
    15 1.189161 -0.000001 -0.000001 0.000000 0.000000 0.256136
    16 1.302900 -0.000001 0.000001 0.000000 0.000000 0.442942
    17 -2.869899 1.399667 -4.140396 -0.320770 1.348817 -3.664796
    18 4.972047 0.000000 0.000000 -1.158741 -0.768754 0.808797
    19 11.585358 0.000000 0.000001 0.000000 0.000000 -1.111318
    20 10.127058 0.000000 0.000001 0.654494 0.034232 -0.265362
    21 2.162477 0.109715 1.664489 -0.086498 0.090332 0.560511
    22 0.928313 0.000000 0.000002 0.000000 0.000000 0.000000
    23 0.928311 0.000000 0.000001 0.000000 0.000000 0.000000
    24 3.784085 -0.427337 0.044204 -0.007716 0.017580 0.099699
    25 1.189159 0.000000 0.000001 0.000000 0.000000 0.208802
    26 1.302900 0.000000 -0.000001 0.000000 0.000000 0.441325
    27 2.046984 0.000001 0.000000 0.170178 -0.040243 0.158025
    28 -0.000005 0.000007 3.713254 -6.277017 -3.101058 0.022521
    29 18.045723 0.000000 0.000000 0.000000 0.000000 -0.142354
    30 17.597597 0.000000 0.000000 -0.005256 -0.040593 0.121348
    31 0.000005 -0.000003 -3.713254 6.274067 3.116247 0.018453
    32 18.045721 0.000000 0.000000 0.000000 0.000000 -0.150222
    33 17.597597 0.000000 0.000000 0.007513 0.025767 0.089060
  time 75
    0 0.000965 -0.144385 -0.014150 0.000000 -0.026130 -1.570922
    1 0.082030 0.000000 0.000000 -1.570795 -1.570787 0.000000
    2 1.293670 0.684478 -0.000001 -0.030964 -0.001187 -0.038694
    3 5.309685 -0.003834 0.000000 -0.037233 0.000815 0.021296
    4 4.826790 -0.004591 0.000000 0.000000 0.000000 -0.008148
    5 5.792767 -0.005304 0.000000 0.000000 0.000000 0.017444
    6 6.662322 -0.001452 0.000000 0.000000 -0.011711 0.237111
    7 -2.869899 1.399632 4.140401 -0.242512 -1.337492 -3.143921
    8 4.972048 0.000000 -0.000002 1.011046 0.793721 0.680092
    9 11.585358 0.000000 0.000000 0.000000 0.000000 -0.895931
    10 10.127057 -0.000001 0.000001 -1.573448 0.009086 0.015633
    11 2.162477 0.109716 -1.664490 0.124357 0.061346 0.043441
    12 0.928312 0.000000 0.000000 0.000000 0.000000 0.000000
    13 0.928313 0.000000 -0.000001 0.000000 0.000000 0.000000
    14 3.784085 -0.427338 -0.044205 -0.001165 0.026163 -0.014285
    15 1.189161 -0.000001 -0.000001 0.000000 0.000000 0.226130
    16 1.302900 -0.000001 0.000001 0.000000 0.000000 0.437867
    17 -2.869899 1.399667 -4.140396 -0.250554 1.345057 -3.624568
    18 4.972047 0.000000 0.000000 -1.064192 -0.814473 0.792890
    19 11.585358 0.000000 0.000001 0.000000 0.000000 -0.964376
    20 10.127058 0.000000 0.000001 0.834292 0.047188 -0.212489
    21 2.162477 0.109715 1.664489 -0.069361 0.057682 0.503619
    22 0.928313 0.000000 0.000002 0.000000 0.000000 0.000000
    23 0.928311 0.000000 0.000001 0.000000 0.000000 0.000000
    24 3.784085 -0.427337 0.044204 -0.005187 0.013913 0.139286
    25 1.189159 0.000000 0.000001 0.000000 0.000000 0.179589
    26 1.302900 0.000000 -0.000001 0.000000 0.000000 0.460446
    27 2.046984 0.000001 0.000000 0.135022 -0.027940 0.100906
    28 -0.000005 0.000007 3.713254 -6.276825 -3.101058 0.018111
    29 18.045723 0.000000 0.000000 0.000000 0.000000 -0.146425
    30 17.597597 0.000000 0.000000 -0.005256 -0.040617 0.121165
    31 0.000005 -0.000003 -3.713254 6.274163 3.116247 0.014235
    32 18.045721 0.000000 0.000000 0.000000 0.000000 -0.154079
    33 17.597597 0.000000 0.000000 0.007345 0.025767 0.088783
  time 76
    0 0.000965 -0.093602 -0.014150 0.000000 -0.026130 -1.570922
    1 0.062498 0.000000 0.000000 -1.570795 -1.570787 0.000000
    2 1.293670 0.684478 -0.000001 -0.023300 -0.000672 -0.028917
    3 5.309685 -0.003834 0.000000 -0.028027 0.000276 0.009567
    4 4.826790 -0.004591 0.000000 0.000000 0.000000 -0.012602
    5 5.792767 -0.005304 0.000000 0.000000 0.000000 0.017444
    6 6.662322 -0.001452 0.000000 0.000000 -0.008811 0.264738
    7 -2.869899 1.399632 4.140401 -0.173402 -1.327704 -3.239164
    8 4.972048 0.000000 -0.000002 0.856953 0.897073 0.614411
    9 11.585358 0.000000 0.000000 0.000000 0.000000 -0.699582
    10 10.127057 -0.000001 0.000001 -1.572311 0.006838 0.011801
    11 2.162477 0.109716 -1.664490 0.098838 0.081399 0.034249
    12 0.928312 0.000000 0.000000 0.000000 0.000000 0.000000
    13 0.928313 0.000000 -0.000001 0.000000 0.000000 0.000000
    14 3.784085 -0.427338 -0.044205 -0.000218 0.026175 0.022455
    15 1.189161 -0.000001 -0.000001 0.000000 0.000000 0.201933
    16 1.302900 -0.000001 0.000001 0.000000 0.000000 0.433807
    17 -2.869899 1.399667 -4.140396 -0.182440 1.339957 -3.585107
    18 4.972047 0.000000 0.000000 -0.951915 -0.878512 0.756151
    19 11.585358 0.000000 0.000001 0.000000 0.000000 -0.815310
    20 10.127058 0.000000 0.000001 1.017245 0.050403 -0.157466
    21 2.162477 0.109715 1.664489 -0.051171 -0.002222 0.459967
    22 0.928313 0.000000 0.000002 0.000000 0.000000 0.000000
    23 0.928311 0.000000 0.000001 0.000000 0.000000 0.000000
    24 3.784085 -0.427337 0.044204 -0.003305 0.010869 0.171191
    25 1.189159 0.000000 0.000001 0.000000 0.000000 0.156032
    26 1.302900 0.000000 -0.000001 0.000000 0.000000 0.475867
    27 2.046984 0.000001 0.000000 0.102063 -0.018145 0.046100
    28 -0.000005 0.000007 3.713254 -6.276729 -3.101058 0.013989
    29 18.045723 0.000000 0.000000 0.000000 0.000000 -0.150200
    30 17.597597 0.000000 0.000000 -0.005256 -0.040617 0.120844
    31 0.000005 -0.000003 -3.713254 6.274163 3.116247 0.010208
    32 18.045721 0.000000 0.000000 0.000000 0.000000 -0.157700
    33 17.597597 0.000000 0.000000 0.007177 0.025787 0.088367
  time 77
    0 0.000965 -0.042819 -0.014150 0.000000 -0.026130 -1.570922
    1 0.039060 0.000000 0.000000 -1.570795 -1.570787 0.000000
    2 1.293670 0.684478 -0.000001 -0.016293 -0.000301 -0.019726
    3 5.309685 -0.003834 0.000000 -0.019502 0.000000 -0.001314
    4 4.826790 -0.004591 0.000000 0.000000 0.000000 -0.016725
    5 5.792767 -0.005304 0.000000 0.000000 0.000000 0.017444
    6 6.662322 -0.001452 0.000000 0.000000 -0.006131 0.290400
    7 -2.869899 1.399632 4.140401 -0.112823 -1.317385 -3.323580
    8 4.972048 0.000000 -0.000002 0.675597 0.988230 0.514243
    9 11.585358 0.000000 0.000000 0.000000 0.000000 -0.511348
    10 10.127057 -0.000001 0.000001 -1.571174 0.004590 0.008027
    11 2.162477 0.109716 -1.664490 0.075852 0.127247 0.028981
    12 0.928312 0.000000 0.000000 0.000000 0.000000 0.000000
    13 0.928313 0.000000 -0.000001 0.000000 0.000000 0.000000
    14 3.784085 -0.427338 -0.044205 0.000609 0.026175 0.054243
    15 1.189161 -0.000001 -0.000001 0.000000 0.000000 0.181037
    16 1.302900 -0.000001 0.000001 0.000000 0.000000 0.430281
    17 -2.869899 1.399667 -4.140396 -0.120535 1.333989 -3.550147
    18 4.972047 0.000000 0.000000 -0.822754 -1.006026 0.696118
    19 11.585358 0.000000 0.000001 0.000000 0.000000 -0.672534
    20 10.127058 0.000000 0.000001 1.192415 0.043972 -0.104943
    21 2.162477 0.109715 1.664489 -0.030588 -0.065805 0.423119
    22 0.928313 0.000000 0.000002 0.000000 0.000000 0.000000
    23 0.928311 0.000000 0.000001 0.000000 0.000000 0.000000
    24 3.784085 -0.427337 0.044204 -0.001711 0.008209 0.198737
    25 1.189159 0.000000 0.000001 0.000000 0.000000 0.135702
    26 1.302900 0.000000 -0.000001 0.000000 0.000000 0.489179
    27 2.046984 0.000001 0.000000 0.071475 -0.010739 -0.005179
    28 -0.000005 0.000007 3.713254 -6.276537 -3.101058 0.010442
    29 18.045723 0.000000 0.000000 0.000000 0.000000 -0.153456
    30 17.597597 0.000000 0.000000 -0.005205 -0.040617 0.120523
    31 0.000005 -0.000003 -3.713254 6.274259 3.116247 0.006757
    32 18.045721 0.000000 0.000000 0.000000 0.000000 -0.160770
    33 17.597597 0.000000 0.000000 0.007043 0.025827 0.087951
  time 78
    0 0.000965 -0.007662 -0.014150 0.000000 -0.026130 -1.570922
    1 0.023434 0.000000 0.000000 -1.570795 -1.570787 0.000000
    2 1.293670 0.684478 -0.000001 -0.009942 -0.000109 -0.011389
    3 5.309685 -0.003834 0.000000 -0.011759 -0.000108 -0.011188
    4 4.826790 -0.004591 0.000000 0.000000 0.000000 -0.020473
    5 5.792767 -0.005304 0.000000 0.000000 0.000000 0.017444
    6 6.662322 -0.001452 0.000000 0.000000 -0.003684 0.313583
    7 -2.869899 1.399632 4.140401 -0.063171 -1.307479 -3.395061
    8 4.972048 0.000000 -0.000002 0.474232 1.058837 0.383141
    9 11.585358 0.000000 0.000000 0.000000 0.000000 -0.342314
    10 10.127057 -0.000001 0.000001 -1.570131 0.002716 0.004601
    11 2.162477 0.109716 -1.664490 0.053428 0.177247 0.024282
    12 0.928312 0.000000 0.000000 0.000000 0.000000 0.000000
    13 0.928313 0.000000 -0.000001 0.000000 0.000000 0.000000
    14 3.784085 -0.427338 -0.044205 0.001412 0.026151 0.084729
    15 1.189161 -0.000001 -0.000001 0.000000 0.000000 0.161019
    16 1.302900 -0.000001 0.000001 0.000000 0.000000 0.426862
    17 -2.869899 1.399667 -4.140396 -0.068184 1.327889 -3.522179
    18 4.972047 0.000000 0.000000 -0.681588 -1.071913 0.615187
    19 11.585358 0.000000 0.000001 0.000000 0.000000 -0.544378
    20 10.127058 0.000000 0.000001 1.349072 0.030544 -0.059474
    21 2.162477 0.109715 1.664489 -0.007707 -0.130829 0.386966
    22 0.928313 0.000000 0.000002 0.000000 0.000000 0.000000
    23 0.928311 0.000000 0.000001 0.000000 0.000000 0.000000
    24 3.784085 -0.427337 0.044204 -0.000285 0.005608 0.225166
    25 1.189159 0.000000 0.000001 0.000000 0.000000 0.116171
    26 1.302900 0.000000 -0.000001 0.000000 0.000000 0.501978
    27 2.046984 0.000001 0.000000 0.043729 -0.005399 -0.051834
    28 -0.000005 0.000007 3.713254 -6.276441 -3.101154 0.007471
    29 18.045723 0.000000 0.000000 0.000000 0.000000 -0.155973
    30 17.597597 0.000000 0.000000 -0.005205 -0.040593 0.120156
    31 0.000005 -0.000003 -3.713254 6.274259 3.116247 0.003881
    32 18.045721 0.000000 0.000000 0.000000 0.000000 -0.163132
    33 17.597597 0.000000 0.000000 0.006909 0.025886 0.087490
  time 79
    0 0.000965 0.004057 -0.014150 0.000000 -0.026130 -1.570922
    1 0.007809 0.000000 0.000000 -1.570795 -1.570787 0.000000
    2 1.293670 0.684478 -0.000001 -0.004417 -0.000001 -0.004308
    3 5.309685 -0.003834 0.000000 -0.005088 -0.000072 -0.019649
    4 4.826790 -0.004591 0.000000 0.000000 0.000000 -0.023714
    5 5.792767 -0.005304 0.000000 0.000000 0.000000 0.017444
    6 6.662322 -0.001452 0.000000 0.000000 -0.001595 0.333520
    7 -2.869899 1.399632 4.140401 -0.025405 -1.298845 -3.451498
    8 4.972048 0.000000 -0.000002 0.276136 1.104458 0.240861
    9 11.585358 0.000000 0.000000 0.000000 0.000000 -0.203421
    10 10.127057 -0.000001 0.000001 -1.569373 0.001030 0.001814
    11 2.162477 0.109716 -1.664490 0.020122 0.216204 0.009873
    12 0.928312 0.000000 0.000000 0.000000 0.000000 0.000000
    13 0.928313 0.000000 -0.000001 0.000000 0.000000 0.000000
    14 3.784085 -0.427338 -0.044205 0.002574 0.026055 0.129329
    15 1.189161 -0.000001 -0.000001 0.000000 0.000000 0.131681
    16 1.302900 -0.000001 0.000001 0.000000 0.000000 0.421893
    17 -2.869899 1.399667 -4.140396 -0.027583 1.322474 -3.502640
    18 4.972047 0.000000 0.000000 -0.542015 -1.120524 0.524539
    19 11.585358 0.000000 0.000001 0.000000 0.000000 -0.438848
    20 10.127058 0.000000 0.000001 1.477329 0.014279 -0.024008
    21 2.162477 0.109715 1.664489 0.025897 -0.197478 0.328731
    22 0.928313 0.000000 0.000002 0.000000 0.000000 0.000000
    23 0.928311 0.000000 0.000001 0.000000 0.000000 0.000000
    24 3.784085 -0.427337 0.044204 0.001656 0.001737 0.263832
    25 1.189159 0.000000 0.000001 0.000000 0.000000 0.087590
    26 1.302900 0.000000 -0.000001 0.000000 0.000000 0.520637
    27 2.046984 0.000001 0.000000 0.019473 -0.001918 -0.092103
    28 -0.000005 0.000007 3.713254 -6.276346 -3.101154 0.005458
    29 18.045723 0.000000 0.000000 0.000000 0.000000 -0.157749
    30 17.597597 0.000000 0.000000 -0.005256 -0.040593 0.119881
    31 0.000005 -0.000003 -3.713254 6.274355 3.116151 0.001963
    32 18.045721 0.000000 0.000000 0.000000 0.000000 -0.164706
    33 17.597597 0.000000 0.000000 0.006808 0.025925 0.087120
  time 80
    0 0.000965 0.023589 -0.014150 0.000000 0.000000 -1.570922
    1 -0.000004 0.000000 0.000000 -1.570795 -1.570787 0.000000
    2 1.293670 0.684478 -0.000001 -0.000004 -0.000001 0.000798
    3 5.309685 -0.003834 0.000000 0.000000 0.000000 -0.026184
    4 4.826790 -0.004591 0.000000 0.000000 0.000000 -0.026183
    5 5.792767 -0.005304 0.000000 0.000000 0.000000 0.017444
    6 6.662322 -0.001452 0.000000 0.000000 -0.000001 0.348900
    7 -2.869899 1.399632 4.140401 -0.000100 -1.292340 -3.491262
    8 4.972048 0.000000 -0.000002 0.117818 1.128335 0.120850
    9 11.585358 0.000000 0.000000 0.000000 0.000000 -0.104160
    10 10.127057 -0.000001 0.000001 -1.568804 0.000000 -0.000044
    11 2.162477 0.109716 -1.664490 -0.000800 0.235904 -0.000197
    12 0.928312 0.000000 0.000000 0.000000 0.000000 0.000000
    13 0.928313 0.000000 -0.000001 0.000000 0.000000 0.000000
    14 3.784085 -0.427338 -0.044205 0.003293 0.025984 0.157079
    15 1.189161 -0.000001 -0.000001 0.000000 0.000000 0.113418
    16 1.302900 -0.000001 0.000001 0.000000 0.000000 0.418795
    17 -2.869899 1.399667 -4.140396 0.000026 1.318451 -3.491242
    18 4.972047 0.000000 0.000000 -0.427018 -1.150896 0.444739
    19 11.585358 0.000000 0.000001 0.000000 0.000000 -0.363376
    20 10.127058 0.000000 0.000001 1.568840 0.000000 -0.000048
    21 2.162477 0.109715 1.664489 0.047150 -0.235003 0.291560
    22 0.928313 0.000000 0.000002 0.000000 0.000000 0.000000
    23 0.928311 0.000000 0.000001 0.000000 0.000000 0.000000
    24 3.784085 -0.427337 0.044204 0.002843 -0.000684 0.287914
    25 1.189159 0.000000 0.000001 0.000000 0.000000 0.069789
    26 1.302900 0.000000 -0.000001 0.000000 0.000000 0.532253
    27 2.046984 0.000001 0.000000 0.000000 0.000000 -0.122943
    28 -0.000005 0.000007 3.713254 -0.000828 -3.100675 -0.021479
    29 18.045723 0.000000 0.000000 0.000000 0.000000 -0.158489
    30 17.597597 0.000000 0.000000 0.002270 -0.040839 0.119468
    31 0.000005 -0.000003 -3.713254 0.001962 3.115288 6.258018
    32 18.045721 0.000000 0.000000 0.000000 0.000000 -0.165414
    33 17.597597 0.000000 0.000000 -0.003962 0.026004 0.086658
end
