version 1
nodes
  0 "Bip01" -1
  1 "Bip01 Pelvis" 0
  2 "Bip01 Spine" 1
  3 "Bip01 Spine1" 2
  4 "Bip01 Spine2" 3
  5 "Bip01 Spine3" 4
  6 "Bip01 Neck" 5
  7 "Bip01 L Arm" 6
  8 "Bip01 L Arm1" 7
  9 "Bip01 L Arm2" 8
  10 "Bip01 L Hand" 9
  11 "Bip01 L Finger0" 10
  12 "Bip01 L Finger01" 11
  13 "Bip01 L Finger02" 12
  14 "Bip01 L Finger1" 10
  15 "Bip01 L Finger11" 14
  16 "Bip01 L Finger12" 15
  17 "Bip01 R Arm" 6
  18 "Bip01 R Arm1" 17
  19 "Bip01 R Arm2" 18
  20 "Bip01 R Hand" 19
  21 "Bip01 R Finger0" 20
  22 "Bip01 R Finger01" 21
  23 "Bip01 R Finger02" 22
  24 "Bip01 R Finger1" 20
  25 "Bip01 R Finger11" 24
  26 "Bip01 R Finger12" 25
  27 "Bip01 Head" 6
  28 "Bip01 L Leg" 1
  29 "Bip01 L Leg1" 28
  30 "Bip01 L Foot" 29
  31 "Bip01 R Leg" 1
  32 "Bip01 R Leg1" 31
  33 "Bip01 R Foot" 32
end
skeleton
  time 0
    0 0.387696 -0.011568 0.001476 0.000000 0.000000 -1.571017
    1 0.738300 0.000000 9.742485 -1.570795 -1.570787 0.000000
    2 1.293670 0.684478 -0.000001 -0.000004 -0.000001 -0.060206
    3 5.309685 -0.003834 0.000000 0.000000 0.000000 -0.209285
    4 4.826790 -0.004591 0.000000 0.000000 0.000000 0.200583
    5 5.792767 -0.005304 0.000000 0.000000 0.000000 0.000003
    6 6.662322 -0.001452 0.000000 0.000000 -0.000001 0.000003
    7 -2.869899 1.399632 4.140401 -0.000100 -1.283646 -3.142292
    8 4.972048 0.000000 -0.000002 -0.020332 0.181626 -1.548384
    9 11.585358 0.000000 0.000000 0.000000 0.000000 -2.169009
    10 10.127057 -0.000001 0.000001 -2.458754 0.000094 -0.000160
    11 2.162477 0.109716 -1.664490 1.460467 0.573977 0.710725
    12 0.928312 0.000000 0.000000 0.000000 0.000000 0.375130
    13 0.928313 0.000000 -0.000001 0.000000 0.000000 0.375131
    14 3.784085 -0.427338 -0.044205 0.036443 0.088879 0.411651
    15 1.189161 -0.000001 -0.000001 0.000000 0.000000 0.305409
    16 1.302900 -0.000001 0.000001 0.000000 0.000000 0.305321
    17 -2.869899 1.399667 -4.140396 0.000026 1.283590 -3.142315
    18 4.972047 0.000000 0.000000 0.529445 -0.229609 -0.983140
    19 11.585358 0.000000 0.000001 0.000000 0.000000 -1.592739
    20 10.127058 0.000000 0.000001 1.568700 0.165582 -0.000348
    21 2.162477 0.109715 1.664489 2.894817 -0.132148 0.873393
    22 0.928313 0.000000 0.000002 0.000000 0.000000 0.000000
    23 0.928311 0.000000 0.000001 0.000000 0.000000 0.000000
    24 3.784085 -0.427337 0.044204 -0.013864 -0.095075 0.166302
    25 1.189159 0.000000 0.000001 0.000000 0.000000 0.165814
    26 1.302900 0.000000 -0.000001 0.000000 0.000000 0.924954
    27 2.046984 0.000001 0.000000 0.000000 0.000000 0.042693
    28 -0.000005 0.000007 3.713254 -0.213284 -3.060216 5.996947
    29 18.045723 0.000000 0.000000 0.000000 0.000000 -0.671041
    30 17.597597 0.000000 0.000000 0.188035 0.129410 -0.291504
    31 0.000005 -0.000003 -3.713254 0.073269 3.053837 6.087179
    32 18.045721 0.000000 0.000000 0.000000 0.000000 -1.141834
    33 17.597597 0.000000 0.000000 -0.106864 -0.039162 -0.083545
  time 1
    0 0.387696 -0.011568 0.001476 0.000000 0.000000 -1.571017
    1 1.015652 -0.257820 9.742485 -1.570795 -1.570787 0.000000
    2 1.293670 0.684478 -0.000001 -0.000004 -0.000001 -0.089034
    3 5.309685 -0.003834 0.000000 -0.000017 -0.039094 -0.209285
    4 4.826790 -0.004591 0.000000 -0.000057 -0.019139 0.201553
    5 5.792767 -0.005304 0.000000 0.000000 0.000000 0.000003
    6 6.662322 -0.001452 0.000000 0.000000 -0.000001 0.000003
    7 -2.869899 1.399632 4.140401 -0.000100 -1.283646 -3.142292
    8 4.972048 0.000000 -0.000002 0.011316 0.163037 -1.516843
    9 11.585358 0.000000 0.000000 0.000000 0.000000 -2.165241
    10 10.127057 -0.000001 0.000001 -2.458754 0.000094 -0.000160
    11 2.162477 0.109716 -1.664490 1.460467 0.573977 0.710725
    12 0.928312 0.000000 0.000000 0.000000 0.000000 0.375130
    13 0.928313 0.000000 -0.000001 0.000000 0.000000 0.375131
    14 3.784085 -0.427338 -0.044205 0.036443 0.088879 0.411651
    15 1.189161 -0.000001 -0.000001 0.000000 0.000000 0.305409
    16 1.302900 -0.000001 0.000001 0.000000 0.000000 0.305321
    17 -2.869899 1.399667 -4.140396 0.000026 1.283590 -3.142315
    18 4.972047 0.000000 0.000000 0.501493 -0.315342 -0.891094
    19 11.585358 0.000000 0.000001 0.000000 0.000000 -1.546672
    20 10.127058 0.000000 0.000001 1.599344 0.111207 -0.198583
    21 2.162477 0.109715 1.664489 2.894817 -0.132148 0.873393
    22 0.928313 0.000000 0.000002 0.000000 0.000000 0.000000
    23 0.928311 0.000000 0.000001 0.000000 0.000000 0.000000
    24 3.784085 -0.427337 0.044204 -0.013864 -0.095075 0.166302
    25 1.189159 0.000000 0.000001 0.000000 0.000000 0.165814
    26 1.302900 0.000000 -0.000001 0.000000 0.000000 0.924954
    27 2.046984 0.000001 0.000000 0.006290 0.045465 0.030224
    28 -0.000005 0.000007 3.713254 -0.126614 -2.979777 5.892365
    29 18.045723 0.000000 0.000000 0.000000 0.000000 -0.782063
    30 17.597597 0.000000 0.000000 0.145489 0.170607 -0.196326
    31 0.000005 -0.000003 -3.713254 0.069819 3.005808 6.182089
    32 18.045721 0.000000 0.000000 0.000000 0.000000 -1.132152
    33 17.597597 0.000000 0.000000 -0.067609 -0.067032 -0.171164
  time 2
    0 0.387696 -0.011568 0.001476 0.000000 0.000000 -1.571017
    1 1.312536 -0.585955 9.742485 -1.570795 -1.570787 0.000000
    2 1.293670 0.684478 -0.000001 -0.000004 -0.000001 -0.121026
    3 5.309685 -0.003834 0.000000 -0.000034 -0.084983 -0.209285
    4 4.826790 -0.004591 0.000000 -0.000229 -0.042294 0.203714
    5 5.792767 -0.005304 0.000000 0.000000 0.000000 0.000003
    6 6.662322 -0.001452 0.000000 0.000000 -0.000001 0.000003
    7 -2.869899 1.399632 4.140401 -0.000100 -1.283646 -3.142292
    8 4.972048 0.000000 -0.000002 0.047986 0.136346 -1.484089
    9 11.585358 0.000000 0.000000 0.000000 0.000000 -2.159590
    10 10.127057 -0.000001 0.000001 -2.458754 0.000094 -0.000160
    11 2.162477 0.109716 -1.664490 1.460467 0.573977 0.710725
    12 0.928312 0.000000 0.000000 0.000000 0.000000 0.375130
    13 0.928313 0.000000 -0.000001 0.000000 0.000000 0.375131
    14 3.784085 -0.427338 -0.044205 0.036443 0.088879 0.411651
    15 1.189161 -0.000001 -0.000001 0.000000 0.000000 0.305409
    16 1.302900 -0.000001 0.000001 0.000000 0.000000 0.305321
    17 -2.869899 1.399667 -4.140396 0.000026 1.283590 -3.142315
    18 4.972047 0.000000 0.000000 0.456095 -0.408628 -0.793856
    19 11.585358 0.000000 0.000001 0.000000 0.000000 -1.506240
    20 10.127058 0.000000 0.000001 1.640717 0.060426 -0.416577
    21 2.162477 0.109715 1.664489 2.894817 -0.132148 0.873393
    22 0.928313 0.000000 0.000002 0.000000 0.000000 0.000000
    23 0.928311 0.000000 0.000001 0.000000 0.000000 0.000000
    24 3.784085 -0.427337 0.044204 -0.013864 -0.095075 0.166302
    25 1.189159 0.000000 0.000001 0.000000 0.000000 0.165814
    26 1.302900 0.000000 -0.000001 0.000000 0.000000 0.924954
    27 2.046984 0.000001 0.000000 0.013183 0.099899 0.017206
    28 -0.000005 0.000007 3.713254 -0.019523 -2.901927 5.767460
    29 18.045723 0.000000 0.000000 0.000000 0.000000 -0.918398
    30 17.597597 0.000000 0.000000 0.098941 0.213723 -0.092299
    31 0.000005 -0.000003 -3.713254 0.071927 2.954519 0.005798
    32 18.045721 0.000000 0.000000 0.000000 0.000000 -1.110819
    33 17.597597 0.000000 0.000000 -0.022549 -0.093520 -0.276519
  time 3
    0 0.387696 -0.011568 0.001476 0.000000 0.000000 -1.571017
    1 1.597701 -0.902371 9.742485 -1.570795 -1.570787 0.000000
    2 1.293670 0.684478 -0.000001 -0.000004 -0.000001 -0.153152
    3 5.309685 -0.003834 0.000000 -0.000085 -0.130872 -0.209268
    4 4.826790 -0.004591 0.000000 -0.000477 -0.065388 0.205853
    5 5.792767 -0.005304 0.000000 0.000000 0.000000 0.000003
    6 6.662322 -0.001452 0.000000 0.000000 -0.000001 0.000003
    7 -2.869899 1.399632 4.140401 -0.000100 -1.283646 -3.142292
    8 4.972048 0.000000 -0.000002 0.082423 0.106330 -1.453761
    9 11.585358 0.000000 0.000000 0.000000 0.000000 -2.153576
    10 10.127057 -0.000001 0.000001 -2.458754 0.000094 -0.000160
    11 2.162477 0.109716 -1.664490 1.460467 0.573977 0.710725
    12 0.928312 0.000000 0.000000 0.000000 0.000000 0.375130
    13 0.928313 0.000000 -0.000001 0.000000 0.000000 0.375131
    14 3.784085 -0.427338 -0.044205 0.036443 0.088879 0.411651
    15 1.189161 -0.000001 -0.000001 0.000000 0.000000 0.305409
    16 1.302900 -0.000001 0.000001 0.000000 0.000000 0.305321
    17 -2.869899 1.399667 -4.140396 0.000026 1.283590 -3.142315
    18 4.972047 0.000000 0.000000 0.396720 -0.499101 -0.696553
    19 11.585358 0.000000 0.000001 0.000000 0.000000 -1.463031
    20 10.127058 0.000000 0.000001 1.691347 0.021277 -0.626668
    21 2.162477 0.109715 1.664489 2.894817 -0.132148 0.873393
    22 0.928313 0.000000 0.000002 0.000000 0.000000 0.000000
    23 0.928311 0.000000 0.000001 0.000000 0.000000 0.000000
    24 3.784085 -0.427337 0.044204 -0.013864 -0.095075 0.166302
    25 1.189159 0.000000 0.000001 0.000000 0.000000 0.165814
    26 1.302900 0.000000 -0.000001 0.000000 0.000000 0.924954
    27 2.046984 0.000001 0.000000 0.018483 0.153182 0.002181
    28 -0.000005 0.000007 3.713254 -6.183348 -2.838458 5.631628
    29 18.045723 0.000000 0.000000 0.000000 0.000000 -1.054216
    30 17.597597 0.000000 0.000000 0.059107 0.261195 0.007464
    31 0.000005 -0.000003 -3.713254 0.079690 2.903614 0.113651
    32 18.045721 0.000000 0.000000 0.000000 0.000000 -1.089408
    33 17.597597 0.000000 0.000000 0.024926 -0.115808 -0.382752
  time 4
    0 0.387696 -0.011568 0.001476 0.000000 0.000000 -1.571017
    1 1.851615 -1.168004 9.742485 -1.570795 -1.570787 0.000000
    2 1.293670 0.684478 -0.000001 -0.000004 -0.000001 -0.181980
    3 5.309685 -0.003834 0.000000 -0.000102 -0.169930 -0.209268
    4 4.826790 -0.004591 0.000000 -0.000629 -0.084527 0.206823
    5 5.792767 -0.005304 0.000000 0.000000 0.000000 0.000003
    6 6.662322 -0.001452 0.000000 0.000000 -0.000001 0.000003
    7 -2.869899 1.399632 4.140401 -0.000100 -1.283646 -3.142292
    8 4.972048 0.000000 -0.000002 0.108092 0.079468 -1.427160
    9 11.585358 0.000000 0.000000 0.000000 0.000000 -2.148504
    10 10.127057 -0.000001 0.000001 -2.458754 0.000094 -0.000160
    11 2.162477 0.109716 -1.664490 1.460467 0.573977 0.710725
    12 0.928312 0.000000 0.000000 0.000000 0.000000 0.375130
    13 0.928313 0.000000 -0.000001 0.000000 0.000000 0.375131
    14 3.784085 -0.427338 -0.044205 0.036443 0.088879 0.411651
    15 1.189161 -0.000001 -0.000001 0.000000 0.000000 0.305409
    16 1.302900 -0.000001 0.000001 0.000000 0.000000 0.305321
    17 -2.869899 1.399667 -4.140396 0.000026 1.283590 -3.142315
    18 4.972047 0.000000 0.000000 0.332750 -0.578246 -0.603974
    19 11.585358 0.000000 0.000001 0.000000 0.000000 -1.408878
    20 10.127058 0.000000 0.000001 1.745553 -0.001702 -0.800793
    21 2.162477 0.109715 1.664489 2.894817 -0.132148 0.873393
    22 0.928313 0.000000 0.000002 0.000000 0.000000 0.000000
    23 0.928311 0.000000 0.000001 0.000000 0.000000 0.000000
    24 3.784085 -0.427337 0.044204 -0.013864 -0.095075 0.166302
    25 1.189159 0.000000 0.000001 0.000000 0.000000 0.165814
    26 1.302900 0.000000 -0.000001 0.000000 0.000000 0.924954
    27 2.046984 0.000001 0.000000 0.019947 0.195460 -0.016371
    28 -0.000005 0.000007 3.713254 -6.067628 -2.795506 5.501067
    29 18.045723 0.000000 0.000000 0.000000 0.000000 -1.165608
    30 17.597597 0.000000 0.000000 0.034426 0.313441 0.092969
    31 0.000005 -0.000003 -3.713254 0.091575 2.856927 0.211726
    32 18.045721 0.000000 0.000000 0.000000 0.000000 -1.079726
    33 17.597597 0.000000 0.000000 0.071060 -0.132751 -0.473188
  time 5
    0 0.387696 -0.011568 0.001476 0.000000 0.000000 -1.571017
    1 2.050840 -1.339885 9.742485 -1.570795 -1.570319 0.000000
    2 1.293670 0.684478 -0.000001 -0.000004 -0.000001 -0.204363
    3 5.309685 -0.003834 0.000000 -0.000102 -0.195481 -0.209268
    4 4.826790 -0.004591 0.000000 -0.000534 -0.096045 0.205456
    5 5.792767 -0.005304 0.000000 0.000000 0.000000 0.000003
    6 6.662322 -0.001452 0.000000 0.000000 -0.000001 0.000003
    7 -2.869899 1.399632 4.140401 -0.000100 -1.283646 -3.142292
    8 4.972048 0.000000 -0.000002 0.119811 0.062499 -1.405930
    9 11.585358 0.000000 0.000000 0.000000 0.000000 -2.145896
    10 10.127057 -0.000001 0.000001 -2.458754 0.000094 -0.000160
    11 2.162477 0.109716 -1.664490 1.460467 0.573977 0.710725
    12 0.928312 0.000000 0.000000 0.000000 0.000000 0.375130
    13 0.928313 0.000000 -0.000001 0.000000 0.000000 0.375131
    14 3.784085 -0.427338 -0.044205 0.036443 0.088879 0.411651
    15 1.189161 -0.000001 -0.000001 0.000000 0.000000 0.305409
    16 1.302900 -0.000001 0.000001 0.000000 0.000000 0.305321
    17 -2.869899 1.399667 -4.140396 0.000026 1.283590 -3.142315
    18 4.972047 0.000000 0.000000 0.280410 -0.638829 -0.523309
    19 11.585358 0.000000 0.000001 0.000000 0.000000 -1.335692
    20 10.127058 0.000000 0.000001 1.796463 -0.008984 -0.909540
    21 2.162477 0.109715 1.664489 2.894817 -0.132148 0.873393
    22 0.928313 0.000000 0.000002 0.000000 0.000000 0.000000
    23 0.928311 0.000000 0.000001 0.000000 0.000000 0.000000
    24 3.784085 -0.427337 0.044204 -0.013864 -0.095075 0.166302
    25 1.189159 0.000000 0.000001 0.000000 0.000000 0.165814
    26 1.302900 0.000000 -0.000001 0.000000 0.000000 0.924954
    27 2.046984 0.000001 0.000000 0.015855 0.216349 -0.040459
    28 -0.000005 0.000007 3.713254 -5.972809 -2.772592 5.393897
    29 18.045723 0.000000 0.000000 0.000000 0.000000 -1.226226
    30 17.597597 0.000000 0.000000 0.031056 0.369305 0.154954
    31 0.000005 -0.000003 -3.713254 0.103938 2.817238 0.290051
    32 18.045721 0.000000 0.000000 0.000000 0.000000 -1.093423
    33 17.597597 0.000000 0.000000 0.111053 -0.144506 -0.531662
  time 6
    0 0.387696 -0.011568 0.001476 0.000000 0.000000 -1.571017
    1 2.179750 -1.371136 9.742485 -1.570603 -1.570787 0.000000
    2 1.293670 0.684478 -0.000001 -0.000004 -0.000001 -0.217303
    3 5.309685 -0.003834 0.000000 -0.000102 -0.200526 -0.209268
    4 4.826790 -0.004591 0.000000 -0.000057 -0.095937 0.200583
    5 5.792767 -0.005304 0.000000 0.000000 0.000000 0.000003
    6 6.662322 -0.001452 0.000000 0.000000 -0.000001 0.000003
    7 -2.869899 1.399632 4.140401 -0.000100 -1.283646 -3.142292
    8 4.972048 0.000000 -0.000002 0.112078 0.062158 -1.390333
    9 11.585358 0.000000 0.000000 0.000000 0.000000 -2.147345
    10 10.127057 -0.000001 0.000001 -2.458754 0.000094 -0.000160
    11 2.162477 0.109716 -1.664490 1.460467 0.573977 0.710725
    12 0.928312 0.000000 0.000000 0.000000 0.000000 0.375130
    13 0.928313 0.000000 -0.000001 0.000000 0.000000 0.375131
    14 3.784085 -0.427338 -0.044205 0.036443 0.088879 0.411651
    15 1.189161 -0.000001 -0.000001 0.000000 0.000000 0.305409
    16 1.302900 -0.000001 0.000001 0.000000 0.000000 0.305321
    17 -2.869899 1.399667 -4.140396 0.000026 1.283590 -3.142315
    18 4.972047 0.000000 0.000000 0.238670 -0.674424 -0.455090
    19 11.585358 0.000000 0.000001 0.000000 0.000000 -1.240209
    20 10.127058 0.000000 0.000001 1.847022 -0.005296 -0.969365
    21 2.162477 0.109715 1.664489 2.894817 -0.132148 0.873393
    22 0.928313 0.000000 0.000002 0.000000 0.000000 0.000000
    23 0.928311 0.000000 0.000001 0.000000 0.000000 0.000000
    24 3.784085 -0.427337 0.044204 -0.013864 -0.095075 0.166302
    25 1.189159 0.000000 0.000001 0.000000 0.000000 0.165814
    26 1.302900 0.000000 -0.000001 0.000000 0.000000 0.924954
    27 2.046984 0.000001 0.000000 0.005515 0.205728 -0.071178
    28 -0.000005 0.000007 3.713254 -5.916819 -2.763867 5.329479
    29 18.045723 0.000000 0.000000 0.000000 0.000000 -1.212089
    30 17.597597 0.000000 0.000000 0.054495 0.426128 0.184938
    31 0.000005 -0.000003 -3.713254 0.112852 2.787040 0.335589
    32 18.045721 0.000000 0.000000 0.000000 0.000000 -1.141834
    33 17.597597 0.000000 0.000000 0.140209 -0.152612 -0.540022
  time 7
    0 0.387696 -0.011568 0.001476 0.000000 0.000000 -1.571017
    1 2.265690 -1.265664 9.742485 -1.570795 -1.570787 0.000000
    2 1.293670 0.684478 -0.000001 -0.000004 -0.000001 -0.222694
    3 5.309685 -0.003834 0.000000 -0.000102 -0.186265 -0.209268
    4 4.826790 -0.004591 0.000000 0.000763 -0.084384 0.191830
    5 5.792767 -0.005304 0.000000 0.000000 0.000000 0.000003
    6 6.662322 -0.001452 0.000000 0.000000 -0.000001 0.000003
    7 -2.869899 1.399632 4.140401 -0.000100 -1.283646 -3.142292
    8 4.972048 0.000000 -0.000002 0.090873 0.082965 -1.375776
    9 11.585358 0.000000 0.000000 0.000000 0.000000 -2.154735
    10 10.127057 -0.000001 0.000001 -2.458754 0.000094 -0.000160
    11 2.162477 0.109716 -1.664490 1.460467 0.573977 0.710725
    12 0.928312 0.000000 0.000000 0.000000 0.000000 0.375130
    13 0.928313 0.000000 -0.000001 0.000000 0.000000 0.375131
    14 3.784085 -0.427338 -0.044205 0.036443 0.088879 0.411651
    15 1.189161 -0.000001 -0.000001 0.000000 0.000000 0.305409
    16 1.302900 -0.000001 0.000001 0.000000 0.000000 0.305321
    17 -2.869899 1.399667 -4.140396 0.000026 1.283590 -3.142315
    18 4.972047 0.000000 0.000000 0.196742 -0.685110 -0.391130
    19 11.585358 0.000000 0.000001 0.000000 0.000000 -1.129124
    20 10.127058 0.000000 0.000001 1.901228 0.004917 -1.010633
    21 2.162477 0.109715 1.664489 2.894817 -0.132148 0.873393
    22 0.928313 0.000000 0.000002 0.000000 0.000000 0.000000
    23 0.928311 0.000000 0.000001 0.000000 0.000000 0.000000
    24 3.784085 -0.427337 0.044204 -0.013864 -0.095075 0.166302
    25 1.189159 0.000000 0.000001 0.000000 0.000000 0.165814
    26 1.302900 0.000000 -0.000001 0.000000 0.000000 0.924954
    27 2.046984 0.000001 0.000000 -0.006549 0.164629 -0.104269
    28 -0.000005 0.000007 3.713254 -5.987861 -2.777865 5.392650
    29 18.045723 0.000000 0.000000 0.000000 0.000000 -0.904854
    30 17.597597 0.000000 0.000000 0.184892 0.492058 0.109886
    31 0.000005 -0.000003 -3.713254 0.105951 2.780904 0.300501
    32 18.045721 0.000000 0.000000 0.000000 0.000000 -1.335559
    33 17.597597 0.000000 0.000000 0.138867 -0.155571 -0.352960
  time 8
    0 0.387696 -0.011568 0.001476 0.000000 0.000000 -1.571017
    1 2.336005 -1.070345 9.742485 -1.570795 -1.570319 0.000000
    2 1.293670 0.684478 -0.000001 -0.000004 -0.000001 -0.225155
    3 5.309685 -0.003834 0.000000 -0.000102 -0.160006 -0.209268
    4 4.826790 -0.004591 0.000000 0.001717 -0.065712 0.180255
    5 5.792767 -0.005304 0.000000 0.000000 0.000000 0.000003
    6 6.662322 -0.001452 0.000000 0.000000 -0.000001 0.000003
    7 -2.869899 1.399632 4.140401 -0.000100 -1.283646 -3.142292
    8 4.972048 0.000000 -0.000002 0.069589 0.121423 -1.355066
    9 11.585358 0.000000 0.000000 0.000000 0.000000 -2.168067
    10 10.127057 -0.000001 0.000001 -2.458754 0.000094 -0.000160
    11 2.162477 0.109716 -1.664490 1.460467 0.573977 0.710725
    12 0.928312 0.000000 0.000000 0.000000 0.000000 0.375130
    13 0.928313 0.000000 -0.000001 0.000000 0.000000 0.375131
    14 3.784085 -0.427338 -0.044205 0.036443 0.088879 0.411651
    15 1.189161 -0.000001 -0.000001 0.000000 0.000000 0.305409
    16 1.302900 -0.000001 0.000001 0.000000 0.000000 0.305321
    17 -2.869899 1.399667 -4.140396 0.000026 1.283590 -3.142315
    18 4.972047 0.000000 0.000000 0.160817 -0.680209 -0.331097
    19 11.585358 0.000000 0.000001 0.000000 0.000000 -1.009218
    20 10.127058 0.000000 0.000001 1.954312 0.018440 -1.028191
    21 2.162477 0.109715 1.664489 2.894817 -0.132148 0.873393
    22 0.928313 0.000000 0.000002 0.000000 0.000000 0.000000
    23 0.928311 0.000000 0.000001 0.000000 0.000000 0.000000
    24 3.784085 -0.427337 0.044204 -0.013864 -0.095075 0.166302
    25 1.189159 0.000000 0.000001 0.000000 0.000000 0.165814
    26 1.302900 0.000000 -0.000001 0.000000 0.000000 0.924954
    27 2.046984 0.000001 0.000000 -0.015898 0.104885 -0.135474
    28 -0.000005 0.000007 3.713254 -6.160530 -2.830404 5.567881
    29 18.045723 0.000000 0.000000 0.000000 0.000000 -0.397261
    30 17.597597 0.000000 0.000000 0.426303 0.517947 -0.048240
    31 0.000005 -0.000003 -3.713254 0.081799 2.799311 0.176158
    32 18.045721 0.000000 0.000000 0.000000 0.000000 -1.622566
    33 17.597597 0.000000 0.000000 0.105819 -0.152612 -0.032184
  time 9
    0 0.387696 -0.011568 0.001476 0.000000 0.000000 -1.571017
    1 2.378975 -0.808618 9.742485 -1.570795 -1.570787 0.000000
    2 1.293670 0.684478 -0.000001 -0.000004 -0.000001 -0.224586
    3 5.309685 -0.003834 0.000000 -0.000085 -0.124820 -0.209268
    4 4.826790 -0.004591 0.000000 0.002556 -0.041599 0.166739
    5 5.792767 -0.005304 0.000000 0.000000 0.000000 0.000003
    6 6.662322 -0.001452 0.000000 0.000000 -0.000001 0.000003
    7 -2.869899 1.399632 4.140401 -0.000100 -1.283646 -3.142292
    8 4.972048 0.000000 -0.000002 0.049580 0.173611 -1.330025
    9 11.585358 0.000000 0.000000 0.000000 0.000000 -2.187122
    10 10.127057 -0.000001 0.000001 -2.458754 0.000094 -0.000160
    11 2.162477 0.109716 -1.664490 1.460467 0.573977 0.710725
    12 0.928312 0.000000 0.000000 0.000000 0.000000 0.375130
    13 0.928313 0.000000 -0.000001 0.000000 0.000000 0.375131
    14 3.784085 -0.427338 -0.044205 0.036443 0.088879 0.411651
    15 1.189161 -0.000001 -0.000001 0.000000 0.000000 0.305409
    16 1.302900 -0.000001 0.000001 0.000000 0.000000 0.305321
    17 -2.869899 1.399667 -4.140396 0.000026 1.283590 -3.142315
    18 4.972047 0.000000 0.000000 0.137086 -0.661970 -0.274392
    19 11.585358 0.000000 0.000001 0.000000 0.000000 -0.886290
    20 10.127058 0.000000 0.000001 2.002206 0.031017 -1.018437
    21 2.162477 0.109715 1.664489 2.894817 -0.132148 0.873393
    22 0.928313 0.000000 0.000002 0.000000 0.000000 0.000000
    23 0.928311 0.000000 0.000001 0.000000 0.000000 0.000000
    24 3.784085 -0.427337 0.044204 -0.013864 -0.095075 0.166302
    25 1.189159 0.000000 0.000001 0.000000 0.000000 0.165814
    26 1.302900 0.000000 -0.000001 0.000000 0.000000 0.924954
    27 2.046984 0.000001 0.000000 -0.020421 0.031687 -0.164854
    28 -0.000005 0.000007 3.713254 -0.009073 -2.893394 5.731225
    29 18.045723 0.000000 0.000000 0.000000 0.000000 -0.127477
    30 17.597597 0.000000 0.000000 0.567774 0.521368 -0.177804
    31 0.000005 -0.000003 -3.713254 0.052855 2.823373 0.008578
    32 18.045721 0.000000 0.000000 0.000000 0.000000 -1.769926
    33 17.597597 0.000000 0.000000 0.065255 -0.146932 0.126149
  time 10
    0 0.387696 -0.011568 0.001476 0.000000 0.000000 -1.571017
    1 2.402413 -0.503922 9.742485 -1.570795 -1.570787 0.000000
    2 1.293670 0.684478 -0.000001 -0.000004 -0.000001 -0.221254
    3 5.309685 -0.003834 0.000000 -0.000034 -0.083593 -0.209285
    4 4.826790 -0.004591 0.000000 0.003033 -0.014106 0.152253
    5 5.792767 -0.005304 0.000000 0.000000 0.000000 0.000003
    6 6.662322 -0.001452 0.000000 0.000000 -0.000001 0.000003
    7 -2.869899 1.399632 4.140401 -0.000100 -1.283646 -3.142292
    8 4.972048 0.000000 -0.000002 0.032122 0.234837 -1.305069
    9 11.585358 0.000000 0.000000 0.000000 0.000000 -2.210162
    10 10.127057 -0.000001 0.000001 -2.458754 0.000094 -0.000160
    11 2.162477 0.109716 -1.664490 1.460467 0.573977 0.710725
    12 0.928312 0.000000 0.000000 0.000000 0.000000 0.375130
    13 0.928313 0.000000 -0.000001 0.000000 0.000000 0.375131
    14 3.784085 -0.427338 -0.044205 0.036443 0.088879 0.411651
    15 1.189161 -0.000001 -0.000001 0.000000 0.000000 0.305409
    16 1.302900 -0.000001 0.000001 0.000000 0.000000 0.305321
    17 -2.869899 1.399667 -4.140396 0.000026 1.283590 -3.142315
    18 4.972047 0.000000 0.000000 0.130802 -0.631758 -0.220549
    19 11.585358 0.000000 0.000001 0.000000 0.000000 -0.767609
    20 10.127058 0.000000 0.000001 2.040845 0.038109 -0.976318
    21 2.162477 0.109715 1.664489 2.894817 -0.132148 0.873393
    22 0.928313 0.000000 0.000002 0.000000 0.000000 0.000000
    23 0.928311 0.000000 0.000001 0.000000 0.000000 0.000000
    24 3.784085 -0.427337 0.044204 -0.013864 -0.095075 0.166302
    25 1.189159 0.000000 0.000001 0.000000 0.000000 0.165814
    26 1.302900 0.000000 -0.000001 0.000000 0.000000 0.924954
    27 2.046984 0.000001 0.000000 -0.018569 -0.048946 -0.193687
    28 -0.000005 0.000007 3.713254 -0.073500 -2.936825 5.861115
    29 18.045723 0.000000 0.000000 0.000000 0.000000 -0.177733
    30 17.597597 0.000000 0.000000 0.531918 0.556043 -0.243961
    31 0.000005 -0.000003 -3.713254 0.022281 2.846765 6.097820
    32 18.045721 0.000000 0.000000 0.000000 0.000000 -1.748121
    33 17.597597 0.000000 0.000000 0.026939 -0.139535 0.077143
  time 11
    0 0.387696 -0.011568 0.001476 0.000000 0.000000 -1.571017
    1 2.390694 -0.175787 9.742485 -1.570795 -1.570787 0.000000
    2 1.293670 0.684478 -0.000001 -0.000004 -0.000001 -0.215144
    3 5.309685 -0.003834 0.000000 -0.000017 -0.039238 -0.209285
    4 4.826790 -0.004591 0.000000 0.003033 0.014969 0.137680
    5 5.792767 -0.005304 0.000000 0.000000 0.000000 0.000003
    6 6.662322 -0.001452 0.000000 0.000000 -0.000001 0.000003
    7 -2.869899 1.399632 4.140401 -0.000100 -1.283646 -3.142292
    8 4.972048 0.000000 -0.000002 0.017056 0.301095 -1.283320
    9 11.585358 0.000000 0.000000 0.000000 0.000000 -2.235086
    10 10.127057 -0.000001 0.000001 -2.458754 0.000094 -0.000160
    11 2.162477 0.109716 -1.664490 1.460467 0.573977 0.710725
    12 0.928312 0.000000 0.000000 0.000000 0.000000 0.375130
    13 0.928313 0.000000 -0.000001 0.000000 0.000000 0.375131
    14 3.784085 -0.427338 -0.044205 0.036443 0.088879 0.411651
    15 1.189161 -0.000001 -0.000001 0.000000 0.000000 0.305409
    16 1.302900 -0.000001 0.000001 0.000000 0.000000 0.305321
    17 -2.869899 1.399667 -4.140396 0.000026 1.283590 -3.142315
    18 4.972047 0.000000 0.000000 0.146747 -0.592387 -0.168036
    19 11.585358 0.000000 0.000001 0.000000 0.000000 -0.658893
    20 10.127058 0.000000 0.000001 2.064827 0.036407 -0.899035
    21 2.162477 0.109715 1.664489 2.894817 -0.132148 0.873393
    22 0.928313 0.000000 0.000002 0.000000 0.000000 0.000000
    23 0.928311 0.000000 0.000001 0.000000 0.000000 0.000000
    24 3.784085 -0.427337 0.044204 -0.013864 -0.095075 0.166302
    25 1.189159 0.000000 0.000001 0.000000 0.000000 0.165814
    26 1.302900 0.000000 -0.000001 0.000000 0.000000 0.924954
    27 2.046984 0.000001 0.000000 -0.010124 -0.131821 -0.222763
    28 -0.000005 0.000007 3.713254 -0.123546 -2.982845 5.996468
    29 18.045723 0.000000 0.000000 0.000000 0.000000 -0.317917
    30 17.597597 0.000000 0.000000 0.420551 0.578560 -0.315253
    31 0.000005 -0.000003 -3.713254 6.276272 2.878113 5.877992
    32 18.045721 0.000000 0.000000 0.000000 0.000000 -1.686485
    33 17.597597 0.000000 0.000000 -0.012517 -0.124230 -0.026457
  time 12
    0 0.387696 -0.011568 0.001476 0.000000 0.000000 -1.571017
    1 2.336005 0.136723 9.742485 -1.570795 -1.570787 0.000000
    2 1.293670 0.684478 -0.000001 -0.000004 -0.000001 -0.206422
    3 5.309685 -0.003834 0.000000 0.000000 0.005153 -0.209285
    4 4.826790 -0.004591 0.000000 0.002651 0.043696 0.123855
    5 5.792767 -0.005304 0.000000 0.000000 0.000000 0.000003
    6 6.662322 -0.001452 0.000000 0.000000 -0.000001 0.000003
    7 -2.869899 1.399632 4.140401 -0.000100 -1.283646 -3.142292
    8 4.972048 0.000000 -0.000002 0.004141 0.367523 -1.267376
    9 11.585358 0.000000 0.000000 0.000000 0.000000 -2.260735
    10 10.127057 -0.000001 0.000001 -2.458754 0.000094 -0.000160
    11 2.162477 0.109716 -1.664490 1.460467 0.573977 0.710725
    12 0.928312 0.000000 0.000000 0.000000 0.000000 0.375130
    13 0.928313 0.000000 -0.000001 0.000000 0.000000 0.375131
    14 3.784085 -0.427338 -0.044205 0.036443 0.088879 0.411651
    15 1.189161 -0.000001 -0.000001 0.000000 0.000000 0.305409
    16 1.302900 -0.000001 0.000001 0.000000 0.000000 0.305321
    17 -2.869899 1.399667 -4.140396 0.000026 1.283590 -3.142315
    18 4.972047 0.000000 0.000000 0.189801 -0.546990 -0.114925
    19 11.585358 0.000000 0.000001 0.000000 0.000000 -0.567003
    20 10.127058 0.000000 0.000001 2.068333 0.024398 -0.782835
    21 2.162477 0.109715 1.664489 2.894817 -0.132148 0.873393
    22 0.928313 0.000000 0.000002 0.000000 0.000000 0.000000
    23 0.928311 0.000000 0.000001 0.000000 0.000000 0.000000
    24 3.784085 -0.427337 0.044204 -0.013864 -0.095075 0.166302
    25 1.189159 0.000000 0.000001 0.000000 0.000000 0.165814
    26 1.302900 0.000000 -0.000001 0.000000 0.000000 0.924954
    27 2.046984 0.000001 0.000000 0.004007 -0.211127 -0.253056
    28 -0.000005 0.000007 3.713254 -0.160745 -3.029728 6.130096
    29 18.045723 0.000000 0.000000 0.000000 0.000000 -0.517683
    30 17.597597 0.000000 0.000000 0.265270 0.551490 -0.377147
    31 0.000005 -0.000003 -3.713254 6.254420 2.916460 5.650493
    32 18.045721 0.000000 0.000000 0.000000 0.000000 -1.589898
    33 17.597597 0.000000 0.000000 -0.048887 -0.100088 -0.172134
  time 13
    0 0.387696 -0.011568 0.001476 0.000000 0.000000 -1.571017
    1 2.261784 0.441420 9.742485 -1.570891 -1.570787 0.000000
    2 1.293670 0.684478 -0.000001 -0.000004 -0.000001 -0.195071
    3 5.309685 -0.003834 0.000000 0.000034 0.046896 -0.209285
    4 4.826790 -0.004591 0.000000 0.001869 0.070170 0.111663
    5 5.792767 -0.005304 0.000000 0.000000 0.000000 0.000003
    6 6.662322 -0.001452 0.000000 0.000000 -0.000001 0.000003
    7 -2.869899 1.399632 4.140401 -0.000100 -1.283646 -3.142292
    8 4.972048 0.000000 -0.000002 -0.007577 0.429773 -1.259144
    9 11.585358 0.000000 0.000000 0.000000 0.000000 -2.285876
    10 10.127057 -0.000001 0.000001 -2.458754 0.000094 -0.000160
    11 2.162477 0.109716 -1.664490 1.460467 0.573977 0.710725
    12 0.928312 0.000000 0.000000 0.000000 0.000000 0.375130
    13 0.928313 0.000000 -0.000001 0.000000 0.000000 0.375131
    14 3.784085 -0.427338 -0.044205 0.036443 0.088879 0.411651
    15 1.189161 -0.000001 -0.000001 0.000000 0.000000 0.305409
    16 1.302900 -0.000001 0.000001 0.000000 0.000000 0.305321
    17 -2.869899 1.399667 -4.140396 0.000026 1.283590 -3.142315
    18 4.972047 0.000000 0.000000 0.296544 -0.501833 -0.049967
    19 11.585358 0.000000 0.000001 0.000000 0.000000 -0.488836
    20 10.127058 0.000000 0.000001 2.037829 0.000567 -0.555887
    21 2.162477 0.109715 1.664489 2.894817 -0.132148 0.873393
    22 0.928313 0.000000 0.000002 0.000000 0.000000 0.000000
    23 0.928311 0.000000 0.000001 0.000000 0.000000 0.000000
    24 3.784085 -0.427337 0.044204 -0.013864 -0.095075 0.166302
    25 1.189159 0.000000 0.000001 0.000000 0.000000 0.165814
    26 1.302900 0.000000 -0.000001 0.000000 0.000000 0.924954
    27 2.046984 0.000001 0.000000 0.023179 -0.281433 -0.284808
    28 -0.000005 0.000007 3.713254 -0.187590 -3.076227 6.255288
    29 18.045723 0.000000 0.000000 0.000000 0.000000 -0.746314
    30 17.597597 0.000000 0.000000 0.124077 0.463806 -0.398053
    31 0.000005 -0.000003 -3.713254 6.242535 2.958162 5.432486
    32 18.045721 0.000000 0.000000 0.000000 0.000000 -1.463555
    33 17.597597 0.000000 0.000000 -0.078614 -0.068787 -0.347141
  time 14
    0 0.387696 -0.011568 0.001476 0.000000 0.000000 -1.571017
    1 2.136780 0.707053 9.742485 -1.570795 -1.570787 0.000000
    2 1.293670 0.684478 -0.000001 -0.000004 -0.000001 -0.181227
    3 5.309685 -0.003834 0.000000 0.000034 0.082790 -0.209268
    4 4.826790 -0.004591 0.000000 0.000954 0.092401 0.102072
    5 5.792767 -0.005304 0.000000 0.000000 0.000000 0.000003
    6 6.662322 -0.001452 0.000000 0.000000 -0.000001 0.000003
    7 -2.869899 1.399632 4.140401 -0.000100 -1.283646 -3.142292
    8 4.972048 0.000000 -0.000002 -0.019694 0.482557 -1.260184
    9 11.585358 0.000000 0.000000 0.000000 0.000000 -2.308916
    10 10.127057 -0.000001 0.000001 -2.458754 0.000094 -0.000160
    11 2.162477 0.109716 -1.664490 1.460467 0.573977 0.710725
    12 0.928312 0.000000 0.000000 0.000000 0.000000 0.375130
    13 0.928313 0.000000 -0.000001 0.000000 0.000000 0.375131
    14 3.784085 -0.427338 -0.044205 0.036443 0.088879 0.411651
    15 1.189161 -0.000001 -0.000001 0.000000 0.000000 0.305409
    16 1.302900 -0.000001 0.000001 0.000000 0.000000 0.305321
    17 -2.869899 1.399667 -4.140396 0.000026 1.283590 -3.142315
    18 4.972047 0.000000 0.000000 0.475511 -0.472666 0.019250
    19 11.585358 0.000000 0.000001 0.000000 0.000000 -0.421695
    20 10.127058 0.000000 0.000001 1.964480 -0.017400 -0.205436
    21 2.162477 0.109715 1.664489 2.894817 -0.132148 0.873393
    22 0.928313 0.000000 0.000002 0.000000 0.000000 0.000000
    23 0.928311 0.000000 0.000001 0.000000 0.000000 0.000000
    24 3.784085 -0.427337 0.044204 -0.013864 -0.095075 0.166302
    25 1.189159 0.000000 0.000001 0.000000 0.000000 0.165814
    26 1.302900 0.000000 -0.000001 0.000000 0.000000 0.924954
    27 2.046984 0.000001 0.000000 0.044720 -0.337755 -0.317777
    28 -0.000005 0.000007 3.713254 -0.208586 -3.120809 0.081091
    29 18.045723 0.000000 0.000000 0.000000 0.000000 -0.973317
    30 17.597597 0.000000 0.000000 0.035693 0.341841 -0.366235
    31 0.000005 -0.000003 -3.713254 6.241673 2.998235 5.240556
    32 18.045721 0.000000 0.000000 0.000000 0.000000 -1.312495
    33 17.597597 0.000000 0.000000 -0.100120 -0.034093 -0.538868
  time 15
    0 0.387696 -0.011568 0.001476 0.000000 0.000000 -1.571017
    1 1.988338 0.906278 9.742485 -1.570795 -1.570787 0.000000
    2 1.293670 0.684478 -0.000001 -0.000004 -0.000001 -0.164954
    3 5.309685 -0.003834 0.000000 0.000034 0.109971 -0.209268
    4 4.826790 -0.004591 0.000000 0.000076 0.108640 0.095942
    5 5.792767 -0.005304 0.000000 0.000000 0.000000 0.000003
    6 6.662322 -0.001452 0.000000 0.000000 -0.000001 0.000003
    7 -2.869899 1.399632 4.140401 -0.000100 -1.283646 -3.142292
    8 4.972048 0.000000 -0.000002 -0.033246 0.520760 -1.270842
    9 11.585358 0.000000 0.000000 0.000000 0.000000 -2.328624
    10 10.127057 -0.000001 0.000001 -2.458754 0.000094 -0.000160
    11 2.162477 0.109716 -1.664490 1.460467 0.573977 0.710725
    12 0.928312 0.000000 0.000000 0.000000 0.000000 0.375130
    13 0.928313 0.000000 -0.000001 0.000000 0.000000 0.375131
    14 3.784085 -0.427338 -0.044205 0.036443 0.088879 0.411651
    15 1.189161 -0.000001 -0.000001 0.000000 0.000000 0.305409
    16 1.302900 -0.000001 0.000001 0.000000 0.000000 0.305321
    17 -2.869899 1.399667 -4.140396 0.000026 1.283590 -3.142315
    18 4.972047 0.000000 0.000000 0.682900 -0.468006 0.070764
    19 11.585358 0.000000 0.000001 0.000000 0.000000 -0.373014
    20 10.127058 0.000000 0.000001 1.863010 -0.000851 0.183431
    21 2.162477 0.109715 1.664489 2.894817 -0.132148 0.873393
    22 0.928313 0.000000 0.000002 0.000000 0.000000 0.000000
    23 0.928311 0.000000 0.000001 0.000000 0.000000 0.000000
    24 3.784085 -0.427337 0.044204 -0.013864 -0.095075 0.166302
    25 1.189159 0.000000 0.000001 0.000000 0.000000 0.165814
    26 1.302900 0.000000 -0.000001 0.000000 0.000000 0.924954
    27 2.046984 0.000001 0.000000 0.065012 -0.374989 -0.350503
    28 -0.000005 0.000007 3.713254 -0.226994 3.119572 0.166214
    29 18.045723 0.000000 0.000000 0.000000 0.000000 -1.168198
    30 17.597597 0.000000 0.000000 0.001408 0.227873 -0.299253
    31 0.000005 -0.000003 -3.713254 6.249819 3.032363 5.090616
    32 18.045721 0.000000 0.000000 0.000000 0.000000 -1.141834
    33 17.597597 0.000000 0.000000 -0.113776 -0.000958 -0.733966
  time 16
    0 0.387696 -0.011568 0.001476 0.000000 0.000000 -1.571017
    1 1.574263 0.906278 9.742485 -1.570795 -1.570319 0.000000
    2 1.293670 0.684478 -0.000001 -0.000004 -0.000001 -0.123370
    3 5.309685 -0.003834 0.000000 0.000034 0.111864 -0.209268
    4 4.826790 -0.004591 0.000000 -0.000114 0.105273 0.104078
    5 5.792767 -0.005304 0.000000 0.000000 0.000000 0.000003
    6 6.662322 -0.001452 0.000000 0.000000 -0.000001 0.000003
    7 -2.869899 1.399632 4.140401 -0.000100 -1.283646 -3.142292
    8 4.972048 0.000000 -0.000002 -0.054450 0.503705 -1.317980
    9 11.585358 0.000000 0.000000 0.000000 0.000000 -2.343114
    10 10.127057 -0.000001 0.000001 -2.458754 0.000094 -0.000160
    11 2.162477 0.109716 -1.664490 1.460467 0.573977 0.710725
    12 0.928312 0.000000 0.000000 0.000000 0.000000 0.375130
    13 0.928313 0.000000 -0.000001 0.000000 0.000000 0.375131
    14 3.784085 -0.427338 -0.044205 0.036443 0.088879 0.411651
    15 1.189161 -0.000001 -0.000001 0.000000 0.000000 0.305409
    16 1.302900 -0.000001 0.000001 0.000000 0.000000 0.305321
    17 -2.869899 1.399667 -4.140396 0.000026 1.283590 -3.142315
    18 4.972047 0.000000 0.000000 0.901357 -0.511234 0.056921
    19 11.585358 0.000000 0.000001 0.000000 0.000000 -0.349735
    20 10.127058 0.000000 0.000001 1.762102 0.054942 0.524778
    21 2.162477 0.109715 1.664489 2.894817 -0.132148 0.873393
    22 0.928313 0.000000 0.000002 0.000000 0.000000 0.000000
    23 0.928311 0.000000 0.000001 0.000000 0.000000 0.000000
    24 3.784085 -0.427337 0.044204 -0.013864 -0.095075 0.166302
    25 1.189159 0.000000 0.000001 0.000000 0.000000 0.165814
    26 1.302900 0.000000 -0.000001 0.000000 0.000000 0.924954
    27 2.046984 0.000001 0.000000 0.077678 -0.363394 -0.415164
    28 -0.000005 0.000007 3.713254 -0.251442 3.107012 0.147617
    29 18.045723 0.000000 0.000000 0.000000 0.000000 -1.333991
    30 17.597597 0.000000 0.000000 0.031005 0.187391 -0.067863
    31 0.000005 -0.000003 -3.713254 6.262279 3.043388 5.089849
    32 18.045721 0.000000 0.000000 0.000000 0.000000 -0.745646
    33 17.597597 0.000000 0.000000 -0.119983 0.007720 -1.118714
  time 17
    0 0.387696 -0.011568 0.001476 0.000000 0.000000 -1.571017
    1 0.898461 0.714866 9.742485 -1.570795 -1.570787 0.000000
    2 1.293670 0.684478 -0.000001 -0.000004 -0.000001 -0.058666
    3 5.309685 -0.003834 0.000000 0.000034 0.088458 -0.209268
    4 4.826790 -0.004591 0.000000 0.000057 0.081495 0.127449
    5 5.792767 -0.005304 0.000000 0.000000 0.000000 0.000003
    6 6.662322 -0.001452 0.000000 0.000000 -0.000001 0.000003
    7 -2.869899 1.399632 4.140401 -0.000100 -1.283646 -3.142292
    8 4.972048 0.000000 -0.000002 -0.074061 0.431905 -1.400125
    9 11.585358 0.000000 0.000000 0.000000 0.000000 -2.349925
    10 10.127057 -0.000001 0.000001 -2.458754 0.000094 -0.000160
    11 2.162477 0.109716 -1.664490 1.460467 0.573977 0.710725
    12 0.928312 0.000000 0.000000 0.000000 0.000000 0.375130
    13 0.928313 0.000000 -0.000001 0.000000 0.000000 0.375131
    14 3.784085 -0.427338 -0.044205 0.036443 0.088879 0.411651
    15 1.189161 -0.000001 -0.000001 0.000000 0.000000 0.305409
    16 1.302900 -0.000001 0.000001 0.000000 0.000000 0.305321
    17 -2.869899 1.399667 -4.140396 0.000026 1.283590 -3.142315
    18 4.972047 0.000000 0.000000 1.089048 -0.581460 -0.037987
    19 11.585358 0.000000 0.000001 0.000000 0.000000 -0.359292
    20 10.127058 0.000000 0.000001 1.679496 0.123217 0.735669
    21 2.162477 0.109715 1.664489 2.894817 -0.132148 0.873393
    22 0.928313 0.000000 0.000002 0.000000 0.000000 0.000000
    23 0.928311 0.000000 0.000001 0.000000 0.000000 0.000000
    24 3.784085 -0.427337 0.044204 -0.013864 -0.095075 0.166302
    25 1.189159 0.000000 0.000001 0.000000 0.000000 0.165814
    26 1.302900 0.000000 -0.000001 0.000000 0.000000 0.924954
    27 2.046984 0.000001 0.000000 0.074232 -0.304918 -0.511334
    28 -0.000005 0.000007 3.713254 -0.267069 3.127242 0.048403
    29 18.045723 0.000000 0.000000 0.000000 0.000000 -1.474619
    30 17.597597 0.000000 0.000000 0.063440 0.191180 0.124924
    31 0.000005 -0.000003 -3.713254 0.001291 3.040512 5.273056
    32 18.045721 0.000000 0.000000 0.000000 0.000000 -0.339382
    33 17.597597 0.000000 0.000000 -0.122331 -0.001451 -1.410438
  time 18
    0 0.387696 -0.011568 0.001476 0.000000 0.000000 -1.571017
    1 0.347663 0.492203 9.742485 -1.570795 -1.570787 0.000000
    2 1.293670 0.684478 -0.000001 -0.000004 -0.000001 -0.007857
    3 5.309685 -0.003834 0.000000 0.000034 0.061217 -0.209285
    4 4.826790 -0.004591 0.000000 0.000019 0.055237 0.152231
    5 5.792767 -0.005304 0.000000 0.000000 0.000000 0.000003
    6 6.662322 -0.001452 0.000000 0.000000 -0.000001 0.000003
    7 -2.869899 1.399632 4.140401 -0.000100 -1.283646 -3.142292
    8 4.972048 0.000000 -0.000002 -0.083069 0.366159 -1.481663
    9 11.585358 0.000000 0.000000 0.000000 0.000000 -2.342172
    10 10.127057 -0.000001 0.000001 -2.458754 0.000094 -0.000160
    11 2.162477 0.109716 -1.664490 1.460467 0.573977 0.710725
    12 0.928312 0.000000 0.000000 0.000000 0.000000 0.375130
    13 0.928313 0.000000 -0.000001 0.000000 0.000000 0.375131
    14 3.784085 -0.427338 -0.044205 0.036443 0.088879 0.411651
    15 1.189161 -0.000001 -0.000001 0.000000 0.000000 0.305409
    16 1.302900 -0.000001 0.000001 0.000000 0.000000 0.305321
    17 -2.869899 1.399667 -4.140396 0.000026 1.283590 -3.142315
    18 4.972047 0.000000 0.000000 1.198979 -0.628705 -0.167770
    19 11.585358 0.000000 0.000001 0.000000 0.000000 -0.405849
    20 10.127058 0.000000 0.000001 1.584478 0.189979 0.817904
    21 2.162477 0.109715 1.664489 2.894817 -0.132148 0.873393
    22 0.928313 0.000000 0.000002 0.000000 0.000000 0.000000
    23 0.928311 0.000000 0.000001 0.000000 0.000000 0.000000
    24 3.784085 -0.427337 0.044204 -0.013864 -0.095075 0.166302
    25 1.189159 0.000000 0.000001 0.000000 0.000000 0.165814
    26 1.302900 0.000000 -0.000001 0.000000 0.000000 0.924954
    27 2.046984 0.000001 0.000000 0.058033 -0.241574 -0.591446
    28 -0.000005 0.000007 3.713254 -0.269658 3.152744 6.226722
    29 18.045723 0.000000 0.000000 0.000000 0.000000 -1.626942
    30 17.597597 0.000000 0.000000 0.026748 0.192657 0.014433
    31 0.000005 -0.000003 -3.713254 0.053142 3.050961 5.823250
    32 18.045721 0.000000 0.000000 0.000000 0.000000 -0.546174
    33 17.597597 0.000000 0.000000 -0.119178 -0.014745 -0.755028
  time 19
    0 0.387696 -0.011568 0.001476 0.000000 0.000000 -1.571017
    1 0.230472 0.242195 9.742485 -1.570795 -1.570787 0.000000
    2 1.293670 0.684478 -0.000001 -0.000004 -0.000001 -0.003387
    3 5.309685 -0.003834 0.000000 0.000017 0.031699 -0.209285
    4 4.826790 -0.004591 0.000000 0.000172 0.025587 0.181071
    5 5.792767 -0.005304 0.000000 0.000000 0.000000 0.000003
    6 6.662322 -0.001452 0.000000 0.000000 -0.000001 0.000003
    7 -2.869899 1.399632 4.140401 -0.000100 -1.283646 -3.142292
    8 4.972048 0.000000 -0.000002 -0.089127 0.339638 -1.573166
    9 11.585358 0.000000 0.000000 0.000000 0.000000 -2.290151
    10 10.127057 -0.000001 0.000001 -2.458754 0.000094 -0.000160
    11 2.162477 0.109716 -1.664490 1.460467 0.573977 0.710725
    12 0.928312 0.000000 0.000000 0.000000 0.000000 0.375130
    13 0.928313 0.000000 -0.000001 0.000000 0.000000 0.375131
    14 3.784085 -0.427338 -0.044205 0.036443 0.088879 0.411651
    15 1.189161 -0.000001 -0.000001 0.000000 0.000000 0.305409
    16 1.302900 -0.000001 0.000001 0.000000 0.000000 0.305321
    17 -2.869899 1.399667 -4.140396 0.000026 1.283590 -3.142315
    18 4.972047 0.000000 0.000000 1.233028 -0.666951 -0.287304
    19 11.585358 0.000000 0.000001 0.000000 0.000000 -0.481811
    20 10.127058 0.000000 0.000001 1.456923 0.260808 0.827709
    21 2.162477 0.109715 1.664489 2.894817 -0.132148 0.873393
    22 0.928313 0.000000 0.000002 0.000000 0.000000 0.000000
    23 0.928311 0.000000 0.000001 0.000000 0.000000 0.000000
    24 3.784085 -0.427337 0.044204 -0.013864 -0.095075 0.166302
    25 1.189159 0.000000 0.000001 0.000000 0.000000 0.165814
    26 1.302900 0.000000 -0.000001 0.000000 0.000000 0.924954
    27 2.046984 0.000001 0.000000 0.029210 -0.176372 -0.627274
    28 -0.000005 0.000007 3.713254 -0.260262 -3.098374 6.107856
    29 18.045723 0.000000 0.000000 0.000000 0.000000 -1.763721
    30 17.597597 0.000000 0.000000 -0.026009 0.193518 -0.190366
    31 0.000005 -0.000003 -3.713254 0.047583 3.042142 5.774165
    32 18.045721 0.000000 0.000000 0.000000 0.000000 -0.867265
    33 17.597597 0.000000 0.000000 -0.128371 -0.023936 -0.537852
  time 20
    0 0.387696 -0.011568 0.001476 0.000000 0.000000 -1.571017
    1 0.222659 0.000000 9.742485 -1.570795 -1.570451 0.000000
    2 1.293670 0.684478 -0.000001 -0.000004 -0.000001 -0.007857
    3 5.309685 -0.003834 0.000000 0.000000 0.000000 -0.209285
    4 4.826790 -0.004591 0.000000 0.000000 0.000000 0.200583
    5 5.792767 -0.005304 0.000000 0.000000 0.000000 0.000003
    6 6.662322 -0.001452 0.000000 0.000000 -0.000001 0.000003
    7 -2.869899 1.399632 4.140401 -0.000100 -1.283646 -3.142292
    8 4.972048 0.000000 -0.000002 -0.087055 0.313971 -1.629575
    9 11.585358 0.000000 0.000000 0.000000 0.000000 -2.243491
    10 10.127057 -0.000001 0.000001 -2.458754 0.000094 -0.000160
    11 2.162477 0.109716 -1.664490 1.460467 0.573977 0.710725
    12 0.928312 0.000000 0.000000 0.000000 0.000000 0.375130
    13 0.928313 0.000000 -0.000001 0.000000 0.000000 0.375131
    14 3.784085 -0.427338 -0.044205 0.036443 0.088879 0.411651
    15 1.189161 -0.000001 -0.000001 0.000000 0.000000 0.305409
    16 1.302900 -0.000001 0.000001 0.000000 0.000000 0.305321
    17 -2.869899 1.399667 -4.140396 0.000026 1.283590 -3.142315
    18 4.972047 0.000000 0.000000 1.224774 -0.692020 -0.408967
    19 11.585358 0.000000 0.000001 0.000000 0.000000 -0.577377
    20 10.127058 0.000000 0.000001 1.315272 0.319249 0.776837
    21 2.162477 0.109715 1.664489 2.894817 -0.132148 0.873393
    22 0.928313 0.000000 0.000002 0.000000 0.000000 0.000000
    23 0.928311 0.000000 0.000001 0.000000 0.000000 0.000000
    24 3.784085 -0.427337 0.044204 -0.013864 -0.095075 0.166302
    25 1.189159 0.000000 0.000001 0.000000 0.000000 0.165814
    26 1.302900 0.000000 -0.000001 0.000000 0.000000 0.924954
    27 2.046984 0.000001 0.000000 -0.000129 -0.111612 -0.646009
    28 -0.000005 0.000007 3.713254 -0.213284 -3.060216 5.996947
    29 18.045723 0.000000 0.000000 0.000000 0.000000 -1.761796
    30 17.597597 0.000000 0.000000 -0.027605 0.226200 -0.298198
    31 0.000005 -0.000003 -3.713254 0.036082 3.033130 5.710891
    32 18.045721 0.000000 0.000000 0.000000 0.000000 -1.141834
    33 17.597597 0.000000 0.000000 -0.106864 -0.039162 -0.459008
  time 21
    0 0.387696 -0.011568 0.001476 0.000000 0.000000 -1.571017
    1 0.042966 -0.195318 9.742485 -1.570891 -1.570787 0.000000
    2 1.293670 0.684478 -0.000001 -0.000004 -0.000001 0.011228
    3 5.309685 -0.003834 0.000000 -0.000017 -0.029902 -0.209285
    4 4.826790 -0.004591 0.000000 -0.000229 -0.013303 0.198731
    5 5.792767 -0.005304 0.000000 0.000000 0.000000 0.000003
    6 6.662322 -0.001452 0.000000 0.000000 -0.000001 0.000003
    7 -2.869899 1.399632 4.140401 -0.000100 -1.283646 -3.142292
    8 4.972048 0.000000 -0.000002 -0.073662 0.262466 -1.621170
    9 11.585358 0.000000 0.000000 0.000000 0.000000 -2.244650
    10 10.127057 -0.000001 0.000001 -2.458754 0.000094 -0.000160
    11 2.162477 0.109716 -1.664490 1.460467 0.573977 0.710725
    12 0.928312 0.000000 0.000000 0.000000 0.000000 0.375130
    13 0.928313 0.000000 -0.000001 0.000000 0.000000 0.375131
    14 3.784085 -0.427338 -0.044205 0.036443 0.088879 0.411651
    15 1.189161 -0.000001 -0.000001 0.000000 0.000000 0.305409
    16 1.302900 -0.000001 0.000001 0.000000 0.000000 0.305321
    17 -2.869899 1.399667 -4.140396 0.000026 1.283590 -3.142315
    18 4.972047 0.000000 0.000000 1.199448 -0.690333 -0.534091
    19 11.585358 0.000000 0.000001 0.000000 0.000000 -0.682090
    20 10.127058 0.000000 0.000001 1.184210 0.352441 0.684997
    21 2.162477 0.109715 1.664489 2.894817 -0.132148 0.873393
    22 0.928313 0.000000 0.000002 0.000000 0.000000 0.000000
    23 0.928311 0.000000 0.000001 0.000000 0.000000 0.000000
    24 3.784085 -0.427337 0.044204 -0.013864 -0.095075 0.166302
    25 1.189159 0.000000 0.000001 0.000000 0.000000 0.165814
    26 1.302900 0.000000 -0.000001 0.000000 0.000000 0.924954
    27 2.046984 0.000001 0.000000 -0.022834 -0.057709 -0.668455
    28 -0.000005 0.000007 3.713254 -0.071295 -3.010265 5.896774
    29 18.045723 0.000000 0.000000 0.000000 0.000000 -1.391427
    30 17.597597 0.000000 0.000000 0.120403 0.274410 -0.045948
    31 0.000005 -0.000003 -3.713254 0.042408 3.040128 5.882881
    32 18.045721 0.000000 0.000000 0.000000 0.000000 -1.320918
    33 17.597597 0.000000 0.000000 -0.012786 -0.045454 -0.433744
  time 22
    0 0.387696 -0.011568 0.001476 0.000000 0.000000 -1.571017
    1 -0.187510 -0.417982 9.742485 -1.570795 -1.570787 0.000000
    2 1.293670 0.684478 -0.000001 -0.000004 -0.000001 0.036992
    3 5.309685 -0.003834 0.000000 -0.000034 -0.062799 -0.209285
    4 4.826790 -0.004591 0.000000 -0.000324 -0.024892 0.190948
    5 5.792767 -0.005304 0.000000 0.000000 0.000000 0.000003
    6 6.662322 -0.001452 0.000000 0.000000 -0.000001 0.000003
    7 -2.869899 1.399632 4.140401 -0.000100 -1.283646 -3.142292
    8 4.972048 0.000000 -0.000002 -0.058197 0.198766 -1.599941
    9 11.585358 0.000000 0.000000 0.000000 0.000000 -2.257040
    10 10.127057 -0.000001 0.000001 -2.458754 0.000094 -0.000160
    11 2.162477 0.109716 -1.664490 1.460467 0.573977 0.710725
    12 0.928312 0.000000 0.000000 0.000000 0.000000 0.375130
    13 0.928313 0.000000 -0.000001 0.000000 0.000000 0.375131
    14 3.784085 -0.427338 -0.044205 0.036443 0.088879 0.411651
    15 1.189161 -0.000001 -0.000001 0.000000 0.000000 0.305409
    16 1.302900 -0.000001 0.000001 0.000000 0.000000 0.305321
    17 -2.869899 1.399667 -4.140396 0.000026 1.283590 -3.142315
    18 4.972047 0.000000 0.000000 1.168495 -0.677397 -0.650297
    19 11.585358 0.000000 0.000001 0.000000 0.000000 -0.785824
    20 10.127058 0.000000 0.000001 1.094732 0.357831 0.578751
    21 2.162477 0.109715 1.664489 2.894817 -0.132148 0.873393
    22 0.928313 0.000000 0.000002 0.000000 0.000000 0.000000
    23 0.928311 0.000000 0.000001 0.000000 0.000000 0.000000
    24 3.784085 -0.427337 0.044204 -0.013864 -0.095075 0.166302
    25 1.189159 0.000000 0.000001 0.000000 0.000000 0.165814
    26 1.302900 0.000000 -0.000001 0.000000 0.000000 0.924954
    27 2.046984 0.000001 0.000000 -0.048382 -0.002449 -0.691509
    28 -0.000005 0.000007 3.713254 -6.187662 -2.971915 5.817978
    29 18.045723 0.000000 0.000000 0.000000 0.000000 -0.913588
    30 17.597597 0.000000 0.000000 0.179368 0.239735 0.185717
    31 0.000005 -0.000003 -3.713254 0.051321 3.057384 6.123801
    32 18.045721 0.000000 0.000000 0.000000 0.000000 -1.494177
    33 17.597597 0.000000 0.000000 0.102464 -0.005810 -0.430926
  time 23
    0 0.387696 -0.011568 0.001476 0.000000 0.000000 -1.571017
    1 -0.417986 -0.609394 9.742485 -1.570795 -1.570787 0.000000
    2 1.293670 0.684478 -0.000001 -0.000004 -0.000001 0.062706
    3 5.309685 -0.003834 0.000000 -0.000034 -0.093252 -0.209268
    4 4.826790 -0.004591 0.000000 -0.000229 -0.033988 0.180894
    5 5.792767 -0.005304 0.000000 0.000000 0.000000 0.000003
    6 6.662322 -0.001452 0.000000 0.000000 -0.000001 0.000003
    7 -2.869899 1.399632 4.140401 -0.000100 -1.283646 -3.142292
    8 4.972048 0.000000 -0.000002 -0.044406 0.136090 -1.576285
    9 11.585358 0.000000 0.000000 0.000000 0.000000 -2.274501
    10 10.127057 -0.000001 0.000001 -2.458754 0.000094 -0.000160
    11 2.162477 0.109716 -1.664490 1.460467 0.573977 0.710725
    12 0.928312 0.000000 0.000000 0.000000 0.000000 0.375130
    13 0.928313 0.000000 -0.000001 0.000000 0.000000 0.375131
    14 3.784085 -0.427338 -0.044205 0.036443 0.088879 0.411651
    15 1.189161 -0.000001 -0.000001 0.000000 0.000000 0.305409
    16 1.302900 -0.000001 0.000001 0.000000 0.000000 0.305321
    17 -2.869899 1.399667 -4.140396 0.000026 1.283590 -3.142315
    18 4.972047 0.000000 0.000000 1.132289 -0.650078 -0.736819
    19 11.585358 0.000000 0.000001 0.000000 0.000000 -0.878530
    20 10.127058 0.000000 0.000001 1.078323 0.344970 0.483160
    21 2.162477 0.109715 1.664489 2.894817 -0.132148 0.873393
    22 0.928313 0.000000 0.000002 0.000000 0.000000 0.000000
    23 0.928311 0.000000 0.000001 0.000000 0.000000 0.000000
    24 3.784085 -0.427337 0.044204 -0.013864 -0.095075 0.166302
    25 1.189159 0.000000 0.000001 0.000000 0.000000 0.165814
    26 1.302900 0.000000 -0.000001 0.000000 0.000000 0.924954
    27 2.046984 0.000001 0.000000 -0.073370 0.048238 -0.712434
    28 -0.000005 0.000007 3.713254 -6.057082 -2.950056 5.758641
    29 18.045723 0.000000 0.000000 0.000000 0.000000 -0.574082
    30 17.597597 0.000000 0.000000 0.167028 0.287773 0.035201
    31 0.000005 -0.000003 -3.713254 0.055826 3.073874 0.088629
    32 18.045721 0.000000 0.000000 0.000000 0.000000 -1.640750
    33 17.597597 0.000000 0.000000 0.191208 0.074563 -0.438316
  time 24
    0 0.387696 -0.011568 0.001476 0.000000 0.000000 -1.571017
    1 -0.582053 -0.753929 9.742485 -1.570795 -1.570451 0.000000
    2 1.293670 0.684478 -0.000001 -0.000004 -0.000001 0.081942
    3 5.309685 -0.003834 0.000000 -0.000034 -0.115603 -0.209268
    4 4.826790 -0.004591 0.000000 -0.000076 -0.040053 0.172163
    5 5.792767 -0.005304 0.000000 0.000000 0.000000 0.000003
    6 6.662322 -0.001452 0.000000 0.000000 -0.000001 0.000003
    7 -2.869899 1.399632 4.140401 -0.000100 -1.283646 -3.142292
    8 4.972048 0.000000 -0.000002 -0.034521 0.086205 -1.557222
    9 11.585358 0.000000 0.000000 0.000000 0.000000 -2.288339
    10 10.127057 -0.000001 0.000001 -2.458754 0.000094 -0.000160
    11 2.162477 0.109716 -1.664490 1.460467 0.573977 0.710725
    12 0.928312 0.000000 0.000000 0.000000 0.000000 0.375130
    13 0.928313 0.000000 -0.000001 0.000000 0.000000 0.375131
    14 3.784085 -0.427338 -0.044205 0.036443 0.088879 0.411651
    15 1.189161 -0.000001 -0.000001 0.000000 0.000000 0.305409
    16 1.302900 -0.000001 0.000001 0.000000 0.000000 0.305321
    17 -2.869899 1.399667 -4.140396 0.000026 1.283590 -3.142315
    18 4.972047 0.000000 0.000000 1.062784 -0.594878 -0.781411
    19 11.585358 0.000000 0.000001 0.000000 0.000000 -0.967561
    20 10.127058 0.000000 0.000001 1.187156 0.320762 0.381967
    21 2.162477 0.109715 1.664489 2.894817 -0.132148 0.873393
    22 0.928313 0.000000 0.000002 0.000000 0.000000 0.000000
    23 0.928311 0.000000 0.000001 0.000000 0.000000 0.000000
    24 3.784085 -0.427337 0.044204 -0.013864 -0.095075 0.166302
    25 1.189159 0.000000 0.000001 0.000000 0.000000 0.165814
    26 1.302900 0.000000 -0.000001 0.000000 0.000000 0.924954
    27 2.046984 0.000001 0.000000 -0.093016 0.090074 -0.727520
    28 -0.000005 0.000007 3.713254 -5.942992 -2.935195 5.716655
    29 18.045723 0.000000 0.000000 0.000000 0.000000 -0.277653
    30 17.597597 0.000000 0.000000 0.158919 0.358550 -0.228556
    31 0.000005 -0.000003 -3.713254 0.056784 3.076845 0.281423
    32 18.045721 0.000000 0.000000 0.000000 0.000000 -1.739620
    33 17.597597 0.000000 0.000000 0.234489 0.149789 -0.451156
  time 25
    0 0.387696 -0.011568 0.001476 0.000000 0.000000 -1.571017
    1 -0.628929 -0.808618 9.742485 -1.570795 -1.570451 0.000000
    2 1.293670 0.684478 -0.000001 -0.000004 -0.000001 0.088036
    3 5.309685 -0.003834 0.000000 -0.000085 -0.124292 -0.209268
    4 4.826790 -0.004591 0.000000 0.000000 -0.042246 0.168459
    5 5.792767 -0.005304 0.000000 0.000000 0.000000 0.000003
    6 6.662322 -0.001452 0.000000 0.000000 -0.000001 0.000003
    7 -2.869899 1.399632 4.140401 -0.000100 -1.283646 -3.142292
    8 4.972048 0.000000 -0.000002 -0.029101 0.061732 -1.548037
    9 11.585358 0.000000 0.000000 0.000000 0.000000 -2.292035
    10 10.127057 -0.000001 0.000001 -2.458754 0.000094 -0.000160
    11 2.162477 0.109716 -1.664490 1.460467 0.573977 0.710725
    12 0.928312 0.000000 0.000000 0.000000 0.000000 0.375130
    13 0.928313 0.000000 -0.000001 0.000000 0.000000 0.375131
    14 3.784085 -0.427338 -0.044205 0.036443 0.088879 0.411651
    15 1.189161 -0.000001 -0.000001 0.000000 0.000000 0.305409
    16 1.302900 -0.000001 0.000001 0.000000 0.000000 0.305321
    17 -2.869899 1.399667 -4.140396 0.000026 1.283590 -3.142315
    18 4.972047 0.000000 0.000000 0.944785 -0.508904 -0.795720
    19 11.585358 0.000000 0.000001 0.000000 0.000000 -1.060922
    20 10.127058 0.000000 0.000001 1.409098 0.299201 0.252911
    21 2.162477 0.109715 1.664489 2.894817 -0.132148 0.873393
    22 0.928313 0.000000 0.000002 0.000000 0.000000 0.000000
    23 0.928311 0.000000 0.000001 0.000000 0.000000 0.000000
    24 3.784085 -0.427337 0.044204 -0.013864 -0.095075 0.166302
    25 1.189159 0.000000 0.000001 0.000000 0.000000 0.165814
    26 1.302900 0.000000 -0.000001 0.000000 0.000000 0.924954
    27 2.046984 0.000001 0.000000 -0.101805 0.118692 -0.732629
    28 -0.000005 0.000007 3.713254 -5.901862 -2.921965 5.736689
    29 18.045723 0.000000 0.000000 0.000000 0.000000 -0.127477
    30 17.597597 0.000000 0.000000 0.152407 0.394480 -0.363943
    31 0.000005 -0.000003 -3.713254 0.058318 3.054604 0.359173
    32 18.045721 0.000000 0.000000 0.000000 0.000000 -1.769926
    33 17.597597 0.000000 0.000000 0.246903 0.168112 -0.466953
  time 26
    0 0.387696 -0.011568 0.001476 0.000000 0.000000 -1.571017
    1 -0.597678 -0.796899 9.742485 -1.570795 -1.570787 0.000000
    2 1.293670 0.684478 -0.000001 -0.000004 -0.000001 0.084788
    3 5.309685 -0.003834 0.000000 -0.000085 -0.122495 -0.209268
    4 4.826790 -0.004591 0.000000 -0.000019 -0.041551 0.168790
    5 5.792767 -0.005304 0.000000 0.000000 0.000000 0.000003
    6 6.662322 -0.001452 0.000000 0.000000 -0.000001 0.000003
    7 -2.869899 1.399632 4.140401 -0.000100 -1.283646 -3.142292
    8 4.972048 0.000000 -0.000002 -0.027267 0.057041 -1.544398
    9 11.585358 0.000000 0.000000 0.000000 0.000000 -2.287905
    10 10.127057 -0.000001 0.000001 -2.458754 0.000094 -0.000160
    11 2.162477 0.109716 -1.664490 1.460467 0.573977 0.710725
    12 0.928312 0.000000 0.000000 0.000000 0.000000 0.375130
    13 0.928313 0.000000 -0.000001 0.000000 0.000000 0.375131
    14 3.784085 -0.427338 -0.044205 0.036443 0.088879 0.411651
    15 1.189161 -0.000001 -0.000001 0.000000 0.000000 0.305409
    16 1.302900 -0.000001 0.000001 0.000000 0.000000 0.305321
    17 -2.869899 1.399667 -4.140396 0.000026 1.283590 -3.142315
    18 4.972047 0.000000 0.000000 0.809246 -0.409994 -0.801044
    19 11.585358 0.000000 0.000001 0.000000 0.000000 -1.150034
    20 10.127058 0.000000 0.000001 1.676901 0.297972 0.109649
    21 2.162477 0.109715 1.664489 2.894817 -0.132148 0.873393
    22 0.928313 0.000000 0.000002 0.000000 0.000000 0.000000
    23 0.928311 0.000000 0.000001 0.000000 0.000000 0.000000
    24 3.784085 -0.427337 0.044204 -0.013864 -0.095075 0.166302
    25 1.189159 0.000000 0.000001 0.000000 0.000000 0.165814
    26 1.302900 0.000000 -0.000001 0.000000 0.000000 0.924954
    27 2.046984 0.000001 0.000000 -0.101460 0.137516 -0.729649
    28 -0.000005 0.000007 3.713254 -5.927748 -2.906816 5.820470
    29 18.045723 0.000000 0.000000 0.000000 0.000000 -0.095503
    30 17.597597 0.000000 0.000000 0.143437 0.393865 -0.325981
    31 0.000005 -0.000003 -3.713254 0.059659 2.992195 0.285162
    32 18.045721 0.000000 0.000000 0.000000 0.000000 -1.710651
    33 17.597597 0.000000 0.000000 0.235429 0.097364 -0.484181
  time 27
    0 0.387696 -0.011568 0.001476 0.000000 0.000000 -1.571017
    1 -0.554708 -0.765648 9.742485 -1.570795 -1.570787 0.000000
    2 1.293670 0.684478 -0.000001 -0.000004 -0.000001 0.080301
    3 5.309685 -0.003834 0.000000 -0.000034 -0.117485 -0.209268
    4 4.826790 -0.004591 0.000000 -0.000057 -0.039537 0.169672
    5 5.792767 -0.005304 0.000000 0.000000 0.000000 0.000003
    6 6.662322 -0.001452 0.000000 0.000000 -0.000001 0.000003
    7 -2.869899 1.399632 4.140401 -0.000100 -1.283646 -3.142292
    8 4.972048 0.000000 -0.000002 -0.026948 0.056359 -1.541018
    9 11.585358 0.000000 0.000000 0.000000 0.000000 -2.282761
    10 10.127057 -0.000001 0.000001 -2.458754 0.000094 -0.000160
    11 2.162477 0.109716 -1.664490 1.460467 0.573977 0.710725
    12 0.928312 0.000000 0.000000 0.000000 0.000000 0.375130
    13 0.928313 0.000000 -0.000001 0.000000 0.000000 0.375131
    14 3.784085 -0.427338 -0.044205 0.036443 0.088879 0.411651
    15 1.189161 -0.000001 -0.000001 0.000000 0.000000 0.305409
    16 1.302900 -0.000001 0.000001 0.000000 0.000000 0.305321
    17 -2.869899 1.399667 -4.140396 0.000026 1.283590 -3.142315
    18 4.972047 0.000000 0.000000 0.686277 -0.318235 -0.810163
    19 11.585358 0.000000 0.000001 0.000000 0.000000 -1.225996
    20 10.127058 0.000000 0.000001 1.922546 0.313858 -0.030611
    21 2.162477 0.109715 1.664489 2.894817 -0.132148 0.873393
    22 0.928313 0.000000 0.000002 0.000000 0.000000 0.000000
    23 0.928311 0.000000 0.000001 0.000000 0.000000 0.000000
    24 3.784085 -0.427337 0.044204 -0.013864 -0.095075 0.166302
    25 1.189159 0.000000 0.000001 0.000000 0.000000 0.165814
    26 1.302900 0.000000 -0.000001 0.000000 0.000000 0.924954
    27 2.046984 0.000001 0.000000 -0.098100 0.152739 -0.723383
    28 -0.000005 0.000007 3.713254 -5.973576 -2.893394 5.931571
    29 18.045723 0.000000 0.000000 0.000000 0.000000 -0.086473
    30 17.597597 0.000000 0.000000 0.135658 0.384071 -0.243548
    31 0.000005 -0.000003 -3.713254 0.046721 2.898054 0.097641
    32 18.045721 0.000000 0.000000 0.000000 0.000000 -1.576043
    33 17.597597 0.000000 0.000000 0.170573 -0.025040 -0.502518
  time 28
    0 0.387696 -0.011568 0.001476 0.000000 0.000000 -1.571017
    1 -0.515645 -0.714866 9.742485 -1.570891 -1.570787 0.000000
    2 1.293670 0.684478 -0.000001 -0.000004 -0.000001 0.074609
    3 5.309685 -0.003834 0.000000 -0.000034 -0.109695 -0.209268
    4 4.826790 -0.004591 0.000000 -0.000076 -0.036625 0.171083
    5 5.792767 -0.005304 0.000000 0.000000 0.000000 0.000003
    6 6.662322 -0.001452 0.000000 0.000000 -0.000001 0.000003
    7 -2.869899 1.399632 4.140401 -0.000100 -1.283646 -3.142292
    8 4.972048 0.000000 -0.000002 -0.027666 0.059600 -1.537379
    9 11.585358 0.000000 0.000000 0.000000 0.000000 -2.277182
    10 10.127057 -0.000001 0.000001 -2.458754 0.000094 -0.000160
    11 2.162477 0.109716 -1.664490 1.460467 0.573977 0.710725
    12 0.928312 0.000000 0.000000 0.000000 0.000000 0.375130
    13 0.928313 0.000000 -0.000001 0.000000 0.000000 0.375131
    14 3.784085 -0.427338 -0.044205 0.036443 0.088879 0.411651
    15 1.189161 -0.000001 -0.000001 0.000000 0.000000 0.305409
    16 1.302900 -0.000001 0.000001 0.000000 0.000000 0.305321
    17 -2.869899 1.399667 -4.140396 0.000026 1.283590 -3.142315
    18 4.972047 0.000000 0.000000 0.591634 -0.250902 -0.820745
    19 11.585358 0.000000 0.000001 0.000000 0.000000 -1.280232
    20 10.127058 0.000000 0.000001 2.078852 0.322464 -0.155015
    21 2.162477 0.109715 1.664489 2.894817 -0.132148 0.873393
    22 0.928313 0.000000 0.000002 0.000000 0.000000 0.000000
    23 0.928311 0.000000 0.000001 0.000000 0.000000 0.000000
    24 3.784085 -0.427337 0.044204 -0.013864 -0.095075 0.166302
    25 1.189159 0.000000 0.000001 0.000000 0.000000 0.165814
    26 1.302900 0.000000 -0.000001 0.000000 0.000000 0.924954
    27 2.046984 0.000001 0.000000 -0.092241 0.164954 -0.713772
    28 -0.000005 0.000007 3.713254 -6.034935 -2.886970 6.059351
    29 18.045723 0.000000 0.000000 0.000000 0.000000 -0.098463
    30 17.597597 0.000000 0.000000 0.132287 0.365540 -0.130719
    31 0.000005 -0.000003 -3.713254 0.004358 2.801324 6.126581
    32 18.045721 0.000000 0.000000 0.000000 0.000000 -1.396960
    33 17.597597 0.000000 0.000000 0.032475 -0.120699 -0.511571
  time 29
    0 0.387696 -0.011568 0.001476 0.000000 0.000000 -1.571017
    1 -0.453143 -0.648457 9.742485 -1.570795 -1.570319 0.000000
    2 1.293670 0.684478 -0.000001 -0.000004 -0.000001 0.067796
    3 5.309685 -0.003834 0.000000 -0.000034 -0.099712 -0.209268
    4 4.826790 -0.004591 0.000000 -0.000114 -0.032838 0.172913
    5 5.792767 -0.005304 0.000000 0.000000 0.000000 0.000003
    6 6.662322 -0.001452 0.000000 0.000000 -0.000001 0.000003
    7 -2.869899 1.399632 4.140401 -0.000100 -1.283646 -3.142292
    8 4.972048 0.000000 -0.000002 -0.029101 0.065398 -1.534346
    9 11.585358 0.000000 0.000000 0.000000 0.000000 -2.270371
    10 10.127057 -0.000001 0.000001 -2.458754 0.000094 -0.000160
    11 2.162477 0.109716 -1.664490 1.460467 0.573977 0.710725
    12 0.928312 0.000000 0.000000 0.000000 0.000000 0.375130
    13 0.928313 0.000000 -0.000001 0.000000 0.000000 0.375131
    14 3.784085 -0.427338 -0.044205 0.036443 0.088879 0.411651
    15 1.189161 -0.000001 -0.000001 0.000000 0.000000 0.305409
    16 1.302900 -0.000001 0.000001 0.000000 0.000000 0.305321
    17 -2.869899 1.399667 -4.140396 -0.007139 1.283590 -3.149307
    18 4.972047 0.000000 0.000000 0.529633 -0.206790 -0.824738
    19 11.585358 0.000000 0.000001 0.000000 0.000000 -1.312250
    20 10.127058 0.000000 0.000001 2.139930 0.295324 -0.273966
    21 2.162477 0.109715 1.664489 2.894817 -0.132148 0.873393
    22 0.928313 0.000000 0.000002 0.000000 0.000000 0.000000
    23 0.928311 0.000000 0.000001 0.000000 0.000000 0.000000
    24 3.784085 -0.427337 0.044204 -0.013864 -0.095075 0.166302
    25 1.189159 0.000000 0.000001 0.000000 0.000000 0.165814
    26 1.302900 0.000000 -0.000001 0.000000 0.000000 0.924954
    27 2.046984 0.000001 0.000000 -0.083882 0.174188 -0.700633
    28 -0.000005 0.000007 3.713254 -6.105019 -2.891189 6.193363
    29 18.045723 0.000000 0.000000 0.000000 0.000000 -0.130512
    30 17.597597 0.000000 0.000000 0.134720 0.339084 -0.002714
    31 0.000005 -0.000003 -3.713254 6.219629 2.730574 5.859297
    32 18.045721 0.000000 0.000000 0.000000 0.000000 -1.204494
    33 17.597597 0.000000 0.000000 -0.132934 -0.131212 -0.519792
  time 30
    0 0.387696 -0.011568 0.001476 0.000000 0.000000 -1.571017
    1 -0.378922 -0.566424 9.742485 -1.570795 -1.570787 0.000000
    2 1.293670 0.684478 -0.000001 -0.000004 -0.000001 0.059944
    3 5.309685 -0.003834 0.000000 -0.000034 -0.088087 -0.209268
    4 4.826790 -0.004591 0.000000 -0.000172 -0.028380 0.175096
    5 5.792767 -0.005304 0.000000 0.000000 0.000000 0.000003
    6 6.662322 -0.001452 0.000000 0.000000 -0.000001 0.000003
    7 -2.869899 1.399632 4.140401 -0.000100 -1.283646 -3.142292
    8 4.972048 0.000000 -0.000002 -0.031412 0.074352 -1.531573
    9 11.585358 0.000000 0.000000 0.000000 0.000000 -2.262763
    10 10.127057 -0.000001 0.000001 -2.458754 0.000094 -0.000160
    11 2.162477 0.109716 -1.664490 1.460467 0.573977 0.710725
    12 0.928312 0.000000 0.000000 0.000000 0.000000 0.375130
    13 0.928313 0.000000 -0.000001 0.000000 0.000000 0.375131
    14 3.784085 -0.427338 -0.044205 0.036443 0.088879 0.411651
    15 1.189161 -0.000001 -0.000001 0.000000 0.000000 0.305409
    16 1.302900 -0.000001 0.000001 0.000000 0.000000 0.305321
    17 -2.869899 1.399667 -4.140396 -0.022902 1.283590 -3.164248
    18 4.972047 0.000000 0.000000 0.488549 -0.173445 -0.818083
    19 11.585358 0.000000 0.000001 0.000000 0.000000 -1.328505
    20 10.127058 0.000000 0.000001 2.155287 0.233006 -0.394968
    21 2.162477 0.109715 1.664489 2.894817 -0.132148 0.873393
    22 0.928313 0.000000 0.000002 0.000000 0.000000 0.000000
    23 0.928311 0.000000 0.000001 0.000000 0.000000 0.000000
    24 3.784085 -0.427337 0.044204 -0.013864 -0.095075 0.166302
    25 1.189159 0.000000 0.000001 0.000000 0.000000 0.165814
    26 1.302900 0.000000 -0.000001 0.000000 0.000000 0.924954
    27 2.046984 0.000001 0.000000 -0.074146 0.180650 -0.683905
    28 -0.000005 0.000007 3.713254 -6.177787 -2.906816 0.038337
    29 18.045723 0.000000 0.000000 0.000000 0.000000 -0.181360
    30 17.597597 0.000000 0.000000 0.142829 0.306969 0.124374
    31 0.000005 -0.000003 -3.713254 6.155127 2.701239 5.644070
    32 18.045721 0.000000 0.000000 0.000000 0.000000 -1.029818
    33 17.597597 0.000000 0.000000 -0.246103 -0.075967 -0.546904
  time 31
    0 0.387696 -0.011568 0.001476 0.000000 0.000000 -1.571017
    1 -0.292982 -0.480483 9.742485 -1.570795 -1.570787 0.000000
    2 1.293670 0.684478 -0.000001 -0.000004 -0.000001 0.051122
    3 5.309685 -0.003834 0.000000 -0.000034 -0.075287 -0.209285
    4 4.826790 -0.004591 0.000000 -0.000210 -0.023694 0.177565
    5 5.792767 -0.005304 0.000000 0.000000 0.000000 0.000003
    6 6.662322 -0.001452 0.000000 0.000000 -0.000001 0.000003
    7 -2.869899 1.399632 4.140401 -0.000100 -1.283646 -3.142292
    8 4.972048 0.000000 -0.000002 -0.033884 0.084670 -1.529580
    9 11.585358 0.000000 0.000000 0.000000 0.000000 -2.254866
    10 10.127057 -0.000001 0.000001 -2.458754 0.000094 -0.000160
    11 2.162477 0.109716 -1.664490 1.460467 0.573977 0.710725
    12 0.928312 0.000000 0.000000 0.000000 0.000000 0.375130
    13 0.928313 0.000000 -0.000001 0.000000 0.000000 0.375131
    14 3.784085 -0.427338 -0.044205 0.036443 0.088879 0.411651
    15 1.189161 -0.000001 -0.000001 0.000000 0.000000 0.305409
    16 1.302900 -0.000001 0.000001 0.000000 0.000000 0.305321
    17 -2.869899 1.399667 -4.140396 -0.034270 1.283432 -3.175263
    18 4.972047 0.000000 0.000000 0.461817 -0.152393 -0.802642
    19 11.585358 0.000000 0.000001 0.000000 0.000000 -1.328505
    20 10.127058 0.000000 0.000001 2.144628 0.146480 -0.506616
    21 2.162477 0.109715 1.664489 2.894817 -0.132148 0.873393
    22 0.928313 0.000000 0.000002 0.000000 0.000000 0.000000
    23 0.928311 0.000000 0.000001 0.000000 0.000000 0.000000
    24 3.784085 -0.427337 0.044204 -0.013864 -0.095075 0.166302
    25 1.189159 0.000000 0.000001 0.000000 0.000000 0.165814
    26 1.302900 0.000000 -0.000001 0.000000 0.000000 0.924954
    27 2.046984 0.000001 0.000000 -0.063116 0.184544 -0.663528
    28 -0.000005 0.000007 3.713254 -6.245570 -2.932127 0.147905
    29 18.045723 0.000000 0.000000 0.000000 0.000000 -0.249675
    30 17.597597 0.000000 0.000000 0.154916 0.273057 0.234773
    31 0.000005 -0.000003 -3.713254 6.133563 2.729328 5.526247
    32 18.045721 0.000000 0.000000 0.000000 0.000000 -0.862464
    33 17.597597 0.000000 0.000000 -0.262912 -0.021194 -0.609443
  time 32
    0 0.387696 -0.011568 0.001476 0.000000 0.000000 -1.571017
    1 -0.207042 -0.394543 9.742485 -1.570795 -1.570787 0.000000
    2 1.293670 0.684478 -0.000001 -0.000004 -0.000001 0.041345
    3 5.309685 -0.003834 0.000000 -0.000034 -0.061996 -0.209285
    4 4.826790 -0.004591 0.000000 -0.000229 -0.018780 0.180255
    5 5.792767 -0.005304 0.000000 0.000000 0.000000 0.000003
    6 6.662322 -0.001452 0.000000 0.000000 -0.000001 0.000003
    7 -2.869899 1.399632 4.140401 -0.000100 -1.283646 -3.142292
    8 4.972048 0.000000 -0.000002 -0.036195 0.097120 -1.528541
    9 11.585358 0.000000 0.000000 0.000000 0.000000 -2.246679
    10 10.127057 -0.000001 0.000001 -2.458754 0.000094 -0.000160
    11 2.162477 0.109716 -1.664490 1.460467 0.573977 0.710725
    12 0.928312 0.000000 0.000000 0.000000 0.000000 0.375130
    13 0.928313 0.000000 -0.000001 0.000000 0.000000 0.375131
    14 3.784085 -0.427338 -0.044205 0.036443 0.088879 0.411651
    15 1.189161 -0.000001 -0.000001 0.000000 0.000000 0.305409
    16 1.302900 -0.000001 0.000001 0.000000 0.000000 0.305321
    17 -2.869899 1.399667 -4.140396 -0.030449 1.283432 -3.171528
    18 4.972047 0.000000 0.000000 0.443151 -0.145001 -0.780945
    19 11.585358 0.000000 0.000001 0.000000 0.000000 -1.312495
    20 10.127058 0.000000 0.000001 2.122189 0.050308 -0.601107
    21 2.162477 0.109715 1.664489 2.894817 -0.132148 0.873393
    22 0.928313 0.000000 0.000002 0.000000 0.000000 0.000000
    23 0.928311 0.000000 0.000001 0.000000 0.000000 0.000000
    24 3.784085 -0.427337 0.044204 -0.013864 -0.095075 0.166302
    25 1.189159 0.000000 0.000001 0.000000 0.000000 0.165814
    26 1.302900 0.000000 -0.000001 0.000000 0.000000 0.924954
    27 2.046984 0.000001 0.000000 -0.051527 0.186137 -0.639561
    28 -0.000005 0.000007 3.713254 -0.021249 -2.962040 0.229768
    29 18.045723 0.000000 0.000000 0.000000 0.000000 -0.334200
    30 17.597597 0.000000 0.000000 0.168371 0.243131 0.313218
    31 0.000005 -0.000003 -3.713254 6.143722 2.798256 5.471793
    32 18.045721 0.000000 0.000000 0.000000 0.000000 -0.686765
    33 17.597597 0.000000 0.000000 -0.218389 0.016359 -0.681312
  time 33
    0 0.387696 -0.011568 0.001476 0.000000 0.000000 -1.571017
    1 -0.105476 -0.308603 9.742485 -1.570795 -1.570787 0.000000
    2 1.293670 0.684478 -0.000001 -0.000004 -0.000001 0.030865
    3 5.309685 -0.003834 0.000000 -0.000034 -0.048669 -0.209285
    4 4.826790 -0.004591 0.000000 -0.000229 -0.013854 0.183099
    5 5.792767 -0.005304 0.000000 0.000000 0.000000 0.000003
    6 6.662322 -0.001452 0.000000 0.000000 -0.000001 0.000003
    7 -2.869899 1.399632 4.140401 -0.000100 -1.283646 -3.142292
    8 4.972048 0.000000 -0.000002 -0.038188 0.109996 -1.528194
    9 11.585358 0.000000 0.000000 0.000000 0.000000 -2.237839
    10 10.127057 -0.000001 0.000001 -2.458754 0.000094 -0.000160
    11 2.162477 0.109716 -1.664490 1.460467 0.573977 0.710725
    12 0.928312 0.000000 0.000000 0.000000 0.000000 0.375130
    13 0.928313 0.000000 -0.000001 0.000000 0.000000 0.375131
    14 3.784085 -0.427338 -0.044205 0.036443 0.088879 0.411651
    15 1.189161 -0.000001 -0.000001 0.000000 0.000000 0.305409
    16 1.302900 -0.000001 0.000001 0.000000 0.000000 0.305321
    17 -2.869899 1.399667 -4.140396 0.000026 1.283590 -3.142315
    18 4.972047 0.000000 0.000000 0.424391 -0.153036 -0.755787
    19 11.585358 0.000000 0.000001 0.000000 0.000000 -1.280232
    20 10.127058 0.000000 0.000001 2.096383 -0.036785 -0.672438
    21 2.162477 0.109715 1.664489 2.894817 -0.132148 0.873393
    22 0.928313 0.000000 0.000002 0.000000 0.000000 0.000000
    23 0.928311 0.000000 0.000001 0.000000 0.000000 0.000000
    24 3.784085 -0.427337 0.044204 -0.013864 -0.095075 0.166302
    25 1.189159 0.000000 0.000001 0.000000 0.000000 0.165814
    26 1.302900 0.000000 -0.000001 0.000000 0.000000 0.924954
    27 2.046984 0.000001 0.000000 -0.039722 0.185783 -0.612006
    28 -0.000005 0.000007 3.713254 -0.066789 -2.990323 0.274535
    29 18.045723 0.000000 0.000000 0.000000 0.000000 -0.433972
    30 17.597597 0.000000 0.000000 0.178963 0.223542 0.345494
    31 0.000005 -0.000003 -3.713254 6.141230 2.867185 5.436609
    32 18.045721 0.000000 0.000000 0.000000 0.000000 -0.525235
    33 17.597597 0.000000 0.000000 -0.160513 0.059850 -0.707454
  time 34
    0 0.387696 -0.011568 0.001476 0.000000 0.000000 -1.571017
    1 -0.007817 -0.214850 9.742485 -1.570795 -1.570787 0.000000
    2 1.293670 0.684478 -0.000001 -0.000004 -0.000001 0.019531
    3 5.309685 -0.003834 0.000000 -0.000017 -0.035930 -0.209285
    4 4.826790 -0.004591 0.000000 -0.000229 -0.009348 0.185987
    5 5.792767 -0.005304 0.000000 0.000000 0.000000 0.000003
    6 6.662322 -0.001452 0.000000 0.000000 -0.000001 0.000003
    7 -2.869899 1.399632 4.140401 -0.000100 -1.283646 -3.142292
    8 4.972048 0.000000 -0.000002 -0.039464 0.123725 -1.529147
    9 11.585358 0.000000 0.000000 0.000000 0.000000 -2.228131
    10 10.127057 -0.000001 0.000001 -2.458754 0.000094 -0.000160
    11 2.162477 0.109716 -1.664490 1.460467 0.573977 0.710725
    12 0.928312 0.000000 0.000000 0.000000 0.000000 0.375130
    13 0.928313 0.000000 -0.000001 0.000000 0.000000 0.375131
    14 3.784085 -0.427338 -0.044205 0.036443 0.088879 0.411651
    15 1.189161 -0.000001 -0.000001 0.000000 0.000000 0.305409
    16 1.302900 -0.000001 0.000001 0.000000 0.000000 0.305321
    17 -2.869899 1.399667 -4.140396 0.065370 1.283064 -3.079483
    18 4.972047 0.000000 0.000000 0.398409 -0.184694 -0.724240
    19 11.585358 0.000000 0.000001 0.000000 0.000000 -1.225670
    20 10.127058 0.000000 0.000001 2.057184 -0.122555 -0.734114
    21 2.162477 0.109715 1.664489 2.894817 -0.132148 0.873393
    22 0.928313 0.000000 0.000002 0.000000 0.000000 0.000000
    23 0.928311 0.000000 0.000001 0.000000 0.000000 0.000000
    24 3.784085 -0.427337 0.044204 -0.013864 -0.095075 0.166302
    25 1.189159 0.000000 0.000001 0.000000 0.000000 0.165814
    26 1.302900 0.000000 -0.000001 0.000000 0.000000 0.924954
    27 2.046984 0.000001 0.000000 -0.028564 0.183659 -0.580862
    28 -0.000005 0.000007 3.713254 -0.096222 -3.011032 0.223633
    29 18.045723 0.000000 0.000000 0.000000 0.000000 -0.616714
    30 17.597597 0.000000 0.000000 0.173692 0.226421 0.270809
    31 0.000005 -0.000003 -3.713254 6.086025 2.934100 5.391454
    32 18.045721 0.000000 0.000000 0.000000 0.000000 -0.342766
    33 17.597597 0.000000 0.000000 -0.065529 0.134484 -0.657525
  time 35
    0 0.387696 -0.011568 0.001476 0.000000 0.000000 -1.571017
    1 0.105468 -0.140629 9.742485 -1.570795 -1.570787 0.000000
    2 1.293670 0.684478 -0.000001 -0.000004 -0.000001 0.007612
    3 5.309685 -0.003834 0.000000 0.000000 -0.024173 -0.209285
    4 4.826790 -0.004591 0.000000 -0.000172 -0.005201 0.188854
    5 5.792767 -0.005304 0.000000 0.000000 0.000000 0.000003
    6 6.662322 -0.001452 0.000000 0.000000 -0.000001 0.000003
    7 -2.869899 1.399632 4.140401 -0.000100 -1.283646 -3.142292
    8 4.972048 0.000000 -0.000002 -0.039942 0.136772 -1.530967
    9 11.585358 0.000000 0.000000 0.000000 0.000000 -2.218494
    10 10.127057 -0.000001 0.000001 -2.458754 0.000094 -0.000160
    11 2.162477 0.109716 -1.664490 1.460467 0.573977 0.710725
    12 0.928312 0.000000 0.000000 0.000000 0.000000 0.375130
    13 0.928313 0.000000 -0.000001 0.000000 0.000000 0.375131
    14 3.784085 -0.427338 -0.044205 0.036443 0.088879 0.411651
    15 1.189161 -0.000001 -0.000001 0.000000 0.000000 0.305409
    16 1.302900 -0.000001 0.000001 0.000000 0.000000 0.305321
    17 -2.869899 1.399667 -4.140396 0.157367 1.280251 -2.991461
    18 4.972047 0.000000 0.000000 0.368393 -0.238207 -0.682177
    19 11.585358 0.000000 0.000001 0.000000 0.000000 -1.148809
    20 10.127058 0.000000 0.000001 1.995895 -0.222509 -0.785436
    21 2.162477 0.109715 1.664489 2.894817 -0.132148 0.873393
    22 0.928313 0.000000 0.000002 0.000000 0.000000 0.000000
    23 0.928311 0.000000 0.000001 0.000000 0.000000 0.000000
    24 3.784085 -0.427337 0.044204 -0.013864 -0.095075 0.166302
    25 1.189159 0.000000 0.000001 0.000000 0.000000 0.165814
    26 1.302900 0.000000 -0.000001 0.000000 0.000000 0.924954
    27 2.046984 0.000001 0.000000 -0.018181 0.180178 -0.546311
    28 -0.000005 0.000007 3.713254 -0.114438 -3.022441 0.073422
    29 18.045723 0.000000 0.000000 0.000000 0.000000 -0.895602
    30 17.597597 0.000000 0.000000 0.134315 0.249678 0.084212
    31 0.000005 -0.000003 -3.713254 6.016731 3.003411 5.370746
    32 18.045721 0.000000 0.000000 0.000000 0.000000 -0.174939
    33 17.597597 0.000000 0.000000 0.068006 0.169355 -0.553417
  time 36
    0 0.387696 -0.011568 0.001476 0.000000 0.000000 -1.571017
    1 0.222659 -0.078127 9.742485 -1.570795 -1.570787 0.000000
    2 1.293670 0.684478 -0.000001 -0.000004 -0.000001 -0.004944
    3 5.309685 -0.003834 0.000000 0.000000 -0.013926 -0.209285
    4 4.826790 -0.004591 0.000000 -0.000172 -0.001906 0.191676
    5 5.792767 -0.005304 0.000000 0.000000 0.000000 0.000003
    6 6.662322 -0.001452 0.000000 0.000000 -0.000001 0.000003
    7 -2.869899 1.399632 4.140401 -0.000100 -1.283646 -3.142292
    8 4.972048 0.000000 -0.000002 -0.039304 0.149308 -1.533480
    9 11.585358 0.000000 0.000000 0.000000 0.000000 -2.209076
    10 10.127057 -0.000001 0.000001 -2.458754 0.000094 -0.000160
    11 2.162477 0.109716 -1.664490 1.460467 0.573977 0.710725
    12 0.928312 0.000000 0.000000 0.000000 0.000000 0.375130
    13 0.928313 0.000000 -0.000001 0.000000 0.000000 0.375131
    14 3.784085 -0.427338 -0.044205 0.036443 0.088879 0.411651
    15 1.189161 -0.000001 -0.000001 0.000000 0.000000 0.305409
    16 1.302900 -0.000001 0.000001 0.000000 0.000000 0.305321
    17 -2.869899 1.399667 -4.140396 0.261401 1.274020 -2.892137
    18 4.972047 0.000000 0.000000 0.342693 -0.301120 -0.631328
    19 11.585358 0.000000 0.000001 0.000000 0.000000 -1.058880
    20 10.127058 0.000000 0.000001 1.918689 -0.323031 -0.804094
    21 2.162477 0.109715 1.664489 2.894817 -0.132148 0.873393
    22 0.928313 0.000000 0.000002 0.000000 0.000000 0.000000
    23 0.928311 0.000000 0.000001 0.000000 0.000000 0.000000
    24 3.784085 -0.427337 0.044204 -0.013864 -0.095075 0.166302
    25 1.189159 0.000000 0.000001 0.000000 0.000000 0.165814
    26 1.302900 0.000000 -0.000001 0.000000 0.000000 0.924954
    27 2.046984 0.000001 0.000000 -0.008961 0.175870 -0.508110
    28 -0.000005 0.000007 3.713254 -0.128819 -3.028673 6.180805
    29 18.045723 0.000000 0.000000 0.000000 0.000000 -1.187294
    30 17.597597 0.000000 0.000000 0.063288 0.262351 -0.142639
    31 0.000005 -0.000003 -3.713254 5.998617 3.040224 5.418010
    32 18.045721 0.000000 0.000000 0.000000 0.000000 -0.149198
    33 17.597597 0.000000 0.000000 0.126621 0.162530 -0.446769
  time 37
    0 0.387696 -0.011568 0.001476 0.000000 0.000000 -1.571017
    1 0.339850 -0.027345 9.742485 -1.570795 -1.570787 0.000000
    2 1.293670 0.684478 -0.000001 -0.000004 -0.000001 -0.018069
    3 5.309685 -0.003834 0.000000 0.000000 -0.005884 -0.209285
    4 4.826790 -0.004591 0.000000 -0.000114 0.000431 0.194300
    5 5.792767 -0.005304 0.000000 0.000000 0.000000 0.000003
    6 6.662322 -0.001452 0.000000 0.000000 -0.000001 0.000003
    7 -2.869899 1.399632 4.140401 -0.000100 -1.283646 -3.142292
    8 4.972048 0.000000 -0.000002 -0.037391 0.160564 -1.536946
    9 11.585358 0.000000 0.000000 0.000000 0.000000 -2.198787
    10 10.127057 -0.000001 0.000001 -2.458754 0.000094 -0.000160
    11 2.162477 0.109716 -1.664490 1.460467 0.573977 0.710725
    12 0.928312 0.000000 0.000000 0.000000 0.000000 0.375130
    13 0.928313 0.000000 -0.000001 0.000000 0.000000 0.375131
    14 3.784085 -0.427338 -0.044205 0.036443 0.088879 0.411651
    15 1.189161 -0.000001 -0.000001 0.000000 0.000000 0.305409
    16 1.302900 -0.000001 0.000001 0.000000 0.000000 0.305321
    17 -2.869899 1.399667 -4.140396 0.362569 1.264819 -2.795399
    18 4.972047 0.000000 0.000000 0.331624 -0.362909 -0.576154
    19 11.585358 0.000000 0.000001 0.000000 0.000000 -0.965111
    20 10.127058 0.000000 0.000001 1.827878 -0.406720 -0.769079
    21 2.162477 0.109715 1.664489 2.894817 -0.132148 0.873393
    22 0.928313 0.000000 0.000002 0.000000 0.000000 0.000000
    23 0.928311 0.000000 0.000001 0.000000 0.000000 0.000000
    24 3.784085 -0.427337 0.044204 -0.013864 -0.095075 0.166302
    25 1.189159 0.000000 0.000001 0.000000 0.000000 0.165814
    26 1.302900 0.000000 -0.000001 0.000000 0.000000 0.924954
    27 2.046984 0.000001 0.000000 -0.001206 0.171031 -0.466504
    28 -0.000005 0.000007 3.713254 -0.146460 -3.034330 6.052641
    29 18.045723 0.000000 0.000000 0.000000 0.000000 -1.407192
    30 17.597597 0.000000 0.000000 -0.002950 0.248964 -0.328778
    31 0.000005 -0.000003 -3.713254 6.066281 3.042333 5.553665
    32 18.045721 0.000000 0.000000 0.000000 0.000000 -0.335052
    33 17.597597 0.000000 0.000000 0.063779 0.160538 -0.337534
  time 38
    0 0.387696 -0.011568 0.001476 0.000000 0.000000 -1.571017
    1 0.472667 0.000000 9.742485 -1.570699 -1.570787 0.000000
    2 1.293670 0.684478 -0.000001 -0.000004 -0.000001 -0.031730
    3 5.309685 -0.003834 0.000000 0.000000 -0.000515 -0.209285
    4 4.826790 -0.004591 0.000000 -0.000076 0.001786 0.196747
    5 5.792767 -0.005304 0.000000 0.000000 0.000000 0.000003
    6 6.662322 -0.001452 0.000000 0.000000 -0.000001 0.000003
    7 -2.869899 1.399632 4.140401 -0.000100 -1.283646 -3.142292
    8 4.972048 0.000000 -0.000002 -0.033724 0.170370 -1.540758
    9 11.585358 0.000000 0.000000 0.000000 0.000000 -2.188789
    10 10.127057 -0.000001 0.000001 -2.458754 0.000094 -0.000160
    11 2.162477 0.109716 -1.664490 1.460467 0.573977 0.710725
    12 0.928312 0.000000 0.000000 0.000000 0.000000 0.375130
    13 0.928313 0.000000 -0.000001 0.000000 0.000000 0.375131
    14 3.784085 -0.427338 -0.044205 0.036443 0.088879 0.411651
    15 1.189161 -0.000001 -0.000001 0.000000 0.000000 0.305409
    16 1.302900 -0.000001 0.000001 0.000000 0.000000 0.305321
    17 -2.869899 1.399667 -4.140396 0.448930 1.253908 -2.712836
    18 4.972047 0.000000 0.000000 0.349915 -0.415618 -0.523908
    19 11.585358 0.000000 0.000001 0.000000 0.000000 -0.876897
    20 10.127058 0.000000 0.000001 1.727671 -0.451827 -0.665234
    21 2.162477 0.109715 1.664489 2.894817 -0.132148 0.873393
    22 0.928313 0.000000 0.000002 0.000000 0.000000 0.000000
    23 0.928311 0.000000 0.000001 0.000000 0.000000 0.000000
    24 3.784085 -0.427337 0.044204 -0.013864 -0.095075 0.166302
    25 1.189159 0.000000 0.000001 0.000000 0.000000 0.165814
    26 1.302900 0.000000 -0.000001 0.000000 0.000000 0.924954
    27 2.046984 0.000001 0.000000 0.014002 0.130464 -0.336695
    28 -0.000005 0.000007 3.713254 -0.188357 -3.050341 6.016215
    29 18.045723 0.000000 0.000000 0.000000 0.000000 -1.496306
    30 17.597597 0.000000 0.000000 -0.026009 0.239218 -0.463156
    31 0.000005 -0.000003 -3.713254 6.178608 3.043963 5.741665
    32 18.045721 0.000000 0.000000 0.000000 0.000000 -0.639770
    33 17.597597 0.000000 0.000000 -0.041841 0.123419 -0.219708
  time 39
    0 0.387696 -0.011568 0.001476 0.000000 0.000000 -1.571017
    1 0.601577 0.007813 9.742485 -1.570795 -1.570451 0.000000
    2 1.293670 0.684478 -0.000001 -0.000004 -0.000001 -0.045825
    3 5.309685 -0.003834 0.000000 0.000000 0.001570 -0.209285
    4 4.826790 -0.004591 0.000000 -0.000019 0.001678 0.198841
    5 5.792767 -0.005304 0.000000 0.000000 0.000000 0.000003
    6 6.662322 -0.001452 0.000000 0.000000 -0.000001 0.000003
    7 -2.869899 1.399632 4.140401 -0.000100 -1.283646 -3.142292
    8 4.972048 0.000000 -0.000002 -0.028144 0.177363 -1.544398
    9 11.585358 0.000000 0.000000 0.000000 0.000000 -2.179152
    10 10.127057 -0.000001 0.000001 -2.458754 0.000094 -0.000160
    11 2.162477 0.109716 -1.664490 1.460467 0.573977 0.710725
    12 0.928312 0.000000 0.000000 0.000000 0.000000 0.375130
    13 0.928313 0.000000 -0.000001 0.000000 0.000000 0.375131
    14 3.784085 -0.427338 -0.044205 0.036443 0.088879 0.411651
    15 1.189161 -0.000001 -0.000001 0.000000 0.000000 0.305409
    16 1.302900 -0.000001 0.000001 0.000000 0.000000 0.305321
    17 -2.869899 1.399667 -4.140396 0.525642 1.241736 -2.640426
    18 4.972047 0.000000 0.000000 0.399722 -0.467765 -0.472993
    19 11.585358 0.000000 0.000001 0.000000 0.000000 -0.792603
    20 10.127058 0.000000 0.000001 1.608671 -0.444735 -0.488108
    21 2.162477 0.109715 1.664489 2.894817 -0.132148 0.873393
    22 0.928313 0.000000 0.000002 0.000000 0.000000 0.000000
    23 0.928311 0.000000 0.000001 0.000000 0.000000 0.000000
    24 3.784085 -0.427337 0.044204 -0.013864 -0.095075 0.166302
    25 1.189159 0.000000 0.000001 0.000000 0.000000 0.165814
    26 1.302900 0.000000 -0.000001 0.000000 0.000000 0.924954
    27 2.046984 0.000001 0.000000 0.024687 0.044521 -0.102687
    28 -0.000005 0.000007 3.713254 -0.230158 -3.067886 6.020624
    29 18.045723 0.000000 0.000000 0.000000 0.000000 -1.507852
    30 17.597597 0.000000 0.000000 -0.028467 0.238554 -0.569933
    31 0.000005 -0.000003 -3.713254 0.007330 3.053262 5.934842
    32 18.045721 0.000000 0.000000 0.000000 0.000000 -0.947400
    33 17.597597 0.000000 0.000000 -0.107837 0.037661 -0.122112
  time 40
    0 0.387696 -0.011568 0.001476 0.000000 0.000000 -1.571017
    1 0.738300 0.000000 9.742485 -1.570795 -1.570787 0.000000
    2 1.293670 0.684478 -0.000001 -0.000004 -0.000001 -0.060206
    3 5.309685 -0.003834 0.000000 0.000000 0.000000 -0.209285
    4 4.826790 -0.004591 0.000000 0.000000 0.000000 0.200583
    5 5.792767 -0.005304 0.000000 0.000000 0.000000 0.000003
    6 6.662322 -0.001452 0.000000 0.000000 -0.000001 0.000003
    7 -2.869899 1.399632 4.140401 -0.000100 -1.283646 -3.142292
    8 4.972048 0.000000 -0.000002 -0.020332 0.181626 -1.548384
    9 11.585358 0.000000 0.000000 0.000000 0.000000 -2.169009
    10 10.127057 -0.000001 0.000001 -2.458754 0.000094 -0.000160
    11 2.162477 0.109716 -1.664490 1.460467 0.573977 0.710725
    12 0.928312 0.000000 0.000000 0.000000 0.000000 0.375130
    13 0.928313 0.000000 -0.000001 0.000000 0.000000 0.375131
    14 3.784085 -0.427338 -0.044205 0.036443 0.088879 0.411651
    15 1.189161 -0.000001 -0.000001 0.000000 0.000000 0.305409
    16 1.302900 -0.000001 0.000001 0.000000 0.000000 0.305321
    17 -2.869899 1.399667 -4.140396 0.599011 1.227276 -2.570986
    18 4.972047 0.000000 0.000000 0.468570 -0.531643 -0.419283
    19 11.585358 0.000000 0.000001 0.000000 0.000000 -0.705287
    20 10.127058 0.000000 0.000001 1.478591 -0.384592 -0.264762
    21 2.162477 0.109715 1.664489 2.894817 -0.132148 0.873393
    22 0.928313 0.000000 0.000002 0.000000 0.000000 0.000000
    23 0.928311 0.000000 0.000001 0.000000 0.000000 0.000000
    24 3.784085 -0.427337 0.044204 -0.013864 -0.095075 0.166302
    25 1.189159 0.000000 0.000001 0.000000 0.000000 0.165814
    26 1.302900 0.000000 -0.000001 0.000000 0.000000 0.924954
    27 2.046984 0.000001 0.000000 0.015079 -0.040479 0.138559
    28 -0.000005 0.000007 3.713254 -0.213284 -3.060216 5.996947
    29 18.045723 0.000000 0.000000 0.000000 0.000000 -1.526282
    30 17.597597 0.000000 0.000000 -0.045571 0.223345 -0.614267
    31 0.000005 -0.000003 -3.713254 0.073269 3.053837 6.087179
    32 18.045721 0.000000 0.000000 0.000000 0.000000 -1.141834
    33 17.597597 0.000000 0.000000 -0.106864 -0.039162 -0.083545
  time 41
    0 0.387696 -0.011568 0.001476 0.000000 0.000000 -1.571017
    1 0.929712 -0.121097 9.742485 -1.570603 -1.570451 0.000000
    2 1.293670 0.684478 -0.000001 -0.000004 -0.000001 -0.080998
    3 5.309685 -0.003834 0.000000 0.000000 -0.018324 -0.209285
    4 4.826790 -0.004591 0.000000 -0.000019 -0.009815 0.202612
    5 5.792767 -0.005304 0.000000 0.000000 0.000000 0.000003
    6 6.662322 -0.001452 0.000000 0.000000 -0.000001 0.000003
    7 -2.869899 1.399632 4.140401 -0.000100 -1.283646 -3.142292
    8 4.972048 0.000000 -0.000002 -0.007896 0.173525 -1.563114
    9 11.585358 0.000000 0.000000 0.000000 0.000000 -2.154228
    10 10.127057 -0.000001 0.000001 -2.458754 0.000094 -0.000160
    11 2.162477 0.109716 -1.664490 1.460467 0.573977 0.710725
    12 0.928312 0.000000 0.000000 0.000000 0.000000 0.375130
    13 0.928313 0.000000 -0.000001 0.000000 0.000000 0.375131
    14 3.784085 -0.427338 -0.044205 0.036443 0.088879 0.411651
    15 1.189161 -0.000001 -0.000001 0.000000 0.000000 0.305409
    16 1.302900 -0.000001 0.000001 0.000000 0.000000 0.305321
    17 -2.869899 1.399667 -4.140396 0.667029 1.211134 -2.507292
    18 4.972047 0.000000 0.000000 0.545391 -0.623884 -0.364841
    19 11.585358 0.000000 0.000001 0.000000 0.000000 -0.616828
    20 10.127058 0.000000 0.000001 1.370319 -0.278019 -0.032612
    21 2.162477 0.109715 1.664489 2.894817 -0.132148 0.873393
    22 0.928313 0.000000 0.000002 0.000000 0.000000 0.000000
    23 0.928311 0.000000 0.000001 0.000000 0.000000 0.000000
    24 3.784085 -0.427337 0.044204 -0.013864 -0.095075 0.166302
    25 1.189159 0.000000 0.000001 0.000000 0.000000 0.165814
    26 1.302900 0.000000 -0.000001 0.000000 0.000000 0.924954
    27 2.046984 0.000001 0.000000 0.011675 -0.061603 0.296532
    28 -0.000005 0.000007 3.713254 -0.115493 -3.022058 5.918151
    29 18.045723 0.000000 0.000000 0.000000 0.000000 -1.599482
    30 17.597597 0.000000 0.000000 -0.094679 0.175086 -0.598771
    31 0.000005 -0.000003 -3.713254 0.094546 3.029008 6.205002
    32 18.045721 0.000000 0.000000 0.000000 0.000000 -1.201030
    33 17.597597 0.000000 0.000000 -0.073145 -0.081647 -0.124468
  time 42
    0 0.387696 -0.011568 0.001476 0.000000 0.000000 -1.571017
    1 1.214877 -0.406262 9.742485 -1.570795 -1.570787 0.000000
    2 1.293670 0.684478 -0.000001 -0.000004 -0.000001 -0.110714
    3 5.309685 -0.003834 0.000000 -0.000034 -0.058485 -0.209285
    4 4.826790 -0.004591 0.000000 -0.000210 -0.030357 0.205081
    5 5.792767 -0.005304 0.000000 0.000000 0.000000 0.000003
    6 6.662322 -0.001452 0.000000 0.000000 -0.000001 0.000003
    7 -2.869899 1.399632 4.140401 -0.000100 -1.283646 -3.142292
    8 4.972048 0.000000 -0.000002 0.012751 0.152548 -1.589802
    9 11.585358 0.000000 0.000000 0.000000 0.000000 -2.133507
    10 10.127057 -0.000001 0.000001 -2.458754 0.000094 -0.000160
    11 2.162477 0.109716 -1.664490 1.460467 0.573977 0.710725
    12 0.928312 0.000000 0.000000 0.000000 0.000000 0.375130
    13 0.928313 0.000000 -0.000001 0.000000 0.000000 0.375131
    14 3.784085 -0.427338 -0.044205 0.036443 0.088879 0.411651
    15 1.189161 -0.000001 -0.000001 0.000000 0.000000 0.305409
    16 1.302900 -0.000001 0.000001 0.000000 0.000000 0.305321
    17 -2.869899 1.399667 -4.140396 0.727310 1.194150 -2.450781
    18 4.972047 0.000000 0.000000 0.612270 -0.746979 -0.306472
    19 11.585358 0.000000 0.000001 0.000000 0.000000 -0.529267
    20 10.127058 0.000000 0.000001 1.303772 -0.146102 0.189384
    21 2.162477 0.109715 1.664489 2.894817 -0.132148 0.873393
    22 0.928313 0.000000 0.000002 0.000000 0.000000 0.000000
    23 0.928311 0.000000 0.000001 0.000000 0.000000 0.000000
    24 3.784085 -0.427337 0.044204 -0.013864 -0.095075 0.166302
    25 1.189159 0.000000 0.000001 0.000000 0.000000 0.165814
    26 1.302900 0.000000 -0.000001 0.000000 0.000000 0.924954
    27 2.046984 0.000001 0.000000 0.042652 -0.015873 0.371168
    28 -0.000005 0.000007 3.713254 -6.252377 -2.980256 5.811651
    29 18.045723 0.000000 0.000000 0.000000 0.000000 -1.690742
    30 17.597597 0.000000 0.000000 -0.158459 0.117672 -0.554529
    31 0.000005 -0.000003 -3.713254 0.102501 2.986155 0.035038
    32 18.045721 0.000000 0.000000 0.000000 0.000000 -1.199141
    33 17.597597 0.000000 0.000000 -0.026542 -0.111153 -0.216798
  time 43
    0 0.387696 -0.011568 0.001476 0.000000 0.000000 -1.571017
    1 1.523480 -0.753929 9.742485 -1.570795 -1.570787 0.000000
    2 1.293670 0.684478 -0.000001 -0.000004 -0.000001 -0.144430
    3 5.309685 -0.003834 0.000000 -0.000034 -0.108497 -0.209268
    4 4.826790 -0.004591 0.000000 -0.000439 -0.055309 0.206977
    5 5.792767 -0.005304 0.000000 0.000000 0.000000 0.000003
    6 6.662322 -0.001452 0.000000 0.000000 -0.000001 0.000003
    7 -2.869899 1.399632 4.140401 -0.000100 -1.283646 -3.142292
    8 4.972048 0.000000 -0.000002 0.043681 0.131912 -1.614238
    9 11.585358 0.000000 0.000000 0.000000 0.000000 -2.115176
    10 10.127057 -0.000001 0.000001 -2.458754 0.000094 -0.000160
    11 2.162477 0.109716 -1.664490 1.460467 0.573977 0.710725
    12 0.928312 0.000000 0.000000 0.000000 0.000000 0.375130
    13 0.928313 0.000000 -0.000001 0.000000 0.000000 0.375131
    14 3.784085 -0.427338 -0.044205 0.036443 0.088879 0.411651
    15 1.189161 -0.000001 -0.000001 0.000000 0.000000 0.305409
    16 1.302900 -0.000001 0.000001 0.000000 0.000000 0.305321
    17 -2.869899 1.399667 -4.140396 0.779088 1.177272 -2.403083
    18 4.972047 0.000000 0.000000 0.657105 -0.875298 -0.239450
    19 11.585358 0.000000 0.000001 0.000000 0.000000 -0.444729
    20 10.127058 0.000000 0.000001 1.281332 -0.017400 0.391771
    21 2.162477 0.109715 1.664489 2.894817 -0.132148 0.873393
    22 0.928313 0.000000 0.000002 0.000000 0.000000 0.000000
    23 0.928311 0.000000 0.000001 0.000000 0.000000 0.000000
    24 3.784085 -0.427337 0.044204 -0.013864 -0.095075 0.166302
    25 1.189159 0.000000 0.000001 0.000000 0.000000 0.165814
    26 1.302900 0.000000 -0.000001 0.000000 0.000000 0.924954
    27 2.046984 0.000001 0.000000 0.098057 0.049507 0.428408
    28 -0.000005 0.000007 3.713254 -6.086324 -2.952069 5.692019
    29 18.045723 0.000000 0.000000 0.000000 0.000000 -1.756689
    30 17.597597 0.000000 0.000000 -0.224165 0.081594 -0.487179
    31 0.000005 -0.000003 -3.713254 0.105280 2.931895 0.138673
    32 18.045721 0.000000 0.000000 0.000000 0.000000 -1.164033
    33 17.597597 0.000000 0.000000 0.023685 -0.129496 -0.332684
  time 44
    0 0.387696 -0.011568 0.001476 0.000000 0.000000 -1.571017
    1 1.808645 -1.082064 9.742485 -1.570795 -1.570787 0.000000
    2 1.293670 0.684478 -0.000001 -0.000004 -0.000001 -0.176824
    3 5.309685 -0.003834 0.000000 -0.000102 -0.156722 -0.209268
    4 4.826790 -0.004591 0.000000 -0.000591 -0.078631 0.207506
    5 5.792767 -0.005304 0.000000 0.000000 0.000000 0.000003
    6 6.662322 -0.001452 0.000000 0.000000 -0.000001 0.000003
    7 -2.869899 1.399632 4.140401 -0.000100 -1.283646 -3.142292
    8 4.972048 0.000000 -0.000002 0.084895 0.120570 -1.620910
    9 11.585358 0.000000 0.000000 0.000000 0.000000 -2.105395
    10 10.127057 -0.000001 0.000001 -2.458754 0.000094 -0.000160
    11 2.162477 0.109716 -1.664490 1.460467 0.573977 0.710725
    12 0.928312 0.000000 0.000000 0.000000 0.000000 0.375130
    13 0.928313 0.000000 -0.000001 0.000000 0.000000 0.375131
    14 3.784085 -0.427338 -0.044205 0.036443 0.088879 0.411651
    15 1.189161 -0.000001 -0.000001 0.000000 0.000000 0.305409
    16 1.302900 -0.000001 0.000001 0.000000 0.000000 0.305321
    17 -2.869899 1.399667 -4.140396 0.821027 1.161760 -2.364388
    18 4.972047 0.000000 0.000000 0.675584 -0.984814 -0.164842
    19 11.585358 0.000000 0.000001 0.000000 0.000000 -0.365254
    20 10.127058 0.000000 0.000001 1.292762 0.080852 0.568497
    21 2.162477 0.109715 1.664489 2.894817 -0.132148 0.873393
    22 0.928313 0.000000 0.000002 0.000000 0.000000 0.000000
    23 0.928311 0.000000 0.000001 0.000000 0.000000 0.000000
    24 3.784085 -0.427337 0.044204 -0.013864 -0.095075 0.166302
    25 1.189159 0.000000 0.000001 0.000000 0.000000 0.165814
    26 1.302900 0.000000 -0.000001 0.000000 0.000000 0.924954
    27 2.046984 0.000001 0.000000 0.161001 0.117542 0.471475
    28 -0.000005 0.000007 3.713254 -5.932446 -2.943824 5.581685
    29 18.045723 0.000000 0.000000 0.000000 0.000000 -1.753507
    30 17.597597 0.000000 0.000000 -0.282218 0.086417 -0.397457
    31 0.000005 -0.000003 -3.713254 0.106047 2.874375 0.227065
    32 18.045721 0.000000 0.000000 0.000000 0.000000 -1.123965
    33 17.597597 0.000000 0.000000 0.071328 -0.140068 -0.443951
  time 45
    0 0.387696 -0.011568 0.001476 0.000000 0.000000 -1.571017
    1 2.039121 -1.316446 9.742485 -1.570795 -1.570787 0.000000
    2 1.293670 0.684478 -0.000001 -0.000004 -0.000001 -0.202772
    3 5.309685 -0.003834 0.000000 -0.000102 -0.191346 -0.209268
    4 4.826790 -0.004591 0.000000 -0.000534 -0.094211 0.205676
    5 5.792767 -0.005304 0.000000 0.000000 0.000000 0.000003
    6 6.662322 -0.001452 0.000000 0.000000 -0.000001 0.000003
    7 -2.869899 1.399632 4.140401 -0.000100 -1.283646 -3.142292
    8 4.972048 0.000000 -0.000002 0.119890 0.122105 -1.620563
    9 11.585358 0.000000 0.000000 0.000000 0.000000 -2.107134
    10 10.127057 -0.000001 0.000001 -2.458754 0.000094 -0.000160
    11 2.162477 0.109716 -1.664490 1.460467 0.573977 0.710725
    12 0.928312 0.000000 0.000000 0.000000 0.000000 0.375130
    13 0.928313 0.000000 -0.000001 0.000000 0.000000 0.375131
    14 3.784085 -0.427338 -0.044205 0.036443 0.088879 0.411651
    15 1.189161 -0.000001 -0.000001 0.000000 0.000000 0.305409
    16 1.302900 -0.000001 0.000001 0.000000 0.000000 0.305321
    17 -2.869899 1.399667 -4.140396 0.853412 1.148378 -2.334696
    18 4.972047 0.000000 0.000000 0.681118 -1.053673 -0.100017
    19 11.585358 0.000000 0.000001 0.000000 0.000000 -0.292396
    20 10.127058 0.000000 0.000001 1.320391 0.127662 0.705756
    21 2.162477 0.109715 1.664489 2.894817 -0.132148 0.873393
    22 0.928313 0.000000 0.000002 0.000000 0.000000 0.000000
    23 0.928311 0.000000 0.000001 0.000000 0.000000 0.000000
    24 3.784085 -0.427337 0.044204 -0.013864 -0.095075 0.166302
    25 1.189159 0.000000 0.000001 0.000000 0.000000 0.165814
    26 1.302900 0.000000 -0.000001 0.000000 0.000000 0.924954
    27 2.046984 0.000001 0.000000 0.212054 0.172979 0.500673
    28 -0.000005 0.000007 3.713254 -5.781445 -2.951494 5.475185
    29 18.045723 0.000000 0.000000 0.000000 0.000000 -1.551150
    30 17.597597 0.000000 0.000000 -0.318732 0.191057 -0.145161
    31 0.000005 -0.000003 -3.713254 0.108347 2.822894 0.294653
    32 18.045721 0.000000 0.000000 0.000000 0.000000 -1.107198
    33 17.597597 0.000000 0.000000 0.111288 -0.146537 -0.522055
  time 46
    0 0.387696 -0.011568 0.001476 0.000000 0.000000 -1.571017
    1 2.179750 -1.371136 9.742485 -1.570795 -1.570787 0.000000
    2 1.293670 0.684478 -0.000001 -0.000004 -0.000001 -0.217303
    3 5.309685 -0.003834 0.000000 -0.000102 -0.200526 -0.209268
    4 4.826790 -0.004591 0.000000 -0.000057 -0.095937 0.200583
    5 5.792767 -0.005304 0.000000 0.000000 0.000000 0.000003
    6 6.662322 -0.001452 0.000000 0.000000 -0.000001 0.000003
    7 -2.869899 1.399632 4.140401 -0.000100 -1.283646 -3.142292
    8 4.972048 0.000000 -0.000002 0.123239 0.136687 -1.632088
    9 11.585358 0.000000 0.000000 0.000000 0.000000 -2.116335
    10 10.127057 -0.000001 0.000001 -2.458754 0.000094 -0.000160
    11 2.162477 0.109716 -1.664490 1.460467 0.573977 0.710725
    12 0.928312 0.000000 0.000000 0.000000 0.000000 0.375130
    13 0.928313 0.000000 -0.000001 0.000000 0.000000 0.375131
    14 3.784085 -0.427338 -0.044205 0.036443 0.088879 0.411651
    15 1.189161 -0.000001 -0.000001 0.000000 0.000000 0.305409
    16 1.302900 -0.000001 0.000001 0.000000 0.000000 0.305321
    17 -2.869899 1.399667 -4.140396 0.870130 1.140964 -2.319275
    18 4.972047 0.000000 0.000000 0.743400 -1.049093 -0.113261
    19 11.585358 0.000000 0.000001 0.000000 0.000000 -0.232116
    20 10.127058 0.000000 0.000001 1.362816 0.051443 0.756328
    21 2.162477 0.109715 1.664489 2.894817 -0.132148 0.873393
    22 0.928313 0.000000 0.000002 0.000000 0.000000 0.000000
    23 0.928311 0.000000 0.000001 0.000000 0.000000 0.000000
    24 3.784085 -0.427337 0.044204 -0.013864 -0.095075 0.166302
    25 1.189159 0.000000 0.000001 0.000000 0.000000 0.165814
    26 1.302900 0.000000 -0.000001 0.000000 0.000000 0.924954
    27 2.046984 0.000001 0.000000 0.231269 0.200889 0.512899
    28 -0.000005 0.000007 3.713254 -5.696309 -2.958589 5.433966
    29 18.045723 0.000000 0.000000 0.000000 0.000000 -1.212089
    30 17.597597 0.000000 0.000000 -0.277429 0.307043 0.064864
    31 0.000005 -0.000003 -3.713254 0.112852 2.787040 0.335589
    32 18.045721 0.000000 0.000000 0.000000 0.000000 -1.141834
    33 17.597597 0.000000 0.000000 0.140209 -0.152612 -0.540022
  time 47
    0 0.387696 -0.011568 0.001476 0.000000 0.000000 -1.571017
    1 2.265690 -1.265664 9.742485 -1.570795 -1.570787 0.000000
    2 1.293670 0.684478 -0.000001 -0.000004 -0.000001 -0.222694
    3 5.309685 -0.003834 0.000000 -0.000102 -0.186265 -0.209268
    4 4.826790 -0.004591 0.000000 0.000763 -0.084384 0.191830
    5 5.792767 -0.005304 0.000000 0.000000 0.000000 0.000003
    6 6.662322 -0.001452 0.000000 0.000000 -0.000001 0.000003
    7 -2.869899 1.399632 4.140401 -0.000100 -1.283646 -3.142292
    8 4.972048 0.000000 -0.000002 0.100280 0.163207 -1.640753
    9 11.585358 0.000000 0.000000 0.000000 0.000000 -2.130536
    10 10.127057 -0.000001 0.000001 -2.458754 0.000094 -0.000160
    11 2.162477 0.109716 -1.664490 1.460467 0.573977 0.710725
    12 0.928312 0.000000 0.000000 0.000000 0.000000 0.375130
    13 0.928313 0.000000 -0.000001 0.000000 0.000000 0.375131
    14 3.784085 -0.427338 -0.044205 0.036443 0.088879 0.411651
    15 1.189161 -0.000001 -0.000001 0.000000 0.000000 0.305409
    16 1.302900 -0.000001 0.000001 0.000000 0.000000 0.305321
    17 -2.869899 1.399667 -4.140396 0.871563 1.140412 -2.318413
    18 4.972047 0.000000 0.000000 0.853144 -0.967780 -0.200782
    19 11.585358 0.000000 0.000001 0.000000 0.000000 -0.186212
    20 10.127058 0.000000 0.000001 1.430205 -0.136834 0.716111
    21 2.162477 0.109715 1.664489 2.894817 -0.132148 0.873393
    22 0.928313 0.000000 0.000002 0.000000 0.000000 0.000000
    23 0.928311 0.000000 0.000001 0.000000 0.000000 0.000000
    24 3.784085 -0.427337 0.044204 -0.013864 -0.095075 0.166302
    25 1.189159 0.000000 0.000001 0.000000 0.000000 0.165814
    26 1.302900 0.000000 -0.000001 0.000000 0.000000 0.924954
    27 2.046984 0.000001 0.000000 0.214768 0.199709 0.513568
    28 -0.000005 0.000007 3.713254 -5.723729 -2.944879 5.498862
    29 18.045723 0.000000 0.000000 0.000000 0.000000 -0.787170
    30 17.597597 0.000000 0.000000 -0.150122 0.373784 -0.035678
    31 0.000005 -0.000003 -3.713254 0.103747 2.779083 0.289380
    32 18.045721 0.000000 0.000000 0.000000 0.000000 -1.335559
    33 17.597597 0.000000 0.000000 0.138297 -0.157366 -0.363445
  time 48
    0 0.387696 -0.011568 0.001476 0.000000 0.000000 -1.571017
    1 2.336005 -1.070345 9.742485 -1.570795 -1.570787 0.000000
    2 1.293670 0.684478 -0.000001 -0.000004 -0.000001 -0.225155
    3 5.309685 -0.003834 0.000000 -0.000102 -0.160006 -0.209268
    4 4.826790 -0.004591 0.000000 0.001717 -0.065712 0.180255
    5 5.792767 -0.005304 0.000000 0.000000 0.000000 0.000003
    6 6.662322 -0.001452 0.000000 0.000000 -0.000001 0.000003
    7 -2.869899 1.399632 4.140401 -0.000100 -1.283646 -3.142292
    8 4.972048 0.000000 -0.000002 0.072299 0.197658 -1.625416
    9 11.585358 0.000000 0.000000 0.000000 0.000000 -2.149446
    10 10.127057 -0.000001 0.000001 -2.458754 0.000094 -0.000160
    11 2.162477 0.109716 -1.664490 1.460467 0.573977 0.710725
    12 0.928312 0.000000 0.000000 0.000000 0.000000 0.375130
    13 0.928313 0.000000 -0.000001 0.000000 0.000000 0.375131
    14 3.784085 -0.427338 -0.044205 0.036443 0.088879 0.411651
    15 1.189161 -0.000001 -0.000001 0.000000 0.000000 0.305409
    16 1.302900 -0.000001 0.000001 0.000000 0.000000 0.305321
    17 -2.869899 1.399667 -4.140396 0.863920 1.143751 -2.325118
    18 4.972047 0.000000 0.000000 0.926776 -0.844042 -0.293094
    19 11.585358 0.000000 0.000001 0.000000 0.000000 -0.150681
    20 10.127058 0.000000 0.000001 1.523400 -0.331920 0.635426
    21 2.162477 0.109715 1.664489 2.894817 -0.132148 0.873393
    22 0.928313 0.000000 0.000002 0.000000 0.000000 0.000000
    23 0.928311 0.000000 0.000001 0.000000 0.000000 0.000000
    24 3.784085 -0.427337 0.044204 -0.013864 -0.095075 0.166302
    25 1.189159 0.000000 0.000001 0.000000 0.000000 0.165814
    26 1.302900 0.000000 -0.000001 0.000000 0.000000 0.924954
    27 2.046984 0.000001 0.000000 0.170522 0.177611 0.514359
    28 -0.000005 0.000007 3.713254 -5.802537 -2.928484 5.611210
    29 18.045723 0.000000 0.000000 0.000000 0.000000 -0.338345
    30 17.597597 0.000000 0.000000 0.029459 0.402011 -0.233325
    31 0.000005 -0.000003 -3.713254 0.077198 2.796243 0.153437
    32 18.045721 0.000000 0.000000 0.000000 0.000000 -1.622566
    33 17.597597 0.000000 0.000000 0.104678 -0.155650 -0.053661
  time 49
    0 0.387696 -0.011568 0.001476 0.000000 0.000000 -1.571017
    1 2.378975 -0.808618 9.742485 -1.570891 -1.570787 0.000000
    2 1.293670 0.684478 -0.000001 -0.000004 -0.000001 -0.224586
    3 5.309685 -0.003834 0.000000 -0.000085 -0.124820 -0.209268
    4 4.826790 -0.004591 0.000000 0.002556 -0.041599 0.166739
    5 5.792767 -0.005304 0.000000 0.000000 0.000000 0.000003
    6 6.662322 -0.001452 0.000000 0.000000 -0.000001 0.000003
    7 -2.869899 1.399632 4.140401 -0.000100 -1.283646 -3.142292
    8 4.972048 0.000000 -0.000002 0.045674 0.238589 -1.583477
    9 11.585358 0.000000 0.000000 0.000000 0.000000 -2.172124
    10 10.127057 -0.000001 0.000001 -2.458754 0.000094 -0.000160
    11 2.162477 0.109716 -1.664490 1.460467 0.573977 0.710725
    12 0.928312 0.000000 0.000000 0.000000 0.000000 0.375130
    13 0.928313 0.000000 -0.000001 0.000000 0.000000 0.375131
    14 3.784085 -0.427338 -0.044205 0.036443 0.088879 0.411651
    15 1.189161 -0.000001 -0.000001 0.000000 0.000000 0.305409
    16 1.302900 -0.000001 0.000001 0.000000 0.000000 0.305321
    17 -2.869899 1.399667 -4.140396 0.854940 1.147800 -2.333355
    18 4.972047 0.000000 0.000000 0.935968 -0.709537 -0.373360
    19 11.585358 0.000000 0.000001 0.000000 0.000000 -0.122420
    20 10.127058 0.000000 0.000001 1.613229 -0.438778 0.589456
    21 2.162477 0.109715 1.664489 2.894817 -0.132148 0.873393
    22 0.928313 0.000000 0.000002 0.000000 0.000000 0.000000
    23 0.928311 0.000000 0.000001 0.000000 0.000000 0.000000
    24 3.784085 -0.427337 0.044204 -0.013864 -0.095075 0.166302
    25 1.189159 0.000000 0.000001 0.000000 0.000000 0.165814
    26 1.302900 0.000000 -0.000001 0.000000 0.000000 0.924954
    27 2.046984 0.000001 0.000000 0.097281 0.134123 0.520624
    28 -0.000005 0.000007 3.713254 -5.901862 -2.921965 5.736689
    29 18.045723 0.000000 0.000000 0.000000 0.000000 -0.127477
    30 17.597597 0.000000 0.000000 0.152407 0.394480 -0.363943
    31 0.000005 -0.000003 -3.713254 0.052855 2.823373 0.008578
    32 18.045721 0.000000 0.000000 0.000000 0.000000 -1.769926
    33 17.597597 0.000000 0.000000 0.065255 -0.146932 0.126149
  time 50
    0 0.387696 -0.011568 0.001476 0.000000 0.000000 -1.571017
    1 2.402413 -0.500015 9.742485 -1.570795 -1.570787 0.000000
    2 1.293670 0.684478 -0.000001 -0.000004 -0.000001 -0.221254
    3 5.309685 -0.003834 0.000000 -0.000034 -0.083593 -0.209285
    4 4.826790 -0.004591 0.000000 0.003033 -0.014106 0.152253
    5 5.792767 -0.005304 0.000000 0.000000 0.000000 0.000003
    6 6.662322 -0.001452 0.000000 0.000000 -0.000001 0.000003
    7 -2.869899 1.399632 4.140401 -0.000100 -1.283646 -3.142292
    8 4.972048 0.000000 -0.000002 0.021281 0.285149 -1.527934
    9 11.585358 0.000000 0.000000 0.000000 0.000000 -2.197555
    10 10.127057 -0.000001 0.000001 -2.458754 0.000094 -0.000160
    11 2.162477 0.109716 -1.664490 1.460467 0.573977 0.710725
    12 0.928312 0.000000 0.000000 0.000000 0.000000 0.375130
    13 0.928313 0.000000 -0.000001 0.000000 0.000000 0.375131
    14 3.784085 -0.427338 -0.044205 0.036443 0.088879 0.411651
    15 1.189161 -0.000001 -0.000001 0.000000 0.000000 0.305409
    16 1.302900 -0.000001 0.000001 0.000000 0.000000 0.305321
    17 -2.869899 1.399667 -4.140396 0.845674 1.151717 -2.342167
    18 4.972047 0.000000 0.000000 0.890664 -0.574308 -0.451562
    19 11.585358 0.000000 0.000001 0.000000 0.000000 -0.093832
    20 10.127058 0.000000 0.000001 1.676761 -0.461946 0.605613
    21 2.162477 0.109715 1.664489 2.894817 -0.132148 0.873393
    22 0.928313 0.000000 0.000002 0.000000 0.000000 0.000000
    23 0.928311 0.000000 0.000001 0.000000 0.000000 0.000000
    24 3.784085 -0.427337 0.044204 -0.013864 -0.095075 0.166302
    25 1.189159 0.000000 0.000001 0.000000 0.000000 0.165814
    26 1.302900 0.000000 -0.000001 0.000000 0.000000 0.924954
    27 2.046984 0.000001 0.000000 -0.054284 0.065704 0.537352
    28 -0.000005 0.000007 3.713254 -6.007707 -2.928964 5.865620
    29 18.045723 0.000000 0.000000 0.000000 0.000000 -0.177733
    30 17.597597 0.000000 0.000000 0.191506 0.380773 -0.394248
    31 0.000005 -0.000003 -3.713254 0.034261 2.851654 6.158985
    32 18.045721 0.000000 0.000000 0.000000 0.000000 -1.748121
    33 17.597597 0.000000 0.000000 0.029892 -0.133776 0.134925
  time 51
    0 0.387696 -0.011568 0.001476 0.000000 0.000000 -1.571017
    1 2.390694 -0.175787 9.742485 -1.570795 -1.570451 0.000000
    2 1.293670 0.684478 -0.000001 -0.000004 -0.000001 -0.215144
    3 5.309685 -0.003834 0.000000 -0.000017 -0.039238 -0.209285
    4 4.826790 -0.004591 0.000000 0.003033 0.014969 0.137680
    5 5.792767 -0.005304 0.000000 0.000000 0.000000 0.000003
    6 6.662322 -0.001452 0.000000 0.000000 -0.000001 0.000003
    7 -2.869899 1.399632 4.140401 -0.000100 -1.283646 -3.142292
    8 4.972048 0.000000 -0.000002 0.001591 0.335972 -1.465113
    9 11.585358 0.000000 0.000000 0.000000 0.000000 -2.225305
    10 10.127057 -0.000001 0.000001 -2.458754 0.000094 -0.000160
    11 2.162477 0.109716 -1.664490 1.460467 0.573977 0.710725
    12 0.928312 0.000000 0.000000 0.000000 0.000000 0.375130
    13 0.928313 0.000000 -0.000001 0.000000 0.000000 0.375131
    14 3.784085 -0.427338 -0.044205 0.036443 0.088879 0.411651
    15 1.189161 -0.000001 -0.000001 0.000000 0.000000 0.305409
    16 1.302900 -0.000001 0.000001 0.000000 0.000000 0.305321
    17 -2.869899 1.399667 -4.140396 0.833828 1.156502 -2.352511
    18 4.972047 0.000000 0.000000 0.808590 -0.435304 -0.538484
    19 11.585358 0.000000 0.000001 0.000000 0.000000 -0.062467
    20 10.127058 0.000000 0.000001 1.734403 -0.464121 0.639027
    21 2.162477 0.109715 1.664489 2.894817 -0.132148 0.873393
    22 0.928313 0.000000 0.000002 0.000000 0.000000 0.000000
    23 0.928311 0.000000 0.000001 0.000000 0.000000 0.000000
    24 3.784085 -0.427337 0.044204 -0.013864 -0.095075 0.166302
    25 1.189159 0.000000 0.000001 0.000000 0.000000 0.165814
    26 1.302900 0.000000 -0.000001 0.000000 0.000000 0.924954
    27 2.046984 0.000001 0.000000 -0.284993 -0.019030 0.561806
    28 -0.000005 0.000007 3.713254 -6.122372 -2.951878 6.004712
    29 18.045723 0.000000 0.000000 0.000000 0.000000 -0.317917
    30 17.597597 0.000000 0.000000 0.193381 0.373685 -0.411578
    31 0.000005 -0.000003 -3.713254 0.019022 2.885495 6.016331
    32 18.045721 0.000000 0.000000 0.000000 0.000000 -1.686485
    33 17.597597 0.000000 0.000000 -0.006713 -0.114092 0.105780
  time 52
    0 0.387696 -0.011568 0.001476 0.000000 0.000000 -1.571017
    1 2.336005 0.136723 9.742485 -1.570795 -1.570787 0.000000
    2 1.293670 0.684478 -0.000001 -0.000004 -0.000001 -0.206422
    3 5.309685 -0.003834 0.000000 0.000000 0.005153 -0.209285
    4 4.826790 -0.004591 0.000000 0.002651 0.043696 0.123855
    5 5.792767 -0.005304 0.000000 0.000000 0.000000 0.000003
    6 6.662322 -0.001452 0.000000 0.000000 -0.000001 0.000003
    7 -2.869899 1.399632 4.140401 -0.000100 -1.283646 -3.142292
    8 4.972048 0.000000 -0.000002 -0.012280 0.389097 -1.401511
    9 11.585358 0.000000 0.000000 0.000000 0.000000 -2.253779
    10 10.127057 -0.000001 0.000001 -2.458754 0.000094 -0.000160
    11 2.162477 0.109716 -1.664490 1.460467 0.573977 0.710725
    12 0.928312 0.000000 0.000000 0.000000 0.000000 0.375130
    13 0.928313 0.000000 -0.000001 0.000000 0.000000 0.375131
    14 3.784085 -0.427338 -0.044205 0.036443 0.088879 0.411651
    15 1.189161 -0.000001 -0.000001 0.000000 0.000000 0.305409
    16 1.302900 -0.000001 0.000001 0.000000 0.000000 0.305321
    17 -2.869899 1.399667 -4.140396 0.820358 1.161892 -2.365058
    18 4.972047 0.000000 0.000000 0.696876 -0.307066 -0.634922
    19 11.585358 0.000000 0.000001 0.000000 0.000000 -0.032327
    20 10.127058 0.000000 0.000001 1.787627 -0.451071 0.685147
    21 2.162477 0.109715 1.664489 2.894817 -0.132148 0.873393
    22 0.928313 0.000000 0.000002 0.000000 0.000000 0.000000
    23 0.928311 0.000000 0.000001 0.000000 0.000000 0.000000
    24 3.784085 -0.427337 0.044204 -0.013864 -0.095075 0.166302
    25 1.189159 0.000000 0.000001 0.000000 0.000000 0.165814
    26 1.302900 0.000000 -0.000001 0.000000 0.000000 0.924954
    27 2.046984 0.000001 0.000000 -0.518804 -0.105416 0.584555
    28 -0.000005 0.000007 3.713254 -6.236366 -2.991570 6.142078
    29 18.045723 0.000000 0.000000 0.000000 0.000000 -0.517683
    30 17.597597 0.000000 0.000000 0.157830 0.362291 -0.415154
    31 0.000005 -0.000003 -3.713254 0.009534 2.922787 5.872623
    32 18.045721 0.000000 0.000000 0.000000 0.000000 -1.589898
    33 17.597597 0.000000 0.000000 -0.041439 -0.088432 0.044257
  time 53
    0 0.387696 -0.011568 0.001476 0.000000 0.000000 -1.571017
    1 2.261784 0.441420 9.742485 -1.570795 -1.570787 0.000000
    2 1.293670 0.684478 -0.000001 -0.000004 -0.000001 -0.195071
    3 5.309685 -0.003834 0.000000 0.000034 0.046896 -0.209285
    4 4.826790 -0.004591 0.000000 0.001869 0.070170 0.111663
    5 5.792767 -0.005304 0.000000 0.000000 0.000000 0.000003
    6 6.662322 -0.001452 0.000000 0.000000 -0.000001 0.000003
    7 -2.869899 1.399632 4.140401 -0.000100 -1.283646 -3.142292
    8 4.972048 0.000000 -0.000002 -0.021368 0.440347 -1.343369
    9 11.585358 0.000000 0.000000 0.000000 0.000000 -2.281384
    10 10.127057 -0.000001 0.000001 -2.458754 0.000094 -0.000160
    11 2.162477 0.109716 -1.664490 1.460467 0.573977 0.710725
    12 0.928312 0.000000 0.000000 0.000000 0.000000 0.375130
    13 0.928313 0.000000 -0.000001 0.000000 0.000000 0.375131
    14 3.784085 -0.427338 -0.044205 0.036443 0.088879 0.411651
    15 1.189161 -0.000001 -0.000001 0.000000 0.000000 0.305409
    16 1.302900 -0.000001 0.000001 0.000000 0.000000 0.305321
    17 -2.869899 1.399667 -4.140396 0.805742 1.167623 -2.378467
    18 4.972047 0.000000 0.000000 0.565183 -0.202290 -0.739814
    19 11.585358 0.000000 0.000001 0.000000 0.000000 -0.007742
    20 10.127058 0.000000 0.000001 1.838397 -0.427146 0.739771
    21 2.162477 0.109715 1.664489 2.894817 -0.132148 0.873393
    22 0.928313 0.000000 0.000002 0.000000 0.000000 0.000000
    23 0.928311 0.000000 0.000001 0.000000 0.000000 0.000000
    24 3.784085 -0.427337 0.044204 -0.013864 -0.095075 0.166302
    25 1.189159 0.000000 0.000001 0.000000 0.000000 0.165814
    26 1.302900 0.000000 -0.000001 0.000000 0.000000 0.924954
    27 2.046984 0.000001 0.000000 -0.675842 -0.186875 0.587658
    28 -0.000005 0.000007 3.713254 -0.059023 -3.044876 -0.015535
    29 18.045723 0.000000 0.000000 0.000000 0.000000 -0.746314
    30 17.597597 0.000000 0.000000 0.098307 0.332415 -0.399933
    31 0.000005 -0.000003 -3.713254 0.005892 2.960942 5.738022
    32 18.045721 0.000000 0.000000 0.000000 0.000000 -1.463555
    33 17.597597 0.000000 0.000000 -0.071635 -0.058925 -0.046964
  time 54
    0 0.387696 -0.011568 0.001476 0.000000 0.000000 -1.571017
    1 2.136780 0.707053 9.742485 -1.570795 -1.570787 0.000000
    2 1.293670 0.684478 -0.000001 -0.000004 -0.000001 -0.181227
    3 5.309685 -0.003834 0.000000 0.000034 0.082790 -0.209268
    4 4.826790 -0.004591 0.000000 0.000954 0.092401 0.102072
    5 5.792767 -0.005304 0.000000 0.000000 0.000000 0.000003
    6 6.662322 -0.001452 0.000000 0.000000 -0.000001 0.000003
    7 -2.869899 1.399632 4.140401 -0.000100 -1.283646 -3.142292
    8 4.972048 0.000000 -0.000002 -0.027267 0.485883 -1.297617
    9 11.585358 0.000000 0.000000 0.000000 0.000000 -2.306960
    10 10.127057 -0.000001 0.000001 -2.458754 0.000094 -0.000160
    11 2.162477 0.109716 -1.664490 1.460467 0.573977 0.710725
    12 0.928312 0.000000 0.000000 0.000000 0.000000 0.375130
    13 0.928313 0.000000 -0.000001 0.000000 0.000000 0.375131
    14 3.784085 -0.427338 -0.044205 0.036443 0.088879 0.411651
    15 1.189161 -0.000001 -0.000001 0.000000 0.000000 0.305409
    16 1.302900 -0.000001 0.000001 0.000000 0.000000 0.305321
    17 -2.869899 1.399667 -4.140396 0.789979 1.173486 -2.393122
    18 4.972047 0.000000 0.000000 0.427393 -0.129413 -0.848299
    19 11.585358 0.000000 0.000001 0.000000 0.000000 0.006879
    20 10.127058 0.000000 0.000001 1.888606 -0.397453 0.797245
    21 2.162477 0.109715 1.664489 2.894817 -0.132148 0.873393
    22 0.928313 0.000000 0.000002 0.000000 0.000000 0.000000
    23 0.928311 0.000000 0.000001 0.000000 0.000000 0.000000
    24 3.784085 -0.427337 0.044204 -0.013864 -0.095075 0.166302
    25 1.189159 0.000000 0.000001 0.000000 0.000000 0.165814
    26 1.302900 0.000000 -0.000001 0.000000 0.000000 0.924954
    27 2.046984 0.000001 0.000000 -0.749126 -0.266328 0.567584
    28 -0.000005 0.000007 3.713254 -0.151637 -3.104893 0.089143
    29 18.045723 0.000000 0.000000 0.000000 0.000000 -0.973317
    30 17.597597 0.000000 0.000000 0.039012 0.282064 -0.360412
    31 0.000005 -0.000003 -3.713254 0.008863 2.996988 5.620582
    32 18.045721 0.000000 0.000000 0.000000 0.000000 -1.312495
    33 17.597597 0.000000 0.000000 -0.095725 -0.028630 -0.162804
  time 55
    0 0.387696 -0.011568 0.001476 0.000000 0.000000 -1.571017
    1 1.988338 0.906278 9.742485 -1.570795 -1.570787 0.000000
    2 1.293670 0.684478 -0.000001 -0.000004 -0.000001 -0.164954
    3 5.309685 -0.003834 0.000000 0.000034 0.109971 -0.209268
    4 4.826790 -0.004591 0.000000 0.000076 0.108640 0.095942
    5 5.792767 -0.005304 0.000000 0.000000 0.000000 0.000003
    6 6.662322 -0.001452 0.000000 0.000000 -0.000001 0.000003
    7 -2.869899 1.399632 4.140401 -0.000100 -1.283646 -3.142292
    8 4.972048 0.000000 -0.000002 -0.033246 0.520760 -1.270842
    9 11.585358 0.000000 0.000000 0.000000 0.000000 -2.328624
    10 10.127057 -0.000001 0.000001 -2.458754 0.000094 -0.000160
    11 2.162477 0.109716 -1.664490 1.460467 0.573977 0.710725
    12 0.928312 0.000000 0.000000 0.000000 0.000000 0.375130
    13 0.928313 0.000000 -0.000001 0.000000 0.000000 0.375131
    14 3.784085 -0.427338 -0.044205 0.036443 0.088879 0.411651
    15 1.189161 -0.000001 -0.000001 0.000000 0.000000 0.305409
    16 1.302900 -0.000001 0.000001 0.000000 0.000000 0.305321
    17 -2.869899 1.399667 -4.140396 0.773356 1.179243 -2.408063
    18 4.972047 0.000000 0.000000 0.300952 -0.090042 -0.952857
    19 11.585358 0.000000 0.000001 0.000000 0.000000 0.007778
    20 10.127058 0.000000 0.000001 1.940147 -0.366341 0.851269
    21 2.162477 0.109715 1.664489 2.894817 -0.132148 0.873393
    22 0.928313 0.000000 0.000002 0.000000 0.000000 0.000000
    23 0.928311 0.000000 0.000001 0.000000 0.000000 0.000000
    24 3.784085 -0.427337 0.044204 -0.013864 -0.095075 0.166302
    25 1.189159 0.000000 0.000001 0.000000 0.000000 0.165814
    26 1.302900 0.000000 -0.000001 0.000000 0.000000 0.924954
    27 2.046984 0.000001 0.000000 -0.785229 -0.342063 0.533459
    28 -0.000005 0.000007 3.713254 -0.226994 3.119572 0.166214
    29 18.045723 0.000000 0.000000 0.000000 0.000000 -1.168198
    30 17.597597 0.000000 0.000000 0.001408 0.227873 -0.299253
    31 0.000005 -0.000003 -3.713254 0.015955 3.028433 5.529410
    32 18.045721 0.000000 0.000000 0.000000 0.000000 -1.141834
    33 17.597597 0.000000 0.000000 -0.113776 -0.000958 -0.297627
  time 56
    0 0.387696 -0.011568 0.001476 0.000000 0.000000 -1.571017
    1 1.574263 0.906278 9.742485 -1.571562 -1.570787 0.000000
    2 1.293670 0.684478 -0.000001 -0.000004 -0.000001 -0.123370
    3 5.309685 -0.003834 0.000000 0.000034 0.111864 -0.209268
    4 4.826790 -0.004591 0.000000 -0.000114 0.105273 0.104078
    5 5.792767 -0.005304 0.000000 0.000000 0.000000 0.000003
    6 6.662322 -0.001452 0.000000 0.000000 -0.000001 0.000003
    7 -2.869899 1.399632 4.140401 -0.000100 -1.283646 -3.142292
    8 4.972048 0.000000 -0.000002 -0.051421 0.503364 -1.304636
    9 11.585358 0.000000 0.000000 0.000000 0.000000 -2.344201
    10 10.127057 -0.000001 0.000001 -2.458754 0.000094 -0.000160
    11 2.162477 0.109716 -1.664490 1.460467 0.573977 0.710725
    12 0.928312 0.000000 0.000000 0.000000 0.000000 0.375130
    13 0.928313 0.000000 -0.000001 0.000000 0.000000 0.375131
    14 3.784085 -0.427338 -0.044205 0.036443 0.088879 0.411651
    15 1.189161 -0.000001 -0.000001 0.000000 0.000000 0.305409
    16 1.302900 -0.000001 0.000001 0.000000 0.000000 0.305321
    17 -2.869899 1.399667 -4.140396 0.757402 1.184580 -2.423292
    18 4.972047 0.000000 0.000000 0.243829 -0.077829 -1.062873
    19 11.585358 0.000000 0.000001 0.000000 0.000000 -0.009702
    20 10.127058 0.000000 0.000001 1.993301 -0.337972 0.897539
    21 2.162477 0.109715 1.664489 2.894817 -0.132148 0.873393
    22 0.928313 0.000000 0.000002 0.000000 0.000000 0.000000
    23 0.928311 0.000000 0.000001 0.000000 0.000000 0.000000
    24 3.784085 -0.427337 0.044204 -0.013864 -0.095075 0.166302
    25 1.189159 0.000000 0.000001 0.000000 0.000000 0.165814
    26 1.302900 0.000000 -0.000001 0.000000 0.000000 0.924954
    27 2.046984 0.000001 0.000000 -0.762525 -0.386259 0.440513
    28 -0.000005 0.000007 3.713254 -0.263426 3.103944 0.145316
    29 18.045723 0.000000 0.000000 0.000000 0.000000 -1.338728
    30 17.597597 0.000000 0.000000 0.029181 0.199843 -0.066075
    31 0.000005 -0.000003 -3.713254 0.027840 3.043675 5.559513
    32 18.045721 0.000000 0.000000 0.000000 0.000000 -0.745646
    33 17.597597 0.000000 0.000000 -0.121191 0.006221 -0.651290
  time 57
    0 0.387696 -0.011568 0.001476 0.000000 0.000000 -1.571017
    1 0.898461 0.714866 9.742485 -1.570795 -1.570787 0.000000
    2 1.293670 0.684478 -0.000001 -0.000004 -0.000001 -0.058666
    3 5.309685 -0.003834 0.000000 0.000034 0.088458 -0.209268
    4 4.826790 -0.004591 0.000000 0.000057 0.081495 0.127449
    5 5.792767 -0.005304 0.000000 0.000000 0.000000 0.000003
    6 6.662322 -0.001452 0.000000 0.000000 -0.000001 0.000003
    7 -2.869899 1.399632 4.140401 -0.000100 -1.283646 -3.142292
    8 4.972048 0.000000 -0.000002 -0.073025 0.431905 -1.393366
    9 11.585358 0.000000 0.000000 0.000000 0.000000 -2.350360
    10 10.127057 -0.000001 0.000001 -2.458754 0.000094 -0.000160
    11 2.162477 0.109716 -1.664490 1.460467 0.573977 0.710725
    12 0.928312 0.000000 0.000000 0.000000 0.000000 0.375130
    13 0.928313 0.000000 -0.000001 0.000000 0.000000 0.375131
    14 3.784085 -0.427338 -0.044205 0.036443 0.088879 0.411651
    15 1.189161 -0.000001 -0.000001 0.000000 0.000000 0.305409
    16 1.302900 -0.000001 0.000001 0.000000 0.000000 0.305321
    17 -2.869899 1.399667 -4.140396 0.742308 1.189523 -2.437276
    18 4.972047 0.000000 0.000000 0.305454 -0.099122 -1.154254
    19 11.585358 0.000000 0.000001 0.000000 0.000000 -0.077169
    20 10.127058 0.000000 0.000001 2.045964 -0.285395 0.941257
    21 2.162477 0.109715 1.664489 2.894817 -0.132148 0.873393
    22 0.928313 0.000000 0.000002 0.000000 0.000000 0.000000
    23 0.928311 0.000000 0.000001 0.000000 0.000000 0.000000
    24 3.784085 -0.427337 0.044204 -0.013864 -0.095075 0.166302
    25 1.189159 0.000000 0.000001 0.000000 0.000000 0.165814
    26 1.302900 0.000000 -0.000001 0.000000 0.000000 0.924954
    27 2.046984 0.000001 0.000000 -0.689585 -0.385374 0.287955
    28 -0.000005 0.000007 3.713254 -0.267069 3.127242 0.048403
    29 18.045723 0.000000 0.000000 0.000000 0.000000 -1.474619
    30 17.597597 0.000000 0.000000 0.063440 0.191180 0.124924
    31 0.000005 -0.000003 -3.713254 0.040587 3.049044 5.676186
    32 18.045721 0.000000 0.000000 0.000000 0.000000 -0.339382
    33 17.597597 0.000000 0.000000 -0.122331 -0.001451 -1.009202
  time 58
    0 0.387696 -0.011568 0.001476 0.000000 0.000000 -1.571017
    1 0.347663 0.492203 9.742485 -1.570795 -1.570451 0.000000
    2 1.293670 0.684478 -0.000001 -0.000004 -0.000001 -0.007857
    3 5.309685 -0.003834 0.000000 0.000034 0.061217 -0.209285
    4 4.826790 -0.004591 0.000000 0.000019 0.055237 0.152231
    5 5.792767 -0.005304 0.000000 0.000000 0.000000 0.000003
    6 6.662322 -0.001452 0.000000 0.000000 -0.000001 0.000003
    7 -2.869899 1.399632 4.140401 -0.000100 -1.283646 -3.142292
    8 4.972048 0.000000 -0.000002 -0.083069 0.366159 -1.481663
    9 11.585358 0.000000 0.000000 0.000000 0.000000 -2.342172
    10 10.127057 -0.000001 0.000001 -2.458754 0.000094 -0.000160
    11 2.162477 0.109716 -1.664490 1.460467 0.573977 0.710725
    12 0.928312 0.000000 0.000000 0.000000 0.000000 0.375130
    13 0.928313 0.000000 -0.000001 0.000000 0.000000 0.375131
    14 3.784085 -0.427338 -0.044205 0.036443 0.088879 0.411651
    15 1.189161 -0.000001 -0.000001 0.000000 0.000000 0.305409
    16 1.302900 -0.000001 0.000001 0.000000 0.000000 0.305321
    17 -2.869899 1.399667 -4.140396 0.725686 1.194676 -2.452793
    18 4.972047 0.000000 0.000000 0.414167 -0.151590 -1.209761
    19 11.585358 0.000000 0.000001 0.000000 0.000000 -0.212513
    20 10.127058 0.000000 0.000001 2.098417 -0.204542 0.979024
    21 2.162477 0.109715 1.664489 2.894817 -0.132148 0.873393
    22 0.928313 0.000000 0.000002 0.000000 0.000000 0.000000
    23 0.928311 0.000000 0.000001 0.000000 0.000000 0.000000
    24 3.784085 -0.427337 0.044204 -0.013864 -0.095075 0.166302
    25 1.189159 0.000000 0.000001 0.000000 0.000000 0.165814
    26 1.302900 0.000000 -0.000001 0.000000 0.000000 0.924954
    27 2.046984 0.000001 0.000000 -0.604798 -0.362096 0.139289
    28 -0.000005 0.000007 3.713254 -0.269658 3.152744 6.226722
    29 18.045723 0.000000 0.000000 0.000000 0.000000 -1.593339
    30 17.597597 0.000000 0.000000 0.028801 0.192731 -0.009775
    31 0.000005 -0.000003 -3.713254 0.053142 3.050961 5.823250
    32 18.045721 0.000000 0.000000 0.000000 0.000000 -0.546174
    33 17.597597 0.000000 0.000000 -0.119178 -0.014745 -0.755028
  time 59
    0 0.387696 -0.011568 0.001476 0.000000 0.000000 -1.571017
    1 0.230472 0.242195 9.742485 -1.570795 -1.570787 0.000000
    2 1.293670 0.684478 -0.000001 -0.000004 -0.000001 -0.003387
    3 5.309685 -0.003834 0.000000 0.000017 0.031699 -0.209285
    4 4.826790 -0.004591 0.000000 0.000172 0.025587 0.181071
    5 5.792767 -0.005304 0.000000 0.000000 0.000000 0.000003
    6 6.662322 -0.001452 0.000000 0.000000 -0.000001 0.000003
    7 -2.869899 1.399632 4.140401 -0.000100 -1.283646 -3.142292
    8 4.972048 0.000000 -0.000002 -0.089127 0.339638 -1.573166
    9 11.585358 0.000000 0.000000 0.000000 0.000000 -2.290151
    10 10.127057 -0.000001 0.000001 -2.458754 0.000094 -0.000160
    11 2.162477 0.109716 -1.664490 1.460467 0.573977 0.710725
    12 0.928312 0.000000 0.000000 0.000000 0.000000 0.375130
    13 0.928313 0.000000 -0.000001 0.000000 0.000000 0.375131
    14 3.784085 -0.427338 -0.044205 0.036443 0.088879 0.411651
    15 1.189161 -0.000001 -0.000001 0.000000 0.000000 0.305409
    16 1.302900 -0.000001 0.000001 0.000000 0.000000 0.305321
    17 -2.869899 1.399667 -4.140396 0.702472 1.201459 -2.474152
    18 4.972047 0.000000 0.000000 0.471759 -0.212896 -1.239378
    19 11.585358 0.000000 0.000001 0.000000 0.000000 -0.401683
    20 10.127058 0.000000 0.000001 2.151080 -0.130971 0.990779
    21 2.162477 0.109715 1.664489 2.894817 -0.132148 0.873393
    22 0.928313 0.000000 0.000002 0.000000 0.000000 0.000000
    23 0.928311 0.000000 0.000001 0.000000 0.000000 0.000000
    24 3.784085 -0.427337 0.044204 -0.013864 -0.095075 0.166302
    25 1.189159 0.000000 0.000001 0.000000 0.000000 0.165814
    26 1.302900 0.000000 -0.000001 0.000000 0.000000 0.924954
    27 2.046984 0.000001 0.000000 -0.516866 -0.313386 0.028581
    28 -0.000005 0.000007 3.713254 -0.260262 -3.098374 6.107856
    29 18.045723 0.000000 0.000000 0.000000 0.000000 -1.688152
    30 17.597597 0.000000 0.000000 -0.021397 0.194577 -0.244878
    31 0.000005 -0.000003 -3.713254 0.067231 3.060356 5.972998
    32 18.045721 0.000000 0.000000 0.000000 0.000000 -0.867265
    33 17.597597 0.000000 0.000000 -0.118037 -0.025159 -0.373745
  time 60
    0 0.387696 -0.011568 0.001476 0.000000 0.000000 -1.571017
    1 0.222659 0.000000 9.742485 -1.570795 -1.570787 0.000000
    2 1.293670 0.684478 -0.000001 -0.000004 -0.000001 -0.007857
    3 5.309685 -0.003834 0.000000 0.000000 0.000000 -0.209285
    4 4.826790 -0.004591 0.000000 0.000000 0.000000 0.200583
    5 5.792767 -0.005304 0.000000 0.000000 0.000000 0.000003
    6 6.662322 -0.001452 0.000000 0.000000 -0.000001 0.000003
    7 -2.869899 1.399632 4.140401 -0.000100 -1.283646 -3.142292
    8 4.972048 0.000000 -0.000002 -0.087055 0.313971 -1.629575
    9 11.585358 0.000000 0.000000 0.000000 0.000000 -2.243491
    10 10.127057 -0.000001 0.000001 -2.458754 0.000094 -0.000160
    11 2.162477 0.109716 -1.664490 1.460467 0.573977 0.710725
    12 0.928312 0.000000 0.000000 0.000000 0.000000 0.375130
    13 0.928313 0.000000 -0.000001 0.000000 0.000000 0.375131
    14 3.784085 -0.427338 -0.044205 0.036443 0.088879 0.411651
    15 1.189161 -0.000001 -0.000001 0.000000 0.000000 0.305409
    16 1.302900 -0.000001 0.000001 0.000000 0.000000 0.305321
    17 -2.869899 1.399667 -4.140396 0.671519 1.209951 -2.503077
    18 4.972047 0.000000 0.000000 0.455438 -0.257892 -1.257281
    19 11.585358 0.000000 0.000001 0.000000 0.000000 -0.654891
    20 10.127058 0.000000 0.000001 2.207459 -0.080474 0.982725
    21 2.162477 0.109715 1.664489 2.894817 -0.132148 0.873393
    22 0.928313 0.000000 0.000002 0.000000 0.000000 0.000000
    23 0.928311 0.000000 0.000001 0.000000 0.000000 0.000000
    24 3.784085 -0.427337 0.044204 -0.013864 -0.095075 0.166302
    25 1.189159 0.000000 0.000001 0.000000 0.000000 0.165814
    26 1.302900 0.000000 -0.000001 0.000000 0.000000 0.924954
    27 2.046984 0.000001 0.000000 -0.379431 -0.228593 -0.089974
    28 -0.000005 0.000007 3.713254 -0.213284 -3.060216 5.996947
    29 18.045723 0.000000 0.000000 0.000000 0.000000 -1.665799
    30 17.597597 0.000000 0.000000 -0.021549 0.226840 -0.367290
    31 0.000005 -0.000003 -3.713254 0.073269 3.053837 6.087179
    32 18.045721 0.000000 0.000000 0.000000 0.000000 -1.141834
    33 17.597597 0.000000 0.000000 -0.106864 -0.039162 -0.083545
  time 61
    0 0.387696 -0.011568 0.001476 0.000000 0.000000 -1.571017
    1 0.042966 -0.195318 9.742485 -1.570795 -1.570787 0.000000
    2 1.293670 0.684478 -0.000001 -0.000004 -0.000001 0.011228
    3 5.309685 -0.003834 0.000000 -0.000017 -0.029902 -0.209285
    4 4.826790 -0.004591 0.000000 -0.000229 -0.013303 0.198731
    5 5.792767 -0.005304 0.000000 0.000000 0.000000 0.000003
    6 6.662322 -0.001452 0.000000 0.000000 -0.000001 0.000003
    7 -2.869899 1.399632 4.140401 -0.000100 -1.283646 -3.142292
    8 4.972048 0.000000 -0.000002 -0.073662 0.262466 -1.621170
    9 11.585358 0.000000 0.000000 0.000000 0.000000 -2.244650
    10 10.127057 -0.000001 0.000001 -2.458754 0.000094 -0.000160
    11 2.162477 0.109716 -1.664490 1.460467 0.573977 0.710725
    12 0.928312 0.000000 0.000000 0.000000 0.000000 0.375130
    13 0.928313 0.000000 -0.000001 0.000000 0.000000 0.375131
    14 3.784085 -0.427338 -0.044205 0.036443 0.088879 0.411651
    15 1.189161 -0.000001 -0.000001 0.000000 0.000000 0.305409
    16 1.302900 -0.000001 0.000001 0.000000 0.000000 0.305321
    17 -2.869899 1.399667 -4.140396 0.634644 1.219152 -2.537654
    18 4.972047 0.000000 0.000000 0.403286 -0.288666 -1.266133
    19 11.585358 0.000000 0.000001 0.000000 0.000000 -0.960047
    20 10.127058 0.000000 0.000001 2.267345 -0.037920 0.971821
    21 2.162477 0.109715 1.664489 2.894817 -0.132148 0.873393
    22 0.928313 0.000000 0.000002 0.000000 0.000000 0.000000
    23 0.928311 0.000000 0.000001 0.000000 0.000000 0.000000
    24 3.784085 -0.427337 0.044204 -0.013864 -0.095075 0.166302
    25 1.189159 0.000000 0.000001 0.000000 0.000000 0.165814
    26 1.302900 0.000000 -0.000001 0.000000 0.000000 0.924954
    27 2.046984 0.000001 0.000000 -0.199431 -0.108425 -0.225500
    28 -0.000005 0.000007 3.713254 -0.071295 -3.010265 5.896774
    29 18.045723 0.000000 0.000000 0.000000 0.000000 -1.338654
    30 17.597597 0.000000 0.000000 0.122836 0.271925 -0.084001
    31 0.000005 -0.000003 -3.713254 0.074132 3.014436 6.156876
    32 18.045721 0.000000 0.000000 0.000000 0.000000 -1.320918
    33 17.597597 0.000000 0.000000 -0.074386 -0.065927 0.026937
  time 62
    0 0.387696 -0.011568 0.001476 0.000000 0.000000 -1.571017
    1 -0.187510 -0.417982 9.742485 -1.570795 -1.570787 0.000000
    2 1.293670 0.684478 -0.000001 -0.000004 -0.000001 0.036992
    3 5.309685 -0.003834 0.000000 -0.000034 -0.062799 -0.209285
    4 4.826790 -0.004591 0.000000 -0.000324 -0.024892 0.190948
    5 5.792767 -0.005304 0.000000 0.000000 0.000000 0.000003
    6 6.662322 -0.001452 0.000000 0.000000 -0.000001 0.000003
    7 -2.869899 1.399632 4.140401 -0.000100 -1.283646 -3.142292
    8 4.972048 0.000000 -0.000002 -0.058197 0.198766 -1.599941
    9 11.585358 0.000000 0.000000 0.000000 0.000000 -2.257040
    10 10.127057 -0.000001 0.000001 -2.458754 0.000094 -0.000160
    11 2.162477 0.109716 -1.664490 1.460467 0.573977 0.710725
    12 0.928312 0.000000 0.000000 0.000000 0.000000 0.375130
    13 0.928313 0.000000 -0.000001 0.000000 0.000000 0.375131
    14 3.784085 -0.427338 -0.044205 0.036443 0.088879 0.411651
    15 1.189161 -0.000001 -0.000001 0.000000 0.000000 0.305409
    16 1.302900 -0.000001 0.000001 0.000000 0.000000 0.305321
    17 -2.869899 1.399667 -4.140396 0.594521 1.228249 -2.575391
    18 4.972047 0.000000 0.000000 0.345882 -0.310601 -1.268995
    19 11.585358 0.000000 0.000001 0.000000 0.000000 -1.268062
    20 10.127058 0.000000 0.000001 2.322392 0.007754 0.949811
    21 2.162477 0.109715 1.664489 2.894817 -0.132148 0.873393
    22 0.928313 0.000000 0.000002 0.000000 0.000000 0.000000
    23 0.928311 0.000000 0.000001 0.000000 0.000000 0.000000
    24 3.784085 -0.427337 0.044204 -0.013864 -0.095075 0.166302
    25 1.189159 0.000000 0.000001 0.000000 0.000000 0.165814
    26 1.302900 0.000000 -0.000001 0.000000 0.000000 0.924954
    27 2.046984 0.000001 0.000000 -0.041532 0.034106 -0.338581
    28 -0.000005 0.000007 3.713254 -6.187662 -2.971915 5.817978
    29 18.045723 0.000000 0.000000 0.000000 0.000000 -0.913588
    30 17.597597 0.000000 0.000000 0.179368 0.239735 0.185717
    31 0.000005 -0.000003 -3.713254 0.079307 2.964777 6.225039
    32 18.045721 0.000000 0.000000 0.000000 0.000000 -1.494177
    33 17.597597 0.000000 0.000000 -0.030400 -0.099793 0.103055
  time 63
    0 0.387696 -0.011568 0.001476 0.000000 0.000000 -1.571017
    1 -0.417986 -0.609394 9.742485 -1.570603 -1.570451 0.000000
    2 1.293670 0.684478 -0.000001 -0.000004 -0.000001 0.062706
    3 5.309685 -0.003834 0.000000 -0.000034 -0.093252 -0.209268
    4 4.826790 -0.004591 0.000000 -0.000229 -0.033988 0.180894
    5 5.792767 -0.005304 0.000000 0.000000 0.000000 0.000003
    6 6.662322 -0.001452 0.000000 0.000000 -0.000001 0.000003
    7 -2.869899 1.399632 4.140401 -0.000100 -1.283646 -3.142292
    8 4.972048 0.000000 -0.000002 -0.044406 0.136090 -1.576285
    9 11.585358 0.000000 0.000000 0.000000 0.000000 -2.274501
    10 10.127057 -0.000001 0.000001 -2.458754 0.000094 -0.000160
    11 2.162477 0.109716 -1.664490 1.460467 0.573977 0.710725
    12 0.928312 0.000000 0.000000 0.000000 0.000000 0.375130
    13 0.928313 0.000000 -0.000001 0.000000 0.000000 0.375131
    14 3.784085 -0.427338 -0.044205 0.036443 0.088879 0.411651
    15 1.189161 -0.000001 -0.000001 0.000000 0.000000 0.305409
    16 1.302900 -0.000001 0.000001 0.000000 0.000000 0.305321
    17 -2.869899 1.399667 -4.140396 0.553824 1.236478 -2.613704
    18 4.972047 0.000000 0.000000 0.294386 -0.319199 -1.265468
    19 11.585358 0.000000 0.000001 0.000000 0.000000 -1.529764
    20 10.127058 0.000000 0.000001 2.363064 0.068559 0.908743
    21 2.162477 0.109715 1.664489 2.894817 -0.132148 0.873393
    22 0.928313 0.000000 0.000002 0.000000 0.000000 0.000000
    23 0.928311 0.000000 0.000001 0.000000 0.000000 0.000000
    24 3.784085 -0.427337 0.044204 -0.013864 -0.095075 0.166302
    25 1.189159 0.000000 0.000001 0.000000 0.000000 0.165814
    26 1.302900 0.000000 -0.000001 0.000000 0.000000 0.924954
    27 2.046984 0.000001 0.000000 0.050838 0.145747 -0.410724
    28 -0.000005 0.000007 3.713254 -6.057082 -2.950056 5.758641
    29 18.045723 0.000000 0.000000 0.000000 0.000000 -0.582446
    30 17.597597 0.000000 0.000000 0.167129 0.288093 0.041391
    31 0.000005 -0.000003 -3.713254 0.083907 2.912050 -0.003885
    32 18.045721 0.000000 0.000000 0.000000 0.000000 -1.640750
    33 17.597597 0.000000 0.000000 0.016505 -0.129910 0.145410
  time 64
    0 0.387696 -0.011568 0.001476 0.000000 0.000000 -1.571017
    1 -0.582053 -0.753929 9.742485 -1.570795 -1.570787 0.000000
    2 1.293670 0.684478 -0.000001 -0.000004 -0.000001 0.081942
    3 5.309685 -0.003834 0.000000 -0.000034 -0.115603 -0.209268
    4 4.826790 -0.004591 0.000000 -0.000076 -0.040053 0.172163
    5 5.792767 -0.005304 0.000000 0.000000 0.000000 0.000003
    6 6.662322 -0.001452 0.000000 0.000000 -0.000001 0.000003
    7 -2.869899 1.399632 4.140401 -0.000100 -1.283646 -3.142292
    8 4.972048 0.000000 -0.000002 -0.034521 0.086205 -1.557222
    9 11.585358 0.000000 0.000000 0.000000 0.000000 -2.288339
    10 10.127057 -0.000001 0.000001 -2.458754 0.000094 -0.000160
    11 2.162477 0.109716 -1.664490 1.460467 0.573977 0.710725
    12 0.928312 0.000000 0.000000 0.000000 0.000000 0.375130
    13 0.928313 0.000000 -0.000001 0.000000 0.000000 0.375131
    14 3.784085 -0.427338 -0.044205 0.036443 0.088879 0.411651
    15 1.189161 -0.000001 -0.000001 0.000000 0.000000 0.305409
    16 1.302900 -0.000001 0.000001 0.000000 0.000000 0.305321
    17 -2.869899 1.399667 -4.140396 0.515802 1.243418 -2.649908
    18 4.972047 0.000000 0.000000 0.260431 -0.311003 -1.255950
    19 11.585358 0.000000 0.000001 0.000000 0.000000 -1.696799
    20 10.127058 0.000000 0.000001 2.377159 0.155085 0.839714
    21 2.162477 0.109715 1.664489 2.894817 -0.132148 0.873393
    22 0.928313 0.000000 0.000002 0.000000 0.000000 0.000000
    23 0.928311 0.000000 0.000001 0.000000 0.000000 0.000000
    24 3.784085 -0.427337 0.044204 -0.013864 -0.095075 0.166302
    25 1.189159 0.000000 0.000001 0.000000 0.000000 0.165814
    26 1.302900 0.000000 -0.000001 0.000000 0.000000 0.924954
    27 2.046984 0.000001 0.000000 0.082676 0.203928 -0.448316
    28 -0.000005 0.000007 3.713254 -5.942992 -2.935195 5.716655
    29 18.045723 0.000000 0.000000 0.000000 0.000000 -0.281872
    30 17.597597 0.000000 0.000000 0.158995 0.358649 -0.225439
    31 0.000005 -0.000003 -3.713254 0.078636 2.862679 0.022767
    32 18.045721 0.000000 0.000000 0.000000 0.000000 -1.739620
    33 17.597597 0.000000 0.000000 0.053848 -0.147957 0.153169
  time 65
    0 0.387696 -0.011568 0.001476 0.000000 0.000000 -1.571017
    1 -0.628929 -0.808618 9.742485 -1.570795 -1.570787 0.000000
    2 1.293670 0.684478 -0.000001 -0.000004 -0.000001 0.088036
    3 5.309685 -0.003834 0.000000 -0.000085 -0.124292 -0.209268
    4 4.826790 -0.004591 0.000000 0.000000 -0.042246 0.168459
    5 5.792767 -0.005304 0.000000 0.000000 0.000000 0.000003
    6 6.662322 -0.001452 0.000000 0.000000 -0.000001 0.000003
    7 -2.869899 1.399632 4.140401 -0.000100 -1.283646 -3.142292
    8 4.972048 0.000000 -0.000002 -0.029101 0.061732 -1.548037
    9 11.585358 0.000000 0.000000 0.000000 0.000000 -2.292035
    10 10.127057 -0.000001 0.000001 -2.458754 0.000094 -0.000160
    11 2.162477 0.109716 -1.664490 1.460467 0.573977 0.710725
    12 0.928312 0.000000 0.000000 0.000000 0.000000 0.375130
    13 0.928313 0.000000 -0.000001 0.000000 0.000000 0.375131
    14 3.784085 -0.427338 -0.044205 0.036443 0.088879 0.411651
    15 1.189161 -0.000001 -0.000001 0.000000 0.000000 0.305409
    16 1.302900 -0.000001 0.000001 0.000000 0.000000 0.305321
    17 -2.869899 1.399667 -4.140396 0.480551 1.249281 -2.683240
    18 4.972047 0.000000 0.000000 0.234355 -0.279024 -1.237115
    19 11.585358 0.000000 0.000001 0.000000 0.000000 -1.757079
    20 10.127058 0.000000 0.000001 2.355491 0.283503 0.722963
    21 2.162477 0.109715 1.664489 2.894817 -0.132148 0.873393
    22 0.928313 0.000000 0.000002 0.000000 0.000000 0.000000
    23 0.928311 0.000000 0.000001 0.000000 0.000000 0.000000
    24 3.784085 -0.427337 0.044204 -0.013864 -0.095075 0.166302
    25 1.189159 0.000000 0.000001 0.000000 0.000000 0.165814
    26 1.302900 0.000000 -0.000001 0.000000 0.000000 0.924954
    27 2.046984 0.000001 0.000000 0.093748 0.225436 -0.463219
    28 -0.000005 0.000007 3.713254 -5.901862 -2.921965 5.736689
    29 18.045723 0.000000 0.000000 0.000000 0.000000 -0.127477
    30 17.597597 0.000000 0.000000 0.152407 0.394480 -0.363943
    31 0.000005 -0.000003 -3.713254 0.052855 2.823373 0.008578
    32 18.045721 0.000000 0.000000 0.000000 0.000000 -1.769926
    33 17.597597 0.000000 0.000000 0.065255 -0.146932 0.126149
  time 66
    0 0.387696 -0.011568 0.001476 0.000000 0.000000 -1.571017
    1 -0.597678 -0.796899 9.742485 -1.570795 -1.570787 0.000000
    2 1.293670 0.684478 -0.000001 -0.000004 -0.000001 0.084486
    3 5.309685 -0.003834 0.000000 -0.000085 -0.123262 -0.209268
    4 4.826790 -0.004591 0.000000 -0.000019 -0.041814 0.168724
    5 5.792767 -0.005304 0.000000 0.000000 0.000000 0.000003
    6 6.662322 -0.001452 0.000000 0.000000 -0.000001 0.000003
    7 -2.869899 1.399632 4.140401 -0.000100 -1.283646 -3.142292
    8 4.972048 0.000000 -0.000002 -0.026629 0.056615 -1.544918
    9 11.585358 0.000000 0.000000 0.000000 0.000000 -2.287832
    10 10.127057 -0.000001 0.000001 -2.458754 0.000094 -0.000160
    11 2.162477 0.109716 -1.664490 1.460467 0.573977 0.710725
    12 0.928312 0.000000 0.000000 0.000000 0.000000 0.375130
    13 0.928313 0.000000 -0.000001 0.000000 0.000000 0.375131
    14 3.784085 -0.427338 -0.044205 0.036443 0.088879 0.411651
    15 1.189161 -0.000001 -0.000001 0.000000 0.000000 0.305409
    16 1.302900 -0.000001 0.000001 0.000000 0.000000 0.305321
    17 -2.869899 1.399667 -4.140396 0.445873 1.254381 -2.715901
    18 4.972047 0.000000 0.000000 0.207904 -0.225833 -1.210160
    19 11.585358 0.000000 0.000001 0.000000 0.000000 -1.748992
    20 10.127058 0.000000 0.000001 2.287120 0.440858 0.548939
    21 2.162477 0.109715 1.664489 2.894817 -0.132148 0.873393
    22 0.928313 0.000000 0.000002 0.000000 0.000000 0.000000
    23 0.928311 0.000000 0.000001 0.000000 0.000000 0.000000
    24 3.784085 -0.427337 0.044204 -0.013864 -0.095075 0.166302
    25 1.189159 0.000000 0.000001 0.000000 0.000000 0.165814
    26 1.302900 0.000000 -0.000001 0.000000 0.000000 0.924954
    27 2.046984 0.000001 0.000000 0.093447 0.222486 -0.459873
    28 -0.000005 0.000007 3.713254 -5.927748 -2.906816 5.820470
    29 18.045723 0.000000 0.000000 0.000000 0.000000 -0.101202
    30 17.597597 0.000000 0.000000 0.143107 0.394505 -0.328595
    31 0.000005 -0.000003 -3.713254 6.278955 2.797873 6.219095
    32 18.045721 0.000000 0.000000 0.000000 0.000000 -1.710651
    33 17.597597 0.000000 0.000000 0.042507 -0.120699 0.046659
  time 67
    0 0.387696 -0.011568 0.001476 0.000000 0.000000 -1.571017
    1 -0.542989 -0.785180 9.742485 -1.570795 -1.570787 0.000000
    2 1.293670 0.684478 -0.000001 -0.000004 -0.000001 0.079163
    3 5.309685 -0.003834 0.000000 -0.000085 -0.120169 -0.209268
    4 4.826790 -0.004591 0.000000 -0.000019 -0.040832 0.169539
    5 5.792767 -0.005304 0.000000 0.000000 0.000000 0.000003
    6 6.662322 -0.001452 0.000000 0.000000 -0.000001 0.000003
    7 -2.869899 1.399632 4.140401 -0.000100 -1.283646 -3.142292
    8 4.972048 0.000000 -0.000002 -0.024796 0.055421 -1.542231
    9 11.585358 0.000000 0.000000 0.000000 0.000000 -2.282398
    10 10.127057 -0.000001 0.000001 -2.458754 0.000094 -0.000160
    11 2.162477 0.109716 -1.664490 1.460467 0.573977 0.710725
    12 0.928312 0.000000 0.000000 0.000000 0.000000 0.375130
    13 0.928313 0.000000 -0.000001 0.000000 0.000000 0.375131
    14 3.784085 -0.427338 -0.044205 0.036443 0.088879 0.411651
    15 1.189161 -0.000001 -0.000001 0.000000 0.000000 0.305409
    16 1.302900 -0.000001 0.000001 0.000000 0.000000 0.305321
    17 -2.869899 1.399667 -4.140396 0.412246 1.258956 -2.748083
    18 4.972047 0.000000 0.000000 0.192146 -0.163321 -1.182274
    19 11.585358 0.000000 0.000001 0.000000 0.000000 -1.697453
    20 10.127058 0.000000 0.000001 2.158723 0.589040 0.322291
    21 2.162477 0.109715 1.664489 2.894817 -0.132148 0.873393
    22 0.928313 0.000000 0.000002 0.000000 0.000000 0.000000
    23 0.928311 0.000000 0.000001 0.000000 0.000000 0.000000
    24 3.784085 -0.427337 0.044204 -0.013864 -0.095075 0.166302
    25 1.189159 0.000000 0.000001 0.000000 0.000000 0.165814
    26 1.302900 0.000000 -0.000001 0.000000 0.000000 0.924954
    27 2.046984 0.000001 0.000000 0.087286 0.211540 -0.445335
    28 -0.000005 0.000007 3.713254 -5.973576 -2.893394 5.931571
    29 18.045723 0.000000 0.000000 0.000000 0.000000 -0.105717
    30 17.597597 0.000000 0.000000 0.134391 0.386039 -0.252443
    31 0.000005 -0.000003 -3.713254 6.196052 2.788382 6.096574
    32 18.045721 0.000000 0.000000 0.000000 0.000000 -1.576043
    33 17.597597 0.000000 0.000000 -0.000774 -0.070996 -0.087748
  time 68
    0 0.387696 -0.011568 0.001476 0.000000 0.000000 -1.571017
    1 -0.492207 -0.753929 9.742485 -1.570891 -1.570787 0.000000
    2 1.293670 0.684478 -0.000001 -0.000004 -0.000001 0.072333
    3 5.309685 -0.003834 0.000000 -0.000034 -0.115412 -0.209268
    4 4.826790 -0.004591 0.000000 -0.000057 -0.039214 0.170774
    5 5.792767 -0.005304 0.000000 0.000000 0.000000 0.000003
    6 6.662322 -0.001452 0.000000 0.000000 -0.000001 0.000003
    7 -2.869899 1.399632 4.140401 -0.000100 -1.283646 -3.142292
    8 4.972048 0.000000 -0.000002 -0.023361 0.056871 -1.539978
    9 11.585358 0.000000 0.000000 0.000000 0.000000 -2.276457
    10 10.127057 -0.000001 0.000001 -2.458754 0.000094 -0.000160
    11 2.162477 0.109716 -1.664490 1.460467 0.573977 0.710725
    12 0.928312 0.000000 0.000000 0.000000 0.000000 0.375130
    13 0.928313 0.000000 -0.000001 0.000000 0.000000 0.375131
    14 3.784085 -0.427338 -0.044205 0.036443 0.088879 0.411651
    15 1.189161 -0.000001 -0.000001 0.000000 0.000000 0.305409
    16 1.302900 -0.000001 0.000001 0.000000 0.000000 0.305321
    17 -2.869899 1.399667 -4.140396 0.379192 1.262926 -2.779691
    18 4.972047 0.000000 0.000000 0.186612 -0.103139 -1.155651
    19 11.585358 0.000000 0.000001 0.000000 0.000000 -1.627943
    20 10.127058 0.000000 0.000001 1.978434 0.691264 0.060678
    21 2.162477 0.109715 1.664489 2.894817 -0.132148 0.873393
    22 0.928313 0.000000 0.000002 0.000000 0.000000 0.000000
    23 0.928311 0.000000 0.000001 0.000000 0.000000 0.000000
    24 3.784085 -0.427337 0.044204 -0.013864 -0.095075 0.166302
    25 1.189159 0.000000 0.000001 0.000000 0.000000 0.165814
    26 1.302900 0.000000 -0.000001 0.000000 0.000000 0.924954
    27 2.046984 0.000001 0.000000 0.084615 0.200387 -0.421734
    28 -0.000005 0.000007 3.713254 -6.034935 -2.886970 6.059351
    29 18.045723 0.000000 0.000000 0.000000 0.000000 -0.134656
    30 17.597597 0.000000 0.000000 0.129348 0.369625 -0.147499
    31 0.000005 -0.000003 -3.713254 6.101647 2.798448 5.949798
    32 18.045721 0.000000 0.000000 0.000000 0.000000 -1.396960
    33 17.597597 0.000000 0.000000 -0.046136 -0.001451 -0.249638
  time 69
    0 0.387696 -0.011568 0.001476 0.000000 0.000000 -1.571017
    1 -0.410173 -0.710959 9.742485 -1.570795 -1.570787 0.000000
    2 1.293670 0.684478 -0.000001 -0.000004 -0.000001 0.064146
    3 5.309685 -0.003834 0.000000 -0.000034 -0.109036 -0.209268
    4 4.826790 -0.004591 0.000000 -0.000076 -0.036972 0.172428
    5 5.792767 -0.005304 0.000000 0.000000 0.000000 0.000003
    6 6.662322 -0.001452 0.000000 0.000000 -0.000001 0.000003
    7 -2.869899 1.399632 4.140401 -0.000100 -1.283646 -3.142292
    8 4.972048 0.000000 -0.000002 -0.022325 0.061220 -1.537986
    9 11.585358 0.000000 0.000000 0.000000 0.000000 -2.269212
    10 10.127057 -0.000001 0.000001 -2.458754 0.000094 -0.000160
    11 2.162477 0.109716 -1.664490 1.460467 0.573977 0.710725
    12 0.928312 0.000000 0.000000 0.000000 0.000000 0.375130
    13 0.928313 0.000000 -0.000001 0.000000 0.000000 0.375131
    14 3.784085 -0.427338 -0.044205 0.036443 0.088879 0.411651
    15 1.189161 -0.000001 -0.000001 0.000000 0.000000 0.305409
    16 1.302900 -0.000001 0.000001 0.000000 0.000000 0.305321
    17 -2.869899 1.399667 -4.140396 0.346807 1.266475 -2.810628
    18 4.972047 0.000000 0.000000 0.190739 -0.056697 -1.131226
    19 11.585358 0.000000 0.000001 0.000000 0.000000 -1.565049
    20 10.127058 0.000000 0.000001 1.793938 0.729751 -0.179775
    21 2.162477 0.109715 1.664489 2.894817 -0.132148 0.873393
    22 0.928313 0.000000 0.000002 0.000000 0.000000 0.000000
    23 0.928311 0.000000 0.000001 0.000000 0.000000 0.000000
    24 3.784085 -0.427337 0.044204 -0.013864 -0.095075 0.166302
    25 1.189159 0.000000 0.000001 0.000000 0.000000 0.165814
    26 1.302900 0.000000 -0.000001 0.000000 0.000000 0.924954
    27 2.046984 0.000001 0.000000 0.086037 0.190120 -0.392353
    28 -0.000005 0.000007 3.713254 -6.105019 -2.891189 6.193363
    29 18.045723 0.000000 0.000000 0.000000 0.000000 -0.182322
    30 17.597597 0.000000 0.000000 0.129931 0.345950 -0.026417
    31 0.000005 -0.000003 -3.713254 6.012322 2.824811 5.804651
    32 18.045721 0.000000 0.000000 0.000000 0.000000 -1.204494
    33 17.597597 0.000000 0.000000 -0.077674 0.078390 -0.411250
  time 70
    0 0.387696 -0.011568 0.001476 0.000000 0.000000 -1.571017
    1 -0.324233 -0.660176 9.742485 -1.570795 -1.570787 0.000000
    2 1.293670 0.684478 -0.000001 -0.000004 -0.000001 0.054704
    3 5.309685 -0.003834 0.000000 -0.000034 -0.101330 -0.209268
    4 4.826790 -0.004591 0.000000 -0.000114 -0.034420 0.174434
    5 5.792767 -0.005304 0.000000 0.000000 0.000000 0.000003
    6 6.662322 -0.001452 0.000000 0.000000 -0.000001 0.000003
    7 -2.869899 1.399632 4.140401 -0.000100 -1.283646 -3.142292
    8 4.972048 0.000000 -0.000002 -0.021527 0.068042 -1.536859
    9 11.585358 0.000000 0.000000 0.000000 0.000000 -2.261097
    10 10.127057 -0.000001 0.000001 -2.458754 0.000094 -0.000160
    11 2.162477 0.109716 -1.664490 1.460467 0.573977 0.710725
    12 0.928312 0.000000 0.000000 0.000000 0.000000 0.375130
    13 0.928313 0.000000 -0.000001 0.000000 0.000000 0.375131
    14 3.784085 -0.427338 -0.044205 0.036443 0.088879 0.411651
    15 1.189161 -0.000001 -0.000001 0.000000 0.000000 0.305409
    16 1.302900 -0.000001 0.000001 0.000000 0.000000 0.305321
    17 -2.869899 1.399667 -4.140396 0.314421 1.269604 -2.841086
    18 4.972047 0.000000 0.000000 0.202745 -0.035003 -1.111192
    19 11.585358 0.000000 0.000001 0.000000 0.000000 -1.534338
    20 10.127058 0.000000 0.000001 1.673045 0.717174 -0.323587
    21 2.162477 0.109715 1.664489 2.894817 -0.132148 0.873393
    22 0.928313 0.000000 0.000002 0.000000 0.000000 0.000000
    23 0.928311 0.000000 0.000001 0.000000 0.000000 0.000000
    24 3.784085 -0.427337 0.044204 -0.013864 -0.095075 0.166302
    25 1.189159 0.000000 0.000001 0.000000 0.000000 0.165814
    26 1.302900 0.000000 -0.000001 0.000000 0.000000 0.924954
    27 2.046984 0.000001 0.000000 0.086166 0.177227 -0.359384
    28 -0.000005 0.000007 3.713254 -6.177787 -2.906816 0.038337
    29 18.045723 0.000000 0.000000 0.000000 0.000000 -0.241460
    30 17.597597 0.000000 0.000000 0.136671 0.316640 0.097232
    31 0.000005 -0.000003 -3.713254 5.940057 2.856735 5.684048
    32 18.045721 0.000000 0.000000 0.000000 0.000000 -1.029818
    33 17.597597 0.000000 0.000000 -0.086800 0.153635 -0.540808
  time 71
    0 0.387696 -0.011568 0.001476 0.000000 0.000000 -1.571017
    1 -0.230480 -0.597674 9.742485 -1.570795 -1.570787 0.000000
    2 1.293670 0.684478 -0.000001 -0.000004 -0.000001 0.044409
    3 5.309685 -0.003834 0.000000 -0.000034 -0.092461 -0.209268
    4 4.826790 -0.004591 0.000000 -0.000114 -0.031436 0.176683
    5 5.792767 -0.005304 0.000000 0.000000 0.000000 0.000003
    6 6.662322 -0.001452 0.000000 0.000000 -0.000001 0.000003
    7 -2.869899 1.399632 4.140401 -0.000100 -1.283646 -3.142292
    8 4.972048 0.000000 -0.000002 -0.021209 0.076740 -1.535733
    9 11.585358 0.000000 0.000000 0.000000 0.000000 -2.252620
    10 10.127057 -0.000001 0.000001 -2.458754 0.000094 -0.000160
    11 2.162477 0.109716 -1.664490 1.460467 0.573977 0.710725
    12 0.928312 0.000000 0.000000 0.000000 0.000000 0.375130
    13 0.928313 0.000000 -0.000001 0.000000 0.000000 0.375131
    14 3.784085 -0.427338 -0.044205 0.036443 0.088879 0.411651
    15 1.189161 -0.000001 -0.000001 0.000000 0.000000 0.305409
    16 1.302900 -0.000001 0.000001 0.000000 0.000000 0.305321
    17 -2.869899 1.399667 -4.140396 0.282800 1.272469 -2.871640
    18 4.972047 0.000000 0.000000 0.221505 -0.034601 -1.094354
    19 11.585358 0.000000 0.000001 0.000000 0.000000 -1.530009
    20 10.127058 0.000000 0.000001 1.616665 0.681524 -0.375009
    21 2.162477 0.109715 1.664489 2.894817 -0.132148 0.873393
    22 0.928313 0.000000 0.000002 0.000000 0.000000 0.000000
    23 0.928311 0.000000 0.000001 0.000000 0.000000 0.000000
    24 3.784085 -0.427337 0.044204 -0.013864 -0.095075 0.166302
    25 1.189159 0.000000 0.000001 0.000000 0.000000 0.165814
    26 1.302900 0.000000 -0.000001 0.000000 0.000000 0.924954
    27 2.046984 0.000001 0.000000 0.085003 0.162033 -0.323495
    28 -0.000005 0.000007 3.713254 -6.245570 -2.932127 0.147905
    29 18.045723 0.000000 0.000000 0.000000 0.000000 -0.307703
    30 17.597597 0.000000 0.000000 0.148733 0.284279 0.209283
    31 0.000005 -0.000003 -3.713254 5.882360 2.892877 5.581276
    32 18.045721 0.000000 0.000000 0.000000 0.000000 -0.855300
    33 17.597597 0.000000 0.000000 -0.061972 0.229078 -0.614201
  time 72
    0 0.387696 -0.011568 0.001476 0.000000 0.000000 -1.571017
    1 -0.125008 -0.535173 9.742485 -1.570795 -1.570787 0.000000
    2 1.293670 0.684478 -0.000001 -0.000004 -0.000001 0.033309
    3 5.309685 -0.003834 0.000000 -0.000034 -0.082826 -0.209285
    4 4.826790 -0.004591 0.000000 -0.000153 -0.028140 0.179196
    5 5.792767 -0.005304 0.000000 0.000000 0.000000 0.000003
    6 6.662322 -0.001452 0.000000 0.000000 -0.000001 0.000003
    7 -2.869899 1.399632 4.140401 -0.000100 -1.283646 -3.142292
    8 4.972048 0.000000 -0.000002 -0.021049 0.087143 -1.535473
    9 11.585358 0.000000 0.000000 0.000000 0.000000 -2.243853
    10 10.127057 -0.000001 0.000001 -2.458754 0.000094 -0.000160
    11 2.162477 0.109716 -1.664490 1.460467 0.573977 0.710725
    12 0.928312 0.000000 0.000000 0.000000 0.000000 0.375130
    13 0.928313 0.000000 -0.000001 0.000000 0.000000 0.375131
    14 3.784085 -0.427338 -0.044205 0.036443 0.088879 0.411651
    15 1.189161 -0.000001 -0.000001 0.000000 0.000000 0.305409
    16 1.302900 -0.000001 0.000001 0.000000 0.000000 0.305321
    17 -2.869899 1.399667 -4.140396 0.250988 1.274835 -2.901810
    18 4.972047 0.000000 0.000000 0.245142 -0.042475 -1.078647
    19 11.585358 0.000000 0.000001 0.000000 0.000000 -1.530172
    20 10.127058 0.000000 0.000001 1.586161 0.636511 -0.386965
    21 2.162477 0.109715 1.664489 2.894817 -0.132148 0.873393
    22 0.928313 0.000000 0.000002 0.000000 0.000000 0.000000
    23 0.928311 0.000000 0.000001 0.000000 0.000000 0.000000
    24 3.784085 -0.427337 0.044204 -0.013864 -0.095075 0.166302
    25 1.189159 0.000000 0.000001 0.000000 0.000000 0.165814
    26 1.302900 0.000000 -0.000001 0.000000 0.000000 0.924954
    27 2.046984 0.000001 0.000000 0.081901 0.144921 -0.285356
    28 -0.000005 0.000007 3.713254 -0.021249 -2.962040 0.229768
    29 18.045723 0.000000 0.000000 0.000000 0.000000 -0.373576
    30 17.597597 0.000000 0.000000 0.163861 0.252114 0.296392
    31 0.000005 -0.000003 -3.713254 5.843640 2.932853 5.498157
    32 18.045721 0.000000 0.000000 0.000000 0.000000 -0.672359
    33 17.597597 0.000000 0.000000 -0.003928 0.291956 -0.645100
  time 73
    0 0.387696 -0.011568 0.001476 0.000000 0.000000 -1.571017
    1 -0.019536 -0.468764 9.742485 -1.570795 -1.570787 0.000000
    2 1.293670 0.684478 -0.000001 -0.000004 -0.000001 0.021574
    3 5.309685 -0.003834 0.000000 -0.000034 -0.072483 -0.209285
    4 4.826790 -0.004591 0.000000 -0.000172 -0.024544 0.181864
    5 5.792767 -0.005304 0.000000 0.000000 0.000000 0.000003
    6 6.662322 -0.001452 0.000000 0.000000 -0.000001 0.000003
    7 -2.869899 1.399632 4.140401 -0.000100 -1.283646 -3.142292
    8 4.972048 0.000000 -0.000002 -0.021049 0.098826 -1.535733
    9 11.585358 0.000000 0.000000 0.000000 0.000000 -2.234579
    10 10.127057 -0.000001 0.000001 -2.458754 0.000094 -0.000160
    11 2.162477 0.109716 -1.664490 1.460467 0.573977 0.710725
    12 0.928312 0.000000 0.000000 0.000000 0.000000 0.375130
    13 0.928313 0.000000 -0.000001 0.000000 0.000000 0.375131
    14 3.784085 -0.427338 -0.044205 0.036443 0.088879 0.411651
    15 1.189161 -0.000001 -0.000001 0.000000 0.000000 0.305409
    16 1.302900 -0.000001 0.000001 0.000000 0.000000 0.305321
    17 -2.869899 1.399667 -4.140396 0.219845 1.276860 -2.931790
    18 4.972047 0.000000 0.000000 0.273563 -0.057260 -1.063738
    19 11.585358 0.000000 0.000001 0.000000 0.000000 -1.533439
    20 10.127058 0.000000 0.000001 1.574240 0.585257 -0.368257
    21 2.162477 0.109715 1.664489 2.894817 -0.132148 0.873393
    22 0.928313 0.000000 0.000002 0.000000 0.000000 0.000000
    23 0.928311 0.000000 0.000001 0.000000 0.000000 0.000000
    24 3.784085 -0.427337 0.044204 -0.013864 -0.095075 0.166302
    25 1.189159 0.000000 0.000001 0.000000 0.000000 0.165814
    26 1.302900 0.000000 -0.000001 0.000000 0.000000 0.924954
    27 2.046984 0.000001 0.000000 0.077162 0.126393 -0.245331
    28 -0.000005 0.000007 3.713254 -0.066789 -2.990323 0.274535
    29 18.045723 0.000000 0.000000 0.000000 0.000000 -0.433972
    30 17.597597 0.000000 0.000000 0.178963 0.223542 0.345494
    31 0.000005 -0.000003 -3.713254 5.839806 2.960655 5.465465
    32 18.045721 0.000000 0.000000 0.000000 0.000000 -0.525235
    33 17.597597 0.000000 0.000000 0.041568 0.314855 -0.669580
  time 74
    0 0.387696 -0.011568 0.001476 0.000000 0.000000 -1.571017
    1 0.093749 -0.394543 9.742485 -1.570795 -1.570787 0.000000
    2 1.293670 0.684478 -0.000001 -0.000004 -0.000001 0.009487
    3 5.309685 -0.003834 0.000000 -0.000034 -0.061685 -0.209285
    4 4.826790 -0.004591 0.000000 -0.000172 -0.020877 0.184642
    5 5.792767 -0.005304 0.000000 0.000000 0.000000 0.000003
    6 6.662322 -0.001452 0.000000 0.000000 -0.000001 0.000003
    7 -2.869899 1.399632 4.140401 -0.000100 -1.283646 -3.142292
    8 4.972048 0.000000 -0.000002 -0.021049 0.111276 -1.536859
    9 11.585358 0.000000 0.000000 0.000000 0.000000 -2.224725
    10 10.127057 -0.000001 0.000001 -2.458754 0.000094 -0.000160
    11 2.162477 0.109716 -1.664490 1.460467 0.573977 0.710725
    12 0.928312 0.000000 0.000000 0.000000 0.000000 0.375130
    13 0.928313 0.000000 -0.000001 0.000000 0.000000 0.375131
    14 3.784085 -0.427338 -0.044205 0.036443 0.088879 0.411651
    15 1.189161 -0.000001 -0.000001 0.000000 0.000000 0.305409
    16 1.302900 -0.000001 0.000001 0.000000 0.000000 0.305321
    17 -2.869899 1.399667 -4.140396 0.188415 1.278647 -2.961482
    18 4.972047 0.000000 0.000000 0.305454 -0.077668 -1.049828
    19 11.585358 0.000000 0.000001 0.000000 0.000000 -1.539729
    20 10.127058 0.000000 0.000001 1.574240 0.529559 -0.328289
    21 2.162477 0.109715 1.664489 2.894817 -0.132148 0.873393
    22 0.928313 0.000000 0.000002 0.000000 0.000000 0.000000
    23 0.928311 0.000000 0.000001 0.000000 0.000000 0.000000
    24 3.784085 -0.427337 0.044204 -0.013864 -0.095075 0.166302
    25 1.189159 0.000000 0.000001 0.000000 0.000000 0.165814
    26 1.302900 0.000000 -0.000001 0.000000 0.000000 0.924954
    27 2.046984 0.000001 0.000000 0.070397 0.106920 -0.204089
    28 -0.000005 0.000007 3.713254 -0.096222 -3.011032 0.223633
    29 18.045723 0.000000 0.000000 0.000000 0.000000 -0.513612
    30 17.597597 0.000000 0.000000 0.192342 0.199548 0.314593
    31 0.000005 -0.000003 -3.713254 5.881593 2.966886 5.504197
    32 18.045721 0.000000 0.000000 0.000000 0.000000 -0.406764
    33 17.597597 0.000000 0.000000 0.038682 0.297203 -0.733366
  time 75
    0 0.387696 -0.011568 0.001476 0.000000 0.000000 -1.571017
    1 0.199221 -0.320322 9.742485 -1.570795 -1.570451 0.000000
    2 1.293670 0.684478 -0.000001 -0.000004 -0.000001 -0.002634
    3 5.309685 -0.003834 0.000000 -0.000034 -0.050659 -0.209285
    4 4.826790 -0.004591 0.000000 -0.000153 -0.017210 0.187509
    5 5.792767 -0.005304 0.000000 0.000000 0.000000 0.000003
    6 6.662322 -0.001452 0.000000 0.000000 -0.000001 0.000003
    7 -2.869899 1.399632 4.140401 -0.000100 -1.283646 -3.142292
    8 4.972048 0.000000 -0.000002 -0.021049 0.124493 -1.537986
    9 11.585358 0.000000 0.000000 0.000000 0.000000 -2.215306
    10 10.127057 -0.000001 0.000001 -2.458754 0.000094 -0.000160
    11 2.162477 0.109716 -1.664490 1.460467 0.573977 0.710725
    12 0.928312 0.000000 0.000000 0.000000 0.000000 0.375130
    13 0.928313 0.000000 -0.000001 0.000000 0.000000 0.375131
    14 3.784085 -0.427338 -0.044205 0.036443 0.088879 0.411651
    15 1.189161 -0.000001 -0.000001 0.000000 0.000000 0.305409
    16 1.302900 -0.000001 0.000001 0.000000 0.000000 0.305321
    17 -2.869899 1.399667 -4.140396 0.157367 1.280251 -2.991461
    18 4.972047 0.000000 0.000000 0.340066 -0.101773 -1.036784
    19 11.585358 0.000000 0.000001 0.000000 0.000000 -1.548142
    20 10.127058 0.000000 0.000001 1.579780 0.470078 -0.274516
    21 2.162477 0.109715 1.664489 2.894817 -0.132148 0.873393
    22 0.928313 0.000000 0.000002 0.000000 0.000000 0.000000
    23 0.928311 0.000000 0.000001 0.000000 0.000000 0.000000
    24 3.784085 -0.427337 0.044204 -0.013864 -0.095075 0.166302
    25 1.189159 0.000000 0.000001 0.000000 0.000000 0.165814
    26 1.302900 0.000000 -0.000001 0.000000 0.000000 0.924954
    27 2.046984 0.000001 0.000000 0.061867 0.087124 -0.162056
    28 -0.000005 0.000007 3.713254 -0.114438 -3.022441 0.073422
    29 18.045723 0.000000 0.000000 0.000000 0.000000 -0.621377
    30 17.597597 0.000000 0.000000 0.199817 0.182395 0.202772
    31 0.000005 -0.000003 -3.713254 5.955392 2.964202 5.591821
    32 18.045721 0.000000 0.000000 0.000000 0.000000 -0.323953
    33 17.597597 0.000000 0.000000 0.007144 0.254442 -0.798537
  time 76
    0 0.387696 -0.011568 0.001476 0.000000 0.000000 -1.571017
    1 0.324225 -0.246101 9.742485 -1.570795 -1.570787 0.000000
    2 1.293670 0.684478 -0.000001 -0.000004 -0.000001 -0.014989
    3 5.309685 -0.003834 0.000000 -0.000017 -0.039573 -0.209285
    4 4.826790 -0.004591 0.000000 -0.000114 -0.013471 0.190353
    5 5.792767 -0.005304 0.000000 0.000000 0.000000 0.000003
    6 6.662322 -0.001452 0.000000 0.000000 -0.000001 0.000003
    7 -2.869899 1.399632 4.140401 -0.000100 -1.283646 -3.142292
    8 4.972048 0.000000 -0.000002 -0.021209 0.137199 -1.539978
    9 11.585358 0.000000 0.000000 0.000000 0.000000 -2.205670
    10 10.127057 -0.000001 0.000001 -2.458754 0.000094 -0.000160
    11 2.162477 0.109716 -1.664490 1.460467 0.573977 0.710725
    12 0.928312 0.000000 0.000000 0.000000 0.000000 0.375130
    13 0.928313 0.000000 -0.000001 0.000000 0.000000 0.375131
    14 3.784085 -0.427338 -0.044205 0.036443 0.088879 0.411651
    15 1.189161 -0.000001 -0.000001 0.000000 0.000000 0.305409
    16 1.302900 -0.000001 0.000001 0.000000 0.000000 0.305321
    17 -2.869899 1.399667 -4.140396 0.126510 1.281434 -3.021057
    18 4.972047 0.000000 0.000000 0.376835 -0.128530 -1.024870
    19 11.585358 0.000000 0.000001 0.000000 0.000000 -1.557535
    20 10.127058 0.000000 0.000001 1.586582 0.408139 -0.213490
    21 2.162477 0.109715 1.664489 2.894817 -0.132148 0.873393
    22 0.928313 0.000000 0.000002 0.000000 0.000000 0.000000
    23 0.928311 0.000000 0.000001 0.000000 0.000000 0.000000
    24 3.784085 -0.427337 0.044204 -0.013864 -0.095075 0.166302
    25 1.189159 0.000000 0.000001 0.000000 0.000000 0.165814
    26 1.302900 0.000000 -0.000001 0.000000 0.000000 0.924954
    27 2.046984 0.000001 0.000000 0.051570 0.067533 -0.119780
    28 -0.000005 0.000007 3.713254 -0.128819 -3.028673 6.180805
    29 18.045723 0.000000 0.000000 0.000000 0.000000 -0.723444
    30 17.597597 0.000000 0.000000 0.197638 0.171099 0.060738
    31 0.000005 -0.000003 -3.713254 6.036666 2.966503 5.689896
    32 18.045721 0.000000 0.000000 0.000000 0.000000 -0.340877
    33 17.597597 0.000000 0.000000 -0.028454 0.203733 -0.782972
  time 77
    0 0.387696 -0.011568 0.001476 0.000000 0.000000 -1.571017
    1 0.433603 -0.183599 9.742485 -1.570795 -1.570787 0.000000
    2 1.293670 0.684478 -0.000001 -0.000004 -0.000001 -0.027059
    3 5.309685 -0.003834 0.000000 0.000000 -0.028847 -0.209285
    4 4.826790 -0.004591 0.000000 -0.000114 -0.009720 0.193131
    5 5.792767 -0.005304 0.000000 0.000000 0.000000 0.000003
    6 6.662322 -0.001452 0.000000 0.000000 -0.000001 0.000003
    7 -2.869899 1.399632 4.140401 -0.000100 -1.283646 -3.142292
    8 4.972048 0.000000 -0.000002 -0.021209 0.149734 -1.541885
    9 11.585358 0.000000 0.000000 0.000000 0.000000 -2.195672
    10 10.127057 -0.000001 0.000001 -2.458754 0.000094 -0.000160
    11 2.162477 0.109716 -1.664490 1.460467 0.573977 0.710725
    12 0.928312 0.000000 0.000000 0.000000 0.000000 0.375130
    13 0.928313 0.000000 -0.000001 0.000000 0.000000 0.375131
    14 3.784085 -0.427338 -0.044205 0.036443 0.088879 0.411651
    15 1.189161 -0.000001 -0.000001 0.000000 0.000000 0.305409
    16 1.302900 -0.000001 0.000001 0.000000 0.000000 0.305321
    17 -2.869899 1.399667 -4.140396 0.095462 1.282354 -3.050844
    18 4.972047 0.000000 0.000000 0.414917 -0.156089 -1.013755
    19 11.585358 0.000000 0.000001 0.000000 0.000000 -1.567418
    20 10.127058 0.000000 0.000001 1.591140 0.344686 -0.150913
    21 2.162477 0.109715 1.664489 2.894817 -0.132148 0.873393
    22 0.928313 0.000000 0.000002 0.000000 0.000000 0.000000
    23 0.928311 0.000000 0.000001 0.000000 0.000000 0.000000
    24 3.784085 -0.427337 0.044204 -0.013864 -0.095075 0.166302
    25 1.189159 0.000000 0.000001 0.000000 0.000000 0.165814
    26 1.302900 0.000000 -0.000001 0.000000 0.000000 0.924954
    27 2.046984 0.000001 0.000000 0.039938 0.048474 -0.077626
    28 -0.000005 0.000007 3.713254 -0.146460 -3.034330 6.052641
    29 18.045723 0.000000 0.000000 0.000000 0.000000 -0.787540
    30 17.597597 0.000000 0.000000 0.190467 0.161354 -0.059885
    31 0.000005 -0.000003 -3.713254 6.115353 2.976665 5.785190
    32 18.045721 0.000000 0.000000 0.000000 0.000000 -0.478004
    33 17.597597 0.000000 0.000000 -0.059624 0.151426 -0.660527
  time 78
    0 0.387696 -0.011568 0.001476 0.000000 0.000000 -1.571017
    1 0.539075 -0.109378 9.742485 -1.570795 -1.570787 0.000000
    2 1.293670 0.684478 -0.000001 -0.000004 -0.000001 -0.038711
    3 5.309685 -0.003834 0.000000 0.000000 -0.018420 -0.209285
    4 4.826790 -0.004591 0.000000 -0.000076 -0.006280 0.195799
    5 5.792767 -0.005304 0.000000 0.000000 0.000000 0.000003
    6 6.662322 -0.001452 0.000000 0.000000 -0.000001 0.000003
    7 -2.869899 1.399632 4.140401 -0.000100 -1.283646 -3.142292
    8 4.972048 0.000000 -0.000002 -0.021209 0.161843 -1.544138
    9 11.585358 0.000000 0.000000 0.000000 0.000000 -2.186615
    10 10.127057 -0.000001 0.000001 -2.458754 0.000094 -0.000160
    11 2.162477 0.109716 -1.664490 1.460467 0.573977 0.710725
    12 0.928312 0.000000 0.000000 0.000000 0.000000 0.375130
    13 0.928313 0.000000 -0.000001 0.000000 0.000000 0.375131
    14 3.784085 -0.427338 -0.044205 0.036443 0.088879 0.411651
    15 1.189161 -0.000001 -0.000001 0.000000 0.000000 0.305409
    16 1.302900 -0.000001 0.000001 0.000000 0.000000 0.305321
    17 -2.869899 1.399667 -4.140396 0.063841 1.283064 -3.081111
    18 4.972047 0.000000 0.000000 0.453750 -0.183167 -1.003173
    19 11.585358 0.000000 0.000001 0.000000 0.000000 -1.576975
    20 10.127058 0.000000 0.000001 1.590368 0.281896 -0.091587
    21 2.162477 0.109715 1.664489 2.894817 -0.132148 0.873393
    22 0.928313 0.000000 0.000002 0.000000 0.000000 0.000000
    23 0.928311 0.000000 0.000001 0.000000 0.000000 0.000000
    24 3.784085 -0.427337 0.044204 -0.013864 -0.095075 0.166302
    25 1.189159 0.000000 0.000001 0.000000 0.000000 0.165814
    26 1.302900 0.000000 -0.000001 0.000000 0.000000 0.924954
    27 2.046984 0.000001 0.000000 0.027013 0.030625 -0.036141
    28 -0.000005 0.000007 3.713254 -0.169086 -3.042096 6.006821
    29 18.045723 0.000000 0.000000 0.000000 0.000000 -0.781027
    30 17.597597 0.000000 0.000000 0.187021 0.150895 -0.143877
    31 0.000005 -0.000003 -3.713254 6.197394 2.994304 5.886811
    32 18.045721 0.000000 0.000000 0.000000 0.000000 -0.685348
    33 17.597597 0.000000 0.000000 -0.085391 0.090973 -0.479793
  time 79
    0 0.387696 -0.011568 0.001476 0.000000 0.000000 -1.571017
    1 0.644547 -0.046876 9.742485 -1.570795 -1.570787 0.000000
    2 1.293670 0.684478 -0.000001 -0.000004 -0.000001 -0.049860
    3 5.309685 -0.003834 0.000000 0.000000 -0.008797 -0.209285
    4 4.826790 -0.004591 0.000000 -0.000019 -0.002912 0.198312
    5 5.792767 -0.005304 0.000000 0.000000 0.000000 0.000003
    6 6.662322 -0.001452 0.000000 0.000000 -0.000001 0.000003
    7 -2.869899 1.399632 4.140401 -0.000100 -1.283646 -3.142292
    8 4.972048 0.000000 -0.000002 -0.021049 0.172246 -1.546391
    9 11.585358 0.000000 0.000000 0.000000 0.000000 -2.177776
    10 10.127057 -0.000001 0.000001 -2.458754 0.000094 -0.000160
    11 2.162477 0.109716 -1.664490 1.460467 0.573977 0.710725
    12 0.928312 0.000000 0.000000 0.000000 0.000000 0.375130
    13 0.928313 0.000000 -0.000001 0.000000 0.000000 0.375131
    14 3.784085 -0.427338 -0.044205 0.036443 0.088879 0.411651
    15 1.189161 -0.000001 -0.000001 0.000000 0.000000 0.305409
    16 1.302900 -0.000001 0.000001 0.000000 0.000000 0.305321
    17 -2.869899 1.399667 -4.140396 0.032029 1.283432 -3.111761
    18 4.972047 0.000000 0.000000 0.492207 -0.208076 -0.993123
    19 11.585358 0.000000 0.000001 0.000000 0.000000 -1.585796
    20 10.127058 0.000000 0.000001 1.583076 0.221564 -0.040465
    21 2.162477 0.109715 1.664489 2.894817 -0.132148 0.873393
    22 0.928313 0.000000 0.000002 0.000000 0.000000 0.000000
    23 0.928311 0.000000 0.000001 0.000000 0.000000 0.000000
    24 3.784085 -0.427337 0.044204 -0.013864 -0.095075 0.166302
    25 1.189159 0.000000 0.000001 0.000000 0.000000 0.165814
    26 1.302900 0.000000 -0.000001 0.000000 0.000000 0.924954
    27 2.046984 0.000001 0.000000 0.013571 0.014339 0.004006
    28 -0.000005 0.000007 3.713254 -0.191137 -3.051299 6.001836
    29 18.045723 0.000000 0.000000 0.000000 0.000000 -0.726034
    30 17.597597 0.000000 0.000000 0.187654 0.140091 -0.217645
    31 0.000005 -0.000003 -3.713254 6.278955 3.020188 5.989200
    32 18.045721 0.000000 0.000000 0.000000 0.000000 -0.920479
    33 17.597597 0.000000 0.000000 -0.101395 0.025984 -0.275965
  time 80
    0 0.387696 -0.011568 0.001476 0.000000 0.000000 -1.571017
    1 0.738300 0.000000 9.742485 -1.570795 -1.570787 0.000000
    2 1.293670 0.684478 -0.000001 -0.000004 -0.000001 -0.060206
    3 5.309685 -0.003834 0.000000 0.000000 0.000000 -0.209285
    4 4.826790 -0.004591 0.000000 0.000000 0.000000 0.200583
    5 5.792767 -0.005304 0.000000 0.000000 0.000000 0.000003
    6 6.662322 -0.001452 0.000000 0.000000 -0.000001 0.000003
    7 -2.869899 1.399632 4.140401 -0.000100 -1.283646 -3.142292
    8 4.972048 0.000000 -0.000002 -0.020332 0.181626 -1.548384
    9 11.585358 0.000000 0.000000 0.000000 0.000000 -2.169009
    10 10.127057 -0.000001 0.000001 -2.458754 0.000094 -0.000160
    11 2.162477 0.109716 -1.664490 1.460467 0.573977 0.710725
    12 0.928312 0.000000 0.000000 0.000000 0.000000 0.375130
    13 0.928313 0.000000 -0.000001 0.000000 0.000000 0.375131
    14 3.784085 -0.427338 -0.044205 0.036443 0.088879 0.411651
    15 1.189161 -0.000001 -0.000001 0.000000 0.000000 0.305409
    16 1.302900 -0.000001 0.000001 0.000000 0.000000 0.305321
    17 -2.869899 1.399667 -4.140396 0.000026 1.283590 -3.142315
    18 4.972047 0.000000 0.000000 0.529445 -0.229609 -0.983140
    19 11.585358 0.000000 0.000001 0.000000 0.000000 -1.592739
    20 10.127058 0.000000 0.000001 1.568700 0.165582 -0.000348
    21 2.162477 0.109715 1.664489 2.894817 -0.132148 0.873393
    22 0.928313 0.000000 0.000002 0.000000 0.000000 0.000000
    23 0.928311 0.000000 0.000001 0.000000 0.000000 0.000000
    24 3.784085 -0.427337 0.044204 -0.013864 -0.095075 0.166302
    25 1.189159 0.000000 0.000001 0.000000 0.000000 0.165814
    26 1.302900 0.000000 -0.000001 0.000000 0.000000 0.924954
    27 2.046984 0.000001 0.000000 0.000000 0.000000 0.042693
    28 -0.000005 0.000007 3.713254 -0.213284 -3.060216 5.996947
    29 18.045723 0.000000 0.000000 0.000000 0.000000 -0.671041
    30 17.597597 0.000000 0.000000 0.188035 0.129410 -0.291504
    31 0.000005 -0.000003 -3.713254 0.073269 3.053837 6.087179
    32 18.045721 0.000000 0.000000 0.000000 0.000000 -1.141834
    33 17.597597 0.000000 0.000000 -0.106864 -0.039162 -0.083545
end
