version 1
nodes
  0 "Bip01" -1
  1 "Bip01 Pelvis" 0
  2 "Bip01 Spine" 1
  3 "Bip01 Spine1" 2
  4 "Bip01 Spine2" 3
  5 "Bip01 Spine3" 4
  6 "Bip01 Neck" 5
  7 "Bip01 L Arm" 6
  8 "Bip01 L Arm1" 7
  9 "Bip01 L Arm2" 8
  10 "Bip01 L Hand" 9
  11 "Bip01 L Finger0" 10
  12 "Bip01 L Finger01" 11
  13 "Bip01 L Finger02" 12
  14 "Bip01 L Finger1" 10
  15 "Bip01 L Finger11" 14
  16 "Bip01 L Finger12" 15
  17 "Bip01 R Arm" 6
  18 "Bip01 R Arm1" 17
  19 "Bip01 R Arm2" 18
  20 "Bip01 R Hand" 19
  21 "Bip01 R Finger0" 20
  22 "Bip01 R Finger01" 21
  23 "Bip01 R Finger02" 22
  24 "Bip01 R Finger1" 20
  25 "Bip01 R Finger11" 24
  26 "Bip01 R Finger12" 25
  27 "Bip01 Head" 6
  28 "Bip01 L Leg" 1
  29 "Bip01 L Leg1" 28
  30 "Bip01 L Foot" 29
  31 "Bip01 R Leg" 1
  32 "Bip01 R Leg1" 31
  33 "Bip01 R Foot" 32
end
skeleton
  time 0
    0 -1.167039 2.566636 -20.585090 0.000000 0.000000 -1.571017
    1 -0.523457 -0.039064 0.000000 -1.570795 -1.570787 0.000000
    2 1.293670 0.684478 -0.000001 -0.048803 -0.015713 0.147885
    3 5.309685 -0.003834 0.000000 -0.049673 0.008845 0.076159
    4 4.826790 -0.004591 0.000000 -0.085663 -0.048010 0.206691
    5 5.792767 -0.005304 0.000000 -0.258825 -0.057071 -0.030103
    6 6.662322 -0.001452 0.000000 -0.091910 0.032655 0.231870
    7 -3.518356 0.356631 4.277124 -3.478511 -0.849542 0.020190
    8 4.827512 0.000000 -0.000002 -1.174792 -0.272115 -0.705188
    9 11.140032 0.000000 0.000000 0.000000 0.000000 -1.236969
    10 10.314563 -0.000001 0.000001 -4.113927 0.347618 0.795075
    11 1.646836 0.445664 -1.699647 -0.392035 3.352851 -0.875707
    12 0.928312 0.000000 0.000000 0.000000 0.000000 0.593404
    13 0.928313 0.000000 -0.000001 0.000000 0.000000 1.204231
    14 2.979373 -0.388274 -0.044205 -0.030851 -0.030823 0.768363
    15 1.435262 -0.000001 -0.000001 0.000000 0.000000 0.418706
    16 1.482593 -0.000001 0.000001 0.000000 0.000000 0.794048
    17 -2.975371 1.071532 -4.156022 -1.569180 0.892704 -4.936661
    18 4.972047 0.000000 0.000000 1.124972 0.711042 -1.582937
    19 11.585358 0.000000 0.000001 0.000000 0.000000 -0.719091
    20 10.127058 0.000000 0.000001 1.865675 0.354616 0.425335
    21 1.537458 0.109715 1.664489 -3.079588 0.031470 0.928526
    22 0.928313 0.000000 0.000002 0.000000 0.000000 0.061034
    23 0.928311 0.000000 0.000001 0.000000 0.000000 0.671897
    24 2.686395 -0.427337 0.044204 -0.001208 0.043611 -0.052337
    25 1.435260 0.000000 0.000001 0.000000 0.000000 1.186618
    26 1.482593 0.000000 -0.000001 0.000000 0.000000 1.684243
    27 2.046984 0.000001 0.000000 0.177674 0.573075 -1.030142
    28 -0.000005 0.000007 3.713254 -3.211451 -0.114278 1.238974
    29 18.045723 0.000000 0.000000 0.000000 0.000000 -1.756985
    30 17.597597 0.000000 0.000000 -0.219173 0.110535 -0.140439
    31 0.000005 -0.000003 -3.713254 0.827930 2.444028 5.465370
    32 18.045721 0.000000 0.000000 0.000000 0.000000 -2.608117
    33 17.597597 0.000000 0.000000 0.355744 -0.157602 0.773106
  time 1
    0 -1.217822 2.472883 -20.585090 0.000000 0.000000 -1.571017
    1 -0.523457 -0.039064 0.000000 -1.570795 -1.570787 0.000000
    2 1.293670 0.684478 -0.000001 -0.051869 -0.012573 0.139615
    3 5.309685 -0.003834 0.000000 -0.021578 0.000527 0.047455
    4 4.826790 -0.004591 0.000000 -0.050013 -0.040688 0.174147
    5 5.792767 -0.005304 0.000000 -0.196588 -0.040616 0.014516
    6 6.662322 -0.001452 0.000000 -0.091910 0.032655 0.231870
    7 -3.518356 0.356631 4.277124 -3.637532 -0.971810 0.182698
    8 4.827512 0.000000 -0.000002 -1.188823 -0.121010 -0.909337
    9 11.140032 0.000000 0.000000 0.000000 0.000000 -1.228347
    10 10.314563 -0.000001 0.000001 -3.844952 0.424429 0.775101
    11 1.646836 0.445664 -1.699647 -0.392035 3.352851 -0.875707
    12 0.928312 0.000000 0.000000 0.000000 0.000000 0.593404
    13 0.928313 0.000000 -0.000001 0.000000 0.000000 1.204231
    14 2.979373 -0.388274 -0.044205 -0.030851 -0.030823 0.768363
    15 1.435262 -0.000001 -0.000001 0.000000 0.000000 0.597700
    16 1.482593 -0.000001 0.000001 0.000000 0.000000 0.714499
    17 -2.975371 1.071532 -4.156022 -1.545488 0.992318 -4.910034
    18 4.972047 0.000000 0.000000 1.274393 0.410776 -1.452022
    19 11.585358 0.000000 0.000001 0.000000 0.000000 -0.953104
    20 10.127058 0.000000 0.000001 1.852352 0.309603 0.359807
    21 1.537458 0.109715 1.664489 -3.079588 0.031470 0.928526
    22 0.928313 0.000000 0.000002 0.000000 0.000000 0.061034
    23 0.928311 0.000000 0.000001 0.000000 0.000000 0.671897
    24 2.686395 -0.427337 0.044204 -0.001208 0.043611 -0.052337
    25 1.435260 0.000000 0.000001 0.000000 0.000000 1.186618
    26 1.482593 0.000000 -0.000001 0.000000 0.000000 1.684243
    27 2.046984 0.000001 0.000000 0.268105 0.427889 -0.709393
    28 -0.000005 0.000007 3.713254 -3.208575 -0.115332 1.238016
    29 18.045723 0.000000 0.000000 0.000000 0.000000 -1.762537
    30 17.597597 0.000000 0.000000 -0.217348 0.108320 -0.135670
    31 0.000005 -0.000003 -3.713254 0.834160 2.447767 5.479942
    32 18.045721 0.000000 0.000000 0.000000 0.000000 -2.607094
    33 17.597597 0.000000 0.000000 0.349202 -0.155965 0.783637
  time 2
    0 -1.272511 2.386943 -20.585090 0.000000 0.000000 -1.571017
    1 -0.523457 -0.039064 0.000000 -1.570795 -1.570787 0.000000
    2 1.293670 0.684478 -0.000001 -0.055339 -0.008953 0.130240
    3 5.309685 -0.003834 0.000000 0.003829 -0.006196 0.016668
    4 4.826790 -0.004591 0.000000 -0.015069 -0.029410 0.138429
    5 5.792767 -0.005304 0.000000 -0.131077 -0.027972 0.066320
    6 6.662322 -0.001452 0.000000 -0.091910 0.032655 0.231870
    7 -3.518356 0.356631 4.277124 2.397473 -1.103275 -5.833348
    8 4.827512 0.000000 -0.000002 -1.162197 0.154936 -1.134021
    9 11.140032 0.000000 0.000000 0.000000 0.000000 -1.236027
    10 10.314563 -0.000001 0.000001 -3.419691 0.519975 0.769063
    11 1.646836 0.445664 -1.699647 -0.392035 3.352851 -0.875707
    12 0.928312 0.000000 0.000000 0.000000 0.000000 0.593404
    13 0.928313 0.000000 -0.000001 0.000000 0.000000 1.204231
    14 2.979373 -0.388274 -0.044205 -0.030851 -0.030823 0.768363
    15 1.435262 -0.000001 -0.000001 0.000000 0.000000 0.798760
    16 1.482593 -0.000001 0.000001 0.000000 0.000000 0.625120
    17 -2.975371 1.071532 -4.156022 -1.508708 1.077079 -4.871052
    18 4.972047 0.000000 0.000000 1.363127 0.099020 -1.383537
    19 11.585358 0.000000 0.000001 0.000000 0.000000 -1.158774
    20 10.127058 0.000000 0.000001 1.841623 0.264685 0.297380
    21 1.537458 0.109715 1.664489 -3.079588 0.031470 0.928526
    22 0.928313 0.000000 0.000002 0.000000 0.000000 0.061034
    23 0.928311 0.000000 0.000001 0.000000 0.000000 0.671897
    24 2.686395 -0.427337 0.044204 -0.001208 0.043611 -0.052337
    25 1.435260 0.000000 0.000001 0.000000 0.000000 1.186618
    26 1.482593 0.000000 -0.000001 0.000000 0.000000 1.684243
    27 2.046984 0.000001 0.000000 0.318081 0.280460 -0.336634
    28 -0.000005 0.000007 3.713254 -3.205986 -0.116387 1.237057
    29 18.045723 0.000000 0.000000 0.000000 0.000000 -1.768310
    30 17.597597 0.000000 0.000000 -0.215600 0.106204 -0.130719
    31 0.000005 -0.000003 -3.713254 0.839527 2.451314 5.494418
    32 18.045721 0.000000 0.000000 0.000000 0.000000 -2.606464
    33 17.597597 0.000000 0.000000 0.342525 -0.153756 0.793937
  time 3
    0 -1.311575 2.332253 -20.585090 0.000000 0.000000 -1.571017
    1 -0.523457 -0.039064 0.000000 -1.570795 -1.570787 0.000000
    2 1.293670 0.684478 -0.000001 -0.058421 -0.004375 0.121317
    3 5.309685 -0.003834 0.000000 0.012082 -0.010570 -0.006807
    4 4.826790 -0.004591 0.000000 0.017777 -0.020254 0.108003
    5 5.792767 -0.005304 0.000000 -0.076574 -0.025192 0.113991
    6 6.662322 -0.001452 0.000000 -0.091910 0.032655 0.231870
    7 -3.518356 0.356631 4.277124 2.026234 -1.200853 -5.434457
    8 4.827512 0.000000 -0.000002 -1.108627 0.525194 -1.251086
    9 11.140032 0.000000 0.000000 0.000000 0.000000 -1.257545
    10 10.314563 -0.000001 0.000001 -2.895767 0.598004 0.809533
    11 1.646836 0.445664 -1.699647 -0.392035 3.352851 -0.875707
    12 0.928312 0.000000 0.000000 0.000000 0.000000 0.593404
    13 0.928313 0.000000 -0.000001 0.000000 0.000000 1.204231
    14 2.979373 -0.388274 -0.044205 -0.030851 -0.030823 0.768363
    15 1.435262 -0.000001 -0.000001 0.000000 0.000000 0.988870
    16 1.482593 -0.000001 0.000001 0.000000 0.000000 0.540656
    17 -2.975371 1.071532 -4.156022 -1.458076 1.158711 -4.819522
    18 4.972047 0.000000 0.000000 1.441073 -0.185899 -1.427131
    19 11.585358 0.000000 0.000001 0.000000 0.000000 -1.315354
    20 10.127058 0.000000 0.000001 1.835662 0.217970 0.241506
    21 1.537458 0.109715 1.664489 -3.079588 0.031470 0.928526
    22 0.928313 0.000000 0.000002 0.000000 0.000000 0.061034
    23 0.928311 0.000000 0.000001 0.000000 0.000000 0.671897
    24 2.686395 -0.427337 0.044204 -0.001208 0.043611 -0.052337
    25 1.435260 0.000000 0.000001 0.000000 0.000000 1.186618
    26 1.482593 0.000000 -0.000001 0.000000 0.000000 1.684243
    27 2.046984 0.000001 0.000000 0.336133 0.173805 0.005953
    28 -0.000005 0.000007 3.713254 -3.203973 -0.117154 1.236482
    29 18.045723 0.000000 0.000000 0.000000 0.000000 -1.771418
    30 17.597597 0.000000 0.000000 -0.214308 0.104653 -0.128106
    31 0.000005 -0.000003 -3.713254 0.843744 2.453902 5.503334
    32 18.045721 0.000000 0.000000 0.000000 0.000000 -2.605677
    33 17.597597 0.000000 0.000000 0.338834 -0.153086 0.800357
  time 4
    0 -1.342826 2.324441 -20.585090 0.000000 0.000000 -1.571017
    1 -0.523457 -0.039064 0.000000 -1.570795 -1.570787 0.000000
    2 1.293670 0.684478 -0.000001 -0.060460 0.000838 0.114470
    3 5.309685 -0.003834 0.000000 0.007368 -0.013579 -0.020232
    4 4.826790 -0.004591 0.000000 0.051386 -0.018025 0.088203
    5 5.792767 -0.005304 0.000000 -0.036659 -0.032862 0.147274
    6 6.662322 -0.001452 0.000000 -0.091910 0.032655 0.231870
    7 -3.518356 0.356631 4.277124 1.606302 -1.242190 -4.988231
    8 4.827512 0.000000 -0.000002 -0.964499 0.899801 -1.177347
    9 11.140032 0.000000 0.000000 0.000000 0.000000 -1.290077
    10 10.314563 -0.000001 0.000001 -2.362271 0.627979 0.872474
    11 1.646836 0.445664 -1.699647 -0.392035 3.352851 -0.875707
    12 0.928312 0.000000 0.000000 0.000000 0.000000 0.593404
    13 0.928313 0.000000 -0.000001 0.000000 0.000000 1.204231
    14 2.979373 -0.388274 -0.044205 -0.030851 -0.030823 0.768363
    15 1.435262 -0.000001 -0.000001 0.000000 0.000000 1.134890
    16 1.482593 -0.000001 0.000001 0.000000 0.000000 0.475692
    17 -2.975371 1.071532 -4.156022 -1.418908 1.186973 -4.779390
    18 4.972047 0.000000 0.000000 1.473246 -0.410637 -1.460342
    19 11.585358 0.000000 0.000001 0.000000 0.000000 -1.441958
    20 10.127058 0.000000 0.000001 1.778721 0.210783 0.182431
    21 1.537458 0.109715 1.664489 -3.079588 0.031470 0.928526
    22 0.928313 0.000000 0.000002 0.000000 0.000000 0.061034
    23 0.928311 0.000000 0.000001 0.000000 0.000000 0.671897
    24 2.686395 -0.427337 0.044204 -0.001208 0.043611 -0.052337
    25 1.435260 0.000000 0.000001 0.000000 0.000000 1.186618
    26 1.482593 0.000000 -0.000001 0.000000 0.000000 1.684243
    27 2.046984 0.000001 0.000000 0.331825 0.126393 0.234000
    28 -0.000005 0.000007 3.713254 -3.202343 -0.117633 1.236290
    29 18.045723 0.000000 0.000000 0.000000 0.000000 -1.772084
    30 17.597597 0.000000 0.000000 -0.213294 0.103349 -0.127601
    31 0.000005 -0.000003 -3.713254 0.847578 2.456011 5.507456
    32 18.045721 0.000000 0.000000 0.000000 0.000000 -2.605126
    33 17.597597 0.000000 0.000000 0.338163 -0.154525 0.803591
  time 5
    0 -1.377983 2.316628 -20.585090 0.000000 0.000000 -1.571017
    1 -0.523457 -0.039064 0.000000 -1.570795 -1.570787 0.000000
    2 1.293670 0.684478 -0.000001 -0.060999 0.005248 0.111506
    3 5.309685 -0.003834 0.000000 0.007488 -0.015496 -0.025813
    4 4.826790 -0.004591 0.000000 0.088581 -0.024389 0.082449
    5 5.792767 -0.005304 0.000000 -0.007483 -0.047207 0.158195
    6 6.662322 -0.001452 0.000000 -0.091910 0.032655 0.231870
    7 -3.518356 0.356631 4.277124 1.306186 -1.261263 -4.673276
    8 4.827512 0.000000 -0.000002 -0.530440 1.154258 -0.796431
    9 11.140032 0.000000 0.000000 0.000000 0.000000 -1.331231
    10 10.314563 -0.000001 0.000001 -1.931892 0.625356 0.905337
    11 1.646836 0.445664 -1.699647 -0.392035 3.352851 -0.875707
    12 0.928312 0.000000 0.000000 0.000000 0.000000 0.593404
    13 0.928313 0.000000 -0.000001 0.000000 0.000000 1.204231
    14 2.979373 -0.388274 -0.044205 -0.030851 -0.030823 0.768363
    15 1.435262 -0.000001 -0.000001 0.000000 0.000000 1.204014
    16 1.482593 -0.000001 0.000001 0.000000 0.000000 0.445026
    17 -2.975371 1.071532 -4.156022 -1.452822 1.060805 -4.806400
    18 4.972047 0.000000 0.000000 1.286493 -0.552212 -1.229262
    19 11.585358 0.000000 0.000001 0.000000 0.000000 -1.548060
    20 10.127058 0.000000 0.000001 1.527888 0.316506 0.083338
    21 1.537458 0.109715 1.664489 -3.079588 0.031470 0.928526
    22 0.928313 0.000000 0.000002 0.000000 0.000000 0.061034
    23 0.928311 0.000000 0.000001 0.000000 0.000000 0.671897
    24 2.686395 -0.427337 0.044204 -0.001208 0.043611 -0.052337
    25 1.435260 0.000000 0.000001 0.000000 0.000000 1.186618
    26 1.482593 0.000000 -0.000001 0.000000 0.000000 1.684243
    27 2.046984 0.000001 0.000000 0.308172 0.147901 0.328771
    28 -0.000005 0.000007 3.713254 -3.200617 -0.118305 1.236098
    29 18.045723 0.000000 0.000000 0.000000 0.000000 -1.772084
    30 17.597597 0.000000 0.000000 -0.212204 0.101872 -0.127601
    31 0.000005 -0.000003 -3.713254 0.852083 2.458504 5.511099
    32 18.045721 0.000000 0.000000 0.000000 0.000000 -2.604260
    33 17.597597 0.000000 0.000000 0.338130 -0.156754 0.806454
  time 6
    0 -1.420953 2.324441 -20.585090 0.000000 0.000000 -1.571017
    1 -0.523457 -0.039064 0.000000 -1.570795 -1.570787 0.000000
    2 1.293670 0.684478 -0.000001 -0.060527 0.009023 0.110987
    3 5.309685 -0.003834 0.000000 0.010176 -0.016766 -0.026184
    4 4.826790 -0.004591 0.000000 0.127054 -0.036325 0.085293
    5 5.792767 -0.005304 0.000000 0.014246 -0.063830 0.154375
    6 6.662322 -0.001452 0.000000 -0.091910 0.032655 0.231870
    7 -3.518356 0.356631 4.277124 1.101348 -1.281251 -4.463051
    8 4.827512 0.000000 -0.000002 0.174098 1.191693 -0.152965
    9 11.140032 0.000000 0.000000 0.000000 0.000000 -1.371732
    10 10.314563 -0.000001 0.000001 -1.615813 0.620204 0.911782
    11 1.646836 0.445664 -1.699647 -0.392035 3.352851 -0.875707
    12 0.928312 0.000000 0.000000 0.000000 0.000000 0.593404
    13 0.928313 0.000000 -0.000001 0.000000 0.000000 1.204231
    14 2.979373 -0.388274 -0.044205 -0.030851 -0.030823 0.768363
    15 1.435262 -0.000001 -0.000001 0.000000 0.000000 1.223112
    16 1.482593 -0.000001 0.000001 0.000000 0.000000 0.436531
    17 -2.975371 1.071532 -4.156022 -1.480049 0.936793 -4.826993
    18 4.972047 0.000000 0.000000 1.108651 -0.620831 -0.963839
    19 11.585358 0.000000 0.000001 0.000000 0.000000 -1.620592
    20 10.127058 0.000000 0.000001 1.319690 0.386673 -0.032662
    21 1.537458 0.109715 1.664489 -3.079588 0.031470 0.928526
    22 0.928313 0.000000 0.000002 0.000000 0.000000 0.061034
    23 0.928311 0.000000 0.000001 0.000000 0.000000 0.671897
    24 2.686395 -0.427337 0.044204 -0.001208 0.043611 -0.052337
    25 1.435260 0.000000 0.000001 0.000000 0.000000 1.186618
    26 1.482593 0.000000 -0.000001 0.000000 0.000000 1.684243
    27 2.046984 0.000001 0.000000 0.282409 0.200948 0.357239
    28 -0.000005 0.000007 3.713254 -3.198891 -0.118880 1.236003
    29 18.045723 0.000000 0.000000 0.000000 0.000000 -1.771862
    30 17.597597 0.000000 0.000000 -0.211115 0.100396 -0.127922
    31 0.000005 -0.000003 -3.713254 0.856587 2.460805 5.514263
    32 18.045721 0.000000 0.000000 0.000000 0.000000 -2.603394
    33 17.597597 0.000000 0.000000 0.338398 -0.159259 0.808902
  time 7
    0 -1.452204 2.324441 -20.585090 0.000000 0.000000 -1.571017
    1 -0.523457 -0.039064 0.000000 -1.570795 -1.570787 0.000000
    2 1.293670 0.684478 -0.000001 -0.060038 0.012763 0.110435
    3 5.309685 -0.003834 0.000000 0.010346 -0.017977 -0.025637
    4 4.826790 -0.004591 0.000000 0.164116 -0.047890 0.088181
    5 5.792767 -0.005304 0.000000 0.033979 -0.079398 0.150077
    6 6.662322 -0.001452 0.000000 -0.091910 0.032655 0.231870
    7 -3.518356 0.356631 4.277124 0.936289 -1.283706 -4.294890
    8 4.827512 0.000000 -0.000002 0.603055 1.091326 0.239734
    9 11.140032 0.000000 0.000000 0.000000 0.000000 -1.399844
    10 10.314563 -0.000001 0.000001 -1.388350 0.613366 0.914860
    11 1.646836 0.445664 -1.699647 -0.392035 3.352851 -0.875707
    12 0.928312 0.000000 0.000000 0.000000 0.000000 0.593404
    13 0.928313 0.000000 -0.000001 0.000000 0.000000 1.204231
    14 2.979373 -0.388274 -0.044205 -0.030851 -0.030823 0.768363
    15 1.435262 -0.000001 -0.000001 0.000000 0.000000 1.241041
    16 1.482593 -0.000001 0.000001 0.000000 0.000000 0.428571
    17 -2.975371 1.071532 -4.156022 -1.473075 0.936688 -4.818373
    18 4.972047 0.000000 0.000000 1.175624 -0.680530 -0.896152
    19 11.585358 0.000000 0.000001 0.000000 0.000000 -1.644279
    20 10.127058 0.000000 0.000001 1.420809 0.335797 -0.081133
    21 1.537458 0.109715 1.664489 -3.079588 0.031470 0.928526
    22 0.928313 0.000000 0.000002 0.000000 0.000000 0.061034
    23 0.928311 0.000000 0.000001 0.000000 0.000000 0.671897
    24 2.686395 -0.427337 0.044204 -0.001208 0.043611 -0.052337
    25 1.435260 0.000000 0.000001 0.000000 0.000000 1.186618
    26 1.482593 0.000000 -0.000001 0.000000 0.000000 1.684243
    27 2.046984 0.000001 0.000000 0.249838 0.253789 0.358638
    28 -0.000005 0.000007 3.713254 -3.197357 -0.119359 1.235907
    29 18.045723 0.000000 0.000000 0.000000 0.000000 -1.771418
    30 17.597597 0.000000 0.000000 -0.210177 0.099116 -0.128335
    31 0.000005 -0.000003 -3.713254 0.860421 2.462818 5.516564
    32 18.045721 0.000000 0.000000 0.000000 0.000000 -2.602843
    33 17.597597 0.000000 0.000000 0.338901 -0.161665 0.810888
  time 8
    0 -1.479549 2.332253 -20.585090 0.000000 0.000000 -1.571017
    1 -0.523457 -0.039064 0.000000 -1.570795 -1.570787 0.000000
    2 1.293670 0.684478 -0.000001 -0.059668 0.015962 0.109983
    3 5.309685 -0.003834 0.000000 0.009359 -0.018972 -0.024665
    4 4.826790 -0.004591 0.000000 0.198049 -0.057274 0.091070
    5 5.792767 -0.005304 0.000000 0.051373 -0.091550 0.145779
    6 6.662322 -0.001452 0.000000 -0.091910 0.032655 0.231870
    7 -3.518356 0.356631 4.277124 0.861619 -1.274717 -4.218331
    8 4.827512 0.000000 -0.000002 0.729406 1.015432 0.342328
    9 11.140032 0.000000 0.000000 0.000000 0.000000 -1.409480
    10 10.314563 -0.000001 0.000001 -1.290162 0.606902 0.917182
    11 1.646836 0.445664 -1.699647 -0.392035 3.352851 -0.875707
    12 0.928312 0.000000 0.000000 0.000000 0.000000 0.593404
    13 0.928313 0.000000 -0.000001 0.000000 0.000000 1.204231
    14 2.979373 -0.388274 -0.044205 -0.030851 -0.030823 0.768363
    15 1.435262 -0.000001 -0.000001 0.000000 0.000000 1.257799
    16 1.482593 -0.000001 0.000001 0.000000 0.000000 0.421092
    17 -2.975371 1.071532 -4.156022 -1.455879 0.975545 -4.801611
    18 4.972047 0.000000 0.000000 1.322325 -0.731472 -0.904937
    19 11.585358 0.000000 0.000001 0.000000 0.000000 -1.644442
    20 10.127058 0.000000 0.000001 1.625851 0.259389 -0.115048
    21 1.537458 0.109715 1.664489 -3.079588 0.031470 0.928526
    22 0.928313 0.000000 0.000002 0.000000 0.000000 0.061034
    23 0.928311 0.000000 0.000001 0.000000 0.000000 0.671897
    24 2.686395 -0.427337 0.044204 -0.001208 0.043611 -0.052337
    25 1.435260 0.000000 0.000001 0.000000 0.000000 1.186618
    26 1.482593 0.000000 -0.000001 0.000000 0.000000 1.684243
    27 2.046984 0.000001 0.000000 0.202619 0.298988 0.330961
    28 -0.000005 0.000007 3.713254 -3.196399 -0.119647 1.235907
    29 18.045723 0.000000 0.000000 0.000000 0.000000 -1.770900
    30 17.597597 0.000000 0.000000 -0.209468 0.098255 -0.128885
    31 0.000005 -0.000003 -3.713254 0.863296 2.464352 5.517906
    32 18.045721 0.000000 0.000000 0.000000 0.000000 -2.602292
    33 17.597597 0.000000 0.000000 0.339472 -0.163598 0.811997
  time 9
    0 -1.491268 2.343973 -20.585090 0.000000 0.000000 -1.571017
    1 -0.523457 -0.039064 0.000000 -1.570795 -1.570787 0.000000
    2 1.293670 0.684478 -0.000001 -0.059398 0.018276 0.109631
    3 5.309685 -0.003834 0.000000 0.008560 -0.019679 -0.023870
    4 4.826790 -0.004591 0.000000 0.227233 -0.062667 0.094222
    5 5.792767 -0.005304 0.000000 0.066159 -0.098010 0.142208
    6 6.662322 -0.001452 0.000000 -0.091910 0.032655 0.231870
    7 -3.518356 0.356631 4.277124 0.844366 -1.262386 -4.198880
    8 4.827512 0.000000 -0.000002 0.754756 0.990021 0.347961
    9 11.140032 0.000000 0.000000 0.000000 0.000000 -1.407741
    10 10.314563 -0.000001 0.000001 -1.270922 0.601469 0.920260
    11 1.646836 0.445664 -1.699647 -0.392035 3.352851 -0.875707
    12 0.928312 0.000000 0.000000 0.000000 0.000000 0.593404
    13 0.928313 0.000000 -0.000001 0.000000 0.000000 1.204231
    14 2.979373 -0.388274 -0.044205 -0.030851 -0.030823 0.768363
    15 1.435262 -0.000001 -0.000001 0.000000 0.000000 1.273388
    16 1.482593 -0.000001 0.000001 0.000000 0.000000 0.414147
    17 -2.975371 1.071532 -4.156022 -1.449192 1.014245 -4.797588
    18 4.972047 0.000000 0.000000 1.409745 -0.755979 -0.918382
    19 11.585358 0.000000 0.000001 0.000000 0.000000 -1.648036
    20 10.127058 0.000000 0.000001 1.758105 0.235276 -0.134356
    21 1.537458 0.109715 1.664489 -3.079588 0.031470 0.928526
    22 0.928313 0.000000 0.000002 0.000000 0.000000 0.061034
    23 0.928311 0.000000 0.000001 0.000000 0.000000 0.671897
    24 2.686395 -0.427337 0.044204 -0.001208 0.043611 -0.052337
    25 1.435260 0.000000 0.000001 0.000000 0.000000 1.186618
    26 1.482593 0.000000 -0.000001 0.000000 0.000000 1.684243
    27 2.046984 0.000001 0.000000 0.069536 0.324007 0.165567
    28 -0.000005 0.000007 3.713254 -3.195919 -0.119839 1.235907
    29 18.045723 0.000000 0.000000 0.000000 0.000000 -1.770382
    30 17.597597 0.000000 0.000000 -0.209164 0.097836 -0.129389
    31 0.000005 -0.000003 -3.713254 0.864638 2.464927 5.518002
    32 18.045721 0.000000 0.000000 0.000000 0.000000 -2.601977
    33 17.597597 0.000000 0.000000 0.340109 -0.164801 0.812228
  time 10
    0 -1.483455 2.347879 -20.585090 0.000000 0.000000 -1.571017
    1 -0.523457 -0.039064 0.000000 -1.570795 -1.570787 0.000000
    2 1.293670 0.684478 -0.000001 -0.059365 0.019186 0.109380
    3 5.309685 -0.003834 0.000000 0.009308 -0.019954 -0.023747
    4 4.826790 -0.004591 0.000000 0.249969 -0.062272 0.097904
    5 5.792767 -0.005304 0.000000 0.078031 -0.096344 0.140007
    6 6.662322 -0.001452 0.000000 -0.091910 0.032655 0.231870
    7 -3.518356 0.356631 4.277124 0.829509 -1.250884 -4.182303
    8 4.827512 0.000000 -0.000002 0.777476 0.978850 0.355932
    9 11.140032 0.000000 0.000000 0.000000 0.000000 -1.406075
    10 10.314563 -0.000001 0.000001 -1.253104 0.596317 0.923105
    11 1.646836 0.445664 -1.699647 -0.392035 3.352851 -0.875707
    12 0.928312 0.000000 0.000000 0.000000 0.000000 0.593404
    13 0.928313 0.000000 -0.000001 0.000000 0.000000 1.204231
    14 2.979373 -0.388274 -0.044205 -0.030851 -0.030823 0.768363
    15 1.435262 -0.000001 -0.000001 0.000000 0.000000 1.287931
    16 1.482593 -0.000001 0.000001 0.000000 0.000000 0.407736
    17 -2.975371 1.071532 -4.156022 -1.463426 1.042402 -4.816744
    18 4.972047 0.000000 0.000000 1.397082 -0.754854 -0.902142
    19 11.585358 0.000000 0.000001 0.000000 0.000000 -1.667639
    20 10.127058 0.000000 0.000001 1.786716 0.272156 -0.123451
    21 1.537458 0.109715 1.664489 -3.079588 0.031470 0.928526
    22 0.928313 0.000000 0.000002 0.000000 0.000000 0.061034
    23 0.928311 0.000000 0.000001 0.000000 0.000000 0.671897
    24 2.686395 -0.427337 0.044204 -0.001208 0.043611 -0.052337
    25 1.435260 0.000000 0.000001 0.000000 0.000000 1.186618
    26 1.482593 0.000000 -0.000001 0.000000 0.000000 1.684243
    27 2.046984 0.000001 0.000000 -0.124725 0.285033 -0.095874
    28 -0.000005 0.000007 3.713254 -3.196111 -0.119743 1.236003
    29 18.045723 0.000000 0.000000 0.000000 0.000000 -1.769790
    30 17.597597 0.000000 0.000000 -0.209392 0.098058 -0.129894
    31 0.000005 -0.000003 -3.713254 0.864063 2.464543 5.516660
    32 18.045721 0.000000 0.000000 0.000000 0.000000 -2.602056
    33 17.597597 0.000000 0.000000 0.340780 -0.164979 0.811119
  time 11
    0 -1.397515 2.379130 -20.585090 0.000000 0.000000 -1.571017
    1 -0.523457 -0.039064 0.000000 -1.570795 -1.570787 0.000000
    2 1.293670 0.684478 -0.000001 -0.060106 0.015567 0.109380
    3 5.309685 -0.003834 0.000000 0.012542 -0.019151 -0.024329
    4 4.826790 -0.004591 0.000000 0.251343 -0.039094 0.104673
    5 5.792767 -0.005304 0.000000 0.077545 -0.060774 0.143142
    6 6.662322 -0.001452 0.000000 -0.091910 0.032655 0.231870
    7 -3.518356 0.356631 4.277124 0.970221 -1.265846 -4.326989
    8 4.827512 0.000000 -0.000002 0.869309 1.009975 0.478023
    9 11.140032 0.000000 0.000000 0.000000 0.000000 -1.534390
    10 10.314563 -0.000001 0.000001 -1.183349 0.574211 0.914453
    11 1.646836 0.445664 -1.699647 -0.392035 3.352851 -0.875707
    12 0.928312 0.000000 0.000000 0.000000 0.000000 0.593404
    13 0.928313 0.000000 -0.000001 0.000000 0.000000 1.204231
    14 2.979373 -0.388274 -0.044205 -0.030851 -0.030823 0.768363
    15 1.435262 -0.000001 -0.000001 0.000000 0.000000 1.301263
    16 1.482593 -0.000001 0.000001 0.000000 0.000000 0.401806
    17 -2.975371 1.071532 -4.156022 -1.489888 1.073661 -4.849597
    18 4.972047 0.000000 0.000000 1.294185 -0.726892 -0.866069
    19 11.585358 0.000000 0.000001 0.000000 0.000000 -1.694430
    20 10.127058 0.000000 0.000001 1.799268 0.326908 -0.092388
    21 1.537458 0.109715 1.664489 -3.079588 0.031470 0.928526
    22 0.928313 0.000000 0.000002 0.000000 0.000000 0.061034
    23 0.928311 0.000000 0.000001 0.000000 0.000000 0.671897
    24 2.686395 -0.427337 0.044204 -0.001208 0.043611 -0.052337
    25 1.435260 0.000000 0.000001 0.000000 0.000000 1.186618
    26 1.482593 0.000000 -0.000001 0.000000 0.000000 1.684243
    27 2.046984 0.000001 0.000000 -0.215544 0.180296 -0.237544
    28 -0.000005 0.000007 3.713254 -3.199850 -0.118400 1.236578
    29 18.045723 0.000000 0.000000 0.000000 0.000000 -1.768014
    30 17.597597 0.000000 0.000000 -0.211774 0.101159 -0.131223
    31 0.000005 -0.000003 -3.713254 0.855245 2.459367 5.506402
    32 18.045721 0.000000 0.000000 0.000000 0.000000 -2.603709
    33 17.597597 0.000000 0.000000 0.342894 -0.161961 0.803452
  time 12
    0 -1.260792 2.429913 -20.585090 0.000000 0.000000 -1.571017
    1 -0.523457 -0.039064 0.000000 -1.570795 -1.570787 0.000000
    2 1.293670 0.684478 -0.000001 -0.061504 0.007669 0.109698
    3 5.309685 -0.003834 0.000000 0.014056 -0.016970 -0.024859
    4 4.826790 -0.004591 0.000000 0.230132 0.003224 0.113515
    5 5.792767 -0.005304 0.000000 0.063784 0.001606 0.150077
    6 6.662322 -0.001452 0.000000 -0.091910 0.032655 0.231870
    7 -3.518356 0.356631 4.277124 1.281743 -1.282611 -4.649130
    8 4.827512 0.000000 -0.000002 1.069319 1.057813 0.746986
    9 11.140032 0.000000 0.000000 0.000000 0.000000 -1.773993
    10 10.314563 -0.000001 0.000001 -1.070755 0.538896 0.892680
    11 1.646836 0.445664 -1.699647 -0.392035 3.352851 -0.875707
    12 0.928312 0.000000 0.000000 0.000000 0.000000 0.593404
    13 0.928313 0.000000 -0.000001 0.000000 0.000000 1.204231
    14 2.979373 -0.388274 -0.044205 -0.030851 -0.030823 0.768363
    15 1.435262 -0.000001 -0.000001 0.000000 0.000000 1.313466
    16 1.482593 -0.000001 0.000001 0.000000 0.000000 0.396356
    17 -2.975371 1.071532 -4.156022 -1.526190 1.105236 -4.891932
    18 4.972047 0.000000 0.000000 1.129100 -0.672174 -0.838315
    19 11.585358 0.000000 0.000001 0.000000 0.000000 -1.723835
    20 10.127058 0.000000 0.000001 1.800249 0.392536 -0.052070
    21 1.537458 0.109715 1.664489 -3.079588 0.031470 0.928526
    22 0.928313 0.000000 0.000002 0.000000 0.000000 0.061034
    23 0.928311 0.000000 0.000001 0.000000 0.000000 0.671897
    24 2.686395 -0.427337 0.044204 -0.001208 0.043611 -0.052337
    25 1.435260 0.000000 0.000001 0.000000 0.000000 1.186618
    26 1.482593 0.000000 -0.000001 0.000000 0.000000 1.684243
    27 2.046984 0.000001 0.000000 -0.193615 0.065498 -0.254151
    28 -0.000005 0.000007 3.713254 -3.206657 -0.116099 1.237536
    29 18.045723 0.000000 0.000000 0.000000 0.000000 -1.765275
    30 17.597597 0.000000 0.000000 -0.215980 0.106646 -0.133424
    31 0.000005 -0.000003 -3.713254 0.838856 2.450451 5.488474
    32 18.045721 0.000000 0.000000 0.000000 0.000000 -2.606542
    33 17.597597 0.000000 0.000000 0.346081 -0.156024 0.789780
  time 13
    0 -1.155320 2.465070 -20.585090 0.000000 0.000000 -1.571017
    1 -0.523457 -0.039064 0.000000 -1.570795 -1.570787 0.000000
    2 1.293670 0.684478 -0.000001 -0.062750 0.000490 0.110016
    3 5.309685 -0.003834 0.000000 0.007505 -0.013938 -0.024700
    4 4.826790 -0.004591 0.000000 0.205221 0.035402 0.120283
    5 5.792767 -0.005304 0.000000 0.048279 0.043336 0.154188
    6 6.662322 -0.001452 0.000000 -0.091910 0.032655 0.231870
    7 -3.518356 0.356631 4.277124 1.443160 -1.277053 -4.816908
    8 4.827512 0.000000 -0.000002 1.225963 1.082543 0.966471
    9 11.140032 0.000000 0.000000 0.000000 0.000000 -1.902525
    10 10.314563 -0.000001 0.000001 -1.005454 0.518851 0.879557
    11 1.646836 0.445664 -1.699647 -0.392035 3.352851 -0.875707
    12 0.928312 0.000000 0.000000 0.000000 0.000000 0.593404
    13 0.928313 0.000000 -0.000001 0.000000 0.000000 1.204231
    14 2.979373 -0.388274 -0.044205 -0.030851 -0.030823 0.768363
    15 1.435262 -0.000001 -0.000001 0.000000 0.000000 1.324541
    16 1.482593 -0.000001 0.000001 0.000000 0.000000 0.391441
    17 -2.975371 1.071532 -4.156022 -1.566983 1.134734 -4.938098
    18 4.972047 0.000000 0.000000 1.000971 -0.620268 -0.859746
    19 11.585358 0.000000 0.000001 0.000000 0.000000 -1.750789
    20 10.127058 0.000000 0.000001 1.792396 0.462419 -0.013804
    21 1.537458 0.109715 1.664489 -3.079588 0.031470 0.928526
    22 0.928313 0.000000 0.000002 0.000000 0.000000 0.061034
    23 0.928311 0.000000 0.000001 0.000000 0.000000 0.671897
    24 2.686395 -0.427337 0.044204 -0.001208 0.043611 -0.052337
    25 1.435260 0.000000 0.000001 0.000000 0.000000 1.186618
    26 1.482593 0.000000 -0.000001 0.000000 0.000000 1.684243
    27 2.046984 0.000001 0.000000 -0.150015 -0.020151 -0.259564
    28 -0.000005 0.000007 3.713254 -3.211451 -0.114470 1.238207
    29 18.045723 0.000000 0.000000 0.000000 0.000000 -1.763129
    30 17.597597 0.000000 0.000000 -0.219147 0.110707 -0.134983
    31 0.000005 -0.000003 -3.713254 0.826493 2.443932 5.474956
    32 18.045721 0.000000 0.000000 0.000000 0.000000 -2.608432
    33 17.597597 0.000000 0.000000 0.348363 -0.151527 0.779665
  time 14
    0 -1.131882 2.492415 -20.585090 0.000000 0.000000 -1.571017
    1 -0.523457 -0.039064 0.000000 -1.570795 -1.570787 0.000000
    2 1.293670 0.684478 -0.000001 -0.063778 -0.005023 0.110284
    3 5.309685 -0.003834 0.000000 -0.017391 -0.008917 -0.022934
    4 4.826790 -0.004591 0.000000 0.175217 0.044559 0.125112
    5 5.792767 -0.005304 0.000000 0.030040 0.038147 0.153233
    6 6.662322 -0.001452 0.000000 -0.091910 0.032655 0.231870
    7 -3.518356 0.356631 4.277124 1.352195 -1.285007 -4.722527
    8 4.827512 0.000000 -0.000002 1.215122 1.092605 1.016902
    9 11.140032 0.000000 0.000000 0.000000 0.000000 -1.884050
    10 10.314563 -0.000001 0.000001 -1.013226 0.496276 0.828868
    11 1.646836 0.445664 -1.699647 -0.392035 3.352851 -0.875707
    12 0.928312 0.000000 0.000000 0.000000 0.000000 0.593404
    13 0.928313 0.000000 -0.000001 0.000000 0.000000 1.204231
    14 2.979373 -0.388274 -0.044205 -0.030851 -0.030823 0.768363
    15 1.435262 -0.000001 -0.000001 0.000000 0.000000 1.334445
    16 1.482593 -0.000001 0.000001 0.000000 0.000000 0.387060
    17 -2.975371 1.071532 -4.156022 -1.605482 1.160130 -4.980337
    18 4.972047 0.000000 0.000000 0.944879 -0.592869 -0.951260
    19 11.585358 0.000000 0.000001 0.000000 0.000000 -1.770801
    20 10.127058 0.000000 0.000001 1.776548 0.529181 0.010357
    21 1.537458 0.109715 1.664489 -3.079588 0.031470 0.928526
    22 0.928313 0.000000 0.000002 0.000000 0.000000 0.061034
    23 0.928311 0.000000 0.000001 0.000000 0.000000 0.671897
    24 2.686395 -0.427337 0.044204 -0.001208 0.043611 -0.052337
    25 1.435260 0.000000 0.000001 0.000000 0.000000 1.186618
    26 1.482593 0.000000 -0.000001 0.000000 0.000000 1.684243
    27 2.046984 0.000001 0.000000 -0.076343 -0.044049 -0.252691
    28 -0.000005 0.000007 3.713254 -3.212409 -0.114086 1.238495
    29 18.045723 0.000000 0.000000 0.000000 0.000000 -1.761870
    30 17.597597 0.000000 0.000000 -0.219730 0.111470 -0.136037
    31 0.000005 -0.000003 -3.713254 0.824193 2.442782 5.471026
    32 18.045721 0.000000 0.000000 0.000000 0.000000 -2.608747
    33 17.597597 0.000000 0.000000 0.349806 -0.151527 0.776848
  time 15
    0 -1.155320 2.504134 -20.585090 0.000000 0.000000 -1.571017
    1 -0.523457 -0.039064 0.000000 -1.570795 -1.570787 0.000000
    2 1.293670 0.684478 -0.000001 -0.064654 -0.009864 0.110468
    3 5.309685 -0.003834 0.000000 -0.050422 -0.002936 -0.020708
    4 4.826790 -0.004591 0.000000 0.141112 0.043492 0.128772
    5 5.792767 -0.005304 0.000000 0.009605 0.012116 0.150949
    6 6.662322 -0.001452 0.000000 -0.091910 0.032655 0.231870
    7 -3.518356 0.356631 4.277124 1.139785 -1.304108 -4.504732
    8 4.827512 0.000000 -0.000002 1.120179 1.089791 0.966125
    9 11.140032 0.000000 0.000000 0.000000 0.000000 -1.839346
    10 10.314563 -0.000001 0.000001 -1.045355 0.442695 0.705367
    11 1.646836 0.445664 -1.699647 -0.392035 3.352851 -0.875707
    12 0.928312 0.000000 0.000000 0.000000 0.000000 0.593404
    13 0.928313 0.000000 -0.000001 0.000000 0.000000 1.204231
    14 2.979373 -0.388274 -0.044205 -0.030851 -0.030823 0.768363
    15 1.435262 -0.000001 -0.000001 0.000000 0.000000 1.343347
    16 1.482593 -0.000001 0.000001 0.000000 0.000000 0.383107
    17 -2.975371 1.071532 -4.156022 -1.630893 1.179901 -5.007634
    18 4.972047 0.000000 0.000000 0.921336 -0.580817 -1.065868
    19 11.585358 0.000000 0.000001 0.000000 0.000000 -1.779051
    20 10.127058 0.000000 0.000001 1.751303 0.585447 0.007855
    21 1.537458 0.109715 1.664489 -3.079588 0.031470 0.928526
    22 0.928313 0.000000 0.000002 0.000000 0.000000 0.061034
    23 0.928311 0.000000 0.000001 0.000000 0.000000 0.671897
    24 2.686395 -0.427337 0.044204 -0.001208 0.043611 -0.052337
    25 1.435260 0.000000 0.000001 0.000000 0.000000 1.186618
    26 1.482593 0.000000 -0.000001 0.000000 0.000000 1.684243
    27 2.046984 0.000001 0.000000 0.013657 -0.042131 -0.237423
    28 -0.000005 0.000007 3.713254 -3.211547 -0.114374 1.238495
    29 18.045723 0.000000 0.000000 0.000000 0.000000 -1.760834
    30 17.597597 0.000000 0.000000 -0.219223 0.110756 -0.137092
    31 0.000005 -0.000003 -3.713254 0.826780 2.443932 5.471026
    32 18.045721 0.000000 0.000000 0.000000 0.000000 -2.608432
    33 17.597597 0.000000 0.000000 0.351181 -0.153717 0.776986
  time 16
    0 -1.174852 2.515853 -20.585090 0.000000 0.000000 -1.571017
    1 -0.523457 -0.039064 0.000000 -1.570795 -1.570787 0.000000
    2 1.293670 0.684478 -0.000001 -0.065041 -0.011938 0.110535
    3 5.309685 -0.003834 0.000000 -0.067081 -0.000096 -0.019719
    4 4.826790 -0.004591 0.000000 0.124842 0.041335 0.130073
    5 5.792767 -0.005304 0.000000 0.000162 -0.003440 0.150222
    6 6.662322 -0.001452 0.000000 -0.091910 0.032655 0.231870
    7 -3.518356 0.356631 4.277124 0.839094 -1.310998 -4.200317
    8 4.827512 0.000000 -0.000002 1.010169 1.082628 0.833549
    9 11.140032 0.000000 0.000000 0.000000 0.000000 -1.781528
    10 10.314563 -0.000001 0.000001 -1.079474 0.368319 0.552312
    11 1.646836 0.445664 -1.699647 -0.392035 3.352851 -0.875707
    12 0.928312 0.000000 0.000000 0.000000 0.000000 0.593404
    13 0.928313 0.000000 -0.000001 0.000000 0.000000 1.204231
    14 2.979373 -0.388274 -0.044205 -0.030851 -0.030823 0.768363
    15 1.435262 -0.000001 -0.000001 0.000000 0.000000 1.351037
    16 1.482593 -0.000001 0.000001 0.000000 0.000000 0.379688
    17 -2.975371 1.071532 -4.156022 -1.631084 1.192836 -5.007730
    18 4.972047 0.000000 0.000000 0.897792 -0.584111 -1.118048
    19 11.585358 0.000000 0.000001 0.000000 0.000000 -1.770801
    20 10.127058 0.000000 0.000001 1.715119 0.622043 -0.033813
    21 1.537458 0.109715 1.664489 -3.079588 0.031470 0.928526
    22 0.928313 0.000000 0.000002 0.000000 0.000000 0.061034
    23 0.928311 0.000000 0.000001 0.000000 0.000000 0.671897
    24 2.686395 -0.427337 0.044204 -0.001208 0.043611 -0.052337
    25 1.435260 0.000000 0.000001 0.000000 0.000000 1.186618
    26 1.482593 0.000000 -0.000001 0.000000 0.000000 1.684243
    27 2.046984 0.000001 0.000000 0.060402 -0.043341 -0.215768
    28 -0.000005 0.000007 3.713254 -3.210875 -0.114565 1.238495
    29 18.045723 0.000000 0.000000 0.000000 0.000000 -1.760242
    30 17.597597 0.000000 0.000000 -0.218793 0.110166 -0.137642
    31 0.000005 -0.000003 -3.713254 0.828793 2.444699 5.471601
    32 18.045721 0.000000 0.000000 0.000000 0.000000 -2.608117
    33 17.597597 0.000000 0.000000 0.351886 -0.155216 0.777448
  time 17
    0 -1.143601 2.515853 -20.585090 0.000000 0.000000 -1.571017
    1 -0.523457 -0.039064 0.000000 -1.570795 -1.570787 0.000000
    2 1.293670 0.684478 -0.000001 -0.065092 -0.011878 0.110485
    3 5.309685 -0.003834 0.000000 -0.067422 -0.000144 -0.019914
    4 4.826790 -0.004591 0.000000 0.124727 0.041575 0.129676
    5 5.792767 -0.005304 0.000000 0.000791 0.018684 0.150762
    6 6.662322 -0.001452 0.000000 -0.091910 0.032655 0.231870
    7 -3.518356 0.356631 4.277124 0.548276 -1.295001 -3.909126
    8 4.827512 0.000000 -0.000002 0.956041 1.090303 0.704180
    9 11.140032 0.000000 0.000000 0.000000 0.000000 -1.723928
    10 10.314563 -0.000001 0.000001 -1.102031 0.289260 0.406515
    11 1.646836 0.445664 -1.699647 -0.392035 3.352851 -0.875707
    12 0.928312 0.000000 0.000000 0.000000 0.000000 0.593404
    13 0.928313 0.000000 -0.000001 0.000000 0.000000 1.204231
    14 2.979373 -0.388274 -0.044205 -0.030851 -0.030823 0.768363
    15 1.435262 -0.000001 -0.000001 0.000000 0.000000 1.357556
    16 1.482593 -0.000001 0.000001 0.000000 0.000000 0.376749
    17 -2.975371 1.071532 -4.156022 -1.550073 1.198856 -4.920666
    18 4.972047 0.000000 0.000000 0.787954 -0.632240 -1.054887
    19 11.585358 0.000000 0.000001 0.000000 0.000000 -1.701128
    20 10.127058 0.000000 0.000001 1.583146 0.634431 -0.253307
    21 1.537458 0.109715 1.664489 -3.079588 0.031470 0.928526
    22 0.928313 0.000000 0.000002 0.000000 0.000000 0.061034
    23 0.928311 0.000000 0.000001 0.000000 0.000000 0.671897
    24 2.686395 -0.427337 0.044204 -0.001208 0.043611 -0.052337
    25 1.435260 0.000000 0.000001 0.000000 0.000000 1.186618
    26 1.482593 0.000000 -0.000001 0.000000 0.000000 1.684243
    27 2.046984 0.000001 0.000000 0.063030 -0.075942 -0.190281
    28 -0.000005 0.000007 3.713254 -3.212026 -0.114182 1.238591
    29 18.045723 0.000000 0.000000 0.000000 0.000000 -1.760316
    30 17.597597 0.000000 0.000000 -0.219528 0.111125 -0.137504
    31 0.000005 -0.000003 -3.713254 0.825630 2.443261 5.469204
    32 18.045721 0.000000 0.000000 0.000000 0.000000 -2.608432
    33 17.597597 0.000000 0.000000 0.351752 -0.153579 0.775647
  time 18
    0 -1.124069 2.515853 -20.585090 0.000000 0.000000 -1.571017
    1 -0.523457 -0.039064 0.000000 -1.570795 -1.570787 0.000000
    2 1.293670 0.684478 -0.000001 -0.065109 -0.011842 0.110468
    3 5.309685 -0.003834 0.000000 -0.067677 -0.000180 -0.020073
    4 4.826790 -0.004591 0.000000 0.124689 0.041742 0.129323
    5 5.792767 -0.005304 0.000000 0.001421 0.040820 0.151198
    6 6.662322 -0.001452 0.000000 -0.091910 0.032655 0.231870
    7 -3.518356 0.356631 4.277124 0.356761 -1.268389 -3.719214
    8 4.827512 0.000000 -0.000002 0.927583 1.096357 0.616057
    9 11.140032 0.000000 0.000000 0.000000 0.000000 -1.679586
    10 10.314563 -0.000001 0.000001 -1.110466 0.225937 0.298111
    11 1.646836 0.445664 -1.699647 -0.392035 3.352851 -0.875707
    12 0.928312 0.000000 0.000000 0.000000 0.000000 0.593404
    13 0.928313 0.000000 -0.000001 0.000000 0.000000 1.204231
    14 2.979373 -0.388274 -0.044205 -0.030851 -0.030823 0.768363
    15 1.435262 -0.000001 -0.000001 0.000000 0.000000 1.363073
    16 1.482593 -0.000001 0.000001 0.000000 0.000000 0.374345
    17 -2.975371 1.071532 -4.156022 -1.468203 1.197594 -4.832836
    18 4.972047 0.000000 0.000000 0.683932 -0.669281 -0.980478
    19 11.585358 0.000000 0.000001 0.000000 0.000000 -1.640685
    20 10.127058 0.000000 0.000001 1.481887 0.619679 -0.426582
    21 1.537458 0.109715 1.664489 -3.079588 0.031470 0.928526
    22 0.928313 0.000000 0.000002 0.000000 0.000000 0.061034
    23 0.928311 0.000000 0.000001 0.000000 0.000000 0.671897
    24 2.686395 -0.427337 0.044204 -0.001208 0.043611 -0.052337
    25 1.435260 0.000000 0.000001 0.000000 0.000000 1.186618
    26 1.482593 0.000000 -0.000001 0.000000 0.000000 1.684243
    27 2.046984 0.000001 0.000000 0.062212 -0.106950 -0.161752
    28 -0.000005 0.000007 3.713254 -3.213176 -0.113798 1.238783
    29 18.045723 0.000000 0.000000 0.000000 0.000000 -1.760316
    30 17.597597 0.000000 0.000000 -0.220237 0.112134 -0.137367
    31 0.000005 -0.000003 -3.713254 0.822467 2.441631 5.466903
    32 18.045721 0.000000 0.000000 0.000000 0.000000 -2.608983
    33 17.597597 0.000000 0.000000 0.351617 -0.151942 0.773845
  time 19
    0 -1.155320 2.515853 -20.585090 0.000000 0.000000 -1.571017
    1 -0.523457 -0.039064 0.000000 -1.570795 -1.570787 0.000000
    2 1.293670 0.684478 -0.000001 -0.065142 -0.011794 0.110468
    3 5.309685 -0.003834 0.000000 -0.067915 -0.000216 -0.020179
    4 4.826790 -0.004591 0.000000 0.124651 0.041898 0.129081
    5 5.792767 -0.005304 0.000000 0.001097 0.010283 0.151821
    6 6.662322 -0.001452 0.000000 -0.091910 0.032655 0.231870
    7 -3.518356 0.356631 4.277124 0.290910 -1.253220 -3.654249
    8 4.827512 0.000000 -0.000002 0.886767 1.060542 0.561121
    9 11.140032 0.000000 0.000000 0.000000 0.000000 -1.661618
    10 10.314563 -0.000001 0.000001 -1.109518 0.199522 0.255725
    11 1.646836 0.445664 -1.699647 -0.392035 3.352851 -0.875707
    12 0.928312 0.000000 0.000000 0.000000 0.000000 0.593404
    13 0.928313 0.000000 -0.000001 0.000000 0.000000 1.204231
    14 2.979373 -0.388274 -0.044205 -0.030851 -0.030823 0.768363
    15 1.435262 -0.000001 -0.000001 0.000000 0.000000 1.367377
    16 1.482593 -0.000001 0.000001 0.000000 0.000000 0.372422
    17 -2.975371 1.071532 -4.156022 -1.489220 1.194387 -4.855248
    18 4.972047 0.000000 0.000000 0.764223 -0.638990 -1.031992
    19 11.585358 0.000000 0.000001 0.000000 0.000000 -1.711093
    20 10.127058 0.000000 0.000001 1.649974 0.627622 -0.148262
    21 1.537458 0.109715 1.664489 -3.079588 0.031470 0.928526
    22 0.928313 0.000000 0.000002 0.000000 0.000000 0.061034
    23 0.928311 0.000000 0.000001 0.000000 0.000000 0.671897
    24 2.686395 -0.427337 0.044204 -0.001208 0.043611 -0.052337
    25 1.435260 0.000000 0.000001 0.000000 0.000000 1.186618
    26 1.482593 0.000000 -0.000001 0.000000 0.000000 1.684243
    27 2.046984 0.000001 0.000000 0.063892 -0.089868 -0.088332
    28 -0.000005 0.000007 3.713254 -3.211547 -0.114278 1.238591
    29 18.045723 0.000000 0.000000 0.000000 0.000000 -1.760242
    30 17.597597 0.000000 0.000000 -0.219223 0.110756 -0.137504
    31 0.000005 -0.000003 -3.713254 0.826780 2.443836 5.470163
    32 18.045721 0.000000 0.000000 0.000000 0.000000 -2.608432
    33 17.597597 0.000000 0.000000 0.351819 -0.154190 0.776340
  time 20
    0 -1.194384 2.515853 -20.585090 0.000000 0.000000 -1.571017
    1 -0.523457 -0.039064 0.000000 -1.570795 -1.570787 0.000000
    2 1.293670 0.684478 -0.000001 -0.065193 -0.011770 0.110535
    3 5.309685 -0.003834 0.000000 -0.068034 -0.000240 -0.020249
    4 4.826790 -0.004591 0.000000 0.124632 0.042042 0.128860
    5 5.792767 -0.005304 0.000000 0.000720 -0.020242 0.152340
    6 6.662322 -0.001452 0.000000 -0.091910 0.032655 0.231870
    7 -3.518356 0.356631 4.277124 0.322254 -1.248844 -3.684048
    8 4.827512 0.000000 -0.000002 0.818609 1.038627 0.483049
    9 11.140032 0.000000 0.000000 0.000000 0.000000 -1.675022
    10 10.314563 -0.000001 0.000001 -1.099093 0.183036 0.276337
    11 1.646836 0.445664 -1.699647 -0.392035 3.352851 -0.875707
    12 0.928312 0.000000 0.000000 0.000000 0.000000 0.593404
    13 0.928313 0.000000 -0.000001 0.000000 0.000000 1.204231
    14 2.979373 -0.388274 -0.044205 -0.030851 -0.030823 0.768363
    15 1.435262 -0.000001 -0.000001 0.000000 0.000000 1.370553
    16 1.482593 -0.000001 0.000001 0.000000 0.000000 0.370980
    17 -2.975371 1.071532 -4.156022 -1.517688 1.191258 -4.885706
    18 4.972047 0.000000 0.000000 0.846578 -0.603234 -1.081442
    19 11.585358 0.000000 0.000001 0.000000 0.000000 -1.775457
    20 10.127058 0.000000 0.000001 1.808384 0.599726 0.117703
    21 1.537458 0.109715 1.664489 -3.079588 0.031470 0.928526
    22 0.928313 0.000000 0.000002 0.000000 0.000000 0.061034
    23 0.928311 0.000000 0.000001 0.000000 0.000000 0.671897
    24 2.686395 -0.427337 0.044204 -0.001208 0.043611 -0.052337
    25 1.435260 0.000000 0.000001 0.000000 0.000000 1.186618
    26 1.482593 0.000000 -0.000001 0.000000 0.000000 1.684243
    27 2.046984 0.000001 0.000000 0.069062 -0.080397 0.039044
    28 -0.000005 0.000007 3.713254 -3.210013 -0.114853 1.238495
    29 18.045723 0.000000 0.000000 0.000000 0.000000 -1.760168
    30 17.597597 0.000000 0.000000 -0.218210 0.109427 -0.137688
    31 0.000005 -0.000003 -3.713254 0.830997 2.445945 5.473423
    32 18.045721 0.000000 0.000000 0.000000 0.000000 -2.607645
    33 17.597597 0.000000 0.000000 0.351953 -0.156439 0.778880
  time 21
    0 -1.182665 2.515853 -20.585090 0.000000 0.000000 -1.571017
    1 -0.523457 -0.039064 0.000000 -1.570795 -1.570787 0.000000
    2 1.293670 0.684478 -0.000001 -0.065193 -0.011746 0.110535
    3 5.309685 -0.003834 0.000000 -0.068170 -0.000252 -0.020338
    4 4.826790 -0.004591 0.000000 0.124594 0.042114 0.128750
    5 5.792767 -0.005304 0.000000 0.001007 -0.008713 0.152444
    6 6.662322 -0.001452 0.000000 -0.091910 0.032655 0.231870
    7 -3.518356 0.356631 4.277124 0.398937 -1.241599 -3.757158
    8 4.827512 0.000000 -0.000002 0.695048 1.061565 0.310268
    9 11.140032 0.000000 0.000000 0.000000 0.000000 -1.710017
    10 10.314563 -0.000001 0.000001 -1.080991 0.142101 0.328188
    11 1.646836 0.445664 -1.699647 -0.392035 3.352851 -0.875707
    12 0.928312 0.000000 0.000000 0.000000 0.000000 0.593404
    13 0.928313 0.000000 -0.000001 0.000000 0.000000 1.204231
    14 2.979373 -0.388274 -0.044205 -0.030851 -0.030823 0.768363
    15 1.435262 -0.000001 -0.000001 0.000000 0.000000 1.372727
    16 1.482593 -0.000001 0.000001 0.000000 0.000000 0.370071
    17 -2.975371 1.071532 -4.156022 -1.503358 1.195018 -4.870381
    18 4.972047 0.000000 0.000000 0.824536 -0.616974 -1.071991
    19 11.585358 0.000000 0.000001 0.000000 0.000000 -1.720078
    20 10.127058 0.000000 0.000001 1.746675 0.618449 -0.000298
    21 1.537458 0.109715 1.664489 -3.079588 0.031470 0.928526
    22 0.928313 0.000000 0.000002 0.000000 0.000000 0.061034
    23 0.928311 0.000000 0.000001 0.000000 0.000000 0.671897
    24 2.686395 -0.427337 0.044204 -0.001208 0.043611 -0.052337
    25 1.435260 0.000000 0.000001 0.000000 0.000000 1.186618
    26 1.482593 0.000000 -0.000001 0.000000 0.000000 1.684243
    27 2.046984 0.000001 0.000000 0.061350 -0.112910 0.180045
    28 -0.000005 0.000007 3.713254 -3.210588 -0.114661 1.238495
    29 18.045723 0.000000 0.000000 0.000000 0.000000 -1.760242
    30 17.597597 0.000000 0.000000 -0.218590 0.109920 -0.137642
    31 0.000005 -0.000003 -3.713254 0.829368 2.445082 5.472176
    32 18.045721 0.000000 0.000000 0.000000 0.000000 -2.607959
    33 17.597597 0.000000 0.000000 0.351919 -0.155590 0.777956
  time 22
    0 -1.155320 2.515853 -20.585090 0.000000 0.000000 -1.571017
    1 -0.523457 -0.039064 0.000000 -1.570795 -1.570787 0.000000
    2 1.293670 0.684478 -0.000001 -0.065210 -0.011734 0.110602
    3 5.309685 -0.003834 0.000000 -0.068204 -0.000264 -0.020355
    4 4.826790 -0.004591 0.000000 0.124594 0.042150 0.128684
    5 5.792767 -0.005304 0.000000 0.001475 0.012680 0.152444
    6 6.662322 -0.001452 0.000000 -0.091910 0.032655 0.231870
    7 -3.518356 0.356631 4.277124 0.497953 -1.230629 -3.851539
    8 4.827512 0.000000 -0.000002 0.502691 1.077085 0.050316
    9 11.140032 0.000000 0.000000 0.000000 0.000000 -1.758198
    10 10.314563 -0.000001 0.000001 -1.061846 0.085804 0.397458
    11 1.646836 0.445664 -1.699647 -0.392035 3.352851 -0.875707
    12 0.928312 0.000000 0.000000 0.000000 0.000000 0.593404
    13 0.928313 0.000000 -0.000001 0.000000 0.000000 1.204231
    14 2.979373 -0.388274 -0.044205 -0.030851 -0.030823 0.768363
    15 1.435262 -0.000001 -0.000001 0.000000 0.000000 1.373646
    16 1.482593 -0.000001 0.000001 0.000000 0.000000 0.369591
    17 -2.975371 1.071532 -4.156022 -1.475463 1.199829 -4.840690
    18 4.972047 0.000000 0.000000 0.771727 -0.643971 -1.043838
    19 11.585358 0.000000 0.000001 0.000000 0.000000 -1.621490
    20 10.127058 0.000000 0.000001 1.612247 0.634147 -0.235599
    21 1.537458 0.109715 1.664489 -3.079588 0.031470 0.928526
    22 0.928313 0.000000 0.000002 0.000000 0.000000 0.061034
    23 0.928311 0.000000 0.000001 0.000000 0.000000 0.671897
    24 2.686395 -0.427337 0.044204 -0.001208 0.043611 -0.052337
    25 1.435260 0.000000 0.000001 0.000000 0.000000 1.186618
    26 1.482593 0.000000 -0.000001 0.000000 0.000000 1.684243
    27 2.046984 0.000001 0.000000 0.044160 -0.148314 0.300790
    28 -0.000005 0.000007 3.713254 -3.211834 -0.114278 1.238591
    29 18.045723 0.000000 0.000000 0.000000 0.000000 -1.760242
    30 17.597597 0.000000 0.000000 -0.219299 0.110879 -0.137504
    31 0.000005 -0.000003 -3.713254 0.826493 2.443644 5.469875
    32 18.045721 0.000000 0.000000 0.000000 0.000000 -2.608432
    33 17.597597 0.000000 0.000000 0.351819 -0.154013 0.776155
  time 23
    0 -1.143601 2.515853 -20.585090 0.000000 0.000000 -1.571017
    1 -0.523457 -0.039064 0.000000 -1.570795 -1.570787 0.000000
    2 1.293670 0.684478 -0.000001 -0.065210 -0.011734 0.110736
    3 5.309685 -0.003834 0.000000 -0.068204 -0.000264 -0.020355
    4 4.826790 -0.004591 0.000000 0.124594 0.042150 0.128706
    5 5.792767 -0.005304 0.000000 0.001673 0.024197 0.152361
    6 6.662322 -0.001452 0.000000 -0.091910 0.032655 0.231870
    7 -3.518356 0.356631 4.277124 0.598599 -1.216317 -3.947261
    8 4.827512 0.000000 -0.000002 0.296224 1.050736 -0.228785
    9 11.140032 0.000000 0.000000 0.000000 0.000000 -1.810944
    10 10.314563 -0.000001 0.000001 -1.046871 0.023605 0.471314
    11 1.646836 0.445664 -1.699647 -0.392035 3.352851 -0.875707
    12 0.928312 0.000000 0.000000 0.000000 0.000000 0.593404
    13 0.928313 0.000000 -0.000001 0.000000 0.000000 1.204231
    14 2.979373 -0.388274 -0.044205 -0.030851 -0.030823 0.768363
    15 1.435262 -0.000001 -0.000001 0.000000 0.000000 1.373521
    16 1.482593 -0.000001 0.000001 0.000000 0.000000 0.369644
    17 -2.975371 1.071532 -4.156022 -1.453395 1.194702 -4.816744
    18 4.972047 0.000000 0.000000 0.711039 -0.660523 -1.001043
    19 11.585358 0.000000 0.000001 0.000000 0.000000 -1.545201
    20 10.127058 0.000000 0.000001 1.516247 0.623272 -0.372708
    21 1.537458 0.109715 1.664489 -3.079588 0.031470 0.928526
    22 0.928313 0.000000 0.000002 0.000000 0.000000 0.061034
    23 0.928311 0.000000 0.000001 0.000000 0.000000 0.671897
    24 2.686395 -0.427337 0.044204 -0.001208 0.043611 -0.052337
    25 1.435260 0.000000 0.000001 0.000000 0.000000 1.186618
    26 1.482593 0.000000 -0.000001 0.000000 0.000000 1.684243
    27 2.046984 0.000001 0.000000 0.032485 -0.165485 0.363200
    28 -0.000005 0.000007 3.713254 -3.212409 -0.114086 1.238687
    29 18.045723 0.000000 0.000000 0.000000 0.000000 -1.760316
    30 17.597597 0.000000 0.000000 -0.219680 0.111396 -0.137504
    31 0.000005 -0.000003 -3.713254 0.824768 2.442878 5.468629
    32 18.045721 0.000000 0.000000 0.000000 0.000000 -2.608747
    33 17.597597 0.000000 0.000000 0.351718 -0.153164 0.775231
  time 24
    0 -1.143601 2.527572 -20.585090 0.000000 0.000000 -1.571017
    1 -0.523457 -0.039064 0.000000 -1.570795 -1.570787 0.000000
    2 1.293670 0.684478 -0.000001 -0.064974 -0.010416 0.110736
    3 5.309685 -0.003834 0.000000 -0.065022 -0.001726 -0.018783
    4 4.826790 -0.004591 0.000000 0.104566 0.039118 0.130999
    5 5.792767 -0.005304 0.000000 -0.010145 0.022950 0.150160
    6 6.662322 -0.001452 0.000000 -0.091910 0.032655 0.231870
    7 -3.518356 0.356631 4.277124 0.684004 -1.201385 -4.028707
    8 4.827512 0.000000 -0.000002 0.135914 0.986013 -0.427561
    9 11.140032 0.000000 0.000000 0.000000 0.000000 -1.859343
    10 10.314563 -0.000001 0.000001 -1.038341 -0.033722 0.538319
    11 1.646836 0.445664 -1.699647 -0.392035 3.352851 -0.875707
    12 0.928312 0.000000 0.000000 0.000000 0.000000 0.593404
    13 0.928313 0.000000 -0.000001 0.000000 0.000000 1.204231
    14 2.979373 -0.388274 -0.044205 -0.030851 -0.030823 0.768363
    15 1.435262 -0.000001 -0.000001 0.000000 0.000000 1.372350
    16 1.482593 -0.000001 0.000001 0.000000 0.000000 0.370232
    17 -2.975371 1.071532 -4.156022 -1.448236 1.156160 -4.808699
    18 4.972047 0.000000 0.000000 0.598950 -0.643007 -0.928698
    19 11.585358 0.000000 0.000001 0.000000 0.000000 -1.522331
    20 10.127058 0.000000 0.000001 1.526906 0.593390 -0.212940
    21 1.537458 0.109715 1.664489 -3.079588 0.031470 0.928526
    22 0.928313 0.000000 0.000002 0.000000 0.000000 0.061034
    23 0.928311 0.000000 0.000001 0.000000 0.000000 0.671897
    24 2.686395 -0.427337 0.044204 -0.001208 0.043611 -0.052337
    25 1.435260 0.000000 0.000001 0.000000 0.000000 1.186618
    26 1.482593 0.000000 -0.000001 0.000000 0.000000 1.684243
    27 2.046984 0.000001 0.000000 0.056180 -0.182892 0.375366
    28 -0.000005 0.000007 3.713254 -3.212218 -0.114086 1.238783
    29 18.045723 0.000000 0.000000 0.000000 0.000000 -1.759354
    30 17.597597 0.000000 0.000000 -0.219654 0.111273 -0.138284
    31 0.000005 -0.000003 -3.713254 0.825343 2.442973 5.467383
    32 18.045721 0.000000 0.000000 0.000000 0.000000 -2.608432
    33 17.597597 0.000000 0.000000 0.352825 -0.154229 0.774400
  time 25
    0 -1.155320 2.566636 -20.585090 0.000000 0.000000 -1.571017
    1 -0.523457 -0.039064 0.000000 -1.570795 -1.570787 0.000000
    2 1.293670 0.684478 -0.000001 -0.064452 -0.007276 0.110669
    3 5.309685 -0.003834 0.000000 -0.057433 -0.005225 -0.015109
    4 4.826790 -0.004591 0.000000 0.056746 0.032095 0.136643
    5 5.792767 -0.005304 0.000000 -0.038458 0.019918 0.145156
    6 6.662322 -0.001452 0.000000 -0.091910 0.032655 0.231870
    7 -3.518356 0.356631 4.277124 0.743049 -1.190149 -4.085144
    8 4.827512 0.000000 -0.000002 0.031006 0.914980 -0.513864
    9 11.140032 0.000000 0.000000 0.000000 0.000000 -1.894918
    10 10.314563 -0.000001 0.000001 -1.036161 -0.075593 0.586976
    11 1.646836 0.445664 -1.699647 -0.392035 3.352851 -0.875707
    12 0.928312 0.000000 0.000000 0.000000 0.000000 0.593404
    13 0.928313 0.000000 -0.000001 0.000000 0.000000 1.204231
    14 2.979373 -0.388274 -0.044205 -0.030851 -0.030823 0.768363
    15 1.435262 -0.000001 -0.000001 0.000000 0.000000 1.370010
    16 1.482593 -0.000001 0.000001 0.000000 0.000000 0.371247
    17 -2.975371 1.071532 -4.156022 -1.452822 1.084125 -4.808316
    18 4.972047 0.000000 0.000000 0.422046 -0.585718 -0.834322
    19 11.585358 0.000000 0.000001 0.000000 0.000000 -1.530417
    20 10.127058 0.000000 0.000001 1.590368 0.529181 0.177028
    21 1.537458 0.109715 1.664489 -3.079588 0.031470 0.928526
    22 0.928313 0.000000 0.000002 0.000000 0.000000 0.061034
    23 0.928311 0.000000 0.000001 0.000000 0.000000 0.671897
    24 2.686395 -0.427337 0.044204 -0.001208 0.043611 -0.052337
    25 1.435260 0.000000 0.000001 0.000000 0.000000 1.186618
    26 1.482593 0.000000 -0.000001 0.000000 0.000000 1.684243
    27 2.046984 0.000001 0.000000 0.115850 -0.220863 0.373541
    28 -0.000005 0.000007 3.713254 -3.211930 -0.114086 1.239070
    29 18.045723 0.000000 0.000000 0.000000 0.000000 -1.757133
    30 17.597597 0.000000 0.000000 -0.219528 0.110978 -0.140255
    31 0.000005 -0.000003 -3.713254 0.826493 2.443357 5.464507
    32 18.045721 0.000000 0.000000 0.000000 0.000000 -2.608196
    33 17.597597 0.000000 0.000000 0.355509 -0.156734 0.772414
  time 26
    0 -1.167039 2.609606 -20.585090 0.000000 0.000000 -1.571017
    1 -0.523457 -0.039064 0.000000 -1.570795 -1.570787 0.000000
    2 1.293670 0.684478 -0.000001 -0.063795 -0.003524 0.110552
    3 5.309685 -0.003834 0.000000 -0.048397 -0.009492 -0.010746
    4 4.826790 -0.004591 0.000000 -0.000248 0.024041 0.143919
    5 5.792767 -0.005304 0.000000 -0.072203 0.016095 0.139135
    6 6.662322 -0.001452 0.000000 -0.091910 0.032655 0.231870
    7 -3.518356 0.356631 4.277124 0.766533 -1.187547 -4.108044
    8 4.827512 0.000000 -0.000002 -0.020890 0.871064 -0.504333
    9 11.140032 0.000000 0.000000 0.000000 0.000000 -1.909046
    10 10.314563 -0.000001 0.000001 -1.038720 -0.090956 0.605673
    11 1.646836 0.445664 -1.699647 -0.392035 3.352851 -0.875707
    12 0.928312 0.000000 0.000000 0.000000 0.000000 0.593404
    13 0.928313 0.000000 -0.000001 0.000000 0.000000 1.204231
    14 2.979373 -0.388274 -0.044205 -0.030851 -0.030823 0.768363
    15 1.435262 -0.000001 -0.000001 0.000000 0.000000 1.366583
    16 1.482593 -0.000001 0.000001 0.000000 0.000000 0.372743
    17 -2.975371 1.071532 -4.156022 -1.460942 1.002887 -4.810423
    18 4.972047 0.000000 0.000000 0.246080 -0.504003 -0.756785
    19 11.585358 0.000000 0.000001 0.000000 0.000000 -1.554921
    20 10.127058 0.000000 0.000001 1.638403 0.432442 0.622220
    21 1.537458 0.109715 1.664489 -3.079588 0.031470 0.928526
    22 0.928313 0.000000 0.000002 0.000000 0.000000 0.061034
    23 0.928311 0.000000 0.000001 0.000000 0.000000 0.671897
    24 2.686395 -0.427337 0.044204 -0.001208 0.043611 -0.052337
    25 1.435260 0.000000 0.000001 0.000000 0.000000 1.186618
    26 1.482593 0.000000 -0.000001 0.000000 0.000000 1.684243
    27 2.046984 0.000001 0.000000 0.189220 -0.264174 0.360827
    28 -0.000005 0.000007 3.713254 -3.211642 -0.114086 1.239358
    29 18.045723 0.000000 0.000000 0.000000 0.000000 -1.754469
    30 17.597597 0.000000 0.000000 -0.219350 0.110682 -0.142639
    31 0.000005 -0.000003 -3.713254 0.827930 2.443836 5.460864
    32 18.045721 0.000000 0.000000 0.000000 0.000000 -2.607959
    33 17.597597 0.000000 0.000000 0.358764 -0.159792 0.769966
  time 27
    0 -1.174852 2.640857 -20.585090 0.000000 0.000000 -1.571017
    1 -0.523457 -0.039064 0.000000 -1.570795 -1.570787 0.000000
    2 1.293670 0.684478 -0.000001 -0.063256 -0.000408 0.110535
    3 5.309685 -0.003834 0.000000 -0.040756 -0.013027 -0.007072
    4 4.826790 -0.004591 0.000000 -0.048067 0.017617 0.150446
    5 5.792767 -0.005304 0.000000 -0.100497 0.012740 0.134069
    6 6.662322 -0.001452 0.000000 -0.091910 0.032655 0.231870
    7 -3.518356 0.356631 4.277124 0.769505 -1.191213 -4.111781
    8 4.827512 0.000000 -0.000002 -0.045283 0.854009 -0.463001
    9 11.140032 0.000000 0.000000 0.000000 0.000000 -1.909481
    10 10.314563 -0.000001 0.000001 -1.043933 -0.089176 0.605266
    11 1.646836 0.445664 -1.699647 -0.392035 3.352851 -0.875707
    12 0.928312 0.000000 0.000000 0.000000 0.000000 0.593404
    13 0.928313 0.000000 -0.000001 0.000000 0.000000 1.204231
    14 2.979373 -0.388274 -0.044205 -0.030851 -0.030823 0.768363
    15 1.435262 -0.000001 -0.000001 0.000000 0.000000 1.362028
    16 1.482593 -0.000001 0.000001 0.000000 0.000000 0.374773
    17 -2.975371 1.071532 -4.156022 -1.468107 0.936819 -4.812339
    18 4.972047 0.000000 0.000000 0.117013 -0.428153 -0.712459
    19 11.585358 0.000000 0.000001 0.000000 0.000000 -1.581304
    20 10.127058 0.000000 0.000001 1.646117 0.342038 0.978874
    21 1.537458 0.109715 1.664489 -3.079588 0.031470 0.928526
    22 0.928313 0.000000 0.000002 0.000000 0.000000 0.061034
    23 0.928311 0.000000 0.000001 0.000000 0.000000 0.671897
    24 2.686395 -0.427337 0.044204 -0.001208 0.043611 -0.052337
    25 1.435260 0.000000 0.000001 0.000000 0.000000 1.186618
    26 1.482593 0.000000 -0.000001 0.000000 0.000000 1.684243
    27 2.046984 0.000001 0.000000 0.253026 -0.298339 0.343978
    28 -0.000005 0.000007 3.713254 -3.211355 -0.114182 1.239645
    29 18.045723 0.000000 0.000000 0.000000 0.000000 -1.752174
    30 17.597597 0.000000 0.000000 -0.219223 0.110412 -0.144702
    31 0.000005 -0.000003 -3.713254 0.829272 2.444028 5.457796
    32 18.045721 0.000000 0.000000 0.000000 0.000000 -2.607645
    33 17.597597 0.000000 0.000000 0.361582 -0.162336 0.767841
  time 28
    0 -1.174852 2.660388 -20.585090 0.000000 0.000000 -1.571017
    1 -0.523457 -0.039064 0.000000 -1.570795 -1.570787 0.000000
    2 1.293670 0.684478 -0.000001 -0.062969 0.000838 0.110602
    3 5.309685 -0.003834 0.000000 -0.037369 -0.014513 -0.005429
    4 4.826790 -0.004591 0.000000 -0.068134 0.014957 0.153532
    5 5.792767 -0.005304 0.000000 -0.112531 0.011230 0.131619
    6 6.662322 -0.001452 0.000000 -0.091910 0.032655 0.231870
    7 -3.518356 0.356631 4.277124 0.773339 -1.195767 -4.116380
    8 4.827512 0.000000 -0.000002 -0.057001 0.845738 -0.451823
    9 11.140032 0.000000 0.000000 0.000000 0.000000 -1.910133
    10 10.314563 -0.000001 0.000001 -1.050188 -0.087022 0.604860
    11 1.646836 0.445664 -1.699647 -0.392035 3.352851 -0.875707
    12 0.928312 0.000000 0.000000 0.000000 0.000000 0.593404
    13 0.928313 0.000000 -0.000001 0.000000 0.000000 1.204231
    14 2.979373 -0.388274 -0.044205 -0.030851 -0.030823 0.768363
    15 1.435262 -0.000001 -0.000001 0.000000 0.000000 1.356428
    16 1.482593 -0.000001 0.000001 0.000000 0.000000 0.377284
    17 -2.975371 1.071532 -4.156022 -1.471451 0.910240 -4.813392
    18 4.972047 0.000000 0.000000 0.068050 -0.394406 -0.701611
    19 11.585358 0.000000 0.000001 0.000000 0.000000 -1.594699
    20 10.127058 0.000000 0.000001 1.640156 0.304307 1.125287
    21 1.537458 0.109715 1.664489 -3.079588 0.031470 0.928526
    22 0.928313 0.000000 0.000002 0.000000 0.000000 0.061034
    23 0.928311 0.000000 0.000001 0.000000 0.000000 0.671897
    24 2.686395 -0.427337 0.044204 -0.001208 0.043611 -0.052337
    25 1.435260 0.000000 0.000001 0.000000 0.000000 1.186618
    26 1.482593 0.000000 -0.000001 0.000000 0.000000 1.684243
    27 2.046984 0.000001 0.000000 0.281245 -0.311173 0.332785
    28 -0.000005 0.000007 3.713254 -3.211259 -0.114182 1.239741
    29 18.045723 0.000000 0.000000 0.000000 0.000000 -1.751138
    30 17.597597 0.000000 0.000000 -0.219147 0.110313 -0.145482
    31 0.000005 -0.000003 -3.713254 0.829847 2.444220 5.456454
    32 18.045721 0.000000 0.000000 0.000000 0.000000 -2.607330
    33 17.597597 0.000000 0.000000 0.362790 -0.163440 0.766963
  time 29
    0 -1.174852 2.672108 -20.585090 0.000000 0.000000 -1.571017
    1 -0.523457 -0.039064 0.000000 -1.570795 -1.570787 0.000000
    2 1.293670 0.684478 -0.000001 -0.062953 0.000790 0.110803
    3 5.309685 -0.003834 0.000000 -0.037046 -0.014465 -0.005270
    4 4.826790 -0.004591 0.000000 -0.068839 0.015005 0.156884
    5 5.792767 -0.005304 0.000000 -0.112549 0.011122 0.130913
    6 6.662322 -0.001452 0.000000 -0.091910 0.032655 0.231870
    7 -3.518356 0.356631 4.277124 0.781774 -1.199966 -4.125579
    8 4.827512 0.000000 -0.000002 -0.113441 0.831412 -0.518803
    9 11.140032 0.000000 0.000000 0.000000 0.000000 -1.849055
    10 10.314563 -0.000001 0.000001 -1.003843 -0.174230 0.632556
    11 1.646836 0.445664 -1.699647 -0.392035 3.352851 -0.875707
    12 0.928312 0.000000 0.000000 0.000000 0.000000 0.593404
    13 0.928313 0.000000 -0.000001 0.000000 0.000000 1.204231
    14 2.979373 -0.388274 -0.044205 -0.030851 -0.030823 0.768363
    15 1.435262 -0.000001 -0.000001 0.000000 0.000000 1.349658
    16 1.482593 -0.000001 0.000001 0.000000 0.000000 0.380275
    17 -2.975371 1.071532 -4.156022 -1.472406 0.909004 -4.814350
    18 4.972047 0.000000 0.000000 0.057170 -0.400271 -0.693158
    19 11.585358 0.000000 0.000001 0.000000 0.000000 -1.605726
    20 10.127058 0.000000 0.000001 1.657126 0.302227 1.183962
    21 1.537458 0.109715 1.664489 -3.079588 0.031470 0.928526
    22 0.928313 0.000000 0.000002 0.000000 0.000000 0.061034
    23 0.928311 0.000000 0.000001 0.000000 0.000000 0.671897
    24 2.686395 -0.427337 0.044204 -0.001208 0.043611 -0.052337
    25 1.435260 0.000000 0.000001 0.000000 0.000000 1.186618
    26 1.482593 0.000000 -0.000001 0.000000 0.000000 1.684243
    27 2.046984 0.000001 0.000000 0.284520 -0.308400 0.322445
    28 -0.000005 0.000007 3.713254 -3.211355 -0.114086 1.239837
    29 18.045723 0.000000 0.000000 0.000000 0.000000 -1.750620
    30 17.597597 0.000000 0.000000 -0.219223 0.110387 -0.146032
    31 0.000005 -0.000003 -3.713254 0.829656 2.444124 5.455303
    32 18.045721 0.000000 0.000000 0.000000 0.000000 -2.607330
    33 17.597597 0.000000 0.000000 0.363461 -0.163815 0.766178
  time 30
    0 -1.174852 2.676014 -20.585090 0.000000 0.000000 -1.571017
    1 -0.523457 -0.039064 0.000000 -1.570795 -1.570787 0.000000
    2 1.293670 0.684478 -0.000001 -0.062868 0.000706 0.111054
    3 5.309685 -0.003834 0.000000 -0.036672 -0.014417 -0.005058
    4 4.826790 -0.004591 0.000000 -0.070270 0.015017 0.160323
    5 5.792767 -0.005304 0.000000 -0.112369 0.011002 0.130124
    6 6.662322 -0.001452 0.000000 -0.091910 0.032655 0.231870
    7 -3.518356 0.356631 4.277124 0.795768 -1.203514 -4.140335
    8 4.827512 0.000000 -0.000002 -0.224008 0.797132 -0.643407
    9 11.140032 0.000000 0.000000 0.000000 0.000000 -1.713929
    10 10.314563 -0.000001 0.000001 -0.898641 -0.372909 0.678832
    11 1.646836 0.445664 -1.699647 -0.392035 3.352851 -0.875707
    12 0.928312 0.000000 0.000000 0.000000 0.000000 0.593404
    13 0.928313 0.000000 -0.000001 0.000000 0.000000 1.204231
    14 2.979373 -0.388274 -0.044205 -0.030851 -0.030823 0.768363
    15 1.435262 -0.000001 -0.000001 0.000000 0.000000 1.341801
    16 1.482593 -0.000001 0.000001 0.000000 0.000000 0.383748
    17 -2.975371 1.071532 -4.156022 -1.474030 0.904903 -4.816170
    18 4.972047 0.000000 0.000000 0.028749 -0.416984 -0.666935
    19 11.585358 0.000000 0.000001 0.000000 0.000000 -1.628025
    20 10.127058 0.000000 0.000001 1.695344 0.293527 1.312717
    21 1.537458 0.109715 1.664489 -3.079588 0.031470 0.928526
    22 0.928313 0.000000 0.000002 0.000000 0.000000 0.061034
    23 0.928311 0.000000 0.000001 0.000000 0.000000 0.671897
    24 2.686395 -0.427337 0.044204 -0.001208 0.043611 -0.052337
    25 1.435260 0.000000 0.000001 0.000000 0.000000 1.186618
    26 1.482593 0.000000 -0.000001 0.000000 0.000000 1.684243
    27 2.046984 0.000001 0.000000 0.289388 -0.303443 0.306325
    28 -0.000005 0.000007 3.713254 -3.211451 -0.114086 1.239933
    29 18.045723 0.000000 0.000000 0.000000 0.000000 -1.750028
    30 17.597597 0.000000 0.000000 -0.219299 0.110461 -0.146536
    31 0.000005 -0.000003 -3.713254 0.829368 2.443932 5.454249
    32 18.045721 0.000000 0.000000 0.000000 0.000000 -2.607330
    33 17.597597 0.000000 0.000000 0.364132 -0.164229 0.765347
  time 31
    0 -1.174852 2.683827 -20.585090 0.000000 0.000000 -1.571017
    1 -0.523457 -0.039064 0.000000 -1.570795 -1.570787 0.000000
    2 1.293670 0.684478 -0.000001 -0.062835 0.000646 0.111255
    3 5.309685 -0.003834 0.000000 -0.036263 -0.014382 -0.004811
    4 4.826790 -0.004591 0.000000 -0.071853 0.014885 0.162131
    5 5.792767 -0.005304 0.000000 -0.112171 0.010846 0.129252
    6 6.662322 -0.001452 0.000000 -0.091910 0.032655 0.231870
    7 -3.518356 0.356631 4.277124 0.810817 -1.207831 -4.156241
    8 4.827512 0.000000 -0.000002 -0.323575 0.754069 -0.757179
    9 11.140032 0.000000 0.000000 0.000000 0.000000 -1.579021
    10 10.314563 -0.000001 0.000001 -0.793534 -0.575054 0.703625
    11 1.646836 0.445664 -1.699647 -0.392035 3.352851 -0.875707
    12 0.928312 0.000000 0.000000 0.000000 0.000000 0.593404
    13 0.928313 0.000000 -0.000001 0.000000 0.000000 1.204231
    14 2.979373 -0.388274 -0.044205 -0.030851 -0.030823 0.768363
    15 1.435262 -0.000001 -0.000001 0.000000 0.000000 1.332941
    16 1.482593 -0.000001 0.000001 0.000000 0.000000 0.387701
    17 -2.975371 1.071532 -4.156022 -1.475750 0.901064 -4.817894
    18 4.972047 0.000000 0.000000 -0.000704 -0.434500 -0.640513
    19 11.585358 0.000000 0.000001 0.000000 0.000000 -1.650650
    20 10.127058 0.000000 0.000001 1.731528 0.280194 1.440573
    21 1.537458 0.109715 1.664489 -3.079588 0.031470 0.928526
    22 0.928313 0.000000 0.000002 0.000000 0.000000 0.061034
    23 0.928311 0.000000 0.000001 0.000000 0.000000 0.671897
    24 2.686395 -0.427337 0.044204 -0.001208 0.043611 -0.052337
    25 1.435260 0.000000 0.000001 0.000000 0.000000 1.186618
    26 1.482593 0.000000 -0.000001 0.000000 0.000000 1.684243
    27 2.046984 0.000001 0.000000 0.295549 -0.296038 0.285887
    28 -0.000005 0.000007 3.713254 -3.211547 -0.113990 1.239933
    29 18.045723 0.000000 0.000000 0.000000 0.000000 -1.749806
    30 17.597597 0.000000 0.000000 -0.219350 0.110486 -0.146720
    31 0.000005 -0.000003 -3.713254 0.829368 2.443932 5.453769
    32 18.045721 0.000000 0.000000 0.000000 0.000000 -2.607330
    33 17.597597 0.000000 0.000000 0.364434 -0.164367 0.765023
  time 32
    0 -1.174852 2.660388 -20.585090 0.000000 0.000000 -1.571017
    1 -0.523457 -0.039064 0.000000 -1.570795 -1.570787 0.000000
    2 1.293670 0.684478 -0.000001 -0.062750 0.000574 0.111506
    3 5.309685 -0.003834 0.000000 -0.035770 -0.014322 -0.004529
    4 4.826790 -0.004591 0.000000 -0.073131 0.014142 0.155759
    5 5.792767 -0.005304 0.000000 -0.112171 0.010690 0.128193
    6 6.662322 -0.001452 0.000000 -0.091910 0.032655 0.231870
    7 -3.518356 0.356631 4.277124 0.822607 -1.214484 -4.169272
    8 4.827512 0.000000 -0.000002 -0.364310 0.735138 -0.809256
    9 11.140032 0.000000 0.000000 0.000000 0.000000 -1.518305
    10 10.314563 -0.000001 0.000001 -0.749274 -0.665167 0.706761
    11 1.646836 0.445664 -1.699647 -0.392035 3.352851 -0.875707
    12 0.928312 0.000000 0.000000 0.000000 0.000000 0.593404
    13 0.928313 0.000000 -0.000001 0.000000 0.000000 1.204231
    14 2.979373 -0.388274 -0.044205 -0.030851 -0.030823 0.768363
    15 1.435262 -0.000001 -0.000001 0.000000 0.000000 1.322953
    16 1.482593 -0.000001 0.000001 0.000000 0.000000 0.392136
    17 -2.975371 1.071532 -4.156022 -1.476992 0.900486 -4.819331
    18 4.972047 0.000000 0.000000 -0.015899 -0.448561 -0.631595
    19 11.585358 0.000000 0.000001 0.000000 0.000000 -1.662902
    20 10.127058 0.000000 0.000001 1.745973 0.273385 1.498347
    21 1.537458 0.109715 1.664489 -3.079588 0.031470 0.928526
    22 0.928313 0.000000 0.000002 0.000000 0.000000 0.061034
    23 0.928311 0.000000 0.000001 0.000000 0.000000 0.671897
    24 2.686395 -0.427337 0.044204 -0.001208 0.043611 -0.052337
    25 1.435260 0.000000 0.000001 0.000000 0.000000 1.186618
    26 1.482593 0.000000 -0.000001 0.000000 0.000000 1.684243
    27 2.046984 0.000001 0.000000 0.301667 -0.286833 0.267699
    28 -0.000005 0.000007 3.713254 -3.211259 -0.114182 1.239741
    29 18.045723 0.000000 0.000000 0.000000 0.000000 -1.751138
    30 17.597597 0.000000 0.000000 -0.219173 0.110338 -0.145482
    31 0.000005 -0.000003 -3.713254 0.829656 2.444220 5.456358
    32 18.045721 0.000000 0.000000 0.000000 0.000000 -2.607330
    33 17.597597 0.000000 0.000000 0.362757 -0.163381 0.766963
  time 33
    0 -1.186571 2.590074 -20.585090 0.000000 0.000000 -1.571017
    1 -0.523457 -0.039064 0.000000 -1.570795 -1.570787 0.000000
    2 1.293670 0.684478 -0.000001 -0.062666 0.000490 0.111774
    3 5.309685 -0.003834 0.000000 -0.035225 -0.014262 -0.004211
    4 4.826790 -0.004591 0.000000 -0.073093 0.012296 0.135166
    5 5.792767 -0.005304 0.000000 -0.111920 0.010522 0.127051
    6 6.662322 -0.001452 0.000000 -0.091910 0.032655 0.231870
    7 -3.518356 0.356631 4.277124 0.825483 -1.218417 -4.172817
    8 4.827512 0.000000 -0.000002 -0.306197 0.722944 -0.612646
    9 11.140032 0.000000 0.000000 0.000000 0.000000 -1.693280
    10 10.314563 -0.000001 0.000001 -0.683025 -0.715750 0.206429
    11 1.646836 0.445664 -1.699647 -0.392035 3.352851 -0.875707
    12 0.928312 0.000000 0.000000 0.000000 0.000000 0.593404
    13 0.928313 0.000000 -0.000001 0.000000 0.000000 1.204231
    14 2.979373 -0.388274 -0.044205 -0.026129 -0.034922 0.624619
    15 1.435262 -0.000001 -0.000001 0.000000 0.000000 1.030286
    16 1.482593 -0.000001 0.000001 0.000000 0.000000 0.397104
    17 -2.975371 1.071532 -4.156022 -1.468107 0.946415 -4.813296
    18 4.972047 0.000000 0.000000 0.137743 -0.547472 -0.739215
    19 11.585358 0.000000 0.000001 0.000000 0.000000 -1.611852
    20 10.127058 0.000000 0.000001 1.767431 0.325773 1.181611
    21 1.537458 0.109715 1.664489 -3.079588 0.031470 0.928526
    22 0.928313 0.000000 0.000002 0.000000 0.000000 0.061034
    23 0.928311 0.000000 0.000001 0.000000 0.000000 0.671897
    24 2.686395 -0.427337 0.044204 -0.001208 0.043611 -0.052337
    25 1.435260 0.000000 0.000001 0.000000 0.000000 1.186618
    26 1.482593 0.000000 -0.000001 0.000000 0.000000 1.684243
    27 2.046984 0.000001 0.000000 0.305501 -0.275769 0.258149
    28 -0.000005 0.000007 3.713254 -3.210588 -0.114565 1.239166
    29 18.045723 0.000000 0.000000 0.000000 0.000000 -1.755357
    30 17.597597 0.000000 0.000000 -0.218641 0.109772 -0.141951
    31 0.000005 -0.000003 -3.713254 0.830710 2.445178 5.464603
    32 18.045721 0.000000 0.000000 0.000000 0.000000 -2.607566
    33 17.597597 0.000000 0.000000 0.357791 -0.160442 0.772737
  time 34
    0 -1.198290 2.511946 -20.585090 0.000000 0.000000 -1.571017
    1 -0.523457 -0.039064 0.000000 -1.570795 -1.570787 0.000000
    2 1.293670 0.684478 -0.000001 -0.062599 0.000406 0.112025
    3 5.309685 -0.003834 0.000000 -0.034664 -0.014178 -0.003857
    4 4.826790 -0.004591 0.000000 -0.072349 0.010067 0.109171
    5 5.792767 -0.005304 0.000000 -0.111272 0.010355 0.125805
    6 6.662322 -0.001452 0.000000 -0.091910 0.032655 0.231870
    7 -3.518356 0.356631 4.277124 0.829413 -1.223178 -4.177608
    8 4.827512 0.000000 -0.000002 -0.240829 0.704951 -0.414823
    9 11.140032 0.000000 0.000000 0.000000 0.000000 -1.868472
    10 10.314563 -0.000001 0.000001 -0.590902 -0.729145 -0.313179
    11 1.646836 0.445664 -1.699647 -0.392035 3.352851 -0.875707
    12 0.928312 0.000000 0.000000 0.000000 0.000000 0.593404
    13 0.928313 0.000000 -0.000001 0.000000 0.000000 1.204231
    14 2.979373 -0.388274 -0.044205 -0.020856 -0.038326 0.480831
    15 1.435262 -0.000001 -0.000001 0.000000 0.000000 0.736532
    16 1.482593 -0.000001 0.000001 0.000000 0.000000 0.402500
    17 -2.975371 1.071532 -4.156022 -1.458267 0.992529 -4.806113
    18 4.972047 0.000000 0.000000 0.307237 -0.640275 -0.862142
    19 11.585358 0.000000 0.000001 0.000000 0.000000 -1.561211
    20 10.127058 0.000000 0.000001 1.770727 0.382985 0.859822
    21 1.537458 0.109715 1.664489 -3.079588 0.031470 0.928526
    22 0.928313 0.000000 0.000002 0.000000 0.000000 0.061034
    23 0.928311 0.000000 0.000001 0.000000 0.000000 0.671897
    24 2.686395 -0.427337 0.044204 -0.001208 0.043611 -0.052337
    25 1.435260 0.000000 0.000001 0.000000 0.000000 1.186618
    26 1.482593 0.000000 -0.000001 0.000000 0.000000 1.684243
    27 2.046984 0.000001 0.000000 0.319675 -0.229242 0.177916
    28 -0.000005 0.000007 3.713254 -3.209533 -0.114949 1.238399
    29 18.045723 0.000000 0.000000 0.000000 0.000000 -1.760612
    30 17.597597 0.000000 0.000000 -0.217982 0.109107 -0.137321
    31 0.000005 -0.000003 -3.713254 0.832147 2.446520 5.474861
    32 18.045721 0.000000 0.000000 0.000000 0.000000 -2.607566
    33 17.597597 0.000000 0.000000 0.351517 -0.156616 0.779988
  time 35
    0 -1.217822 2.429913 -20.585090 0.000000 0.000000 -1.571017
    1 -0.523457 -0.039064 0.000000 -1.570795 -1.570787 0.000000
    2 1.293670 0.684478 -0.000001 -0.062515 0.000323 0.112310
    3 5.309685 -0.003834 0.000000 -0.034034 -0.014094 -0.003486
    4 4.826790 -0.004591 0.000000 -0.072082 0.007910 0.084058
    5 5.792767 -0.005304 0.000000 -0.111740 0.010151 0.124414
    6 6.662322 -0.001452 0.000000 -0.091910 0.032655 0.231870
    7 -3.518356 0.356631 4.277124 0.834493 -1.228825 -4.183645
    8 4.827512 0.000000 -0.000002 -0.263947 0.734626 -0.553377
    9 11.140032 0.000000 0.000000 0.000000 0.000000 -1.782108
    10 10.314563 -0.000001 0.000001 -0.503234 -0.700294 -0.829769
    11 1.646836 0.445664 -1.699647 -0.392035 3.352851 -0.875707
    12 0.928312 0.000000 0.000000 0.000000 0.000000 0.593404
    13 0.928313 0.000000 -0.000001 0.000000 0.000000 1.204231
    14 2.979373 -0.388274 -0.044205 -0.015163 -0.040902 0.337086
    15 1.435262 -0.000001 -0.000001 0.000000 0.000000 0.441691
    16 1.482593 -0.000001 0.000001 0.000000 0.000000 0.408377
    17 -2.975371 1.071532 -4.156022 -1.447281 1.038800 -4.797780
    18 4.972047 0.000000 0.000000 0.415668 -0.778155 -0.929164
    19 11.585358 0.000000 0.000001 0.000000 0.000000 -1.663882
    20 10.127058 0.000000 0.000001 1.754108 0.439061 0.530531
    21 1.537458 0.109715 1.664489 -3.079588 0.031470 0.928526
    22 0.928313 0.000000 0.000002 0.000000 0.000000 0.061034
    23 0.928311 0.000000 0.000001 0.000000 0.000000 0.671897
    24 2.686395 -0.427337 0.044204 -0.001208 0.043611 -0.052337
    25 1.435260 0.000000 0.000001 0.000000 0.000000 1.186618
    26 1.482593 0.000000 -0.000001 0.000000 0.000000 1.684243
    27 2.046984 0.000001 0.000000 0.336779 -0.139227 0.012462
    28 -0.000005 0.000007 3.713254 -3.208575 -0.115428 1.237632
    29 18.045723 0.000000 0.000000 0.000000 0.000000 -1.765645
    30 17.597597 0.000000 0.000000 -0.217323 0.108418 -0.132920
    31 0.000005 -0.000003 -3.713254 0.833298 2.447671 5.484831
    32 18.045721 0.000000 0.000000 0.000000 0.000000 -2.607330
    33 17.597597 0.000000 0.000000 0.345545 -0.152809 0.786963
  time 36
    0 -1.217822 2.367411 -20.585090 0.000000 0.000000 -1.571017
    1 -0.523457 -0.039064 0.000000 -1.570795 -1.570787 0.000000
    2 1.293670 0.684478 -0.000001 -0.062397 0.000215 0.112611
    3 5.309685 -0.003834 0.000000 -0.033319 -0.014010 -0.003115
    4 4.826790 -0.004591 0.000000 -0.073379 0.006184 0.066089
    5 5.792767 -0.005304 0.000000 -0.114546 0.009935 0.122919
    6 6.662322 -0.001452 0.000000 -0.091910 0.032655 0.231870
    7 -3.518356 0.356631 4.277124 0.840628 -1.235330 -4.191023
    8 4.827512 0.000000 -0.000002 -0.305320 0.754239 -0.702502
    9 11.140032 0.000000 0.000000 0.000000 0.000000 -1.695961
    10 10.314563 -0.000001 0.000001 -0.448169 -0.636128 -1.322901
    11 1.646836 0.445664 -1.699647 -0.392035 3.352851 -0.875707
    12 0.928312 0.000000 0.000000 0.000000 0.000000 0.593404
    13 0.928313 0.000000 -0.000001 0.000000 0.000000 1.204231
    14 2.979373 -0.388274 -0.044205 -0.009135 -0.042652 0.193211
    15 1.435262 -0.000001 -0.000001 0.000000 0.000000 0.145932
    16 1.482593 -0.000001 0.000001 0.000000 0.000000 0.414788
    17 -2.975371 1.071532 -4.156022 -1.434575 1.085229 -4.787819
    18 4.972047 0.000000 0.000000 0.548393 -0.905027 -1.025469
    19 11.585358 0.000000 0.000001 0.000000 0.000000 -1.766799
    20 10.127058 0.000000 0.000001 1.717714 0.488046 0.191785
    21 1.537458 0.109715 1.664489 -3.079588 0.031470 0.928526
    22 0.928313 0.000000 0.000002 0.000000 0.000000 0.061034
    23 0.928311 0.000000 0.000001 0.000000 0.000000 0.671897
    24 2.686395 -0.427337 0.044204 -0.001208 0.043611 -0.052337
    25 1.435260 0.000000 0.000001 0.000000 0.000000 1.186618
    26 1.482593 0.000000 -0.000001 0.000000 0.000000 1.684243
    27 2.046984 0.000001 0.000000 0.341260 -0.045583 -0.158285
    28 -0.000005 0.000007 3.713254 -3.207903 -0.115812 1.237153
    29 18.045723 0.000000 0.000000 0.000000 0.000000 -1.769346
    30 17.597597 0.000000 0.000000 -0.216842 0.107902 -0.129756
    31 0.000005 -0.000003 -3.713254 0.834160 2.448630 5.492021
    32 18.045721 0.000000 0.000000 0.000000 0.000000 -2.607330
    33 17.597597 0.000000 0.000000 0.341149 -0.150009 0.791905
  time 37
    0 -1.229541 2.347879 -20.585090 0.000000 0.000000 -1.571017
    1 -0.523457 -0.039064 0.000000 -1.570795 -1.570787 0.000000
    2 1.293670 0.684478 -0.000001 -0.062296 0.000107 0.112929
    3 5.309685 -0.003834 0.000000 -0.032588 -0.013890 -0.002656
    4 4.826790 -0.004591 0.000000 -0.078243 0.005369 0.061194
    5 5.792767 -0.005304 0.000000 -0.122694 0.009755 0.121341
    6 6.662322 -0.001452 0.000000 -0.091910 0.032655 0.231870
    7 -3.518356 0.356631 4.277124 0.861524 -1.253220 -4.214882
    8 4.827512 0.000000 -0.000002 -0.316879 0.728145 -0.758045
    9 11.140032 0.000000 0.000000 0.000000 0.000000 -1.697772
    10 10.314563 -0.000001 0.000001 -0.526834 -0.496650 -1.207877
    11 1.646836 0.445664 -1.699647 -0.392035 3.352851 -0.875707
    12 0.928312 0.000000 0.000000 0.000000 0.000000 0.593404
    13 0.928313 0.000000 -0.000001 0.000000 0.000000 1.204231
    14 2.979373 -0.388274 -0.044205 -0.008883 -0.042712 0.186914
    15 1.435262 -0.000001 -0.000001 0.000000 0.000000 0.203019
    16 1.482593 -0.000001 0.000001 0.000000 0.000000 0.421573
    17 -2.975371 1.071532 -4.156022 -1.421965 1.087358 -4.774027
    18 4.972047 0.000000 0.000000 0.535824 -0.903902 -1.025536
    19 11.585358 0.000000 0.000001 0.000000 0.000000 -1.768596
    20 10.127058 0.000000 0.000001 1.740083 0.489748 0.191585
    21 1.537458 0.109715 1.664489 -3.079588 0.031470 0.928526
    22 0.928313 0.000000 0.000002 0.000000 0.000000 0.061034
    23 0.928311 0.000000 0.000001 0.000000 0.000000 0.671897
    24 2.686395 -0.427337 0.044204 -0.001208 0.043611 -0.052337
    25 1.435260 0.000000 0.000001 0.000000 0.000000 1.186618
    26 1.482593 0.000000 -0.000001 0.000000 0.000000 1.684243
    27 2.046984 0.000001 0.000000 0.347205 0.010238 -0.258409
    28 -0.000005 0.000007 3.713254 -3.207712 -0.115908 1.236961
    29 18.045723 0.000000 0.000000 0.000000 0.000000 -1.770530
    30 17.597597 0.000000 0.000000 -0.216690 0.107779 -0.128702
    31 0.000005 -0.000003 -3.713254 0.834160 2.448917 5.494226
    32 18.045721 0.000000 0.000000 0.000000 0.000000 -2.607330
    33 17.597597 0.000000 0.000000 0.339774 -0.149062 0.793429
  time 38
    0 -1.217822 2.355692 -20.585090 0.000000 0.000000 -1.571017
    1 -0.523457 -0.039064 0.000000 -1.570795 -1.570787 0.000000
    2 1.293670 0.684478 -0.000001 -0.062195 -0.000013 0.113248
    3 5.309685 -0.003834 0.000000 -0.031805 -0.013782 -0.002232
    4 4.826790 -0.004591 0.000000 -0.085243 0.005201 0.065251
    5 5.792767 -0.005304 0.000000 -0.134242 0.009576 0.119680
    6 6.662322 -0.001452 0.000000 -0.091910 0.032655 0.231870
    7 -3.518356 0.356631 4.277124 0.906191 -1.276668 -4.263557
    8 4.827512 0.000000 -0.000002 -0.358331 0.661291 -0.863152
    9 11.140032 0.000000 0.000000 0.000000 0.000000 -1.703351
    10 10.314563 -0.000001 0.000001 -0.626159 -0.192871 -1.009359
    11 1.646836 0.445664 -1.699647 -0.392035 3.352851 -0.875707
    12 0.928312 0.000000 0.000000 0.000000 0.000000 0.593404
    13 0.928313 0.000000 -0.000001 0.000000 0.000000 1.204231
    14 2.979373 -0.388274 -0.044205 -0.008607 -0.042760 0.180617
    15 1.435262 -0.000001 -0.000001 0.000000 0.000000 0.341099
    16 1.482593 -0.000001 0.000001 0.000000 0.000000 0.428945
    17 -2.975371 1.071532 -4.156022 -1.397700 1.088515 -4.746825
    18 4.972047 0.000000 0.000000 0.511248 -0.893135 -1.015686
    19 11.585358 0.000000 0.000001 0.000000 0.000000 -1.767779
    20 10.127058 0.000000 0.000001 1.784051 0.491639 0.191435
    21 1.537458 0.109715 1.664489 -3.079588 0.031470 0.928526
    22 0.928313 0.000000 0.000002 0.000000 0.000000 0.061034
    23 0.928311 0.000000 0.000001 0.000000 0.000000 0.671897
    24 2.686395 -0.427337 0.044204 -0.001208 0.043611 -0.052337
    25 1.435260 0.000000 0.000001 0.000000 0.000000 1.186618
    26 1.482593 0.000000 -0.000001 0.000000 0.000000 1.684243
    27 2.046984 0.000001 0.000000 0.363017 0.033634 -0.292108
    28 -0.000005 0.000007 3.713254 -3.207903 -0.115812 1.237057
    29 18.045723 0.000000 0.000000 0.000000 0.000000 -1.770012
    30 17.597597 0.000000 0.000000 -0.216816 0.107852 -0.129206
    31 0.000005 -0.000003 -3.713254 0.833968 2.448725 5.493076
    32 18.045721 0.000000 0.000000 0.000000 0.000000 -2.607330
    33 17.597597 0.000000 0.000000 0.340445 -0.149437 0.792598
  time 39
    0 -1.217822 2.367411 -20.585090 0.000000 0.000000 -1.571017
    1 -0.523457 -0.039064 0.000000 -1.570795 -1.570787 0.000000
    2 1.293670 0.684478 -0.000001 -0.062077 -0.000145 0.113582
    3 5.309685 -0.003834 0.000000 -0.030954 -0.013674 -0.001720
    4 4.826790 -0.004591 0.000000 -0.090336 0.005046 0.069352
    5 5.792767 -0.005304 0.000000 -0.142949 0.009276 0.117874
    6 6.662322 -0.001452 0.000000 -0.091910 0.032655 0.231870
    7 -3.518356 0.356631 4.277124 0.990158 -1.294528 -4.350944
    8 4.827512 0.000000 -0.000002 -0.441237 0.581304 -0.953355
    9 11.140032 0.000000 0.000000 0.000000 0.000000 -1.717262
    10 10.314563 -0.000001 0.000001 -0.699611 0.096108 -0.851659
    11 1.646836 0.445664 -1.699647 -0.392035 3.352851 -0.875707
    12 0.928312 0.000000 0.000000 0.000000 0.000000 0.593404
    13 0.928313 0.000000 -0.000001 0.000000 0.000000 1.204231
    14 2.979373 -0.388274 -0.044205 -0.009135 -0.042652 0.193211
    15 1.435262 -0.000001 -0.000001 0.000000 0.000000 0.466641
    16 1.482593 -0.000001 0.000001 0.000000 0.000000 0.436692
    17 -2.975371 1.071532 -4.156022 -1.385090 1.090776 -4.733033
    18 4.972047 0.000000 0.000000 0.504495 -0.882690 -1.023140
    19 11.585358 0.000000 0.000001 0.000000 0.000000 -1.770229
    20 10.127058 0.000000 0.000001 1.806000 0.493530 0.191535
    21 1.537458 0.109715 1.664489 -3.079588 0.031470 0.928526
    22 0.928313 0.000000 0.000002 0.000000 0.000000 0.061034
    23 0.928311 0.000000 0.000001 0.000000 0.000000 0.671897
    24 2.686395 -0.427337 0.044204 -0.001208 0.043611 -0.052337
    25 1.435260 0.000000 0.000001 0.000000 0.000000 1.186618
    26 1.482593 0.000000 -0.000001 0.000000 0.000000 1.684243
    27 2.046984 0.000001 0.000000 0.374175 0.055762 -0.316196
    28 -0.000005 0.000007 3.713254 -3.207999 -0.115716 1.237153
    29 18.045723 0.000000 0.000000 0.000000 0.000000 -1.769420
    30 17.597597 0.000000 0.000000 -0.216892 0.107975 -0.129710
    31 0.000005 -0.000003 -3.713254 0.833873 2.448534 5.491925
    32 18.045721 0.000000 0.000000 0.000000 0.000000 -2.607330
    33 17.597597 0.000000 0.000000 0.341082 -0.149811 0.791766
  time 40
    0 -1.217822 2.363504 -20.585090 0.000000 0.000000 -1.571017
    1 -0.523457 -0.039064 0.000000 -1.570795 -1.570787 0.000000
    2 1.293670 0.684478 -0.000001 -0.061942 -0.000289 0.113917
    3 5.309685 -0.003834 0.000000 -0.026393 -0.013734 -0.001967
    4 4.826790 -0.004591 0.000000 -0.091156 0.004962 0.070498
    5 5.792767 -0.005304 0.000000 -0.144711 0.009540 0.114448
    6 6.662322 -0.001452 0.000000 -0.091910 0.032655 0.231870
    7 -3.518356 0.356631 4.277124 1.117068 -1.299850 -4.481065
    8 4.827512 0.000000 -0.000002 -0.595091 0.475735 -1.014357
    9 11.140032 0.000000 0.000000 0.000000 0.000000 -1.762111
    10 10.314563 -0.000001 0.000001 -0.729181 0.368413 -0.785641
    11 1.646836 0.445664 -1.699647 -0.392035 3.352851 -0.875707
    12 0.928312 0.000000 0.000000 0.000000 0.000000 0.593404
    13 0.928313 0.000000 -0.000001 0.000000 0.000000 1.204231
    14 2.979373 -0.388274 -0.044205 -0.011172 -0.042197 0.241025
    15 1.435262 -0.000001 -0.000001 0.000000 0.000000 0.566147
    16 1.482593 -0.000001 0.000001 0.000000 0.000000 0.445026
    17 -2.975371 1.071532 -4.156022 -1.394452 1.081285 -4.742323
    18 4.972047 0.000000 0.000000 0.557491 -0.846452 -1.070194
    19 11.585358 0.000000 0.000001 0.000000 0.000000 -1.726531
    20 10.127058 0.000000 0.000001 1.812030 0.487951 0.201189
    21 1.537458 0.109715 1.664489 -3.079588 0.031470 0.928526
    22 0.928313 0.000000 0.000002 0.000000 0.000000 0.061034
    23 0.928311 0.000000 0.000001 0.000000 0.000000 0.671897
    24 2.686395 -0.427337 0.044204 -0.001208 0.043611 -0.052337
    25 1.435260 0.000000 0.000001 0.000000 0.000000 1.186618
    26 1.482593 0.000000 -0.000001 0.000000 0.000000 1.684243
    27 2.046984 0.000001 0.000000 0.371030 0.074290 -0.328727
    28 -0.000005 0.000007 3.713254 -3.207999 -0.115812 1.237057
    29 18.045723 0.000000 0.000000 0.000000 0.000000 -1.769790
    30 17.597597 0.000000 0.000000 -0.216842 0.107926 -0.129389
    31 0.000005 -0.000003 -3.713254 0.833873 2.448630 5.492692
    32 18.045721 0.000000 0.000000 0.000000 0.000000 -2.607330
    33 17.597597 0.000000 0.000000 0.340646 -0.149516 0.792321
  time 41
    0 -1.217822 2.355692 -20.585090 0.000000 0.000000 -1.571017
    1 -0.523457 -0.039064 0.000000 -1.570795 -1.570787 0.000000
    2 1.293670 0.684478 -0.000001 -0.061184 -0.001164 0.115893
    3 5.309685 -0.003834 0.000000 -0.017306 -0.013255 0.000435
    4 4.826790 -0.004591 0.000000 -0.089192 0.002768 0.077973
    5 5.792767 -0.005304 0.000000 -0.147895 0.008090 0.101492
    6 6.662322 -0.001452 0.000000 -0.091910 0.032655 0.231870
    7 -3.518356 0.356631 4.277124 1.353154 -1.311944 -4.724922
    8 4.827512 0.000000 -0.000002 -0.770468 0.325824 -1.044685
    9 11.140032 0.000000 0.000000 0.000000 0.000000 -1.819204
    10 10.314563 -0.000001 0.000001 -0.822536 0.633224 -0.738145
    11 1.646836 0.445664 -1.699647 -0.392035 3.352851 -0.875707
    12 0.928312 0.000000 0.000000 0.000000 0.000000 0.593404
    13 0.928313 0.000000 -0.000001 0.000000 0.000000 1.204231
    14 2.979373 -0.388274 -0.044205 -0.013952 -0.041346 0.307816
    15 1.435262 -0.000001 -0.000001 0.000000 0.000000 0.619264
    16 1.482593 -0.000001 0.000001 0.000000 0.000000 0.468693
    17 -2.975371 1.071532 -4.156022 -1.417953 1.056309 -4.766077
    18 4.972047 0.000000 0.000000 0.683556 -0.734204 -1.176150
    19 11.585358 0.000000 0.000001 0.000000 0.000000 -1.610055
    20 10.127058 0.000000 0.000001 1.826897 0.472632 0.226900
    21 1.537458 0.109715 1.664489 -3.079588 0.031470 0.928526
    22 0.928313 0.000000 0.000002 0.000000 0.000000 0.061034
    23 0.928311 0.000000 0.000001 0.000000 0.000000 0.671897
    24 2.686395 -0.427337 0.044204 -0.001208 0.043611 -0.052337
    25 1.435260 0.000000 0.000001 0.000000 0.000000 1.186618
    26 1.482593 0.000000 -0.000001 0.000000 0.000000 1.684243
    27 2.046984 0.000001 0.000000 0.359010 0.109576 -0.364311
    28 -0.000005 0.000007 3.713254 -3.207903 -0.115812 1.237057
    29 18.045723 0.000000 0.000000 0.000000 0.000000 -1.770234
    30 17.597597 0.000000 0.000000 -0.216766 0.107852 -0.129023
    31 0.000005 -0.000003 -3.713254 0.833968 2.448725 5.493459
    32 18.045721 0.000000 0.000000 0.000000 0.000000 -2.607330
    33 17.597597 0.000000 0.000000 0.340176 -0.149239 0.792921
  time 42
    0 -1.217822 2.367411 -20.585090 0.000000 0.000000 -1.571017
    1 -0.523457 -0.039064 0.000000 -1.570795 -1.570787 0.000000
    2 1.293670 0.684478 -0.000001 -0.059365 -0.003237 0.120530
    3 5.309685 -0.003834 0.000000 -0.011708 -0.011325 0.009426
    4 4.826790 -0.004591 0.000000 -0.086731 -0.003715 0.096185
    5 5.792767 -0.005304 0.000000 -0.161098 0.001942 0.077698
    6 6.662322 -0.001452 0.000000 -0.091910 0.032655 0.231870
    7 -3.518356 0.356631 4.277124 1.785068 -1.317178 -5.170765
    8 4.827512 0.000000 -0.000002 -0.893631 0.193309 -1.011411
    9 11.140032 0.000000 0.000000 0.000000 0.000000 -1.827101
    10 10.314563 -0.000001 0.000001 -1.196049 0.719777 -0.669456
    11 1.646836 0.445664 -1.699647 -0.392035 3.352851 -0.875707
    12 0.928312 0.000000 0.000000 0.000000 0.000000 0.593404
    13 0.928313 0.000000 -0.000001 0.000000 0.000000 1.204231
    14 2.979373 -0.388274 -0.044205 -0.016229 -0.040483 0.363663
    15 1.435262 -0.000001 -0.000001 0.000000 0.000000 0.550726
    16 1.482593 -0.000001 0.000001 0.000000 0.000000 0.517202
    17 -2.975371 1.071532 -4.156022 -1.450529 1.025707 -4.800366
    18 4.972047 0.000000 0.000000 0.828944 -0.528429 -1.311857
    19 11.585358 0.000000 0.000001 0.000000 0.000000 -1.450453
    20 10.127058 0.000000 0.000001 1.840921 0.452868 0.263716
    21 1.537458 0.109715 1.664489 -3.079588 0.031470 0.928526
    22 0.928313 0.000000 0.000002 0.000000 0.000000 0.061034
    23 0.928311 0.000000 0.000001 0.000000 0.000000 0.671897
    24 2.686395 -0.427337 0.044204 -0.001208 0.043611 -0.052337
    25 1.435260 0.000000 0.000001 0.000000 0.000000 1.186618
    26 1.482593 0.000000 -0.000001 0.000000 0.000000 1.684243
    27 2.046984 0.000001 0.000000 0.348627 0.177316 -0.448316
    28 -0.000005 0.000007 3.713254 -3.207999 -0.115716 1.237153
    29 18.045723 0.000000 0.000000 0.000000 0.000000 -1.769420
    30 17.597597 0.000000 0.000000 -0.216892 0.107975 -0.129710
    31 0.000005 -0.000003 -3.713254 0.833873 2.448534 5.491925
    32 18.045721 0.000000 0.000000 0.000000 0.000000 -2.607330
    33 17.597597 0.000000 0.000000 0.341082 -0.149811 0.791766
  time 43
    0 -1.217822 2.406474 -20.585090 0.000000 0.000000 -1.571017
    1 -0.523457 -0.039064 0.000000 -1.570795 -1.570787 0.000000
    2 1.293670 0.684478 -0.000001 -0.056855 -0.006113 0.126942
    3 5.309685 -0.003834 0.000000 -0.015673 -0.007826 0.024228
    4 4.826790 -0.004591 0.000000 -0.085510 -0.013734 0.121761
    5 5.792767 -0.005304 0.000000 -0.183583 -0.009252 0.049855
    6 6.662322 -0.001452 0.000000 -0.091910 0.032655 0.231870
    7 -3.518356 0.356631 4.277124 2.263566 -1.256502 -5.667295
    8 4.827512 0.000000 -0.000002 -0.903675 0.256838 -0.919735
    9 11.140032 0.000000 0.000000 0.000000 0.000000 -1.693570
    10 10.314563 -0.000001 0.000001 -2.185703 0.383119 -0.352546
    11 1.646836 0.445664 -1.699647 -0.392035 3.352851 -0.875707
    12 0.928312 0.000000 0.000000 0.000000 0.000000 0.593404
    13 0.928313 0.000000 -0.000001 0.000000 0.000000 1.204231
    14 2.979373 -0.388274 -0.044205 -0.016265 -0.040471 0.364402
    15 1.435262 -0.000001 -0.000001 0.000000 0.000000 0.212966
    16 1.482593 -0.000001 0.000001 0.000000 0.000000 0.582273
    17 -2.975371 1.071532 -4.156022 -1.485589 0.991582 -4.838487
    18 4.972047 0.000000 0.000000 0.944129 -0.244635 -1.430059
    19 11.585358 0.000000 0.000001 0.000000 0.000000 -1.264549
    20 10.127058 0.000000 0.000001 1.852281 0.429510 0.306434
    21 1.537458 0.109715 1.664489 -3.079588 0.031470 0.928526
    22 0.928313 0.000000 0.000002 0.000000 0.000000 0.061034
    23 0.928311 0.000000 0.000001 0.000000 0.000000 0.671897
    24 2.686395 -0.427337 0.044204 -0.001208 0.043611 -0.052337
    25 1.435260 0.000000 0.000001 0.000000 0.000000 1.186618
    26 1.482593 0.000000 -0.000001 0.000000 0.000000 1.684243
    27 2.046984 0.000001 0.000000 0.337598 0.271491 -0.568818
    28 -0.000005 0.000007 3.713254 -3.208575 -0.115524 1.237441
    29 18.045723 0.000000 0.000000 0.000000 0.000000 -1.767051
    30 17.597597 0.000000 0.000000 -0.217272 0.108394 -0.131728
    31 0.000005 -0.000003 -3.713254 0.833010 2.447767 5.487132
    32 18.045721 0.000000 0.000000 0.000000 0.000000 -2.607566
    33 17.597597 0.000000 0.000000 0.343867 -0.151527 0.788441
  time 44
    0 -1.198290 2.453351 -20.585090 0.000000 0.000000 -1.571017
    1 -0.523457 -0.039064 0.000000 -1.570795 -1.570787 0.000000
    2 1.293670 0.684478 -0.000001 -0.054042 -0.009445 0.134224
    3 5.309685 -0.003834 0.000000 -0.024760 -0.002948 0.041891
    4 4.826790 -0.004591 0.000000 -0.084919 -0.025503 0.151129
    5 5.792767 -0.005304 0.000000 -0.209773 -0.024113 0.020455
    6 6.662322 -0.001452 0.000000 -0.091910 0.032655 0.231870
    7 -3.518356 0.356631 4.277124 -3.717377 -1.133790 -5.988478
    8 4.827512 0.000000 -0.000002 -0.894986 0.300668 -0.881695
    9 11.140032 0.000000 0.000000 0.000000 0.000000 -1.506495
    10 10.314563 -0.000001 0.000001 -3.277242 0.228092 0.252880
    11 1.646836 0.445664 -1.699647 -0.392035 3.352851 -0.875707
    12 0.928312 0.000000 0.000000 0.000000 0.000000 0.593404
    13 0.928313 0.000000 -0.000001 0.000000 0.000000 1.204231
    14 2.979373 -0.388274 -0.044205 -0.017512 -0.039968 0.395452
    15 1.435262 -0.000001 -0.000001 0.000000 0.000000 -0.077027
    16 1.482593 -0.000001 0.000001 0.000000 0.000000 0.655625
    17 -2.975371 1.071532 -4.156022 -1.518739 0.956195 -4.876224
    18 4.972047 0.000000 0.000000 1.024702 0.082066 -1.512055
    19 11.585358 0.000000 0.000001 0.000000 0.000000 -1.069580
    20 10.127058 0.000000 0.000001 1.860205 0.403789 0.350253
    21 1.537458 0.109715 1.664489 -3.079588 0.031470 0.928526
    22 0.928313 0.000000 0.000002 0.000000 0.000000 0.061034
    23 0.928311 0.000000 0.000001 0.000000 0.000000 0.671897
    24 2.686395 -0.427337 0.044204 -0.001208 0.043611 -0.052337
    25 1.435260 0.000000 0.000001 0.000000 0.000000 1.186618
    26 1.482593 0.000000 -0.000001 0.000000 0.000000 1.684243
    27 2.046984 0.000001 0.000000 0.307957 0.379267 -0.713042
    28 -0.000005 0.000007 3.713254 -3.209342 -0.115141 1.237920
    29 18.045723 0.000000 0.000000 0.000000 0.000000 -1.763869
    30 17.597597 0.000000 0.000000 -0.217779 0.108984 -0.134524
    31 0.000005 -0.000003 -3.713254 0.831860 2.446808 5.480421
    32 18.045721 0.000000 0.000000 0.000000 0.000000 -2.607645
    33 17.597597 0.000000 0.000000 0.347625 -0.153658 0.783822
  time 45
    0 -1.186571 2.515853 -20.585090 0.000000 0.000000 -1.571017
    1 -0.523457 -0.039064 0.000000 -1.570795 -1.570787 0.000000
    2 1.293670 0.684478 -0.000001 -0.051229 -0.012777 0.141490
    3 5.309685 -0.003834 0.000000 -0.036808 0.002804 0.059997
    4 4.826790 -0.004591 0.000000 -0.084995 -0.037464 0.180608
    5 5.792767 -0.005304 0.000000 -0.235909 -0.040832 -0.007181
    6 6.662322 -0.001452 0.000000 -0.091910 0.032655 0.231870
    7 -3.518356 0.356631 4.277124 -3.556344 -0.990528 0.115912
    8 4.827512 0.000000 -0.000002 -1.005553 0.037599 -0.856827
    9 11.140032 0.000000 0.000000 0.000000 0.000000 -1.369486
    10 10.314563 -0.000001 0.000001 -3.794057 0.286450 0.552487
    11 1.646836 0.445664 -1.699647 -0.392035 3.352851 -0.875707
    12 0.928312 0.000000 0.000000 0.000000 0.000000 0.593404
    13 0.928313 0.000000 -0.000001 0.000000 0.000000 1.204231
    14 2.979373 -0.388274 -0.044205 -0.023840 -0.036528 0.560650
    15 1.435262 -0.000001 -0.000001 0.000000 0.000000 0.091352
    16 1.482593 -0.000001 0.000001 0.000000 0.000000 0.728977
    17 -2.975371 1.071532 -4.156022 -1.547303 0.922307 -4.909556
    18 4.972047 0.000000 0.000000 1.081544 0.413669 -1.561173
    19 11.585358 0.000000 0.000001 0.000000 0.000000 -0.882124
    20 10.127058 0.000000 0.000001 1.864413 0.377973 0.391071
    21 1.537458 0.109715 1.664489 -3.079588 0.031470 0.928526
    22 0.928313 0.000000 0.000002 0.000000 0.000000 0.061034
    23 0.928311 0.000000 0.000001 0.000000 0.000000 0.671897
    24 2.686395 -0.427337 0.044204 -0.001208 0.043611 -0.052337
    25 1.435260 0.000000 0.000001 0.000000 0.000000 1.186618
    26 1.482593 0.000000 -0.000001 0.000000 0.000000 1.684243
    27 2.046984 0.000001 0.000000 0.253026 0.485037 -0.871319
    28 -0.000005 0.000007 3.713254 -3.210492 -0.114757 1.238495
    29 18.045723 0.000000 0.000000 0.000000 0.000000 -1.760316
    30 17.597597 0.000000 0.000000 -0.218489 0.109772 -0.137504
    31 0.000005 -0.000003 -3.713254 0.829943 2.445370 5.472847
    32 18.045721 0.000000 0.000000 0.000000 0.000000 -2.607881
    33 17.597597 0.000000 0.000000 0.351785 -0.155788 0.778418
  time 46
    0 -1.167039 2.566636 -20.585090 0.000000 0.000000 -1.571017
    1 -0.523457 -0.039064 0.000000 -1.570795 -1.570787 0.000000
    2 1.293670 0.684478 -0.000001 -0.048803 -0.015713 0.147885
    3 5.309685 -0.003834 0.000000 -0.049673 0.008845 0.076159
    4 4.826790 -0.004591 0.000000 -0.085663 -0.048010 0.206691
    5 5.792767 -0.005304 0.000000 -0.258825 -0.057071 -0.030103
    6 6.662322 -0.001452 0.000000 -0.091910 0.032655 0.231870
    7 -3.518356 0.356631 4.277124 -3.478511 -0.849542 0.020190
    8 4.827512 0.000000 -0.000002 -1.174792 -0.272115 -0.705188
    9 11.140032 0.000000 0.000000 0.000000 0.000000 -1.236969
    10 10.314563 -0.000001 0.000001 -4.113927 0.347618 0.795075
    11 1.646836 0.445664 -1.699647 -0.392035 3.352851 -0.875707
    12 0.928312 0.000000 0.000000 0.000000 0.000000 0.593404
    13 0.928313 0.000000 -0.000001 0.000000 0.000000 1.204231
    14 2.979373 -0.388274 -0.044205 -0.030851 -0.030823 0.768363
    15 1.435262 -0.000001 -0.000001 0.000000 0.000000 0.418706
    16 1.482593 -0.000001 0.000001 0.000000 0.000000 0.794048
    17 -2.975371 1.071532 -4.156022 -1.569180 0.892704 -4.936661
    18 4.972047 0.000000 0.000000 1.124972 0.711042 -1.582937
    19 11.585358 0.000000 0.000001 0.000000 0.000000 -0.719091
    20 10.127058 0.000000 0.000001 1.865675 0.354616 0.425335
    21 1.537458 0.109715 1.664489 -3.079588 0.031470 0.928526
    22 0.928313 0.000000 0.000002 0.000000 0.000000 0.061034
    23 0.928311 0.000000 0.000001 0.000000 0.000000 0.671897
    24 2.686395 -0.427337 0.044204 -0.001208 0.043611 -0.052337
    25 1.435260 0.000000 0.000001 0.000000 0.000000 1.186618
    26 1.482593 0.000000 -0.000001 0.000000 0.000000 1.684243
    27 2.046984 0.000001 0.000000 0.177674 0.573075 -1.030142
    28 -0.000005 0.000007 3.713254 -3.211451 -0.114278 1.238974
    29 18.045723 0.000000 0.000000 0.000000 0.000000 -1.756985
    30 17.597597 0.000000 0.000000 -0.219173 0.110535 -0.140439
    31 0.000005 -0.000003 -3.713254 0.827930 2.444028 5.465370
    32 18.045721 0.000000 0.000000 0.000000 0.000000 -2.608117
    33 17.597597 0.000000 0.000000 0.355744 -0.157602 0.773106
end
