version 1
nodes
  0 "Bip01" -1
  1 "Bip01 Pelvis" 0
  2 "Bip01 Spine" 1
  3 "Bip01 Spine1" 2
  4 "Bip01 Spine2" 3
  5 "Bip01 Spine3" 4
  6 "Bip01 Neck" 5
  7 "Bip01 L Arm" 6
  8 "Bip01 L Arm1" 7
  9 "Bip01 L Arm2" 8
  10 "Bip01 L Hand" 9
  11 "Bip01 L Finger0" 10
  12 "Bip01 L Finger01" 11
  13 "Bip01 L Finger02" 12
  14 "Bip01 L Finger1" 10
  15 "Bip01 L Finger11" 14
  16 "Bip01 L Finger12" 15
  17 "Bip01 R Arm" 6
  18 "Bip01 R Arm1" 17
  19 "Bip01 R Arm2" 18
  20 "Bip01 R Hand" 19
  21 "Bip01 R Finger0" 20
  22 "Bip01 R Finger01" 21
  23 "Bip01 R Finger02" 22
  24 "Bip01 R Finger1" 20
  25 "Bip01 R Finger11" 24
  26 "Bip01 R Finger12" 25
  27 "Bip01 Head" 6
  28 "Bip01 L Leg" 1
  29 "Bip01 L Leg1" 28
  30 "Bip01 L Foot" 29
  31 "Bip01 R Leg" 1
  32 "Bip01 R Leg1" 31
  33 "Bip01 R Foot" 32
end
skeleton
  time 0
    0 -1.756901 -2.027255 -20.585090 0.000000 0.000000 -1.571017
    1 -5.132973 0.316416 0.000000 -1.570795 -1.570787 0.000000
    2 1.293670 0.684478 -0.000001 -0.000004 -0.000001 0.266227
    3 5.309685 -0.003834 0.000000 0.000000 0.000000 0.223103
    4 4.826790 -0.004591 0.000000 -0.159252 0.071488 0.223800
    5 5.792767 -0.005304 0.000000 -0.125392 0.049712 0.225549
    6 6.662322 -0.001452 0.000000 0.000000 -0.000015 0.471000
    7 -3.108188 1.516823 4.339626 1.238993 -1.024532 -4.799756
    8 4.827512 0.000000 -0.000002 -0.541521 0.220085 -1.016870
    9 11.140032 0.000000 0.000000 0.070821 -0.105579 -0.701031
    10 10.314563 -0.000001 0.000001 -3.988822 0.203081 -0.504208
    11 1.646836 0.445664 -1.699647 -0.161704 0.581044 -0.283978
    12 0.928312 0.000000 0.000000 0.000000 0.000000 0.000000
    13 0.928313 0.000000 -0.000001 0.000000 0.000000 0.000000
    14 2.979373 -0.388274 -0.044205 -0.000805 -0.043611 0.000046
    15 1.435262 -0.000001 -0.000001 0.000000 0.000000 0.872146
    16 1.482593 -0.000001 0.000001 0.000000 0.000000 0.907041
    17 -2.869899 1.399667 -4.140396 -1.163265 1.764468 -4.903713
    18 4.972047 0.000000 0.000000 1.036708 -0.754693 -1.693019
    19 11.585358 0.000000 0.000001 0.386603 -0.383573 -1.601969
    20 10.127058 0.000000 0.000001 1.960763 0.596700 0.774136
    21 1.537458 0.109715 1.664489 -0.264662 -0.055995 0.783079
    22 0.928313 0.000000 0.000002 0.000000 0.000000 -0.453501
    23 0.928311 0.000000 0.000001 0.000000 0.000000 0.000000
    24 2.686395 -0.427337 0.044204 -0.005762 0.043239 -0.157074
    25 1.435260 0.000000 0.000001 0.000000 0.000000 0.732613
    26 1.482593 0.000000 -0.000001 0.000000 0.000000 1.168644
    27 2.046984 0.000001 0.000000 0.198440 0.246383 -0.134379
    28 -0.000005 0.000007 3.713254 -3.204068 -0.120606 1.238399
    29 18.045723 0.000000 0.000000 0.000000 0.000000 -1.756393
    30 17.597597 0.000000 0.000000 -0.210887 0.105637 -0.141218
    31 0.000005 -0.000003 -3.713254 0.848441 2.461380 5.479079
    32 18.045721 0.000000 0.000000 0.000000 0.000000 -2.603394
    33 17.597597 0.000000 0.000000 0.362388 -0.168095 0.787471
  time 1
    0 -1.756901 -2.027255 -20.585090 0.000000 0.000000 -1.571017
    1 -5.117348 0.316416 0.000000 -1.570795 -1.570787 0.000000
    2 1.293670 0.684478 -0.000001 -0.000004 -0.000001 0.266227
    3 5.309685 -0.003834 0.000000 0.000000 0.000000 0.223103
    4 4.826790 -0.004591 0.000000 -0.159252 0.071488 0.223800
    5 5.792767 -0.005304 0.000000 -0.125392 0.049712 0.225549
    6 6.662322 -0.001452 0.000000 0.000000 -0.000015 0.471000
    7 -3.108188 1.516823 4.339626 1.238993 -1.024532 -4.799756
    8 4.827512 0.000000 -0.000002 -0.544471 0.210193 -1.017217
    9 11.140032 0.000000 0.000000 0.070821 -0.105904 -0.703712
    10 10.314563 -0.000001 0.000001 -3.988822 0.203081 -0.504208
    11 1.646836 0.445664 -1.699647 -0.161704 0.581044 -0.283978
    12 0.928312 0.000000 0.000000 0.000000 0.000000 0.000000
    13 0.928313 0.000000 -0.000001 0.000000 0.000000 0.000000
    14 2.979373 -0.388274 -0.044205 -0.000805 -0.043611 0.000046
    15 1.435262 -0.000001 -0.000001 0.000000 0.000000 0.872146
    16 1.482593 -0.000001 0.000001 0.000000 0.000000 0.907041
    17 -2.869899 1.399667 -4.140396 -1.163265 1.764468 -4.903713
    18 4.972047 0.000000 0.000000 1.032206 -0.760398 -1.690424
    19 11.585358 0.000000 0.000001 0.386603 -0.383528 -1.604583
    20 10.127058 0.000000 0.000001 1.942531 0.599537 0.743122
    21 1.537458 0.109715 1.664489 -0.264662 -0.055995 0.783079
    22 0.928313 0.000000 0.000002 0.000000 0.000000 -0.453501
    23 0.928311 0.000000 0.000001 0.000000 0.000000 0.000000
    24 2.686395 -0.427337 0.044204 -0.005762 0.043239 -0.157074
    25 1.435260 0.000000 0.000001 0.000000 0.000000 0.732613
    26 1.482593 0.000000 -0.000001 0.000000 0.000000 1.168644
    27 2.046984 0.000001 0.000000 0.198612 0.238830 -0.137907
    28 -0.000005 0.000007 3.713254 -3.203877 -0.120701 1.238207
    29 18.045723 0.000000 0.000000 0.000000 0.000000 -1.757133
    30 17.597597 0.000000 0.000000 -0.210684 0.105514 -0.140530
    31 0.000005 -0.000003 -3.713254 0.848345 2.461955 5.480229
    32 18.045721 0.000000 0.000000 0.000000 0.000000 -2.603394
    33 17.597597 0.000000 0.000000 0.361884 -0.167385 0.788579
  time 2
    0 -1.756901 -2.027255 -20.585090 0.000000 0.000000 -1.571017
    1 -5.105629 0.312510 0.000000 -1.570795 -1.570787 0.000000
    2 1.293670 0.684478 -0.000001 -0.000004 -0.000001 0.266227
    3 5.309685 -0.003834 0.000000 0.000000 0.000000 0.223103
    4 4.826790 -0.004591 0.000000 -0.159252 0.071488 0.223800
    5 5.792767 -0.005304 0.000000 -0.125392 0.049712 0.225549
    6 6.662322 -0.001452 0.000000 0.000000 -0.000015 0.471000
    7 -3.108188 1.516823 4.339626 1.238993 -1.024532 -4.799756
    8 4.827512 0.000000 -0.000002 -0.553080 0.178983 -1.022416
    9 11.140032 0.000000 0.000000 0.070821 -0.105180 -0.697843
    10 10.314563 -0.000001 0.000001 -3.988822 0.203081 -0.504208
    11 1.646836 0.445664 -1.699647 -0.161704 0.581044 -0.283978
    12 0.928312 0.000000 0.000000 0.000000 0.000000 0.000000
    13 0.928313 0.000000 -0.000001 0.000000 0.000000 0.000000
    14 2.979373 -0.388274 -0.044205 -0.000805 -0.043611 0.000046
    15 1.435262 -0.000001 -0.000001 0.000000 0.000000 0.872146
    16 1.482593 -0.000001 0.000001 0.000000 0.000000 0.907041
    17 -2.869899 1.399667 -4.140396 -1.163265 1.764468 -4.903713
    18 4.972047 0.000000 0.000000 1.021044 -0.774459 -1.683036
    19 11.585358 0.000000 0.000001 0.386603 -0.383459 -1.607686
    20 10.127058 0.000000 0.000001 1.893094 0.607291 0.658936
    21 1.537458 0.109715 1.664489 -0.264662 -0.055995 0.783079
    22 0.928313 0.000000 0.000002 0.000000 0.000000 -0.453501
    23 0.928311 0.000000 0.000001 0.000000 0.000000 0.000000
    24 2.686395 -0.427337 0.044204 -0.005762 0.043239 -0.157074
    25 1.435260 0.000000 0.000001 0.000000 0.000000 0.732613
    26 1.482593 0.000000 -0.000001 0.000000 0.000000 1.168644
    27 2.046984 0.000001 0.000000 0.199258 0.217794 -0.147275
    28 -0.000005 0.000007 3.713254 -3.203685 -0.120893 1.238112
    29 18.045723 0.000000 0.000000 0.000000 0.000000 -1.758022
    30 17.597597 0.000000 0.000000 -0.210532 0.105391 -0.139751
    31 0.000005 -0.000003 -3.713254 0.848345 2.462530 5.481571
    32 18.045721 0.000000 0.000000 0.000000 0.000000 -2.603394
    33 17.597597 0.000000 0.000000 0.361280 -0.166596 0.789780
  time 3
    0 -1.756901 -2.027255 -20.585090 0.000000 0.000000 -1.571017
    1 -5.093909 0.312510 0.000000 -1.570795 -1.570787 0.000000
    2 1.293670 0.684478 -0.000001 -0.000004 -0.000001 0.266227
    3 5.309685 -0.003834 0.000000 0.000000 0.000000 0.223103
    4 4.826790 -0.004591 0.000000 -0.159252 0.071488 0.223800
    5 5.792767 -0.005304 0.000000 -0.125392 0.049712 0.225549
    6 6.662322 -0.001452 0.000000 0.000000 -0.000015 0.471000
    7 -3.108188 1.516823 4.339626 1.238993 -1.024532 -4.799756
    8 4.827512 0.000000 -0.000002 -0.566233 0.130633 -1.033507
    9 11.140032 0.000000 0.000000 0.070821 -0.102359 -0.676252
    10 10.314563 -0.000001 0.000001 -3.988822 0.203081 -0.504208
    11 1.646836 0.445664 -1.699647 -0.161704 0.581044 -0.283978
    12 0.928312 0.000000 0.000000 0.000000 0.000000 0.000000
    13 0.928313 0.000000 -0.000001 0.000000 0.000000 0.000000
    14 2.979373 -0.388274 -0.044205 -0.000805 -0.043611 0.000046
    15 1.435262 -0.000001 -0.000001 0.000000 0.000000 0.872146
    16 1.482593 -0.000001 0.000001 0.000000 0.000000 0.907041
    17 -2.869899 1.399667 -4.140396 -1.163265 1.764468 -4.903713
    18 4.972047 0.000000 0.000000 1.005567 -0.794145 -1.673785
    19 11.585358 0.000000 0.000001 0.386603 -0.383459 -1.608013
    20 10.127058 0.000000 0.000001 1.820165 0.618639 0.534832
    21 1.537458 0.109715 1.664489 -0.264662 -0.055995 0.783079
    22 0.928313 0.000000 0.000002 0.000000 0.000000 -0.453501
    23 0.928311 0.000000 0.000001 0.000000 0.000000 0.000000
    24 2.686395 -0.427337 0.044204 -0.005762 0.043239 -0.157074
    25 1.435260 0.000000 0.000001 0.000000 0.000000 0.732613
    26 1.482593 0.000000 -0.000001 0.000000 0.000000 1.168644
    27 2.046984 0.000001 0.000000 0.200637 0.185813 -0.160414
    28 -0.000005 0.000007 3.713254 -3.203493 -0.120989 1.238016
    29 18.045723 0.000000 0.000000 0.000000 0.000000 -1.758836
    30 17.597597 0.000000 0.000000 -0.210380 0.105293 -0.139017
    31 0.000005 -0.000003 -3.713254 0.848153 2.463105 5.482818
    32 18.045721 0.000000 0.000000 0.000000 0.000000 -2.603394
    33 17.597597 0.000000 0.000000 0.360710 -0.165748 0.790981
  time 4
    0 -1.756901 -2.027255 -20.585090 0.000000 0.000000 -1.571017
    1 -5.086097 0.304697 0.000000 -1.570795 -1.570787 0.000000
    2 1.293670 0.684478 -0.000001 -0.000004 -0.000001 0.266227
    3 5.309685 -0.003834 0.000000 0.000000 0.000000 0.223103
    4 4.826790 -0.004591 0.000000 -0.159252 0.071488 0.223800
    5 5.792767 -0.005304 0.000000 -0.125392 0.049712 0.225549
    6 6.662322 -0.001452 0.000000 0.000000 -0.000015 0.471000
    7 -3.108188 1.516823 4.339626 1.238993 -1.024532 -4.799756
    8 4.827512 0.000000 -0.000002 -0.581619 0.070344 -1.051617
    9 11.140032 0.000000 0.000000 0.070821 -0.096966 -0.634809
    10 10.314563 -0.000001 0.000001 -3.988822 0.203081 -0.504208
    11 1.646836 0.445664 -1.699647 -0.161704 0.581044 -0.283978
    12 0.928312 0.000000 0.000000 0.000000 0.000000 0.000000
    13 0.928313 0.000000 -0.000001 0.000000 0.000000 0.000000
    14 2.979373 -0.388274 -0.044205 -0.000805 -0.043611 0.000046
    15 1.435262 -0.000001 -0.000001 0.000000 0.000000 0.872146
    16 1.482593 -0.000001 0.000001 0.000000 0.000000 0.907041
    17 -2.869899 1.399667 -4.140396 -1.163265 1.764468 -4.903713
    18 4.972047 0.000000 0.000000 0.986901 -0.817607 -1.662138
    19 11.585358 0.000000 0.000001 0.386603 -0.383505 -1.605808
    20 10.127058 0.000000 0.000001 1.731668 0.632350 0.384168
    21 1.537458 0.109715 1.664489 -0.264662 -0.055995 0.783079
    22 0.928313 0.000000 0.000002 0.000000 0.000000 -0.453501
    23 0.928311 0.000000 0.000001 0.000000 0.000000 0.000000
    24 2.686395 -0.427337 0.044204 -0.005762 0.043239 -0.157074
    25 1.435260 0.000000 0.000001 0.000000 0.000000 0.732613
    26 1.482593 0.000000 -0.000001 0.000000 0.000000 1.168644
    27 2.046984 0.000001 0.000000 0.202964 0.145452 -0.175621
    28 -0.000005 0.000007 3.713254 -3.203301 -0.121085 1.237920
    29 18.045723 0.000000 0.000000 0.000000 0.000000 -1.759502
    30 17.597597 0.000000 0.000000 -0.210253 0.105170 -0.138421
    31 0.000005 -0.000003 -3.713254 0.848057 2.463585 5.483872
    32 18.045721 0.000000 0.000000 0.000000 0.000000 -2.603394
    33 17.597597 0.000000 0.000000 0.360207 -0.165097 0.791905
  time 5
    0 -1.756901 -2.027255 -20.585090 0.000000 0.000000 -1.571017
    1 -5.074378 0.304697 0.000000 -1.570795 -1.570787 0.000000
    2 1.293670 0.684478 -0.000001 -0.000004 -0.000001 0.266227
    3 5.309685 -0.003834 0.000000 0.000000 0.000000 0.223103
    4 4.826790 -0.004591 0.000000 -0.159252 0.071488 0.223800
    5 5.792767 -0.005304 0.000000 -0.125392 0.049712 0.225549
    6 6.662322 -0.001452 0.000000 0.000000 -0.000015 0.471000
    7 -3.108188 1.516823 4.339626 1.238993 -1.024532 -4.799756
    8 4.827512 0.000000 -0.000002 -0.596127 0.004598 -1.075099
    9 11.140032 0.000000 0.000000 0.070821 -0.088927 -0.575180
    10 10.314563 -0.000001 0.000001 -3.988822 0.203081 -0.504208
    11 1.646836 0.445664 -1.699647 -0.161704 0.581044 -0.283978
    12 0.928312 0.000000 0.000000 0.000000 0.000000 0.000000
    13 0.928313 0.000000 -0.000001 0.000000 0.000000 0.000000
    14 2.979373 -0.388274 -0.044205 -0.000805 -0.043611 0.000046
    15 1.435262 -0.000001 -0.000001 0.000000 0.000000 0.872146
    16 1.482593 -0.000001 0.000001 0.000000 0.000000 0.907041
    17 -2.869899 1.399667 -4.140396 -1.163265 1.764468 -4.903713
    18 4.972047 0.000000 0.000000 0.966828 -0.842997 -1.649758
    19 11.585358 0.000000 0.000001 0.386603 -0.383596 -1.600989
    20 10.127058 0.000000 0.000001 1.635388 0.647386 0.220197
    21 1.537458 0.109715 1.664489 -0.264662 -0.055995 0.783079
    22 0.928313 0.000000 0.000002 0.000000 0.000000 -0.453501
    23 0.928311 0.000000 0.000001 0.000000 0.000000 0.000000
    24 2.686395 -0.427337 0.044204 -0.005762 0.043239 -0.157074
    25 1.435260 0.000000 0.000001 0.000000 0.000000 0.732613
    26 1.482593 0.000000 -0.000001 0.000000 0.000000 1.168644
    27 2.046984 0.000001 0.000000 0.206583 0.099250 -0.190767
    28 -0.000005 0.000007 3.713254 -3.203301 -0.121085 1.237824
    29 18.045723 0.000000 0.000000 0.000000 0.000000 -1.759946
    30 17.597597 0.000000 0.000000 -0.210228 0.105145 -0.138100
    31 0.000005 -0.000003 -3.713254 0.847866 2.463777 5.484448
    32 18.045721 0.000000 0.000000 0.000000 0.000000 -2.603394
    33 17.597597 0.000000 0.000000 0.359905 -0.164683 0.792321
  time 6
    0 -1.756901 -2.027255 -20.585090 0.000000 0.000000 -1.571017
    1 -5.070471 0.304697 0.000000 -1.570795 -1.570787 0.000000
    2 1.293670 0.684478 -0.000001 -0.000004 -0.000001 0.266227
    3 5.309685 -0.003834 0.000000 0.000000 0.000000 0.223103
    4 4.826790 -0.004591 0.000000 -0.159252 0.071488 0.223800
    5 5.792767 -0.005304 0.000000 -0.125392 0.049712 0.225549
    6 6.662322 -0.001452 0.000000 0.000000 -0.000015 0.471000
    7 -3.108188 1.516823 4.339626 1.238993 -1.024532 -4.799756
    8 4.827512 0.000000 -0.000002 -0.607048 -0.060210 -1.103000
    9 11.140032 0.000000 0.000000 0.070821 -0.078317 -0.499611
    10 10.314563 -0.000001 0.000001 -3.988822 0.203081 -0.504208
    11 1.646836 0.445664 -1.699647 -0.161704 0.581044 -0.283978
    12 0.928312 0.000000 0.000000 0.000000 0.000000 0.000000
    13 0.928313 0.000000 -0.000001 0.000000 0.000000 0.000000
    14 2.979373 -0.388274 -0.044205 -0.000805 -0.043611 0.000046
    15 1.435262 -0.000001 -0.000001 0.000000 0.000000 0.872146
    16 1.482593 -0.000001 0.000001 0.000000 0.000000 0.907041
    17 -2.869899 1.399667 -4.140396 -1.163265 1.764468 -4.903713
    18 4.972047 0.000000 0.000000 0.947693 -0.867664 -1.637978
    19 11.585358 0.000000 0.000001 0.386603 -0.383777 -1.591840
    20 10.127058 0.000000 0.000001 1.539178 0.662327 0.056226
    21 1.537458 0.109715 1.664489 -0.264662 -0.055995 0.783079
    22 0.928313 0.000000 0.000002 0.000000 0.000000 -0.453501
    23 0.928311 0.000000 0.000001 0.000000 0.000000 0.000000
    24 2.686395 -0.427337 0.044204 -0.005762 0.043239 -0.157074
    25 1.435260 0.000000 0.000001 0.000000 0.000000 0.732613
    26 1.482593 0.000000 -0.000001 0.000000 0.000000 1.168644
    27 2.046984 0.000001 0.000000 0.211623 0.049713 -0.203967
    28 -0.000005 0.000007 3.713254 -3.203206 -0.121085 1.237824
    29 18.045723 0.000000 0.000000 0.000000 0.000000 -1.760168
    30 17.597597 0.000000 0.000000 -0.210177 0.105096 -0.137917
    31 0.000005 -0.000003 -3.713254 0.847866 2.463872 5.484831
    32 18.045721 0.000000 0.000000 0.000000 0.000000 -2.603394
    33 17.597597 0.000000 0.000000 0.359670 -0.164466 0.792690
  time 7
    0 -1.756901 -2.027255 -20.585090 0.000000 0.000000 -1.571017
    1 -5.070471 0.304697 0.000000 -1.570795 -1.570787 0.000000
    2 1.293670 0.684478 -0.000001 -0.000004 -0.000001 0.266227
    3 5.309685 -0.003834 0.000000 0.000000 0.000000 0.223103
    4 4.826790 -0.004591 0.000000 -0.159252 0.071488 0.223800
    5 5.792767 -0.005304 0.000000 -0.125392 0.049712 0.225549
    6 6.662322 -0.001452 0.000000 0.000000 -0.000015 0.471000
    7 -3.108188 1.516823 4.339626 1.238993 -1.024532 -4.799756
    8 4.827512 0.000000 -0.000002 -0.612868 -0.110607 -1.127523
    9 11.140032 0.000000 0.000000 0.070821 -0.068456 -0.432012
    10 10.314563 -0.000001 0.000001 -3.988822 0.203081 -0.504208
    11 1.646836 0.445664 -1.699647 -0.161704 0.581044 -0.283978
    12 0.928312 0.000000 0.000000 0.000000 0.000000 0.000000
    13 0.928313 0.000000 -0.000001 0.000000 0.000000 0.000000
    14 2.979373 -0.388274 -0.044205 -0.000805 -0.043611 0.000046
    15 1.435262 -0.000001 -0.000001 0.000000 0.000000 0.872146
    16 1.482593 -0.000001 0.000001 0.000000 0.000000 0.907041
    17 -2.869899 1.399667 -4.140396 -1.163265 1.764468 -4.903713
    18 4.972047 0.000000 0.000000 0.929871 -0.890725 -1.626930
    19 11.585358 0.000000 0.000001 0.386603 -0.383981 -1.581304
    20 10.127058 0.000000 0.000001 1.450681 0.676134 -0.094389
    21 1.537458 0.109715 1.664489 -0.264662 -0.055995 0.783079
    22 0.928313 0.000000 0.000002 0.000000 0.000000 -0.453501
    23 0.928311 0.000000 0.000001 0.000000 0.000000 0.000000
    24 2.686395 -0.427337 0.044204 -0.005762 0.043239 -0.157074
    25 1.435260 0.000000 0.000001 0.000000 0.000000 0.732613
    26 1.482593 0.000000 -0.000001 0.000000 0.000000 1.168644
    27 2.046984 0.000001 0.000000 0.218430 -0.000590 -0.213335
    28 -0.000005 0.000007 3.713254 -3.203206 -0.121085 1.237728
    29 18.045723 0.000000 0.000000 0.000000 0.000000 -1.760316
    30 17.597597 0.000000 0.000000 -0.210177 0.105022 -0.137825
    31 0.000005 -0.000003 -3.713254 0.847866 2.463968 5.485119
    32 18.045721 0.000000 0.000000 0.000000 0.000000 -2.603394
    33 17.597597 0.000000 0.000000 0.359536 -0.164328 0.792921
  time 8
    0 -1.756901 -2.027255 -20.585090 0.000000 0.000000 -1.571017
    1 -5.070471 0.304697 0.000000 -1.570795 -1.570787 0.000000
    2 1.293670 0.684478 -0.000001 -0.000004 -0.000001 0.266227
    3 5.309685 -0.003834 0.000000 0.000000 0.000000 0.223103
    4 4.826790 -0.004591 0.000000 -0.159252 0.071488 0.223800
    5 5.792767 -0.005304 0.000000 -0.125392 0.049712 0.225549
    6 6.662322 -0.001452 0.000000 0.000000 -0.000015 0.471000
    7 -3.108188 1.516823 4.339626 1.238993 -1.024532 -4.799756
    8 4.827512 0.000000 -0.000002 -0.614382 -0.131925 -1.138960
    9 11.140032 0.000000 0.000000 0.070821 -0.063612 -0.399987
    10 10.314563 -0.000001 0.000001 -3.988822 0.203081 -0.504208
    11 1.646836 0.445664 -1.699647 -0.161704 0.581044 -0.283978
    12 0.928312 0.000000 0.000000 0.000000 0.000000 0.000000
    13 0.928313 0.000000 -0.000001 0.000000 0.000000 0.000000
    14 2.979373 -0.388274 -0.044205 -0.000805 -0.043611 0.000046
    15 1.435262 -0.000001 -0.000001 0.000000 0.000000 0.872146
    16 1.482593 -0.000001 0.000001 0.000000 0.000000 0.907041
    17 -2.869899 1.399667 -4.140396 -1.163265 1.764468 -4.903713
    18 4.972047 0.000000 0.000000 0.915426 -0.910169 -1.618211
    19 11.585358 0.000000 0.000001 0.386603 -0.383981 -1.569379
    20 10.127058 0.000000 0.000001 1.377753 0.687481 -0.218492
    21 1.537458 0.109715 1.664489 -0.264662 -0.055995 0.783079
    22 0.928313 0.000000 0.000002 0.000000 0.000000 -0.453501
    23 0.928311 0.000000 0.000001 0.000000 0.000000 0.000000
    24 2.686395 -0.427337 0.044204 -0.005762 0.043239 -0.157074
    25 1.435260 0.000000 0.000001 0.000000 0.000000 0.732613
    26 1.482593 0.000000 -0.000001 0.000000 0.000000 1.168644
    27 2.046984 0.000001 0.000000 0.227219 -0.049153 -0.216863
    28 -0.000005 0.000007 3.713254 -3.203206 -0.121085 1.237824
    29 18.045723 0.000000 0.000000 0.000000 0.000000 -1.760168
    30 17.597597 0.000000 0.000000 -0.210228 0.105022 -0.137871
    31 0.000005 -0.000003 -3.713254 0.848057 2.463777 5.484927
    32 18.045721 0.000000 0.000000 0.000000 0.000000 -2.603394
    33 17.597597 0.000000 0.000000 0.359536 -0.164466 0.792736
  time 9
    0 -1.756901 -2.027255 -20.585090 0.000000 0.000000 -1.571017
    1 -5.082190 0.304697 0.000000 -1.570795 -1.570787 0.000000
    2 1.293670 0.684478 -0.000001 -0.000004 -0.000001 0.266227
    3 5.309685 -0.003834 0.000000 0.000000 0.000000 0.223103
    4 4.826790 -0.004591 0.000000 -0.159252 0.071488 0.223800
    5 5.792767 -0.005304 0.000000 -0.125392 0.049712 0.225549
    6 6.662322 -0.001452 0.000000 0.000000 -0.000015 0.471000
    7 -3.108188 1.516823 4.339626 1.238993 -1.024532 -4.799756
    8 4.827512 0.000000 -0.000002 -0.601946 0.067360 -0.956995
    9 11.140032 0.000000 0.000000 0.070821 -0.118562 -0.810363
    10 10.314563 -0.000001 0.000001 -3.940581 0.213573 -0.474189
    11 1.646836 0.445664 -1.699647 -0.161704 0.581044 -0.283978
    12 0.928312 0.000000 0.000000 0.000000 0.000000 0.000000
    13 0.928313 0.000000 -0.000001 0.000000 0.000000 0.000000
    14 2.979373 -0.388274 -0.044205 -0.000805 -0.043611 0.000046
    15 1.435262 -0.000001 -0.000001 0.000000 0.000000 0.872146
    16 1.482593 -0.000001 0.000001 0.000000 0.000000 0.907041
    17 -2.869899 1.399667 -4.140396 -1.163265 1.764468 -4.903713
    18 4.972047 0.000000 0.000000 0.905859 -0.924150 -1.612754
    19 11.585358 0.000000 0.000001 0.386603 -0.383777 -1.556800
    20 10.127058 0.000000 0.000001 1.328315 0.695141 -0.302678
    21 1.537458 0.109715 1.664489 -0.264662 -0.055995 0.783079
    22 0.928313 0.000000 0.000002 0.000000 0.000000 -0.453501
    23 0.928311 0.000000 0.000001 0.000000 0.000000 0.000000
    24 2.686395 -0.427337 0.044204 -0.005762 0.043239 -0.157074
    25 1.435260 0.000000 0.000001 0.000000 0.000000 0.732613
    26 1.482593 0.000000 -0.000001 0.000000 0.000000 1.168644
    27 2.046984 0.000001 0.000000 0.249666 -0.104531 -0.212179
    28 -0.000005 0.000007 3.713254 -3.203301 -0.120893 1.237824
    29 18.045723 0.000000 0.000000 0.000000 0.000000 -1.759724
    30 17.597597 0.000000 0.000000 -0.210380 0.105096 -0.138284
    31 0.000005 -0.000003 -3.713254 0.848057 2.463297 5.484256
    32 18.045721 0.000000 0.000000 0.000000 0.000000 -2.603394
    33 17.597597 0.000000 0.000000 0.359771 -0.164959 0.791997
  time 10
    0 -1.756901 -2.027255 -20.585090 0.000000 0.000000 -1.571017
    1 -5.093909 0.316416 0.000000 -1.570795 -1.570787 0.000000
    2 1.293670 0.684478 -0.000001 -0.000004 -0.000001 0.266227
    3 5.309685 -0.003834 0.000000 0.000000 0.000000 0.223103
    4 4.826790 -0.004591 0.000000 -0.159252 0.071488 0.223800
    5 5.792767 -0.005304 0.000000 -0.125392 0.049712 0.225549
    6 6.662322 -0.001452 0.000000 0.000000 -0.000015 0.471000
    7 -3.108188 1.516823 4.339626 1.238993 -1.024532 -4.799756
    8 4.827512 0.000000 -0.000002 -0.471450 0.387903 -0.642107
    9 11.140032 0.000000 0.000000 0.070821 -0.158556 -1.311885
    10 10.314563 -0.000001 0.000001 -3.811306 0.242330 -0.393655
    11 1.646836 0.445664 -1.699647 -0.161704 0.581044 -0.283978
    12 0.928312 0.000000 0.000000 0.000000 0.000000 0.000000
    13 0.928313 0.000000 -0.000001 0.000000 0.000000 0.000000
    14 2.979373 -0.388274 -0.044205 -0.000805 -0.043611 0.000046
    15 1.435262 -0.000001 -0.000001 0.000000 0.000000 0.872146
    16 1.482593 -0.000001 0.000001 0.000000 0.000000 0.907041
    17 -2.869899 1.399667 -4.140396 -1.163265 1.764468 -4.903713
    18 4.972047 0.000000 0.000000 0.901732 -0.931462 -1.610757
    19 11.585358 0.000000 0.000001 0.386603 -0.383618 -1.546018
    20 10.127058 0.000000 0.000001 1.310083 0.697978 -0.333692
    21 1.537458 0.109715 1.664489 -0.264662 -0.055995 0.783079
    22 0.928313 0.000000 0.000002 0.000000 0.000000 -0.453501
    23 0.928311 0.000000 0.000001 0.000000 0.000000 0.000000
    24 2.686395 -0.427337 0.044204 -0.005762 0.043239 -0.157074
    25 1.435260 0.000000 0.000001 0.000000 0.000000 0.732613
    26 1.482593 0.000000 -0.000001 0.000000 0.000000 1.168644
    27 2.046984 0.000001 0.000000 0.292490 -0.172802 -0.199587
    28 -0.000005 0.000007 3.713254 -3.203493 -0.120701 1.238016
    29 18.045723 0.000000 0.000000 0.000000 0.000000 -1.758836
    30 17.597597 0.000000 0.000000 -0.210608 0.105219 -0.139017
    31 0.000005 -0.000003 -3.713254 0.848153 2.462530 5.483010
    32 18.045721 0.000000 0.000000 0.000000 0.000000 -2.603394
    33 17.597597 0.000000 0.000000 0.360207 -0.165768 0.790796
  time 11
    0 -1.756901 -2.027255 -20.585090 0.000000 0.000000 -1.571017
    1 -5.113441 0.316416 0.000000 -1.570795 -1.570787 0.000000
    2 1.293670 0.684478 -0.000001 -0.000004 -0.000001 0.266227
    3 5.309685 -0.003834 0.000000 0.000000 0.000000 0.223103
    4 4.826790 -0.004591 0.000000 -0.150153 0.071344 0.229974
    5 5.792767 -0.005304 0.000000 -0.125392 0.049712 0.225549
    6 6.662322 -0.001452 0.000000 0.000000 -0.000015 0.471000
    7 -3.108188 1.516823 4.339626 1.238993 -1.024532 -4.799756
    8 4.827512 0.000000 -0.000002 -0.182476 0.668539 -0.250880
    9 11.140032 0.000000 0.000000 0.070821 -0.163824 -1.606408
    10 10.314563 -0.000001 0.000001 -3.624123 0.284483 -0.277122
    11 1.646836 0.445664 -1.699647 -0.161704 0.581044 -0.283978
    12 0.928312 0.000000 0.000000 0.000000 0.000000 0.000000
    13 0.928313 0.000000 -0.000001 0.000000 0.000000 0.000000
    14 2.979373 -0.388274 -0.044205 -0.000805 -0.043611 0.000046
    15 1.435262 -0.000001 -0.000001 0.000000 0.000000 0.872146
    16 1.482593 -0.000001 0.000001 0.000000 0.000000 0.907041
    17 -2.869899 1.399667 -4.140396 -1.163265 1.764468 -4.903713
    18 4.972047 0.000000 0.000000 0.893290 -0.934997 -1.596980
    19 11.585358 0.000000 0.000001 0.386603 -0.383709 -1.551082
    20 10.127058 0.000000 0.000001 1.310083 0.697978 -0.333692
    21 1.537458 0.109715 1.664489 -0.264662 -0.055995 0.783079
    22 0.928313 0.000000 0.000002 0.000000 0.000000 -0.453501
    23 0.928311 0.000000 0.000001 0.000000 0.000000 0.000000
    24 2.686395 -0.427337 0.044204 -0.005762 0.043239 -0.157074
    25 1.435260 0.000000 0.000001 0.000000 0.000000 0.732613
    26 1.482593 0.000000 -0.000001 0.000000 0.000000 1.168644
    27 2.046984 0.000001 0.000000 0.348498 -0.247711 -0.181278
    28 -0.000005 0.000007 3.713254 -3.203781 -0.120510 1.238207
    29 18.045723 0.000000 0.000000 0.000000 0.000000 -1.757652
    30 17.597597 0.000000 0.000000 -0.210912 0.105367 -0.140118
    31 0.000005 -0.000003 -3.713254 0.848345 2.461572 5.481188
    32 18.045721 0.000000 0.000000 0.000000 0.000000 -2.603630
    33 17.597597 0.000000 0.000000 0.360878 -0.166971 0.789041
  time 12
    0 -1.756901 -2.027255 -20.585090 0.000000 0.000000 -1.571017
    1 -5.117348 0.316416 0.000000 -1.570795 -1.570787 0.000000
    2 1.293670 0.684478 -0.000001 -0.000004 -0.000001 0.266227
    3 5.309685 -0.003834 0.000000 0.000000 0.000000 0.223103
    4 4.826790 -0.004591 0.000000 -0.128485 0.070985 0.244658
    5 5.792767 -0.005304 0.000000 -0.115751 0.048586 0.231757
    6 6.662322 -0.001452 0.000000 0.000000 -0.000015 0.471000
    7 -3.108188 1.516823 4.339626 1.238993 -1.024532 -4.799756
    8 4.827512 0.000000 -0.000002 0.146277 0.831071 0.109152
    9 11.140032 0.000000 0.000000 0.070821 -0.162351 -1.707916
    10 10.314563 -0.000001 0.000001 -3.402157 0.335534 -0.138931
    11 1.646836 0.445664 -1.699647 -0.161704 0.581044 -0.283978
    12 0.928312 0.000000 0.000000 0.000000 0.000000 0.000000
    13 0.928313 0.000000 -0.000001 0.000000 0.000000 0.000000
    14 2.979373 -0.388274 -0.044205 -0.000805 -0.043611 0.000046
    15 1.435262 -0.000001 -0.000001 0.000000 0.000000 0.872146
    16 1.482593 -0.000001 0.000001 0.000000 0.000000 0.907041
    17 -2.869899 1.399667 -4.140396 -1.163265 1.764468 -4.903713
    18 4.972047 0.000000 0.000000 0.867120 -0.938854 -1.550657
    19 11.585358 0.000000 0.000001 0.386603 -0.383800 -1.589962
    20 10.127058 0.000000 0.000001 1.310083 0.697978 -0.333692
    21 1.537458 0.109715 1.664489 -0.264662 -0.055995 0.783079
    22 0.928313 0.000000 0.000002 0.000000 0.000000 -0.453501
    23 0.928311 0.000000 0.000001 0.000000 0.000000 0.000000
    24 2.686395 -0.427337 0.044204 -0.005762 0.043239 -0.157074
    25 1.435260 0.000000 0.000001 0.000000 0.000000 0.732613
    26 1.482593 0.000000 -0.000001 0.000000 0.000000 1.168644
    27 2.046984 0.000001 0.000000 0.410494 -0.323004 -0.159319
    28 -0.000005 0.000007 3.713254 -3.203685 -0.120510 1.238207
    29 18.045723 0.000000 0.000000 0.000000 0.000000 -1.757430
    30 17.597597 0.000000 0.000000 -0.210912 0.105318 -0.140301
    31 0.000005 -0.000003 -3.713254 0.848632 2.461476 5.480996
    32 18.045721 0.000000 0.000000 0.000000 0.000000 -2.603394
    33 17.597597 0.000000 0.000000 0.361045 -0.167326 0.788764
  time 13
    0 -1.756901 -2.027255 -20.585090 0.000000 0.000000 -1.571017
    1 -5.101722 0.312510 0.000000 -1.570795 -1.570787 0.000000
    2 1.293670 0.684478 -0.000001 -0.000004 -0.000001 0.266227
    3 5.309685 -0.003834 0.000000 0.000000 0.000000 0.223103
    4 4.826790 -0.004591 0.000000 -0.102639 0.070565 0.262186
    5 5.792767 -0.005304 0.000000 -0.092745 0.045901 0.246582
    6 6.662322 -0.001452 0.000000 0.011673 -0.008165 0.475073
    7 -3.108188 1.516823 4.339626 1.238993 -1.024532 -4.799756
    8 4.827512 0.000000 -0.000002 0.483798 0.932546 0.435564
    9 11.140032 0.000000 0.000000 0.070821 -0.160828 -1.765588
    10 10.314563 -0.000001 0.000001 -3.168723 0.390988 0.006401
    11 1.646836 0.445664 -1.699647 -0.161704 0.581044 -0.283978
    12 0.928312 0.000000 0.000000 0.000000 0.000000 0.000000
    13 0.928313 0.000000 -0.000001 0.000000 0.000000 0.000000
    14 2.979373 -0.388274 -0.044205 -0.000805 -0.043611 0.000046
    15 1.435262 -0.000001 -0.000001 0.000000 0.000000 0.872146
    16 1.482593 -0.000001 0.000001 0.000000 0.000000 0.907041
    17 -2.869899 1.399667 -4.140396 -1.163265 1.764468 -4.903713
    18 4.972047 0.000000 0.000000 0.816375 -0.942229 -1.458478
    19 11.585358 0.000000 0.000001 0.386603 -0.382189 -1.666414
    20 10.127058 0.000000 0.000001 1.310083 0.697978 -0.333692
    21 1.537458 0.109715 1.664489 -0.264662 -0.055995 0.783079
    22 0.928313 0.000000 0.000002 0.000000 0.000000 -0.453501
    23 0.928311 0.000000 0.000001 0.000000 0.000000 0.000000
    24 2.686395 -0.427337 0.044204 -0.005762 0.043239 -0.157074
    25 1.435260 0.000000 0.000001 0.000000 0.000000 0.732613
    26 1.482593 0.000000 -0.000001 0.000000 0.000000 1.168644
    27 2.046984 0.000001 0.000000 0.471241 -0.392455 -0.136021
    28 -0.000005 0.000007 3.713254 -3.203493 -0.120701 1.238112
    29 18.045723 0.000000 0.000000 0.000000 0.000000 -1.758096
    30 17.597597 0.000000 0.000000 -0.210608 0.105145 -0.139705
    31 0.000005 -0.000003 -3.713254 0.848920 2.462243 5.482434
    32 18.045721 0.000000 0.000000 0.000000 0.000000 -2.603394
    33 17.597597 0.000000 0.000000 0.360643 -0.166813 0.790057
  time 14
    0 -1.756901 -2.027255 -20.585090 0.000000 0.000000 -1.571017
    1 -5.105629 0.312510 0.000000 -1.570795 -1.570787 0.000000
    2 1.293670 0.684478 -0.000001 -0.000004 -0.000001 0.266227
    3 5.309685 -0.003834 0.000000 0.000000 0.000000 0.223103
    4 4.826790 -0.004591 0.000000 -0.080971 0.070206 0.276870
    5 5.792767 -0.005304 0.000000 -0.065277 0.042689 0.264251
    6 6.662322 -0.001452 0.000000 0.039501 -0.027613 0.484813
    7 -3.108188 1.516823 4.339626 1.238993 -1.024532 -4.799756
    8 4.827512 0.000000 -0.000002 0.882383 0.986439 0.839702
    9 11.140032 0.000000 0.000000 0.070821 -0.161552 -1.744505
    10 10.314563 -0.000001 0.000001 -2.946852 0.446067 0.144592
    11 1.646836 0.445664 -1.699647 -0.161704 0.581044 -0.283978
    12 0.928312 0.000000 0.000000 0.000000 0.000000 0.000000
    13 0.928313 0.000000 -0.000001 0.000000 0.000000 0.000000
    14 2.979373 -0.388274 -0.044205 -0.000805 -0.043611 0.000046
    15 1.435262 -0.000001 -0.000001 0.000000 0.000000 0.872146
    16 1.482593 -0.000001 0.000001 0.000000 0.000000 0.907041
    17 -2.869899 1.399667 -4.140396 -1.163265 1.764468 -4.903713
    18 4.972047 0.000000 0.000000 0.753624 -0.941264 -1.340609
    19 11.585358 0.000000 0.000001 0.386603 -0.377084 -1.756180
    20 10.127058 0.000000 0.000001 1.310083 0.697978 -0.333692
    21 1.537458 0.109715 1.664489 -0.264662 -0.055995 0.783079
    22 0.928313 0.000000 0.000002 0.000000 0.000000 -0.453501
    23 0.928311 0.000000 0.000001 0.000000 0.000000 0.000000
    24 2.686395 -0.427337 0.044204 -0.005762 0.043239 -0.157074
    25 1.435260 0.000000 0.000001 0.000000 0.000000 0.732613
    26 1.482593 0.000000 -0.000001 0.000000 0.000000 1.168644
    27 2.046984 0.000001 0.000000 0.523544 -0.449780 -0.113393
    28 -0.000005 0.000007 3.713254 -3.203493 -0.120701 1.238112
    29 18.045723 0.000000 0.000000 0.000000 0.000000 -1.758022
    30 17.597597 0.000000 0.000000 -0.210608 0.105096 -0.139797
    31 0.000005 -0.000003 -3.713254 0.849207 2.462243 5.482434
    32 18.045721 0.000000 0.000000 0.000000 0.000000 -2.603394
    33 17.597597 0.000000 0.000000 0.360744 -0.167030 0.790011
  time 15
    0 -1.756901 -2.027255 -20.585090 0.000000 0.000000 -1.571017
    1 -5.125160 0.316416 0.000000 -1.570795 -1.570787 0.000000
    2 1.293670 0.684478 -0.000001 -0.000004 -0.000001 0.266227
    3 5.309685 -0.003834 0.000000 0.000000 0.000000 0.223103
    4 4.826790 -0.004591 0.000000 -0.071872 0.070062 0.283044
    5 5.792767 -0.005304 0.000000 -0.042271 0.040005 0.279076
    6 6.662322 -0.001452 0.000000 0.072722 -0.050827 0.496434
    7 -3.108188 1.516823 4.339626 1.238993 -1.024532 -4.799756
    8 4.827512 0.000000 -0.000002 1.181082 0.981664 1.194708
    9 11.140032 0.000000 0.000000 0.070821 -0.163649 -1.627130
    10 10.314563 -0.000001 0.000001 -2.759668 0.496276 0.261125
    11 1.646836 0.445664 -1.699647 -0.161704 0.581044 -0.283978
    12 0.928312 0.000000 0.000000 0.000000 0.000000 0.000000
    13 0.928313 0.000000 -0.000001 0.000000 0.000000 0.000000
    14 2.979373 -0.388274 -0.044205 -0.000805 -0.043611 0.000046
    15 1.435262 -0.000001 -0.000001 0.000000 0.000000 0.872146
    16 1.482593 -0.000001 0.000001 0.000000 0.000000 0.907041
    17 -2.869899 1.399667 -4.140396 -1.163265 1.764468 -4.903713
    18 4.972047 0.000000 0.000000 0.702410 -0.935801 -1.240243
    19 11.585358 0.000000 0.000001 0.386603 -0.370980 -1.824546
    20 10.127058 0.000000 0.000001 1.310083 0.697978 -0.333692
    21 1.537458 0.109715 1.664489 -0.264662 -0.055995 0.783079
    22 0.928313 0.000000 0.000002 0.000000 0.000000 -0.453501
    23 0.928311 0.000000 0.000001 0.000000 0.000000 0.000000
    24 2.686395 -0.427337 0.044204 -0.005762 0.043239 -0.157074
    25 1.435260 0.000000 0.000001 0.000000 0.000000 0.732613
    26 1.482593 0.000000 -0.000001 0.000000 0.000000 1.168644
    27 2.046984 0.000001 0.000000 0.560207 -0.488754 -0.093685
    28 -0.000005 0.000007 3.713254 -3.203589 -0.120510 1.238207
    29 18.045723 0.000000 0.000000 0.000000 0.000000 -1.756985
    30 17.597597 0.000000 0.000000 -0.210887 0.105219 -0.140668
    31 0.000005 -0.000003 -3.713254 0.849207 2.461380 5.480900
    32 18.045721 0.000000 0.000000 0.000000 0.000000 -2.603394
    33 17.597597 0.000000 0.000000 0.361247 -0.168016 0.788579
  time 16
    0 -1.756901 -2.027255 -20.585090 0.000000 0.000000 -1.571017
    1 -5.132973 0.316416 0.000000 -1.570795 -1.570787 0.000000
    2 1.293670 0.684478 -0.000001 -0.000004 -0.000001 0.266227
    3 5.309685 -0.003834 0.000000 0.000000 0.000000 0.223103
    4 4.826790 -0.004591 0.000000 -0.080971 0.070206 0.277598
    5 5.792767 -0.005304 0.000000 -0.032630 0.038878 0.285284
    6 6.662322 -0.001452 0.000000 0.100551 -0.070261 0.506174
    7 -3.108188 1.516823 4.339626 1.238993 -1.024532 -4.799756
    8 4.827512 0.000000 -0.000002 1.321783 0.962051 1.413587
    9 11.140032 0.000000 0.000000 0.070821 -0.163200 -1.473167
    10 10.314563 -0.000001 0.000001 -2.630394 0.537023 0.341601
    11 1.646836 0.445664 -1.699647 -0.161704 0.581044 -0.283978
    12 0.928312 0.000000 0.000000 0.000000 0.000000 0.000000
    13 0.928313 0.000000 -0.000001 0.000000 0.000000 0.000000
    14 2.979373 -0.388274 -0.044205 -0.000805 -0.043611 0.000046
    15 1.435262 -0.000001 -0.000001 0.000000 0.000000 0.872146
    16 1.482593 -0.000001 0.000001 0.000000 0.000000 0.907041
    17 -2.869899 1.399667 -4.140396 -1.163265 1.764468 -4.903713
    18 4.972047 0.000000 0.000000 0.681024 -0.931301 -1.195452
    19 11.585358 0.000000 0.000001 0.386603 -0.368666 -1.846927
    20 10.127058 0.000000 0.000001 1.310083 0.697978 -0.333692
    21 1.537458 0.109715 1.664489 -0.264662 -0.055995 0.783079
    22 0.928313 0.000000 0.000002 0.000000 0.000000 -0.453501
    23 0.928311 0.000000 0.000001 0.000000 0.000000 0.000000
    24 2.686395 -0.427337 0.044204 -0.005762 0.043239 -0.157074
    25 1.435260 0.000000 0.000001 0.000000 0.000000 0.732613
    26 1.482593 0.000000 -0.000001 0.000000 0.000000 1.168644
    27 2.046984 0.000001 0.000000 0.574037 -0.503152 -0.079025
    28 -0.000005 0.000007 3.713254 -3.203781 -0.120318 1.238303
    29 18.045723 0.000000 0.000000 0.000000 0.000000 -1.756467
    30 17.597597 0.000000 0.000000 -0.211039 0.105293 -0.141080
    31 0.000005 -0.000003 -3.713254 0.849303 2.460901 5.480133
    32 18.045721 0.000000 0.000000 0.000000 0.000000 -2.603394
    33 17.597597 0.000000 0.000000 0.361515 -0.168509 0.787748
  time 17
    0 -1.756901 -2.027255 -20.585090 0.000000 0.000000 -1.571017
    1 -5.132973 0.316416 0.000000 -1.570795 -1.570787 0.000000
    2 1.293670 0.684478 -0.000001 -0.000004 -0.000001 0.266227
    3 5.309685 -0.003834 0.000000 0.000000 0.000000 0.223103
    4 4.826790 -0.004591 0.000000 -0.102639 0.070565 0.264325
    5 5.792767 -0.005304 0.000000 -0.042271 0.039789 0.280301
    6 6.662322 -0.001452 0.000000 0.112224 -0.078425 0.510247
    7 -3.108188 1.516823 4.339626 1.238993 -1.024532 -4.799756
    8 4.827512 0.000000 -0.000002 1.377186 0.944570 1.519907
    9 11.140032 0.000000 0.000000 0.070821 -0.161278 -1.389048
    10 10.314563 -0.000001 0.000001 -2.582152 0.563626 0.371677
    11 1.646836 0.445664 -1.699647 -0.161704 0.581044 -0.283978
    12 0.928312 0.000000 0.000000 0.000000 0.000000 0.000000
    13 0.928313 0.000000 -0.000001 0.000000 0.000000 0.000000
    14 2.979373 -0.388274 -0.044205 -0.000805 -0.043611 0.000046
    15 1.435262 -0.000001 -0.000001 0.000000 0.000000 0.872146
    16 1.482593 -0.000001 0.000001 0.000000 0.000000 0.907041
    17 -2.869899 1.399667 -4.140396 -1.163265 1.764468 -4.903713
    18 4.972047 0.000000 0.000000 0.698658 -0.930899 -1.224137
    19 11.585358 0.000000 0.000001 0.386603 -0.371978 -1.813275
    20 10.127058 0.000000 0.000001 1.310083 0.697978 -0.333692
    21 1.537458 0.109715 1.664489 -0.264662 -0.055995 0.783079
    22 0.928313 0.000000 0.000002 0.000000 0.000000 -0.453501
    23 0.928311 0.000000 0.000001 0.000000 0.000000 0.000000
    24 2.686395 -0.427337 0.044204 -0.005762 0.043239 -0.157074
    25 1.435260 0.000000 0.000001 0.000000 0.000000 0.732613
    26 1.482593 0.000000 -0.000001 0.000000 0.000000 1.168644
    27 2.046984 0.000001 0.000000 0.555683 -0.487485 -0.068076
    28 -0.000005 0.000007 3.713254 -3.203781 -0.120222 1.238399
    29 18.045723 0.000000 0.000000 0.000000 0.000000 -1.756319
    30 17.597597 0.000000 0.000000 -0.211115 0.105293 -0.141264
    31 0.000005 -0.000003 -3.713254 0.849303 2.460613 5.479846
    32 18.045721 0.000000 0.000000 0.000000 0.000000 -2.603394
    33 17.597597 0.000000 0.000000 0.361582 -0.168726 0.787471
  time 18
    0 -1.756901 -2.027255 -20.585090 0.000000 0.000000 -1.571017
    1 -5.132973 0.324229 0.000000 -1.570795 -1.570787 0.000000
    2 1.293670 0.684478 -0.000001 -0.000004 -0.000001 0.266227
    3 5.309685 -0.003834 0.000000 0.000000 0.000000 0.223103
    4 4.826790 -0.004591 0.000000 -0.128485 0.070985 0.247855
    5 5.792767 -0.005304 0.000000 -0.065277 0.042042 0.267968
    6 6.662322 -0.001452 0.000000 0.100551 -0.070261 0.506174
    7 -3.108188 1.516823 4.339626 1.238993 -1.024532 -4.799756
    8 4.827512 0.000000 -0.000002 1.422067 0.913616 1.604305
    9 11.140032 0.000000 0.000000 0.070821 -0.160604 -1.369631
    10 10.314563 -0.000001 0.000001 -2.583290 0.580206 0.349962
    11 1.646836 0.445664 -1.699647 -0.161704 0.581044 -0.283978
    12 0.928312 0.000000 0.000000 0.000000 0.000000 0.000000
    13 0.928313 0.000000 -0.000001 0.000000 0.000000 0.000000
    14 2.979373 -0.388274 -0.044205 -0.000805 -0.043611 0.000046
    15 1.435262 -0.000001 -0.000001 0.000000 0.000000 0.872146
    16 1.482593 -0.000001 0.000001 0.000000 0.000000 0.907041
    17 -2.869899 1.399667 -4.140396 -1.163265 1.764468 -4.903713
    18 4.972047 0.000000 0.000000 0.749684 -0.934033 -1.318313
    19 11.585358 0.000000 0.000001 0.386603 -0.378468 -1.734372
    20 10.127058 0.000000 0.000001 1.310083 0.697978 -0.333692
    21 1.537458 0.109715 1.664489 -0.264662 -0.055995 0.783079
    22 0.928313 0.000000 0.000002 0.000000 0.000000 -0.453501
    23 0.928311 0.000000 0.000001 0.000000 0.000000 0.000000
    24 2.686395 -0.427337 0.044204 -0.005762 0.043239 -0.157074
    25 1.435260 0.000000 0.000001 0.000000 0.000000 0.732613
    26 1.482593 0.000000 -0.000001 0.000000 0.000000 1.168644
    27 2.046984 0.000001 0.000000 0.506483 -0.445443 -0.058161
    28 -0.000005 0.000007 3.713254 -3.203781 -0.120222 1.238399
    29 18.045723 0.000000 0.000000 0.000000 0.000000 -1.756245
    30 17.597597 0.000000 0.000000 -0.211115 0.105293 -0.141355
    31 0.000005 -0.000003 -3.713254 0.849495 2.460613 5.479846
    32 18.045721 0.000000 0.000000 0.000000 0.000000 -2.603394
    33 17.597597 0.000000 0.000000 0.361515 -0.168746 0.787471
  time 19
    0 -1.756901 -2.027255 -20.585090 0.000000 0.000000 -1.571017
    1 -5.132973 0.316416 0.000000 -1.570795 -1.570787 0.000000
    2 1.293670 0.684478 -0.000001 -0.000004 -0.000001 0.266227
    3 5.309685 -0.003834 0.000000 0.000000 0.000000 0.223103
    4 4.826790 -0.004591 0.000000 -0.150153 0.071344 0.232818
    5 5.792767 -0.005304 0.000000 -0.092745 0.044918 0.252167
    6 6.662322 -0.001452 0.000000 0.072722 -0.050827 0.496434
    7 -3.108188 1.516823 4.339626 1.238993 -1.024532 -4.799756
    8 4.827512 0.000000 -0.000002 1.481217 0.857420 1.687229
    9 11.140032 0.000000 0.000000 0.070821 -0.162651 -1.446866
    10 10.314563 -0.000001 0.000001 -2.587176 0.593882 0.290505
    11 1.646836 0.445664 -1.699647 -0.161704 0.581044 -0.283978
    12 0.928312 0.000000 0.000000 0.000000 0.000000 0.000000
    13 0.928313 0.000000 -0.000001 0.000000 0.000000 0.000000
    14 2.979373 -0.388274 -0.044205 -0.000805 -0.043611 0.000046
    15 1.435262 -0.000001 -0.000001 0.000000 0.000000 0.872146
    16 1.482593 -0.000001 0.000001 0.000000 0.000000 0.907041
    17 -2.869899 1.399667 -4.140396 -1.163265 1.764468 -4.903713
    18 4.972047 0.000000 0.000000 0.812623 -0.937488 -1.438245
    19 11.585358 0.000000 0.000001 0.386603 -0.382824 -1.639378
    20 10.127058 0.000000 0.000001 1.310083 0.697978 -0.333692
    21 1.537458 0.109715 1.664489 -0.264662 -0.055995 0.783079
    22 0.928313 0.000000 0.000002 0.000000 0.000000 -0.453501
    23 0.928311 0.000000 0.000001 0.000000 0.000000 0.000000
    24 2.686395 -0.427337 0.044204 -0.005762 0.043239 -0.157074
    25 1.435260 0.000000 0.000001 0.000000 0.000000 0.732613
    26 1.482593 0.000000 -0.000001 0.000000 0.000000 1.168644
    27 2.046984 0.000001 0.000000 0.435267 -0.384430 -0.049280
    28 -0.000005 0.000007 3.713254 -3.203781 -0.120222 1.238303
    29 18.045723 0.000000 0.000000 0.000000 0.000000 -1.756319
    30 17.597597 0.000000 0.000000 -0.211115 0.105244 -0.141218
    31 0.000005 -0.000003 -3.713254 0.849495 2.460613 5.480038
    32 18.045721 0.000000 0.000000 0.000000 0.000000 -2.603394
    33 17.597597 0.000000 0.000000 0.361448 -0.168746 0.787563
  time 20
    0 -1.756901 -2.027255 -20.585090 0.000000 0.000000 -1.571017
    1 -5.132973 0.316416 0.000000 -1.570795 -1.570787 0.000000
    2 1.293670 0.684478 -0.000001 -0.000004 -0.000001 0.266227
    3 5.309685 -0.003834 0.000000 0.000000 0.000000 0.223103
    4 4.826790 -0.004591 0.000000 -0.159252 0.071488 0.223800
    5 5.792767 -0.005304 0.000000 -0.115751 0.047723 0.236720
    6 6.662322 -0.001452 0.000000 0.039501 -0.027613 0.484813
    7 -3.108188 1.516823 4.339626 1.238993 -1.024532 -4.799756
    8 4.827512 0.000000 -0.000002 1.515814 0.805574 1.675531
    9 11.140032 0.000000 0.000000 0.070821 -0.163075 -1.675674
    10 10.314563 -0.000001 0.000001 -2.594189 0.604842 0.201668
    11 1.646836 0.445664 -1.699647 -0.161704 0.581044 -0.283978
    12 0.928312 0.000000 0.000000 0.000000 0.000000 0.000000
    13 0.928313 0.000000 -0.000001 0.000000 0.000000 0.000000
    14 2.979373 -0.388274 -0.044205 -0.000805 -0.043611 0.000046
    15 1.435262 -0.000001 -0.000001 0.000000 0.000000 0.872146
    16 1.482593 -0.000001 0.000001 0.000000 0.000000 0.907041
    17 -2.869899 1.399667 -4.140396 -1.163265 1.764468 -4.903713
    18 4.972047 0.000000 0.000000 0.864494 -0.939979 -1.539876
    19 11.585358 0.000000 0.000001 0.386603 -0.383845 -1.560639
    20 10.127058 0.000000 0.000001 1.310083 0.697978 -0.333692
    21 1.537458 0.109715 1.664489 -0.264662 -0.055995 0.783079
    22 0.928313 0.000000 0.000002 0.000000 0.000000 -0.453501
    23 0.928311 0.000000 0.000001 0.000000 0.000000 0.000000
    24 2.686395 -0.427337 0.044204 -0.005762 0.043239 -0.157074
    25 1.435260 0.000000 0.000001 0.000000 0.000000 0.732613
    26 1.482593 0.000000 -0.000001 0.000000 0.000000 1.168644
    27 2.046984 0.000001 0.000000 0.350824 -0.311822 -0.041554
    28 -0.000005 0.000007 3.713254 -3.204068 -0.120606 1.238399
    29 18.045723 0.000000 0.000000 0.000000 0.000000 -1.756393
    30 17.597597 0.000000 0.000000 -0.210887 0.105637 -0.141218
    31 0.000005 -0.000003 -3.713254 0.848441 2.461380 5.479079
    32 18.045721 0.000000 0.000000 0.000000 0.000000 -2.603394
    33 17.597597 0.000000 0.000000 0.362388 -0.168095 0.787471
  time 21
    0 -1.756901 -2.027255 -20.585090 0.000000 0.000000 -1.571017
    1 -5.132973 0.316416 0.000000 -1.570795 -1.570787 0.000000
    2 1.293670 0.684478 -0.000001 -0.000004 -0.000001 0.266227
    3 5.309685 -0.003834 0.000000 0.000000 0.000000 0.223103
    4 4.826790 -0.004591 0.000000 -0.159252 0.071488 0.219567
    5 5.792767 -0.005304 0.000000 -0.125392 0.049712 0.225549
    6 6.662322 -0.001452 0.000000 0.011673 -0.008165 0.475073
    7 -3.108188 1.516823 4.339626 1.238993 -1.024532 -4.799756
    8 4.827512 0.000000 -0.000002 1.434343 0.832861 1.467570
    9 11.140032 0.000000 0.000000 0.070821 -0.152540 -1.944331
    10 10.314563 -0.000001 0.000001 -2.605088 0.613553 0.091870
    11 1.646836 0.445664 -1.699647 -0.161704 0.581044 -0.283978
    12 0.928312 0.000000 0.000000 0.000000 0.000000 0.000000
    13 0.928313 0.000000 -0.000001 0.000000 0.000000 0.000000
    14 2.979373 -0.388274 -0.044205 -0.000805 -0.043611 0.000046
    15 1.435262 -0.000001 -0.000001 0.000000 0.000000 0.872146
    16 1.482593 -0.000001 0.000001 0.000000 0.000000 0.907041
    17 -2.869899 1.399667 -4.140396 -1.163265 1.764468 -4.903713
    18 4.972047 0.000000 0.000000 0.892540 -0.942871 -1.597779
    19 11.585358 0.000000 0.000001 0.386603 -0.383165 -1.517267
    20 10.127058 0.000000 0.000001 1.310083 0.697978 -0.333692
    21 1.537458 0.109715 1.664489 -0.264662 -0.055995 0.783079
    22 0.928313 0.000000 0.000002 0.000000 0.000000 -0.453501
    23 0.928311 0.000000 0.000001 0.000000 0.000000 0.000000
    24 2.686395 -0.427337 0.044204 -0.005762 0.043239 -0.157074
    25 1.435260 0.000000 0.000001 0.000000 0.000000 0.732613
    26 1.482593 0.000000 -0.000001 0.000000 0.000000 1.168644
    27 2.046984 0.000001 0.000000 0.261987 -0.235054 -0.035107
    28 -0.000005 0.000007 3.713254 -3.204068 -0.120606 1.238399
    29 18.045723 0.000000 0.000000 0.000000 0.000000 -1.756393
    30 17.597597 0.000000 0.000000 -0.210887 0.105637 -0.141218
    31 0.000005 -0.000003 -3.713254 0.848441 2.461380 5.479079
    32 18.045721 0.000000 0.000000 0.000000 0.000000 -2.603394
    33 17.597597 0.000000 0.000000 0.362388 -0.168095 0.787471
  time 22
    0 -1.756901 -2.027255 -20.585090 0.000000 0.000000 -1.571017
    1 -5.132973 0.316416 0.000000 -1.570795 -1.570787 0.000000
    2 1.293670 0.684478 -0.000001 -0.000004 -0.000001 0.266227
    3 5.309685 -0.003834 0.000000 0.000000 0.000000 0.223103
    4 4.826790 -0.004591 0.000000 -0.159252 0.071488 0.215708
    5 5.792767 -0.005304 0.000000 -0.125303 0.051066 0.217763
    6 6.662322 -0.001452 0.000000 0.000000 -0.000015 0.471000
    7 -3.108188 1.516823 4.339626 1.238993 -1.024532 -4.799756
    8 4.827512 0.000000 -0.000002 1.011843 0.931438 0.913354
    9 11.140032 0.000000 0.000000 0.070821 -0.139882 -2.117712
    10 10.314563 -0.000001 0.000001 -2.620253 0.620204 -0.030527
    11 1.646836 0.445664 -1.699647 -0.161704 0.581044 -0.283978
    12 0.928312 0.000000 0.000000 0.000000 0.000000 0.000000
    13 0.928313 0.000000 -0.000001 0.000000 0.000000 0.000000
    14 2.979373 -0.388274 -0.044205 -0.000805 -0.043611 0.000046
    15 1.435262 -0.000001 -0.000001 0.000000 0.000000 0.872146
    16 1.482593 -0.000001 0.000001 0.000000 0.000000 0.907041
    17 -2.869899 1.399667 -4.140396 -1.163265 1.764468 -4.903713
    18 4.972047 0.000000 0.000000 0.900043 -0.945443 -1.615283
    19 11.585358 0.000000 0.000001 0.386603 -0.382960 -1.503463
    20 10.127058 0.000000 0.000001 1.310083 0.697978 -0.333692
    21 1.537458 0.109715 1.664489 -0.264662 -0.055995 0.783079
    22 0.928313 0.000000 0.000002 0.000000 0.000000 -0.453501
    23 0.928311 0.000000 0.000001 0.000000 0.000000 0.000000
    24 2.686395 -0.427337 0.044204 -0.005762 0.043239 -0.157074
    25 1.435260 0.000000 0.000001 0.000000 0.000000 0.732613
    26 1.482593 0.000000 -0.000001 0.000000 0.000000 1.168644
    27 2.046984 0.000001 0.000000 0.177545 -0.161531 -0.029936
    28 -0.000005 0.000007 3.713254 -3.204068 -0.120606 1.238399
    29 18.045723 0.000000 0.000000 0.000000 0.000000 -1.756393
    30 17.597597 0.000000 0.000000 -0.210887 0.105637 -0.141218
    31 0.000005 -0.000003 -3.713254 0.848441 2.461380 5.479079
    32 18.045721 0.000000 0.000000 0.000000 0.000000 -2.603394
    33 17.597597 0.000000 0.000000 0.362388 -0.168095 0.787471
  time 23
    0 -1.756901 -2.027255 -20.585090 0.000000 0.000000 -1.571017
    1 -5.132973 0.316416 0.000000 -1.570795 -1.570787 0.000000
    2 1.293670 0.684478 -0.000001 -0.000004 -0.000001 0.266227
    3 5.309685 -0.003834 0.000000 0.000000 0.000000 0.223103
    4 4.826790 -0.004591 0.000000 -0.159252 0.071488 0.212225
    5 5.792767 -0.005304 0.000000 -0.125069 0.052397 0.210019
    6 6.662322 -0.001452 0.000000 0.000000 -0.000015 0.471000
    7 -3.108188 1.516823 4.339626 1.238993 -1.024532 -4.799756
    8 4.827512 0.000000 -0.000002 0.286977 0.877204 0.158110
    9 11.140032 0.000000 0.000000 0.070821 -0.143252 -2.076848
    10 10.314563 -0.000001 0.000001 -2.640250 0.625075 -0.157047
    11 1.646836 0.445664 -1.699647 -0.161704 0.581044 -0.283978
    12 0.928312 0.000000 0.000000 0.000000 0.000000 0.000000
    13 0.928313 0.000000 -0.000001 0.000000 0.000000 0.000000
    14 2.979373 -0.388274 -0.044205 -0.000805 -0.043611 0.000046
    15 1.435262 -0.000001 -0.000001 0.000000 0.000000 0.872146
    16 1.482593 -0.000001 0.000001 0.000000 0.000000 0.907041
    17 -2.869899 1.399667 -4.140396 -1.163265 1.764468 -4.903713
    18 4.972047 0.000000 0.000000 0.898355 -0.947532 -1.614085
    19 11.585358 0.000000 0.000001 0.386603 -0.382960 -1.503463
    20 10.127058 0.000000 0.000001 1.310083 0.697978 -0.333692
    21 1.537458 0.109715 1.664489 -0.264662 -0.055995 0.783079
    22 0.928313 0.000000 0.000002 0.000000 0.000000 -0.453501
    23 0.928311 0.000000 0.000001 0.000000 0.000000 0.000000
    24 2.686395 -0.427337 0.044204 -0.005762 0.043239 -0.157074
    25 1.435260 0.000000 0.000001 0.000000 0.000000 0.732613
    26 1.482593 0.000000 -0.000001 0.000000 0.000000 1.168644
    27 2.046984 0.000001 0.000000 0.106329 -0.098630 -0.026104
    28 -0.000005 0.000007 3.713254 -3.204068 -0.120606 1.238399
    29 18.045723 0.000000 0.000000 0.000000 0.000000 -1.756393
    30 17.597597 0.000000 0.000000 -0.210887 0.105637 -0.141218
    31 0.000005 -0.000003 -3.713254 0.848441 2.461380 5.479079
    32 18.045721 0.000000 0.000000 0.000000 0.000000 -2.603394
    33 17.597597 0.000000 0.000000 0.362388 -0.168095 0.787471
  time 24
    0 -1.756901 -2.027255 -20.585090 0.000000 0.000000 -1.571017
    1 -5.132973 0.316416 0.000000 -1.570795 -1.570787 0.000000
    2 1.293670 0.684478 -0.000001 -0.000004 -0.000001 0.266227
    3 5.309685 -0.003834 0.000000 0.000000 0.000000 0.223103
    4 4.826790 -0.004591 0.000000 -0.159252 0.071488 0.209094
    5 5.792767 -0.005304 0.000000 -0.124709 0.053655 0.202565
    6 6.662322 -0.001452 0.000000 0.000000 -0.000015 0.471000
    7 -3.108188 1.516823 4.339626 1.238993 -1.024532 -4.799756
    8 4.827512 0.000000 -0.000002 -0.192919 0.673059 -0.322020
    9 11.140032 0.000000 0.000000 0.070821 -0.158307 -1.835506
    10 10.314563 -0.000001 0.000001 -2.665650 0.628447 -0.279445
    11 1.646836 0.445664 -1.699647 -0.161704 0.581044 -0.283978
    12 0.928312 0.000000 0.000000 0.000000 0.000000 0.000000
    13 0.928313 0.000000 -0.000001 0.000000 0.000000 0.000000
    14 2.979373 -0.388274 -0.044205 -0.000805 -0.043611 0.000046
    15 1.435262 -0.000001 -0.000001 0.000000 0.000000 0.872146
    16 1.482593 -0.000001 0.000001 0.000000 0.000000 0.907041
    17 -2.869899 1.399667 -4.140396 -1.163265 1.764468 -4.903713
    18 4.972047 0.000000 0.000000 0.897042 -0.948657 -1.612953
    19 11.585358 0.000000 0.000001 0.386603 -0.382983 -1.504851
    20 10.127058 0.000000 0.000001 1.310083 0.697978 -0.333692
    21 1.537458 0.109715 1.664489 -0.264662 -0.055995 0.783079
    22 0.928313 0.000000 0.000002 0.000000 0.000000 -0.453501
    23 0.928311 0.000000 0.000001 0.000000 0.000000 0.000000
    24 2.686395 -0.427337 0.044204 -0.005762 0.043239 -0.157074
    25 1.435260 0.000000 0.000001 0.000000 0.000000 0.732613
    26 1.482593 0.000000 -0.000001 0.000000 0.000000 1.168644
    27 2.046984 0.000001 0.000000 0.057128 -0.053785 -0.023792
    28 -0.000005 0.000007 3.713254 -3.204068 -0.120606 1.238399
    29 18.045723 0.000000 0.000000 0.000000 0.000000 -1.756393
    30 17.597597 0.000000 0.000000 -0.210887 0.105637 -0.141218
    31 0.000005 -0.000003 -3.713254 0.848441 2.461380 5.479079
    32 18.045721 0.000000 0.000000 0.000000 0.000000 -2.603394
    33 17.597597 0.000000 0.000000 0.362388 -0.168095 0.787471
  time 25
    0 -1.756901 -2.027255 -20.585090 0.000000 0.000000 -1.571017
    1 -5.132973 0.316416 0.000000 -1.570795 -1.570787 0.000000
    2 1.293670 0.684478 -0.000001 -0.000004 -0.000001 0.266227
    3 5.309685 -0.003834 0.000000 0.000000 0.000000 0.223103
    4 4.826790 -0.004591 0.000000 -0.159252 0.071488 0.206294
    5 5.792767 -0.005304 0.000000 -0.124295 0.054818 0.195651
    6 6.662322 -0.001452 0.000000 0.000000 -0.000015 0.471000
    7 -3.108188 1.516823 4.339626 1.238993 -1.024532 -4.799756
    8 4.827512 0.000000 -0.000002 -0.422902 0.463712 -0.595229
    9 11.140032 0.000000 0.000000 0.070821 -0.163574 -1.498743
    10 10.314563 -0.000001 0.000001 -2.697021 0.630601 -0.389300
    11 1.646836 0.445664 -1.699647 -0.161704 0.581044 -0.283978
    12 0.928312 0.000000 0.000000 0.000000 0.000000 0.000000
    13 0.928313 0.000000 -0.000001 0.000000 0.000000 0.000000
    14 2.979373 -0.388274 -0.044205 -0.000805 -0.043611 0.000046
    15 1.435262 -0.000001 -0.000001 0.000000 0.000000 0.872146
    16 1.482593 -0.000001 0.000001 0.000000 0.000000 0.907041
    17 -2.869899 1.399667 -4.140396 -1.163265 1.764468 -4.903713
    18 4.972047 0.000000 0.000000 0.896104 -0.948898 -1.611888
    19 11.585358 0.000000 0.000001 0.386603 -0.383028 -1.507220
    20 10.127058 0.000000 0.000001 1.310083 0.697978 -0.333692
    21 1.537458 0.109715 1.664489 -0.264662 -0.055995 0.783079
    22 0.928313 0.000000 0.000002 0.000000 0.000000 -0.453501
    23 0.928311 0.000000 0.000001 0.000000 0.000000 0.000000
    24 2.686395 -0.427337 0.044204 -0.005762 0.043239 -0.157074
    25 1.435260 0.000000 0.000001 0.000000 0.000000 0.732613
    26 1.482593 0.000000 -0.000001 0.000000 0.000000 1.168644
    27 2.046984 0.000001 0.000000 0.038775 -0.034372 -0.023002
    28 -0.000005 0.000007 3.713254 -3.204068 -0.120606 1.238399
    29 18.045723 0.000000 0.000000 0.000000 0.000000 -1.756393
    30 17.597597 0.000000 0.000000 -0.210887 0.105637 -0.141218
    31 0.000005 -0.000003 -3.713254 0.848441 2.461380 5.479079
    32 18.045721 0.000000 0.000000 0.000000 0.000000 -2.603394
    33 17.597597 0.000000 0.000000 0.362388 -0.168095 0.787471
  time 26
    0 -1.756901 -2.027255 -20.585090 0.000000 0.000000 -1.571017
    1 -5.132973 0.316416 0.000000 -1.570795 -1.570787 0.000000
    2 1.293670 0.684478 -0.000001 -0.000004 -0.000001 0.266227
    3 5.309685 -0.003834 0.000000 0.000000 0.000000 0.223103
    4 4.826790 -0.004591 0.000000 -0.159252 0.071488 0.203846
    5 5.792767 -0.005304 0.000000 -0.123846 0.055836 0.189464
    6 6.662322 -0.001452 0.000000 0.000000 -0.000015 0.471000
    7 -3.108188 1.516823 4.339626 1.238993 -1.024532 -4.799756
    8 4.827512 0.000000 -0.000002 -0.529484 0.277644 -0.845475
    9 11.140032 0.000000 0.000000 0.070821 -0.145549 -1.094670
    10 10.314563 -0.000001 0.000001 -2.734837 0.631726 -0.478079
    11 1.646836 0.445664 -1.699647 -0.161704 0.581044 -0.283978
    12 0.928312 0.000000 0.000000 0.000000 0.000000 0.000000
    13 0.928313 0.000000 -0.000001 0.000000 0.000000 0.000000
    14 2.979373 -0.388274 -0.044205 -0.000805 -0.043611 0.000046
    15 1.435262 -0.000001 -0.000001 0.000000 0.000000 0.872146
    16 1.482593 -0.000001 0.000001 0.000000 0.000000 0.907041
    17 -2.869899 1.399667 -4.140396 -1.163265 1.764468 -4.903713
    18 4.972047 0.000000 0.000000 0.895635 -0.948657 -1.611023
    19 11.585358 0.000000 0.000001 0.386603 -0.383051 -1.509916
    20 10.127058 0.000000 0.000001 1.310083 0.697978 -0.333692
    21 1.537458 0.109715 1.664489 -0.264662 -0.055995 0.783079
    22 0.928313 0.000000 0.000002 0.000000 0.000000 -0.453501
    23 0.928311 0.000000 0.000001 0.000000 0.000000 0.000000
    24 2.686395 -0.427337 0.044204 -0.005762 0.043239 -0.157074
    25 1.435260 0.000000 0.000001 0.000000 0.000000 0.732613
    26 1.482593 0.000000 -0.000001 0.000000 0.000000 1.168644
    27 2.046984 0.000001 0.000000 0.039249 -0.030507 -0.025009
    28 -0.000005 0.000007 3.713254 -3.204068 -0.120606 1.238399
    29 18.045723 0.000000 0.000000 0.000000 0.000000 -1.756393
    30 17.597597 0.000000 0.000000 -0.210887 0.105637 -0.141218
    31 0.000005 -0.000003 -3.713254 0.848441 2.461380 5.479079
    32 18.045721 0.000000 0.000000 0.000000 0.000000 -2.603394
    33 17.597597 0.000000 0.000000 0.362388 -0.168095 0.787471
  time 27
    0 -1.756901 -2.027255 -20.585090 0.000000 0.000000 -1.571017
    1 -5.132973 0.316416 0.000000 -1.570795 -1.570787 0.000000
    2 1.293670 0.684478 -0.000001 -0.000004 -0.000001 0.266227
    3 5.309685 -0.003834 0.000000 0.000000 0.000000 0.223103
    4 4.826790 -0.004591 0.000000 -0.159252 0.071488 0.201708
    5 5.792767 -0.005304 0.000000 -0.123432 0.056699 0.184252
    6 6.662322 -0.001452 0.000000 0.000000 -0.000015 0.471000
    7 -3.108188 1.516823 4.339626 1.238993 -1.024532 -4.799756
    8 4.827512 0.000000 -0.000002 -0.558421 0.172587 -0.999886
    9 11.140032 0.000000 0.000000 0.070821 -0.118886 -0.813189
    10 10.314563 -0.000001 0.000001 -2.779666 0.632288 -0.537536
    11 1.646836 0.445664 -1.699647 -0.161704 0.581044 -0.283978
    12 0.928312 0.000000 0.000000 0.000000 0.000000 0.000000
    13 0.928313 0.000000 -0.000001 0.000000 0.000000 0.000000
    14 2.979373 -0.388274 -0.044205 -0.000805 -0.043611 0.000046
    15 1.435262 -0.000001 -0.000001 0.000000 0.000000 0.872146
    16 1.482593 -0.000001 0.000001 0.000000 0.000000 0.907041
    17 -2.869899 1.399667 -4.140396 -1.163265 1.764468 -4.903713
    18 4.972047 0.000000 0.000000 0.895447 -0.948014 -1.610424
    19 11.585358 0.000000 0.000001 0.386603 -0.383096 -1.512529
    20 10.127058 0.000000 0.000001 1.310083 0.697978 -0.333692
    21 1.537458 0.109715 1.664489 -0.264662 -0.055995 0.783079
    22 0.928313 0.000000 0.000002 0.000000 0.000000 -0.453501
    23 0.928311 0.000000 0.000001 0.000000 0.000000 0.000000
    24 2.686395 -0.427337 0.044204 -0.005762 0.043239 -0.157074
    25 1.435260 0.000000 0.000001 0.000000 0.000000 0.732613
    26 1.482593 0.000000 -0.000001 0.000000 0.000000 1.168644
    27 2.046984 0.000001 0.000000 0.040541 -0.027291 -0.030544
    28 -0.000005 0.000007 3.713254 -3.204068 -0.120606 1.238399
    29 18.045723 0.000000 0.000000 0.000000 0.000000 -1.756393
    30 17.597597 0.000000 0.000000 -0.210887 0.105637 -0.141218
    31 0.000005 -0.000003 -3.713254 0.848441 2.461380 5.479079
    32 18.045721 0.000000 0.000000 0.000000 0.000000 -2.603394
    33 17.597597 0.000000 0.000000 0.362388 -0.168095 0.787471
  time 28
    0 -1.756901 -2.027255 -20.585090 0.000000 0.000000 -1.571017
    1 -5.132973 0.316416 0.000000 -1.570795 -1.570787 0.000000
    2 1.293670 0.684478 -0.000001 -0.000004 -0.000001 0.266227
    3 5.309685 -0.003834 0.000000 0.000000 0.000000 0.223103
    4 4.826790 -0.004591 0.000000 -0.159252 0.071488 0.199856
    5 5.792767 -0.005304 0.000000 -0.123072 0.057358 0.180245
    6 6.662322 -0.001452 0.000000 0.000000 -0.000015 0.471000
    7 -3.108188 1.516823 4.339626 1.238993 -1.024532 -4.799756
    8 4.827512 0.000000 -0.000002 -0.556827 0.176766 -1.000580
    9 11.140032 0.000000 0.000000 0.070821 -0.118212 -0.807103
    10 10.314563 -0.000001 0.000001 -2.832078 0.632381 -0.559252
    11 1.646836 0.445664 -1.699647 -0.161704 0.581044 -0.283978
    12 0.928312 0.000000 0.000000 0.000000 0.000000 0.000000
    13 0.928313 0.000000 -0.000001 0.000000 0.000000 0.000000
    14 2.979373 -0.388274 -0.044205 -0.000805 -0.043611 0.000046
    15 1.435262 -0.000001 -0.000001 0.000000 0.000000 0.872146
    16 1.482593 -0.000001 0.000001 0.000000 0.000000 0.907041
    17 -2.869899 1.399667 -4.140396 -1.163265 1.764468 -4.903713
    18 4.972047 0.000000 0.000000 0.895354 -0.947371 -1.610025
    19 11.585358 0.000000 0.000001 0.386603 -0.383142 -1.514571
    20 10.127058 0.000000 0.000001 1.310083 0.697978 -0.333692
    21 1.537458 0.109715 1.664489 -0.264662 -0.055995 0.783079
    22 0.928313 0.000000 0.000002 0.000000 0.000000 -0.453501
    23 0.928311 0.000000 0.000001 0.000000 0.000000 0.000000
    24 2.686395 -0.427337 0.044204 -0.005762 0.043239 -0.157074
    25 1.435260 0.000000 0.000001 0.000000 0.000000 0.732613
    26 1.482593 0.000000 -0.000001 0.000000 0.000000 1.168644
    27 2.046984 0.000001 0.000000 0.042437 -0.024665 -0.038695
    28 -0.000005 0.000007 3.713254 -3.204068 -0.120606 1.238399
    29 18.045723 0.000000 0.000000 0.000000 0.000000 -1.756393
    30 17.597597 0.000000 0.000000 -0.210887 0.105637 -0.141218
    31 0.000005 -0.000003 -3.713254 0.848441 2.461380 5.479079
    32 18.045721 0.000000 0.000000 0.000000 0.000000 -2.603394
    33 17.597597 0.000000 0.000000 0.362388 -0.168095 0.787471
  time 29
    0 -1.756901 -2.027255 -20.585090 0.000000 0.000000 -1.571017
    1 -5.132973 0.316416 0.000000 -1.570795 -1.570787 0.000000
    2 1.293670 0.684478 -0.000001 -0.000004 -0.000001 0.266227
    3 5.309685 -0.003834 0.000000 0.000000 0.000000 0.223103
    4 4.826790 -0.004591 0.000000 -0.159252 0.071488 0.198290
    5 5.792767 -0.005304 0.000000 -0.122838 0.057778 0.177670
    6 6.662322 -0.001452 0.000000 0.000000 -0.000015 0.471000
    7 -3.108188 1.516823 4.339626 1.238993 -1.024532 -4.799756
    8 4.827512 0.000000 -0.000002 -0.555790 0.179494 -1.001100
    9 11.140032 0.000000 0.000000 0.070821 -0.117688 -0.802466
    10 10.314563 -0.000001 0.000001 -2.988458 0.587700 -0.553504
    11 1.646836 0.445664 -1.699647 -0.161704 0.581044 -0.283978
    12 0.928312 0.000000 0.000000 0.000000 0.000000 0.000000
    13 0.928313 0.000000 -0.000001 0.000000 0.000000 0.000000
    14 2.979373 -0.388274 -0.044205 -0.000805 -0.043611 0.000046
    15 1.435262 -0.000001 -0.000001 0.000000 0.000000 0.872146
    16 1.482593 -0.000001 0.000001 0.000000 0.000000 0.907041
    17 -2.869899 1.399667 -4.140396 -1.163265 1.764468 -4.903713
    18 4.972047 0.000000 0.000000 0.895447 -0.946889 -1.609825
    19 11.585358 0.000000 0.000001 0.386603 -0.383142 -1.515715
    20 10.127058 0.000000 0.000001 1.310083 0.697978 -0.333692
    21 1.537458 0.109715 1.664489 -0.264662 -0.055995 0.783079
    22 0.928313 0.000000 0.000002 0.000000 0.000000 -0.453501
    23 0.928311 0.000000 0.000001 0.000000 0.000000 0.000000
    24 2.686395 -0.427337 0.044204 -0.005762 0.043239 -0.157074
    25 1.435260 0.000000 0.000001 0.000000 0.000000 0.732613
    26 1.482593 0.000000 -0.000001 0.000000 0.000000 1.168644
    27 2.046984 0.000001 0.000000 0.044763 -0.022541 -0.048610
    28 -0.000005 0.000007 3.713254 -3.204068 -0.120606 1.238399
    29 18.045723 0.000000 0.000000 0.000000 0.000000 -1.756393
    30 17.597597 0.000000 0.000000 -0.210887 0.105637 -0.141218
    31 0.000005 -0.000003 -3.713254 0.848441 2.461380 5.479079
    32 18.045721 0.000000 0.000000 0.000000 0.000000 -2.603394
    33 17.597597 0.000000 0.000000 0.362388 -0.168095 0.787471
  time 30
    0 -1.756901 -2.027255 -20.585090 0.000000 0.000000 -1.571017
    1 -5.132973 0.316416 0.000000 -1.570795 -1.570787 0.000000
    2 1.293670 0.684478 -0.000001 -0.000004 -0.000001 0.266227
    3 5.309685 -0.003834 0.000000 0.000000 0.000000 0.223103
    4 4.826790 -0.004591 0.000000 -0.159252 0.071488 0.197034
    5 5.792767 -0.005304 0.000000 -0.122730 0.057922 0.176778
    6 6.662322 -0.001452 0.000000 0.000000 -0.000015 0.471000
    7 -3.108188 1.516823 4.339626 1.238993 -1.024532 -4.799756
    8 4.827512 0.000000 -0.000002 -0.556906 0.179068 -0.995814
    9 11.140032 0.000000 0.000000 0.070821 -0.120933 -0.831737
    10 10.314563 -0.000001 0.000001 -3.279896 0.481288 -0.539859
    11 1.646836 0.445664 -1.699647 -0.161704 0.581044 -0.283978
    12 0.928312 0.000000 0.000000 0.000000 0.000000 0.000000
    13 0.928313 0.000000 -0.000001 0.000000 0.000000 0.000000
    14 2.979373 -0.388274 -0.044205 -0.000805 -0.043611 0.000046
    15 1.435262 -0.000001 -0.000001 0.000000 0.000000 0.872146
    16 1.482593 -0.000001 0.000001 0.000000 0.000000 0.907041
    17 -2.869899 1.399667 -4.140396 -1.163265 1.764468 -4.903713
    18 4.972047 0.000000 0.000000 0.895541 -0.946889 -1.609892
    19 11.585358 0.000000 0.000001 0.386603 -0.383142 -1.515470
    20 10.127058 0.000000 0.000001 1.310083 0.697978 -0.333692
    21 1.537458 0.109715 1.664489 -0.264662 -0.055995 0.783079
    22 0.928313 0.000000 0.000002 0.000000 0.000000 -0.453501
    23 0.928311 0.000000 0.000001 0.000000 0.000000 0.000000
    24 2.686395 -0.427337 0.044204 -0.005762 0.043239 -0.157074
    25 1.435260 0.000000 0.000001 0.000000 0.000000 0.732613
    26 1.482593 0.000000 -0.000001 0.000000 0.000000 1.168644
    27 2.046984 0.000001 0.000000 0.047262 -0.020918 -0.059377
    28 -0.000005 0.000007 3.713254 -3.204068 -0.120606 1.238399
    29 18.045723 0.000000 0.000000 0.000000 0.000000 -1.756393
    30 17.597597 0.000000 0.000000 -0.210887 0.105637 -0.141218
    31 0.000005 -0.000003 -3.713254 0.848441 2.461380 5.479079
    32 18.045721 0.000000 0.000000 0.000000 0.000000 -2.603394
    33 17.597597 0.000000 0.000000 0.362388 -0.168095 0.787471
  time 31
    0 -1.756901 -2.027255 -20.585090 0.000000 0.000000 -1.571017
    1 -5.132973 0.316416 0.000000 -1.570795 -1.570787 0.000000
    2 1.293670 0.684478 -0.000001 -0.000004 -0.000001 0.266227
    3 5.309685 -0.003834 0.000000 0.000000 0.000000 0.223103
    4 4.826790 -0.004591 0.000000 -0.159252 0.071488 0.195997
    5 5.792767 -0.005304 0.000000 -0.122820 0.057694 0.178127
    6 6.662322 -0.001452 0.000000 0.000000 -0.000015 0.471000
    7 -3.108188 1.516823 4.339626 1.238993 -1.024532 -4.799756
    8 4.827512 0.000000 -0.000002 -0.562168 0.167556 -0.992868
    9 11.140032 0.000000 0.000000 0.070821 -0.124154 -0.860863
    10 10.314563 -0.000001 0.000001 -3.608675 0.354175 -0.523601
    11 1.646836 0.445664 -1.699647 -0.161704 0.581044 -0.283978
    12 0.928312 0.000000 0.000000 0.000000 0.000000 0.000000
    13 0.928313 0.000000 -0.000001 0.000000 0.000000 0.000000
    14 2.979373 -0.388274 -0.044205 -0.000805 -0.043611 0.000046
    15 1.435262 -0.000001 -0.000001 0.000000 0.000000 0.872146
    16 1.482593 -0.000001 0.000001 0.000000 0.000000 0.907041
    17 -2.869899 1.399667 -4.140396 -1.163265 1.764468 -4.903713
    18 4.972047 0.000000 0.000000 0.896010 -0.946568 -1.610424
    19 11.585358 0.000000 0.000001 0.386603 -0.383142 -1.514490
    20 10.127058 0.000000 0.000001 1.310083 0.697978 -0.333692
    21 1.537458 0.109715 1.664489 -0.264662 -0.055995 0.783079
    22 0.928313 0.000000 0.000002 0.000000 0.000000 -0.453501
    23 0.928311 0.000000 0.000001 0.000000 0.000000 0.000000
    24 2.686395 -0.427337 0.044204 -0.005762 0.043239 -0.157074
    25 1.435260 0.000000 0.000001 0.000000 0.000000 0.732613
    26 1.482593 0.000000 -0.000001 0.000000 0.000000 1.168644
    27 2.046984 0.000001 0.000000 0.049761 -0.019708 -0.070144
    28 -0.000005 0.000007 3.713254 -3.204068 -0.120606 1.238399
    29 18.045723 0.000000 0.000000 0.000000 0.000000 -1.756393
    30 17.597597 0.000000 0.000000 -0.210887 0.105637 -0.141218
    31 0.000005 -0.000003 -3.713254 0.848441 2.461380 5.479079
    32 18.045721 0.000000 0.000000 0.000000 0.000000 -2.603394
    33 17.597597 0.000000 0.000000 0.362388 -0.168095 0.787471
  time 32
    0 -1.756901 -2.027255 -20.585090 0.000000 0.000000 -1.571017
    1 -5.132973 0.316416 0.000000 -1.570795 -1.570787 0.000000
    2 1.293670 0.684478 -0.000001 -0.000004 -0.000001 0.266227
    3 5.309685 -0.003834 0.000000 0.000000 0.000000 0.223103
    4 4.826790 -0.004591 0.000000 -0.159252 0.071488 0.195248
    5 5.792767 -0.005304 0.000000 -0.123018 0.057071 0.181844
    6 6.662322 -0.001452 0.000000 0.000000 -0.000015 0.471000
    7 -3.108188 1.516823 4.339626 1.238993 -1.024532 -4.799756
    8 4.827512 0.000000 -0.000002 -0.572132 0.136346 -1.002833
    9 11.140032 0.000000 0.000000 0.070821 -0.121482 -0.836736
    10 10.314563 -0.000001 0.000001 -3.877460 0.247669 -0.509898
    11 1.646836 0.445664 -1.699647 -0.161704 0.581044 -0.283978
    12 0.928312 0.000000 0.000000 0.000000 0.000000 0.000000
    13 0.928313 0.000000 -0.000001 0.000000 0.000000 0.000000
    14 2.979373 -0.388274 -0.044205 -0.000805 -0.043611 0.000046
    15 1.435262 -0.000001 -0.000001 0.000000 0.000000 0.872146
    16 1.482593 -0.000001 0.000001 0.000000 0.000000 0.907041
    17 -2.869899 1.399667 -4.140396 -1.163265 1.764468 -4.903713
    18 4.972047 0.000000 0.000000 0.897417 -0.945202 -1.611556
    19 11.585358 0.000000 0.000001 0.386603 -0.383119 -1.513918
    20 10.127058 0.000000 0.000001 1.310083 0.697978 -0.333692
    21 1.537458 0.109715 1.664489 -0.264662 -0.055995 0.783079
    22 0.928313 0.000000 0.000002 0.000000 0.000000 -0.453501
    23 0.928311 0.000000 0.000001 0.000000 0.000000 0.000000
    24 2.686395 -0.427337 0.044204 -0.005762 0.043239 -0.157074
    25 1.435260 0.000000 0.000001 0.000000 0.000000 0.732613
    26 1.482593 0.000000 -0.000001 0.000000 0.000000 1.168644
    27 2.046984 0.000001 0.000000 0.052087 -0.018882 -0.080059
    28 -0.000005 0.000007 3.713254 -3.204068 -0.120606 1.238399
    29 18.045723 0.000000 0.000000 0.000000 0.000000 -1.756393
    30 17.597597 0.000000 0.000000 -0.210887 0.105637 -0.141218
    31 0.000005 -0.000003 -3.713254 0.848441 2.461380 5.479079
    32 18.045721 0.000000 0.000000 0.000000 0.000000 -2.603394
    33 17.597597 0.000000 0.000000 0.362388 -0.168095 0.787471
  time 33
    0 -1.756901 -2.027255 -20.585090 0.000000 0.000000 -1.571017
    1 -5.132973 0.316416 0.000000 -1.570795 -1.570787 0.000000
    2 1.293670 0.684478 -0.000001 -0.000004 -0.000001 0.266227
    3 5.309685 -0.003834 0.000000 0.000000 0.000000 0.223103
    4 4.826790 -0.004591 0.000000 -0.159252 0.071488 0.194718
    5 5.792767 -0.005304 0.000000 -0.123306 0.056148 0.187304
    6 6.662322 -0.001452 0.000000 0.000000 -0.000015 0.471000
    7 -3.108188 1.516823 4.339626 1.238993 -1.024532 -4.799756
    8 4.827512 0.000000 -0.000002 -0.583532 0.096182 -1.018430
    9 11.140032 0.000000 0.000000 0.070821 -0.116414 -0.790873
    10 10.314563 -0.000001 0.000001 -3.988822 0.203081 -0.504208
    11 1.646836 0.445664 -1.699647 -0.161704 0.581044 -0.283978
    12 0.928312 0.000000 0.000000 0.000000 0.000000 0.000000
    13 0.928313 0.000000 -0.000001 0.000000 0.000000 0.000000
    14 2.979373 -0.388274 -0.044205 -0.000805 -0.043611 0.000046
    15 1.435262 -0.000001 -0.000001 0.000000 0.000000 0.872146
    16 1.482593 -0.000001 0.000001 0.000000 0.000000 0.907041
    17 -2.869899 1.399667 -4.140396 -1.163265 1.764468 -4.903713
    18 4.972047 0.000000 0.000000 0.899387 -0.943032 -1.613153
    19 11.585358 0.000000 0.000001 0.386603 -0.383119 -1.513591
    20 10.127058 0.000000 0.000001 1.310083 0.697978 -0.333692
    21 1.537458 0.109715 1.664489 -0.264662 -0.055995 0.783079
    22 0.928313 0.000000 0.000002 0.000000 0.000000 -0.453501
    23 0.928311 0.000000 0.000001 0.000000 0.000000 0.000000
    24 2.686395 -0.427337 0.044204 -0.005762 0.043239 -0.157074
    25 1.435260 0.000000 0.000001 0.000000 0.000000 0.732613
    26 1.482593 0.000000 -0.000001 0.000000 0.000000 1.168644
    27 2.046984 0.000001 0.000000 0.053983 -0.018351 -0.088149
    28 -0.000005 0.000007 3.713254 -3.204068 -0.120606 1.238399
    29 18.045723 0.000000 0.000000 0.000000 0.000000 -1.756393
    30 17.597597 0.000000 0.000000 -0.210887 0.105637 -0.141218
    31 0.000005 -0.000003 -3.713254 0.848441 2.461380 5.479079
    32 18.045721 0.000000 0.000000 0.000000 0.000000 -2.603394
    33 17.597597 0.000000 0.000000 0.362388 -0.168095 0.787471
  time 34
    0 -1.756901 -2.027255 -20.585090 0.000000 0.000000 -1.571017
    1 -5.132973 0.316416 0.000000 -1.570795 -1.570787 0.000000
    2 1.293670 0.684478 -0.000001 -0.000004 -0.000001 0.266227
    3 5.309685 -0.003834 0.000000 0.000000 0.000000 0.223103
    4 4.826790 -0.004591 0.000000 -0.159252 0.071488 0.194410
    5 5.792767 -0.005304 0.000000 -0.123684 0.055033 0.193948
    6 6.662322 -0.001452 0.000000 0.000000 -0.000015 0.471000
    7 -3.108188 1.516823 4.339626 1.238993 -1.024532 -4.799756
    8 4.827512 0.000000 -0.000002 -0.589989 0.072647 -1.027181
    9 11.140032 0.000000 0.000000 0.070821 -0.113543 -0.766964
    10 10.314563 -0.000001 0.000001 -3.988822 0.203081 -0.504208
    11 1.646836 0.445664 -1.699647 -0.161704 0.581044 -0.283978
    12 0.928312 0.000000 0.000000 0.000000 0.000000 0.000000
    13 0.928313 0.000000 -0.000001 0.000000 0.000000 0.000000
    14 2.979373 -0.388274 -0.044205 -0.000805 -0.043611 0.000046
    15 1.435262 -0.000001 -0.000001 0.000000 0.000000 0.872146
    16 1.482593 -0.000001 0.000001 0.000000 0.000000 0.907041
    17 -2.869899 1.399667 -4.140396 -1.163265 1.764468 -4.903713
    18 4.972047 0.000000 0.000000 0.901732 -0.940381 -1.614950
    19 11.585358 0.000000 0.000001 0.386603 -0.383119 -1.513428
    20 10.127058 0.000000 0.000001 1.310083 0.697978 -0.333692
    21 1.537458 0.109715 1.664489 -0.264662 -0.055995 0.783079
    22 0.928313 0.000000 0.000002 0.000000 0.000000 -0.453501
    23 0.928311 0.000000 0.000001 0.000000 0.000000 0.000000
    24 2.686395 -0.427337 0.044204 -0.005762 0.043239 -0.157074
    25 1.435260 0.000000 0.000001 0.000000 0.000000 0.732613
    26 1.482593 0.000000 -0.000001 0.000000 0.000000 1.168644
    27 2.046984 0.000001 0.000000 0.055275 -0.018086 -0.093685
    28 -0.000005 0.000007 3.713254 -3.204068 -0.120606 1.238399
    29 18.045723 0.000000 0.000000 0.000000 0.000000 -1.756393
    30 17.597597 0.000000 0.000000 -0.210887 0.105637 -0.141218
    31 0.000005 -0.000003 -3.713254 0.848441 2.461380 5.479079
    32 18.045721 0.000000 0.000000 0.000000 0.000000 -2.603394
    33 17.597597 0.000000 0.000000 0.362388 -0.168095 0.787471
  time 35
    0 -1.756901 -2.027255 -20.585090 0.000000 0.000000 -1.571017
    1 -5.132973 0.316416 0.000000 -1.570795 -1.570787 0.000000
    2 1.293670 0.684478 -0.000001 -0.000004 -0.000001 0.266227
    3 5.309685 -0.003834 0.000000 0.000000 0.000000 0.223103
    4 4.826790 -0.004591 0.000000 -0.159252 0.071488 0.194300
    5 5.792767 -0.005304 0.000000 -0.124061 0.053823 0.201153
    6 6.662322 -0.001452 0.000000 0.000000 -0.000015 0.471000
    7 -3.108188 1.516823 4.339626 1.238993 -1.024532 -4.799756
    8 4.827512 0.000000 -0.000002 -0.592460 0.066422 -1.027875
    9 11.140032 0.000000 0.000000 0.070821 -0.113993 -0.770659
    10 10.314563 -0.000001 0.000001 -3.988822 0.203081 -0.504208
    11 1.646836 0.445664 -1.699647 -0.161704 0.581044 -0.283978
    12 0.928312 0.000000 0.000000 0.000000 0.000000 0.000000
    13 0.928313 0.000000 -0.000001 0.000000 0.000000 0.000000
    14 2.979373 -0.388274 -0.044205 -0.000805 -0.043611 0.000046
    15 1.435262 -0.000001 -0.000001 0.000000 0.000000 0.872146
    16 1.482593 -0.000001 0.000001 0.000000 0.000000 0.907041
    17 -2.869899 1.399667 -4.140396 -1.163265 1.764468 -4.903713
    18 4.972047 0.000000 0.000000 0.904264 -0.937488 -1.616880
    19 11.585358 0.000000 0.000001 0.386603 -0.383119 -1.513346
    20 10.127058 0.000000 0.000001 1.310083 0.697978 -0.333692
    21 1.537458 0.109715 1.664489 -0.264662 -0.055995 0.783079
    22 0.928313 0.000000 0.000002 0.000000 0.000000 -0.453501
    23 0.928311 0.000000 0.000001 0.000000 0.000000 0.000000
    24 2.686395 -0.427337 0.044204 -0.005762 0.043239 -0.157074
    25 1.435260 0.000000 0.000001 0.000000 0.000000 0.732613
    26 1.482593 0.000000 -0.000001 0.000000 0.000000 1.168644
    27 2.046984 0.000001 0.000000 0.055749 -0.017997 -0.095753
    28 -0.000005 0.000007 3.713254 -3.204068 -0.120606 1.238399
    29 18.045723 0.000000 0.000000 0.000000 0.000000 -1.756393
    30 17.597597 0.000000 0.000000 -0.210887 0.105637 -0.141218
    31 0.000005 -0.000003 -3.713254 0.848441 2.461380 5.479079
    32 18.045721 0.000000 0.000000 0.000000 0.000000 -2.603394
    33 17.597597 0.000000 0.000000 0.362388 -0.168095 0.787471
  time 36
    0 -1.756901 -2.027255 -20.585090 0.000000 0.000000 -1.571017
    1 -5.132973 0.316416 0.000000 -1.570795 -1.570787 0.000000
    2 1.293670 0.684478 -0.000001 -0.000004 -0.000001 0.266227
    3 5.309685 -0.003834 0.000000 0.000000 0.000000 0.223103
    4 4.826790 -0.004591 0.000000 -0.159252 0.071488 0.194674
    5 5.792767 -0.005304 0.000000 -0.124457 0.052600 0.208379
    6 6.662322 -0.001452 0.000000 0.000000 -0.000015 0.471000
    7 -3.108188 1.516823 4.339626 1.238993 -1.024532 -4.799756
    8 4.827512 0.000000 -0.000002 -0.598279 0.020289 -1.057249
    9 11.140032 0.000000 0.000000 0.070821 -0.099787 -0.656400
    10 10.314563 -0.000001 0.000001 -3.988822 0.203081 -0.504208
    11 1.646836 0.445664 -1.699647 -0.161704 0.581044 -0.283978
    12 0.928312 0.000000 0.000000 0.000000 0.000000 0.000000
    13 0.928313 0.000000 -0.000001 0.000000 0.000000 0.000000
    14 2.979373 -0.388274 -0.044205 -0.000805 -0.043611 0.000046
    15 1.435262 -0.000001 -0.000001 0.000000 0.000000 0.872146
    16 1.482593 -0.000001 0.000001 0.000000 0.000000 0.907041
    17 -2.869899 1.399667 -4.140396 -1.163265 1.764468 -4.903713
    18 4.972047 0.000000 0.000000 0.906609 -0.934676 -1.618611
    19 11.585358 0.000000 0.000001 0.386603 -0.383119 -1.513673
    20 10.127058 0.000000 0.000001 1.310083 0.697978 -0.333692
    21 1.537458 0.109715 1.664489 -0.264662 -0.055995 0.783079
    22 0.928313 0.000000 0.000002 0.000000 0.000000 -0.453501
    23 0.928311 0.000000 0.000001 0.000000 0.000000 0.000000
    24 2.686395 -0.427337 0.044204 -0.005762 0.043239 -0.157074
    25 1.435260 0.000000 0.000001 0.000000 0.000000 0.732613
    26 1.482593 0.000000 -0.000001 0.000000 0.000000 1.168644
    27 2.046984 0.000001 0.000000 0.055275 -0.018440 -0.093685
    28 -0.000005 0.000007 3.713254 -3.204068 -0.120606 1.238399
    29 18.045723 0.000000 0.000000 0.000000 0.000000 -1.756393
    30 17.597597 0.000000 0.000000 -0.210887 0.105637 -0.141218
    31 0.000005 -0.000003 -3.713254 0.848441 2.461380 5.479079
    32 18.045721 0.000000 0.000000 0.000000 0.000000 -2.603394
    33 17.597597 0.000000 0.000000 0.362388 -0.168095 0.787471
  time 37
    0 -1.756901 -2.027255 -20.585090 0.000000 0.000000 -1.571017
    1 -5.132973 0.316416 0.000000 -1.570795 -1.570787 0.000000
    2 1.293670 0.684478 -0.000001 -0.000004 -0.000001 0.266227
    3 5.309685 -0.003834 0.000000 0.000000 0.000000 0.223103
    4 4.826790 -0.004591 0.000000 -0.159252 0.071488 0.195733
    5 5.792767 -0.005304 0.000000 -0.124817 0.051486 0.215023
    6 6.662322 -0.001452 0.000000 0.000000 -0.000015 0.471000
    7 -3.108188 1.516823 4.339626 1.238993 -1.024532 -4.799756
    8 4.827512 0.000000 -0.000002 -0.601867 -0.062256 -1.116518
    9 11.140032 0.000000 0.000000 0.070821 -0.070378 -0.444908
    10 10.314563 -0.000001 0.000001 -3.988822 0.203081 -0.504208
    11 1.646836 0.445664 -1.699647 -0.161704 0.581044 -0.283978
    12 0.928312 0.000000 0.000000 0.000000 0.000000 0.000000
    13 0.928313 0.000000 -0.000001 0.000000 0.000000 0.000000
    14 2.979373 -0.388274 -0.044205 -0.000805 -0.043611 0.000046
    15 1.435262 -0.000001 -0.000001 0.000000 0.000000 0.872146
    16 1.482593 -0.000001 0.000001 0.000000 0.000000 0.907041
    17 -2.869899 1.399667 -4.140396 -1.163265 1.764468 -4.903713
    18 4.972047 0.000000 0.000000 0.908673 -0.932024 -1.620075
    19 11.585358 0.000000 0.000001 0.386603 -0.383119 -1.514408
    20 10.127058 0.000000 0.000001 1.310083 0.697978 -0.333692
    21 1.537458 0.109715 1.664489 -0.264662 -0.055995 0.783079
    22 0.928313 0.000000 0.000002 0.000000 0.000000 -0.453501
    23 0.928311 0.000000 0.000001 0.000000 0.000000 0.000000
    24 2.686395 -0.427337 0.044204 -0.005762 0.043239 -0.157074
    25 1.435260 0.000000 0.000001 0.000000 0.000000 0.732613
    26 1.482593 0.000000 -0.000001 0.000000 0.000000 1.168644
    27 2.046984 0.000001 0.000000 0.053983 -0.019708 -0.088149
    28 -0.000005 0.000007 3.713254 -3.204068 -0.120606 1.238399
    29 18.045723 0.000000 0.000000 0.000000 0.000000 -1.756393
    30 17.597597 0.000000 0.000000 -0.210887 0.105637 -0.141218
    31 0.000005 -0.000003 -3.713254 0.848441 2.461380 5.479079
    32 18.045721 0.000000 0.000000 0.000000 0.000000 -2.603394
    33 17.597597 0.000000 0.000000 0.362388 -0.168095 0.787471
  time 38
    0 -1.756901 -2.027255 -20.585090 0.000000 0.000000 -1.571017
    1 -5.132973 0.316416 0.000000 -1.570795 -1.570787 0.000000
    2 1.293670 0.684478 -0.000001 -0.000004 -0.000001 0.266227
    3 5.309685 -0.003834 0.000000 0.000000 0.000000 0.223103
    4 4.826790 -0.004591 0.000000 -0.159252 0.071488 0.197364
    5 5.792767 -0.005304 0.000000 -0.125123 0.050575 0.220483
    6 6.662322 -0.001452 0.000000 0.000000 -0.000015 0.471000
    7 -3.108188 1.516823 4.339626 1.238993 -1.024532 -4.799756
    8 4.827512 0.000000 -0.000002 -0.604816 -0.163562 -1.178386
    9 11.140032 0.000000 0.000000 0.070821 -0.042766 -0.264717
    10 10.314563 -0.000001 0.000001 -3.988822 0.203081 -0.504208
    11 1.646836 0.445664 -1.699647 -0.161704 0.581044 -0.283978
    12 0.928312 0.000000 0.000000 0.000000 0.000000 0.000000
    13 0.928313 0.000000 -0.000001 0.000000 0.000000 0.000000
    14 2.979373 -0.388274 -0.044205 -0.000805 -0.043611 0.000046
    15 1.435262 -0.000001 -0.000001 0.000000 0.000000 0.872146
    16 1.482593 -0.000001 0.000001 0.000000 0.000000 0.907041
    17 -2.869899 1.399667 -4.140396 -1.163265 1.764468 -4.903713
    18 4.972047 0.000000 0.000000 0.910174 -0.929935 -1.621073
    19 11.585358 0.000000 0.000001 0.386603 -0.383142 -1.515388
    20 10.127058 0.000000 0.000001 1.310083 0.697978 -0.333692
    21 1.537458 0.109715 1.664489 -0.264662 -0.055995 0.783079
    22 0.928313 0.000000 0.000002 0.000000 0.000000 -0.453501
    23 0.928311 0.000000 0.000001 0.000000 0.000000 0.000000
    24 2.686395 -0.427337 0.044204 -0.005762 0.043239 -0.157074
    25 1.435260 0.000000 0.000001 0.000000 0.000000 0.732613
    26 1.482593 0.000000 -0.000001 0.000000 0.000000 1.168644
    27 2.046984 0.000001 0.000000 0.052087 -0.021538 -0.080059
    28 -0.000005 0.000007 3.713254 -3.204068 -0.120606 1.238399
    29 18.045723 0.000000 0.000000 0.000000 0.000000 -1.756393
    30 17.597597 0.000000 0.000000 -0.210887 0.105637 -0.141218
    31 0.000005 -0.000003 -3.713254 0.848441 2.461380 5.479079
    32 18.045721 0.000000 0.000000 0.000000 0.000000 -2.603394
    33 17.597597 0.000000 0.000000 0.362388 -0.168095 0.787471
  time 39
    0 -1.756901 -2.027255 -20.585090 0.000000 0.000000 -1.571017
    1 -5.132973 0.316416 0.000000 -1.570795 -1.570787 0.000000
    2 1.293670 0.684478 -0.000001 -0.000004 -0.000001 0.266227
    3 5.309685 -0.003834 0.000000 0.000000 0.000000 0.223103
    4 4.826790 -0.004591 0.000000 -0.159252 0.071488 0.199481
    5 5.792767 -0.005304 0.000000 -0.125321 0.049952 0.224179
    6 6.662322 -0.001452 0.000000 0.000000 -0.000015 0.471000
    7 -3.108188 1.516823 4.339626 1.238993 -1.024532 -4.799756
    8 4.827512 0.000000 -0.000002 -0.596446 -0.265378 -1.251866
    9 11.140032 0.000000 0.000000 0.070821 -0.011160 -0.068441
    10 10.314563 -0.000001 0.000001 -3.988822 0.203081 -0.504208
    11 1.646836 0.445664 -1.699647 -0.161704 0.581044 -0.283978
    12 0.928312 0.000000 0.000000 0.000000 0.000000 0.000000
    13 0.928313 0.000000 -0.000001 0.000000 0.000000 0.000000
    14 2.979373 -0.388274 -0.044205 -0.000805 -0.043611 0.000046
    15 1.435262 -0.000001 -0.000001 0.000000 0.000000 0.872146
    16 1.482593 -0.000001 0.000001 0.000000 0.000000 0.907041
    17 -2.869899 1.399667 -4.140396 -1.163265 1.764468 -4.903713
    18 4.972047 0.000000 0.000000 0.911018 -0.928730 -1.621539
    19 11.585358 0.000000 0.000001 0.386603 -0.383165 -1.516450
    20 10.127058 0.000000 0.000001 1.310083 0.697978 -0.333692
    21 1.537458 0.109715 1.664489 -0.264662 -0.055995 0.783079
    22 0.928313 0.000000 0.000002 0.000000 0.000000 -0.453501
    23 0.928311 0.000000 0.000001 0.000000 0.000000 0.000000
    24 2.686395 -0.427337 0.044204 -0.005762 0.043239 -0.157074
    25 1.435260 0.000000 0.000001 0.000000 0.000000 0.732613
    26 1.482593 0.000000 -0.000001 0.000000 0.000000 1.168644
    27 2.046984 0.000001 0.000000 0.049761 -0.023750 -0.070144
    28 -0.000005 0.000007 3.713254 -3.204068 -0.120606 1.238399
    29 18.045723 0.000000 0.000000 0.000000 0.000000 -1.756393
    30 17.597597 0.000000 0.000000 -0.210887 0.105637 -0.141218
    31 0.000005 -0.000003 -3.713254 0.848441 2.461380 5.479079
    32 18.045721 0.000000 0.000000 0.000000 0.000000 -2.603394
    33 17.597597 0.000000 0.000000 0.362388 -0.168095 0.787471
  time 40
    0 -1.756901 -2.027255 -20.585090 0.000000 0.000000 -1.571017
    1 -5.132973 0.316416 0.000000 -1.570795 -1.570787 0.000000
    2 1.293670 0.684478 -0.000001 -0.000004 -0.000001 0.266227
    3 5.309685 -0.003834 0.000000 0.000000 0.000000 0.223103
    4 4.826790 -0.004591 0.000000 -0.159252 0.071488 0.201950
    5 5.792767 -0.005304 0.000000 -0.125392 0.049712 0.225549
    6 6.662322 -0.001452 0.000000 0.000000 -0.000015 0.471000
    7 -3.108188 1.516823 4.339626 1.238993 -1.024532 -4.799756
    8 4.827512 0.000000 -0.000002 -0.601070 -0.255060 -1.237395
    9 11.140032 0.000000 0.000000 0.070821 -0.018225 -0.111913
    10 10.314563 -0.000001 0.000001 -3.988822 0.203081 -0.504208
    11 1.646836 0.445664 -1.699647 -0.161704 0.581044 -0.283978
    12 0.928312 0.000000 0.000000 0.000000 0.000000 0.000000
    13 0.928313 0.000000 -0.000001 0.000000 0.000000 0.000000
    14 2.979373 -0.388274 -0.044205 -0.000805 -0.043611 0.000046
    15 1.435262 -0.000001 -0.000001 0.000000 0.000000 0.872146
    16 1.482593 -0.000001 0.000001 0.000000 0.000000 0.907041
    17 -2.869899 1.399667 -4.140396 -1.163265 1.764468 -4.903713
    18 4.972047 0.000000 0.000000 0.910737 -0.928730 -1.621206
    19 11.585358 0.000000 0.000001 0.386603 -0.383187 -1.517430
    20 10.127058 0.000000 0.000001 1.310083 0.697978 -0.333692
    21 1.537458 0.109715 1.664489 -0.264662 -0.055995 0.783079
    22 0.928313 0.000000 0.000002 0.000000 0.000000 -0.453501
    23 0.928311 0.000000 0.000001 0.000000 0.000000 0.000000
    24 2.686395 -0.427337 0.044204 -0.005762 0.043239 -0.157074
    25 1.435260 0.000000 0.000001 0.000000 0.000000 0.732613
    26 1.482593 0.000000 -0.000001 0.000000 0.000000 1.168644
    27 2.046984 0.000001 0.000000 0.047262 -0.026199 -0.059377
    28 -0.000005 0.000007 3.713254 -3.204068 -0.120606 1.238399
    29 18.045723 0.000000 0.000000 0.000000 0.000000 -1.756393
    30 17.597597 0.000000 0.000000 -0.210887 0.105637 -0.141218
    31 0.000005 -0.000003 -3.713254 0.848441 2.461380 5.479079
    32 18.045721 0.000000 0.000000 0.000000 0.000000 -2.603394
    33 17.597597 0.000000 0.000000 0.362388 -0.168095 0.787471
  time 41
    0 -1.756901 -2.027255 -20.585090 0.000000 0.000000 -1.571017
    1 -5.132973 0.316416 0.000000 -1.570795 -1.570787 0.000000
    2 1.293670 0.684478 -0.000001 -0.000004 -0.000001 0.266227
    3 5.309685 -0.003834 0.000000 0.000000 0.000000 0.223103
    4 4.826790 -0.004591 0.000000 -0.159252 0.071488 0.204684
    5 5.792767 -0.005304 0.000000 -0.125339 0.049880 0.224573
    6 6.662322 -0.001452 0.000000 0.000000 -0.000015 0.471000
    7 -3.108188 1.516823 4.339626 1.238993 -1.024532 -4.799756
    8 4.827512 0.000000 -0.000002 -0.615498 -0.175926 -1.165735
    9 11.140032 0.000000 0.000000 0.070821 -0.052602 -0.327679
    10 10.314563 -0.000001 0.000001 -3.988822 0.203081 -0.504208
    11 1.646836 0.445664 -1.699647 -0.161704 0.581044 -0.283978
    12 0.928312 0.000000 0.000000 0.000000 0.000000 0.000000
    13 0.928313 0.000000 -0.000001 0.000000 0.000000 0.000000
    14 2.979373 -0.388274 -0.044205 -0.000805 -0.043611 0.000046
    15 1.435262 -0.000001 -0.000001 0.000000 0.000000 0.872146
    16 1.482593 -0.000001 0.000001 0.000000 0.000000 0.907041
    17 -2.869899 1.399667 -4.140396 -1.163265 1.764468 -4.903713
    18 4.972047 0.000000 0.000000 0.909611 -0.929855 -1.620208
    19 11.585358 0.000000 0.000001 0.386603 -0.383187 -1.518329
    20 10.127058 0.000000 0.000001 1.310083 0.697978 -0.333692
    21 1.537458 0.109715 1.664489 -0.264662 -0.055995 0.783079
    22 0.928313 0.000000 0.000002 0.000000 0.000000 -0.453501
    23 0.928311 0.000000 0.000001 0.000000 0.000000 0.000000
    24 2.686395 -0.427337 0.044204 -0.005762 0.043239 -0.157074
    25 1.435260 0.000000 0.000001 0.000000 0.000000 0.732613
    26 1.482593 0.000000 -0.000001 0.000000 0.000000 1.168644
    27 2.046984 0.000001 0.000000 0.044763 -0.028618 -0.048610
    28 -0.000005 0.000007 3.713254 -3.204068 -0.120606 1.238399
    29 18.045723 0.000000 0.000000 0.000000 0.000000 -1.756393
    30 17.597597 0.000000 0.000000 -0.210887 0.105637 -0.141218
    31 0.000005 -0.000003 -3.713254 0.848441 2.461380 5.479079
    32 18.045721 0.000000 0.000000 0.000000 0.000000 -2.603394
    33 17.597597 0.000000 0.000000 0.362388 -0.168095 0.787471
  time 42
    0 -1.756901 -2.027255 -20.585090 0.000000 0.000000 -1.571017
    1 -5.132973 0.316416 0.000000 -1.570795 -1.570787 0.000000
    2 1.293670 0.684478 -0.000001 -0.000004 -0.000001 0.266227
    3 5.309685 -0.003834 0.000000 0.000000 0.000000 0.223103
    4 4.826790 -0.004591 0.000000 -0.159252 0.071488 0.207595
    5 5.792767 -0.005304 0.000000 -0.125195 0.050323 0.221916
    6 6.662322 -0.001452 0.000000 0.000000 -0.000015 0.471000
    7 -3.108188 1.516823 4.339626 1.238993 -1.024532 -4.799756
    8 4.827512 0.000000 -0.000002 -0.618448 -0.072916 -1.092602
    9 11.140032 0.000000 0.000000 0.070821 -0.088378 -0.571195
    10 10.314563 -0.000001 0.000001 -3.988822 0.203081 -0.504208
    11 1.646836 0.445664 -1.699647 -0.161704 0.581044 -0.283978
    12 0.928312 0.000000 0.000000 0.000000 0.000000 0.000000
    13 0.928313 0.000000 -0.000001 0.000000 0.000000 0.000000
    14 2.979373 -0.388274 -0.044205 -0.000805 -0.043611 0.000046
    15 1.435262 -0.000001 -0.000001 0.000000 0.000000 0.872146
    16 1.482593 -0.000001 0.000001 0.000000 0.000000 0.907041
    17 -2.869899 1.399667 -4.140396 -1.163265 1.764468 -4.903713
    18 4.972047 0.000000 0.000000 0.907735 -0.931703 -1.618677
    19 11.585358 0.000000 0.000001 0.386603 -0.383210 -1.519227
    20 10.127058 0.000000 0.000001 1.310083 0.697978 -0.333692
    21 1.537458 0.109715 1.664489 -0.264662 -0.055995 0.783079
    22 0.928313 0.000000 0.000002 0.000000 0.000000 -0.453501
    23 0.928311 0.000000 0.000001 0.000000 0.000000 0.000000
    24 2.686395 -0.427337 0.044204 -0.005762 0.043239 -0.157074
    25 1.435260 0.000000 0.000001 0.000000 0.000000 0.732613
    26 1.482593 0.000000 -0.000001 0.000000 0.000000 1.168644
    27 2.046984 0.000001 0.000000 0.042437 -0.030831 -0.038695
    28 -0.000005 0.000007 3.713254 -3.204068 -0.120606 1.238399
    29 18.045723 0.000000 0.000000 0.000000 0.000000 -1.756393
    30 17.597597 0.000000 0.000000 -0.210887 0.105637 -0.141218
    31 0.000005 -0.000003 -3.713254 0.848441 2.461380 5.479079
    32 18.045721 0.000000 0.000000 0.000000 0.000000 -2.603394
    33 17.597597 0.000000 0.000000 0.362388 -0.168095 0.787471
  time 43
    0 -1.756901 -2.027255 -20.585090 0.000000 0.000000 -1.571017
    1 -5.132973 0.316416 0.000000 -1.570795 -1.570787 0.000000
    2 1.293670 0.684478 -0.000001 -0.000004 -0.000001 0.266227
    3 5.309685 -0.003834 0.000000 0.000000 0.000000 0.223103
    4 4.826790 -0.004591 0.000000 -0.159252 0.071488 0.210527
    5 5.792767 -0.005304 0.000000 -0.124979 0.050982 0.217971
    6 6.662322 -0.001452 0.000000 0.000000 -0.000015 0.471000
    7 -3.108188 1.516823 4.339626 1.238993 -1.024532 -4.799756
    8 4.827512 0.000000 -0.000002 -0.607925 0.021482 -1.038706
    9 11.140032 0.000000 0.000000 0.070821 -0.113394 -0.765804
    10 10.314563 -0.000001 0.000001 -3.988822 0.203081 -0.504208
    11 1.646836 0.445664 -1.699647 -0.161704 0.581044 -0.283978
    12 0.928312 0.000000 0.000000 0.000000 0.000000 0.000000
    13 0.928313 0.000000 -0.000001 0.000000 0.000000 0.000000
    14 2.979373 -0.388274 -0.044205 -0.000805 -0.043611 0.000046
    15 1.435262 -0.000001 -0.000001 0.000000 0.000000 0.872146
    16 1.482593 -0.000001 0.000001 0.000000 0.000000 0.907041
    17 -2.869899 1.399667 -4.140396 -1.163265 1.764468 -4.903713
    18 4.972047 0.000000 0.000000 0.905484 -0.934033 -1.616814
    19 11.585358 0.000000 0.000001 0.386603 -0.383210 -1.520207
    20 10.127058 0.000000 0.000001 1.310083 0.697978 -0.333692
    21 1.537458 0.109715 1.664489 -0.264662 -0.055995 0.783079
    22 0.928313 0.000000 0.000002 0.000000 0.000000 -0.453501
    23 0.928311 0.000000 0.000001 0.000000 0.000000 0.000000
    24 2.686395 -0.427337 0.044204 -0.005762 0.043239 -0.157074
    25 1.435260 0.000000 0.000001 0.000000 0.000000 0.732613
    26 1.482593 0.000000 -0.000001 0.000000 0.000000 1.168644
    27 2.046984 0.000001 0.000000 0.040541 -0.032690 -0.030544
    28 -0.000005 0.000007 3.713254 -3.204068 -0.120606 1.238399
    29 18.045723 0.000000 0.000000 0.000000 0.000000 -1.756393
    30 17.597597 0.000000 0.000000 -0.210887 0.105637 -0.141218
    31 0.000005 -0.000003 -3.713254 0.848441 2.461380 5.479079
    32 18.045721 0.000000 0.000000 0.000000 0.000000 -2.603394
    33 17.597597 0.000000 0.000000 0.362388 -0.168095 0.787471
  time 44
    0 -1.756901 -2.027255 -20.585090 0.000000 0.000000 -1.571017
    1 -5.132973 0.316416 0.000000 -1.570795 -1.570787 0.000000
    2 1.293670 0.684478 -0.000001 -0.000004 -0.000001 0.266227
    3 5.309685 -0.003834 0.000000 0.000000 0.000000 0.223103
    4 4.826790 -0.004591 0.000000 -0.159252 0.071488 0.213415
    5 5.792767 -0.005304 0.000000 -0.124709 0.051785 0.213216
    6 6.662322 -0.001452 0.000000 0.000000 -0.000015 0.471000
    7 -3.108188 1.516823 4.339626 1.238993 -1.024532 -4.799756
    8 4.827512 0.000000 -0.000002 -0.591105 0.096353 -1.002919
    9 11.140032 0.000000 0.000000 0.070821 -0.127849 -0.896220
    10 10.314563 -0.000001 0.000001 -3.988822 0.203081 -0.504208
    11 1.646836 0.445664 -1.699647 -0.161704 0.581044 -0.283978
    12 0.928312 0.000000 0.000000 0.000000 0.000000 0.000000
    13 0.928313 0.000000 -0.000001 0.000000 0.000000 0.000000
    14 2.979373 -0.388274 -0.044205 -0.000805 -0.043611 0.000046
    15 1.435262 -0.000001 -0.000001 0.000000 0.000000 0.872146
    16 1.482593 -0.000001 0.000001 0.000000 0.000000 0.907041
    17 -2.869899 1.399667 -4.140396 -1.163265 1.764468 -4.903713
    18 4.972047 0.000000 0.000000 0.903045 -0.936604 -1.614817
    19 11.585358 0.000000 0.000001 0.386603 -0.383233 -1.521269
    20 10.127058 0.000000 0.000001 1.310083 0.697978 -0.333692
    21 1.537458 0.109715 1.664489 -0.264662 -0.055995 0.783079
    22 0.928313 0.000000 0.000002 0.000000 0.000000 -0.453501
    23 0.928311 0.000000 0.000001 0.000000 0.000000 0.000000
    24 2.686395 -0.427337 0.044204 -0.005762 0.043239 -0.157074
    25 1.435260 0.000000 0.000001 0.000000 0.000000 0.732613
    26 1.482593 0.000000 -0.000001 0.000000 0.000000 1.168644
    27 2.046984 0.000001 0.000000 0.039249 -0.033929 -0.025009
    28 -0.000005 0.000007 3.713254 -3.204068 -0.120606 1.238399
    29 18.045723 0.000000 0.000000 0.000000 0.000000 -1.756393
    30 17.597597 0.000000 0.000000 -0.210887 0.105637 -0.141218
    31 0.000005 -0.000003 -3.713254 0.848441 2.461380 5.479079
    32 18.045721 0.000000 0.000000 0.000000 0.000000 -2.603394
    33 17.597597 0.000000 0.000000 0.362388 -0.168095 0.787471
  time 45
    0 -1.756901 -2.027255 -20.585090 0.000000 0.000000 -1.571017
    1 -5.132973 0.316416 0.000000 -1.570795 -1.570787 0.000000
    2 1.293670 0.684478 -0.000001 -0.000004 -0.000001 0.266227
    3 5.309685 -0.003834 0.000000 0.000000 0.000000 0.223103
    4 4.826790 -0.004591 0.000000 -0.159252 0.071488 0.216171
    5 5.792767 -0.005304 0.000000 -0.124421 0.052660 0.208026
    6 6.662322 -0.001452 0.000000 0.000000 -0.000015 0.471000
    7 -3.108188 1.516823 4.339626 1.238993 -1.024532 -4.799756
    8 4.827512 0.000000 -0.000002 -0.577154 0.140354 -0.985936
    9 11.140032 0.000000 0.000000 0.070821 -0.132967 -0.947445
    10 10.314563 -0.000001 0.000001 -3.988822 0.203081 -0.504208
    11 1.646836 0.445664 -1.699647 -0.161704 0.581044 -0.283978
    12 0.928312 0.000000 0.000000 0.000000 0.000000 0.000000
    13 0.928313 0.000000 -0.000001 0.000000 0.000000 0.000000
    14 2.979373 -0.388274 -0.044205 -0.000805 -0.043611 0.000046
    15 1.435262 -0.000001 -0.000001 0.000000 0.000000 0.872146
    16 1.482593 -0.000001 0.000001 0.000000 0.000000 0.907041
    17 -2.869899 1.399667 -4.140396 -1.163265 1.764468 -4.903713
    18 4.972047 0.000000 0.000000 0.900512 -0.939095 -1.612754
    19 11.585358 0.000000 0.000001 0.386603 -0.383255 -1.522576
    20 10.127058 0.000000 0.000001 1.310083 0.697978 -0.333692
    21 1.537458 0.109715 1.664489 -0.264662 -0.055995 0.783079
    22 0.928313 0.000000 0.000002 0.000000 0.000000 -0.453501
    23 0.928311 0.000000 0.000001 0.000000 0.000000 0.000000
    24 2.686395 -0.427337 0.044204 -0.005762 0.043239 -0.157074
    25 1.435260 0.000000 0.000001 0.000000 0.000000 0.732613
    26 1.482593 0.000000 -0.000001 0.000000 0.000000 1.168644
    27 2.046984 0.000001 0.000000 0.038775 -0.034372 -0.023002
    28 -0.000005 0.000007 3.713254 -3.204068 -0.120606 1.238399
    29 18.045723 0.000000 0.000000 0.000000 0.000000 -1.756393
    30 17.597597 0.000000 0.000000 -0.210887 0.105637 -0.141218
    31 0.000005 -0.000003 -3.713254 0.848441 2.461380 5.479079
    32 18.045721 0.000000 0.000000 0.000000 0.000000 -2.603394
    33 17.597597 0.000000 0.000000 0.362388 -0.168095 0.787471
  time 46
    0 -1.756901 -2.027255 -20.585090 0.000000 0.000000 -1.571017
    1 -5.132973 0.316416 0.000000 -1.570795 -1.570787 0.000000
    2 1.293670 0.684478 -0.000001 -0.000004 -0.000001 0.266227
    3 5.309685 -0.003834 0.000000 0.000000 0.000000 0.223103
    4 4.826790 -0.004591 0.000000 -0.159252 0.071488 0.218641
    5 5.792767 -0.005304 0.000000 -0.124133 0.053523 0.202835
    6 6.662322 -0.001452 0.000000 0.000000 -0.000015 0.471000
    7 -3.108188 1.516823 4.339626 1.238993 -1.024532 -4.799756
    8 4.827512 0.000000 -0.000002 -0.567828 0.163463 -0.980737
    9 11.140032 0.000000 0.000000 0.070821 -0.132892 -0.946793
    10 10.314563 -0.000001 0.000001 -3.988822 0.203081 -0.504208
    11 1.646836 0.445664 -1.699647 -0.161704 0.581044 -0.283978
    12 0.928312 0.000000 0.000000 0.000000 0.000000 0.000000
    13 0.928313 0.000000 -0.000001 0.000000 0.000000 0.000000
    14 2.979373 -0.388274 -0.044205 -0.000805 -0.043611 0.000046
    15 1.435262 -0.000001 -0.000001 0.000000 0.000000 0.872146
    16 1.482593 -0.000001 0.000001 0.000000 0.000000 0.907041
    17 -2.869899 1.399667 -4.140396 -1.163265 1.764468 -4.903713
    18 4.972047 0.000000 0.000000 0.900606 -0.937408 -1.611955
    19 11.585358 0.000000 0.000001 0.386603 -0.383346 -1.528294
    20 10.127058 0.000000 0.000001 1.328315 0.695141 -0.302678
    21 1.537458 0.109715 1.664489 -0.264662 -0.055995 0.783079
    22 0.928313 0.000000 0.000002 0.000000 0.000000 -0.453501
    23 0.928311 0.000000 0.000001 0.000000 0.000000 0.000000
    24 2.686395 -0.427337 0.044204 -0.005762 0.043239 -0.157074
    25 1.435260 0.000000 0.000001 0.000000 0.000000 0.732613
    26 1.482593 0.000000 -0.000001 0.000000 0.000000 1.168644
    27 2.046984 0.000001 0.000000 0.044203 -0.029651 -0.026773
    28 -0.000005 0.000007 3.713254 -3.204068 -0.120606 1.238399
    29 18.045723 0.000000 0.000000 0.000000 0.000000 -1.756393
    30 17.597597 0.000000 0.000000 -0.210887 0.105637 -0.141218
    31 0.000005 -0.000003 -3.713254 0.848441 2.461380 5.479079
    32 18.045721 0.000000 0.000000 0.000000 0.000000 -2.603394
    33 17.597597 0.000000 0.000000 0.362388 -0.168095 0.787471
  time 47
    0 -1.756901 -2.027255 -20.585090 0.000000 0.000000 -1.571017
    1 -5.132973 0.316416 0.000000 -1.570795 -1.570787 0.000000
    2 1.293670 0.684478 -0.000001 -0.000004 -0.000001 0.266227
    3 5.309685 -0.003834 0.000000 0.000000 0.000000 0.223103
    4 4.826790 -0.004591 0.000000 -0.159252 0.071488 0.220735
    5 5.792767 -0.005304 0.000000 -0.123864 0.054326 0.198059
    6 6.662322 -0.001452 0.000000 0.000000 -0.000015 0.471000
    7 -3.108188 1.516823 4.339626 1.238993 -1.024532 -4.799756
    8 4.827512 0.000000 -0.000002 -0.558899 0.184781 -0.977357
    9 11.140032 0.000000 0.000000 0.070821 -0.131943 -0.937302
    10 10.314563 -0.000001 0.000001 -3.988822 0.203081 -0.504208
    11 1.646836 0.445664 -1.699647 -0.161704 0.581044 -0.283978
    12 0.928312 0.000000 0.000000 0.000000 0.000000 0.000000
    13 0.928313 0.000000 -0.000001 0.000000 0.000000 0.000000
    14 2.979373 -0.388274 -0.044205 -0.000805 -0.043611 0.000046
    15 1.435262 -0.000001 -0.000001 0.000000 0.000000 0.872146
    16 1.482593 -0.000001 0.000001 0.000000 0.000000 0.907041
    17 -2.869899 1.399667 -4.140396 -1.163265 1.764468 -4.903713
    18 4.972047 0.000000 0.000000 0.905202 -0.928569 -1.613619
    19 11.585358 0.000000 0.000001 0.386603 -0.383550 -1.540872
    20 10.127058 0.000000 0.000001 1.377753 0.687481 -0.218492
    21 1.537458 0.109715 1.664489 -0.264662 -0.055995 0.783079
    22 0.928313 0.000000 0.000002 0.000000 0.000000 -0.453501
    23 0.928311 0.000000 0.000001 0.000000 0.000000 0.000000
    24 2.686395 -0.427337 0.044204 -0.005762 0.043239 -0.157074
    25 1.435260 0.000000 0.000001 0.000000 0.000000 0.732613
    26 1.482593 0.000000 -0.000001 0.000000 0.000000 1.168644
    27 2.046984 0.000001 0.000000 0.058808 -0.016610 -0.036931
    28 -0.000005 0.000007 3.713254 -3.204068 -0.120606 1.238399
    29 18.045723 0.000000 0.000000 0.000000 0.000000 -1.756393
    30 17.597597 0.000000 0.000000 -0.210887 0.105637 -0.141218
    31 0.000005 -0.000003 -3.713254 0.848441 2.461380 5.479079
    32 18.045721 0.000000 0.000000 0.000000 0.000000 -2.603394
    33 17.597597 0.000000 0.000000 0.362388 -0.168095 0.787471
  time 48
    0 -1.756901 -2.027255 -20.585090 0.000000 0.000000 -1.571017
    1 -5.132973 0.316416 0.000000 -1.570795 -1.570787 0.000000
    2 1.293670 0.684478 -0.000001 -0.000004 -0.000001 0.266227
    3 5.309685 -0.003834 0.000000 0.000000 0.000000 0.223103
    4 4.826790 -0.004591 0.000000 -0.159252 0.071488 0.222367
    5 5.792767 -0.005304 0.000000 -0.123648 0.054985 0.194135
    6 6.662322 -0.001452 0.000000 0.000000 -0.000015 0.471000
    7 -3.108188 1.516823 4.339626 1.238993 -1.024532 -4.799756
    8 4.827512 0.000000 -0.000002 -0.550928 0.203456 -0.976318
    9 11.140032 0.000000 0.000000 0.070821 -0.130171 -0.919623
    10 10.314563 -0.000001 0.000001 -3.988822 0.203081 -0.504208
    11 1.646836 0.445664 -1.699647 -0.161704 0.581044 -0.283978
    12 0.928312 0.000000 0.000000 0.000000 0.000000 0.000000
    13 0.928313 0.000000 -0.000001 0.000000 0.000000 0.000000
    14 2.979373 -0.388274 -0.044205 -0.000805 -0.043611 0.000046
    15 1.435262 -0.000001 -0.000001 0.000000 0.000000 0.872146
    16 1.482593 -0.000001 0.000001 0.000000 0.000000 0.907041
    17 -2.869899 1.399667 -4.140396 -1.163265 1.764468 -4.903713
    18 4.972047 0.000000 0.000000 0.914301 -0.913705 -1.617878
    19 11.585358 0.000000 0.000001 0.386603 -0.383800 -1.557453
    20 10.127058 0.000000 0.000001 1.450681 0.676134 -0.094389
    21 1.537458 0.109715 1.664489 -0.264662 -0.055995 0.783079
    22 0.928313 0.000000 0.000002 0.000000 0.000000 -0.453501
    23 0.928311 0.000000 0.000001 0.000000 0.000000 0.000000
    24 2.686395 -0.427337 0.044204 -0.005762 0.043239 -0.157074
    25 1.435260 0.000000 0.000001 0.000000 0.000000 0.732613
    26 1.482593 0.000000 -0.000001 0.000000 0.000000 1.168644
    27 2.046984 0.000001 0.000000 0.080393 0.003009 -0.052017
    28 -0.000005 0.000007 3.713254 -3.204068 -0.120606 1.238399
    29 18.045723 0.000000 0.000000 0.000000 0.000000 -1.756393
    30 17.597597 0.000000 0.000000 -0.210887 0.105637 -0.141218
    31 0.000005 -0.000003 -3.713254 0.848441 2.461380 5.479079
    32 18.045721 0.000000 0.000000 0.000000 0.000000 -2.603394
    33 17.597597 0.000000 0.000000 0.362388 -0.168095 0.787471
  time 49
    0 -1.756901 -2.027255 -20.585090 0.000000 0.000000 -1.571017
    1 -5.132973 0.316416 0.000000 -1.570795 -1.570787 0.000000
    2 1.293670 0.684478 -0.000001 -0.000004 -0.000001 0.266227
    3 5.309685 -0.003834 0.000000 0.000000 0.000000 0.223103
    4 4.826790 -0.004591 0.000000 -0.159252 0.071488 0.223425
    5 5.792767 -0.005304 0.000000 -0.123504 0.055441 0.191457
    6 6.662322 -0.001452 0.000000 0.000000 -0.000015 0.471000
    7 -3.108188 1.516823 4.339626 1.238993 -1.024532 -4.799756
    8 4.827512 0.000000 -0.000002 -0.544789 0.219232 -0.977444
    9 11.140032 0.000000 0.000000 0.070821 -0.127774 -0.895423
    10 10.314563 -0.000001 0.000001 -3.988822 0.203081 -0.504208
    11 1.646836 0.445664 -1.699647 -0.161704 0.581044 -0.283978
    12 0.928312 0.000000 0.000000 0.000000 0.000000 0.000000
    13 0.928313 0.000000 -0.000001 0.000000 0.000000 0.000000
    14 2.979373 -0.388274 -0.044205 -0.000805 -0.043611 0.000046
    15 1.435262 -0.000001 -0.000001 0.000000 0.000000 0.872146
    16 1.482593 -0.000001 0.000001 0.000000 0.000000 0.907041
    17 -2.869899 1.399667 -4.140396 -1.163265 1.764468 -4.903713
    18 4.972047 0.000000 0.000000 0.927526 -0.894099 -1.624800
    19 11.585358 0.000000 0.000001 0.386603 -0.384072 -1.575259
    20 10.127058 0.000000 0.000001 1.539178 0.662327 0.056226
    21 1.537458 0.109715 1.664489 -0.264662 -0.055995 0.783079
    22 0.928313 0.000000 0.000002 0.000000 0.000000 -0.453501
    23 0.928311 0.000000 0.000001 0.000000 0.000000 0.000000
    24 2.686395 -0.427337 0.044204 -0.005762 0.043239 -0.157074
    25 1.435260 0.000000 0.000001 0.000000 0.000000 0.732613
    26 1.482593 0.000000 -0.000001 0.000000 0.000000 1.168644
    27 2.046984 0.000001 0.000000 0.106630 0.027497 -0.070266
    28 -0.000005 0.000007 3.713254 -3.204068 -0.120606 1.238399
    29 18.045723 0.000000 0.000000 0.000000 0.000000 -1.756393
    30 17.597597 0.000000 0.000000 -0.210887 0.105637 -0.141218
    31 0.000005 -0.000003 -3.713254 0.848441 2.461380 5.479079
    32 18.045721 0.000000 0.000000 0.000000 0.000000 -2.603394
    33 17.597597 0.000000 0.000000 0.362388 -0.168095 0.787471
  time 50
    0 -1.756901 -2.027255 -20.585090 0.000000 0.000000 -1.571017
    1 -5.132973 0.316416 0.000000 -1.570795 -1.570787 0.000000
    2 1.293670 0.684478 -0.000001 -0.000004 -0.000001 0.266227
    3 5.309685 -0.003834 0.000000 0.000000 0.000000 0.223103
    4 4.826790 -0.004591 0.000000 -0.159252 0.071488 0.223800
    5 5.792767 -0.005304 0.000000 -0.123450 0.055597 0.190481
    6 6.662322 -0.001452 0.000000 0.000000 -0.000015 0.471000
    7 -3.108188 1.516823 4.339626 1.238993 -1.024532 -4.799756
    8 4.827512 0.000000 -0.000002 -0.539847 0.231170 -0.980650
    9 11.140032 0.000000 0.000000 0.070821 -0.124728 -0.866080
    10 10.314563 -0.000001 0.000001 -3.988822 0.203081 -0.504208
    11 1.646836 0.445664 -1.699647 -0.161704 0.581044 -0.283978
    12 0.928312 0.000000 0.000000 0.000000 0.000000 0.000000
    13 0.928313 0.000000 -0.000001 0.000000 0.000000 0.000000
    14 2.979373 -0.388274 -0.044205 -0.000805 -0.043611 0.000046
    15 1.435262 -0.000001 -0.000001 0.000000 0.000000 0.872146
    16 1.482593 -0.000001 0.000001 0.000000 0.000000 0.907041
    17 -2.869899 1.399667 -4.140396 -1.163265 1.764468 -4.903713
    18 4.972047 0.000000 0.000000 0.944035 -0.871200 -1.634118
    19 11.585358 0.000000 0.000001 0.386603 -0.383777 -1.591840
    20 10.127058 0.000000 0.000001 1.635388 0.647386 0.220197
    21 1.537458 0.109715 1.664489 -0.264662 -0.055995 0.783079
    22 0.928313 0.000000 0.000002 0.000000 0.000000 -0.453501
    23 0.928311 0.000000 0.000001 0.000000 0.000000 0.000000
    24 2.686395 -0.427337 0.044204 -0.005762 0.043239 -0.157074
    25 1.435260 0.000000 0.000001 0.000000 0.000000 0.732613
    26 1.482593 0.000000 -0.000001 0.000000 0.000000 1.168644
    27 2.046984 0.000001 0.000000 0.135108 0.055142 -0.090096
    28 -0.000005 0.000007 3.713254 -3.204068 -0.120606 1.238399
    29 18.045723 0.000000 0.000000 0.000000 0.000000 -1.756393
    30 17.597597 0.000000 0.000000 -0.210887 0.105637 -0.141218
    31 0.000005 -0.000003 -3.713254 0.848441 2.461380 5.479079
    32 18.045721 0.000000 0.000000 0.000000 0.000000 -2.603394
    33 17.597597 0.000000 0.000000 0.362388 -0.168095 0.787471
  time 51
    0 -1.756901 -2.027255 -20.585090 0.000000 0.000000 -1.571017
    1 -5.132973 0.316416 0.000000 -1.570795 -1.570787 0.000000
    2 1.293670 0.684478 -0.000001 -0.000004 -0.000001 0.266227
    3 5.309685 -0.003834 0.000000 0.000000 0.000000 0.223103
    4 4.826790 -0.004591 0.000000 -0.159252 0.071488 0.223800
    5 5.792767 -0.005304 0.000000 -0.123504 0.055441 0.191457
    6 6.662322 -0.001452 0.000000 0.000000 -0.000015 0.471000
    7 -3.108188 1.516823 4.339626 1.238993 -1.024532 -4.799756
    8 4.827512 0.000000 -0.000002 -0.536738 0.238845 -0.985589
    9 11.140032 0.000000 0.000000 0.070821 -0.121183 -0.834055
    10 10.314563 -0.000001 0.000001 -3.988822 0.203081 -0.504208
    11 1.646836 0.445664 -1.699647 -0.161704 0.581044 -0.283978
    12 0.928312 0.000000 0.000000 0.000000 0.000000 0.000000
    13 0.928313 0.000000 -0.000001 0.000000 0.000000 0.000000
    14 2.979373 -0.388274 -0.044205 -0.000805 -0.043611 0.000046
    15 1.435262 -0.000001 -0.000001 0.000000 0.000000 0.872146
    16 1.482593 -0.000001 0.000001 0.000000 0.000000 0.907041
    17 -2.869899 1.399667 -4.140396 -1.163265 1.764468 -4.903713
    18 4.972047 0.000000 0.000000 0.962513 -0.846613 -1.644767
    19 11.585358 0.000000 0.000001 0.386603 -0.383482 -1.606298
    20 10.127058 0.000000 0.000001 1.731668 0.632350 0.384168
    21 1.537458 0.109715 1.664489 -0.264662 -0.055995 0.783079
    22 0.928313 0.000000 0.000002 0.000000 0.000000 -0.453501
    23 0.928311 0.000000 0.000001 0.000000 0.000000 0.000000
    24 2.686395 -0.427337 0.044204 -0.005762 0.043239 -0.157074
    25 1.435260 0.000000 0.000001 0.000000 0.000000 0.732613
    26 1.482593 0.000000 -0.000001 0.000000 0.000000 1.168644
    27 2.046984 0.000001 0.000000 0.163629 0.084173 -0.109987
    28 -0.000005 0.000007 3.713254 -3.204068 -0.120606 1.238399
    29 18.045723 0.000000 0.000000 0.000000 0.000000 -1.756393
    30 17.597597 0.000000 0.000000 -0.210887 0.105637 -0.141218
    31 0.000005 -0.000003 -3.713254 0.848441 2.461380 5.479079
    32 18.045721 0.000000 0.000000 0.000000 0.000000 -2.603394
    33 17.597597 0.000000 0.000000 0.362388 -0.168095 0.787471
  time 52
    0 -1.756901 -2.027255 -20.585090 0.000000 0.000000 -1.571017
    1 -5.132973 0.316416 0.000000 -1.570795 -1.570787 0.000000
    2 1.293670 0.684478 -0.000001 -0.000004 -0.000001 0.266227
    3 5.309685 -0.003834 0.000000 0.000000 0.000000 0.223103
    4 4.826790 -0.004591 0.000000 -0.159252 0.071488 0.223800
    5 5.792767 -0.005304 0.000000 -0.123648 0.054985 0.194135
    6 6.662322 -0.001452 0.000000 0.000000 -0.000015 0.471000
    7 -3.108188 1.516823 4.339626 1.238993 -1.024532 -4.799756
    8 4.827512 0.000000 -0.000002 -0.535383 0.242597 -0.991655
    9 11.140032 0.000000 0.000000 0.070821 -0.117663 -0.802248
    10 10.314563 -0.000001 0.000001 -3.988822 0.203081 -0.504208
    11 1.646836 0.445664 -1.699647 -0.161704 0.581044 -0.283978
    12 0.928312 0.000000 0.000000 0.000000 0.000000 0.000000
    13 0.928313 0.000000 -0.000001 0.000000 0.000000 0.000000
    14 2.979373 -0.388274 -0.044205 -0.000805 -0.043611 0.000046
    15 1.435262 -0.000001 -0.000001 0.000000 0.000000 0.872146
    16 1.482593 -0.000001 0.000001 0.000000 0.000000 0.907041
    17 -2.869899 1.399667 -4.140396 -1.163265 1.764468 -4.903713
    18 4.972047 0.000000 0.000000 0.981179 -0.822187 -1.655549
    19 11.585358 0.000000 0.000001 0.386603 -0.383255 -1.617651
    20 10.127058 0.000000 0.000001 1.820165 0.618639 0.534832
    21 1.537458 0.109715 1.664489 -0.264662 -0.055995 0.783079
    22 0.928313 0.000000 0.000002 0.000000 0.000000 -0.453501
    23 0.928311 0.000000 0.000001 0.000000 0.000000 0.000000
    24 2.686395 -0.427337 0.044204 -0.005762 0.043239 -0.157074
    25 1.435260 0.000000 0.000001 0.000000 0.000000 0.732613
    26 1.482593 0.000000 -0.000001 0.000000 0.000000 1.168644
    27 2.046984 0.000001 0.000000 0.189823 0.112880 -0.128235
    28 -0.000005 0.000007 3.713254 -3.204068 -0.120606 1.238399
    29 18.045723 0.000000 0.000000 0.000000 0.000000 -1.756393
    30 17.597597 0.000000 0.000000 -0.210887 0.105637 -0.141218
    31 0.000005 -0.000003 -3.713254 0.848441 2.461380 5.479079
    32 18.045721 0.000000 0.000000 0.000000 0.000000 -2.603394
    33 17.597597 0.000000 0.000000 0.362388 -0.168095 0.787471
  time 53
    0 -1.756901 -2.027255 -20.585090 0.000000 0.000000 -1.571017
    1 -5.132973 0.316416 0.000000 -1.570795 -1.570787 0.000000
    2 1.293670 0.684478 -0.000001 -0.000004 -0.000001 0.266227
    3 5.309685 -0.003834 0.000000 0.000000 0.000000 0.223103
    4 4.826790 -0.004591 0.000000 -0.159252 0.071488 0.223800
    5 5.792767 -0.005304 0.000000 -0.123864 0.054326 0.198059
    6 6.662322 -0.001452 0.000000 0.000000 -0.000015 0.471000
    7 -3.108188 1.516823 4.339626 1.238993 -1.024532 -4.799756
    8 4.827512 0.000000 -0.000002 -0.535064 0.242768 -0.997807
    9 11.140032 0.000000 0.000000 0.070821 -0.114317 -0.773340
    10 10.314563 -0.000001 0.000001 -3.988822 0.203081 -0.504208
    11 1.646836 0.445664 -1.699647 -0.161704 0.581044 -0.283978
    12 0.928312 0.000000 0.000000 0.000000 0.000000 0.000000
    13 0.928313 0.000000 -0.000001 0.000000 0.000000 0.000000
    14 2.979373 -0.388274 -0.044205 -0.000805 -0.043611 0.000046
    15 1.435262 -0.000001 -0.000001 0.000000 0.000000 0.872146
    16 1.482593 -0.000001 0.000001 0.000000 0.000000 0.907041
    17 -2.869899 1.399667 -4.140396 -1.163265 1.764468 -4.903713
    18 4.972047 0.000000 0.000000 0.998063 -0.800573 -1.665266
    19 11.585358 0.000000 0.000001 0.386603 -0.383096 -1.625574
    20 10.127058 0.000000 0.000001 1.893094 0.607291 0.658936
    21 1.537458 0.109715 1.664489 -0.264662 -0.055995 0.783079
    22 0.928313 0.000000 0.000002 0.000000 0.000000 -0.453501
    23 0.928311 0.000000 0.000001 0.000000 0.000000 0.000000
    24 2.686395 -0.427337 0.044204 -0.005762 0.043239 -0.157074
    25 1.435260 0.000000 0.000001 0.000000 0.000000 0.732613
    26 1.482593 0.000000 -0.000001 0.000000 0.000000 1.168644
    27 2.046984 0.000001 0.000000 0.211408 0.139522 -0.143321
    28 -0.000005 0.000007 3.713254 -3.204068 -0.120606 1.238399
    29 18.045723 0.000000 0.000000 0.000000 0.000000 -1.756393
    30 17.597597 0.000000 0.000000 -0.210887 0.105637 -0.141218
    31 0.000005 -0.000003 -3.713254 0.848441 2.461380 5.479079
    32 18.045721 0.000000 0.000000 0.000000 0.000000 -2.603394
    33 17.597597 0.000000 0.000000 0.362388 -0.168095 0.787471
  time 54
    0 -1.756901 -2.027255 -20.585090 0.000000 0.000000 -1.571017
    1 -5.132973 0.316416 0.000000 -1.570795 -1.570787 0.000000
    2 1.293670 0.684478 -0.000001 -0.000004 -0.000001 0.266227
    3 5.309685 -0.003834 0.000000 0.000000 0.000000 0.223103
    4 4.826790 -0.004591 0.000000 -0.159252 0.071488 0.223800
    5 5.792767 -0.005304 0.000000 -0.124133 0.053523 0.202835
    6 6.662322 -0.001452 0.000000 0.000000 -0.000015 0.471000
    7 -3.108188 1.516823 4.339626 1.238993 -1.024532 -4.799756
    8 4.827512 0.000000 -0.000002 -0.535941 0.240380 -1.003353
    9 11.140032 0.000000 0.000000 0.070821 -0.111471 -0.749865
    10 10.314563 -0.000001 0.000001 -3.988822 0.203081 -0.504208
    11 1.646836 0.445664 -1.699647 -0.161704 0.581044 -0.283978
    12 0.928312 0.000000 0.000000 0.000000 0.000000 0.000000
    13 0.928313 0.000000 -0.000001 0.000000 0.000000 0.000000
    14 2.979373 -0.388274 -0.044205 -0.000805 -0.043611 0.000046
    15 1.435262 -0.000001 -0.000001 0.000000 0.000000 0.872146
    16 1.482593 -0.000001 0.000001 0.000000 0.000000 0.907041
    17 -2.869899 1.399667 -4.140396 -1.163265 1.764468 -4.903713
    18 4.972047 0.000000 0.000000 1.010913 -0.784181 -1.672853
    19 11.585358 0.000000 0.000001 0.386603 -0.383028 -1.629658
    20 10.127058 0.000000 0.000001 1.942531 0.599537 0.743122
    21 1.537458 0.109715 1.664489 -0.264662 -0.055995 0.783079
    22 0.928313 0.000000 0.000002 0.000000 0.000000 -0.453501
    23 0.928311 0.000000 0.000001 0.000000 0.000000 0.000000
    24 2.686395 -0.427337 0.044204 -0.005762 0.043239 -0.157074
    25 1.435260 0.000000 0.000001 0.000000 0.000000 0.732613
    26 1.482593 0.000000 -0.000001 0.000000 0.000000 1.168644
    27 2.046984 0.000001 0.000000 0.226056 0.162416 -0.153479
    28 -0.000005 0.000007 3.713254 -3.204068 -0.120606 1.238399
    29 18.045723 0.000000 0.000000 0.000000 0.000000 -1.756393
    30 17.597597 0.000000 0.000000 -0.210887 0.105637 -0.141218
    31 0.000005 -0.000003 -3.713254 0.848441 2.461380 5.479079
    32 18.045721 0.000000 0.000000 0.000000 0.000000 -2.603394
    33 17.597597 0.000000 0.000000 0.362388 -0.168095 0.787471
  time 55
    0 -1.756901 -2.027255 -20.585090 0.000000 0.000000 -1.571017
    1 -5.132973 0.316416 0.000000 -1.570795 -1.570787 0.000000
    2 1.293670 0.684478 -0.000001 -0.000004 -0.000001 0.266227
    3 5.309685 -0.003834 0.000000 0.000000 0.000000 0.223103
    4 4.826790 -0.004591 0.000000 -0.159252 0.071488 0.223800
    5 5.792767 -0.005304 0.000000 -0.124421 0.052660 0.208026
    6 6.662322 -0.001452 0.000000 0.000000 -0.000015 0.471000
    7 -3.108188 1.516823 4.339626 1.238993 -1.024532 -4.799756
    8 4.827512 0.000000 -0.000002 -0.537057 0.236116 -1.007252
    9 11.140032 0.000000 0.000000 0.070821 -0.109699 -0.735084
    10 10.314563 -0.000001 0.000001 -3.988822 0.203081 -0.504208
    11 1.646836 0.445664 -1.699647 -0.161704 0.581044 -0.283978
    12 0.928312 0.000000 0.000000 0.000000 0.000000 0.000000
    13 0.928313 0.000000 -0.000001 0.000000 0.000000 0.000000
    14 2.979373 -0.388274 -0.044205 -0.000805 -0.043611 0.000046
    15 1.435262 -0.000001 -0.000001 0.000000 0.000000 0.872146
    16 1.482593 -0.000001 0.000001 0.000000 0.000000 0.907041
    17 -2.869899 1.399667 -4.140396 -1.163265 1.764468 -4.903713
    18 4.972047 0.000000 0.000000 1.017854 -0.775503 -1.677179
    19 11.585358 0.000000 0.000001 0.386603 -0.383028 -1.629985
    20 10.127058 0.000000 0.000001 1.960763 0.596700 0.774136
    21 1.537458 0.109715 1.664489 -0.264662 -0.055995 0.783079
    22 0.928313 0.000000 0.000002 0.000000 0.000000 -0.453501
    23 0.928311 0.000000 0.000001 0.000000 0.000000 0.000000
    24 2.686395 -0.427337 0.044204 -0.005762 0.043239 -0.157074
    25 1.435260 0.000000 0.000001 0.000000 0.000000 0.732613
    26 1.482593 0.000000 -0.000001 0.000000 0.000000 1.168644
    27 2.046984 0.000001 0.000000 0.231441 0.179765 -0.157251
    28 -0.000005 0.000007 3.713254 -3.204068 -0.120606 1.238399
    29 18.045723 0.000000 0.000000 0.000000 0.000000 -1.756393
    30 17.597597 0.000000 0.000000 -0.210887 0.105637 -0.141218
    31 0.000005 -0.000003 -3.713254 0.848441 2.461380 5.479079
    32 18.045721 0.000000 0.000000 0.000000 0.000000 -2.603394
    33 17.597597 0.000000 0.000000 0.362388 -0.168095 0.787471
  time 56
    0 -1.756901 -2.027255 -20.585090 0.000000 0.000000 -1.571017
    1 -5.132973 0.316416 0.000000 -1.570795 -1.570787 0.000000
    2 1.293670 0.684478 -0.000001 -0.000004 -0.000001 0.266227
    3 5.309685 -0.003834 0.000000 0.000000 0.000000 0.223103
    4 4.826790 -0.004591 0.000000 -0.159252 0.071488 0.223800
    5 5.792767 -0.005304 0.000000 -0.124709 0.051785 0.213216
    6 6.662322 -0.001452 0.000000 0.000000 -0.000015 0.471000
    7 -3.108188 1.516823 4.339626 1.238993 -1.024532 -4.799756
    8 4.827512 0.000000 -0.000002 -0.538571 0.231426 -1.009765
    9 11.140032 0.000000 0.000000 0.070821 -0.108700 -0.726752
    10 10.314563 -0.000001 0.000001 -3.988822 0.203081 -0.504208
    11 1.646836 0.445664 -1.699647 -0.161704 0.581044 -0.283978
    12 0.928312 0.000000 0.000000 0.000000 0.000000 0.000000
    13 0.928313 0.000000 -0.000001 0.000000 0.000000 0.000000
    14 2.979373 -0.388274 -0.044205 -0.000805 -0.043611 0.000046
    15 1.435262 -0.000001 -0.000001 0.000000 0.000000 0.872146
    16 1.482593 -0.000001 0.000001 0.000000 0.000000 0.907041
    17 -2.869899 1.399667 -4.140396 -1.163265 1.764468 -4.903713
    18 4.972047 0.000000 0.000000 1.021325 -0.771406 -1.679642
    19 11.585358 0.000000 0.000001 0.386603 -0.383051 -1.627861
    20 10.127058 0.000000 0.000001 1.960763 0.596700 0.774136
    21 1.537458 0.109715 1.664489 -0.264662 -0.055995 0.783079
    22 0.928313 0.000000 0.000002 0.000000 0.000000 -0.453501
    23 0.928311 0.000000 0.000001 0.000000 0.000000 0.000000
    24 2.686395 -0.427337 0.044204 -0.005762 0.043239 -0.157074
    25 1.435260 0.000000 0.000001 0.000000 0.000000 0.732613
    26 1.482593 0.000000 -0.000001 0.000000 0.000000 1.168644
    27 2.046984 0.000001 0.000000 0.230537 0.193012 -0.156642
    28 -0.000005 0.000007 3.713254 -3.204068 -0.120606 1.238399
    29 18.045723 0.000000 0.000000 0.000000 0.000000 -1.756393
    30 17.597597 0.000000 0.000000 -0.210887 0.105637 -0.141218
    31 0.000005 -0.000003 -3.713254 0.848441 2.461380 5.479079
    32 18.045721 0.000000 0.000000 0.000000 0.000000 -2.603394
    33 17.597597 0.000000 0.000000 0.362388 -0.168095 0.787471
  time 57
    0 -1.756901 -2.027255 -20.585090 0.000000 0.000000 -1.571017
    1 -5.132973 0.316416 0.000000 -1.570795 -1.570787 0.000000
    2 1.293670 0.684478 -0.000001 -0.000004 -0.000001 0.266227
    3 5.309685 -0.003834 0.000000 0.000000 0.000000 0.223103
    4 4.826790 -0.004591 0.000000 -0.159252 0.071488 0.223800
    5 5.792767 -0.005304 0.000000 -0.124979 0.050982 0.217971
    6 6.662322 -0.001452 0.000000 0.000000 -0.000015 0.471000
    7 -3.108188 1.516823 4.339626 1.238993 -1.024532 -4.799756
    8 4.827512 0.000000 -0.000002 -0.539608 0.227162 -1.011671
    9 11.140032 0.000000 0.000000 0.070821 -0.107926 -0.720449
    10 10.314563 -0.000001 0.000001 -3.988822 0.203081 -0.504208
    11 1.646836 0.445664 -1.699647 -0.161704 0.581044 -0.283978
    12 0.928312 0.000000 0.000000 0.000000 0.000000 0.000000
    13 0.928313 0.000000 -0.000001 0.000000 0.000000 0.000000
    14 2.979373 -0.388274 -0.044205 -0.000805 -0.043611 0.000046
    15 1.435262 -0.000001 -0.000001 0.000000 0.000000 0.872146
    16 1.482593 -0.000001 0.000001 0.000000 0.000000 0.907041
    17 -2.869899 1.399667 -4.140396 -1.163265 1.764468 -4.903713
    18 4.972047 0.000000 0.000000 1.024796 -0.767469 -1.682171
    19 11.585358 0.000000 0.000001 0.386603 -0.383119 -1.625166
    20 10.127058 0.000000 0.000001 1.960763 0.596700 0.774136
    21 1.537458 0.109715 1.664489 -0.264662 -0.055995 0.783079
    22 0.928313 0.000000 0.000002 0.000000 0.000000 -0.453501
    23 0.928311 0.000000 0.000001 0.000000 0.000000 0.000000
    24 2.686395 -0.427337 0.044204 -0.005762 0.043239 -0.157074
    25 1.435260 0.000000 0.000001 0.000000 0.000000 0.732613
    26 1.482593 0.000000 -0.000001 0.000000 0.000000 1.168644
    27 2.046984 0.000001 0.000000 0.228038 0.204665 -0.154878
    28 -0.000005 0.000007 3.713254 -3.204068 -0.120606 1.238399
    29 18.045723 0.000000 0.000000 0.000000 0.000000 -1.756393
    30 17.597597 0.000000 0.000000 -0.210887 0.105637 -0.141218
    31 0.000005 -0.000003 -3.713254 0.848441 2.461380 5.479079
    32 18.045721 0.000000 0.000000 0.000000 0.000000 -2.603394
    33 17.597597 0.000000 0.000000 0.362388 -0.168095 0.787471
  time 58
    0 -1.756901 -2.027255 -20.585090 0.000000 0.000000 -1.571017
    1 -5.132973 0.316416 0.000000 -1.570795 -1.570787 0.000000
    2 1.293670 0.684478 -0.000001 -0.000004 -0.000001 0.266227
    3 5.309685 -0.003834 0.000000 0.000000 0.000000 0.223103
    4 4.826790 -0.004591 0.000000 -0.159252 0.071488 0.223800
    5 5.792767 -0.005304 0.000000 -0.125195 0.050323 0.221916
    6 6.662322 -0.001452 0.000000 0.000000 -0.000015 0.471000
    7 -3.108188 1.516823 4.339626 1.238993 -1.024532 -4.799756
    8 4.827512 0.000000 -0.000002 -0.540564 0.223666 -1.013231
    9 11.140032 0.000000 0.000000 0.070821 -0.107327 -0.715522
    10 10.314563 -0.000001 0.000001 -3.988822 0.203081 -0.504208
    11 1.646836 0.445664 -1.699647 -0.161704 0.581044 -0.283978
    12 0.928312 0.000000 0.000000 0.000000 0.000000 0.000000
    13 0.928313 0.000000 -0.000001 0.000000 0.000000 0.000000
    14 2.979373 -0.388274 -0.044205 -0.000805 -0.043611 0.000046
    15 1.435262 -0.000001 -0.000001 0.000000 0.000000 0.872146
    16 1.482593 -0.000001 0.000001 0.000000 0.000000 0.907041
    17 -2.869899 1.399667 -4.140396 -1.163265 1.764468 -4.903713
    18 4.972047 0.000000 0.000000 1.027891 -0.763853 -1.684567
    19 11.585358 0.000000 0.000001 0.386603 -0.383165 -1.622062
    20 10.127058 0.000000 0.000001 1.960763 0.596700 0.774136
    21 1.537458 0.109715 1.664489 -0.264662 -0.055995 0.783079
    22 0.928313 0.000000 0.000002 0.000000 0.000000 -0.453501
    23 0.928311 0.000000 0.000001 0.000000 0.000000 0.000000
    24 2.686395 -0.427337 0.044204 -0.005762 0.043239 -0.157074
    25 1.435260 0.000000 0.000001 0.000000 0.000000 0.732613
    26 1.482593 0.000000 -0.000001 0.000000 0.000000 1.168644
    27 2.046984 0.000001 0.000000 0.224333 0.214815 -0.152323
    28 -0.000005 0.000007 3.713254 -3.204068 -0.120606 1.238399
    29 18.045723 0.000000 0.000000 0.000000 0.000000 -1.756393
    30 17.597597 0.000000 0.000000 -0.210887 0.105637 -0.141218
    31 0.000005 -0.000003 -3.713254 0.848441 2.461380 5.479079
    32 18.045721 0.000000 0.000000 0.000000 0.000000 -2.603394
    33 17.597597 0.000000 0.000000 0.362388 -0.168095 0.787471
  time 59
    0 -1.756901 -2.027255 -20.585090 0.000000 0.000000 -1.571017
    1 -5.132973 0.316416 0.000000 -1.570795 -1.570787 0.000000
    2 1.293670 0.684478 -0.000001 -0.000004 -0.000001 0.266227
    3 5.309685 -0.003834 0.000000 0.000000 0.000000 0.223103
    4 4.826790 -0.004591 0.000000 -0.159252 0.071488 0.223800
    5 5.792767 -0.005304 0.000000 -0.125339 0.049880 0.224573
    6 6.662322 -0.001452 0.000000 0.000000 -0.000015 0.471000
    7 -3.108188 1.516823 4.339626 1.238993 -1.024532 -4.799756
    8 4.827512 0.000000 -0.000002 -0.541202 0.221279 -1.014444
    9 11.140032 0.000000 0.000000 0.070821 -0.106828 -0.711464
    10 10.314563 -0.000001 0.000001 -3.988822 0.203081 -0.504208
    11 1.646836 0.445664 -1.699647 -0.161704 0.581044 -0.283978
    12 0.928312 0.000000 0.000000 0.000000 0.000000 0.000000
    13 0.928313 0.000000 -0.000001 0.000000 0.000000 0.000000
    14 2.979373 -0.388274 -0.044205 -0.000805 -0.043611 0.000046
    15 1.435262 -0.000001 -0.000001 0.000000 0.000000 0.872146
    16 1.482593 -0.000001 0.000001 0.000000 0.000000 0.907041
    17 -2.869899 1.399667 -4.140396 -1.163265 1.764468 -4.903713
    18 4.972047 0.000000 0.000000 1.030517 -0.760880 -1.686697
    19 11.585358 0.000000 0.000001 0.386603 -0.383255 -1.618468
    20 10.127058 0.000000 0.000001 1.960763 0.596700 0.774136
    21 1.537458 0.109715 1.664489 -0.264662 -0.055995 0.783079
    22 0.928313 0.000000 0.000002 0.000000 0.000000 -0.453501
    23 0.928311 0.000000 0.000001 0.000000 0.000000 0.000000
    24 2.686395 -0.427337 0.044204 -0.005762 0.043239 -0.157074
    25 1.435260 0.000000 0.000001 0.000000 0.000000 0.732613
    26 1.482593 0.000000 -0.000001 0.000000 0.000000 1.168644
    27 2.046984 0.000001 0.000000 0.219852 0.223430 -0.149221
    28 -0.000005 0.000007 3.713254 -3.204068 -0.120606 1.238399
    29 18.045723 0.000000 0.000000 0.000000 0.000000 -1.756393
    30 17.597597 0.000000 0.000000 -0.210887 0.105637 -0.141218
    31 0.000005 -0.000003 -3.713254 0.848441 2.461380 5.479079
    32 18.045721 0.000000 0.000000 0.000000 0.000000 -2.603394
    33 17.597597 0.000000 0.000000 0.362388 -0.168095 0.787471
  time 60
    0 -1.756901 -2.027255 -20.585090 0.000000 0.000000 -1.571017
    1 -5.132973 0.316416 0.000000 -1.570795 -1.570787 0.000000
    2 1.293670 0.684478 -0.000001 -0.000004 -0.000001 0.266227
    3 5.309685 -0.003834 0.000000 0.000000 0.000000 0.223103
    4 4.826790 -0.004591 0.000000 -0.159252 0.071488 0.223800
    5 5.792767 -0.005304 0.000000 -0.125392 0.049712 0.225549
    6 6.662322 -0.001452 0.000000 0.000000 -0.000015 0.471000
    7 -3.108188 1.516823 4.339626 1.238993 -1.024532 -4.799756
    8 4.827512 0.000000 -0.000002 -0.541441 0.220341 -1.015484
    9 11.140032 0.000000 0.000000 0.070821 -0.106378 -0.707697
    10 10.314563 -0.000001 0.000001 -3.988822 0.203081 -0.504208
    11 1.646836 0.445664 -1.699647 -0.161704 0.581044 -0.283978
    12 0.928312 0.000000 0.000000 0.000000 0.000000 0.000000
    13 0.928313 0.000000 -0.000001 0.000000 0.000000 0.000000
    14 2.979373 -0.388274 -0.044205 -0.000805 -0.043611 0.000046
    15 1.435262 -0.000001 -0.000001 0.000000 0.000000 0.872146
    16 1.482593 -0.000001 0.000001 0.000000 0.000000 0.907041
    17 -2.869899 1.399667 -4.140396 -1.163265 1.764468 -4.903713
    18 4.972047 0.000000 0.000000 1.032393 -0.758871 -1.688494
    19 11.585358 0.000000 0.000001 0.386603 -0.383323 -1.614466
    20 10.127058 0.000000 0.000001 1.960763 0.596700 0.774136
    21 1.537458 0.109715 1.664489 -0.264662 -0.055995 0.783079
    22 0.928313 0.000000 0.000002 0.000000 0.000000 -0.453501
    23 0.928311 0.000000 0.000001 0.000000 0.000000 0.000000
    24 2.686395 -0.427337 0.044204 -0.005762 0.043239 -0.157074
    25 1.435260 0.000000 0.000001 0.000000 0.000000 0.732613
    26 1.482593 0.000000 -0.000001 0.000000 0.000000 1.168644
    27 2.046984 0.000001 0.000000 0.214941 0.230628 -0.145815
    28 -0.000005 0.000007 3.713254 -3.204068 -0.120606 1.238399
    29 18.045723 0.000000 0.000000 0.000000 0.000000 -1.756393
    30 17.597597 0.000000 0.000000 -0.210887 0.105637 -0.141218
    31 0.000005 -0.000003 -3.713254 0.848441 2.461380 5.479079
    32 18.045721 0.000000 0.000000 0.000000 0.000000 -2.603394
    33 17.597597 0.000000 0.000000 0.362388 -0.168095 0.787471
  time 61
    0 -1.756901 -2.027255 -20.585090 0.000000 0.000000 -1.571017
    1 -5.132973 0.316416 0.000000 -1.570795 -1.570787 0.000000
    2 1.293670 0.684478 -0.000001 -0.000004 -0.000001 0.266227
    3 5.309685 -0.003834 0.000000 0.000000 0.000000 0.223103
    4 4.826790 -0.004591 0.000000 -0.159252 0.071488 0.223800
    5 5.792767 -0.005304 0.000000 -0.125392 0.049712 0.225549
    6 6.662322 -0.001452 0.000000 0.000000 -0.000015 0.471000
    7 -3.108188 1.516823 4.339626 1.238993 -1.024532 -4.799756
    8 4.827512 0.000000 -0.000002 -0.541521 0.220255 -1.016177
    9 11.140032 0.000000 0.000000 0.070821 -0.106004 -0.704581
    10 10.314563 -0.000001 0.000001 -3.988822 0.203081 -0.504208
    11 1.646836 0.445664 -1.699647 -0.161704 0.581044 -0.283978
    12 0.928312 0.000000 0.000000 0.000000 0.000000 0.000000
    13 0.928313 0.000000 -0.000001 0.000000 0.000000 0.000000
    14 2.979373 -0.388274 -0.044205 -0.000805 -0.043611 0.000046
    15 1.435262 -0.000001 -0.000001 0.000000 0.000000 0.872146
    16 1.482593 -0.000001 0.000001 0.000000 0.000000 0.907041
    17 -2.869899 1.399667 -4.140396 -1.163265 1.764468 -4.903713
    18 4.972047 0.000000 0.000000 1.033800 -0.757586 -1.689891
    19 11.585358 0.000000 0.000001 0.386603 -0.383391 -1.610463
    20 10.127058 0.000000 0.000001 1.960763 0.596700 0.774136
    21 1.537458 0.109715 1.664489 -0.264662 -0.055995 0.783079
    22 0.928313 0.000000 0.000002 0.000000 0.000000 -0.453501
    23 0.928311 0.000000 0.000001 0.000000 0.000000 0.000000
    24 2.686395 -0.427337 0.044204 -0.005762 0.043239 -0.157074
    25 1.435260 0.000000 0.000001 0.000000 0.000000 0.732613
    26 1.482593 0.000000 -0.000001 0.000000 0.000000 1.168644
    27 2.046984 0.000001 0.000000 0.210072 0.236411 -0.142408
    28 -0.000005 0.000007 3.713254 -3.204068 -0.120606 1.238399
    29 18.045723 0.000000 0.000000 0.000000 0.000000 -1.756393
    30 17.597597 0.000000 0.000000 -0.210887 0.105637 -0.141218
    31 0.000005 -0.000003 -3.713254 0.848441 2.461380 5.479079
    32 18.045721 0.000000 0.000000 0.000000 0.000000 -2.603394
    33 17.597597 0.000000 0.000000 0.362388 -0.168095 0.787471
  time 62
    0 -1.756901 -2.027255 -20.585090 0.000000 0.000000 -1.571017
    1 -5.132973 0.316416 0.000000 -1.570795 -1.570787 0.000000
    2 1.293670 0.684478 -0.000001 -0.000004 -0.000001 0.266227
    3 5.309685 -0.003834 0.000000 0.000000 0.000000 0.223103
    4 4.826790 -0.004591 0.000000 -0.159252 0.071488 0.223800
    5 5.792767 -0.005304 0.000000 -0.125392 0.049712 0.225549
    6 6.662322 -0.001452 0.000000 0.000000 -0.000015 0.471000
    7 -3.108188 1.516823 4.339626 1.238993 -1.024532 -4.799756
    8 4.827512 0.000000 -0.000002 -0.541680 0.220341 -1.016697
    9 11.140032 0.000000 0.000000 0.070821 -0.105779 -0.702625
    10 10.314563 -0.000001 0.000001 -3.988822 0.203081 -0.504208
    11 1.646836 0.445664 -1.699647 -0.161704 0.581044 -0.283978
    12 0.928312 0.000000 0.000000 0.000000 0.000000 0.000000
    13 0.928313 0.000000 -0.000001 0.000000 0.000000 0.000000
    14 2.979373 -0.388274 -0.044205 -0.000805 -0.043611 0.000046
    15 1.435262 -0.000001 -0.000001 0.000000 0.000000 0.872146
    16 1.482593 -0.000001 0.000001 0.000000 0.000000 0.907041
    17 -2.869899 1.399667 -4.140396 -1.163265 1.764468 -4.903713
    18 4.972047 0.000000 0.000000 1.034926 -0.756380 -1.691156
    19 11.585358 0.000000 0.000001 0.386603 -0.383459 -1.607033
    20 10.127058 0.000000 0.000001 1.960763 0.596700 0.774136
    21 1.537458 0.109715 1.664489 -0.264662 -0.055995 0.783079
    22 0.928313 0.000000 0.000002 0.000000 0.000000 -0.453501
    23 0.928311 0.000000 0.000001 0.000000 0.000000 0.000000
    24 2.686395 -0.427337 0.044204 -0.005762 0.043239 -0.157074
    25 1.435260 0.000000 0.000001 0.000000 0.000000 0.732613
    26 1.482593 0.000000 -0.000001 0.000000 0.000000 1.168644
    27 2.046984 0.000001 0.000000 0.205592 0.240837 -0.139306
    28 -0.000005 0.000007 3.713254 -3.204068 -0.120606 1.238399
    29 18.045723 0.000000 0.000000 0.000000 0.000000 -1.756393
    30 17.597597 0.000000 0.000000 -0.210887 0.105637 -0.141218
    31 0.000005 -0.000003 -3.713254 0.848441 2.461380 5.479079
    32 18.045721 0.000000 0.000000 0.000000 0.000000 -2.603394
    33 17.597597 0.000000 0.000000 0.362388 -0.168095 0.787471
  time 63
    0 -1.756901 -2.027255 -20.585090 0.000000 0.000000 -1.571017
    1 -5.132973 0.316416 0.000000 -1.570795 -1.570787 0.000000
    2 1.293670 0.684478 -0.000001 -0.000004 -0.000001 0.266227
    3 5.309685 -0.003834 0.000000 0.000000 0.000000 0.223103
    4 4.826790 -0.004591 0.000000 -0.159252 0.071488 0.223800
    5 5.792767 -0.005304 0.000000 -0.125392 0.049712 0.225549
    6 6.662322 -0.001452 0.000000 0.000000 -0.000015 0.471000
    7 -3.108188 1.516823 4.339626 1.238993 -1.024532 -4.799756
    8 4.827512 0.000000 -0.000002 -0.541521 0.220085 -1.017130
    9 11.140032 0.000000 0.000000 0.070821 -0.105579 -0.701031
    10 10.314563 -0.000001 0.000001 -3.988822 0.203081 -0.504208
    11 1.646836 0.445664 -1.699647 -0.161704 0.581044 -0.283978
    12 0.928312 0.000000 0.000000 0.000000 0.000000 0.000000
    13 0.928313 0.000000 -0.000001 0.000000 0.000000 0.000000
    14 2.979373 -0.388274 -0.044205 -0.000805 -0.043611 0.000046
    15 1.435262 -0.000001 -0.000001 0.000000 0.000000 0.872146
    16 1.482593 -0.000001 0.000001 0.000000 0.000000 0.907041
    17 -2.869899 1.399667 -4.140396 -1.163265 1.764468 -4.903713
    18 4.972047 0.000000 0.000000 1.035864 -0.755496 -1.692154
    19 11.585358 0.000000 0.000001 0.386603 -0.383528 -1.604337
    20 10.127058 0.000000 0.000001 1.960763 0.596700 0.774136
    21 1.537458 0.109715 1.664489 -0.264662 -0.055995 0.783079
    22 0.928313 0.000000 0.000002 0.000000 0.000000 -0.453501
    23 0.928311 0.000000 0.000001 0.000000 0.000000 0.000000
    24 2.686395 -0.427337 0.044204 -0.005762 0.043239 -0.157074
    25 1.435260 0.000000 0.000001 0.000000 0.000000 0.732613
    26 1.482593 0.000000 -0.000001 0.000000 0.000000 1.168644
    27 2.046984 0.000001 0.000000 0.201887 0.243964 -0.136751
    28 -0.000005 0.000007 3.713254 -3.204068 -0.120606 1.238399
    29 18.045723 0.000000 0.000000 0.000000 0.000000 -1.756393
    30 17.597597 0.000000 0.000000 -0.210887 0.105637 -0.141218
    31 0.000005 -0.000003 -3.713254 0.848441 2.461380 5.479079
    32 18.045721 0.000000 0.000000 0.000000 0.000000 -2.603394
    33 17.597597 0.000000 0.000000 0.362388 -0.168095 0.787471
  time 64
    0 -1.756901 -2.027255 -20.585090 0.000000 0.000000 -1.571017
    1 -5.132973 0.316416 0.000000 -1.570795 -1.570787 0.000000
    2 1.293670 0.684478 -0.000001 -0.000004 -0.000001 0.266227
    3 5.309685 -0.003834 0.000000 0.000000 0.000000 0.223103
    4 4.826790 -0.004591 0.000000 -0.159252 0.071488 0.223800
    5 5.792767 -0.005304 0.000000 -0.125392 0.049712 0.225549
    6 6.662322 -0.001452 0.000000 0.000000 -0.000015 0.471000
    7 -3.108188 1.516823 4.339626 1.238993 -1.024532 -4.799756
    8 4.827512 0.000000 -0.000002 -0.541521 0.220085 -1.017130
    9 11.140032 0.000000 0.000000 0.070821 -0.105579 -0.701031
    10 10.314563 -0.000001 0.000001 -3.988822 0.203081 -0.504208
    11 1.646836 0.445664 -1.699647 -0.161704 0.581044 -0.283978
    12 0.928312 0.000000 0.000000 0.000000 0.000000 0.000000
    13 0.928313 0.000000 -0.000001 0.000000 0.000000 0.000000
    14 2.979373 -0.388274 -0.044205 -0.000805 -0.043611 0.000046
    15 1.435262 -0.000001 -0.000001 0.000000 0.000000 0.872146
    16 1.482593 -0.000001 0.000001 0.000000 0.000000 0.907041
    17 -2.869899 1.399667 -4.140396 -1.163265 1.764468 -4.903713
    18 4.972047 0.000000 0.000000 1.036520 -0.754934 -1.692753
    19 11.585358 0.000000 0.000001 0.386603 -0.383550 -1.602541
    20 10.127058 0.000000 0.000001 1.960763 0.596700 0.774136
    21 1.537458 0.109715 1.664489 -0.264662 -0.055995 0.783079
    22 0.928313 0.000000 0.000002 0.000000 0.000000 -0.453501
    23 0.928311 0.000000 0.000001 0.000000 0.000000 0.000000
    24 2.686395 -0.427337 0.044204 -0.005762 0.043239 -0.157074
    25 1.435260 0.000000 0.000001 0.000000 0.000000 0.732613
    26 1.482593 0.000000 -0.000001 0.000000 0.000000 1.168644
    27 2.046984 0.000001 0.000000 0.199388 0.245793 -0.135048
    28 -0.000005 0.000007 3.713254 -3.204068 -0.120606 1.238399
    29 18.045723 0.000000 0.000000 0.000000 0.000000 -1.756393
    30 17.597597 0.000000 0.000000 -0.210887 0.105637 -0.141218
    31 0.000005 -0.000003 -3.713254 0.848441 2.461380 5.479079
    32 18.045721 0.000000 0.000000 0.000000 0.000000 -2.603394
    33 17.597597 0.000000 0.000000 0.362388 -0.168095 0.787471
  time 65
    0 -1.756901 -2.027255 -20.585090 0.000000 0.000000 -1.571017
    1 -5.132973 0.316416 0.000000 -1.570795 -1.570787 0.000000
    2 1.293670 0.684478 -0.000001 -0.000004 -0.000001 0.266227
    3 5.309685 -0.003834 0.000000 0.000000 0.000000 0.223103
    4 4.826790 -0.004591 0.000000 -0.159252 0.071488 0.223800
    5 5.792767 -0.005304 0.000000 -0.125392 0.049712 0.225549
    6 6.662322 -0.001452 0.000000 0.000000 -0.000015 0.471000
    7 -3.108188 1.516823 4.339626 1.238993 -1.024532 -4.799756
    8 4.827512 0.000000 -0.000002 -0.541521 0.220085 -1.016870
    9 11.140032 0.000000 0.000000 0.070821 -0.105579 -0.701031
    10 10.314563 -0.000001 0.000001 -3.988822 0.203081 -0.504208
    11 1.646836 0.445664 -1.699647 -0.161704 0.581044 -0.283978
    12 0.928312 0.000000 0.000000 0.000000 0.000000 0.000000
    13 0.928313 0.000000 -0.000001 0.000000 0.000000 0.000000
    14 2.979373 -0.388274 -0.044205 -0.000805 -0.043611 0.000046
    15 1.435262 -0.000001 -0.000001 0.000000 0.000000 0.872146
    16 1.482593 -0.000001 0.000001 0.000000 0.000000 0.907041
    17 -2.869899 1.399667 -4.140396 -1.163265 1.764468 -4.903713
    18 4.972047 0.000000 0.000000 1.036708 -0.754693 -1.693019
    19 11.585358 0.000000 0.000001 0.386603 -0.383573 -1.601969
    20 10.127058 0.000000 0.000001 1.960763 0.596700 0.774136
    21 1.537458 0.109715 1.664489 -0.264662 -0.055995 0.783079
    22 0.928313 0.000000 0.000002 0.000000 0.000000 -0.453501
    23 0.928311 0.000000 0.000001 0.000000 0.000000 0.000000
    24 2.686395 -0.427337 0.044204 -0.005762 0.043239 -0.157074
    25 1.435260 0.000000 0.000001 0.000000 0.000000 0.732613
    26 1.482593 0.000000 -0.000001 0.000000 0.000000 1.168644
    27 2.046984 0.000001 0.000000 0.198440 0.246383 -0.134379
    28 -0.000005 0.000007 3.713254 -3.204068 -0.120606 1.238399
    29 18.045723 0.000000 0.000000 0.000000 0.000000 -1.756393
    30 17.597597 0.000000 0.000000 -0.210887 0.105637 -0.141218
    31 0.000005 -0.000003 -3.713254 0.848441 2.461380 5.479079
    32 18.045721 0.000000 0.000000 0.000000 0.000000 -2.603394
    33 17.597597 0.000000 0.000000 0.362388 -0.168095 0.787471
end
