version 1
nodes
  0 "Bip01" -1
  1 "Bip01 Pelvis" 0
  2 "Bip01 Spine" 1
  3 "Bip01 Spine1" 2
  4 "Bip01 Spine2" 3
  5 "Bip01 Spine3" 4
  6 "Bip01 Neck" 5
  7 "Bip01 L Arm" 6
  8 "Bip01 L Arm1" 7
  9 "Bip01 L Arm2" 8
  10 "Bip01 L Hand" 9
  11 "Bip01 L Finger0" 10
  12 "Bip01 L Finger01" 11
  13 "Bip01 L Finger02" 12
  14 "Bip01 L Finger1" 10
  15 "Bip01 L Finger11" 14
  16 "Bip01 L Finger12" 15
  17 "Bip01 R Arm" 6
  18 "Bip01 R Arm1" 17
  19 "Bip01 R Arm2" 18
  20 "Bip01 R Hand" 19
  21 "Bip01 R Finger0" 20
  22 "Bip01 R Finger01" 21
  23 "Bip01 R Finger02" 22
  24 "Bip01 R Finger1" 20
  25 "Bip01 R Finger11" 24
  26 "Bip01 R Finger12" 25
  27 "Bip01 Head" 6
  28 "Bip01 L Leg" 1
  29 "Bip01 L Leg1" 28
  30 "Bip01 L Foot" 29
  31 "Bip01 R Leg" 1
  32 "Bip01 R Leg1" 31
  33 "Bip01 R Foot" 32
end
skeleton
  time 0
    0 -1.756901 -2.027255 -20.585090 0.000000 0.000000 -1.571017
    1 -5.132973 0.316416 0.000000 -1.570795 -1.570787 0.000000
    2 1.293670 0.684478 -0.000001 -0.162437 -0.054878 0.077556
    3 5.309685 -0.003834 0.000000 -0.012678 0.060642 -0.043901
    4 4.826790 -0.004591 0.000000 0.173348 -0.029482 0.054095
    5 5.792767 -0.005304 0.000000 -0.232437 0.125443 -0.004295
    6 6.662322 -0.001452 0.000000 0.045326 0.081900 0.160866
    7 -3.108188 1.516823 4.339626 1.238993 -1.024532 -4.799756
    8 4.827512 0.000000 -0.000002 -0.399705 -0.425608 -1.047977
    9 11.140032 0.000000 0.000000 0.070821 -0.105579 -0.701031
    10 10.314563 -0.000001 0.000001 -3.988822 0.203081 -0.504208
    11 1.646836 0.445664 -1.699647 -0.161704 0.581044 -0.283978
    12 0.928312 0.000000 0.000000 0.000000 0.000000 0.000000
    13 0.928313 0.000000 -0.000001 0.000000 0.000000 0.000000
    14 2.979373 -0.388274 -0.044205 -0.000805 -0.043611 0.000046
    15 1.435262 -0.000001 -0.000001 0.000000 0.000000 0.872146
    16 1.482593 -0.000001 0.000001 0.000000 0.000000 0.907041
    17 -2.869899 1.399667 -4.140396 -1.163265 1.764468 -4.903713
    18 4.972047 0.000000 0.000000 1.188193 -0.403325 -1.765432
    19 11.585358 0.000000 0.000001 0.336642 -0.352125 -1.739763
    20 10.127058 0.000000 0.000001 1.908240 0.652682 0.795045
    21 1.537458 0.109715 1.664489 -0.264662 -0.055995 0.783079
    22 0.928313 0.000000 0.000002 0.000000 0.000000 -0.453501
    23 0.928311 0.000000 0.000001 0.000000 0.000000 0.000000
    24 2.686395 -0.427337 0.044204 -0.005762 0.043239 -0.157074
    25 1.435260 0.000000 0.000001 0.000000 0.000000 0.732613
    26 1.482593 0.000000 -0.000001 0.000000 0.000000 1.168644
    27 2.046984 0.000001 0.000000 0.307009 0.468721 -0.566324
    28 -0.000005 0.000007 3.713254 -3.204068 -0.120606 1.238399
    29 18.045723 0.000000 0.000000 0.000000 0.000000 -1.756393
    30 17.597597 0.000000 0.000000 -0.210887 0.105637 -0.141218
    31 0.000005 -0.000003 -3.713254 0.848441 2.461380 5.479079
    32 18.045721 0.000000 0.000000 0.000000 0.000000 -2.603394
    33 17.597597 0.000000 0.000000 0.362388 -0.168095 0.787471
  time 1
    0 -1.756901 -2.027255 -20.585090 0.000000 0.000000 -1.571017
    1 -5.117348 0.316416 0.000000 -1.570795 -1.570787 0.000000
    2 1.293670 0.684478 -0.000001 -0.162437 -0.054878 0.077556
    3 5.309685 -0.003834 0.000000 -0.012678 0.060642 -0.043901
    4 4.826790 -0.004591 0.000000 0.173348 -0.029482 0.054095
    5 5.792767 -0.005304 0.000000 -0.232437 0.125443 -0.004295
    6 6.662322 -0.001452 0.000000 0.045326 0.081900 0.160866
    7 -3.108188 1.516823 4.339626 1.238993 -1.024532 -4.799756
    8 4.827512 0.000000 -0.000002 -0.397632 -0.416910 -1.047371
    9 11.140032 0.000000 0.000000 0.070821 -0.105255 -0.698495
    10 10.314563 -0.000001 0.000001 -3.988822 0.203081 -0.504208
    11 1.646836 0.445664 -1.699647 -0.161704 0.581044 -0.283978
    12 0.928312 0.000000 0.000000 0.000000 0.000000 0.000000
    13 0.928313 0.000000 -0.000001 0.000000 0.000000 0.000000
    14 2.979373 -0.388274 -0.044205 -0.000805 -0.043611 0.000046
    15 1.435262 -0.000001 -0.000001 0.000000 0.000000 0.872146
    16 1.482593 -0.000001 0.000001 0.000000 0.000000 0.907041
    17 -2.869899 1.399667 -4.140396 -1.163265 1.764468 -4.903713
    18 4.972047 0.000000 0.000000 1.190631 -0.399789 -1.766563
    19 11.585358 0.000000 0.000001 0.336642 -0.352034 -1.745154
    20 10.127058 0.000000 0.000001 1.908240 0.652682 0.795045
    21 1.537458 0.109715 1.664489 -0.264662 -0.055995 0.783079
    22 0.928313 0.000000 0.000002 0.000000 0.000000 -0.453501
    23 0.928311 0.000000 0.000001 0.000000 0.000000 0.000000
    24 2.686395 -0.427337 0.044204 -0.005762 0.043239 -0.157074
    25 1.435260 0.000000 0.000001 0.000000 0.000000 0.732613
    26 1.482593 0.000000 -0.000001 0.000000 0.000000 1.168644
    27 2.046984 0.000001 0.000000 0.307009 0.468721 -0.566324
    28 -0.000005 0.000007 3.713254 -3.203877 -0.120701 1.238207
    29 18.045723 0.000000 0.000000 0.000000 0.000000 -1.757133
    30 17.597597 0.000000 0.000000 -0.210684 0.105514 -0.140530
    31 0.000005 -0.000003 -3.713254 0.848345 2.461955 5.480229
    32 18.045721 0.000000 0.000000 0.000000 0.000000 -2.603394
    33 17.597597 0.000000 0.000000 0.361884 -0.167385 0.788579
  time 2
    0 -1.756901 -2.027255 -20.585090 0.000000 0.000000 -1.571017
    1 -5.105629 0.312510 0.000000 -1.570795 -1.570787 0.000000
    2 1.293670 0.684478 -0.000001 -0.162437 -0.054878 0.077556
    3 5.309685 -0.003834 0.000000 -0.012678 0.060642 -0.043901
    4 4.826790 -0.004591 0.000000 0.173348 -0.029482 0.054095
    5 5.792767 -0.005304 0.000000 -0.232437 0.125443 -0.004295
    6 6.662322 -0.001452 0.000000 0.045326 0.081900 0.160866
    7 -3.108188 1.516823 4.339626 1.238993 -1.024532 -4.799756
    8 4.827512 0.000000 -0.000002 -0.393646 -0.400708 -1.049884
    9 11.140032 0.000000 0.000000 0.070821 -0.103033 -0.681469
    10 10.314563 -0.000001 0.000001 -3.988822 0.203081 -0.504208
    11 1.646836 0.445664 -1.699647 -0.161704 0.581044 -0.283978
    12 0.928312 0.000000 0.000000 0.000000 0.000000 0.000000
    13 0.928313 0.000000 -0.000001 0.000000 0.000000 0.000000
    14 2.979373 -0.388274 -0.044205 -0.000805 -0.043611 0.000046
    15 1.435262 -0.000001 -0.000001 0.000000 0.000000 0.872146
    16 1.482593 -0.000001 0.000001 0.000000 0.000000 0.907041
    17 -2.869899 1.399667 -4.140396 -1.163265 1.764468 -4.903713
    18 4.972047 0.000000 0.000000 1.198229 -0.388781 -1.769558
    19 11.585358 0.000000 0.000001 0.336642 -0.351830 -1.755772
    20 10.127058 0.000000 0.000001 1.908240 0.652682 0.795045
    21 1.537458 0.109715 1.664489 -0.264662 -0.055995 0.783079
    22 0.928313 0.000000 0.000002 0.000000 0.000000 -0.453501
    23 0.928311 0.000000 0.000001 0.000000 0.000000 0.000000
    24 2.686395 -0.427337 0.044204 -0.005762 0.043239 -0.157074
    25 1.435260 0.000000 0.000001 0.000000 0.000000 0.732613
    26 1.482593 0.000000 -0.000001 0.000000 0.000000 1.168644
    27 2.046984 0.000001 0.000000 0.307009 0.468721 -0.566324
    28 -0.000005 0.000007 3.713254 -3.203685 -0.120893 1.238112
    29 18.045723 0.000000 0.000000 0.000000 0.000000 -1.758022
    30 17.597597 0.000000 0.000000 -0.210532 0.105391 -0.139751
    31 0.000005 -0.000003 -3.713254 0.848345 2.462530 5.481571
    32 18.045721 0.000000 0.000000 0.000000 0.000000 -2.603394
    33 17.597597 0.000000 0.000000 0.361280 -0.166596 0.789780
  time 3
    0 -1.756901 -2.027255 -20.585090 0.000000 0.000000 -1.571017
    1 -5.093909 0.312510 0.000000 -1.570795 -1.570787 0.000000
    2 1.293670 0.684478 -0.000001 -0.162437 -0.054878 0.077556
    3 5.309685 -0.003834 0.000000 -0.012678 0.060642 -0.043901
    4 4.826790 -0.004591 0.000000 0.173348 -0.029482 0.054095
    5 5.792767 -0.005304 0.000000 -0.232437 0.125443 -0.004295
    6 6.662322 -0.001452 0.000000 0.045326 0.081900 0.160866
    7 -3.108188 1.516823 4.339626 1.238993 -1.024532 -4.799756
    8 4.827512 0.000000 -0.000002 -0.389979 -0.383653 -1.054563
    9 11.140032 0.000000 0.000000 0.070821 -0.099588 -0.654806
    10 10.314563 -0.000001 0.000001 -3.988822 0.203081 -0.504208
    11 1.646836 0.445664 -1.699647 -0.161704 0.581044 -0.283978
    12 0.928312 0.000000 0.000000 0.000000 0.000000 0.000000
    13 0.928313 0.000000 -0.000001 0.000000 0.000000 0.000000
    14 2.979373 -0.388274 -0.044205 -0.000805 -0.043611 0.000046
    15 1.435262 -0.000001 -0.000001 0.000000 0.000000 0.872146
    16 1.482593 -0.000001 0.000001 0.000000 0.000000 0.907041
    17 -2.869899 1.399667 -4.140396 -1.163265 1.764468 -4.903713
    18 4.972047 0.000000 0.000000 1.210798 -0.371747 -1.775881
    19 11.585358 0.000000 0.000001 0.336642 -0.351603 -1.766799
    20 10.127058 0.000000 0.000001 1.908240 0.652682 0.795045
    21 1.537458 0.109715 1.664489 -0.264662 -0.055995 0.783079
    22 0.928313 0.000000 0.000002 0.000000 0.000000 -0.453501
    23 0.928311 0.000000 0.000001 0.000000 0.000000 0.000000
    24 2.686395 -0.427337 0.044204 -0.005762 0.043239 -0.157074
    25 1.435260 0.000000 0.000001 0.000000 0.000000 0.732613
    26 1.482593 0.000000 -0.000001 0.000000 0.000000 1.168644
    27 2.046984 0.000001 0.000000 0.307009 0.468721 -0.566324
    28 -0.000005 0.000007 3.713254 -3.203493 -0.120989 1.238016
    29 18.045723 0.000000 0.000000 0.000000 0.000000 -1.758836
    30 17.597597 0.000000 0.000000 -0.210380 0.105293 -0.139017
    31 0.000005 -0.000003 -3.713254 0.848153 2.463105 5.482818
    32 18.045721 0.000000 0.000000 0.000000 0.000000 -2.603394
    33 17.597597 0.000000 0.000000 0.360710 -0.165748 0.790981
  time 4
    0 -1.756901 -2.027255 -20.585090 0.000000 0.000000 -1.571017
    1 -5.086097 0.304697 0.000000 -1.570795 -1.570787 0.000000
    2 1.293670 0.684478 -0.000001 -0.162437 -0.054878 0.077556
    3 5.309685 -0.003834 0.000000 -0.012678 0.060642 -0.043901
    4 4.826790 -0.004591 0.000000 0.173348 -0.029482 0.054095
    5 5.792767 -0.005304 0.000000 -0.232437 0.125443 -0.004295
    6 6.662322 -0.001452 0.000000 0.045326 0.081900 0.160866
    7 -3.108188 1.516823 4.339626 1.238993 -1.024532 -4.799756
    8 4.827512 0.000000 -0.000002 -0.387986 -0.370777 -1.060802
    9 11.140032 0.000000 0.000000 0.070821 -0.096043 -0.627636
    10 10.314563 -0.000001 0.000001 -3.988822 0.203081 -0.504208
    11 1.646836 0.445664 -1.699647 -0.161704 0.581044 -0.283978
    12 0.928312 0.000000 0.000000 0.000000 0.000000 0.000000
    13 0.928313 0.000000 -0.000001 0.000000 0.000000 0.000000
    14 2.979373 -0.388274 -0.044205 -0.000805 -0.043611 0.000046
    15 1.435262 -0.000001 -0.000001 0.000000 0.000000 0.872146
    16 1.482593 -0.000001 0.000001 0.000000 0.000000 0.907041
    17 -2.869899 1.399667 -4.140396 -1.163265 1.764468 -4.903713
    18 4.972047 0.000000 0.000000 1.226275 -0.351017 -1.783202
    19 11.585358 0.000000 0.000001 0.336642 -0.351399 -1.777580
    20 10.127058 0.000000 0.000001 1.908240 0.652682 0.795045
    21 1.537458 0.109715 1.664489 -0.264662 -0.055995 0.783079
    22 0.928313 0.000000 0.000002 0.000000 0.000000 -0.453501
    23 0.928311 0.000000 0.000001 0.000000 0.000000 0.000000
    24 2.686395 -0.427337 0.044204 -0.005762 0.043239 -0.157074
    25 1.435260 0.000000 0.000001 0.000000 0.000000 0.732613
    26 1.482593 0.000000 -0.000001 0.000000 0.000000 1.168644
    27 2.046984 0.000001 0.000000 0.307009 0.468721 -0.566324
    28 -0.000005 0.000007 3.713254 -3.203301 -0.121085 1.237920
    29 18.045723 0.000000 0.000000 0.000000 0.000000 -1.759502
    30 17.597597 0.000000 0.000000 -0.210253 0.105170 -0.138421
    31 0.000005 -0.000003 -3.713254 0.848057 2.463585 5.483872
    32 18.045721 0.000000 0.000000 0.000000 0.000000 -2.603394
    33 17.597597 0.000000 0.000000 0.360207 -0.165097 0.791905
  time 5
    0 -1.756901 -2.027255 -20.585090 0.000000 0.000000 -1.571017
    1 -5.074378 0.304697 0.000000 -1.570795 -1.570787 0.000000
    2 1.293670 0.684478 -0.000001 -0.162437 -0.054878 0.077556
    3 5.309685 -0.003834 0.000000 -0.012678 0.060642 -0.043901
    4 4.826790 -0.004591 0.000000 0.173348 -0.029482 0.054095
    5 5.792767 -0.005304 0.000000 -0.232437 0.125443 -0.004295
    6 6.662322 -0.001452 0.000000 0.045326 0.081900 0.160866
    7 -3.108188 1.516823 4.339626 1.238993 -1.024532 -4.799756
    8 4.827512 0.000000 -0.000002 -0.387189 -0.364637 -1.062795
    9 11.140032 0.000000 0.000000 0.070821 -0.094844 -0.618362
    10 10.314563 -0.000001 0.000001 -3.988822 0.203081 -0.504208
    11 1.646836 0.445664 -1.699647 -0.161704 0.581044 -0.283978
    12 0.928312 0.000000 0.000000 0.000000 0.000000 0.000000
    13 0.928313 0.000000 -0.000001 0.000000 0.000000 0.000000
    14 2.979373 -0.388274 -0.044205 -0.000805 -0.043611 0.000046
    15 1.435262 -0.000001 -0.000001 0.000000 0.000000 0.872146
    16 1.482593 -0.000001 0.000001 0.000000 0.000000 0.907041
    17 -2.869899 1.399667 -4.140396 -1.163265 1.764468 -4.903713
    18 4.972047 0.000000 0.000000 1.242877 -0.328921 -1.791588
    19 11.585358 0.000000 0.000001 0.336642 -0.351217 -1.786810
    20 10.127058 0.000000 0.000001 1.908240 0.652682 0.795045
    21 1.537458 0.109715 1.664489 -0.264662 -0.055995 0.783079
    22 0.928313 0.000000 0.000002 0.000000 0.000000 -0.453501
    23 0.928311 0.000000 0.000001 0.000000 0.000000 0.000000
    24 2.686395 -0.427337 0.044204 -0.005762 0.043239 -0.157074
    25 1.435260 0.000000 0.000001 0.000000 0.000000 0.732613
    26 1.482593 0.000000 -0.000001 0.000000 0.000000 1.168644
    27 2.046984 0.000001 0.000000 0.307009 0.468721 -0.566324
    28 -0.000005 0.000007 3.713254 -3.203301 -0.121085 1.237824
    29 18.045723 0.000000 0.000000 0.000000 0.000000 -1.759946
    30 17.597597 0.000000 0.000000 -0.210228 0.105145 -0.138100
    31 0.000005 -0.000003 -3.713254 0.847866 2.463777 5.484448
    32 18.045721 0.000000 0.000000 0.000000 0.000000 -2.603394
    33 17.597597 0.000000 0.000000 0.359905 -0.164683 0.792321
  time 6
    0 -1.756901 -2.027255 -20.585090 0.000000 0.000000 -1.571017
    1 -5.070471 0.304697 0.000000 -1.570795 -1.570787 0.000000
    2 1.293670 0.684478 -0.000001 -0.162437 -0.054878 0.077556
    3 5.309685 -0.003834 0.000000 -0.012678 0.060642 -0.043901
    4 4.826790 -0.004591 0.000000 0.173348 -0.029482 0.054095
    5 5.792767 -0.005304 0.000000 -0.232437 0.125443 -0.004295
    6 6.662322 -0.001452 0.000000 0.045326 0.081900 0.160866
    7 -3.108188 1.516823 4.339626 1.238993 -1.024532 -4.799756
    8 4.827512 0.000000 -0.000002 -0.382486 -0.353892 -1.045985
    9 11.140032 0.000000 0.000000 0.070821 -0.102559 -0.677774
    10 10.314563 -0.000001 0.000001 -3.988822 0.203081 -0.504208
    11 1.646836 0.445664 -1.699647 -0.161704 0.581044 -0.283978
    12 0.928312 0.000000 0.000000 0.000000 0.000000 0.000000
    13 0.928313 0.000000 -0.000001 0.000000 0.000000 0.000000
    14 2.979373 -0.388274 -0.044205 -0.000805 -0.043611 0.000046
    15 1.435262 -0.000001 -0.000001 0.000000 0.000000 0.872146
    16 1.482593 -0.000001 0.000001 0.000000 0.000000 0.907041
    17 -2.869899 1.399667 -4.140396 -1.163265 1.764468 -4.903713
    18 4.972047 0.000000 0.000000 1.259386 -0.307789 -1.799974
    19 11.585358 0.000000 0.000001 0.336642 -0.351104 -1.792038
    20 10.127058 0.000000 0.000001 1.908240 0.652682 0.795045
    21 1.537458 0.109715 1.664489 -0.264662 -0.055995 0.783079
    22 0.928313 0.000000 0.000002 0.000000 0.000000 -0.453501
    23 0.928311 0.000000 0.000001 0.000000 0.000000 0.000000
    24 2.686395 -0.427337 0.044204 -0.005762 0.043239 -0.157074
    25 1.435260 0.000000 0.000001 0.000000 0.000000 0.732613
    26 1.482593 0.000000 -0.000001 0.000000 0.000000 1.168644
    27 2.046984 0.000001 0.000000 0.307009 0.468721 -0.566324
    28 -0.000005 0.000007 3.713254 -3.203206 -0.121085 1.237824
    29 18.045723 0.000000 0.000000 0.000000 0.000000 -1.760168
    30 17.597597 0.000000 0.000000 -0.210177 0.105096 -0.137917
    31 0.000005 -0.000003 -3.713254 0.847866 2.463872 5.484831
    32 18.045721 0.000000 0.000000 0.000000 0.000000 -2.603394
    33 17.597597 0.000000 0.000000 0.359670 -0.164466 0.792690
  time 7
    0 -1.756901 -2.027255 -20.585090 0.000000 0.000000 -1.571017
    1 -5.070471 0.304697 0.000000 -1.570795 -1.570787 0.000000
    2 1.293670 0.684478 -0.000001 -0.162437 -0.054878 0.077556
    3 5.309685 -0.003834 0.000000 -0.012678 0.060642 -0.043901
    4 4.826790 -0.004591 0.000000 0.173348 -0.029482 0.054095
    5 5.792767 -0.005304 0.000000 -0.232437 0.125443 -0.004295
    6 6.662322 -0.001452 0.000000 0.045326 0.081900 0.160866
    7 -3.108188 1.516823 4.339626 1.238993 -1.024532 -4.799756
    8 4.827512 0.000000 -0.000002 -0.373398 -0.334962 -1.013577
    9 11.140032 0.000000 0.000000 0.070821 -0.117513 -0.800872
    10 10.314563 -0.000001 0.000001 -3.988822 0.203081 -0.504208
    11 1.646836 0.445664 -1.699647 -0.161704 0.581044 -0.283978
    12 0.928312 0.000000 0.000000 0.000000 0.000000 0.000000
    13 0.928313 0.000000 -0.000001 0.000000 0.000000 0.000000
    14 2.979373 -0.388274 -0.044205 -0.000805 -0.043611 0.000046
    15 1.435262 -0.000001 -0.000001 0.000000 0.000000 0.872146
    16 1.482593 -0.000001 0.000001 0.000000 0.000000 0.907041
    17 -2.869899 1.399667 -4.140396 -1.163265 1.764468 -4.903713
    18 4.972047 0.000000 0.000000 1.272330 -0.290675 -1.806496
    19 11.585358 0.000000 0.000001 0.336642 -0.351036 -1.795795
    20 10.127058 0.000000 0.000001 1.908240 0.652682 0.795045
    21 1.537458 0.109715 1.664489 -0.264662 -0.055995 0.783079
    22 0.928313 0.000000 0.000002 0.000000 0.000000 -0.453501
    23 0.928311 0.000000 0.000001 0.000000 0.000000 0.000000
    24 2.686395 -0.427337 0.044204 -0.005762 0.043239 -0.157074
    25 1.435260 0.000000 0.000001 0.000000 0.000000 0.732613
    26 1.482593 0.000000 -0.000001 0.000000 0.000000 1.168644
    27 2.046984 0.000001 0.000000 0.307009 0.468721 -0.566324
    28 -0.000005 0.000007 3.713254 -3.203206 -0.121085 1.237728
    29 18.045723 0.000000 0.000000 0.000000 0.000000 -1.760316
    30 17.597597 0.000000 0.000000 -0.210177 0.105022 -0.137825
    31 0.000005 -0.000003 -3.713254 0.847866 2.463968 5.485119
    32 18.045721 0.000000 0.000000 0.000000 0.000000 -2.603394
    33 17.597597 0.000000 0.000000 0.359536 -0.164328 0.792921
  time 8
    0 -1.756901 -2.027255 -20.585090 0.000000 0.000000 -1.571017
    1 -5.070471 0.304697 0.000000 -1.570795 -1.570787 0.000000
    2 1.293670 0.684478 -0.000001 -0.162437 -0.054878 0.077556
    3 5.309685 -0.003834 0.000000 -0.012678 0.060642 -0.043901
    4 4.826790 -0.004591 0.000000 0.173348 -0.029482 0.054095
    5 5.792767 -0.005304 0.000000 -0.232437 0.125443 -0.004295
    6 6.662322 -0.001452 0.000000 0.045326 0.081900 0.160866
    7 -3.108188 1.516823 4.339626 1.238993 -1.024532 -4.799756
    8 4.827512 0.000000 -0.000002 -0.365665 -0.321233 -0.984983
    9 11.140032 0.000000 0.000000 0.070821 -0.130620 -0.923970
    10 10.314563 -0.000001 0.000001 -3.988822 0.203081 -0.504208
    11 1.646836 0.445664 -1.699647 -0.161704 0.581044 -0.283978
    12 0.928312 0.000000 0.000000 0.000000 0.000000 0.000000
    13 0.928313 0.000000 -0.000001 0.000000 0.000000 0.000000
    14 2.979373 -0.388274 -0.044205 -0.000805 -0.043611 0.000046
    15 1.435262 -0.000001 -0.000001 0.000000 0.000000 0.872146
    16 1.482593 -0.000001 0.000001 0.000000 0.000000 0.907041
    17 -2.869899 1.399667 -4.140396 -1.163265 1.764468 -4.903713
    18 4.972047 0.000000 0.000000 1.279928 -0.280069 -1.810490
    19 11.585358 0.000000 0.000001 0.336642 -0.351013 -1.796939
    20 10.127058 0.000000 0.000001 1.908240 0.652682 0.795045
    21 1.537458 0.109715 1.664489 -0.264662 -0.055995 0.783079
    22 0.928313 0.000000 0.000002 0.000000 0.000000 -0.453501
    23 0.928311 0.000000 0.000001 0.000000 0.000000 0.000000
    24 2.686395 -0.427337 0.044204 -0.005762 0.043239 -0.157074
    25 1.435260 0.000000 0.000001 0.000000 0.000000 0.732613
    26 1.482593 0.000000 -0.000001 0.000000 0.000000 1.168644
    27 2.046984 0.000001 0.000000 0.308991 0.465918 -0.560971
    28 -0.000005 0.000007 3.713254 -3.203206 -0.121085 1.237824
    29 18.045723 0.000000 0.000000 0.000000 0.000000 -1.760168
    30 17.597597 0.000000 0.000000 -0.210228 0.105022 -0.137871
    31 0.000005 -0.000003 -3.713254 0.848057 2.463777 5.484927
    32 18.045721 0.000000 0.000000 0.000000 0.000000 -2.603394
    33 17.597597 0.000000 0.000000 0.359536 -0.164466 0.792736
  time 9
    0 -1.756901 -2.027255 -20.585090 0.000000 0.000000 -1.571017
    1 -5.082190 0.304697 0.000000 -1.570795 -1.570787 0.000000
    2 1.293670 0.684478 -0.000001 -0.162437 -0.054878 0.077556
    3 5.309685 -0.003834 0.000000 -0.012678 0.060642 -0.043901
    4 4.826790 -0.004591 0.000000 0.173348 -0.029482 0.054095
    5 5.792767 -0.005304 0.000000 -0.232437 0.125443 -0.004295
    6 6.662322 -0.001452 0.000000 0.045326 0.081900 0.160866
    7 -3.108188 1.516823 4.339626 1.238993 -1.024532 -4.799756
    8 4.827512 0.000000 -0.000002 -0.361839 -0.315605 -0.968086
    9 11.140032 0.000000 0.000000 0.070821 -0.138784 -1.011421
    10 10.314563 -0.000001 0.000001 -3.988822 0.203081 -0.504208
    11 1.646836 0.445664 -1.699647 -0.161704 0.581044 -0.283978
    12 0.928312 0.000000 0.000000 0.000000 0.000000 0.000000
    13 0.928313 0.000000 -0.000001 0.000000 0.000000 0.000000
    14 2.979373 -0.388274 -0.044205 -0.000805 -0.043611 0.000046
    15 1.435262 -0.000001 -0.000001 0.000000 0.000000 0.872146
    16 1.482593 -0.000001 0.000001 0.000000 0.000000 0.907041
    17 -2.869899 1.399667 -4.140396 -1.163265 1.764468 -4.903713
    18 4.972047 0.000000 0.000000 1.284993 -0.274203 -1.813085
    19 11.585358 0.000000 0.000001 0.336642 -0.351036 -1.796040
    20 10.127058 0.000000 0.000001 1.908240 0.652682 0.795045
    21 1.537458 0.109715 1.664489 -0.264662 -0.055995 0.783079
    22 0.928313 0.000000 0.000002 0.000000 0.000000 -0.453501
    23 0.928311 0.000000 0.000001 0.000000 0.000000 0.000000
    24 2.686395 -0.427337 0.044204 -0.005762 0.043239 -0.157074
    25 1.435260 0.000000 0.000001 0.000000 0.000000 0.732613
    26 1.482593 0.000000 -0.000001 0.000000 0.000000 1.168644
    27 2.046984 0.000001 0.000000 0.314505 0.458071 -0.546128
    28 -0.000005 0.000007 3.713254 -3.203301 -0.120893 1.237824
    29 18.045723 0.000000 0.000000 0.000000 0.000000 -1.759724
    30 17.597597 0.000000 0.000000 -0.210380 0.105096 -0.138284
    31 0.000005 -0.000003 -3.713254 0.848057 2.463297 5.484256
    32 18.045721 0.000000 0.000000 0.000000 0.000000 -2.603394
    33 17.597597 0.000000 0.000000 0.359771 -0.164959 0.791997
  time 10
    0 -1.756901 -2.027255 -20.585090 0.000000 0.000000 -1.571017
    1 -5.093909 0.316416 0.000000 -1.570795 -1.570787 0.000000
    2 1.293670 0.684478 -0.000001 -0.162437 -0.054878 0.077556
    3 5.309685 -0.003834 0.000000 -0.012678 0.060642 -0.043901
    4 4.826790 -0.004591 0.000000 0.173348 -0.029482 0.054095
    5 5.792767 -0.005304 0.000000 -0.232437 0.125443 -0.004295
    6 6.662322 -0.001452 0.000000 0.045326 0.081900 0.160866
    7 -3.108188 1.516823 4.339626 1.238993 -1.024532 -4.799756
    8 4.827512 0.000000 -0.000002 -0.361281 -0.315434 -0.963493
    9 11.140032 0.000000 0.000000 0.070821 -0.141480 -1.042214
    10 10.314563 -0.000001 0.000001 -3.988822 0.203081 -0.504208
    11 1.646836 0.445664 -1.699647 -0.161704 0.581044 -0.283978
    12 0.928312 0.000000 0.000000 0.000000 0.000000 0.000000
    13 0.928313 0.000000 -0.000001 0.000000 0.000000 0.000000
    14 2.979373 -0.388274 -0.044205 -0.000805 -0.043611 0.000046
    15 1.435262 -0.000001 -0.000001 0.000000 0.000000 0.872146
    16 1.482593 -0.000001 0.000001 0.000000 0.000000 0.907041
    17 -2.869899 1.399667 -4.140396 -1.163265 1.764468 -4.903713
    18 4.972047 0.000000 0.000000 1.288932 -0.268659 -1.814949
    19 11.585358 0.000000 0.000001 0.336642 -0.351058 -1.793916
    20 10.127058 0.000000 0.000001 1.908240 0.652682 0.795045
    21 1.537458 0.109715 1.664489 -0.264662 -0.055995 0.783079
    22 0.928313 0.000000 0.000002 0.000000 0.000000 -0.453501
    23 0.928311 0.000000 0.000001 0.000000 0.000000 0.000000
    24 2.686395 -0.427337 0.044204 -0.005762 0.043239 -0.157074
    25 1.435260 0.000000 0.000001 0.000000 0.000000 0.732613
    26 1.482593 0.000000 -0.000001 0.000000 0.000000 1.168644
    27 2.046984 0.000001 0.000000 0.322906 0.446151 -0.523500
    28 -0.000005 0.000007 3.713254 -3.203493 -0.120701 1.238016
    29 18.045723 0.000000 0.000000 0.000000 0.000000 -1.758836
    30 17.597597 0.000000 0.000000 -0.210608 0.105219 -0.139017
    31 0.000005 -0.000003 -3.713254 0.848153 2.462530 5.483010
    32 18.045721 0.000000 0.000000 0.000000 0.000000 -2.603394
    33 17.597597 0.000000 0.000000 0.360207 -0.165768 0.790796
  time 11
    0 -1.756901 -2.027255 -20.585090 0.000000 0.000000 -1.571017
    1 -5.113441 0.316416 0.000000 -1.570795 -1.570787 0.000000
    2 1.293670 0.684478 -0.000001 -0.162437 -0.054878 0.077556
    3 5.309685 -0.003834 0.000000 -0.007947 0.060450 -0.042470
    4 4.826790 -0.004591 0.000000 0.175083 -0.029218 0.055836
    5 5.792767 -0.005304 0.000000 -0.231088 0.125479 -0.002779
    6 6.662322 -0.001452 0.000000 0.046093 0.081075 0.161835
    7 -3.108188 1.516823 4.339626 1.238993 -1.024532 -4.799756
    8 4.827512 0.000000 -0.000002 -0.364629 -0.324473 -0.979264
    9 11.140032 0.000000 0.000000 0.070821 -0.140257 -1.028231
    10 10.314563 -0.000001 0.000001 -3.953471 0.204393 -0.478486
    11 1.646836 0.445664 -1.699647 -0.161704 0.581044 -0.283978
    12 0.928312 0.000000 0.000000 0.000000 0.000000 0.000000
    13 0.928313 0.000000 -0.000001 0.000000 0.000000 0.000000
    14 2.979373 -0.388274 -0.044205 -0.000805 -0.043611 0.000046
    15 1.435262 -0.000001 -0.000001 0.000000 0.000000 0.872146
    16 1.482593 -0.000001 0.000001 0.000000 0.000000 0.907041
    17 -2.869899 1.399667 -4.140396 -1.163265 1.764468 -4.903713
    18 4.972047 0.000000 0.000000 1.291934 -0.263597 -1.807961
    19 11.585358 0.000000 0.000001 0.336642 -0.350763 -1.803963
    20 10.127058 0.000000 0.000001 1.908240 0.652682 0.795045
    21 1.537458 0.109715 1.664489 -0.264662 -0.055995 0.783079
    22 0.928313 0.000000 0.000002 0.000000 0.000000 -0.453501
    23 0.928311 0.000000 0.000001 0.000000 0.000000 0.000000
    24 2.686395 -0.427337 0.044204 -0.005762 0.043239 -0.157074
    25 1.435260 0.000000 0.000001 0.000000 0.000000 0.732613
    26 1.482593 0.000000 -0.000001 0.000000 0.000000 1.168644
    27 2.046984 0.000001 0.000000 0.333505 0.431016 -0.494850
    28 -0.000005 0.000007 3.713254 -3.203781 -0.120510 1.238207
    29 18.045723 0.000000 0.000000 0.000000 0.000000 -1.757652
    30 17.597597 0.000000 0.000000 -0.210912 0.105367 -0.140118
    31 0.000005 -0.000003 -3.713254 0.848345 2.461572 5.481188
    32 18.045721 0.000000 0.000000 0.000000 0.000000 -2.603630
    33 17.597597 0.000000 0.000000 0.360878 -0.166971 0.789041
  time 12
    0 -1.756901 -2.027255 -20.585090 0.000000 0.000000 -1.571017
    1 -5.117348 0.316416 0.000000 -1.570795 -1.570787 0.000000
    2 1.293670 0.684478 -0.000001 -0.162437 -0.054878 0.077556
    3 5.309685 -0.003834 0.000000 0.004901 0.059911 -0.038619
    4 4.826790 -0.004591 0.000000 0.179890 -0.028511 0.060687
    5 5.792767 -0.005304 0.000000 -0.227329 0.125587 0.001436
    6 6.662322 -0.001452 0.000000 0.048274 0.078739 0.164597
    7 -3.108188 1.516823 4.339626 1.238993 -1.024532 -4.799756
    8 4.827512 0.000000 -0.000002 -0.371485 -0.345365 -1.017910
    9 11.140032 0.000000 0.000000 0.070821 -0.137960 -1.002147
    10 10.314563 -0.000001 0.000001 -3.855851 0.208046 -0.407474
    11 1.646836 0.445664 -1.699647 -0.161704 0.581044 -0.283978
    12 0.928312 0.000000 0.000000 0.000000 0.000000 0.000000
    13 0.928313 0.000000 -0.000001 0.000000 0.000000 0.000000
    14 2.979373 -0.388274 -0.044205 -0.000805 -0.043611 0.000046
    15 1.435262 -0.000001 -0.000001 0.000000 0.000000 0.872146
    16 1.482593 -0.000001 0.000001 0.000000 0.000000 0.907041
    17 -2.869899 1.399667 -4.140396 -1.163265 1.764468 -4.903713
    18 4.972047 0.000000 0.000000 1.293904 -0.260544 -1.786530
    19 11.585358 0.000000 0.000001 0.336642 -0.348767 -1.840392
    20 10.127058 0.000000 0.000001 1.908240 0.652682 0.795045
    21 1.537458 0.109715 1.664489 -0.264662 -0.055995 0.783079
    22 0.928313 0.000000 0.000002 0.000000 0.000000 -0.453501
    23 0.928311 0.000000 0.000001 0.000000 0.000000 0.000000
    24 2.686395 -0.427337 0.044204 -0.005762 0.043239 -0.157074
    25 1.435260 0.000000 0.000001 0.000000 0.000000 0.732613
    26 1.482593 0.000000 -0.000001 0.000000 0.000000 1.168644
    27 2.046984 0.000001 0.000000 0.345740 0.413609 -0.461820
    28 -0.000005 0.000007 3.713254 -3.203685 -0.120510 1.238207
    29 18.045723 0.000000 0.000000 0.000000 0.000000 -1.757430
    30 17.597597 0.000000 0.000000 -0.210912 0.105318 -0.140301
    31 0.000005 -0.000003 -3.713254 0.848632 2.461476 5.480996
    32 18.045721 0.000000 0.000000 0.000000 0.000000 -2.603394
    33 17.597597 0.000000 0.000000 0.361045 -0.167326 0.788764
  time 13
    0 -1.756901 -2.027255 -20.585090 0.000000 0.000000 -1.571017
    1 -5.101722 0.312510 0.000000 -1.570795 -1.570787 0.000000
    2 1.293670 0.684478 -0.000001 -0.162437 -0.054878 0.077556
    3 5.309685 -0.003834 0.000000 0.023858 0.059108 -0.032932
    4 4.826790 -0.004591 0.000000 0.187138 -0.027445 0.068007
    5 5.792767 -0.005304 0.000000 -0.221555 0.125754 0.007935
    6 6.662322 -0.001452 0.000000 0.051654 0.075110 0.168869
    7 -3.108188 1.516823 4.339626 1.238993 -1.024532 -4.799756
    8 4.827512 0.000000 -0.000002 -0.361361 -0.326690 -1.033940
    9 11.140032 0.000000 0.000000 0.070821 -0.142928 -1.059820
    10 10.314563 -0.000001 0.000001 -3.708284 0.213479 -0.300115
    11 1.646836 0.445664 -1.699647 -0.161704 0.581044 -0.283978
    12 0.928312 0.000000 0.000000 0.000000 0.000000 0.000000
    13 0.928313 0.000000 -0.000001 0.000000 0.000000 0.000000
    14 2.979373 -0.388274 -0.044205 -0.000805 -0.043611 0.000046
    15 1.435262 -0.000001 -0.000001 0.000000 0.000000 0.872146
    16 1.482593 -0.000001 0.000001 0.000000 0.000000 0.907041
    17 -2.869899 1.399667 -4.140396 -1.163265 1.764468 -4.903713
    18 4.972047 0.000000 0.000000 1.295311 -0.258615 -1.752853
    19 11.585358 0.000000 0.000001 0.336642 -0.345204 -1.898793
    20 10.127058 0.000000 0.000001 1.908240 0.652682 0.795045
    21 1.537458 0.109715 1.664489 -0.264662 -0.055995 0.783079
    22 0.928313 0.000000 0.000002 0.000000 0.000000 -0.453501
    23 0.928311 0.000000 0.000001 0.000000 0.000000 0.000000
    24 2.686395 -0.427337 0.044204 -0.005762 0.043239 -0.157074
    25 1.435260 0.000000 0.000001 0.000000 0.000000 0.732613
    26 1.482593 0.000000 -0.000001 0.000000 0.000000 1.168644
    27 2.046984 0.000001 0.000000 0.358967 0.394815 -0.426235
    28 -0.000005 0.000007 3.713254 -3.203493 -0.120701 1.238112
    29 18.045723 0.000000 0.000000 0.000000 0.000000 -1.758096
    30 17.597597 0.000000 0.000000 -0.210608 0.105145 -0.139705
    31 0.000005 -0.000003 -3.713254 0.848920 2.462243 5.482434
    32 18.045721 0.000000 0.000000 0.000000 0.000000 -2.603394
    33 17.597597 0.000000 0.000000 0.360643 -0.166813 0.790057
  time 14
    0 -1.756901 -2.027255 -20.585090 0.000000 0.000000 -1.571017
    1 -5.105629 0.312510 0.000000 -1.570795 -1.570787 0.000000
    2 1.293670 0.684478 -0.000001 -0.162437 -0.054878 0.077556
    3 5.309685 -0.003834 0.000000 0.046865 0.058137 -0.026025
    4 4.826790 -0.004591 0.000000 0.196237 -0.026102 0.077201
    5 5.792767 -0.005304 0.000000 -0.214162 0.125958 0.016240
    6 6.662322 -0.001452 0.000000 0.056040 0.070382 0.174452
    7 -3.108188 1.516823 4.339626 1.238993 -1.024532 -4.799756
    8 4.827512 0.000000 -0.000002 -0.317277 -0.238943 -0.998153
    9 11.140032 0.000000 0.000000 0.070821 -0.154936 -1.238418
    10 10.314563 -0.000001 0.000001 -3.523376 0.220411 -0.165641
    11 1.646836 0.445664 -1.699647 -0.161704 0.581044 -0.283978
    12 0.928312 0.000000 0.000000 0.000000 0.000000 0.000000
    13 0.928313 0.000000 -0.000001 0.000000 0.000000 0.000000
    14 2.979373 -0.388274 -0.044205 -0.000805 -0.043611 0.000046
    15 1.435262 -0.000001 -0.000001 0.000000 0.000000 0.872146
    16 1.482593 -0.000001 0.000001 0.000000 0.000000 0.907041
    17 -2.869899 1.399667 -4.140396 -1.163265 1.764468 -4.903713
    18 4.972047 0.000000 0.000000 1.298875 -0.255964 -1.712786
    19 11.585358 0.000000 0.000001 0.336642 -0.339101 -1.967404
    20 10.127058 0.000000 0.000001 1.908240 0.652682 0.795045
    21 1.537458 0.109715 1.664489 -0.264662 -0.055995 0.783079
    22 0.928313 0.000000 0.000002 0.000000 0.000000 -0.453501
    23 0.928311 0.000000 0.000001 0.000000 0.000000 0.000000
    24 2.686395 -0.427337 0.044204 -0.005762 0.043239 -0.157074
    25 1.435260 0.000000 0.000001 0.000000 0.000000 0.732613
    26 1.482593 0.000000 -0.000001 0.000000 0.000000 1.168644
    27 2.046984 0.000001 0.000000 0.372452 0.375579 -0.389738
    28 -0.000005 0.000007 3.713254 -3.203493 -0.120701 1.238112
    29 18.045723 0.000000 0.000000 0.000000 0.000000 -1.758022
    30 17.597597 0.000000 0.000000 -0.210608 0.105096 -0.139797
    31 0.000005 -0.000003 -3.713254 0.849207 2.462243 5.482434
    32 18.045721 0.000000 0.000000 0.000000 0.000000 -2.603394
    33 17.597597 0.000000 0.000000 0.360744 -0.167030 0.790011
  time 15
    0 -1.756901 -2.027255 -20.585090 0.000000 0.000000 -1.571017
    1 -5.125160 0.316416 0.000000 -1.570795 -1.570787 0.000000
    2 1.293670 0.684478 -0.000001 -0.162437 -0.054878 0.077556
    3 5.309685 -0.003834 0.000000 0.071914 0.057083 -0.018518
    4 4.826790 -0.004591 0.000000 0.206556 -0.024580 0.087608
    5 5.792767 -0.005304 0.000000 -0.205564 0.126210 0.025874
    6 6.662322 -0.001452 0.000000 0.061241 0.064816 0.181003
    7 -3.108188 1.516823 4.339626 1.238993 -1.024532 -4.799756
    8 4.827512 0.000000 -0.000002 -0.232299 -0.104893 -0.919302
    9 11.140032 0.000000 0.000000 0.070821 -0.162950 -1.461139
    10 10.314563 -0.000001 0.000001 -3.313541 0.228279 -0.012992
    11 1.646836 0.445664 -1.699647 -0.161704 0.581044 -0.283978
    12 0.928312 0.000000 0.000000 0.000000 0.000000 0.000000
    13 0.928313 0.000000 -0.000001 0.000000 0.000000 0.000000
    14 2.979373 -0.388274 -0.044205 -0.000805 -0.043611 0.000046
    15 1.435262 -0.000001 -0.000001 0.000000 0.000000 0.872146
    16 1.482593 -0.000001 0.000001 0.000000 0.000000 0.907041
    17 -2.869899 1.399667 -4.140396 -1.163265 1.764468 -4.903713
    18 4.972047 0.000000 0.000000 1.305816 -0.252107 -1.670191
    19 11.585358 0.000000 0.000001 0.336642 -0.330388 -2.040753
    20 10.127058 0.000000 0.000001 1.908240 0.652682 0.795045
    21 1.537458 0.109715 1.664489 -0.264662 -0.055995 0.783079
    22 0.928313 0.000000 0.000002 0.000000 0.000000 -0.453501
    23 0.928311 0.000000 0.000001 0.000000 0.000000 0.000000
    24 2.686395 -0.427337 0.044204 -0.005762 0.043239 -0.157074
    25 1.435260 0.000000 0.000001 0.000000 0.000000 0.732613
    26 1.482593 0.000000 -0.000001 0.000000 0.000000 1.168644
    27 2.046984 0.000001 0.000000 0.385678 0.356785 -0.354153
    28 -0.000005 0.000007 3.713254 -3.203589 -0.120510 1.238207
    29 18.045723 0.000000 0.000000 0.000000 0.000000 -1.756985
    30 17.597597 0.000000 0.000000 -0.210887 0.105219 -0.140668
    31 0.000005 -0.000003 -3.713254 0.849207 2.461380 5.480900
    32 18.045721 0.000000 0.000000 0.000000 0.000000 -2.603394
    33 17.597597 0.000000 0.000000 0.361247 -0.168016 0.788579
  time 16
    0 -1.756901 -2.027255 -20.585090 0.000000 0.000000 -1.571017
    1 -5.132973 0.316416 0.000000 -1.570795 -1.570787 0.000000
    2 1.293670 0.684478 -0.000001 -0.162437 -0.054878 0.077556
    3 5.309685 -0.003834 0.000000 0.096963 0.056028 -0.010993
    4 4.826790 -0.004591 0.000000 0.217486 -0.022974 0.098632
    5 5.792767 -0.005304 0.000000 -0.196174 0.126485 0.036421
    6 6.662322 -0.001452 0.000000 0.067030 0.058590 0.188351
    7 -3.108188 1.516823 4.339626 1.238993 -1.024532 -4.799756
    8 4.827512 0.000000 -0.000002 -0.089048 0.064546 -0.782047
    9 11.140032 0.000000 0.000000 0.070821 -0.163125 -1.673428
    10 10.314563 -0.000001 0.000001 -3.091196 0.236522 0.148714
    11 1.646836 0.445664 -1.699647 -0.161704 0.581044 -0.283978
    12 0.928312 0.000000 0.000000 0.000000 0.000000 0.000000
    13 0.928313 0.000000 -0.000001 0.000000 0.000000 0.000000
    14 2.979373 -0.388274 -0.044205 -0.000805 -0.043611 0.000046
    15 1.435262 -0.000001 -0.000001 0.000000 0.000000 0.872146
    16 1.482593 -0.000001 0.000001 0.000000 0.000000 0.907041
    17 -2.869899 1.399667 -4.140396 -1.163265 1.764468 -4.903713
    18 4.972047 0.000000 0.000000 1.316228 -0.247929 -1.629459
    19 11.585358 0.000000 0.000001 0.336642 -0.319247 -2.117369
    20 10.127058 0.000000 0.000001 1.908240 0.652682 0.795045
    21 1.537458 0.109715 1.664489 -0.264662 -0.055995 0.783079
    22 0.928313 0.000000 0.000002 0.000000 0.000000 -0.453501
    23 0.928311 0.000000 0.000001 0.000000 0.000000 0.000000
    24 2.686395 -0.427337 0.044204 -0.005762 0.043239 -0.157074
    25 1.435260 0.000000 0.000001 0.000000 0.000000 0.732613
    26 1.482593 0.000000 -0.000001 0.000000 0.000000 1.168644
    27 2.046984 0.000001 0.000000 0.397914 0.339378 -0.321123
    28 -0.000005 0.000007 3.713254 -3.203781 -0.120318 1.238303
    29 18.045723 0.000000 0.000000 0.000000 0.000000 -1.756467
    30 17.597597 0.000000 0.000000 -0.211039 0.105293 -0.141080
    31 0.000005 -0.000003 -3.713254 0.849303 2.460901 5.480133
    32 18.045721 0.000000 0.000000 0.000000 0.000000 -2.603394
    33 17.597597 0.000000 0.000000 0.361515 -0.168509 0.787748
  time 17
    0 -1.756901 -2.027255 -20.585090 0.000000 0.000000 -1.571017
    1 -5.132973 0.316416 0.000000 -1.570795 -1.570787 0.000000
    2 1.293670 0.684478 -0.000001 -0.162437 -0.054878 0.077556
    3 5.309685 -0.003834 0.000000 0.119970 0.055057 -0.004087
    4 4.826790 -0.004591 0.000000 0.228415 -0.021369 0.109678
    5 5.792767 -0.005304 0.000000 -0.186353 0.126761 0.047446
    6 6.662322 -0.001452 0.000000 0.073238 0.051924 0.196183
    7 -3.108188 1.516823 4.339626 1.238993 -1.024532 -4.799756
    8 4.827512 0.000000 -0.000002 0.142769 0.254876 -0.539859
    9 11.140032 0.000000 0.000000 0.070821 -0.158631 -1.826667
    10 10.314563 -0.000001 0.000001 -2.868946 0.244859 0.310479
    11 1.646836 0.445664 -1.699647 -0.161704 0.581044 -0.283978
    12 0.928312 0.000000 0.000000 0.000000 0.000000 0.000000
    13 0.928313 0.000000 -0.000001 0.000000 0.000000 0.000000
    14 2.979373 -0.388274 -0.044205 -0.000805 -0.043611 0.000046
    15 1.435262 -0.000001 -0.000001 0.000000 0.000000 0.872146
    16 1.482593 -0.000001 0.000001 0.000000 0.000000 0.907041
    17 -2.869899 1.399667 -4.140396 -1.163265 1.764468 -4.903713
    18 4.972047 0.000000 0.000000 1.330579 -0.242626 -1.592920
    19 11.585358 0.000000 0.000001 0.336642 -0.306654 -2.190717
    20 10.127058 0.000000 0.000001 1.908240 0.652682 0.795045
    21 1.537458 0.109715 1.664489 -0.264662 -0.055995 0.783079
    22 0.928313 0.000000 0.000002 0.000000 0.000000 -0.453501
    23 0.928311 0.000000 0.000001 0.000000 0.000000 0.000000
    24 2.686395 -0.427337 0.044204 -0.005762 0.043239 -0.157074
    25 1.435260 0.000000 0.000001 0.000000 0.000000 0.732613
    26 1.482593 0.000000 -0.000001 0.000000 0.000000 1.168644
    27 2.046984 0.000001 0.000000 0.408512 0.324243 -0.292473
    28 -0.000005 0.000007 3.713254 -3.203781 -0.120222 1.238399
    29 18.045723 0.000000 0.000000 0.000000 0.000000 -1.756319
    30 17.597597 0.000000 0.000000 -0.211115 0.105293 -0.141264
    31 0.000005 -0.000003 -3.713254 0.849303 2.460613 5.479846
    32 18.045721 0.000000 0.000000 0.000000 0.000000 -2.603394
    33 17.597597 0.000000 0.000000 0.361582 -0.168726 0.787471
  time 18
    0 -1.756901 -2.027255 -20.585090 0.000000 0.000000 -1.571017
    1 -5.132973 0.324229 0.000000 -1.570795 -1.570787 0.000000
    2 1.293670 0.684478 -0.000001 -0.162437 -0.054878 0.077556
    3 5.309685 -0.003834 0.000000 0.138927 0.054266 0.001601
    4 4.826790 -0.004591 0.000000 0.238715 -0.019846 0.120085
    5 5.792767 -0.005304 0.000000 -0.176550 0.127049 0.058450
    6 6.662322 -0.001452 0.000000 0.079638 0.045052 0.204300
    7 -3.108188 1.516823 4.339626 1.238993 -1.024532 -4.799756
    8 4.827512 0.000000 -0.000002 0.514808 0.420052 -0.107214
    9 11.140032 0.000000 0.000000 0.070821 -0.155835 -1.884847
    10 10.314563 -0.000001 0.000001 -2.659111 0.252728 0.463127
    11 1.646836 0.445664 -1.699647 -0.161704 0.581044 -0.283978
    12 0.928312 0.000000 0.000000 0.000000 0.000000 0.000000
    13 0.928313 0.000000 -0.000001 0.000000 0.000000 0.000000
    14 2.979373 -0.388274 -0.044205 -0.000805 -0.043611 0.000046
    15 1.435262 -0.000001 -0.000001 0.000000 0.000000 0.872146
    16 1.482593 -0.000001 0.000001 0.000000 0.000000 0.907041
    17 -2.869899 1.399667 -4.140396 -1.163265 1.764468 -4.903713
    18 4.972047 0.000000 0.000000 1.348307 -0.236359 -1.564235
    19 11.585358 0.000000 0.000001 0.336642 -0.293880 -2.256714
    20 10.127058 0.000000 0.000001 1.908240 0.652682 0.795045
    21 1.537458 0.109715 1.664489 -0.264662 -0.055995 0.783079
    22 0.928313 0.000000 0.000002 0.000000 0.000000 -0.453501
    23 0.928311 0.000000 0.000001 0.000000 0.000000 0.000000
    24 2.686395 -0.427337 0.044204 -0.005762 0.043239 -0.157074
    25 1.435260 0.000000 0.000001 0.000000 0.000000 0.732613
    26 1.482593 0.000000 -0.000001 0.000000 0.000000 1.168644
    27 2.046984 0.000001 0.000000 0.416913 0.312294 -0.269844
    28 -0.000005 0.000007 3.713254 -3.203781 -0.120222 1.238399
    29 18.045723 0.000000 0.000000 0.000000 0.000000 -1.756245
    30 17.597597 0.000000 0.000000 -0.211115 0.105293 -0.141355
    31 0.000005 -0.000003 -3.713254 0.849495 2.460613 5.479846
    32 18.045721 0.000000 0.000000 0.000000 0.000000 -2.603394
    33 17.597597 0.000000 0.000000 0.361515 -0.168746 0.787471
  time 19
    0 -1.756901 -2.027255 -20.585090 0.000000 0.000000 -1.571017
    1 -5.132973 0.316416 0.000000 -1.570795 -1.570787 0.000000
    2 1.293670 0.684478 -0.000001 -0.162437 -0.054878 0.077556
    3 5.309685 -0.003834 0.000000 0.151792 0.053727 0.005451
    4 4.826790 -0.004591 0.000000 0.247814 -0.018504 0.129279
    5 5.792767 -0.005304 0.000000 -0.167142 0.127324 0.069019
    6 6.662322 -0.001452 0.000000 0.086037 0.038180 0.212389
    7 -3.108188 1.516823 4.339626 1.238993 -1.024532 -4.799756
    8 4.827512 0.000000 -0.000002 0.962100 0.480766 0.460433
    9 11.140032 0.000000 0.000000 0.070821 -0.158207 -1.837535
    10 10.314563 -0.000001 0.000001 -2.474202 0.259566 0.597660
    11 1.646836 0.445664 -1.699647 -0.161704 0.581044 -0.283978
    12 0.928312 0.000000 0.000000 0.000000 0.000000 0.000000
    13 0.928313 0.000000 -0.000001 0.000000 0.000000 0.000000
    14 2.979373 -0.388274 -0.044205 -0.000805 -0.043611 0.000046
    15 1.435262 -0.000001 -0.000001 0.000000 0.000000 0.872146
    16 1.482593 -0.000001 0.000001 0.000000 0.000000 0.907041
    17 -2.869899 1.399667 -4.140396 -1.163265 1.764468 -4.903713
    18 4.972047 0.000000 0.000000 1.367911 -0.229127 -1.544668
    19 11.585358 0.000000 0.000001 0.336642 -0.282535 -2.309888
    20 10.127058 0.000000 0.000001 1.908240 0.652682 0.795045
    21 1.537458 0.109715 1.664489 -0.264662 -0.055995 0.783079
    22 0.928313 0.000000 0.000002 0.000000 0.000000 -0.453501
    23 0.928311 0.000000 0.000001 0.000000 0.000000 0.000000
    24 2.686395 -0.427337 0.044204 -0.005762 0.043239 -0.157074
    25 1.435260 0.000000 0.000001 0.000000 0.000000 0.732613
    26 1.482593 0.000000 -0.000001 0.000000 0.000000 1.168644
    27 2.046984 0.000001 0.000000 0.422428 0.304476 -0.255002
    28 -0.000005 0.000007 3.713254 -3.203781 -0.120222 1.238303
    29 18.045723 0.000000 0.000000 0.000000 0.000000 -1.756319
    30 17.597597 0.000000 0.000000 -0.211115 0.105244 -0.141218
    31 0.000005 -0.000003 -3.713254 0.849495 2.460613 5.480038
    32 18.045721 0.000000 0.000000 0.000000 0.000000 -2.603394
    33 17.597597 0.000000 0.000000 0.361448 -0.168746 0.787563
  time 20
    0 -1.756901 -2.027255 -20.585090 0.000000 0.000000 -1.571017
    1 -5.132973 0.316416 0.000000 -1.570795 -1.570787 0.000000
    2 1.293670 0.684478 -0.000001 -0.162437 -0.054878 0.077556
    3 5.309685 -0.003834 0.000000 0.156540 0.053523 0.006882
    4 4.826790 -0.004591 0.000000 0.255062 -0.017438 0.136599
    5 5.792767 -0.005304 0.000000 -0.158544 0.127564 0.078673
    6 6.662322 -0.001452 0.000000 0.092233 0.031514 0.220250
    7 -3.108188 1.516823 4.339626 1.238993 -1.024532 -4.799756
    8 4.827512 0.000000 -0.000002 1.211295 0.461836 0.844554
    9 11.140032 0.000000 0.000000 0.070821 -0.162376 -1.706974
    10 10.314563 -0.000001 0.000001 -2.326636 0.265092 0.704961
    11 1.646836 0.445664 -1.699647 -0.161704 0.581044 -0.283978
    12 0.928312 0.000000 0.000000 0.000000 0.000000 0.000000
    13 0.928313 0.000000 -0.000001 0.000000 0.000000 0.000000
    14 2.979373 -0.388274 -0.044205 -0.000805 -0.043611 0.000046
    15 1.435262 -0.000001 -0.000001 0.000000 0.000000 0.872146
    16 1.482593 -0.000001 0.000001 0.000000 0.000000 0.907041
    17 -2.869899 1.399667 -4.140396 -1.163265 1.764468 -4.903713
    18 4.972047 0.000000 0.000000 1.386952 -0.220851 -1.534485
    19 11.585358 0.000000 0.000001 0.336642 -0.274503 -2.344847
    20 10.127058 0.000000 0.000001 1.908240 0.652682 0.795045
    21 1.537458 0.109715 1.664489 -0.264662 -0.055995 0.783079
    22 0.928313 0.000000 0.000002 0.000000 0.000000 -0.453501
    23 0.928311 0.000000 0.000001 0.000000 0.000000 0.000000
    24 2.686395 -0.427337 0.044204 -0.005762 0.043239 -0.157074
    25 1.435260 0.000000 0.000001 0.000000 0.000000 0.732613
    26 1.482593 0.000000 -0.000001 0.000000 0.000000 1.168644
    27 2.046984 0.000001 0.000000 0.424410 0.301643 -0.249649
    28 -0.000005 0.000007 3.713254 -3.204068 -0.120606 1.238399
    29 18.045723 0.000000 0.000000 0.000000 0.000000 -1.756393
    30 17.597597 0.000000 0.000000 -0.210887 0.105637 -0.141218
    31 0.000005 -0.000003 -3.713254 0.848441 2.461380 5.479079
    32 18.045721 0.000000 0.000000 0.000000 0.000000 -2.603394
    33 17.597597 0.000000 0.000000 0.362388 -0.168095 0.787471
  time 21
    0 -1.756901 -2.027255 -20.585090 0.000000 0.000000 -1.571017
    1 -5.132973 0.316416 0.000000 -1.570795 -1.570787 0.000000
    2 1.293670 0.684478 -0.000001 -0.162437 -0.054878 0.077556
    3 5.309685 -0.003834 0.000000 0.152592 0.053691 0.006087
    4 4.826790 -0.004591 0.000000 0.259869 -0.016730 0.141450
    5 5.792767 -0.005304 0.000000 -0.151169 0.127780 0.086979
    6 6.662322 -0.001452 0.000000 0.098034 0.025288 0.227570
    7 -3.108188 1.516823 4.339626 1.238993 -1.024532 -4.799756
    8 4.827512 0.000000 -0.000002 1.263430 0.446913 0.998185
    9 11.140032 0.000000 0.000000 0.070821 -0.163849 -1.541563
    10 10.314563 -0.000001 0.000001 -2.229016 0.268746 0.776030
    11 1.646836 0.445664 -1.699647 -0.161704 0.581044 -0.283978
    12 0.928312 0.000000 0.000000 0.000000 0.000000 0.000000
    13 0.928313 0.000000 -0.000001 0.000000 0.000000 0.000000
    14 2.979373 -0.388274 -0.044205 -0.000805 -0.043611 0.000046
    15 1.435262 -0.000001 -0.000001 0.000000 0.000000 0.872146
    16 1.482593 -0.000001 0.000001 0.000000 0.000000 0.907041
    17 -2.869899 1.399667 -4.140396 -1.163265 1.764468 -4.903713
    18 4.972047 0.000000 0.000000 1.402897 -0.212334 -1.532688
    19 11.585358 0.000000 0.000001 0.336642 -0.270895 -2.359958
    20 10.127058 0.000000 0.000001 1.908240 0.652682 0.795045
    21 1.537458 0.109715 1.664489 -0.264662 -0.055995 0.783079
    22 0.928313 0.000000 0.000002 0.000000 0.000000 -0.453501
    23 0.928311 0.000000 0.000001 0.000000 0.000000 0.000000
    24 2.686395 -0.427337 0.044204 -0.005762 0.043239 -0.157074
    25 1.435260 0.000000 0.000001 0.000000 0.000000 0.732613
    26 1.482593 0.000000 -0.000001 0.000000 0.000000 1.168644
    27 2.046984 0.000001 0.000000 0.422428 0.304476 -0.255002
    28 -0.000005 0.000007 3.713254 -3.204068 -0.120606 1.238399
    29 18.045723 0.000000 0.000000 0.000000 0.000000 -1.756393
    30 17.597597 0.000000 0.000000 -0.210887 0.105637 -0.141218
    31 0.000005 -0.000003 -3.713254 0.848441 2.461380 5.479079
    32 18.045721 0.000000 0.000000 0.000000 0.000000 -2.603394
    33 17.597597 0.000000 0.000000 0.362388 -0.168095 0.787471
  time 22
    0 -1.756901 -2.027255 -20.585090 0.000000 0.000000 -1.571017
    1 -5.132973 0.316416 0.000000 -1.570795 -1.570787 0.000000
    2 1.293670 0.684478 -0.000001 -0.162437 -0.054878 0.077556
    3 5.309685 -0.003834 0.000000 0.141786 0.054146 0.003897
    4 4.826790 -0.004591 0.000000 0.261605 -0.016479 0.143192
    5 5.792767 -0.005304 0.000000 -0.145395 0.127947 0.093457
    6 6.662322 -0.001452 0.000000 0.103223 0.019708 0.234149
    7 -3.108188 1.516823 4.339626 1.238993 -1.024532 -4.799756
    8 4.827512 0.000000 -0.000002 1.241030 0.450665 1.032412
    9 11.140032 0.000000 0.000000 0.070821 -0.161602 -1.397815
    10 10.314563 -0.000001 0.000001 -2.193664 0.270057 0.801752
    11 1.646836 0.445664 -1.699647 -0.161704 0.581044 -0.283978
    12 0.928312 0.000000 0.000000 0.000000 0.000000 0.000000
    13 0.928313 0.000000 -0.000001 0.000000 0.000000 0.000000
    14 2.979373 -0.388274 -0.044205 -0.000805 -0.043611 0.000046
    15 1.435262 -0.000001 -0.000001 0.000000 0.000000 0.872146
    16 1.482593 -0.000001 0.000001 0.000000 0.000000 0.907041
    17 -2.869899 1.399667 -4.140396 -1.163265 1.764468 -4.903713
    18 4.972047 0.000000 0.000000 1.413966 -0.204058 -1.536881
    19 11.585358 0.000000 0.000001 0.336642 -0.271871 -2.355792
    20 10.127058 0.000000 0.000001 1.908240 0.652682 0.795045
    21 1.537458 0.109715 1.664489 -0.264662 -0.055995 0.783079
    22 0.928313 0.000000 0.000002 0.000000 0.000000 -0.453501
    23 0.928311 0.000000 0.000001 0.000000 0.000000 0.000000
    24 2.686395 -0.427337 0.044204 -0.005762 0.043239 -0.157074
    25 1.435260 0.000000 0.000001 0.000000 0.000000 0.732613
    26 1.482593 0.000000 -0.000001 0.000000 0.000000 1.168644
    27 2.046984 0.000001 0.000000 0.416913 0.312294 -0.269844
    28 -0.000005 0.000007 3.713254 -3.204068 -0.120606 1.238399
    29 18.045723 0.000000 0.000000 0.000000 0.000000 -1.756393
    30 17.597597 0.000000 0.000000 -0.210887 0.105637 -0.141218
    31 0.000005 -0.000003 -3.713254 0.848441 2.461380 5.479079
    32 18.045721 0.000000 0.000000 0.000000 0.000000 -2.603394
    33 17.597597 0.000000 0.000000 0.362388 -0.168095 0.787471
  time 23
    0 -1.756901 -2.027255 -20.585090 0.000000 0.000000 -1.571017
    1 -5.132973 0.316416 0.000000 -1.570795 -1.570787 0.000000
    2 1.293670 0.684478 -0.000001 -0.162437 -0.054878 0.077556
    3 5.309685 -0.003834 0.000000 0.125637 0.054818 0.000470
    4 4.826790 -0.004591 0.000000 0.259125 -0.016838 0.141362
    5 5.792767 -0.005304 0.000000 -0.141617 0.128055 0.097692
    6 6.662322 -0.001452 0.000000 0.107610 0.014994 0.239703
    7 -3.108188 1.516823 4.339626 1.238993 -1.024532 -4.799756
    8 4.827512 0.000000 -0.000002 1.222934 0.455014 1.033192
    9 11.140032 0.000000 0.000000 0.070821 -0.159430 -1.336809
    10 10.314563 -0.000001 0.000001 -2.223898 0.268933 0.779746
    11 1.646836 0.445664 -1.699647 -0.161704 0.581044 -0.283978
    12 0.928312 0.000000 0.000000 0.000000 0.000000 0.000000
    13 0.928313 0.000000 -0.000001 0.000000 0.000000 0.000000
    14 2.979373 -0.388274 -0.044205 -0.000805 -0.043611 0.000046
    15 1.435262 -0.000001 -0.000001 0.000000 0.000000 0.872146
    16 1.482593 -0.000001 0.000001 0.000000 0.000000 0.907041
    17 -2.869899 1.399667 -4.140396 -1.163265 1.764468 -4.903713
    18 4.972047 0.000000 0.000000 1.418656 -0.196827 -1.545932
    19 11.585358 0.000000 0.000001 0.336642 -0.277430 -2.332758
    20 10.127058 0.000000 0.000001 1.908240 0.652682 0.795045
    21 1.537458 0.109715 1.664489 -0.264662 -0.055995 0.783079
    22 0.928313 0.000000 0.000002 0.000000 0.000000 -0.453501
    23 0.928311 0.000000 0.000001 0.000000 0.000000 0.000000
    24 2.686395 -0.427337 0.044204 -0.005762 0.043239 -0.157074
    25 1.435260 0.000000 0.000001 0.000000 0.000000 0.732613
    26 1.482593 0.000000 -0.000001 0.000000 0.000000 1.168644
    27 2.046984 0.000001 0.000000 0.408512 0.324243 -0.292473
    28 -0.000005 0.000007 3.713254 -3.204068 -0.120606 1.238399
    29 18.045723 0.000000 0.000000 0.000000 0.000000 -1.756393
    30 17.597597 0.000000 0.000000 -0.210887 0.105637 -0.141218
    31 0.000005 -0.000003 -3.713254 0.848441 2.461380 5.479079
    32 18.045721 0.000000 0.000000 0.000000 0.000000 -2.603394
    33 17.597597 0.000000 0.000000 0.362388 -0.168095 0.787471
  time 24
    0 -1.756901 -2.027255 -20.585090 0.000000 0.000000 -1.571017
    1 -5.132973 0.316416 0.000000 -1.570795 -1.570787 0.000000
    2 1.293670 0.684478 -0.000001 -0.162437 -0.054878 0.077556
    3 5.309685 -0.003834 0.000000 0.105676 0.055668 -0.003910
    4 4.826790 -0.004591 0.000000 0.252430 -0.017821 0.136313
    5 5.792767 -0.005304 0.000000 -0.140286 0.128091 0.099208
    6 6.662322 -0.001452 0.000000 0.111001 0.011365 0.244003
    7 -3.108188 1.516823 4.339626 1.238993 -1.024532 -4.799756
    8 4.827512 0.000000 -0.000002 1.162588 0.460727 0.956593
    9 11.140032 0.000000 0.000000 0.070821 -0.159805 -1.347243
    10 10.314563 -0.000001 0.000001 -2.308059 0.265748 0.718490
    11 1.646836 0.445664 -1.699647 -0.161704 0.581044 -0.283978
    12 0.928312 0.000000 0.000000 0.000000 0.000000 0.000000
    13 0.928313 0.000000 -0.000001 0.000000 0.000000 0.000000
    14 2.979373 -0.388274 -0.044205 -0.000805 -0.043611 0.000046
    15 1.435262 -0.000001 -0.000001 0.000000 0.000000 0.872146
    16 1.482593 -0.000001 0.000001 0.000000 0.000000 0.907041
    17 -2.869899 1.399667 -4.140396 -1.163265 1.764468 -4.903713
    18 4.972047 0.000000 0.000000 1.417155 -0.190640 -1.560108
    19 11.585358 0.000000 0.000001 0.336642 -0.286392 -2.291755
    20 10.127058 0.000000 0.000001 1.908240 0.652682 0.795045
    21 1.537458 0.109715 1.664489 -0.264662 -0.055995 0.783079
    22 0.928313 0.000000 0.000002 0.000000 0.000000 -0.453501
    23 0.928311 0.000000 0.000001 0.000000 0.000000 0.000000
    24 2.686395 -0.427337 0.044204 -0.005762 0.043239 -0.157074
    25 1.435260 0.000000 0.000001 0.000000 0.000000 0.732613
    26 1.482593 0.000000 -0.000001 0.000000 0.000000 1.168644
    27 2.046984 0.000001 0.000000 0.397914 0.339378 -0.321123
    28 -0.000005 0.000007 3.713254 -3.204068 -0.120606 1.238399
    29 18.045723 0.000000 0.000000 0.000000 0.000000 -1.756393
    30 17.597597 0.000000 0.000000 -0.210887 0.105637 -0.141218
    31 0.000005 -0.000003 -3.713254 0.848441 2.461380 5.479079
    32 18.045721 0.000000 0.000000 0.000000 0.000000 -2.603394
    33 17.597597 0.000000 0.000000 0.362388 -0.168095 0.787471
  time 25
    0 -1.756901 -2.027255 -20.585090 0.000000 0.000000 -1.571017
    1 -5.132973 0.316416 0.000000 -1.570795 -1.570787 0.000000
    2 1.293670 0.684478 -0.000001 -0.162437 -0.054878 0.077556
    3 5.309685 -0.003834 0.000000 0.083418 0.056603 -0.009086
    4 4.826790 -0.004591 0.000000 0.242530 -0.019283 0.128640
    5 5.792767 -0.005304 0.000000 -0.144244 0.127983 0.095720
    6 6.662322 -0.001452 0.000000 0.113170 0.009015 0.246738
    7 -3.108188 1.516823 4.339626 1.238993 -1.024532 -4.799756
    8 4.827512 0.000000 -0.000002 1.021090 0.465588 0.786672
    9 11.140032 0.000000 0.000000 0.070821 -0.160254 -1.359632
    10 10.314563 -0.000001 0.000001 -2.436386 0.260971 0.625182
    11 1.646836 0.445664 -1.699647 -0.161704 0.581044 -0.283978
    12 0.928312 0.000000 0.000000 0.000000 0.000000 0.000000
    13 0.928313 0.000000 -0.000001 0.000000 0.000000 0.000000
    14 2.979373 -0.388274 -0.044205 -0.000805 -0.043611 0.000046
    15 1.435262 -0.000001 -0.000001 0.000000 0.000000 0.872146
    16 1.482593 -0.000001 0.000001 0.000000 0.000000 0.907041
    17 -2.869899 1.399667 -4.140396 -1.163265 1.764468 -4.903713
    18 4.972047 0.000000 0.000000 1.409463 -0.186140 -1.580008
    19 11.585358 0.000000 0.000001 0.336642 -0.298713 -2.233599
    20 10.127058 0.000000 0.000001 1.908240 0.652682 0.795045
    21 1.537458 0.109715 1.664489 -0.264662 -0.055995 0.783079
    22 0.928313 0.000000 0.000002 0.000000 0.000000 -0.453501
    23 0.928311 0.000000 0.000001 0.000000 0.000000 0.000000
    24 2.686395 -0.427337 0.044204 -0.005762 0.043239 -0.157074
    25 1.435260 0.000000 0.000001 0.000000 0.000000 0.732613
    26 1.482593 0.000000 -0.000001 0.000000 0.000000 1.168644
    27 2.046984 0.000001 0.000000 0.385678 0.356785 -0.354153
    28 -0.000005 0.000007 3.713254 -3.204068 -0.120606 1.238399
    29 18.045723 0.000000 0.000000 0.000000 0.000000 -1.756393
    30 17.597597 0.000000 0.000000 -0.210887 0.105637 -0.141218
    31 0.000005 -0.000003 -3.713254 0.848441 2.461380 5.479079
    32 18.045721 0.000000 0.000000 0.000000 0.000000 -2.603394
    33 17.597597 0.000000 0.000000 0.362388 -0.168095 0.787471
  time 26
    0 -1.756901 -2.027255 -20.585090 0.000000 0.000000 -1.571017
    1 -5.132973 0.316416 0.000000 -1.570795 -1.570787 0.000000
    2 1.293670 0.684478 -0.000001 -0.162437 -0.054878 0.077556
    3 5.309685 -0.003834 0.000000 0.060411 0.057574 -0.014791
    4 4.826790 -0.004591 0.000000 0.230533 -0.021057 0.118983
    5 5.792767 -0.005304 0.000000 -0.154677 0.127684 0.086356
    6 6.662322 -0.001452 0.000000 0.113949 0.008190 0.247734
    7 -3.108188 1.516823 4.339626 1.238993 -1.024532 -4.799756
    8 4.827512 0.000000 -0.000002 0.892666 0.455952 0.627928
    9 11.140032 0.000000 0.000000 0.070821 -0.161802 -1.407234
    10 10.314563 -0.000001 0.000001 -2.598928 0.254976 0.506907
    11 1.646836 0.445664 -1.699647 -0.161704 0.581044 -0.283978
    12 0.928312 0.000000 0.000000 0.000000 0.000000 0.000000
    13 0.928313 0.000000 -0.000001 0.000000 0.000000 0.000000
    14 2.979373 -0.388274 -0.044205 -0.000805 -0.043611 0.000046
    15 1.435262 -0.000001 -0.000001 0.000000 0.000000 0.872146
    16 1.482593 -0.000001 0.000001 0.000000 0.000000 0.907041
    17 -2.869899 1.399667 -4.140396 -1.163265 1.764468 -4.903713
    18 4.972047 0.000000 0.000000 1.397082 -0.183328 -1.607496
    19 11.585358 0.000000 0.000001 0.336642 -0.312622 -2.158535
    20 10.127058 0.000000 0.000001 1.908240 0.652682 0.795045
    21 1.537458 0.109715 1.664489 -0.264662 -0.055995 0.783079
    22 0.928313 0.000000 0.000002 0.000000 0.000000 -0.453501
    23 0.928311 0.000000 0.000001 0.000000 0.000000 0.000000
    24 2.686395 -0.427337 0.044204 -0.005762 0.043239 -0.157074
    25 1.435260 0.000000 0.000001 0.000000 0.000000 0.732613
    26 1.482593 0.000000 -0.000001 0.000000 0.000000 1.168644
    27 2.046984 0.000001 0.000000 0.372452 0.375579 -0.389738
    28 -0.000005 0.000007 3.713254 -3.204068 -0.120606 1.238399
    29 18.045723 0.000000 0.000000 0.000000 0.000000 -1.756393
    30 17.597597 0.000000 0.000000 -0.210887 0.105637 -0.141218
    31 0.000005 -0.000003 -3.713254 0.848441 2.461380 5.479079
    32 18.045721 0.000000 0.000000 0.000000 0.000000 -2.603394
    33 17.597597 0.000000 0.000000 0.362388 -0.168095 0.787471
  time 27
    0 -1.756901 -2.027255 -20.585090 0.000000 0.000000 -1.571017
    1 -5.132973 0.316416 0.000000 -1.570795 -1.570787 0.000000
    2 1.293670 0.684478 -0.000001 -0.162437 -0.054878 0.077556
    3 5.309685 -0.003834 0.000000 0.038152 0.058509 -0.020832
    4 4.826790 -0.004591 0.000000 0.217486 -0.022974 0.107936
    5 5.792767 -0.005304 0.000000 -0.169444 0.127252 0.072673
    6 6.662322 -0.001452 0.000000 0.112943 0.009263 0.246453
    7 -3.108188 1.516823 4.339626 1.238993 -1.024532 -4.799756
    8 4.827512 0.000000 -0.000002 0.771816 0.435401 0.465199
    9 11.140032 0.000000 0.000000 0.070821 -0.163624 -1.506133
    10 10.314563 -0.000001 0.000001 -2.786016 0.247950 0.370748
    11 1.646836 0.445664 -1.699647 -0.161704 0.581044 -0.283978
    12 0.928312 0.000000 0.000000 0.000000 0.000000 0.000000
    13 0.928313 0.000000 -0.000001 0.000000 0.000000 0.000000
    14 2.979373 -0.388274 -0.044205 -0.000805 -0.043611 0.000046
    15 1.435262 -0.000001 -0.000001 0.000000 0.000000 0.872146
    16 1.482593 -0.000001 0.000001 0.000000 0.000000 0.907041
    17 -2.869899 1.399667 -4.140396 -1.163265 1.764468 -4.903713
    18 4.972047 0.000000 0.000000 1.382918 -0.181882 -1.641971
    19 11.585358 0.000000 0.000001 0.336642 -0.326190 -2.072363
    20 10.127058 0.000000 0.000001 1.908240 0.652682 0.795045
    21 1.537458 0.109715 1.664489 -0.264662 -0.055995 0.783079
    22 0.928313 0.000000 0.000002 0.000000 0.000000 -0.453501
    23 0.928311 0.000000 0.000001 0.000000 0.000000 0.000000
    24 2.686395 -0.427337 0.044204 -0.005762 0.043239 -0.157074
    25 1.435260 0.000000 0.000001 0.000000 0.000000 0.732613
    26 1.482593 0.000000 -0.000001 0.000000 0.000000 1.168644
    27 2.046984 0.000001 0.000000 0.358967 0.394815 -0.426235
    28 -0.000005 0.000007 3.713254 -3.204068 -0.120606 1.238399
    29 18.045723 0.000000 0.000000 0.000000 0.000000 -1.756393
    30 17.597597 0.000000 0.000000 -0.210887 0.105637 -0.141218
    31 0.000005 -0.000003 -3.713254 0.848441 2.461380 5.479079
    32 18.045721 0.000000 0.000000 0.000000 0.000000 -2.603394
    33 17.597597 0.000000 0.000000 0.362388 -0.168095 0.787471
  time 28
    0 -1.756901 -2.027255 -20.585090 0.000000 0.000000 -1.571017
    1 -5.132973 0.316416 0.000000 -1.570795 -1.570787 0.000000
    2 1.293670 0.684478 -0.000001 -0.162437 -0.054878 0.077556
    3 5.309685 -0.003834 0.000000 0.018191 0.059348 -0.026979
    4 4.826790 -0.004591 0.000000 0.204420 -0.024904 0.096185
    5 5.792767 -0.005304 0.000000 -0.186353 0.126761 0.056312
    6 6.662322 -0.001452 0.000000 0.110138 0.012272 0.242921
    7 -3.108188 1.516823 4.339626 1.238993 -1.024532 -4.799756
    8 4.827512 0.000000 -0.000002 0.598591 0.400950 0.241207
    9 11.140032 0.000000 0.000000 0.070821 -0.163849 -1.602713
    10 10.314563 -0.000001 0.000001 -2.987890 0.240457 0.223906
    11 1.646836 0.445664 -1.699647 -0.161704 0.581044 -0.283978
    12 0.928312 0.000000 0.000000 0.000000 0.000000 0.000000
    13 0.928313 0.000000 -0.000001 0.000000 0.000000 0.000000
    14 2.979373 -0.388274 -0.044205 -0.000805 -0.043611 0.000046
    15 1.435262 -0.000001 -0.000001 0.000000 0.000000 0.872146
    16 1.482593 -0.000001 0.000001 0.000000 0.000000 0.907041
    17 -2.869899 1.399667 -4.140396 -1.163265 1.764468 -4.903713
    18 4.972047 0.000000 0.000000 1.369224 -0.182123 -1.681306
    19 11.585358 0.000000 0.000001 0.336642 -0.337649 -1.981453
    20 10.127058 0.000000 0.000001 1.908240 0.652682 0.795045
    21 1.537458 0.109715 1.664489 -0.264662 -0.055995 0.783079
    22 0.928313 0.000000 0.000002 0.000000 0.000000 -0.453501
    23 0.928311 0.000000 0.000001 0.000000 0.000000 0.000000
    24 2.686395 -0.427337 0.044204 -0.005762 0.043239 -0.157074
    25 1.435260 0.000000 0.000001 0.000000 0.000000 0.732613
    26 1.482593 0.000000 -0.000001 0.000000 0.000000 1.168644
    27 2.046984 0.000001 0.000000 0.345740 0.413609 -0.461820
    28 -0.000005 0.000007 3.713254 -3.204068 -0.120606 1.238399
    29 18.045723 0.000000 0.000000 0.000000 0.000000 -1.756393
    30 17.597597 0.000000 0.000000 -0.210887 0.105637 -0.141218
    31 0.000005 -0.000003 -3.713254 0.848441 2.461380 5.479079
    32 18.045721 0.000000 0.000000 0.000000 0.000000 -2.603394
    33 17.597597 0.000000 0.000000 0.362388 -0.168095 0.787471
  time 29
    0 -1.756901 -2.027255 -20.585090 0.000000 0.000000 -1.571017
    1 -5.132973 0.316416 0.000000 -1.570795 -1.570787 0.000000
    2 1.293670 0.684478 -0.000001 -0.162437 -0.054878 0.077556
    3 5.309685 -0.003834 0.000000 0.002042 0.060031 -0.033020
    4 4.826790 -0.004591 0.000000 0.192422 -0.026666 0.084279
    5 5.792767 -0.005304 0.000000 -0.203279 0.126282 0.038830
    6 6.662322 -0.001452 0.000000 0.105848 0.016890 0.237481
    7 -3.108188 1.516823 4.339626 1.238993 -1.024532 -4.799756
    8 4.827512 0.000000 -0.000002 0.364542 0.335289 -0.043439
    9 11.140032 0.000000 0.000000 0.070821 -0.163475 -1.650677
    10 10.314563 -0.000001 0.000001 -3.194597 0.232682 0.073522
    11 1.646836 0.445664 -1.699647 -0.161704 0.581044 -0.283978
    12 0.928312 0.000000 0.000000 0.000000 0.000000 0.000000
    13 0.928313 0.000000 -0.000001 0.000000 0.000000 0.000000
    14 2.979373 -0.388274 -0.044205 -0.000805 -0.043611 0.000046
    15 1.435262 -0.000001 -0.000001 0.000000 0.000000 0.872146
    16 1.482593 -0.000001 0.000001 0.000000 0.000000 0.907041
    17 -2.869899 1.399667 -4.140396 -1.163265 1.764468 -4.903713
    18 4.972047 0.000000 0.000000 1.357030 -0.184613 -1.721572
    19 11.585358 0.000000 0.000001 0.336642 -0.345703 -1.893239
    20 10.127058 0.000000 0.000001 1.908240 0.652682 0.795045
    21 1.537458 0.109715 1.664489 -0.264662 -0.055995 0.783079
    22 0.928313 0.000000 0.000002 0.000000 0.000000 -0.453501
    23 0.928311 0.000000 0.000001 0.000000 0.000000 0.000000
    24 2.686395 -0.427337 0.044204 -0.005762 0.043239 -0.157074
    25 1.435260 0.000000 0.000001 0.000000 0.000000 0.732613
    26 1.482593 0.000000 -0.000001 0.000000 0.000000 1.168644
    27 2.046984 0.000001 0.000000 0.333505 0.431016 -0.494850
    28 -0.000005 0.000007 3.713254 -3.204068 -0.120606 1.238399
    29 18.045723 0.000000 0.000000 0.000000 0.000000 -1.756393
    30 17.597597 0.000000 0.000000 -0.210887 0.105637 -0.141218
    31 0.000005 -0.000003 -3.713254 0.848441 2.461380 5.479079
    32 18.045721 0.000000 0.000000 0.000000 0.000000 -2.603394
    33 17.597597 0.000000 0.000000 0.362388 -0.168095 0.787471
  time 30
    0 -1.756901 -2.027255 -20.585090 0.000000 0.000000 -1.571017
    1 -5.132973 0.316416 0.000000 -1.570795 -1.570787 0.000000
    2 1.293670 0.684478 -0.000001 -0.162437 -0.054878 0.077556
    3 5.309685 -0.003834 0.000000 -0.008747 0.060486 -0.038725
    4 4.826790 -0.004591 0.000000 0.182522 -0.028128 0.072880
    5 5.792767 -0.005304 0.000000 -0.218029 0.125850 0.021846
    6 6.662322 -0.001452 0.000000 0.100347 0.022800 0.230503
    7 -3.108188 1.516823 4.339626 1.238993 -1.024532 -4.799756
    8 4.827512 0.000000 -0.000002 0.121804 0.227248 -0.330252
    9 11.140032 0.000000 0.000000 0.070821 -0.163724 -1.618943
    10 10.314563 -0.000001 0.000001 -3.396376 0.225188 -0.073204
    11 1.646836 0.445664 -1.699647 -0.161704 0.581044 -0.283978
    12 0.928312 0.000000 0.000000 0.000000 0.000000 0.000000
    13 0.928313 0.000000 -0.000001 0.000000 0.000000 0.000000
    14 2.979373 -0.388274 -0.044205 -0.000805 -0.043611 0.000046
    15 1.435262 -0.000001 -0.000001 0.000000 0.000000 0.872146
    16 1.482593 -0.000001 0.000001 0.000000 0.000000 0.907041
    17 -2.869899 1.399667 -4.140396 -1.163265 1.764468 -4.903713
    18 4.972047 0.000000 0.000000 1.346243 -0.190238 -1.757578
    19 11.585358 0.000000 0.000001 0.336642 -0.350105 -1.816215
    20 10.127058 0.000000 0.000001 1.908240 0.652682 0.795045
    21 1.537458 0.109715 1.664489 -0.264662 -0.055995 0.783079
    22 0.928313 0.000000 0.000002 0.000000 0.000000 -0.453501
    23 0.928311 0.000000 0.000001 0.000000 0.000000 0.000000
    24 2.686395 -0.427337 0.044204 -0.005762 0.043239 -0.157074
    25 1.435260 0.000000 0.000001 0.000000 0.000000 0.732613
    26 1.482593 0.000000 -0.000001 0.000000 0.000000 1.168644
    27 2.046984 0.000001 0.000000 0.322906 0.446151 -0.523500
    28 -0.000005 0.000007 3.713254 -3.204068 -0.120606 1.238399
    29 18.045723 0.000000 0.000000 0.000000 0.000000 -1.756393
    30 17.597597 0.000000 0.000000 -0.210887 0.105637 -0.141218
    31 0.000005 -0.000003 -3.713254 0.848441 2.461380 5.479079
    32 18.045721 0.000000 0.000000 0.000000 0.000000 -2.603394
    33 17.597597 0.000000 0.000000 0.362388 -0.168095 0.787471
  time 31
    0 -1.756901 -2.027255 -20.585090 0.000000 0.000000 -1.571017
    1 -5.132973 0.316416 0.000000 -1.570795 -1.570787 0.000000
    2 1.293670 0.684478 -0.000001 -0.162437 -0.054878 0.077556
    3 5.309685 -0.003834 0.000000 -0.012678 0.060642 -0.043901
    4 4.826790 -0.004591 0.000000 0.175827 -0.029111 0.062605
    5 5.792767 -0.005304 0.000000 -0.228480 0.125551 0.006938
    6 6.662322 -0.001452 0.000000 0.093935 0.029686 0.222414
    7 -3.108188 1.516823 4.339626 1.238993 -1.024532 -4.799756
    8 4.827512 0.000000 -0.000002 -0.078206 0.089360 -0.574086
    9 11.140032 0.000000 0.000000 0.070821 -0.163574 -1.499322
    10 10.314563 -0.000001 0.000001 -3.583559 0.218163 -0.209362
    11 1.646836 0.445664 -1.699647 -0.161704 0.581044 -0.283978
    12 0.928312 0.000000 0.000000 0.000000 0.000000 0.000000
    13 0.928313 0.000000 -0.000001 0.000000 0.000000 0.000000
    14 2.979373 -0.388274 -0.044205 -0.000805 -0.043611 0.000046
    15 1.435262 -0.000001 -0.000001 0.000000 0.000000 0.872146
    16 1.482593 -0.000001 0.000001 0.000000 0.000000 0.907041
    17 -2.869899 1.399667 -4.140396 -1.163265 1.764468 -4.903713
    18 4.972047 0.000000 0.000000 1.335738 -0.199639 -1.782736
    19 11.585358 0.000000 0.000001 0.336642 -0.351762 -1.758467
    20 10.127058 0.000000 0.000001 1.908240 0.652682 0.795045
    21 1.537458 0.109715 1.664489 -0.264662 -0.055995 0.783079
    22 0.928313 0.000000 0.000002 0.000000 0.000000 -0.453501
    23 0.928311 0.000000 0.000001 0.000000 0.000000 0.000000
    24 2.686395 -0.427337 0.044204 -0.005762 0.043239 -0.157074
    25 1.435260 0.000000 0.000001 0.000000 0.000000 0.732613
    26 1.482593 0.000000 -0.000001 0.000000 0.000000 1.168644
    27 2.046984 0.000001 0.000000 0.314505 0.458071 -0.546128
    28 -0.000005 0.000007 3.713254 -3.204068 -0.120606 1.238399
    29 18.045723 0.000000 0.000000 0.000000 0.000000 -1.756393
    30 17.597597 0.000000 0.000000 -0.210887 0.105637 -0.141218
    31 0.000005 -0.000003 -3.713254 0.848441 2.461380 5.479079
    32 18.045721 0.000000 0.000000 0.000000 0.000000 -2.603394
    33 17.597597 0.000000 0.000000 0.362388 -0.168095 0.787471
  time 32
    0 -1.756901 -2.027255 -20.585090 0.000000 0.000000 -1.571017
    1 -5.132973 0.316416 0.000000 -1.570795 -1.570787 0.000000
    2 1.293670 0.684478 -0.000001 -0.162437 -0.054878 0.077556
    3 5.309685 -0.003834 0.000000 -0.012678 0.060642 -0.049271
    4 4.826790 -0.004591 0.000000 0.173348 -0.029482 0.054095
    5 5.792767 -0.005304 0.000000 -0.232437 0.125443 -0.004295
    6 6.662322 -0.001452 0.000000 0.086936 0.037204 0.213528
    7 -3.108188 1.516823 4.339626 1.238993 -1.024532 -4.799756
    8 4.827512 0.000000 -0.000002 -0.220341 -0.056202 -0.771129
    9 11.140032 0.000000 0.000000 0.070821 -0.158282 -1.306017
    10 10.314563 -0.000001 0.000001 -3.746100 0.212074 -0.327637
    11 1.646836 0.445664 -1.699647 -0.161704 0.581044 -0.283978
    12 0.928312 0.000000 0.000000 0.000000 0.000000 0.000000
    13 0.928313 0.000000 -0.000001 0.000000 0.000000 0.000000
    14 2.979373 -0.388274 -0.044205 -0.000805 -0.043611 0.000046
    15 1.435262 -0.000001 -0.000001 0.000000 0.000000 0.872146
    16 1.482593 -0.000001 0.000001 0.000000 0.000000 0.907041
    17 -2.869899 1.399667 -4.140396 -1.163265 1.764468 -4.903713
    18 4.972047 0.000000 0.000000 1.325326 -0.211531 -1.795781
    19 11.585358 0.000000 0.000001 0.336642 -0.352533 -1.719424
    20 10.127058 0.000000 0.000001 1.908240 0.652682 0.795045
    21 1.537458 0.109715 1.664489 -0.264662 -0.055995 0.783079
    22 0.928313 0.000000 0.000002 0.000000 0.000000 -0.453501
    23 0.928311 0.000000 0.000001 0.000000 0.000000 0.000000
    24 2.686395 -0.427337 0.044204 -0.005762 0.043239 -0.157074
    25 1.435260 0.000000 0.000001 0.000000 0.000000 0.732613
    26 1.482593 0.000000 -0.000001 0.000000 0.000000 1.168644
    27 2.046984 0.000001 0.000000 0.308991 0.465918 -0.560971
    28 -0.000005 0.000007 3.713254 -3.204068 -0.120606 1.238399
    29 18.045723 0.000000 0.000000 0.000000 0.000000 -1.756393
    30 17.597597 0.000000 0.000000 -0.210887 0.105637 -0.141218
    31 0.000005 -0.000003 -3.713254 0.848441 2.461380 5.479079
    32 18.045721 0.000000 0.000000 0.000000 0.000000 -2.603394
    33 17.597597 0.000000 0.000000 0.362388 -0.168095 0.787471
  time 33
    0 -1.756901 -2.027255 -20.585090 0.000000 0.000000 -1.571017
    1 -5.132973 0.316416 0.000000 -1.570795 -1.570787 0.000000
    2 1.293670 0.684478 -0.000001 -0.162437 -0.054878 0.077556
    3 5.309685 -0.003834 0.000000 -0.012678 0.060642 -0.055488
    4 4.826790 -0.004591 0.000000 0.173348 -0.029482 0.046466
    5 5.792767 -0.005304 0.000000 -0.232348 0.125718 -0.012724
    6 6.662322 -0.001452 0.000000 0.079638 0.045052 0.204300
    7 -3.108188 1.516823 4.339626 1.238993 -1.024532 -4.799756
    8 4.827512 0.000000 -0.000002 -0.308827 -0.186927 -0.921901
    9 11.140032 0.000000 0.000000 0.070821 -0.144226 -1.076919
    10 10.314563 -0.000001 0.000001 -3.874427 0.207297 -0.421003
    11 1.646836 0.445664 -1.699647 -0.161704 0.581044 -0.283978
    12 0.928312 0.000000 0.000000 0.000000 0.000000 0.000000
    13 0.928313 0.000000 -0.000001 0.000000 0.000000 0.000000
    14 2.979373 -0.388274 -0.044205 -0.000805 -0.043611 0.000046
    15 1.435262 -0.000001 -0.000001 0.000000 0.000000 0.872146
    16 1.482593 -0.000001 0.000001 0.000000 0.000000 0.907041
    17 -2.869899 1.399667 -4.140396 -1.163265 1.764468 -4.903713
    18 4.972047 0.000000 0.000000 1.315290 -0.224547 -1.804100
    19 11.585358 0.000000 0.000001 0.336642 -0.352261 -1.688631
    20 10.127058 0.000000 0.000001 1.908240 0.652682 0.795045
    21 1.537458 0.109715 1.664489 -0.264662 -0.055995 0.783079
    22 0.928313 0.000000 0.000002 0.000000 0.000000 -0.453501
    23 0.928311 0.000000 0.000001 0.000000 0.000000 0.000000
    24 2.686395 -0.427337 0.044204 -0.005762 0.043239 -0.157074
    25 1.435260 0.000000 0.000001 0.000000 0.000000 0.732613
    26 1.482593 0.000000 -0.000001 0.000000 0.000000 1.168644
    27 2.046984 0.000001 0.000000 0.307009 0.468721 -0.566324
    28 -0.000005 0.000007 3.713254 -3.204068 -0.120606 1.238399
    29 18.045723 0.000000 0.000000 0.000000 0.000000 -1.756393
    30 17.597597 0.000000 0.000000 -0.210887 0.105637 -0.141218
    31 0.000005 -0.000003 -3.713254 0.848441 2.461380 5.479079
    32 18.045721 0.000000 0.000000 0.000000 0.000000 -2.603394
    33 17.597597 0.000000 0.000000 0.362388 -0.168095 0.787471
  time 34
    0 -1.756901 -2.027255 -20.585090 0.000000 0.000000 -1.571017
    1 -5.132973 0.316416 0.000000 -1.570795 -1.570787 0.000000
    2 1.293670 0.684478 -0.000001 -0.162437 -0.054878 0.077556
    3 5.309685 -0.003834 0.000000 -0.012678 0.060642 -0.062165
    4 4.826790 -0.004591 0.000000 0.173348 -0.029482 0.038705
    5 5.792767 -0.005304 0.000000 -0.232114 0.126437 -0.020240
    6 6.662322 -0.001452 0.000000 0.072327 0.052900 0.195044
    7 -3.108188 1.516823 4.339626 1.238993 -1.024532 -4.799756
    8 4.827512 0.000000 -0.000002 -0.354824 -0.278596 -1.021982
    9 11.140032 0.000000 0.000000 0.070821 -0.125177 -0.870137
    10 10.314563 -0.000001 0.000001 -3.958589 0.204205 -0.482202
    11 1.646836 0.445664 -1.699647 -0.161704 0.581044 -0.283978
    12 0.928312 0.000000 0.000000 0.000000 0.000000 0.000000
    13 0.928313 0.000000 -0.000001 0.000000 0.000000 0.000000
    14 2.979373 -0.388274 -0.044205 -0.000805 -0.043611 0.000046
    15 1.435262 -0.000001 -0.000001 0.000000 0.000000 0.872146
    16 1.482593 -0.000001 0.000001 0.000000 0.000000 0.907041
    17 -2.869899 1.399667 -4.140396 -1.163265 1.764468 -4.903713
    18 4.972047 0.000000 0.000000 1.306285 -0.237323 -1.813085
    19 11.585358 0.000000 0.000001 0.336642 -0.351784 -1.658001
    20 10.127058 0.000000 0.000001 1.908240 0.652682 0.795045
    21 1.537458 0.109715 1.664489 -0.264662 -0.055995 0.783079
    22 0.928313 0.000000 0.000002 0.000000 0.000000 -0.453501
    23 0.928311 0.000000 0.000001 0.000000 0.000000 0.000000
    24 2.686395 -0.427337 0.044204 -0.005762 0.043239 -0.157074
    25 1.435260 0.000000 0.000001 0.000000 0.000000 0.732613
    26 1.482593 0.000000 -0.000001 0.000000 0.000000 1.168644
    27 2.046984 0.000001 0.000000 0.307009 0.468721 -0.566324
    28 -0.000005 0.000007 3.713254 -3.204068 -0.120606 1.238399
    29 18.045723 0.000000 0.000000 0.000000 0.000000 -1.756393
    30 17.597597 0.000000 0.000000 -0.210887 0.105637 -0.141218
    31 0.000005 -0.000003 -3.713254 0.848441 2.461380 5.479079
    32 18.045721 0.000000 0.000000 0.000000 0.000000 -2.603394
    33 17.597597 0.000000 0.000000 0.362388 -0.168095 0.787471
  time 35
    0 -1.756901 -2.027255 -20.585090 0.000000 0.000000 -1.571017
    1 -5.132973 0.316416 0.000000 -1.570795 -1.570787 0.000000
    2 1.293670 0.684478 -0.000001 -0.162437 -0.054878 0.077556
    3 5.309685 -0.003834 0.000000 -0.012678 0.060642 -0.068895
    4 4.826790 -0.004591 0.000000 0.173348 -0.029482 0.031164
    5 5.792767 -0.005304 0.000000 -0.231772 0.127468 -0.026801
    6 6.662322 -0.001452 0.000000 0.065328 0.060418 0.186186
    7 -3.108188 1.516823 4.339626 1.238993 -1.024532 -4.799756
    8 4.827512 0.000000 -0.000002 -0.366781 -0.301364 -1.054650
    9 11.140032 0.000000 0.000000 0.070821 -0.114043 -0.771094
    10 10.314563 -0.000001 0.000001 -3.988822 0.203081 -0.504208
    11 1.646836 0.445664 -1.699647 -0.161704 0.581044 -0.283978
    12 0.928312 0.000000 0.000000 0.000000 0.000000 0.000000
    13 0.928313 0.000000 -0.000001 0.000000 0.000000 0.000000
    14 2.979373 -0.388274 -0.044205 -0.000805 -0.043611 0.000046
    15 1.435262 -0.000001 -0.000001 0.000000 0.000000 0.872146
    16 1.482593 -0.000001 0.000001 0.000000 0.000000 0.907041
    17 -2.869899 1.399667 -4.140396 -1.163265 1.764468 -4.903713
    18 4.972047 0.000000 0.000000 1.298593 -0.249616 -1.822070
    19 11.585358 0.000000 0.000001 0.336642 -0.351331 -1.629086
    20 10.127058 0.000000 0.000001 1.908240 0.652682 0.795045
    21 1.537458 0.109715 1.664489 -0.264662 -0.055995 0.783079
    22 0.928313 0.000000 0.000002 0.000000 0.000000 -0.453501
    23 0.928311 0.000000 0.000001 0.000000 0.000000 0.000000
    24 2.686395 -0.427337 0.044204 -0.005762 0.043239 -0.157074
    25 1.435260 0.000000 0.000001 0.000000 0.000000 0.732613
    26 1.482593 0.000000 -0.000001 0.000000 0.000000 1.168644
    27 2.046984 0.000001 0.000000 0.307009 0.468721 -0.566324
    28 -0.000005 0.000007 3.713254 -3.204068 -0.120606 1.238399
    29 18.045723 0.000000 0.000000 0.000000 0.000000 -1.756393
    30 17.597597 0.000000 0.000000 -0.210887 0.105637 -0.141218
    31 0.000005 -0.000003 -3.713254 0.848441 2.461380 5.479079
    32 18.045721 0.000000 0.000000 0.000000 0.000000 -2.603394
    33 17.597597 0.000000 0.000000 0.362388 -0.168095 0.787471
  time 36
    0 -1.756901 -2.027255 -20.585090 0.000000 0.000000 -1.571017
    1 -5.132973 0.316416 0.000000 -1.570795 -1.570787 0.000000
    2 1.293670 0.684478 -0.000001 -0.162437 -0.054878 0.077556
    3 5.309685 -0.003834 0.000000 -0.012678 0.060642 -0.075254
    4 4.826790 -0.004591 0.000000 0.173348 -0.029482 0.024197
    5 5.792767 -0.005304 0.000000 -0.231376 0.128655 -0.032304
    6 6.662322 -0.001452 0.000000 0.058928 0.067290 0.178097
    7 -3.108188 1.516823 4.339626 1.238993 -1.024532 -4.799756
    8 4.827512 0.000000 -0.000002 -0.362078 -0.279022 -1.044338
    9 11.140032 0.000000 0.000000 0.070821 -0.112495 -0.758342
    10 10.314563 -0.000001 0.000001 -3.988822 0.203081 -0.504208
    11 1.646836 0.445664 -1.699647 -0.161704 0.581044 -0.283978
    12 0.928312 0.000000 0.000000 0.000000 0.000000 0.000000
    13 0.928313 0.000000 -0.000001 0.000000 0.000000 0.000000
    14 2.979373 -0.388274 -0.044205 -0.000805 -0.043611 0.000046
    15 1.435262 -0.000001 -0.000001 0.000000 0.000000 0.872146
    16 1.482593 -0.000001 0.000001 0.000000 0.000000 0.907041
    17 -2.869899 1.399667 -4.140396 -1.163265 1.764468 -4.903713
    18 4.972047 0.000000 0.000000 1.292121 -0.261347 -1.830789
    19 11.585358 0.000000 0.000001 0.336642 -0.350151 -1.603602
    20 10.127058 0.000000 0.000001 1.908240 0.652682 0.795045
    21 1.537458 0.109715 1.664489 -0.264662 -0.055995 0.783079
    22 0.928313 0.000000 0.000002 0.000000 0.000000 -0.453501
    23 0.928311 0.000000 0.000001 0.000000 0.000000 0.000000
    24 2.686395 -0.427337 0.044204 -0.005762 0.043239 -0.157074
    25 1.435260 0.000000 0.000001 0.000000 0.000000 0.732613
    26 1.482593 0.000000 -0.000001 0.000000 0.000000 1.168644
    27 2.046984 0.000001 0.000000 0.307009 0.468721 -0.566324
    28 -0.000005 0.000007 3.713254 -3.204068 -0.120606 1.238399
    29 18.045723 0.000000 0.000000 0.000000 0.000000 -1.756393
    30 17.597597 0.000000 0.000000 -0.210887 0.105637 -0.141218
    31 0.000005 -0.000003 -3.713254 0.848441 2.461380 5.479079
    32 18.045721 0.000000 0.000000 0.000000 0.000000 -2.603394
    33 17.597597 0.000000 0.000000 0.362388 -0.168095 0.787471
  time 37
    0 -1.756901 -2.027255 -20.585090 0.000000 0.000000 -1.571017
    1 -5.132973 0.316416 0.000000 -1.570795 -1.570787 0.000000
    2 1.293670 0.684478 -0.000001 -0.162437 -0.054878 0.077556
    3 5.309685 -0.003834 0.000000 -0.012678 0.060642 -0.080924
    4 4.826790 -0.004591 0.000000 0.173348 -0.029482 0.018156
    5 5.792767 -0.005304 0.000000 -0.230980 0.129829 -0.036705
    6 6.662322 -0.001452 0.000000 0.053427 0.073200 0.171120
    7 -3.108188 1.516823 4.339626 1.238993 -1.024532 -4.799756
    8 4.827512 0.000000 -0.000002 -0.358411 -0.260518 -1.036800
    9 11.140032 0.000000 0.000000 0.070821 -0.110897 -0.745083
    10 10.314563 -0.000001 0.000001 -3.988822 0.203081 -0.504208
    11 1.646836 0.445664 -1.699647 -0.161704 0.581044 -0.283978
    12 0.928312 0.000000 0.000000 0.000000 0.000000 0.000000
    13 0.928313 0.000000 -0.000001 0.000000 0.000000 0.000000
    14 2.979373 -0.388274 -0.044205 -0.000805 -0.043611 0.000046
    15 1.435262 -0.000001 -0.000001 0.000000 0.000000 0.872146
    16 1.482593 -0.000001 0.000001 0.000000 0.000000 0.907041
    17 -2.869899 1.399667 -4.140396 -1.163265 1.764468 -4.903713
    18 4.972047 0.000000 0.000000 1.286587 -0.271712 -1.838177
    19 11.585358 0.000000 0.000001 0.336642 -0.349084 -1.582611
    20 10.127058 0.000000 0.000001 1.908240 0.652682 0.795045
    21 1.537458 0.109715 1.664489 -0.264662 -0.055995 0.783079
    22 0.928313 0.000000 0.000002 0.000000 0.000000 -0.453501
    23 0.928311 0.000000 0.000001 0.000000 0.000000 0.000000
    24 2.686395 -0.427337 0.044204 -0.005762 0.043239 -0.157074
    25 1.435260 0.000000 0.000001 0.000000 0.000000 0.732613
    26 1.482593 0.000000 -0.000001 0.000000 0.000000 1.168644
    27 2.046984 0.000001 0.000000 0.307009 0.468721 -0.566324
    28 -0.000005 0.000007 3.713254 -3.204068 -0.120606 1.238399
    29 18.045723 0.000000 0.000000 0.000000 0.000000 -1.756393
    30 17.597597 0.000000 0.000000 -0.210887 0.105637 -0.141218
    31 0.000005 -0.000003 -3.713254 0.848441 2.461380 5.479079
    32 18.045721 0.000000 0.000000 0.000000 0.000000 -2.603394
    33 17.597597 0.000000 0.000000 0.362388 -0.168095 0.787471
  time 38
    0 -1.756901 -2.027255 -20.585090 0.000000 0.000000 -1.571017
    1 -5.132973 0.316416 0.000000 -1.570795 -1.570787 0.000000
    2 1.293670 0.684478 -0.000001 -0.162437 -0.054878 0.077556
    3 5.309685 -0.003834 0.000000 -0.012678 0.060642 -0.085446
    4 4.826790 -0.004591 0.000000 0.173348 -0.029482 0.013415
    5 5.792767 -0.005304 0.000000 -0.230657 0.130860 -0.039944
    6 6.662322 -0.001452 0.000000 0.049125 0.077818 0.165680
    7 -3.108188 1.516823 4.339626 1.238993 -1.024532 -4.799756
    8 4.827512 0.000000 -0.000002 -0.355860 -0.243804 -1.033074
    9 11.140032 0.000000 0.000000 0.070821 -0.108800 -0.727766
    10 10.314563 -0.000001 0.000001 -3.988822 0.203081 -0.504208
    11 1.646836 0.445664 -1.699647 -0.161704 0.581044 -0.283978
    12 0.928312 0.000000 0.000000 0.000000 0.000000 0.000000
    13 0.928313 0.000000 -0.000001 0.000000 0.000000 0.000000
    14 2.979373 -0.388274 -0.044205 -0.000805 -0.043611 0.000046
    15 1.435262 -0.000001 -0.000001 0.000000 0.000000 0.872146
    16 1.482593 -0.000001 0.000001 0.000000 0.000000 0.907041
    17 -2.869899 1.399667 -4.140396 -1.163265 1.764468 -4.903713
    18 4.972047 0.000000 0.000000 1.282460 -0.280551 -1.843568
    19 11.585358 0.000000 0.000001 0.336642 -0.348336 -1.567827
    20 10.127058 0.000000 0.000001 1.908240 0.652682 0.795045
    21 1.537458 0.109715 1.664489 -0.264662 -0.055995 0.783079
    22 0.928313 0.000000 0.000002 0.000000 0.000000 -0.453501
    23 0.928311 0.000000 0.000001 0.000000 0.000000 0.000000
    24 2.686395 -0.427337 0.044204 -0.005762 0.043239 -0.157074
    25 1.435260 0.000000 0.000001 0.000000 0.000000 0.732613
    26 1.482593 0.000000 -0.000001 0.000000 0.000000 1.168644
    27 2.046984 0.000001 0.000000 0.307009 0.468721 -0.566324
    28 -0.000005 0.000007 3.713254 -3.204068 -0.120606 1.238399
    29 18.045723 0.000000 0.000000 0.000000 0.000000 -1.756393
    30 17.597597 0.000000 0.000000 -0.210887 0.105637 -0.141218
    31 0.000005 -0.000003 -3.713254 0.848441 2.461380 5.479079
    32 18.045721 0.000000 0.000000 0.000000 0.000000 -2.603394
    33 17.597597 0.000000 0.000000 0.362388 -0.168095 0.787471
  time 39
    0 -1.756901 -2.027255 -20.585090 0.000000 0.000000 -1.571017
    1 -5.132973 0.316416 0.000000 -1.570795 -1.570787 0.000000
    2 1.293670 0.684478 -0.000001 -0.162437 -0.054878 0.077556
    3 5.309685 -0.003834 0.000000 -0.012678 0.060642 -0.088448
    4 4.826790 -0.004591 0.000000 0.173348 -0.029482 0.010307
    5 5.792767 -0.005304 0.000000 -0.230405 0.131591 -0.041938
    6 6.662322 -0.001452 0.000000 0.046320 0.080828 0.162148
    7 -3.108188 1.516823 4.339626 1.238993 -1.024532 -4.799756
    8 4.827512 0.000000 -0.000002 -0.354983 -0.228540 -1.034893
    9 11.140032 0.000000 0.000000 0.070821 -0.105729 -0.702335
    10 10.314563 -0.000001 0.000001 -3.988822 0.203081 -0.504208
    11 1.646836 0.445664 -1.699647 -0.161704 0.581044 -0.283978
    12 0.928312 0.000000 0.000000 0.000000 0.000000 0.000000
    13 0.928313 0.000000 -0.000001 0.000000 0.000000 0.000000
    14 2.979373 -0.388274 -0.044205 -0.000805 -0.043611 0.000046
    15 1.435262 -0.000001 -0.000001 0.000000 0.000000 0.872146
    16 1.482593 -0.000001 0.000001 0.000000 0.000000 0.907041
    17 -2.869899 1.399667 -4.140396 -1.163265 1.764468 -4.903713
    18 4.972047 0.000000 0.000000 1.278896 -0.287300 -1.846230
    19 11.585358 0.000000 0.000001 0.336642 -0.347972 -1.560802
    20 10.127058 0.000000 0.000001 1.908240 0.652682 0.795045
    21 1.537458 0.109715 1.664489 -0.264662 -0.055995 0.783079
    22 0.928313 0.000000 0.000002 0.000000 0.000000 -0.453501
    23 0.928311 0.000000 0.000001 0.000000 0.000000 0.000000
    24 2.686395 -0.427337 0.044204 -0.005762 0.043239 -0.157074
    25 1.435260 0.000000 0.000001 0.000000 0.000000 0.732613
    26 1.482593 0.000000 -0.000001 0.000000 0.000000 1.168644
    27 2.046984 0.000001 0.000000 0.307009 0.468721 -0.566324
    28 -0.000005 0.000007 3.713254 -3.204068 -0.120606 1.238399
    29 18.045723 0.000000 0.000000 0.000000 0.000000 -1.756393
    30 17.597597 0.000000 0.000000 -0.210887 0.105637 -0.141218
    31 0.000005 -0.000003 -3.713254 0.848441 2.461380 5.479079
    32 18.045721 0.000000 0.000000 0.000000 0.000000 -2.603394
    33 17.597597 0.000000 0.000000 0.362388 -0.168095 0.787471
  time 40
    0 -1.756901 -2.027255 -20.585090 0.000000 0.000000 -1.571017
    1 -5.132973 0.316416 0.000000 -1.570795 -1.570787 0.000000
    2 1.293670 0.684478 -0.000001 -0.162437 -0.054878 0.077556
    3 5.309685 -0.003834 0.000000 -0.012678 0.060642 -0.089544
    4 4.826790 -0.004591 0.000000 0.173348 -0.029482 0.009204
    5 5.792767 -0.005304 0.000000 -0.230315 0.131866 -0.042602
    6 6.662322 -0.001452 0.000000 0.045326 0.081900 0.160866
    7 -3.108188 1.516823 4.339626 1.238993 -1.024532 -4.799756
    8 4.827512 0.000000 -0.000002 -0.356259 -0.217369 -1.042085
    9 11.140032 0.000000 0.000000 0.070821 -0.101785 -0.671760
    10 10.314563 -0.000001 0.000001 -3.988822 0.203081 -0.504208
    11 1.646836 0.445664 -1.699647 -0.161704 0.581044 -0.283978
    12 0.928312 0.000000 0.000000 0.000000 0.000000 0.000000
    13 0.928313 0.000000 -0.000001 0.000000 0.000000 0.000000
    14 2.979373 -0.388274 -0.044205 -0.000805 -0.043611 0.000046
    15 1.435262 -0.000001 -0.000001 0.000000 0.000000 0.872146
    16 1.482593 -0.000001 0.000001 0.000000 0.000000 0.907041
    17 -2.869899 1.399667 -4.140396 -1.163265 1.764468 -4.903713
    18 4.972047 0.000000 0.000000 1.276269 -0.291719 -1.845631
    19 11.585358 0.000000 0.000001 0.336642 -0.348063 -1.562762
    20 10.127058 0.000000 0.000001 1.908240 0.652682 0.795045
    21 1.537458 0.109715 1.664489 -0.264662 -0.055995 0.783079
    22 0.928313 0.000000 0.000002 0.000000 0.000000 -0.453501
    23 0.928311 0.000000 0.000001 0.000000 0.000000 0.000000
    24 2.686395 -0.427337 0.044204 -0.005762 0.043239 -0.157074
    25 1.435260 0.000000 0.000001 0.000000 0.000000 0.732613
    26 1.482593 0.000000 -0.000001 0.000000 0.000000 1.168644
    27 2.046984 0.000001 0.000000 0.307009 0.468721 -0.566324
    28 -0.000005 0.000007 3.713254 -3.204068 -0.120606 1.238399
    29 18.045723 0.000000 0.000000 0.000000 0.000000 -1.756393
    30 17.597597 0.000000 0.000000 -0.210887 0.105637 -0.141218
    31 0.000005 -0.000003 -3.713254 0.848441 2.461380 5.479079
    32 18.045721 0.000000 0.000000 0.000000 0.000000 -2.603394
    33 17.597597 0.000000 0.000000 0.362388 -0.168095 0.787471
  time 41
    0 -1.756901 -2.027255 -20.585090 0.000000 0.000000 -1.571017
    1 -5.132973 0.316416 0.000000 -1.570795 -1.570787 0.000000
    2 1.293670 0.684478 -0.000001 -0.162437 -0.054878 0.077556
    3 5.309685 -0.003834 0.000000 -0.012678 0.060642 -0.089544
    4 4.826790 -0.004591 0.000000 0.173348 -0.029482 0.009204
    5 5.792767 -0.005304 0.000000 -0.230315 0.131866 -0.042602
    6 6.662322 -0.001452 0.000000 0.045326 0.081900 0.160866
    7 -3.108188 1.516823 4.339626 1.238993 -1.024532 -4.799756
    8 4.827512 0.000000 -0.000002 -0.359208 -0.208842 -1.053090
    9 11.140032 0.000000 0.000000 0.070821 -0.097141 -0.636040
    10 10.314563 -0.000001 0.000001 -3.988822 0.203081 -0.504208
    11 1.646836 0.445664 -1.699647 -0.161704 0.581044 -0.283978
    12 0.928312 0.000000 0.000000 0.000000 0.000000 0.000000
    13 0.928313 0.000000 -0.000001 0.000000 0.000000 0.000000
    14 2.979373 -0.388274 -0.044205 -0.000805 -0.043611 0.000046
    15 1.435262 -0.000001 -0.000001 0.000000 0.000000 0.872146
    16 1.482593 -0.000001 0.000001 0.000000 0.000000 0.907041
    17 -2.869899 1.399667 -4.140396 -1.163265 1.764468 -4.903713
    18 4.972047 0.000000 0.000000 1.273924 -0.294692 -1.843102
    19 11.585358 0.000000 0.000001 0.336642 -0.348426 -1.569787
    20 10.127058 0.000000 0.000001 1.908240 0.652682 0.795045
    21 1.537458 0.109715 1.664489 -0.264662 -0.055995 0.783079
    22 0.928313 0.000000 0.000002 0.000000 0.000000 -0.453501
    23 0.928311 0.000000 0.000001 0.000000 0.000000 0.000000
    24 2.686395 -0.427337 0.044204 -0.005762 0.043239 -0.157074
    25 1.435260 0.000000 0.000001 0.000000 0.000000 0.732613
    26 1.482593 0.000000 -0.000001 0.000000 0.000000 1.168644
    27 2.046984 0.000001 0.000000 0.307009 0.468721 -0.566324
    28 -0.000005 0.000007 3.713254 -3.204068 -0.120606 1.238399
    29 18.045723 0.000000 0.000000 0.000000 0.000000 -1.756393
    30 17.597597 0.000000 0.000000 -0.210887 0.105637 -0.141218
    31 0.000005 -0.000003 -3.713254 0.848441 2.461380 5.479079
    32 18.045721 0.000000 0.000000 0.000000 0.000000 -2.603394
    33 17.597597 0.000000 0.000000 0.362388 -0.168095 0.787471
  time 42
    0 -1.756901 -2.027255 -20.585090 0.000000 0.000000 -1.571017
    1 -5.132973 0.316416 0.000000 -1.570795 -1.570787 0.000000
    2 1.293670 0.684478 -0.000001 -0.162437 -0.054878 0.077556
    3 5.309685 -0.003834 0.000000 -0.012678 0.060642 -0.089544
    4 4.826790 -0.004591 0.000000 0.173348 -0.029482 0.009204
    5 5.792767 -0.005304 0.000000 -0.230315 0.131866 -0.042602
    6 6.662322 -0.001452 0.000000 0.045326 0.081900 0.160866
    7 -3.108188 1.516823 4.339626 1.238993 -1.024532 -4.799756
    8 4.827512 0.000000 -0.000002 -0.363991 -0.201764 -1.067127
    9 11.140032 0.000000 0.000000 0.070821 -0.091399 -0.593076
    10 10.314563 -0.000001 0.000001 -3.988822 0.203081 -0.504208
    11 1.646836 0.445664 -1.699647 -0.161704 0.581044 -0.283978
    12 0.928312 0.000000 0.000000 0.000000 0.000000 0.000000
    13 0.928313 0.000000 -0.000001 0.000000 0.000000 0.000000
    14 2.979373 -0.388274 -0.044205 -0.000805 -0.043611 0.000046
    15 1.435262 -0.000001 -0.000001 0.000000 0.000000 0.872146
    16 1.482593 -0.000001 0.000001 0.000000 0.000000 0.907041
    17 -2.869899 1.399667 -4.140396 -1.163265 1.764468 -4.903713
    18 4.972047 0.000000 0.000000 1.271486 -0.297746 -1.840506
    19 11.585358 0.000000 0.000001 0.336642 -0.348812 -1.577220
    20 10.127058 0.000000 0.000001 1.908240 0.652682 0.795045
    21 1.537458 0.109715 1.664489 -0.264662 -0.055995 0.783079
    22 0.928313 0.000000 0.000002 0.000000 0.000000 -0.453501
    23 0.928311 0.000000 0.000001 0.000000 0.000000 0.000000
    24 2.686395 -0.427337 0.044204 -0.005762 0.043239 -0.157074
    25 1.435260 0.000000 0.000001 0.000000 0.000000 0.732613
    26 1.482593 0.000000 -0.000001 0.000000 0.000000 1.168644
    27 2.046984 0.000001 0.000000 0.307009 0.468721 -0.566324
    28 -0.000005 0.000007 3.713254 -3.204068 -0.120606 1.238399
    29 18.045723 0.000000 0.000000 0.000000 0.000000 -1.756393
    30 17.597597 0.000000 0.000000 -0.210887 0.105637 -0.141218
    31 0.000005 -0.000003 -3.713254 0.848441 2.461380 5.479079
    32 18.045721 0.000000 0.000000 0.000000 0.000000 -2.603394
    33 17.597597 0.000000 0.000000 0.362388 -0.168095 0.787471
  time 43
    0 -1.756901 -2.027255 -20.585090 0.000000 0.000000 -1.571017
    1 -5.132973 0.316416 0.000000 -1.570795 -1.570787 0.000000
    2 1.293670 0.684478 -0.000001 -0.162437 -0.054878 0.077556
    3 5.309685 -0.003834 0.000000 -0.012678 0.060642 -0.089544
    4 4.826790 -0.004591 0.000000 0.173348 -0.029482 0.009204
    5 5.792767 -0.005304 0.000000 -0.230315 0.131866 -0.042602
    6 6.662322 -0.001452 0.000000 0.045326 0.081900 0.160866
    7 -3.108188 1.516823 4.339626 1.238993 -1.024532 -4.799756
    8 4.827512 0.000000 -0.000002 -0.369970 -0.196818 -1.082638
    9 11.140032 0.000000 0.000000 0.070821 -0.085083 -0.547430
    10 10.314563 -0.000001 0.000001 -3.988822 0.203081 -0.504208
    11 1.646836 0.445664 -1.699647 -0.161704 0.581044 -0.283978
    12 0.928312 0.000000 0.000000 0.000000 0.000000 0.000000
    13 0.928313 0.000000 -0.000001 0.000000 0.000000 0.000000
    14 2.979373 -0.388274 -0.044205 -0.000805 -0.043611 0.000046
    15 1.435262 -0.000001 -0.000001 0.000000 0.000000 0.872146
    16 1.482593 -0.000001 0.000001 0.000000 0.000000 0.907041
    17 -2.869899 1.399667 -4.140396 -1.163265 1.764468 -4.903713
    18 4.972047 0.000000 0.000000 1.269328 -0.300879 -1.837910
    19 11.585358 0.000000 0.000001 0.336642 -0.349198 -1.584898
    20 10.127058 0.000000 0.000001 1.908240 0.652682 0.795045
    21 1.537458 0.109715 1.664489 -0.264662 -0.055995 0.783079
    22 0.928313 0.000000 0.000002 0.000000 0.000000 -0.453501
    23 0.928311 0.000000 0.000001 0.000000 0.000000 0.000000
    24 2.686395 -0.427337 0.044204 -0.005762 0.043239 -0.157074
    25 1.435260 0.000000 0.000001 0.000000 0.000000 0.732613
    26 1.482593 0.000000 -0.000001 0.000000 0.000000 1.168644
    27 2.046984 0.000001 0.000000 0.307009 0.468721 -0.566324
    28 -0.000005 0.000007 3.713254 -3.204068 -0.120606 1.238399
    29 18.045723 0.000000 0.000000 0.000000 0.000000 -1.756393
    30 17.597597 0.000000 0.000000 -0.210887 0.105637 -0.141218
    31 0.000005 -0.000003 -3.713254 0.848441 2.461380 5.479079
    32 18.045721 0.000000 0.000000 0.000000 0.000000 -2.603394
    33 17.597597 0.000000 0.000000 0.362388 -0.168095 0.787471
  time 44
    0 -1.756901 -2.027255 -20.585090 0.000000 0.000000 -1.571017
    1 -5.132973 0.316416 0.000000 -1.570795 -1.570787 0.000000
    2 1.293670 0.684478 -0.000001 -0.162437 -0.054878 0.077556
    3 5.309685 -0.003834 0.000000 -0.012678 0.060642 -0.089544
    4 4.826790 -0.004591 0.000000 0.173348 -0.029482 0.009204
    5 5.792767 -0.005304 0.000000 -0.230315 0.131866 -0.042602
    6 6.662322 -0.001452 0.000000 0.045326 0.081900 0.160866
    7 -3.108188 1.516823 4.339626 1.238993 -1.024532 -4.799756
    8 4.827512 0.000000 -0.000002 -0.376587 -0.194601 -1.098148
    9 11.140032 0.000000 0.000000 0.070821 -0.078816 -0.503161
    10 10.314563 -0.000001 0.000001 -3.988822 0.203081 -0.504208
    11 1.646836 0.445664 -1.699647 -0.161704 0.581044 -0.283978
    12 0.928312 0.000000 0.000000 0.000000 0.000000 0.000000
    13 0.928313 0.000000 -0.000001 0.000000 0.000000 0.000000
    14 2.979373 -0.388274 -0.044205 -0.000805 -0.043611 0.000046
    15 1.435262 -0.000001 -0.000001 0.000000 0.000000 0.872146
    16 1.482593 -0.000001 0.000001 0.000000 0.000000 0.907041
    17 -2.869899 1.399667 -4.140396 -1.163265 1.764468 -4.903713
    18 4.972047 0.000000 0.000000 1.267265 -0.303852 -1.835381
    19 11.585358 0.000000 0.000001 0.336642 -0.349583 -1.592739
    20 10.127058 0.000000 0.000001 1.908240 0.652682 0.795045
    21 1.537458 0.109715 1.664489 -0.264662 -0.055995 0.783079
    22 0.928313 0.000000 0.000002 0.000000 0.000000 -0.453501
    23 0.928311 0.000000 0.000001 0.000000 0.000000 0.000000
    24 2.686395 -0.427337 0.044204 -0.005762 0.043239 -0.157074
    25 1.435260 0.000000 0.000001 0.000000 0.000000 0.732613
    26 1.482593 0.000000 -0.000001 0.000000 0.000000 1.168644
    27 2.046984 0.000001 0.000000 0.307009 0.468721 -0.566324
    28 -0.000005 0.000007 3.713254 -3.204068 -0.120606 1.238399
    29 18.045723 0.000000 0.000000 0.000000 0.000000 -1.756393
    30 17.597597 0.000000 0.000000 -0.210887 0.105637 -0.141218
    31 0.000005 -0.000003 -3.713254 0.848441 2.461380 5.479079
    32 18.045721 0.000000 0.000000 0.000000 0.000000 -2.603394
    33 17.597597 0.000000 0.000000 0.362388 -0.168095 0.787471
  time 45
    0 -1.756901 -2.027255 -20.585090 0.000000 0.000000 -1.571017
    1 -5.132973 0.316416 0.000000 -1.570795 -1.570787 0.000000
    2 1.293670 0.684478 -0.000001 -0.162437 -0.054878 0.077556
    3 5.309685 -0.003834 0.000000 -0.012678 0.060642 -0.089544
    4 4.826790 -0.004591 0.000000 0.173348 -0.029482 0.009204
    5 5.792767 -0.005304 0.000000 -0.230315 0.131866 -0.042602
    6 6.662322 -0.001452 0.000000 0.045326 0.081900 0.160866
    7 -3.108188 1.516823 4.339626 1.238993 -1.024532 -4.799756
    8 4.827512 0.000000 -0.000002 -0.382007 -0.194260 -1.110366
    9 11.140032 0.000000 0.000000 0.070821 -0.073923 -0.469325
    10 10.314563 -0.000001 0.000001 -3.988822 0.203081 -0.504208
    11 1.646836 0.445664 -1.699647 -0.161704 0.581044 -0.283978
    12 0.928312 0.000000 0.000000 0.000000 0.000000 0.000000
    13 0.928313 0.000000 -0.000001 0.000000 0.000000 0.000000
    14 2.979373 -0.388274 -0.044205 -0.000805 -0.043611 0.000046
    15 1.435262 -0.000001 -0.000001 0.000000 0.000000 0.872146
    16 1.482593 -0.000001 0.000001 0.000000 0.000000 0.907041
    17 -2.869899 1.399667 -4.140396 -1.163265 1.764468 -4.903713
    18 4.972047 0.000000 0.000000 1.265014 -0.306745 -1.832719
    19 11.585358 0.000000 0.000001 0.336642 -0.349992 -1.600744
    20 10.127058 0.000000 0.000001 1.908240 0.652682 0.795045
    21 1.537458 0.109715 1.664489 -0.264662 -0.055995 0.783079
    22 0.928313 0.000000 0.000002 0.000000 0.000000 -0.453501
    23 0.928311 0.000000 0.000001 0.000000 0.000000 0.000000
    24 2.686395 -0.427337 0.044204 -0.005762 0.043239 -0.157074
    25 1.435260 0.000000 0.000001 0.000000 0.000000 0.732613
    26 1.482593 0.000000 -0.000001 0.000000 0.000000 1.168644
    27 2.046984 0.000001 0.000000 0.307009 0.468721 -0.566324
    28 -0.000005 0.000007 3.713254 -3.204068 -0.120606 1.238399
    29 18.045723 0.000000 0.000000 0.000000 0.000000 -1.756393
    30 17.597597 0.000000 0.000000 -0.210887 0.105637 -0.141218
    31 0.000005 -0.000003 -3.713254 0.848441 2.461380 5.479079
    32 18.045721 0.000000 0.000000 0.000000 0.000000 -2.603394
    33 17.597597 0.000000 0.000000 0.362388 -0.168095 0.787471
  time 46
    0 -1.756901 -2.027255 -20.585090 0.000000 0.000000 -1.571017
    1 -5.132973 0.316416 0.000000 -1.570795 -1.570787 0.000000
    2 1.293670 0.684478 -0.000001 -0.162437 -0.054878 0.077556
    3 5.309685 -0.003834 0.000000 -0.012678 0.060642 -0.089544
    4 4.826790 -0.004591 0.000000 0.173348 -0.029482 0.009204
    5 5.792767 -0.005304 0.000000 -0.230315 0.131866 -0.042602
    6 6.662322 -0.001452 0.000000 0.045326 0.081900 0.160866
    7 -3.108188 1.516823 4.339626 1.238993 -1.024532 -4.799756
    8 4.827512 0.000000 -0.000002 -0.384160 -0.194345 -1.115132
    9 11.140032 0.000000 0.000000 0.070821 -0.072001 -0.456139
    10 10.314563 -0.000001 0.000001 -3.988822 0.203081 -0.504208
    11 1.646836 0.445664 -1.699647 -0.161704 0.581044 -0.283978
    12 0.928312 0.000000 0.000000 0.000000 0.000000 0.000000
    13 0.928313 0.000000 -0.000001 0.000000 0.000000 0.000000
    14 2.979373 -0.388274 -0.044205 -0.000805 -0.043611 0.000046
    15 1.435262 -0.000001 -0.000001 0.000000 0.000000 0.872146
    16 1.482593 -0.000001 0.000001 0.000000 0.000000 0.907041
    17 -2.869899 1.399667 -4.140396 -1.163265 1.764468 -4.903713
    18 4.972047 0.000000 0.000000 1.262856 -0.309396 -1.830123
    19 11.585358 0.000000 0.000001 0.336642 -0.350400 -1.608830
    20 10.127058 0.000000 0.000001 1.908240 0.652682 0.795045
    21 1.537458 0.109715 1.664489 -0.264662 -0.055995 0.783079
    22 0.928313 0.000000 0.000002 0.000000 0.000000 -0.453501
    23 0.928311 0.000000 0.000001 0.000000 0.000000 0.000000
    24 2.686395 -0.427337 0.044204 -0.005762 0.043239 -0.157074
    25 1.435260 0.000000 0.000001 0.000000 0.000000 0.732613
    26 1.482593 0.000000 -0.000001 0.000000 0.000000 1.168644
    27 2.046984 0.000001 0.000000 0.307009 0.468721 -0.566324
    28 -0.000005 0.000007 3.713254 -3.204068 -0.120606 1.238399
    29 18.045723 0.000000 0.000000 0.000000 0.000000 -1.756393
    30 17.597597 0.000000 0.000000 -0.210887 0.105637 -0.141218
    31 0.000005 -0.000003 -3.713254 0.848441 2.461380 5.479079
    32 18.045721 0.000000 0.000000 0.000000 0.000000 -2.603394
    33 17.597597 0.000000 0.000000 0.362388 -0.168095 0.787471
  time 47
    0 -1.756901 -2.027255 -20.585090 0.000000 0.000000 -1.571017
    1 -5.132973 0.316416 0.000000 -1.570795 -1.570787 0.000000
    2 1.293670 0.684478 -0.000001 -0.162437 -0.054878 0.077556
    3 5.309685 -0.003834 0.000000 -0.012678 0.060642 -0.089544
    4 4.826790 -0.004591 0.000000 0.173348 -0.029482 0.009204
    5 5.792767 -0.005304 0.000000 -0.230315 0.131866 -0.042602
    6 6.662322 -0.001452 0.000000 0.045326 0.081900 0.160866
    7 -3.108188 1.516823 4.339626 1.238993 -1.024532 -4.799756
    8 4.827512 0.000000 -0.000002 -0.369173 -0.199035 -1.080211
    9 11.140032 0.000000 0.000000 0.070821 -0.086031 -0.554168
    10 10.314563 -0.000001 0.000001 -3.988822 0.203081 -0.504208
    11 1.646836 0.445664 -1.699647 -0.161704 0.581044 -0.283978
    12 0.928312 0.000000 0.000000 0.000000 0.000000 0.000000
    13 0.928313 0.000000 -0.000001 0.000000 0.000000 0.000000
    14 2.979373 -0.388274 -0.044205 -0.000805 -0.043611 0.000046
    15 1.435262 -0.000001 -0.000001 0.000000 0.000000 0.872146
    16 1.482593 -0.000001 0.000001 0.000000 0.000000 0.907041
    17 -2.869899 1.399667 -4.140396 -1.163265 1.764468 -4.903713
    18 4.972047 0.000000 0.000000 1.260886 -0.311887 -1.827528
    19 11.585358 0.000000 0.000001 0.336642 -0.350809 -1.616998
    20 10.127058 0.000000 0.000001 1.908240 0.652682 0.795045
    21 1.537458 0.109715 1.664489 -0.264662 -0.055995 0.783079
    22 0.928313 0.000000 0.000002 0.000000 0.000000 -0.453501
    23 0.928311 0.000000 0.000001 0.000000 0.000000 0.000000
    24 2.686395 -0.427337 0.044204 -0.005762 0.043239 -0.157074
    25 1.435260 0.000000 0.000001 0.000000 0.000000 0.732613
    26 1.482593 0.000000 -0.000001 0.000000 0.000000 1.168644
    27 2.046984 0.000001 0.000000 0.307009 0.468721 -0.566324
    28 -0.000005 0.000007 3.713254 -3.204068 -0.120606 1.238399
    29 18.045723 0.000000 0.000000 0.000000 0.000000 -1.756393
    30 17.597597 0.000000 0.000000 -0.210887 0.105637 -0.141218
    31 0.000005 -0.000003 -3.713254 0.848441 2.461380 5.479079
    32 18.045721 0.000000 0.000000 0.000000 0.000000 -2.603394
    33 17.597597 0.000000 0.000000 0.362388 -0.168095 0.787471
  time 48
    0 -1.756901 -2.027255 -20.585090 0.000000 0.000000 -1.571017
    1 -5.132973 0.316416 0.000000 -1.570795 -1.570787 0.000000
    2 1.293670 0.684478 -0.000001 -0.162437 -0.054878 0.077556
    3 5.309685 -0.003834 0.000000 -0.012678 0.060642 -0.089544
    4 4.826790 -0.004591 0.000000 0.173348 -0.029482 0.009204
    5 5.792767 -0.005304 0.000000 -0.230315 0.131866 -0.042602
    6 6.662322 -0.001452 0.000000 0.045326 0.081900 0.160866
    7 -3.108188 1.516823 4.339626 1.238993 -1.024532 -4.799756
    8 4.827512 0.000000 -0.000002 -0.355302 -0.232207 -1.032640
    9 11.140032 0.000000 0.000000 0.070821 -0.106004 -0.704581
    10 10.314563 -0.000001 0.000001 -3.988822 0.203081 -0.504208
    11 1.646836 0.445664 -1.699647 -0.161704 0.581044 -0.283978
    12 0.928312 0.000000 0.000000 0.000000 0.000000 0.000000
    13 0.928313 0.000000 -0.000001 0.000000 0.000000 0.000000
    14 2.979373 -0.388274 -0.044205 -0.000805 -0.043611 0.000046
    15 1.435262 -0.000001 -0.000001 0.000000 0.000000 0.872146
    16 1.482593 -0.000001 0.000001 0.000000 0.000000 0.907041
    17 -2.869899 1.399667 -4.140396 -1.163265 1.764468 -4.903713
    18 4.972047 0.000000 0.000000 1.259386 -0.314298 -1.825198
    19 11.585358 0.000000 0.000001 0.336642 -0.351240 -1.625084
    20 10.127058 0.000000 0.000001 1.908240 0.652682 0.795045
    21 1.537458 0.109715 1.664489 -0.264662 -0.055995 0.783079
    22 0.928313 0.000000 0.000002 0.000000 0.000000 -0.453501
    23 0.928311 0.000000 0.000001 0.000000 0.000000 0.000000
    24 2.686395 -0.427337 0.044204 -0.005762 0.043239 -0.157074
    25 1.435260 0.000000 0.000001 0.000000 0.000000 0.732613
    26 1.482593 0.000000 -0.000001 0.000000 0.000000 1.168644
    27 2.046984 0.000001 0.000000 0.307009 0.468721 -0.566324
    28 -0.000005 0.000007 3.713254 -3.204068 -0.120606 1.238399
    29 18.045723 0.000000 0.000000 0.000000 0.000000 -1.756393
    30 17.597597 0.000000 0.000000 -0.210887 0.105637 -0.141218
    31 0.000005 -0.000003 -3.713254 0.848441 2.461380 5.479079
    32 18.045721 0.000000 0.000000 0.000000 0.000000 -2.603394
    33 17.597597 0.000000 0.000000 0.362388 -0.168095 0.787471
  time 49
    0 -1.756901 -2.027255 -20.585090 0.000000 0.000000 -1.571017
    1 -5.132973 0.316416 0.000000 -1.570795 -1.570787 0.000000
    2 1.293670 0.684478 -0.000001 -0.162437 -0.054878 0.077556
    3 5.309685 -0.003834 0.000000 -0.012678 0.060642 -0.089544
    4 4.826790 -0.004591 0.000000 0.173348 -0.029482 0.009204
    5 5.792767 -0.005304 0.000000 -0.230315 0.131866 -0.042602
    6 6.662322 -0.001452 0.000000 0.045326 0.081900 0.160866
    7 -3.108188 1.516823 4.339626 1.238993 -1.024532 -4.799756
    8 4.827512 0.000000 -0.000002 -0.358491 -0.281921 -1.007945
    9 11.140032 0.000000 0.000000 0.070821 -0.118187 -0.807103
    10 10.314563 -0.000001 0.000001 -3.988822 0.203081 -0.504208
    11 1.646836 0.445664 -1.699647 -0.161704 0.581044 -0.283978
    12 0.928312 0.000000 0.000000 0.000000 0.000000 0.000000
    13 0.928313 0.000000 -0.000001 0.000000 0.000000 0.000000
    14 2.979373 -0.388274 -0.044205 -0.000805 -0.043611 0.000046
    15 1.435262 -0.000001 -0.000001 0.000000 0.000000 0.872146
    16 1.482593 -0.000001 0.000001 0.000000 0.000000 0.907041
    17 -2.869899 1.399667 -4.140396 -1.163265 1.764468 -4.903713
    18 4.972047 0.000000 0.000000 1.265014 -0.304656 -1.824666
    19 11.585358 0.000000 0.000001 0.336642 -0.351603 -1.645994
    20 10.127058 0.000000 0.000001 1.908240 0.652682 0.795045
    21 1.537458 0.109715 1.664489 -0.264662 -0.055995 0.783079
    22 0.928313 0.000000 0.000002 0.000000 0.000000 -0.453501
    23 0.928311 0.000000 0.000001 0.000000 0.000000 0.000000
    24 2.686395 -0.427337 0.044204 -0.005762 0.043239 -0.157074
    25 1.435260 0.000000 0.000001 0.000000 0.000000 0.732613
    26 1.482593 0.000000 -0.000001 0.000000 0.000000 1.168644
    27 2.046984 0.000001 0.000000 0.307009 0.468721 -0.566324
    28 -0.000005 0.000007 3.713254 -3.204068 -0.120606 1.238399
    29 18.045723 0.000000 0.000000 0.000000 0.000000 -1.756393
    30 17.597597 0.000000 0.000000 -0.210887 0.105637 -0.141218
    31 0.000005 -0.000003 -3.713254 0.848441 2.461380 5.479079
    32 18.045721 0.000000 0.000000 0.000000 0.000000 -2.603394
    33 17.597597 0.000000 0.000000 0.362388 -0.168095 0.787471
  time 50
    0 -1.756901 -2.027255 -20.585090 0.000000 0.000000 -1.571017
    1 -5.132973 0.316416 0.000000 -1.570795 -1.570787 0.000000
    2 1.293670 0.684478 -0.000001 -0.162437 -0.054878 0.077556
    3 5.309685 -0.003834 0.000000 -0.012678 0.060642 -0.089544
    4 4.826790 -0.004591 0.000000 0.173348 -0.029482 0.009204
    5 5.792767 -0.005304 0.000000 -0.230315 0.131866 -0.042602
    6 6.662322 -0.001452 0.000000 0.045326 0.081900 0.160866
    7 -3.108188 1.516823 4.339626 1.238993 -1.024532 -4.799756
    8 4.827512 0.000000 -0.000002 -0.362158 -0.303410 -0.998327
    9 11.140032 0.000000 0.000000 0.070821 -0.123704 -0.856806
    10 10.314563 -0.000001 0.000001 -3.988822 0.203081 -0.504208
    11 1.646836 0.445664 -1.699647 -0.161704 0.581044 -0.283978
    12 0.928312 0.000000 0.000000 0.000000 0.000000 0.000000
    13 0.928313 0.000000 -0.000001 0.000000 0.000000 0.000000
    14 2.979373 -0.388274 -0.044205 -0.000805 -0.043611 0.000046
    15 1.435262 -0.000001 -0.000001 0.000000 0.000000 0.872146
    16 1.482593 -0.000001 0.000001 0.000000 0.000000 0.907041
    17 -2.869899 1.399667 -4.140396 -1.163265 1.764468 -4.903713
    18 4.972047 0.000000 0.000000 1.278427 -0.283524 -1.826995
    19 11.585358 0.000000 0.000001 0.336642 -0.352057 -1.674827
    20 10.127058 0.000000 0.000001 1.908240 0.652682 0.795045
    21 1.537458 0.109715 1.664489 -0.264662 -0.055995 0.783079
    22 0.928313 0.000000 0.000002 0.000000 0.000000 -0.453501
    23 0.928311 0.000000 0.000001 0.000000 0.000000 0.000000
    24 2.686395 -0.427337 0.044204 -0.005762 0.043239 -0.157074
    25 1.435260 0.000000 0.000001 0.000000 0.000000 0.732613
    26 1.482593 0.000000 -0.000001 0.000000 0.000000 1.168644
    27 2.046984 0.000001 0.000000 0.307009 0.468721 -0.566324
    28 -0.000005 0.000007 3.713254 -3.204068 -0.120606 1.238399
    29 18.045723 0.000000 0.000000 0.000000 0.000000 -1.756393
    30 17.597597 0.000000 0.000000 -0.210887 0.105637 -0.141218
    31 0.000005 -0.000003 -3.713254 0.848441 2.461380 5.479079
    32 18.045721 0.000000 0.000000 0.000000 0.000000 -2.603394
    33 17.597597 0.000000 0.000000 0.362388 -0.168095 0.787471
  time 51
    0 -1.756901 -2.027255 -20.585090 0.000000 0.000000 -1.571017
    1 -5.132973 0.316416 0.000000 -1.570795 -1.570787 0.000000
    2 1.293670 0.684478 -0.000001 -0.162437 -0.054878 0.077556
    3 5.309685 -0.003834 0.000000 -0.012678 0.060642 -0.088996
    4 4.826790 -0.004591 0.000000 0.173348 -0.029482 0.009689
    5 5.792767 -0.005304 0.000000 -0.230315 0.131878 -0.042643
    6 6.662322 -0.001452 0.000000 0.045326 0.081900 0.160866
    7 -3.108188 1.516823 4.339626 1.238993 -1.024532 -4.799756
    8 4.827512 0.000000 -0.000002 -0.343424 -0.261370 -0.937585
    9 11.140032 0.000000 0.000000 0.070821 -0.132592 -0.943750
    10 10.314563 -0.000001 0.000001 -3.986737 0.234087 -0.521395
    11 1.646836 0.445664 -1.699647 -0.161704 0.581044 -0.283978
    12 0.928312 0.000000 0.000000 0.000000 0.000000 0.000000
    13 0.928313 0.000000 -0.000001 0.000000 0.000000 0.000000
    14 2.979373 -0.388274 -0.044205 -0.000805 -0.043611 0.000046
    15 1.435262 -0.000001 -0.000001 0.000000 0.000000 0.872146
    16 1.482593 -0.000001 0.000001 0.000000 0.000000 0.907041
    17 -2.869899 1.399667 -4.140396 -1.163265 1.764468 -4.903713
    18 4.972047 0.000000 0.000000 1.286869 -0.271311 -1.828925
    19 11.585358 0.000000 0.000001 0.336642 -0.352284 -1.690020
    20 10.127058 0.000000 0.000001 1.908240 0.652682 0.795045
    21 1.537458 0.109715 1.664489 -0.264662 -0.055995 0.783079
    22 0.928313 0.000000 0.000002 0.000000 0.000000 -0.453501
    23 0.928311 0.000000 0.000001 0.000000 0.000000 0.000000
    24 2.686395 -0.427337 0.044204 -0.005762 0.043239 -0.157074
    25 1.435260 0.000000 0.000001 0.000000 0.000000 0.732613
    26 1.482593 0.000000 -0.000001 0.000000 0.000000 1.168644
    27 2.046984 0.000001 0.000000 0.305372 0.469488 -0.563951
    28 -0.000005 0.000007 3.713254 -3.204068 -0.120606 1.238399
    29 18.045723 0.000000 0.000000 0.000000 0.000000 -1.756393
    30 17.597597 0.000000 0.000000 -0.210887 0.105637 -0.141218
    31 0.000005 -0.000003 -3.713254 0.848441 2.461380 5.479079
    32 18.045721 0.000000 0.000000 0.000000 0.000000 -2.603394
    33 17.597597 0.000000 0.000000 0.362388 -0.168095 0.787471
  time 52
    0 -1.756901 -2.027255 -20.585090 0.000000 0.000000 -1.571017
    1 -5.132973 0.316416 0.000000 -1.570795 -1.570787 0.000000
    2 1.293670 0.684478 -0.000001 -0.162437 -0.054878 0.077556
    3 5.309685 -0.003834 0.000000 -0.012678 0.060642 -0.087424
    4 4.826790 -0.004591 0.000000 0.173348 -0.029482 0.011078
    5 5.792767 -0.005304 0.000000 -0.230315 0.131890 -0.042706
    6 6.662322 -0.001452 0.000000 0.045326 0.081900 0.160866
    7 -3.108188 1.516823 4.339626 1.238993 -1.024532 -4.799756
    8 4.827512 0.000000 -0.000002 -0.297986 -0.183857 -0.801977
    9 11.140032 0.000000 0.000000 0.070821 -0.144925 -1.086121
    10 10.314563 -0.000001 0.000001 -3.981145 0.322514 -0.570342
    11 1.646836 0.445664 -1.699647 -0.161704 0.581044 -0.283978
    12 0.928312 0.000000 0.000000 0.000000 0.000000 0.000000
    13 0.928313 0.000000 -0.000001 0.000000 0.000000 0.000000
    14 2.979373 -0.388274 -0.044205 -0.000805 -0.043611 0.000046
    15 1.435262 -0.000001 -0.000001 0.000000 0.000000 0.872146
    16 1.482593 -0.000001 0.000001 0.000000 0.000000 0.907041
    17 -2.869899 1.399667 -4.140396 -1.163265 1.764468 -4.903713
    18 4.972047 0.000000 0.000000 1.285555 -0.273159 -1.827794
    19 11.585358 0.000000 0.000001 0.336642 -0.352329 -1.692470
    20 10.127058 0.000000 0.000001 1.908240 0.652682 0.795045
    21 1.537458 0.109715 1.664489 -0.264662 -0.055995 0.783079
    22 0.928313 0.000000 0.000002 0.000000 0.000000 -0.453501
    23 0.928311 0.000000 0.000001 0.000000 0.000000 0.000000
    24 2.686395 -0.427337 0.044204 -0.005762 0.043239 -0.157074
    25 1.435260 0.000000 0.000001 0.000000 0.000000 0.732613
    26 1.482593 0.000000 -0.000001 0.000000 0.000000 1.168644
    27 2.046984 0.000001 0.000000 0.300633 0.471583 -0.557382
    28 -0.000005 0.000007 3.713254 -3.204068 -0.120606 1.238399
    29 18.045723 0.000000 0.000000 0.000000 0.000000 -1.756393
    30 17.597597 0.000000 0.000000 -0.210887 0.105637 -0.141218
    31 0.000005 -0.000003 -3.713254 0.848441 2.461380 5.479079
    32 18.045721 0.000000 0.000000 0.000000 0.000000 -2.603394
    33 17.597597 0.000000 0.000000 0.362388 -0.168095 0.787471
  time 53
    0 -1.756901 -2.027255 -20.585090 0.000000 0.000000 -1.571017
    1 -5.132973 0.316416 0.000000 -1.570795 -1.570787 0.000000
    2 1.293670 0.684478 -0.000001 -0.162437 -0.054878 0.077556
    3 5.309685 -0.003834 0.000000 -0.012678 0.060642 -0.084969
    4 4.826790 -0.004591 0.000000 0.173348 -0.029482 0.013283
    5 5.792767 -0.005304 0.000000 -0.230297 0.131902 -0.042830
    6 6.662322 -0.001452 0.000000 0.045326 0.081900 0.160866
    7 -3.108188 1.516823 4.339626 1.238993 -1.024532 -4.799756
    8 4.827512 0.000000 -0.000002 -0.232538 -0.108816 -0.633442
    9 11.140032 0.000000 0.000000 0.070821 -0.153638 -1.214581
    10 10.314563 -0.000001 0.000001 -3.972237 0.461055 -0.647102
    11 1.646836 0.445664 -1.699647 -0.161704 0.581044 -0.283978
    12 0.928312 0.000000 0.000000 0.000000 0.000000 0.000000
    13 0.928313 0.000000 -0.000001 0.000000 0.000000 0.000000
    14 2.979373 -0.388274 -0.044205 -0.000805 -0.043611 0.000046
    15 1.435262 -0.000001 -0.000001 0.000000 0.000000 0.872146
    16 1.482593 -0.000001 0.000001 0.000000 0.000000 0.907041
    17 -2.869899 1.399667 -4.140396 -1.163265 1.764468 -4.903713
    18 4.972047 0.000000 0.000000 1.281335 -0.279104 -1.825398
    19 11.585358 0.000000 0.000001 0.336642 -0.352329 -1.693450
    20 10.127058 0.000000 0.000001 1.908240 0.652682 0.795045
    21 1.537458 0.109715 1.664489 -0.264662 -0.055995 0.783079
    22 0.928313 0.000000 0.000002 0.000000 0.000000 -0.453501
    23 0.928311 0.000000 0.000001 0.000000 0.000000 0.000000
    24 2.686395 -0.427337 0.044204 -0.005762 0.043239 -0.157074
    25 1.435260 0.000000 0.000001 0.000000 0.000000 0.732613
    26 1.482593 0.000000 -0.000001 0.000000 0.000000 1.168644
    27 2.046984 0.000001 0.000000 0.293352 0.474828 -0.547223
    28 -0.000005 0.000007 3.713254 -3.204068 -0.120606 1.238399
    29 18.045723 0.000000 0.000000 0.000000 0.000000 -1.756393
    30 17.597597 0.000000 0.000000 -0.210887 0.105637 -0.141218
    31 0.000005 -0.000003 -3.713254 0.848441 2.461380 5.479079
    32 18.045721 0.000000 0.000000 0.000000 0.000000 -2.603394
    33 17.597597 0.000000 0.000000 0.362388 -0.168095 0.787471
  time 54
    0 -1.756901 -2.027255 -20.585090 0.000000 0.000000 -1.571017
    1 -5.132973 0.316416 0.000000 -1.570795 -1.570787 0.000000
    2 1.293670 0.684478 -0.000001 -0.162437 -0.054878 0.077556
    3 5.309685 -0.003834 0.000000 -0.012678 0.060642 -0.081701
    4 4.826790 -0.004591 0.000000 0.173348 -0.029482 0.016216
    5 5.792767 -0.005304 0.000000 -0.230297 0.131938 -0.042996
    6 6.662322 -0.001452 0.000000 0.045326 0.081900 0.160866
    7 -3.108188 1.516823 4.339626 1.238993 -1.024532 -4.799756
    8 4.827512 0.000000 -0.000002 -0.163583 -0.059357 -0.471926
    9 11.140032 0.000000 0.000000 0.070821 -0.158232 -1.305147
    10 10.314563 -0.000001 0.000001 -3.960579 0.642685 -0.747667
    11 1.646836 0.445664 -1.699647 -0.161704 0.581044 -0.283978
    12 0.928312 0.000000 0.000000 0.000000 0.000000 0.000000
    13 0.928313 0.000000 -0.000001 0.000000 0.000000 0.000000
    14 2.979373 -0.388274 -0.044205 -0.000805 -0.043611 0.000046
    15 1.435262 -0.000001 -0.000001 0.000000 0.000000 0.872146
    16 1.482593 -0.000001 0.000001 0.000000 0.000000 0.907041
    17 -2.869899 1.399667 -4.140396 -1.163265 1.764468 -4.903713
    18 4.972047 0.000000 0.000000 1.274393 -0.288425 -1.821937
    19 11.585358 0.000000 0.000001 0.336642 -0.352329 -1.692633
    20 10.127058 0.000000 0.000001 1.908240 0.652682 0.795045
    21 1.537458 0.109715 1.664489 -0.264662 -0.055995 0.783079
    22 0.928313 0.000000 0.000002 0.000000 0.000000 -0.453501
    23 0.928311 0.000000 0.000001 0.000000 0.000000 0.000000
    24 2.686395 -0.427337 0.044204 -0.005762 0.043239 -0.157074
    25 1.435260 0.000000 0.000001 0.000000 0.000000 0.732613
    26 1.482593 0.000000 -0.000001 0.000000 0.000000 1.168644
    27 2.046984 0.000001 0.000000 0.283960 0.478988 -0.534145
    28 -0.000005 0.000007 3.713254 -3.204068 -0.120606 1.238399
    29 18.045723 0.000000 0.000000 0.000000 0.000000 -1.756393
    30 17.597597 0.000000 0.000000 -0.210887 0.105637 -0.141218
    31 0.000005 -0.000003 -3.713254 0.848441 2.461380 5.479079
    32 18.045721 0.000000 0.000000 0.000000 0.000000 -2.603394
    33 17.597597 0.000000 0.000000 0.362388 -0.168095 0.787471
  time 55
    0 -1.756901 -2.027255 -20.585090 0.000000 0.000000 -1.571017
    1 -5.132973 0.316416 0.000000 -1.570795 -1.570787 0.000000
    2 1.293670 0.684478 -0.000001 -0.162437 -0.054878 0.077556
    3 5.309685 -0.003834 0.000000 -0.012678 0.060642 -0.077780
    4 4.826790 -0.004591 0.000000 0.173348 -0.029482 0.019743
    5 5.792767 -0.005304 0.000000 -0.230279 0.131974 -0.043204
    6 6.662322 -0.001452 0.000000 0.045326 0.081900 0.160866
    7 -3.108188 1.516823 4.339626 1.238993 -1.024532 -4.799756
    8 4.827512 0.000000 -0.000002 -0.117267 -0.041109 -0.358760
    9 11.140032 0.000000 0.000000 0.070821 -0.160653 -1.371297
    10 10.314563 -0.000001 0.000001 -3.946552 0.860098 -0.868091
    11 1.646836 0.445664 -1.699647 -0.161704 0.581044 -0.283978
    12 0.928312 0.000000 0.000000 0.000000 0.000000 0.000000
    13 0.928313 0.000000 -0.000001 0.000000 0.000000 0.000000
    14 2.979373 -0.388274 -0.044205 -0.000805 -0.043611 0.000046
    15 1.435262 -0.000001 -0.000001 0.000000 0.000000 0.872146
    16 1.482593 -0.000001 0.000001 0.000000 0.000000 0.907041
    17 -2.869899 1.399667 -4.140396 -1.163265 1.764468 -4.903713
    18 4.972047 0.000000 0.000000 1.265858 -0.300638 -1.817877
    19 11.585358 0.000000 0.000001 0.336642 -0.352284 -1.689611
    20 10.127058 0.000000 0.000001 1.908240 0.652682 0.795045
    21 1.537458 0.109715 1.664489 -0.264662 -0.055995 0.783079
    22 0.928313 0.000000 0.000002 0.000000 0.000000 -0.453501
    23 0.928311 0.000000 0.000001 0.000000 0.000000 0.000000
    24 2.686395 -0.427337 0.044204 -0.005762 0.043239 -0.157074
    25 1.435260 0.000000 0.000001 0.000000 0.000000 0.732613
    26 1.482593 0.000000 -0.000001 0.000000 0.000000 1.168644
    27 2.046984 0.000001 0.000000 0.272887 0.483916 -0.518816
    28 -0.000005 0.000007 3.713254 -3.204068 -0.120606 1.238399
    29 18.045723 0.000000 0.000000 0.000000 0.000000 -1.756393
    30 17.597597 0.000000 0.000000 -0.210887 0.105637 -0.141218
    31 0.000005 -0.000003 -3.713254 0.848441 2.461380 5.479079
    32 18.045721 0.000000 0.000000 0.000000 0.000000 -2.603394
    33 17.597597 0.000000 0.000000 0.362388 -0.168095 0.787471
  time 56
    0 -1.756901 -2.027255 -20.585090 0.000000 0.000000 -1.571017
    1 -5.132973 0.316416 0.000000 -1.570795 -1.570787 0.000000
    2 1.293670 0.684478 -0.000001 -0.162437 -0.054878 0.077556
    3 5.309685 -0.003834 0.000000 -0.012678 0.060642 -0.073275
    4 4.826790 -0.004591 0.000000 0.173348 -0.029482 0.023756
    5 5.792767 -0.005304 0.000000 -0.230279 0.132010 -0.043432
    6 6.662322 -0.001452 0.000000 0.045326 0.081900 0.160866
    7 -3.108188 1.516823 4.339626 1.238993 -1.024532 -4.799756
    8 4.827512 0.000000 -0.000002 -0.106984 -0.052706 -0.297845
    9 11.140032 0.000000 0.000000 0.070821 -0.162501 -1.439693
    10 10.314563 -0.000001 0.000001 -3.930819 1.106175 -1.004423
    11 1.646836 0.445664 -1.699647 -0.161704 0.581044 -0.283978
    12 0.928312 0.000000 0.000000 0.000000 0.000000 0.000000
    13 0.928313 0.000000 -0.000001 0.000000 0.000000 0.000000
    14 2.979373 -0.388274 -0.044205 -0.000805 -0.043611 0.000046
    15 1.435262 -0.000001 -0.000001 0.000000 0.000000 0.872146
    16 1.482593 -0.000001 0.000001 0.000000 0.000000 0.907041
    17 -2.869899 1.399667 -4.140396 -1.163265 1.764468 -4.903713
    18 4.972047 0.000000 0.000000 1.256384 -0.315021 -1.813618
    19 11.585358 0.000000 0.000001 0.336642 -0.352193 -1.683975
    20 10.127058 0.000000 0.000001 1.908240 0.652682 0.795045
    21 1.537458 0.109715 1.664489 -0.264662 -0.055995 0.783079
    22 0.928313 0.000000 0.000002 0.000000 0.000000 -0.453501
    23 0.928311 0.000000 0.000001 0.000000 0.000000 0.000000
    24 2.686395 -0.427337 0.044204 -0.005762 0.043239 -0.157074
    25 1.435260 0.000000 0.000001 0.000000 0.000000 0.732613
    26 1.482593 0.000000 -0.000001 0.000000 0.000000 1.168644
    27 2.046984 0.000001 0.000000 0.260695 0.489315 -0.501784
    28 -0.000005 0.000007 3.713254 -3.204068 -0.120606 1.238399
    29 18.045723 0.000000 0.000000 0.000000 0.000000 -1.756393
    30 17.597597 0.000000 0.000000 -0.210887 0.105637 -0.141218
    31 0.000005 -0.000003 -3.713254 0.848441 2.461380 5.479079
    32 18.045721 0.000000 0.000000 0.000000 0.000000 -2.603394
    33 17.597597 0.000000 0.000000 0.362388 -0.168095 0.787471
  time 57
    0 -1.756901 -2.027255 -20.585090 0.000000 0.000000 -1.571017
    1 -5.132973 0.316416 0.000000 -1.570795 -1.570787 0.000000
    2 1.293670 0.684478 -0.000001 -0.162437 -0.054878 0.077556
    3 5.309685 -0.003834 0.000000 -0.012678 0.060642 -0.068347
    4 4.826790 -0.004591 0.000000 0.173348 -0.029482 0.028210
    5 5.792767 -0.005304 0.000000 -0.230261 0.132046 -0.043661
    6 6.662322 -0.001452 0.000000 0.045326 0.081900 0.160866
    7 -3.108188 1.516823 4.339626 1.238993 -1.024532 -4.799756
    8 4.827512 0.000000 -0.000002 -0.126594 -0.085280 -0.264831
    9 11.140032 0.000000 0.000000 0.070821 -0.163674 -1.514393
    10 10.314563 -0.000001 0.000001 -3.913570 1.373703 -1.152659
    11 1.646836 0.445664 -1.699647 -0.161704 0.581044 -0.283978
    12 0.928312 0.000000 0.000000 0.000000 0.000000 0.000000
    13 0.928313 0.000000 -0.000001 0.000000 0.000000 0.000000
    14 2.979373 -0.388274 -0.044205 -0.000805 -0.043611 0.000046
    15 1.435262 -0.000001 -0.000001 0.000000 0.000000 0.872146
    16 1.482593 -0.000001 0.000001 0.000000 0.000000 0.907041
    17 -2.869899 1.399667 -4.140396 -1.163265 1.764468 -4.903713
    18 4.972047 0.000000 0.000000 1.245504 -0.330448 -1.809159
    19 11.585358 0.000000 0.000001 0.336642 -0.352057 -1.675399
    20 10.127058 0.000000 0.000001 1.908240 0.652682 0.795045
    21 1.537458 0.109715 1.664489 -0.264662 -0.055995 0.783079
    22 0.928313 0.000000 0.000002 0.000000 0.000000 -0.453501
    23 0.928311 0.000000 0.000001 0.000000 0.000000 0.000000
    24 2.686395 -0.427337 0.044204 -0.005762 0.043239 -0.157074
    25 1.435260 0.000000 0.000001 0.000000 0.000000 0.732613
    26 1.482593 0.000000 -0.000001 0.000000 0.000000 1.168644
    27 2.046984 0.000001 0.000000 0.247770 0.495068 -0.483779
    28 -0.000005 0.000007 3.713254 -3.204068 -0.120606 1.238399
    29 18.045723 0.000000 0.000000 0.000000 0.000000 -1.756393
    30 17.597597 0.000000 0.000000 -0.210887 0.105637 -0.141218
    31 0.000005 -0.000003 -3.713254 0.848441 2.461380 5.479079
    32 18.045721 0.000000 0.000000 0.000000 0.000000 -2.603394
    33 17.597597 0.000000 0.000000 0.362388 -0.168095 0.787471
  time 58
    0 -1.756901 -2.027255 -20.585090 0.000000 0.000000 -1.571017
    1 -5.132973 0.316416 0.000000 -1.570795 -1.570787 0.000000
    2 1.293670 0.684478 -0.000001 -0.162437 -0.054878 0.077556
    3 5.309685 -0.003834 0.000000 -0.012678 0.060642 -0.063048
    4 4.826790 -0.004591 0.000000 0.173348 -0.029482 0.032950
    5 5.792767 -0.005304 0.000000 -0.230243 0.132094 -0.043931
    6 6.662322 -0.001452 0.000000 0.045326 0.081900 0.160866
    7 -3.108188 1.516823 4.339626 1.238993 -1.024532 -4.799756
    8 4.827512 0.000000 -0.000002 -0.168127 -0.127235 -0.253653
    9 11.140032 0.000000 0.000000 0.070821 -0.163949 -1.588368
    10 10.314563 -0.000001 0.000001 -0.754012 1.485829 1.832725
    11 1.646836 0.445664 -1.699647 -0.161704 0.581044 -0.283978
    12 0.928312 0.000000 0.000000 0.000000 0.000000 0.000000
    13 0.928313 0.000000 -0.000001 0.000000 0.000000 0.000000
    14 2.979373 -0.388274 -0.044205 -0.000805 -0.043611 0.000046
    15 1.435262 -0.000001 -0.000001 0.000000 0.000000 0.872146
    16 1.482593 -0.000001 0.000001 0.000000 0.000000 0.907041
    17 -2.869899 1.399667 -4.140396 -1.163265 1.764468 -4.903713
    18 4.972047 0.000000 0.000000 1.235092 -0.346759 -1.805298
    19 11.585358 0.000000 0.000001 0.336642 -0.351875 -1.663637
    20 10.127058 0.000000 0.000001 1.908240 0.652682 0.795045
    21 1.537458 0.109715 1.664489 -0.264662 -0.055995 0.783079
    22 0.928313 0.000000 0.000002 0.000000 0.000000 -0.453501
    23 0.928311 0.000000 0.000001 0.000000 0.000000 0.000000
    24 2.686395 -0.427337 0.044204 -0.005762 0.043239 -0.157074
    25 1.435260 0.000000 0.000001 0.000000 0.000000 0.732613
    26 1.482593 0.000000 -0.000001 0.000000 0.000000 1.168644
    27 2.046984 0.000001 0.000000 0.234630 0.500910 -0.465530
    28 -0.000005 0.000007 3.713254 -3.204068 -0.120606 1.238399
    29 18.045723 0.000000 0.000000 0.000000 0.000000 -1.756393
    30 17.597597 0.000000 0.000000 -0.210887 0.105637 -0.141218
    31 0.000005 -0.000003 -3.713254 0.848441 2.461380 5.479079
    32 18.045721 0.000000 0.000000 0.000000 0.000000 -2.603394
    33 17.597597 0.000000 0.000000 0.362388 -0.168095 0.787471
  time 59
    0 -1.756901 -2.027255 -20.585090 0.000000 0.000000 -1.571017
    1 -5.132973 0.316416 0.000000 -1.570795 -1.570787 0.000000
    2 1.293670 0.684478 -0.000001 -0.162437 -0.054878 0.077556
    3 5.309685 -0.003834 0.000000 -0.012678 0.060642 -0.057537
    4 4.826790 -0.004591 0.000000 0.173348 -0.029482 0.037889
    5 5.792767 -0.005304 0.000000 -0.230225 0.132142 -0.044221
    6 6.662322 -0.001452 0.000000 0.045326 0.081900 0.160866
    7 -3.108188 1.516823 4.339626 1.238993 -1.024532 -4.799756
    8 4.827512 0.000000 -0.000002 -0.217870 -0.166802 -0.254606
    9 11.140032 0.000000 0.000000 0.070821 -0.163400 -1.660314
    10 10.314563 -0.000001 0.000001 -0.735436 1.196756 1.672644
    11 1.646836 0.445664 -1.699647 -0.161704 0.581044 -0.283978
    12 0.928312 0.000000 0.000000 0.000000 0.000000 0.000000
    13 0.928313 0.000000 -0.000001 0.000000 0.000000 0.000000
    14 2.979373 -0.388274 -0.044205 -0.000805 -0.043611 0.000046
    15 1.435262 -0.000001 -0.000001 0.000000 0.000000 0.872146
    16 1.482593 -0.000001 0.000001 0.000000 0.000000 0.907041
    17 -2.869899 1.399667 -4.140396 -1.163265 1.764468 -4.903713
    18 4.972047 0.000000 0.000000 1.224868 -0.362829 -1.802037
    19 11.585358 0.000000 0.000001 0.336642 -0.351648 -1.648690
    20 10.127058 0.000000 0.000001 1.908240 0.652682 0.795045
    21 1.537458 0.109715 1.664489 -0.264662 -0.055995 0.783079
    22 0.928313 0.000000 0.000002 0.000000 0.000000 -0.453501
    23 0.928311 0.000000 0.000001 0.000000 0.000000 0.000000
    24 2.686395 -0.427337 0.044204 -0.005762 0.043239 -0.157074
    25 1.435260 0.000000 0.000001 0.000000 0.000000 0.732613
    26 1.482593 0.000000 -0.000001 0.000000 0.000000 1.168644
    27 2.046984 0.000001 0.000000 0.221748 0.506663 -0.447525
    28 -0.000005 0.000007 3.713254 -3.204068 -0.120606 1.238399
    29 18.045723 0.000000 0.000000 0.000000 0.000000 -1.756393
    30 17.597597 0.000000 0.000000 -0.210887 0.105637 -0.141218
    31 0.000005 -0.000003 -3.713254 0.848441 2.461380 5.479079
    32 18.045721 0.000000 0.000000 0.000000 0.000000 -2.603394
    33 17.597597 0.000000 0.000000 0.362388 -0.168095 0.787471
  time 60
    0 -1.756901 -2.027255 -20.585090 0.000000 0.000000 -1.571017
    1 -5.132973 0.316416 0.000000 -1.570795 -1.570787 0.000000
    2 1.293670 0.684478 -0.000001 -0.162437 -0.054878 0.077556
    3 5.309685 -0.003834 0.000000 -0.012678 0.060642 -0.051902
    4 4.826790 -0.004591 0.000000 0.173348 -0.029482 0.042916
    5 5.792767 -0.005304 0.000000 -0.230225 0.132190 -0.044491
    6 6.662322 -0.001452 0.000000 0.045326 0.081900 0.160866
    7 -3.108188 1.516823 4.339626 1.238993 -1.024532 -4.799756
    8 4.827512 0.000000 -0.000002 -0.257649 -0.191020 -0.254260
    9 11.140032 0.000000 0.000000 0.070821 -0.161752 -1.735738
    10 10.314563 -0.000001 0.000001 -0.716860 0.907684 1.512506
    11 1.646836 0.445664 -1.699647 -0.161704 0.581044 -0.283978
    12 0.928312 0.000000 0.000000 0.000000 0.000000 0.000000
    13 0.928313 0.000000 -0.000001 0.000000 0.000000 0.000000
    14 2.979373 -0.388274 -0.044205 -0.000805 -0.043611 0.000046
    15 1.435262 -0.000001 -0.000001 0.000000 0.000000 0.872146
    16 1.482593 -0.000001 0.000001 0.000000 0.000000 0.907041
    17 -2.869899 1.399667 -4.140396 -1.163265 1.764468 -4.903713
    18 4.972047 0.000000 0.000000 1.215488 -0.378336 -1.799708
    19 11.585358 0.000000 0.000001 0.336642 -0.351353 -1.630720
    20 10.127058 0.000000 0.000001 1.908240 0.652682 0.795045
    21 1.537458 0.109715 1.664489 -0.264662 -0.055995 0.783079
    22 0.928313 0.000000 0.000002 0.000000 0.000000 -0.453501
    23 0.928311 0.000000 0.000001 0.000000 0.000000 0.000000
    24 2.686395 -0.427337 0.044204 -0.005762 0.043239 -0.157074
    25 1.435260 0.000000 0.000001 0.000000 0.000000 0.732613
    26 1.482593 0.000000 -0.000001 0.000000 0.000000 1.168644
    27 2.046984 0.000001 0.000000 0.209512 0.512062 -0.430554
    28 -0.000005 0.000007 3.713254 -3.204068 -0.120606 1.238399
    29 18.045723 0.000000 0.000000 0.000000 0.000000 -1.756393
    30 17.597597 0.000000 0.000000 -0.210887 0.105637 -0.141218
    31 0.000005 -0.000003 -3.713254 0.848441 2.461380 5.479079
    32 18.045721 0.000000 0.000000 0.000000 0.000000 -2.603394
    33 17.597597 0.000000 0.000000 0.362388 -0.168095 0.787471
  time 61
    0 -1.756901 -2.027255 -20.585090 0.000000 0.000000 -1.571017
    1 -5.132973 0.316416 0.000000 -1.570795 -1.570787 0.000000
    2 1.293670 0.684478 -0.000001 -0.162437 -0.054878 0.077556
    3 5.309685 -0.003834 0.000000 -0.012678 0.060642 -0.046285
    4 4.826790 -0.004591 0.000000 0.173348 -0.029482 0.047965
    5 5.792767 -0.005304 0.000000 -0.230207 0.132238 -0.044782
    6 6.662322 -0.001452 0.000000 0.045326 0.081900 0.160866
    7 -3.108188 1.516823 4.339626 1.238993 -1.024532 -4.799756
    8 4.827512 0.000000 -0.000002 -0.287702 -0.197756 -0.279388
    9 11.140032 0.000000 0.000000 0.070821 -0.158956 -1.817175
    10 10.314563 -0.000001 0.000001 -0.698758 0.625731 1.356373
    11 1.646836 0.445664 -1.699647 -0.161704 0.581044 -0.283978
    12 0.928312 0.000000 0.000000 0.000000 0.000000 0.000000
    13 0.928313 0.000000 -0.000001 0.000000 0.000000 0.000000
    14 2.979373 -0.388274 -0.044205 -0.000805 -0.043611 0.000046
    15 1.435262 -0.000001 -0.000001 0.000000 0.000000 0.872146
    16 1.482593 -0.000001 0.000001 0.000000 0.000000 0.907041
    17 -2.869899 1.399667 -4.140396 -1.163265 1.764468 -4.903713
    18 4.972047 0.000000 0.000000 1.207515 -0.392879 -1.798709
    19 11.585358 0.000000 0.000001 0.336642 -0.350491 -1.610382
    20 10.127058 0.000000 0.000001 1.908240 0.652682 0.795045
    21 1.537458 0.109715 1.664489 -0.264662 -0.055995 0.783079
    22 0.928313 0.000000 0.000002 0.000000 0.000000 -0.453501
    23 0.928311 0.000000 0.000001 0.000000 0.000000 0.000000
    24 2.686395 -0.427337 0.044204 -0.005762 0.043239 -0.157074
    25 1.435260 0.000000 0.000001 0.000000 0.000000 0.732613
    26 1.482593 0.000000 -0.000001 0.000000 0.000000 1.168644
    27 2.046984 0.000001 0.000000 0.198483 0.516989 -0.415164
    28 -0.000005 0.000007 3.713254 -3.204068 -0.120606 1.238399
    29 18.045723 0.000000 0.000000 0.000000 0.000000 -1.756393
    30 17.597597 0.000000 0.000000 -0.210887 0.105637 -0.141218
    31 0.000005 -0.000003 -3.713254 0.848441 2.461380 5.479079
    32 18.045721 0.000000 0.000000 0.000000 0.000000 -2.603394
    33 17.597597 0.000000 0.000000 0.362388 -0.168095 0.787471
  time 62
    0 -1.756901 -2.027255 -20.585090 0.000000 0.000000 -1.571017
    1 -5.132973 0.316416 0.000000 -1.570795 -1.570787 0.000000
    2 1.293670 0.684478 -0.000001 -0.162437 -0.054878 0.077556
    3 5.309685 -0.003834 0.000000 -0.012678 0.060642 -0.040757
    4 4.826790 -0.004591 0.000000 0.173348 -0.029482 0.052904
    5 5.792767 -0.005304 0.000000 -0.230189 0.132286 -0.045052
    6 6.662322 -0.001452 0.000000 0.045326 0.081900 0.160866
    7 -3.108188 1.516823 4.339626 1.238993 -1.024532 -4.799756
    8 4.827512 0.000000 -0.000002 -0.317596 -0.199888 -0.363179
    9 11.140032 0.000000 0.000000 0.070821 -0.155585 -1.889846
    10 10.314563 -0.000001 0.000001 -0.681508 0.358109 1.208138
    11 1.646836 0.445664 -1.699647 -0.161704 0.581044 -0.283978
    12 0.928312 0.000000 0.000000 0.000000 0.000000 0.000000
    13 0.928313 0.000000 -0.000001 0.000000 0.000000 0.000000
    14 2.979373 -0.388274 -0.044205 -0.000805 -0.043611 0.000046
    15 1.435262 -0.000001 -0.000001 0.000000 0.000000 0.872146
    16 1.482593 -0.000001 0.000001 0.000000 0.000000 0.907041
    17 -2.869899 1.399667 -4.140396 -1.163265 1.764468 -4.903713
    18 4.972047 0.000000 0.000000 1.201137 -0.405976 -1.799109
    19 11.585358 0.000000 0.000001 0.336642 -0.349334 -1.587756
    20 10.127058 0.000000 0.000001 1.908240 0.652682 0.795045
    21 1.537458 0.109715 1.664489 -0.264662 -0.055995 0.783079
    22 0.928313 0.000000 0.000002 0.000000 0.000000 -0.453501
    23 0.928311 0.000000 0.000001 0.000000 0.000000 0.000000
    24 2.686395 -0.427337 0.044204 -0.005762 0.043239 -0.157074
    25 1.435260 0.000000 0.000001 0.000000 0.000000 0.732613
    26 1.482593 0.000000 -0.000001 0.000000 0.000000 1.168644
    27 2.046984 0.000001 0.000000 0.189091 0.521149 -0.402086
    28 -0.000005 0.000007 3.713254 -3.204068 -0.120606 1.238399
    29 18.045723 0.000000 0.000000 0.000000 0.000000 -1.756393
    30 17.597597 0.000000 0.000000 -0.210887 0.105637 -0.141218
    31 0.000005 -0.000003 -3.713254 0.848441 2.461380 5.479079
    32 18.045721 0.000000 0.000000 0.000000 0.000000 -2.603394
    33 17.597597 0.000000 0.000000 0.362388 -0.168095 0.787471
  time 63
    0 -1.756901 -2.027255 -20.585090 0.000000 0.000000 -1.571017
    1 -5.132973 0.316416 0.000000 -1.570795 -1.570787 0.000000
    2 1.293670 0.684478 -0.000001 -0.162437 -0.054878 0.077556
    3 5.309685 -0.003834 0.000000 -0.012678 0.060642 -0.035475
    4 4.826790 -0.004591 0.000000 0.173348 -0.029482 0.057644
    5 5.792767 -0.005304 0.000000 -0.230171 0.132322 -0.045322
    6 6.662322 -0.001452 0.000000 0.045326 0.081900 0.160866
    7 -3.108188 1.516823 4.339626 1.238993 -1.024532 -4.799756
    8 4.827512 0.000000 -0.000002 -0.337765 -0.206284 -0.492375
    9 11.140032 0.000000 0.000000 0.070821 -0.152964 -1.937810
    10 10.314563 -0.000001 0.000001 -0.665776 0.112032 1.071863
    11 1.646836 0.445664 -1.699647 -0.161704 0.581044 -0.283978
    12 0.928312 0.000000 0.000000 0.000000 0.000000 0.000000
    13 0.928313 0.000000 -0.000001 0.000000 0.000000 0.000000
    14 2.979373 -0.388274 -0.044205 -0.000805 -0.043611 0.000046
    15 1.435262 -0.000001 -0.000001 0.000000 0.000000 0.872146
    16 1.482593 -0.000001 0.000001 0.000000 0.000000 0.907041
    17 -2.869899 1.399667 -4.140396 -1.163265 1.764468 -4.903713
    18 4.972047 0.000000 0.000000 1.196447 -0.417386 -1.800639
    19 11.585358 0.000000 0.000001 0.336642 -0.348154 -1.564233
    20 10.127058 0.000000 0.000001 1.908240 0.652682 0.795045
    21 1.537458 0.109715 1.664489 -0.264662 -0.055995 0.783079
    22 0.928313 0.000000 0.000002 0.000000 0.000000 -0.453501
    23 0.928311 0.000000 0.000001 0.000000 0.000000 0.000000
    24 2.686395 -0.427337 0.044204 -0.005762 0.043239 -0.157074
    25 1.435260 0.000000 0.000001 0.000000 0.000000 0.732613
    26 1.482593 0.000000 -0.000001 0.000000 0.000000 1.168644
    27 2.046984 0.000001 0.000000 0.181810 0.524394 -0.391928
    28 -0.000005 0.000007 3.713254 -3.204068 -0.120606 1.238399
    29 18.045723 0.000000 0.000000 0.000000 0.000000 -1.756393
    30 17.597597 0.000000 0.000000 -0.210887 0.105637 -0.141218
    31 0.000005 -0.000003 -3.713254 0.848441 2.461380 5.479079
    32 18.045721 0.000000 0.000000 0.000000 0.000000 -2.603394
    33 17.597597 0.000000 0.000000 0.362388 -0.168095 0.787471
  time 64
    0 -1.756901 -2.027255 -20.585090 0.000000 0.000000 -1.571017
    1 -5.132973 0.316416 0.000000 -1.570795 -1.570787 0.000000
    2 1.293670 0.684478 -0.000001 -0.162437 -0.054878 0.077556
    3 5.309685 -0.003834 0.000000 -0.012678 0.060642 -0.030529
    4 4.826790 -0.004591 0.000000 0.173348 -0.029482 0.062076
    5 5.792767 -0.005304 0.000000 -0.230171 0.132370 -0.045571
    6 6.662322 -0.001452 0.000000 0.045326 0.081900 0.160866
    7 -3.108188 1.516823 4.339626 1.238993 -1.024532 -4.799756
    8 4.827512 0.000000 -0.000002 -0.341352 -0.221462 -0.643840
    9 11.140032 0.000000 0.000000 0.070821 -0.152190 -1.949837
    10 10.314563 -0.000001 0.000001 -0.651749 -0.105288 0.951440
    11 1.646836 0.445664 -1.699647 -0.161704 0.581044 -0.283978
    12 0.928312 0.000000 0.000000 0.000000 0.000000 0.000000
    13 0.928313 0.000000 -0.000001 0.000000 0.000000 0.000000
    14 2.979373 -0.388274 -0.044205 -0.000805 -0.043611 0.000046
    15 1.435262 -0.000001 -0.000001 0.000000 0.000000 0.872146
    16 1.482593 -0.000001 0.000001 0.000000 0.000000 0.907041
    17 -2.869899 1.399667 -4.140396 -1.163265 1.764468 -4.903713
    18 4.972047 0.000000 0.000000 1.193352 -0.426787 -1.803035
    19 11.585358 0.000000 0.000001 0.336642 -0.346974 -1.540872
    20 10.127058 0.000000 0.000001 1.908240 0.652682 0.795045
    21 1.537458 0.109715 1.664489 -0.264662 -0.055995 0.783079
    22 0.928313 0.000000 0.000002 0.000000 0.000000 -0.453501
    23 0.928311 0.000000 0.000001 0.000000 0.000000 0.000000
    24 2.686395 -0.427337 0.044204 -0.005762 0.043239 -0.157074
    25 1.435260 0.000000 0.000001 0.000000 0.000000 0.732613
    26 1.482593 0.000000 -0.000001 0.000000 0.000000 1.168644
    27 2.046984 0.000001 0.000000 0.177071 0.526489 -0.385358
    28 -0.000005 0.000007 3.713254 -3.204068 -0.120606 1.238399
    29 18.045723 0.000000 0.000000 0.000000 0.000000 -1.756393
    30 17.597597 0.000000 0.000000 -0.210887 0.105637 -0.141218
    31 0.000005 -0.000003 -3.713254 0.848441 2.461380 5.479079
    32 18.045721 0.000000 0.000000 0.000000 0.000000 -2.603394
    33 17.597597 0.000000 0.000000 0.362388 -0.168095 0.787471
  time 65
    0 -1.756901 -2.027255 -20.585090 0.000000 0.000000 -1.571017
    1 -5.132973 0.316416 0.000000 -1.570795 -1.570787 0.000000
    2 1.293670 0.684478 -0.000001 -0.162437 -0.054878 0.077556
    3 5.309685 -0.003834 0.000000 -0.012678 0.060642 -0.026025
    4 4.826790 -0.004591 0.000000 0.173348 -0.029482 0.066111
    5 5.792767 -0.005304 0.000000 -0.230153 0.132406 -0.045799
    6 6.662322 -0.001452 0.000000 0.045326 0.081900 0.160866
    7 -3.108188 1.516823 4.339626 1.238993 -1.024532 -4.799756
    8 4.827512 0.000000 -0.000002 -0.329315 -0.242269 -0.790366
    9 11.140032 0.000000 0.000000 0.070821 -0.153513 -1.929116
    10 10.314563 -0.000001 0.000001 -0.640091 -0.286824 0.850874
    11 1.646836 0.445664 -1.699647 -0.161704 0.581044 -0.283978
    12 0.928312 0.000000 0.000000 0.000000 0.000000 0.000000
    13 0.928313 0.000000 -0.000001 0.000000 0.000000 0.000000
    14 2.979373 -0.388274 -0.044205 -0.000805 -0.043611 0.000046
    15 1.435262 -0.000001 -0.000001 0.000000 0.000000 0.872146
    16 1.482593 -0.000001 0.000001 0.000000 0.000000 0.907041
    17 -2.869899 1.399667 -4.140396 -1.163265 1.764468 -4.903713
    18 4.972047 0.000000 0.000000 1.191382 -0.434661 -1.805964
    19 11.585358 0.000000 0.000001 0.336642 -0.345204 -1.519554
    20 10.127058 0.000000 0.000001 1.908240 0.652682 0.795045
    21 1.537458 0.109715 1.664489 -0.264662 -0.055995 0.783079
    22 0.928313 0.000000 0.000002 0.000000 0.000000 -0.453501
    23 0.928311 0.000000 0.000001 0.000000 0.000000 0.000000
    24 2.686395 -0.427337 0.044204 -0.005762 0.043239 -0.157074
    25 1.435260 0.000000 0.000001 0.000000 0.000000 0.732613
    26 1.482593 0.000000 -0.000001 0.000000 0.000000 1.168644
    27 2.046984 0.000001 0.000000 0.175391 0.527256 -0.382986
    28 -0.000005 0.000007 3.713254 -3.204068 -0.120606 1.238399
    29 18.045723 0.000000 0.000000 0.000000 0.000000 -1.756393
    30 17.597597 0.000000 0.000000 -0.210887 0.105637 -0.141218
    31 0.000005 -0.000003 -3.713254 0.848441 2.461380 5.479079
    32 18.045721 0.000000 0.000000 0.000000 0.000000 -2.603394
    33 17.597597 0.000000 0.000000 0.362388 -0.168095 0.787471
  time 66
    0 -1.756901 -2.027255 -20.585090 0.000000 0.000000 -1.571017
    1 -5.132973 0.316416 0.000000 -1.570795 -1.570787 0.000000
    2 1.293670 0.684478 -0.000001 -0.162437 -0.054878 0.077556
    3 5.309685 -0.003834 0.000000 -0.012678 0.060642 -0.022086
    4 4.826790 -0.004591 0.000000 0.173348 -0.029482 0.069639
    5 5.792767 -0.005304 0.000000 -0.230135 0.132442 -0.045986
    6 6.662322 -0.001452 0.000000 0.045326 0.081900 0.160866
    7 -3.108188 1.516823 4.339626 1.238993 -1.024532 -4.799756
    8 4.827512 0.000000 -0.000002 -0.309146 -0.260518 -0.909077
    9 11.140032 0.000000 0.000000 0.070821 -0.155411 -1.893179
    10 10.314563 -0.000001 0.000001 -0.631182 -0.425366 0.774114
    11 1.646836 0.445664 -1.699647 -0.161704 0.581044 -0.283978
    12 0.928312 0.000000 0.000000 0.000000 0.000000 0.000000
    13 0.928313 0.000000 -0.000001 0.000000 0.000000 0.000000
    14 2.979373 -0.388274 -0.044205 -0.000805 -0.043611 0.000046
    15 1.435262 -0.000001 -0.000001 0.000000 0.000000 0.872146
    16 1.482593 -0.000001 0.000001 0.000000 0.000000 0.907041
    17 -2.869899 1.399667 -4.140396 -1.163265 1.764468 -4.903713
    18 4.972047 0.000000 0.000000 1.190631 -0.440446 -1.809225
    19 11.585358 0.000000 0.000001 0.336642 -0.343593 -1.500604
    20 10.127058 0.000000 0.000001 1.908240 0.652682 0.795045
    21 1.537458 0.109715 1.664489 -0.264662 -0.055995 0.783079
    22 0.928313 0.000000 0.000002 0.000000 0.000000 -0.453501
    23 0.928311 0.000000 0.000001 0.000000 0.000000 0.000000
    24 2.686395 -0.427337 0.044204 -0.005762 0.043239 -0.157074
    25 1.435260 0.000000 0.000001 0.000000 0.000000 0.732613
    26 1.482593 0.000000 -0.000001 0.000000 0.000000 1.168644
    27 2.046984 0.000001 0.000000 0.175391 0.527256 -0.382986
    28 -0.000005 0.000007 3.713254 -3.204068 -0.120606 1.238399
    29 18.045723 0.000000 0.000000 0.000000 0.000000 -1.756393
    30 17.597597 0.000000 0.000000 -0.210887 0.105637 -0.141218
    31 0.000005 -0.000003 -3.713254 0.848441 2.461380 5.479079
    32 18.045721 0.000000 0.000000 0.000000 0.000000 -2.603394
    33 17.597597 0.000000 0.000000 0.362388 -0.168095 0.787471
  time 67
    0 -1.756901 -2.027255 -20.585090 0.000000 0.000000 -1.571017
    1 -5.132973 0.316416 0.000000 -1.570795 -1.570787 0.000000
    2 1.293670 0.684478 -0.000001 -0.162437 -0.054878 0.077556
    3 5.309685 -0.003834 0.000000 -0.012678 0.060642 -0.018836
    4 4.826790 -0.004591 0.000000 0.173348 -0.029482 0.072549
    5 5.792767 -0.005304 0.000000 -0.230135 0.132466 -0.046152
    6 6.662322 -0.001452 0.000000 0.045326 0.081900 0.160866
    7 -3.108188 1.516823 4.339626 1.238993 -1.024532 -4.799756
    8 4.827512 0.000000 -0.000002 -0.267374 -0.246362 -0.994774
    9 11.140032 0.000000 0.000000 0.070821 -0.157807 -1.845215
    10 10.314563 -0.000001 0.000001 -0.625496 -0.513792 0.725109
    11 1.646836 0.445664 -1.699647 -0.161704 0.581044 -0.283978
    12 0.928312 0.000000 0.000000 0.000000 0.000000 0.000000
    13 0.928313 0.000000 -0.000001 0.000000 0.000000 0.000000
    14 2.979373 -0.388274 -0.044205 -0.000805 -0.043611 0.000046
    15 1.435262 -0.000001 -0.000001 0.000000 0.000000 0.872146
    16 1.482593 -0.000001 0.000001 0.000000 0.000000 0.907041
    17 -2.869899 1.399667 -4.140396 -1.163265 1.764468 -4.903713
    18 4.972047 0.000000 0.000000 1.190538 -0.444464 -1.811954
    19 11.585358 0.000000 0.000001 0.336642 -0.342368 -1.486147
    20 10.127058 0.000000 0.000001 1.908240 0.652682 0.795045
    21 1.537458 0.109715 1.664489 -0.264662 -0.055995 0.783079
    22 0.928313 0.000000 0.000002 0.000000 0.000000 -0.453501
    23 0.928311 0.000000 0.000001 0.000000 0.000000 0.000000
    24 2.686395 -0.427337 0.044204 -0.005762 0.043239 -0.157074
    25 1.435260 0.000000 0.000001 0.000000 0.000000 0.732613
    26 1.482593 0.000000 -0.000001 0.000000 0.000000 1.168644
    27 2.046984 0.000001 0.000000 0.175391 0.527256 -0.382986
    28 -0.000005 0.000007 3.713254 -3.204068 -0.120606 1.238399
    29 18.045723 0.000000 0.000000 0.000000 0.000000 -1.756393
    30 17.597597 0.000000 0.000000 -0.210887 0.105637 -0.141218
    31 0.000005 -0.000003 -3.713254 0.848441 2.461380 5.479079
    32 18.045721 0.000000 0.000000 0.000000 0.000000 -2.603394
    33 17.597597 0.000000 0.000000 0.362388 -0.168095 0.787471
  time 68
    0 -1.756901 -2.027255 -20.585090 0.000000 0.000000 -1.571017
    1 -5.132973 0.316416 0.000000 -1.570795 -1.570787 0.000000
    2 1.293670 0.684478 -0.000001 -0.162437 -0.054878 0.077556
    3 5.309685 -0.003834 0.000000 -0.012678 0.060642 -0.016363
    4 4.826790 -0.004591 0.000000 0.173348 -0.029482 0.074754
    5 5.792767 -0.005304 0.000000 -0.230117 0.132490 -0.046277
    6 6.662322 -0.001452 0.000000 0.045326 0.081900 0.160866
    7 -3.108188 1.516823 4.339626 1.238993 -1.024532 -4.799756
    8 4.827512 0.000000 -0.000002 -0.221059 -0.207648 -1.054130
    9 11.140032 0.000000 0.000000 0.070821 -0.160179 -1.783919
    10 10.314563 -0.000001 0.000001 -0.623505 -0.544891 0.707922
    11 1.646836 0.445664 -1.699647 -0.161704 0.581044 -0.283978
    12 0.928312 0.000000 0.000000 0.000000 0.000000 0.000000
    13 0.928313 0.000000 -0.000001 0.000000 0.000000 0.000000
    14 2.979373 -0.388274 -0.044205 -0.000805 -0.043611 0.000046
    15 1.435262 -0.000001 -0.000001 0.000000 0.000000 0.872146
    16 1.482593 -0.000001 0.000001 0.000000 0.000000 0.907041
    17 -2.869899 1.399667 -4.140396 -1.163265 1.764468 -4.903713
    18 4.972047 0.000000 0.000000 1.190444 -0.446794 -1.813551
    19 11.585358 0.000000 0.000001 0.336642 -0.341665 -1.477815
    20 10.127058 0.000000 0.000001 1.908240 0.652682 0.795045
    21 1.537458 0.109715 1.664489 -0.264662 -0.055995 0.783079
    22 0.928313 0.000000 0.000002 0.000000 0.000000 -0.453501
    23 0.928311 0.000000 0.000001 0.000000 0.000000 0.000000
    24 2.686395 -0.427337 0.044204 -0.005762 0.043239 -0.157074
    25 1.435260 0.000000 0.000001 0.000000 0.000000 0.732613
    26 1.482593 0.000000 -0.000001 0.000000 0.000000 1.168644
    27 2.046984 0.000001 0.000000 0.175391 0.527256 -0.382986
    28 -0.000005 0.000007 3.713254 -3.204068 -0.120606 1.238399
    29 18.045723 0.000000 0.000000 0.000000 0.000000 -1.756393
    30 17.597597 0.000000 0.000000 -0.210887 0.105637 -0.141218
    31 0.000005 -0.000003 -3.713254 0.848441 2.461380 5.479079
    32 18.045721 0.000000 0.000000 0.000000 0.000000 -2.603394
    33 17.597597 0.000000 0.000000 0.362388 -0.168095 0.787471
  time 69
    0 -1.756901 -2.027255 -20.585090 0.000000 0.000000 -1.571017
    1 -5.132973 0.316416 0.000000 -1.570795 -1.570787 0.000000
    2 1.293670 0.684478 -0.000001 -0.162437 -0.054878 0.077556
    3 5.309685 -0.003834 0.000000 -0.012678 0.060642 -0.014809
    4 4.826790 -0.004591 0.000000 0.173348 -0.029482 0.076165
    5 5.792767 -0.005304 0.000000 -0.230117 0.132502 -0.046360
    6 6.662322 -0.001452 0.000000 0.045326 0.081900 0.160866
    7 -3.108188 1.516823 4.339626 1.238993 -1.024532 -4.799756
    8 4.827512 0.000000 -0.000002 -0.201927 -0.186756 -1.077872
    9 11.140032 0.000000 0.000000 0.070821 -0.161303 -1.752474
    10 10.314563 -0.000001 0.000001 -0.623505 -0.544891 0.707922
    11 1.646836 0.445664 -1.699647 -0.161704 0.581044 -0.283978
    12 0.928312 0.000000 0.000000 0.000000 0.000000 0.000000
    13 0.928313 0.000000 -0.000001 0.000000 0.000000 0.000000
    14 2.979373 -0.388274 -0.044205 -0.000805 -0.043611 0.000046
    15 1.435262 -0.000001 -0.000001 0.000000 0.000000 0.872146
    16 1.482593 -0.000001 0.000001 0.000000 0.000000 0.907041
    17 -2.869899 1.399667 -4.140396 -1.163265 1.764468 -4.903713
    18 4.972047 0.000000 0.000000 1.190256 -0.447356 -1.813618
    19 11.585358 0.000000 0.000001 0.336642 -0.341574 -1.476917
    20 10.127058 0.000000 0.000001 1.908240 0.652682 0.795045
    21 1.537458 0.109715 1.664489 -0.264662 -0.055995 0.783079
    22 0.928313 0.000000 0.000002 0.000000 0.000000 -0.453501
    23 0.928311 0.000000 0.000001 0.000000 0.000000 0.000000
    24 2.686395 -0.427337 0.044204 -0.005762 0.043239 -0.157074
    25 1.435260 0.000000 0.000001 0.000000 0.000000 0.732613
    26 1.482593 0.000000 -0.000001 0.000000 0.000000 1.168644
    27 2.046984 0.000001 0.000000 0.175391 0.527256 -0.382986
    28 -0.000005 0.000007 3.713254 -3.204068 -0.120606 1.238399
    29 18.045723 0.000000 0.000000 0.000000 0.000000 -1.756393
    30 17.597597 0.000000 0.000000 -0.210887 0.105637 -0.141218
    31 0.000005 -0.000003 -3.713254 0.848441 2.461380 5.479079
    32 18.045721 0.000000 0.000000 0.000000 0.000000 -2.603394
    33 17.597597 0.000000 0.000000 0.362388 -0.168095 0.787471
  time 70
    0 -1.756901 -2.027255 -20.585090 0.000000 0.000000 -1.571017
    1 -5.132973 0.316416 0.000000 -1.570795 -1.570787 0.000000
    2 1.293670 0.684478 -0.000001 -0.162437 -0.054878 0.077556
    3 5.309685 -0.003834 0.000000 -0.012678 0.060642 -0.014261
    4 4.826790 -0.004591 0.000000 0.173348 -0.029482 0.076650
    5 5.792767 -0.005304 0.000000 -0.230117 0.132502 -0.046381
    6 6.662322 -0.001452 0.000000 0.045326 0.081900 0.160866
    7 -3.108188 1.516823 4.339626 1.238993 -1.024532 -4.799756
    8 4.827512 0.000000 -0.000002 -0.202086 -0.187353 -1.078392
    9 11.140032 0.000000 0.000000 0.070821 -0.161278 -1.753271
    10 10.314563 -0.000001 0.000001 -0.623505 -0.544891 0.707922
    11 1.646836 0.445664 -1.699647 -0.161704 0.581044 -0.283978
    12 0.928312 0.000000 0.000000 0.000000 0.000000 0.000000
    13 0.928313 0.000000 -0.000001 0.000000 0.000000 0.000000
    14 2.979373 -0.388274 -0.044205 -0.000805 -0.043611 0.000046
    15 1.435262 -0.000001 -0.000001 0.000000 0.000000 0.872146
    16 1.482593 -0.000001 0.000001 0.000000 0.000000 0.907041
    17 -2.869899 1.399667 -4.140396 -1.163265 1.764468 -4.903713
    18 4.972047 0.000000 0.000000 1.190069 -0.447196 -1.813152
    19 11.585358 0.000000 0.000001 0.336642 -0.341710 -1.478469
    20 10.127058 0.000000 0.000001 1.908240 0.652682 0.795045
    21 1.537458 0.109715 1.664489 -0.264662 -0.055995 0.783079
    22 0.928313 0.000000 0.000002 0.000000 0.000000 -0.453501
    23 0.928311 0.000000 0.000001 0.000000 0.000000 0.000000
    24 2.686395 -0.427337 0.044204 -0.005762 0.043239 -0.157074
    25 1.435260 0.000000 0.000001 0.000000 0.000000 0.732613
    26 1.482593 0.000000 -0.000001 0.000000 0.000000 1.168644
    27 2.046984 0.000001 0.000000 0.175391 0.527256 -0.382986
    28 -0.000005 0.000007 3.713254 -3.204068 -0.120606 1.238399
    29 18.045723 0.000000 0.000000 0.000000 0.000000 -1.756393
    30 17.597597 0.000000 0.000000 -0.210887 0.105637 -0.141218
    31 0.000005 -0.000003 -3.713254 0.848441 2.461380 5.479079
    32 18.045721 0.000000 0.000000 0.000000 0.000000 -2.603394
    33 17.597597 0.000000 0.000000 0.362388 -0.168095 0.787471
  time 71
    0 -1.756901 -2.027255 -20.585090 0.000000 0.000000 -1.571017
    1 -5.132973 0.316416 0.000000 -1.570795 -1.570787 0.000000
    2 1.293670 0.684478 -0.000001 -0.162437 -0.054878 0.077556
    3 5.309685 -0.003834 0.000000 -0.012678 0.060642 -0.014261
    4 4.826790 -0.004591 0.000000 0.173348 -0.029482 0.076650
    5 5.792767 -0.005304 0.000000 -0.230117 0.132502 -0.046381
    6 6.662322 -0.001452 0.000000 0.045326 0.081900 0.160866
    7 -3.108188 1.516823 4.339626 1.238993 -1.024532 -4.799756
    8 4.827512 0.000000 -0.000002 -0.201767 -0.191446 -1.087403
    9 11.140032 0.000000 0.000000 0.070821 -0.161328 -1.752112
    10 10.314563 -0.000001 0.000001 -0.623505 -0.544891 0.707922
    11 1.646836 0.445664 -1.699647 -0.161704 0.581044 -0.283978
    12 0.928312 0.000000 0.000000 0.000000 0.000000 0.000000
    13 0.928313 0.000000 -0.000001 0.000000 0.000000 0.000000
    14 2.979373 -0.388274 -0.044205 -0.000805 -0.043611 0.000046
    15 1.435262 -0.000001 -0.000001 0.000000 0.000000 0.872146
    16 1.482593 -0.000001 0.000001 0.000000 0.000000 0.907041
    17 -2.869899 1.399667 -4.140396 -1.163265 1.764468 -4.903713
    18 4.972047 0.000000 0.000000 1.193352 -0.444624 -1.817278
    19 11.585358 0.000000 0.000001 0.336642 -0.340802 -1.467687
    20 10.127058 0.000000 0.000001 1.908240 0.652682 0.795045
    21 1.537458 0.109715 1.664489 -0.264662 -0.055995 0.783079
    22 0.928313 0.000000 0.000002 0.000000 0.000000 -0.453501
    23 0.928311 0.000000 0.000001 0.000000 0.000000 0.000000
    24 2.686395 -0.427337 0.044204 -0.005762 0.043239 -0.157074
    25 1.435260 0.000000 0.000001 0.000000 0.000000 0.732613
    26 1.482593 0.000000 -0.000001 0.000000 0.000000 1.168644
    27 2.046984 0.000001 0.000000 0.175391 0.527256 -0.382986
    28 -0.000005 0.000007 3.713254 -3.204068 -0.120606 1.238399
    29 18.045723 0.000000 0.000000 0.000000 0.000000 -1.756393
    30 17.597597 0.000000 0.000000 -0.210887 0.105637 -0.141218
    31 0.000005 -0.000003 -3.713254 0.848441 2.461380 5.479079
    32 18.045721 0.000000 0.000000 0.000000 0.000000 -2.603394
    33 17.597597 0.000000 0.000000 0.362388 -0.168095 0.787471
  time 72
    0 -1.756901 -2.027255 -20.585090 0.000000 0.000000 -1.571017
    1 -5.132973 0.316416 0.000000 -1.570795 -1.570787 0.000000
    2 1.293670 0.684478 -0.000001 -0.162437 -0.054878 0.077556
    3 5.309685 -0.003834 0.000000 -0.012678 0.060642 -0.014261
    4 4.826790 -0.004591 0.000000 0.173348 -0.029482 0.076650
    5 5.792767 -0.005304 0.000000 -0.230117 0.132502 -0.046381
    6 6.662322 -0.001452 0.000000 0.045326 0.081900 0.160866
    7 -3.108188 1.516823 4.339626 1.238993 -1.024532 -4.799756
    8 4.827512 0.000000 -0.000002 -0.201209 -0.202702 -1.110799
    9 11.140032 0.000000 0.000000 0.070821 -0.161477 -1.748200
    10 10.314563 -0.000001 0.000001 -0.623505 -0.544891 0.707922
    11 1.646836 0.445664 -1.699647 -0.161704 0.581044 -0.283978
    12 0.928312 0.000000 0.000000 0.000000 0.000000 0.000000
    13 0.928313 0.000000 -0.000001 0.000000 0.000000 0.000000
    14 2.979373 -0.388274 -0.044205 -0.000805 -0.043611 0.000046
    15 1.435262 -0.000001 -0.000001 0.000000 0.000000 0.872146
    16 1.482593 -0.000001 0.000001 0.000000 0.000000 0.907041
    17 -2.869899 1.399667 -4.140396 -1.163265 1.764468 -4.903713
    18 4.972047 0.000000 0.000000 1.201793 -0.437795 -1.828127
    19 11.585358 0.000000 0.000001 0.336642 -0.338012 -1.439753
    20 10.127058 0.000000 0.000001 1.908240 0.652682 0.795045
    21 1.537458 0.109715 1.664489 -0.264662 -0.055995 0.783079
    22 0.928313 0.000000 0.000002 0.000000 0.000000 -0.453501
    23 0.928311 0.000000 0.000001 0.000000 0.000000 0.000000
    24 2.686395 -0.427337 0.044204 -0.005762 0.043239 -0.157074
    25 1.435260 0.000000 0.000001 0.000000 0.000000 0.732613
    26 1.482593 0.000000 -0.000001 0.000000 0.000000 1.168644
    27 2.046984 0.000001 0.000000 0.175391 0.527256 -0.382986
    28 -0.000005 0.000007 3.713254 -3.204068 -0.120606 1.238399
    29 18.045723 0.000000 0.000000 0.000000 0.000000 -1.756393
    30 17.597597 0.000000 0.000000 -0.210887 0.105637 -0.141218
    31 0.000005 -0.000003 -3.713254 0.848441 2.461380 5.479079
    32 18.045721 0.000000 0.000000 0.000000 0.000000 -2.603394
    33 17.597597 0.000000 0.000000 0.362388 -0.168095 0.787471
  time 73
    0 -1.756901 -2.027255 -20.585090 0.000000 0.000000 -1.571017
    1 -5.132973 0.316416 0.000000 -1.570795 -1.570787 0.000000
    2 1.293670 0.684478 -0.000001 -0.162437 -0.054878 0.077556
    3 5.309685 -0.003834 0.000000 -0.012678 0.060642 -0.014261
    4 4.826790 -0.004591 0.000000 0.173348 -0.029482 0.076650
    5 5.792767 -0.005304 0.000000 -0.230117 0.132502 -0.046381
    6 6.662322 -0.001452 0.000000 0.045326 0.081900 0.160866
    7 -3.108188 1.516823 4.339626 1.238993 -1.024532 -4.799756
    8 4.827512 0.000000 -0.000002 -0.200412 -0.219160 -1.143033
    9 11.140032 0.000000 0.000000 0.070821 -0.161602 -1.741969
    10 10.314563 -0.000001 0.000001 -0.623505 -0.544891 0.707922
    11 1.646836 0.445664 -1.699647 -0.161704 0.581044 -0.283978
    12 0.928312 0.000000 0.000000 0.000000 0.000000 0.000000
    13 0.928313 0.000000 -0.000001 0.000000 0.000000 0.000000
    14 2.979373 -0.388274 -0.044205 -0.000805 -0.043611 0.000046
    15 1.435262 -0.000001 -0.000001 0.000000 0.000000 0.872146
    16 1.482593 -0.000001 0.000001 0.000000 0.000000 0.907041
    17 -2.869899 1.399667 -4.140396 -1.163265 1.764468 -4.903713
    18 4.972047 0.000000 0.000000 1.213237 -0.428313 -1.843168
    19 11.585358 0.000000 0.000001 0.336642 -0.333428 -1.401118
    20 10.127058 0.000000 0.000001 1.908240 0.652682 0.795045
    21 1.537458 0.109715 1.664489 -0.264662 -0.055995 0.783079
    22 0.928313 0.000000 0.000002 0.000000 0.000000 -0.453501
    23 0.928311 0.000000 0.000001 0.000000 0.000000 0.000000
    24 2.686395 -0.427337 0.044204 -0.005762 0.043239 -0.157074
    25 1.435260 0.000000 0.000001 0.000000 0.000000 0.732613
    26 1.482593 0.000000 -0.000001 0.000000 0.000000 1.168644
    27 2.046984 0.000001 0.000000 0.175391 0.527256 -0.382986
    28 -0.000005 0.000007 3.713254 -3.204068 -0.120606 1.238399
    29 18.045723 0.000000 0.000000 0.000000 0.000000 -1.756393
    30 17.597597 0.000000 0.000000 -0.210887 0.105637 -0.141218
    31 0.000005 -0.000003 -3.713254 0.848441 2.461380 5.479079
    32 18.045721 0.000000 0.000000 0.000000 0.000000 -2.603394
    33 17.597597 0.000000 0.000000 0.362388 -0.168095 0.787471
  time 74
    0 -1.756901 -2.027255 -20.585090 0.000000 0.000000 -1.571017
    1 -5.132973 0.316416 0.000000 -1.570795 -1.570787 0.000000
    2 1.293670 0.684478 -0.000001 -0.162437 -0.054878 0.077556
    3 5.309685 -0.003834 0.000000 -0.012678 0.060642 -0.014261
    4 4.826790 -0.004591 0.000000 0.173348 -0.029482 0.076650
    5 5.792767 -0.005304 0.000000 -0.230117 0.132502 -0.046381
    6 6.662322 -0.001452 0.000000 0.045326 0.081900 0.160866
    7 -3.108188 1.516823 4.339626 1.238993 -1.024532 -4.799756
    8 4.827512 0.000000 -0.000002 -0.199695 -0.239114 -1.178906
    9 11.140032 0.000000 0.000000 0.070821 -0.161802 -1.732840
    10 10.314563 -0.000001 0.000001 -0.623505 -0.544891 0.707922
    11 1.646836 0.445664 -1.699647 -0.161704 0.581044 -0.283978
    12 0.928312 0.000000 0.000000 0.000000 0.000000 0.000000
    13 0.928313 0.000000 -0.000001 0.000000 0.000000 0.000000
    14 2.979373 -0.388274 -0.044205 -0.000805 -0.043611 0.000046
    15 1.435262 -0.000001 -0.000001 0.000000 0.000000 0.872146
    16 1.482593 -0.000001 0.000001 0.000000 0.000000 0.907041
    17 -2.869899 1.399667 -4.140396 -1.163265 1.764468 -4.903713
    18 4.972047 0.000000 0.000000 1.225900 -0.417306 -1.859807
    19 11.585358 0.000000 0.000001 0.336642 -0.328051 -1.357664
    20 10.127058 0.000000 0.000001 1.908240 0.652682 0.795045
    21 1.537458 0.109715 1.664489 -0.264662 -0.055995 0.783079
    22 0.928313 0.000000 0.000002 0.000000 0.000000 -0.453501
    23 0.928311 0.000000 0.000001 0.000000 0.000000 0.000000
    24 2.686395 -0.427337 0.044204 -0.005762 0.043239 -0.157074
    25 1.435260 0.000000 0.000001 0.000000 0.000000 0.732613
    26 1.482593 0.000000 -0.000001 0.000000 0.000000 1.168644
    27 2.046984 0.000001 0.000000 0.175391 0.527256 -0.382986
    28 -0.000005 0.000007 3.713254 -3.204068 -0.120606 1.238399
    29 18.045723 0.000000 0.000000 0.000000 0.000000 -1.756393
    30 17.597597 0.000000 0.000000 -0.210887 0.105637 -0.141218
    31 0.000005 -0.000003 -3.713254 0.848441 2.461380 5.479079
    32 18.045721 0.000000 0.000000 0.000000 0.000000 -2.603394
    33 17.597597 0.000000 0.000000 0.362388 -0.168095 0.787471
  time 75
    0 -1.756901 -2.027255 -20.585090 0.000000 0.000000 -1.571017
    1 -5.132973 0.316416 0.000000 -1.570795 -1.570787 0.000000
    2 1.293670 0.684478 -0.000001 -0.162437 -0.054878 0.077556
    3 5.309685 -0.003834 0.000000 -0.012678 0.060642 -0.014261
    4 4.826790 -0.004591 0.000000 0.173348 -0.029482 0.076650
    5 5.792767 -0.005304 0.000000 -0.230117 0.132502 -0.046381
    6 6.662322 -0.001452 0.000000 0.045326 0.081900 0.160866
    7 -3.108188 1.516823 4.339626 1.238993 -1.024532 -4.799756
    8 4.827512 0.000000 -0.000002 -0.199695 -0.260006 -1.212787
    9 11.140032 0.000000 0.000000 0.070821 -0.162027 -1.722479
    10 10.314563 -0.000001 0.000001 -0.623505 -0.544891 0.707922
    11 1.646836 0.445664 -1.699647 -0.161704 0.581044 -0.283978
    12 0.928312 0.000000 0.000000 0.000000 0.000000 0.000000
    13 0.928313 0.000000 -0.000001 0.000000 0.000000 0.000000
    14 2.979373 -0.388274 -0.044205 -0.000805 -0.043611 0.000046
    15 1.435262 -0.000001 -0.000001 0.000000 0.000000 0.872146
    16 1.482593 -0.000001 0.000001 0.000000 0.000000 0.907041
    17 -2.869899 1.399667 -4.140396 -1.163265 1.764468 -4.903713
    18 4.972047 0.000000 0.000000 1.237437 -0.406940 -1.875514
    19 11.585358 0.000000 0.000001 0.336642 -0.321970 -1.317315
    20 10.127058 0.000000 0.000001 1.908240 0.652682 0.795045
    21 1.537458 0.109715 1.664489 -0.264662 -0.055995 0.783079
    22 0.928313 0.000000 0.000002 0.000000 0.000000 -0.453501
    23 0.928311 0.000000 0.000001 0.000000 0.000000 0.000000
    24 2.686395 -0.427337 0.044204 -0.005762 0.043239 -0.157074
    25 1.435260 0.000000 0.000001 0.000000 0.000000 0.732613
    26 1.482593 0.000000 -0.000001 0.000000 0.000000 1.168644
    27 2.046984 0.000001 0.000000 0.175391 0.527256 -0.382986
    28 -0.000005 0.000007 3.713254 -3.204068 -0.120606 1.238399
    29 18.045723 0.000000 0.000000 0.000000 0.000000 -1.756393
    30 17.597597 0.000000 0.000000 -0.210887 0.105637 -0.141218
    31 0.000005 -0.000003 -3.713254 0.848441 2.461380 5.479079
    32 18.045721 0.000000 0.000000 0.000000 0.000000 -2.603394
    33 17.597597 0.000000 0.000000 0.362388 -0.168095 0.787471
  time 76
    0 -1.756901 -2.027255 -20.585090 0.000000 0.000000 -1.571017
    1 -5.132973 0.316416 0.000000 -1.570795 -1.570787 0.000000
    2 1.293670 0.684478 -0.000001 -0.162437 -0.054878 0.077556
    3 5.309685 -0.003834 0.000000 -0.012678 0.060642 -0.014261
    4 4.826790 -0.004591 0.000000 0.173348 -0.029482 0.076650
    5 5.792767 -0.005304 0.000000 -0.230117 0.132502 -0.046381
    6 6.662322 -0.001452 0.000000 0.045326 0.081900 0.160866
    7 -3.108188 1.516823 4.339626 1.238993 -1.024532 -4.799756
    8 4.827512 0.000000 -0.000002 -0.200970 -0.278852 -1.238868
    9 11.140032 0.000000 0.000000 0.070821 -0.162226 -1.713422
    10 10.314563 -0.000001 0.000001 -0.623505 -0.544891 0.707922
    11 1.646836 0.445664 -1.699647 -0.161704 0.581044 -0.283978
    12 0.928312 0.000000 0.000000 0.000000 0.000000 0.000000
    13 0.928313 0.000000 -0.000001 0.000000 0.000000 0.000000
    14 2.979373 -0.388274 -0.044205 -0.000805 -0.043611 0.000046
    15 1.435262 -0.000001 -0.000001 0.000000 0.000000 0.872146
    16 1.482593 -0.000001 0.000001 0.000000 0.000000 0.907041
    17 -2.869899 1.399667 -4.140396 -1.163265 1.764468 -4.903713
    18 4.972047 0.000000 0.000000 1.246066 -0.398745 -1.887228
    19 11.585358 0.000000 0.000001 0.336642 -0.317341 -1.286685
    20 10.127058 0.000000 0.000001 1.908240 0.652682 0.795045
    21 1.537458 0.109715 1.664489 -0.264662 -0.055995 0.783079
    22 0.928313 0.000000 0.000002 0.000000 0.000000 -0.453501
    23 0.928311 0.000000 0.000001 0.000000 0.000000 0.000000
    24 2.686395 -0.427337 0.044204 -0.005762 0.043239 -0.157074
    25 1.435260 0.000000 0.000001 0.000000 0.000000 0.732613
    26 1.482593 0.000000 -0.000001 0.000000 0.000000 1.168644
    27 2.046984 0.000001 0.000000 0.175391 0.527256 -0.382986
    28 -0.000005 0.000007 3.713254 -3.204068 -0.120606 1.238399
    29 18.045723 0.000000 0.000000 0.000000 0.000000 -1.756393
    30 17.597597 0.000000 0.000000 -0.210887 0.105637 -0.141218
    31 0.000005 -0.000003 -3.713254 0.848441 2.461380 5.479079
    32 18.045721 0.000000 0.000000 0.000000 0.000000 -2.603394
    33 17.597597 0.000000 0.000000 0.362388 -0.168095 0.787471
  time 77
    0 -1.756901 -2.027255 -20.585090 0.000000 0.000000 -1.571017
    1 -5.132973 0.316416 0.000000 -1.570795 -1.570787 0.000000
    2 1.293670 0.684478 -0.000001 -0.162437 -0.054878 0.077556
    3 5.309685 -0.003834 0.000000 -0.012678 0.060642 -0.014261
    4 4.826790 -0.004591 0.000000 0.173348 -0.029482 0.076650
    5 5.792767 -0.005304 0.000000 -0.230117 0.132502 -0.046381
    6 6.662322 -0.001452 0.000000 0.045326 0.081900 0.160866
    7 -3.108188 1.516823 4.339626 1.238993 -1.024532 -4.799756
    8 4.827512 0.000000 -0.000002 -0.204398 -0.292751 -1.251606
    9 11.140032 0.000000 0.000000 0.070821 -0.162326 -1.709147
    10 10.314563 -0.000001 0.000001 -0.623505 -0.544891 0.707922
    11 1.646836 0.445664 -1.699647 -0.161704 0.581044 -0.283978
    12 0.928312 0.000000 0.000000 0.000000 0.000000 0.000000
    13 0.928313 0.000000 -0.000001 0.000000 0.000000 0.000000
    14 2.979373 -0.388274 -0.044205 -0.000805 -0.043611 0.000046
    15 1.435262 -0.000001 -0.000001 0.000000 0.000000 0.872146
    16 1.482593 -0.000001 0.000001 0.000000 0.000000 0.907041
    17 -2.869899 1.399667 -4.140396 -1.163265 1.764468 -4.903713
    18 4.972047 0.000000 0.000000 1.249349 -0.395531 -1.891754
    19 11.585358 0.000000 0.000001 0.336642 -0.315458 -1.274678
    20 10.127058 0.000000 0.000001 1.908240 0.652682 0.795045
    21 1.537458 0.109715 1.664489 -0.264662 -0.055995 0.783079
    22 0.928313 0.000000 0.000002 0.000000 0.000000 -0.453501
    23 0.928311 0.000000 0.000001 0.000000 0.000000 0.000000
    24 2.686395 -0.427337 0.044204 -0.005762 0.043239 -0.157074
    25 1.435260 0.000000 0.000001 0.000000 0.000000 0.732613
    26 1.482593 0.000000 -0.000001 0.000000 0.000000 1.168644
    27 2.046984 0.000001 0.000000 0.175391 0.527256 -0.382986
    28 -0.000005 0.000007 3.713254 -3.204068 -0.120606 1.238399
    29 18.045723 0.000000 0.000000 0.000000 0.000000 -1.756393
    30 17.597597 0.000000 0.000000 -0.210887 0.105637 -0.141218
    31 0.000005 -0.000003 -3.713254 0.848441 2.461380 5.479079
    32 18.045721 0.000000 0.000000 0.000000 0.000000 -2.603394
    33 17.597597 0.000000 0.000000 0.362388 -0.168095 0.787471
  time 78
    0 -1.756901 -2.027255 -20.585090 0.000000 0.000000 -1.571017
    1 -5.132973 0.316416 0.000000 -1.570795 -1.570787 0.000000
    2 1.293670 0.684478 -0.000001 -0.162437 -0.054878 0.077556
    3 5.309685 -0.003834 0.000000 -0.012678 0.060642 -0.014261
    4 4.826790 -0.004591 0.000000 0.173348 -0.029482 0.076650
    5 5.792767 -0.005304 0.000000 -0.230117 0.132502 -0.046381
    6 6.662322 -0.001452 0.000000 0.045326 0.081900 0.160866
    7 -3.108188 1.516823 4.339626 1.238993 -1.024532 -4.799756
    8 4.827512 0.000000 -0.000002 -0.213884 -0.293519 -1.218072
    9 11.140032 0.000000 0.000000 0.070821 -0.161353 -1.751605
    10 10.314563 -0.000001 0.000001 -0.625496 -0.513792 0.725109
    11 1.646836 0.445664 -1.699647 -0.161704 0.581044 -0.283978
    12 0.928312 0.000000 0.000000 0.000000 0.000000 0.000000
    13 0.928313 0.000000 -0.000001 0.000000 0.000000 0.000000
    14 2.979373 -0.388274 -0.044205 -0.000805 -0.043611 0.000046
    15 1.435262 -0.000001 -0.000001 0.000000 0.000000 0.872146
    16 1.482593 -0.000001 0.000001 0.000000 0.000000 0.907041
    17 -2.869899 1.399667 -4.140396 -1.163265 1.764468 -4.903713
    18 4.972047 0.000000 0.000000 1.248505 -0.396495 -1.890689
    19 11.585358 0.000000 0.000001 0.336642 -0.315912 -1.277291
    20 10.127058 0.000000 0.000001 1.908240 0.652682 0.795045
    21 1.537458 0.109715 1.664489 -0.264662 -0.055995 0.783079
    22 0.928313 0.000000 0.000002 0.000000 0.000000 -0.453501
    23 0.928311 0.000000 0.000001 0.000000 0.000000 0.000000
    24 2.686395 -0.427337 0.044204 -0.005762 0.043239 -0.157074
    25 1.435260 0.000000 0.000001 0.000000 0.000000 0.732613
    26 1.482593 0.000000 -0.000001 0.000000 0.000000 1.168644
    27 2.046984 0.000001 0.000000 0.175391 0.527256 -0.382986
    28 -0.000005 0.000007 3.713254 -3.204068 -0.120606 1.238399
    29 18.045723 0.000000 0.000000 0.000000 0.000000 -1.756393
    30 17.597597 0.000000 0.000000 -0.210887 0.105637 -0.141218
    31 0.000005 -0.000003 -3.713254 0.848441 2.461380 5.479079
    32 18.045721 0.000000 0.000000 0.000000 0.000000 -2.603394
    33 17.597597 0.000000 0.000000 0.362388 -0.168095 0.787471
  time 79
    0 -1.756901 -2.027255 -20.585090 0.000000 0.000000 -1.571017
    1 -5.132973 0.316416 0.000000 -1.570795 -1.570787 0.000000
    2 1.293670 0.684478 -0.000001 -0.162437 -0.054878 0.077556
    3 5.309685 -0.003834 0.000000 -0.012678 0.060642 -0.014261
    4 4.826790 -0.004591 0.000000 0.173348 -0.029482 0.076650
    5 5.792767 -0.005304 0.000000 -0.230117 0.132502 -0.046381
    6 6.662322 -0.001452 0.000000 0.045326 0.081900 0.160866
    7 -3.108188 1.516823 4.339626 1.238993 -1.024532 -4.799756
    8 4.827512 0.000000 -0.000002 -0.235328 -0.281580 -1.126569
    9 11.140032 0.000000 0.000000 0.070821 -0.157633 -1.848765
    10 10.314563 -0.000001 0.000001 -0.631182 -0.425366 0.774114
    11 1.646836 0.445664 -1.699647 -0.161704 0.581044 -0.283978
    12 0.928312 0.000000 0.000000 0.000000 0.000000 0.000000
    13 0.928313 0.000000 -0.000001 0.000000 0.000000 0.000000
    14 2.979373 -0.388274 -0.044205 -0.000805 -0.043611 0.000046
    15 1.435262 -0.000001 -0.000001 0.000000 0.000000 0.872146
    16 1.482593 -0.000001 0.000001 0.000000 0.000000 0.907041
    17 -2.869899 1.399667 -4.140396 -1.163265 1.764468 -4.903713
    18 4.972047 0.000000 0.000000 1.245597 -0.399789 -1.886962
    19 11.585358 0.000000 0.000001 0.336642 -0.317318 -1.286603
    20 10.127058 0.000000 0.000001 1.908240 0.652682 0.795045
    21 1.537458 0.109715 1.664489 -0.264662 -0.055995 0.783079
    22 0.928313 0.000000 0.000002 0.000000 0.000000 -0.453501
    23 0.928311 0.000000 0.000001 0.000000 0.000000 0.000000
    24 2.686395 -0.427337 0.044204 -0.005762 0.043239 -0.157074
    25 1.435260 0.000000 0.000001 0.000000 0.000000 0.732613
    26 1.482593 0.000000 -0.000001 0.000000 0.000000 1.168644
    27 2.046984 0.000001 0.000000 0.175391 0.527256 -0.382986
    28 -0.000005 0.000007 3.713254 -3.204068 -0.120606 1.238399
    29 18.045723 0.000000 0.000000 0.000000 0.000000 -1.756393
    30 17.597597 0.000000 0.000000 -0.210887 0.105637 -0.141218
    31 0.000005 -0.000003 -3.713254 0.848441 2.461380 5.479079
    32 18.045721 0.000000 0.000000 0.000000 0.000000 -2.603394
    33 17.597597 0.000000 0.000000 0.362388 -0.168095 0.787471
  time 80
    0 -1.756901 -2.027255 -20.585090 0.000000 0.000000 -1.571017
    1 -5.132973 0.316416 0.000000 -1.570795 -1.570787 0.000000
    2 1.293670 0.684478 -0.000001 -0.162437 -0.054878 0.077556
    3 5.309685 -0.003834 0.000000 -0.012678 0.060642 -0.014261
    4 4.826790 -0.004591 0.000000 0.173348 -0.029482 0.076650
    5 5.792767 -0.005304 0.000000 -0.230117 0.132502 -0.046381
    6 6.662322 -0.001452 0.000000 0.045326 0.081900 0.160866
    7 -3.108188 1.516823 4.339626 1.238993 -1.024532 -4.799756
    8 4.827512 0.000000 -0.000002 -0.270802 -0.266231 -1.000753
    9 11.140032 0.000000 0.000000 0.070821 -0.151990 -1.953025
    10 10.314563 -0.000001 0.000001 -0.640091 -0.286824 0.850874
    11 1.646836 0.445664 -1.699647 -0.161704 0.581044 -0.283978
    12 0.928312 0.000000 0.000000 0.000000 0.000000 0.000000
    13 0.928313 0.000000 -0.000001 0.000000 0.000000 0.000000
    14 2.979373 -0.388274 -0.044205 -0.000805 -0.043611 0.000046
    15 1.435262 -0.000001 -0.000001 0.000000 0.000000 0.872146
    16 1.482593 -0.000001 0.000001 0.000000 0.000000 0.907041
    17 -2.869899 1.399667 -4.140396 -1.163265 1.764468 -4.903713
    18 4.972047 0.000000 0.000000 1.241283 -0.404610 -1.881371
    19 11.585358 0.000000 0.000001 0.336642 -0.319406 -1.300488
    20 10.127058 0.000000 0.000001 1.908240 0.652682 0.795045
    21 1.537458 0.109715 1.664489 -0.264662 -0.055995 0.783079
    22 0.928313 0.000000 0.000002 0.000000 0.000000 -0.453501
    23 0.928311 0.000000 0.000001 0.000000 0.000000 0.000000
    24 2.686395 -0.427337 0.044204 -0.005762 0.043239 -0.157074
    25 1.435260 0.000000 0.000001 0.000000 0.000000 0.732613
    26 1.482593 0.000000 -0.000001 0.000000 0.000000 1.168644
    27 2.046984 0.000001 0.000000 0.175391 0.527256 -0.382986
    28 -0.000005 0.000007 3.713254 -3.204068 -0.120606 1.238399
    29 18.045723 0.000000 0.000000 0.000000 0.000000 -1.756393
    30 17.597597 0.000000 0.000000 -0.210887 0.105637 -0.141218
    31 0.000005 -0.000003 -3.713254 0.848441 2.461380 5.479079
    32 18.045721 0.000000 0.000000 0.000000 0.000000 -2.603394
    33 17.597597 0.000000 0.000000 0.362388 -0.168095 0.787471
  time 81
    0 -1.756901 -2.027255 -20.585090 0.000000 0.000000 -1.571017
    1 -5.132973 0.316416 0.000000 -1.570795 -1.570787 0.000000
    2 1.293670 0.684478 -0.000001 -0.162437 -0.054878 0.077556
    3 5.309685 -0.003834 0.000000 -0.012678 0.060642 -0.015091
    4 4.826790 -0.004591 0.000000 0.173348 -0.029482 0.076011
    5 5.792767 -0.005304 0.000000 -0.230153 0.132418 -0.045841
    6 6.662322 -0.001452 0.000000 0.045326 0.081900 0.160866
    7 -3.108188 1.516823 4.339626 1.238993 -1.024532 -4.799756
    8 4.827512 0.000000 -0.000002 -0.316161 -0.255060 -0.864279
    9 11.140032 0.000000 0.000000 0.070821 -0.147322 -2.023595
    10 10.314563 -0.000001 0.000001 -0.651749 -0.105288 0.951440
    11 1.646836 0.445664 -1.699647 -0.161704 0.581044 -0.283978
    12 0.928312 0.000000 0.000000 0.000000 0.000000 0.000000
    13 0.928313 0.000000 -0.000001 0.000000 0.000000 0.000000
    14 2.979373 -0.388274 -0.044205 -0.000805 -0.043611 0.000046
    15 1.435262 -0.000001 -0.000001 0.000000 0.000000 0.872146
    16 1.482593 -0.000001 0.000001 0.000000 0.000000 0.907041
    17 -2.869899 1.399667 -4.140396 -1.163265 1.764468 -4.903713
    18 4.972047 0.000000 0.000000 1.236030 -0.410395 -1.874849
    19 11.585358 0.000000 0.000001 0.336642 -0.321811 -1.316334
    20 10.127058 0.000000 0.000001 1.908240 0.652682 0.795045
    21 1.537458 0.109715 1.664489 -0.264662 -0.055995 0.783079
    22 0.928313 0.000000 0.000002 0.000000 0.000000 -0.453501
    23 0.928311 0.000000 0.000001 0.000000 0.000000 0.000000
    24 2.686395 -0.427337 0.044204 -0.005762 0.043239 -0.157074
    25 1.435260 0.000000 0.000001 0.000000 0.000000 0.732613
    26 1.482593 0.000000 -0.000001 0.000000 0.000000 1.168644
    27 2.046984 0.000001 0.000000 0.179096 0.525604 -0.388156
    28 -0.000005 0.000007 3.713254 -3.204068 -0.120606 1.238399
    29 18.045723 0.000000 0.000000 0.000000 0.000000 -1.756393
    30 17.597597 0.000000 0.000000 -0.210887 0.105637 -0.141218
    31 0.000005 -0.000003 -3.713254 0.848441 2.461380 5.479079
    32 18.045721 0.000000 0.000000 0.000000 0.000000 -2.603394
    33 17.597597 0.000000 0.000000 0.362388 -0.168095 0.787471
  time 82
    0 -1.756901 -2.027255 -20.585090 0.000000 0.000000 -1.571017
    1 -5.132973 0.316416 0.000000 -1.570795 -1.570787 0.000000
    2 1.293670 0.684478 -0.000001 -0.162437 -0.054878 0.077556
    3 5.309685 -0.003834 0.000000 -0.012678 0.060642 -0.017335
    4 4.826790 -0.004591 0.000000 0.173348 -0.029482 0.074313
    5 5.792767 -0.005304 0.000000 -0.230225 0.132166 -0.044325
    6 6.662322 -0.001452 0.000000 0.045326 0.081900 0.160866
    7 -3.108188 1.516823 4.339626 1.238993 -1.024532 -4.799756
    8 4.827512 0.000000 -0.000002 -0.358252 -0.253355 -0.746781
    9 11.140032 0.000000 0.000000 0.070821 -0.146398 -2.035695
    10 10.314563 -0.000001 0.000001 -0.665776 0.112032 1.071863
    11 1.646836 0.445664 -1.699647 -0.161704 0.581044 -0.283978
    12 0.928312 0.000000 0.000000 0.000000 0.000000 0.000000
    13 0.928313 0.000000 -0.000001 0.000000 0.000000 0.000000
    14 2.979373 -0.388274 -0.044205 -0.000805 -0.043611 0.000046
    15 1.435262 -0.000001 -0.000001 0.000000 0.000000 0.872146
    16 1.482593 -0.000001 0.000001 0.000000 0.000000 0.907041
    17 -2.869899 1.399667 -4.140396 -1.163265 1.764468 -4.903713
    18 4.972047 0.000000 0.000000 1.230590 -0.416502 -1.868326
    19 11.585358 0.000000 0.000001 0.336642 -0.324103 -1.331527
    20 10.127058 0.000000 0.000001 1.908240 0.652682 0.795045
    21 1.537458 0.109715 1.664489 -0.264662 -0.055995 0.783079
    22 0.928313 0.000000 0.000002 0.000000 0.000000 -0.453501
    23 0.928311 0.000000 0.000001 0.000000 0.000000 0.000000
    24 2.686395 -0.427337 0.044204 -0.005762 0.043239 -0.157074
    25 1.435260 0.000000 0.000001 0.000000 0.000000 0.732613
    26 1.482593 0.000000 -0.000001 0.000000 0.000000 1.168644
    27 2.046984 0.000001 0.000000 0.189091 0.521149 -0.402086
    28 -0.000005 0.000007 3.713254 -3.204068 -0.120606 1.238399
    29 18.045723 0.000000 0.000000 0.000000 0.000000 -1.756393
    30 17.597597 0.000000 0.000000 -0.210887 0.105637 -0.141218
    31 0.000005 -0.000003 -3.713254 0.848441 2.461380 5.479079
    32 18.045721 0.000000 0.000000 0.000000 0.000000 -2.603394
    33 17.597597 0.000000 0.000000 0.362388 -0.168095 0.787471
  time 83
    0 -1.756901 -2.027255 -20.585090 0.000000 0.000000 -1.571017
    1 -5.132973 0.316416 0.000000 -1.570795 -1.570787 0.000000
    2 1.293670 0.684478 -0.000001 -0.162437 -0.054878 0.077556
    3 5.309685 -0.003834 0.000000 -0.012678 0.060642 -0.020655
    4 4.826790 -0.004591 0.000000 0.173348 -0.029482 0.071777
    5 5.792767 -0.005304 0.000000 -0.230369 0.131771 -0.042000
    6 6.662322 -0.001452 0.000000 0.045326 0.081900 0.160866
    7 -3.108188 1.516823 4.339626 1.238993 -1.024532 -4.799756
    8 4.827512 0.000000 -0.000002 -0.384239 -0.263246 -0.684739
    9 11.140032 0.000000 0.000000 0.070821 -0.150043 -1.983746
    10 10.314563 -0.000001 0.000001 -0.681508 0.358109 1.208138
    11 1.646836 0.445664 -1.699647 -0.161704 0.581044 -0.283978
    12 0.928312 0.000000 0.000000 0.000000 0.000000 0.000000
    13 0.928313 0.000000 -0.000001 0.000000 0.000000 0.000000
    14 2.979373 -0.388274 -0.044205 -0.000805 -0.043611 0.000046
    15 1.435262 -0.000001 -0.000001 0.000000 0.000000 0.872146
    16 1.482593 -0.000001 0.000001 0.000000 0.000000 0.907041
    17 -2.869899 1.399667 -4.140396 -1.163265 1.764468 -4.903713
    18 4.972047 0.000000 0.000000 1.224962 -0.422769 -1.861604
    19 11.585358 0.000000 0.000001 0.336642 -0.326462 -1.347128
    20 10.127058 0.000000 0.000001 1.908240 0.652682 0.795045
    21 1.537458 0.109715 1.664489 -0.264662 -0.055995 0.783079
    22 0.928313 0.000000 0.000002 0.000000 0.000000 -0.453501
    23 0.928311 0.000000 0.000001 0.000000 0.000000 0.000000
    24 2.686395 -0.427337 0.044204 -0.005762 0.043239 -0.157074
    25 1.435260 0.000000 0.000001 0.000000 0.000000 0.732613
    26 1.482593 0.000000 -0.000001 0.000000 0.000000 1.168644
    27 2.046984 0.000001 0.000000 0.203825 0.514599 -0.422585
    28 -0.000005 0.000007 3.713254 -3.204068 -0.120606 1.238399
    29 18.045723 0.000000 0.000000 0.000000 0.000000 -1.756393
    30 17.597597 0.000000 0.000000 -0.210887 0.105637 -0.141218
    31 0.000005 -0.000003 -3.713254 0.848441 2.461380 5.479079
    32 18.045721 0.000000 0.000000 0.000000 0.000000 -2.603394
    33 17.597597 0.000000 0.000000 0.362388 -0.168095 0.787471
  time 84
    0 -1.756901 -2.027255 -20.585090 0.000000 0.000000 -1.571017
    1 -5.132973 0.316416 0.000000 -1.570795 -1.570787 0.000000
    2 1.293670 0.684478 -0.000001 -0.162437 -0.054878 0.077556
    3 5.309685 -0.003834 0.000000 -0.012678 0.060642 -0.024700
    4 4.826790 -0.004591 0.000000 0.173348 -0.029482 0.068713
    5 5.792767 -0.005304 0.000000 -0.230531 0.131267 -0.038989
    6 6.662322 -0.001452 0.000000 0.045326 0.081900 0.160866
    7 -3.108188 1.516823 4.339626 1.238993 -1.024532 -4.799756
    8 4.827512 0.000000 -0.000002 -0.376427 -0.259409 -0.650165
    9 11.140032 0.000000 0.000000 0.070821 -0.156110 -1.879413
    10 10.314563 -0.000001 0.000001 -0.698758 0.625731 1.356373
    11 1.646836 0.445664 -1.699647 -0.161704 0.581044 -0.283978
    12 0.928312 0.000000 0.000000 0.000000 0.000000 0.000000
    13 0.928313 0.000000 -0.000001 0.000000 0.000000 0.000000
    14 2.979373 -0.388274 -0.044205 -0.000805 -0.043611 0.000046
    15 1.435262 -0.000001 -0.000001 0.000000 0.000000 0.872146
    16 1.482593 -0.000001 0.000001 0.000000 0.000000 0.907041
    17 -2.869899 1.399667 -4.140396 -1.163265 1.764468 -4.903713
    18 4.972047 0.000000 0.000000 1.219240 -0.428635 -1.854616
    19 11.585358 0.000000 0.000001 0.336642 -0.328913 -1.363300
    20 10.127058 0.000000 0.000001 1.908240 0.652682 0.795045
    21 1.537458 0.109715 1.664489 -0.264662 -0.055995 0.783079
    22 0.928313 0.000000 0.000002 0.000000 0.000000 -0.453501
    23 0.928311 0.000000 0.000001 0.000000 0.000000 0.000000
    24 2.686395 -0.427337 0.044204 -0.005762 0.043239 -0.157074
    25 1.435260 0.000000 0.000001 0.000000 0.000000 0.732613
    26 1.482593 0.000000 -0.000001 0.000000 0.000000 1.168644
    27 2.046984 0.000001 0.000000 0.221748 0.506663 -0.447525
    28 -0.000005 0.000007 3.713254 -3.204068 -0.120606 1.238399
    29 18.045723 0.000000 0.000000 0.000000 0.000000 -1.756393
    30 17.597597 0.000000 0.000000 -0.210887 0.105637 -0.141218
    31 0.000005 -0.000003 -3.713254 0.848441 2.461380 5.479079
    32 18.045721 0.000000 0.000000 0.000000 0.000000 -2.603394
    33 17.597597 0.000000 0.000000 0.362388 -0.168095 0.787471
  time 85
    0 -1.756901 -2.027255 -20.585090 0.000000 0.000000 -1.571017
    1 -5.132973 0.316416 0.000000 -1.570795 -1.570787 0.000000
    2 1.293670 0.684478 -0.000001 -0.162437 -0.054878 0.077556
    3 5.309685 -0.003834 0.000000 -0.012678 0.060642 -0.029081
    4 4.826790 -0.004591 0.000000 0.173348 -0.029482 0.065361
    5 5.792767 -0.005304 0.000000 -0.230729 0.130680 -0.035460
    6 6.662322 -0.001452 0.000000 0.045326 0.081900 0.160866
    7 -3.108188 1.516823 4.339626 1.238993 -1.024532 -4.799756
    8 4.827512 0.000000 -0.000002 -0.340634 -0.235447 -0.615245
    9 11.140032 0.000000 0.000000 0.070821 -0.161902 -1.728999
    10 10.314563 -0.000001 0.000001 -0.716860 0.907684 1.512506
    11 1.646836 0.445664 -1.699647 -0.161704 0.581044 -0.283978
    12 0.928312 0.000000 0.000000 0.000000 0.000000 0.000000
    13 0.928313 0.000000 -0.000001 0.000000 0.000000 0.000000
    14 2.979373 -0.388274 -0.044205 -0.000805 -0.043611 0.000046
    15 1.435262 -0.000001 -0.000001 0.000000 0.000000 0.872146
    16 1.482593 -0.000001 0.000001 0.000000 0.000000 0.907041
    17 -2.869899 1.399667 -4.140396 -1.163265 1.764468 -4.903713
    18 4.972047 0.000000 0.000000 1.213612 -0.434099 -1.847628
    19 11.585358 0.000000 0.000001 0.336642 -0.330978 -1.380535
    20 10.127058 0.000000 0.000001 1.908240 0.652682 0.795045
    21 1.537458 0.109715 1.664489 -0.264662 -0.055995 0.783079
    22 0.928313 0.000000 0.000002 0.000000 0.000000 -0.453501
    23 0.928311 0.000000 0.000001 0.000000 0.000000 0.000000
    24 2.686395 -0.427337 0.044204 -0.005762 0.043239 -0.157074
    25 1.435260 0.000000 0.000001 0.000000 0.000000 0.732613
    26 1.482593 0.000000 -0.000001 0.000000 0.000000 1.168644
    27 2.046984 0.000001 0.000000 0.241221 0.497989 -0.474655
    28 -0.000005 0.000007 3.713254 -3.204068 -0.120606 1.238399
    29 18.045723 0.000000 0.000000 0.000000 0.000000 -1.756393
    30 17.597597 0.000000 0.000000 -0.210887 0.105637 -0.141218
    31 0.000005 -0.000003 -3.713254 0.848441 2.461380 5.479079
    32 18.045721 0.000000 0.000000 0.000000 0.000000 -2.603394
    33 17.597597 0.000000 0.000000 0.362388 -0.168095 0.787471
  time 86
    0 -1.756901 -2.027255 -20.585090 0.000000 0.000000 -1.571017
    1 -5.132973 0.316416 0.000000 -1.570795 -1.570787 0.000000
    2 1.293670 0.684478 -0.000001 -0.162437 -0.054878 0.077556
    3 5.309685 -0.003834 0.000000 -0.012678 0.060642 -0.033462
    4 4.826790 -0.004591 0.000000 0.173348 -0.029482 0.062032
    5 5.792767 -0.005304 0.000000 -0.230944 0.130021 -0.031556
    6 6.662322 -0.001452 0.000000 0.045326 0.081900 0.160866
    7 -3.108188 1.516823 4.339626 1.238993 -1.024532 -4.799756
    8 4.827512 0.000000 -0.000002 -0.306595 -0.214299 -0.607967
    9 11.140032 0.000000 0.000000 0.070821 -0.163749 -1.527217
    10 10.314563 -0.000001 0.000001 -0.735436 1.196756 1.672644
    11 1.646836 0.445664 -1.699647 -0.161704 0.581044 -0.283978
    12 0.928312 0.000000 0.000000 0.000000 0.000000 0.000000
    13 0.928313 0.000000 -0.000001 0.000000 0.000000 0.000000
    14 2.979373 -0.388274 -0.044205 -0.000805 -0.043611 0.000046
    15 1.435262 -0.000001 -0.000001 0.000000 0.000000 0.872146
    16 1.482593 -0.000001 0.000001 0.000000 0.000000 0.907041
    17 -2.869899 1.399667 -4.140396 -1.163265 1.764468 -4.903713
    18 4.972047 0.000000 0.000000 1.208172 -0.438518 -1.840440
    19 11.585358 0.000000 0.000001 0.336642 -0.333201 -1.399076
    20 10.127058 0.000000 0.000001 1.908240 0.652682 0.795045
    21 1.537458 0.109715 1.664489 -0.264662 -0.055995 0.783079
    22 0.928313 0.000000 0.000002 0.000000 0.000000 -0.453501
    23 0.928311 0.000000 0.000001 0.000000 0.000000 0.000000
    24 2.686395 -0.427337 0.044204 -0.005762 0.043239 -0.157074
    25 1.435260 0.000000 0.000001 0.000000 0.000000 0.732613
    26 1.482593 0.000000 -0.000001 0.000000 0.000000 1.168644
    27 2.046984 0.000001 0.000000 0.260695 0.489315 -0.501784
    28 -0.000005 0.000007 3.713254 -3.204068 -0.120606 1.238399
    29 18.045723 0.000000 0.000000 0.000000 0.000000 -1.756393
    30 17.597597 0.000000 0.000000 -0.210887 0.105637 -0.141218
    31 0.000005 -0.000003 -3.713254 0.848441 2.461380 5.479079
    32 18.045721 0.000000 0.000000 0.000000 0.000000 -2.603394
    33 17.597597 0.000000 0.000000 0.362388 -0.168095 0.787471
  time 87
    0 -1.756901 -2.027255 -20.585090 0.000000 0.000000 -1.571017
    1 -5.132973 0.316416 0.000000 -1.570795 -1.570787 0.000000
    2 1.293670 0.684478 -0.000001 -0.162437 -0.054878 0.077556
    3 5.309685 -0.003834 0.000000 -0.012678 0.060642 -0.037489
    4 4.826790 -0.004591 0.000000 0.173348 -0.029482 0.058967
    5 5.792767 -0.005304 0.000000 -0.231160 0.129326 -0.027445
    6 6.662322 -0.001452 0.000000 0.045326 0.081900 0.160866
    7 -3.108188 1.516823 4.339626 1.238993 -1.024532 -4.799756
    8 4.827512 0.000000 -0.000002 -0.293362 -0.209012 -0.640807
    9 11.140032 0.000000 0.000000 0.070821 -0.156959 -1.279499
    10 10.314563 -0.000001 0.000001 -0.754012 1.485829 1.832725
    11 1.646836 0.445664 -1.699647 -0.161704 0.581044 -0.283978
    12 0.928312 0.000000 0.000000 0.000000 0.000000 0.000000
    13 0.928313 0.000000 -0.000001 0.000000 0.000000 0.000000
    14 2.979373 -0.388274 -0.044205 -0.000805 -0.043611 0.000046
    15 1.435262 -0.000001 -0.000001 0.000000 0.000000 0.872146
    16 1.482593 -0.000001 0.000001 0.000000 0.000000 0.907041
    17 -2.869899 1.399667 -4.140396 -1.163265 1.764468 -4.903713
    18 4.972047 0.000000 0.000000 1.203107 -0.441571 -1.833118
    19 11.585358 0.000000 0.000001 0.336642 -0.335606 -1.419414
    20 10.127058 0.000000 0.000001 1.908240 0.652682 0.795045
    21 1.537458 0.109715 1.664489 -0.264662 -0.055995 0.783079
    22 0.928313 0.000000 0.000002 0.000000 0.000000 -0.453501
    23 0.928311 0.000000 0.000001 0.000000 0.000000 0.000000
    24 2.686395 -0.427337 0.044204 -0.005762 0.043239 -0.157074
    25 1.435260 0.000000 0.000001 0.000000 0.000000 0.732613
    26 1.482593 0.000000 -0.000001 0.000000 0.000000 1.168644
    27 2.046984 0.000001 0.000000 0.278617 0.481378 -0.526724
    28 -0.000005 0.000007 3.713254 -3.204068 -0.120606 1.238399
    29 18.045723 0.000000 0.000000 0.000000 0.000000 -1.756393
    30 17.597597 0.000000 0.000000 -0.210887 0.105637 -0.141218
    31 0.000005 -0.000003 -3.713254 0.848441 2.461380 5.479079
    32 18.045721 0.000000 0.000000 0.000000 0.000000 -2.603394
    33 17.597597 0.000000 0.000000 0.362388 -0.168095 0.787471
  time 88
    0 -1.756901 -2.027255 -20.585090 0.000000 0.000000 -1.571017
    1 -5.132973 0.316416 0.000000 -1.570795 -1.570787 0.000000
    2 1.293670 0.684478 -0.000001 -0.162437 -0.054878 0.077556
    3 5.309685 -0.003834 0.000000 -0.012678 0.060642 -0.040810
    4 4.826790 -0.004591 0.000000 0.173348 -0.029482 0.056432
    5 5.792767 -0.005304 0.000000 -0.231394 0.128619 -0.023230
    6 6.662322 -0.001452 0.000000 0.045326 0.081900 0.160866
    7 -3.108188 1.516823 4.339626 1.238993 -1.024532 -4.799756
    8 4.827512 0.000000 -0.000002 -0.303965 -0.225470 -0.709001
    9 11.140032 0.000000 0.000000 0.070821 -0.138184 -1.004538
    10 10.314563 -0.000001 0.000001 -3.913570 1.373703 -1.152601
    11 1.646836 0.445664 -1.699647 -0.161704 0.581044 -0.283978
    12 0.928312 0.000000 0.000000 0.000000 0.000000 0.000000
    13 0.928313 0.000000 -0.000001 0.000000 0.000000 0.000000
    14 2.979373 -0.388274 -0.044205 -0.000805 -0.043611 0.000046
    15 1.435262 -0.000001 -0.000001 0.000000 0.000000 0.872146
    16 1.482593 -0.000001 0.000001 0.000000 0.000000 0.907041
    17 -2.869899 1.399667 -4.140396 -1.163265 1.764468 -4.903713
    18 4.972047 0.000000 0.000000 1.197666 -0.442134 -1.823468
    19 11.585358 0.000000 0.000001 0.336642 -0.339214 -1.449963
    20 10.127058 0.000000 0.000001 1.908240 0.652682 0.795045
    21 1.537458 0.109715 1.664489 -0.264662 -0.055995 0.783079
    22 0.928313 0.000000 0.000002 0.000000 0.000000 -0.453501
    23 0.928311 0.000000 0.000001 0.000000 0.000000 0.000000
    24 2.686395 -0.427337 0.044204 -0.005762 0.043239 -0.157074
    25 1.435260 0.000000 0.000001 0.000000 0.000000 0.732613
    26 1.482593 0.000000 -0.000001 0.000000 0.000000 1.168644
    27 2.046984 0.000001 0.000000 0.293352 0.474828 -0.547223
    28 -0.000005 0.000007 3.713254 -3.204068 -0.120606 1.238399
    29 18.045723 0.000000 0.000000 0.000000 0.000000 -1.756393
    30 17.597597 0.000000 0.000000 -0.210887 0.105637 -0.141218
    31 0.000005 -0.000003 -3.713254 0.848441 2.461380 5.479079
    32 18.045721 0.000000 0.000000 0.000000 0.000000 -2.603394
    33 17.597597 0.000000 0.000000 0.362388 -0.168095 0.787471
  time 89
    0 -1.756901 -2.027255 -20.585090 0.000000 0.000000 -1.571017
    1 -5.132973 0.316416 0.000000 -1.570795 -1.570787 0.000000
    2 1.293670 0.684478 -0.000001 -0.162437 -0.054878 0.077556
    3 5.309685 -0.003834 0.000000 -0.012678 0.060642 -0.043071
    4 4.826790 -0.004591 0.000000 0.173348 -0.029482 0.054712
    5 5.792767 -0.005304 0.000000 -0.231628 0.127924 -0.019098
    6 6.662322 -0.001452 0.000000 0.045326 0.081900 0.160866
    7 -3.108188 1.516823 4.339626 1.238993 -1.024532 -4.799756
    8 4.827512 0.000000 -0.000002 -0.327003 -0.259153 -0.789499
    9 11.140032 0.000000 0.000000 0.070821 -0.111346 -0.748778
    10 10.314563 -0.000001 0.000001 -3.930819 1.106175 -1.004423
    11 1.646836 0.445664 -1.699647 -0.161704 0.581044 -0.283978
    12 0.928312 0.000000 0.000000 0.000000 0.000000 0.000000
    13 0.928313 0.000000 -0.000001 0.000000 0.000000 0.000000
    14 2.979373 -0.388274 -0.044205 -0.000805 -0.043611 0.000046
    15 1.435262 -0.000001 -0.000001 0.000000 0.000000 0.872146
    16 1.482593 -0.000001 0.000001 0.000000 0.000000 0.907041
    17 -2.869899 1.399667 -4.140396 -1.163265 1.764468 -4.903713
    18 4.972047 0.000000 0.000000 1.191382 -0.440446 -1.810423
    19 11.585358 0.000000 0.000001 0.336642 -0.343253 -1.496602
    20 10.127058 0.000000 0.000001 1.908240 0.652682 0.795045
    21 1.537458 0.109715 1.664489 -0.264662 -0.055995 0.783079
    22 0.928313 0.000000 0.000002 0.000000 0.000000 -0.453501
    23 0.928311 0.000000 0.000001 0.000000 0.000000 0.000000
    24 2.686395 -0.427337 0.044204 -0.005762 0.043239 -0.157074
    25 1.435260 0.000000 0.000001 0.000000 0.000000 0.732613
    26 1.482593 0.000000 -0.000001 0.000000 0.000000 1.168644
    27 2.046984 0.000001 0.000000 0.303347 0.470373 -0.561153
    28 -0.000005 0.000007 3.713254 -3.204068 -0.120606 1.238399
    29 18.045723 0.000000 0.000000 0.000000 0.000000 -1.756393
    30 17.597597 0.000000 0.000000 -0.210887 0.105637 -0.141218
    31 0.000005 -0.000003 -3.713254 0.848441 2.461380 5.479079
    32 18.045721 0.000000 0.000000 0.000000 0.000000 -2.603394
    33 17.597597 0.000000 0.000000 0.362388 -0.168095 0.787471
  time 90
    0 -1.756901 -2.027255 -20.585090 0.000000 0.000000 -1.571017
    1 -5.132973 0.316416 0.000000 -1.570795 -1.570787 0.000000
    2 1.293670 0.684478 -0.000001 -0.162437 -0.054878 0.077556
    3 5.309685 -0.003834 0.000000 -0.012678 0.060642 -0.043901
    4 4.826790 -0.004591 0.000000 0.173348 -0.029482 0.054095
    5 5.792767 -0.005304 0.000000 -0.231844 0.127264 -0.015195
    6 6.662322 -0.001452 0.000000 0.045326 0.081900 0.160866
    7 -3.108188 1.516823 4.339626 1.238993 -1.024532 -4.799756
    8 4.827512 0.000000 -0.000002 -0.340555 -0.282604 -0.831265
    9 11.140032 0.000000 0.000000 0.070821 -0.096043 -0.627491
    10 10.314563 -0.000001 0.000001 -3.946552 0.860098 -0.868091
    11 1.646836 0.445664 -1.699647 -0.161704 0.581044 -0.283978
    12 0.928312 0.000000 0.000000 0.000000 0.000000 0.000000
    13 0.928313 0.000000 -0.000001 0.000000 0.000000 0.000000
    14 2.979373 -0.388274 -0.044205 -0.000805 -0.043611 0.000046
    15 1.435262 -0.000001 -0.000001 0.000000 0.000000 0.872146
    16 1.482593 -0.000001 0.000001 0.000000 0.000000 0.907041
    17 -2.869899 1.399667 -4.140396 -1.163265 1.764468 -4.903713
    18 4.972047 0.000000 0.000000 1.186223 -0.435465 -1.796513
    19 11.585358 0.000000 0.000001 0.336642 -0.347541 -1.552307
    20 10.127058 0.000000 0.000001 1.908240 0.652682 0.795045
    21 1.537458 0.109715 1.664489 -0.264662 -0.055995 0.783079
    22 0.928313 0.000000 0.000002 0.000000 0.000000 -0.453501
    23 0.928311 0.000000 0.000001 0.000000 0.000000 0.000000
    24 2.686395 -0.427337 0.044204 -0.005762 0.043239 -0.157074
    25 1.435260 0.000000 0.000001 0.000000 0.000000 0.732613
    26 1.482593 0.000000 -0.000001 0.000000 0.000000 1.168644
    27 2.046984 0.000001 0.000000 0.307009 0.468721 -0.566324
    28 -0.000005 0.000007 3.713254 -3.204068 -0.120606 1.238399
    29 18.045723 0.000000 0.000000 0.000000 0.000000 -1.756393
    30 17.597597 0.000000 0.000000 -0.210887 0.105637 -0.141218
    31 0.000005 -0.000003 -3.713254 0.848441 2.461380 5.479079
    32 18.045721 0.000000 0.000000 0.000000 0.000000 -2.603394
    33 17.597597 0.000000 0.000000 0.362388 -0.168095 0.787471
  time 91
    0 -1.756901 -2.027255 -20.585090 0.000000 0.000000 -1.571017
    1 -5.132973 0.316416 0.000000 -1.570795 -1.570787 0.000000
    2 1.293670 0.684478 -0.000001 -0.162437 -0.054878 0.077556
    3 5.309685 -0.003834 0.000000 -0.012678 0.060642 -0.043901
    4 4.826790 -0.004591 0.000000 0.173348 -0.029482 0.054095
    5 5.792767 -0.005304 0.000000 -0.232024 0.126677 -0.011665
    6 6.662322 -0.001452 0.000000 0.045326 0.081900 0.160866
    7 -3.108188 1.516823 4.339626 1.238993 -1.024532 -4.799756
    8 4.827512 0.000000 -0.000002 -0.348526 -0.296162 -0.852927
    9 11.140032 0.000000 0.000000 0.070821 -0.101735 -0.671325
    10 10.314563 -0.000001 0.000001 -3.960579 0.642685 -0.747667
    11 1.646836 0.445664 -1.699647 -0.161704 0.581044 -0.283978
    12 0.928312 0.000000 0.000000 0.000000 0.000000 0.000000
    13 0.928313 0.000000 -0.000001 0.000000 0.000000 0.000000
    14 2.979373 -0.388274 -0.044205 -0.000805 -0.043611 0.000046
    15 1.435262 -0.000001 -0.000001 0.000000 0.000000 0.872146
    16 1.482593 -0.000001 0.000001 0.000000 0.000000 0.907041
    17 -2.869899 1.399667 -4.140396 -1.163265 1.764468 -4.903713
    18 4.972047 0.000000 0.000000 1.183315 -0.428394 -1.784200
    19 11.585358 0.000000 0.000001 0.336642 -0.350468 -1.610055
    20 10.127058 0.000000 0.000001 1.908240 0.652682 0.795045
    21 1.537458 0.109715 1.664489 -0.264662 -0.055995 0.783079
    22 0.928313 0.000000 0.000002 0.000000 0.000000 -0.453501
    23 0.928311 0.000000 0.000001 0.000000 0.000000 0.000000
    24 2.686395 -0.427337 0.044204 -0.005762 0.043239 -0.157074
    25 1.435260 0.000000 0.000001 0.000000 0.000000 0.732613
    26 1.482593 0.000000 -0.000001 0.000000 0.000000 1.168644
    27 2.046984 0.000001 0.000000 0.307009 0.468721 -0.566324
    28 -0.000005 0.000007 3.713254 -3.204068 -0.120606 1.238399
    29 18.045723 0.000000 0.000000 0.000000 0.000000 -1.756393
    30 17.597597 0.000000 0.000000 -0.210887 0.105637 -0.141218
    31 0.000005 -0.000003 -3.713254 0.848441 2.461380 5.479079
    32 18.045721 0.000000 0.000000 0.000000 0.000000 -2.603394
    33 17.597597 0.000000 0.000000 0.362388 -0.168095 0.787471
  time 92
    0 -1.756901 -2.027255 -20.585090 0.000000 0.000000 -1.571017
    1 -5.132973 0.316416 0.000000 -1.570795 -1.570787 0.000000
    2 1.293670 0.684478 -0.000001 -0.162437 -0.054878 0.077556
    3 5.309685 -0.003834 0.000000 -0.012678 0.060642 -0.043901
    4 4.826790 -0.004591 0.000000 0.173348 -0.029482 0.054095
    5 5.792767 -0.005304 0.000000 -0.232204 0.126174 -0.008676
    6 6.662322 -0.001452 0.000000 0.045326 0.081900 0.160866
    7 -3.108188 1.516823 4.339626 1.238993 -1.024532 -4.799756
    8 4.827512 0.000000 -0.000002 -0.369014 -0.336326 -0.919388
    9 11.140032 0.000000 0.000000 0.070821 -0.107926 -0.720376
    10 10.314563 -0.000001 0.000001 -3.972237 0.461055 -0.647102
    11 1.646836 0.445664 -1.699647 -0.161704 0.581044 -0.283978
    12 0.928312 0.000000 0.000000 0.000000 0.000000 0.000000
    13 0.928313 0.000000 -0.000001 0.000000 0.000000 0.000000
    14 2.979373 -0.388274 -0.044205 -0.000805 -0.043611 0.000046
    15 1.435262 -0.000001 -0.000001 0.000000 0.000000 0.872146
    16 1.482593 -0.000001 0.000001 0.000000 0.000000 0.907041
    17 -2.869899 1.399667 -4.140396 -1.163265 1.764468 -4.903713
    18 4.972047 0.000000 0.000000 1.183221 -0.420037 -1.775282
    19 11.585358 0.000000 0.000001 0.336642 -0.351830 -1.661268
    20 10.127058 0.000000 0.000001 1.908240 0.652682 0.795045
    21 1.537458 0.109715 1.664489 -0.264662 -0.055995 0.783079
    22 0.928313 0.000000 0.000002 0.000000 0.000000 -0.453501
    23 0.928311 0.000000 0.000001 0.000000 0.000000 0.000000
    24 2.686395 -0.427337 0.044204 -0.005762 0.043239 -0.157074
    25 1.435260 0.000000 0.000001 0.000000 0.000000 0.732613
    26 1.482593 0.000000 -0.000001 0.000000 0.000000 1.168644
    27 2.046984 0.000001 0.000000 0.307009 0.468721 -0.566324
    28 -0.000005 0.000007 3.713254 -3.204068 -0.120606 1.238399
    29 18.045723 0.000000 0.000000 0.000000 0.000000 -1.756393
    30 17.597597 0.000000 0.000000 -0.210887 0.105637 -0.141218
    31 0.000005 -0.000003 -3.713254 0.848441 2.461380 5.479079
    32 18.045721 0.000000 0.000000 0.000000 0.000000 -2.603394
    33 17.597597 0.000000 0.000000 0.362388 -0.168095 0.787471
  time 93
    0 -1.756901 -2.027255 -20.585090 0.000000 0.000000 -1.571017
    1 -5.132973 0.316416 0.000000 -1.570795 -1.570787 0.000000
    2 1.293670 0.684478 -0.000001 -0.162437 -0.054878 0.077556
    3 5.309685 -0.003834 0.000000 -0.012678 0.060642 -0.043901
    4 4.826790 -0.004591 0.000000 0.173348 -0.029482 0.054095
    5 5.792767 -0.005304 0.000000 -0.232330 0.125778 -0.006329
    6 6.662322 -0.001452 0.000000 0.045326 0.081900 0.160866
    7 -3.108188 1.516823 4.339626 1.238993 -1.024532 -4.799756
    8 4.827512 0.000000 -0.000002 -0.390378 -0.393118 -1.004392
    9 11.140032 0.000000 0.000000 0.070821 -0.107627 -0.717913
    10 10.314563 -0.000001 0.000001 -3.981145 0.322514 -0.570342
    11 1.646836 0.445664 -1.699647 -0.161704 0.581044 -0.283978
    12 0.928312 0.000000 0.000000 0.000000 0.000000 0.000000
    13 0.928313 0.000000 -0.000001 0.000000 0.000000 0.000000
    14 2.979373 -0.388274 -0.044205 -0.000805 -0.043611 0.000046
    15 1.435262 -0.000001 -0.000001 0.000000 0.000000 0.872146
    16 1.482593 -0.000001 0.000001 0.000000 0.000000 0.907041
    17 -2.869899 1.399667 -4.140396 -1.163265 1.764468 -4.903713
    18 4.972047 0.000000 0.000000 1.185003 -0.411842 -1.769358
    19 11.585358 0.000000 0.000001 0.336642 -0.352488 -1.702517
    20 10.127058 0.000000 0.000001 1.908240 0.652682 0.795045
    21 1.537458 0.109715 1.664489 -0.264662 -0.055995 0.783079
    22 0.928313 0.000000 0.000002 0.000000 0.000000 -0.453501
    23 0.928311 0.000000 0.000001 0.000000 0.000000 0.000000
    24 2.686395 -0.427337 0.044204 -0.005762 0.043239 -0.157074
    25 1.435260 0.000000 0.000001 0.000000 0.000000 0.732613
    26 1.482593 0.000000 -0.000001 0.000000 0.000000 1.168644
    27 2.046984 0.000001 0.000000 0.307009 0.468721 -0.566324
    28 -0.000005 0.000007 3.713254 -3.204068 -0.120606 1.238399
    29 18.045723 0.000000 0.000000 0.000000 0.000000 -1.756393
    30 17.597597 0.000000 0.000000 -0.210887 0.105637 -0.141218
    31 0.000005 -0.000003 -3.713254 0.848441 2.461380 5.479079
    32 18.045721 0.000000 0.000000 0.000000 0.000000 -2.603394
    33 17.597597 0.000000 0.000000 0.362388 -0.168095 0.787471
  time 94
    0 -1.756901 -2.027255 -20.585090 0.000000 0.000000 -1.571017
    1 -5.132973 0.316416 0.000000 -1.570795 -1.570787 0.000000
    2 1.293670 0.684478 -0.000001 -0.162437 -0.054878 0.077556
    3 5.309685 -0.003834 0.000000 -0.012678 0.060642 -0.043901
    4 4.826790 -0.004591 0.000000 0.173348 -0.029482 0.054095
    5 5.792767 -0.005304 0.000000 -0.232401 0.125527 -0.004834
    6 6.662322 -0.001452 0.000000 0.045326 0.081900 0.160866
    7 -3.108188 1.516823 4.339626 1.238993 -1.024532 -4.799756
    8 4.827512 0.000000 -0.000002 -0.399545 -0.424840 -1.048064
    9 11.140032 0.000000 0.000000 0.070821 -0.105579 -0.701031
    10 10.314563 -0.000001 0.000001 -3.986737 0.234087 -0.521395
    11 1.646836 0.445664 -1.699647 -0.161704 0.581044 -0.283978
    12 0.928312 0.000000 0.000000 0.000000 0.000000 0.000000
    13 0.928313 0.000000 -0.000001 0.000000 0.000000 0.000000
    14 2.979373 -0.388274 -0.044205 -0.000805 -0.043611 0.000046
    15 1.435262 -0.000001 -0.000001 0.000000 0.000000 0.872146
    16 1.482593 -0.000001 0.000001 0.000000 0.000000 0.907041
    17 -2.869899 1.399667 -4.140396 -1.163265 1.764468 -4.903713
    18 4.972047 0.000000 0.000000 1.187255 -0.405735 -1.766363
    19 11.585358 0.000000 0.000001 0.336642 -0.352329 -1.729716
    20 10.127058 0.000000 0.000001 1.908240 0.652682 0.795045
    21 1.537458 0.109715 1.664489 -0.264662 -0.055995 0.783079
    22 0.928313 0.000000 0.000002 0.000000 0.000000 -0.453501
    23 0.928311 0.000000 0.000001 0.000000 0.000000 0.000000
    24 2.686395 -0.427337 0.044204 -0.005762 0.043239 -0.157074
    25 1.435260 0.000000 0.000001 0.000000 0.000000 0.732613
    26 1.482593 0.000000 -0.000001 0.000000 0.000000 1.168644
    27 2.046984 0.000001 0.000000 0.307009 0.468721 -0.566324
    28 -0.000005 0.000007 3.713254 -3.204068 -0.120606 1.238399
    29 18.045723 0.000000 0.000000 0.000000 0.000000 -1.756393
    30 17.597597 0.000000 0.000000 -0.210887 0.105637 -0.141218
    31 0.000005 -0.000003 -3.713254 0.848441 2.461380 5.479079
    32 18.045721 0.000000 0.000000 0.000000 0.000000 -2.603394
    33 17.597597 0.000000 0.000000 0.362388 -0.168095 0.787471
  time 95
    0 -1.756901 -2.027255 -20.585090 0.000000 0.000000 -1.571017
    1 -5.132973 0.316416 0.000000 -1.570795 -1.570787 0.000000
    2 1.293670 0.684478 -0.000001 -0.162437 -0.054878 0.077556
    3 5.309685 -0.003834 0.000000 -0.012678 0.060642 -0.043901
    4 4.826790 -0.004591 0.000000 0.173348 -0.029482 0.054095
    5 5.792767 -0.005304 0.000000 -0.232437 0.125443 -0.004295
    6 6.662322 -0.001452 0.000000 0.045326 0.081900 0.160866
    7 -3.108188 1.516823 4.339626 1.238993 -1.024532 -4.799756
    8 4.827512 0.000000 -0.000002 -0.399705 -0.425608 -1.047977
    9 11.140032 0.000000 0.000000 0.070821 -0.105579 -0.701031
    10 10.314563 -0.000001 0.000001 -3.988822 0.203081 -0.504208
    11 1.646836 0.445664 -1.699647 -0.161704 0.581044 -0.283978
    12 0.928312 0.000000 0.000000 0.000000 0.000000 0.000000
    13 0.928313 0.000000 -0.000001 0.000000 0.000000 0.000000
    14 2.979373 -0.388274 -0.044205 -0.000805 -0.043611 0.000046
    15 1.435262 -0.000001 -0.000001 0.000000 0.000000 0.872146
    16 1.482593 -0.000001 0.000001 0.000000 0.000000 0.907041
    17 -2.869899 1.399667 -4.140396 -1.163265 1.764468 -4.903713
    18 4.972047 0.000000 0.000000 1.188193 -0.403325 -1.765432
    19 11.585358 0.000000 0.000001 0.336642 -0.352125 -1.739763
    20 10.127058 0.000000 0.000001 1.908240 0.652682 0.795045
    21 1.537458 0.109715 1.664489 -0.264662 -0.055995 0.783079
    22 0.928313 0.000000 0.000002 0.000000 0.000000 -0.453501
    23 0.928311 0.000000 0.000001 0.000000 0.000000 0.000000
    24 2.686395 -0.427337 0.044204 -0.005762 0.043239 -0.157074
    25 1.435260 0.000000 0.000001 0.000000 0.000000 0.732613
    26 1.482593 0.000000 -0.000001 0.000000 0.000000 1.168644
    27 2.046984 0.000001 0.000000 0.307009 0.468721 -0.566324
    28 -0.000005 0.000007 3.713254 -3.204068 -0.120606 1.238399
    29 18.045723 0.000000 0.000000 0.000000 0.000000 -1.756393
    30 17.597597 0.000000 0.000000 -0.210887 0.105637 -0.141218
    31 0.000005 -0.000003 -3.713254 0.848441 2.461380 5.479079
    32 18.045721 0.000000 0.000000 0.000000 0.000000 -2.603394
    33 17.597597 0.000000 0.000000 0.362388 -0.168095 0.787471
  time 96
    0 -1.756901 -2.027255 -20.585090 0.000000 0.000000 -1.571017
    1 -5.132973 0.316416 0.000000 -1.570795 -1.570787 0.000000
    2 1.293670 0.684478 -0.000001 -0.162437 -0.054878 0.077556
    3 5.309685 -0.003834 0.000000 -0.012678 0.060642 -0.043901
    4 4.826790 -0.004591 0.000000 0.173348 -0.029482 0.054095
    5 5.792767 -0.005304 0.000000 -0.232437 0.125443 -0.004295
    6 6.662322 -0.001452 0.000000 0.045326 0.081900 0.160866
    7 -3.108188 1.516823 4.339626 1.238993 -1.024532 -4.799756
    8 4.827512 0.000000 -0.000002 -0.399705 -0.425608 -1.047977
    9 11.140032 0.000000 0.000000 0.070821 -0.105579 -0.701031
    10 10.314563 -0.000001 0.000001 -3.988822 0.203081 -0.504208
    11 1.646836 0.445664 -1.699647 -0.161704 0.581044 -0.283978
    12 0.928312 0.000000 0.000000 0.000000 0.000000 0.000000
    13 0.928313 0.000000 -0.000001 0.000000 0.000000 0.000000
    14 2.979373 -0.388274 -0.044205 -0.000805 -0.043611 0.000046
    15 1.435262 -0.000001 -0.000001 0.000000 0.000000 0.872146
    16 1.482593 -0.000001 0.000001 0.000000 0.000000 0.907041
    17 -2.869899 1.399667 -4.140396 -1.163265 1.764468 -4.903713
    18 4.972047 0.000000 0.000000 1.188193 -0.403325 -1.765432
    19 11.585358 0.000000 0.000001 0.336642 -0.352125 -1.739763
    20 10.127058 0.000000 0.000001 1.908240 0.652682 0.795045
    21 1.537458 0.109715 1.664489 -0.264662 -0.055995 0.783079
    22 0.928313 0.000000 0.000002 0.000000 0.000000 -0.453501
    23 0.928311 0.000000 0.000001 0.000000 0.000000 0.000000
    24 2.686395 -0.427337 0.044204 -0.005762 0.043239 -0.157074
    25 1.435260 0.000000 0.000001 0.000000 0.000000 0.732613
    26 1.482593 0.000000 -0.000001 0.000000 0.000000 1.168644
    27 2.046984 0.000001 0.000000 0.307009 0.468721 -0.566324
    28 -0.000005 0.000007 3.713254 -3.204068 -0.120606 1.238399
    29 18.045723 0.000000 0.000000 0.000000 0.000000 -1.756393
    30 17.597597 0.000000 0.000000 -0.210887 0.105637 -0.141218
    31 0.000005 -0.000003 -3.713254 0.848441 2.461380 5.479079
    32 18.045721 0.000000 0.000000 0.000000 0.000000 -2.603394
    33 17.597597 0.000000 0.000000 0.362388 -0.168095 0.787471
  time 97
    0 -1.756901 -2.027255 -20.585090 0.000000 0.000000 -1.571017
    1 -5.132973 0.316416 0.000000 -1.570795 -1.570787 0.000000
    2 1.293670 0.684478 -0.000001 -0.162437 -0.054878 0.077556
    3 5.309685 -0.003834 0.000000 -0.012678 0.060642 -0.043901
    4 4.826790 -0.004591 0.000000 0.173348 -0.029482 0.054095
    5 5.792767 -0.005304 0.000000 -0.232437 0.125443 -0.004295
    6 6.662322 -0.001452 0.000000 0.045326 0.081900 0.160866
    7 -3.108188 1.516823 4.339626 1.238993 -1.024532 -4.799756
    8 4.827512 0.000000 -0.000002 -0.399705 -0.425608 -1.047977
    9 11.140032 0.000000 0.000000 0.070821 -0.105579 -0.701031
    10 10.314563 -0.000001 0.000001 -3.988822 0.203081 -0.504208
    11 1.646836 0.445664 -1.699647 -0.161704 0.581044 -0.283978
    12 0.928312 0.000000 0.000000 0.000000 0.000000 0.000000
    13 0.928313 0.000000 -0.000001 0.000000 0.000000 0.000000
    14 2.979373 -0.388274 -0.044205 -0.000805 -0.043611 0.000046
    15 1.435262 -0.000001 -0.000001 0.000000 0.000000 0.872146
    16 1.482593 -0.000001 0.000001 0.000000 0.000000 0.907041
    17 -2.869899 1.399667 -4.140396 -1.163265 1.764468 -4.903713
    18 4.972047 0.000000 0.000000 1.188193 -0.403325 -1.765432
    19 11.585358 0.000000 0.000001 0.336642 -0.352125 -1.739763
    20 10.127058 0.000000 0.000001 1.908240 0.652682 0.795045
    21 1.537458 0.109715 1.664489 -0.264662 -0.055995 0.783079
    22 0.928313 0.000000 0.000002 0.000000 0.000000 -0.453501
    23 0.928311 0.000000 0.000001 0.000000 0.000000 0.000000
    24 2.686395 -0.427337 0.044204 -0.005762 0.043239 -0.157074
    25 1.435260 0.000000 0.000001 0.000000 0.000000 0.732613
    26 1.482593 0.000000 -0.000001 0.000000 0.000000 1.168644
    27 2.046984 0.000001 0.000000 0.307009 0.468721 -0.566324
    28 -0.000005 0.000007 3.713254 -3.204068 -0.120606 1.238399
    29 18.045723 0.000000 0.000000 0.000000 0.000000 -1.756393
    30 17.597597 0.000000 0.000000 -0.210887 0.105637 -0.141218
    31 0.000005 -0.000003 -3.713254 0.848441 2.461380 5.479079
    32 18.045721 0.000000 0.000000 0.000000 0.000000 -2.603394
    33 17.597597 0.000000 0.000000 0.362388 -0.168095 0.787471
  time 98
    0 -1.756901 -2.027255 -20.585090 0.000000 0.000000 -1.571017
    1 -5.132973 0.316416 0.000000 -1.570795 -1.570787 0.000000
    2 1.293670 0.684478 -0.000001 -0.162437 -0.054878 0.077556
    3 5.309685 -0.003834 0.000000 -0.012678 0.060642 -0.043901
    4 4.826790 -0.004591 0.000000 0.173348 -0.029482 0.054095
    5 5.792767 -0.005304 0.000000 -0.232437 0.125443 -0.004295
    6 6.662322 -0.001452 0.000000 0.045326 0.081900 0.160866
    7 -3.108188 1.516823 4.339626 1.238993 -1.024532 -4.799756
    8 4.827512 0.000000 -0.000002 -0.399705 -0.425608 -1.047977
    9 11.140032 0.000000 0.000000 0.070821 -0.105579 -0.701031
    10 10.314563 -0.000001 0.000001 -3.988822 0.203081 -0.504208
    11 1.646836 0.445664 -1.699647 -0.161704 0.581044 -0.283978
    12 0.928312 0.000000 0.000000 0.000000 0.000000 0.000000
    13 0.928313 0.000000 -0.000001 0.000000 0.000000 0.000000
    14 2.979373 -0.388274 -0.044205 -0.000805 -0.043611 0.000046
    15 1.435262 -0.000001 -0.000001 0.000000 0.000000 0.872146
    16 1.482593 -0.000001 0.000001 0.000000 0.000000 0.907041
    17 -2.869899 1.399667 -4.140396 -1.163265 1.764468 -4.903713
    18 4.972047 0.000000 0.000000 1.188193 -0.403325 -1.765432
    19 11.585358 0.000000 0.000001 0.336642 -0.352125 -1.739763
    20 10.127058 0.000000 0.000001 1.908240 0.652682 0.795045
    21 1.537458 0.109715 1.664489 -0.264662 -0.055995 0.783079
    22 0.928313 0.000000 0.000002 0.000000 0.000000 -0.453501
    23 0.928311 0.000000 0.000001 0.000000 0.000000 0.000000
    24 2.686395 -0.427337 0.044204 -0.005762 0.043239 -0.157074
    25 1.435260 0.000000 0.000001 0.000000 0.000000 0.732613
    26 1.482593 0.000000 -0.000001 0.000000 0.000000 1.168644
    27 2.046984 0.000001 0.000000 0.307009 0.468721 -0.566324
    28 -0.000005 0.000007 3.713254 -3.204068 -0.120606 1.238399
    29 18.045723 0.000000 0.000000 0.000000 0.000000 -1.756393
    30 17.597597 0.000000 0.000000 -0.210887 0.105637 -0.141218
    31 0.000005 -0.000003 -3.713254 0.848441 2.461380 5.479079
    32 18.045721 0.000000 0.000000 0.000000 0.000000 -2.603394
    33 17.597597 0.000000 0.000000 0.362388 -0.168095 0.787471
  time 99
    0 -1.756901 -2.027255 -20.585090 0.000000 0.000000 -1.571017
    1 -5.132973 0.316416 0.000000 -1.570795 -1.570787 0.000000
    2 1.293670 0.684478 -0.000001 -0.162437 -0.054878 0.077556
    3 5.309685 -0.003834 0.000000 -0.012678 0.060642 -0.043901
    4 4.826790 -0.004591 0.000000 0.173348 -0.029482 0.054095
    5 5.792767 -0.005304 0.000000 -0.232437 0.125443 -0.004295
    6 6.662322 -0.001452 0.000000 0.045326 0.081900 0.160866
    7 -3.108188 1.516823 4.339626 1.238993 -1.024532 -4.799756
    8 4.827512 0.000000 -0.000002 -0.399705 -0.425608 -1.047977
    9 11.140032 0.000000 0.000000 0.070821 -0.105579 -0.701031
    10 10.314563 -0.000001 0.000001 -3.988822 0.203081 -0.504208
    11 1.646836 0.445664 -1.699647 -0.161704 0.581044 -0.283978
    12 0.928312 0.000000 0.000000 0.000000 0.000000 0.000000
    13 0.928313 0.000000 -0.000001 0.000000 0.000000 0.000000
    14 2.979373 -0.388274 -0.044205 -0.000805 -0.043611 0.000046
    15 1.435262 -0.000001 -0.000001 0.000000 0.000000 0.872146
    16 1.482593 -0.000001 0.000001 0.000000 0.000000 0.907041
    17 -2.869899 1.399667 -4.140396 -1.163265 1.764468 -4.903713
    18 4.972047 0.000000 0.000000 1.188193 -0.403325 -1.765432
    19 11.585358 0.000000 0.000001 0.336642 -0.352125 -1.739763
    20 10.127058 0.000000 0.000001 1.908240 0.652682 0.795045
    21 1.537458 0.109715 1.664489 -0.264662 -0.055995 0.783079
    22 0.928313 0.000000 0.000002 0.000000 0.000000 -0.453501
    23 0.928311 0.000000 0.000001 0.000000 0.000000 0.000000
    24 2.686395 -0.427337 0.044204 -0.005762 0.043239 -0.157074
    25 1.435260 0.000000 0.000001 0.000000 0.000000 0.732613
    26 1.482593 0.000000 -0.000001 0.000000 0.000000 1.168644
    27 2.046984 0.000001 0.000000 0.307009 0.468721 -0.566324
    28 -0.000005 0.000007 3.713254 -3.204068 -0.120606 1.238399
    29 18.045723 0.000000 0.000000 0.000000 0.000000 -1.756393
    30 17.597597 0.000000 0.000000 -0.210887 0.105637 -0.141218
    31 0.000005 -0.000003 -3.713254 0.848441 2.461380 5.479079
    32 18.045721 0.000000 0.000000 0.000000 0.000000 -2.603394
    33 17.597597 0.000000 0.000000 0.362388 -0.168095 0.787471
  time 100
    0 -1.756901 -2.027255 -20.585090 0.000000 0.000000 -1.571017
    1 -5.132973 0.316416 0.000000 -1.570795 -1.570787 0.000000
    2 1.293670 0.684478 -0.000001 -0.162437 -0.054878 0.077556
    3 5.309685 -0.003834 0.000000 -0.012678 0.060642 -0.043901
    4 4.826790 -0.004591 0.000000 0.173348 -0.029482 0.054095
    5 5.792767 -0.005304 0.000000 -0.232437 0.125443 -0.004295
    6 6.662322 -0.001452 0.000000 0.045326 0.081900 0.160866
    7 -3.108188 1.516823 4.339626 1.238993 -1.024532 -4.799756
    8 4.827512 0.000000 -0.000002 -0.399705 -0.425608 -1.047977
    9 11.140032 0.000000 0.000000 0.070821 -0.105579 -0.701031
    10 10.314563 -0.000001 0.000001 -3.988822 0.203081 -0.504208
    11 1.646836 0.445664 -1.699647 -0.161704 0.581044 -0.283978
    12 0.928312 0.000000 0.000000 0.000000 0.000000 0.000000
    13 0.928313 0.000000 -0.000001 0.000000 0.000000 0.000000
    14 2.979373 -0.388274 -0.044205 -0.000805 -0.043611 0.000046
    15 1.435262 -0.000001 -0.000001 0.000000 0.000000 0.872146
    16 1.482593 -0.000001 0.000001 0.000000 0.000000 0.907041
    17 -2.869899 1.399667 -4.140396 -1.163265 1.764468 -4.903713
    18 4.972047 0.000000 0.000000 1.188193 -0.403325 -1.765432
    19 11.585358 0.000000 0.000001 0.336642 -0.352125 -1.739763
    20 10.127058 0.000000 0.000001 1.908240 0.652682 0.795045
    21 1.537458 0.109715 1.664489 -0.264662 -0.055995 0.783079
    22 0.928313 0.000000 0.000002 0.000000 0.000000 -0.453501
    23 0.928311 0.000000 0.000001 0.000000 0.000000 0.000000
    24 2.686395 -0.427337 0.044204 -0.005762 0.043239 -0.157074
    25 1.435260 0.000000 0.000001 0.000000 0.000000 0.732613
    26 1.482593 0.000000 -0.000001 0.000000 0.000000 1.168644
    27 2.046984 0.000001 0.000000 0.307009 0.468721 -0.566324
    28 -0.000005 0.000007 3.713254 -3.204068 -0.120606 1.238399
    29 18.045723 0.000000 0.000000 0.000000 0.000000 -1.756393
    30 17.597597 0.000000 0.000000 -0.210887 0.105637 -0.141218
    31 0.000005 -0.000003 -3.713254 0.848441 2.461380 5.479079
    32 18.045721 0.000000 0.000000 0.000000 0.000000 -2.603394
    33 17.597597 0.000000 0.000000 0.362388 -0.168095 0.787471
end
