version 1
nodes
  0 "Bip01" -1
  1 "Bip01 Pelvis" 0
  2 "Bip01 Spine" 1
  3 "Bip01 Spine1" 2
  4 "Bip01 Spine2" 3
  5 "Bip01 Spine3" 4
  6 "Bip01 Neck" 5
  7 "Bip01 L Arm" 6
  8 "Bip01 L Arm1" 7
  9 "Bip01 L Arm2" 8
  10 "Bip01 L Hand" 9
  11 "Bip01 L Finger0" 10
  12 "Bip01 L Finger01" 11
  13 "Bip01 L Finger02" 12
  14 "Bip01 L Finger1" 10
  15 "Bip01 L Finger11" 14
  16 "Bip01 L Finger12" 15
  17 "Bip01 R Arm" 6
  18 "Bip01 R Arm1" 17
  19 "Bip01 R Arm2" 18
  20 "Bip01 R Hand" 19
  21 "Bip01 R Finger0" 20
  22 "Bip01 R Finger01" 21
  23 "Bip01 R Finger02" 22
  24 "Bip01 R Finger1" 20
  25 "Bip01 R Finger11" 24
  26 "Bip01 R Finger12" 25
  27 "Bip01 Head" 6
  28 "Bip01 L Leg" 1
  29 "Bip01 L Leg1" 28
  30 "Bip01 L Foot" 29
  31 "Bip01 R Leg" 1
  32 "Bip01 R Leg1" 31
  33 "Bip01 R Foot" 32
end
skeleton
  time 0
    0 -0.659211 2.840081 -20.600716 0.000000 0.000000 -1.585458
    1 0.191408 0.000000 0.000000 -1.570795 -1.570787 0.000000
    2 1.293670 0.684478 -0.000001 -0.263690 0.013637 0.059224
    3 5.309685 -0.003834 0.000000 -0.154753 -0.153043 0.154038
    4 4.826790 -0.004591 0.000000 -0.103574 0.069666 0.255506
    5 5.792767 -0.005304 0.000000 -0.113341 0.094247 0.318463
    6 6.662322 -0.001452 0.000000 0.000000 -0.000001 0.471000
    7 -3.108188 1.516823 4.339626 0.845420 -1.058477 -4.390229
    8 4.827512 0.000000 -0.000002 -1.586291 0.234922 -1.023889
    9 11.140032 0.000000 0.000000 0.000000 0.000000 -0.883903
    10 10.314563 -0.000001 0.000001 -2.336682 0.842675 1.229447
    11 1.646836 0.445664 -1.699647 0.034758 -0.065773 1.631422
    12 0.928312 0.000000 0.000000 0.000000 0.000000 -1.300235
    13 0.928313 0.000000 -0.000001 0.000000 0.000000 0.000000
    14 2.979373 -0.388274 -0.044205 -0.018435 -0.039524 0.418816
    15 1.435262 -0.000001 -0.000001 0.000000 0.000000 1.238742
    16 1.482593 -0.000001 0.000001 0.000000 0.000000 1.221017
    17 -2.869899 1.399667 -4.140396 0.000026 1.143962 -3.613362
    18 4.972047 0.000000 0.000000 -0.190271 -0.191443 -1.543403
    19 11.585358 0.000000 0.000001 0.000000 0.000000 -1.643054
    20 10.127058 0.000000 0.000001 2.499245 -0.000567 1.180661
    21 1.537458 0.109715 1.664489 -0.233165 -0.412999 0.435664
    22 0.928313 0.000000 0.000002 0.000000 0.000000 0.000000
    23 0.928311 0.000000 0.000001 0.000000 0.000000 0.000000
    24 2.686395 -0.427337 0.044204 0.001045 0.043611 0.000046
    25 1.435260 0.000000 0.000001 0.000000 0.000000 0.767749
    26 1.482593 0.000000 -0.000001 0.000000 0.000000 1.221638
    27 2.046984 0.000001 0.000000 0.621988 -0.408741 -0.497101
    28 -0.000005 0.000007 3.713254 -3.289300 -0.165475 1.249615
    29 18.045723 0.000000 0.000000 0.000000 0.000000 -1.732931
    30 17.597597 0.000000 0.000000 -0.251405 0.197505 -0.164508
    31 0.000005 -0.000003 -3.713254 0.821892 2.312307 5.493555
    32 18.045721 0.000000 0.000000 0.000000 0.000000 -2.673768
    33 17.597597 0.000000 0.000000 0.379969 0.033854 0.755924
  time 1
    0 -0.659211 2.840081 -20.600716 0.000000 0.000000 -1.585458
    1 0.191408 0.000000 0.000000 -1.570795 -1.570787 0.000000
    2 1.293670 0.684478 -0.000001 -0.213796 0.012044 0.053013
    3 5.309685 -0.003834 0.000000 -0.180313 -0.137475 0.147361
    4 4.826790 -0.004591 0.000000 -0.138022 0.068971 0.216282
    5 5.792767 -0.005304 0.000000 -0.077455 0.089273 0.271622
    6 6.662322 -0.001452 0.000000 0.002637 0.070011 0.474589
    7 -3.393353 1.536355 4.113056 0.692055 -1.056881 -4.264132
    8 4.827512 0.000000 -0.000002 -1.486087 0.287536 -1.091736
    9 11.140032 0.000000 0.000000 0.000000 0.000000 -0.855792
    10 10.314563 -0.000001 0.000001 -2.323697 0.333192 1.161106
    11 1.646836 0.445664 -1.699647 0.333767 -0.052522 1.246215
    12 0.928312 0.000000 0.000000 0.000000 0.000000 -0.891913
    13 0.928313 0.000000 -0.000001 0.000000 0.000000 0.071772
    14 2.979373 -0.388274 -0.044205 -0.064623 -0.051641 0.465023
    15 1.435262 -0.000001 -0.000001 0.000000 0.000000 1.263316
    16 1.482593 -0.000001 0.000001 0.000000 0.000000 1.206966
    17 -2.576921 1.399667 -4.327902 -0.253324 1.195570 -3.848406
    18 4.972047 0.000000 0.000000 -0.137931 -0.264401 -1.360842
    19 11.585358 0.000000 0.000001 0.000000 0.000000 -1.680300
    20 10.127058 0.000000 0.000001 2.439079 0.036975 1.018741
    21 1.537458 0.109715 1.664489 -0.769765 -0.496387 0.545050
    22 0.928313 0.000000 0.000002 0.000000 0.000000 0.011308
    23 0.928311 0.000000 0.000001 0.000000 0.000000 0.124938
    24 2.686395 -0.427337 0.044204 0.002028 0.043587 0.022759
    25 1.435260 0.000000 0.000001 0.000000 0.000000 0.845607
    26 1.482593 0.000000 -0.000001 0.000000 0.000000 1.255768
    27 2.046984 0.000001 0.000000 0.573434 -0.423729 -0.434569
    28 -0.000005 0.000007 3.713254 -3.289396 -0.165475 1.249615
    29 18.045723 0.000000 0.000000 0.000000 0.000000 -1.732635
    30 17.597597 0.000000 0.000000 -0.251455 0.197530 -0.164737
    31 0.000005 -0.000003 -3.713254 0.821892 2.312307 5.492884
    32 18.045721 0.000000 0.000000 0.000000 0.000000 -2.673768
    33 17.597597 0.000000 0.000000 0.380405 0.033578 0.755647
  time 2
    0 -0.659211 2.843988 -20.600716 0.000000 0.000000 -1.585458
    1 0.191408 0.000000 0.000000 -1.570795 -1.570787 0.000000
    2 1.293670 0.684478 -0.000001 -0.156609 0.010557 0.045798
    3 5.309685 -0.003834 0.000000 -0.209395 -0.120241 0.138865
    4 4.826790 -0.004591 0.000000 -0.179909 0.067162 0.171590
    5 5.792767 -0.005304 0.000000 -0.041120 0.088314 0.218179
    6 6.662322 -0.001452 0.000000 0.004302 0.148820 0.478804
    7 -3.701956 1.555887 3.831798 0.524217 -1.044136 -4.123758
    8 4.827512 0.000000 -0.000002 -1.400232 0.342026 -1.165129
    9 11.140032 0.000000 0.000000 0.000000 0.000000 -0.827607
    10 10.314563 -0.000001 0.000001 -2.279058 -0.204768 1.061876
    11 1.646836 0.445664 -1.699647 0.621329 0.079986 0.860852
    12 0.928312 0.000000 0.000000 0.000000 0.000000 -0.459547
    13 0.928313 0.000000 -0.000001 0.000000 0.000000 0.147898
    14 2.979373 -0.388274 -0.044205 -0.114084 -0.062103 0.514574
    15 1.435262 -0.000001 -0.000001 0.000000 0.000000 1.289269
    16 1.482593 -0.000001 0.000001 0.000000 0.000000 1.190351
    17 -2.217535 1.399667 -4.515408 -0.602398 1.220335 -4.172048
    18 4.972047 0.000000 0.000000 -0.090000 -0.355195 -1.159911
    19 11.585358 0.000000 0.000001 0.000000 0.000000 -1.724080
    20 10.127058 0.000000 0.000001 2.371339 0.086999 0.838963
    21 1.537458 0.109715 1.664489 -1.398751 -0.513769 0.709106
    22 0.928313 0.000000 0.000002 0.000000 0.000000 0.024078
    23 0.928311 0.000000 0.000001 0.000000 0.000000 0.265431
    24 2.686395 -0.427337 0.044204 0.003118 0.043515 0.048350
    25 1.435260 0.000000 0.000001 0.000000 0.000000 0.933214
    26 1.482593 0.000000 -0.000001 0.000000 0.000000 1.294113
    27 2.046984 0.000001 0.000000 0.530868 -0.446181 -0.379762
    28 -0.000005 0.000007 3.713254 -3.289396 -0.165475 1.249710
    29 18.045723 0.000000 0.000000 0.000000 0.000000 -1.732265
    30 17.597597 0.000000 0.000000 -0.251481 0.197530 -0.165058
    31 0.000005 -0.000003 -3.713254 0.821892 2.312307 5.492213
    32 18.045721 0.000000 0.000000 0.000000 0.000000 -2.673768
    33 17.597597 0.000000 0.000000 0.380942 0.033223 0.755324
  time 3
    0 -0.659211 2.855707 -20.600716 0.000000 0.000000 -1.585458
    1 0.191408 0.000000 0.000000 -1.570795 -1.570787 0.000000
    2 1.293670 0.684478 -0.000001 -0.099388 0.009527 0.038532
    3 5.309685 -0.003834 0.000000 -0.237711 -0.103763 0.129362
    4 4.826790 -0.004591 0.000000 -0.219088 0.063530 0.127802
    5 5.792767 -0.005304 0.000000 -0.008346 0.091922 0.166002
    6 6.662322 -0.001452 0.000000 0.004578 0.227505 0.481766
    7 -3.987121 1.559793 3.531007 0.364525 -1.020865 -3.987697
    8 4.827512 0.000000 -0.000002 -1.326334 0.396857 -1.243894
    9 11.140032 0.000000 0.000000 0.000000 0.000000 -0.790511
    10 10.314563 -0.000001 0.000001 -2.136609 -0.717155 0.859003
    11 1.646836 0.445664 -1.699647 0.846782 0.306752 0.515307
    12 0.928312 0.000000 0.000000 0.000000 0.000000 -0.027181
    13 0.928313 0.000000 -0.000001 0.000000 0.000000 0.224063
    14 2.979373 -0.388274 -0.044205 -0.164035 -0.070145 0.564602
    15 1.435262 -0.000001 -0.000001 0.000000 0.000000 1.315138
    16 1.482593 -0.000001 0.000001 0.000000 0.000000 1.171278
    17 -1.858149 1.403573 -4.683381 -0.959687 1.208715 -4.499425
    18 4.972047 0.000000 0.000000 -0.050980 -0.454025 -0.962441
    19 11.585358 0.000000 0.000001 0.000000 0.000000 -1.766962
    20 10.127058 0.000000 0.000001 2.302127 0.139388 0.667139
    21 1.537458 0.109715 1.664489 -2.014238 -0.444177 0.851868
    22 0.928313 0.000000 0.000002 0.000000 0.000000 0.036870
    23 0.928311 0.000000 0.000001 0.000000 0.000000 0.405925
    24 2.686395 -0.427337 0.044204 0.004257 0.043419 0.073913
    25 1.435260 0.000000 0.000001 0.000000 0.000000 1.020787
    26 1.482593 0.000000 -0.000001 0.000000 0.000000 1.332406
    27 2.046984 0.000001 0.000000 0.485243 -0.483060 -0.328787
    28 -0.000005 0.000007 3.713254 -3.289396 -0.165379 1.249710
    29 18.045723 0.000000 0.000000 0.000000 0.000000 -1.731894
    30 17.597597 0.000000 0.000000 -0.251531 0.197530 -0.165288
    31 0.000005 -0.000003 -3.713254 0.821892 2.312307 5.491542
    32 18.045721 0.000000 0.000000 0.000000 0.000000 -2.673768
    33 17.597597 0.000000 0.000000 0.381445 0.032868 0.755047
  time 4
    0 -0.659211 2.855707 -20.600716 0.000000 0.000000 -1.585458
    1 0.191408 0.000000 0.000000 -1.570795 -1.570787 0.000000
    2 1.293670 0.684478 -0.000001 -0.049460 0.008940 0.032154
    3 5.309685 -0.003834 0.000000 -0.260906 -0.090040 0.119929
    4 4.826790 -0.004591 0.000000 -0.245410 0.059048 0.091180
    5 5.792767 -0.005304 0.000000 0.017088 0.098022 0.122421
    6 6.662322 -0.001452 0.000000 0.003511 0.297311 0.481823
    7 -4.221503 1.555887 3.245842 0.230906 -0.991651 -3.870511
    8 4.827512 0.000000 -0.000002 -1.257778 0.450238 -1.327165
    9 11.140032 0.000000 0.000000 0.000000 0.000000 -0.736243
    10 10.314563 -0.000001 0.000001 -1.638465 -1.090813 0.304440
    11 1.646836 0.445664 -1.699647 0.990328 0.576273 0.210043
    12 0.928312 0.000000 0.000000 0.000000 0.000000 0.381054
    13 0.928313 0.000000 -0.000001 0.000000 0.000000 0.295949
    14 2.979373 -0.388274 -0.044205 -0.211578 -0.075394 0.612111
    15 1.435262 -0.000001 -0.000001 0.000000 0.000000 1.339669
    16 1.482593 -0.000001 0.000001 0.000000 0.000000 1.149802
    17 -1.522202 1.407480 -4.796666 -1.241888 1.178008 -4.753625
    18 4.972047 0.000000 0.000000 -0.023309 -0.550927 -0.789198
    19 11.585358 0.000000 0.000001 0.000000 0.000000 -1.801513
    20 10.127058 0.000000 0.000001 2.240558 0.181374 0.528080
    21 1.537458 0.109715 1.664489 -2.528148 -0.331297 0.919082
    22 0.928313 0.000000 0.000002 0.000000 0.000000 0.048243
    23 0.928311 0.000000 0.000001 0.000000 0.000000 0.530887
    24 2.686395 -0.427337 0.044204 0.005240 0.043311 0.096654
    25 1.435260 0.000000 0.000001 0.000000 0.000000 1.098712
    26 1.482593 0.000000 -0.000001 0.000000 0.000000 1.366485
    27 2.046984 0.000001 0.000000 0.425013 -0.536314 -0.274285
    28 -0.000005 0.000007 3.713254 -3.289492 -0.165379 1.249806
    29 18.045723 0.000000 0.000000 0.000000 0.000000 -1.731672
    30 17.597597 0.000000 0.000000 -0.251582 0.197579 -0.165517
    31 0.000005 -0.000003 -3.713254 0.821605 2.312211 5.490871
    32 18.045721 0.000000 0.000000 0.000000 0.000000 -2.673768
    33 17.597597 0.000000 0.000000 0.381780 0.032710 0.754723
  time 5
    0 -0.655305 2.855707 -20.600716 0.000000 0.000000 -1.585458
    1 0.191408 0.000000 0.000000 -1.570795 -1.570787 0.000000
    2 1.293670 0.684478 -0.000001 -0.014154 0.008724 0.027617
    3 5.309685 -0.003834 0.000000 -0.274502 -0.081004 0.112034
    4 4.826790 -0.004591 0.000000 -0.248920 0.055573 0.067831
    5 5.792767 -0.005304 0.000000 0.032594 0.102768 0.094412
    6 6.662322 -0.001452 0.000000 0.001714 0.349360 0.477266
    7 -4.397289 1.536355 3.023179 0.135053 -0.964093 -3.781017
    8 4.827512 0.000000 -0.000002 -1.183402 0.502341 -1.413642
    9 11.140032 0.000000 0.000000 0.000000 0.000000 -0.655458
    10 10.314563 -0.000001 0.000001 -0.761974 -1.080135 -0.607967
    11 1.646836 0.445664 -1.699647 1.043525 0.837403 -0.078747
    12 0.928312 0.000000 0.000000 0.000000 0.000000 0.741417
    13 0.928313 0.000000 -0.000001 0.000000 0.000000 0.359394
    14 2.979373 -0.388274 -0.044205 -0.253692 -0.078175 0.654279
    15 1.435262 -0.000001 -0.000001 0.000000 0.000000 1.361234
    16 1.482593 -0.000001 0.000001 0.000000 0.000000 1.125868
    17 -1.276100 1.403573 -4.866981 -1.437823 1.157554 -4.931681
    18 4.972047 0.000000 0.000000 -0.005019 -0.635213 -0.662543
    19 11.585358 0.000000 0.000001 0.000000 0.000000 -1.820544
    20 10.127058 0.000000 0.000001 2.199605 0.198868 0.446244
    21 1.537458 0.109715 1.664489 -2.896540 -0.234328 0.925517
    22 0.928313 0.000000 0.000002 0.000000 0.000000 0.056778
    23 0.928311 0.000000 0.000001 0.000000 0.000000 0.624713
    24 2.686395 -0.427337 0.044204 0.005983 0.043227 0.113724
    25 1.435260 0.000000 0.000001 0.000000 0.000000 1.157205
    26 1.482593 0.000000 -0.000001 0.000000 0.000000 1.392031
    27 2.046984 0.000001 0.000000 0.332514 -0.601959 -0.201656
    28 -0.000005 0.000007 3.713254 -3.289780 -0.165283 1.249806
    29 18.045723 0.000000 0.000000 0.000000 0.000000 -1.731524
    30 17.597597 0.000000 0.000000 -0.251684 0.197702 -0.165654
    31 0.000005 -0.000003 -3.713254 0.821030 2.311923 5.490104
    32 18.045721 0.000000 0.000000 0.000000 0.000000 -2.673768
    33 17.597597 0.000000 0.000000 0.381881 0.032848 0.754215
  time 6
    0 -0.635773 2.851801 -20.600716 0.000000 0.000000 -1.585458
    1 0.191408 0.000000 0.000000 -1.570795 -1.570787 0.000000
    2 1.293670 0.684478 -0.000001 -0.000728 0.008688 0.025926
    3 5.309685 -0.003834 0.000000 -0.279148 -0.077636 0.108837
    4 4.826790 -0.004591 0.000000 -0.253498 0.054314 0.059386
    5 5.792767 -0.005304 0.000000 0.037648 0.121356 0.085048
    6 6.662322 -0.001452 0.000000 0.000407 0.375405 0.473307
    7 -4.475417 1.524636 2.905988 0.079938 -0.950047 -3.726783
    8 4.827512 0.000000 -0.000002 -1.125208 0.549241 -1.445183
    9 11.140032 0.000000 0.000000 0.000000 0.000000 -0.636475
    10 10.314563 -0.000001 0.000001 -0.626159 -0.966416 -0.756725
    11 1.646836 0.445664 -1.699647 0.993049 1.047208 -0.378175
    12 0.928312 0.000000 0.000000 0.000000 0.000000 1.029733
    13 0.928313 0.000000 -0.000001 0.000000 0.000000 0.410081
    14 2.979373 -0.388274 -0.044205 -0.287441 -0.079085 0.688066
    15 1.435262 -0.000001 -0.000001 0.000000 0.000000 1.378619
    16 1.482593 -0.000001 0.000001 0.000000 0.000000 1.056149
    17 -1.158909 1.399667 -4.902138 -1.489315 1.120642 -4.959074
    18 4.972047 0.000000 0.000000 -0.039161 -0.646462 -0.558184
    19 11.585358 0.000000 0.000001 0.000000 0.000000 -1.817522
    20 10.127058 0.000000 0.000001 2.160406 0.207379 0.416732
    21 1.537458 0.109715 1.664489 -3.078535 -0.186288 0.914916
    22 0.928313 0.000000 0.000002 0.000000 0.000000 0.061034
    23 0.928311 0.000000 0.000001 0.000000 0.000000 0.671897
    24 2.686395 -0.427337 0.044204 0.006330 0.043192 0.122300
    25 1.435260 0.000000 0.000001 0.000000 0.000000 1.186618
    26 1.482593 0.000000 -0.000001 0.000000 0.000000 1.404984
    27 2.046984 0.000001 0.000000 0.327430 -0.677901 -0.215099
    28 -0.000005 0.000007 3.713254 -3.290547 -0.165091 1.249902
    29 18.045723 0.000000 0.000000 0.000000 0.000000 -1.732191
    30 17.597597 0.000000 0.000000 -0.252190 0.198440 -0.164967
    31 0.000005 -0.000003 -3.713254 0.818154 2.310485 5.489145
    32 18.045721 0.000000 0.000000 0.000000 0.000000 -2.674083
    33 17.597597 0.000000 0.000000 0.380707 0.034564 0.752968
  time 7
    0 -0.616241 2.840081 -20.600716 0.000000 0.000000 -1.585458
    1 0.191408 0.000000 0.000000 -1.570795 -1.570787 0.000000
    2 1.293670 0.684478 -0.000001 -0.000728 0.008688 0.025926
    3 5.309685 -0.003834 0.000000 -0.280901 -0.077444 0.109402
    4 4.826790 -0.004591 0.000000 -0.266659 0.054206 0.057953
    5 5.792767 -0.005304 0.000000 0.031029 0.140064 0.084425
    6 6.662322 -0.001452 0.000000 -0.000012 0.385438 0.473051
    7 -4.506668 1.516823 2.863018 0.051469 -0.946322 -3.699379
    8 4.827512 0.000000 -0.000002 -1.080089 0.603134 -1.394926
    9 11.140032 0.000000 0.000000 0.000000 0.000000 -0.747691
    10 10.314563 -0.000001 0.000001 -0.758277 -0.954707 -0.637637
    11 1.646836 0.445664 -1.699647 0.864889 1.171500 -0.659270
    12 0.928312 0.000000 0.000000 0.000000 0.000000 1.215382
    13 0.928313 0.000000 -0.000001 0.000000 0.000000 0.442816
    14 2.979373 -0.388274 -0.044205 -0.309205 -0.079085 0.709910
    15 1.435262 -0.000001 -0.000001 0.000000 0.000000 1.389694
    16 1.482593 -0.000001 0.000001 0.000000 0.000000 0.977615
    17 -1.108127 1.399667 -4.909951 -1.565358 1.139045 -5.047671
    18 4.972047 0.000000 0.000000 -0.061579 -0.678040 -0.562377
    19 11.585358 0.000000 0.000001 0.000000 0.000000 -1.810579
    20 10.127058 0.000000 0.000001 2.147644 0.222131 0.397773
    21 1.537458 0.109715 1.664489 -3.147752 -0.168599 0.908621
    22 0.928313 0.000000 0.000002 0.000000 0.000000 0.062672
    23 0.928311 0.000000 0.000001 0.000000 0.000000 0.689890
    24 2.686395 -0.427337 0.044204 0.006462 0.043168 0.125597
    25 1.435260 0.000000 0.000001 0.000000 0.000000 1.197831
    26 1.482593 0.000000 -0.000001 0.000000 0.000000 1.409867
    27 2.046984 0.000001 0.000000 0.591270 -0.703097 -0.486091
    28 -0.000005 0.000007 3.713254 -3.291218 -0.164900 1.249902
    29 18.045723 0.000000 0.000000 0.000000 0.000000 -1.732783
    30 17.597597 0.000000 0.000000 -0.252545 0.199080 -0.164371
    31 0.000005 -0.000003 -3.713254 0.815854 2.309239 5.488570
    32 18.045721 0.000000 0.000000 0.000000 0.000000 -2.674319
    33 17.597597 0.000000 0.000000 0.379532 0.036142 0.751998
  time 8
    0 -0.655305 2.863520 -20.600716 0.000000 0.000000 -1.585458
    1 0.191408 0.000000 0.000000 -1.570795 -1.570787 0.000000
    2 1.293670 0.684478 -0.000001 -0.000728 0.008688 0.025926
    3 5.309685 -0.003834 0.000000 -0.282500 -0.077289 0.109932
    4 4.826790 -0.004591 0.000000 -0.272916 0.054098 0.056608
    5 5.792767 -0.005304 0.000000 -0.018671 0.107442 0.082328
    6 6.662322 -0.001452 0.000000 -0.000443 0.394729 0.472766
    7 -4.534012 1.516823 2.816142 0.033257 -0.941029 -3.682420
    8 4.827512 0.000000 -0.000002 -0.985784 0.657027 -1.241814
    9 11.140032 0.000000 0.000000 0.000000 0.000000 -0.925709
    10 10.314563 -0.000001 0.000001 -0.828601 -0.954520 -0.575568
    11 1.646836 0.445664 -1.699647 0.748926 1.225210 -0.850040
    12 0.928312 0.000000 0.000000 0.000000 0.000000 1.308032
    13 0.928313 0.000000 -0.000001 0.000000 0.000000 0.459126
    14 2.979373 -0.388274 -0.044205 -0.320063 -0.078942 0.720767
    15 1.435262 -0.000001 -0.000001 0.000000 0.000000 1.395336
    16 1.482593 -0.000001 0.000001 0.000000 0.000000 0.936745
    17 -1.065156 1.399667 -4.921670 3.521712 1.234059 -0.101388
    18 4.972047 0.000000 0.000000 0.328998 -0.948335 -1.192457
    19 11.585358 0.000000 0.000001 0.000000 0.000000 -1.834511
    20 10.127058 0.000000 0.000001 2.254232 0.249649 0.361708
    21 1.537458 0.109715 1.664489 -3.211608 -0.152657 0.901677
    22 0.928313 0.000000 0.000002 0.000000 0.000000 0.064200
    23 0.928311 0.000000 0.000001 0.000000 0.000000 0.706553
    24 2.686395 -0.427337 0.044204 0.006618 0.043144 0.128614
    25 1.435260 0.000000 0.000001 0.000000 0.000000 1.208212
    26 1.482593 0.000000 -0.000001 0.000000 0.000000 1.414390
    27 2.046984 0.000001 0.000000 0.910299 -0.591102 -0.780076
    28 -0.000005 0.000007 3.713254 -3.289780 -0.165283 1.249806
    29 18.045723 0.000000 0.000000 0.000000 0.000000 -1.731450
    30 17.597597 0.000000 0.000000 -0.251734 0.197727 -0.165654
    31 0.000005 -0.000003 -3.713254 0.820934 2.311923 5.489912
    32 18.045721 0.000000 0.000000 0.000000 0.000000 -2.673768
    33 17.597597 0.000000 0.000000 0.382015 0.032789 0.754031
  time 9
    0 -0.709994 2.902583 -20.600716 0.000000 0.000000 -1.585458
    1 0.191408 0.000000 0.000000 -1.570795 -1.570787 0.000000
    2 1.293670 0.684478 -0.000001 -0.000813 0.007969 0.025926
    3 5.309685 -0.003834 0.000000 -0.284185 -0.079757 0.116432
    4 4.826790 -0.004591 0.000000 -0.344559 0.058772 0.054646
    5 5.792767 -0.005304 0.000000 -0.027467 0.061061 0.071739
    6 6.662322 -0.001452 0.000000 -0.000911 0.403278 0.472453
    7 -4.557451 1.516823 2.780984 0.042076 -0.940171 -3.693247
    8 4.827512 0.000000 -0.000002 -0.858635 0.755945 -0.918608
    9 11.140032 0.000000 0.000000 0.000000 0.000000 -1.206393
    10 10.314563 -0.000001 0.000001 -1.077389 -0.812419 -0.015024
    11 1.646836 0.445664 -1.699647 0.691977 1.243320 -0.935458
    12 0.928312 0.000000 0.000000 0.000000 0.000000 1.343489
    13 0.928313 0.000000 -0.000001 0.000000 0.000000 0.465352
    14 2.979373 -0.388274 -0.044205 -0.324198 -0.078834 0.724936
    15 1.435262 -0.000001 -0.000001 0.000000 0.000000 1.397425
    16 1.482593 -0.000001 0.000001 0.000000 0.000000 0.913185
    17 -1.022186 1.403573 -4.921670 3.676473 1.244233 0.064790
    18 4.972047 0.000000 0.000000 0.334626 -0.973404 -1.233122
    19 11.585358 0.000000 0.000001 0.000000 0.000000 -1.861792
    20 10.127058 0.000000 0.000001 2.277653 0.285111 0.323341
    21 1.537458 0.109715 1.664489 3.012572 -0.138371 0.894409
    22 0.928313 0.000000 0.000002 0.000000 0.000000 0.065619
    23 0.928311 0.000000 0.000001 0.000000 0.000000 0.721912
    24 2.686395 -0.427337 0.044204 0.006738 0.043132 0.131408
    25 1.435260 0.000000 0.000001 0.000000 0.000000 1.217761
    26 1.482593 0.000000 -0.000001 0.000000 0.000000 1.418605
    27 2.046984 0.000001 0.000000 1.156432 -0.411367 -0.946320
    28 -0.000005 0.000007 3.713254 -3.287287 -0.165858 1.249806
    29 18.045723 0.000000 0.000000 0.000000 0.000000 -1.728860
    30 17.597597 0.000000 0.000000 -0.250366 0.195561 -0.168222
    31 0.000005 -0.000003 -3.713254 0.829080 2.316429 5.491254
    32 18.045721 0.000000 0.000000 0.000000 0.000000 -2.672744
    33 17.597597 0.000000 0.000000 0.386645 0.026833 0.757079
  time 10
    0 -0.741245 2.902583 -20.600716 0.000000 0.000000 -1.585458
    1 0.191408 0.000000 0.000000 -1.570795 -1.570787 0.000000
    2 1.293670 0.684478 -0.000001 -0.000728 0.008688 0.025926
    3 5.309685 -0.003834 0.000000 -0.285274 -0.076941 0.110886
    4 4.826790 -0.004591 0.000000 -0.356194 0.053451 0.054315
    5 5.792767 -0.005304 0.000000 -0.007357 0.024796 0.074521
    6 6.662322 -0.001452 0.000000 -0.001306 0.411098 0.472225
    7 -4.580889 1.516823 2.745827 0.013224 -0.929408 -3.664885
    8 4.827512 0.000000 -0.000002 -0.632478 0.845482 -0.613599
    9 11.140032 0.000000 0.000000 0.000000 0.000000 -1.498960
    10 10.314563 -0.000001 0.000001 -1.191784 -0.614771 0.432818
    11 1.646836 0.445664 -1.699647 0.666739 1.250122 -0.972228
    12 0.928312 0.000000 0.000000 0.000000 0.000000 1.357776
    13 0.928313 0.000000 -0.000001 0.000000 0.000000 0.467873
    14 2.979373 -0.388274 -0.044205 -0.325875 -0.078798 0.726629
    15 1.435262 -0.000001 -0.000001 0.000000 0.000000 1.398261
    16 1.482593 -0.000001 0.000001 0.000000 0.000000 0.896142
    17 -0.979216 1.403573 -4.933389 -2.228732 1.249781 -5.807304
    18 4.972047 0.000000 0.000000 0.252834 -0.950505 -1.071193
    19 11.585358 0.000000 0.000001 0.000000 0.000000 -1.889563
    20 10.127058 0.000000 0.000001 2.290135 0.322085 0.285525
    21 1.537458 0.109715 1.664489 2.958769 -0.125679 0.887095
    22 0.928313 0.000000 0.000002 0.000000 0.000000 0.066885
    23 0.928311 0.000000 0.000001 0.000000 0.000000 0.735941
    24 2.686395 -0.427337 0.044204 0.006858 0.043108 0.133978
    25 1.435260 0.000000 0.000001 0.000000 0.000000 1.226512
    26 1.482593 0.000000 -0.000001 0.000000 0.000000 1.422306
    27 2.046984 0.000001 0.000000 1.251300 -0.308813 -0.988110
    28 -0.000005 0.000007 3.713254 -3.286041 -0.166242 1.249615
    29 18.045723 0.000000 0.000000 0.000000 0.000000 -1.728786
    30 17.597597 0.000000 0.000000 -0.249656 0.194527 -0.168405
    31 0.000005 -0.000003 -3.713254 0.833010 2.318442 5.494226
    32 18.045721 0.000000 0.000000 0.000000 0.000000 -2.672193
    33 17.597597 0.000000 0.000000 0.387115 0.025156 0.759527
  time 11
    0 -0.741245 2.808830 -20.600716 0.000000 0.000000 -1.585458
    1 0.191408 0.000000 0.000000 -1.570795 -1.570787 0.000000
    2 1.293670 0.684478 -0.000001 -0.000391 0.012487 0.025926
    3 5.309685 -0.003834 0.000000 -0.285597 -0.065160 0.080257
    4 4.826790 -0.004591 0.000000 -0.227061 0.024952 0.055351
    5 5.792767 -0.005304 0.000000 0.049376 0.006951 0.105520
    6 6.662322 -0.001452 0.000000 -0.001738 0.418190 0.471940
    7 -4.600421 1.516823 2.714576 -0.211456 -0.844515 -3.438850
    8 4.827512 0.000000 -0.000002 -0.013237 0.820923 -0.356334
    9 11.140032 0.000000 0.000000 0.000000 0.000000 -1.863835
    10 10.314563 -0.000001 0.000001 -1.350061 -0.578520 0.562357
    11 1.646836 0.445664 -1.699647 0.611009 1.263108 -1.051346
    12 0.928312 0.000000 0.000000 0.000000 0.000000 1.387048
    13 0.928313 0.000000 -0.000001 0.000000 0.000000 0.472953
    14 2.979373 -0.388274 -0.044205 -0.329315 -0.078690 0.730017
    15 1.435262 -0.000001 -0.000001 0.000000 0.000000 1.400017
    16 1.482593 -0.000001 0.000001 0.000000 0.000000 0.874399
    17 -0.947965 1.403573 -4.941202 -1.851190 1.193388 -5.376676
    18 4.972047 0.000000 0.000000 0.228446 -0.848461 -0.767434
    19 11.585358 0.000000 0.000001 0.000000 0.000000 -1.915619
    20 10.127058 0.000000 0.000001 2.295184 0.357452 0.250110
    21 1.537458 0.109715 1.664489 2.909848 -0.114520 0.879828
    22 0.928313 0.000000 0.000002 0.000000 0.000000 0.068042
    23 0.928311 0.000000 0.000001 0.000000 0.000000 0.748666
    24 2.686395 -0.427337 0.044204 0.006929 0.043096 0.136269
    25 1.435260 0.000000 0.000001 0.000000 0.000000 1.234464
    26 1.482593 0.000000 -0.000001 0.000000 0.000000 1.425904
    27 2.046984 0.000001 0.000000 1.166858 -0.356225 -0.933851
    28 -0.000005 0.000007 3.713254 -3.285561 -0.166817 1.248656
    29 18.045723 0.000000 0.000000 0.000000 0.000000 -1.734781
    30 17.597597 0.000000 0.000000 -0.249150 0.194503 -0.163224
    31 0.000005 -0.000003 -3.713254 0.833393 2.318251 5.506306
    32 18.045721 0.000000 0.000000 0.000000 0.000000 -2.672430
    33 17.597597 0.000000 0.000000 0.378425 0.031073 0.764931
  time 12
    0 -0.764683 2.660388 -20.600716 0.000000 0.000000 -1.585458
    1 0.191408 0.000000 0.000000 -1.570795 -1.570787 0.000000
    2 1.293670 0.684478 -0.000001 -0.000004 0.017365 0.025926
    3 5.309685 -0.003834 0.000000 -0.286091 -0.050935 0.040885
    4 4.826790 -0.004591 0.000000 -0.049517 -0.012068 0.051052
    5 5.792767 -0.005304 0.000000 0.120194 -0.008905 0.145675
    6 6.662322 -0.001452 0.000000 -0.002073 0.424540 0.471684
    7 -4.612140 1.516823 2.687232 -0.512530 -0.631440 -3.162510
    8 4.827512 0.000000 -0.000002 0.886927 0.554869 -0.198024
    9 11.140032 0.000000 0.000000 0.000000 0.000000 -1.926073
    10 10.314563 -0.000001 0.000001 -1.659600 -0.577770 0.610666
    11 1.646836 0.445664 -1.699647 0.602471 1.264874 -1.063327
    12 0.928312 0.000000 0.000000 0.000000 0.000000 1.391360
    13 0.928313 0.000000 -0.000001 0.000000 0.000000 0.473717
    14 2.979373 -0.388274 -0.044205 -0.318421 -0.117364 0.597911
    15 1.435262 -0.000001 -0.000001 0.000000 0.000000 1.400267
    16 1.482593 -0.000001 0.000001 0.000000 0.000000 0.751202
    17 -0.916714 1.407480 -4.949015 -1.670348 1.100057 -5.135788
    18 4.972047 0.000000 0.000000 0.342036 -0.744087 -0.516653
    19 11.585358 0.000000 0.000001 0.000000 0.000000 -1.937019
    20 10.127058 0.000000 0.000001 2.296867 0.389037 0.219246
    21 1.537458 0.109715 1.664489 2.865809 -0.104863 0.872884
    22 0.928313 0.000000 0.000002 0.000000 0.000000 0.069068
    23 0.928311 0.000000 0.000001 0.000000 0.000000 0.760112
    24 2.686395 -0.427337 0.044204 0.007013 0.043084 0.138365
    25 1.435260 0.000000 0.000001 0.000000 0.000000 1.241618
    26 1.482593 0.000000 -0.000001 0.000000 0.000000 1.428988
    27 2.046984 0.000001 0.000000 0.985220 -0.415881 -0.771864
    28 -0.000005 0.000007 3.713254 -3.283931 -0.168063 1.247218
    29 18.045723 0.000000 0.000000 0.000000 0.000000 -1.744107
    30 17.597597 0.000000 0.000000 -0.247680 0.193518 -0.155247
    31 0.000005 -0.000003 -3.713254 0.837227 2.319784 5.527876
    32 18.045721 0.000000 0.000000 0.000000 0.000000 -2.672430
    33 17.597597 0.000000 0.000000 0.365273 0.039101 0.775323
  time 13
    0 -0.772496 2.480695 -20.600716 0.000000 0.000000 -1.585458
    1 0.191408 0.000000 0.000000 -1.570795 -1.570787 0.000000
    2 1.293670 0.684478 -0.000001 0.000367 0.022206 0.025926
    3 5.309685 -0.003834 0.000000 -0.286908 -0.033569 0.001035
    4 4.826790 -0.004591 0.000000 0.131098 -0.044535 0.040888
    5 5.792767 -0.005304 0.000000 0.189627 -0.019978 0.186225
    6 6.662322 -0.001452 0.000000 -0.002445 0.430216 0.471456
    7 -4.631672 1.516823 2.655981 -0.710754 -0.406626 -3.023286
    8 4.827512 0.000000 -0.000002 1.490942 0.224007 -0.406418
    9 11.140032 0.000000 0.000000 0.000000 0.000000 -1.851011
    10 10.314563 -0.000001 0.000001 -1.949236 -0.579550 0.649801
    11 1.646836 0.445664 -1.699647 0.642626 1.256129 -1.006778
    12 0.928312 0.000000 0.000000 0.000000 0.000000 1.370844
    13 0.928313 0.000000 -0.000001 0.000000 0.000000 0.470165
    14 2.979373 -0.388274 -0.044205 -0.304543 -0.143970 0.500025
    15 1.435262 -0.000001 -0.000001 0.000000 0.000000 1.399097
    16 1.482593 -0.000001 0.000001 0.000000 0.000000 0.666951
    17 -0.885463 1.407480 -4.952921 -1.682767 0.963136 -5.083205
    18 4.972047 0.000000 0.000000 0.559836 -0.704153 -0.298219
    19 11.585358 0.000000 0.000001 0.000000 0.000000 -1.941594
    20 10.127058 0.000000 0.000001 2.285507 0.412205 0.193685
    21 1.537458 0.109715 1.664489 2.826749 -0.096493 0.866357
    22 0.928313 0.000000 0.000002 0.000000 0.000000 0.069984
    23 0.928311 0.000000 0.000001 0.000000 0.000000 0.770252
    24 2.686395 -0.427337 0.044204 0.007097 0.043072 0.140208
    25 1.435260 0.000000 0.000001 0.000000 0.000000 1.247906
    26 1.482593 0.000000 -0.000001 0.000000 0.000000 1.431815
    27 2.046984 0.000001 0.000000 0.761017 -0.407856 -0.552820
    28 -0.000005 0.000007 3.713254 -3.282877 -0.169406 1.245589
    29 18.045723 0.000000 0.000000 0.000000 0.000000 -1.755579
    30 17.597597 0.000000 0.000000 -0.246388 0.192977 -0.145298
    31 0.000005 -0.000003 -3.713254 0.839240 2.320360 5.552323
    32 18.045721 0.000000 0.000000 0.000000 0.000000 -2.672430
    33 17.597597 0.000000 0.000000 0.348900 0.050442 0.786178
  time 14
    0 -0.717807 2.312722 -20.600716 0.000000 0.000000 -1.585458
    1 0.191408 0.000000 0.000000 -1.570795 -1.570787 0.000000
    2 1.293670 0.684478 -0.000001 0.000703 0.025970 0.025926
    3 5.309685 -0.003834 0.000000 -0.288065 -0.012368 -0.031165
    4 4.826790 -0.004591 0.000000 0.269139 -0.060978 0.031253
    5 5.792767 -0.005304 0.000000 0.242637 -0.021273 0.219570
    6 6.662322 -0.001452 0.000000 -0.002721 0.435164 0.471171
    7 -4.643391 1.516823 2.632542 -0.710275 -0.402013 -3.023094
    8 4.827512 0.000000 -0.000002 1.487674 0.335119 -0.621831
    9 11.140032 0.000000 0.000000 0.000000 0.000000 -1.678789
    10 10.314563 -0.000001 0.000001 -1.951321 -0.585732 0.655665
    11 1.646836 0.445664 -1.699647 0.643283 1.255952 -1.005745
    12 0.928312 0.000000 0.000000 0.000000 0.000000 1.370452
    13 0.928313 0.000000 -0.000001 0.000000 0.000000 0.470050
    14 2.979373 -0.388274 -0.044205 -0.327361 -0.078750 0.728063
    15 1.435262 -0.000001 -0.000001 0.000000 0.000000 1.399014
    16 1.482593 -0.000001 0.000001 0.000000 0.000000 0.841863
    17 -0.865932 1.407480 -4.952921 -1.722222 0.852506 -5.073244
    18 4.972047 0.000000 0.000000 0.723139 -0.710179 -0.118652
    19 11.585358 0.000000 0.000001 0.000000 0.000000 -1.947638
    20 10.127058 0.000000 0.000001 2.262787 0.420243 0.182631
    21 1.537458 0.109715 1.664489 2.792667 -0.089411 0.860385
    22 0.928313 0.000000 0.000002 0.000000 0.000000 0.070836
    23 0.928311 0.000000 0.000001 0.000000 0.000000 0.779138
    24 2.686395 -0.427337 0.044204 0.007169 0.043060 0.141829
    25 1.435260 0.000000 0.000001 0.000000 0.000000 1.253463
    26 1.482593 0.000000 -0.000001 0.000000 0.000000 1.434128
    27 2.046984 0.000001 0.000000 0.582266 -0.347610 -0.365711
    28 -0.000005 0.000007 3.713254 -3.284794 -0.169597 1.244630
    29 18.045723 0.000000 0.000000 0.000000 0.000000 -1.766089
    30 17.597597 0.000000 0.000000 -0.247046 0.195093 -0.135854
    31 0.000005 -0.000003 -3.713254 0.831572 2.315950 5.567087
    32 18.045721 0.000000 0.000000 0.000000 0.000000 -2.673217
    33 17.597597 0.000000 0.000000 0.333164 0.064938 0.789457
  time 15
    0 -0.327170 2.269752 -20.600716 0.000000 0.000000 -1.585458
    1 0.191408 0.000000 0.000000 -1.570795 -1.570787 0.000000
    2 1.293670 0.684478 -0.000001 0.000788 0.026533 0.025926
    3 5.309685 -0.003834 0.000000 -0.288779 0.028332 -0.043759
    4 4.826790 -0.004591 0.000000 0.293001 -0.026246 0.041218
    5 5.792767 -0.005304 0.000000 0.279188 0.023897 0.240644
    6 6.662322 -0.001452 0.000000 -0.002996 0.439411 0.471000
    7 -4.659016 1.509010 2.613011 -0.821848 -0.589984 -2.798592
    8 4.827512 0.000000 -0.000002 1.200772 0.674679 -0.810815
    9 11.140032 0.000000 0.000000 0.000000 0.000000 -1.708423
    10 10.314563 -0.000001 0.000001 -2.109598 -0.515291 0.295266
    11 1.646836 0.445664 -1.699647 0.642626 1.256129 -1.006778
    12 0.928312 0.000000 0.000000 0.000000 0.000000 1.370844
    13 0.928313 0.000000 -0.000001 0.000000 0.000000 0.470165
    14 2.979373 -0.388274 -0.044205 -0.335619 -0.072770 0.746953
    15 1.435262 -0.000001 -0.000001 0.000000 0.000000 1.399097
    16 1.482593 -0.000001 0.000001 0.000000 0.000000 0.838230
    17 -0.842493 1.407480 -4.952921 -1.712764 0.837178 -5.047671
    18 4.972047 0.000000 0.000000 0.660951 -0.628785 0.045606
    19 11.585358 0.000000 0.000001 0.000000 0.000000 -1.970427
    20 10.127058 0.000000 0.000001 2.240418 0.412867 0.183531
    21 1.537458 0.109715 1.664489 2.763372 -0.083494 0.855062
    22 0.928313 0.000000 0.000002 0.000000 0.000000 0.071491
    23 0.928311 0.000000 0.000001 0.000000 0.000000 0.786768
    24 2.686395 -0.427337 0.044204 0.007229 0.043048 0.143226
    25 1.435260 0.000000 0.000001 0.000000 0.000000 1.258221
    26 1.482593 0.000000 -0.000001 0.000000 0.000000 1.436287
    27 2.046984 0.000001 0.000000 0.462711 -0.412547 -0.247338
    28 -0.000005 0.000007 3.713254 -3.303106 -0.164324 1.247410
    29 18.045723 0.000000 0.000000 0.000000 0.000000 -1.768754
    30 17.597597 0.000000 0.000000 -0.257486 0.210376 -0.131728
    31 0.000005 -0.000003 -3.713254 0.774546 2.285848 5.527589
    32 18.045721 0.000000 0.000000 0.000000 0.000000 -2.678884
    33 17.597597 0.000000 0.000000 0.322260 0.090323 0.754262
  time 16
    0 0.051748 2.281471 -20.600716 0.000000 0.000000 -1.585458
    1 0.191408 0.000000 0.000000 -1.570795 -1.570787 0.000000
    2 1.293670 0.684478 -0.000001 0.000687 0.025478 0.025926
    3 5.309685 -0.003834 0.000000 -0.289035 0.062895 -0.043018
    4 4.826790 -0.004591 0.000000 0.246326 0.009024 0.052198
    5 5.792767 -0.005304 0.000000 0.239039 0.077840 0.242305
    6 6.662322 -0.001452 0.000000 -0.003248 0.442943 0.470829
    7 -4.662923 1.509010 2.601291 -0.954892 -0.771982 -2.577443
    8 4.827512 0.000000 -0.000002 0.732356 0.949345 -1.015137
    9 11.140032 0.000000 0.000000 0.000000 0.000000 -1.746026
    10 10.314563 -0.000001 0.000001 -2.255269 -0.504425 0.045478
    11 1.646836 0.445664 -1.699647 0.640562 1.256571 -1.009463
    12 0.928312 0.000000 0.000000 0.000000 0.000000 1.371802
    13 0.928313 0.000000 -0.000001 0.000000 0.000000 0.470356
    14 2.979373 -0.388274 -0.044205 -0.327529 -0.078750 0.728193
    15 1.435262 -0.000001 -0.000001 0.000000 0.000000 1.399139
    16 1.482593 -0.000001 0.000001 0.000000 0.000000 0.803664
    17 -0.822962 1.407480 -4.964640 -1.690601 0.851901 -5.022768
    18 4.972047 0.000000 0.000000 0.513124 -0.525536 0.101047
    19 11.585358 0.000000 0.000001 0.000000 0.000000 -1.996727
    20 10.127058 0.000000 0.000001 2.217277 0.397926 0.188133
    21 1.537458 0.109715 1.664489 2.738767 -0.078712 0.850479
    22 0.928313 0.000000 0.000002 0.000000 0.000000 0.072102
    23 0.928311 0.000000 0.000001 0.000000 0.000000 0.793143
    24 2.686395 -0.427337 0.044204 0.007301 0.043036 0.144371
    25 1.435260 0.000000 0.000001 0.000000 0.000000 1.262147
    26 1.482593 0.000000 -0.000001 0.000000 0.000000 1.437983
    27 2.046984 0.000001 0.000000 0.399034 -0.554252 -0.203420
    28 -0.000005 0.000007 3.713254 -3.320939 -0.158955 1.250957
    29 18.045723 0.000000 0.000000 0.000000 0.000000 -1.767199
    30 17.597597 0.000000 0.000000 -0.267825 0.225191 -0.131223
    31 0.000005 -0.000003 -3.713254 0.715507 2.257950 5.478600
    32 18.045721 0.000000 0.000000 0.000000 0.000000 -2.683293
    33 17.597597 0.000000 0.000000 0.315248 0.110697 0.715925
  time 17
    0 0.063467 2.269752 -20.600716 0.000000 0.000000 -1.585458
    1 0.191408 0.000000 0.000000 -1.570795 -1.570787 0.000000
    2 1.293670 0.684478 -0.000001 0.000653 0.025047 0.025926
    3 5.309685 -0.003834 0.000000 -0.289222 0.068132 -0.040527
    4 4.826790 -0.004591 0.000000 0.199041 -0.005717 0.047392
    5 5.792767 -0.005304 0.000000 0.087276 0.091239 0.221148
    6 6.662322 -0.001452 0.000000 -0.003440 0.445802 0.470658
    7 -4.674642 1.509010 2.589572 -0.852233 -0.920744 -2.704977
    8 4.827512 0.000000 -0.000002 0.433019 1.022766 -0.909077
    9 11.140032 0.000000 0.000000 0.000000 0.000000 -1.675167
    10 10.314563 -0.000001 0.000001 -2.259913 -0.511825 0.366394
    11 1.646836 0.445664 -1.699647 0.638123 1.257189 -1.013182
    12 0.928312 0.000000 0.000000 0.000000 0.000000 1.373196
    13 0.928313 0.000000 -0.000001 0.000000 0.000000 0.470585
    14 2.979373 -0.388274 -0.044205 -0.276727 -0.080763 0.728367
    15 1.435262 -0.000001 -0.000001 0.000000 0.000000 1.399222
    16 1.482593 -0.000001 0.000001 0.000000 0.000000 0.789293
    17 -0.811242 1.407480 -4.964640 -1.665762 0.869095 -4.997194
    18 4.972047 0.000000 0.000000 0.358357 -0.524411 0.002279
    19 11.585358 0.000000 0.000001 0.000000 0.000000 -2.026867
    20 10.127058 0.000000 0.000001 2.195819 0.384498 0.203540
    21 1.537458 0.109715 1.664489 2.719142 -0.074849 0.846729
    22 0.928313 0.000000 0.000002 0.000000 0.000000 0.072517
    23 0.928311 0.000000 0.000001 0.000000 0.000000 0.798312
    24 2.686395 -0.427337 0.044204 0.007337 0.043036 0.145321
    25 1.435260 0.000000 0.000001 0.000000 0.000000 1.265341
    26 1.482593 0.000000 -0.000001 0.000000 0.000000 1.439422
    27 2.046984 0.000001 0.000000 0.457497 -0.638396 -0.252387
    28 -0.000005 0.000007 3.713254 -3.321226 -0.158955 1.250861
    29 18.045723 0.000000 0.000000 0.000000 0.000000 -1.767866
    30 17.597597 0.000000 0.000000 -0.267977 0.225437 -0.130581
    31 0.000005 -0.000003 -3.713254 0.714549 2.257375 5.479175
    32 18.045721 0.000000 0.000000 0.000000 0.000000 -2.683293
    33 17.597597 0.000000 0.000000 0.314140 0.111742 0.715741
  time 18
    0 -0.042005 2.261939 -20.600716 0.000000 0.000000 -1.585458
    1 0.191408 0.000000 0.000000 -1.570795 -1.570787 0.000000
    2 1.293670 0.684478 -0.000001 0.000586 0.024519 0.025926
    3 5.309685 -0.003834 0.000000 -0.289273 0.065076 -0.035952
    4 4.826790 -0.004591 0.000000 0.142695 -0.034264 0.040094
    5 5.792767 -0.005304 0.000000 -0.108304 0.089081 0.191187
    6 6.662322 -0.001452 0.000000 -0.003559 0.447960 0.470487
    7 -4.682454 1.509010 2.577853 -0.570713 -1.014183 -3.034113
    8 4.827512 0.000000 -0.000002 0.215790 0.997269 -0.668535
    9 11.140032 0.000000 0.000000 0.000000 0.000000 -1.576123
    10 10.314563 -0.000001 0.000001 -2.173003 -0.619548 0.733006
    11 1.646836 0.445664 -1.699647 0.635027 1.257896 -1.017416
    12 0.928312 0.000000 0.000000 0.000000 0.000000 1.374764
    13 0.928313 0.000000 -0.000001 0.000000 0.000000 0.470814
    14 2.979373 -0.388274 -0.044205 -0.215953 -0.083220 0.728367
    15 1.435262 -0.000001 -0.000001 0.000000 0.000000 1.399264
    16 1.482593 -0.000001 0.000001 0.000000 0.000000 0.776525
    17 -0.799523 1.407480 -4.964640 -1.653248 0.862312 -4.974303
    18 4.972047 0.000000 0.000000 0.173011 -0.577522 -0.116855
    19 11.585358 0.000000 0.000001 0.000000 0.000000 -2.061009
    20 10.127058 0.000000 0.000001 2.178147 0.381472 0.236554
    21 1.537458 0.109715 1.664489 2.704207 -0.072059 0.843813
    22 0.928313 0.000000 0.000002 0.000000 0.000000 0.072910
    23 0.928311 0.000000 0.000001 0.000000 0.000000 0.802201
    24 2.686395 -0.427337 0.044204 0.007373 0.043024 0.146019
    25 1.435260 0.000000 0.000001 0.000000 0.000000 1.267770
    26 1.482593 0.000000 -0.000001 0.000000 0.000000 1.440399
    27 2.046984 0.000001 0.000000 0.606866 -0.688699 -0.358594
    28 -0.000005 0.000007 3.713254 -3.316528 -0.160393 1.249902
    29 18.045723 0.000000 0.000000 0.000000 0.000000 -1.768458
    30 17.597597 0.000000 0.000000 -0.265215 0.221500 -0.130581
    31 0.000005 -0.000003 -3.713254 0.730842 2.264853 5.492980
    32 18.045721 0.000000 0.000000 0.000000 0.000000 -2.682191
    33 17.597597 0.000000 0.000000 0.315986 0.106437 0.726318
  time 19
    0 -0.182634 2.269752 -20.600716 0.000000 0.000000 -1.585458
    1 0.191408 0.000000 0.000000 -1.570795 -1.570787 0.000000
    2 1.293670 0.684478 -0.000001 0.000569 0.023992 0.025926
    3 5.309685 -0.003834 0.000000 -0.289171 0.058605 -0.030547
    4 4.826790 -0.004591 0.000000 0.083660 -0.066491 0.033766
    5 5.792767 -0.005304 0.000000 -0.301151 0.079745 0.160728
    6 6.662322 -0.001452 0.000000 -0.003667 0.449403 0.470373
    7 -4.682454 1.509010 2.570040 -0.273952 -1.025508 -3.362578
    8 4.827512 0.000000 -0.000002 0.036586 0.917623 -0.437785
    9 11.140032 0.000000 0.000000 0.000000 0.000000 -1.494758
    10 10.314563 -0.000001 0.000001 -1.874173 -0.958923 0.565203
    11 1.646836 0.445664 -1.699647 0.632118 1.258514 -1.021651
    12 0.928312 0.000000 0.000000 0.000000 0.000000 1.376332
    13 0.928313 0.000000 -0.000001 0.000000 0.000000 0.471158
    14 2.979373 -0.388274 -0.044205 -0.168673 -0.085174 0.728280
    15 1.435262 -0.000001 -0.000001 0.000000 0.000000 1.399390
    16 1.482593 -0.000001 0.000001 0.000000 0.000000 0.764077
    17 -0.791711 1.407480 -4.964640 -1.686015 0.777026 -4.959457
    18 4.972047 0.000000 0.000000 -0.055013 -0.689369 -0.157055
    19 11.585358 0.000000 0.000001 0.000000 0.000000 -2.120799
    20 10.127058 0.000000 0.000001 2.175483 0.410219 0.345551
    21 1.537458 0.109715 1.664489 2.693963 -0.070128 0.841823
    22 0.928313 0.000000 0.000002 0.000000 0.000000 0.073150
    23 0.928311 0.000000 0.000001 0.000000 0.000000 0.804859
    24 2.686395 -0.427337 0.044204 0.007397 0.043024 0.146494
    25 1.435260 0.000000 0.000001 0.000000 0.000000 1.269467
    26 1.482593 0.000000 -0.000001 0.000000 0.000000 1.441221
    27 2.046984 0.000001 0.000000 0.811768 -0.690794 -0.449107
    28 -0.000005 0.000007 3.713254 -3.309721 -0.162407 1.248656
    29 18.045723 0.000000 0.000000 0.000000 0.000000 -1.768532
    30 17.597597 0.000000 0.000000 -0.261363 0.215889 -0.131223
    31 0.000005 -0.000003 -3.713254 0.752982 2.275206 5.510236
    32 18.045721 0.000000 0.000000 0.000000 0.000000 -2.680459
    33 17.597597 0.000000 0.000000 0.319475 0.098192 0.740313
  time 20
    0 -0.288106 2.273658 -20.600716 0.000000 0.000000 -1.585458
    1 0.191408 0.000000 0.000000 -1.570795 -1.570787 0.000000
    2 1.293670 0.684478 -0.000001 0.000484 0.023513 0.025926
    3 5.309685 -0.003834 0.000000 -0.289018 0.053523 -0.025690
    4 4.826790 -0.004591 0.000000 0.027925 -0.091922 0.030503
    5 5.792767 -0.005304 0.000000 -0.445304 0.076426 0.133882
    6 6.662322 -0.001452 0.000000 -0.003715 0.450214 0.470259
    7 -4.682454 1.509010 2.566134 -0.060966 -1.006672 -3.592542
    8 4.827512 0.000000 -0.000002 -0.144451 0.841730 -0.300184
    9 11.140032 0.000000 0.000000 0.000000 0.000000 -1.417885
    10 10.314563 -0.000001 0.000001 -1.171028 -1.156384 -0.112222
    11 1.646836 0.445664 -1.699647 0.629585 1.259132 -1.025318
    12 0.928312 0.000000 0.000000 0.000000 0.000000 1.377639
    13 0.928313 0.000000 -0.000001 0.000000 0.000000 0.471387
    14 2.979373 -0.388274 -0.044205 -0.136339 -0.086492 0.728280
    15 1.435262 -0.000001 -0.000001 0.000000 0.000000 1.399473
    16 1.482593 -0.000001 0.000001 0.000000 0.000000 0.751843
    17 -0.791711 1.407480 -4.964640 -1.724897 0.687060 -4.950358
    18 4.972047 0.000000 0.000000 -0.265122 -0.786351 -0.149867
    19 11.585358 0.000000 0.000001 0.000000 0.000000 -2.166867
    20 10.127058 0.000000 0.000001 2.175343 0.456556 0.441542
    21 1.537458 0.109715 1.664489 2.688315 -0.069055 0.840712
    22 0.928313 0.000000 0.000002 0.000000 0.000000 0.073281
    23 0.928311 0.000000 0.000001 0.000000 0.000000 0.806286
    24 2.686395 -0.427337 0.044204 0.007409 0.043024 0.146774
    25 1.435260 0.000000 0.000001 0.000000 0.000000 1.270332
    26 1.482593 0.000000 -0.000001 0.000000 0.000000 1.441581
    27 2.046984 0.000001 0.000000 1.002367 -0.674980 -0.496431
    28 -0.000005 0.000007 3.713254 -3.304640 -0.163845 1.247793
    29 18.045723 0.000000 0.000000 0.000000 0.000000 -1.768236
    30 17.597597 0.000000 0.000000 -0.258475 0.211705 -0.131957
    31 0.000005 -0.000003 -3.713254 0.769562 2.283355 5.522604
    32 18.045721 0.000000 0.000000 0.000000 0.000000 -2.679121
    33 17.597597 0.000000 0.000000 0.322293 0.091684 0.750613
  time 21
    0 -0.295919 2.258032 -20.600716 0.000000 0.000000 -1.585458
    1 0.191408 0.000000 0.000000 -1.570795 -1.570787 0.000000
    2 1.293670 0.684478 -0.000001 0.000468 0.023045 0.025926
    3 5.309685 -0.003834 0.000000 -0.288762 0.050479 -0.021768
    4 4.826790 -0.004591 0.000000 -0.023271 -0.100790 0.030657
    5 5.792767 -0.005304 0.000000 -0.458453 0.111840 0.105520
    6 6.662322 -0.001452 0.000000 -0.003739 0.450337 0.470174
    7 -4.682454 1.509010 2.566134 -0.019462 -1.070098 -3.636427
    8 4.827512 0.000000 -0.000002 -0.328039 0.880018 -0.368812
    9 11.140032 0.000000 0.000000 0.000000 0.000000 -1.332607
    10 10.314563 -0.000001 0.000001 -0.957781 -1.127907 -0.354637
    11 1.646836 0.445664 -1.699647 0.627709 1.259486 -1.027797
    12 0.928312 0.000000 0.000000 0.000000 0.000000 1.378554
    13 0.928313 0.000000 -0.000001 0.000000 0.000000 0.471540
    14 2.979373 -0.388274 -0.044205 -0.134661 -0.086588 0.728367
    15 1.435262 -0.000001 -0.000001 0.000000 0.000000 1.399515
    16 1.482593 -0.000001 0.000001 0.000000 0.000000 0.739448
    17 -0.791711 1.407480 -4.964640 -1.727763 0.689190 -4.957063
    18 4.972047 0.000000 0.000000 -0.328061 -0.795109 -0.167105
    19 11.585358 0.000000 0.000001 0.000000 0.000000 -2.138850
    20 10.127058 0.000000 0.000001 2.141052 0.508188 0.376814
    21 1.537458 0.109715 1.664489 2.687453 -0.068932 0.840526
    22 0.928313 0.000000 0.000002 0.000000 0.000000 0.073281
    23 0.928311 0.000000 0.000001 0.000000 0.000000 0.806483
    24 2.686395 -0.427337 0.044204 0.007409 0.043024 0.146802
    25 1.435260 0.000000 0.000001 0.000000 0.000000 1.270532
    26 1.482593 0.000000 -0.000001 0.000000 0.000000 1.441684
    27 2.046984 0.000001 0.000000 1.063157 -0.688345 -0.527880
    28 -0.000005 0.000007 3.713254 -3.304448 -0.164037 1.247602
    29 18.045723 0.000000 0.000000 0.000000 0.000000 -1.769346
    30 17.597597 0.000000 0.000000 -0.258196 0.211434 -0.131040
    31 0.000005 -0.000003 -3.713254 0.770521 2.283834 5.525576
    32 18.045721 0.000000 0.000000 0.000000 0.000000 -2.679121
    33 17.597597 0.000000 0.000000 0.320884 0.092472 0.752091
  time 22
    0 -0.276387 2.250220 -20.600716 0.000000 0.000000 -1.585458
    1 0.191408 0.000000 0.000000 -1.570795 -1.570787 0.000000
    2 1.293670 0.684478 -0.000001 0.000434 0.022626 0.025926
    3 5.309685 -0.003834 0.000000 -0.288439 0.046728 -0.017653
    4 4.826790 -0.004591 0.000000 -0.069488 -0.099568 0.032377
    5 5.792767 -0.005304 0.000000 -0.391575 0.146560 0.090301
    6 6.662322 -0.001452 0.000000 -0.003703 0.449815 0.470060
    7 -4.682454 1.509010 2.570040 -0.042083 -1.152537 -3.611802
    8 4.827512 0.000000 -0.000002 -0.497517 0.928368 -0.526342
    9 11.140032 0.000000 0.000000 0.000000 0.000000 -1.306162
    10 10.314563 -0.000001 0.000001 -1.004317 -1.065053 -0.333037
    11 1.646836 0.445664 -1.699647 0.626677 1.259751 -1.029088
    12 0.928312 0.000000 0.000000 0.000000 0.000000 1.379033
    13 0.928313 0.000000 -0.000001 0.000000 0.000000 0.471578
    14 2.979373 -0.388274 -0.044205 -0.144249 -0.086180 0.728497
    15 1.435262 -0.000001 -0.000001 0.000000 0.000000 1.399515
    16 1.482593 -0.000001 0.000001 0.000000 0.000000 0.727107
    17 -0.791711 1.407480 -4.964640 -1.721744 0.715059 -4.967886
    18 4.972047 0.000000 0.000000 -0.307519 -0.777673 -0.182945
    19 11.585358 0.000000 0.000001 0.000000 0.000000 -2.093681
    20 10.127058 0.000000 0.000001 2.102554 0.542987 0.288576
    21 1.537458 0.109715 1.664489 2.691091 -0.069607 0.841267
    22 0.928313 0.000000 0.000002 0.000000 0.000000 0.073237
    23 0.928311 0.000000 0.000001 0.000000 0.000000 0.805597
    24 2.686395 -0.427337 0.044204 0.007397 0.043024 0.146634
    25 1.435260 0.000000 0.000001 0.000000 0.000000 1.269933
    26 1.482593 0.000000 -0.000001 0.000000 0.000000 1.441427
    27 2.046984 0.000001 0.000000 1.041831 -0.696016 -0.540289
    28 -0.000005 0.000007 3.713254 -3.305119 -0.163845 1.247697
    29 18.045723 0.000000 0.000000 0.000000 0.000000 -1.769938
    30 17.597597 0.000000 0.000000 -0.258627 0.212148 -0.130490
    31 0.000005 -0.000003 -3.713254 0.767741 2.282396 5.524713
    32 18.045721 0.000000 0.000000 0.000000 0.000000 -2.679357
    33 17.597597 0.000000 0.000000 0.319643 0.094129 0.750797
  time 23
    0 -0.307638 2.285377 -20.600716 0.000000 0.000000 -1.585458
    1 0.191408 0.000000 0.000000 -1.570795 -1.570787 0.000000
    2 1.293670 0.684478 -0.000001 0.000367 0.022015 0.025926
    3 5.309685 -0.003834 0.000000 -0.287946 0.041431 -0.012106
    4 4.826790 -0.004591 0.000000 -0.115953 -0.094678 0.034692
    5 5.792767 -0.005304 0.000000 -0.311655 0.131627 0.098170
    6 6.662322 -0.001452 0.000000 -0.003631 0.448606 0.470060
    7 -4.682454 1.509010 2.570040 -0.036811 -1.162945 -3.617072
    8 4.827512 0.000000 -0.000002 -0.566791 0.885049 -0.613772
    9 11.140032 0.000000 0.000000 0.000000 0.000000 -1.491135
    10 10.314563 -0.000001 0.000001 -1.084213 -0.946371 -0.098694
    11 1.646836 0.445664 -1.699647 0.626302 1.259839 -1.029707
    12 0.928312 0.000000 0.000000 0.000000 0.000000 1.379250
    13 0.928313 0.000000 -0.000001 0.000000 0.000000 0.471578
    14 2.979373 -0.388274 -0.044205 -0.150253 -0.085977 0.728497
    15 1.435262 -0.000001 -0.000001 0.000000 0.000000 1.399515
    16 1.482593 -0.000001 0.000001 0.000000 0.000000 0.714820
    17 -0.799523 1.407480 -4.964640 -1.718592 0.726128 -4.972483
    18 4.972047 0.000000 0.000000 -0.259213 -0.786029 -0.208169
    19 11.585358 0.000000 0.000001 0.000000 0.000000 -2.065829
    20 10.127058 0.000000 0.000001 2.090493 0.547148 0.273120
    21 1.537458 0.109715 1.664489 2.699324 -0.071109 0.842887
    22 0.928313 0.000000 0.000002 0.000000 0.000000 0.073019
    23 0.928311 0.000000 0.000001 0.000000 0.000000 0.803456
    24 2.686395 -0.427337 0.044204 0.007385 0.043024 0.146243
    25 1.435260 0.000000 0.000001 0.000000 0.000000 1.268602
    26 1.482593 0.000000 -0.000001 0.000000 0.000000 1.440810
    27 2.046984 0.000001 0.000000 1.006805 -0.653826 -0.533537
    28 -0.000005 0.000007 3.713254 -3.303873 -0.163941 1.247697
    29 18.045723 0.000000 0.000000 0.000000 0.000000 -1.767570
    30 17.597597 0.000000 0.000000 -0.258044 0.211016 -0.132690
    31 0.000005 -0.000003 -3.713254 0.772150 2.284601 5.523179
    32 18.045721 0.000000 0.000000 0.000000 0.000000 -2.679121
    33 17.597597 0.000000 0.000000 0.323703 0.089908 0.751767
  time 24
    0 -0.338889 2.336160 -20.600716 0.000000 0.000000 -1.585458
    1 0.191408 0.000000 0.000000 -1.570795 -1.570787 0.000000
    2 1.293670 0.684478 -0.000001 0.000333 0.021380 0.025926
    3 5.309685 -0.003834 0.000000 -0.287401 0.035738 -0.006330
    4 4.826790 -0.004591 0.000000 -0.159328 -0.087260 0.037073
    5 5.792767 -0.005304 0.000000 -0.219522 0.100059 0.112102
    6 6.662322 -0.001452 0.000000 -0.003511 0.446764 0.470003
    7 -4.674642 1.509010 2.577853 -0.033648 -1.153483 -3.619946
    8 4.827512 0.000000 -0.000002 -0.652646 0.773682 -0.782741
    9 11.140032 0.000000 0.000000 0.000000 0.000000 -1.664661
    10 10.314563 -0.000001 0.000001 -1.169227 -0.806799 0.171707
    11 1.646836 0.445664 -1.699647 0.626302 1.259839 -1.029759
    12 0.928312 0.000000 0.000000 0.000000 0.000000 1.379294
    13 0.928313 0.000000 -0.000001 0.000000 0.000000 0.471578
    14 2.979373 -0.388274 -0.044205 -0.156857 -0.085701 0.728584
    15 1.435262 -0.000001 -0.000001 0.000000 0.000000 1.399599
    16 1.482593 -0.000001 0.000001 0.000000 0.000000 0.702692
    17 -0.811242 1.407480 -4.964640 -1.714197 0.737327 -4.975835
    18 4.972047 0.000000 0.000000 -0.186894 -0.795671 -0.241314
    19 11.585358 0.000000 0.000001 0.000000 0.000000 -2.038057
    20 10.127058 0.000000 0.000001 2.086355 0.541663 0.275071
    21 1.537458 0.109715 1.664489 2.712153 -0.073562 0.845387
    22 0.928313 0.000000 0.000002 0.000000 0.000000 0.072735
    23 0.928311 0.000000 0.000001 0.000000 0.000000 0.800109
    24 2.686395 -0.427337 0.044204 0.007349 0.043024 0.145628
    25 1.435260 0.000000 0.000001 0.000000 0.000000 1.266472
    26 1.482593 0.000000 -0.000001 0.000000 0.000000 1.439936
    27 2.046984 0.000001 0.000000 0.950366 -0.603582 -0.521432
    28 -0.000005 0.000007 3.713254 -3.302243 -0.164228 1.247793
    29 18.045723 0.000000 0.000000 0.000000 0.000000 -1.764313
    30 17.597597 0.000000 0.000000 -0.257309 0.209515 -0.135716
    31 0.000005 -0.000003 -3.713254 0.777709 2.287669 5.521070
    32 18.045721 0.000000 0.000000 0.000000 0.000000 -2.678570
    33 17.597597 0.000000 0.000000 0.329138 0.084189 0.752922
  time 25
    0 -0.370140 2.367411 -20.600716 0.000000 0.000000 -1.585458
    1 0.191408 0.000000 0.000000 -1.570795 -1.570787 0.000000
    2 1.293670 0.684478 -0.000001 0.000266 0.021032 0.025926
    3 5.309685 -0.003834 0.000000 -0.286788 0.032514 -0.003186
    4 4.826790 -0.004591 0.000000 -0.181893 -0.082718 0.038528
    5 5.792767 -0.005304 0.000000 -0.167538 0.079230 0.119784
    6 6.662322 -0.001452 0.000000 -0.003380 0.444249 0.470003
    7 -4.670735 1.509010 2.589572 -0.030197 -1.148101 -3.623204
    8 4.827512 0.000000 -0.000002 -0.389979 0.541311 -0.710647
    9 11.140032 0.000000 0.000000 0.000000 0.000000 -1.642780
    10 10.314563 -0.000001 0.000001 -1.361244 -0.785910 0.392232
    11 1.646836 0.445664 -1.699647 0.264714 2.132803 -1.094365
    12 0.928312 0.000000 0.000000 0.000000 0.000000 1.369058
    13 0.928313 0.000000 -0.000001 0.000000 0.000000 0.537773
    14 2.979373 -0.388274 -0.044205 -0.160632 -0.085533 0.728584
    15 1.435262 -0.000001 -0.000001 0.000000 0.000000 1.399515
    16 1.482593 -0.000001 0.000001 0.000000 0.000000 0.695854
    17 -0.822962 1.407480 -4.964640 -1.709134 0.747265 -4.977368
    18 4.972047 0.000000 0.000000 -0.143934 -0.798805 -0.263543
    19 11.585358 0.000000 0.000001 0.000000 0.000000 -2.016576
    20 10.127058 0.000000 0.000001 2.087968 0.532396 0.285475
    21 1.537458 0.109715 1.664489 2.729385 -0.076842 0.848720
    22 0.928313 0.000000 0.000002 0.000000 0.000000 0.072276
    23 0.928311 0.000000 0.000001 0.000000 0.000000 0.795629
    24 2.686395 -0.427337 0.044204 0.007325 0.043036 0.144818
    25 1.435260 0.000000 0.000001 0.000000 0.000000 1.263711
    26 1.482593 0.000000 -0.000001 0.000000 0.000000 1.438651
    27 2.046984 0.000001 0.000000 0.901338 -0.577678 -0.510787
    28 -0.000005 0.000007 3.713254 -3.301285 -0.164324 1.247889
    29 18.045723 0.000000 0.000000 0.000000 0.000000 -1.762389
    30 17.597597 0.000000 0.000000 -0.256827 0.208653 -0.137504
    31 0.000005 -0.000003 -3.713254 0.781064 2.289490 5.519823
    32 18.045721 0.000000 0.000000 0.000000 0.000000 -2.678333
    33 17.597597 0.000000 0.000000 0.332359 0.080855 0.753523
  time 26
    0 -0.370140 2.375223 -20.600716 0.000000 0.000000 -1.585458
    1 0.191408 0.000000 0.000000 -1.570795 -1.570787 0.000000
    2 1.293670 0.684478 -0.000001 0.000266 0.020948 0.025926
    3 5.309685 -0.003834 0.000000 -0.286210 0.031843 -0.002762
    4 4.826790 -0.004591 0.000000 -0.185746 -0.081819 0.039190
    5 5.792767 -0.005304 0.000000 -0.155432 0.074316 0.121715
    6 6.662322 -0.001452 0.000000 -0.003188 0.441088 0.470003
    7 -4.662923 1.509010 2.609104 -0.026076 -1.145085 -3.627037
    8 4.827512 0.000000 -0.000002 -0.229509 0.390803 -0.693924
    9 11.140032 0.000000 0.000000 0.000000 0.000000 -1.603076
    10 10.314563 -0.000001 0.000001 -1.511844 -0.776637 0.539771
    11 1.646836 0.445664 -1.699647 0.170799 2.802323 -0.933134
    12 0.928312 0.000000 0.000000 0.000000 0.000000 1.361740
    13 0.928313 0.000000 -0.000001 0.000000 0.000000 0.585099
    14 2.979373 -0.388274 -0.044205 -0.163568 -0.085413 0.728584
    15 1.435262 -0.000001 -0.000001 0.000000 0.000000 1.399515
    16 1.482593 -0.000001 0.000001 0.000000 0.000000 0.690511
    17 -0.834681 1.407480 -4.964640 -1.703306 0.754758 -4.976602
    18 4.972047 0.000000 0.000000 -0.138494 -0.796555 -0.268468
    19 11.585358 0.000000 0.000001 0.000000 0.000000 -2.007264
    20 10.127058 0.000000 0.000001 2.092666 0.525304 0.295379
    21 1.537458 0.109715 1.664489 2.751117 -0.081073 0.852794
    22 0.928313 0.000000 0.000002 0.000000 0.000000 0.071774
    23 0.928311 0.000000 0.000001 0.000000 0.000000 0.789968
    24 2.686395 -0.427337 0.044204 0.007277 0.043048 0.143784
    25 1.435260 0.000000 0.000001 0.000000 0.000000 1.260184
    26 1.482593 0.000000 -0.000001 0.000000 0.000000 1.437109
    27 2.046984 0.000001 0.000000 0.858470 -0.580864 -0.495945
    28 -0.000005 0.000007 3.713254 -3.301189 -0.164324 1.247889
    29 18.045723 0.000000 0.000000 0.000000 0.000000 -1.762092
    30 17.597597 0.000000 0.000000 -0.256751 0.208456 -0.137871
    31 0.000005 -0.000003 -3.713254 0.781639 2.289778 5.519632
    32 18.045721 0.000000 0.000000 0.000000 0.000000 -2.678333
    33 17.597597 0.000000 0.000000 0.332929 0.080264 0.753707
  time 27
    0 -0.370140 2.379130 -20.600716 0.000000 0.000000 -1.585458
    1 0.191408 0.000000 0.000000 -1.570795 -1.570787 0.000000
    2 1.293670 0.684478 -0.000001 0.000266 0.020948 0.025926
    3 5.309685 -0.003834 0.000000 -0.285461 0.031819 -0.003080
    4 4.826790 -0.004591 0.000000 -0.185231 -0.081471 0.039697
    5 5.792767 -0.005304 0.000000 -0.148525 0.070913 0.123438
    6 6.662322 -0.001452 0.000000 -0.002924 0.437308 0.470060
    7 -4.651203 1.509010 2.620823 -0.019749 -1.144110 -3.633169
    8 4.827512 0.000000 -0.000002 -0.223769 0.425680 -0.727804
    9 11.140032 0.000000 0.000000 0.000000 0.000000 -1.626985
    10 10.314563 -0.000001 0.000001 -1.552597 -0.784505 0.594641
    11 1.646836 0.445664 -1.699647 0.147250 2.921669 -0.966548
    12 0.928312 0.000000 0.000000 0.000000 0.000000 1.352287
    13 0.928313 0.000000 -0.000001 0.000000 0.000000 0.580974
    14 2.979373 -0.388274 -0.044205 -0.164946 -0.085186 0.727455
    15 1.435262 -0.000001 -0.000001 0.000000 0.000000 1.398972
    16 1.482593 -0.000001 0.000001 0.000000 0.000000 0.688855
    17 -0.854213 1.407480 -4.952921 -1.697001 0.758675 -4.973345
    18 4.972047 0.000000 0.000000 -0.141308 -0.792377 -0.263810
    19 11.585358 0.000000 0.000001 0.000000 0.000000 -2.009388
    20 10.127058 0.000000 0.000001 2.100731 0.521710 0.303033
    21 1.537458 0.109715 1.664489 2.777253 -0.086315 0.857608
    22 0.928313 0.000000 0.000002 0.000000 0.000000 0.071185
    23 0.928311 0.000000 0.000001 0.000000 0.000000 0.783150
    24 2.686395 -0.427337 0.044204 0.007193 0.043048 0.142555
    25 1.435260 0.000000 0.000001 0.000000 0.000000 1.255925
    26 1.482593 0.000000 -0.000001 0.000000 0.000000 1.435310
    27 2.046984 0.000001 0.000000 0.806383 -0.593285 -0.472222
    28 -0.000005 0.000007 3.713254 -3.301189 -0.164324 1.247889
    29 18.045723 0.000000 0.000000 0.000000 0.000000 -1.762018
    30 17.597597 0.000000 0.000000 -0.256751 0.208456 -0.137871
    31 0.000005 -0.000003 -3.713254 0.781734 2.289874 5.519632
    32 18.045721 0.000000 0.000000 0.000000 0.000000 -2.678333
    33 17.597597 0.000000 0.000000 0.333030 0.080185 0.753754
  time 28
    0 -0.370140 2.375223 -20.600716 0.000000 0.000000 -1.585458
    1 0.191408 0.000000 0.000000 -1.570795 -1.570787 0.000000
    2 1.293670 0.684478 -0.000001 0.000266 0.021044 0.025926
    3 5.309685 -0.003834 0.000000 -0.284678 0.032275 -0.003963
    4 4.826790 -0.004591 0.000000 -0.181321 -0.081615 0.040138
    5 5.792767 -0.005304 0.000000 -0.145970 0.068708 0.124933
    6 6.662322 -0.001452 0.000000 -0.002685 0.432869 0.470117
    7 -4.643391 1.509010 2.644261 -0.010164 -1.143903 -3.642559
    8 4.827512 0.000000 -0.000002 -0.229748 0.490829 -0.761858
    9 11.140032 0.000000 0.000000 0.000000 0.000000 -1.667559
    10 10.314563 -0.000001 0.000001 -1.585485 -0.810733 0.648059
    11 1.646836 0.445664 -1.699647 0.123231 3.017605 -1.031773
    12 0.928312 0.000000 0.000000 0.000000 0.000000 1.326762
    13 0.928313 0.000000 -0.000001 0.000000 0.000000 0.569629
    14 2.979373 -0.388274 -0.044205 -0.164011 -0.084658 0.724415
    15 1.435262 -0.000001 -0.000001 0.000000 0.000000 1.397384
    16 1.482593 -0.000001 0.000001 0.000000 0.000000 0.693076
    17 -0.873744 1.403573 -4.952921 -1.690219 0.759727 -4.967598
    18 4.972047 0.000000 0.000000 -0.149937 -0.786913 -0.252828
    19 11.585358 0.000000 0.000001 0.000000 0.000000 -2.016494
    20 10.127058 0.000000 0.000001 2.113213 0.519157 0.312437
    21 1.537458 0.109715 1.664489 2.807697 -0.092508 0.863024
    22 0.928313 0.000000 0.000002 0.000000 0.000000 0.070465
    23 0.928311 0.000000 0.000001 0.000000 0.000000 0.775224
    24 2.686395 -0.427337 0.044204 0.007133 0.043060 0.141102
    25 1.435260 0.000000 0.000001 0.000000 0.000000 1.251034
    26 1.482593 0.000000 -0.000001 0.000000 0.000000 1.433100
    27 2.046984 0.000001 0.000000 0.746756 -0.611636 -0.440591
    28 -0.000005 0.000007 3.713254 -3.301285 -0.164324 1.247889
    29 18.045723 0.000000 0.000000 0.000000 0.000000 -1.762166
    30 17.597597 0.000000 0.000000 -0.256751 0.208530 -0.137734
    31 0.000005 -0.000003 -3.713254 0.781447 2.289682 5.519728
    32 18.045721 0.000000 0.000000 0.000000 0.000000 -2.678333
    33 17.597597 0.000000 0.000000 0.332728 0.080481 0.753615
  time 29
    0 -0.370140 2.367411 -20.600716 0.000000 0.000000 -1.585458
    1 0.191408 0.000000 0.000000 -1.570795 -1.570787 0.000000
    2 1.293670 0.684478 -0.000001 0.000282 0.021140 0.025926
    3 5.309685 -0.003834 0.000000 -0.283776 0.033042 -0.005164
    4 4.826790 -0.004591 0.000000 -0.174874 -0.082070 0.040579
    5 5.792767 -0.005304 0.000000 -0.147122 0.067413 0.126282
    6 6.662322 -0.001452 0.000000 -0.002385 0.427811 0.470174
    7 -4.627765 1.509010 2.671606 0.001913 -1.144317 -3.654824
    8 4.827512 0.000000 -0.000002 -0.245691 0.578234 -0.796605
    9 11.140032 0.000000 0.000000 0.000000 0.000000 -1.720015
    10 10.314563 -0.000001 0.000001 -1.616098 -0.848296 0.702174
    11 1.646836 0.445664 -1.699647 0.104092 3.088983 -1.122769
    12 0.928312 0.000000 0.000000 0.000000 0.000000 1.289171
    13 0.928313 0.000000 -0.000001 0.000000 0.000000 0.552746
    14 2.979373 -0.388274 -0.044205 -0.161399 -0.083975 0.719855
    15 1.435262 -0.000001 -0.000001 0.000000 0.000000 1.394960
    16 1.482593 -0.000001 0.000001 0.000000 0.000000 0.701624
    17 -0.904995 1.403573 -4.952921 -1.682576 0.759359 -4.960127
    18 4.972047 0.000000 0.000000 -0.162694 -0.780405 -0.238519
    19 11.585358 0.000000 0.000001 0.000000 0.000000 -2.026949
    20 10.127058 0.000000 0.000001 2.128710 0.516604 0.323391
    21 1.537458 0.109715 1.664489 2.842449 -0.099835 0.868995
    22 0.928313 0.000000 0.000002 0.000000 0.000000 0.069591
    23 0.928311 0.000000 0.000001 0.000000 0.000000 0.766167
    24 2.686395 -0.427337 0.044204 0.007061 0.043072 0.139454
    25 1.435260 0.000000 0.000001 0.000000 0.000000 1.245344
    26 1.482593 0.000000 -0.000001 0.000000 0.000000 1.430684
    27 2.046984 0.000001 0.000000 0.681744 -0.632672 -0.401964
    28 -0.000005 0.000007 3.713254 -3.301285 -0.164324 1.247889
    29 18.045723 0.000000 0.000000 0.000000 0.000000 -1.762537
    30 17.597597 0.000000 0.000000 -0.256827 0.208678 -0.137458
    31 0.000005 -0.000003 -3.713254 0.780872 2.289395 5.519919
    32 18.045721 0.000000 0.000000 0.000000 0.000000 -2.678333
    33 17.597597 0.000000 0.000000 0.332191 0.081053 0.753523
  time 30
    0 -0.362327 2.363504 -20.600716 0.000000 0.000000 -1.585458
    1 0.191408 0.000000 0.000000 -1.570795 -1.570787 0.000000
    2 1.293670 0.684478 -0.000001 0.000282 0.021248 0.025926
    3 5.309685 -0.003834 0.000000 -0.282772 0.033868 -0.006542
    4 4.826790 -0.004591 0.000000 -0.166805 -0.082754 0.041064
    5 5.792767 -0.005304 0.000000 -0.151115 0.066802 0.127591
    6 6.662322 -0.001452 0.000000 -0.002037 0.422121 0.470259
    7 -4.612140 1.509010 2.695044 0.016195 -1.145204 -3.668909
    8 4.827512 0.000000 -0.000002 -0.270005 0.679710 -0.832565
    9 11.140032 0.000000 0.000000 0.000000 0.000000 -1.779499
    10 10.314563 -0.000001 0.000001 -1.647563 -0.889699 0.758147
    11 1.646836 0.445664 -1.699647 0.090488 3.133859 -1.233131
    12 0.928312 0.000000 0.000000 0.000000 0.000000 1.243521
    13 0.928313 0.000000 -0.000001 0.000000 0.000000 0.531891
    14 2.979373 -0.388274 -0.044205 -0.157732 -0.083148 0.714383
    15 1.435262 -0.000001 -0.000001 0.000000 0.000000 1.392201
    16 1.482593 -0.000001 0.000001 0.000000 0.000000 0.712896
    17 -0.928434 1.403573 -4.949015 -1.674074 0.758938 -4.951795
    18 4.972047 0.000000 0.000000 -0.178077 -0.772932 -0.223610
    19 11.585358 0.000000 0.000001 0.000000 0.000000 -2.039283
    20 10.127058 0.000000 0.000001 2.146031 0.513294 0.335747
    21 1.537458 0.109715 1.664489 2.881606 -0.108327 0.875430
    22 0.928313 0.000000 0.000002 0.000000 0.000000 0.068675
    23 0.928311 0.000000 0.000001 0.000000 0.000000 0.755977
    24 2.686395 -0.427337 0.044204 0.006989 0.043084 0.137610
    25 1.435260 0.000000 0.000001 0.000000 0.000000 1.238989
    26 1.482593 0.000000 -0.000001 0.000000 0.000000 1.427857
    27 2.046984 0.000001 0.000000 0.614018 -0.653472 -0.358229
    28 -0.000005 0.000007 3.713254 -3.301572 -0.164324 1.247793
    29 18.045723 0.000000 0.000000 0.000000 0.000000 -1.762907
    30 17.597597 0.000000 0.000000 -0.256954 0.208850 -0.137092
    31 0.000005 -0.000003 -3.713254 0.780201 2.289011 5.520207
    32 18.045721 0.000000 0.000000 0.000000 0.000000 -2.678333
    33 17.597597 0.000000 0.000000 0.331520 0.081763 0.753384
  time 31
    0 -0.358421 2.355692 -20.600716 0.000000 0.000000 -1.585458
    1 0.191408 0.000000 0.000000 -1.570795 -1.570787 0.000000
    2 1.293670 0.684478 -0.000001 0.000333 0.021344 0.025926
    3 5.309685 -0.003834 0.000000 -0.281683 0.034647 -0.007902
    4 4.826790 -0.004591 0.000000 -0.158126 -0.083461 0.041725
    5 5.792767 -0.005304 0.000000 -0.157195 0.066550 0.128816
    6 6.662322 -0.001452 0.000000 -0.001702 0.415826 0.470373
    7 -4.596514 1.516823 2.726295 0.032011 -1.146327 -3.684528
    8 4.827512 0.000000 -0.000002 -0.301732 0.787325 -0.870431
    9 11.140032 0.000000 0.000000 0.000000 0.000000 -1.841157
    10 10.314563 -0.000001 0.000001 -1.681967 -0.927168 0.815688
    11 1.646836 0.445664 -1.699647 0.079229 3.150908 -1.355474
    12 0.928312 0.000000 0.000000 0.000000 0.000000 1.194038
    13 0.928313 0.000000 -0.000001 0.000000 0.000000 0.508476
    14 2.979373 -0.388274 -0.044205 -0.153657 -0.082237 0.708390
    15 1.435262 -0.000001 -0.000001 0.000000 0.000000 1.389067
    16 1.482593 -0.000001 0.000001 0.000000 0.000000 0.725291
    17 -0.959684 1.399667 -4.941202 -1.664234 0.759911 -4.943270
    18 4.972047 0.000000 0.000000 -0.194586 -0.765058 -0.211164
    19 11.585358 0.000000 0.000001 0.000000 0.000000 -2.051371
    20 10.127058 0.000000 0.000001 2.163772 0.508755 0.349303
    21 1.537458 0.109715 1.664489 2.925165 -0.117984 0.882142
    22 0.928313 0.000000 0.000002 0.000000 0.000000 0.067670
    23 0.928311 0.000000 0.000001 0.000000 0.000000 0.744679
    24 2.686395 -0.427337 0.044204 0.006893 0.043096 0.135543
    25 1.435260 0.000000 0.000001 0.000000 0.000000 1.231969
    26 1.482593 0.000000 -0.000001 0.000000 0.000000 1.424773
    27 2.046984 0.000001 0.000000 0.546593 -0.671528 -0.312060
    28 -0.000005 0.000007 3.713254 -3.301764 -0.164228 1.247793
    29 18.045723 0.000000 0.000000 0.000000 0.000000 -1.763277
    30 17.597597 0.000000 0.000000 -0.257030 0.209022 -0.136725
    31 0.000005 -0.000003 -3.713254 0.779434 2.288628 5.520399
    32 18.045721 0.000000 0.000000 0.000000 0.000000 -2.678491
    33 17.597597 0.000000 0.000000 0.330849 0.082453 0.753245
  time 32
    0 -0.358421 2.347879 -20.600716 0.000000 0.000000 -1.585458
    1 0.191408 0.000000 0.000000 -1.570795 -1.570787 0.000000
    2 1.293670 0.684478 -0.000001 0.000333 0.021403 0.025926
    3 5.309685 -0.003834 0.000000 -0.280475 0.035199 -0.009050
    4 4.826790 -0.004591 0.000000 -0.149772 -0.084096 0.042519
    5 5.792767 -0.005304 0.000000 -0.164606 0.066395 0.129937
    6 6.662322 -0.001452 0.000000 -0.001306 0.408913 0.470487
    7 -4.576982 1.516823 2.753640 0.048785 -1.147540 -3.701104
    8 4.827512 0.000000 -0.000002 -0.339757 0.893662 -0.910290
    9 11.140032 0.000000 0.000000 0.000000 0.000000 -1.900352
    10 10.314563 -0.000001 0.000001 -1.719025 -0.953115 0.872474
    11 1.646836 0.445664 -1.699647 0.065907 3.139954 -1.481432
    12 0.928312 0.000000 0.000000 0.000000 0.000000 1.144642
    13 0.928313 0.000000 -0.000001 0.000000 0.000000 0.484221
    14 2.979373 -0.388274 -0.044205 -0.149774 -0.081327 0.702397
    15 1.435262 -0.000001 -0.000001 0.000000 0.000000 1.385933
    16 1.482593 -0.000001 0.000001 0.000000 0.000000 0.737365
    17 -0.994842 1.399667 -4.933389 -1.652770 0.763749 -4.935129
    18 4.972047 0.000000 0.000000 -0.210438 -0.756862 -0.203710
    19 11.585358 0.000000 0.000001 0.000000 0.000000 -2.061745
    20 10.127058 0.000000 0.000001 2.180742 0.502419 0.363909
    21 1.537458 0.109715 1.664489 2.972746 -0.128959 0.889039
    22 0.928313 0.000000 0.000002 0.000000 0.000000 0.066514
    23 0.928311 0.000000 0.000001 0.000000 0.000000 0.732299
    24 2.686395 -0.427337 0.044204 0.006822 0.043120 0.133308
    25 1.435260 0.000000 0.000001 0.000000 0.000000 1.224216
    26 1.482593 0.000000 -0.000001 0.000000 0.000000 1.421432
    27 2.046984 0.000001 0.000000 0.483735 -0.685041 -0.266986
    28 -0.000005 0.000007 3.713254 -3.301860 -0.164228 1.247793
    29 18.045723 0.000000 0.000000 0.000000 0.000000 -1.763573
    30 17.597597 0.000000 0.000000 -0.257106 0.209195 -0.136404
    31 0.000005 -0.000003 -3.713254 0.778859 2.288340 5.520590
    32 18.045721 0.000000 0.000000 0.000000 0.000000 -2.678570
    33 17.597597 0.000000 0.000000 0.330346 0.082985 0.753107
  time 33
    0 -0.350608 2.347879 -20.600716 0.000000 0.000000 -1.585458
    1 0.191408 0.000000 0.000000 -1.570795 -1.570787 0.000000
    2 1.293670 0.684478 -0.000001 0.000333 0.021427 0.025926
    3 5.309685 -0.003834 0.000000 -0.279148 0.035283 -0.009757
    4 4.826790 -0.004591 0.000000 -0.142581 -0.084491 0.043644
    5 5.792767 -0.005304 0.000000 -0.172538 0.065987 0.131079
    6 6.662322 -0.001452 0.000000 -0.000935 0.401395 0.470658
    7 -4.557451 1.516823 2.784891 0.065847 -1.148693 -3.717777
    8 4.827512 0.000000 -0.000002 -0.381928 0.990874 -0.949283
    9 11.140032 0.000000 0.000000 0.000000 0.000000 -1.951939
    10 10.314563 -0.000001 0.000001 -1.755703 -0.959859 0.923685
    11 1.646836 0.445664 -1.699647 3.186593 0.038643 1.538361
    12 0.928312 0.000000 0.000000 0.000000 0.000000 1.099428
    13 0.928313 0.000000 -0.000001 0.000000 0.000000 0.460730
    14 2.979373 -0.388274 -0.044205 -0.146730 -0.080488 0.696882
    15 1.435262 -0.000001 -0.000001 0.000000 0.000000 1.383091
    16 1.482593 -0.000001 0.000001 0.000000 0.000000 0.747462
    17 -1.033906 1.399667 -4.921670 -1.639396 0.771794 -4.927754
    18 4.972047 0.000000 0.000000 -0.224132 -0.748747 -0.203976
    19 11.585358 0.000000 0.000001 0.000000 0.000000 -2.068687
    20 10.127058 0.000000 0.000001 2.195538 0.493530 0.379415
    21 1.537458 0.109715 1.664489 3.024444 -0.141222 0.895937
    22 0.928313 0.000000 0.000002 0.000000 0.000000 0.065335
    23 0.928311 0.000000 0.000001 0.000000 0.000000 0.718810
    24 2.686395 -0.427337 0.044204 0.006714 0.043132 0.130849
    25 1.435260 0.000000 0.000001 0.000000 0.000000 1.215865
    26 1.482593 0.000000 -0.000001 0.000000 0.000000 1.417731
    27 2.046984 0.000001 0.000000 0.429838 -0.692859 -0.227204
    28 -0.000005 0.000007 3.713254 -3.301956 -0.164228 1.247793
    29 18.045723 0.000000 0.000000 0.000000 0.000000 -1.763721
    30 17.597597 0.000000 0.000000 -0.257157 0.209269 -0.136266
    31 0.000005 -0.000003 -3.713254 0.778572 2.288148 5.520686
    32 18.045721 0.000000 0.000000 0.000000 0.000000 -2.678570
    33 17.597597 0.000000 0.000000 0.330111 0.083202 0.753107
  time 34
    0 -0.350608 2.347879 -20.600716 0.000000 0.000000 -1.585458
    1 0.191408 0.000000 0.000000 -1.570795 -1.570787 0.000000
    2 1.293670 0.684478 -0.000001 0.000333 0.021380 0.025926
    3 5.309685 -0.003834 0.000000 -0.277718 0.034719 -0.009881
    4 4.826790 -0.004591 0.000000 -0.137507 -0.084563 0.045055
    5 5.792767 -0.005304 0.000000 -0.180345 0.065076 0.132138
    6 6.662322 -0.001452 0.000000 -0.000503 0.393272 0.470772
    7 -4.534012 1.516823 2.823954 0.082526 -1.149639 -3.733778
    8 4.827512 0.000000 -0.000002 -0.422344 1.072139 -0.980997
    9 11.140032 0.000000 0.000000 0.000000 0.000000 -1.991281
    10 10.314563 -0.000001 0.000001 -1.786884 -0.940001 0.962356
    11 1.646836 0.445664 -1.699647 3.155632 0.099155 1.428258
    12 0.928312 0.000000 0.000000 0.000000 0.000000 1.062490
    13 0.928313 0.000000 -0.000001 0.000000 0.000000 0.439493
    14 2.979373 -0.388274 -0.044205 -0.145148 -0.079769 0.692322
    15 1.435262 -0.000001 -0.000001 0.000000 0.000000 1.380792
    16 1.482593 -0.000001 0.000001 0.000000 0.000000 0.754140
    17 -1.072969 1.399667 -4.921670 -1.623633 0.785676 -4.921528
    18 4.972047 0.000000 0.000000 -0.234638 -0.741114 -0.214825
    19 11.585358 0.000000 0.000001 0.000000 0.000000 -2.070566
    20 10.127058 0.000000 0.000001 2.206688 0.481710 0.395723
    21 1.537458 0.109715 1.664489 -3.202704 -0.154834 0.902695
    22 0.928313 0.000000 0.000002 0.000000 0.000000 0.063981
    23 0.928311 0.000000 0.000001 0.000000 0.000000 0.704239
    24 2.686395 -0.427337 0.044204 0.006606 0.043156 0.128195
    25 1.435260 0.000000 0.000001 0.000000 0.000000 1.206748
    26 1.482593 0.000000 -0.000001 0.000000 0.000000 1.413722
    27 2.046984 0.000001 0.000000 0.389814 -0.694246 -0.197337
    28 -0.000005 0.000007 3.713254 -3.301956 -0.164228 1.247793
    29 18.045723 0.000000 0.000000 0.000000 0.000000 -1.763647
    30 17.597597 0.000000 0.000000 -0.257106 0.209219 -0.136404
    31 0.000005 -0.000003 -3.713254 0.778859 2.288244 5.520590
    32 18.045721 0.000000 0.000000 0.000000 0.000000 -2.678570
    33 17.597597 0.000000 0.000000 0.330279 0.083045 0.753107
  time 35
    0 -0.362327 2.355692 -20.600716 0.000000 0.000000 -1.585458
    1 0.191408 0.000000 0.000000 -1.570795 -1.570787 0.000000
    2 1.293670 0.684478 -0.000001 0.000282 0.021284 0.025926
    3 5.309685 -0.003834 0.000000 -0.276136 0.033389 -0.009156
    4 4.826790 -0.004591 0.000000 -0.135523 -0.084132 0.046929
    5 5.792767 -0.005304 0.000000 -0.187126 0.063375 0.133196
    6 6.662322 -0.001452 0.000000 -0.000108 0.384531 0.470943
    7 -4.506668 1.516823 2.863018 0.097958 -1.150290 -3.748343
    8 4.827512 0.000000 -0.000002 -0.449368 1.130637 -0.991915
    9 11.140032 0.000000 0.000000 0.000000 0.000000 -2.013596
    10 10.314563 -0.000001 0.000001 -1.808304 -0.886701 0.982329
    11 1.646836 0.445664 -1.699647 3.114162 0.179985 1.335041
    12 0.928312 0.000000 0.000000 0.000000 0.000000 1.037923
    13 0.928313 0.000000 -0.000001 0.000000 0.000000 0.422113
    14 2.979373 -0.388274 -0.044205 -0.145663 -0.079265 0.689282
    15 1.435262 -0.000001 -0.000001 0.000000 0.000000 1.379162
    16 1.482593 -0.000001 0.000001 0.000000 0.000000 0.755743
    17 -1.115939 1.399667 -4.909951 -1.605004 0.806866 -4.916739
    18 4.972047 0.000000 0.000000 -0.240265 -0.734365 -0.238519
    19 11.585358 0.000000 0.000001 0.000000 0.000000 -2.065502
    20 10.127058 0.000000 0.000001 2.212859 0.466769 0.412780
    21 1.537458 0.109715 1.664489 -3.142773 -0.169856 0.909084
    22 0.928313 0.000000 0.000002 0.000000 0.000000 0.062541
    23 0.928311 0.000000 0.000001 0.000000 0.000000 0.688610
    24 2.686395 -0.427337 0.044204 0.006462 0.043168 0.125346
    25 1.435260 0.000000 0.000001 0.000000 0.000000 1.196999
    26 1.482593 0.000000 -0.000001 0.000000 0.000000 1.409507
    27 2.046984 0.000001 0.000000 0.368230 -0.688758 -0.181765
    28 -0.000005 0.000007 3.713254 -3.301668 -0.164228 1.247793
    29 18.045723 0.000000 0.000000 0.000000 0.000000 -1.763203
    30 17.597597 0.000000 0.000000 -0.257030 0.208998 -0.136771
    31 0.000005 -0.000003 -3.713254 0.779626 2.288628 5.520399
    32 18.045721 0.000000 0.000000 0.000000 0.000000 -2.678491
    33 17.597597 0.000000 0.000000 0.330983 0.082315 0.753245
  time 36
    0 -0.370140 2.367411 -20.600716 0.000000 0.000000 -1.585458
    1 0.191408 0.000000 0.000000 -1.570795 -1.570787 0.000000
    2 1.293670 0.684478 -0.000001 0.000266 0.021032 0.025926
    3 5.309685 -0.003834 0.000000 -0.274451 0.031064 -0.007478
    4 4.826790 -0.004591 0.000000 -0.137545 -0.082993 0.049288
    5 5.792767 -0.005304 0.000000 -0.192271 0.060510 0.134297
    6 6.662322 -0.001452 0.000000 0.000312 0.375226 0.471057
    7 -4.475417 1.516823 2.905988 0.111857 -1.150497 -3.760991
    8 4.827512 0.000000 -0.000002 -0.445701 1.159204 -0.963407
    9 11.140032 0.000000 0.000000 0.000000 0.000000 -2.013814
    10 10.314563 -0.000001 0.000001 -1.819772 -0.792748 0.980413
    11 1.646836 0.445664 -1.699647 3.065751 0.279278 1.263412
    12 0.928312 0.000000 0.000000 0.000000 0.000000 1.029733
    13 0.928313 0.000000 -0.000001 0.000000 0.000000 0.410081
    14 2.979373 -0.388274 -0.044205 -0.148863 -0.079085 0.688066
    15 1.435262 -0.000001 -0.000001 0.000000 0.000000 1.378619
    16 1.482593 -0.000001 0.000001 0.000000 0.000000 0.750721
    17 -1.158909 1.399667 -4.902138 -1.583032 0.835470 -4.912621
    18 4.972047 0.000000 0.000000 -0.240734 -0.728740 -0.275656
    19 11.585358 0.000000 0.000001 0.000000 0.000000 -2.053903
    20 10.127058 0.000000 0.000001 2.213981 0.448612 0.430888
    21 1.537458 0.109715 1.664489 -3.078535 -0.186288 0.914916
    22 0.928313 0.000000 0.000002 0.000000 0.000000 0.061034
    23 0.928311 0.000000 0.000001 0.000000 0.000000 0.671897
    24 2.686395 -0.427337 0.044204 0.006330 0.043192 0.122300
    25 1.435260 0.000000 0.000001 0.000000 0.000000 1.186618
    26 1.482593 0.000000 -0.000001 0.000000 0.000000 1.404984
    27 2.046984 0.000001 0.000000 0.368790 -0.675570 -0.184137
    28 -0.000005 0.000007 3.713254 -3.301285 -0.164324 1.247889
    29 18.045723 0.000000 0.000000 0.000000 0.000000 -1.762389
    30 17.597597 0.000000 0.000000 -0.256827 0.208653 -0.137504
    31 0.000005 -0.000003 -3.713254 0.781064 2.289490 5.519823
    32 18.045721 0.000000 0.000000 0.000000 0.000000 -2.678333
    33 17.597597 0.000000 0.000000 0.332359 0.080855 0.753523
  time 37
    0 -0.401391 2.406474 -20.600716 0.000000 0.000000 -1.585458
    1 0.191408 0.000000 0.000000 -1.570795 -1.570787 0.000000
    2 1.293670 0.684478 -0.000001 -0.005866 0.020409 0.026713
    3 5.309685 -0.003834 0.000000 -0.269942 0.023682 -0.000766
    4 4.826790 -0.004591 0.000000 -0.149142 -0.080584 0.057644
    5 5.792767 -0.005304 0.000000 -0.197307 0.056459 0.139405
    6 6.662322 -0.001452 0.000000 0.000995 0.358870 0.471228
    7 -4.428540 1.516823 2.980209 0.140900 -1.148693 -3.788203
    8 4.827512 0.000000 -0.000002 -0.242901 1.049798 -0.608487
    9 11.140032 0.000000 0.000000 0.000000 0.000000 -1.932159
    10 10.314563 -0.000001 0.000001 -1.776175 -0.435763 0.874854
    11 1.646836 0.445664 -1.699647 2.764959 0.593234 1.082712
    12 0.928312 0.000000 0.000000 0.000000 0.000000 0.998284
    13 0.928313 0.000000 -0.000001 0.000000 0.000000 0.404046
    14 2.979373 -0.388274 -0.044205 -0.151643 -0.076161 0.692148
    15 1.435262 -0.000001 -0.000001 0.000000 0.000000 1.397676
    16 1.482593 -0.000001 0.000001 0.000000 0.000000 0.759643
    17 -1.237037 1.399667 -4.882606 -1.545106 0.875589 -4.899499
    18 4.972047 0.000000 0.000000 -0.233887 -0.717973 -0.354325
    19 11.585358 0.000000 0.000001 0.000000 0.000000 -2.033157
    20 10.127058 0.000000 0.000001 2.223798 0.421283 0.463202
    21 1.537458 0.109715 1.664489 -2.965758 -0.215873 0.922508
    22 0.928313 0.000000 0.000002 0.000000 0.000000 0.058415
    23 0.928311 0.000000 0.000001 0.000000 0.000000 0.642607
    24 2.686395 -0.427337 0.044204 0.006091 0.043227 0.116992
    25 1.435260 0.000000 0.000001 0.000000 0.000000 1.168318
    26 1.482593 0.000000 -0.000001 0.000000 0.000000 1.396914
    27 2.046984 0.000001 0.000000 0.446813 -0.637363 -0.254820
    28 -0.000005 0.000007 3.713254 -3.300038 -0.164516 1.247889
    29 18.045723 0.000000 0.000000 0.000000 0.000000 -1.760168
    30 17.597597 0.000000 0.000000 -0.256219 0.207497 -0.139705
    31 0.000005 -0.000003 -3.713254 0.785281 2.291791 5.518673
    32 18.045721 0.000000 0.000000 0.000000 0.000000 -2.678019
    33 17.597597 0.000000 0.000000 0.336184 0.076753 0.754585
  time 38
    0 -0.444361 2.472883 -20.600716 0.000000 0.000000 -1.585458
    1 0.191408 0.000000 0.000000 -1.570795 -1.570787 0.000000
    2 1.293670 0.684478 -0.000001 -0.022896 0.019318 0.028856
    3 5.309685 -0.003834 0.000000 -0.260667 0.009000 0.012941
    4 4.826790 -0.004591 0.000000 -0.168560 -0.075311 0.075371
    5 5.792767 -0.005304 0.000000 -0.202722 0.052073 0.151925
    6 6.662322 -0.001452 0.000000 0.001989 0.330668 0.471456
    7 -4.346507 1.524636 3.097400 0.198796 -1.144997 -3.842532
    8 4.827512 0.000000 -0.000002 -0.181280 0.775472 -0.236496
    9 11.140032 0.000000 0.000000 0.000000 0.000000 -1.761531
    10 10.314563 -0.000001 0.000001 -1.801385 0.156152 0.749554
    11 1.646836 0.445664 -1.699647 1.845416 0.871943 0.466245
    12 0.928312 0.000000 0.000000 0.000000 0.000000 0.870134
    13 0.928313 0.000000 -0.000001 0.000000 0.000000 0.386896
    14 2.979373 -0.388274 -0.044205 -0.148036 -0.071619 0.684939
    15 1.435262 -0.000001 -0.000001 0.000000 0.000000 1.410966
    16 1.482593 -0.000001 0.000001 0.000000 0.000000 0.789667
    17 -1.373760 1.391854 -4.843543 -1.477660 0.929852 -4.864635
    18 4.972047 0.000000 0.000000 -0.217472 -0.694833 -0.489432
    19 11.585358 0.000000 0.000001 0.000000 0.000000 -2.000648
    20 10.127058 0.000000 0.000001 2.250796 0.380337 0.519176
    21 1.537458 0.109715 1.664489 -2.769499 -0.268205 0.927507
    22 0.928313 0.000000 0.000002 0.000000 0.000000 0.053809
    23 0.928311 0.000000 0.000001 0.000000 0.000000 0.592076
    24 2.686395 -0.427337 0.044204 0.005719 0.043251 0.107773
    25 1.435260 0.000000 0.000001 0.000000 0.000000 1.136809
    26 1.482593 0.000000 -0.000001 0.000000 0.000000 1.383190
    27 2.046984 0.000001 0.000000 0.596526 -0.556140 -0.394300
    28 -0.000005 0.000007 3.713254 -3.297737 -0.164804 1.247985
    29 18.045723 0.000000 0.000000 0.000000 0.000000 -1.756171
    30 17.597597 0.000000 0.000000 -0.255155 0.205454 -0.143464
    31 0.000005 -0.000003 -3.713254 0.792948 2.295914 5.516660
    32 18.045721 0.000000 0.000000 0.000000 0.000000 -2.677153
    33 17.597597 0.000000 0.000000 0.342995 0.069514 0.756294
  time 39
    0 -0.510769 2.547104 -20.600716 0.000000 0.000000 -1.585458
    1 0.191408 0.000000 0.000000 -1.570795 -1.570787 0.000000
    2 1.293670 0.684478 -0.000001 -0.048601 0.018120 0.032154
    3 5.309685 -0.003834 0.000000 -0.247922 -0.010187 0.030693
    4 4.826790 -0.004591 0.000000 -0.185479 -0.065891 0.099316
    5 5.792767 -0.005304 0.000000 -0.205708 0.048418 0.170653
    6 6.662322 -0.001452 0.000000 0.003032 0.292926 0.471627
    7 -4.221503 1.524636 3.257561 0.280462 -1.141862 -3.918420
    8 4.827512 0.000000 -0.000002 -0.345656 0.576785 -0.092223
    9 11.140032 0.000000 0.000000 0.000000 0.000000 -1.576775
    10 10.314563 -0.000001 0.000001 -1.956250 0.594725 0.661007
    11 1.646836 0.445664 -1.699647 1.033111 0.732368 0.041840
    12 0.928312 0.000000 0.000000 0.000000 0.000000 0.598239
    13 0.928313 0.000000 -0.000001 0.000000 0.000000 0.334184
    14 2.979373 -0.388274 -0.044205 -0.134146 -0.072098 0.638038
    15 1.435262 -0.000001 -0.000001 0.000000 0.000000 1.352667
    16 1.482593 -0.000001 0.000001 0.000000 0.000000 0.819425
    17 -1.561265 1.391854 -4.796666 -1.376492 0.993291 -4.800653
    18 4.972047 0.000000 0.000000 -0.193272 -0.656908 -0.657751
    19 11.585358 0.000000 0.000001 0.000000 0.000000 -1.958583
    20 10.127058 0.000000 0.000001 2.288523 0.329178 0.593608
    21 1.537458 0.109715 1.664489 -2.502587 -0.337735 0.917277
    22 0.928313 0.000000 0.000002 0.000000 0.000000 0.047675
    23 0.928311 0.000000 0.000001 0.000000 0.000000 0.524487
    24 2.686395 -0.427337 0.044204 0.005192 0.043323 0.095480
    25 1.435260 0.000000 0.000001 0.000000 0.000000 1.094719
    26 1.482593 0.000000 -0.000001 0.000000 0.000000 1.364737
    27 2.046984 0.000001 0.000000 0.738398 -0.442493 -0.540776
    28 -0.000005 0.000007 3.713254 -3.295244 -0.165187 1.248081
    29 18.045723 0.000000 0.000000 0.000000 0.000000 -1.751434
    30 17.597597 0.000000 0.000000 -0.253913 0.203190 -0.147866
    31 0.000005 -0.000003 -3.713254 0.801286 2.300419 5.513879
    32 18.045721 0.000000 0.000000 0.000000 0.000000 -2.676287
    33 17.597597 0.000000 0.000000 0.350846 0.061171 0.757957
  time 40
    0 -0.561552 2.613512 -20.600716 0.000000 0.000000 -1.585458
    1 0.191408 0.000000 0.000000 -1.570795 -1.570787 0.000000
    2 1.293670 0.684478 -0.000001 -0.080808 0.017041 0.036272
    3 5.309685 -0.003834 0.000000 -0.232759 -0.031292 0.049663
    4 4.826790 -0.004591 0.000000 -0.189523 -0.052085 0.126347
    5 5.792767 -0.005304 0.000000 -0.203459 0.046165 0.194509
    6 6.662322 -0.001452 0.000000 0.003811 0.248066 0.471684
    7 -4.076967 1.524636 3.441161 0.381012 -1.139319 -4.010501
    8 4.827512 0.000000 -0.000002 -0.635348 0.535427 -0.224192
    9 11.140032 0.000000 0.000000 0.000000 0.000000 -1.395424
    10 10.314563 -0.000001 0.000001 -2.258965 0.725585 0.659091
    11 1.646836 0.445664 -1.699647 0.805782 0.624241 0.142958
    12 0.928312 0.000000 0.000000 0.000000 0.000000 0.112600
    13 0.928313 0.000000 -0.000001 0.000000 0.000000 0.217913
    14 2.979373 -0.388274 -0.044205 -0.104640 -0.086168 0.512402
    15 1.435262 -0.000001 -0.000001 0.000000 0.000000 1.134389
    16 1.482593 -0.000001 0.000001 0.000000 0.000000 0.830644
    17 -1.772209 1.384042 -4.718539 -1.234341 1.059333 -4.697307
    18 4.972047 0.000000 0.000000 -0.165789 -0.601788 -0.834655
    19 11.585358 0.000000 0.000001 0.000000 0.000000 -1.909330
    20 10.127058 0.000000 0.000001 2.331158 0.271021 0.681696
    21 1.537458 0.109715 1.664489 -2.174883 -0.413213 0.879411
    22 0.928313 0.000000 0.000002 0.000000 0.000000 0.040319
    23 0.928311 0.000000 0.000001 0.000000 0.000000 0.444174
    24 2.686395 -0.427337 0.044204 0.004545 0.043395 0.080869
    25 1.435260 0.000000 0.000001 0.000000 0.000000 1.044644
    26 1.482593 0.000000 -0.000001 0.000000 0.000000 1.342789
    27 2.046984 0.000001 0.000000 0.823918 -0.331501 -0.659027
    28 -0.000005 0.000007 3.713254 -3.293135 -0.165475 1.248368
    29 18.045723 0.000000 0.000000 0.000000 0.000000 -1.747067
    30 17.597597 0.000000 0.000000 -0.252925 0.201270 -0.151809
    31 0.000005 -0.000003 -3.713254 0.808474 2.304350 5.510812
    32 18.045721 0.000000 0.000000 0.000000 0.000000 -2.675500
    33 17.597597 0.000000 0.000000 0.357959 0.053814 0.758973
  time 41
    0 -0.592803 2.676014 -20.600716 0.000000 0.000000 -1.585458
    1 0.191408 0.000000 0.000000 -1.570795 -1.570787 0.000000
    2 1.293670 0.684478 -0.000001 -0.117361 0.016154 0.040926
    3 5.309685 -0.003834 0.000000 -0.216168 -0.054051 0.069641
    4 4.826790 -0.004591 0.000000 -0.178402 -0.032023 0.154216
    5 5.792767 -0.005304 0.000000 -0.193008 0.041934 0.221750
    6 6.662322 -0.001452 0.000000 0.004171 0.198436 0.471627
    7 -3.901181 1.528542 3.640386 0.490764 -1.132489 -4.108907
    8 4.827512 0.000000 -0.000002 -0.966333 0.493387 -0.512911
    9 11.140032 0.000000 0.000000 0.000000 0.000000 -1.209509
    10 10.314563 -0.000001 0.000001 -2.617220 0.740854 0.725283
    11 1.646836 0.445664 -1.699647 0.794429 0.552157 0.408973
    12 0.928312 0.000000 0.000000 0.000000 0.000000 -0.478408
    13 0.928313 0.000000 -0.000001 0.000000 0.000000 0.072956
    14 2.979373 -0.388274 -0.044205 -0.064264 -0.104601 0.351373
    15 1.435262 -0.000001 -0.000001 0.000000 0.000000 0.846778
    16 1.482593 -0.000001 0.000001 0.000000 0.000000 0.829682
    17 -2.006591 1.384042 -4.624786 -1.041366 1.119564 -4.542334
    18 4.972047 0.000000 0.000000 -0.137744 -0.529554 -1.004571
    19 11.585358 0.000000 0.000001 0.000000 0.000000 -1.855666
    20 10.127058 0.000000 0.000001 2.374074 0.209554 0.779088
    21 1.537458 0.109715 1.664489 -1.796630 -0.478054 0.806919
    22 0.928313 0.000000 0.000002 0.000000 0.000000 0.032264
    23 0.928311 0.000000 0.000001 0.000000 0.000000 0.355344
    24 2.686395 -0.427337 0.044204 0.003825 0.043455 0.064693
    25 1.435260 0.000000 0.000001 0.000000 0.000000 0.989245
    26 1.482593 0.000000 -0.000001 0.000000 0.000000 1.318631
    27 2.046984 0.000001 0.000000 0.837360 -0.263702 -0.728615
    28 -0.000005 0.000007 3.713254 -3.291793 -0.165667 1.248560
    29 18.045723 0.000000 0.000000 0.000000 0.000000 -1.743145
    30 17.597597 0.000000 0.000000 -0.252266 0.199843 -0.155293
    31 0.000005 -0.000003 -3.713254 0.813554 2.307322 5.507169
    32 18.045721 0.000000 0.000000 0.000000 0.000000 -2.674870
    33 17.597597 0.000000 0.000000 0.364199 0.047720 0.759111
  time 42
    0 -0.627960 2.738516 -20.600716 0.000000 0.000000 -1.585458
    1 0.191408 0.000000 0.000000 -1.570795 -1.570787 0.000000
    2 1.293670 0.684478 -0.000001 -0.156087 0.015339 0.045798
    3 5.309685 -0.003834 0.000000 -0.199168 -0.078942 0.091191
    4 4.826790 -0.004591 0.000000 -0.160091 -0.006747 0.182041
    5 5.792767 -0.005304 0.000000 -0.176747 0.037344 0.249925
    6 6.662322 -0.001452 0.000000 0.003907 0.146428 0.471399
    7 -3.701956 1.528542 3.839610 0.596873 -1.117823 -4.200030
    8 4.827512 0.000000 -0.000002 -1.222304 0.402400 -0.764111
    9 11.140032 0.000000 0.000000 0.000000 0.000000 -1.055328
    10 10.314563 -0.000001 0.000001 -2.847431 0.771485 0.809475
    11 1.646836 0.445664 -1.699647 0.766283 0.397564 0.704321
    12 0.928312 0.000000 0.000000 0.000000 0.000000 -0.954551
    13 0.928313 0.000000 -0.000001 0.000000 0.000000 -0.031245
    14 2.979373 -0.388274 -0.044205 -0.030863 -0.110629 0.250188
    15 1.435262 -0.000001 -0.000001 0.000000 0.000000 0.692191
    16 1.482593 -0.000001 0.000001 0.000000 0.000000 0.831338
    17 -2.240974 1.384042 -4.515408 -0.794226 1.163653 -4.330085
    18 4.972047 0.000000 0.000000 -0.118327 -0.445589 -1.163372
    19 11.585358 0.000000 0.000001 0.000000 0.000000 -1.799634
    20 10.127058 0.000000 0.000001 2.414044 0.148466 0.881832
    21 1.537458 0.109715 1.664489 -1.384486 -0.514413 0.705310
    22 0.928313 0.000000 0.000002 0.000000 0.000000 0.023816
    23 0.928311 0.000000 0.000001 0.000000 0.000000 0.262231
    24 2.686395 -0.427337 0.044204 0.003094 0.043515 0.047763
    25 1.435260 0.000000 0.000001 0.000000 0.000000 0.931251
    26 1.482593 0.000000 -0.000001 0.000000 0.000000 1.293239
    27 2.046984 0.000001 0.000000 0.797077 -0.256946 -0.728615
    28 -0.000005 0.000007 3.713254 -3.290547 -0.165667 1.248848
    29 18.045723 0.000000 0.000000 0.000000 0.000000 -1.739370
    30 17.597597 0.000000 0.000000 -0.251760 0.198711 -0.158777
    31 0.000005 -0.000003 -3.713254 0.817675 2.309718 5.502950
    32 18.045721 0.000000 0.000000 0.000000 0.000000 -2.674319
    33 17.597597 0.000000 0.000000 0.370138 0.042138 0.758696
  time 43
    0 -0.647492 2.789299 -20.600716 0.000000 0.000000 -1.585458
    1 0.191408 0.000000 0.000000 -1.570795 -1.570787 0.000000
    2 1.293670 0.684478 -0.000001 -0.194813 0.014692 0.050686
    3 5.309685 -0.003834 0.000000 -0.182746 -0.104266 0.112758
    4 4.826790 -0.004591 0.000000 -0.139815 0.018720 0.209160
    5 5.792767 -0.005304 0.000000 -0.159083 0.040508 0.276813
    6 6.662322 -0.001452 0.000000 0.003032 0.094435 0.471228
    7 -3.498824 1.524636 4.031023 0.677102 -1.088135 -4.259916
    8 4.827512 0.000000 -0.000002 -1.371055 0.333158 -0.889754
    9 11.140032 0.000000 0.000000 0.000000 0.000000 -0.996713
    10 10.314563 -0.000001 0.000001 -2.691998 0.819538 0.980646
    11 1.646836 0.445664 -1.699647 0.563441 0.129986 1.018984
    12 0.928312 0.000000 0.000000 0.000000 0.000000 -1.045023
    13 0.928313 0.000000 -0.000001 0.000000 0.000000 -0.008747
    14 2.979373 -0.388274 -0.044205 -0.036951 -0.086252 0.327228
    15 1.435262 -0.000001 -0.000001 0.000000 0.000000 0.923090
    16 1.482593 -0.000001 0.000001 0.000000 0.000000 0.798322
    17 -2.471449 1.391854 -4.390404 -0.510114 1.182503 -4.076842
    18 4.972047 0.000000 0.000000 -0.117577 -0.357204 -1.308995
    19 11.585358 0.000000 0.000001 0.000000 0.000000 -1.744010
    20 10.127058 0.000000 0.000001 2.448896 0.091254 0.985877
    21 1.537458 0.109715 1.664489 -0.966407 -0.511562 0.594674
    22 0.928313 0.000000 0.000002 0.000000 0.000000 0.015368
    23 0.928311 0.000000 0.000001 0.000000 0.000000 0.169143
    24 2.686395 -0.427337 0.044204 0.002351 0.043563 0.030805
    25 1.435260 0.000000 0.000001 0.000000 0.000000 0.873190
    26 1.482593 0.000000 -0.000001 0.000000 0.000000 1.267847
    27 2.046984 0.000001 0.000000 0.738312 -0.290137 -0.670706
    28 -0.000005 0.000007 3.713254 -3.289588 -0.165667 1.249135
    29 18.045723 0.000000 0.000000 0.000000 0.000000 -1.736113
    30 17.597597 0.000000 0.000000 -0.251379 0.197825 -0.161620
    31 0.000005 -0.000003 -3.713254 0.820934 2.311540 5.499116
    32 18.045721 0.000000 0.000000 0.000000 0.000000 -2.674004
    33 17.597597 0.000000 0.000000 0.375171 0.037523 0.758049
  time 44
    0 -0.659211 2.820550 -20.600716 0.000000 0.000000 -1.585458
    1 0.191408 0.000000 0.000000 -1.570795 -1.570787 0.000000
    2 1.293670 0.684478 -0.000001 -0.231433 0.014201 0.055223
    3 5.309685 -0.003834 0.000000 -0.167635 -0.129134 0.133725
    4 4.826790 -0.004591 0.000000 -0.120359 0.043876 0.234207
    5 5.792767 -0.005304 0.000000 -0.137840 0.063458 0.299631
    6 6.662322 -0.001452 0.000000 0.001690 0.044818 0.471057
    7 -3.295693 1.516823 4.195090 0.744391 -1.058980 -4.304663
    8 4.827512 0.000000 -0.000002 -1.489196 0.291800 -0.980997
    9 11.140032 0.000000 0.000000 0.000000 0.000000 -0.973673
    10 10.314563 -0.000001 0.000001 -2.390799 0.814386 1.200764
    11 1.646836 0.445664 -1.699647 0.243886 -0.068777 1.362361
    12 0.928312 0.000000 0.000000 0.000000 0.000000 -1.015795
    13 0.928313 0.000000 -0.000001 0.000000 0.000000 0.050038
    14 2.979373 -0.388274 -0.044205 -0.050541 -0.048165 0.450909
    15 1.435262 -0.000001 -0.000001 0.000000 0.000000 1.255877
    16 1.482593 -0.000001 0.000001 0.000000 0.000000 0.824714
    17 -2.686300 1.399667 -4.265400 -0.232021 1.173643 -3.824557
    18 4.972047 0.000000 0.000000 -0.146561 -0.269623 -1.434385
    19 11.585358 0.000000 0.000001 0.000000 0.000000 -1.690918
    20 10.127058 0.000000 0.000001 2.477366 0.040757 1.087070
    21 1.537458 0.109715 1.664489 -0.574464 -0.472811 0.499870
    22 0.928313 0.000000 0.000002 0.000000 0.000000 0.007291
    23 0.928311 0.000000 0.000001 0.000000 0.000000 0.080314
    24 2.686395 -0.427337 0.044204 0.001656 0.043599 0.014657
    25 1.435260 0.000000 0.000001 0.000000 0.000000 0.817791
    26 1.482593 0.000000 -0.000001 0.000000 0.000000 1.243586
    27 2.046984 0.000001 0.000000 0.676617 -0.350147 -0.582991
    28 -0.000005 0.000007 3.713254 -3.289300 -0.165571 1.249423
    29 18.045723 0.000000 0.000000 0.000000 0.000000 -1.734189
    30 17.597597 0.000000 0.000000 -0.251379 0.197579 -0.163408
    31 0.000005 -0.000003 -3.713254 0.821892 2.312211 5.495952
    32 18.045721 0.000000 0.000000 0.000000 0.000000 -2.673768
    33 17.597597 0.000000 0.000000 0.378157 0.035136 0.756987
  time 45
    0 -0.659211 2.840081 -20.600716 0.000000 0.000000 -1.585458
    1 0.191408 0.000000 0.000000 -1.570795 -1.570787 0.000000
    2 1.293670 0.684478 -0.000001 -0.263690 0.013637 0.059224
    3 5.309685 -0.003834 0.000000 -0.154753 -0.153043 0.154038
    4 4.826790 -0.004591 0.000000 -0.103574 0.069666 0.255506
    5 5.792767 -0.005304 0.000000 -0.113341 0.094247 0.318463
    6 6.662322 -0.001452 0.000000 0.000000 -0.000001 0.471000
    7 -3.108188 1.516823 4.339626 0.845420 -1.058477 -4.390229
    8 4.827512 0.000000 -0.000002 -1.586291 0.234922 -1.023889
    9 11.140032 0.000000 0.000000 0.000000 0.000000 -0.883903
    10 10.314563 -0.000001 0.000001 -2.336682 0.842675 1.229447
    11 1.646836 0.445664 -1.699647 0.034758 -0.065773 1.631422
    12 0.928312 0.000000 0.000000 0.000000 0.000000 -1.300235
    13 0.928313 0.000000 -0.000001 0.000000 0.000000 0.000000
    14 2.979373 -0.388274 -0.044205 -0.018435 -0.039524 0.418816
    15 1.435262 -0.000001 -0.000001 0.000000 0.000000 1.238742
    16 1.482593 -0.000001 0.000001 0.000000 0.000000 1.221017
    17 -2.869899 1.399667 -4.140396 0.000026 1.143962 -3.613362
    18 4.972047 0.000000 0.000000 -0.190271 -0.191443 -1.543403
    19 11.585358 0.000000 0.000001 0.000000 0.000000 -1.643054
    20 10.127058 0.000000 0.000001 2.499245 -0.000567 1.180661
    21 1.537458 0.109715 1.664489 -0.233165 -0.412999 0.435664
    22 0.928313 0.000000 0.000002 0.000000 0.000000 0.000000
    23 0.928311 0.000000 0.000001 0.000000 0.000000 0.000000
    24 2.686395 -0.427337 0.044204 0.001045 0.043611 0.000046
    25 1.435260 0.000000 0.000001 0.000000 0.000000 0.767749
    26 1.482593 0.000000 -0.000001 0.000000 0.000000 1.221638
    27 2.046984 0.000001 0.000000 0.621988 -0.408741 -0.497101
    28 -0.000005 0.000007 3.713254 -3.289300 -0.165475 1.249615
    29 18.045723 0.000000 0.000000 0.000000 0.000000 -1.732931
    30 17.597597 0.000000 0.000000 -0.251405 0.197505 -0.164508
    31 0.000005 -0.000003 -3.713254 0.821892 2.312307 5.493555
    32 18.045721 0.000000 0.000000 0.000000 0.000000 -2.673768
    33 17.597597 0.000000 0.000000 0.379969 0.033854 0.755924
end
