version 1
nodes
  0 "Bip01" -1
  1 "Bip01 Pelvis" 0
  2 "Bip01 Spine" 1
  3 "Bip01 Spine1" 2
  4 "Bip01 Spine2" 3
  5 "Bip01 Spine3" 4
  6 "Bip01 Neck" 5
  7 "Bip01 L Arm" 6
  8 "Bip01 L Arm1" 7
  9 "Bip01 L Arm2" 8
  10 "Bip01 L Hand" 9
  11 "Bip01 L Finger0" 10
  12 "Bip01 L Finger01" 11
  13 "Bip01 L Finger02" 12
  14 "Bip01 L Finger1" 10
  15 "Bip01 L Finger11" 14
  16 "Bip01 L Finger12" 15
  17 "Bip01 R Arm" 6
  18 "Bip01 R Arm1" 17
  19 "Bip01 R Arm2" 18
  20 "Bip01 R Hand" 19
  21 "Bip01 R Finger0" 20
  22 "Bip01 R Finger01" 21
  23 "Bip01 R Finger02" 22
  24 "Bip01 R Finger1" 20
  25 "Bip01 R Finger11" 24
  26 "Bip01 R Finger12" 25
  27 "Bip01 Head" 6
  28 "Bip01 L Leg" 1
  29 "Bip01 L Leg1" 28
  30 "Bip01 L Foot" 29
  31 "Bip01 R Leg" 1
  32 "Bip01 R Leg1" 31
  33 "Bip01 R Foot" 32
end
skeleton
  time 0
    0 -1.167039 2.566636 -20.585090 0.000000 0.000000 -1.571017
    1 -0.523457 -0.039064 0.000000 -1.570795 -1.570787 0.000000
    2 1.293670 0.684478 -0.000001 -0.050791 -0.006976 0.322209
    3 5.309685 -0.003834 0.000000 -0.048720 0.013111 0.163294
    4 4.826790 -0.004591 0.000000 -0.085663 -0.048010 0.206691
    5 5.792767 -0.005304 0.000000 -0.264671 0.011038 0.222726
    6 6.662322 -0.001452 0.000000 -0.091910 0.032655 0.231870
    7 -3.518356 0.356631 4.277124 1.458497 -1.524960 -4.835017
    8 4.827512 0.000000 -0.000002 0.092069 0.004854 -0.903271
    9 11.140032 0.000000 0.000000 0.000000 0.000000 -1.197192
    10 10.314563 -0.000001 0.000001 -4.479005 0.032504 -0.132835
    11 1.646836 0.445664 -1.699647 -0.392035 3.352851 -0.875707
    12 0.928312 0.000000 0.000000 0.000000 0.000000 0.593404
    13 0.928313 0.000000 -0.000001 0.000000 0.000000 1.204231
    14 2.979373 -0.388274 -0.044205 -0.030851 -0.030823 0.768363
    15 1.435262 -0.000001 -0.000001 0.000000 0.000000 0.418706
    16 1.482593 -0.000001 0.000001 0.000000 0.000000 0.794048
    17 -2.975371 1.071532 -4.156022 -1.357004 0.873827 -4.662921
    18 4.972047 0.000000 0.000000 0.523349 -0.129574 -1.418279
    19 11.585358 0.000000 0.000001 0.000000 0.000000 -0.684622
    20 10.127058 0.000000 0.000001 2.455418 0.254283 0.642379
    21 1.537458 0.109715 1.664489 -3.079588 0.031470 0.928526
    22 0.928313 0.000000 0.000002 0.000000 0.000000 0.061034
    23 0.928311 0.000000 0.000001 0.000000 0.000000 0.671897
    24 2.686395 -0.427337 0.044204 -0.001208 0.043611 -0.052337
    25 1.435260 0.000000 0.000001 0.000000 0.000000 1.186618
    26 1.482593 0.000000 -0.000001 0.000000 0.000000 1.684243
    27 2.046984 0.000001 0.000000 0.520140 -0.084203 -0.106154
    28 -0.000005 0.000007 3.713254 -3.211451 -0.114278 1.238974
    29 18.045723 0.000000 0.000000 0.000000 0.000000 -1.756985
    30 17.597597 0.000000 0.000000 -0.219173 0.110535 -0.140439
    31 0.000005 -0.000003 -3.713254 0.827643 2.444220 5.464986
    32 18.045721 0.000000 0.000000 0.000000 0.000000 -2.608117
    33 17.597597 0.000000 0.000000 0.356013 -0.157405 0.773060
  time 1
    0 -1.217822 2.472883 -20.585090 0.000000 0.000000 -1.571017
    1 -0.523457 -0.039064 0.000000 -1.570795 -1.570787 0.000000
    2 1.293670 0.684478 -0.000001 -0.053368 -0.005682 0.273777
    3 5.309685 -0.003834 0.000000 -0.021441 0.001234 0.114648
    4 4.826790 -0.004591 0.000000 -0.050013 -0.040688 0.174147
    5 5.792767 -0.005304 0.000000 -0.200473 0.001246 0.211597
    6 6.662322 -0.001452 0.000000 -0.091910 0.032655 0.231870
    7 -3.518356 0.356631 4.277124 1.585789 -1.433828 -4.963606
    8 4.827512 0.000000 -0.000002 -0.144850 0.186657 -1.035067
    9 11.140032 0.000000 0.000000 0.000000 0.000000 -1.197771
    10 10.314563 -0.000001 0.000001 -4.230786 0.312116 -0.033082
    11 1.646836 0.445664 -1.699647 -0.392035 3.352851 -0.875707
    12 0.928312 0.000000 0.000000 0.000000 0.000000 0.593404
    13 0.928313 0.000000 -0.000001 0.000000 0.000000 1.204231
    14 2.979373 -0.388274 -0.044205 -0.030851 -0.030823 0.768363
    15 1.435262 -0.000001 -0.000001 0.000000 0.000000 0.597700
    16 1.482593 -0.000001 0.000001 0.000000 0.000000 0.714499
    17 -2.975371 1.071532 -4.156022 -1.343916 0.975308 -4.668285
    18 4.972047 0.000000 0.000000 0.809528 -0.243188 -1.480109
    19 11.585358 0.000000 0.000001 0.000000 0.000000 -0.926476
    20 10.127058 0.000000 0.000001 2.305422 0.249177 0.529730
    21 1.537458 0.109715 1.664489 -3.079588 0.031470 0.928526
    22 0.928313 0.000000 0.000002 0.000000 0.000000 0.061034
    23 0.928311 0.000000 0.000001 0.000000 0.000000 0.671897
    24 2.686395 -0.427337 0.044204 -0.001208 0.043611 -0.052337
    25 1.435260 0.000000 0.000001 0.000000 0.000000 1.186618
    26 1.482593 0.000000 -0.000001 0.000000 0.000000 1.684243
    27 2.046984 0.000001 0.000000 0.449398 -0.068537 -0.008950
    28 -0.000005 0.000007 3.713254 -3.208575 -0.115332 1.238016
    29 18.045723 0.000000 0.000000 0.000000 0.000000 -1.762537
    30 17.597597 0.000000 0.000000 -0.217348 0.108320 -0.135670
    31 0.000005 -0.000003 -3.713254 0.833873 2.447958 5.479654
    32 18.045721 0.000000 0.000000 0.000000 0.000000 -2.607094
    33 17.597597 0.000000 0.000000 0.349537 -0.155788 0.783637
  time 2
    0 -1.272511 2.386943 -20.585090 0.000000 0.000000 -1.571017
    1 -0.523457 -0.039064 0.000000 -1.570795 -1.570787 0.000000
    2 1.293670 0.684478 -0.000001 -0.056333 -0.004279 0.218917
    3 5.309685 -0.003834 0.000000 0.003608 -0.007394 0.061092
    4 4.826790 -0.004591 0.000000 -0.015069 -0.029410 0.138429
    5 5.792767 -0.005304 0.000000 -0.133433 -0.007514 0.198018
    6 6.662322 -0.001452 0.000000 -0.091910 0.032655 0.231870
    7 -3.518356 0.356631 4.277124 1.551570 -1.350650 -4.929590
    8 4.827512 0.000000 -0.000002 -0.428801 0.438385 -1.143293
    9 11.140032 0.000000 0.000000 0.000000 0.000000 -1.215667
    10 10.314563 -0.000001 0.000001 -3.773585 0.624981 0.164914
    11 1.646836 0.445664 -1.699647 -0.392035 3.352851 -0.875707
    12 0.928312 0.000000 0.000000 0.000000 0.000000 0.593404
    13 0.928313 0.000000 -0.000001 0.000000 0.000000 1.204231
    14 2.979373 -0.388274 -0.044205 -0.030851 -0.030823 0.768363
    15 1.435262 -0.000001 -0.000001 0.000000 0.000000 0.798760
    16 1.482593 -0.000001 0.000001 0.000000 0.000000 0.625120
    17 -2.975371 1.071532 -4.156022 -1.345444 1.064144 -4.684951
    18 4.972047 0.000000 0.000000 1.091580 -0.323056 -1.491689
    19 11.585358 0.000000 0.000001 0.000000 0.000000 -1.140804
    20 10.127058 0.000000 0.000001 2.142314 0.236883 0.411029
    21 1.537458 0.109715 1.664489 -3.079588 0.031470 0.928526
    22 0.928313 0.000000 0.000002 0.000000 0.000000 0.061034
    23 0.928311 0.000000 0.000001 0.000000 0.000000 0.671897
    24 2.686395 -0.427337 0.044204 -0.001208 0.043611 -0.052337
    25 1.435260 0.000000 0.000001 0.000000 0.000000 1.186618
    26 1.482593 0.000000 -0.000001 0.000000 0.000000 1.684243
    27 2.046984 0.000001 0.000000 0.393993 -0.045996 0.131017
    28 -0.000005 0.000007 3.713254 -3.205986 -0.116387 1.237057
    29 18.045723 0.000000 0.000000 0.000000 0.000000 -1.768310
    30 17.597597 0.000000 0.000000 -0.215600 0.106204 -0.130719
    31 0.000005 -0.000003 -3.713254 0.839240 2.451506 5.494130
    32 18.045721 0.000000 0.000000 0.000000 0.000000 -2.606464
    33 17.597597 0.000000 0.000000 0.342827 -0.153579 0.793937
  time 3
    0 -1.311575 2.332253 -20.585090 0.000000 0.000000 -1.571017
    1 -0.523457 -0.039064 0.000000 -1.570795 -1.570787 0.000000
    2 1.293670 0.684478 -0.000001 -0.058859 -0.001919 0.167204
    3 5.309685 -0.003834 0.000000 0.011912 -0.011673 0.016138
    4 4.826790 -0.004591 0.000000 0.017777 -0.020254 0.108003
    5 5.792767 -0.005304 0.000000 -0.078031 -0.017605 0.182467
    6 6.662322 -0.001452 0.000000 -0.091910 0.032655 0.231870
    7 -3.518356 0.356631 4.277124 1.494825 -1.287106 -4.870854
    8 4.827512 0.000000 -0.000002 -0.694338 0.705463 -1.184365
    9 11.140032 0.000000 0.000000 0.000000 0.000000 -1.246605
    10 10.314563 -0.000001 0.000001 -3.064943 0.779634 0.538958
    11 1.646836 0.445664 -1.699647 -0.392035 3.352851 -0.875707
    12 0.928312 0.000000 0.000000 0.000000 0.000000 0.593404
    13 0.928313 0.000000 -0.000001 0.000000 0.000000 1.204231
    14 2.979373 -0.388274 -0.044205 -0.030851 -0.030823 0.768363
    15 1.435262 -0.000001 -0.000001 0.000000 0.000000 0.988870
    16 1.482593 -0.000001 0.000001 0.000000 0.000000 0.540656
    17 -2.975371 1.071532 -4.156022 -1.351272 1.150797 -4.702958
    18 4.972047 0.000000 0.000000 1.322325 -0.402602 -1.525433
    19 11.585358 0.000000 0.000001 0.000000 0.000000 -1.305879
    20 10.127058 0.000000 0.000001 1.993511 0.209081 0.301032
    21 1.537458 0.109715 1.664489 -3.079588 0.031470 0.928526
    22 0.928313 0.000000 0.000002 0.000000 0.000000 0.061034
    23 0.928311 0.000000 0.000001 0.000000 0.000000 0.671897
    24 2.686395 -0.427337 0.044204 -0.001208 0.043611 -0.052337
    25 1.435260 0.000000 0.000001 0.000000 0.000000 1.186618
    26 1.482593 0.000000 -0.000001 0.000000 0.000000 1.684243
    27 2.046984 0.000001 0.000000 0.364654 0.000679 0.258392
    28 -0.000005 0.000007 3.713254 -3.203973 -0.117154 1.236482
    29 18.045723 0.000000 0.000000 0.000000 0.000000 -1.771418
    30 17.597597 0.000000 0.000000 -0.214308 0.104653 -0.128106
    31 0.000005 -0.000003 -3.713254 0.843265 2.454094 5.502950
    32 18.045721 0.000000 0.000000 0.000000 0.000000 -2.605677
    33 17.597597 0.000000 0.000000 0.339136 -0.152888 0.800357
  time 4
    0 -1.342826 2.324441 -20.585090 0.000000 0.000000 -1.571017
    1 -0.523457 -0.039064 0.000000 -1.570795 -1.570787 0.000000
    2 1.293670 0.684478 -0.000001 -0.060561 0.001581 0.128164
    3 5.309685 -0.003834 0.000000 0.007283 -0.013902 -0.013378
    4 4.826790 -0.004591 0.000000 0.051386 -0.018025 0.088203
    5 5.792767 -0.005304 0.000000 -0.037307 -0.031268 0.167767
    6 6.662322 -0.001452 0.000000 -0.091910 0.032655 0.231870
    7 -3.518356 0.356631 4.277124 1.419868 -1.254048 -4.791803
    8 4.827512 0.000000 -0.000002 -0.803471 0.959493 -1.108633
    9 11.140032 0.000000 0.000000 0.000000 0.000000 -1.286672
    10 10.314563 -0.000001 0.000001 -2.380942 0.711909 0.835778
    11 1.646836 0.445664 -1.699647 -0.392035 3.352851 -0.875707
    12 0.928312 0.000000 0.000000 0.000000 0.000000 0.593404
    13 0.928313 0.000000 -0.000001 0.000000 0.000000 1.204231
    14 2.979373 -0.388274 -0.044205 -0.030851 -0.030823 0.768363
    15 1.435262 -0.000001 -0.000001 0.000000 0.000000 1.134890
    16 1.482593 -0.000001 0.000001 0.000000 0.000000 0.475692
    17 -2.975371 1.071532 -4.156022 -1.381555 1.184370 -4.738875
    18 4.972047 0.000000 0.000000 1.443137 -0.480541 -1.497879
    19 11.585358 0.000000 0.000001 0.000000 0.000000 -1.438854
    20 10.127058 0.000000 0.000001 1.829421 0.210405 0.201389
    21 1.537458 0.109715 1.664489 -3.079588 0.031470 0.928526
    22 0.928313 0.000000 0.000002 0.000000 0.000000 0.061034
    23 0.928311 0.000000 0.000001 0.000000 0.000000 0.671897
    24 2.686395 -0.427337 0.044204 -0.001208 0.043611 -0.052337
    25 1.435260 0.000000 0.000001 0.000000 0.000000 1.186618
    26 1.482593 0.000000 -0.000001 0.000000 0.000000 1.684243
    27 2.046984 0.000001 0.000000 0.341734 0.071428 0.319221
    28 -0.000005 0.000007 3.713254 -3.202343 -0.117633 1.236290
    29 18.045723 0.000000 0.000000 0.000000 0.000000 -1.772084
    30 17.597597 0.000000 0.000000 -0.213294 0.103349 -0.127601
    31 0.000005 -0.000003 -3.713254 0.847195 2.456203 5.507169
    32 18.045721 0.000000 0.000000 0.000000 0.000000 -2.605126
    33 17.597597 0.000000 0.000000 0.338465 -0.154368 0.803544
  time 5
    0 -1.377983 2.316628 -20.585090 0.000000 0.000000 -1.571017
    1 -0.523457 -0.039064 0.000000 -1.570795 -1.570787 0.000000
    2 1.293670 0.684478 -0.000001 -0.060999 0.005248 0.111506
    3 5.309685 -0.003834 0.000000 0.007488 -0.015496 -0.025813
    4 4.826790 -0.004591 0.000000 0.088581 -0.024389 0.082449
    5 5.792767 -0.005304 0.000000 -0.007483 -0.047207 0.158195
    6 6.662322 -0.001452 0.000000 -0.091910 0.032655 0.231870
    7 -3.518356 0.356631 4.277124 1.306186 -1.261263 -4.673276
    8 4.827512 0.000000 -0.000002 -0.530440 1.154258 -0.796431
    9 11.140032 0.000000 0.000000 0.000000 0.000000 -1.331231
    10 10.314563 -0.000001 0.000001 -1.931892 0.625356 0.905337
    11 1.646836 0.445664 -1.699647 -0.392035 3.352851 -0.875707
    12 0.928312 0.000000 0.000000 0.000000 0.000000 0.593404
    13 0.928313 0.000000 -0.000001 0.000000 0.000000 1.204231
    14 2.979373 -0.388274 -0.044205 -0.030851 -0.030823 0.768363
    15 1.435262 -0.000001 -0.000001 0.000000 0.000000 1.204014
    16 1.482593 -0.000001 0.000001 0.000000 0.000000 0.445026
    17 -2.975371 1.071532 -4.156022 -1.452822 1.060805 -4.806400
    18 4.972047 0.000000 0.000000 1.286493 -0.552212 -1.229262
    19 11.585358 0.000000 0.000001 0.000000 0.000000 -1.548060
    20 10.127058 0.000000 0.000001 1.527888 0.316506 0.083338
    21 1.537458 0.109715 1.664489 -3.079588 0.031470 0.928526
    22 0.928313 0.000000 0.000002 0.000000 0.000000 0.061034
    23 0.928311 0.000000 0.000001 0.000000 0.000000 0.671897
    24 2.686395 -0.427337 0.044204 -0.001208 0.043611 -0.052337
    25 1.435260 0.000000 0.000001 0.000000 0.000000 1.186618
    26 1.482593 0.000000 -0.000001 0.000000 0.000000 1.684243
    27 2.046984 0.000001 0.000000 0.308172 0.147901 0.328771
    28 -0.000005 0.000007 3.713254 -3.200617 -0.118305 1.236098
    29 18.045723 0.000000 0.000000 0.000000 0.000000 -1.772084
    30 17.597597 0.000000 0.000000 -0.212204 0.101872 -0.127601
    31 0.000005 -0.000003 -3.713254 0.851795 2.458696 5.510812
    32 18.045721 0.000000 0.000000 0.000000 0.000000 -2.604260
    33 17.597597 0.000000 0.000000 0.338398 -0.156596 0.806408
  time 6
    0 -1.420953 2.324441 -20.585090 0.000000 0.000000 -1.571017
    1 -0.523457 -0.039064 0.000000 -1.570795 -1.570787 0.000000
    2 1.293670 0.684478 -0.000001 -0.060527 0.008940 0.109263
    3 5.309685 -0.003834 0.000000 0.010176 -0.016719 -0.027032
    4 4.826790 -0.004591 0.000000 0.127054 -0.036325 0.085293
    5 5.792767 -0.005304 0.000000 0.014408 -0.063902 0.151821
    6 6.662322 -0.001452 0.000000 -0.091910 0.032655 0.231870
    7 -3.518356 0.356631 4.277124 1.159627 -1.284652 -4.523321
    8 4.827512 0.000000 -0.000002 0.080510 1.195275 -0.231904
    9 11.140032 0.000000 0.000000 0.000000 0.000000 -1.372674
    10 10.314563 -0.000001 0.000001 -1.623490 0.597348 0.900983
    11 1.646836 0.445664 -1.699647 -0.392035 3.352851 -0.875707
    12 0.928312 0.000000 0.000000 0.000000 0.000000 0.593404
    13 0.928313 0.000000 -0.000001 0.000000 0.000000 1.204231
    14 2.979373 -0.388274 -0.044205 -0.030851 -0.030823 0.768363
    15 1.435262 -0.000001 -0.000001 0.000000 0.000000 1.223112
    16 1.482593 -0.000001 0.000001 0.000000 0.000000 0.436531
    17 -2.975371 1.071532 -4.156022 -1.485876 0.937161 -4.834081
    18 4.972047 0.000000 0.000000 1.119344 -0.595521 -0.965702
    19 11.585358 0.000000 0.000001 0.000000 0.000000 -1.621409
    20 10.127058 0.000000 0.000001 1.304964 0.384309 -0.037514
    21 1.537458 0.109715 1.664489 -3.079588 0.031470 0.928526
    22 0.928313 0.000000 0.000002 0.000000 0.000000 0.061034
    23 0.928311 0.000000 0.000001 0.000000 0.000000 0.671897
    24 2.686395 -0.427337 0.044204 -0.001208 0.043611 -0.052337
    25 1.435260 0.000000 0.000001 0.000000 0.000000 1.186618
    26 1.482593 0.000000 -0.000001 0.000000 0.000000 1.684243
    27 2.046984 0.000001 0.000000 0.276032 0.214756 0.325973
    28 -0.000005 0.000007 3.713254 -3.198891 -0.118880 1.236003
    29 18.045723 0.000000 0.000000 0.000000 0.000000 -1.771862
    30 17.597597 0.000000 0.000000 -0.211115 0.100396 -0.127922
    31 0.000005 -0.000003 -3.713254 0.856300 2.460996 5.513879
    32 18.045721 0.000000 0.000000 0.000000 0.000000 -2.603394
    33 17.597597 0.000000 0.000000 0.338700 -0.159101 0.808856
  time 7
    0 -1.452204 2.324441 -20.585090 0.000000 0.000000 -1.571017
    1 -0.523457 -0.039064 0.000000 -1.570795 -1.570787 0.000000
    2 1.293670 0.684478 -0.000001 -0.060055 0.012595 0.107187
    3 5.309685 -0.003834 0.000000 0.010346 -0.017845 -0.027279
    4 4.826790 -0.004591 0.000000 0.164116 -0.047890 0.088181
    5 5.792767 -0.005304 0.000000 0.034375 -0.079446 0.145094
    6 6.662322 -0.001452 0.000000 -0.091910 0.032655 0.231870
    7 -3.518356 0.356631 4.277124 1.048054 -1.294883 -4.410159
    8 4.827512 0.000000 -0.000002 0.468572 1.122536 0.126569
    9 11.140032 0.000000 0.000000 0.000000 0.000000 -1.401728
    10 10.314563 -0.000001 0.000001 -1.409106 0.573742 0.883273
    11 1.646836 0.445664 -1.699647 -0.392035 3.352851 -0.875707
    12 0.928312 0.000000 0.000000 0.000000 0.000000 0.593404
    13 0.928313 0.000000 -0.000001 0.000000 0.000000 1.204231
    14 2.979373 -0.388274 -0.044205 -0.030851 -0.030823 0.768363
    15 1.435262 -0.000001 -0.000001 0.000000 0.000000 1.241041
    16 1.482593 -0.000001 0.000001 0.000000 0.000000 0.428571
    17 -2.975371 1.071532 -4.156022 -1.484252 0.937424 -4.832165
    18 4.972047 0.000000 0.000000 1.192414 -0.632080 -0.894289
    19 11.585358 0.000000 0.000001 0.000000 0.000000 -1.645831
    20 10.127058 0.000000 0.000001 1.392619 0.332109 -0.090687
    21 1.537458 0.109715 1.664489 -3.079588 0.031470 0.928526
    22 0.928313 0.000000 0.000002 0.000000 0.000000 0.061034
    23 0.928311 0.000000 0.000001 0.000000 0.000000 0.671897
    24 2.686395 -0.427337 0.044204 -0.001208 0.043611 -0.052337
    25 1.435260 0.000000 0.000001 0.000000 0.000000 1.186618
    26 1.482593 0.000000 -0.000001 0.000000 0.000000 1.684243
    27 2.046984 0.000001 0.000000 0.233337 0.278070 0.296227
    28 -0.000005 0.000007 3.713254 -3.197357 -0.119359 1.235907
    29 18.045723 0.000000 0.000000 0.000000 0.000000 -1.771418
    30 17.597597 0.000000 0.000000 -0.210177 0.099116 -0.128335
    31 0.000005 -0.000003 -3.713254 0.860133 2.463010 5.516276
    32 18.045721 0.000000 0.000000 0.000000 0.000000 -2.602843
    33 17.597597 0.000000 0.000000 0.339203 -0.161507 0.810796
  time 8
    0 -1.479549 2.332253 -20.585090 0.000000 0.000000 -1.571017
    1 -0.523457 -0.039064 0.000000 -1.570795 -1.570787 0.000000
    2 1.293670 0.684478 -0.000001 -0.059685 0.015735 0.105245
    3 5.309685 -0.003834 0.000000 0.009393 -0.018828 -0.027067
    4 4.826790 -0.004591 0.000000 0.198049 -0.057274 0.091070
    5 5.792767 -0.005304 0.000000 0.052021 -0.091502 0.138616
    6 6.662322 -0.001452 0.000000 -0.091910 0.032655 0.231870
    7 -3.518356 0.356631 4.277124 1.018243 -1.293434 -4.379402
    8 4.827512 0.000000 -0.000002 0.565110 1.070690 0.204294
    9 11.140032 0.000000 0.000000 0.000000 0.000000 -1.412161
    10 10.314563 -0.000001 0.000001 -1.322860 0.552666 0.866319
    11 1.646836 0.445664 -1.699647 -0.392035 3.352851 -0.875707
    12 0.928312 0.000000 0.000000 0.000000 0.000000 0.593404
    13 0.928313 0.000000 -0.000001 0.000000 0.000000 1.204231
    14 2.979373 -0.388274 -0.044205 -0.030851 -0.030823 0.768363
    15 1.435262 -0.000001 -0.000001 0.000000 0.000000 1.257799
    16 1.482593 -0.000001 0.000001 0.000000 0.000000 0.421092
    17 -2.975371 1.071532 -4.156022 -1.473552 0.976807 -4.822779
    18 4.972047 0.000000 0.000000 1.335175 -0.662854 -0.885304
    19 11.585358 0.000000 0.000001 0.000000 0.000000 -1.646729
    20 10.127058 0.000000 0.000001 1.585740 0.256647 -0.129454
    21 1.537458 0.109715 1.664489 -3.079588 0.031470 0.928526
    22 0.928313 0.000000 0.000002 0.000000 0.000000 0.061034
    23 0.928311 0.000000 0.000001 0.000000 0.000000 0.671897
    24 2.686395 -0.427337 0.044204 -0.001208 0.043611 -0.052337
    25 1.435260 0.000000 0.000001 0.000000 0.000000 1.186618
    26 1.482593 0.000000 -0.000001 0.000000 0.000000 1.684243
    27 2.046984 0.000001 0.000000 0.173323 0.328993 0.236919
    28 -0.000005 0.000007 3.713254 -3.196399 -0.119647 1.235907
    29 18.045723 0.000000 0.000000 0.000000 0.000000 -1.770900
    30 17.597597 0.000000 0.000000 -0.209468 0.098255 -0.128885
    31 0.000005 -0.000003 -3.713254 0.863009 2.464543 5.517618
    32 18.045721 0.000000 0.000000 0.000000 0.000000 -2.602292
    33 17.597597 0.000000 0.000000 0.339774 -0.163401 0.811997
  time 9
    0 -1.491268 2.343973 -20.585090 0.000000 0.000000 -1.571017
    1 -0.523457 -0.039064 0.000000 -1.570795 -1.570787 0.000000
    2 1.293670 0.684478 -0.000001 -0.059466 0.017952 0.103454
    3 5.309685 -0.003834 0.000000 0.008611 -0.019499 -0.026961
    4 4.826790 -0.004591 0.000000 0.227233 -0.062667 0.094222
    5 5.792767 -0.005304 0.000000 0.067022 -0.097794 0.132927
    6 6.662322 -0.001452 0.000000 -0.091910 0.032655 0.231870
    7 -3.518356 0.356631 4.277124 1.039906 -1.286455 -4.400673
    8 4.827512 0.000000 -0.000002 0.547492 1.063356 0.173360
    9 11.140032 0.000000 0.000000 0.000000 0.000000 -1.411219
    10 10.314563 -0.000001 0.000001 -1.312434 0.531777 0.854764
    11 1.646836 0.445664 -1.699647 -0.392035 3.352851 -0.875707
    12 0.928312 0.000000 0.000000 0.000000 0.000000 0.593404
    13 0.928313 0.000000 -0.000001 0.000000 0.000000 1.204231
    14 2.979373 -0.388274 -0.044205 -0.030851 -0.030823 0.768363
    15 1.435262 -0.000001 -0.000001 0.000000 0.000000 1.273388
    16 1.482593 -0.000001 0.000001 0.000000 0.000000 0.414147
    17 -2.975371 1.071532 -4.156022 -1.473935 1.015953 -4.826610
    18 4.972047 0.000000 0.000000 1.417436 -0.670005 -0.880046
    19 11.585358 0.000000 0.000001 0.000000 0.000000 -1.651140
    20 10.127058 0.000000 0.000001 1.706634 0.234141 -0.153064
    21 1.537458 0.109715 1.664489 -3.079588 0.031470 0.928526
    22 0.928313 0.000000 0.000002 0.000000 0.000000 0.061034
    23 0.928311 0.000000 0.000001 0.000000 0.000000 0.671897
    24 2.686395 -0.427337 0.044204 -0.001208 0.043611 -0.052337
    25 1.435260 0.000000 0.000001 0.000000 0.000000 1.186618
    26 1.482593 0.000000 -0.000001 0.000000 0.000000 1.684243
    27 2.046984 0.000001 0.000000 0.027487 0.344453 0.039104
    28 -0.000005 0.000007 3.713254 -3.195919 -0.119839 1.235907
    29 18.045723 0.000000 0.000000 0.000000 0.000000 -1.770382
    30 17.597597 0.000000 0.000000 -0.209164 0.097836 -0.129389
    31 0.000005 -0.000003 -3.713254 0.864350 2.465119 5.517714
    32 18.045721 0.000000 0.000000 0.000000 0.000000 -2.601977
    33 17.597597 0.000000 0.000000 0.340445 -0.164604 0.812135
  time 10
    0 -1.483455 2.347879 -20.585090 0.000000 0.000000 -1.571017
    1 -0.523457 -0.039064 0.000000 -1.570795 -1.570787 0.000000
    2 1.293670 0.684478 -0.000001 -0.059466 0.018827 0.101947
    3 5.309685 -0.003834 0.000000 0.009359 -0.019751 -0.027474
    4 4.826790 -0.004591 0.000000 0.249969 -0.062272 0.097904
    5 5.792767 -0.005304 0.000000 0.079074 -0.096009 0.128732
    6 6.662322 -0.001452 0.000000 -0.091910 0.032655 0.231870
    7 -3.518356 0.356631 4.277124 1.059077 -1.279891 -4.419454
    8 4.827512 0.000000 -0.000002 0.526606 1.069325 0.144245
    9 11.140032 0.000000 0.000000 0.000000 0.000000 -1.410277
    10 10.314563 -0.000001 0.000001 -1.302672 0.512481 0.843848
    11 1.646836 0.445664 -1.699647 -0.392035 3.352851 -0.875707
    12 0.928312 0.000000 0.000000 0.000000 0.000000 0.593404
    13 0.928313 0.000000 -0.000001 0.000000 0.000000 1.204231
    14 2.979373 -0.388274 -0.044205 -0.030851 -0.030823 0.768363
    15 1.435262 -0.000001 -0.000001 0.000000 0.000000 1.287931
    16 1.482593 -0.000001 0.000001 0.000000 0.000000 0.407736
    17 -2.975371 1.071532 -4.156022 -1.495238 1.044137 -4.853620
    18 4.972047 0.000000 0.000000 1.407306 -0.650480 -0.857949
    19 11.585358 0.000000 0.000001 0.000000 0.000000 -1.671233
    20 10.127058 0.000000 0.000001 1.723604 0.271210 -0.146311
    21 1.537458 0.109715 1.664489 -3.079588 0.031470 0.928526
    22 0.928313 0.000000 0.000002 0.000000 0.000000 0.061034
    23 0.928311 0.000000 0.000001 0.000000 0.000000 0.671897
    24 2.686395 -0.427337 0.044204 -0.001208 0.043611 -0.052337
    25 1.435260 0.000000 0.000001 0.000000 0.000000 1.186618
    26 1.482593 0.000000 -0.000001 0.000000 0.000000 1.684243
    27 2.046984 0.000001 0.000000 -0.166688 0.278218 -0.247520
    28 -0.000005 0.000007 3.713254 -3.196111 -0.119743 1.236003
    29 18.045723 0.000000 0.000000 0.000000 0.000000 -1.769790
    30 17.597597 0.000000 0.000000 -0.209392 0.098058 -0.129894
    31 0.000005 -0.000003 -3.713254 0.863775 2.464735 5.516276
    32 18.045721 0.000000 0.000000 0.000000 0.000000 -2.602056
    33 17.597597 0.000000 0.000000 0.341082 -0.164821 0.811073
  time 11
    0 -1.397515 2.379130 -20.585090 0.000000 0.000000 -1.571017
    1 -0.523457 -0.039064 0.000000 -1.570795 -1.570787 0.000000
    2 1.293670 0.684478 -0.000001 -0.060139 0.015112 0.100775
    3 5.309685 -0.003834 0.000000 0.012610 -0.018912 -0.028639
    4 4.826790 -0.004591 0.000000 0.251343 -0.039094 0.104673
    5 5.792767 -0.005304 0.000000 0.078355 -0.060330 0.130124
    6 6.662322 -0.001452 0.000000 -0.091910 0.032655 0.231870
    7 -3.518356 0.356631 4.277124 1.259889 -1.284829 -4.626900
    8 4.827512 0.000000 -0.000002 0.579140 1.124327 0.234275
    9 11.140032 0.000000 0.000000 0.000000 0.000000 -1.539244
    10 10.314563 -0.000001 0.000001 -1.241542 0.481756 0.817836
    11 1.646836 0.445664 -1.699647 -0.392035 3.352851 -0.875707
    12 0.928312 0.000000 0.000000 0.000000 0.000000 0.593404
    13 0.928313 0.000000 -0.000001 0.000000 0.000000 1.204231
    14 2.979373 -0.388274 -0.044205 -0.030851 -0.030823 0.768363
    15 1.435262 -0.000001 -0.000001 0.000000 0.000000 1.301263
    16 1.482593 -0.000001 0.000001 0.000000 0.000000 0.401806
    17 -2.975371 1.071532 -4.156022 -1.529916 1.074975 -4.894901
    18 4.972047 0.000000 0.000000 1.318666 -0.602350 -0.833989
    19 11.585358 0.000000 0.000001 0.000000 0.000000 -1.698678
    20 10.127058 0.000000 0.000001 1.724656 0.325963 -0.119249
    21 1.537458 0.109715 1.664489 -3.079588 0.031470 0.928526
    22 0.928313 0.000000 0.000002 0.000000 0.000000 0.061034
    23 0.928311 0.000000 0.000001 0.000000 0.000000 0.671897
    24 2.686395 -0.427337 0.044204 -0.001208 0.043611 -0.052337
    25 1.435260 0.000000 0.000001 0.000000 0.000000 1.186618
    26 1.482593 0.000000 -0.000001 0.000000 0.000000 1.684243
    27 2.046984 0.000001 0.000000 -0.241652 0.156634 -0.407257
    28 -0.000005 0.000007 3.713254 -3.199850 -0.118400 1.236578
    29 18.045723 0.000000 0.000000 0.000000 0.000000 -1.768014
    30 17.597597 0.000000 0.000000 -0.211774 0.101159 -0.131223
    31 0.000005 -0.000003 -3.713254 0.854958 2.459654 5.506114
    32 18.045721 0.000000 0.000000 0.000000 0.000000 -2.603709
    33 17.597597 0.000000 0.000000 0.343163 -0.161764 0.803313
  time 12
    0 -1.260792 2.429913 -20.585090 0.000000 0.000000 -1.571017
    1 -0.523457 -0.039064 0.000000 -1.570795 -1.570787 0.000000
    2 1.293670 0.684478 -0.000001 -0.061470 0.007166 0.100005
    3 5.309685 -0.003834 0.000000 0.014141 -0.016683 -0.029735
    4 4.826790 -0.004591 0.000000 0.230132 0.003224 0.113515
    5 5.792767 -0.005304 0.000000 0.063767 0.001858 0.135460
    6 6.662322 -0.001452 0.000000 -0.091910 0.032655 0.231870
    7 -3.518356 0.356631 4.277124 1.612245 -1.270311 -4.993788
    8 4.827512 0.000000 -0.000002 0.780983 1.207042 0.512596
    9 11.140032 0.000000 0.000000 0.000000 0.000000 -1.779644
    10 10.314563 -0.000001 0.000001 -1.137477 0.444756 0.774753
    11 1.646836 0.445664 -1.699647 -0.392035 3.352851 -0.875707
    12 0.928312 0.000000 0.000000 0.000000 0.000000 0.593404
    13 0.928313 0.000000 -0.000001 0.000000 0.000000 1.204231
    14 2.979373 -0.388274 -0.044205 -0.030851 -0.030823 0.768363
    15 1.435262 -0.000001 -0.000001 0.000000 0.000000 1.313466
    16 1.482593 -0.000001 0.000001 0.000000 0.000000 0.396356
    17 -2.975371 1.071532 -4.156022 -1.574530 1.105735 -4.945952
    18 4.972047 0.000000 0.000000 1.177406 -0.528590 -0.835520
    19 11.585358 0.000000 0.000001 0.000000 0.000000 -1.728491
    20 10.127058 0.000000 0.000001 1.714067 0.391496 -0.082934
    21 1.537458 0.109715 1.664489 -3.079588 0.031470 0.928526
    22 0.928313 0.000000 0.000002 0.000000 0.000000 0.061034
    23 0.928311 0.000000 0.000001 0.000000 0.000000 0.671897
    24 2.686395 -0.427337 0.044204 -0.001208 0.043611 -0.052337
    25 1.435260 0.000000 0.000001 0.000000 0.000000 1.186618
    26 1.482593 0.000000 -0.000001 0.000000 0.000000 1.684243
    27 2.046984 0.000001 0.000000 -0.199646 0.045229 -0.443389
    28 -0.000005 0.000007 3.713254 -3.206657 -0.116099 1.237536
    29 18.045723 0.000000 0.000000 0.000000 0.000000 -1.765275
    30 17.597597 0.000000 0.000000 -0.215980 0.106646 -0.133424
    31 0.000005 -0.000003 -3.713254 0.838377 2.450643 5.488091
    32 18.045721 0.000000 0.000000 0.000000 0.000000 -2.606542
    33 17.597597 0.000000 0.000000 0.346417 -0.155827 0.789780
  time 13
    0 -1.155320 2.465070 -20.585090 0.000000 0.000000 -1.571017
    1 -0.523457 -0.039064 0.000000 -1.570795 -1.570787 0.000000
    2 1.293670 0.684478 -0.000001 -0.062666 -0.000073 0.099352
    3 5.309685 -0.003834 0.000000 0.007573 -0.013626 -0.030017
    4 4.826790 -0.004591 0.000000 0.205221 0.035402 0.120283
    5 5.792767 -0.005304 0.000000 0.047614 0.043348 0.138097
    6 6.662322 -0.001452 0.000000 -0.091910 0.032655 0.231870
    7 -3.518356 0.356631 4.277124 1.775770 -1.245680 -5.166549
    8 4.827512 0.000000 -0.000002 0.969274 1.257695 0.772374
    9 11.140032 0.000000 0.000000 0.000000 0.000000 -1.908684
    10 10.314563 -0.000001 0.000001 -1.079000 0.421712 0.744908
    11 1.646836 0.445664 -1.699647 -0.392035 3.352851 -0.875707
    12 0.928312 0.000000 0.000000 0.000000 0.000000 0.593404
    13 0.928313 0.000000 -0.000001 0.000000 0.000000 1.204231
    14 2.979373 -0.388274 -0.044205 -0.030851 -0.030823 0.768363
    15 1.435262 -0.000001 -0.000001 0.000000 0.000000 1.324541
    16 1.482593 -0.000001 0.000001 0.000000 0.000000 0.391441
    17 -2.975371 1.071532 -4.156022 -1.624397 1.134050 -5.001505
    18 4.972047 0.000000 0.000000 1.069444 -0.461658 -0.884039
    19 11.585358 0.000000 0.000001 0.000000 0.000000 -1.756099
    20 10.127058 0.000000 0.000001 1.694853 0.460527 -0.048919
    21 1.537458 0.109715 1.664489 -3.079588 0.031470 0.928526
    22 0.928313 0.000000 0.000002 0.000000 0.000000 0.061034
    23 0.928311 0.000000 0.000001 0.000000 0.000000 0.671897
    24 2.686395 -0.427337 0.044204 -0.001208 0.043611 -0.052337
    25 1.435260 0.000000 0.000001 0.000000 0.000000 1.186618
    26 1.482593 0.000000 -0.000001 0.000000 0.000000 1.684243
    27 2.046984 0.000001 0.000000 -0.138382 -0.030625 -0.468329
    28 -0.000005 0.000007 3.713254 -3.211451 -0.114470 1.238207
    29 18.045723 0.000000 0.000000 0.000000 0.000000 -1.763129
    30 17.597597 0.000000 0.000000 -0.219147 0.110707 -0.134983
    31 0.000005 -0.000003 -3.713254 0.826109 2.444124 5.474669
    32 18.045721 0.000000 0.000000 0.000000 0.000000 -2.608432
    33 17.597597 0.000000 0.000000 0.348665 -0.151310 0.779665
  time 14
    0 -1.131882 2.492415 -20.585090 0.000000 0.000000 -1.571017
    1 -0.523457 -0.039064 0.000000 -1.570795 -1.570787 0.000000
    2 1.293670 0.684478 -0.000001 -0.063593 -0.005682 0.098666
    3 5.309685 -0.003834 0.000000 -0.017357 -0.008725 -0.028745
    4 4.826790 -0.004591 0.000000 0.175217 0.044559 0.125112
    5 5.792767 -0.005304 0.000000 0.029392 0.037823 0.135875
    6 6.662322 -0.001452 0.000000 -0.091910 0.032655 0.231870
    7 -3.518356 0.356631 4.277124 1.733595 -1.258749 -5.121322
    8 4.827512 0.000000 -0.000002 0.927742 1.274579 0.799063
    9 11.140032 0.000000 0.000000 0.000000 0.000000 -1.890498
    10 10.314563 -0.000001 0.000001 -1.087814 0.389395 0.686787
    11 1.646836 0.445664 -1.699647 -0.392035 3.352851 -0.875707
    12 0.928312 0.000000 0.000000 0.000000 0.000000 0.593404
    13 0.928313 0.000000 -0.000001 0.000000 0.000000 1.204231
    14 2.979373 -0.388274 -0.044205 -0.030851 -0.030823 0.768363
    15 1.435262 -0.000001 -0.000001 0.000000 0.000000 1.334445
    16 1.482593 -0.000001 0.000001 0.000000 0.000000 0.387060
    17 -2.975371 1.071532 -4.156022 -1.671685 1.158132 -5.052460
    18 4.972047 0.000000 0.000000 1.027985 -0.420278 -0.991260
    19 11.585358 0.000000 0.000001 0.000000 0.000000 -1.776600
    20 10.127058 0.000000 0.000001 1.668066 0.526533 -0.028910
    21 1.537458 0.109715 1.664489 -3.079588 0.031470 0.928526
    22 0.928313 0.000000 0.000002 0.000000 0.000000 0.061034
    23 0.928311 0.000000 0.000001 0.000000 0.000000 0.671897
    24 2.686395 -0.427337 0.044204 -0.001208 0.043611 -0.052337
    25 1.435260 0.000000 0.000001 0.000000 0.000000 1.186618
    26 1.482593 0.000000 -0.000001 0.000000 0.000000 1.684243
    27 2.046984 0.000001 0.000000 -0.060101 -0.036614 -0.478913
    28 -0.000005 0.000007 3.713254 -3.212409 -0.114086 1.238495
    29 18.045723 0.000000 0.000000 0.000000 0.000000 -1.761870
    30 17.597597 0.000000 0.000000 -0.219730 0.111470 -0.136037
    31 0.000005 -0.000003 -3.713254 0.823905 2.442973 5.470738
    32 18.045721 0.000000 0.000000 0.000000 0.000000 -2.608747
    33 17.597597 0.000000 0.000000 0.350108 -0.151310 0.776801
  time 15
    0 -1.155320 2.504134 -20.585090 0.000000 0.000000 -1.571017
    1 -0.523457 -0.039064 0.000000 -1.570795 -1.570787 0.000000
    2 1.293670 0.684478 -0.000001 -0.064384 -0.010571 0.098130
    3 5.309685 -0.003834 0.000000 -0.050422 -0.002936 -0.026873
    4 4.826790 -0.004591 0.000000 0.141112 0.043492 0.128772
    5 5.792767 -0.005304 0.000000 0.009408 0.011421 0.132387
    6 6.662322 -0.001452 0.000000 -0.091910 0.032655 0.231870
    7 -3.518356 0.356631 4.277124 1.606685 -1.297869 -4.987081
    8 4.827512 0.000000 -0.000002 0.762648 1.268525 0.681565
    9 11.140032 0.000000 0.000000 0.000000 0.000000 -1.846229
    10 10.314563 -0.000001 0.000001 -1.113783 0.323919 0.561777
    11 1.646836 0.445664 -1.699647 -0.392035 3.352851 -0.875707
    12 0.928312 0.000000 0.000000 0.000000 0.000000 0.593404
    13 0.928313 0.000000 -0.000001 0.000000 0.000000 1.204231
    14 2.979373 -0.388274 -0.044205 -0.030851 -0.030823 0.768363
    15 1.435262 -0.000001 -0.000001 0.000000 0.000000 1.343347
    16 1.482593 -0.000001 0.000001 0.000000 0.000000 0.383107
    17 -2.975371 1.071532 -4.156022 -1.705122 1.176877 -5.088281
    18 4.972047 0.000000 0.000000 1.016260 -0.394406 -1.115385
    19 11.585358 0.000000 0.000001 0.000000 0.000000 -1.785258
    20 10.127058 0.000000 0.000001 1.632793 0.581380 -0.035363
    21 1.537458 0.109715 1.664489 -3.079588 0.031470 0.928526
    22 0.928313 0.000000 0.000002 0.000000 0.000000 0.061034
    23 0.928311 0.000000 0.000001 0.000000 0.000000 0.671897
    24 2.686395 -0.427337 0.044204 -0.001208 0.043611 -0.052337
    25 1.435260 0.000000 0.000001 0.000000 0.000000 1.186618
    26 1.482593 0.000000 -0.000001 0.000000 0.000000 1.684243
    27 2.046984 0.000001 0.000000 0.027573 -0.010651 -0.476905
    28 -0.000005 0.000007 3.713254 -3.211547 -0.114374 1.238495
    29 18.045723 0.000000 0.000000 0.000000 0.000000 -1.760834
    30 17.597597 0.000000 0.000000 -0.219223 0.110756 -0.137092
    31 0.000005 -0.000003 -3.713254 0.826493 2.444028 5.470738
    32 18.045721 0.000000 0.000000 0.000000 0.000000 -2.608432
    33 17.597597 0.000000 0.000000 0.351450 -0.153519 0.776940
  time 16
    0 -1.174852 2.515853 -20.585090 0.000000 0.000000 -1.571017
    1 -0.523457 -0.039064 0.000000 -1.570795 -1.570787 0.000000
    2 1.293670 0.684478 -0.000001 -0.064772 -0.012693 0.097494
    3 5.309685 -0.003834 0.000000 -0.067132 -0.000204 -0.026272
    4 4.826790 -0.004591 0.000000 0.124842 0.041335 0.130073
    5 5.792767 -0.005304 0.000000 0.000234 -0.004338 0.130643
    6 6.662322 -0.001452 0.000000 -0.091910 0.032655 0.231870
    7 -3.518356 0.356631 4.277124 1.375775 -1.341395 -4.749452
    8 4.827512 0.000000 -0.000002 0.564472 1.256075 0.465372
    9 11.140032 0.000000 0.000000 0.000000 0.000000 -1.788918
    10 10.314563 -0.000001 0.000001 -1.137856 0.238302 0.409593
    11 1.646836 0.445664 -1.699647 -0.392035 3.352851 -0.875707
    12 0.928312 0.000000 0.000000 0.000000 0.000000 0.593404
    13 0.928313 0.000000 -0.000001 0.000000 0.000000 1.204231
    14 2.979373 -0.388274 -0.044205 -0.030851 -0.030823 0.768363
    15 1.435262 -0.000001 -0.000001 0.000000 0.000000 1.351037
    16 1.482593 -0.000001 0.000001 0.000000 0.000000 0.379688
    17 -2.975371 1.071532 -4.156022 -1.712669 1.189549 -5.095465
    18 4.972047 0.000000 0.000000 1.002659 -0.386532 -1.176816
    19 11.585358 0.000000 0.000001 0.000000 0.000000 -1.777335
    20 10.127058 0.000000 0.000001 1.588265 0.616180 -0.080182
    21 1.537458 0.109715 1.664489 -3.079588 0.031470 0.928526
    22 0.928313 0.000000 0.000002 0.000000 0.000000 0.061034
    23 0.928311 0.000000 0.000001 0.000000 0.000000 0.671897
    24 2.686395 -0.427337 0.044204 -0.001208 0.043611 -0.052337
    25 1.435260 0.000000 0.000001 0.000000 0.000000 1.186618
    26 1.482593 0.000000 -0.000001 0.000000 0.000000 1.684243
    27 2.046984 0.000001 0.000000 0.073672 0.002744 -0.466564
    28 -0.000005 0.000007 3.713254 -3.210875 -0.114565 1.238495
    29 18.045723 0.000000 0.000000 0.000000 0.000000 -1.760242
    30 17.597597 0.000000 0.000000 -0.218793 0.110166 -0.137642
    31 0.000005 -0.000003 -3.713254 0.828410 2.444987 5.471313
    32 18.045721 0.000000 0.000000 0.000000 0.000000 -2.608117
    33 17.597597 0.000000 0.000000 0.352154 -0.155018 0.777448
  time 17
    0 -1.143601 2.515853 -20.585090 0.000000 0.000000 -1.571017
    1 -0.523457 -0.039064 0.000000 -1.570795 -1.570787 0.000000
    2 1.293670 0.684478 -0.000001 -0.064789 -0.012669 0.096908
    3 5.309685 -0.003834 0.000000 -0.067473 -0.000252 -0.026749
    4 4.826790 -0.004591 0.000000 0.124727 0.041575 0.129676
    5 5.792767 -0.005304 0.000000 0.000432 0.017701 0.130290
    6 6.662322 -0.001452 0.000000 -0.091910 0.032655 0.231870
    7 -3.518356 0.356631 4.277124 1.058310 -1.367859 -4.427502
    8 4.827512 0.000000 -0.000002 0.408944 1.263323 0.243893
    9 11.140032 0.000000 0.000000 0.000000 0.000000 -1.731680
    10 10.314563 -0.000001 0.000001 -1.149703 0.150531 0.263680
    11 1.646836 0.445664 -1.699647 -0.392035 3.352851 -0.875707
    12 0.928312 0.000000 0.000000 0.000000 0.000000 0.593404
    13 0.928313 0.000000 -0.000001 0.000000 0.000000 1.204231
    14 2.979373 -0.388274 -0.044205 -0.030851 -0.030823 0.768363
    15 1.435262 -0.000001 -0.000001 0.000000 0.000000 1.357556
    16 1.482593 -0.000001 0.000001 0.000000 0.000000 0.376749
    17 -2.975371 1.071532 -4.156022 -1.637294 1.198041 -5.014435
    18 4.972047 0.000000 0.000000 0.913175 -0.432331 -1.145868
    19 11.585358 0.000000 0.000001 0.000000 0.000000 -1.707908
    20 10.127058 0.000000 0.000001 1.450962 0.623083 -0.300677
    21 1.537458 0.109715 1.664489 -3.079588 0.031470 0.928526
    22 0.928313 0.000000 0.000002 0.000000 0.000000 0.061034
    23 0.928311 0.000000 0.000001 0.000000 0.000000 0.671897
    24 2.686395 -0.427337 0.044204 -0.001208 0.043611 -0.052337
    25 1.435260 0.000000 0.000001 0.000000 0.000000 1.186618
    26 1.482593 0.000000 -0.000001 0.000000 0.000000 1.684243
    27 2.046984 0.000001 0.000000 0.085692 -0.025491 -0.452331
    28 -0.000005 0.000007 3.713254 -3.212026 -0.114182 1.238591
    29 18.045723 0.000000 0.000000 0.000000 0.000000 -1.760316
    30 17.597597 0.000000 0.000000 -0.219528 0.111125 -0.137504
    31 0.000005 -0.000003 -3.713254 0.825343 2.443453 5.468917
    32 18.045721 0.000000 0.000000 0.000000 0.000000 -2.608432
    33 17.597597 0.000000 0.000000 0.352054 -0.153381 0.775647
  time 18
    0 -1.124069 2.515853 -20.585090 0.000000 0.000000 -1.571017
    1 -0.523457 -0.039064 0.000000 -1.570795 -1.570787 0.000000
    2 1.293670 0.684478 -0.000001 -0.064805 -0.012657 0.096389
    3 5.309685 -0.003834 0.000000 -0.067711 -0.000300 -0.027120
    4 4.826790 -0.004591 0.000000 0.124689 0.041742 0.129323
    5 5.792767 -0.005304 0.000000 0.000594 0.039825 0.129937
    6 6.662322 -0.001452 0.000000 -0.091910 0.032655 0.231870
    7 -3.518356 0.356631 4.277124 0.777652 -1.371171 -4.145413
    8 4.827512 0.000000 -0.000002 0.297340 1.268269 0.080991
    9 11.140032 0.000000 0.000000 0.000000 0.000000 -1.687701
    10 10.314563 -0.000001 0.000001 -1.149988 0.081308 0.153301
    11 1.646836 0.445664 -1.699647 -0.392035 3.352851 -0.875707
    12 0.928312 0.000000 0.000000 0.000000 0.000000 0.593404
    13 0.928313 0.000000 -0.000001 0.000000 0.000000 1.204231
    14 2.979373 -0.388274 -0.044205 -0.030851 -0.030823 0.768363
    15 1.435262 -0.000001 -0.000001 0.000000 0.000000 1.363073
    16 1.482593 -0.000001 0.000001 0.000000 0.000000 0.374345
    17 -2.975371 1.071532 -4.156022 -1.558576 1.199618 -4.929765
    18 4.972047 0.000000 0.000000 0.829788 -0.471220 -1.103073
    19 11.585358 0.000000 0.000001 0.000000 0.000000 -1.647709
    20 10.127058 0.000000 0.000001 1.346968 0.604076 -0.473252
    21 1.537458 0.109715 1.664489 -3.079588 0.031470 0.928526
    22 0.928313 0.000000 0.000002 0.000000 0.000000 0.061034
    23 0.928311 0.000000 0.000001 0.000000 0.000000 0.671897
    24 2.686395 -0.427337 0.044204 -0.001208 0.043611 -0.052337
    25 1.435260 0.000000 0.000001 0.000000 0.000000 1.186618
    26 1.482593 0.000000 -0.000001 0.000000 0.000000 1.684243
    27 2.046984 0.000001 0.000000 0.094481 -0.053431 -0.433413
    28 -0.000005 0.000007 3.713254 -3.213176 -0.113798 1.238783
    29 18.045723 0.000000 0.000000 0.000000 0.000000 -1.760316
    30 17.597597 0.000000 0.000000 -0.220237 0.112134 -0.137367
    31 0.000005 -0.000003 -3.713254 0.822180 2.441919 5.466616
    32 18.045721 0.000000 0.000000 0.000000 0.000000 -2.608983
    33 17.597597 0.000000 0.000000 0.351919 -0.151744 0.773845
  time 19
    0 -1.155320 2.515853 -20.585090 0.000000 0.000000 -1.571017
    1 -0.523457 -0.039064 0.000000 -1.570795 -1.570787 0.000000
    2 1.293670 0.684478 -0.000001 -0.064822 -0.012645 0.096004
    3 5.309685 -0.003834 0.000000 -0.067932 -0.000336 -0.027438
    4 4.826790 -0.004591 0.000000 0.124651 0.041898 0.129081
    5 5.792767 -0.005304 0.000000 0.000881 0.009240 0.130041
    6 6.662322 -0.001452 0.000000 -0.091910 0.032655 0.231870
    7 -3.518356 0.356631 4.277124 0.671830 -1.367504 -4.039151
    8 4.827512 0.000000 -0.000002 0.271672 1.231345 0.038792
    9 11.140032 0.000000 0.000000 0.000000 0.000000 -1.669878
    10 10.314563 -0.000001 0.000001 -1.145912 0.050864 0.107489
    11 1.646836 0.445664 -1.699647 -0.392035 3.352851 -0.875707
    12 0.928312 0.000000 0.000000 0.000000 0.000000 0.593404
    13 0.928313 0.000000 -0.000001 0.000000 0.000000 1.204231
    14 2.979373 -0.388274 -0.044205 -0.030851 -0.030823 0.768363
    15 1.435262 -0.000001 -0.000001 0.000000 0.000000 1.367377
    16 1.482593 -0.000001 0.000001 0.000000 0.000000 0.372422
    17 -2.975371 1.071532 -4.156022 -1.581312 1.195649 -4.954093
    18 4.972047 0.000000 0.000000 0.899856 -0.428313 -1.133422
    19 11.585358 0.000000 0.000001 0.000000 0.000000 -1.718281
    20 10.127058 0.000000 0.000001 1.509305 0.618166 -0.199134
    21 1.537458 0.109715 1.664489 -3.079588 0.031470 0.928526
    22 0.928313 0.000000 0.000002 0.000000 0.000000 0.061034
    23 0.928311 0.000000 0.000001 0.000000 0.000000 0.671897
    24 2.686395 -0.427337 0.044204 -0.001208 0.043611 -0.052337
    25 1.435260 0.000000 0.000001 0.000000 0.000000 1.186618
    26 1.482593 0.000000 -0.000001 0.000000 0.000000 1.684243
    27 2.046984 0.000001 0.000000 0.091896 -0.034844 -0.366745
    28 -0.000005 0.000007 3.713254 -3.211547 -0.114278 1.238591
    29 18.045723 0.000000 0.000000 0.000000 0.000000 -1.760242
    30 17.597597 0.000000 0.000000 -0.219223 0.110756 -0.137504
    31 0.000005 -0.000003 -3.713254 0.826493 2.444028 5.469875
    32 18.045721 0.000000 0.000000 0.000000 0.000000 -2.608432
    33 17.597597 0.000000 0.000000 0.352121 -0.154013 0.776340
  time 20
    0 -1.194384 2.515853 -20.585090 0.000000 0.000000 -1.571017
    1 -0.523457 -0.039064 0.000000 -1.570795 -1.570787 0.000000
    2 1.293670 0.684478 -0.000001 -0.064856 -0.012621 0.095736
    3 5.309685 -0.003834 0.000000 -0.068085 -0.000360 -0.027686
    4 4.826790 -0.004591 0.000000 0.124632 0.042042 0.128860
    5 5.792767 -0.005304 0.000000 0.001151 -0.021285 0.130124
    6 6.662322 -0.001452 0.000000 -0.091910 0.032655 0.231870
    7 -3.518356 0.356631 4.277124 0.719661 -1.361413 -4.086581
    8 4.827512 0.000000 -0.000002 0.198731 1.197833 -0.045259
    9 11.140032 0.000000 0.000000 0.000000 0.000000 -1.683354
    10 10.314563 -0.000001 0.000001 -1.133876 0.032879 0.124153
    11 1.646836 0.445664 -1.699647 -0.392035 3.352851 -0.875707
    12 0.928312 0.000000 0.000000 0.000000 0.000000 0.593404
    13 0.928313 0.000000 -0.000001 0.000000 0.000000 1.204231
    14 2.979373 -0.388274 -0.044205 -0.030851 -0.030823 0.768363
    15 1.435262 -0.000001 -0.000001 0.000000 0.000000 1.370553
    16 1.482593 -0.000001 0.000001 0.000000 0.000000 0.370980
    17 -2.975371 1.071532 -4.156022 -1.610545 1.191468 -4.985701
    18 4.972047 0.000000 0.000000 0.971143 -0.382354 -1.159844
    19 11.585358 0.000000 0.000001 0.000000 0.000000 -1.782808
    20 10.127058 0.000000 0.000001 1.665682 0.596700 0.065530
    21 1.537458 0.109715 1.664489 -3.079588 0.031470 0.928526
    22 0.928313 0.000000 0.000002 0.000000 0.000000 0.061034
    23 0.928311 0.000000 0.000001 0.000000 0.000000 0.671897
    24 2.686395 -0.427337 0.044204 -0.001208 0.043611 -0.052337
    25 1.435260 0.000000 0.000001 0.000000 0.000000 1.186618
    26 1.482593 0.000000 -0.000001 0.000000 0.000000 1.684243
    27 2.046984 0.000001 0.000000 0.094438 -0.022895 -0.244601
    28 -0.000005 0.000007 3.713254 -3.210013 -0.114853 1.238495
    29 18.045723 0.000000 0.000000 0.000000 0.000000 -1.760168
    30 17.597597 0.000000 0.000000 -0.218210 0.109427 -0.137688
    31 0.000005 -0.000003 -3.713254 0.830710 2.446137 5.473039
    32 18.045721 0.000000 0.000000 0.000000 0.000000 -2.607645
    33 17.597597 0.000000 0.000000 0.352255 -0.156241 0.778834
  time 21
    0 -1.182665 2.515853 -20.585090 0.000000 0.000000 -1.571017
    1 -0.523457 -0.039064 0.000000 -1.570795 -1.570787 0.000000
    2 1.293670 0.684478 -0.000001 -0.064873 -0.012621 0.095569
    3 5.309685 -0.003834 0.000000 -0.068204 -0.000372 -0.027809
    4 4.826790 -0.004591 0.000000 0.124594 0.042114 0.128750
    5 5.792767 -0.005304 0.000000 0.001187 -0.009743 0.129957
    6 6.662322 -0.001452 0.000000 -0.091910 0.032655 0.231870
    7 -3.518356 0.356631 4.277124 0.817719 -1.345949 -4.182878
    8 4.827512 0.000000 -0.000002 -0.009889 1.183422 -0.293426
    9 11.140032 0.000000 0.000000 0.000000 0.000000 -1.718639
    10 10.314563 -0.000001 0.000001 -1.110182 -0.006744 0.171649
    11 1.646836 0.445664 -1.699647 -0.392035 3.352851 -0.875707
    12 0.928312 0.000000 0.000000 0.000000 0.000000 0.593404
    13 0.928313 0.000000 -0.000001 0.000000 0.000000 1.204231
    14 2.979373 -0.388274 -0.044205 -0.030851 -0.030823 0.768363
    15 1.435262 -0.000001 -0.000001 0.000000 0.000000 1.372727
    16 1.482593 -0.000001 0.000001 0.000000 0.000000 0.370071
    17 -2.975371 1.071532 -4.156022 -1.598412 1.195727 -4.972675
    18 4.972047 0.000000 0.000000 0.954447 -0.394567 -1.157848
    19 11.585358 0.000000 0.000001 0.000000 0.000000 -1.727429
    20 10.127058 0.000000 0.000001 1.601238 0.612681 -0.053421
    21 1.537458 0.109715 1.664489 -3.079588 0.031470 0.928526
    22 0.928313 0.000000 0.000002 0.000000 0.000000 0.061034
    23 0.928311 0.000000 0.000001 0.000000 0.000000 0.671897
    24 2.686395 -0.427337 0.044204 -0.001208 0.043611 -0.052337
    25 1.435260 0.000000 0.000001 0.000000 0.000000 1.186618
    26 1.482593 0.000000 -0.000001 0.000000 0.000000 1.684243
    27 2.046984 0.000001 0.000000 0.097583 -0.055142 -0.107979
    28 -0.000005 0.000007 3.713254 -3.210588 -0.114661 1.238495
    29 18.045723 0.000000 0.000000 0.000000 0.000000 -1.760242
    30 17.597597 0.000000 0.000000 -0.218590 0.109920 -0.137642
    31 0.000005 -0.000003 -3.713254 0.829080 2.445370 5.471889
    32 18.045721 0.000000 0.000000 0.000000 0.000000 -2.607959
    33 17.597597 0.000000 0.000000 0.352221 -0.155393 0.777864
  time 22
    0 -1.155320 2.515853 -20.585090 0.000000 0.000000 -1.571017
    1 -0.523457 -0.039064 0.000000 -1.570795 -1.570787 0.000000
    2 1.293670 0.684478 -0.000001 -0.064873 -0.012609 0.095552
    3 5.309685 -0.003834 0.000000 -0.068255 -0.000384 -0.027898
    4 4.826790 -0.004591 0.000000 0.124594 0.042150 0.128684
    5 5.792767 -0.005304 0.000000 0.001151 0.011601 0.129833
    6 6.662322 -0.001452 0.000000 -0.091910 0.032655 0.231870
    7 -3.518356 0.356631 4.277124 0.927471 -1.322678 -4.290866
    8 4.827512 0.000000 -0.000002 -0.255736 1.136009 -0.594796
    9 11.140032 0.000000 0.000000 0.000000 0.000000 -1.766820
    10 10.314563 -0.000001 0.000001 -1.082507 -0.060325 0.236971
    11 1.646836 0.445664 -1.699647 -0.392035 3.352851 -0.875707
    12 0.928312 0.000000 0.000000 0.000000 0.000000 0.593404
    13 0.928313 0.000000 -0.000001 0.000000 0.000000 1.204231
    14 2.979373 -0.388274 -0.044205 -0.030851 -0.030823 0.768363
    15 1.435262 -0.000001 -0.000001 0.000000 0.000000 1.373646
    16 1.482593 -0.000001 0.000001 0.000000 0.000000 0.369591
    17 -2.975371 1.071532 -4.156022 -1.572428 1.201617 -4.944803
    18 4.972047 0.000000 0.000000 0.911768 -0.423975 -1.146267
    19 11.585358 0.000000 0.000001 0.000000 0.000000 -1.629086
    20 10.127058 0.000000 0.000001 1.466109 0.622705 -0.288072
    21 1.537458 0.109715 1.664489 -3.079588 0.031470 0.928526
    22 0.928313 0.000000 0.000002 0.000000 0.000000 0.061034
    23 0.928311 0.000000 0.000001 0.000000 0.000000 0.671897
    24 2.686395 -0.427337 0.044204 -0.001208 0.043611 -0.052337
    25 1.435260 0.000000 0.000001 0.000000 0.000000 1.186618
    26 1.482593 0.000000 -0.000001 0.000000 0.000000 1.684243
    27 2.046984 0.000001 0.000000 0.092456 -0.093585 0.009116
    28 -0.000005 0.000007 3.713254 -3.211834 -0.114278 1.238591
    29 18.045723 0.000000 0.000000 0.000000 0.000000 -1.760242
    30 17.597597 0.000000 0.000000 -0.219299 0.110879 -0.137504
    31 0.000005 -0.000003 -3.713254 0.826205 2.443932 5.469588
    32 18.045721 0.000000 0.000000 0.000000 0.000000 -2.608432
    33 17.597597 0.000000 0.000000 0.352087 -0.153815 0.776109
  time 23
    0 -1.143601 2.515853 -20.585090 0.000000 0.000000 -1.571017
    1 -0.523457 -0.039064 0.000000 -1.570795 -1.570787 0.000000
    2 1.293670 0.684478 -0.000001 -0.064873 -0.012597 0.095669
    3 5.309685 -0.003834 0.000000 -0.068255 -0.000384 -0.027898
    4 4.826790 -0.004591 0.000000 0.124594 0.042150 0.128706
    5 5.792767 -0.005304 0.000000 0.001079 0.023118 0.129771
    6 6.662322 -0.001452 0.000000 -0.091910 0.032655 0.231870
    7 -3.518356 0.356631 4.277124 1.023324 -1.295178 -4.384767
    8 4.827512 0.000000 -0.000002 -0.421547 1.046984 -0.824159
    9 11.140032 0.000000 0.000000 0.000000 0.000000 -1.819494
    10 10.314563 -0.000001 0.000001 -1.057676 -0.119151 0.307982
    11 1.646836 0.445664 -1.699647 -0.392035 3.352851 -0.875707
    12 0.928312 0.000000 0.000000 0.000000 0.000000 0.593404
    13 0.928313 0.000000 -0.000001 0.000000 0.000000 1.204231
    14 2.979373 -0.388274 -0.044205 -0.030851 -0.030823 0.768363
    15 1.435262 -0.000001 -0.000001 0.000000 0.000000 1.373521
    16 1.482593 -0.000001 0.000001 0.000000 0.000000 0.369644
    17 -2.975371 1.071532 -4.156022 -1.548927 1.197357 -4.919421
    18 4.972047 0.000000 0.000000 0.860836 -0.446231 -1.121708
    19 11.585358 0.000000 0.000001 0.000000 0.000000 -1.552716
    20 10.127058 0.000000 0.000001 1.371862 0.607575 -0.423030
    21 1.537458 0.109715 1.664489 -3.079588 0.031470 0.928526
    22 0.928313 0.000000 0.000002 0.000000 0.000000 0.061034
    23 0.928311 0.000000 0.000001 0.000000 0.000000 0.671897
    24 2.686395 -0.427337 0.044204 -0.001208 0.043611 -0.052337
    25 1.435260 0.000000 0.000001 0.000000 0.000000 1.186618
    26 1.482593 0.000000 -0.000001 0.000000 0.000000 1.684243
    27 2.046984 0.000001 0.000000 0.086898 -0.113441 0.070370
    28 -0.000005 0.000007 3.713254 -3.212409 -0.114086 1.238687
    29 18.045723 0.000000 0.000000 0.000000 0.000000 -1.760316
    30 17.597597 0.000000 0.000000 -0.219680 0.111396 -0.137504
    31 0.000005 -0.000003 -3.713254 0.824480 2.443069 5.468341
    32 18.045721 0.000000 0.000000 0.000000 0.000000 -2.608747
    33 17.597597 0.000000 0.000000 0.352020 -0.152967 0.775185
  time 24
    0 -1.143601 2.527572 -20.585090 0.000000 0.000000 -1.571017
    1 -0.523457 -0.039064 0.000000 -1.570795 -1.570787 0.000000
    2 1.293670 0.684478 -0.000001 -0.064671 -0.011267 0.095803
    3 5.309685 -0.003834 0.000000 -0.065022 -0.001822 -0.026272
    4 4.826790 -0.004591 0.000000 0.104566 0.039118 0.130999
    5 5.792767 -0.005304 0.000000 -0.010703 0.021632 0.127757
    6 6.662322 -0.001452 0.000000 -0.091910 0.032655 0.231870
    7 -3.518356 0.356631 4.277124 1.094063 -1.268655 -4.454140
    8 4.827512 0.000000 -0.000002 -0.494727 0.942438 -0.932213
    9 11.140032 0.000000 0.000000 0.000000 0.000000 -1.867893
    10 10.314563 -0.000001 0.000001 -1.039668 -0.173387 0.373477
    11 1.646836 0.445664 -1.699647 -0.392035 3.352851 -0.875707
    12 0.928312 0.000000 0.000000 0.000000 0.000000 0.593404
    13 0.928313 0.000000 -0.000001 0.000000 0.000000 1.204231
    14 2.979373 -0.388274 -0.044205 -0.030851 -0.030823 0.768363
    15 1.435262 -0.000001 -0.000001 0.000000 0.000000 1.372350
    16 1.482593 -0.000001 0.000001 0.000000 0.000000 0.370232
    17 -2.975371 1.071532 -4.156022 -1.533355 1.159157 -4.901606
    18 4.972047 0.000000 0.000000 0.760471 -0.443098 -1.078980
    19 11.585358 0.000000 0.000001 0.000000 0.000000 -1.529682
    20 10.127058 0.000000 0.000001 1.385186 0.578354 -0.262161
    21 1.537458 0.109715 1.664489 -3.079588 0.031470 0.928526
    22 0.928313 0.000000 0.000002 0.000000 0.000000 0.061034
    23 0.928311 0.000000 0.000001 0.000000 0.000000 0.671897
    24 2.686395 -0.427337 0.044204 -0.001208 0.043611 -0.052337
    25 1.435260 0.000000 0.000001 0.000000 0.000000 1.186618
    26 1.482593 0.000000 -0.000001 0.000000 0.000000 1.684243
    27 2.046984 0.000001 0.000000 0.114428 -0.123236 0.085578
    28 -0.000005 0.000007 3.713254 -3.212218 -0.114086 1.238783
    29 18.045723 0.000000 0.000000 0.000000 0.000000 -1.759354
    30 17.597597 0.000000 0.000000 -0.219654 0.111273 -0.138284
    31 0.000005 -0.000003 -3.713254 0.825055 2.443261 5.467095
    32 18.045721 0.000000 0.000000 0.000000 0.000000 -2.608432
    33 17.597597 0.000000 0.000000 0.353127 -0.154013 0.774353
  time 25
    0 -1.155320 2.566636 -20.585090 0.000000 0.000000 -1.571017
    1 -0.523457 -0.039064 0.000000 -1.570795 -1.570787 0.000000
    2 1.293670 0.684478 -0.000001 -0.064182 -0.008127 0.095937
    3 5.309685 -0.003834 0.000000 -0.057450 -0.005273 -0.022492
    4 4.826790 -0.004591 0.000000 0.056746 0.032095 0.136643
    5 5.792767 -0.005304 0.000000 -0.038854 0.018025 0.123043
    6 6.662322 -0.001452 0.000000 -0.091910 0.032655 0.231870
    7 -3.518356 0.356631 4.277124 1.136814 -1.249110 -4.495821
    8 4.827512 0.000000 -0.000002 -0.519838 0.853754 -0.940444
    9 11.140032 0.000000 0.000000 0.000000 0.000000 -1.903322
    10 10.314563 -0.000001 0.000001 -1.030664 -0.212168 0.422599
    11 1.646836 0.445664 -1.699647 -0.392035 3.352851 -0.875707
    12 0.928312 0.000000 0.000000 0.000000 0.000000 0.593404
    13 0.928313 0.000000 -0.000001 0.000000 0.000000 1.204231
    14 2.979373 -0.388274 -0.044205 -0.030851 -0.030823 0.768363
    15 1.435262 -0.000001 -0.000001 0.000000 0.000000 1.370010
    16 1.482593 -0.000001 0.000001 0.000000 0.000000 0.371247
    17 -2.975371 1.071532 -4.156022 -1.522560 1.087148 -4.887239
    18 4.972047 0.000000 0.000000 0.593604 -0.414333 -1.024670
    19 11.585358 0.000000 0.000001 0.000000 0.000000 -1.537687
    20 10.127058 0.000000 0.000001 1.453767 0.517077 0.129308
    21 1.537458 0.109715 1.664489 -3.079588 0.031470 0.928526
    22 0.928313 0.000000 0.000002 0.000000 0.000000 0.061034
    23 0.928311 0.000000 0.000001 0.000000 0.000000 0.671897
    24 2.686395 -0.427337 0.044204 -0.001208 0.043611 -0.052337
    25 1.435260 0.000000 0.000001 0.000000 0.000000 1.186618
    26 1.482593 0.000000 -0.000001 0.000000 0.000000 1.684243
    27 2.046984 0.000001 0.000000 0.181681 -0.142797 0.090626
    28 -0.000005 0.000007 3.713254 -3.211930 -0.114086 1.239070
    29 18.045723 0.000000 0.000000 0.000000 0.000000 -1.757133
    30 17.597597 0.000000 0.000000 -0.219528 0.110978 -0.140255
    31 0.000005 -0.000003 -3.713254 0.826205 2.443644 5.464123
    32 18.045721 0.000000 0.000000 0.000000 0.000000 -2.608196
    33 17.597597 0.000000 0.000000 0.355811 -0.156537 0.772367
  time 26
    0 -1.167039 2.609606 -20.585090 0.000000 0.000000 -1.571017
    1 -0.523457 -0.039064 0.000000 -1.570795 -1.570787 0.000000
    2 1.293670 0.684478 -0.000001 -0.063593 -0.004339 0.096121
    3 5.309685 -0.003834 0.000000 -0.048362 -0.009468 -0.017988
    4 4.826790 -0.004591 0.000000 -0.000248 0.024041 0.143919
    5 5.792767 -0.005304 0.000000 -0.072527 0.013531 0.117604
    6 6.662322 -0.001452 0.000000 -0.091910 0.032655 0.231870
    7 -3.518356 0.356631 4.277124 1.149562 -1.242664 -4.508086
    8 4.827512 0.000000 -0.000002 -0.518563 0.808985 -0.882995
    9 11.140032 0.000000 0.000000 0.000000 0.000000 -1.917233
    10 10.314563 -0.000001 0.000001 -1.030949 -0.224532 0.444199
    11 1.646836 0.445664 -1.699647 -0.392035 3.352851 -0.875707
    12 0.928312 0.000000 0.000000 0.000000 0.000000 0.593404
    13 0.928313 0.000000 -0.000001 0.000000 0.000000 1.204231
    14 2.979373 -0.388274 -0.044205 -0.030851 -0.030823 0.768363
    15 1.435262 -0.000001 -0.000001 0.000000 0.000000 1.366583
    16 1.482593 -0.000001 0.000001 0.000000 0.000000 0.372743
    17 -2.975371 1.071532 -4.156022 -1.517593 1.005805 -4.877565
    18 4.972047 0.000000 0.000000 0.415762 -0.368855 -0.976684
    19 11.585358 0.000000 0.000001 0.000000 0.000000 -1.562109
    20 10.127058 0.000000 0.000001 1.509305 0.422796 0.577101
    21 1.537458 0.109715 1.664489 -3.079588 0.031470 0.928526
    22 0.928313 0.000000 0.000002 0.000000 0.000000 0.061034
    23 0.928311 0.000000 0.000001 0.000000 0.000000 0.671897
    24 2.686395 -0.427337 0.044204 -0.001208 0.043611 -0.052337
    25 1.435260 0.000000 0.000001 0.000000 0.000000 1.186618
    26 1.482593 0.000000 -0.000001 0.000000 0.000000 1.684243
    27 2.046984 0.000001 0.000000 0.262375 -0.165367 0.088802
    28 -0.000005 0.000007 3.713254 -3.211642 -0.114086 1.239358
    29 18.045723 0.000000 0.000000 0.000000 0.000000 -1.754469
    30 17.597597 0.000000 0.000000 -0.219350 0.110682 -0.142639
    31 0.000005 -0.000003 -3.713254 0.827643 2.443932 5.460576
    32 18.045721 0.000000 0.000000 0.000000 0.000000 -2.607959
    33 17.597597 0.000000 0.000000 0.359099 -0.159594 0.769919
  time 27
    0 -1.174852 2.640857 -20.585090 0.000000 0.000000 -1.571017
    1 -0.523457 -0.039064 0.000000 -1.570795 -1.570787 0.000000
    2 1.293670 0.684478 -0.000001 -0.063087 -0.001199 0.096523
    3 5.309685 -0.003834 0.000000 -0.040722 -0.012955 -0.014102
    4 4.826790 -0.004591 0.000000 -0.048067 0.017617 0.150446
    5 5.792767 -0.005304 0.000000 -0.100731 0.009636 0.113223
    6 6.662322 -0.001452 0.000000 -0.091910 0.032655 0.231870
    7 -3.518356 0.356631 4.277124 1.144961 -1.244852 -4.503678
    8 4.827512 0.000000 -0.000002 -0.507641 0.796450 -0.812808
    9 11.140032 0.000000 0.000000 0.000000 0.000000 -1.917596
    10 10.314563 -0.000001 0.000001 -1.036825 -0.219568 0.448844
    11 1.646836 0.445664 -1.699647 -0.392035 3.352851 -0.875707
    12 0.928312 0.000000 0.000000 0.000000 0.000000 0.593404
    13 0.928313 0.000000 -0.000001 0.000000 0.000000 1.204231
    14 2.979373 -0.388274 -0.044205 -0.030851 -0.030823 0.768363
    15 1.435262 -0.000001 -0.000001 0.000000 0.000000 1.362028
    16 1.482593 -0.000001 0.000001 0.000000 0.000000 0.374773
    17 -2.975371 1.071532 -4.156022 -1.515777 0.939580 -4.871531
    18 4.972047 0.000000 0.000000 0.276189 -0.324663 -0.945603
    19 11.585358 0.000000 0.000001 0.000000 0.000000 -1.588328
    20 10.127058 0.000000 0.000001 1.524803 0.333149 0.936405
    21 1.537458 0.109715 1.664489 -3.079588 0.031470 0.928526
    22 0.928313 0.000000 0.000002 0.000000 0.000000 0.061034
    23 0.928311 0.000000 0.000001 0.000000 0.000000 0.671897
    24 2.686395 -0.427337 0.044204 -0.001208 0.043611 -0.052337
    25 1.435260 0.000000 0.000001 0.000000 0.000000 1.186618
    26 1.482593 0.000000 -0.000001 0.000000 0.000000 1.684243
    27 2.046984 0.000001 0.000000 0.330058 -0.184161 0.084909
    28 -0.000005 0.000007 3.713254 -3.211355 -0.114182 1.239645
    29 18.045723 0.000000 0.000000 0.000000 0.000000 -1.752174
    30 17.597597 0.000000 0.000000 -0.219223 0.110412 -0.144702
    31 0.000005 -0.000003 -3.713254 0.828985 2.444316 5.457508
    32 18.045721 0.000000 0.000000 0.000000 0.000000 -2.607645
    33 17.597597 0.000000 0.000000 0.361884 -0.162178 0.767841
  time 28
    0 -1.174852 2.660388 -20.585090 0.000000 0.000000 -1.571017
    1 -0.523457 -0.039064 0.000000 -1.570795 -1.570787 0.000000
    2 1.293670 0.684478 -0.000001 -0.062851 0.000083 0.097092
    3 5.309685 -0.003834 0.000000 -0.037335 -0.014417 -0.012212
    4 4.826790 -0.004591 0.000000 -0.068134 0.014957 0.153532
    5 5.792767 -0.005304 0.000000 -0.112747 0.007982 0.111562
    6 6.662322 -0.001452 0.000000 -0.091910 0.032655 0.231870
    7 -3.518356 0.356631 4.277124 1.139114 -1.247602 -4.497929
    8 4.827512 0.000000 -0.000002 -0.494568 0.791333 -0.782221
    9 11.140032 0.000000 0.000000 0.000000 0.000000 -1.917885
    10 10.314563 -0.000001 0.000001 -1.043933 -0.213292 0.454418
    11 1.646836 0.445664 -1.699647 -0.392035 3.352851 -0.875707
    12 0.928312 0.000000 0.000000 0.000000 0.000000 0.593404
    13 0.928313 0.000000 -0.000001 0.000000 0.000000 1.204231
    14 2.979373 -0.388274 -0.044205 -0.030851 -0.030823 0.768363
    15 1.435262 -0.000001 -0.000001 0.000000 0.000000 1.356428
    16 1.482593 -0.000001 0.000001 0.000000 0.000000 0.377284
    17 -2.975371 1.071532 -4.156022 -1.514822 0.912816 -4.868562
    18 4.972047 0.000000 0.000000 0.217753 -0.306423 -0.932491
    19 11.585358 0.000000 0.000001 0.000000 0.000000 -1.601479
    20 10.127058 0.000000 0.000001 1.524732 0.295513 1.084869
    21 1.537458 0.109715 1.664489 -3.079588 0.031470 0.928526
    22 0.928313 0.000000 0.000002 0.000000 0.000000 0.061034
    23 0.928311 0.000000 0.000001 0.000000 0.000000 0.671897
    24 2.686395 -0.427337 0.044204 -0.001208 0.043611 -0.052337
    25 1.435260 0.000000 0.000001 0.000000 0.000000 1.186618
    26 1.482593 0.000000 -0.000001 0.000000 0.000000 1.684243
    27 2.046984 0.000001 0.000000 0.357976 -0.193720 0.085821
    28 -0.000005 0.000007 3.713254 -3.211259 -0.114182 1.239741
    29 18.045723 0.000000 0.000000 0.000000 0.000000 -1.751138
    30 17.597597 0.000000 0.000000 -0.219147 0.110313 -0.145482
    31 0.000005 -0.000003 -3.713254 0.829368 2.444411 5.456166
    32 18.045721 0.000000 0.000000 0.000000 0.000000 -2.607330
    33 17.597597 0.000000 0.000000 0.363092 -0.163243 0.766963
  time 29
    0 -1.174852 2.672108 -20.585090 0.000000 0.000000 -1.571017
    1 -0.523457 -0.039064 0.000000 -1.570795 -1.570787 0.000000
    2 1.293670 0.684478 -0.000001 -0.062835 0.000071 0.097879
    3 5.309685 -0.003834 0.000000 -0.036995 -0.014382 -0.011735
    4 4.826790 -0.004591 0.000000 -0.068839 0.015005 0.156884
    5 5.792767 -0.005304 0.000000 -0.112747 0.008030 0.111749
    6 6.662322 -0.001452 0.000000 -0.091910 0.032655 0.231870
    7 -3.518356 0.356631 4.277124 1.134513 -1.249169 -4.493425
    8 4.827512 0.000000 -0.000002 -0.522628 0.767201 -0.820347
    9 11.140032 0.000000 0.000000 0.000000 0.000000 -1.856517
    10 10.314563 -0.000001 0.000001 -0.984224 -0.286637 0.479617
    11 1.646836 0.445664 -1.699647 -0.392035 3.352851 -0.875707
    12 0.928312 0.000000 0.000000 0.000000 0.000000 0.593404
    13 0.928313 0.000000 -0.000001 0.000000 0.000000 1.204231
    14 2.979373 -0.388274 -0.044205 -0.030851 -0.030823 0.768363
    15 1.435262 -0.000001 -0.000001 0.000000 0.000000 1.349658
    16 1.482593 -0.000001 0.000001 0.000000 0.000000 0.380275
    17 -2.975371 1.071532 -4.156022 -1.513867 0.911528 -4.867125
    18 4.972047 0.000000 0.000000 0.202276 -0.318877 -0.916451
    19 11.585358 0.000000 0.000001 0.000000 0.000000 -1.612179
    20 10.127058 0.000000 0.000001 1.546892 0.294662 1.145145
    21 1.537458 0.109715 1.664489 -3.079588 0.031470 0.928526
    22 0.928313 0.000000 0.000002 0.000000 0.000000 0.061034
    23 0.928311 0.000000 0.000001 0.000000 0.000000 0.671897
    24 2.686395 -0.427337 0.044204 -0.001208 0.043611 -0.052337
    25 1.435260 0.000000 0.000001 0.000000 0.000000 1.186618
    26 1.482593 0.000000 -0.000001 0.000000 0.000000 1.684243
    27 2.046984 0.000001 0.000000 0.357502 -0.195903 0.086368
    28 -0.000005 0.000007 3.713254 -3.211355 -0.114086 1.239837
    29 18.045723 0.000000 0.000000 0.000000 0.000000 -1.750620
    30 17.597597 0.000000 0.000000 -0.219223 0.110387 -0.146032
    31 0.000005 -0.000003 -3.713254 0.829368 2.444316 5.455016
    32 18.045721 0.000000 0.000000 0.000000 0.000000 -2.607330
    33 17.597597 0.000000 0.000000 0.363763 -0.163657 0.766132
  time 30
    0 -1.174852 2.676014 -20.585090 0.000000 0.000000 -1.571017
    1 -0.523457 -0.039064 0.000000 -1.570795 -1.570787 0.000000
    2 1.293670 0.684478 -0.000001 -0.062767 0.000047 0.098783
    3 5.309685 -0.003834 0.000000 -0.036638 -0.014358 -0.011152
    4 4.826790 -0.004591 0.000000 -0.070270 0.015017 0.160323
    5 5.792767 -0.005304 0.000000 -0.112549 0.008078 0.111998
    6 6.662322 -0.001452 0.000000 -0.091910 0.032655 0.231870
    7 -3.518356 0.356631 4.277124 1.131733 -1.249317 -4.490551
    8 4.827512 0.000000 -0.000002 -0.591264 0.713308 -0.898419
    9 11.140032 0.000000 0.000000 0.000000 0.000000 -1.720957
    10 10.314563 -0.000001 0.000001 -0.845092 -0.460680 0.511262
    11 1.646836 0.445664 -1.699647 -0.392035 3.352851 -0.875707
    12 0.928312 0.000000 0.000000 0.000000 0.000000 0.593404
    13 0.928313 0.000000 -0.000001 0.000000 0.000000 1.204231
    14 2.979373 -0.388274 -0.044205 -0.030851 -0.030823 0.768363
    15 1.435262 -0.000001 -0.000001 0.000000 0.000000 1.341801
    16 1.482593 -0.000001 0.000001 0.000000 0.000000 0.383748
    17 -2.975371 1.071532 -4.156022 -1.513007 0.907269 -4.865592
    18 4.972047 0.000000 0.000000 0.170854 -0.346277 -0.883906
    19 11.585358 0.000000 0.000001 0.000000 0.000000 -1.634069
    20 10.127058 0.000000 0.000001 1.591000 0.287853 1.275702
    21 1.537458 0.109715 1.664489 -3.079588 0.031470 0.928526
    22 0.928313 0.000000 0.000002 0.000000 0.000000 0.061034
    23 0.928311 0.000000 0.000001 0.000000 0.000000 0.671897
    24 2.686395 -0.427337 0.044204 -0.001208 0.043611 -0.052337
    25 1.435260 0.000000 0.000001 0.000000 0.000000 1.186618
    26 1.482593 0.000000 -0.000001 0.000000 0.000000 1.684243
    27 2.046984 0.000001 0.000000 0.357890 -0.196375 0.083388
    28 -0.000005 0.000007 3.713254 -3.211451 -0.114086 1.239933
    29 18.045723 0.000000 0.000000 0.000000 0.000000 -1.750028
    30 17.597597 0.000000 0.000000 -0.219299 0.110461 -0.146536
    31 0.000005 -0.000003 -3.713254 0.829080 2.444124 5.453865
    32 18.045721 0.000000 0.000000 0.000000 0.000000 -2.607330
    33 17.597597 0.000000 0.000000 0.364434 -0.164032 0.765347
  time 31
    0 -1.174852 2.683827 -20.585090 0.000000 0.000000 -1.571017
    1 -0.523457 -0.039064 0.000000 -1.570795 -1.570787 0.000000
    2 1.293670 0.684478 -0.000001 -0.062734 0.000035 0.099804
    3 5.309685 -0.003834 0.000000 -0.036212 -0.014310 -0.010534
    4 4.826790 -0.004591 0.000000 -0.071853 0.014885 0.162131
    5 5.792767 -0.005304 0.000000 -0.112333 0.008138 0.112268
    6 6.662322 -0.001452 0.000000 -0.091910 0.032655 0.231870
    7 -3.518356 0.356631 4.277124 1.127899 -1.249967 -4.486622
    8 4.827512 0.000000 -0.000002 -0.648262 0.657027 -0.966786
    9 11.140032 0.000000 0.000000 0.000000 0.000000 -1.585469
    10 10.314563 -0.000001 0.000001 -0.700653 -0.637814 0.517707
    11 1.646836 0.445664 -1.699647 -0.392035 3.352851 -0.875707
    12 0.928312 0.000000 0.000000 0.000000 0.000000 0.593404
    13 0.928313 0.000000 -0.000001 0.000000 0.000000 1.204231
    14 2.979373 -0.388274 -0.044205 -0.030851 -0.030823 0.768363
    15 1.435262 -0.000001 -0.000001 0.000000 0.000000 1.332941
    16 1.482593 -0.000001 0.000001 0.000000 0.000000 0.387701
    17 -2.975371 1.071532 -4.156022 -1.511861 0.903246 -4.864060
    18 4.972047 0.000000 0.000000 0.137086 -0.374640 -0.848964
    19 11.585358 0.000000 0.000001 0.000000 0.000000 -1.656286
    20 10.127058 0.000000 0.000001 1.634336 0.276222 1.405858
    21 1.537458 0.109715 1.664489 -3.079588 0.031470 0.928526
    22 0.928313 0.000000 0.000002 0.000000 0.000000 0.061034
    23 0.928311 0.000000 0.000001 0.000000 0.000000 0.671897
    24 2.686395 -0.427337 0.044204 -0.001208 0.043611 -0.052337
    25 1.435260 0.000000 0.000001 0.000000 0.000000 1.186618
    26 1.482593 0.000000 -0.000001 0.000000 0.000000 1.684243
    27 2.046984 0.000001 0.000000 0.358407 -0.195254 0.077792
    28 -0.000005 0.000007 3.713254 -3.211547 -0.113990 1.239933
    29 18.045723 0.000000 0.000000 0.000000 0.000000 -1.749806
    30 17.597597 0.000000 0.000000 -0.219350 0.110486 -0.146720
    31 0.000005 -0.000003 -3.713254 0.829080 2.444124 5.453386
    32 18.045721 0.000000 0.000000 0.000000 0.000000 -2.607330
    33 17.597597 0.000000 0.000000 0.364703 -0.164170 0.765023
  time 32
    0 -1.174852 2.660388 -20.585090 0.000000 0.000000 -1.571017
    1 -0.523457 -0.039064 0.000000 -1.570795 -1.570787 0.000000
    2 1.293670 0.684478 -0.000001 -0.062649 0.000011 0.100926
    3 5.309685 -0.003834 0.000000 -0.035719 -0.014250 -0.009792
    4 4.826790 -0.004591 0.000000 -0.073131 0.014142 0.155759
    5 5.792767 -0.005304 0.000000 -0.112333 0.008185 0.112538
    6 6.662322 -0.001452 0.000000 -0.091910 0.032655 0.231870
    7 -3.518356 0.356631 4.277124 1.119656 -1.253101 -4.478574
    8 4.827512 0.000000 -0.000002 -0.658306 0.639290 -0.993128
    9 11.140032 0.000000 0.000000 0.000000 0.000000 -1.524319
    10 10.314563 -0.000001 0.000001 -0.642082 -0.714907 0.519913
    11 1.646836 0.445664 -1.699647 -0.392035 3.352851 -0.875707
    12 0.928312 0.000000 0.000000 0.000000 0.000000 0.593404
    13 0.928313 0.000000 -0.000001 0.000000 0.000000 1.204231
    14 2.979373 -0.388274 -0.044205 -0.030851 -0.030823 0.768363
    15 1.435262 -0.000001 -0.000001 0.000000 0.000000 1.322953
    16 1.482593 -0.000001 0.000001 0.000000 0.000000 0.392136
    17 -2.975371 1.071532 -4.156022 -1.510237 0.902537 -4.861761
    18 4.972047 0.000000 0.000000 0.114950 -0.396575 -0.827201
    19 11.585358 0.000000 0.000001 0.000000 0.000000 -1.668211
    20 10.127058 0.000000 0.000001 1.656565 0.270359 1.466284
    21 1.537458 0.109715 1.664489 -3.079588 0.031470 0.928526
    22 0.928313 0.000000 0.000002 0.000000 0.000000 0.061034
    23 0.928311 0.000000 0.000001 0.000000 0.000000 0.671897
    24 2.686395 -0.427337 0.044204 -0.001208 0.043611 -0.052337
    25 1.435260 0.000000 0.000001 0.000000 0.000000 1.186618
    26 1.482593 0.000000 -0.000001 0.000000 0.000000 1.684243
    27 2.046984 0.000001 0.000000 0.358148 -0.193366 0.076332
    28 -0.000005 0.000007 3.713254 -3.211259 -0.114182 1.239741
    29 18.045723 0.000000 0.000000 0.000000 0.000000 -1.751138
    30 17.597597 0.000000 0.000000 -0.219173 0.110338 -0.145482
    31 0.000005 -0.000003 -3.713254 0.829368 2.444411 5.456070
    32 18.045721 0.000000 0.000000 0.000000 0.000000 -2.607330
    33 17.597597 0.000000 0.000000 0.363059 -0.163184 0.766871
  time 33
    0 -1.186571 2.590074 -20.585090 0.000000 0.000000 -1.571017
    1 -0.523457 -0.039064 0.000000 -1.570795 -1.570787 0.000000
    2 1.293670 0.684478 -0.000001 -0.062599 -0.000013 0.102198
    3 5.309685 -0.003834 0.000000 -0.035191 -0.014190 -0.008997
    4 4.826790 -0.004591 0.000000 -0.073093 0.012296 0.135166
    5 5.792767 -0.005304 0.000000 -0.112064 0.008245 0.112870
    6 6.662322 -0.001452 0.000000 -0.091910 0.032655 0.231870
    7 -3.518356 0.356631 4.277124 1.095884 -1.254314 -4.454140
    8 4.827512 0.000000 -0.000002 -0.559138 0.657027 -0.779708
    9 11.140032 0.000000 0.000000 0.000000 0.000000 -1.698786
    10 10.314563 -0.000001 0.000001 -0.573084 -0.751064 0.026607
    11 1.646836 0.445664 -1.699647 -0.392035 3.352851 -0.875707
    12 0.928312 0.000000 0.000000 0.000000 0.000000 0.593404
    13 0.928313 0.000000 -0.000001 0.000000 0.000000 1.204231
    14 2.979373 -0.388274 -0.044205 -0.026129 -0.034922 0.624619
    15 1.435262 -0.000001 -0.000001 0.000000 0.000000 1.030286
    16 1.482593 -0.000001 0.000001 0.000000 0.000000 0.397104
    17 -2.975371 1.071532 -4.156022 -1.501257 0.948466 -4.854099
    18 4.972047 0.000000 0.000000 0.268967 -0.475398 -0.908664
    19 11.585358 0.000000 0.000001 0.000000 0.000000 -1.616671
    20 10.127058 0.000000 0.000001 1.684685 0.323882 1.151898
    21 1.537458 0.109715 1.664489 -3.079588 0.031470 0.928526
    22 0.928313 0.000000 0.000002 0.000000 0.000000 0.061034
    23 0.928311 0.000000 0.000001 0.000000 0.000000 0.671897
    24 2.686395 -0.427337 0.044204 -0.001208 0.043611 -0.052337
    25 1.435260 0.000000 0.000001 0.000000 0.000000 1.186618
    26 1.482593 0.000000 -0.000001 0.000000 0.000000 1.684243
    27 2.046984 0.000001 0.000000 0.355348 -0.190976 0.085091
    28 -0.000005 0.000007 3.713254 -3.210588 -0.114565 1.239166
    29 18.045723 0.000000 0.000000 0.000000 0.000000 -1.755357
    30 17.597597 0.000000 0.000000 -0.218641 0.109772 -0.141951
    31 0.000005 -0.000003 -3.713254 0.830422 2.445466 5.464219
    32 18.045721 0.000000 0.000000 0.000000 0.000000 -2.607566
    33 17.597597 0.000000 0.000000 0.358093 -0.160245 0.772691
  time 34
    0 -1.198290 2.511946 -20.585090 0.000000 0.000000 -1.571017
    1 -0.523457 -0.039064 0.000000 -1.570795 -1.570787 0.000000
    2 1.293670 0.684478 -0.000001 -0.062515 -0.000037 0.103554
    3 5.309685 -0.003834 0.000000 -0.034613 -0.014118 -0.008114
    4 4.826790 -0.004591 0.000000 -0.072349 0.010067 0.109171
    5 5.792767 -0.005304 0.000000 -0.111434 0.008329 0.113202
    6 6.662322 -0.001452 0.000000 -0.091910 0.032655 0.231870
    7 -3.518356 0.356631 4.277124 1.070483 -1.255911 -4.428269
    8 4.827512 0.000000 -0.000002 -0.448730 0.663252 -0.560742
    9 11.140032 0.000000 0.000000 0.000000 0.000000 -1.873327
    10 10.314563 -0.000001 0.000001 -0.489681 -0.749097 -0.476918
    11 1.646836 0.445664 -1.699647 -0.392035 3.352851 -0.875707
    12 0.928312 0.000000 0.000000 0.000000 0.000000 0.593404
    13 0.928313 0.000000 -0.000001 0.000000 0.000000 1.204231
    14 2.979373 -0.388274 -0.044205 -0.020856 -0.038326 0.480831
    15 1.435262 -0.000001 -0.000001 0.000000 0.000000 0.736532
    16 1.482593 -0.000001 0.000001 0.000000 0.000000 0.402500
    17 -2.975371 1.071532 -4.156022 -1.490653 0.994579 -4.845000
    18 4.972047 0.000000 0.000000 0.430207 -0.554944 -1.000910
    19 11.585358 0.000000 0.000001 0.000000 0.000000 -1.565458
    20 10.127058 0.000000 0.000001 1.695695 0.381472 0.832861
    21 1.537458 0.109715 1.664489 -3.079588 0.031470 0.928526
    22 0.928313 0.000000 0.000002 0.000000 0.000000 0.061034
    23 0.928311 0.000000 0.000001 0.000000 0.000000 0.671897
    24 2.686395 -0.427337 0.044204 -0.001208 0.043611 -0.052337
    25 1.435260 0.000000 0.000001 0.000000 0.000000 1.186618
    26 1.482593 0.000000 -0.000001 0.000000 0.000000 1.684243
    27 2.046984 0.000001 0.000000 0.356425 -0.152887 0.026574
    28 -0.000005 0.000007 3.713254 -3.209533 -0.114949 1.238399
    29 18.045723 0.000000 0.000000 0.000000 0.000000 -1.760612
    30 17.597597 0.000000 0.000000 -0.217982 0.109107 -0.137321
    31 0.000005 -0.000003 -3.713254 0.831860 2.446712 5.474573
    32 18.045721 0.000000 0.000000 0.000000 0.000000 -2.607566
    33 17.597597 0.000000 0.000000 0.351819 -0.156439 0.779896
  time 35
    0 -1.217822 2.429913 -20.585090 0.000000 0.000000 -1.571017
    1 -0.523457 -0.039064 0.000000 -1.570795 -1.570787 0.000000
    2 1.293670 0.684478 -0.000001 -0.062430 -0.000073 0.104994
    3 5.309685 -0.003834 0.000000 -0.034000 -0.014046 -0.007160
    4 4.826790 -0.004591 0.000000 -0.072082 0.007910 0.084058
    5 5.792767 -0.005304 0.000000 -0.111848 0.008401 0.113555
    6 6.662322 -0.001452 0.000000 -0.091910 0.032655 0.231870
    7 -3.518356 0.356631 4.277124 1.043644 -1.257714 -4.400769
    8 4.827512 0.000000 -0.000002 -0.460210 0.692330 -0.688378
    9 11.140032 0.000000 0.000000 0.000000 0.000000 -1.786238
    10 10.314563 -0.000001 0.000001 -0.421348 -0.708443 -0.968076
    11 1.646836 0.445664 -1.699647 -0.392035 3.352851 -0.875707
    12 0.928312 0.000000 0.000000 0.000000 0.000000 0.593404
    13 0.928313 0.000000 -0.000001 0.000000 0.000000 1.204231
    14 2.979373 -0.388274 -0.044205 -0.015163 -0.040902 0.337086
    15 1.435262 -0.000001 -0.000001 0.000000 0.000000 0.441691
    16 1.482593 -0.000001 0.000001 0.000000 0.000000 0.408377
    17 -2.975371 1.071532 -4.156022 -1.478233 1.040798 -4.833793
    18 4.972047 0.000000 0.000000 0.534698 -0.694270 -1.048963
    19 11.585358 0.000000 0.000001 0.000000 0.000000 -1.667558
    20 10.127058 0.000000 0.000001 1.688051 0.437548 0.506720
    21 1.537458 0.109715 1.664489 -3.079588 0.031470 0.928526
    22 0.928313 0.000000 0.000002 0.000000 0.000000 0.061034
    23 0.928311 0.000000 0.000001 0.000000 0.000000 0.671897
    24 2.686395 -0.427337 0.044204 -0.001208 0.043611 -0.052337
    25 1.435260 0.000000 0.000001 0.000000 0.000000 1.186618
    26 1.482593 0.000000 -0.000001 0.000000 0.000000 1.684243
    27 2.046984 0.000001 0.000000 0.355908 -0.072490 -0.115765
    28 -0.000005 0.000007 3.713254 -3.208575 -0.115428 1.237632
    29 18.045723 0.000000 0.000000 0.000000 0.000000 -1.765645
    30 17.597597 0.000000 0.000000 -0.217323 0.108418 -0.132920
    31 0.000005 -0.000003 -3.713254 0.833010 2.447958 5.484448
    32 18.045721 0.000000 0.000000 0.000000 0.000000 -2.607330
    33 17.597597 0.000000 0.000000 0.345813 -0.152652 0.786870
  time 36
    0 -1.217822 2.367411 -20.585090 0.000000 0.000000 -1.571017
    1 -0.523457 -0.039064 0.000000 -1.570795 -1.570787 0.000000
    2 1.293670 0.684478 -0.000001 -0.062363 -0.000109 0.106601
    3 5.309685 -0.003834 0.000000 -0.033302 -0.013938 -0.006118
    4 4.826790 -0.004591 0.000000 -0.073379 0.006184 0.066089
    5 5.792767 -0.005304 0.000000 -0.114636 0.008485 0.113929
    6 6.662322 -0.001452 0.000000 -0.091910 0.032655 0.231870
    7 -3.518356 0.356631 4.277124 1.014984 -1.259784 -4.371640
    8 4.827512 0.000000 -0.000002 -0.478943 0.711858 -0.819047
    9 11.140032 0.000000 0.000000 0.000000 0.000000 -1.699439
    10 10.314563 -0.000001 0.000001 -0.389787 -0.638376 -1.431479
    11 1.646836 0.445664 -1.699647 -0.392035 3.352851 -0.875707
    12 0.928312 0.000000 0.000000 0.000000 0.000000 0.593404
    13 0.928313 0.000000 -0.000001 0.000000 0.000000 1.204231
    14 2.979373 -0.388274 -0.044205 -0.009135 -0.042652 0.193211
    15 1.435262 -0.000001 -0.000001 0.000000 0.000000 0.145932
    16 1.482593 -0.000001 0.000001 0.000000 0.000000 0.414788
    17 -2.975371 1.071532 -4.156022 -1.463044 1.087069 -4.820097
    18 4.972047 0.000000 0.000000 0.653916 -0.826927 -1.122241
    19 11.585358 0.000000 0.000001 0.000000 0.000000 -1.769903
    20 10.127058 0.000000 0.000001 1.662105 0.486249 0.171626
    21 1.537458 0.109715 1.664489 -3.079588 0.031470 0.928526
    22 0.928313 0.000000 0.000002 0.000000 0.000000 0.061034
    23 0.928311 0.000000 0.000001 0.000000 0.000000 0.671897
    24 2.686395 -0.427337 0.044204 -0.001208 0.043611 -0.052337
    25 1.435260 0.000000 0.000001 0.000000 0.000000 1.186618
    26 1.482593 0.000000 -0.000001 0.000000 0.000000 1.684243
    27 2.046984 0.000001 0.000000 0.346602 0.008999 -0.263762
    28 -0.000005 0.000007 3.713254 -3.207903 -0.115812 1.237153
    29 18.045723 0.000000 0.000000 0.000000 0.000000 -1.769346
    30 17.597597 0.000000 0.000000 -0.216842 0.107902 -0.129756
    31 0.000005 -0.000003 -3.713254 0.833873 2.448821 5.491734
    32 18.045721 0.000000 0.000000 0.000000 0.000000 -2.607330
    33 17.597597 0.000000 0.000000 0.341451 -0.149811 0.791905
  time 37
    0 -1.229541 2.347879 -20.585090 0.000000 0.000000 -1.571017
    1 -0.523457 -0.039064 0.000000 -1.570795 -1.570787 0.000000
    2 1.293670 0.684478 -0.000001 -0.062262 -0.000145 0.108275
    3 5.309685 -0.003834 0.000000 -0.032554 -0.013854 -0.005005
    4 4.826790 -0.004591 0.000000 -0.078243 0.005369 0.061194
    5 5.792767 -0.005304 0.000000 -0.122766 0.008605 0.114365
    6 6.662322 -0.001452 0.000000 -0.091910 0.032655 0.231870
    7 -3.518356 0.356631 4.277124 1.003386 -1.271937 -4.361579
    8 4.827512 0.000000 -0.000002 -0.450405 0.694206 -0.846862
    9 11.140032 0.000000 0.000000 0.000000 0.000000 -1.700453
    10 10.314563 -0.000001 0.000001 -0.494704 -0.503957 -1.284405
    11 1.646836 0.445664 -1.699647 -0.392035 3.352851 -0.875707
    12 0.928312 0.000000 0.000000 0.000000 0.000000 0.593404
    13 0.928313 0.000000 -0.000001 0.000000 0.000000 1.204231
    14 2.979373 -0.388274 -0.044205 -0.008883 -0.042712 0.186914
    15 1.435262 -0.000001 -0.000001 0.000000 0.000000 0.203019
    16 1.482593 -0.000001 0.000001 0.000000 0.000000 0.421573
    17 -2.975371 1.071532 -4.156022 -1.444129 1.088936 -4.799025
    18 4.972047 0.000000 0.000000 0.620055 -0.844443 -1.103539
    19 11.585358 0.000000 0.000001 0.000000 0.000000 -1.770801
    20 10.127058 0.000000 0.000001 1.696957 0.488707 0.175928
    21 1.537458 0.109715 1.664489 -3.079588 0.031470 0.928526
    22 0.928313 0.000000 0.000002 0.000000 0.000000 0.061034
    23 0.928311 0.000000 0.000001 0.000000 0.000000 0.671897
    24 2.686395 -0.427337 0.044204 -0.001208 0.043611 -0.052337
    25 1.435260 0.000000 0.000001 0.000000 0.000000 1.186618
    26 1.482593 0.000000 -0.000001 0.000000 0.000000 1.684243
    27 2.046984 0.000001 0.000000 0.346947 0.052723 -0.339797
    28 -0.000005 0.000007 3.713254 -3.207712 -0.115908 1.236961
    29 18.045723 0.000000 0.000000 0.000000 0.000000 -1.770530
    30 17.597597 0.000000 0.000000 -0.216690 0.107779 -0.128702
    31 0.000005 -0.000003 -3.713254 0.833968 2.449109 5.493939
    32 18.045721 0.000000 0.000000 0.000000 0.000000 -2.607330
    33 17.597597 0.000000 0.000000 0.340076 -0.148865 0.793383
  time 38
    0 -1.217822 2.355692 -20.585090 0.000000 0.000000 -1.571017
    1 -0.523457 -0.039064 0.000000 -1.570795 -1.570787 0.000000
    2 1.293670 0.684478 -0.000001 -0.062161 -0.000193 0.110033
    3 5.309685 -0.003834 0.000000 -0.031771 -0.013758 -0.003822
    4 4.826790 -0.004591 0.000000 -0.085243 0.005201 0.065251
    5 5.792767 -0.005304 0.000000 -0.134296 0.008713 0.114884
    6 6.662322 -0.001452 0.000000 -0.091910 0.032655 0.231870
    7 -3.518356 0.356631 4.277124 1.011630 -1.288644 -4.372215
    8 4.827512 0.000000 -0.000002 -0.446578 0.635112 -0.919388
    9 11.140032 0.000000 0.000000 0.000000 0.000000 -1.705235
    10 10.314563 -0.000001 0.000001 -0.620093 -0.202613 -1.055577
    11 1.646836 0.445664 -1.699647 -0.392035 3.352851 -0.875707
    12 0.928312 0.000000 0.000000 0.000000 0.000000 0.593404
    13 0.928313 0.000000 -0.000001 0.000000 0.000000 1.204231
    14 2.979373 -0.388274 -0.044205 -0.008607 -0.042760 0.180617
    15 1.435262 -0.000001 -0.000001 0.000000 0.000000 0.341099
    16 1.482593 -0.000001 0.000001 0.000000 0.000000 0.428945
    17 -2.975371 1.071532 -4.156022 -1.412890 1.089803 -4.764065
    18 4.972047 0.000000 0.000000 0.570529 -0.853362 -1.071659
    19 11.585358 0.000000 0.000001 0.000000 0.000000 -1.769494
    20 10.127058 0.000000 0.000001 1.754388 0.491450 0.180580
    21 1.537458 0.109715 1.664489 -3.079588 0.031470 0.928526
    22 0.928313 0.000000 0.000002 0.000000 0.000000 0.061034
    23 0.928311 0.000000 0.000001 0.000000 0.000000 0.671897
    24 2.686395 -0.427337 0.044204 -0.001208 0.043611 -0.052337
    25 1.435260 0.000000 0.000001 0.000000 0.000000 1.186618
    26 1.482593 0.000000 -0.000001 0.000000 0.000000 1.684243
    27 2.046984 0.000001 0.000000 0.361638 0.063698 -0.347584
    28 -0.000005 0.000007 3.713254 -3.207903 -0.115812 1.237057
    29 18.045723 0.000000 0.000000 0.000000 0.000000 -1.770012
    30 17.597597 0.000000 0.000000 -0.216816 0.107852 -0.129206
    31 0.000005 -0.000003 -3.713254 0.833681 2.448917 5.492692
    32 18.045721 0.000000 0.000000 0.000000 0.000000 -2.607330
    33 17.597597 0.000000 0.000000 0.340747 -0.149239 0.792598
  time 39
    0 -1.217822 2.367411 -20.585090 0.000000 0.000000 -1.571017
    1 -0.523457 -0.039064 0.000000 -1.570795 -1.570787 0.000000
    2 1.293670 0.684478 -0.000001 -0.062060 -0.000241 0.111958
    3 5.309685 -0.003834 0.000000 -0.030937 -0.013662 -0.002550
    4 4.826790 -0.004591 0.000000 -0.090336 0.005046 0.069352
    5 5.792767 -0.005304 0.000000 -0.142966 0.008833 0.115424
    6 6.662322 -0.001452 0.000000 -0.091910 0.032655 0.231870
    7 -3.518356 0.356631 4.277124 1.048533 -1.299732 -4.411117
    8 4.827512 0.000000 -0.000002 -0.483806 0.565784 -0.978051
    9 11.140032 0.000000 0.000000 0.000000 0.000000 -1.718131
    10 10.314563 -0.000001 0.000001 -0.703307 0.089551 -0.874768
    11 1.646836 0.445664 -1.699647 -0.392035 3.352851 -0.875707
    12 0.928312 0.000000 0.000000 0.000000 0.000000 0.593404
    13 0.928313 0.000000 -0.000001 0.000000 0.000000 1.204231
    14 2.979373 -0.388274 -0.044205 -0.009135 -0.042652 0.193211
    15 1.435262 -0.000001 -0.000001 0.000000 0.000000 0.466641
    16 1.482593 -0.000001 0.000001 0.000000 0.000000 0.436692
    17 -2.975371 1.071532 -4.156022 -1.392924 1.091538 -4.741749
    18 4.972047 0.000000 0.000000 0.535542 -0.862683 -1.052557
    19 11.585358 0.000000 0.000001 0.000000 0.000000 -1.770964
    20 10.127058 0.000000 0.000001 1.790713 0.493625 0.185932
    21 1.537458 0.109715 1.664489 -3.079588 0.031470 0.928526
    22 0.928313 0.000000 0.000002 0.000000 0.000000 0.061034
    23 0.928311 0.000000 0.000001 0.000000 0.000000 0.671897
    24 2.686395 -0.427337 0.044204 -0.001208 0.043611 -0.052337
    25 1.435260 0.000000 0.000001 0.000000 0.000000 1.186618
    26 1.482593 0.000000 -0.000001 0.000000 0.000000 1.684243
    27 2.046984 0.000001 0.000000 0.373055 0.071605 -0.344664
    28 -0.000005 0.000007 3.713254 -3.207999 -0.115716 1.237153
    29 18.045723 0.000000 0.000000 0.000000 0.000000 -1.769420
    30 17.597597 0.000000 0.000000 -0.216892 0.107975 -0.129710
    31 0.000005 -0.000003 -3.713254 0.833585 2.448725 5.491542
    32 18.045721 0.000000 0.000000 0.000000 0.000000 -2.607330
    33 17.597597 0.000000 0.000000 0.341418 -0.149654 0.791766
  time 40
    0 -1.217822 2.363504 -20.585090 0.000000 0.000000 -1.571017
    1 -0.523457 -0.039064 0.000000 -1.570795 -1.570787 0.000000
    2 1.293670 0.684478 -0.000001 -0.061942 -0.000289 0.113917
    3 5.309685 -0.003834 0.000000 -0.026393 -0.013734 -0.001967
    4 4.826790 -0.004591 0.000000 -0.091156 0.004962 0.070498
    5 5.792767 -0.005304 0.000000 -0.144711 0.009540 0.114448
    6 6.662322 -0.001452 0.000000 -0.091910 0.032655 0.231870
    7 -3.518356 0.356631 4.277124 1.117068 -1.299850 -4.481065
    8 4.827512 0.000000 -0.000002 -0.595091 0.475735 -1.014357
    9 11.140032 0.000000 0.000000 0.000000 0.000000 -1.762111
    10 10.314563 -0.000001 0.000001 -0.729181 0.368413 -0.785641
    11 1.646836 0.445664 -1.699647 -0.392035 3.352851 -0.875707
    12 0.928312 0.000000 0.000000 0.000000 0.000000 0.593404
    13 0.928313 0.000000 -0.000001 0.000000 0.000000 1.204231
    14 2.979373 -0.388274 -0.044205 -0.011172 -0.042197 0.241025
    15 1.435262 -0.000001 -0.000001 0.000000 0.000000 0.566147
    16 1.482593 -0.000001 0.000001 0.000000 0.000000 0.445026
    17 -2.975371 1.071532 -4.156022 -1.394452 1.081285 -4.742323
    18 4.972047 0.000000 0.000000 0.557491 -0.846452 -1.070194
    19 11.585358 0.000000 0.000001 0.000000 0.000000 -1.726531
    20 10.127058 0.000000 0.000001 1.812030 0.487951 0.201189
    21 1.537458 0.109715 1.664489 -3.079588 0.031470 0.928526
    22 0.928313 0.000000 0.000002 0.000000 0.000000 0.061034
    23 0.928311 0.000000 0.000001 0.000000 0.000000 0.671897
    24 2.686395 -0.427337 0.044204 -0.001208 0.043611 -0.052337
    25 1.435260 0.000000 0.000001 0.000000 0.000000 1.186618
    26 1.482593 0.000000 -0.000001 0.000000 0.000000 1.684243
    27 2.046984 0.000001 0.000000 0.371030 0.074290 -0.328727
    28 -0.000005 0.000007 3.713254 -3.207999 -0.115812 1.237057
    29 18.045723 0.000000 0.000000 0.000000 0.000000 -1.769790
    30 17.597597 0.000000 0.000000 -0.216842 0.107926 -0.129389
    31 0.000005 -0.000003 -3.713254 0.833585 2.448821 5.492309
    32 18.045721 0.000000 0.000000 0.000000 0.000000 -2.607330
    33 17.597597 0.000000 0.000000 0.340915 -0.149318 0.792321
  time 41
    0 -1.217822 2.355692 -20.585090 0.000000 0.000000 -1.571017
    1 -0.523457 -0.039064 0.000000 -1.570795 -1.570787 0.000000
    2 1.293670 0.684478 -0.000001 -0.061251 -0.000588 0.125904
    3 5.309685 -0.003834 0.000000 -0.017357 -0.013399 0.005451
    4 4.826790 -0.004591 0.000000 -0.089192 0.002768 0.077973
    5 5.792767 -0.005304 0.000000 -0.147751 0.010930 0.116358
    6 6.662322 -0.001452 0.000000 -0.091910 0.032655 0.231870
    7 -3.518356 0.356631 4.277124 1.169308 -1.308780 -4.535298
    8 4.827512 0.000000 -0.000002 -0.675685 0.367438 -1.020683
    9 11.140032 0.000000 0.000000 0.000000 0.000000 -1.816451
    10 10.314563 -0.000001 0.000001 -0.770503 0.655706 -0.657321
    11 1.646836 0.445664 -1.699647 -0.392035 3.352851 -0.875707
    12 0.928312 0.000000 0.000000 0.000000 0.000000 0.593404
    13 0.928313 0.000000 -0.000001 0.000000 0.000000 1.204231
    14 2.979373 -0.388274 -0.044205 -0.013952 -0.041358 0.307816
    15 1.435262 -0.000001 -0.000001 0.000000 0.000000 0.619264
    16 1.482593 -0.000001 0.000001 0.000000 0.000000 0.468693
    17 -2.975371 1.071532 -4.156022 -1.397222 1.054390 -4.742323
    18 4.972047 0.000000 0.000000 0.617710 -0.782896 -1.118181
    19 11.585358 0.000000 0.000001 0.000000 0.000000 -1.607768
    20 10.127058 0.000000 0.000001 1.870233 0.471686 0.242907
    21 1.537458 0.109715 1.664489 -3.079588 0.031470 0.928526
    22 0.928313 0.000000 0.000002 0.000000 0.000000 0.061034
    23 0.928311 0.000000 0.000001 0.000000 0.000000 0.671897
    24 2.686395 -0.427337 0.044204 -0.001208 0.043611 -0.052337
    25 1.435260 0.000000 0.000001 0.000000 0.000000 1.186618
    26 1.482593 0.000000 -0.000001 0.000000 0.000000 1.684243
    27 2.046984 0.000001 0.000000 0.364869 0.068596 -0.297522
    28 -0.000005 0.000007 3.713254 -3.207903 -0.115812 1.237057
    29 18.045723 0.000000 0.000000 0.000000 0.000000 -1.770234
    30 17.597597 0.000000 0.000000 -0.216766 0.107852 -0.129023
    31 0.000005 -0.000003 -3.713254 0.833681 2.448917 5.493076
    32 18.045721 0.000000 0.000000 0.000000 0.000000 -2.607330
    33 17.597597 0.000000 0.000000 0.340445 -0.149062 0.792875
  time 42
    0 -1.217822 2.367411 -20.585090 0.000000 0.000000 -1.571017
    1 -0.523457 -0.039064 0.000000 -1.570795 -1.570787 0.000000
    2 1.293670 0.684478 -0.000001 -0.059685 -0.001379 0.154280
    3 5.309685 -0.003834 0.000000 -0.011861 -0.011793 0.026330
    4 4.826790 -0.004591 0.000000 -0.086731 -0.003715 0.096185
    5 5.792767 -0.005304 0.000000 -0.160738 0.011853 0.127487
    6 6.662322 -0.001452 0.000000 -0.091910 0.032655 0.231870
    7 -3.518356 0.356631 4.277124 1.177455 -1.341454 -4.546413
    8 4.827512 0.000000 -0.000002 -0.626499 0.307661 -0.982903
    9 11.140032 0.000000 0.000000 0.000000 0.000000 -1.818842
    10 10.314563 -0.000001 0.000001 -1.018343 0.835556 -0.425242
    11 1.646836 0.445664 -1.699647 -0.392035 3.352851 -0.875707
    12 0.928312 0.000000 0.000000 0.000000 0.000000 0.593404
    13 0.928313 0.000000 -0.000001 0.000000 0.000000 1.204231
    14 2.979373 -0.388274 -0.044205 -0.016229 -0.040483 0.363663
    15 1.435262 -0.000001 -0.000001 0.000000 0.000000 0.550726
    16 1.482593 -0.000001 0.000001 0.000000 0.000000 0.517202
    17 -2.975371 1.071532 -4.156022 -1.391873 1.020370 -4.731787
    18 4.972047 0.000000 0.000000 0.665641 -0.681896 -1.184270
    19 11.585358 0.000000 0.000001 0.000000 0.000000 -1.443347
    20 10.127058 0.000000 0.000001 1.971703 0.446910 0.312287
    21 1.537458 0.109715 1.664489 -3.079588 0.031470 0.928526
    22 0.928313 0.000000 0.000002 0.000000 0.000000 0.061034
    23 0.928311 0.000000 0.000001 0.000000 0.000000 0.671897
    24 2.686395 -0.427337 0.044204 -0.001208 0.043611 -0.052337
    25 1.435260 0.000000 0.000001 0.000000 0.000000 1.186618
    26 1.482593 0.000000 -0.000001 0.000000 0.000000 1.684243
    27 2.046984 0.000001 0.000000 0.374089 0.054080 -0.253360
    28 -0.000005 0.000007 3.713254 -3.207999 -0.115716 1.237153
    29 18.045723 0.000000 0.000000 0.000000 0.000000 -1.769420
    30 17.597597 0.000000 0.000000 -0.216892 0.107975 -0.129710
    31 0.000005 -0.000003 -3.713254 0.833585 2.448725 5.491542
    32 18.045721 0.000000 0.000000 0.000000 0.000000 -2.607330
    33 17.597597 0.000000 0.000000 0.341418 -0.149654 0.791766
  time 43
    0 -1.217822 2.406474 -20.585090 0.000000 0.000000 -1.571017
    1 -0.523457 -0.039064 0.000000 -1.570795 -1.570787 0.000000
    2 1.293670 0.684478 -0.000001 -0.057512 -0.002578 0.193571
    3 5.309685 -0.003834 0.000000 -0.015860 -0.008269 0.057577
    4 4.826790 -0.004591 0.000000 -0.085510 -0.013734 0.121761
    5 5.792767 -0.005304 0.000000 -0.183475 0.011673 0.147772
    6 6.662322 -0.001452 0.000000 -0.091910 0.032655 0.231870
    7 -3.518356 0.356631 4.277124 1.188766 -1.385778 -4.560786
    8 4.827512 0.000000 -0.000002 -0.412539 0.432501 -0.843483
    9 11.140032 0.000000 0.000000 0.000000 0.000000 -1.677992
    10 10.314563 -0.000001 0.000001 -2.193854 0.778042 -0.360675
    11 1.646836 0.445664 -1.699647 -0.392035 3.352851 -0.875707
    12 0.928312 0.000000 0.000000 0.000000 0.000000 0.593404
    13 0.928313 0.000000 -0.000001 0.000000 0.000000 1.204231
    14 2.979373 -0.388274 -0.044205 -0.016265 -0.040471 0.364402
    15 1.435262 -0.000001 -0.000001 0.000000 0.000000 0.212966
    16 1.482593 -0.000001 0.000001 0.000000 0.000000 0.582273
    17 -2.975371 1.071532 -4.156022 -1.382511 0.982223 -4.715217
    18 4.972047 0.000000 0.000000 0.678210 -0.550043 -1.257880
    19 11.585358 0.000000 0.000001 0.000000 0.000000 -1.251072
    20 10.127058 0.000000 0.000001 2.097645 0.410692 0.397823
    21 1.537458 0.109715 1.664489 -3.079588 0.031470 0.928526
    22 0.928313 0.000000 0.000002 0.000000 0.000000 0.061034
    23 0.928311 0.000000 0.000001 0.000000 0.000000 0.671897
    24 2.686395 -0.427337 0.044204 -0.001208 0.043611 -0.052337
    25 1.435260 0.000000 0.000001 0.000000 0.000000 1.186618
    26 1.482593 0.000000 -0.000001 0.000000 0.000000 1.684243
    27 2.046984 0.000001 0.000000 0.405023 0.030920 -0.206522
    28 -0.000005 0.000007 3.713254 -3.208575 -0.115524 1.237441
    29 18.045723 0.000000 0.000000 0.000000 0.000000 -1.767051
    30 17.597597 0.000000 0.000000 -0.217272 0.108394 -0.131728
    31 0.000005 -0.000003 -3.713254 0.832722 2.447958 5.486748
    32 18.045721 0.000000 0.000000 0.000000 0.000000 -2.607566
    33 17.597597 0.000000 0.000000 0.344203 -0.151310 0.788441
  time 44
    0 -1.198290 2.453351 -20.585090 0.000000 0.000000 -1.571017
    1 -0.523457 -0.039064 0.000000 -1.570795 -1.570787 0.000000
    2 1.293670 0.684478 -0.000001 -0.055120 -0.004016 0.238253
    3 5.309685 -0.003834 0.000000 -0.024828 -0.002685 0.094017
    4 4.826790 -0.004591 0.000000 -0.084919 -0.025503 0.151129
    5 5.792767 -0.005304 0.000000 -0.210708 0.011266 0.172729
    6 6.662322 -0.001452 0.000000 -0.091910 0.032655 0.231870
    7 -3.518356 0.356631 4.277124 1.214455 -1.434952 -4.588956
    8 4.827512 0.000000 -0.000002 -0.141183 0.520163 -0.719746
    9 11.140032 0.000000 0.000000 0.000000 0.000000 -1.482513
    10 10.314563 -0.000001 0.000001 -3.522618 0.486346 -0.328973
    11 1.646836 0.445664 -1.699647 -0.392035 3.352851 -0.875707
    12 0.928312 0.000000 0.000000 0.000000 0.000000 0.593404
    13 0.928313 0.000000 -0.000001 0.000000 0.000000 1.204231
    14 2.979373 -0.388274 -0.044205 -0.017512 -0.039968 0.395452
    15 1.435262 -0.000001 -0.000001 0.000000 0.000000 -0.077027
    16 1.482593 -0.000001 0.000001 0.000000 0.000000 0.655625
    17 -2.975371 1.071532 -4.156022 -1.372671 0.943024 -4.696445
    18 4.972047 0.000000 0.000000 0.650164 -0.403325 -1.322838
    19 11.585358 0.000000 0.000001 0.000000 0.000000 -1.048751
    20 10.127058 0.000000 0.000001 2.229969 0.363315 0.487912
    21 1.537458 0.109715 1.664489 -3.079588 0.031470 0.928526
    22 0.928313 0.000000 0.000002 0.000000 0.000000 0.061034
    23 0.928311 0.000000 0.000001 0.000000 0.000000 0.671897
    24 2.686395 -0.427337 0.044204 -0.001208 0.043611 -0.052337
    25 1.435260 0.000000 0.000001 0.000000 0.000000 1.186618
    26 1.482593 0.000000 -0.000001 0.000000 0.000000 1.684243
    27 2.046984 0.000001 0.000000 0.444788 -0.002331 -0.162908
    28 -0.000005 0.000007 3.713254 -3.209342 -0.115141 1.237920
    29 18.045723 0.000000 0.000000 0.000000 0.000000 -1.763869
    30 17.597597 0.000000 0.000000 -0.217779 0.108984 -0.134524
    31 0.000005 -0.000003 -3.713254 0.831572 2.447000 5.480133
    32 18.045721 0.000000 0.000000 0.000000 0.000000 -2.607645
    33 17.597597 0.000000 0.000000 0.347927 -0.153441 0.783730
  time 45
    0 -1.186571 2.515853 -20.585090 0.000000 0.000000 -1.571017
    1 -0.523457 -0.039064 0.000000 -1.570795 -1.570787 0.000000
    2 1.293670 0.684478 -0.000001 -0.052761 -0.005562 0.282968
    3 5.309685 -0.003834 0.000000 -0.036468 0.004794 0.130775
    4 4.826790 -0.004591 0.000000 -0.084995 -0.037464 0.180608
    5 5.792767 -0.005304 0.000000 -0.239039 0.011050 0.198828
    6 6.662322 -0.001452 0.000000 -0.091910 0.032655 0.231870
    7 -3.518356 0.356631 4.277124 1.245511 -1.485485 -4.621439
    8 4.827512 0.000000 -0.000002 -0.005504 0.312521 -0.803103
    9 11.140032 0.000000 0.000000 0.000000 0.000000 -1.337244
    10 10.314563 -0.000001 0.000001 -4.119993 0.250480 -0.274683
    11 1.646836 0.445664 -1.699647 -0.392035 3.352851 -0.875707
    12 0.928312 0.000000 0.000000 0.000000 0.000000 0.593404
    13 0.928313 0.000000 -0.000001 0.000000 0.000000 1.204231
    14 2.979373 -0.388274 -0.044205 -0.023840 -0.036528 0.560650
    15 1.435262 -0.000001 -0.000001 0.000000 0.000000 0.091352
    16 1.482593 -0.000001 0.000001 0.000000 0.000000 0.728977
    17 -2.975371 1.071532 -4.156022 -1.363691 0.905875 -4.678246
    18 4.972047 0.000000 0.000000 0.592197 -0.257812 -1.376282
    19 11.585358 0.000000 0.000001 0.000000 0.000000 -0.854026
    20 10.127058 0.000000 0.000001 2.353247 0.308468 0.572199
    21 1.537458 0.109715 1.664489 -3.079588 0.031470 0.928526
    22 0.928313 0.000000 0.000002 0.000000 0.000000 0.061034
    23 0.928311 0.000000 0.000001 0.000000 0.000000 0.671897
    24 2.686395 -0.427337 0.044204 -0.001208 0.043611 -0.052337
    25 1.435260 0.000000 0.000001 0.000000 0.000000 1.186618
    26 1.482593 0.000000 -0.000001 0.000000 0.000000 1.684243
    27 2.046984 0.000001 0.000000 0.485372 -0.042987 -0.128539
    28 -0.000005 0.000007 3.713254 -3.210492 -0.114757 1.238495
    29 18.045723 0.000000 0.000000 0.000000 0.000000 -1.760316
    30 17.597597 0.000000 0.000000 -0.218489 0.109772 -0.137504
    31 0.000005 -0.000003 -3.713254 0.829656 2.445658 5.472464
    32 18.045721 0.000000 0.000000 0.000000 0.000000 -2.607881
    33 17.597597 0.000000 0.000000 0.352054 -0.155590 0.778372
  time 46
    0 -1.167039 2.566636 -20.585090 0.000000 0.000000 -1.571017
    1 -0.523457 -0.039064 0.000000 -1.570795 -1.570787 0.000000
    2 1.293670 0.684478 -0.000001 -0.050791 -0.006976 0.322209
    3 5.309685 -0.003834 0.000000 -0.048720 0.013111 0.163294
    4 4.826790 -0.004591 0.000000 -0.085663 -0.048010 0.206691
    5 5.792767 -0.005304 0.000000 -0.264671 0.011038 0.222726
    6 6.662322 -0.001452 0.000000 -0.091910 0.032655 0.231870
    7 -3.518356 0.356631 4.277124 1.458497 -1.524960 -4.835017
    8 4.827512 0.000000 -0.000002 0.092069 0.004854 -0.903271
    9 11.140032 0.000000 0.000000 0.000000 0.000000 -1.197192
    10 10.314563 -0.000001 0.000001 -4.479005 0.032504 -0.132835
    11 1.646836 0.445664 -1.699647 -0.392035 3.352851 -0.875707
    12 0.928312 0.000000 0.000000 0.000000 0.000000 0.593404
    13 0.928313 0.000000 -0.000001 0.000000 0.000000 1.204231
    14 2.979373 -0.388274 -0.044205 -0.030851 -0.030823 0.768363
    15 1.435262 -0.000001 -0.000001 0.000000 0.000000 0.418706
    16 1.482593 -0.000001 0.000001 0.000000 0.000000 0.794048
    17 -2.975371 1.071532 -4.156022 -1.357004 0.873827 -4.662921
    18 4.972047 0.000000 0.000000 0.523349 -0.129574 -1.418279
    19 11.585358 0.000000 0.000001 0.000000 0.000000 -0.684622
    20 10.127058 0.000000 0.000001 2.455418 0.254283 0.642379
    21 1.537458 0.109715 1.664489 -3.079588 0.031470 0.928526
    22 0.928313 0.000000 0.000002 0.000000 0.000000 0.061034
    23 0.928311 0.000000 0.000001 0.000000 0.000000 0.671897
    24 2.686395 -0.427337 0.044204 -0.001208 0.043611 -0.052337
    25 1.435260 0.000000 0.000001 0.000000 0.000000 1.186618
    26 1.482593 0.000000 -0.000001 0.000000 0.000000 1.684243
    27 2.046984 0.000001 0.000000 0.520140 -0.084203 -0.106154
    28 -0.000005 0.000007 3.713254 -3.211451 -0.114278 1.238974
    29 18.045723 0.000000 0.000000 0.000000 0.000000 -1.756985
    30 17.597597 0.000000 0.000000 -0.219173 0.110535 -0.140439
    31 0.000005 -0.000003 -3.713254 0.827643 2.444220 5.464986
    32 18.045721 0.000000 0.000000 0.000000 0.000000 -2.608117
    33 17.597597 0.000000 0.000000 0.356013 -0.157405 0.773060
end
