version 1
nodes
  0 "Bip01" -1
  1 "Bip01 Pelvis" 0
  2 "Bip01 Spine" 1
  3 "Bip01 Spine1" 2
  4 "Bip01 Spine2" 3
  5 "Bip01 Spine3" 4
  6 "Bip01 Neck" 5
  7 "Bip01 L Arm" 6
  8 "Bip01 L Arm1" 7
  9 "Bip01 L Arm2" 8
  10 "Bip01 L Hand" 9
  11 "Bip01 L Finger0" 10
  12 "Bip01 L Finger01" 11
  13 "Bip01 L Finger02" 12
  14 "Bip01 L Finger1" 10
  15 "Bip01 L Finger11" 14
  16 "Bip01 L Finger12" 15
  17 "Bip01 R Arm" 6
  18 "Bip01 R Arm1" 17
  19 "Bip01 R Arm2" 18
  20 "Bip01 R Hand" 19
  21 "Bip01 R Finger0" 20
  22 "Bip01 R Finger01" 21
  23 "Bip01 R Finger02" 22
  24 "Bip01 R Finger1" 20
  25 "Bip01 R Finger11" 24
  26 "Bip01 R Finger12" 25
  27 "Bip01 Head" 6
  28 "Bip01 L Leg" 1
  29 "Bip01 L Leg1" 28
  30 "Bip01 L Foot" 29
  31 "Bip01 R Leg" 1
  32 "Bip01 R Leg1" 31
  33 "Bip01 R Foot" 32
end
skeleton
  time 0
    0 -1.756901 -2.027255 -20.585090 0.000000 0.000000 -1.571017
    1 -5.132973 0.316416 0.000000 -1.570795 -1.570787 0.000000
    2 1.293670 0.684478 -0.000001 -0.000004 -0.000001 0.266227
    3 5.309685 -0.003834 0.000000 0.000000 0.000000 0.223103
    4 4.826790 -0.004591 0.000000 -0.141799 0.071488 0.223800
    5 5.792767 -0.005304 0.000000 -0.142427 0.053607 0.224677
    6 6.662322 -0.001452 0.000000 0.000000 -0.000015 0.471000
    7 -3.108188 1.516823 4.339626 1.238993 -1.024532 -4.799756
    8 4.827512 0.000000 -0.000002 -0.541521 0.220085 -1.016870
    9 11.140032 0.000000 0.000000 0.070821 -0.105579 -0.701031
    10 10.314563 -0.000001 0.000001 -3.988822 0.203081 -0.504208
    11 1.646836 0.445664 -1.699647 -0.161704 0.581044 -0.283978
    12 0.928312 0.000000 0.000000 0.000000 0.000000 0.000000
    13 0.928313 0.000000 -0.000001 0.000000 0.000000 0.000000
    14 2.979373 -0.388274 -0.044205 -0.000805 -0.043611 0.000046
    15 1.435262 -0.000001 -0.000001 0.000000 0.000000 0.872146
    16 1.482593 -0.000001 0.000001 0.000000 0.000000 0.907041
    17 -2.869899 1.399667 -4.140396 -1.163265 1.764468 -4.903713
    18 4.972047 0.000000 0.000000 1.036708 -0.754693 -1.693019
    19 11.585358 0.000000 0.000001 0.386603 -0.383573 -1.601969
    20 10.127058 0.000000 0.000001 1.960763 0.596700 0.774136
    21 1.537458 0.109715 1.664489 -0.264662 -0.055995 0.783079
    22 0.928313 0.000000 0.000002 0.000000 0.000000 -0.453501
    23 0.928311 0.000000 0.000001 0.000000 0.000000 0.000000
    24 2.686395 -0.427337 0.044204 -0.005762 0.043239 -0.157074
    25 1.435260 0.000000 0.000001 0.000000 0.000000 0.732613
    26 1.482593 0.000000 -0.000001 0.000000 0.000000 1.168644
    27 2.046984 0.000001 0.000000 0.198440 0.246383 -0.134379
    28 -0.000005 0.000007 3.713254 -3.204068 -0.120606 1.238399
    29 18.045723 0.000000 0.000000 0.000000 0.000000 -1.756393
    30 17.597597 0.000000 0.000000 -0.210887 0.105637 -0.141218
    31 0.000005 -0.000003 -3.713254 0.848441 2.461380 5.479079
    32 18.045721 0.000000 0.000000 0.000000 0.000000 -2.603394
    33 17.597597 0.000000 0.000000 0.362388 -0.168095 0.787471
  time 1
    0 -1.756901 -2.027255 -20.585090 0.000000 0.000000 -1.571017
    1 -5.117348 0.316416 0.000000 -1.570795 -1.570787 0.000000
    2 1.293670 0.684478 -0.000001 -0.000004 -0.000001 0.266227
    3 5.309685 -0.003834 0.000000 0.000000 0.000000 0.223103
    4 4.826790 -0.004591 0.000000 -0.141799 0.071488 0.223800
    5 5.792767 -0.005304 0.000000 -0.142427 0.053607 0.224677
    6 6.662322 -0.001452 0.000000 0.000000 -0.000015 0.471000
    7 -3.108188 1.516823 4.339626 1.238993 -1.024532 -4.799756
    8 4.827512 0.000000 -0.000002 -0.539448 0.228697 -1.016263
    9 11.140032 0.000000 0.000000 0.070821 -0.105255 -0.698495
    10 10.314563 -0.000001 0.000001 -3.988822 0.203081 -0.504208
    11 1.646836 0.445664 -1.699647 -0.161704 0.581044 -0.283978
    12 0.928312 0.000000 0.000000 0.000000 0.000000 0.000000
    13 0.928313 0.000000 -0.000001 0.000000 0.000000 0.000000
    14 2.979373 -0.388274 -0.044205 -0.000805 -0.043611 0.000046
    15 1.435262 -0.000001 -0.000001 0.000000 0.000000 0.872146
    16 1.482593 -0.000001 0.000001 0.000000 0.000000 0.907041
    17 -2.869899 1.399667 -4.140396 -1.163265 1.764468 -4.903713
    18 4.972047 0.000000 0.000000 1.039147 -0.751158 -1.694217
    19 11.585358 0.000000 0.000001 0.386603 -0.383459 -1.607441
    20 10.127058 0.000000 0.000001 1.960763 0.596700 0.774136
    21 1.537458 0.109715 1.664489 -0.264662 -0.055995 0.783079
    22 0.928313 0.000000 0.000002 0.000000 0.000000 -0.453501
    23 0.928311 0.000000 0.000001 0.000000 0.000000 0.000000
    24 2.686395 -0.427337 0.044204 -0.005762 0.043239 -0.157074
    25 1.435260 0.000000 0.000001 0.000000 0.000000 0.732613
    26 1.482593 0.000000 -0.000001 0.000000 0.000000 1.168644
    27 2.046984 0.000001 0.000000 0.198440 0.246383 -0.134379
    28 -0.000005 0.000007 3.713254 -3.203877 -0.120701 1.238207
    29 18.045723 0.000000 0.000000 0.000000 0.000000 -1.757133
    30 17.597597 0.000000 0.000000 -0.210684 0.105514 -0.140530
    31 0.000005 -0.000003 -3.713254 0.848345 2.461955 5.480229
    32 18.045721 0.000000 0.000000 0.000000 0.000000 -2.603394
    33 17.597597 0.000000 0.000000 0.361884 -0.167385 0.788579
  time 2
    0 -1.756901 -2.027255 -20.585090 0.000000 0.000000 -1.571017
    1 -5.105629 0.312510 0.000000 -1.570795 -1.570787 0.000000
    2 1.293670 0.684478 -0.000001 -0.000004 -0.000001 0.266227
    3 5.309685 -0.003834 0.000000 0.000000 0.000000 0.223103
    4 4.826790 -0.004591 0.000000 -0.141799 0.071488 0.223800
    5 5.792767 -0.005304 0.000000 -0.142427 0.053607 0.224677
    6 6.662322 -0.001452 0.000000 0.000000 -0.000015 0.471000
    7 -3.108188 1.516823 4.339626 1.238993 -1.024532 -4.799756
    8 4.827512 0.000000 -0.000002 -0.535463 0.244899 -1.018776
    9 11.140032 0.000000 0.000000 0.070821 -0.103033 -0.681469
    10 10.314563 -0.000001 0.000001 -3.988822 0.203081 -0.504208
    11 1.646836 0.445664 -1.699647 -0.161704 0.581044 -0.283978
    12 0.928312 0.000000 0.000000 0.000000 0.000000 0.000000
    13 0.928313 0.000000 -0.000001 0.000000 0.000000 0.000000
    14 2.979373 -0.388274 -0.044205 -0.000805 -0.043611 0.000046
    15 1.435262 -0.000001 -0.000001 0.000000 0.000000 0.872146
    16 1.482593 -0.000001 0.000001 0.000000 0.000000 0.907041
    17 -2.869899 1.399667 -4.140396 -1.163265 1.764468 -4.903713
    18 4.972047 0.000000 0.000000 1.046838 -0.740150 -1.697146
    19 11.585358 0.000000 0.000001 0.386603 -0.383255 -1.617978
    20 10.127058 0.000000 0.000001 1.960763 0.596700 0.774136
    21 1.537458 0.109715 1.664489 -0.264662 -0.055995 0.783079
    22 0.928313 0.000000 0.000002 0.000000 0.000000 -0.453501
    23 0.928311 0.000000 0.000001 0.000000 0.000000 0.000000
    24 2.686395 -0.427337 0.044204 -0.005762 0.043239 -0.157074
    25 1.435260 0.000000 0.000001 0.000000 0.000000 0.732613
    26 1.482593 0.000000 -0.000001 0.000000 0.000000 1.168644
    27 2.046984 0.000001 0.000000 0.198440 0.246383 -0.134379
    28 -0.000005 0.000007 3.713254 -3.203685 -0.120893 1.238112
    29 18.045723 0.000000 0.000000 0.000000 0.000000 -1.758022
    30 17.597597 0.000000 0.000000 -0.210532 0.105391 -0.139751
    31 0.000005 -0.000003 -3.713254 0.848345 2.462530 5.481571
    32 18.045721 0.000000 0.000000 0.000000 0.000000 -2.603394
    33 17.597597 0.000000 0.000000 0.361280 -0.166596 0.789780
  time 3
    0 -1.756901 -2.027255 -20.585090 0.000000 0.000000 -1.571017
    1 -5.093909 0.312510 0.000000 -1.570795 -1.570787 0.000000
    2 1.293670 0.684478 -0.000001 -0.000004 -0.000001 0.266227
    3 5.309685 -0.003834 0.000000 0.000000 0.000000 0.223103
    4 4.826790 -0.004591 0.000000 -0.141799 0.071488 0.223800
    5 5.792767 -0.005304 0.000000 -0.142427 0.053607 0.224677
    6 6.662322 -0.001452 0.000000 0.000000 -0.000015 0.471000
    7 -3.108188 1.516823 4.339626 1.238993 -1.024532 -4.799756
    8 4.827512 0.000000 -0.000002 -0.531796 0.262039 -1.023542
    9 11.140032 0.000000 0.000000 0.070821 -0.099588 -0.654806
    10 10.314563 -0.000001 0.000001 -3.988822 0.203081 -0.504208
    11 1.646836 0.445664 -1.699647 -0.161704 0.581044 -0.283978
    12 0.928312 0.000000 0.000000 0.000000 0.000000 0.000000
    13 0.928313 0.000000 -0.000001 0.000000 0.000000 0.000000
    14 2.979373 -0.388274 -0.044205 -0.000805 -0.043611 0.000046
    15 1.435262 -0.000001 -0.000001 0.000000 0.000000 0.872146
    16 1.482593 -0.000001 0.000001 0.000000 0.000000 0.907041
    17 -2.869899 1.399667 -4.140396 -1.163265 1.764468 -4.903713
    18 4.972047 0.000000 0.000000 1.059407 -0.723116 -1.703469
    19 11.585358 0.000000 0.000001 0.386603 -0.383028 -1.629086
    20 10.127058 0.000000 0.000001 1.960763 0.596700 0.774136
    21 1.537458 0.109715 1.664489 -0.264662 -0.055995 0.783079
    22 0.928313 0.000000 0.000002 0.000000 0.000000 -0.453501
    23 0.928311 0.000000 0.000001 0.000000 0.000000 0.000000
    24 2.686395 -0.427337 0.044204 -0.005762 0.043239 -0.157074
    25 1.435260 0.000000 0.000001 0.000000 0.000000 0.732613
    26 1.482593 0.000000 -0.000001 0.000000 0.000000 1.168644
    27 2.046984 0.000001 0.000000 0.198440 0.246383 -0.134379
    28 -0.000005 0.000007 3.713254 -3.203493 -0.120989 1.238016
    29 18.045723 0.000000 0.000000 0.000000 0.000000 -1.758836
    30 17.597597 0.000000 0.000000 -0.210380 0.105293 -0.139017
    31 0.000005 -0.000003 -3.713254 0.848153 2.463105 5.482818
    32 18.045721 0.000000 0.000000 0.000000 0.000000 -2.603394
    33 17.597597 0.000000 0.000000 0.360710 -0.165748 0.790981
  time 4
    0 -1.756901 -2.027255 -20.585090 0.000000 0.000000 -1.571017
    1 -5.086097 0.304697 0.000000 -1.570795 -1.570787 0.000000
    2 1.293670 0.684478 -0.000001 -0.000004 -0.000001 0.266227
    3 5.309685 -0.003834 0.000000 0.000000 0.000000 0.223103
    4 4.826790 -0.004591 0.000000 -0.141799 0.071488 0.223800
    5 5.792767 -0.005304 0.000000 -0.142427 0.053607 0.224677
    6 6.662322 -0.001452 0.000000 0.000000 -0.000015 0.471000
    7 -3.108188 1.516823 4.339626 1.238993 -1.024532 -4.799756
    8 4.827512 0.000000 -0.000002 -0.529803 0.274830 -1.029781
    9 11.140032 0.000000 0.000000 0.070821 -0.096043 -0.627636
    10 10.314563 -0.000001 0.000001 -3.988822 0.203081 -0.504208
    11 1.646836 0.445664 -1.699647 -0.161704 0.581044 -0.283978
    12 0.928312 0.000000 0.000000 0.000000 0.000000 0.000000
    13 0.928313 0.000000 -0.000001 0.000000 0.000000 0.000000
    14 2.979373 -0.388274 -0.044205 -0.000805 -0.043611 0.000046
    15 1.435262 -0.000001 -0.000001 0.000000 0.000000 0.872146
    16 1.482593 -0.000001 0.000001 0.000000 0.000000 0.907041
    17 -2.869899 1.399667 -4.140396 -1.163265 1.764468 -4.903713
    18 4.972047 0.000000 0.000000 1.074790 -0.702385 -1.710856
    19 11.585358 0.000000 0.000001 0.386603 -0.382824 -1.639787
    20 10.127058 0.000000 0.000001 1.960763 0.596700 0.774136
    21 1.537458 0.109715 1.664489 -0.264662 -0.055995 0.783079
    22 0.928313 0.000000 0.000002 0.000000 0.000000 -0.453501
    23 0.928311 0.000000 0.000001 0.000000 0.000000 0.000000
    24 2.686395 -0.427337 0.044204 -0.005762 0.043239 -0.157074
    25 1.435260 0.000000 0.000001 0.000000 0.000000 0.732613
    26 1.482593 0.000000 -0.000001 0.000000 0.000000 1.168644
    27 2.046984 0.000001 0.000000 0.198440 0.246383 -0.134379
    28 -0.000005 0.000007 3.713254 -3.203301 -0.121085 1.237920
    29 18.045723 0.000000 0.000000 0.000000 0.000000 -1.759502
    30 17.597597 0.000000 0.000000 -0.210253 0.105170 -0.138421
    31 0.000005 -0.000003 -3.713254 0.848057 2.463585 5.483872
    32 18.045721 0.000000 0.000000 0.000000 0.000000 -2.603394
    33 17.597597 0.000000 0.000000 0.360207 -0.165097 0.791905
  time 5
    0 -1.756901 -2.027255 -20.585090 0.000000 0.000000 -1.571017
    1 -5.074378 0.304697 0.000000 -1.570795 -1.570787 0.000000
    2 1.293670 0.684478 -0.000001 -0.000004 -0.000001 0.266227
    3 5.309685 -0.003834 0.000000 0.000000 0.000000 0.223103
    4 4.826790 -0.004591 0.000000 -0.141799 0.071488 0.223800
    5 5.792767 -0.005304 0.000000 -0.142427 0.053607 0.224677
    6 6.662322 -0.001452 0.000000 0.000000 -0.000015 0.471000
    7 -3.108188 1.516823 4.339626 1.238993 -1.024532 -4.799756
    8 4.827512 0.000000 -0.000002 -0.529005 0.280970 -1.031687
    9 11.140032 0.000000 0.000000 0.070821 -0.094844 -0.618362
    10 10.314563 -0.000001 0.000001 -3.988822 0.203081 -0.504208
    11 1.646836 0.445664 -1.699647 -0.161704 0.581044 -0.283978
    12 0.928312 0.000000 0.000000 0.000000 0.000000 0.000000
    13 0.928313 0.000000 -0.000001 0.000000 0.000000 0.000000
    14 2.979373 -0.388274 -0.044205 -0.000805 -0.043611 0.000046
    15 1.435262 -0.000001 -0.000001 0.000000 0.000000 0.872146
    16 1.482593 -0.000001 0.000001 0.000000 0.000000 0.907041
    17 -2.869899 1.399667 -4.140396 -1.163265 1.764468 -4.903713
    18 4.972047 0.000000 0.000000 1.091393 -0.680289 -1.719176
    19 11.585358 0.000000 0.000001 0.386603 -0.382643 -1.649016
    20 10.127058 0.000000 0.000001 1.960763 0.596700 0.774136
    21 1.537458 0.109715 1.664489 -0.264662 -0.055995 0.783079
    22 0.928313 0.000000 0.000002 0.000000 0.000000 -0.453501
    23 0.928311 0.000000 0.000001 0.000000 0.000000 0.000000
    24 2.686395 -0.427337 0.044204 -0.005762 0.043239 -0.157074
    25 1.435260 0.000000 0.000001 0.000000 0.000000 0.732613
    26 1.482593 0.000000 -0.000001 0.000000 0.000000 1.168644
    27 2.046984 0.000001 0.000000 0.198440 0.246383 -0.134379
    28 -0.000005 0.000007 3.713254 -3.203301 -0.121085 1.237824
    29 18.045723 0.000000 0.000000 0.000000 0.000000 -1.759946
    30 17.597597 0.000000 0.000000 -0.210228 0.105145 -0.138100
    31 0.000005 -0.000003 -3.713254 0.847866 2.463777 5.484448
    32 18.045721 0.000000 0.000000 0.000000 0.000000 -2.603394
    33 17.597597 0.000000 0.000000 0.359905 -0.164683 0.792321
  time 6
    0 -1.756901 -2.027255 -20.585090 0.000000 0.000000 -1.571017
    1 -5.070471 0.304697 0.000000 -1.570795 -1.570787 0.000000
    2 1.293670 0.684478 -0.000001 -0.000004 -0.000001 0.266227
    3 5.309685 -0.003834 0.000000 0.000000 0.000000 0.223103
    4 4.826790 -0.004591 0.000000 -0.141799 0.071488 0.223800
    5 5.792767 -0.005304 0.000000 -0.142427 0.053607 0.224677
    6 6.662322 -0.001452 0.000000 0.000000 -0.000015 0.471000
    7 -3.108188 1.516823 4.339626 1.238993 -1.024532 -4.799756
    8 4.827512 0.000000 -0.000002 -0.524382 0.291715 -1.014877
    9 11.140032 0.000000 0.000000 0.070821 -0.102559 -0.677774
    10 10.314563 -0.000001 0.000001 -3.988822 0.203081 -0.504208
    11 1.646836 0.445664 -1.699647 -0.161704 0.581044 -0.283978
    12 0.928312 0.000000 0.000000 0.000000 0.000000 0.000000
    13 0.928313 0.000000 -0.000001 0.000000 0.000000 0.000000
    14 2.979373 -0.388274 -0.044205 -0.000805 -0.043611 0.000046
    15 1.435262 -0.000001 -0.000001 0.000000 0.000000 0.872146
    16 1.482593 -0.000001 0.000001 0.000000 0.000000 0.907041
    17 -2.869899 1.399667 -4.140396 -1.163265 1.764468 -4.903713
    18 4.972047 0.000000 0.000000 1.107901 -0.659157 -1.727628
    19 11.585358 0.000000 0.000001 0.386603 -0.382529 -1.654244
    20 10.127058 0.000000 0.000001 1.960763 0.596700 0.774136
    21 1.537458 0.109715 1.664489 -0.264662 -0.055995 0.783079
    22 0.928313 0.000000 0.000002 0.000000 0.000000 -0.453501
    23 0.928311 0.000000 0.000001 0.000000 0.000000 0.000000
    24 2.686395 -0.427337 0.044204 -0.005762 0.043239 -0.157074
    25 1.435260 0.000000 0.000001 0.000000 0.000000 0.732613
    26 1.482593 0.000000 -0.000001 0.000000 0.000000 1.168644
    27 2.046984 0.000001 0.000000 0.198440 0.246383 -0.134379
    28 -0.000005 0.000007 3.713254 -3.203206 -0.121085 1.237824
    29 18.045723 0.000000 0.000000 0.000000 0.000000 -1.760168
    30 17.597597 0.000000 0.000000 -0.210177 0.105096 -0.137917
    31 0.000005 -0.000003 -3.713254 0.847866 2.463872 5.484831
    32 18.045721 0.000000 0.000000 0.000000 0.000000 -2.603394
    33 17.597597 0.000000 0.000000 0.359670 -0.164466 0.792690
  time 7
    0 -1.756901 -2.027255 -20.585090 0.000000 0.000000 -1.571017
    1 -5.070471 0.304697 0.000000 -1.570795 -1.570787 0.000000
    2 1.293670 0.684478 -0.000001 -0.000004 -0.000001 0.266227
    3 5.309685 -0.003834 0.000000 0.000000 0.000000 0.223103
    4 4.826790 -0.004591 0.000000 -0.141799 0.071488 0.223800
    5 5.792767 -0.005304 0.000000 -0.142427 0.053607 0.224677
    6 6.662322 -0.001452 0.000000 0.000000 -0.000015 0.471000
    7 -3.108188 1.516823 4.339626 1.238993 -1.024532 -4.799756
    8 4.827512 0.000000 -0.000002 -0.515214 0.310645 -0.982470
    9 11.140032 0.000000 0.000000 0.070821 -0.117513 -0.800872
    10 10.314563 -0.000001 0.000001 -3.988822 0.203081 -0.504208
    11 1.646836 0.445664 -1.699647 -0.161704 0.581044 -0.283978
    12 0.928312 0.000000 0.000000 0.000000 0.000000 0.000000
    13 0.928313 0.000000 -0.000001 0.000000 0.000000 0.000000
    14 2.979373 -0.388274 -0.044205 -0.000805 -0.043611 0.000046
    15 1.435262 -0.000001 -0.000001 0.000000 0.000000 0.872146
    16 1.482593 -0.000001 0.000001 0.000000 0.000000 0.907041
    17 -2.869899 1.399667 -4.140396 -1.163265 1.764468 -4.903713
    18 4.972047 0.000000 0.000000 1.120845 -0.642043 -1.734151
    19 11.585358 0.000000 0.000001 0.386603 -0.382461 -1.658001
    20 10.127058 0.000000 0.000001 1.960763 0.596700 0.774136
    21 1.537458 0.109715 1.664489 -0.264662 -0.055995 0.783079
    22 0.928313 0.000000 0.000002 0.000000 0.000000 -0.453501
    23 0.928311 0.000000 0.000001 0.000000 0.000000 0.000000
    24 2.686395 -0.427337 0.044204 -0.005762 0.043239 -0.157074
    25 1.435260 0.000000 0.000001 0.000000 0.000000 0.732613
    26 1.482593 0.000000 -0.000001 0.000000 0.000000 1.168644
    27 2.046984 0.000001 0.000000 0.198440 0.246383 -0.134379
    28 -0.000005 0.000007 3.713254 -3.203206 -0.121085 1.237728
    29 18.045723 0.000000 0.000000 0.000000 0.000000 -1.760316
    30 17.597597 0.000000 0.000000 -0.210177 0.105022 -0.137825
    31 0.000005 -0.000003 -3.713254 0.847866 2.463968 5.485119
    32 18.045721 0.000000 0.000000 0.000000 0.000000 -2.603394
    33 17.597597 0.000000 0.000000 0.359536 -0.164328 0.792921
  time 8
    0 -1.756901 -2.027255 -20.585090 0.000000 0.000000 -1.571017
    1 -5.070471 0.304697 0.000000 -1.570795 -1.570787 0.000000
    2 1.293670 0.684478 -0.000001 -0.000004 -0.000001 0.266227
    3 5.309685 -0.003834 0.000000 0.000000 0.000000 0.223103
    4 4.826790 -0.004591 0.000000 -0.141799 0.071488 0.223800
    5 5.792767 -0.005304 0.000000 -0.142427 0.053607 0.224677
    6 6.662322 -0.001452 0.000000 0.000000 -0.000015 0.471000
    7 -3.108188 1.516823 4.339626 1.238993 -1.024532 -4.799756
    8 4.827512 0.000000 -0.000002 -0.507482 0.324460 -0.953875
    9 11.140032 0.000000 0.000000 0.070821 -0.130620 -0.923970
    10 10.314563 -0.000001 0.000001 -3.988822 0.203081 -0.504208
    11 1.646836 0.445664 -1.699647 -0.161704 0.581044 -0.283978
    12 0.928312 0.000000 0.000000 0.000000 0.000000 0.000000
    13 0.928313 0.000000 -0.000001 0.000000 0.000000 0.000000
    14 2.979373 -0.388274 -0.044205 -0.000805 -0.043611 0.000046
    15 1.435262 -0.000001 -0.000001 0.000000 0.000000 0.872146
    16 1.482593 -0.000001 0.000001 0.000000 0.000000 0.907041
    17 -2.869899 1.399667 -4.140396 -1.163265 1.764468 -4.903713
    18 4.972047 0.000000 0.000000 1.128537 -0.631357 -1.738144
    19 11.585358 0.000000 0.000001 0.386603 -0.382438 -1.659226
    20 10.127058 0.000000 0.000001 1.960763 0.596700 0.774136
    21 1.537458 0.109715 1.664489 -0.264662 -0.055995 0.783079
    22 0.928313 0.000000 0.000002 0.000000 0.000000 -0.453501
    23 0.928311 0.000000 0.000001 0.000000 0.000000 0.000000
    24 2.686395 -0.427337 0.044204 -0.005762 0.043239 -0.157074
    25 1.435260 0.000000 0.000001 0.000000 0.000000 0.732613
    26 1.482593 0.000000 -0.000001 0.000000 0.000000 1.168644
    27 2.046984 0.000001 0.000000 0.200422 0.243580 -0.129026
    28 -0.000005 0.000007 3.713254 -3.203206 -0.121085 1.237824
    29 18.045723 0.000000 0.000000 0.000000 0.000000 -1.760168
    30 17.597597 0.000000 0.000000 -0.210228 0.105022 -0.137871
    31 0.000005 -0.000003 -3.713254 0.848057 2.463777 5.484927
    32 18.045721 0.000000 0.000000 0.000000 0.000000 -2.603394
    33 17.597597 0.000000 0.000000 0.359536 -0.164466 0.792736
  time 9
    0 -1.756901 -2.027255 -20.585090 0.000000 0.000000 -1.571017
    1 -5.082190 0.304697 0.000000 -1.570795 -1.570787 0.000000
    2 1.293670 0.684478 -0.000001 -0.000004 -0.000001 0.266227
    3 5.309685 -0.003834 0.000000 0.000000 0.000000 0.223103
    4 4.826790 -0.004591 0.000000 -0.141799 0.071488 0.223800
    5 5.792767 -0.005304 0.000000 -0.142427 0.053607 0.224677
    6 6.662322 -0.001452 0.000000 0.000000 -0.000015 0.471000
    7 -3.108188 1.516823 4.339626 1.238993 -1.024532 -4.799756
    8 4.827512 0.000000 -0.000002 -0.503655 0.330003 -0.936978
    9 11.140032 0.000000 0.000000 0.070821 -0.138784 -1.011421
    10 10.314563 -0.000001 0.000001 -3.988822 0.203081 -0.504208
    11 1.646836 0.445664 -1.699647 -0.161704 0.581044 -0.283978
    12 0.928312 0.000000 0.000000 0.000000 0.000000 0.000000
    13 0.928313 0.000000 -0.000001 0.000000 0.000000 0.000000
    14 2.979373 -0.388274 -0.044205 -0.000805 -0.043611 0.000046
    15 1.435262 -0.000001 -0.000001 0.000000 0.000000 0.872146
    16 1.482593 -0.000001 0.000001 0.000000 0.000000 0.907041
    17 -2.869899 1.399667 -4.140396 -1.163265 1.764468 -4.903713
    18 4.972047 0.000000 0.000000 1.133508 -0.625571 -1.740673
    19 11.585358 0.000000 0.000001 0.386603 -0.382461 -1.658246
    20 10.127058 0.000000 0.000001 1.960763 0.596700 0.774136
    21 1.537458 0.109715 1.664489 -0.264662 -0.055995 0.783079
    22 0.928313 0.000000 0.000002 0.000000 0.000000 -0.453501
    23 0.928311 0.000000 0.000001 0.000000 0.000000 0.000000
    24 2.686395 -0.427337 0.044204 -0.005762 0.043239 -0.157074
    25 1.435260 0.000000 0.000001 0.000000 0.000000 0.732613
    26 1.482593 0.000000 -0.000001 0.000000 0.000000 1.168644
    27 2.046984 0.000001 0.000000 0.205936 0.235762 -0.114184
    28 -0.000005 0.000007 3.713254 -3.203301 -0.120893 1.237824
    29 18.045723 0.000000 0.000000 0.000000 0.000000 -1.759724
    30 17.597597 0.000000 0.000000 -0.210380 0.105096 -0.138284
    31 0.000005 -0.000003 -3.713254 0.848057 2.463297 5.484256
    32 18.045721 0.000000 0.000000 0.000000 0.000000 -2.603394
    33 17.597597 0.000000 0.000000 0.359771 -0.164959 0.791997
  time 10
    0 -1.756901 -2.027255 -20.585090 0.000000 0.000000 -1.571017
    1 -5.093909 0.316416 0.000000 -1.570795 -1.570787 0.000000
    2 1.293670 0.684478 -0.000001 -0.000004 -0.000001 0.266227
    3 5.309685 -0.003834 0.000000 0.000000 0.000000 0.223103
    4 4.826790 -0.004591 0.000000 -0.141799 0.071488 0.223800
    5 5.792767 -0.005304 0.000000 -0.142427 0.053607 0.224677
    6 6.662322 -0.001452 0.000000 0.000000 -0.000015 0.471000
    7 -3.108188 1.516823 4.339626 1.238993 -1.024532 -4.799756
    8 4.827512 0.000000 -0.000002 -0.503097 0.330258 -0.932386
    9 11.140032 0.000000 0.000000 0.070821 -0.141480 -1.042214
    10 10.314563 -0.000001 0.000001 -3.988822 0.203081 -0.504208
    11 1.646836 0.445664 -1.699647 -0.161704 0.581044 -0.283978
    12 0.928312 0.000000 0.000000 0.000000 0.000000 0.000000
    13 0.928313 0.000000 -0.000001 0.000000 0.000000 0.000000
    14 2.979373 -0.388274 -0.044205 -0.000805 -0.043611 0.000046
    15 1.435262 -0.000001 -0.000001 0.000000 0.000000 0.872146
    16 1.482593 -0.000001 0.000001 0.000000 0.000000 0.907041
    17 -2.869899 1.399667 -4.140396 -1.163265 1.764468 -4.903713
    18 4.972047 0.000000 0.000000 1.137448 -0.620027 -1.742537
    19 11.585358 0.000000 0.000001 0.386603 -0.382507 -1.656123
    20 10.127058 0.000000 0.000001 1.960763 0.596700 0.774136
    21 1.537458 0.109715 1.664489 -0.264662 -0.055995 0.783079
    22 0.928313 0.000000 0.000002 0.000000 0.000000 -0.453501
    23 0.928311 0.000000 0.000001 0.000000 0.000000 0.000000
    24 2.686395 -0.427337 0.044204 -0.005762 0.043239 -0.157074
    25 1.435260 0.000000 0.000001 0.000000 0.000000 0.732613
    26 1.482593 0.000000 -0.000001 0.000000 0.000000 1.168644
    27 2.046984 0.000001 0.000000 0.214338 0.223813 -0.091556
    28 -0.000005 0.000007 3.713254 -3.203493 -0.120701 1.238016
    29 18.045723 0.000000 0.000000 0.000000 0.000000 -1.758836
    30 17.597597 0.000000 0.000000 -0.210608 0.105219 -0.139017
    31 0.000005 -0.000003 -3.713254 0.848153 2.462530 5.483010
    32 18.045721 0.000000 0.000000 0.000000 0.000000 -2.603394
    33 17.597597 0.000000 0.000000 0.360207 -0.165768 0.790796
  time 11
    0 -1.756901 -2.027255 -20.585090 0.000000 0.000000 -1.571017
    1 -5.113441 0.316416 0.000000 -1.570795 -1.570787 0.000000
    2 1.293670 0.684478 -0.000001 -0.000004 -0.000001 0.266227
    3 5.309685 -0.003834 0.000000 0.004731 -0.000192 0.224516
    4 4.826790 -0.004591 0.000000 -0.140063 0.071740 0.225564
    5 5.792767 -0.005304 0.000000 -0.141096 0.053655 0.226193
    6 6.662322 -0.001452 0.000000 0.000779 -0.000839 0.471968
    7 -3.108188 1.516823 4.339626 1.238993 -1.024532 -4.799756
    8 4.827512 0.000000 -0.000002 -0.506525 0.321134 -0.948156
    9 11.140032 0.000000 0.000000 0.070821 -0.140257 -1.028231
    10 10.314563 -0.000001 0.000001 -3.953471 0.204393 -0.478486
    11 1.646836 0.445664 -1.699647 -0.161704 0.581044 -0.283978
    12 0.928312 0.000000 0.000000 0.000000 0.000000 0.000000
    13 0.928313 0.000000 -0.000001 0.000000 0.000000 0.000000
    14 2.979373 -0.388274 -0.044205 -0.000805 -0.043611 0.000046
    15 1.435262 -0.000001 -0.000001 0.000000 0.000000 0.872146
    16 1.482593 -0.000001 0.000001 0.000000 0.000000 0.907041
    17 -2.869899 1.399667 -4.140396 -1.163265 1.764468 -4.903713
    18 4.972047 0.000000 0.000000 1.140449 -0.614885 -1.735548
    19 11.585358 0.000000 0.000001 0.386603 -0.382189 -1.666169
    20 10.127058 0.000000 0.000001 1.960763 0.596700 0.774136
    21 1.537458 0.109715 1.664489 -0.264662 -0.055995 0.783079
    22 0.928313 0.000000 0.000002 0.000000 0.000000 -0.453501
    23 0.928311 0.000000 0.000001 0.000000 0.000000 0.000000
    24 2.686395 -0.427337 0.044204 -0.005762 0.043239 -0.157074
    25 1.435260 0.000000 0.000001 0.000000 0.000000 0.732613
    26 1.482593 0.000000 -0.000001 0.000000 0.000000 1.168644
    27 2.046984 0.000001 0.000000 0.224936 0.208678 -0.062905
    28 -0.000005 0.000007 3.713254 -3.203781 -0.120510 1.238207
    29 18.045723 0.000000 0.000000 0.000000 0.000000 -1.757652
    30 17.597597 0.000000 0.000000 -0.210912 0.105367 -0.140118
    31 0.000005 -0.000003 -3.713254 0.848345 2.461572 5.481188
    32 18.045721 0.000000 0.000000 0.000000 0.000000 -2.603630
    33 17.597597 0.000000 0.000000 0.360878 -0.166971 0.789041
  time 12
    0 -1.756901 -2.027255 -20.585090 0.000000 0.000000 -1.571017
    1 -5.117348 0.316416 0.000000 -1.570795 -1.570787 0.000000
    2 1.293670 0.684478 -0.000001 -0.000004 -0.000001 0.266227
    3 5.309685 -0.003834 0.000000 0.017596 -0.000731 0.228384
    4 4.826790 -0.004591 0.000000 -0.135256 0.072447 0.230415
    5 5.792767 -0.005304 0.000000 -0.137318 0.053763 0.230408
    6 6.662322 -0.001452 0.000000 0.002948 -0.003176 0.474731
    7 -3.108188 1.516823 4.339626 1.238993 -1.024532 -4.799756
    8 4.827512 0.000000 -0.000002 -0.513301 0.300327 -0.986802
    9 11.140032 0.000000 0.000000 0.070821 -0.137960 -1.002147
    10 10.314563 -0.000001 0.000001 -3.855851 0.208046 -0.407474
    11 1.646836 0.445664 -1.699647 -0.161704 0.581044 -0.283978
    12 0.928312 0.000000 0.000000 0.000000 0.000000 0.000000
    13 0.928313 0.000000 -0.000001 0.000000 0.000000 0.000000
    14 2.979373 -0.388274 -0.044205 -0.000805 -0.043611 0.000046
    15 1.435262 -0.000001 -0.000001 0.000000 0.000000 0.872146
    16 1.482593 -0.000001 0.000001 0.000000 0.000000 0.907041
    17 -2.869899 1.399667 -4.140396 -1.163265 1.764468 -4.903713
    18 4.972047 0.000000 0.000000 1.142513 -0.611912 -1.714117
    19 11.585358 0.000000 0.000001 0.386603 -0.380215 -1.702598
    20 10.127058 0.000000 0.000001 1.960763 0.596700 0.774136
    21 1.537458 0.109715 1.664489 -0.264662 -0.055995 0.783079
    22 0.928313 0.000000 0.000002 0.000000 0.000000 -0.453501
    23 0.928311 0.000000 0.000001 0.000000 0.000000 0.000000
    24 2.686395 -0.427337 0.044204 -0.005762 0.043239 -0.157074
    25 1.435260 0.000000 0.000001 0.000000 0.000000 0.732613
    26 1.482593 0.000000 -0.000001 0.000000 0.000000 1.168644
    27 2.046984 0.000001 0.000000 0.237171 0.191271 -0.029875
    28 -0.000005 0.000007 3.713254 -3.203685 -0.120510 1.238207
    29 18.045723 0.000000 0.000000 0.000000 0.000000 -1.757430
    30 17.597597 0.000000 0.000000 -0.210912 0.105318 -0.140301
    31 0.000005 -0.000003 -3.713254 0.848632 2.461476 5.480996
    32 18.045721 0.000000 0.000000 0.000000 0.000000 -2.603394
    33 17.597597 0.000000 0.000000 0.361045 -0.167326 0.788764
  time 13
    0 -1.756901 -2.027255 -20.585090 0.000000 0.000000 -1.571017
    1 -5.101722 0.312510 0.000000 -1.570795 -1.570787 0.000000
    2 1.293670 0.684478 -0.000001 -0.000004 -0.000001 0.266227
    3 5.309685 -0.003834 0.000000 0.036553 -0.001534 0.234072
    4 4.826790 -0.004591 0.000000 -0.128008 0.073525 0.237735
    5 5.792767 -0.005304 0.000000 -0.131544 0.053931 0.236886
    6 6.662322 -0.001452 0.000000 0.006340 -0.006818 0.479003
    7 -3.108188 1.516823 4.339626 1.238993 -1.024532 -4.799756
    8 4.827512 0.000000 -0.000002 -0.503177 0.318917 -1.002833
    9 11.140032 0.000000 0.000000 0.070821 -0.142928 -1.059820
    10 10.314563 -0.000001 0.000001 -3.708284 0.213479 -0.300115
    11 1.646836 0.445664 -1.699647 -0.161704 0.581044 -0.283978
    12 0.928312 0.000000 0.000000 0.000000 0.000000 0.000000
    13 0.928313 0.000000 -0.000001 0.000000 0.000000 0.000000
    14 2.979373 -0.388274 -0.044205 -0.000805 -0.043611 0.000046
    15 1.435262 -0.000001 -0.000001 0.000000 0.000000 0.872146
    16 1.482593 -0.000001 0.000001 0.000000 0.000000 0.907041
    17 -2.869899 1.399667 -4.140396 -1.163265 1.764468 -4.903713
    18 4.972047 0.000000 0.000000 1.143826 -0.609984 -1.680507
    19 11.585358 0.000000 0.000001 0.386603 -0.376653 -1.760999
    20 10.127058 0.000000 0.000001 1.960763 0.596700 0.774136
    21 1.537458 0.109715 1.664489 -0.264662 -0.055995 0.783079
    22 0.928313 0.000000 0.000002 0.000000 0.000000 -0.453501
    23 0.928311 0.000000 0.000001 0.000000 0.000000 0.000000
    24 2.686395 -0.427337 0.044204 -0.005762 0.043239 -0.157074
    25 1.435260 0.000000 0.000001 0.000000 0.000000 0.732613
    26 1.482593 0.000000 -0.000001 0.000000 0.000000 1.168644
    27 2.046984 0.000001 0.000000 0.250355 0.172477 0.005710
    28 -0.000005 0.000007 3.713254 -3.203493 -0.120701 1.238112
    29 18.045723 0.000000 0.000000 0.000000 0.000000 -1.758096
    30 17.597597 0.000000 0.000000 -0.210608 0.105145 -0.139705
    31 0.000005 -0.000003 -3.713254 0.848920 2.462243 5.482434
    32 18.045721 0.000000 0.000000 0.000000 0.000000 -2.603394
    33 17.597597 0.000000 0.000000 0.360643 -0.166813 0.790057
  time 14
    0 -1.756901 -2.027255 -20.585090 0.000000 0.000000 -1.571017
    1 -5.105629 0.312510 0.000000 -1.570795 -1.570787 0.000000
    2 1.293670 0.684478 -0.000001 -0.000004 -0.000001 0.266227
    3 5.309685 -0.003834 0.000000 0.059560 -0.002505 0.240978
    4 4.826790 -0.004591 0.000000 -0.118909 0.074856 0.246907
    5 5.792767 -0.005304 0.000000 -0.124169 0.054134 0.245191
    6 6.662322 -0.001452 0.000000 0.010726 -0.011532 0.484557
    7 -3.108188 1.516823 4.339626 1.238993 -1.024532 -4.799756
    8 4.827512 0.000000 -0.000002 -0.459094 0.406664 -0.967046
    9 11.140032 0.000000 0.000000 0.070821 -0.154936 -1.238418
    10 10.314563 -0.000001 0.000001 -3.523376 0.220411 -0.165641
    11 1.646836 0.445664 -1.699647 -0.161704 0.581044 -0.283978
    12 0.928312 0.000000 0.000000 0.000000 0.000000 0.000000
    13 0.928313 0.000000 -0.000001 0.000000 0.000000 0.000000
    14 2.979373 -0.388274 -0.044205 -0.000805 -0.043611 0.000046
    15 1.435262 -0.000001 -0.000001 0.000000 0.000000 0.872146
    16 1.482593 -0.000001 0.000001 0.000000 0.000000 0.907041
    17 -2.869899 1.399667 -4.140396 -1.163265 1.764468 -4.903713
    18 4.972047 0.000000 0.000000 1.147390 -0.607252 -1.640374
    19 11.585358 0.000000 0.000001 0.386603 -0.370526 -1.829610
    20 10.127058 0.000000 0.000001 1.960763 0.596700 0.774136
    21 1.537458 0.109715 1.664489 -0.264662 -0.055995 0.783079
    22 0.928313 0.000000 0.000002 0.000000 0.000000 -0.453501
    23 0.928311 0.000000 0.000001 0.000000 0.000000 0.000000
    24 2.686395 -0.427337 0.044204 -0.005762 0.043239 -0.157074
    25 1.435260 0.000000 0.000001 0.000000 0.000000 0.732613
    26 1.482593 0.000000 -0.000001 0.000000 0.000000 1.168644
    27 2.046984 0.000001 0.000000 0.263883 0.153241 0.042207
    28 -0.000005 0.000007 3.713254 -3.203493 -0.120701 1.238112
    29 18.045723 0.000000 0.000000 0.000000 0.000000 -1.758022
    30 17.597597 0.000000 0.000000 -0.210608 0.105096 -0.139797
    31 0.000005 -0.000003 -3.713254 0.849207 2.462243 5.482434
    32 18.045721 0.000000 0.000000 0.000000 0.000000 -2.603394
    33 17.597597 0.000000 0.000000 0.360744 -0.167030 0.790011
  time 15
    0 -1.756901 -2.027255 -20.585090 0.000000 0.000000 -1.571017
    1 -5.125160 0.316416 0.000000 -1.570795 -1.570787 0.000000
    2 1.293670 0.684478 -0.000001 -0.000004 -0.000001 0.266227
    3 5.309685 -0.003834 0.000000 0.084609 -0.003559 0.248485
    4 4.826790 -0.004591 0.000000 -0.108590 0.076378 0.257336
    5 5.792767 -0.005304 0.000000 -0.115571 0.054386 0.254846
    6 6.662322 -0.001452 0.000000 0.015916 -0.017112 0.491136
    7 -3.108188 1.516823 4.339626 1.238993 -1.024532 -4.799756
    8 4.827512 0.000000 -0.000002 -0.374115 0.540799 -0.888194
    9 11.140032 0.000000 0.000000 0.070821 -0.162950 -1.461139
    10 10.314563 -0.000001 0.000001 -3.313541 0.228279 -0.012992
    11 1.646836 0.445664 -1.699647 -0.161704 0.581044 -0.283978
    12 0.928312 0.000000 0.000000 0.000000 0.000000 0.000000
    13 0.928313 0.000000 -0.000001 0.000000 0.000000 0.000000
    14 2.979373 -0.388274 -0.044205 -0.000805 -0.043611 0.000046
    15 1.435262 -0.000001 -0.000001 0.000000 0.000000 0.872146
    16 1.482593 -0.000001 0.000001 0.000000 0.000000 0.907041
    17 -2.869899 1.399667 -4.140396 -1.163265 1.764468 -4.903713
    18 4.972047 0.000000 0.000000 1.154331 -0.603475 -1.597779
    19 11.585358 0.000000 0.000001 0.386603 -0.361813 -1.902959
    20 10.127058 0.000000 0.000001 1.960763 0.596700 0.774136
    21 1.537458 0.109715 1.664489 -0.264662 -0.055995 0.783079
    22 0.928313 0.000000 0.000002 0.000000 0.000000 -0.453501
    23 0.928311 0.000000 0.000001 0.000000 0.000000 0.000000
    24 2.686395 -0.427337 0.044204 -0.005762 0.043239 -0.157074
    25 1.435260 0.000000 0.000001 0.000000 0.000000 0.732613
    26 1.482593 0.000000 -0.000001 0.000000 0.000000 1.168644
    27 2.046984 0.000001 0.000000 0.277066 0.134447 0.077792
    28 -0.000005 0.000007 3.713254 -3.203589 -0.120510 1.238207
    29 18.045723 0.000000 0.000000 0.000000 0.000000 -1.756985
    30 17.597597 0.000000 0.000000 -0.210887 0.105219 -0.140668
    31 0.000005 -0.000003 -3.713254 0.849207 2.461380 5.480900
    32 18.045721 0.000000 0.000000 0.000000 0.000000 -2.603394
    33 17.597597 0.000000 0.000000 0.361247 -0.168016 0.788579
  time 16
    0 -1.756901 -2.027255 -20.585090 0.000000 0.000000 -1.571017
    1 -5.132973 0.316416 0.000000 -1.570795 -1.570787 0.000000
    2 1.293670 0.684478 -0.000001 -0.000004 -0.000001 0.266227
    3 5.309685 -0.003834 0.000000 0.109658 -0.004614 0.256010
    4 4.826790 -0.004591 0.000000 -0.097661 0.077984 0.268360
    5 5.792767 -0.005304 0.000000 -0.106164 0.054662 0.265414
    6 6.662322 -0.001452 0.000000 0.021716 -0.023338 0.498456
    7 -3.108188 1.516823 4.339626 1.238993 -1.024532 -4.799756
    8 4.827512 0.000000 -0.000002 -0.230864 0.710238 -0.750940
    9 11.140032 0.000000 0.000000 0.070821 -0.163125 -1.673428
    10 10.314563 -0.000001 0.000001 -3.091196 0.236522 0.148714
    11 1.646836 0.445664 -1.699647 -0.161704 0.581044 -0.283978
    12 0.928312 0.000000 0.000000 0.000000 0.000000 0.000000
    13 0.928313 0.000000 -0.000001 0.000000 0.000000 0.000000
    14 2.979373 -0.388274 -0.044205 -0.000805 -0.043611 0.000046
    15 1.435262 -0.000001 -0.000001 0.000000 0.000000 0.872146
    16 1.482593 -0.000001 0.000001 0.000000 0.000000 0.907041
    17 -2.869899 1.399667 -4.140396 -1.163265 1.764468 -4.903713
    18 4.972047 0.000000 0.000000 1.164743 -0.599297 -1.557047
    19 11.585358 0.000000 0.000001 0.386603 -0.350673 -1.979575
    20 10.127058 0.000000 0.000001 1.960763 0.596700 0.774136
    21 1.537458 0.109715 1.664489 -0.264662 -0.055995 0.783079
    22 0.928313 0.000000 0.000002 0.000000 0.000000 -0.453501
    23 0.928311 0.000000 0.000001 0.000000 0.000000 0.000000
    24 2.686395 -0.427337 0.044204 -0.005762 0.043239 -0.157074
    25 1.435260 0.000000 0.000001 0.000000 0.000000 0.732613
    26 1.482593 0.000000 -0.000001 0.000000 0.000000 1.168644
    27 2.046984 0.000001 0.000000 0.289302 0.117040 0.110822
    28 -0.000005 0.000007 3.713254 -3.203781 -0.120318 1.238303
    29 18.045723 0.000000 0.000000 0.000000 0.000000 -1.756467
    30 17.597597 0.000000 0.000000 -0.211039 0.105293 -0.141080
    31 0.000005 -0.000003 -3.713254 0.849303 2.460901 5.480133
    32 18.045721 0.000000 0.000000 0.000000 0.000000 -2.603394
    33 17.597597 0.000000 0.000000 0.361515 -0.168509 0.787748
  time 17
    0 -1.756901 -2.027255 -20.585090 0.000000 0.000000 -1.571017
    1 -5.132973 0.316416 0.000000 -1.570795 -1.570787 0.000000
    2 1.293670 0.684478 -0.000001 -0.000004 -0.000001 0.266227
    3 5.309685 -0.003834 0.000000 0.132665 -0.005585 0.262899
    4 4.826790 -0.004591 0.000000 -0.086731 0.079602 0.279406
    5 5.792767 -0.005304 0.000000 -0.096360 0.054937 0.276439
    6 6.662322 -0.001452 0.000000 0.027912 -0.029991 0.506317
    7 -3.108188 1.516823 4.339626 1.238993 -1.024532 -4.799756
    8 4.827512 0.000000 -0.000002 0.000953 0.900483 -0.508752
    9 11.140032 0.000000 0.000000 0.070821 -0.158631 -1.826667
    10 10.314563 -0.000001 0.000001 -2.868946 0.244859 0.310479
    11 1.646836 0.445664 -1.699647 -0.161704 0.581044 -0.283978
    12 0.928312 0.000000 0.000000 0.000000 0.000000 0.000000
    13 0.928313 0.000000 -0.000001 0.000000 0.000000 0.000000
    14 2.979373 -0.388274 -0.044205 -0.000805 -0.043611 0.000046
    15 1.435262 -0.000001 -0.000001 0.000000 0.000000 0.872146
    16 1.482593 -0.000001 0.000001 0.000000 0.000000 0.907041
    17 -2.869899 1.399667 -4.140396 -1.163265 1.764468 -4.903713
    18 4.972047 0.000000 0.000000 1.179094 -0.593994 -1.520508
    19 11.585358 0.000000 0.000001 0.386603 -0.338102 -2.052923
    20 10.127058 0.000000 0.000001 1.960763 0.596700 0.774136
    21 1.537458 0.109715 1.664489 -0.264662 -0.055995 0.783079
    22 0.928313 0.000000 0.000002 0.000000 0.000000 -0.453501
    23 0.928311 0.000000 0.000001 0.000000 0.000000 0.000000
    24 2.686395 -0.427337 0.044204 -0.005762 0.043239 -0.157074
    25 1.435260 0.000000 0.000001 0.000000 0.000000 0.732613
    26 1.482593 0.000000 -0.000001 0.000000 0.000000 1.168644
    27 2.046984 0.000001 0.000000 0.299943 0.101905 0.139472
    28 -0.000005 0.000007 3.713254 -3.203781 -0.120222 1.238399
    29 18.045723 0.000000 0.000000 0.000000 0.000000 -1.756319
    30 17.597597 0.000000 0.000000 -0.211115 0.105293 -0.141264
    31 0.000005 -0.000003 -3.713254 0.849303 2.460613 5.479846
    32 18.045721 0.000000 0.000000 0.000000 0.000000 -2.603394
    33 17.597597 0.000000 0.000000 0.361582 -0.168726 0.787471
  time 18
    0 -1.756901 -2.027255 -20.585090 0.000000 0.000000 -1.571017
    1 -5.132973 0.324229 0.000000 -1.570795 -1.570787 0.000000
    2 1.293670 0.684478 -0.000001 -0.000004 -0.000001 0.266227
    3 5.309685 -0.003834 0.000000 0.151622 -0.006376 0.268586
    4 4.826790 -0.004591 0.000000 -0.076431 0.081124 0.289813
    5 5.792767 -0.005304 0.000000 -0.086557 0.055225 0.287443
    6 6.662322 -0.001452 0.000000 0.034312 -0.036863 0.514406
    7 -3.108188 1.516823 4.339626 1.238993 -1.024532 -4.799756
    8 4.827512 0.000000 -0.000002 0.372992 1.065744 -0.076107
    9 11.140032 0.000000 0.000000 0.070821 -0.155835 -1.884847
    10 10.314563 -0.000001 0.000001 -2.659111 0.252728 0.463127
    11 1.646836 0.445664 -1.699647 -0.161704 0.581044 -0.283978
    12 0.928312 0.000000 0.000000 0.000000 0.000000 0.000000
    13 0.928313 0.000000 -0.000001 0.000000 0.000000 0.000000
    14 2.979373 -0.388274 -0.044205 -0.000805 -0.043611 0.000046
    15 1.435262 -0.000001 -0.000001 0.000000 0.000000 0.872146
    16 1.482593 -0.000001 0.000001 0.000000 0.000000 0.907041
    17 -2.869899 1.399667 -4.140396 -1.163265 1.764468 -4.903713
    18 4.972047 0.000000 0.000000 1.196822 -0.587727 -1.491823
    19 11.585358 0.000000 0.000001 0.386603 -0.325328 -2.118920
    20 10.127058 0.000000 0.000001 1.960763 0.596700 0.774136
    21 1.537458 0.109715 1.664489 -0.264662 -0.055995 0.783079
    22 0.928313 0.000000 0.000002 0.000000 0.000000 -0.453501
    23 0.928311 0.000000 0.000001 0.000000 0.000000 0.000000
    24 2.686395 -0.427337 0.044204 -0.005762 0.043239 -0.157074
    25 1.435260 0.000000 0.000001 0.000000 0.000000 0.732613
    26 1.482593 0.000000 -0.000001 0.000000 0.000000 1.168644
    27 2.046984 0.000001 0.000000 0.308344 0.089956 0.162100
    28 -0.000005 0.000007 3.713254 -3.203781 -0.120222 1.238399
    29 18.045723 0.000000 0.000000 0.000000 0.000000 -1.756245
    30 17.597597 0.000000 0.000000 -0.211115 0.105293 -0.141355
    31 0.000005 -0.000003 -3.713254 0.849495 2.460613 5.479846
    32 18.045721 0.000000 0.000000 0.000000 0.000000 -2.603394
    33 17.597597 0.000000 0.000000 0.361515 -0.168746 0.787471
  time 19
    0 -1.756901 -2.027255 -20.585090 0.000000 0.000000 -1.571017
    1 -5.132973 0.316416 0.000000 -1.570795 -1.570787 0.000000
    2 1.293670 0.684478 -0.000001 -0.000004 -0.000001 0.266227
    3 5.309685 -0.003834 0.000000 0.164487 -0.006915 0.272455
    4 4.826790 -0.004591 0.000000 -0.067332 0.082454 0.298985
    5 5.792767 -0.005304 0.000000 -0.077149 0.055501 0.298011
    6 6.662322 -0.001452 0.000000 0.040712 -0.043735 0.522523
    7 -3.108188 1.516823 4.339626 1.238993 -1.024532 -4.799756
    8 4.827512 0.000000 -0.000002 0.820284 1.126373 0.491540
    9 11.140032 0.000000 0.000000 0.070821 -0.158207 -1.837535
    10 10.314563 -0.000001 0.000001 -2.474202 0.259566 0.597660
    11 1.646836 0.445664 -1.699647 -0.161704 0.581044 -0.283978
    12 0.928312 0.000000 0.000000 0.000000 0.000000 0.000000
    13 0.928313 0.000000 -0.000001 0.000000 0.000000 0.000000
    14 2.979373 -0.388274 -0.044205 -0.000805 -0.043611 0.000046
    15 1.435262 -0.000001 -0.000001 0.000000 0.000000 0.872146
    16 1.482593 -0.000001 0.000001 0.000000 0.000000 0.907041
    17 -2.869899 1.399667 -4.140396 -1.163265 1.764468 -4.903713
    18 4.972047 0.000000 0.000000 1.216426 -0.580495 -1.472255
    19 11.585358 0.000000 0.000001 0.386603 -0.313960 -2.172094
    20 10.127058 0.000000 0.000001 1.960763 0.596700 0.774136
    21 1.537458 0.109715 1.664489 -0.264662 -0.055995 0.783079
    22 0.928313 0.000000 0.000002 0.000000 0.000000 -0.453501
    23 0.928311 0.000000 0.000001 0.000000 0.000000 0.000000
    24 2.686395 -0.427337 0.044204 -0.005762 0.043239 -0.157074
    25 1.435260 0.000000 0.000001 0.000000 0.000000 0.732613
    26 1.482593 0.000000 -0.000001 0.000000 0.000000 1.168644
    27 2.046984 0.000001 0.000000 0.313816 0.082138 0.176942
    28 -0.000005 0.000007 3.713254 -3.203781 -0.120222 1.238303
    29 18.045723 0.000000 0.000000 0.000000 0.000000 -1.756319
    30 17.597597 0.000000 0.000000 -0.211115 0.105244 -0.141218
    31 0.000005 -0.000003 -3.713254 0.849495 2.460613 5.480038
    32 18.045721 0.000000 0.000000 0.000000 0.000000 -2.603394
    33 17.597597 0.000000 0.000000 0.361448 -0.168746 0.787563
  time 20
    0 -1.756901 -2.027255 -20.585090 0.000000 0.000000 -1.571017
    1 -5.132973 0.316416 0.000000 -1.570795 -1.570787 0.000000
    2 1.293670 0.684478 -0.000001 -0.000004 -0.000001 0.266227
    3 5.309685 -0.003834 0.000000 0.169235 -0.007119 0.273868
    4 4.826790 -0.004591 0.000000 -0.060084 0.083533 0.306305
    5 5.792767 -0.005304 0.000000 -0.068551 0.055740 0.307666
    6 6.662322 -0.001452 0.000000 0.046920 -0.050401 0.530355
    7 -3.108188 1.516823 4.339626 1.238993 -1.024532 -4.799756
    8 4.827512 0.000000 -0.000002 1.069479 1.107443 0.875662
    9 11.140032 0.000000 0.000000 0.070821 -0.162376 -1.706974
    10 10.314563 -0.000001 0.000001 -2.326636 0.265092 0.704961
    11 1.646836 0.445664 -1.699647 -0.161704 0.581044 -0.283978
    12 0.928312 0.000000 0.000000 0.000000 0.000000 0.000000
    13 0.928313 0.000000 -0.000001 0.000000 0.000000 0.000000
    14 2.979373 -0.388274 -0.044205 -0.000805 -0.043611 0.000046
    15 1.435262 -0.000001 -0.000001 0.000000 0.000000 0.872146
    16 1.482593 -0.000001 0.000001 0.000000 0.000000 0.907041
    17 -2.869899 1.399667 -4.140396 -1.163265 1.764468 -4.903713
    18 4.972047 0.000000 0.000000 1.235467 -0.572219 -1.462072
    19 11.585358 0.000000 0.000001 0.386603 -0.305951 -2.207135
    20 10.127058 0.000000 0.000001 1.960763 0.596700 0.774136
    21 1.537458 0.109715 1.664489 -0.264662 -0.055995 0.783079
    22 0.928313 0.000000 0.000002 0.000000 0.000000 -0.453501
    23 0.928311 0.000000 0.000001 0.000000 0.000000 0.000000
    24 2.686395 -0.427337 0.044204 -0.005762 0.043239 -0.157074
    25 1.435260 0.000000 0.000001 0.000000 0.000000 0.732613
    26 1.482593 0.000000 -0.000001 0.000000 0.000000 1.168644
    27 2.046984 0.000001 0.000000 0.315798 0.079305 0.182295
    28 -0.000005 0.000007 3.713254 -3.204068 -0.120606 1.238399
    29 18.045723 0.000000 0.000000 0.000000 0.000000 -1.756393
    30 17.597597 0.000000 0.000000 -0.210887 0.105637 -0.141218
    31 0.000005 -0.000003 -3.713254 0.848441 2.461380 5.479079
    32 18.045721 0.000000 0.000000 0.000000 0.000000 -2.603394
    33 17.597597 0.000000 0.000000 0.362388 -0.168095 0.787471
  time 21
    0 -1.756901 -2.027255 -20.585090 0.000000 0.000000 -1.571017
    1 -5.132973 0.316416 0.000000 -1.570795 -1.570787 0.000000
    2 1.293670 0.684478 -0.000001 -0.000004 -0.000001 0.266227
    3 5.309685 -0.003834 0.000000 0.165287 -0.006951 0.273091
    4 4.826790 -0.004591 0.000000 -0.055277 0.084240 0.311155
    5 5.792767 -0.005304 0.000000 -0.061158 0.055956 0.315971
    6 6.662322 -0.001452 0.000000 0.052708 -0.056627 0.537703
    7 -3.108188 1.516823 4.339626 1.238993 -1.024532 -4.799756
    8 4.827512 0.000000 -0.000002 1.121614 1.092605 1.029206
    9 11.140032 0.000000 0.000000 0.070821 -0.163849 -1.541563
    10 10.314563 -0.000001 0.000001 -2.229016 0.268746 0.776030
    11 1.646836 0.445664 -1.699647 -0.161704 0.581044 -0.283978
    12 0.928312 0.000000 0.000000 0.000000 0.000000 0.000000
    13 0.928313 0.000000 -0.000001 0.000000 0.000000 0.000000
    14 2.979373 -0.388274 -0.044205 -0.000805 -0.043611 0.000046
    15 1.435262 -0.000001 -0.000001 0.000000 0.000000 0.872146
    16 1.482593 -0.000001 0.000001 0.000000 0.000000 0.907041
    17 -2.869899 1.399667 -4.140396 -1.163265 1.764468 -4.903713
    18 4.972047 0.000000 0.000000 1.251413 -0.563702 -1.460275
    19 11.585358 0.000000 0.000001 0.386603 -0.302320 -2.222164
    20 10.127058 0.000000 0.000001 1.960763 0.596700 0.774136
    21 1.537458 0.109715 1.664489 -0.264662 -0.055995 0.783079
    22 0.928313 0.000000 0.000002 0.000000 0.000000 -0.453501
    23 0.928311 0.000000 0.000001 0.000000 0.000000 0.000000
    24 2.686395 -0.427337 0.044204 -0.005762 0.043239 -0.157074
    25 1.435260 0.000000 0.000001 0.000000 0.000000 0.732613
    26 1.482593 0.000000 -0.000001 0.000000 0.000000 1.168644
    27 2.046984 0.000001 0.000000 0.313816 0.082138 0.176942
    28 -0.000005 0.000007 3.713254 -3.204068 -0.120606 1.238399
    29 18.045723 0.000000 0.000000 0.000000 0.000000 -1.756393
    30 17.597597 0.000000 0.000000 -0.210887 0.105637 -0.141218
    31 0.000005 -0.000003 -3.713254 0.848441 2.461380 5.479079
    32 18.045721 0.000000 0.000000 0.000000 0.000000 -2.603394
    33 17.597597 0.000000 0.000000 0.362388 -0.168095 0.787471
  time 22
    0 -1.756901 -2.027255 -20.585090 0.000000 0.000000 -1.571017
    1 -5.132973 0.316416 0.000000 -1.570795 -1.570787 0.000000
    2 1.293670 0.684478 -0.000001 -0.000004 -0.000001 0.266227
    3 5.309685 -0.003834 0.000000 0.154481 -0.006496 0.270883
    4 4.826790 -0.004591 0.000000 -0.053542 0.084491 0.312919
    5 5.792767 -0.005304 0.000000 -0.055384 0.056124 0.322449
    6 6.662322 -0.001452 0.000000 0.057910 -0.062207 0.544283
    7 -3.108188 1.516823 4.339626 1.238993 -1.024532 -4.799756
    8 4.827512 0.000000 -0.000002 1.099213 1.096272 1.063520
    9 11.140032 0.000000 0.000000 0.070821 -0.161602 -1.397815
    10 10.314563 -0.000001 0.000001 -2.193664 0.270057 0.801752
    11 1.646836 0.445664 -1.699647 -0.161704 0.581044 -0.283978
    12 0.928312 0.000000 0.000000 0.000000 0.000000 0.000000
    13 0.928313 0.000000 -0.000001 0.000000 0.000000 0.000000
    14 2.979373 -0.388274 -0.044205 -0.000805 -0.043611 0.000046
    15 1.435262 -0.000001 -0.000001 0.000000 0.000000 0.872146
    16 1.482593 -0.000001 0.000001 0.000000 0.000000 0.907041
    17 -2.869899 1.399667 -4.140396 -1.163265 1.764468 -4.903713
    18 4.972047 0.000000 0.000000 1.262481 -0.555426 -1.464468
    19 11.585358 0.000000 0.000001 0.386603 -0.303319 -2.218080
    20 10.127058 0.000000 0.000001 1.960763 0.596700 0.774136
    21 1.537458 0.109715 1.664489 -0.264662 -0.055995 0.783079
    22 0.928313 0.000000 0.000002 0.000000 0.000000 -0.453501
    23 0.928311 0.000000 0.000001 0.000000 0.000000 0.000000
    24 2.686395 -0.427337 0.044204 -0.005762 0.043239 -0.157074
    25 1.435260 0.000000 0.000001 0.000000 0.000000 0.732613
    26 1.482593 0.000000 -0.000001 0.000000 0.000000 1.168644
    27 2.046984 0.000001 0.000000 0.308344 0.089956 0.162100
    28 -0.000005 0.000007 3.713254 -3.204068 -0.120606 1.238399
    29 18.045723 0.000000 0.000000 0.000000 0.000000 -1.756393
    30 17.597597 0.000000 0.000000 -0.210887 0.105637 -0.141218
    31 0.000005 -0.000003 -3.713254 0.848441 2.461380 5.479079
    32 18.045721 0.000000 0.000000 0.000000 0.000000 -2.603394
    33 17.597597 0.000000 0.000000 0.362388 -0.168095 0.787471
  time 23
    0 -1.756901 -2.027255 -20.585090 0.000000 0.000000 -1.571017
    1 -5.132973 0.316416 0.000000 -1.570795 -1.570787 0.000000
    2 1.293670 0.684478 -0.000001 -0.000004 -0.000001 0.266227
    3 5.309685 -0.003834 0.000000 0.138332 -0.005825 0.267474
    4 4.826790 -0.004591 0.000000 -0.056021 0.084132 0.311089
    5 5.792767 -0.005304 0.000000 -0.051625 0.056232 0.326685
    6 6.662322 -0.001452 0.000000 0.062296 -0.066921 0.549836
    7 -3.108188 1.516823 4.339626 1.238993 -1.024532 -4.799756
    8 4.827512 0.000000 -0.000002 1.081117 1.100706 1.064299
    9 11.140032 0.000000 0.000000 0.070821 -0.159430 -1.336809
    10 10.314563 -0.000001 0.000001 -2.223898 0.268933 0.779746
    11 1.646836 0.445664 -1.699647 -0.161704 0.581044 -0.283978
    12 0.928312 0.000000 0.000000 0.000000 0.000000 0.000000
    13 0.928313 0.000000 -0.000001 0.000000 0.000000 0.000000
    14 2.979373 -0.388274 -0.044205 -0.000805 -0.043611 0.000046
    15 1.435262 -0.000001 -0.000001 0.000000 0.000000 0.872146
    16 1.482593 -0.000001 0.000001 0.000000 0.000000 0.907041
    17 -2.869899 1.399667 -4.140396 -1.163265 1.764468 -4.903713
    18 4.972047 0.000000 0.000000 1.267265 -0.548195 -1.473520
    19 11.585358 0.000000 0.000001 0.386603 -0.308855 -2.194964
    20 10.127058 0.000000 0.000001 1.960763 0.596700 0.774136
    21 1.537458 0.109715 1.664489 -0.264662 -0.055995 0.783079
    22 0.928313 0.000000 0.000002 0.000000 0.000000 -0.453501
    23 0.928311 0.000000 0.000001 0.000000 0.000000 0.000000
    24 2.686395 -0.427337 0.044204 -0.005762 0.043239 -0.157074
    25 1.435260 0.000000 0.000001 0.000000 0.000000 0.732613
    26 1.482593 0.000000 -0.000001 0.000000 0.000000 1.168644
    27 2.046984 0.000001 0.000000 0.299943 0.101905 0.139472
    28 -0.000005 0.000007 3.713254 -3.204068 -0.120606 1.238399
    29 18.045723 0.000000 0.000000 0.000000 0.000000 -1.756393
    30 17.597597 0.000000 0.000000 -0.210887 0.105637 -0.141218
    31 0.000005 -0.000003 -3.713254 0.848441 2.461380 5.479079
    32 18.045721 0.000000 0.000000 0.000000 0.000000 -2.603394
    33 17.597597 0.000000 0.000000 0.362388 -0.168095 0.787471
  time 24
    0 -1.756901 -2.027255 -20.585090 0.000000 0.000000 -1.571017
    1 -5.132973 0.316416 0.000000 -1.570795 -1.570787 0.000000
    2 1.293670 0.684478 -0.000001 -0.000004 -0.000001 0.266227
    3 5.309685 -0.003834 0.000000 0.118371 -0.004974 0.263075
    4 4.826790 -0.004591 0.000000 -0.062716 0.083137 0.306040
    5 5.792767 -0.005304 0.000000 -0.050276 0.056268 0.328180
    6 6.662322 -0.001452 0.000000 0.065676 -0.070549 0.554109
    7 -3.108188 1.516823 4.339626 1.238993 -1.024532 -4.799756
    8 4.827512 0.000000 -0.000002 1.020772 1.106419 0.987614
    9 11.140032 0.000000 0.000000 0.070821 -0.159805 -1.347243
    10 10.314563 -0.000001 0.000001 -2.308059 0.265748 0.718490
    11 1.646836 0.445664 -1.699647 -0.161704 0.581044 -0.283978
    12 0.928312 0.000000 0.000000 0.000000 0.000000 0.000000
    13 0.928313 0.000000 -0.000001 0.000000 0.000000 0.000000
    14 2.979373 -0.388274 -0.044205 -0.000805 -0.043611 0.000046
    15 1.435262 -0.000001 -0.000001 0.000000 0.000000 0.872146
    16 1.482593 -0.000001 0.000001 0.000000 0.000000 0.907041
    17 -2.869899 1.399667 -4.140396 -1.163265 1.764468 -4.903713
    18 4.972047 0.000000 0.000000 1.265764 -0.542008 -1.487763
    19 11.585358 0.000000 0.000001 0.386603 -0.317818 -2.153961
    20 10.127058 0.000000 0.000001 1.960763 0.596700 0.774136
    21 1.537458 0.109715 1.664489 -0.264662 -0.055995 0.783079
    22 0.928313 0.000000 0.000002 0.000000 0.000000 -0.453501
    23 0.928311 0.000000 0.000001 0.000000 0.000000 0.000000
    24 2.686395 -0.427337 0.044204 -0.005762 0.043239 -0.157074
    25 1.435260 0.000000 0.000001 0.000000 0.000000 0.732613
    26 1.482593 0.000000 -0.000001 0.000000 0.000000 1.168644
    27 2.046984 0.000001 0.000000 0.289302 0.117040 0.110822
    28 -0.000005 0.000007 3.713254 -3.204068 -0.120606 1.238399
    29 18.045723 0.000000 0.000000 0.000000 0.000000 -1.756393
    30 17.597597 0.000000 0.000000 -0.210887 0.105637 -0.141218
    31 0.000005 -0.000003 -3.713254 0.848441 2.461380 5.479079
    32 18.045721 0.000000 0.000000 0.000000 0.000000 -2.603394
    33 17.597597 0.000000 0.000000 0.362388 -0.168095 0.787471
  time 25
    0 -1.756901 -2.027255 -20.585090 0.000000 0.000000 -1.571017
    1 -5.132973 0.316416 0.000000 -1.570795 -1.570787 0.000000
    2 1.293670 0.684478 -0.000001 -0.000004 -0.000001 0.266227
    3 5.309685 -0.003834 0.000000 0.096112 -0.004039 0.257918
    4 4.826790 -0.004591 0.000000 -0.072597 0.081687 0.298367
    5 5.792767 -0.005304 0.000000 -0.054233 0.056160 0.324712
    6 6.662322 -0.001452 0.000000 0.067857 -0.072900 0.556871
    7 -3.108188 1.516823 4.339626 1.238993 -1.024532 -4.799756
    8 4.827512 0.000000 -0.000002 0.879274 1.111280 0.817692
    9 11.140032 0.000000 0.000000 0.070821 -0.160254 -1.359632
    10 10.314563 -0.000001 0.000001 -2.436386 0.260971 0.625182
    11 1.646836 0.445664 -1.699647 -0.161704 0.581044 -0.283978
    12 0.928312 0.000000 0.000000 0.000000 0.000000 0.000000
    13 0.928313 0.000000 -0.000001 0.000000 0.000000 0.000000
    14 2.979373 -0.388274 -0.044205 -0.000805 -0.043611 0.000046
    15 1.435262 -0.000001 -0.000001 0.000000 0.000000 0.872146
    16 1.482593 -0.000001 0.000001 0.000000 0.000000 0.907041
    17 -2.869899 1.399667 -4.140396 -1.163265 1.764468 -4.903713
    18 4.972047 0.000000 0.000000 1.258073 -0.537508 -1.507596
    19 11.585358 0.000000 0.000001 0.386603 -0.330161 -2.095805
    20 10.127058 0.000000 0.000001 1.960763 0.596700 0.774136
    21 1.537458 0.109715 1.664489 -0.264662 -0.055995 0.783079
    22 0.928313 0.000000 0.000002 0.000000 0.000000 -0.453501
    23 0.928311 0.000000 0.000001 0.000000 0.000000 0.000000
    24 2.686395 -0.427337 0.044204 -0.005762 0.043239 -0.157074
    25 1.435260 0.000000 0.000001 0.000000 0.000000 0.732613
    26 1.482593 0.000000 -0.000001 0.000000 0.000000 1.168644
    27 2.046984 0.000001 0.000000 0.277066 0.134447 0.077792
    28 -0.000005 0.000007 3.713254 -3.204068 -0.120606 1.238399
    29 18.045723 0.000000 0.000000 0.000000 0.000000 -1.756393
    30 17.597597 0.000000 0.000000 -0.210887 0.105637 -0.141218
    31 0.000005 -0.000003 -3.713254 0.848441 2.461380 5.479079
    32 18.045721 0.000000 0.000000 0.000000 0.000000 -2.603394
    33 17.597597 0.000000 0.000000 0.362388 -0.168095 0.787471
  time 26
    0 -1.756901 -2.027255 -20.585090 0.000000 0.000000 -1.571017
    1 -5.132973 0.316416 0.000000 -1.570795 -1.570787 0.000000
    2 1.293670 0.684478 -0.000001 -0.000004 -0.000001 0.266227
    3 5.309685 -0.003834 0.000000 0.073105 -0.003068 0.252212
    4 4.826790 -0.004591 0.000000 -0.084614 0.079913 0.288688
    5 5.792767 -0.005304 0.000000 -0.064684 0.055848 0.315328
    6 6.662322 -0.001452 0.000000 0.068624 -0.073724 0.557840
    7 -3.108188 1.516823 4.339626 1.238993 -1.024532 -4.799756
    8 4.827512 0.000000 -0.000002 0.750770 1.101559 0.659036
    9 11.140032 0.000000 0.000000 0.070821 -0.161802 -1.407234
    10 10.314563 -0.000001 0.000001 -2.598928 0.254976 0.506907
    11 1.646836 0.445664 -1.699647 -0.161704 0.581044 -0.283978
    12 0.928312 0.000000 0.000000 0.000000 0.000000 0.000000
    13 0.928313 0.000000 -0.000001 0.000000 0.000000 0.000000
    14 2.979373 -0.388274 -0.044205 -0.000805 -0.043611 0.000046
    15 1.435262 -0.000001 -0.000001 0.000000 0.000000 0.872146
    16 1.482593 -0.000001 0.000001 0.000000 0.000000 0.907041
    17 -2.869899 1.399667 -4.140396 -1.163265 1.764468 -4.903713
    18 4.972047 0.000000 0.000000 1.245597 -0.534696 -1.535084
    19 11.585358 0.000000 0.000001 0.386603 -0.344047 -2.020741
    20 10.127058 0.000000 0.000001 1.960763 0.596700 0.774136
    21 1.537458 0.109715 1.664489 -0.264662 -0.055995 0.783079
    22 0.928313 0.000000 0.000002 0.000000 0.000000 -0.453501
    23 0.928311 0.000000 0.000001 0.000000 0.000000 0.000000
    24 2.686395 -0.427337 0.044204 -0.005762 0.043239 -0.157074
    25 1.435260 0.000000 0.000001 0.000000 0.000000 0.732613
    26 1.482593 0.000000 -0.000001 0.000000 0.000000 1.168644
    27 2.046984 0.000001 0.000000 0.263883 0.153241 0.042207
    28 -0.000005 0.000007 3.713254 -3.204068 -0.120606 1.238399
    29 18.045723 0.000000 0.000000 0.000000 0.000000 -1.756393
    30 17.597597 0.000000 0.000000 -0.210887 0.105637 -0.141218
    31 0.000005 -0.000003 -3.713254 0.848441 2.461380 5.479079
    32 18.045721 0.000000 0.000000 0.000000 0.000000 -2.603394
    33 17.597597 0.000000 0.000000 0.362388 -0.168095 0.787471
  time 27
    0 -1.756901 -2.027255 -20.585090 0.000000 0.000000 -1.571017
    1 -5.132973 0.316416 0.000000 -1.570795 -1.570787 0.000000
    2 1.293670 0.684478 -0.000001 -0.000004 -0.000001 0.266227
    3 5.309685 -0.003834 0.000000 0.050847 -0.002133 0.246171
    4 4.826790 -0.004591 0.000000 -0.097661 0.077984 0.277664
    5 5.792767 -0.005304 0.000000 -0.079434 0.055429 0.301666
    6 6.662322 -0.001452 0.000000 0.067629 -0.072652 0.556587
    7 -3.108188 1.516823 4.339626 1.238993 -1.024532 -4.799756
    8 4.827512 0.000000 -0.000002 0.629999 1.081093 0.496306
    9 11.140032 0.000000 0.000000 0.070821 -0.163624 -1.506133
    10 10.314563 -0.000001 0.000001 -2.786016 0.247950 0.370748
    11 1.646836 0.445664 -1.699647 -0.161704 0.581044 -0.283978
    12 0.928312 0.000000 0.000000 0.000000 0.000000 0.000000
    13 0.928313 0.000000 -0.000001 0.000000 0.000000 0.000000
    14 2.979373 -0.388274 -0.044205 -0.000805 -0.043611 0.000046
    15 1.435262 -0.000001 -0.000001 0.000000 0.000000 0.872146
    16 1.482593 -0.000001 0.000001 0.000000 0.000000 0.907041
    17 -2.869899 1.399667 -4.140396 -1.163265 1.764468 -4.903713
    18 4.972047 0.000000 0.000000 1.231434 -0.533250 -1.569559
    19 11.585358 0.000000 0.000001 0.386603 -0.357638 -1.934569
    20 10.127058 0.000000 0.000001 1.960763 0.596700 0.774136
    21 1.537458 0.109715 1.664489 -0.264662 -0.055995 0.783079
    22 0.928313 0.000000 0.000002 0.000000 0.000000 -0.453501
    23 0.928311 0.000000 0.000001 0.000000 0.000000 0.000000
    24 2.686395 -0.427337 0.044204 -0.005762 0.043239 -0.157074
    25 1.435260 0.000000 0.000001 0.000000 0.000000 0.732613
    26 1.482593 0.000000 -0.000001 0.000000 0.000000 1.168644
    27 2.046984 0.000001 0.000000 0.250355 0.172477 0.005710
    28 -0.000005 0.000007 3.713254 -3.204068 -0.120606 1.238399
    29 18.045723 0.000000 0.000000 0.000000 0.000000 -1.756393
    30 17.597597 0.000000 0.000000 -0.210887 0.105637 -0.141218
    31 0.000005 -0.000003 -3.713254 0.848441 2.461380 5.479079
    32 18.045721 0.000000 0.000000 0.000000 0.000000 -2.603394
    33 17.597597 0.000000 0.000000 0.362388 -0.168095 0.787471
  time 28
    0 -1.756901 -2.027255 -20.585090 0.000000 0.000000 -1.571017
    1 -5.132973 0.316416 0.000000 -1.570795 -1.570787 0.000000
    2 1.293670 0.684478 -0.000001 -0.000004 -0.000001 0.266227
    3 5.309685 -0.003834 0.000000 0.030886 -0.001294 0.240024
    4 4.826790 -0.004591 0.000000 -0.110727 0.076066 0.265890
    5 5.792767 -0.005304 0.000000 -0.096360 0.054937 0.285284
    6 6.662322 -0.001452 0.000000 0.064825 -0.069642 0.553026
    7 -3.108188 1.516823 4.339626 1.238993 -1.024532 -4.799756
    8 4.827512 0.000000 -0.000002 0.456774 1.046557 0.272315
    9 11.140032 0.000000 0.000000 0.070821 -0.163849 -1.602713
    10 10.314563 -0.000001 0.000001 -2.987890 0.240457 0.223906
    11 1.646836 0.445664 -1.699647 -0.161704 0.581044 -0.283978
    12 0.928312 0.000000 0.000000 0.000000 0.000000 0.000000
    13 0.928313 0.000000 -0.000001 0.000000 0.000000 0.000000
    14 2.979373 -0.388274 -0.044205 -0.000805 -0.043611 0.000046
    15 1.435262 -0.000001 -0.000001 0.000000 0.000000 0.872146
    16 1.482593 -0.000001 0.000001 0.000000 0.000000 0.907041
    17 -2.869899 1.399667 -4.140396 -1.163265 1.764468 -4.903713
    18 4.972047 0.000000 0.000000 1.217833 -0.533491 -1.608960
    19 11.585358 0.000000 0.000001 0.386603 -0.369074 -1.843659
    20 10.127058 0.000000 0.000001 1.960763 0.596700 0.774136
    21 1.537458 0.109715 1.664489 -0.264662 -0.055995 0.783079
    22 0.928313 0.000000 0.000002 0.000000 0.000000 -0.453501
    23 0.928311 0.000000 0.000001 0.000000 0.000000 0.000000
    24 2.686395 -0.427337 0.044204 -0.005762 0.043239 -0.157074
    25 1.435260 0.000000 0.000001 0.000000 0.000000 0.732613
    26 1.482593 0.000000 -0.000001 0.000000 0.000000 1.168644
    27 2.046984 0.000001 0.000000 0.237171 0.191271 -0.029875
    28 -0.000005 0.000007 3.713254 -3.204068 -0.120606 1.238399
    29 18.045723 0.000000 0.000000 0.000000 0.000000 -1.756393
    30 17.597597 0.000000 0.000000 -0.210887 0.105637 -0.141218
    31 0.000005 -0.000003 -3.713254 0.848441 2.461380 5.479079
    32 18.045721 0.000000 0.000000 0.000000 0.000000 -2.603394
    33 17.597597 0.000000 0.000000 0.362388 -0.168095 0.787471
  time 29
    0 -1.756901 -2.027255 -20.585090 0.000000 0.000000 -1.571017
    1 -5.132973 0.316416 0.000000 -1.570795 -1.570787 0.000000
    2 1.293670 0.684478 -0.000001 -0.000004 -0.000001 0.266227
    3 5.309685 -0.003834 0.000000 0.014737 -0.000611 0.233983
    4 4.826790 -0.004591 0.000000 -0.122724 0.074292 0.254006
    5 5.792767 -0.005304 0.000000 -0.113269 0.054458 0.267822
    6 6.662322 -0.001452 0.000000 0.060522 -0.065024 0.547586
    7 -3.108188 1.516823 4.339626 1.238993 -1.024532 -4.799756
    8 4.827512 0.000000 -0.000002 0.222805 0.980897 -0.012418
    9 11.140032 0.000000 0.000000 0.070821 -0.163475 -1.650677
    10 10.314563 -0.000001 0.000001 -3.194597 0.232682 0.073522
    11 1.646836 0.445664 -1.699647 -0.161704 0.581044 -0.283978
    12 0.928312 0.000000 0.000000 0.000000 0.000000 0.000000
    13 0.928313 0.000000 -0.000001 0.000000 0.000000 0.000000
    14 2.979373 -0.388274 -0.044205 -0.000805 -0.043611 0.000046
    15 1.435262 -0.000001 -0.000001 0.000000 0.000000 0.872146
    16 1.482593 -0.000001 0.000001 0.000000 0.000000 0.907041
    17 -2.869899 1.399667 -4.140396 -1.163265 1.764468 -4.903713
    18 4.972047 0.000000 0.000000 1.205545 -0.535982 -1.649226
    19 11.585358 0.000000 0.000001 0.386603 -0.377129 -1.755527
    20 10.127058 0.000000 0.000001 1.960763 0.596700 0.774136
    21 1.537458 0.109715 1.664489 -0.264662 -0.055995 0.783079
    22 0.928313 0.000000 0.000002 0.000000 0.000000 -0.453501
    23 0.928311 0.000000 0.000001 0.000000 0.000000 0.000000
    24 2.686395 -0.427337 0.044204 -0.005762 0.043239 -0.157074
    25 1.435260 0.000000 0.000001 0.000000 0.000000 0.732613
    26 1.482593 0.000000 -0.000001 0.000000 0.000000 1.168644
    27 2.046984 0.000001 0.000000 0.224936 0.208678 -0.062905
    28 -0.000005 0.000007 3.713254 -3.204068 -0.120606 1.238399
    29 18.045723 0.000000 0.000000 0.000000 0.000000 -1.756393
    30 17.597597 0.000000 0.000000 -0.210887 0.105637 -0.141218
    31 0.000005 -0.000003 -3.713254 0.848441 2.461380 5.479079
    32 18.045721 0.000000 0.000000 0.000000 0.000000 -2.603394
    33 17.597597 0.000000 0.000000 0.362388 -0.168095 0.787471
  time 30
    0 -1.756901 -2.027255 -20.585090 0.000000 0.000000 -1.571017
    1 -5.132973 0.316416 0.000000 -1.570795 -1.570787 0.000000
    2 1.293670 0.684478 -0.000001 -0.000004 -0.000001 0.266227
    3 5.309685 -0.003834 0.000000 0.003931 -0.000156 0.228260
    4 4.826790 -0.004591 0.000000 -0.132605 0.072842 0.242607
    5 5.792767 -0.005304 0.000000 -0.128037 0.054027 0.250818
    6 6.662322 -0.001452 0.000000 0.055021 -0.059114 0.540637
    7 -3.108188 1.516823 4.339626 1.238993 -1.024532 -4.799756
    8 4.827512 0.000000 -0.000002 -0.020013 0.872940 -0.299145
    9 11.140032 0.000000 0.000000 0.070821 -0.163724 -1.618943
    10 10.314563 -0.000001 0.000001 -3.396376 0.225188 -0.073204
    11 1.646836 0.445664 -1.699647 -0.161704 0.581044 -0.283978
    12 0.928312 0.000000 0.000000 0.000000 0.000000 0.000000
    13 0.928313 0.000000 -0.000001 0.000000 0.000000 0.000000
    14 2.979373 -0.388274 -0.044205 -0.000805 -0.043611 0.000046
    15 1.435262 -0.000001 -0.000001 0.000000 0.000000 0.872146
    16 1.482593 -0.000001 0.000001 0.000000 0.000000 0.907041
    17 -2.869899 1.399667 -4.140396 -1.163265 1.764468 -4.903713
    18 4.972047 0.000000 0.000000 1.194758 -0.541526 -1.685166
    19 11.585358 0.000000 0.000001 0.386603 -0.381531 -1.678421
    20 10.127058 0.000000 0.000001 1.960763 0.596700 0.774136
    21 1.537458 0.109715 1.664489 -0.264662 -0.055995 0.783079
    22 0.928313 0.000000 0.000002 0.000000 0.000000 -0.453501
    23 0.928311 0.000000 0.000001 0.000000 0.000000 0.000000
    24 2.686395 -0.427337 0.044204 -0.005762 0.043239 -0.157074
    25 1.435260 0.000000 0.000001 0.000000 0.000000 0.732613
    26 1.482593 0.000000 -0.000001 0.000000 0.000000 1.168644
    27 2.046984 0.000001 0.000000 0.214338 0.223813 -0.091556
    28 -0.000005 0.000007 3.713254 -3.204068 -0.120606 1.238399
    29 18.045723 0.000000 0.000000 0.000000 0.000000 -1.756393
    30 17.597597 0.000000 0.000000 -0.210887 0.105637 -0.141218
    31 0.000005 -0.000003 -3.713254 0.848441 2.461380 5.479079
    32 18.045721 0.000000 0.000000 0.000000 0.000000 -2.603394
    33 17.597597 0.000000 0.000000 0.362388 -0.168095 0.787471
  time 31
    0 -1.756901 -2.027255 -20.585090 0.000000 0.000000 -1.571017
    1 -5.132973 0.316416 0.000000 -1.570795 -1.570787 0.000000
    2 1.293670 0.684478 -0.000001 -0.000004 -0.000001 0.266227
    3 5.309685 -0.003834 0.000000 0.000000 0.000000 0.223103
    4 4.826790 -0.004591 0.000000 -0.139319 0.071848 0.232333
    5 5.792767 -0.005304 0.000000 -0.138470 0.053727 0.235910
    6 6.662322 -0.001452 0.000000 0.048621 -0.052228 0.532520
    7 -3.108188 1.516823 4.339626 1.238993 -1.024532 -4.799756
    8 4.827512 0.000000 -0.000002 -0.220023 0.735053 -0.543066
    9 11.140032 0.000000 0.000000 0.070821 -0.163574 -1.499322
    10 10.314563 -0.000001 0.000001 -3.583559 0.218163 -0.209362
    11 1.646836 0.445664 -1.699647 -0.161704 0.581044 -0.283978
    12 0.928312 0.000000 0.000000 0.000000 0.000000 0.000000
    13 0.928313 0.000000 -0.000001 0.000000 0.000000 0.000000
    14 2.979373 -0.388274 -0.044205 -0.000805 -0.043611 0.000046
    15 1.435262 -0.000001 -0.000001 0.000000 0.000000 0.872146
    16 1.482593 -0.000001 0.000001 0.000000 0.000000 0.907041
    17 -2.869899 1.399667 -4.140396 -1.163265 1.764468 -4.903713
    18 4.972047 0.000000 0.000000 1.184253 -0.551007 -1.710324
    19 11.585358 0.000000 0.000001 0.386603 -0.383210 -1.620673
    20 10.127058 0.000000 0.000001 1.960763 0.596700 0.774136
    21 1.537458 0.109715 1.664489 -0.264662 -0.055995 0.783079
    22 0.928313 0.000000 0.000002 0.000000 0.000000 -0.453501
    23 0.928311 0.000000 0.000001 0.000000 0.000000 0.000000
    24 2.686395 -0.427337 0.044204 -0.005762 0.043239 -0.157074
    25 1.435260 0.000000 0.000001 0.000000 0.000000 0.732613
    26 1.482593 0.000000 -0.000001 0.000000 0.000000 1.168644
    27 2.046984 0.000001 0.000000 0.205936 0.235762 -0.114184
    28 -0.000005 0.000007 3.713254 -3.204068 -0.120606 1.238399
    29 18.045723 0.000000 0.000000 0.000000 0.000000 -1.756393
    30 17.597597 0.000000 0.000000 -0.210887 0.105637 -0.141218
    31 0.000005 -0.000003 -3.713254 0.848441 2.461380 5.479079
    32 18.045721 0.000000 0.000000 0.000000 0.000000 -2.603394
    33 17.597597 0.000000 0.000000 0.362388 -0.168095 0.787471
  time 32
    0 -1.756901 -2.027255 -20.585090 0.000000 0.000000 -1.571017
    1 -5.132973 0.316416 0.000000 -1.570795 -1.570787 0.000000
    2 1.293670 0.684478 -0.000001 -0.000004 -0.000001 0.266227
    3 5.309685 -0.003834 0.000000 0.000000 0.000000 0.217715
    4 4.826790 -0.004591 0.000000 -0.141799 0.071488 0.223800
    5 5.792767 -0.005304 0.000000 -0.142427 0.053607 0.224677
    6 6.662322 -0.001452 0.000000 0.041622 -0.044710 0.523662
    7 -3.108188 1.516823 4.339626 1.238993 -1.024532 -4.799756
    8 4.827512 0.000000 -0.000002 -0.362158 0.589405 -0.740022
    9 11.140032 0.000000 0.000000 0.070821 -0.158282 -1.306017
    10 10.314563 -0.000001 0.000001 -3.746100 0.212074 -0.327637
    11 1.646836 0.445664 -1.699647 -0.161704 0.581044 -0.283978
    12 0.928312 0.000000 0.000000 0.000000 0.000000 0.000000
    13 0.928313 0.000000 -0.000001 0.000000 0.000000 0.000000
    14 2.979373 -0.388274 -0.044205 -0.000805 -0.043611 0.000046
    15 1.435262 -0.000001 -0.000001 0.000000 0.000000 0.872146
    16 1.482593 -0.000001 0.000001 0.000000 0.000000 0.907041
    17 -2.869899 1.399667 -4.140396 -1.163265 1.764468 -4.903713
    18 4.972047 0.000000 0.000000 1.173841 -0.562899 -1.723369
    19 11.585358 0.000000 0.000001 0.386603 -0.383981 -1.581630
    20 10.127058 0.000000 0.000001 1.960763 0.596700 0.774136
    21 1.537458 0.109715 1.664489 -0.264662 -0.055995 0.783079
    22 0.928313 0.000000 0.000002 0.000000 0.000000 -0.453501
    23 0.928311 0.000000 0.000001 0.000000 0.000000 0.000000
    24 2.686395 -0.427337 0.044204 -0.005762 0.043239 -0.157074
    25 1.435260 0.000000 0.000001 0.000000 0.000000 0.732613
    26 1.482593 0.000000 -0.000001 0.000000 0.000000 1.168644
    27 2.046984 0.000001 0.000000 0.200422 0.243580 -0.129026
    28 -0.000005 0.000007 3.713254 -3.204068 -0.120606 1.238399
    29 18.045723 0.000000 0.000000 0.000000 0.000000 -1.756393
    30 17.597597 0.000000 0.000000 -0.210887 0.105637 -0.141218
    31 0.000005 -0.000003 -3.713254 0.848441 2.461380 5.479079
    32 18.045721 0.000000 0.000000 0.000000 0.000000 -2.603394
    33 17.597597 0.000000 0.000000 0.362388 -0.168095 0.787471
  time 33
    0 -1.756901 -2.027255 -20.585090 0.000000 0.000000 -1.571017
    1 -5.132973 0.316416 0.000000 -1.570795 -1.570787 0.000000
    2 1.293670 0.684478 -0.000001 -0.000004 -0.000001 0.266227
    3 5.309685 -0.003834 0.000000 0.000000 0.000000 0.211498
    4 4.826790 -0.004591 0.000000 -0.141799 0.071488 0.216193
    5 5.792767 -0.005304 0.000000 -0.142337 0.053895 0.216248
    6 6.662322 -0.001452 0.000000 0.034312 -0.036863 0.514406
    7 -3.108188 1.516823 4.339626 1.238993 -1.024532 -4.799756
    8 4.827512 0.000000 -0.000002 -0.450644 0.458766 -0.890794
    9 11.140032 0.000000 0.000000 0.070821 -0.144226 -1.076919
    10 10.314563 -0.000001 0.000001 -3.874427 0.207297 -0.421003
    11 1.646836 0.445664 -1.699647 -0.161704 0.581044 -0.283978
    12 0.928312 0.000000 0.000000 0.000000 0.000000 0.000000
    13 0.928313 0.000000 -0.000001 0.000000 0.000000 0.000000
    14 2.979373 -0.388274 -0.044205 -0.000805 -0.043611 0.000046
    15 1.435262 -0.000001 -0.000001 0.000000 0.000000 0.872146
    16 1.482593 -0.000001 0.000001 0.000000 0.000000 0.907041
    17 -2.869899 1.399667 -4.140396 -1.163265 1.764468 -4.903713
    18 4.972047 0.000000 0.000000 1.163805 -0.575915 -1.731688
    19 11.585358 0.000000 0.000001 0.386603 -0.383686 -1.550919
    20 10.127058 0.000000 0.000001 1.960763 0.596700 0.774136
    21 1.537458 0.109715 1.664489 -0.264662 -0.055995 0.783079
    22 0.928313 0.000000 0.000002 0.000000 0.000000 -0.453501
    23 0.928311 0.000000 0.000001 0.000000 0.000000 0.000000
    24 2.686395 -0.427337 0.044204 -0.005762 0.043239 -0.157074
    25 1.435260 0.000000 0.000001 0.000000 0.000000 0.732613
    26 1.482593 0.000000 -0.000001 0.000000 0.000000 1.168644
    27 2.046984 0.000001 0.000000 0.198440 0.246383 -0.134379
    28 -0.000005 0.000007 3.713254 -3.204068 -0.120606 1.238399
    29 18.045723 0.000000 0.000000 0.000000 0.000000 -1.756393
    30 17.597597 0.000000 0.000000 -0.210887 0.105637 -0.141218
    31 0.000005 -0.000003 -3.713254 0.848441 2.461380 5.479079
    32 18.045721 0.000000 0.000000 0.000000 0.000000 -2.603394
    33 17.597597 0.000000 0.000000 0.362388 -0.168095 0.787471
  time 34
    0 -1.756901 -2.027255 -20.585090 0.000000 0.000000 -1.571017
    1 -5.132973 0.316416 0.000000 -1.570795 -1.570787 0.000000
    2 1.293670 0.684478 -0.000001 -0.000004 -0.000001 0.266227
    3 5.309685 -0.003834 0.000000 0.000000 0.000000 0.204838
    4 4.826790 -0.004591 0.000000 -0.141799 0.071488 0.208433
    5 5.792767 -0.005304 0.000000 -0.142103 0.054614 0.208711
    6 6.662322 -0.001452 0.000000 0.027013 -0.029028 0.505178
    7 -3.108188 1.516823 4.339626 1.238993 -1.024532 -4.799756
    8 4.827512 0.000000 -0.000002 -0.496640 0.367011 -0.990875
    9 11.140032 0.000000 0.000000 0.070821 -0.125177 -0.870137
    10 10.314563 -0.000001 0.000001 -3.958589 0.204205 -0.482202
    11 1.646836 0.445664 -1.699647 -0.161704 0.581044 -0.283978
    12 0.928312 0.000000 0.000000 0.000000 0.000000 0.000000
    13 0.928313 0.000000 -0.000001 0.000000 0.000000 0.000000
    14 2.979373 -0.388274 -0.044205 -0.000805 -0.043611 0.000046
    15 1.435262 -0.000001 -0.000001 0.000000 0.000000 0.872146
    16 1.482593 -0.000001 0.000001 0.000000 0.000000 0.907041
    17 -2.869899 1.399667 -4.140396 -1.163265 1.764468 -4.903713
    18 4.972047 0.000000 0.000000 1.154894 -0.588691 -1.740673
    19 11.585358 0.000000 0.000001 0.386603 -0.383210 -1.520207
    20 10.127058 0.000000 0.000001 1.960763 0.596700 0.774136
    21 1.537458 0.109715 1.664489 -0.264662 -0.055995 0.783079
    22 0.928313 0.000000 0.000002 0.000000 0.000000 -0.453501
    23 0.928311 0.000000 0.000001 0.000000 0.000000 0.000000
    24 2.686395 -0.427337 0.044204 -0.005762 0.043239 -0.157074
    25 1.435260 0.000000 0.000001 0.000000 0.000000 0.732613
    26 1.482593 0.000000 -0.000001 0.000000 0.000000 1.168644
    27 2.046984 0.000001 0.000000 0.198440 0.246383 -0.134379
    28 -0.000005 0.000007 3.713254 -3.204068 -0.120606 1.238399
    29 18.045723 0.000000 0.000000 0.000000 0.000000 -1.756393
    30 17.597597 0.000000 0.000000 -0.210887 0.105637 -0.141218
    31 0.000005 -0.000003 -3.713254 0.848441 2.461380 5.479079
    32 18.045721 0.000000 0.000000 0.000000 0.000000 -2.603394
    33 17.597597 0.000000 0.000000 0.362388 -0.168095 0.787471
  time 35
    0 -1.756901 -2.027255 -20.585090 0.000000 0.000000 -1.571017
    1 -5.132973 0.316416 0.000000 -1.570795 -1.570787 0.000000
    2 1.293670 0.684478 -0.000001 -0.000004 -0.000001 0.266227
    3 5.309685 -0.003834 0.000000 0.000000 0.000000 0.198109
    4 4.826790 -0.004591 0.000000 -0.141799 0.071488 0.200892
    5 5.792767 -0.005304 0.000000 -0.141761 0.055644 0.202170
    6 6.662322 -0.001452 0.000000 0.020014 -0.021497 0.496320
    7 -3.108188 1.516823 4.339626 1.238993 -1.024532 -4.799756
    8 4.827512 0.000000 -0.000002 -0.508598 0.344243 -1.023542
    9 11.140032 0.000000 0.000000 0.070821 -0.114043 -0.771094
    10 10.314563 -0.000001 0.000001 -3.988822 0.203081 -0.504208
    11 1.646836 0.445664 -1.699647 -0.161704 0.581044 -0.283978
    12 0.928312 0.000000 0.000000 0.000000 0.000000 0.000000
    13 0.928313 0.000000 -0.000001 0.000000 0.000000 0.000000
    14 2.979373 -0.388274 -0.044205 -0.000805 -0.043611 0.000046
    15 1.435262 -0.000001 -0.000001 0.000000 0.000000 0.872146
    16 1.482593 -0.000001 0.000001 0.000000 0.000000 0.907041
    17 -2.869899 1.399667 -4.140396 -1.163265 1.764468 -4.903713
    18 4.972047 0.000000 0.000000 1.147203 -0.600984 -1.749725
    19 11.585358 0.000000 0.000001 0.386603 -0.382779 -1.491293
    20 10.127058 0.000000 0.000001 1.960763 0.596700 0.774136
    21 1.537458 0.109715 1.664489 -0.264662 -0.055995 0.783079
    22 0.928313 0.000000 0.000002 0.000000 0.000000 -0.453501
    23 0.928311 0.000000 0.000001 0.000000 0.000000 0.000000
    24 2.686395 -0.427337 0.044204 -0.005762 0.043239 -0.157074
    25 1.435260 0.000000 0.000001 0.000000 0.000000 0.732613
    26 1.482593 0.000000 -0.000001 0.000000 0.000000 1.168644
    27 2.046984 0.000001 0.000000 0.198440 0.246383 -0.134379
    28 -0.000005 0.000007 3.713254 -3.204068 -0.120606 1.238399
    29 18.045723 0.000000 0.000000 0.000000 0.000000 -1.756393
    30 17.597597 0.000000 0.000000 -0.210887 0.105637 -0.141218
    31 0.000005 -0.000003 -3.713254 0.848441 2.461380 5.479079
    32 18.045721 0.000000 0.000000 0.000000 0.000000 -2.603394
    33 17.597597 0.000000 0.000000 0.362388 -0.168095 0.787471
  time 36
    0 -1.756901 -2.027255 -20.585090 0.000000 0.000000 -1.571017
    1 -5.132973 0.316416 0.000000 -1.570795 -1.570787 0.000000
    2 1.293670 0.684478 -0.000001 -0.000004 -0.000001 0.266227
    3 5.309685 -0.003834 0.000000 0.000000 0.000000 0.191714
    4 4.826790 -0.004591 0.000000 -0.141799 0.071488 0.193925
    5 5.792767 -0.005304 0.000000 -0.141366 0.056831 0.196648
    6 6.662322 -0.001452 0.000000 0.013603 -0.014625 0.488203
    7 -3.108188 1.516823 4.339626 1.238993 -1.024532 -4.799756
    8 4.827512 0.000000 -0.000002 -0.503895 0.366585 -1.013317
    9 11.140032 0.000000 0.000000 0.070821 -0.112495 -0.758342
    10 10.314563 -0.000001 0.000001 -3.988822 0.203081 -0.504208
    11 1.646836 0.445664 -1.699647 -0.161704 0.581044 -0.283978
    12 0.928312 0.000000 0.000000 0.000000 0.000000 0.000000
    13 0.928313 0.000000 -0.000001 0.000000 0.000000 0.000000
    14 2.979373 -0.388274 -0.044205 -0.000805 -0.043611 0.000046
    15 1.435262 -0.000001 -0.000001 0.000000 0.000000 0.872146
    16 1.482593 -0.000001 0.000001 0.000000 0.000000 0.907041
    17 -2.869899 1.399667 -4.140396 -1.163265 1.764468 -4.903713
    18 4.972047 0.000000 0.000000 1.140637 -0.612715 -1.758377
    19 11.585358 0.000000 0.000001 0.386603 -0.381576 -1.465808
    20 10.127058 0.000000 0.000001 1.960763 0.596700 0.774136
    21 1.537458 0.109715 1.664489 -0.264662 -0.055995 0.783079
    22 0.928313 0.000000 0.000002 0.000000 0.000000 -0.453501
    23 0.928311 0.000000 0.000001 0.000000 0.000000 0.000000
    24 2.686395 -0.427337 0.044204 -0.005762 0.043239 -0.157074
    25 1.435260 0.000000 0.000001 0.000000 0.000000 0.732613
    26 1.482593 0.000000 -0.000001 0.000000 0.000000 1.168644
    27 2.046984 0.000001 0.000000 0.198440 0.246383 -0.134379
    28 -0.000005 0.000007 3.713254 -3.204068 -0.120606 1.238399
    29 18.045723 0.000000 0.000000 0.000000 0.000000 -1.756393
    30 17.597597 0.000000 0.000000 -0.210887 0.105637 -0.141218
    31 0.000005 -0.000003 -3.713254 0.848441 2.461380 5.479079
    32 18.045721 0.000000 0.000000 0.000000 0.000000 -2.603394
    33 17.597597 0.000000 0.000000 0.362388 -0.168095 0.787471
  time 37
    0 -1.756901 -2.027255 -20.585090 0.000000 0.000000 -1.571017
    1 -5.132973 0.316416 0.000000 -1.570795 -1.570787 0.000000
    2 1.293670 0.684478 -0.000001 -0.000004 -0.000001 0.266227
    3 5.309685 -0.003834 0.000000 0.000000 0.000000 0.186062
    4 4.826790 -0.004591 0.000000 -0.141799 0.071488 0.187884
    5 5.792767 -0.005304 0.000000 -0.140988 0.058005 0.192246
    6 6.662322 -0.001452 0.000000 0.008102 -0.008715 0.481253
    7 -3.108188 1.516823 4.339626 1.238993 -1.024532 -4.799756
    8 4.827512 0.000000 -0.000002 -0.500228 0.385175 -1.005779
    9 11.140032 0.000000 0.000000 0.070821 -0.110897 -0.745083
    10 10.314563 -0.000001 0.000001 -3.988822 0.203081 -0.504208
    11 1.646836 0.445664 -1.699647 -0.161704 0.581044 -0.283978
    12 0.928312 0.000000 0.000000 0.000000 0.000000 0.000000
    13 0.928313 0.000000 -0.000001 0.000000 0.000000 0.000000
    14 2.979373 -0.388274 -0.044205 -0.000805 -0.043611 0.000046
    15 1.435262 -0.000001 -0.000001 0.000000 0.000000 0.872146
    16 1.482593 -0.000001 0.000001 0.000000 0.000000 0.907041
    17 -2.869899 1.399667 -4.140396 -1.163265 1.764468 -4.903713
    18 4.972047 0.000000 0.000000 1.135103 -0.623081 -1.765764
    19 11.585358 0.000000 0.000001 0.386603 -0.380510 -1.444817
    20 10.127058 0.000000 0.000001 1.960763 0.596700 0.774136
    21 1.537458 0.109715 1.664489 -0.264662 -0.055995 0.783079
    22 0.928313 0.000000 0.000002 0.000000 0.000000 -0.453501
    23 0.928311 0.000000 0.000001 0.000000 0.000000 0.000000
    24 2.686395 -0.427337 0.044204 -0.005762 0.043239 -0.157074
    25 1.435260 0.000000 0.000001 0.000000 0.000000 0.732613
    26 1.482593 0.000000 -0.000001 0.000000 0.000000 1.168644
    27 2.046984 0.000001 0.000000 0.198440 0.246383 -0.134379
    28 -0.000005 0.000007 3.713254 -3.204068 -0.120606 1.238399
    29 18.045723 0.000000 0.000000 0.000000 0.000000 -1.756393
    30 17.597597 0.000000 0.000000 -0.210887 0.105637 -0.141218
    31 0.000005 -0.000003 -3.713254 0.848441 2.461380 5.479079
    32 18.045721 0.000000 0.000000 0.000000 0.000000 -2.603394
    33 17.597597 0.000000 0.000000 0.362388 -0.168095 0.787471
  time 38
    0 -1.756901 -2.027255 -20.585090 0.000000 0.000000 -1.571017
    1 -5.132973 0.316416 0.000000 -1.570795 -1.570787 0.000000
    2 1.293670 0.684478 -0.000001 -0.000004 -0.000001 0.266227
    3 5.309685 -0.003834 0.000000 0.000000 0.000000 0.181540
    4 4.826790 -0.004591 0.000000 -0.141799 0.071488 0.183143
    5 5.792767 -0.005304 0.000000 -0.140646 0.059036 0.189028
    6 6.662322 -0.001452 0.000000 0.003799 -0.004097 0.475813
    7 -3.108188 1.516823 4.339626 1.238993 -1.024532 -4.799756
    8 4.827512 0.000000 -0.000002 -0.497677 0.401803 -1.001966
    9 11.140032 0.000000 0.000000 0.070821 -0.108800 -0.727766
    10 10.314563 -0.000001 0.000001 -3.988822 0.203081 -0.504208
    11 1.646836 0.445664 -1.699647 -0.161704 0.581044 -0.283978
    12 0.928312 0.000000 0.000000 0.000000 0.000000 0.000000
    13 0.928313 0.000000 -0.000001 0.000000 0.000000 0.000000
    14 2.979373 -0.388274 -0.044205 -0.000805 -0.043611 0.000046
    15 1.435262 -0.000001 -0.000001 0.000000 0.000000 0.872146
    16 1.482593 -0.000001 0.000001 0.000000 0.000000 0.907041
    17 -2.869899 1.399667 -4.140396 -1.163265 1.764468 -4.903713
    18 4.972047 0.000000 0.000000 1.130975 -0.631919 -1.771222
    19 11.585358 0.000000 0.000001 0.386603 -0.379761 -1.430114
    20 10.127058 0.000000 0.000001 1.960763 0.596700 0.774136
    21 1.537458 0.109715 1.664489 -0.264662 -0.055995 0.783079
    22 0.928313 0.000000 0.000002 0.000000 0.000000 -0.453501
    23 0.928311 0.000000 0.000001 0.000000 0.000000 0.000000
    24 2.686395 -0.427337 0.044204 -0.005762 0.043239 -0.157074
    25 1.435260 0.000000 0.000001 0.000000 0.000000 0.732613
    26 1.482593 0.000000 -0.000001 0.000000 0.000000 1.168644
    27 2.046984 0.000001 0.000000 0.198440 0.246383 -0.134379
    28 -0.000005 0.000007 3.713254 -3.204068 -0.120606 1.238399
    29 18.045723 0.000000 0.000000 0.000000 0.000000 -1.756393
    30 17.597597 0.000000 0.000000 -0.210887 0.105637 -0.141218
    31 0.000005 -0.000003 -3.713254 0.848441 2.461380 5.479079
    32 18.045721 0.000000 0.000000 0.000000 0.000000 -2.603394
    33 17.597597 0.000000 0.000000 0.362388 -0.168095 0.787471
  time 39
    0 -1.756901 -2.027255 -20.585090 0.000000 0.000000 -1.571017
    1 -5.132973 0.316416 0.000000 -1.570795 -1.570787 0.000000
    2 1.293670 0.684478 -0.000001 -0.000004 -0.000001 0.266227
    3 5.309685 -0.003834 0.000000 0.000000 0.000000 0.178520
    4 4.826790 -0.004591 0.000000 -0.141799 0.071488 0.180034
    5 5.792767 -0.005304 0.000000 -0.140394 0.059767 0.187034
    6 6.662322 -0.001452 0.000000 0.001007 -0.001087 0.472253
    7 -3.108188 1.516823 4.339626 1.238993 -1.024532 -4.799756
    8 4.827512 0.000000 -0.000002 -0.496800 0.417067 -1.003872
    9 11.140032 0.000000 0.000000 0.070821 -0.105729 -0.702335
    10 10.314563 -0.000001 0.000001 -3.988822 0.203081 -0.504208
    11 1.646836 0.445664 -1.699647 -0.161704 0.581044 -0.283978
    12 0.928312 0.000000 0.000000 0.000000 0.000000 0.000000
    13 0.928313 0.000000 -0.000001 0.000000 0.000000 0.000000
    14 2.979373 -0.388274 -0.044205 -0.000805 -0.043611 0.000046
    15 1.435262 -0.000001 -0.000001 0.000000 0.000000 0.872146
    16 1.482593 -0.000001 0.000001 0.000000 0.000000 0.907041
    17 -2.869899 1.399667 -4.140396 -1.163265 1.764468 -4.903713
    18 4.972047 0.000000 0.000000 1.127411 -0.638668 -1.773818
    19 11.585358 0.000000 0.000001 0.386603 -0.379398 -1.423008
    20 10.127058 0.000000 0.000001 1.960763 0.596700 0.774136
    21 1.537458 0.109715 1.664489 -0.264662 -0.055995 0.783079
    22 0.928313 0.000000 0.000002 0.000000 0.000000 -0.453501
    23 0.928311 0.000000 0.000001 0.000000 0.000000 0.000000
    24 2.686395 -0.427337 0.044204 -0.005762 0.043239 -0.157074
    25 1.435260 0.000000 0.000001 0.000000 0.000000 0.732613
    26 1.482593 0.000000 -0.000001 0.000000 0.000000 1.168644
    27 2.046984 0.000001 0.000000 0.198440 0.246383 -0.134379
    28 -0.000005 0.000007 3.713254 -3.204068 -0.120606 1.238399
    29 18.045723 0.000000 0.000000 0.000000 0.000000 -1.756393
    30 17.597597 0.000000 0.000000 -0.210887 0.105637 -0.141218
    31 0.000005 -0.000003 -3.713254 0.848441 2.461380 5.479079
    32 18.045721 0.000000 0.000000 0.000000 0.000000 -2.603394
    33 17.597597 0.000000 0.000000 0.362388 -0.168095 0.787471
  time 40
    0 -1.756901 -2.027255 -20.585090 0.000000 0.000000 -1.571017
    1 -5.132973 0.316416 0.000000 -1.570795 -1.570787 0.000000
    2 1.293670 0.684478 -0.000001 -0.000004 -0.000001 0.266227
    3 5.309685 -0.003834 0.000000 0.000000 0.000000 0.177442
    4 4.826790 -0.004591 0.000000 -0.141799 0.071488 0.178910
    5 5.792767 -0.005304 0.000000 -0.140304 0.060043 0.186349
    6 6.662322 -0.001452 0.000000 0.000000 -0.000015 0.471000
    7 -3.108188 1.516823 4.339626 1.238993 -1.024532 -4.799756
    8 4.827512 0.000000 -0.000002 -0.498075 0.428323 -1.010978
    9 11.140032 0.000000 0.000000 0.070821 -0.101785 -0.671760
    10 10.314563 -0.000001 0.000001 -3.988822 0.203081 -0.504208
    11 1.646836 0.445664 -1.699647 -0.161704 0.581044 -0.283978
    12 0.928312 0.000000 0.000000 0.000000 0.000000 0.000000
    13 0.928313 0.000000 -0.000001 0.000000 0.000000 0.000000
    14 2.979373 -0.388274 -0.044205 -0.000805 -0.043611 0.000046
    15 1.435262 -0.000001 -0.000001 0.000000 0.000000 0.872146
    16 1.482593 -0.000001 0.000001 0.000000 0.000000 0.907041
    17 -2.869899 1.399667 -4.140396 -1.163265 1.764468 -4.903713
    18 4.972047 0.000000 0.000000 1.124785 -0.643088 -1.773219
    19 11.585358 0.000000 0.000001 0.386603 -0.379511 -1.424969
    20 10.127058 0.000000 0.000001 1.960763 0.596700 0.774136
    21 1.537458 0.109715 1.664489 -0.264662 -0.055995 0.783079
    22 0.928313 0.000000 0.000002 0.000000 0.000000 -0.453501
    23 0.928311 0.000000 0.000001 0.000000 0.000000 0.000000
    24 2.686395 -0.427337 0.044204 -0.005762 0.043239 -0.157074
    25 1.435260 0.000000 0.000001 0.000000 0.000000 0.732613
    26 1.482593 0.000000 -0.000001 0.000000 0.000000 1.168644
    27 2.046984 0.000001 0.000000 0.198440 0.246383 -0.134379
    28 -0.000005 0.000007 3.713254 -3.204068 -0.120606 1.238399
    29 18.045723 0.000000 0.000000 0.000000 0.000000 -1.756393
    30 17.597597 0.000000 0.000000 -0.210887 0.105637 -0.141218
    31 0.000005 -0.000003 -3.713254 0.848441 2.461380 5.479079
    32 18.045721 0.000000 0.000000 0.000000 0.000000 -2.603394
    33 17.597597 0.000000 0.000000 0.362388 -0.168095 0.787471
  time 41
    0 -1.756901 -2.027255 -20.585090 0.000000 0.000000 -1.571017
    1 -5.132973 0.316416 0.000000 -1.570795 -1.570787 0.000000
    2 1.293670 0.684478 -0.000001 -0.000004 -0.000001 0.266227
    3 5.309685 -0.003834 0.000000 0.000000 0.000000 0.177442
    4 4.826790 -0.004591 0.000000 -0.141799 0.071488 0.178910
    5 5.792767 -0.005304 0.000000 -0.140304 0.060043 0.186349
    6 6.662322 -0.001452 0.000000 0.000000 -0.000015 0.471000
    7 -3.108188 1.516823 4.339626 1.238993 -1.024532 -4.799756
    8 4.827512 0.000000 -0.000002 -0.501025 0.436765 -1.021982
    9 11.140032 0.000000 0.000000 0.070821 -0.097141 -0.636040
    10 10.314563 -0.000001 0.000001 -3.988822 0.203081 -0.504208
    11 1.646836 0.445664 -1.699647 -0.161704 0.581044 -0.283978
    12 0.928312 0.000000 0.000000 0.000000 0.000000 0.000000
    13 0.928313 0.000000 -0.000001 0.000000 0.000000 0.000000
    14 2.979373 -0.388274 -0.044205 -0.000805 -0.043611 0.000046
    15 1.435262 -0.000001 -0.000001 0.000000 0.000000 0.872146
    16 1.482593 -0.000001 0.000001 0.000000 0.000000 0.907041
    17 -2.869899 1.399667 -4.140396 -1.163265 1.764468 -4.903713
    18 4.972047 0.000000 0.000000 1.122440 -0.646060 -1.770690
    19 11.585358 0.000000 0.000001 0.386603 -0.379874 -1.431993
    20 10.127058 0.000000 0.000001 1.960763 0.596700 0.774136
    21 1.537458 0.109715 1.664489 -0.264662 -0.055995 0.783079
    22 0.928313 0.000000 0.000002 0.000000 0.000000 -0.453501
    23 0.928311 0.000000 0.000001 0.000000 0.000000 0.000000
    24 2.686395 -0.427337 0.044204 -0.005762 0.043239 -0.157074
    25 1.435260 0.000000 0.000001 0.000000 0.000000 0.732613
    26 1.482593 0.000000 -0.000001 0.000000 0.000000 1.168644
    27 2.046984 0.000001 0.000000 0.198440 0.246383 -0.134379
    28 -0.000005 0.000007 3.713254 -3.204068 -0.120606 1.238399
    29 18.045723 0.000000 0.000000 0.000000 0.000000 -1.756393
    30 17.597597 0.000000 0.000000 -0.210887 0.105637 -0.141218
    31 0.000005 -0.000003 -3.713254 0.848441 2.461380 5.479079
    32 18.045721 0.000000 0.000000 0.000000 0.000000 -2.603394
    33 17.597597 0.000000 0.000000 0.362388 -0.168095 0.787471
  time 42
    0 -1.756901 -2.027255 -20.585090 0.000000 0.000000 -1.571017
    1 -5.132973 0.316416 0.000000 -1.570795 -1.570787 0.000000
    2 1.293670 0.684478 -0.000001 -0.000004 -0.000001 0.266227
    3 5.309685 -0.003834 0.000000 0.000000 0.000000 0.177442
    4 4.826790 -0.004591 0.000000 -0.141799 0.071488 0.178910
    5 5.792767 -0.005304 0.000000 -0.140304 0.060043 0.186349
    6 6.662322 -0.001452 0.000000 0.000000 -0.000015 0.471000
    7 -3.108188 1.516823 4.339626 1.238993 -1.024532 -4.799756
    8 4.827512 0.000000 -0.000002 -0.505808 0.443843 -1.036020
    9 11.140032 0.000000 0.000000 0.070821 -0.091399 -0.593076
    10 10.314563 -0.000001 0.000001 -3.988822 0.203081 -0.504208
    11 1.646836 0.445664 -1.699647 -0.161704 0.581044 -0.283978
    12 0.928312 0.000000 0.000000 0.000000 0.000000 0.000000
    13 0.928313 0.000000 -0.000001 0.000000 0.000000 0.000000
    14 2.979373 -0.388274 -0.044205 -0.000805 -0.043611 0.000046
    15 1.435262 -0.000001 -0.000001 0.000000 0.000000 0.872146
    16 1.482593 -0.000001 0.000001 0.000000 0.000000 0.907041
    17 -2.869899 1.399667 -4.140396 -1.163265 1.764468 -4.903713
    18 4.972047 0.000000 0.000000 1.120001 -0.649114 -1.768094
    19 11.585358 0.000000 0.000001 0.386603 -0.380238 -1.439426
    20 10.127058 0.000000 0.000001 1.960763 0.596700 0.774136
    21 1.537458 0.109715 1.664489 -0.264662 -0.055995 0.783079
    22 0.928313 0.000000 0.000002 0.000000 0.000000 -0.453501
    23 0.928311 0.000000 0.000001 0.000000 0.000000 0.000000
    24 2.686395 -0.427337 0.044204 -0.005762 0.043239 -0.157074
    25 1.435260 0.000000 0.000001 0.000000 0.000000 0.732613
    26 1.482593 0.000000 -0.000001 0.000000 0.000000 1.168644
    27 2.046984 0.000001 0.000000 0.198440 0.246383 -0.134379
    28 -0.000005 0.000007 3.713254 -3.204068 -0.120606 1.238399
    29 18.045723 0.000000 0.000000 0.000000 0.000000 -1.756393
    30 17.597597 0.000000 0.000000 -0.210887 0.105637 -0.141218
    31 0.000005 -0.000003 -3.713254 0.848441 2.461380 5.479079
    32 18.045721 0.000000 0.000000 0.000000 0.000000 -2.603394
    33 17.597597 0.000000 0.000000 0.362388 -0.168095 0.787471
  time 43
    0 -1.756901 -2.027255 -20.585090 0.000000 0.000000 -1.571017
    1 -5.132973 0.316416 0.000000 -1.570795 -1.570787 0.000000
    2 1.293670 0.684478 -0.000001 -0.000004 -0.000001 0.266227
    3 5.309685 -0.003834 0.000000 0.000000 0.000000 0.177442
    4 4.826790 -0.004591 0.000000 -0.141799 0.071488 0.178910
    5 5.792767 -0.005304 0.000000 -0.140304 0.060043 0.186349
    6 6.662322 -0.001452 0.000000 0.000000 -0.000015 0.471000
    7 -3.108188 1.516823 4.339626 1.238993 -1.024532 -4.799756
    8 4.827512 0.000000 -0.000002 -0.511866 0.448874 -1.051530
    9 11.140032 0.000000 0.000000 0.070821 -0.085083 -0.547430
    10 10.314563 -0.000001 0.000001 -3.988822 0.203081 -0.504208
    11 1.646836 0.445664 -1.699647 -0.161704 0.581044 -0.283978
    12 0.928312 0.000000 0.000000 0.000000 0.000000 0.000000
    13 0.928313 0.000000 -0.000001 0.000000 0.000000 0.000000
    14 2.979373 -0.388274 -0.044205 -0.000805 -0.043611 0.000046
    15 1.435262 -0.000001 -0.000001 0.000000 0.000000 0.872146
    16 1.482593 -0.000001 0.000001 0.000000 0.000000 0.907041
    17 -2.869899 1.399667 -4.140396 -1.163265 1.764468 -4.903713
    18 4.972047 0.000000 0.000000 1.117844 -0.652167 -1.765565
    19 11.585358 0.000000 0.000001 0.386603 -0.380623 -1.447104
    20 10.127058 0.000000 0.000001 1.960763 0.596700 0.774136
    21 1.537458 0.109715 1.664489 -0.264662 -0.055995 0.783079
    22 0.928313 0.000000 0.000002 0.000000 0.000000 -0.453501
    23 0.928311 0.000000 0.000001 0.000000 0.000000 0.000000
    24 2.686395 -0.427337 0.044204 -0.005762 0.043239 -0.157074
    25 1.435260 0.000000 0.000001 0.000000 0.000000 0.732613
    26 1.482593 0.000000 -0.000001 0.000000 0.000000 1.168644
    27 2.046984 0.000001 0.000000 0.198440 0.246383 -0.134379
    28 -0.000005 0.000007 3.713254 -3.204068 -0.120606 1.238399
    29 18.045723 0.000000 0.000000 0.000000 0.000000 -1.756393
    30 17.597597 0.000000 0.000000 -0.210887 0.105637 -0.141218
    31 0.000005 -0.000003 -3.713254 0.848441 2.461380 5.479079
    32 18.045721 0.000000 0.000000 0.000000 0.000000 -2.603394
    33 17.597597 0.000000 0.000000 0.362388 -0.168095 0.787471
  time 44
    0 -1.756901 -2.027255 -20.585090 0.000000 0.000000 -1.571017
    1 -5.132973 0.316416 0.000000 -1.570795 -1.570787 0.000000
    2 1.293670 0.684478 -0.000001 -0.000004 -0.000001 0.266227
    3 5.309685 -0.003834 0.000000 0.000000 0.000000 0.177442
    4 4.826790 -0.004591 0.000000 -0.141799 0.071488 0.178910
    5 5.792767 -0.005304 0.000000 -0.140304 0.060043 0.186349
    6 6.662322 -0.001452 0.000000 0.000000 -0.000015 0.471000
    7 -3.108188 1.516823 4.339626 1.238993 -1.024532 -4.799756
    8 4.827512 0.000000 -0.000002 -0.518403 0.451006 -1.067127
    9 11.140032 0.000000 0.000000 0.070821 -0.078816 -0.503161
    10 10.314563 -0.000001 0.000001 -3.988822 0.203081 -0.504208
    11 1.646836 0.445664 -1.699647 -0.161704 0.581044 -0.283978
    12 0.928312 0.000000 0.000000 0.000000 0.000000 0.000000
    13 0.928313 0.000000 -0.000001 0.000000 0.000000 0.000000
    14 2.979373 -0.388274 -0.044205 -0.000805 -0.043611 0.000046
    15 1.435262 -0.000001 -0.000001 0.000000 0.000000 0.872146
    16 1.482593 -0.000001 0.000001 0.000000 0.000000 0.907041
    17 -2.869899 1.399667 -4.140396 -1.163265 1.764468 -4.903713
    18 4.972047 0.000000 0.000000 1.115780 -0.655220 -1.762969
    19 11.585358 0.000000 0.000001 0.386603 -0.381032 -1.454945
    20 10.127058 0.000000 0.000001 1.960763 0.596700 0.774136
    21 1.537458 0.109715 1.664489 -0.264662 -0.055995 0.783079
    22 0.928313 0.000000 0.000002 0.000000 0.000000 -0.453501
    23 0.928311 0.000000 0.000001 0.000000 0.000000 0.000000
    24 2.686395 -0.427337 0.044204 -0.005762 0.043239 -0.157074
    25 1.435260 0.000000 0.000001 0.000000 0.000000 0.732613
    26 1.482593 0.000000 -0.000001 0.000000 0.000000 1.168644
    27 2.046984 0.000001 0.000000 0.198440 0.246383 -0.134379
    28 -0.000005 0.000007 3.713254 -3.204068 -0.120606 1.238399
    29 18.045723 0.000000 0.000000 0.000000 0.000000 -1.756393
    30 17.597597 0.000000 0.000000 -0.210887 0.105637 -0.141218
    31 0.000005 -0.000003 -3.713254 0.848441 2.461380 5.479079
    32 18.045721 0.000000 0.000000 0.000000 0.000000 -2.603394
    33 17.597597 0.000000 0.000000 0.362388 -0.168095 0.787471
  time 45
    0 -1.756901 -2.027255 -20.585090 0.000000 0.000000 -1.571017
    1 -5.132973 0.316416 0.000000 -1.570795 -1.570787 0.000000
    2 1.293670 0.684478 -0.000001 -0.000004 -0.000001 0.266227
    3 5.309685 -0.003834 0.000000 0.000000 0.000000 0.177442
    4 4.826790 -0.004591 0.000000 -0.141799 0.071488 0.178910
    5 5.792767 -0.005304 0.000000 -0.140304 0.060043 0.186349
    6 6.662322 -0.001452 0.000000 0.000000 -0.000015 0.471000
    7 -3.108188 1.516823 4.339626 1.238993 -1.024532 -4.799756
    8 4.827512 0.000000 -0.000002 -0.523824 0.451432 -1.079258
    9 11.140032 0.000000 0.000000 0.070821 -0.073923 -0.469325
    10 10.314563 -0.000001 0.000001 -3.988822 0.203081 -0.504208
    11 1.646836 0.445664 -1.699647 -0.161704 0.581044 -0.283978
    12 0.928312 0.000000 0.000000 0.000000 0.000000 0.000000
    13 0.928313 0.000000 -0.000001 0.000000 0.000000 0.000000
    14 2.979373 -0.388274 -0.044205 -0.000805 -0.043611 0.000046
    15 1.435262 -0.000001 -0.000001 0.000000 0.000000 0.872146
    16 1.482593 -0.000001 0.000001 0.000000 0.000000 0.907041
    17 -2.869899 1.399667 -4.140396 -1.163265 1.764468 -4.903713
    18 4.972047 0.000000 0.000000 1.113623 -0.658113 -1.760307
    19 11.585358 0.000000 0.000001 0.386603 -0.381440 -1.462950
    20 10.127058 0.000000 0.000001 1.960763 0.596700 0.774136
    21 1.537458 0.109715 1.664489 -0.264662 -0.055995 0.783079
    22 0.928313 0.000000 0.000002 0.000000 0.000000 -0.453501
    23 0.928311 0.000000 0.000001 0.000000 0.000000 0.000000
    24 2.686395 -0.427337 0.044204 -0.005762 0.043239 -0.157074
    25 1.435260 0.000000 0.000001 0.000000 0.000000 0.732613
    26 1.482593 0.000000 -0.000001 0.000000 0.000000 1.168644
    27 2.046984 0.000001 0.000000 0.198440 0.246383 -0.134379
    28 -0.000005 0.000007 3.713254 -3.204068 -0.120606 1.238399
    29 18.045723 0.000000 0.000000 0.000000 0.000000 -1.756393
    30 17.597597 0.000000 0.000000 -0.210887 0.105637 -0.141218
    31 0.000005 -0.000003 -3.713254 0.848441 2.461380 5.479079
    32 18.045721 0.000000 0.000000 0.000000 0.000000 -2.603394
    33 17.597597 0.000000 0.000000 0.362388 -0.168095 0.787471
  time 46
    0 -1.756901 -2.027255 -20.585090 0.000000 0.000000 -1.571017
    1 -5.132973 0.316416 0.000000 -1.570795 -1.570787 0.000000
    2 1.293670 0.684478 -0.000001 -0.000004 -0.000001 0.266227
    3 5.309685 -0.003834 0.000000 0.000000 0.000000 0.177442
    4 4.826790 -0.004591 0.000000 -0.141799 0.071488 0.178910
    5 5.792767 -0.005304 0.000000 -0.140304 0.060043 0.186349
    6 6.662322 -0.001452 0.000000 0.000000 -0.000015 0.471000
    7 -3.108188 1.516823 4.339626 1.238993 -1.024532 -4.799756
    8 4.827512 0.000000 -0.000002 -0.525976 0.451347 -1.084024
    9 11.140032 0.000000 0.000000 0.070821 -0.072001 -0.456139
    10 10.314563 -0.000001 0.000001 -3.988822 0.203081 -0.504208
    11 1.646836 0.445664 -1.699647 -0.161704 0.581044 -0.283978
    12 0.928312 0.000000 0.000000 0.000000 0.000000 0.000000
    13 0.928313 0.000000 -0.000001 0.000000 0.000000 0.000000
    14 2.979373 -0.388274 -0.044205 -0.000805 -0.043611 0.000046
    15 1.435262 -0.000001 -0.000001 0.000000 0.000000 0.872146
    16 1.482593 -0.000001 0.000001 0.000000 0.000000 0.907041
    17 -2.869899 1.399667 -4.140396 -1.163265 1.764468 -4.903713
    18 4.972047 0.000000 0.000000 1.111465 -0.660764 -1.757711
    19 11.585358 0.000000 0.000001 0.386603 -0.381848 -1.471036
    20 10.127058 0.000000 0.000001 1.960763 0.596700 0.774136
    21 1.537458 0.109715 1.664489 -0.264662 -0.055995 0.783079
    22 0.928313 0.000000 0.000002 0.000000 0.000000 -0.453501
    23 0.928311 0.000000 0.000001 0.000000 0.000000 0.000000
    24 2.686395 -0.427337 0.044204 -0.005762 0.043239 -0.157074
    25 1.435260 0.000000 0.000001 0.000000 0.000000 0.732613
    26 1.482593 0.000000 -0.000001 0.000000 0.000000 1.168644
    27 2.046984 0.000001 0.000000 0.198440 0.246383 -0.134379
    28 -0.000005 0.000007 3.713254 -3.204068 -0.120606 1.238399
    29 18.045723 0.000000 0.000000 0.000000 0.000000 -1.756393
    30 17.597597 0.000000 0.000000 -0.210887 0.105637 -0.141218
    31 0.000005 -0.000003 -3.713254 0.848441 2.461380 5.479079
    32 18.045721 0.000000 0.000000 0.000000 0.000000 -2.603394
    33 17.597597 0.000000 0.000000 0.362388 -0.168095 0.787471
  time 47
    0 -1.756901 -2.027255 -20.585090 0.000000 0.000000 -1.571017
    1 -5.132973 0.316416 0.000000 -1.570795 -1.570787 0.000000
    2 1.293670 0.684478 -0.000001 -0.000004 -0.000001 0.266227
    3 5.309685 -0.003834 0.000000 0.000000 0.000000 0.177442
    4 4.826790 -0.004591 0.000000 -0.141799 0.071488 0.178910
    5 5.792767 -0.005304 0.000000 -0.140304 0.060043 0.186349
    6 6.662322 -0.001452 0.000000 0.000000 -0.000015 0.471000
    7 -3.108188 1.516823 4.339626 1.238993 -1.024532 -4.799756
    8 4.827512 0.000000 -0.000002 -0.511069 0.446572 -1.049104
    9 11.140032 0.000000 0.000000 0.070821 -0.086031 -0.554168
    10 10.314563 -0.000001 0.000001 -3.988822 0.203081 -0.504208
    11 1.646836 0.445664 -1.699647 -0.161704 0.581044 -0.283978
    12 0.928312 0.000000 0.000000 0.000000 0.000000 0.000000
    13 0.928313 0.000000 -0.000001 0.000000 0.000000 0.000000
    14 2.979373 -0.388274 -0.044205 -0.000805 -0.043611 0.000046
    15 1.435262 -0.000001 -0.000001 0.000000 0.000000 0.872146
    16 1.482593 -0.000001 0.000001 0.000000 0.000000 0.907041
    17 -2.869899 1.399667 -4.140396 -1.163265 1.764468 -4.903713
    18 4.972047 0.000000 0.000000 1.109402 -0.663255 -1.755116
    19 11.585358 0.000000 0.000001 0.386603 -0.382257 -1.479204
    20 10.127058 0.000000 0.000001 1.960763 0.596700 0.774136
    21 1.537458 0.109715 1.664489 -0.264662 -0.055995 0.783079
    22 0.928313 0.000000 0.000002 0.000000 0.000000 -0.453501
    23 0.928311 0.000000 0.000001 0.000000 0.000000 0.000000
    24 2.686395 -0.427337 0.044204 -0.005762 0.043239 -0.157074
    25 1.435260 0.000000 0.000001 0.000000 0.000000 0.732613
    26 1.482593 0.000000 -0.000001 0.000000 0.000000 1.168644
    27 2.046984 0.000001 0.000000 0.198440 0.246383 -0.134379
    28 -0.000005 0.000007 3.713254 -3.204068 -0.120606 1.238399
    29 18.045723 0.000000 0.000000 0.000000 0.000000 -1.756393
    30 17.597597 0.000000 0.000000 -0.210887 0.105637 -0.141218
    31 0.000005 -0.000003 -3.713254 0.848441 2.461380 5.479079
    32 18.045721 0.000000 0.000000 0.000000 0.000000 -2.603394
    33 17.597597 0.000000 0.000000 0.362388 -0.168095 0.787471
  time 48
    0 -1.756901 -2.027255 -20.585090 0.000000 0.000000 -1.571017
    1 -5.132973 0.316416 0.000000 -1.570795 -1.570787 0.000000
    2 1.293670 0.684478 -0.000001 -0.000004 -0.000001 0.266227
    3 5.309685 -0.003834 0.000000 0.000000 0.000000 0.177442
    4 4.826790 -0.004591 0.000000 -0.141799 0.071488 0.178910
    5 5.792767 -0.005304 0.000000 -0.140304 0.060043 0.186349
    6 6.662322 -0.001452 0.000000 0.000000 -0.000015 0.471000
    7 -3.108188 1.516823 4.339626 1.238993 -1.024532 -4.799756
    8 4.827512 0.000000 -0.000002 -0.497119 0.413400 -1.001533
    9 11.140032 0.000000 0.000000 0.070821 -0.106004 -0.704581
    10 10.314563 -0.000001 0.000001 -3.988822 0.203081 -0.504208
    11 1.646836 0.445664 -1.699647 -0.161704 0.581044 -0.283978
    12 0.928312 0.000000 0.000000 0.000000 0.000000 0.000000
    13 0.928313 0.000000 -0.000001 0.000000 0.000000 0.000000
    14 2.979373 -0.388274 -0.044205 -0.000805 -0.043611 0.000046
    15 1.435262 -0.000001 -0.000001 0.000000 0.000000 0.872146
    16 1.482593 -0.000001 0.000001 0.000000 0.000000 0.907041
    17 -2.869899 1.399667 -4.140396 -1.163265 1.764468 -4.903713
    18 4.972047 0.000000 0.000000 1.107901 -0.665666 -1.752786
    19 11.585358 0.000000 0.000001 0.386603 -0.382665 -1.487290
    20 10.127058 0.000000 0.000001 1.960763 0.596700 0.774136
    21 1.537458 0.109715 1.664489 -0.264662 -0.055995 0.783079
    22 0.928313 0.000000 0.000002 0.000000 0.000000 -0.453501
    23 0.928311 0.000000 0.000001 0.000000 0.000000 0.000000
    24 2.686395 -0.427337 0.044204 -0.005762 0.043239 -0.157074
    25 1.435260 0.000000 0.000001 0.000000 0.000000 0.732613
    26 1.482593 0.000000 -0.000001 0.000000 0.000000 1.168644
    27 2.046984 0.000001 0.000000 0.198440 0.246383 -0.134379
    28 -0.000005 0.000007 3.713254 -3.204068 -0.120606 1.238399
    29 18.045723 0.000000 0.000000 0.000000 0.000000 -1.756393
    30 17.597597 0.000000 0.000000 -0.210887 0.105637 -0.141218
    31 0.000005 -0.000003 -3.713254 0.848441 2.461380 5.479079
    32 18.045721 0.000000 0.000000 0.000000 0.000000 -2.603394
    33 17.597597 0.000000 0.000000 0.362388 -0.168095 0.787471
  time 49
    0 -1.756901 -2.027255 -20.585090 0.000000 0.000000 -1.571017
    1 -5.132973 0.316416 0.000000 -1.570795 -1.570787 0.000000
    2 1.293670 0.684478 -0.000001 -0.000004 -0.000001 0.266227
    3 5.309685 -0.003834 0.000000 0.000000 0.000000 0.177442
    4 4.826790 -0.004591 0.000000 -0.141799 0.071488 0.178910
    5 5.792767 -0.005304 0.000000 -0.140304 0.060043 0.186349
    6 6.662322 -0.001452 0.000000 0.000000 -0.000015 0.471000
    7 -3.108188 1.516823 4.339626 1.238993 -1.024532 -4.799756
    8 4.827512 0.000000 -0.000002 -0.500307 0.363686 -0.976924
    9 11.140032 0.000000 0.000000 0.070821 -0.118187 -0.807103
    10 10.314563 -0.000001 0.000001 -3.988822 0.203081 -0.504208
    11 1.646836 0.445664 -1.699647 -0.161704 0.581044 -0.283978
    12 0.928312 0.000000 0.000000 0.000000 0.000000 0.000000
    13 0.928313 0.000000 -0.000001 0.000000 0.000000 0.000000
    14 2.979373 -0.388274 -0.044205 -0.000805 -0.043611 0.000046
    15 1.435262 -0.000001 -0.000001 0.000000 0.000000 0.872146
    16 1.482593 -0.000001 0.000001 0.000000 0.000000 0.907041
    17 -2.869899 1.399667 -4.140396 -1.163265 1.764468 -4.903713
    18 4.972047 0.000000 0.000000 1.113529 -0.656024 -1.752320
    19 11.585358 0.000000 0.000001 0.386603 -0.383028 -1.508200
    20 10.127058 0.000000 0.000001 1.960763 0.596700 0.774136
    21 1.537458 0.109715 1.664489 -0.264662 -0.055995 0.783079
    22 0.928313 0.000000 0.000002 0.000000 0.000000 -0.453501
    23 0.928311 0.000000 0.000001 0.000000 0.000000 0.000000
    24 2.686395 -0.427337 0.044204 -0.005762 0.043239 -0.157074
    25 1.435260 0.000000 0.000001 0.000000 0.000000 0.732613
    26 1.482593 0.000000 -0.000001 0.000000 0.000000 1.168644
    27 2.046984 0.000001 0.000000 0.198440 0.246383 -0.134379
    28 -0.000005 0.000007 3.713254 -3.204068 -0.120606 1.238399
    29 18.045723 0.000000 0.000000 0.000000 0.000000 -1.756393
    30 17.597597 0.000000 0.000000 -0.210887 0.105637 -0.141218
    31 0.000005 -0.000003 -3.713254 0.848441 2.461380 5.479079
    32 18.045721 0.000000 0.000000 0.000000 0.000000 -2.603394
    33 17.597597 0.000000 0.000000 0.362388 -0.168095 0.787471
  time 50
    0 -1.756901 -2.027255 -20.585090 0.000000 0.000000 -1.571017
    1 -5.132973 0.316416 0.000000 -1.570795 -1.570787 0.000000
    2 1.293670 0.684478 -0.000001 -0.000004 -0.000001 0.266227
    3 5.309685 -0.003834 0.000000 0.000000 0.000000 0.177442
    4 4.826790 -0.004591 0.000000 -0.141799 0.071488 0.178910
    5 5.792767 -0.005304 0.000000 -0.140304 0.060043 0.186349
    6 6.662322 -0.001452 0.000000 0.000000 -0.000015 0.471000
    7 -3.108188 1.516823 4.339626 1.238993 -1.024532 -4.799756
    8 4.827512 0.000000 -0.000002 -0.503974 0.342197 -0.967219
    9 11.140032 0.000000 0.000000 0.070821 -0.123704 -0.856806
    10 10.314563 -0.000001 0.000001 -3.988822 0.203081 -0.504208
    11 1.646836 0.445664 -1.699647 -0.161704 0.581044 -0.283978
    12 0.928312 0.000000 0.000000 0.000000 0.000000 0.000000
    13 0.928313 0.000000 -0.000001 0.000000 0.000000 0.000000
    14 2.979373 -0.388274 -0.044205 -0.000805 -0.043611 0.000046
    15 1.435262 -0.000001 -0.000001 0.000000 0.000000 0.872146
    16 1.482593 -0.000001 0.000001 0.000000 0.000000 0.907041
    17 -2.869899 1.399667 -4.140396 -1.163265 1.764468 -4.903713
    18 4.972047 0.000000 0.000000 1.126942 -0.634892 -1.754583
    19 11.585358 0.000000 0.000001 0.386603 -0.383482 -1.537033
    20 10.127058 0.000000 0.000001 1.960763 0.596700 0.774136
    21 1.537458 0.109715 1.664489 -0.264662 -0.055995 0.783079
    22 0.928313 0.000000 0.000002 0.000000 0.000000 -0.453501
    23 0.928311 0.000000 0.000001 0.000000 0.000000 0.000000
    24 2.686395 -0.427337 0.044204 -0.005762 0.043239 -0.157074
    25 1.435260 0.000000 0.000001 0.000000 0.000000 0.732613
    26 1.482593 0.000000 -0.000001 0.000000 0.000000 1.168644
    27 2.046984 0.000001 0.000000 0.198440 0.246383 -0.134379
    28 -0.000005 0.000007 3.713254 -3.204068 -0.120606 1.238399
    29 18.045723 0.000000 0.000000 0.000000 0.000000 -1.756393
    30 17.597597 0.000000 0.000000 -0.210887 0.105637 -0.141218
    31 0.000005 -0.000003 -3.713254 0.848441 2.461380 5.479079
    32 18.045721 0.000000 0.000000 0.000000 0.000000 -2.603394
    33 17.597597 0.000000 0.000000 0.362388 -0.168095 0.787471
  time 51
    0 -1.756901 -2.027255 -20.585090 0.000000 0.000000 -1.571017
    1 -5.132973 0.316416 0.000000 -1.570795 -1.570787 0.000000
    2 1.293670 0.684478 -0.000001 -0.000004 -0.000001 0.266227
    3 5.309685 -0.003834 0.000000 0.000000 0.000000 0.177990
    4 4.826790 -0.004591 0.000000 -0.141799 0.071488 0.179395
    5 5.792767 -0.005304 0.000000 -0.140304 0.060055 0.186328
    6 6.662322 -0.001452 0.000000 0.000000 -0.000015 0.471000
    7 -3.108188 1.516823 4.339626 1.238993 -1.024532 -4.799756
    8 4.827512 0.000000 -0.000002 -0.485241 0.384237 -0.906477
    9 11.140032 0.000000 0.000000 0.070821 -0.132592 -0.943750
    10 10.314563 -0.000001 0.000001 -3.986737 0.234087 -0.521395
    11 1.646836 0.445664 -1.699647 -0.161704 0.581044 -0.283978
    12 0.928312 0.000000 0.000000 0.000000 0.000000 0.000000
    13 0.928313 0.000000 -0.000001 0.000000 0.000000 0.000000
    14 2.979373 -0.388274 -0.044205 -0.000805 -0.043611 0.000046
    15 1.435262 -0.000001 -0.000001 0.000000 0.000000 0.872146
    16 1.482593 -0.000001 0.000001 0.000000 0.000000 0.907041
    17 -2.869899 1.399667 -4.140396 -1.163265 1.764468 -4.903713
    18 4.972047 0.000000 0.000000 1.135384 -0.622598 -1.756513
    19 11.585358 0.000000 0.000001 0.386603 -0.383709 -1.552226
    20 10.127058 0.000000 0.000001 1.960763 0.596700 0.774136
    21 1.537458 0.109715 1.664489 -0.264662 -0.055995 0.783079
    22 0.928313 0.000000 0.000002 0.000000 0.000000 -0.453501
    23 0.928311 0.000000 0.000001 0.000000 0.000000 0.000000
    24 2.686395 -0.427337 0.044204 -0.005762 0.043239 -0.157074
    25 1.435260 0.000000 0.000001 0.000000 0.000000 0.732613
    26 1.482593 0.000000 -0.000001 0.000000 0.000000 1.168644
    27 2.046984 0.000001 0.000000 0.196760 0.247150 -0.132067
    28 -0.000005 0.000007 3.713254 -3.204068 -0.120606 1.238399
    29 18.045723 0.000000 0.000000 0.000000 0.000000 -1.756393
    30 17.597597 0.000000 0.000000 -0.210887 0.105637 -0.141218
    31 0.000005 -0.000003 -3.713254 0.848441 2.461380 5.479079
    32 18.045721 0.000000 0.000000 0.000000 0.000000 -2.603394
    33 17.597597 0.000000 0.000000 0.362388 -0.168095 0.787471
  time 52
    0 -1.756901 -2.027255 -20.585090 0.000000 0.000000 -1.571017
    1 -5.132973 0.316416 0.000000 -1.570795 -1.570787 0.000000
    2 1.293670 0.684478 -0.000001 -0.000004 -0.000001 0.266227
    3 5.309685 -0.003834 0.000000 0.000000 0.000000 0.179544
    4 4.826790 -0.004591 0.000000 -0.141799 0.071488 0.180806
    5 5.792767 -0.005304 0.000000 -0.140304 0.060067 0.186245
    6 6.662322 -0.001452 0.000000 0.000000 -0.000015 0.471000
    7 -3.108188 1.516823 4.339626 1.238993 -1.024532 -4.799756
    8 4.827512 0.000000 -0.000002 -0.439802 0.461836 -0.770956
    9 11.140032 0.000000 0.000000 0.070821 -0.144925 -1.086121
    10 10.314563 -0.000001 0.000001 -3.981145 0.322514 -0.570342
    11 1.646836 0.445664 -1.699647 -0.161704 0.581044 -0.283978
    12 0.928312 0.000000 0.000000 0.000000 0.000000 0.000000
    13 0.928313 0.000000 -0.000001 0.000000 0.000000 0.000000
    14 2.979373 -0.388274 -0.044205 -0.000805 -0.043611 0.000046
    15 1.435262 -0.000001 -0.000001 0.000000 0.000000 0.872146
    16 1.482593 -0.000001 0.000001 0.000000 0.000000 0.907041
    17 -2.869899 1.399667 -4.140396 -1.163265 1.764468 -4.903713
    18 4.972047 0.000000 0.000000 1.134165 -0.624527 -1.755448
    19 11.585358 0.000000 0.000001 0.386603 -0.383754 -1.554758
    20 10.127058 0.000000 0.000001 1.960763 0.596700 0.774136
    21 1.537458 0.109715 1.664489 -0.264662 -0.055995 0.783079
    22 0.928313 0.000000 0.000002 0.000000 0.000000 -0.453501
    23 0.928311 0.000000 0.000001 0.000000 0.000000 0.000000
    24 2.686395 -0.427337 0.044204 -0.005762 0.043239 -0.157074
    25 1.435260 0.000000 0.000001 0.000000 0.000000 0.732613
    26 1.482593 0.000000 -0.000001 0.000000 0.000000 1.168644
    27 2.046984 0.000001 0.000000 0.192064 0.249245 -0.125498
    28 -0.000005 0.000007 3.713254 -3.204068 -0.120606 1.238399
    29 18.045723 0.000000 0.000000 0.000000 0.000000 -1.756393
    30 17.597597 0.000000 0.000000 -0.210887 0.105637 -0.141218
    31 0.000005 -0.000003 -3.713254 0.848441 2.461380 5.479079
    32 18.045721 0.000000 0.000000 0.000000 0.000000 -2.603394
    33 17.597597 0.000000 0.000000 0.362388 -0.168095 0.787471
  time 53
    0 -1.756901 -2.027255 -20.585090 0.000000 0.000000 -1.571017
    1 -5.132973 0.316416 0.000000 -1.570795 -1.570787 0.000000
    2 1.293670 0.684478 -0.000001 -0.000004 -0.000001 0.266227
    3 5.309685 -0.003834 0.000000 0.000000 0.000000 0.182017
    4 4.826790 -0.004591 0.000000 -0.141799 0.071488 0.183011
    5 5.792767 -0.005304 0.000000 -0.140304 0.060079 0.186121
    6 6.662322 -0.001452 0.000000 0.000000 -0.000015 0.471000
    7 -3.108188 1.516823 4.339626 1.238993 -1.024532 -4.799756
    8 4.827512 0.000000 -0.000002 -0.374355 0.536876 -0.602334
    9 11.140032 0.000000 0.000000 0.070821 -0.153638 -1.214581
    10 10.314563 -0.000001 0.000001 -3.972237 0.461055 -0.647102
    11 1.646836 0.445664 -1.699647 -0.161704 0.581044 -0.283978
    12 0.928312 0.000000 0.000000 0.000000 0.000000 0.000000
    13 0.928313 0.000000 -0.000001 0.000000 0.000000 0.000000
    14 2.979373 -0.388274 -0.044205 -0.000805 -0.043611 0.000046
    15 1.435262 -0.000001 -0.000001 0.000000 0.000000 0.872146
    16 1.482593 -0.000001 0.000001 0.000000 0.000000 0.907041
    17 -2.869899 1.399667 -4.140396 -1.163265 1.764468 -4.903713
    18 4.972047 0.000000 0.000000 1.129850 -0.630473 -1.753052
    19 11.585358 0.000000 0.000001 0.386603 -0.383777 -1.555656
    20 10.127058 0.000000 0.000001 1.960763 0.596700 0.774136
    21 1.537458 0.109715 1.664489 -0.264662 -0.055995 0.783079
    22 0.928313 0.000000 0.000002 0.000000 0.000000 -0.453501
    23 0.928311 0.000000 0.000001 0.000000 0.000000 0.000000
    24 2.686395 -0.427337 0.044204 -0.005762 0.043239 -0.157074
    25 1.435260 0.000000 0.000001 0.000000 0.000000 0.732613
    26 1.482593 0.000000 -0.000001 0.000000 0.000000 1.168644
    27 2.046984 0.000001 0.000000 0.184783 0.252491 -0.115340
    28 -0.000005 0.000007 3.713254 -3.204068 -0.120606 1.238399
    29 18.045723 0.000000 0.000000 0.000000 0.000000 -1.756393
    30 17.597597 0.000000 0.000000 -0.210887 0.105637 -0.141218
    31 0.000005 -0.000003 -3.713254 0.848441 2.461380 5.479079
    32 18.045721 0.000000 0.000000 0.000000 0.000000 -2.603394
    33 17.597597 0.000000 0.000000 0.362388 -0.168095 0.787471
  time 54
    0 -1.756901 -2.027255 -20.585090 0.000000 0.000000 -1.571017
    1 -5.132973 0.316416 0.000000 -1.570795 -1.570787 0.000000
    2 1.293670 0.684478 -0.000001 -0.000004 -0.000001 0.266227
    3 5.309685 -0.003834 0.000000 0.000000 0.000000 0.185267
    4 4.826790 -0.004591 0.000000 -0.141799 0.071488 0.185921
    5 5.792767 -0.005304 0.000000 -0.140286 0.060115 0.185955
    6 6.662322 -0.001452 0.000000 0.000000 -0.000015 0.471000
    7 -3.108188 1.516823 4.339626 1.238993 -1.024532 -4.799756
    8 4.827512 0.000000 -0.000002 -0.305399 0.586250 -0.440818
    9 11.140032 0.000000 0.000000 0.070821 -0.158232 -1.305147
    10 10.314563 -0.000001 0.000001 -3.960579 0.642685 -0.747667
    11 1.646836 0.445664 -1.699647 -0.161704 0.581044 -0.283978
    12 0.928312 0.000000 0.000000 0.000000 0.000000 0.000000
    13 0.928313 0.000000 -0.000001 0.000000 0.000000 0.000000
    14 2.979373 -0.388274 -0.044205 -0.000805 -0.043611 0.000046
    15 1.435262 -0.000001 -0.000001 0.000000 0.000000 0.872146
    16 1.482593 -0.000001 0.000001 0.000000 0.000000 0.907041
    17 -2.869899 1.399667 -4.140396 -1.163265 1.764468 -4.903713
    18 4.972047 0.000000 0.000000 1.122909 -0.639793 -1.749525
    19 11.585358 0.000000 0.000001 0.386603 -0.383754 -1.554840
    20 10.127058 0.000000 0.000001 1.960763 0.596700 0.774136
    21 1.537458 0.109715 1.664489 -0.264662 -0.055995 0.783079
    22 0.928313 0.000000 0.000002 0.000000 0.000000 -0.453501
    23 0.928311 0.000000 0.000001 0.000000 0.000000 0.000000
    24 2.686395 -0.427337 0.044204 -0.005762 0.043239 -0.157074
    25 1.435260 0.000000 0.000001 0.000000 0.000000 0.732613
    26 1.482593 0.000000 -0.000001 0.000000 0.000000 1.168644
    27 2.046984 0.000001 0.000000 0.175347 0.256650 -0.102201
    28 -0.000005 0.000007 3.713254 -3.204068 -0.120606 1.238399
    29 18.045723 0.000000 0.000000 0.000000 0.000000 -1.756393
    30 17.597597 0.000000 0.000000 -0.210887 0.105637 -0.141218
    31 0.000005 -0.000003 -3.713254 0.848441 2.461380 5.479079
    32 18.045721 0.000000 0.000000 0.000000 0.000000 -2.603394
    33 17.597597 0.000000 0.000000 0.362388 -0.168095 0.787471
  time 55
    0 -1.756901 -2.027255 -20.585090 0.000000 0.000000 -1.571017
    1 -5.132973 0.316416 0.000000 -1.570795 -1.570787 0.000000
    2 1.293670 0.684478 -0.000001 -0.000004 -0.000001 0.266227
    3 5.309685 -0.003834 0.000000 0.000000 0.000000 0.189206
    4 4.826790 -0.004591 0.000000 -0.141799 0.071488 0.189449
    5 5.792767 -0.005304 0.000000 -0.140286 0.060151 0.185768
    6 6.662322 -0.001452 0.000000 0.000000 -0.000015 0.471000
    7 -3.108188 1.516823 4.339626 1.238993 -1.024532 -4.799756
    8 4.827512 0.000000 -0.000002 -0.259084 0.604584 -0.327653
    9 11.140032 0.000000 0.000000 0.070821 -0.160653 -1.371297
    10 10.314563 -0.000001 0.000001 -3.946552 0.860098 -0.868091
    11 1.646836 0.445664 -1.699647 -0.161704 0.581044 -0.283978
    12 0.928312 0.000000 0.000000 0.000000 0.000000 0.000000
    13 0.928313 0.000000 -0.000001 0.000000 0.000000 0.000000
    14 2.979373 -0.388274 -0.044205 -0.000805 -0.043611 0.000046
    15 1.435262 -0.000001 -0.000001 0.000000 0.000000 0.872146
    16 1.482593 -0.000001 0.000001 0.000000 0.000000 0.907041
    17 -2.869899 1.399667 -4.140396 -1.163265 1.764468 -4.903713
    18 4.972047 0.000000 0.000000 1.114467 -0.652006 -1.745465
    19 11.585358 0.000000 0.000001 0.386603 -0.383709 -1.551817
    20 10.127058 0.000000 0.000001 1.960763 0.596700 0.774136
    21 1.537458 0.109715 1.664489 -0.264662 -0.055995 0.783079
    22 0.928313 0.000000 0.000002 0.000000 0.000000 -0.453501
    23 0.928311 0.000000 0.000001 0.000000 0.000000 0.000000
    24 2.686395 -0.427337 0.044204 -0.005762 0.043239 -0.157074
    25 1.435260 0.000000 0.000001 0.000000 0.000000 0.732613
    26 1.482593 0.000000 -0.000001 0.000000 0.000000 1.168644
    27 2.046984 0.000001 0.000000 0.164318 0.261578 -0.086872
    28 -0.000005 0.000007 3.713254 -3.204068 -0.120606 1.238399
    29 18.045723 0.000000 0.000000 0.000000 0.000000 -1.756393
    30 17.597597 0.000000 0.000000 -0.210887 0.105637 -0.141218
    31 0.000005 -0.000003 -3.713254 0.848441 2.461380 5.479079
    32 18.045721 0.000000 0.000000 0.000000 0.000000 -2.603394
    33 17.597597 0.000000 0.000000 0.362388 -0.168095 0.787471
  time 56
    0 -1.756901 -2.027255 -20.585090 0.000000 0.000000 -1.571017
    1 -5.132973 0.316416 0.000000 -1.570795 -1.570787 0.000000
    2 1.293670 0.684478 -0.000001 -0.000004 -0.000001 0.266227
    3 5.309685 -0.003834 0.000000 0.000000 0.000000 0.193710
    4 4.826790 -0.004591 0.000000 -0.141799 0.071488 0.193484
    5 5.792767 -0.005304 0.000000 -0.140268 0.060187 0.185539
    6 6.662322 -0.001452 0.000000 0.000000 -0.000015 0.471000
    7 -3.108188 1.516823 4.339626 1.238993 -1.024532 -4.799756
    8 4.827512 0.000000 -0.000002 -0.248800 0.592987 -0.266737
    9 11.140032 0.000000 0.000000 0.070821 -0.162501 -1.439693
    10 10.314563 -0.000001 0.000001 -3.930819 1.106175 -1.004423
    11 1.646836 0.445664 -1.699647 -0.161704 0.581044 -0.283978
    12 0.928312 0.000000 0.000000 0.000000 0.000000 0.000000
    13 0.928313 0.000000 -0.000001 0.000000 0.000000 0.000000
    14 2.979373 -0.388274 -0.044205 -0.000805 -0.043611 0.000046
    15 1.435262 -0.000001 -0.000001 0.000000 0.000000 0.872146
    16 1.482593 -0.000001 0.000001 0.000000 0.000000 0.907041
    17 -2.869899 1.399667 -4.140396 -1.163265 1.764468 -4.903713
    18 4.972047 0.000000 0.000000 1.104899 -0.666389 -1.741272
    19 11.585358 0.000000 0.000001 0.386603 -0.383618 -1.546181
    20 10.127058 0.000000 0.000001 1.960763 0.596700 0.774136
    21 1.537458 0.109715 1.664489 -0.264662 -0.055995 0.783079
    22 0.928313 0.000000 0.000002 0.000000 0.000000 -0.453501
    23 0.928311 0.000000 0.000001 0.000000 0.000000 0.000000
    24 2.686395 -0.427337 0.044204 -0.005762 0.043239 -0.157074
    25 1.435260 0.000000 0.000001 0.000000 0.000000 0.732613
    26 1.482593 0.000000 -0.000001 0.000000 0.000000 1.168644
    27 2.046984 0.000001 0.000000 0.152126 0.267006 -0.069840
    28 -0.000005 0.000007 3.713254 -3.204068 -0.120606 1.238399
    29 18.045723 0.000000 0.000000 0.000000 0.000000 -1.756393
    30 17.597597 0.000000 0.000000 -0.210887 0.105637 -0.141218
    31 0.000005 -0.000003 -3.713254 0.848441 2.461380 5.479079
    32 18.045721 0.000000 0.000000 0.000000 0.000000 -2.603394
    33 17.597597 0.000000 0.000000 0.362388 -0.168095 0.787471
  time 57
    0 -1.756901 -2.027255 -20.585090 0.000000 0.000000 -1.571017
    1 -5.132973 0.316416 0.000000 -1.570795 -1.570787 0.000000
    2 1.293670 0.684478 -0.000001 -0.000004 -0.000001 0.266227
    3 5.309685 -0.003834 0.000000 0.000000 0.000000 0.198656
    4 4.826790 -0.004591 0.000000 -0.141799 0.071488 0.197915
    5 5.792767 -0.005304 0.000000 -0.140250 0.060223 0.185290
    6 6.662322 -0.001452 0.000000 0.000000 -0.000015 0.471000
    7 -3.108188 1.516823 4.339626 1.238993 -1.024532 -4.799756
    8 4.827512 0.000000 -0.000002 -0.268411 0.560327 -0.233724
    9 11.140032 0.000000 0.000000 0.070821 -0.163674 -1.514393
    10 10.314563 -0.000001 0.000001 -3.913570 1.373703 -1.152659
    11 1.646836 0.445664 -1.699647 -0.161704 0.581044 -0.283978
    12 0.928312 0.000000 0.000000 0.000000 0.000000 0.000000
    13 0.928313 0.000000 -0.000001 0.000000 0.000000 0.000000
    14 2.979373 -0.388274 -0.044205 -0.000805 -0.043611 0.000046
    15 1.435262 -0.000001 -0.000001 0.000000 0.000000 0.872146
    16 1.482593 -0.000001 0.000001 0.000000 0.000000 0.907041
    17 -2.869899 1.399667 -4.140396 -1.163265 1.764468 -4.903713
    18 4.972047 0.000000 0.000000 1.094113 -0.681816 -1.736746
    19 11.585358 0.000000 0.000001 0.386603 -0.383482 -1.537605
    20 10.127058 0.000000 0.000001 1.960763 0.596700 0.774136
    21 1.537458 0.109715 1.664489 -0.264662 -0.055995 0.783079
    22 0.928313 0.000000 0.000002 0.000000 0.000000 -0.453501
    23 0.928311 0.000000 0.000001 0.000000 0.000000 0.000000
    24 2.686395 -0.427337 0.044204 -0.005762 0.043239 -0.157074
    25 1.435260 0.000000 0.000001 0.000000 0.000000 0.732613
    26 1.482593 0.000000 -0.000001 0.000000 0.000000 1.168644
    27 2.046984 0.000001 0.000000 0.139201 0.272730 -0.051895
    28 -0.000005 0.000007 3.713254 -3.204068 -0.120606 1.238399
    29 18.045723 0.000000 0.000000 0.000000 0.000000 -1.756393
    30 17.597597 0.000000 0.000000 -0.210887 0.105637 -0.141218
    31 0.000005 -0.000003 -3.713254 0.848441 2.461380 5.479079
    32 18.045721 0.000000 0.000000 0.000000 0.000000 -2.603394
    33 17.597597 0.000000 0.000000 0.362388 -0.168095 0.787471
  time 58
    0 -1.756901 -2.027255 -20.585090 0.000000 0.000000 -1.571017
    1 -5.132973 0.316416 0.000000 -1.570795 -1.570787 0.000000
    2 1.293670 0.684478 -0.000001 -0.000004 -0.000001 0.266227
    3 5.309685 -0.003834 0.000000 0.000000 0.000000 0.203938
    4 4.826790 -0.004591 0.000000 -0.141799 0.071488 0.202656
    5 5.792767 -0.005304 0.000000 -0.140250 0.060271 0.185020
    6 6.662322 -0.001452 0.000000 0.000000 -0.000015 0.471000
    7 -3.108188 1.516823 4.339626 1.238993 -1.024532 -4.799756
    8 4.827512 0.000000 -0.000002 -0.309943 0.518372 -0.222546
    9 11.140032 0.000000 0.000000 0.070821 -0.163949 -1.588368
    10 10.314563 -0.000001 0.000001 -0.754012 1.485829 1.832725
    11 1.646836 0.445664 -1.699647 -0.161704 0.581044 -0.283978
    12 0.928312 0.000000 0.000000 0.000000 0.000000 0.000000
    13 0.928313 0.000000 -0.000001 0.000000 0.000000 0.000000
    14 2.979373 -0.388274 -0.044205 -0.000805 -0.043611 0.000046
    15 1.435262 -0.000001 -0.000001 0.000000 0.000000 0.872146
    16 1.482593 -0.000001 0.000001 0.000000 0.000000 0.907041
    17 -2.869899 1.399667 -4.140396 -1.163265 1.764468 -4.903713
    18 4.972047 0.000000 0.000000 1.083607 -0.698127 -1.732886
    19 11.585358 0.000000 0.000001 0.386603 -0.383301 -1.525843
    20 10.127058 0.000000 0.000001 1.960763 0.596700 0.774136
    21 1.537458 0.109715 1.664489 -0.264662 -0.055995 0.783079
    22 0.928313 0.000000 0.000002 0.000000 0.000000 -0.453501
    23 0.928311 0.000000 0.000001 0.000000 0.000000 0.000000
    24 2.686395 -0.427337 0.044204 -0.005762 0.043239 -0.157074
    25 1.435260 0.000000 0.000001 0.000000 0.000000 0.732613
    26 1.482593 0.000000 -0.000001 0.000000 0.000000 1.168644
    27 2.046984 0.000001 0.000000 0.126061 0.278572 -0.033586
    28 -0.000005 0.000007 3.713254 -3.204068 -0.120606 1.238399
    29 18.045723 0.000000 0.000000 0.000000 0.000000 -1.756393
    30 17.597597 0.000000 0.000000 -0.210887 0.105637 -0.141218
    31 0.000005 -0.000003 -3.713254 0.848441 2.461380 5.479079
    32 18.045721 0.000000 0.000000 0.000000 0.000000 -2.603394
    33 17.597597 0.000000 0.000000 0.362388 -0.168095 0.787471
  time 59
    0 -1.756901 -2.027255 -20.585090 0.000000 0.000000 -1.571017
    1 -5.132973 0.316416 0.000000 -1.570795 -1.570787 0.000000
    2 1.293670 0.684478 -0.000001 -0.000004 -0.000001 0.266227
    3 5.309685 -0.003834 0.000000 0.000000 0.000000 0.209466
    4 4.826790 -0.004591 0.000000 -0.141799 0.071488 0.207595
    5 5.792767 -0.005304 0.000000 -0.140232 0.060318 0.184750
    6 6.662322 -0.001452 0.000000 0.000000 -0.000015 0.471000
    7 -3.108188 1.516823 4.339626 1.238993 -1.024532 -4.799756
    8 4.827512 0.000000 -0.000002 -0.359766 0.478890 -0.223499
    9 11.140032 0.000000 0.000000 0.070821 -0.163400 -1.660314
    10 10.314563 -0.000001 0.000001 -0.735436 1.196756 1.672644
    11 1.646836 0.445664 -1.699647 -0.161704 0.581044 -0.283978
    12 0.928312 0.000000 0.000000 0.000000 0.000000 0.000000
    13 0.928313 0.000000 -0.000001 0.000000 0.000000 0.000000
    14 2.979373 -0.388274 -0.044205 -0.000805 -0.043611 0.000046
    15 1.435262 -0.000001 -0.000001 0.000000 0.000000 0.872146
    16 1.482593 -0.000001 0.000001 0.000000 0.000000 0.907041
    17 -2.869899 1.399667 -4.140396 -1.163265 1.764468 -4.903713
    18 4.972047 0.000000 0.000000 1.073383 -0.714197 -1.729625
    19 11.585358 0.000000 0.000001 0.386603 -0.383074 -1.510896
    20 10.127058 0.000000 0.000001 1.960763 0.596700 0.774136
    21 1.537458 0.109715 1.664489 -0.264662 -0.055995 0.783079
    22 0.928313 0.000000 0.000002 0.000000 0.000000 -0.453501
    23 0.928311 0.000000 0.000001 0.000000 0.000000 0.000000
    24 2.686395 -0.427337 0.044204 -0.005762 0.043239 -0.157074
    25 1.435260 0.000000 0.000001 0.000000 0.000000 0.732613
    26 1.482593 0.000000 -0.000001 0.000000 0.000000 1.168644
    27 2.046984 0.000001 0.000000 0.113179 0.284325 -0.015581
    28 -0.000005 0.000007 3.713254 -3.204068 -0.120606 1.238399
    29 18.045723 0.000000 0.000000 0.000000 0.000000 -1.756393
    30 17.597597 0.000000 0.000000 -0.210887 0.105637 -0.141218
    31 0.000005 -0.000003 -3.713254 0.848441 2.461380 5.479079
    32 18.045721 0.000000 0.000000 0.000000 0.000000 -2.603394
    33 17.597597 0.000000 0.000000 0.362388 -0.168095 0.787471
  time 60
    0 -1.756901 -2.027255 -20.585090 0.000000 0.000000 -1.571017
    1 -5.132973 0.316416 0.000000 -1.570795 -1.570787 0.000000
    2 1.293670 0.684478 -0.000001 -0.000004 -0.000001 0.266227
    3 5.309685 -0.003834 0.000000 0.000000 0.000000 0.215083
    4 4.826790 -0.004591 0.000000 -0.141799 0.071488 0.212644
    5 5.792767 -0.005304 0.000000 -0.140214 0.060366 0.184460
    6 6.662322 -0.001452 0.000000 0.000000 -0.000015 0.471000
    7 -3.108188 1.516823 4.339626 1.238993 -1.024532 -4.799756
    8 4.827512 0.000000 -0.000002 -0.399465 0.454587 -0.223152
    9 11.140032 0.000000 0.000000 0.070821 -0.161752 -1.735738
    10 10.314563 -0.000001 0.000001 -0.716860 0.907684 1.512506
    11 1.646836 0.445664 -1.699647 -0.161704 0.581044 -0.283978
    12 0.928312 0.000000 0.000000 0.000000 0.000000 0.000000
    13 0.928313 0.000000 -0.000001 0.000000 0.000000 0.000000
    14 2.979373 -0.388274 -0.044205 -0.000805 -0.043611 0.000046
    15 1.435262 -0.000001 -0.000001 0.000000 0.000000 0.872146
    16 1.482593 -0.000001 0.000001 0.000000 0.000000 0.907041
    17 -2.869899 1.399667 -4.140396 -1.163265 1.764468 -4.903713
    18 4.972047 0.000000 0.000000 1.064097 -0.729704 -1.727295
    19 11.585358 0.000000 0.000001 0.386603 -0.382801 -1.492926
    20 10.127058 0.000000 0.000001 1.960763 0.596700 0.774136
    21 1.537458 0.109715 1.664489 -0.264662 -0.055995 0.783079
    22 0.928313 0.000000 0.000002 0.000000 0.000000 -0.453501
    23 0.928311 0.000000 0.000001 0.000000 0.000000 0.000000
    24 2.686395 -0.427337 0.044204 -0.005762 0.043239 -0.157074
    25 1.435260 0.000000 0.000001 0.000000 0.000000 0.732613
    26 1.482593 0.000000 -0.000001 0.000000 0.000000 1.168644
    27 2.046984 0.000001 0.000000 0.100943 0.289753 0.001391
    28 -0.000005 0.000007 3.713254 -3.204068 -0.120606 1.238399
    29 18.045723 0.000000 0.000000 0.000000 0.000000 -1.756393
    30 17.597597 0.000000 0.000000 -0.210887 0.105637 -0.141218
    31 0.000005 -0.000003 -3.713254 0.848441 2.461380 5.479079
    32 18.045721 0.000000 0.000000 0.000000 0.000000 -2.603394
    33 17.597597 0.000000 0.000000 0.362388 -0.168095 0.787471
  time 61
    0 -1.756901 -2.027255 -20.585090 0.000000 0.000000 -1.571017
    1 -5.132973 0.316416 0.000000 -1.570795 -1.570787 0.000000
    2 1.293670 0.684478 -0.000001 -0.000004 -0.000001 0.266227
    3 5.309685 -0.003834 0.000000 0.000000 0.000000 0.220718
    4 4.826790 -0.004591 0.000000 -0.141799 0.071488 0.217693
    5 5.792767 -0.005304 0.000000 -0.140196 0.060414 0.184190
    6 6.662322 -0.001452 0.000000 0.000000 -0.000015 0.471000
    7 -3.108188 1.516823 4.339626 1.238993 -1.024532 -4.799756
    8 4.827512 0.000000 -0.000002 -0.429519 0.447936 -0.248281
    9 11.140032 0.000000 0.000000 0.070821 -0.158956 -1.817175
    10 10.314563 -0.000001 0.000001 -0.698758 0.625731 1.356373
    11 1.646836 0.445664 -1.699647 -0.161704 0.581044 -0.283978
    12 0.928312 0.000000 0.000000 0.000000 0.000000 0.000000
    13 0.928313 0.000000 -0.000001 0.000000 0.000000 0.000000
    14 2.979373 -0.388274 -0.044205 -0.000805 -0.043611 0.000046
    15 1.435262 -0.000001 -0.000001 0.000000 0.000000 0.872146
    16 1.482593 -0.000001 0.000001 0.000000 0.000000 0.907041
    17 -2.869899 1.399667 -4.140396 -1.163265 1.764468 -4.903713
    18 4.972047 0.000000 0.000000 1.056030 -0.744248 -1.726297
    19 11.585358 0.000000 0.000001 0.386603 -0.381917 -1.472588
    20 10.127058 0.000000 0.000001 1.960763 0.596700 0.774136
    21 1.537458 0.109715 1.664489 -0.264662 -0.055995 0.783079
    22 0.928313 0.000000 0.000002 0.000000 0.000000 -0.453501
    23 0.928311 0.000000 0.000001 0.000000 0.000000 0.000000
    24 2.686395 -0.427337 0.044204 -0.005762 0.043239 -0.157074
    25 1.435260 0.000000 0.000001 0.000000 0.000000 0.732613
    26 1.482593 0.000000 -0.000001 0.000000 0.000000 1.168644
    27 2.046984 0.000001 0.000000 0.089914 0.294651 0.016780
    28 -0.000005 0.000007 3.713254 -3.204068 -0.120606 1.238399
    29 18.045723 0.000000 0.000000 0.000000 0.000000 -1.756393
    30 17.597597 0.000000 0.000000 -0.210887 0.105637 -0.141218
    31 0.000005 -0.000003 -3.713254 0.848441 2.461380 5.479079
    32 18.045721 0.000000 0.000000 0.000000 0.000000 -2.603394
    33 17.597597 0.000000 0.000000 0.362388 -0.168095 0.787471
  time 62
    0 -1.756901 -2.027255 -20.585090 0.000000 0.000000 -1.571017
    1 -5.132973 0.316416 0.000000 -1.570795 -1.570787 0.000000
    2 1.293670 0.684478 -0.000001 -0.000004 -0.000001 0.266227
    3 5.309685 -0.003834 0.000000 0.000000 0.000000 0.226229
    4 4.826790 -0.004591 0.000000 -0.141799 0.071488 0.222632
    5 5.792767 -0.005304 0.000000 -0.140178 0.060462 0.183920
    6 6.662322 -0.001452 0.000000 0.000000 -0.000015 0.471000
    7 -3.108188 1.516823 4.339626 1.238993 -1.024532 -4.799756
    8 4.827512 0.000000 -0.000002 -0.459413 0.445719 -0.332072
    9 11.140032 0.000000 0.000000 0.070821 -0.155585 -1.889846
    10 10.314563 -0.000001 0.000001 -0.681508 0.358109 1.208138
    11 1.646836 0.445664 -1.699647 -0.161704 0.581044 -0.283978
    12 0.928312 0.000000 0.000000 0.000000 0.000000 0.000000
    13 0.928313 0.000000 -0.000001 0.000000 0.000000 0.000000
    14 2.979373 -0.388274 -0.044205 -0.000805 -0.043611 0.000046
    15 1.435262 -0.000001 -0.000001 0.000000 0.000000 0.872146
    16 1.482593 -0.000001 0.000001 0.000000 0.000000 0.907041
    17 -2.869899 1.399667 -4.140396 -1.163265 1.764468 -4.903713
    18 4.972047 0.000000 0.000000 1.049652 -0.757345 -1.726763
    19 11.585358 0.000000 0.000001 0.386603 -0.380782 -1.449963
    20 10.127058 0.000000 0.000001 1.960763 0.596700 0.774136
    21 1.537458 0.109715 1.664489 -0.264662 -0.055995 0.783079
    22 0.928313 0.000000 0.000002 0.000000 0.000000 -0.453501
    23 0.928311 0.000000 0.000001 0.000000 0.000000 0.000000
    24 2.686395 -0.427337 0.044204 -0.005762 0.043239 -0.157074
    25 1.435260 0.000000 0.000001 0.000000 0.000000 0.732613
    26 1.482593 0.000000 -0.000001 0.000000 0.000000 1.168644
    27 2.046984 0.000001 0.000000 0.080522 0.298811 0.029859
    28 -0.000005 0.000007 3.713254 -3.204068 -0.120606 1.238399
    29 18.045723 0.000000 0.000000 0.000000 0.000000 -1.756393
    30 17.597597 0.000000 0.000000 -0.210887 0.105637 -0.141218
    31 0.000005 -0.000003 -3.713254 0.848441 2.461380 5.479079
    32 18.045721 0.000000 0.000000 0.000000 0.000000 -2.603394
    33 17.597597 0.000000 0.000000 0.362388 -0.168095 0.787471
  time 63
    0 -1.756901 -2.027255 -20.585090 0.000000 0.000000 -1.571017
    1 -5.132973 0.316416 0.000000 -1.570795 -1.570787 0.000000
    2 1.293670 0.684478 -0.000001 -0.000004 -0.000001 0.266227
    3 5.309685 -0.003834 0.000000 0.000000 0.000000 0.231528
    4 4.826790 -0.004591 0.000000 -0.141799 0.071488 0.227372
    5 5.792767 -0.005304 0.000000 -0.140178 0.060498 0.183650
    6 6.662322 -0.001452 0.000000 0.000000 -0.000015 0.471000
    7 -3.108188 1.516823 4.339626 1.238993 -1.024532 -4.799756
    8 4.827512 0.000000 -0.000002 -0.479581 0.439323 -0.461268
    9 11.140032 0.000000 0.000000 0.070821 -0.152964 -1.937810
    10 10.314563 -0.000001 0.000001 -0.665776 0.112032 1.071863
    11 1.646836 0.445664 -1.699647 -0.161704 0.581044 -0.283978
    12 0.928312 0.000000 0.000000 0.000000 0.000000 0.000000
    13 0.928313 0.000000 -0.000001 0.000000 0.000000 0.000000
    14 2.979373 -0.388274 -0.044205 -0.000805 -0.043611 0.000046
    15 1.435262 -0.000001 -0.000001 0.000000 0.000000 0.872146
    16 1.482593 -0.000001 0.000001 0.000000 0.000000 0.907041
    17 -2.869899 1.399667 -4.140396 -1.163265 1.764468 -4.903713
    18 4.972047 0.000000 0.000000 1.044962 -0.768674 -1.728227
    19 11.585358 0.000000 0.000001 0.386603 -0.379580 -1.426439
    20 10.127058 0.000000 0.000001 1.960763 0.596700 0.774136
    21 1.537458 0.109715 1.664489 -0.264662 -0.055995 0.783079
    22 0.928313 0.000000 0.000002 0.000000 0.000000 -0.453501
    23 0.928311 0.000000 0.000001 0.000000 0.000000 0.000000
    24 2.686395 -0.427337 0.044204 -0.005762 0.043239 -0.157074
    25 1.435260 0.000000 0.000001 0.000000 0.000000 0.732613
    26 1.482593 0.000000 -0.000001 0.000000 0.000000 1.168644
    27 2.046984 0.000001 0.000000 0.073241 0.302056 0.040017
    28 -0.000005 0.000007 3.713254 -3.204068 -0.120606 1.238399
    29 18.045723 0.000000 0.000000 0.000000 0.000000 -1.756393
    30 17.597597 0.000000 0.000000 -0.210887 0.105637 -0.141218
    31 0.000005 -0.000003 -3.713254 0.848441 2.461380 5.479079
    32 18.045721 0.000000 0.000000 0.000000 0.000000 -2.603394
    33 17.597597 0.000000 0.000000 0.362388 -0.168095 0.787471
  time 64
    0 -1.756901 -2.027255 -20.585090 0.000000 0.000000 -1.571017
    1 -5.132973 0.316416 0.000000 -1.570795 -1.570787 0.000000
    2 1.293670 0.684478 -0.000001 -0.000004 -0.000001 0.266227
    3 5.309685 -0.003834 0.000000 0.000000 0.000000 0.236474
    4 4.826790 -0.004591 0.000000 -0.141799 0.071488 0.231804
    5 5.792767 -0.005304 0.000000 -0.140160 0.060546 0.183401
    6 6.662322 -0.001452 0.000000 0.000000 -0.000015 0.471000
    7 -3.108188 1.516823 4.339626 1.238993 -1.024532 -4.799756
    8 4.827512 0.000000 -0.000002 -0.483168 0.424145 -0.612732
    9 11.140032 0.000000 0.000000 0.070821 -0.152190 -1.949837
    10 10.314563 -0.000001 0.000001 -0.651749 -0.105288 0.951440
    11 1.646836 0.445664 -1.699647 -0.161704 0.581044 -0.283978
    12 0.928312 0.000000 0.000000 0.000000 0.000000 0.000000
    13 0.928313 0.000000 -0.000001 0.000000 0.000000 0.000000
    14 2.979373 -0.388274 -0.044205 -0.000805 -0.043611 0.000046
    15 1.435262 -0.000001 -0.000001 0.000000 0.000000 0.872146
    16 1.482593 -0.000001 0.000001 0.000000 0.000000 0.907041
    17 -2.869899 1.399667 -4.140396 -1.163265 1.764468 -4.903713
    18 4.972047 0.000000 0.000000 1.041867 -0.778155 -1.730623
    19 11.585358 0.000000 0.000001 0.386603 -0.378400 -1.403078
    20 10.127058 0.000000 0.000001 1.960763 0.596700 0.774136
    21 1.537458 0.109715 1.664489 -0.264662 -0.055995 0.783079
    22 0.928313 0.000000 0.000002 0.000000 0.000000 -0.453501
    23 0.928311 0.000000 0.000001 0.000000 0.000000 0.000000
    24 2.686395 -0.427337 0.044204 -0.005762 0.043239 -0.157074
    25 1.435260 0.000000 0.000001 0.000000 0.000000 0.732613
    26 1.482593 0.000000 -0.000001 0.000000 0.000000 1.168644
    27 2.046984 0.000001 0.000000 0.068502 0.304151 0.046586
    28 -0.000005 0.000007 3.713254 -3.204068 -0.120606 1.238399
    29 18.045723 0.000000 0.000000 0.000000 0.000000 -1.756393
    30 17.597597 0.000000 0.000000 -0.210887 0.105637 -0.141218
    31 0.000005 -0.000003 -3.713254 0.848441 2.461380 5.479079
    32 18.045721 0.000000 0.000000 0.000000 0.000000 -2.603394
    33 17.597597 0.000000 0.000000 0.362388 -0.168095 0.787471
  time 65
    0 -1.756901 -2.027255 -20.585090 0.000000 0.000000 -1.571017
    1 -5.132973 0.316416 0.000000 -1.570795 -1.570787 0.000000
    2 1.293670 0.684478 -0.000001 -0.000004 -0.000001 0.266227
    3 5.309685 -0.003834 0.000000 0.000000 0.000000 0.240978
    4 4.826790 -0.004591 0.000000 -0.141799 0.071488 0.235839
    5 5.792767 -0.005304 0.000000 -0.140142 0.060582 0.183172
    6 6.662322 -0.001452 0.000000 0.000000 -0.000015 0.471000
    7 -3.108188 1.516823 4.339626 1.238993 -1.024532 -4.799756
    8 4.827512 0.000000 -0.000002 -0.471131 0.403423 -0.759345
    9 11.140032 0.000000 0.000000 0.070821 -0.153513 -1.929116
    10 10.314563 -0.000001 0.000001 -0.640091 -0.286824 0.850874
    11 1.646836 0.445664 -1.699647 -0.161704 0.581044 -0.283978
    12 0.928312 0.000000 0.000000 0.000000 0.000000 0.000000
    13 0.928313 0.000000 -0.000001 0.000000 0.000000 0.000000
    14 2.979373 -0.388274 -0.044205 -0.000805 -0.043611 0.000046
    15 1.435262 -0.000001 -0.000001 0.000000 0.000000 0.872146
    16 1.482593 -0.000001 0.000001 0.000000 0.000000 0.907041
    17 -2.869899 1.399667 -4.140396 -1.163265 1.764468 -4.903713
    18 4.972047 0.000000 0.000000 1.039991 -0.786029 -1.733618
    19 11.585358 0.000000 0.000001 0.386603 -0.376653 -1.381760
    20 10.127058 0.000000 0.000001 1.960763 0.596700 0.774136
    21 1.537458 0.109715 1.664489 -0.264662 -0.055995 0.783079
    22 0.928313 0.000000 0.000002 0.000000 0.000000 -0.453501
    23 0.928311 0.000000 0.000001 0.000000 0.000000 0.000000
    24 2.686395 -0.427337 0.044204 -0.005762 0.043239 -0.157074
    25 1.435260 0.000000 0.000001 0.000000 0.000000 0.732613
    26 1.482593 0.000000 -0.000001 0.000000 0.000000 1.168644
    27 2.046984 0.000001 0.000000 0.066822 0.304918 0.048959
    28 -0.000005 0.000007 3.713254 -3.204068 -0.120606 1.238399
    29 18.045723 0.000000 0.000000 0.000000 0.000000 -1.756393
    30 17.597597 0.000000 0.000000 -0.210887 0.105637 -0.141218
    31 0.000005 -0.000003 -3.713254 0.848441 2.461380 5.479079
    32 18.045721 0.000000 0.000000 0.000000 0.000000 -2.603394
    33 17.597597 0.000000 0.000000 0.362388 -0.168095 0.787471
  time 66
    0 -1.756901 -2.027255 -20.585090 0.000000 0.000000 -1.571017
    1 -5.132973 0.316416 0.000000 -1.570795 -1.570787 0.000000
    2 1.293670 0.684478 -0.000001 -0.000004 -0.000001 0.266227
    3 5.309685 -0.003834 0.000000 0.000000 0.000000 0.244899
    4 4.826790 -0.004591 0.000000 -0.141799 0.071488 0.239366
    5 5.792767 -0.005304 0.000000 -0.140142 0.060618 0.182965
    6 6.662322 -0.001452 0.000000 0.000000 -0.000015 0.471000
    7 -3.108188 1.516823 4.339626 1.238993 -1.024532 -4.799756
    8 4.827512 0.000000 -0.000002 -0.450963 0.385175 -0.877969
    9 11.140032 0.000000 0.000000 0.070821 -0.155411 -1.893179
    10 10.314563 -0.000001 0.000001 -0.631182 -0.425366 0.774114
    11 1.646836 0.445664 -1.699647 -0.161704 0.581044 -0.283978
    12 0.928312 0.000000 0.000000 0.000000 0.000000 0.000000
    13 0.928313 0.000000 -0.000001 0.000000 0.000000 0.000000
    14 2.979373 -0.388274 -0.044205 -0.000805 -0.043611 0.000046
    15 1.435262 -0.000001 -0.000001 0.000000 0.000000 0.872146
    16 1.482593 -0.000001 0.000001 0.000000 0.000000 0.907041
    17 -2.869899 1.399667 -4.140396 -1.163265 1.764468 -4.903713
    18 4.972047 0.000000 0.000000 1.039241 -0.791814 -1.736879
    19 11.585358 0.000000 0.000001 0.386603 -0.375042 -1.362810
    20 10.127058 0.000000 0.000001 1.960763 0.596700 0.774136
    21 1.537458 0.109715 1.664489 -0.264662 -0.055995 0.783079
    22 0.928313 0.000000 0.000002 0.000000 0.000000 -0.453501
    23 0.928311 0.000000 0.000001 0.000000 0.000000 0.000000
    24 2.686395 -0.427337 0.044204 -0.005762 0.043239 -0.157074
    25 1.435260 0.000000 0.000001 0.000000 0.000000 0.732613
    26 1.482593 0.000000 -0.000001 0.000000 0.000000 1.168644
    27 2.046984 0.000001 0.000000 0.066822 0.304918 0.048959
    28 -0.000005 0.000007 3.713254 -3.204068 -0.120606 1.238399
    29 18.045723 0.000000 0.000000 0.000000 0.000000 -1.756393
    30 17.597597 0.000000 0.000000 -0.210887 0.105637 -0.141218
    31 0.000005 -0.000003 -3.713254 0.848441 2.461380 5.479079
    32 18.045721 0.000000 0.000000 0.000000 0.000000 -2.603394
    33 17.597597 0.000000 0.000000 0.362388 -0.168095 0.787471
  time 67
    0 -1.756901 -2.027255 -20.585090 0.000000 0.000000 -1.571017
    1 -5.132973 0.316416 0.000000 -1.570795 -1.570787 0.000000
    2 1.293670 0.684478 -0.000001 -0.000004 -0.000001 0.266227
    3 5.309685 -0.003834 0.000000 0.000000 0.000000 0.248167
    4 4.826790 -0.004591 0.000000 -0.141799 0.071488 0.242277
    5 5.792767 -0.005304 0.000000 -0.140124 0.060642 0.182820
    6 6.662322 -0.001452 0.000000 0.000000 -0.000015 0.471000
    7 -3.108188 1.516823 4.339626 1.238993 -1.024532 -4.799756
    8 4.827512 0.000000 -0.000002 -0.409191 0.399245 -0.963753
    9 11.140032 0.000000 0.000000 0.070821 -0.157807 -1.845215
    10 10.314563 -0.000001 0.000001 -0.625496 -0.513792 0.725109
    11 1.646836 0.445664 -1.699647 -0.161704 0.581044 -0.283978
    12 0.928312 0.000000 0.000000 0.000000 0.000000 0.000000
    13 0.928313 0.000000 -0.000001 0.000000 0.000000 0.000000
    14 2.979373 -0.388274 -0.044205 -0.000805 -0.043611 0.000046
    15 1.435262 -0.000001 -0.000001 0.000000 0.000000 0.872146
    16 1.482593 -0.000001 0.000001 0.000000 0.000000 0.907041
    17 -2.869899 1.399667 -4.140396 -1.163265 1.764468 -4.903713
    18 4.972047 0.000000 0.000000 1.039053 -0.795832 -1.739542
    19 11.585358 0.000000 0.000001 0.386603 -0.373794 -1.348353
    20 10.127058 0.000000 0.000001 1.960763 0.596700 0.774136
    21 1.537458 0.109715 1.664489 -0.264662 -0.055995 0.783079
    22 0.928313 0.000000 0.000002 0.000000 0.000000 -0.453501
    23 0.928311 0.000000 0.000001 0.000000 0.000000 0.000000
    24 2.686395 -0.427337 0.044204 -0.005762 0.043239 -0.157074
    25 1.435260 0.000000 0.000001 0.000000 0.000000 0.732613
    26 1.482593 0.000000 -0.000001 0.000000 0.000000 1.168644
    27 2.046984 0.000001 0.000000 0.066822 0.304918 0.048959
    28 -0.000005 0.000007 3.713254 -3.204068 -0.120606 1.238399
    29 18.045723 0.000000 0.000000 0.000000 0.000000 -1.756393
    30 17.597597 0.000000 0.000000 -0.210887 0.105637 -0.141218
    31 0.000005 -0.000003 -3.713254 0.848441 2.461380 5.479079
    32 18.045721 0.000000 0.000000 0.000000 0.000000 -2.603394
    33 17.597597 0.000000 0.000000 0.362388 -0.168095 0.787471
  time 68
    0 -1.756901 -2.027255 -20.585090 0.000000 0.000000 -1.571017
    1 -5.132973 0.316416 0.000000 -1.570795 -1.570787 0.000000
    2 1.293670 0.684478 -0.000001 -0.000004 -0.000001 0.266227
    3 5.309685 -0.003834 0.000000 0.000000 0.000000 0.250623
    4 4.826790 -0.004591 0.000000 -0.141799 0.071488 0.244481
    5 5.792767 -0.005304 0.000000 -0.140124 0.060666 0.182695
    6 6.662322 -0.001452 0.000000 0.000000 -0.000015 0.471000
    7 -3.108188 1.516823 4.339626 1.238993 -1.024532 -4.799756
    8 4.827512 0.000000 -0.000002 -0.362875 0.437959 -1.023022
    9 11.140032 0.000000 0.000000 0.070821 -0.160179 -1.783919
    10 10.314563 -0.000001 0.000001 -0.623505 -0.544891 0.707922
    11 1.646836 0.445664 -1.699647 -0.161704 0.581044 -0.283978
    12 0.928312 0.000000 0.000000 0.000000 0.000000 0.000000
    13 0.928313 0.000000 -0.000001 0.000000 0.000000 0.000000
    14 2.979373 -0.388274 -0.044205 -0.000805 -0.043611 0.000046
    15 1.435262 -0.000001 -0.000001 0.000000 0.000000 0.872146
    16 1.482593 -0.000001 0.000001 0.000000 0.000000 0.907041
    17 -2.869899 1.399667 -4.140396 -1.163265 1.764468 -4.903713
    18 4.972047 0.000000 0.000000 1.038959 -0.798162 -1.741139
    19 11.585358 0.000000 0.000001 0.386603 -0.373090 -1.340022
    20 10.127058 0.000000 0.000001 1.960763 0.596700 0.774136
    21 1.537458 0.109715 1.664489 -0.264662 -0.055995 0.783079
    22 0.928313 0.000000 0.000002 0.000000 0.000000 -0.453501
    23 0.928311 0.000000 0.000001 0.000000 0.000000 0.000000
    24 2.686395 -0.427337 0.044204 -0.005762 0.043239 -0.157074
    25 1.435260 0.000000 0.000001 0.000000 0.000000 0.732613
    26 1.482593 0.000000 -0.000001 0.000000 0.000000 1.168644
    27 2.046984 0.000001 0.000000 0.066822 0.304918 0.048959
    28 -0.000005 0.000007 3.713254 -3.204068 -0.120606 1.238399
    29 18.045723 0.000000 0.000000 0.000000 0.000000 -1.756393
    30 17.597597 0.000000 0.000000 -0.210887 0.105637 -0.141218
    31 0.000005 -0.000003 -3.713254 0.848441 2.461380 5.479079
    32 18.045721 0.000000 0.000000 0.000000 0.000000 -2.603394
    33 17.597597 0.000000 0.000000 0.362388 -0.168095 0.787471
  time 69
    0 -1.756901 -2.027255 -20.585090 0.000000 0.000000 -1.571017
    1 -5.132973 0.316416 0.000000 -1.570795 -1.570787 0.000000
    2 1.293670 0.684478 -0.000001 -0.000004 -0.000001 0.266227
    3 5.309685 -0.003834 0.000000 0.000000 0.000000 0.252195
    4 4.826790 -0.004591 0.000000 -0.141799 0.071488 0.245893
    5 5.792767 -0.005304 0.000000 -0.140124 0.060678 0.182612
    6 6.662322 -0.001452 0.000000 0.000000 -0.000015 0.471000
    7 -3.108188 1.516823 4.339626 1.238993 -1.024532 -4.799756
    8 4.827512 0.000000 -0.000002 -0.343743 0.458936 -1.046764
    9 11.140032 0.000000 0.000000 0.070821 -0.161303 -1.752474
    10 10.314563 -0.000001 0.000001 -0.623505 -0.544891 0.707922
    11 1.646836 0.445664 -1.699647 -0.161704 0.581044 -0.283978
    12 0.928312 0.000000 0.000000 0.000000 0.000000 0.000000
    13 0.928313 0.000000 -0.000001 0.000000 0.000000 0.000000
    14 2.979373 -0.388274 -0.044205 -0.000805 -0.043611 0.000046
    15 1.435262 -0.000001 -0.000001 0.000000 0.000000 0.872146
    16 1.482593 -0.000001 0.000001 0.000000 0.000000 0.907041
    17 -2.869899 1.399667 -4.140396 -1.163265 1.764468 -4.903713
    18 4.972047 0.000000 0.000000 1.038772 -0.798724 -1.741205
    19 11.585358 0.000000 0.000001 0.386603 -0.373022 -1.339123
    20 10.127058 0.000000 0.000001 1.960763 0.596700 0.774136
    21 1.537458 0.109715 1.664489 -0.264662 -0.055995 0.783079
    22 0.928313 0.000000 0.000002 0.000000 0.000000 -0.453501
    23 0.928311 0.000000 0.000001 0.000000 0.000000 0.000000
    24 2.686395 -0.427337 0.044204 -0.005762 0.043239 -0.157074
    25 1.435260 0.000000 0.000001 0.000000 0.000000 0.732613
    26 1.482593 0.000000 -0.000001 0.000000 0.000000 1.168644
    27 2.046984 0.000001 0.000000 0.066822 0.304918 0.048959
    28 -0.000005 0.000007 3.713254 -3.204068 -0.120606 1.238399
    29 18.045723 0.000000 0.000000 0.000000 0.000000 -1.756393
    30 17.597597 0.000000 0.000000 -0.210887 0.105637 -0.141218
    31 0.000005 -0.000003 -3.713254 0.848441 2.461380 5.479079
    32 18.045721 0.000000 0.000000 0.000000 0.000000 -2.603394
    33 17.597597 0.000000 0.000000 0.362388 -0.168095 0.787471
  time 70
    0 -1.756901 -2.027255 -20.585090 0.000000 0.000000 -1.571017
    1 -5.132973 0.316416 0.000000 -1.570795 -1.570787 0.000000
    2 1.293670 0.684478 -0.000001 -0.000004 -0.000001 0.266227
    3 5.309685 -0.003834 0.000000 0.000000 0.000000 0.252742
    4 4.826790 -0.004591 0.000000 -0.141799 0.071488 0.246378
    5 5.792767 -0.005304 0.000000 -0.140124 0.060678 0.182570
    6 6.662322 -0.001452 0.000000 0.000000 -0.000015 0.471000
    7 -3.108188 1.516823 4.339626 1.238993 -1.024532 -4.799756
    8 4.827512 0.000000 -0.000002 -0.343903 0.458254 -1.047371
    9 11.140032 0.000000 0.000000 0.070821 -0.161278 -1.753271
    10 10.314563 -0.000001 0.000001 -0.623505 -0.544891 0.707922
    11 1.646836 0.445664 -1.699647 -0.161704 0.581044 -0.283978
    12 0.928312 0.000000 0.000000 0.000000 0.000000 0.000000
    13 0.928313 0.000000 -0.000001 0.000000 0.000000 0.000000
    14 2.979373 -0.388274 -0.044205 -0.000805 -0.043611 0.000046
    15 1.435262 -0.000001 -0.000001 0.000000 0.000000 0.872146
    16 1.482593 -0.000001 0.000001 0.000000 0.000000 0.907041
    17 -2.869899 1.399667 -4.140396 -1.163265 1.764468 -4.903713
    18 4.972047 0.000000 0.000000 1.038584 -0.798564 -1.740806
    19 11.585358 0.000000 0.000001 0.386603 -0.373158 -1.340675
    20 10.127058 0.000000 0.000001 1.960763 0.596700 0.774136
    21 1.537458 0.109715 1.664489 -0.264662 -0.055995 0.783079
    22 0.928313 0.000000 0.000002 0.000000 0.000000 -0.453501
    23 0.928311 0.000000 0.000001 0.000000 0.000000 0.000000
    24 2.686395 -0.427337 0.044204 -0.005762 0.043239 -0.157074
    25 1.435260 0.000000 0.000001 0.000000 0.000000 0.732613
    26 1.482593 0.000000 -0.000001 0.000000 0.000000 1.168644
    27 2.046984 0.000001 0.000000 0.066822 0.304918 0.048959
    28 -0.000005 0.000007 3.713254 -3.204068 -0.120606 1.238399
    29 18.045723 0.000000 0.000000 0.000000 0.000000 -1.756393
    30 17.597597 0.000000 0.000000 -0.210887 0.105637 -0.141218
    31 0.000005 -0.000003 -3.713254 0.848441 2.461380 5.479079
    32 18.045721 0.000000 0.000000 0.000000 0.000000 -2.603394
    33 17.597597 0.000000 0.000000 0.362388 -0.168095 0.787471
  time 71
    0 -1.756901 -2.027255 -20.585090 0.000000 0.000000 -1.571017
    1 -5.132973 0.316416 0.000000 -1.570795 -1.570787 0.000000
    2 1.293670 0.684478 -0.000001 -0.000004 -0.000001 0.266227
    3 5.309685 -0.003834 0.000000 0.000000 0.000000 0.252742
    4 4.826790 -0.004591 0.000000 -0.141799 0.071488 0.246378
    5 5.792767 -0.005304 0.000000 -0.140124 0.060678 0.182570
    6 6.662322 -0.001452 0.000000 0.000000 -0.000015 0.471000
    7 -3.108188 1.516823 4.339626 1.238993 -1.024532 -4.799756
    8 4.827512 0.000000 -0.000002 -0.343584 0.454161 -1.056296
    9 11.140032 0.000000 0.000000 0.070821 -0.161328 -1.752112
    10 10.314563 -0.000001 0.000001 -0.623505 -0.544891 0.707922
    11 1.646836 0.445664 -1.699647 -0.161704 0.581044 -0.283978
    12 0.928312 0.000000 0.000000 0.000000 0.000000 0.000000
    13 0.928313 0.000000 -0.000001 0.000000 0.000000 0.000000
    14 2.979373 -0.388274 -0.044205 -0.000805 -0.043611 0.000046
    15 1.435262 -0.000001 -0.000001 0.000000 0.000000 0.872146
    16 1.482593 -0.000001 0.000001 0.000000 0.000000 0.907041
    17 -2.869899 1.399667 -4.140396 -1.163265 1.764468 -4.903713
    18 4.972047 0.000000 0.000000 1.041867 -0.795993 -1.744933
    19 11.585358 0.000000 0.000001 0.386603 -0.372228 -1.329893
    20 10.127058 0.000000 0.000001 1.960763 0.596700 0.774136
    21 1.537458 0.109715 1.664489 -0.264662 -0.055995 0.783079
    22 0.928313 0.000000 0.000002 0.000000 0.000000 -0.453501
    23 0.928311 0.000000 0.000001 0.000000 0.000000 0.000000
    24 2.686395 -0.427337 0.044204 -0.005762 0.043239 -0.157074
    25 1.435260 0.000000 0.000001 0.000000 0.000000 0.732613
    26 1.482593 0.000000 -0.000001 0.000000 0.000000 1.168644
    27 2.046984 0.000001 0.000000 0.066822 0.304918 0.048959
    28 -0.000005 0.000007 3.713254 -3.204068 -0.120606 1.238399
    29 18.045723 0.000000 0.000000 0.000000 0.000000 -1.756393
    30 17.597597 0.000000 0.000000 -0.210887 0.105637 -0.141218
    31 0.000005 -0.000003 -3.713254 0.848441 2.461380 5.479079
    32 18.045721 0.000000 0.000000 0.000000 0.000000 -2.603394
    33 17.597597 0.000000 0.000000 0.362388 -0.168095 0.787471
  time 72
    0 -1.756901 -2.027255 -20.585090 0.000000 0.000000 -1.571017
    1 -5.132973 0.316416 0.000000 -1.570795 -1.570787 0.000000
    2 1.293670 0.684478 -0.000001 -0.000004 -0.000001 0.266227
    3 5.309685 -0.003834 0.000000 0.000000 0.000000 0.252742
    4 4.826790 -0.004591 0.000000 -0.141799 0.071488 0.246378
    5 5.792767 -0.005304 0.000000 -0.140124 0.060678 0.182570
    6 6.662322 -0.001452 0.000000 0.000000 -0.000015 0.471000
    7 -3.108188 1.516823 4.339626 1.238993 -1.024532 -4.799756
    8 4.827512 0.000000 -0.000002 -0.343026 0.442990 -1.079692
    9 11.140032 0.000000 0.000000 0.070821 -0.161477 -1.748200
    10 10.314563 -0.000001 0.000001 -0.623505 -0.544891 0.707922
    11 1.646836 0.445664 -1.699647 -0.161704 0.581044 -0.283978
    12 0.928312 0.000000 0.000000 0.000000 0.000000 0.000000
    13 0.928313 0.000000 -0.000001 0.000000 0.000000 0.000000
    14 2.979373 -0.388274 -0.044205 -0.000805 -0.043611 0.000046
    15 1.435262 -0.000001 -0.000001 0.000000 0.000000 0.872146
    16 1.482593 -0.000001 0.000001 0.000000 0.000000 0.907041
    17 -2.869899 1.399667 -4.140396 -1.163265 1.764468 -4.903713
    18 4.972047 0.000000 0.000000 1.050309 -0.789163 -1.755715
    19 11.585358 0.000000 0.000001 0.386603 -0.369460 -1.301959
    20 10.127058 0.000000 0.000001 1.960763 0.596700 0.774136
    21 1.537458 0.109715 1.664489 -0.264662 -0.055995 0.783079
    22 0.928313 0.000000 0.000002 0.000000 0.000000 -0.453501
    23 0.928311 0.000000 0.000001 0.000000 0.000000 0.000000
    24 2.686395 -0.427337 0.044204 -0.005762 0.043239 -0.157074
    25 1.435260 0.000000 0.000001 0.000000 0.000000 0.732613
    26 1.482593 0.000000 -0.000001 0.000000 0.000000 1.168644
    27 2.046984 0.000001 0.000000 0.066822 0.304918 0.048959
    28 -0.000005 0.000007 3.713254 -3.204068 -0.120606 1.238399
    29 18.045723 0.000000 0.000000 0.000000 0.000000 -1.756393
    30 17.597597 0.000000 0.000000 -0.210887 0.105637 -0.141218
    31 0.000005 -0.000003 -3.713254 0.848441 2.461380 5.479079
    32 18.045721 0.000000 0.000000 0.000000 0.000000 -2.603394
    33 17.597597 0.000000 0.000000 0.362388 -0.168095 0.787471
  time 73
    0 -1.756901 -2.027255 -20.585090 0.000000 0.000000 -1.571017
    1 -5.132973 0.316416 0.000000 -1.570795 -1.570787 0.000000
    2 1.293670 0.684478 -0.000001 -0.000004 -0.000001 0.266227
    3 5.309685 -0.003834 0.000000 0.000000 0.000000 0.252742
    4 4.826790 -0.004591 0.000000 -0.141799 0.071488 0.246378
    5 5.792767 -0.005304 0.000000 -0.140124 0.060678 0.182570
    6 6.662322 -0.001452 0.000000 0.000000 -0.000015 0.471000
    7 -3.108188 1.516823 4.339626 1.238993 -1.024532 -4.799756
    8 4.827512 0.000000 -0.000002 -0.342229 0.426447 -1.111925
    9 11.140032 0.000000 0.000000 0.070821 -0.161602 -1.741969
    10 10.314563 -0.000001 0.000001 -0.623505 -0.544891 0.707922
    11 1.646836 0.445664 -1.699647 -0.161704 0.581044 -0.283978
    12 0.928312 0.000000 0.000000 0.000000 0.000000 0.000000
    13 0.928313 0.000000 -0.000001 0.000000 0.000000 0.000000
    14 2.979373 -0.388274 -0.044205 -0.000805 -0.043611 0.000046
    15 1.435262 -0.000001 -0.000001 0.000000 0.000000 0.872146
    16 1.482593 -0.000001 0.000001 0.000000 0.000000 0.907041
    17 -2.869899 1.399667 -4.140396 -1.163265 1.764468 -4.903713
    18 4.972047 0.000000 0.000000 1.061752 -0.779682 -1.770756
    19 11.585358 0.000000 0.000001 0.386603 -0.364876 -1.263324
    20 10.127058 0.000000 0.000001 1.960763 0.596700 0.774136
    21 1.537458 0.109715 1.664489 -0.264662 -0.055995 0.783079
    22 0.928313 0.000000 0.000002 0.000000 0.000000 -0.453501
    23 0.928311 0.000000 0.000001 0.000000 0.000000 0.000000
    24 2.686395 -0.427337 0.044204 -0.005762 0.043239 -0.157074
    25 1.435260 0.000000 0.000001 0.000000 0.000000 0.732613
    26 1.482593 0.000000 -0.000001 0.000000 0.000000 1.168644
    27 2.046984 0.000001 0.000000 0.066822 0.304918 0.048959
    28 -0.000005 0.000007 3.713254 -3.204068 -0.120606 1.238399
    29 18.045723 0.000000 0.000000 0.000000 0.000000 -1.756393
    30 17.597597 0.000000 0.000000 -0.210887 0.105637 -0.141218
    31 0.000005 -0.000003 -3.713254 0.848441 2.461380 5.479079
    32 18.045721 0.000000 0.000000 0.000000 0.000000 -2.603394
    33 17.597597 0.000000 0.000000 0.362388 -0.168095 0.787471
  time 74
    0 -1.756901 -2.027255 -20.585090 0.000000 0.000000 -1.571017
    1 -5.132973 0.316416 0.000000 -1.570795 -1.570787 0.000000
    2 1.293670 0.684478 -0.000001 -0.000004 -0.000001 0.266227
    3 5.309685 -0.003834 0.000000 0.000000 0.000000 0.252742
    4 4.826790 -0.004591 0.000000 -0.141799 0.071488 0.246378
    5 5.792767 -0.005304 0.000000 -0.140124 0.060678 0.182570
    6 6.662322 -0.001452 0.000000 0.000000 -0.000015 0.471000
    7 -3.108188 1.516823 4.339626 1.238993 -1.024532 -4.799756
    8 4.827512 0.000000 -0.000002 -0.341591 0.406493 -1.147799
    9 11.140032 0.000000 0.000000 0.070821 -0.161802 -1.732840
    10 10.314563 -0.000001 0.000001 -0.623505 -0.544891 0.707922
    11 1.646836 0.445664 -1.699647 -0.161704 0.581044 -0.283978
    12 0.928312 0.000000 0.000000 0.000000 0.000000 0.000000
    13 0.928313 0.000000 -0.000001 0.000000 0.000000 0.000000
    14 2.979373 -0.388274 -0.044205 -0.000805 -0.043611 0.000046
    15 1.435262 -0.000001 -0.000001 0.000000 0.000000 0.872146
    16 1.482593 -0.000001 0.000001 0.000000 0.000000 0.907041
    17 -2.869899 1.399667 -4.140396 -1.163265 1.764468 -4.903713
    18 4.972047 0.000000 0.000000 1.074415 -0.768674 -1.787461
    19 11.585358 0.000000 0.000001 0.386603 -0.359476 -1.219870
    20 10.127058 0.000000 0.000001 1.960763 0.596700 0.774136
    21 1.537458 0.109715 1.664489 -0.264662 -0.055995 0.783079
    22 0.928313 0.000000 0.000002 0.000000 0.000000 -0.453501
    23 0.928311 0.000000 0.000001 0.000000 0.000000 0.000000
    24 2.686395 -0.427337 0.044204 -0.005762 0.043239 -0.157074
    25 1.435260 0.000000 0.000001 0.000000 0.000000 0.732613
    26 1.482593 0.000000 -0.000001 0.000000 0.000000 1.168644
    27 2.046984 0.000001 0.000000 0.066822 0.304918 0.048959
    28 -0.000005 0.000007 3.713254 -3.204068 -0.120606 1.238399
    29 18.045723 0.000000 0.000000 0.000000 0.000000 -1.756393
    30 17.597597 0.000000 0.000000 -0.210887 0.105637 -0.141218
    31 0.000005 -0.000003 -3.713254 0.848441 2.461380 5.479079
    32 18.045721 0.000000 0.000000 0.000000 0.000000 -2.603394
    33 17.597597 0.000000 0.000000 0.362388 -0.168095 0.787471
  time 75
    0 -1.756901 -2.027255 -20.585090 0.000000 0.000000 -1.571017
    1 -5.132973 0.316416 0.000000 -1.570795 -1.570787 0.000000
    2 1.293670 0.684478 -0.000001 -0.000004 -0.000001 0.266227
    3 5.309685 -0.003834 0.000000 0.000000 0.000000 0.252742
    4 4.826790 -0.004591 0.000000 -0.141799 0.071488 0.246378
    5 5.792767 -0.005304 0.000000 -0.140124 0.060678 0.182570
    6 6.662322 -0.001452 0.000000 0.000000 -0.000015 0.471000
    7 -3.108188 1.516823 4.339626 1.238993 -1.024532 -4.799756
    8 4.827512 0.000000 -0.000002 -0.341511 0.385686 -1.181679
    9 11.140032 0.000000 0.000000 0.070821 -0.162027 -1.722479
    10 10.314563 -0.000001 0.000001 -0.623505 -0.544891 0.707922
    11 1.646836 0.445664 -1.699647 -0.161704 0.581044 -0.283978
    12 0.928312 0.000000 0.000000 0.000000 0.000000 0.000000
    13 0.928313 0.000000 -0.000001 0.000000 0.000000 0.000000
    14 2.979373 -0.388274 -0.044205 -0.000805 -0.043611 0.000046
    15 1.435262 -0.000001 -0.000001 0.000000 0.000000 0.872146
    16 1.482593 -0.000001 0.000001 0.000000 0.000000 0.907041
    17 -2.869899 1.399667 -4.140396 -1.163265 1.764468 -4.903713
    18 4.972047 0.000000 0.000000 1.086046 -0.758309 -1.803102
    19 11.585358 0.000000 0.000001 0.386603 -0.353395 -1.179521
    20 10.127058 0.000000 0.000001 1.960763 0.596700 0.774136
    21 1.537458 0.109715 1.664489 -0.264662 -0.055995 0.783079
    22 0.928313 0.000000 0.000002 0.000000 0.000000 -0.453501
    23 0.928311 0.000000 0.000001 0.000000 0.000000 0.000000
    24 2.686395 -0.427337 0.044204 -0.005762 0.043239 -0.157074
    25 1.435260 0.000000 0.000001 0.000000 0.000000 0.732613
    26 1.482593 0.000000 -0.000001 0.000000 0.000000 1.168644
    27 2.046984 0.000001 0.000000 0.066822 0.304918 0.048959
    28 -0.000005 0.000007 3.713254 -3.204068 -0.120606 1.238399
    29 18.045723 0.000000 0.000000 0.000000 0.000000 -1.756393
    30 17.597597 0.000000 0.000000 -0.210887 0.105637 -0.141218
    31 0.000005 -0.000003 -3.713254 0.848441 2.461380 5.479079
    32 18.045721 0.000000 0.000000 0.000000 0.000000 -2.603394
    33 17.597597 0.000000 0.000000 0.362388 -0.168095 0.787471
  time 76
    0 -1.756901 -2.027255 -20.585090 0.000000 0.000000 -1.571017
    1 -5.132973 0.316416 0.000000 -1.570795 -1.570787 0.000000
    2 1.293670 0.684478 -0.000001 -0.000004 -0.000001 0.266227
    3 5.309685 -0.003834 0.000000 0.000000 0.000000 0.252742
    4 4.826790 -0.004591 0.000000 -0.141799 0.071488 0.246378
    5 5.792767 -0.005304 0.000000 -0.140124 0.060678 0.182570
    6 6.662322 -0.001452 0.000000 0.000000 -0.000015 0.471000
    7 -3.108188 1.516823 4.339626 1.238993 -1.024532 -4.799756
    8 4.827512 0.000000 -0.000002 -0.342787 0.366755 -1.207761
    9 11.140032 0.000000 0.000000 0.070821 -0.162226 -1.713422
    10 10.314563 -0.000001 0.000001 -0.623505 -0.544891 0.707922
    11 1.646836 0.445664 -1.699647 -0.161704 0.581044 -0.283978
    12 0.928312 0.000000 0.000000 0.000000 0.000000 0.000000
    13 0.928313 0.000000 -0.000001 0.000000 0.000000 0.000000
    14 2.979373 -0.388274 -0.044205 -0.000805 -0.043611 0.000046
    15 1.435262 -0.000001 -0.000001 0.000000 0.000000 0.872146
    16 1.482593 -0.000001 0.000001 0.000000 0.000000 0.907041
    17 -2.869899 1.399667 -4.140396 -1.163265 1.764468 -4.903713
    18 4.972047 0.000000 0.000000 1.094582 -0.750113 -1.814816
    19 11.585358 0.000000 0.000001 0.386603 -0.348767 -1.148891
    20 10.127058 0.000000 0.000001 1.960763 0.596700 0.774136
    21 1.537458 0.109715 1.664489 -0.264662 -0.055995 0.783079
    22 0.928313 0.000000 0.000002 0.000000 0.000000 -0.453501
    23 0.928311 0.000000 0.000001 0.000000 0.000000 0.000000
    24 2.686395 -0.427337 0.044204 -0.005762 0.043239 -0.157074
    25 1.435260 0.000000 0.000001 0.000000 0.000000 0.732613
    26 1.482593 0.000000 -0.000001 0.000000 0.000000 1.168644
    27 2.046984 0.000001 0.000000 0.066822 0.304918 0.048959
    28 -0.000005 0.000007 3.713254 -3.204068 -0.120606 1.238399
    29 18.045723 0.000000 0.000000 0.000000 0.000000 -1.756393
    30 17.597597 0.000000 0.000000 -0.210887 0.105637 -0.141218
    31 0.000005 -0.000003 -3.713254 0.848441 2.461380 5.479079
    32 18.045721 0.000000 0.000000 0.000000 0.000000 -2.603394
    33 17.597597 0.000000 0.000000 0.362388 -0.168095 0.787471
  time 77
    0 -1.756901 -2.027255 -20.585090 0.000000 0.000000 -1.571017
    1 -5.132973 0.316416 0.000000 -1.570795 -1.570787 0.000000
    2 1.293670 0.684478 -0.000001 -0.000004 -0.000001 0.266227
    3 5.309685 -0.003834 0.000000 0.000000 0.000000 0.252742
    4 4.826790 -0.004591 0.000000 -0.141799 0.071488 0.246378
    5 5.792767 -0.005304 0.000000 -0.140124 0.060678 0.182570
    6 6.662322 -0.001452 0.000000 0.000000 -0.000015 0.471000
    7 -3.108188 1.516823 4.339626 1.238993 -1.024532 -4.799756
    8 4.827512 0.000000 -0.000002 -0.346214 0.352856 -1.220498
    9 11.140032 0.000000 0.000000 0.070821 -0.162326 -1.709147
    10 10.314563 -0.000001 0.000001 -0.623505 -0.544891 0.707922
    11 1.646836 0.445664 -1.699647 -0.161704 0.581044 -0.283978
    12 0.928312 0.000000 0.000000 0.000000 0.000000 0.000000
    13 0.928313 0.000000 -0.000001 0.000000 0.000000 0.000000
    14 2.979373 -0.388274 -0.044205 -0.000805 -0.043611 0.000046
    15 1.435262 -0.000001 -0.000001 0.000000 0.000000 0.872146
    16 1.482593 -0.000001 0.000001 0.000000 0.000000 0.907041
    17 -2.869899 1.399667 -4.140396 -1.163265 1.764468 -4.903713
    18 4.972047 0.000000 0.000000 1.097958 -0.746899 -1.819341
    19 11.585358 0.000000 0.000001 0.386603 -0.346883 -1.136965
    20 10.127058 0.000000 0.000001 1.960763 0.596700 0.774136
    21 1.537458 0.109715 1.664489 -0.264662 -0.055995 0.783079
    22 0.928313 0.000000 0.000002 0.000000 0.000000 -0.453501
    23 0.928311 0.000000 0.000001 0.000000 0.000000 0.000000
    24 2.686395 -0.427337 0.044204 -0.005762 0.043239 -0.157074
    25 1.435260 0.000000 0.000001 0.000000 0.000000 0.732613
    26 1.482593 0.000000 -0.000001 0.000000 0.000000 1.168644
    27 2.046984 0.000001 0.000000 0.066822 0.304918 0.048959
    28 -0.000005 0.000007 3.713254 -3.204068 -0.120606 1.238399
    29 18.045723 0.000000 0.000000 0.000000 0.000000 -1.756393
    30 17.597597 0.000000 0.000000 -0.210887 0.105637 -0.141218
    31 0.000005 -0.000003 -3.713254 0.848441 2.461380 5.479079
    32 18.045721 0.000000 0.000000 0.000000 0.000000 -2.603394
    33 17.597597 0.000000 0.000000 0.362388 -0.168095 0.787471
  time 78
    0 -1.756901 -2.027255 -20.585090 0.000000 0.000000 -1.571017
    1 -5.132973 0.316416 0.000000 -1.570795 -1.570787 0.000000
    2 1.293670 0.684478 -0.000001 -0.000004 -0.000001 0.266227
    3 5.309685 -0.003834 0.000000 0.000000 0.000000 0.252742
    4 4.826790 -0.004591 0.000000 -0.141799 0.071488 0.246378
    5 5.792767 -0.005304 0.000000 -0.140124 0.060678 0.182570
    6 6.662322 -0.001452 0.000000 0.000000 -0.000015 0.471000
    7 -3.108188 1.516823 4.339626 1.238993 -1.024532 -4.799756
    8 4.827512 0.000000 -0.000002 -0.355781 0.352088 -1.187051
    9 11.140032 0.000000 0.000000 0.070821 -0.161353 -1.751605
    10 10.314563 -0.000001 0.000001 -0.625496 -0.513792 0.725109
    11 1.646836 0.445664 -1.699647 -0.161704 0.581044 -0.283978
    12 0.928312 0.000000 0.000000 0.000000 0.000000 0.000000
    13 0.928313 0.000000 -0.000001 0.000000 0.000000 0.000000
    14 2.979373 -0.388274 -0.044205 -0.000805 -0.043611 0.000046
    15 1.435262 -0.000001 -0.000001 0.000000 0.000000 0.872146
    16 1.482593 -0.000001 0.000001 0.000000 0.000000 0.907041
    17 -2.869899 1.399667 -4.140396 -1.163265 1.764468 -4.903713
    18 4.972047 0.000000 0.000000 1.097020 -0.747863 -1.818277
    19 11.585358 0.000000 0.000001 0.386603 -0.347360 -1.139498
    20 10.127058 0.000000 0.000001 1.960763 0.596700 0.774136
    21 1.537458 0.109715 1.664489 -0.264662 -0.055995 0.783079
    22 0.928313 0.000000 0.000002 0.000000 0.000000 -0.453501
    23 0.928311 0.000000 0.000001 0.000000 0.000000 0.000000
    24 2.686395 -0.427337 0.044204 -0.005762 0.043239 -0.157074
    25 1.435260 0.000000 0.000001 0.000000 0.000000 0.732613
    26 1.482593 0.000000 -0.000001 0.000000 0.000000 1.168644
    27 2.046984 0.000001 0.000000 0.066822 0.304918 0.048959
    28 -0.000005 0.000007 3.713254 -3.204068 -0.120606 1.238399
    29 18.045723 0.000000 0.000000 0.000000 0.000000 -1.756393
    30 17.597597 0.000000 0.000000 -0.210887 0.105637 -0.141218
    31 0.000005 -0.000003 -3.713254 0.848441 2.461380 5.479079
    32 18.045721 0.000000 0.000000 0.000000 0.000000 -2.603394
    33 17.597597 0.000000 0.000000 0.362388 -0.168095 0.787471
  time 79
    0 -1.756901 -2.027255 -20.585090 0.000000 0.000000 -1.571017
    1 -5.132973 0.316416 0.000000 -1.570795 -1.570787 0.000000
    2 1.293670 0.684478 -0.000001 -0.000004 -0.000001 0.266227
    3 5.309685 -0.003834 0.000000 0.000000 0.000000 0.252742
    4 4.826790 -0.004591 0.000000 -0.141799 0.071488 0.246378
    5 5.792767 -0.005304 0.000000 -0.140124 0.060678 0.182570
    6 6.662322 -0.001452 0.000000 0.000000 -0.000015 0.471000
    7 -3.108188 1.516823 4.339626 1.238993 -1.024532 -4.799756
    8 4.827512 0.000000 -0.000002 -0.377145 0.364112 -1.095462
    9 11.140032 0.000000 0.000000 0.070821 -0.157633 -1.848765
    10 10.314563 -0.000001 0.000001 -0.631182 -0.425366 0.774114
    11 1.646836 0.445664 -1.699647 -0.161704 0.581044 -0.283978
    12 0.928312 0.000000 0.000000 0.000000 0.000000 0.000000
    13 0.928313 0.000000 -0.000001 0.000000 0.000000 0.000000
    14 2.979373 -0.388274 -0.044205 -0.000805 -0.043611 0.000046
    15 1.435262 -0.000001 -0.000001 0.000000 0.000000 0.872146
    16 1.482593 -0.000001 0.000001 0.000000 0.000000 0.907041
    17 -2.869899 1.399667 -4.140396 -1.163265 1.764468 -4.903713
    18 4.972047 0.000000 0.000000 1.094206 -0.751158 -1.814549
    19 11.585358 0.000000 0.000001 0.386603 -0.348767 -1.148809
    20 10.127058 0.000000 0.000001 1.960763 0.596700 0.774136
    21 1.537458 0.109715 1.664489 -0.264662 -0.055995 0.783079
    22 0.928313 0.000000 0.000002 0.000000 0.000000 -0.453501
    23 0.928311 0.000000 0.000001 0.000000 0.000000 0.000000
    24 2.686395 -0.427337 0.044204 -0.005762 0.043239 -0.157074
    25 1.435260 0.000000 0.000001 0.000000 0.000000 0.732613
    26 1.482593 0.000000 -0.000001 0.000000 0.000000 1.168644
    27 2.046984 0.000001 0.000000 0.066822 0.304918 0.048959
    28 -0.000005 0.000007 3.713254 -3.204068 -0.120606 1.238399
    29 18.045723 0.000000 0.000000 0.000000 0.000000 -1.756393
    30 17.597597 0.000000 0.000000 -0.210887 0.105637 -0.141218
    31 0.000005 -0.000003 -3.713254 0.848441 2.461380 5.479079
    32 18.045721 0.000000 0.000000 0.000000 0.000000 -2.603394
    33 17.597597 0.000000 0.000000 0.362388 -0.168095 0.787471
  time 80
    0 -1.756901 -2.027255 -20.585090 0.000000 0.000000 -1.571017
    1 -5.132973 0.316416 0.000000 -1.570795 -1.570787 0.000000
    2 1.293670 0.684478 -0.000001 -0.000004 -0.000001 0.266227
    3 5.309685 -0.003834 0.000000 0.000000 0.000000 0.252742
    4 4.826790 -0.004591 0.000000 -0.141799 0.071488 0.246378
    5 5.792767 -0.005304 0.000000 -0.140124 0.060678 0.182570
    6 6.662322 -0.001452 0.000000 0.000000 -0.000015 0.471000
    7 -3.108188 1.516823 4.339626 1.238993 -1.024532 -4.799756
    8 4.827512 0.000000 -0.000002 -0.412619 0.379376 -0.969645
    9 11.140032 0.000000 0.000000 0.070821 -0.151990 -1.953025
    10 10.314563 -0.000001 0.000001 -0.640091 -0.286824 0.850874
    11 1.646836 0.445664 -1.699647 -0.161704 0.581044 -0.283978
    12 0.928312 0.000000 0.000000 0.000000 0.000000 0.000000
    13 0.928313 0.000000 -0.000001 0.000000 0.000000 0.000000
    14 2.979373 -0.388274 -0.044205 -0.000805 -0.043611 0.000046
    15 1.435262 -0.000001 -0.000001 0.000000 0.000000 0.872146
    16 1.482593 -0.000001 0.000001 0.000000 0.000000 0.907041
    17 -2.869899 1.399667 -4.140396 -1.163265 1.764468 -4.903713
    18 4.972047 0.000000 0.000000 1.089798 -0.755979 -1.809025
    19 11.585358 0.000000 0.000001 0.386603 -0.350854 -1.162695
    20 10.127058 0.000000 0.000001 1.960763 0.596700 0.774136
    21 1.537458 0.109715 1.664489 -0.264662 -0.055995 0.783079
    22 0.928313 0.000000 0.000002 0.000000 0.000000 -0.453501
    23 0.928311 0.000000 0.000001 0.000000 0.000000 0.000000
    24 2.686395 -0.427337 0.044204 -0.005762 0.043239 -0.157074
    25 1.435260 0.000000 0.000001 0.000000 0.000000 0.732613
    26 1.482593 0.000000 -0.000001 0.000000 0.000000 1.168644
    27 2.046984 0.000001 0.000000 0.066822 0.304918 0.048959
    28 -0.000005 0.000007 3.713254 -3.204068 -0.120606 1.238399
    29 18.045723 0.000000 0.000000 0.000000 0.000000 -1.756393
    30 17.597597 0.000000 0.000000 -0.210887 0.105637 -0.141218
    31 0.000005 -0.000003 -3.713254 0.848441 2.461380 5.479079
    32 18.045721 0.000000 0.000000 0.000000 0.000000 -2.603394
    33 17.597597 0.000000 0.000000 0.362388 -0.168095 0.787471
  time 81
    0 -1.756901 -2.027255 -20.585090 0.000000 0.000000 -1.571017
    1 -5.132973 0.316416 0.000000 -1.570795 -1.570787 0.000000
    2 1.293670 0.684478 -0.000001 -0.000004 -0.000001 0.266227
    3 5.309685 -0.003834 0.000000 0.000000 0.000000 0.251912
    4 4.826790 -0.004591 0.000000 -0.141799 0.071488 0.245738
    5 5.792767 -0.005304 0.000000 -0.140142 0.060594 0.183110
    6 6.662322 -0.001452 0.000000 0.000000 -0.000015 0.471000
    7 -3.108188 1.516823 4.339626 1.238993 -1.024532 -4.799756
    8 4.827512 0.000000 -0.000002 -0.458057 0.390547 -0.833258
    9 11.140032 0.000000 0.000000 0.070821 -0.147322 -2.023595
    10 10.314563 -0.000001 0.000001 -0.651749 -0.105288 0.951440
    11 1.646836 0.445664 -1.699647 -0.161704 0.581044 -0.283978
    12 0.928312 0.000000 0.000000 0.000000 0.000000 0.000000
    13 0.928313 0.000000 -0.000001 0.000000 0.000000 0.000000
    14 2.979373 -0.388274 -0.044205 -0.000805 -0.043611 0.000046
    15 1.435262 -0.000001 -0.000001 0.000000 0.000000 0.872146
    16 1.482593 -0.000001 0.000001 0.000000 0.000000 0.907041
    17 -2.869899 1.399667 -4.140396 -1.163265 1.764468 -4.903713
    18 4.972047 0.000000 0.000000 1.084545 -0.761764 -1.802436
    19 11.585358 0.000000 0.000001 0.386603 -0.353259 -1.178622
    20 10.127058 0.000000 0.000001 1.960763 0.596700 0.774136
    21 1.537458 0.109715 1.664489 -0.264662 -0.055995 0.783079
    22 0.928313 0.000000 0.000002 0.000000 0.000000 -0.453501
    23 0.928311 0.000000 0.000001 0.000000 0.000000 0.000000
    24 2.686395 -0.427337 0.044204 -0.005762 0.043239 -0.157074
    25 1.435260 0.000000 0.000001 0.000000 0.000000 0.732613
    26 1.482593 0.000000 -0.000001 0.000000 0.000000 1.168644
    27 2.046984 0.000001 0.000000 0.070527 0.303266 0.043788
    28 -0.000005 0.000007 3.713254 -3.204068 -0.120606 1.238399
    29 18.045723 0.000000 0.000000 0.000000 0.000000 -1.756393
    30 17.597597 0.000000 0.000000 -0.210887 0.105637 -0.141218
    31 0.000005 -0.000003 -3.713254 0.848441 2.461380 5.479079
    32 18.045721 0.000000 0.000000 0.000000 0.000000 -2.603394
    33 17.597597 0.000000 0.000000 0.362388 -0.168095 0.787471
  time 82
    0 -1.756901 -2.027255 -20.585090 0.000000 0.000000 -1.571017
    1 -5.132973 0.316416 0.000000 -1.570795 -1.570787 0.000000
    2 1.293670 0.684478 -0.000001 -0.000004 -0.000001 0.266227
    3 5.309685 -0.003834 0.000000 0.000000 0.000000 0.249651
    4 4.826790 -0.004591 0.000000 -0.141799 0.071488 0.244018
    5 5.792767 -0.005304 0.000000 -0.140232 0.060342 0.184626
    6 6.662322 -0.001452 0.000000 0.000000 -0.000015 0.471000
    7 -3.108188 1.516823 4.339626 1.238993 -1.024532 -4.799756
    8 4.827512 0.000000 -0.000002 -0.500068 0.392338 -0.715673
    9 11.140032 0.000000 0.000000 0.070821 -0.146398 -2.035695
    10 10.314563 -0.000001 0.000001 -0.665776 0.112032 1.071863
    11 1.646836 0.445664 -1.699647 -0.161704 0.581044 -0.283978
    12 0.928312 0.000000 0.000000 0.000000 0.000000 0.000000
    13 0.928313 0.000000 -0.000001 0.000000 0.000000 0.000000
    14 2.979373 -0.388274 -0.044205 -0.000805 -0.043611 0.000046
    15 1.435262 -0.000001 -0.000001 0.000000 0.000000 0.872146
    16 1.482593 -0.000001 0.000001 0.000000 0.000000 0.907041
    17 -2.869899 1.399667 -4.140396 -1.163265 1.764468 -4.903713
    18 4.972047 0.000000 0.000000 1.079105 -0.767870 -1.795981
    19 11.585358 0.000000 0.000001 0.386603 -0.355551 -1.193815
    20 10.127058 0.000000 0.000001 1.960763 0.596700 0.774136
    21 1.537458 0.109715 1.664489 -0.264662 -0.055995 0.783079
    22 0.928313 0.000000 0.000002 0.000000 0.000000 -0.453501
    23 0.928311 0.000000 0.000001 0.000000 0.000000 0.000000
    24 2.686395 -0.427337 0.044204 -0.005762 0.043239 -0.157074
    25 1.435260 0.000000 0.000001 0.000000 0.000000 0.732613
    26 1.482593 0.000000 -0.000001 0.000000 0.000000 1.168644
    27 2.046984 0.000001 0.000000 0.080522 0.298811 0.029859
    28 -0.000005 0.000007 3.713254 -3.204068 -0.120606 1.238399
    29 18.045723 0.000000 0.000000 0.000000 0.000000 -1.756393
    30 17.597597 0.000000 0.000000 -0.210887 0.105637 -0.141218
    31 0.000005 -0.000003 -3.713254 0.848441 2.461380 5.479079
    32 18.045721 0.000000 0.000000 0.000000 0.000000 -2.603394
    33 17.597597 0.000000 0.000000 0.362388 -0.168095 0.787471
  time 83
    0 -1.756901 -2.027255 -20.585090 0.000000 0.000000 -1.571017
    1 -5.132973 0.316416 0.000000 -1.570795 -1.570787 0.000000
    2 1.293670 0.684478 -0.000001 -0.000004 -0.000001 0.266227
    3 5.309685 -0.003834 0.000000 0.000000 0.000000 0.246330
    4 4.826790 -0.004591 0.000000 -0.141799 0.071488 0.241505
    5 5.792767 -0.005304 0.000000 -0.140358 0.059947 0.186951
    6 6.662322 -0.001452 0.000000 0.000000 -0.000015 0.471000
    7 -3.108188 1.516823 4.339626 1.238993 -1.024532 -4.799756
    8 4.827512 0.000000 -0.000002 -0.526056 0.382361 -0.653631
    9 11.140032 0.000000 0.000000 0.070821 -0.150043 -1.983746
    10 10.314563 -0.000001 0.000001 -0.681508 0.358109 1.208138
    11 1.646836 0.445664 -1.699647 -0.161704 0.581044 -0.283978
    12 0.928312 0.000000 0.000000 0.000000 0.000000 0.000000
    13 0.928313 0.000000 -0.000001 0.000000 0.000000 0.000000
    14 2.979373 -0.388274 -0.044205 -0.000805 -0.043611 0.000046
    15 1.435262 -0.000001 -0.000001 0.000000 0.000000 0.872146
    16 1.482593 -0.000001 0.000001 0.000000 0.000000 0.907041
    17 -2.869899 1.399667 -4.140396 -1.163265 1.764468 -4.903713
    18 4.972047 0.000000 0.000000 1.073477 -0.774138 -1.789192
    19 11.585358 0.000000 0.000001 0.386603 -0.357888 -1.209334
    20 10.127058 0.000000 0.000001 1.960763 0.596700 0.774136
    21 1.537458 0.109715 1.664489 -0.264662 -0.055995 0.783079
    22 0.928313 0.000000 0.000002 0.000000 0.000000 -0.453501
    23 0.928311 0.000000 0.000001 0.000000 0.000000 0.000000
    24 2.686395 -0.427337 0.044204 -0.005762 0.043239 -0.157074
    25 1.435260 0.000000 0.000001 0.000000 0.000000 0.732613
    26 1.482593 0.000000 -0.000001 0.000000 0.000000 1.168644
    27 2.046984 0.000001 0.000000 0.095256 0.292261 0.009359
    28 -0.000005 0.000007 3.713254 -3.204068 -0.120606 1.238399
    29 18.045723 0.000000 0.000000 0.000000 0.000000 -1.756393
    30 17.597597 0.000000 0.000000 -0.210887 0.105637 -0.141218
    31 0.000005 -0.000003 -3.713254 0.848441 2.461380 5.479079
    32 18.045721 0.000000 0.000000 0.000000 0.000000 -2.603394
    33 17.597597 0.000000 0.000000 0.362388 -0.168095 0.787471
  time 84
    0 -1.756901 -2.027255 -20.585090 0.000000 0.000000 -1.571017
    1 -5.132973 0.316416 0.000000 -1.570795 -1.570787 0.000000
    2 1.293670 0.684478 -0.000001 -0.000004 -0.000001 0.266227
    3 5.309685 -0.003834 0.000000 0.000000 0.000000 0.242303
    4 4.826790 -0.004591 0.000000 -0.141799 0.071488 0.238440
    5 5.792767 -0.005304 0.000000 -0.140520 0.059444 0.189962
    6 6.662322 -0.001452 0.000000 0.000000 -0.000015 0.471000
    7 -3.108188 1.516823 4.339626 1.238993 -1.024532 -4.799756
    8 4.827512 0.000000 -0.000002 -0.518244 0.386198 -0.619145
    9 11.140032 0.000000 0.000000 0.070821 -0.156110 -1.879413
    10 10.314563 -0.000001 0.000001 -0.698758 0.625731 1.356373
    11 1.646836 0.445664 -1.699647 -0.161704 0.581044 -0.283978
    12 0.928312 0.000000 0.000000 0.000000 0.000000 0.000000
    13 0.928313 0.000000 -0.000001 0.000000 0.000000 0.000000
    14 2.979373 -0.388274 -0.044205 -0.000805 -0.043611 0.000046
    15 1.435262 -0.000001 -0.000001 0.000000 0.000000 0.872146
    16 1.482593 -0.000001 0.000001 0.000000 0.000000 0.907041
    17 -2.869899 1.399667 -4.140396 -1.163265 1.764468 -4.903713
    18 4.972047 0.000000 0.000000 1.067849 -0.780003 -1.782204
    19 11.585358 0.000000 0.000001 0.386603 -0.360338 -1.225506
    20 10.127058 0.000000 0.000001 1.960763 0.596700 0.774136
    21 1.537458 0.109715 1.664489 -0.264662 -0.055995 0.783079
    22 0.928313 0.000000 0.000002 0.000000 0.000000 -0.453501
    23 0.928311 0.000000 0.000001 0.000000 0.000000 0.000000
    24 2.686395 -0.427337 0.044204 -0.005762 0.043239 -0.157074
    25 1.435260 0.000000 0.000001 0.000000 0.000000 0.732613
    26 1.482593 0.000000 -0.000001 0.000000 0.000000 1.168644
    27 2.046984 0.000001 0.000000 0.113179 0.284325 -0.015581
    28 -0.000005 0.000007 3.713254 -3.204068 -0.120606 1.238399
    29 18.045723 0.000000 0.000000 0.000000 0.000000 -1.756393
    30 17.597597 0.000000 0.000000 -0.210887 0.105637 -0.141218
    31 0.000005 -0.000003 -3.713254 0.848441 2.461380 5.479079
    32 18.045721 0.000000 0.000000 0.000000 0.000000 -2.603394
    33 17.597597 0.000000 0.000000 0.362388 -0.168095 0.787471
  time 85
    0 -1.756901 -2.027255 -20.585090 0.000000 0.000000 -1.571017
    1 -5.132973 0.316416 0.000000 -1.570795 -1.570787 0.000000
    2 1.293670 0.684478 -0.000001 -0.000004 -0.000001 0.266227
    3 5.309685 -0.003834 0.000000 0.000000 0.000000 0.237922
    4 4.826790 -0.004591 0.000000 -0.141799 0.071488 0.235089
    5 5.792767 -0.005304 0.000000 -0.140718 0.058844 0.193492
    6 6.662322 -0.001452 0.000000 0.000000 -0.000015 0.471000
    7 -3.108188 1.516823 4.339626 1.238993 -1.024532 -4.799756
    8 4.827512 0.000000 -0.000002 -0.482451 0.410160 -0.584138
    9 11.140032 0.000000 0.000000 0.070821 -0.161902 -1.728999
    10 10.314563 -0.000001 0.000001 -0.716860 0.907684 1.512506
    11 1.646836 0.445664 -1.699647 -0.161704 0.581044 -0.283978
    12 0.928312 0.000000 0.000000 0.000000 0.000000 0.000000
    13 0.928313 0.000000 -0.000001 0.000000 0.000000 0.000000
    14 2.979373 -0.388274 -0.044205 -0.000805 -0.043611 0.000046
    15 1.435262 -0.000001 -0.000001 0.000000 0.000000 0.872146
    16 1.482593 -0.000001 0.000001 0.000000 0.000000 0.907041
    17 -2.869899 1.399667 -4.140396 -1.163265 1.764468 -4.903713
    18 4.972047 0.000000 0.000000 1.062127 -0.785467 -1.775215
    19 11.585358 0.000000 0.000001 0.386603 -0.362426 -1.242741
    20 10.127058 0.000000 0.000001 1.960763 0.596700 0.774136
    21 1.537458 0.109715 1.664489 -0.264662 -0.055995 0.783079
    22 0.928313 0.000000 0.000002 0.000000 0.000000 -0.453501
    23 0.928311 0.000000 0.000001 0.000000 0.000000 0.000000
    24 2.686395 -0.427337 0.044204 -0.005762 0.043239 -0.157074
    25 1.435260 0.000000 0.000001 0.000000 0.000000 0.732613
    26 1.482593 0.000000 -0.000001 0.000000 0.000000 1.168644
    27 2.046984 0.000001 0.000000 0.132652 0.275651 -0.042710
    28 -0.000005 0.000007 3.713254 -3.204068 -0.120606 1.238399
    29 18.045723 0.000000 0.000000 0.000000 0.000000 -1.756393
    30 17.597597 0.000000 0.000000 -0.210887 0.105637 -0.141218
    31 0.000005 -0.000003 -3.713254 0.848441 2.461380 5.479079
    32 18.045721 0.000000 0.000000 0.000000 0.000000 -2.603394
    33 17.597597 0.000000 0.000000 0.362388 -0.168095 0.787471
  time 86
    0 -1.756901 -2.027255 -20.585090 0.000000 0.000000 -1.571017
    1 -5.132973 0.316416 0.000000 -1.570795 -1.570787 0.000000
    2 1.293670 0.684478 -0.000001 -0.000004 -0.000001 0.266227
    3 5.309685 -0.003834 0.000000 0.000000 0.000000 0.233524
    4 4.826790 -0.004591 0.000000 -0.141799 0.071488 0.231760
    5 5.792767 -0.005304 0.000000 -0.140934 0.058197 0.197395
    6 6.662322 -0.001452 0.000000 0.000000 -0.000015 0.471000
    7 -3.108188 1.516823 4.339626 1.238993 -1.024532 -4.799756
    8 4.827512 0.000000 -0.000002 -0.448491 0.431393 -0.576859
    9 11.140032 0.000000 0.000000 0.070821 -0.163749 -1.527217
    10 10.314563 -0.000001 0.000001 -0.735436 1.196756 1.672644
    11 1.646836 0.445664 -1.699647 -0.161704 0.581044 -0.283978
    12 0.928312 0.000000 0.000000 0.000000 0.000000 0.000000
    13 0.928313 0.000000 -0.000001 0.000000 0.000000 0.000000
    14 2.979373 -0.388274 -0.044205 -0.000805 -0.043611 0.000046
    15 1.435262 -0.000001 -0.000001 0.000000 0.000000 0.872146
    16 1.482593 -0.000001 0.000001 0.000000 0.000000 0.907041
    17 -2.869899 1.399667 -4.140396 -1.163265 1.764468 -4.903713
    18 4.972047 0.000000 0.000000 1.056687 -0.789886 -1.768027
    19 11.585358 0.000000 0.000001 0.386603 -0.364627 -1.261364
    20 10.127058 0.000000 0.000001 1.960763 0.596700 0.774136
    21 1.537458 0.109715 1.664489 -0.264662 -0.055995 0.783079
    22 0.928313 0.000000 0.000002 0.000000 0.000000 -0.453501
    23 0.928311 0.000000 0.000001 0.000000 0.000000 0.000000
    24 2.686395 -0.427337 0.044204 -0.005762 0.043239 -0.157074
    25 1.435260 0.000000 0.000001 0.000000 0.000000 0.732613
    26 1.482593 0.000000 -0.000001 0.000000 0.000000 1.168644
    27 2.046984 0.000001 0.000000 0.152126 0.267006 -0.069840
    28 -0.000005 0.000007 3.713254 -3.204068 -0.120606 1.238399
    29 18.045723 0.000000 0.000000 0.000000 0.000000 -1.756393
    30 17.597597 0.000000 0.000000 -0.210887 0.105637 -0.141218
    31 0.000005 -0.000003 -3.713254 0.848441 2.461380 5.479079
    32 18.045721 0.000000 0.000000 0.000000 0.000000 -2.603394
    33 17.597597 0.000000 0.000000 0.362388 -0.168095 0.787471
  time 87
    0 -1.756901 -2.027255 -20.585090 0.000000 0.000000 -1.571017
    1 -5.132973 0.316416 0.000000 -1.570795 -1.570787 0.000000
    2 1.293670 0.684478 -0.000001 -0.000004 -0.000001 0.266227
    3 5.309685 -0.003834 0.000000 0.000000 0.000000 0.229497
    4 4.826790 -0.004591 0.000000 -0.141799 0.071488 0.228695
    5 5.792767 -0.005304 0.000000 -0.141168 0.057502 0.201527
    6 6.662322 -0.001452 0.000000 0.000000 -0.000015 0.471000
    7 -3.108188 1.516823 4.339626 1.238993 -1.024532 -4.799756
    8 4.827512 0.000000 -0.000002 -0.435179 0.436595 -0.609700
    9 11.140032 0.000000 0.000000 0.070821 -0.156959 -1.279499
    10 10.314563 -0.000001 0.000001 -0.754012 1.485829 1.832725
    11 1.646836 0.445664 -1.699647 -0.161704 0.581044 -0.283978
    12 0.928312 0.000000 0.000000 0.000000 0.000000 0.000000
    13 0.928313 0.000000 -0.000001 0.000000 0.000000 0.000000
    14 2.979373 -0.388274 -0.044205 -0.000805 -0.043611 0.000046
    15 1.435262 -0.000001 -0.000001 0.000000 0.000000 0.872146
    16 1.482593 -0.000001 0.000001 0.000000 0.000000 0.907041
    17 -2.869899 1.399667 -4.140396 -1.163265 1.764468 -4.903713
    18 4.972047 0.000000 0.000000 1.051622 -0.792939 -1.760706
    19 11.585358 0.000000 0.000001 0.386603 -0.367032 -1.281620
    20 10.127058 0.000000 0.000001 1.960763 0.596700 0.774136
    21 1.537458 0.109715 1.664489 -0.264662 -0.055995 0.783079
    22 0.928313 0.000000 0.000002 0.000000 0.000000 -0.453501
    23 0.928311 0.000000 0.000001 0.000000 0.000000 0.000000
    24 2.686395 -0.427337 0.044204 -0.005762 0.043239 -0.157074
    25 1.435260 0.000000 0.000001 0.000000 0.000000 0.732613
    26 1.482593 0.000000 -0.000001 0.000000 0.000000 1.168644
    27 2.046984 0.000001 0.000000 0.170005 0.259040 -0.094779
    28 -0.000005 0.000007 3.713254 -3.204068 -0.120606 1.238399
    29 18.045723 0.000000 0.000000 0.000000 0.000000 -1.756393
    30 17.597597 0.000000 0.000000 -0.210887 0.105637 -0.141218
    31 0.000005 -0.000003 -3.713254 0.848441 2.461380 5.479079
    32 18.045721 0.000000 0.000000 0.000000 0.000000 -2.603394
    33 17.597597 0.000000 0.000000 0.362388 -0.168095 0.787471
  time 88
    0 -1.756901 -2.027255 -20.585090 0.000000 0.000000 -1.571017
    1 -5.132973 0.316416 0.000000 -1.570795 -1.570787 0.000000
    2 1.293670 0.684478 -0.000001 -0.000004 -0.000001 0.266227
    3 5.309685 -0.003834 0.000000 0.000000 0.000000 0.226176
    4 4.826790 -0.004591 0.000000 -0.141799 0.071488 0.226159
    5 5.792767 -0.005304 0.000000 -0.141384 0.056795 0.205721
    6 6.662322 -0.001452 0.000000 0.000000 -0.000015 0.471000
    7 -3.108188 1.516823 4.339626 1.238993 -1.024532 -4.799756
    8 4.827512 0.000000 -0.000002 -0.445781 0.420222 -0.677894
    9 11.140032 0.000000 0.000000 0.070821 -0.138184 -1.004538
    10 10.314563 -0.000001 0.000001 -3.913570 1.373703 -1.152601
    11 1.646836 0.445664 -1.699647 -0.161704 0.581044 -0.283978
    12 0.928312 0.000000 0.000000 0.000000 0.000000 0.000000
    13 0.928313 0.000000 -0.000001 0.000000 0.000000 0.000000
    14 2.979373 -0.388274 -0.044205 -0.000805 -0.043611 0.000046
    15 1.435262 -0.000001 -0.000001 0.000000 0.000000 0.872146
    16 1.482593 -0.000001 0.000001 0.000000 0.000000 0.907041
    17 -2.869899 1.399667 -4.140396 -1.163265 1.764468 -4.903713
    18 4.972047 0.000000 0.000000 1.046182 -0.793502 -1.751056
    19 11.585358 0.000000 0.000001 0.386603 -0.370662 -1.312169
    20 10.127058 0.000000 0.000001 1.960763 0.596700 0.774136
    21 1.537458 0.109715 1.664489 -0.264662 -0.055995 0.783079
    22 0.928313 0.000000 0.000002 0.000000 0.000000 -0.453501
    23 0.928311 0.000000 0.000001 0.000000 0.000000 0.000000
    24 2.686395 -0.427337 0.044204 -0.005762 0.043239 -0.157074
    25 1.435260 0.000000 0.000001 0.000000 0.000000 0.732613
    26 1.482593 0.000000 -0.000001 0.000000 0.000000 1.168644
    27 2.046984 0.000001 0.000000 0.184783 0.252491 -0.115340
    28 -0.000005 0.000007 3.713254 -3.204068 -0.120606 1.238399
    29 18.045723 0.000000 0.000000 0.000000 0.000000 -1.756393
    30 17.597597 0.000000 0.000000 -0.210887 0.105637 -0.141218
    31 0.000005 -0.000003 -3.713254 0.848441 2.461380 5.479079
    32 18.045721 0.000000 0.000000 0.000000 0.000000 -2.603394
    33 17.597597 0.000000 0.000000 0.362388 -0.168095 0.787471
  time 89
    0 -1.756901 -2.027255 -20.585090 0.000000 0.000000 -1.571017
    1 -5.132973 0.316416 0.000000 -1.570795 -1.570787 0.000000
    2 1.293670 0.684478 -0.000001 -0.000004 -0.000001 0.266227
    3 5.309685 -0.003834 0.000000 0.000000 0.000000 0.223933
    4 4.826790 -0.004591 0.000000 -0.141799 0.071488 0.224440
    5 5.792767 -0.005304 0.000000 -0.141617 0.056100 0.209853
    6 6.662322 -0.001452 0.000000 0.000000 -0.000015 0.471000
    7 -3.108188 1.516823 4.339626 1.238993 -1.024532 -4.799756
    8 4.827512 0.000000 -0.000002 -0.468819 0.386539 -0.758392
    9 11.140032 0.000000 0.000000 0.070821 -0.111346 -0.748778
    10 10.314563 -0.000001 0.000001 -3.930819 1.106175 -1.004423
    11 1.646836 0.445664 -1.699647 -0.161704 0.581044 -0.283978
    12 0.928312 0.000000 0.000000 0.000000 0.000000 0.000000
    13 0.928313 0.000000 -0.000001 0.000000 0.000000 0.000000
    14 2.979373 -0.388274 -0.044205 -0.000805 -0.043611 0.000046
    15 1.435262 -0.000001 -0.000001 0.000000 0.000000 0.872146
    16 1.482593 -0.000001 0.000001 0.000000 0.000000 0.907041
    17 -2.869899 1.399667 -4.140396 -1.163265 1.764468 -4.903713
    18 4.972047 0.000000 0.000000 1.039897 -0.791814 -1.738077
    19 11.585358 0.000000 0.000001 0.386603 -0.374701 -1.358808
    20 10.127058 0.000000 0.000001 1.960763 0.596700 0.774136
    21 1.537458 0.109715 1.664489 -0.264662 -0.055995 0.783079
    22 0.928313 0.000000 0.000002 0.000000 0.000000 -0.453501
    23 0.928311 0.000000 0.000001 0.000000 0.000000 0.000000
    24 2.686395 -0.427337 0.044204 -0.005762 0.043239 -0.157074
    25 1.435260 0.000000 0.000001 0.000000 0.000000 0.732613
    26 1.482593 0.000000 -0.000001 0.000000 0.000000 1.168644
    27 2.046984 0.000001 0.000000 0.194778 0.248035 -0.129269
    28 -0.000005 0.000007 3.713254 -3.204068 -0.120606 1.238399
    29 18.045723 0.000000 0.000000 0.000000 0.000000 -1.756393
    30 17.597597 0.000000 0.000000 -0.210887 0.105637 -0.141218
    31 0.000005 -0.000003 -3.713254 0.848441 2.461380 5.479079
    32 18.045721 0.000000 0.000000 0.000000 0.000000 -2.603394
    33 17.597597 0.000000 0.000000 0.362388 -0.168095 0.787471
  time 90
    0 -1.756901 -2.027255 -20.585090 0.000000 0.000000 -1.571017
    1 -5.132973 0.316416 0.000000 -1.570795 -1.570787 0.000000
    2 1.293670 0.684478 -0.000001 -0.000004 -0.000001 0.266227
    3 5.309685 -0.003834 0.000000 0.000000 0.000000 0.223103
    4 4.826790 -0.004591 0.000000 -0.141799 0.071488 0.223800
    5 5.792767 -0.005304 0.000000 -0.141833 0.055441 0.213756
    6 6.662322 -0.001452 0.000000 0.000000 -0.000015 0.471000
    7 -3.108188 1.516823 4.339626 1.238993 -1.024532 -4.799756
    8 4.827512 0.000000 -0.000002 -0.482371 0.363089 -0.800157
    9 11.140032 0.000000 0.000000 0.070821 -0.096043 -0.627491
    10 10.314563 -0.000001 0.000001 -3.946552 0.860098 -0.868091
    11 1.646836 0.445664 -1.699647 -0.161704 0.581044 -0.283978
    12 0.928312 0.000000 0.000000 0.000000 0.000000 0.000000
    13 0.928313 0.000000 -0.000001 0.000000 0.000000 0.000000
    14 2.979373 -0.388274 -0.044205 -0.000805 -0.043611 0.000046
    15 1.435262 -0.000001 -0.000001 0.000000 0.000000 0.872146
    16 1.482593 -0.000001 0.000001 0.000000 0.000000 0.907041
    17 -2.869899 1.399667 -4.140396 -1.163265 1.764468 -4.903713
    18 4.972047 0.000000 0.000000 1.034738 -0.786833 -1.724167
    19 11.585358 0.000000 0.000001 0.386603 -0.378990 -1.414595
    20 10.127058 0.000000 0.000001 1.960763 0.596700 0.774136
    21 1.537458 0.109715 1.664489 -0.264662 -0.055995 0.783079
    22 0.928313 0.000000 0.000002 0.000000 0.000000 -0.453501
    23 0.928311 0.000000 0.000001 0.000000 0.000000 0.000000
    24 2.686395 -0.427337 0.044204 -0.005762 0.043239 -0.157074
    25 1.435260 0.000000 0.000001 0.000000 0.000000 0.732613
    26 1.482593 0.000000 -0.000001 0.000000 0.000000 1.168644
    27 2.046984 0.000001 0.000000 0.198440 0.246383 -0.134379
    28 -0.000005 0.000007 3.713254 -3.204068 -0.120606 1.238399
    29 18.045723 0.000000 0.000000 0.000000 0.000000 -1.756393
    30 17.597597 0.000000 0.000000 -0.210887 0.105637 -0.141218
    31 0.000005 -0.000003 -3.713254 0.848441 2.461380 5.479079
    32 18.045721 0.000000 0.000000 0.000000 0.000000 -2.603394
    33 17.597597 0.000000 0.000000 0.362388 -0.168095 0.787471
  time 91
    0 -1.756901 -2.027255 -20.585090 0.000000 0.000000 -1.571017
    1 -5.132973 0.316416 0.000000 -1.570795 -1.570787 0.000000
    2 1.293670 0.684478 -0.000001 -0.000004 -0.000001 0.266227
    3 5.309685 -0.003834 0.000000 0.000000 0.000000 0.223103
    4 4.826790 -0.004591 0.000000 -0.141799 0.071488 0.223800
    5 5.792767 -0.005304 0.000000 -0.142031 0.054853 0.217286
    6 6.662322 -0.001452 0.000000 0.000000 -0.000015 0.471000
    7 -3.108188 1.516823 4.339626 1.238993 -1.024532 -4.799756
    8 4.827512 0.000000 -0.000002 -0.490343 0.349445 -0.821820
    9 11.140032 0.000000 0.000000 0.070821 -0.101735 -0.671325
    10 10.314563 -0.000001 0.000001 -3.960579 0.642685 -0.747667
    11 1.646836 0.445664 -1.699647 -0.161704 0.581044 -0.283978
    12 0.928312 0.000000 0.000000 0.000000 0.000000 0.000000
    13 0.928313 0.000000 -0.000001 0.000000 0.000000 0.000000
    14 2.979373 -0.388274 -0.044205 -0.000805 -0.043611 0.000046
    15 1.435262 -0.000001 -0.000001 0.000000 0.000000 0.872146
    16 1.482593 -0.000001 0.000001 0.000000 0.000000 0.907041
    17 -2.869899 1.399667 -4.140396 -1.163265 1.764468 -4.903713
    18 4.972047 0.000000 0.000000 1.031830 -0.779762 -1.711788
    19 11.585358 0.000000 0.000001 0.386603 -0.381894 -1.472261
    20 10.127058 0.000000 0.000001 1.960763 0.596700 0.774136
    21 1.537458 0.109715 1.664489 -0.264662 -0.055995 0.783079
    22 0.928313 0.000000 0.000002 0.000000 0.000000 -0.453501
    23 0.928311 0.000000 0.000001 0.000000 0.000000 0.000000
    24 2.686395 -0.427337 0.044204 -0.005762 0.043239 -0.157074
    25 1.435260 0.000000 0.000001 0.000000 0.000000 0.732613
    26 1.482593 0.000000 -0.000001 0.000000 0.000000 1.168644
    27 2.046984 0.000001 0.000000 0.198440 0.246383 -0.134379
    28 -0.000005 0.000007 3.713254 -3.204068 -0.120606 1.238399
    29 18.045723 0.000000 0.000000 0.000000 0.000000 -1.756393
    30 17.597597 0.000000 0.000000 -0.210887 0.105637 -0.141218
    31 0.000005 -0.000003 -3.713254 0.848441 2.461380 5.479079
    32 18.045721 0.000000 0.000000 0.000000 0.000000 -2.603394
    33 17.597597 0.000000 0.000000 0.362388 -0.168095 0.787471
  time 92
    0 -1.756901 -2.027255 -20.585090 0.000000 0.000000 -1.571017
    1 -5.132973 0.316416 0.000000 -1.570795 -1.570787 0.000000
    2 1.293670 0.684478 -0.000001 -0.000004 -0.000001 0.266227
    3 5.309685 -0.003834 0.000000 0.000000 0.000000 0.223103
    4 4.826790 -0.004591 0.000000 -0.141799 0.071488 0.223800
    5 5.792767 -0.005304 0.000000 -0.142193 0.054350 0.220296
    6 6.662322 -0.001452 0.000000 0.000000 -0.000015 0.471000
    7 -3.108188 1.516823 4.339626 1.238993 -1.024532 -4.799756
    8 4.827512 0.000000 -0.000002 -0.510830 0.309366 -0.888281
    9 11.140032 0.000000 0.000000 0.070821 -0.107926 -0.720376
    10 10.314563 -0.000001 0.000001 -3.972237 0.461055 -0.647102
    11 1.646836 0.445664 -1.699647 -0.161704 0.581044 -0.283978
    12 0.928312 0.000000 0.000000 0.000000 0.000000 0.000000
    13 0.928313 0.000000 -0.000001 0.000000 0.000000 0.000000
    14 2.979373 -0.388274 -0.044205 -0.000805 -0.043611 0.000046
    15 1.435262 -0.000001 -0.000001 0.000000 0.000000 0.872146
    16 1.482593 -0.000001 0.000001 0.000000 0.000000 0.907041
    17 -2.869899 1.399667 -4.140396 -1.163265 1.764468 -4.903713
    18 4.972047 0.000000 0.000000 1.031830 -0.771406 -1.702870
    19 11.585358 0.000000 0.000001 0.386603 -0.383278 -1.523474
    20 10.127058 0.000000 0.000001 1.960763 0.596700 0.774136
    21 1.537458 0.109715 1.664489 -0.264662 -0.055995 0.783079
    22 0.928313 0.000000 0.000002 0.000000 0.000000 -0.453501
    23 0.928311 0.000000 0.000001 0.000000 0.000000 0.000000
    24 2.686395 -0.427337 0.044204 -0.005762 0.043239 -0.157074
    25 1.435260 0.000000 0.000001 0.000000 0.000000 0.732613
    26 1.482593 0.000000 -0.000001 0.000000 0.000000 1.168644
    27 2.046984 0.000001 0.000000 0.198440 0.246383 -0.134379
    28 -0.000005 0.000007 3.713254 -3.204068 -0.120606 1.238399
    29 18.045723 0.000000 0.000000 0.000000 0.000000 -1.756393
    30 17.597597 0.000000 0.000000 -0.210887 0.105637 -0.141218
    31 0.000005 -0.000003 -3.713254 0.848441 2.461380 5.479079
    32 18.045721 0.000000 0.000000 0.000000 0.000000 -2.603394
    33 17.597597 0.000000 0.000000 0.362388 -0.168095 0.787471
  time 93
    0 -1.756901 -2.027255 -20.585090 0.000000 0.000000 -1.571017
    1 -5.132973 0.316416 0.000000 -1.570795 -1.570787 0.000000
    2 1.293670 0.684478 -0.000001 -0.000004 -0.000001 0.266227
    3 5.309685 -0.003834 0.000000 0.000000 0.000000 0.223103
    4 4.826790 -0.004591 0.000000 -0.141799 0.071488 0.223800
    5 5.792767 -0.005304 0.000000 -0.142319 0.053955 0.222622
    6 6.662322 -0.001452 0.000000 0.000000 -0.000015 0.471000
    7 -3.108188 1.516823 4.339626 1.238993 -1.024532 -4.799756
    8 4.827512 0.000000 -0.000002 -0.532194 0.252489 -0.973285
    9 11.140032 0.000000 0.000000 0.070821 -0.107627 -0.717913
    10 10.314563 -0.000001 0.000001 -3.981145 0.322514 -0.570342
    11 1.646836 0.445664 -1.699647 -0.161704 0.581044 -0.283978
    12 0.928312 0.000000 0.000000 0.000000 0.000000 0.000000
    13 0.928313 0.000000 -0.000001 0.000000 0.000000 0.000000
    14 2.979373 -0.388274 -0.044205 -0.000805 -0.043611 0.000046
    15 1.435262 -0.000001 -0.000001 0.000000 0.000000 0.872146
    16 1.482593 -0.000001 0.000001 0.000000 0.000000 0.907041
    17 -2.869899 1.399667 -4.140396 -1.163265 1.764468 -4.903713
    18 4.972047 0.000000 0.000000 1.033519 -0.763210 -1.696946
    19 11.585358 0.000000 0.000001 0.386603 -0.383913 -1.564723
    20 10.127058 0.000000 0.000001 1.960763 0.596700 0.774136
    21 1.537458 0.109715 1.664489 -0.264662 -0.055995 0.783079
    22 0.928313 0.000000 0.000002 0.000000 0.000000 -0.453501
    23 0.928311 0.000000 0.000001 0.000000 0.000000 0.000000
    24 2.686395 -0.427337 0.044204 -0.005762 0.043239 -0.157074
    25 1.435260 0.000000 0.000001 0.000000 0.000000 0.732613
    26 1.482593 0.000000 -0.000001 0.000000 0.000000 1.168644
    27 2.046984 0.000001 0.000000 0.198440 0.246383 -0.134379
    28 -0.000005 0.000007 3.713254 -3.204068 -0.120606 1.238399
    29 18.045723 0.000000 0.000000 0.000000 0.000000 -1.756393
    30 17.597597 0.000000 0.000000 -0.210887 0.105637 -0.141218
    31 0.000005 -0.000003 -3.713254 0.848441 2.461380 5.479079
    32 18.045721 0.000000 0.000000 0.000000 0.000000 -2.603394
    33 17.597597 0.000000 0.000000 0.362388 -0.168095 0.787471
  time 94
    0 -1.756901 -2.027255 -20.585090 0.000000 0.000000 -1.571017
    1 -5.132973 0.316416 0.000000 -1.570795 -1.570787 0.000000
    2 1.293670 0.684478 -0.000001 -0.000004 -0.000001 0.266227
    3 5.309685 -0.003834 0.000000 0.000000 0.000000 0.223103
    4 4.826790 -0.004591 0.000000 -0.141799 0.071488 0.223800
    5 5.792767 -0.005304 0.000000 -0.142409 0.053703 0.224137
    6 6.662322 -0.001452 0.000000 0.000000 -0.000015 0.471000
    7 -3.108188 1.516823 4.339626 1.238993 -1.024532 -4.799756
    8 4.827512 0.000000 -0.000002 -0.541362 0.220852 -1.016957
    9 11.140032 0.000000 0.000000 0.070821 -0.105579 -0.701031
    10 10.314563 -0.000001 0.000001 -3.986737 0.234087 -0.521395
    11 1.646836 0.445664 -1.699647 -0.161704 0.581044 -0.283978
    12 0.928312 0.000000 0.000000 0.000000 0.000000 0.000000
    13 0.928313 0.000000 -0.000001 0.000000 0.000000 0.000000
    14 2.979373 -0.388274 -0.044205 -0.000805 -0.043611 0.000046
    15 1.435262 -0.000001 -0.000001 0.000000 0.000000 0.872146
    16 1.482593 -0.000001 0.000001 0.000000 0.000000 0.907041
    17 -2.869899 1.399667 -4.140396 -1.163265 1.764468 -4.903713
    18 4.972047 0.000000 0.000000 1.035770 -0.757103 -1.693951
    19 11.585358 0.000000 0.000001 0.386603 -0.383777 -1.591922
    20 10.127058 0.000000 0.000001 1.960763 0.596700 0.774136
    21 1.537458 0.109715 1.664489 -0.264662 -0.055995 0.783079
    22 0.928313 0.000000 0.000002 0.000000 0.000000 -0.453501
    23 0.928311 0.000000 0.000001 0.000000 0.000000 0.000000
    24 2.686395 -0.427337 0.044204 -0.005762 0.043239 -0.157074
    25 1.435260 0.000000 0.000001 0.000000 0.000000 0.732613
    26 1.482593 0.000000 -0.000001 0.000000 0.000000 1.168644
    27 2.046984 0.000001 0.000000 0.198440 0.246383 -0.134379
    28 -0.000005 0.000007 3.713254 -3.204068 -0.120606 1.238399
    29 18.045723 0.000000 0.000000 0.000000 0.000000 -1.756393
    30 17.597597 0.000000 0.000000 -0.210887 0.105637 -0.141218
    31 0.000005 -0.000003 -3.713254 0.848441 2.461380 5.479079
    32 18.045721 0.000000 0.000000 0.000000 0.000000 -2.603394
    33 17.597597 0.000000 0.000000 0.362388 -0.168095 0.787471
  time 95
    0 -1.756901 -2.027255 -20.585090 0.000000 0.000000 -1.571017
    1 -5.132973 0.316416 0.000000 -1.570795 -1.570787 0.000000
    2 1.293670 0.684478 -0.000001 -0.000004 -0.000001 0.266227
    3 5.309685 -0.003834 0.000000 0.000000 0.000000 0.223103
    4 4.826790 -0.004591 0.000000 -0.141799 0.071488 0.223800
    5 5.792767 -0.005304 0.000000 -0.142427 0.053607 0.224677
    6 6.662322 -0.001452 0.000000 0.000000 -0.000015 0.471000
    7 -3.108188 1.516823 4.339626 1.238993 -1.024532 -4.799756
    8 4.827512 0.000000 -0.000002 -0.541521 0.220085 -1.016870
    9 11.140032 0.000000 0.000000 0.070821 -0.105579 -0.701031
    10 10.314563 -0.000001 0.000001 -3.988822 0.203081 -0.504208
    11 1.646836 0.445664 -1.699647 -0.161704 0.581044 -0.283978
    12 0.928312 0.000000 0.000000 0.000000 0.000000 0.000000
    13 0.928313 0.000000 -0.000001 0.000000 0.000000 0.000000
    14 2.979373 -0.388274 -0.044205 -0.000805 -0.043611 0.000046
    15 1.435262 -0.000001 -0.000001 0.000000 0.000000 0.872146
    16 1.482593 -0.000001 0.000001 0.000000 0.000000 0.907041
    17 -2.869899 1.399667 -4.140396 -1.163265 1.764468 -4.903713
    18 4.972047 0.000000 0.000000 1.036708 -0.754693 -1.693019
    19 11.585358 0.000000 0.000001 0.386603 -0.383573 -1.601969
    20 10.127058 0.000000 0.000001 1.960763 0.596700 0.774136
    21 1.537458 0.109715 1.664489 -0.264662 -0.055995 0.783079
    22 0.928313 0.000000 0.000002 0.000000 0.000000 -0.453501
    23 0.928311 0.000000 0.000001 0.000000 0.000000 0.000000
    24 2.686395 -0.427337 0.044204 -0.005762 0.043239 -0.157074
    25 1.435260 0.000000 0.000001 0.000000 0.000000 0.732613
    26 1.482593 0.000000 -0.000001 0.000000 0.000000 1.168644
    27 2.046984 0.000001 0.000000 0.198440 0.246383 -0.134379
    28 -0.000005 0.000007 3.713254 -3.204068 -0.120606 1.238399
    29 18.045723 0.000000 0.000000 0.000000 0.000000 -1.756393
    30 17.597597 0.000000 0.000000 -0.210887 0.105637 -0.141218
    31 0.000005 -0.000003 -3.713254 0.848441 2.461380 5.479079
    32 18.045721 0.000000 0.000000 0.000000 0.000000 -2.603394
    33 17.597597 0.000000 0.000000 0.362388 -0.168095 0.787471
  time 96
    0 -1.756901 -2.027255 -20.585090 0.000000 0.000000 -1.571017
    1 -5.132973 0.316416 0.000000 -1.570795 -1.570787 0.000000
    2 1.293670 0.684478 -0.000001 -0.000004 -0.000001 0.266227
    3 5.309685 -0.003834 0.000000 0.000000 0.000000 0.223103
    4 4.826790 -0.004591 0.000000 -0.141799 0.071488 0.223800
    5 5.792767 -0.005304 0.000000 -0.142427 0.053607 0.224677
    6 6.662322 -0.001452 0.000000 0.000000 -0.000015 0.471000
    7 -3.108188 1.516823 4.339626 1.238993 -1.024532 -4.799756
    8 4.827512 0.000000 -0.000002 -0.541521 0.220085 -1.016870
    9 11.140032 0.000000 0.000000 0.070821 -0.105579 -0.701031
    10 10.314563 -0.000001 0.000001 -3.988822 0.203081 -0.504208
    11 1.646836 0.445664 -1.699647 -0.161704 0.581044 -0.283978
    12 0.928312 0.000000 0.000000 0.000000 0.000000 0.000000
    13 0.928313 0.000000 -0.000001 0.000000 0.000000 0.000000
    14 2.979373 -0.388274 -0.044205 -0.000805 -0.043611 0.000046
    15 1.435262 -0.000001 -0.000001 0.000000 0.000000 0.872146
    16 1.482593 -0.000001 0.000001 0.000000 0.000000 0.907041
    17 -2.869899 1.399667 -4.140396 -1.163265 1.764468 -4.903713
    18 4.972047 0.000000 0.000000 1.036708 -0.754693 -1.693019
    19 11.585358 0.000000 0.000001 0.386603 -0.383573 -1.601969
    20 10.127058 0.000000 0.000001 1.960763 0.596700 0.774136
    21 1.537458 0.109715 1.664489 -0.264662 -0.055995 0.783079
    22 0.928313 0.000000 0.000002 0.000000 0.000000 -0.453501
    23 0.928311 0.000000 0.000001 0.000000 0.000000 0.000000
    24 2.686395 -0.427337 0.044204 -0.005762 0.043239 -0.157074
    25 1.435260 0.000000 0.000001 0.000000 0.000000 0.732613
    26 1.482593 0.000000 -0.000001 0.000000 0.000000 1.168644
    27 2.046984 0.000001 0.000000 0.198440 0.246383 -0.134379
    28 -0.000005 0.000007 3.713254 -3.204068 -0.120606 1.238399
    29 18.045723 0.000000 0.000000 0.000000 0.000000 -1.756393
    30 17.597597 0.000000 0.000000 -0.210887 0.105637 -0.141218
    31 0.000005 -0.000003 -3.713254 0.848441 2.461380 5.479079
    32 18.045721 0.000000 0.000000 0.000000 0.000000 -2.603394
    33 17.597597 0.000000 0.000000 0.362388 -0.168095 0.787471
  time 97
    0 -1.756901 -2.027255 -20.585090 0.000000 0.000000 -1.571017
    1 -5.132973 0.316416 0.000000 -1.570795 -1.570787 0.000000
    2 1.293670 0.684478 -0.000001 -0.000004 -0.000001 0.266227
    3 5.309685 -0.003834 0.000000 0.000000 0.000000 0.223103
    4 4.826790 -0.004591 0.000000 -0.141799 0.071488 0.223800
    5 5.792767 -0.005304 0.000000 -0.142427 0.053607 0.224677
    6 6.662322 -0.001452 0.000000 0.000000 -0.000015 0.471000
    7 -3.108188 1.516823 4.339626 1.238993 -1.024532 -4.799756
    8 4.827512 0.000000 -0.000002 -0.541521 0.220085 -1.016870
    9 11.140032 0.000000 0.000000 0.070821 -0.105579 -0.701031
    10 10.314563 -0.000001 0.000001 -3.988822 0.203081 -0.504208
    11 1.646836 0.445664 -1.699647 -0.161704 0.581044 -0.283978
    12 0.928312 0.000000 0.000000 0.000000 0.000000 0.000000
    13 0.928313 0.000000 -0.000001 0.000000 0.000000 0.000000
    14 2.979373 -0.388274 -0.044205 -0.000805 -0.043611 0.000046
    15 1.435262 -0.000001 -0.000001 0.000000 0.000000 0.872146
    16 1.482593 -0.000001 0.000001 0.000000 0.000000 0.907041
    17 -2.869899 1.399667 -4.140396 -1.163265 1.764468 -4.903713
    18 4.972047 0.000000 0.000000 1.036708 -0.754693 -1.693019
    19 11.585358 0.000000 0.000001 0.386603 -0.383573 -1.601969
    20 10.127058 0.000000 0.000001 1.960763 0.596700 0.774136
    21 1.537458 0.109715 1.664489 -0.264662 -0.055995 0.783079
    22 0.928313 0.000000 0.000002 0.000000 0.000000 -0.453501
    23 0.928311 0.000000 0.000001 0.000000 0.000000 0.000000
    24 2.686395 -0.427337 0.044204 -0.005762 0.043239 -0.157074
    25 1.435260 0.000000 0.000001 0.000000 0.000000 0.732613
    26 1.482593 0.000000 -0.000001 0.000000 0.000000 1.168644
    27 2.046984 0.000001 0.000000 0.198440 0.246383 -0.134379
    28 -0.000005 0.000007 3.713254 -3.204068 -0.120606 1.238399
    29 18.045723 0.000000 0.000000 0.000000 0.000000 -1.756393
    30 17.597597 0.000000 0.000000 -0.210887 0.105637 -0.141218
    31 0.000005 -0.000003 -3.713254 0.848441 2.461380 5.479079
    32 18.045721 0.000000 0.000000 0.000000 0.000000 -2.603394
    33 17.597597 0.000000 0.000000 0.362388 -0.168095 0.787471
  time 98
    0 -1.756901 -2.027255 -20.585090 0.000000 0.000000 -1.571017
    1 -5.132973 0.316416 0.000000 -1.570795 -1.570787 0.000000
    2 1.293670 0.684478 -0.000001 -0.000004 -0.000001 0.266227
    3 5.309685 -0.003834 0.000000 0.000000 0.000000 0.223103
    4 4.826790 -0.004591 0.000000 -0.141799 0.071488 0.223800
    5 5.792767 -0.005304 0.000000 -0.142427 0.053607 0.224677
    6 6.662322 -0.001452 0.000000 0.000000 -0.000015 0.471000
    7 -3.108188 1.516823 4.339626 1.238993 -1.024532 -4.799756
    8 4.827512 0.000000 -0.000002 -0.541521 0.220085 -1.016870
    9 11.140032 0.000000 0.000000 0.070821 -0.105579 -0.701031
    10 10.314563 -0.000001 0.000001 -3.988822 0.203081 -0.504208
    11 1.646836 0.445664 -1.699647 -0.161704 0.581044 -0.283978
    12 0.928312 0.000000 0.000000 0.000000 0.000000 0.000000
    13 0.928313 0.000000 -0.000001 0.000000 0.000000 0.000000
    14 2.979373 -0.388274 -0.044205 -0.000805 -0.043611 0.000046
    15 1.435262 -0.000001 -0.000001 0.000000 0.000000 0.872146
    16 1.482593 -0.000001 0.000001 0.000000 0.000000 0.907041
    17 -2.869899 1.399667 -4.140396 -1.163265 1.764468 -4.903713
    18 4.972047 0.000000 0.000000 1.036708 -0.754693 -1.693019
    19 11.585358 0.000000 0.000001 0.386603 -0.383573 -1.601969
    20 10.127058 0.000000 0.000001 1.960763 0.596700 0.774136
    21 1.537458 0.109715 1.664489 -0.264662 -0.055995 0.783079
    22 0.928313 0.000000 0.000002 0.000000 0.000000 -0.453501
    23 0.928311 0.000000 0.000001 0.000000 0.000000 0.000000
    24 2.686395 -0.427337 0.044204 -0.005762 0.043239 -0.157074
    25 1.435260 0.000000 0.000001 0.000000 0.000000 0.732613
    26 1.482593 0.000000 -0.000001 0.000000 0.000000 1.168644
    27 2.046984 0.000001 0.000000 0.198440 0.246383 -0.134379
    28 -0.000005 0.000007 3.713254 -3.204068 -0.120606 1.238399
    29 18.045723 0.000000 0.000000 0.000000 0.000000 -1.756393
    30 17.597597 0.000000 0.000000 -0.210887 0.105637 -0.141218
    31 0.000005 -0.000003 -3.713254 0.848441 2.461380 5.479079
    32 18.045721 0.000000 0.000000 0.000000 0.000000 -2.603394
    33 17.597597 0.000000 0.000000 0.362388 -0.168095 0.787471
  time 99
    0 -1.756901 -2.027255 -20.585090 0.000000 0.000000 -1.571017
    1 -5.132973 0.316416 0.000000 -1.570795 -1.570787 0.000000
    2 1.293670 0.684478 -0.000001 -0.000004 -0.000001 0.266227
    3 5.309685 -0.003834 0.000000 0.000000 0.000000 0.223103
    4 4.826790 -0.004591 0.000000 -0.141799 0.071488 0.223800
    5 5.792767 -0.005304 0.000000 -0.142427 0.053607 0.224677
    6 6.662322 -0.001452 0.000000 0.000000 -0.000015 0.471000
    7 -3.108188 1.516823 4.339626 1.238993 -1.024532 -4.799756
    8 4.827512 0.000000 -0.000002 -0.541521 0.220085 -1.016870
    9 11.140032 0.000000 0.000000 0.070821 -0.105579 -0.701031
    10 10.314563 -0.000001 0.000001 -3.988822 0.203081 -0.504208
    11 1.646836 0.445664 -1.699647 -0.161704 0.581044 -0.283978
    12 0.928312 0.000000 0.000000 0.000000 0.000000 0.000000
    13 0.928313 0.000000 -0.000001 0.000000 0.000000 0.000000
    14 2.979373 -0.388274 -0.044205 -0.000805 -0.043611 0.000046
    15 1.435262 -0.000001 -0.000001 0.000000 0.000000 0.872146
    16 1.482593 -0.000001 0.000001 0.000000 0.000000 0.907041
    17 -2.869899 1.399667 -4.140396 -1.163265 1.764468 -4.903713
    18 4.972047 0.000000 0.000000 1.036708 -0.754693 -1.693019
    19 11.585358 0.000000 0.000001 0.386603 -0.383573 -1.601969
    20 10.127058 0.000000 0.000001 1.960763 0.596700 0.774136
    21 1.537458 0.109715 1.664489 -0.264662 -0.055995 0.783079
    22 0.928313 0.000000 0.000002 0.000000 0.000000 -0.453501
    23 0.928311 0.000000 0.000001 0.000000 0.000000 0.000000
    24 2.686395 -0.427337 0.044204 -0.005762 0.043239 -0.157074
    25 1.435260 0.000000 0.000001 0.000000 0.000000 0.732613
    26 1.482593 0.000000 -0.000001 0.000000 0.000000 1.168644
    27 2.046984 0.000001 0.000000 0.198440 0.246383 -0.134379
    28 -0.000005 0.000007 3.713254 -3.204068 -0.120606 1.238399
    29 18.045723 0.000000 0.000000 0.000000 0.000000 -1.756393
    30 17.597597 0.000000 0.000000 -0.210887 0.105637 -0.141218
    31 0.000005 -0.000003 -3.713254 0.848441 2.461380 5.479079
    32 18.045721 0.000000 0.000000 0.000000 0.000000 -2.603394
    33 17.597597 0.000000 0.000000 0.362388 -0.168095 0.787471
  time 100
    0 -1.756901 -2.027255 -20.585090 0.000000 0.000000 -1.571017
    1 -5.132973 0.316416 0.000000 -1.570795 -1.570787 0.000000
    2 1.293670 0.684478 -0.000001 -0.000004 -0.000001 0.266227
    3 5.309685 -0.003834 0.000000 0.000000 0.000000 0.223103
    4 4.826790 -0.004591 0.000000 -0.141799 0.071488 0.223800
    5 5.792767 -0.005304 0.000000 -0.142427 0.053607 0.224677
    6 6.662322 -0.001452 0.000000 0.000000 -0.000015 0.471000
    7 -3.108188 1.516823 4.339626 1.238993 -1.024532 -4.799756
    8 4.827512 0.000000 -0.000002 -0.541521 0.220085 -1.016870
    9 11.140032 0.000000 0.000000 0.070821 -0.105579 -0.701031
    10 10.314563 -0.000001 0.000001 -3.988822 0.203081 -0.504208
    11 1.646836 0.445664 -1.699647 -0.161704 0.581044 -0.283978
    12 0.928312 0.000000 0.000000 0.000000 0.000000 0.000000
    13 0.928313 0.000000 -0.000001 0.000000 0.000000 0.000000
    14 2.979373 -0.388274 -0.044205 -0.000805 -0.043611 0.000046
    15 1.435262 -0.000001 -0.000001 0.000000 0.000000 0.872146
    16 1.482593 -0.000001 0.000001 0.000000 0.000000 0.907041
    17 -2.869899 1.399667 -4.140396 -1.163265 1.764468 -4.903713
    18 4.972047 0.000000 0.000000 1.036708 -0.754693 -1.693019
    19 11.585358 0.000000 0.000001 0.386603 -0.383573 -1.601969
    20 10.127058 0.000000 0.000001 1.960763 0.596700 0.774136
    21 1.537458 0.109715 1.664489 -0.264662 -0.055995 0.783079
    22 0.928313 0.000000 0.000002 0.000000 0.000000 -0.453501
    23 0.928311 0.000000 0.000001 0.000000 0.000000 0.000000
    24 2.686395 -0.427337 0.044204 -0.005762 0.043239 -0.157074
    25 1.435260 0.000000 0.000001 0.000000 0.000000 0.732613
    26 1.482593 0.000000 -0.000001 0.000000 0.000000 1.168644
    27 2.046984 0.000001 0.000000 0.198440 0.246383 -0.134379
    28 -0.000005 0.000007 3.713254 -3.204068 -0.120606 1.238399
    29 18.045723 0.000000 0.000000 0.000000 0.000000 -1.756393
    30 17.597597 0.000000 0.000000 -0.210887 0.105637 -0.141218
    31 0.000005 -0.000003 -3.713254 0.848441 2.461380 5.479079
    32 18.045721 0.000000 0.000000 0.000000 0.000000 -2.603394
    33 17.597597 0.000000 0.000000 0.362388 -0.168095 0.787471
end
