version 1
nodes
  0 "Bip01" -1
  1 "Bip01 Pelvis" 0
  2 "Bip01 Spine" 1
  3 "Bip01 Spine1" 2
  4 "Bip01 Spine2" 3
  5 "Bip01 Spine3" 4
  6 "Bip01 Neck" 5
  7 "Bip01 L Arm" 6
  8 "Bip01 L Arm1" 7
  9 "Bip01 L Arm2" 8
  10 "Bip01 L Hand" 9
  11 "Bip01 L Finger0" 10
  12 "Bip01 L Finger01" 11
  13 "Bip01 L Finger02" 12
  14 "Bip01 L Finger1" 10
  15 "Bip01 L Finger11" 14
  16 "Bip01 L Finger12" 15
  17 "Bip01 R Arm" 6
  18 "Bip01 R Arm1" 17
  19 "Bip01 R Arm2" 18
  20 "Bip01 R Hand" 19
  21 "Bip01 R Finger0" 20
  22 "Bip01 R Finger01" 21
  23 "Bip01 R Finger02" 22
  24 "Bip01 R Finger1" 20
  25 "Bip01 R Finger11" 24
  26 "Bip01 R Finger12" 25
  27 "Bip01 Head" 6
  28 "Bip01 L Leg" 1
  29 "Bip01 L Leg1" 28
  30 "Bip01 L Foot" 29
  31 "Bip01 R Leg" 1
  32 "Bip01 R Leg1" 31
  33 "Bip01 R Foot" 32
end
skeleton
  time 0
    0 0.254879 -0.281108 0.368674 0.000000 0.000000 -1.571017
    1 -3.386826 0.207038 0.000000 -1.570795 -1.570787 0.000000
    2 1.293670 0.684478 -0.000001 0.000299 0.025358 0.010374
    3 5.309685 -0.003834 0.000000 -0.073650 -0.036146 -0.007885
    4 4.826790 -0.004591 0.000000 -0.072177 -0.017030 -0.196109
    5 5.792767 -0.005304 0.000000 -0.109042 0.070673 -0.155157
    6 6.662322 -0.001452 0.000000 0.004698 0.139666 0.354824
    7 -3.108188 1.516823 4.339626 1.238993 -1.024532 -4.799756
    8 4.827512 0.000000 -0.000002 -0.448332 -0.129708 -1.025188
    9 11.140032 0.000000 0.000000 0.070821 -0.105579 -0.701031
    10 10.314563 -0.000001 0.000001 -3.988822 0.203081 -0.504208
    11 1.646836 0.445664 -1.699647 -0.161704 0.581044 -0.283978
    12 0.928312 0.000000 0.000000 0.000000 0.000000 0.000000
    13 0.928313 0.000000 -0.000001 0.000000 0.000000 0.000000
    14 2.979373 -0.388274 -0.044205 -0.000805 -0.043611 0.000046
    15 1.435262 -0.000001 -0.000001 0.000000 0.000000 0.872146
    16 1.482593 -0.000001 0.000001 0.000000 0.000000 0.907041
    17 -2.869899 1.399667 -4.140396 -1.163265 1.764468 -4.903713
    18 4.972047 0.000000 0.000000 1.143263 -0.508663 -1.754117
    19 11.585358 0.000000 0.000001 0.386603 -0.383573 -1.601969
    20 10.127058 0.000000 0.000001 1.960763 0.596700 0.774136
    21 1.537458 0.109715 1.664489 -0.264662 -0.055995 0.783079
    22 0.928313 0.000000 0.000002 0.000000 0.000000 -0.453501
    23 0.928311 0.000000 0.000001 0.000000 0.000000 0.000000
    24 2.686395 -0.427337 0.044204 -0.005762 0.043239 -0.157074
    25 1.435260 0.000000 0.000001 0.000000 0.000000 0.732613
    26 1.482593 0.000000 -0.000001 0.000000 0.000000 1.168644
    27 2.046984 0.000001 0.000000 0.224333 0.419155 -0.350990
    28 -0.000005 0.000007 3.713254 -0.099865 -3.047848 5.708602
    29 18.045723 0.000000 0.000000 0.000000 0.000000 -0.413544
    30 17.597597 0.000000 0.000000 -0.057202 -0.016721 -0.162308
    31 0.000005 -0.000003 -3.713254 0.807612 2.831522 6.175187
    32 18.045721 0.000000 0.000000 0.000000 0.000000 -0.782250
    33 17.597597 0.000000 0.000000 0.178693 0.125253 0.485308
  time 1
    0 0.254879 -0.281108 0.368674 0.000000 0.000000 -1.571017
    1 -3.359482 0.199225 0.000000 -1.570795 -1.570787 0.000000
    2 1.293670 0.684478 -0.000001 0.000299 0.025358 0.010374
    3 5.309685 -0.003834 0.000000 -0.073650 -0.036146 -0.007885
    4 4.826790 -0.004591 0.000000 -0.072177 -0.017030 -0.196109
    5 5.792767 -0.005304 0.000000 -0.109042 0.070673 -0.155157
    6 6.662322 -0.001452 0.000000 0.004698 0.139666 0.354824
    7 -3.108188 1.516823 4.339626 1.238993 -1.024532 -4.799756
    8 4.827512 0.000000 -0.000002 -0.451202 -0.139600 -1.025535
    9 11.140032 0.000000 0.000000 0.070821 -0.105904 -0.703712
    10 10.314563 -0.000001 0.000001 -3.988822 0.203081 -0.504208
    11 1.646836 0.445664 -1.699647 -0.161704 0.581044 -0.283978
    12 0.928312 0.000000 0.000000 0.000000 0.000000 0.000000
    13 0.928313 0.000000 -0.000001 0.000000 0.000000 0.000000
    14 2.979373 -0.388274 -0.044205 -0.000805 -0.043611 0.000046
    15 1.435262 -0.000001 -0.000001 0.000000 0.000000 0.872146
    16 1.482593 -0.000001 0.000001 0.000000 0.000000 0.907041
    17 -2.869899 1.399667 -4.140396 -1.163265 1.764468 -4.903713
    18 4.972047 0.000000 0.000000 1.138761 -0.514287 -1.751522
    19 11.585358 0.000000 0.000001 0.386603 -0.383528 -1.604583
    20 10.127058 0.000000 0.000001 1.942531 0.599537 0.743122
    21 1.537458 0.109715 1.664489 -0.264662 -0.055995 0.783079
    22 0.928313 0.000000 0.000002 0.000000 0.000000 -0.453501
    23 0.928311 0.000000 0.000001 0.000000 0.000000 0.000000
    24 2.686395 -0.427337 0.044204 -0.005762 0.043239 -0.157074
    25 1.435260 0.000000 0.000001 0.000000 0.000000 0.732613
    26 1.482593 0.000000 -0.000001 0.000000 0.000000 1.168644
    27 2.046984 0.000001 0.000000 0.224462 0.411573 -0.354518
    28 -0.000005 0.000007 3.713254 -0.099865 -3.047656 5.708123
    29 18.045723 0.000000 0.000000 0.000000 0.000000 -0.415986
    30 17.597597 0.000000 0.000000 -0.057151 -0.016918 -0.160428
    31 0.000005 -0.000003 -3.713254 0.807804 2.831810 6.176241
    32 18.045721 0.000000 0.000000 0.000000 0.000000 -0.781699
    33 17.597597 0.000000 0.000000 0.178659 0.125746 0.485631
  time 2
    0 0.254879 -0.281108 0.368674 0.000000 0.000000 -1.571017
    1 -3.328231 0.199225 0.000000 -1.570795 -1.570787 0.000000
    2 1.293670 0.684478 -0.000001 0.000299 0.025358 0.010374
    3 5.309685 -0.003834 0.000000 -0.073650 -0.036146 -0.007885
    4 4.826790 -0.004591 0.000000 -0.072177 -0.017030 -0.196109
    5 5.792767 -0.005304 0.000000 -0.109042 0.070673 -0.155157
    6 6.662322 -0.001452 0.000000 0.004698 0.139666 0.354824
    7 -3.108188 1.516823 4.339626 1.238993 -1.024532 -4.799756
    8 4.827512 0.000000 -0.000002 -0.459811 -0.170810 -1.030734
    9 11.140032 0.000000 0.000000 0.070821 -0.105180 -0.697843
    10 10.314563 -0.000001 0.000001 -3.988822 0.203081 -0.504208
    11 1.646836 0.445664 -1.699647 -0.161704 0.581044 -0.283978
    12 0.928312 0.000000 0.000000 0.000000 0.000000 0.000000
    13 0.928313 0.000000 -0.000001 0.000000 0.000000 0.000000
    14 2.979373 -0.388274 -0.044205 -0.000805 -0.043611 0.000046
    15 1.435262 -0.000001 -0.000001 0.000000 0.000000 0.872146
    16 1.482593 -0.000001 0.000001 0.000000 0.000000 0.907041
    17 -2.869899 1.399667 -4.140396 -1.163265 1.764468 -4.903713
    18 4.972047 0.000000 0.000000 1.127505 -0.528429 -1.744134
    19 11.585358 0.000000 0.000001 0.386603 -0.383459 -1.607686
    20 10.127058 0.000000 0.000001 1.893094 0.607291 0.658936
    21 1.537458 0.109715 1.664489 -0.264662 -0.055995 0.783079
    22 0.928313 0.000000 0.000002 0.000000 0.000000 -0.453501
    23 0.928311 0.000000 0.000001 0.000000 0.000000 0.000000
    24 2.686395 -0.427337 0.044204 -0.005762 0.043239 -0.157074
    25 1.435260 0.000000 0.000001 0.000000 0.000000 0.732613
    26 1.482593 0.000000 -0.000001 0.000000 0.000000 1.168644
    27 2.046984 0.000001 0.000000 0.225108 0.390537 -0.363886
    28 -0.000005 0.000007 3.713254 -0.099674 -3.047369 5.707548
    29 18.045723 0.000000 0.000000 0.000000 0.000000 -0.418577
    30 17.597597 0.000000 0.000000 -0.057126 -0.017140 -0.158411
    31 0.000005 -0.000003 -3.713254 0.807899 2.832193 6.177296
    32 18.045721 0.000000 0.000000 0.000000 0.000000 -0.781148
    33 17.597597 0.000000 0.000000 0.178659 0.126298 0.485908
  time 3
    0 0.254879 -0.281108 0.368674 0.000000 0.000000 -1.571017
    1 -3.304792 0.187506 0.000000 -1.570795 -1.570787 0.000000
    2 1.293670 0.684478 -0.000001 0.000299 0.025358 0.010374
    3 5.309685 -0.003834 0.000000 -0.073650 -0.036146 -0.007885
    4 4.826790 -0.004591 0.000000 -0.072177 -0.017030 -0.196109
    5 5.792767 -0.005304 0.000000 -0.109042 0.070673 -0.155157
    6 6.662322 -0.001452 0.000000 0.004698 0.139666 0.354824
    7 -3.108188 1.516823 4.339626 1.238993 -1.024532 -4.799756
    8 4.827512 0.000000 -0.000002 -0.473044 -0.219075 -1.041739
    9 11.140032 0.000000 0.000000 0.070821 -0.102359 -0.676252
    10 10.314563 -0.000001 0.000001 -3.988822 0.203081 -0.504208
    11 1.646836 0.445664 -1.699647 -0.161704 0.581044 -0.283978
    12 0.928312 0.000000 0.000000 0.000000 0.000000 0.000000
    13 0.928313 0.000000 -0.000001 0.000000 0.000000 0.000000
    14 2.979373 -0.388274 -0.044205 -0.000805 -0.043611 0.000046
    15 1.435262 -0.000001 -0.000001 0.000000 0.000000 0.872146
    16 1.482593 -0.000001 0.000001 0.000000 0.000000 0.907041
    17 -2.869899 1.399667 -4.140396 -1.163265 1.764468 -4.903713
    18 4.972047 0.000000 0.000000 1.112028 -0.548114 -1.734883
    19 11.585358 0.000000 0.000001 0.386603 -0.383459 -1.608013
    20 10.127058 0.000000 0.000001 1.820165 0.618639 0.534832
    21 1.537458 0.109715 1.664489 -0.264662 -0.055995 0.783079
    22 0.928313 0.000000 0.000002 0.000000 0.000000 -0.453501
    23 0.928311 0.000000 0.000001 0.000000 0.000000 0.000000
    24 2.686395 -0.427337 0.044204 -0.005762 0.043239 -0.157074
    25 1.435260 0.000000 0.000001 0.000000 0.000000 0.732613
    26 1.482593 0.000000 -0.000001 0.000000 0.000000 1.168644
    27 2.046984 0.000001 0.000000 0.226487 0.358555 -0.377085
    28 -0.000005 0.000007 3.713254 -0.099482 -3.047177 5.706973
    29 18.045723 0.000000 0.000000 0.000000 0.000000 -0.421093
    30 17.597597 0.000000 0.000000 -0.057075 -0.017337 -0.156393
    31 0.000005 -0.000003 -3.713254 0.808187 2.832481 6.178350
    32 18.045721 0.000000 0.000000 0.000000 0.000000 -0.780518
    33 17.597597 0.000000 0.000000 0.178659 0.126870 0.486186
  time 4
    0 0.254879 -0.281108 0.368674 0.000000 0.000000 -1.571017
    1 -3.285261 0.187506 0.000000 -1.570795 -1.570787 0.000000
    2 1.293670 0.684478 -0.000001 0.000299 0.025358 0.010374
    3 5.309685 -0.003834 0.000000 -0.073650 -0.036146 -0.007885
    4 4.826790 -0.004591 0.000000 -0.072177 -0.017030 -0.196109
    5 5.792767 -0.005304 0.000000 -0.109042 0.070673 -0.155157
    6 6.662322 -0.001452 0.000000 0.004698 0.139666 0.354824
    7 -3.108188 1.516823 4.339626 1.238993 -1.024532 -4.799756
    8 4.827512 0.000000 -0.000002 -0.488350 -0.279363 -1.059935
    9 11.140032 0.000000 0.000000 0.070821 -0.096966 -0.634809
    10 10.314563 -0.000001 0.000001 -3.988822 0.203081 -0.504208
    11 1.646836 0.445664 -1.699647 -0.161704 0.581044 -0.283978
    12 0.928312 0.000000 0.000000 0.000000 0.000000 0.000000
    13 0.928313 0.000000 -0.000001 0.000000 0.000000 0.000000
    14 2.979373 -0.388274 -0.044205 -0.000805 -0.043611 0.000046
    15 1.435262 -0.000001 -0.000001 0.000000 0.000000 0.872146
    16 1.482593 -0.000001 0.000001 0.000000 0.000000 0.907041
    17 -2.869899 1.399667 -4.140396 -1.163265 1.764468 -4.903713
    18 4.972047 0.000000 0.000000 1.093456 -0.571577 -1.723236
    19 11.585358 0.000000 0.000001 0.386603 -0.383505 -1.605808
    20 10.127058 0.000000 0.000001 1.731668 0.632350 0.384168
    21 1.537458 0.109715 1.664489 -0.264662 -0.055995 0.783079
    22 0.928313 0.000000 0.000002 0.000000 0.000000 -0.453501
    23 0.928311 0.000000 0.000001 0.000000 0.000000 0.000000
    24 2.686395 -0.427337 0.044204 -0.005762 0.043239 -0.157074
    25 1.435260 0.000000 0.000001 0.000000 0.000000 0.732613
    26 1.482593 0.000000 -0.000001 0.000000 0.000000 1.168644
    27 2.046984 0.000001 0.000000 0.228856 0.318195 -0.392232
    28 -0.000005 0.000007 3.713254 -0.099386 -3.046985 5.706589
    29 18.045723 0.000000 0.000000 0.000000 0.000000 -0.423092
    30 17.597597 0.000000 0.000000 -0.057050 -0.017484 -0.154834
    31 0.000005 -0.000003 -3.713254 0.808187 2.832672 6.179213
    32 18.045721 0.000000 0.000000 0.000000 0.000000 -0.780046
    33 17.597597 0.000000 0.000000 0.178659 0.127304 0.486417
  time 5
    0 0.254879 -0.281108 0.368674 0.000000 0.000000 -1.571017
    1 -3.265729 0.187506 0.000000 -1.570795 -1.570787 0.000000
    2 1.293670 0.684478 -0.000001 0.000299 0.025358 0.010374
    3 5.309685 -0.003834 0.000000 -0.073650 -0.036146 -0.007885
    4 4.826790 -0.004591 0.000000 -0.072177 -0.017030 -0.196109
    5 5.792767 -0.005304 0.000000 -0.109042 0.070673 -0.155157
    6 6.662322 -0.001452 0.000000 0.004698 0.139666 0.354824
    7 -3.108188 1.516823 4.339626 1.238993 -1.024532 -4.799756
    8 4.827512 0.000000 -0.000002 -0.502938 -0.345109 -1.083417
    9 11.140032 0.000000 0.000000 0.070821 -0.088927 -0.575180
    10 10.314563 -0.000001 0.000001 -3.988822 0.203081 -0.504208
    11 1.646836 0.445664 -1.699647 -0.161704 0.581044 -0.283978
    12 0.928312 0.000000 0.000000 0.000000 0.000000 0.000000
    13 0.928313 0.000000 -0.000001 0.000000 0.000000 0.000000
    14 2.979373 -0.388274 -0.044205 -0.000805 -0.043611 0.000046
    15 1.435262 -0.000001 -0.000001 0.000000 0.000000 0.872146
    16 1.482593 -0.000001 0.000001 0.000000 0.000000 0.907041
    17 -2.869899 1.399667 -4.140396 -1.163265 1.764468 -4.903713
    18 4.972047 0.000000 0.000000 1.073383 -0.596967 -1.710856
    19 11.585358 0.000000 0.000001 0.386603 -0.383596 -1.600989
    20 10.127058 0.000000 0.000001 1.635388 0.647386 0.220197
    21 1.537458 0.109715 1.664489 -0.264662 -0.055995 0.783079
    22 0.928313 0.000000 0.000002 0.000000 0.000000 -0.453501
    23 0.928311 0.000000 0.000001 0.000000 0.000000 0.000000
    24 2.686395 -0.427337 0.044204 -0.005762 0.043239 -0.157074
    25 1.435260 0.000000 0.000001 0.000000 0.000000 0.732613
    26 1.482593 0.000000 -0.000001 0.000000 0.000000 1.168644
    27 2.046984 0.000001 0.000000 0.232432 0.271992 -0.407378
    28 -0.000005 0.000007 3.713254 -0.099290 -3.046889 5.706302
    29 18.045723 0.000000 0.000000 0.000000 0.000000 -0.424424
    30 17.597597 0.000000 0.000000 -0.057050 -0.017558 -0.153780
    31 0.000005 -0.000003 -3.713254 0.808379 2.832768 6.179788
    32 18.045721 0.000000 0.000000 0.000000 0.000000 -0.779731
    33 17.597597 0.000000 0.000000 0.178592 0.127600 0.486555
  time 6
    0 0.254879 -0.281108 0.368674 0.000000 0.000000 -1.571017
    1 -3.261822 0.187506 0.000000 -1.570795 -1.570787 0.000000
    2 1.293670 0.684478 -0.000001 0.000299 0.025358 0.010374
    3 5.309685 -0.003834 0.000000 -0.073650 -0.036146 -0.007885
    4 4.826790 -0.004591 0.000000 -0.072177 -0.017030 -0.196109
    5 5.792767 -0.005304 0.000000 -0.109042 0.070673 -0.155157
    6 6.662322 -0.001452 0.000000 0.004698 0.139666 0.354824
    7 -3.108188 1.516823 4.339626 1.238993 -1.024532 -4.799756
    8 4.827512 0.000000 -0.000002 -0.513780 -0.409917 -1.111319
    9 11.140032 0.000000 0.000000 0.070821 -0.078317 -0.499611
    10 10.314563 -0.000001 0.000001 -3.988822 0.203081 -0.504208
    11 1.646836 0.445664 -1.699647 -0.161704 0.581044 -0.283978
    12 0.928312 0.000000 0.000000 0.000000 0.000000 0.000000
    13 0.928313 0.000000 -0.000001 0.000000 0.000000 0.000000
    14 2.979373 -0.388274 -0.044205 -0.000805 -0.043611 0.000046
    15 1.435262 -0.000001 -0.000001 0.000000 0.000000 0.872146
    16 1.482593 -0.000001 0.000001 0.000000 0.000000 0.907041
    17 -2.869899 1.399667 -4.140396 -1.163265 1.764468 -4.903713
    18 4.972047 0.000000 0.000000 1.054154 -0.621634 -1.699076
    19 11.585358 0.000000 0.000001 0.386603 -0.383777 -1.591840
    20 10.127058 0.000000 0.000001 1.539178 0.662327 0.056226
    21 1.537458 0.109715 1.664489 -0.264662 -0.055995 0.783079
    22 0.928313 0.000000 0.000002 0.000000 0.000000 -0.453501
    23 0.928311 0.000000 0.000001 0.000000 0.000000 0.000000
    24 2.686395 -0.427337 0.044204 -0.005762 0.043239 -0.157074
    25 1.435260 0.000000 0.000001 0.000000 0.000000 0.732613
    26 1.482593 0.000000 -0.000001 0.000000 0.000000 1.168644
    27 2.046984 0.000001 0.000000 0.237516 0.222456 -0.420639
    28 -0.000005 0.000007 3.713254 -0.099290 -3.046793 5.706110
    29 18.045723 0.000000 0.000000 0.000000 0.000000 -0.425312
    30 17.597597 0.000000 0.000000 -0.057075 -0.017583 -0.153046
    31 0.000005 -0.000003 -3.713254 0.808474 2.832864 6.180076
    32 18.045721 0.000000 0.000000 0.000000 0.000000 -0.779495
    33 17.597597 0.000000 0.000000 0.178559 0.127817 0.486647
  time 7
    0 0.254879 -0.281108 0.368674 0.000000 0.000000 -1.571017
    1 -3.254010 0.187506 0.000000 -1.570795 -1.570787 0.000000
    2 1.293670 0.684478 -0.000001 0.000299 0.025358 0.010374
    3 5.309685 -0.003834 0.000000 -0.073650 -0.036146 -0.007885
    4 4.826790 -0.004591 0.000000 -0.072177 -0.017030 -0.196109
    5 5.792767 -0.005304 0.000000 -0.109042 0.070673 -0.155157
    6 6.662322 -0.001452 0.000000 0.004698 0.139666 0.354824
    7 -3.108188 1.516823 4.339626 1.238993 -1.024532 -4.799756
    8 4.827512 0.000000 -0.000002 -0.519599 -0.460399 -1.135841
    9 11.140032 0.000000 0.000000 0.070821 -0.068456 -0.432012
    10 10.314563 -0.000001 0.000001 -3.988822 0.203081 -0.504208
    11 1.646836 0.445664 -1.699647 -0.161704 0.581044 -0.283978
    12 0.928312 0.000000 0.000000 0.000000 0.000000 0.000000
    13 0.928313 0.000000 -0.000001 0.000000 0.000000 0.000000
    14 2.979373 -0.388274 -0.044205 -0.000805 -0.043611 0.000046
    15 1.435262 -0.000001 -0.000001 0.000000 0.000000 0.872146
    16 1.482593 -0.000001 0.000001 0.000000 0.000000 0.907041
    17 -2.869899 1.399667 -4.140396 -1.163265 1.764468 -4.903713
    18 4.972047 0.000000 0.000000 1.036427 -0.644695 -1.688028
    19 11.585358 0.000000 0.000001 0.386603 -0.383981 -1.581304
    20 10.127058 0.000000 0.000001 1.450681 0.676134 -0.094389
    21 1.537458 0.109715 1.664489 -0.264662 -0.055995 0.783079
    22 0.928313 0.000000 0.000002 0.000000 0.000000 -0.453501
    23 0.928311 0.000000 0.000001 0.000000 0.000000 0.000000
    24 2.686395 -0.427337 0.044204 -0.005762 0.043239 -0.157074
    25 1.435260 0.000000 0.000001 0.000000 0.000000 0.732613
    26 1.482593 0.000000 -0.000001 0.000000 0.000000 1.168644
    27 2.046984 0.000001 0.000000 0.244323 0.172123 -0.429946
    28 -0.000005 0.000007 3.713254 -0.099194 -3.046793 5.706014
    29 18.045723 0.000000 0.000000 0.000000 0.000000 -0.425904
    30 17.597597 0.000000 0.000000 -0.057075 -0.017657 -0.152588
    31 0.000005 -0.000003 -3.713254 0.808474 2.832960 6.180364
    32 18.045721 0.000000 0.000000 0.000000 0.000000 -0.779180
    33 17.597597 0.000000 0.000000 0.178559 0.127955 0.486694
  time 8
    0 0.254879 -0.281108 0.368674 0.000000 0.000000 -1.571017
    1 -3.254010 0.187506 0.000000 -1.570795 -1.570787 0.000000
    2 1.293670 0.684478 -0.000001 0.000299 0.025358 0.010374
    3 5.309685 -0.003834 0.000000 -0.073650 -0.036146 -0.007885
    4 4.826790 -0.004591 0.000000 -0.072177 -0.017030 -0.196109
    5 5.792767 -0.005304 0.000000 -0.109042 0.070673 -0.155157
    6 6.662322 -0.001452 0.000000 0.004698 0.139666 0.354824
    7 -3.108188 1.516823 4.339626 1.238993 -1.024532 -4.799756
    8 4.827512 0.000000 -0.000002 -0.521193 -0.481632 -1.147279
    9 11.140032 0.000000 0.000000 0.070821 -0.063612 -0.399987
    10 10.314563 -0.000001 0.000001 -3.988822 0.203081 -0.504208
    11 1.646836 0.445664 -1.699647 -0.161704 0.581044 -0.283978
    12 0.928312 0.000000 0.000000 0.000000 0.000000 0.000000
    13 0.928313 0.000000 -0.000001 0.000000 0.000000 0.000000
    14 2.979373 -0.388274 -0.044205 -0.000805 -0.043611 0.000046
    15 1.435262 -0.000001 -0.000001 0.000000 0.000000 0.872146
    16 1.482593 -0.000001 0.000001 0.000000 0.000000 0.907041
    17 -2.869899 1.399667 -4.140396 -1.163265 1.764468 -4.903713
    18 4.972047 0.000000 0.000000 1.021982 -0.664139 -1.679309
    19 11.585358 0.000000 0.000001 0.386603 -0.383981 -1.569379
    20 10.127058 0.000000 0.000001 1.377753 0.687481 -0.218492
    21 1.537458 0.109715 1.664489 -0.264662 -0.055995 0.783079
    22 0.928313 0.000000 0.000002 0.000000 0.000000 -0.453501
    23 0.928311 0.000000 0.000001 0.000000 0.000000 0.000000
    24 2.686395 -0.427337 0.044204 -0.005762 0.043239 -0.157074
    25 1.435260 0.000000 0.000001 0.000000 0.000000 0.732613
    26 1.482593 0.000000 -0.000001 0.000000 0.000000 1.168644
    27 2.046984 0.000001 0.000000 0.253069 0.123560 -0.433535
    28 -0.000005 0.000007 3.713254 -0.099194 -3.046793 5.706014
    29 18.045723 0.000000 0.000000 0.000000 0.000000 -0.425904
    30 17.597597 0.000000 0.000000 -0.057126 -0.017632 -0.152680
    31 0.000005 -0.000003 -3.713254 0.808474 2.832864 6.180364
    32 18.045721 0.000000 0.000000 0.000000 0.000000 -0.779180
    33 17.597597 0.000000 0.000000 0.178458 0.127955 0.486647
  time 9
    0 0.254879 -0.281108 0.368674 0.000000 0.000000 -1.571017
    1 -3.265729 0.187506 0.000000 -1.570795 -1.570787 0.000000
    2 1.293670 0.684478 -0.000001 0.000299 0.025358 0.010374
    3 5.309685 -0.003834 0.000000 -0.073650 -0.036146 -0.007885
    4 4.826790 -0.004591 0.000000 -0.072177 -0.017030 -0.196109
    5 5.792767 -0.005304 0.000000 -0.109042 0.070673 -0.155157
    6 6.662322 -0.001452 0.000000 0.004698 0.139666 0.354824
    7 -3.108188 1.516823 4.339626 1.238993 -1.024532 -4.799756
    8 4.827512 0.000000 -0.000002 -0.508757 -0.282433 -0.965226
    9 11.140032 0.000000 0.000000 0.070821 -0.118562 -0.810363
    10 10.314563 -0.000001 0.000001 -3.940581 0.213573 -0.474189
    11 1.646836 0.445664 -1.699647 -0.161704 0.581044 -0.283978
    12 0.928312 0.000000 0.000000 0.000000 0.000000 0.000000
    13 0.928313 0.000000 -0.000001 0.000000 0.000000 0.000000
    14 2.979373 -0.388274 -0.044205 -0.000805 -0.043611 0.000046
    15 1.435262 -0.000001 -0.000001 0.000000 0.000000 0.872146
    16 1.482593 -0.000001 0.000001 0.000000 0.000000 0.907041
    17 -2.869899 1.399667 -4.140396 -1.163265 1.764468 -4.903713
    18 4.972047 0.000000 0.000000 1.012414 -0.678120 -1.673851
    19 11.585358 0.000000 0.000001 0.386603 -0.383777 -1.556800
    20 10.127058 0.000000 0.000001 1.328315 0.695141 -0.302678
    21 1.537458 0.109715 1.664489 -0.264662 -0.055995 0.783079
    22 0.928313 0.000000 0.000002 0.000000 0.000000 -0.453501
    23 0.928311 0.000000 0.000001 0.000000 0.000000 0.000000
    24 2.686395 -0.427337 0.044204 -0.005762 0.043239 -0.157074
    25 1.435260 0.000000 0.000001 0.000000 0.000000 0.732613
    26 1.482593 0.000000 -0.000001 0.000000 0.000000 1.168644
    27 2.046984 0.000001 0.000000 0.275515 0.068182 -0.428851
    28 -0.000005 0.000007 3.713254 -0.099194 -3.046889 5.706206
    29 18.045723 0.000000 0.000000 0.000000 0.000000 -0.424868
    30 17.597597 0.000000 0.000000 -0.057202 -0.017558 -0.153413
    31 0.000005 -0.000003 -3.713254 0.808474 2.832672 6.179980
    32 18.045721 0.000000 0.000000 0.000000 0.000000 -0.779495
    33 17.597597 0.000000 0.000000 0.178391 0.127758 0.486463
  time 10
    0 0.254879 -0.281108 0.368674 0.000000 0.000000 -1.571017
    1 -3.285261 0.199225 0.000000 -1.570795 -1.570787 0.000000
    2 1.293670 0.684478 -0.000001 0.000299 0.025358 0.010374
    3 5.309685 -0.003834 0.000000 -0.073650 -0.036146 -0.007885
    4 4.826790 -0.004591 0.000000 -0.072177 -0.017030 -0.196109
    5 5.792767 -0.005304 0.000000 -0.109042 0.070673 -0.155157
    6 6.662322 -0.001452 0.000000 0.004698 0.139666 0.354824
    7 -3.108188 1.516823 4.339626 1.238993 -1.024532 -4.799756
    8 4.827512 0.000000 -0.000002 -0.378261 0.038196 -0.650339
    9 11.140032 0.000000 0.000000 0.070821 -0.158556 -1.311885
    10 10.314563 -0.000001 0.000001 -3.811306 0.242330 -0.393655
    11 1.646836 0.445664 -1.699647 -0.161704 0.581044 -0.283978
    12 0.928312 0.000000 0.000000 0.000000 0.000000 0.000000
    13 0.928313 0.000000 -0.000001 0.000000 0.000000 0.000000
    14 2.979373 -0.388274 -0.044205 -0.000805 -0.043611 0.000046
    15 1.435262 -0.000001 -0.000001 0.000000 0.000000 0.872146
    16 1.482593 -0.000001 0.000001 0.000000 0.000000 0.907041
    17 -2.869899 1.399667 -4.140396 -1.163265 1.764468 -4.903713
    18 4.972047 0.000000 0.000000 1.008193 -0.685432 -1.671855
    19 11.585358 0.000000 0.000001 0.386603 -0.383618 -1.546018
    20 10.127058 0.000000 0.000001 1.310083 0.697978 -0.333692
    21 1.537458 0.109715 1.664489 -0.264662 -0.055995 0.783079
    22 0.928313 0.000000 0.000002 0.000000 0.000000 -0.453501
    23 0.928311 0.000000 0.000001 0.000000 0.000000 0.000000
    24 2.686395 -0.427337 0.044204 -0.005762 0.043239 -0.157074
    25 1.435260 0.000000 0.000001 0.000000 0.000000 0.732613
    26 1.482593 0.000000 -0.000001 0.000000 0.000000 1.168644
    27 2.046984 0.000001 0.000000 0.318383 -0.000059 -0.416259
    28 -0.000005 0.000007 3.713254 -0.099194 -3.047177 5.706589
    29 18.045723 0.000000 0.000000 0.000000 0.000000 -0.423018
    30 17.597597 0.000000 0.000000 -0.057278 -0.017361 -0.154880
    31 0.000005 -0.000003 -3.713254 0.808474 2.832385 6.179213
    32 18.045721 0.000000 0.000000 0.000000 0.000000 -0.780046
    33 17.597597 0.000000 0.000000 0.178324 0.127383 0.486186
  time 11
    0 0.254879 -0.281108 0.368674 0.000000 0.000000 -1.571017
    1 -3.320418 0.207038 0.000000 -1.570795 -1.570787 0.000000
    2 1.293670 0.684478 -0.000001 0.000299 0.025358 0.010374
    3 5.309685 -0.003834 0.000000 -0.073650 -0.036146 -0.007885
    4 4.826790 -0.004591 0.000000 -0.063079 -0.017186 -0.189936
    5 5.792767 -0.005304 0.000000 -0.109042 0.070673 -0.155157
    6 6.662322 -0.001452 0.000000 0.004698 0.139666 0.354824
    7 -3.108188 1.516823 4.339626 1.238993 -1.024532 -4.799756
    8 4.827512 0.000000 -0.000002 -0.089287 0.318832 -0.259199
    9 11.140032 0.000000 0.000000 0.070821 -0.163824 -1.606408
    10 10.314563 -0.000001 0.000001 -3.624123 0.284483 -0.277122
    11 1.646836 0.445664 -1.699647 -0.161704 0.581044 -0.283978
    12 0.928312 0.000000 0.000000 0.000000 0.000000 0.000000
    13 0.928313 0.000000 -0.000001 0.000000 0.000000 0.000000
    14 2.979373 -0.388274 -0.044205 -0.000805 -0.043611 0.000046
    15 1.435262 -0.000001 -0.000001 0.000000 0.000000 0.872146
    16 1.482593 -0.000001 0.000001 0.000000 0.000000 0.907041
    17 -2.869899 1.399667 -4.140396 -1.163265 1.764468 -4.903713
    18 4.972047 0.000000 0.000000 0.999845 -0.688967 -1.658078
    19 11.585358 0.000000 0.000001 0.386603 -0.383709 -1.551082
    20 10.127058 0.000000 0.000001 1.310083 0.697978 -0.333692
    21 1.537458 0.109715 1.664489 -0.264662 -0.055995 0.783079
    22 0.928313 0.000000 0.000002 0.000000 0.000000 -0.453501
    23 0.928311 0.000000 0.000001 0.000000 0.000000 0.000000
    24 2.686395 -0.427337 0.044204 -0.005762 0.043239 -0.157074
    25 1.435260 0.000000 0.000001 0.000000 0.000000 0.732613
    26 1.482593 0.000000 -0.000001 0.000000 0.000000 1.168644
    27 2.046984 0.000001 0.000000 0.374391 -0.074939 -0.397889
    28 -0.000005 0.000007 3.713254 -0.099290 -3.047560 5.707165
    29 18.045723 0.000000 0.000000 0.000000 0.000000 -0.420057
    30 17.597597 0.000000 0.000000 -0.057430 -0.017066 -0.157264
    31 0.000005 -0.000003 -3.713254 0.808474 2.831905 6.177967
    32 18.045721 0.000000 0.000000 0.000000 0.000000 -0.780597
    33 17.597597 0.000000 0.000000 0.178190 0.126811 0.485770
  time 12
    0 0.254879 -0.281108 0.368674 0.000000 0.000000 -1.571017
    1 -3.336043 0.199225 0.000000 -1.570795 -1.570787 0.000000
    2 1.293670 0.684478 -0.000001 0.000299 0.025358 0.010374
    3 5.309685 -0.003834 0.000000 -0.073650 -0.036146 -0.007885
    4 4.826790 -0.004591 0.000000 -0.041429 -0.017533 -0.175252
    5 5.792767 -0.005304 0.000000 -0.099400 0.069547 -0.148949
    6 6.662322 -0.001452 0.000000 0.004698 0.139666 0.354824
    7 -3.108188 1.516823 4.339626 1.238993 -1.024532 -4.799756
    8 4.827512 0.000000 -0.000002 0.239386 0.481278 0.100920
    9 11.140032 0.000000 0.000000 0.070821 -0.162351 -1.707916
    10 10.314563 -0.000001 0.000001 -3.402157 0.335534 -0.138931
    11 1.646836 0.445664 -1.699647 -0.161704 0.581044 -0.283978
    12 0.928312 0.000000 0.000000 0.000000 0.000000 0.000000
    13 0.928313 0.000000 -0.000001 0.000000 0.000000 0.000000
    14 2.979373 -0.388274 -0.044205 -0.000805 -0.043611 0.000046
    15 1.435262 -0.000001 -0.000001 0.000000 0.000000 0.872146
    16 1.482593 -0.000001 0.000001 0.000000 0.000000 0.907041
    17 -2.869899 1.399667 -4.140396 -1.163265 1.764468 -4.903713
    18 4.972047 0.000000 0.000000 0.973582 -0.692824 -1.611755
    19 11.585358 0.000000 0.000001 0.386603 -0.383800 -1.589962
    20 10.127058 0.000000 0.000001 1.310083 0.697978 -0.333692
    21 1.537458 0.109715 1.664489 -0.264662 -0.055995 0.783079
    22 0.928313 0.000000 0.000002 0.000000 0.000000 -0.453501
    23 0.928311 0.000000 0.000001 0.000000 0.000000 0.000000
    24 2.686395 -0.427337 0.044204 -0.005762 0.043239 -0.157074
    25 1.435260 0.000000 0.000001 0.000000 0.000000 0.732613
    26 1.482593 0.000000 -0.000001 0.000000 0.000000 1.168644
    27 2.046984 0.000001 0.000000 0.436344 -0.150261 -0.375991
    28 -0.000005 0.000007 3.713254 -0.099290 -3.047656 5.707548
    29 18.045723 0.000000 0.000000 0.000000 0.000000 -0.418503
    30 17.597597 0.000000 0.000000 -0.057455 -0.017066 -0.158411
    31 0.000005 -0.000003 -3.713254 0.808474 2.831810 6.177392
    32 18.045721 0.000000 0.000000 0.000000 0.000000 -0.781148
    33 17.597597 0.000000 0.000000 0.178123 0.126456 0.485631
  time 13
    0 0.254879 -0.281108 0.368674 0.000000 0.000000 -1.571017
    1 -3.328231 0.187506 0.000000 -1.570795 -1.570787 0.000000
    2 1.293670 0.684478 -0.000001 0.000299 0.025358 0.010374
    3 5.309685 -0.003834 0.000000 -0.073650 -0.036146 -0.007885
    4 4.826790 -0.004591 0.000000 -0.015565 -0.017965 -0.157723
    5 5.792767 -0.005304 0.000000 -0.076394 0.066862 -0.134145
    6 6.662322 -0.001452 0.000000 0.016371 0.131502 0.358897
    7 -3.108188 1.516823 4.339626 1.238993 -1.024532 -4.799756
    8 4.827512 0.000000 -0.000002 0.576987 0.582839 0.427246
    9 11.140032 0.000000 0.000000 0.070821 -0.160828 -1.765588
    10 10.314563 -0.000001 0.000001 -3.168723 0.390988 0.006401
    11 1.646836 0.445664 -1.699647 -0.161704 0.581044 -0.283978
    12 0.928312 0.000000 0.000000 0.000000 0.000000 0.000000
    13 0.928313 0.000000 -0.000001 0.000000 0.000000 0.000000
    14 2.979373 -0.388274 -0.044205 -0.000805 -0.043611 0.000046
    15 1.435262 -0.000001 -0.000001 0.000000 0.000000 0.872146
    16 1.482593 -0.000001 0.000001 0.000000 0.000000 0.907041
    17 -2.869899 1.399667 -4.140396 -1.163265 1.764468 -4.903713
    18 4.972047 0.000000 0.000000 0.922837 -0.696199 -1.519576
    19 11.585358 0.000000 0.000001 0.386603 -0.382189 -1.666414
    20 10.127058 0.000000 0.000001 1.310083 0.697978 -0.333692
    21 1.537458 0.109715 1.664489 -0.264662 -0.055995 0.783079
    22 0.928313 0.000000 0.000002 0.000000 0.000000 -0.453501
    23 0.928311 0.000000 0.000001 0.000000 0.000000 0.000000
    24 2.686395 -0.427337 0.044204 -0.005762 0.043239 -0.157074
    25 1.435260 0.000000 0.000001 0.000000 0.000000 0.732613
    26 1.482593 0.000000 -0.000001 0.000000 0.000000 1.168644
    27 2.046984 0.000001 0.000000 0.497091 -0.219683 -0.352632
    28 -0.000005 0.000007 3.713254 -0.099290 -3.047369 5.707548
    29 18.045723 0.000000 0.000000 0.000000 0.000000 -0.418651
    30 17.597597 0.000000 0.000000 -0.057430 -0.017287 -0.158273
    31 0.000005 -0.000003 -3.713254 0.808474 2.832001 6.177488
    32 18.045721 0.000000 0.000000 0.000000 0.000000 -0.781148
    33 17.597597 0.000000 0.000000 0.178022 0.126377 0.485862
  time 14
    0 0.254879 -0.281108 0.368674 0.000000 0.000000 -1.571017
    1 -3.339950 0.187506 0.000000 -1.570795 -1.570787 0.000000
    2 1.293670 0.684478 -0.000001 0.000299 0.025358 0.010374
    3 5.309685 -0.003834 0.000000 -0.073650 -0.036146 -0.007885
    4 4.826790 -0.004591 0.000000 0.006085 -0.018312 -0.143039
    5 5.792767 -0.005304 0.000000 -0.048927 0.063650 -0.116455
    6 6.662322 -0.001452 0.000000 0.044199 0.112054 0.368638
    7 -3.108188 1.516823 4.339626 1.238993 -1.024532 -4.799756
    8 4.827512 0.000000 -0.000002 0.975572 0.636732 0.831383
    9 11.140032 0.000000 0.000000 0.070821 -0.161552 -1.744505
    10 10.314563 -0.000001 0.000001 -2.946852 0.446067 0.144592
    11 1.646836 0.445664 -1.699647 -0.161704 0.581044 -0.283978
    12 0.928312 0.000000 0.000000 0.000000 0.000000 0.000000
    13 0.928313 0.000000 -0.000001 0.000000 0.000000 0.000000
    14 2.979373 -0.388274 -0.044205 -0.000805 -0.043611 0.000046
    15 1.435262 -0.000001 -0.000001 0.000000 0.000000 0.872146
    16 1.482593 -0.000001 0.000001 0.000000 0.000000 0.907041
    17 -2.869899 1.399667 -4.140396 -1.163265 1.764468 -4.903713
    18 4.972047 0.000000 0.000000 0.860085 -0.695234 -1.401773
    19 11.585358 0.000000 0.000001 0.386603 -0.377084 -1.756180
    20 10.127058 0.000000 0.000001 1.310083 0.697978 -0.333692
    21 1.537458 0.109715 1.664489 -0.264662 -0.055995 0.783079
    22 0.928313 0.000000 0.000002 0.000000 0.000000 -0.453501
    23 0.928311 0.000000 0.000001 0.000000 0.000000 0.000000
    24 2.686395 -0.427337 0.044204 -0.005762 0.043239 -0.157074
    25 1.435260 0.000000 0.000001 0.000000 0.000000 0.732613
    26 1.482593 0.000000 -0.000001 0.000000 0.000000 1.168644
    27 2.046984 0.000001 0.000000 0.549393 -0.277037 -0.330004
    28 -0.000005 0.000007 3.713254 -0.099290 -3.047464 5.707836
    29 18.045723 0.000000 0.000000 0.000000 0.000000 -0.417319
    30 17.597597 0.000000 0.000000 -0.057430 -0.017287 -0.159327
    31 0.000005 -0.000003 -3.713254 0.808666 2.831905 6.177008
    32 18.045721 0.000000 0.000000 0.000000 0.000000 -0.781463
    33 17.597597 0.000000 0.000000 0.177955 0.126022 0.485770
  time 15
    0 0.254879 -0.281108 0.368674 0.000000 0.000000 -1.571017
    1 -3.371201 0.199225 0.000000 -1.570795 -1.570787 0.000000
    2 1.293670 0.684478 -0.000001 0.000299 0.025358 0.010374
    3 5.309685 -0.003834 0.000000 -0.073650 -0.036146 -0.007885
    4 4.826790 -0.004591 0.000000 0.015164 -0.018468 -0.136866
    5 5.792767 -0.005304 0.000000 -0.025920 0.060966 -0.101651
    6 6.662322 -0.001452 0.000000 0.077420 0.088854 0.380258
    7 -3.108188 1.516823 4.339626 1.238993 -1.024532 -4.799756
    8 4.827512 0.000000 -0.000002 1.274271 0.631957 1.186477
    9 11.140032 0.000000 0.000000 0.070821 -0.163649 -1.627130
    10 10.314563 -0.000001 0.000001 -2.759668 0.496276 0.261125
    11 1.646836 0.445664 -1.699647 -0.161704 0.581044 -0.283978
    12 0.928312 0.000000 0.000000 0.000000 0.000000 0.000000
    13 0.928313 0.000000 -0.000001 0.000000 0.000000 0.000000
    14 2.979373 -0.388274 -0.044205 -0.000805 -0.043611 0.000046
    15 1.435262 -0.000001 -0.000001 0.000000 0.000000 0.872146
    16 1.482593 -0.000001 0.000001 0.000000 0.000000 0.907041
    17 -2.869899 1.399667 -4.140396 -1.163265 1.764468 -4.903713
    18 4.972047 0.000000 0.000000 0.808871 -0.689690 -1.301341
    19 11.585358 0.000000 0.000001 0.386603 -0.370980 -1.824546
    20 10.127058 0.000000 0.000001 1.310083 0.697978 -0.333692
    21 1.537458 0.109715 1.664489 -0.264662 -0.055995 0.783079
    22 0.928313 0.000000 0.000002 0.000000 0.000000 -0.453501
    23 0.928311 0.000000 0.000001 0.000000 0.000000 0.000000
    24 2.686395 -0.427337 0.044204 -0.005762 0.043239 -0.157074
    25 1.435260 0.000000 0.000001 0.000000 0.000000 0.732613
    26 1.482593 0.000000 -0.000001 0.000000 0.000000 1.168644
    27 2.046984 0.000001 0.000000 0.586100 -0.316011 -0.310296
    28 -0.000005 0.000007 3.713254 -0.099290 -3.047752 5.708411
    29 18.045723 0.000000 0.000000 0.000000 0.000000 -0.414654
    30 17.597597 0.000000 0.000000 -0.057582 -0.017066 -0.161391
    31 0.000005 -0.000003 -3.713254 0.808474 2.831522 6.175954
    32 18.045721 0.000000 0.000000 0.000000 0.000000 -0.782014
    33 17.597597 0.000000 0.000000 0.177854 0.125529 0.485400
  time 16
    0 0.254879 -0.281108 0.368674 0.000000 0.000000 -1.571017
    1 -3.382920 0.199225 0.000000 -1.570795 -1.570787 0.000000
    2 1.293670 0.684478 -0.000001 0.000299 0.025358 0.010374
    3 5.309685 -0.003834 0.000000 -0.073650 -0.036146 -0.007885
    4 4.826790 -0.004591 0.000000 0.006085 -0.018312 -0.142334
    5 5.792767 -0.005304 0.000000 -0.016279 0.059839 -0.095443
    6 6.662322 -0.001452 0.000000 0.105249 0.069407 0.389999
    7 -3.108188 1.516823 4.339626 1.238993 -1.024532 -4.799756
    8 4.827512 0.000000 -0.000002 1.415052 0.612344 1.405269
    9 11.140032 0.000000 0.000000 0.070821 -0.163200 -1.473167
    10 10.314563 -0.000001 0.000001 -2.630394 0.537023 0.341601
    11 1.646836 0.445664 -1.699647 -0.161704 0.581044 -0.283978
    12 0.928312 0.000000 0.000000 0.000000 0.000000 0.000000
    13 0.928313 0.000000 -0.000001 0.000000 0.000000 0.000000
    14 2.979373 -0.388274 -0.044205 -0.000805 -0.043611 0.000046
    15 1.435262 -0.000001 -0.000001 0.000000 0.000000 0.872146
    16 1.482593 -0.000001 0.000001 0.000000 0.000000 0.907041
    17 -2.869899 1.399667 -4.140396 -1.163265 1.764468 -4.903713
    18 4.972047 0.000000 0.000000 0.787579 -0.685271 -1.256616
    19 11.585358 0.000000 0.000001 0.386603 -0.368666 -1.846927
    20 10.127058 0.000000 0.000001 1.310083 0.697978 -0.333692
    21 1.537458 0.109715 1.664489 -0.264662 -0.055995 0.783079
    22 0.928313 0.000000 0.000002 0.000000 0.000000 -0.453501
    23 0.928311 0.000000 0.000001 0.000000 0.000000 0.000000
    24 2.686395 -0.427337 0.044204 -0.005762 0.043239 -0.157074
    25 1.435260 0.000000 0.000001 0.000000 0.000000 0.732613
    26 1.482593 0.000000 -0.000001 0.000000 0.000000 1.168644
    27 2.046984 0.000001 0.000000 0.599887 -0.330409 -0.295636
    28 -0.000005 0.000007 3.713254 -0.099386 -3.047944 5.708698
    29 18.045723 0.000000 0.000000 0.000000 0.000000 -0.413396
    30 17.597597 0.000000 0.000000 -0.057658 -0.016943 -0.162445
    31 0.000005 -0.000003 -3.713254 0.808474 2.831330 6.175474
    32 18.045721 0.000000 0.000000 0.000000 0.000000 -0.782250
    33 17.597597 0.000000 0.000000 0.177787 0.125292 0.485216
  time 17
    0 0.254879 -0.281108 0.368674 0.000000 0.000000 -1.571017
    1 -3.394639 0.207038 0.000000 -1.570795 -1.570787 0.000000
    2 1.293670 0.684478 -0.000001 0.000299 0.025358 0.010374
    3 5.309685 -0.003834 0.000000 -0.073650 -0.036146 -0.007885
    4 4.826790 -0.004591 0.000000 -0.015565 -0.017965 -0.155585
    5 5.792767 -0.005304 0.000000 -0.025920 0.060750 -0.100406
    6 6.662322 -0.001452 0.000000 0.116922 0.061256 0.394072
    7 -3.108188 1.516823 4.339626 1.238993 -1.024532 -4.799756
    8 4.827512 0.000000 -0.000002 1.470375 0.594777 1.511676
    9 11.140032 0.000000 0.000000 0.070821 -0.161278 -1.389048
    10 10.314563 -0.000001 0.000001 -2.582152 0.563626 0.371677
    11 1.646836 0.445664 -1.699647 -0.161704 0.581044 -0.283978
    12 0.928312 0.000000 0.000000 0.000000 0.000000 0.000000
    13 0.928313 0.000000 -0.000001 0.000000 0.000000 0.000000
    14 2.979373 -0.388274 -0.044205 -0.000805 -0.043611 0.000046
    15 1.435262 -0.000001 -0.000001 0.000000 0.000000 0.872146
    16 1.482593 -0.000001 0.000001 0.000000 0.000000 0.907041
    17 -2.869899 1.399667 -4.140396 -1.163265 1.764468 -4.903713
    18 4.972047 0.000000 0.000000 0.805119 -0.684869 -1.285235
    19 11.585358 0.000000 0.000001 0.386603 -0.371978 -1.813275
    20 10.127058 0.000000 0.000001 1.310083 0.697978 -0.333692
    21 1.537458 0.109715 1.664489 -0.264662 -0.055995 0.783079
    22 0.928313 0.000000 0.000002 0.000000 0.000000 -0.453501
    23 0.928311 0.000000 0.000001 0.000000 0.000000 0.000000
    24 2.686395 -0.427337 0.044204 -0.005762 0.043239 -0.157074
    25 1.435260 0.000000 0.000001 0.000000 0.000000 0.732613
    26 1.482593 0.000000 -0.000001 0.000000 0.000000 1.168644
    27 2.046984 0.000001 0.000000 0.581533 -0.314743 -0.284687
    28 -0.000005 0.000007 3.713254 -0.099290 -3.048040 5.708698
    29 18.045723 0.000000 0.000000 0.000000 0.000000 -0.412952
    30 17.597597 0.000000 0.000000 -0.057709 -0.016918 -0.162812
    31 0.000005 -0.000003 -3.713254 0.808474 2.831234 6.175283
    32 18.045721 0.000000 0.000000 0.000000 0.000000 -0.782486
    33 17.597597 0.000000 0.000000 0.177720 0.125214 0.485123
  time 18
    0 0.254879 -0.281108 0.368674 0.000000 0.000000 -1.571017
    1 -3.394639 0.207038 0.000000 -1.570795 -1.570787 0.000000
    2 1.293670 0.684478 -0.000001 0.000299 0.025358 0.010374
    3 5.309685 -0.003834 0.000000 -0.073650 -0.036146 -0.007885
    4 4.826790 -0.004591 0.000000 -0.041429 -0.017533 -0.172055
    5 5.792767 -0.005304 0.000000 -0.048927 0.063003 -0.112739
    6 6.662322 -0.001452 0.000000 0.105249 0.069407 0.389999
    7 -3.108188 1.516823 4.339626 1.238993 -1.024532 -4.799756
    8 4.827512 0.000000 -0.000002 1.515256 1.263323 1.595986
    9 11.140032 0.000000 0.000000 0.070821 -0.160604 -1.369631
    10 10.314563 -0.000001 0.000001 -2.583290 0.580206 0.349962
    11 1.646836 0.445664 -1.699647 -0.161704 0.581044 -0.283978
    12 0.928312 0.000000 0.000000 0.000000 0.000000 0.000000
    13 0.928313 0.000000 -0.000001 0.000000 0.000000 0.000000
    14 2.979373 -0.388274 -0.044205 -0.000805 -0.043611 0.000046
    15 1.435262 -0.000001 -0.000001 0.000000 0.000000 0.872146
    16 1.482593 -0.000001 0.000001 0.000000 0.000000 0.907041
    17 -2.869899 1.399667 -4.140396 -1.163265 1.764468 -4.903713
    18 4.972047 0.000000 0.000000 0.856240 -0.688003 -1.379411
    19 11.585358 0.000000 0.000001 0.386603 -0.378468 -1.734372
    20 10.127058 0.000000 0.000001 1.310083 0.697978 -0.333692
    21 1.537458 0.109715 1.664489 -0.264662 -0.055995 0.783079
    22 0.928313 0.000000 0.000002 0.000000 0.000000 -0.453501
    23 0.928311 0.000000 0.000001 0.000000 0.000000 0.000000
    24 2.686395 -0.427337 0.044204 -0.005762 0.043239 -0.157074
    25 1.435260 0.000000 0.000001 0.000000 0.000000 0.732613
    26 1.482593 0.000000 -0.000001 0.000000 0.000000 1.168644
    27 2.046984 0.000001 0.000000 0.532376 -0.272700 -0.274772
    28 -0.000005 0.000007 3.713254 -0.099290 -3.048040 5.708698
    29 18.045723 0.000000 0.000000 0.000000 0.000000 -0.413026
    30 17.597597 0.000000 0.000000 -0.057734 -0.016918 -0.162674
    31 0.000005 -0.000003 -3.713254 0.808666 2.831234 6.175283
    32 18.045721 0.000000 0.000000 0.000000 0.000000 -0.782250
    33 17.597597 0.000000 0.000000 0.177686 0.125233 0.485123
  time 19
    0 0.254879 -0.281108 0.368674 0.000000 0.000000 -1.571017
    1 -3.386826 0.207038 0.000000 -1.570795 -1.570787 0.000000
    2 1.293670 0.684478 -0.000001 0.000299 0.025358 0.010374
    3 5.309685 -0.003834 0.000000 -0.073650 -0.036146 -0.007885
    4 4.826790 -0.004591 0.000000 -0.063079 -0.017186 -0.187092
    5 5.792767 -0.005304 0.000000 -0.076394 0.065879 -0.128560
    6 6.662322 -0.001452 0.000000 0.077420 0.088854 0.380258
    7 -3.108188 1.516823 4.339626 1.238993 -1.024532 -4.799756
    8 4.827512 0.000000 -0.000002 -1.567079 1.934427 -1.462600
    9 11.140032 0.000000 0.000000 0.070821 -0.162651 -1.446866
    10 10.314563 -0.000001 0.000001 -2.587176 0.593882 0.290505
    11 1.646836 0.445664 -1.699647 -0.161704 0.581044 -0.283978
    12 0.928312 0.000000 0.000000 0.000000 0.000000 0.000000
    13 0.928313 0.000000 -0.000001 0.000000 0.000000 0.000000
    14 2.979373 -0.388274 -0.044205 -0.000805 -0.043611 0.000046
    15 1.435262 -0.000001 -0.000001 0.000000 0.000000 0.872146
    16 1.482593 -0.000001 0.000001 0.000000 0.000000 0.907041
    17 -2.869899 1.399667 -4.140396 -1.163265 1.764468 -4.903713
    18 4.972047 0.000000 0.000000 0.919178 -0.691458 -1.499343
    19 11.585358 0.000000 0.000001 0.386603 -0.382824 -1.639378
    20 10.127058 0.000000 0.000001 1.310083 0.697978 -0.333692
    21 1.537458 0.109715 1.664489 -0.264662 -0.055995 0.783079
    22 0.928313 0.000000 0.000002 0.000000 0.000000 -0.453501
    23 0.928311 0.000000 0.000001 0.000000 0.000000 0.000000
    24 2.686395 -0.427337 0.044204 -0.005762 0.043239 -0.157074
    25 1.435260 0.000000 0.000001 0.000000 0.000000 0.732613
    26 1.482593 0.000000 -0.000001 0.000000 0.000000 1.168644
    27 2.046984 0.000001 0.000000 0.461116 -0.211687 -0.265891
    28 -0.000005 0.000007 3.713254 -0.099290 -3.048040 5.708698
    29 18.045723 0.000000 0.000000 0.000000 0.000000 -0.413322
    30 17.597597 0.000000 0.000000 -0.057734 -0.016918 -0.162491
    31 0.000005 -0.000003 -3.713254 0.808666 2.831234 6.175474
    32 18.045721 0.000000 0.000000 0.000000 0.000000 -0.782250
    33 17.597597 0.000000 0.000000 0.177586 0.125312 0.485123
  time 20
    0 0.254879 -0.281108 0.368674 0.000000 0.000000 -1.571017
    1 -3.386826 0.207038 0.000000 -1.570795 -1.570787 0.000000
    2 1.293670 0.684478 -0.000001 0.000299 0.025358 0.010374
    3 5.309685 -0.003834 0.000000 -0.073650 -0.036146 -0.007885
    4 4.826790 -0.004591 0.000000 -0.072177 -0.017030 -0.196109
    5 5.792767 -0.005304 0.000000 -0.099400 0.068684 -0.143987
    6 6.662322 -0.001452 0.000000 0.044199 0.112054 0.368638
    7 -3.108188 1.516823 4.339626 1.238993 -1.024532 -4.799756
    8 4.827512 0.000000 -0.000002 -1.532482 2.685688 -1.474297
    9 11.140032 0.000000 0.000000 0.070821 -0.163075 -1.675674
    10 10.314563 -0.000001 0.000001 -2.594189 0.604842 0.201668
    11 1.646836 0.445664 -1.699647 -0.161704 0.581044 -0.283978
    12 0.928312 0.000000 0.000000 0.000000 0.000000 0.000000
    13 0.928313 0.000000 -0.000001 0.000000 0.000000 0.000000
    14 2.979373 -0.388274 -0.044205 -0.000805 -0.043611 0.000046
    15 1.435262 -0.000001 -0.000001 0.000000 0.000000 0.872146
    16 1.482593 -0.000001 0.000001 0.000000 0.000000 0.907041
    17 -2.869899 1.399667 -4.140396 -1.163265 1.764468 -4.903713
    18 4.972047 0.000000 0.000000 0.970955 -0.693949 -1.600973
    19 11.585358 0.000000 0.000001 0.386603 -0.383845 -1.560639
    20 10.127058 0.000000 0.000001 1.310083 0.697978 -0.333692
    21 1.537458 0.109715 1.664489 -0.264662 -0.055995 0.783079
    22 0.928313 0.000000 0.000002 0.000000 0.000000 -0.453501
    23 0.928311 0.000000 0.000001 0.000000 0.000000 0.000000
    24 2.686395 -0.427337 0.044204 -0.005762 0.043239 -0.157074
    25 1.435260 0.000000 0.000001 0.000000 0.000000 0.732613
    26 1.482593 0.000000 -0.000001 0.000000 0.000000 1.168644
    27 2.046984 0.000001 0.000000 0.376717 -0.139079 -0.258165
    28 -0.000005 0.000007 3.713254 -0.099865 -3.047848 5.708602
    29 18.045723 0.000000 0.000000 0.000000 0.000000 -0.413544
    30 17.597597 0.000000 0.000000 -0.057202 -0.016721 -0.162308
    31 0.000005 -0.000003 -3.713254 0.807612 2.831522 6.175187
    32 18.045721 0.000000 0.000000 0.000000 0.000000 -0.782250
    33 17.597597 0.000000 0.000000 0.178693 0.125253 0.485308
  time 21
    0 0.254879 -0.281108 0.368674 0.000000 0.000000 -1.571017
    1 -3.386826 0.207038 0.000000 -1.570795 -1.570787 0.000000
    2 1.293670 0.684478 -0.000001 0.000299 0.025358 0.010374
    3 5.309685 -0.003834 0.000000 -0.073650 -0.036146 -0.007885
    4 4.826790 -0.004591 0.000000 -0.072177 -0.017030 -0.200343
    5 5.792767 -0.005304 0.000000 -0.109042 0.070673 -0.155157
    6 6.662322 -0.001452 0.000000 0.016371 0.131502 0.358897
    7 -3.108188 1.516823 4.339626 1.238993 -1.024532 -4.799756
    8 4.827512 0.000000 -0.000002 1.527532 0.483154 1.459339
    9 11.140032 0.000000 0.000000 0.070821 -0.152540 -1.944331
    10 10.314563 -0.000001 0.000001 -2.605088 0.613553 0.091870
    11 1.646836 0.445664 -1.699647 -0.161704 0.581044 -0.283978
    12 0.928312 0.000000 0.000000 0.000000 0.000000 0.000000
    13 0.928313 0.000000 -0.000001 0.000000 0.000000 0.000000
    14 2.979373 -0.388274 -0.044205 -0.000805 -0.043611 0.000046
    15 1.435262 -0.000001 -0.000001 0.000000 0.000000 0.872146
    16 1.482593 -0.000001 0.000001 0.000000 0.000000 0.907041
    17 -2.869899 1.399667 -4.140396 -1.163265 1.764468 -4.903713
    18 4.972047 0.000000 0.000000 0.999001 -0.696841 -1.658877
    19 11.585358 0.000000 0.000001 0.386603 -0.383165 -1.517267
    20 10.127058 0.000000 0.000001 1.310083 0.697978 -0.333692
    21 1.537458 0.109715 1.664489 -0.264662 -0.055995 0.783079
    22 0.928313 0.000000 0.000002 0.000000 0.000000 -0.453501
    23 0.928311 0.000000 0.000001 0.000000 0.000000 0.000000
    24 2.686395 -0.427337 0.044204 -0.005762 0.043239 -0.157074
    25 1.435260 0.000000 0.000001 0.000000 0.000000 0.732613
    26 1.482593 0.000000 -0.000001 0.000000 0.000000 1.168644
    27 2.046984 0.000001 0.000000 0.287880 -0.062311 -0.251657
    28 -0.000005 0.000007 3.713254 -0.099865 -3.047848 5.708602
    29 18.045723 0.000000 0.000000 0.000000 0.000000 -0.413544
    30 17.597597 0.000000 0.000000 -0.057202 -0.016721 -0.162308
    31 0.000005 -0.000003 -3.713254 0.807612 2.831522 6.175187
    32 18.045721 0.000000 0.000000 0.000000 0.000000 -0.782250
    33 17.597597 0.000000 0.000000 0.178693 0.125253 0.485308
  time 22
    0 0.254879 -0.281108 0.368674 0.000000 0.000000 -1.571017
    1 -3.386826 0.207038 0.000000 -1.570795 -1.570787 0.000000
    2 1.293670 0.684478 -0.000001 0.000299 0.025358 0.010374
    3 5.309685 -0.003834 0.000000 -0.073650 -0.036146 -0.007885
    4 4.826790 -0.004591 0.000000 -0.072177 -0.017030 -0.204201
    5 5.792767 -0.005304 0.000000 -0.108952 0.072027 -0.162964
    6 6.662322 -0.001452 0.000000 0.004698 0.139666 0.354824
    7 -3.108188 1.516823 4.339626 1.238993 -1.024532 -4.799756
    8 4.827512 0.000000 -0.000002 1.105032 0.581730 0.905036
    9 11.140032 0.000000 0.000000 0.070821 -0.139882 -2.117712
    10 10.314563 -0.000001 0.000001 -2.620253 0.620204 -0.030527
    11 1.646836 0.445664 -1.699647 -0.161704 0.581044 -0.283978
    12 0.928312 0.000000 0.000000 0.000000 0.000000 0.000000
    13 0.928313 0.000000 -0.000001 0.000000 0.000000 0.000000
    14 2.979373 -0.388274 -0.044205 -0.000805 -0.043611 0.000046
    15 1.435262 -0.000001 -0.000001 0.000000 0.000000 0.872146
    16 1.482593 -0.000001 0.000001 0.000000 0.000000 0.907041
    17 -2.869899 1.399667 -4.140396 -1.163265 1.764468 -4.903713
    18 4.972047 0.000000 0.000000 1.006505 -0.699413 -1.676381
    19 11.585358 0.000000 0.000001 0.386603 -0.382960 -1.503463
    20 10.127058 0.000000 0.000001 1.310083 0.697978 -0.333692
    21 1.537458 0.109715 1.664489 -0.264662 -0.055995 0.783079
    22 0.928313 0.000000 0.000002 0.000000 0.000000 -0.453501
    23 0.928311 0.000000 0.000001 0.000000 0.000000 0.000000
    24 2.686395 -0.427337 0.044204 -0.005762 0.043239 -0.157074
    25 1.435260 0.000000 0.000001 0.000000 0.000000 0.732613
    26 1.482593 0.000000 -0.000001 0.000000 0.000000 1.168644
    27 2.046984 0.000001 0.000000 0.203438 0.011182 -0.246486
    28 -0.000005 0.000007 3.713254 -0.099865 -3.047848 5.708602
    29 18.045723 0.000000 0.000000 0.000000 0.000000 -0.413544
    30 17.597597 0.000000 0.000000 -0.057202 -0.016721 -0.162308
    31 0.000005 -0.000003 -3.713254 0.807612 2.831522 6.175187
    32 18.045721 0.000000 0.000000 0.000000 0.000000 -0.782250
    33 17.597597 0.000000 0.000000 0.178693 0.125253 0.485308
  time 23
    0 0.254879 -0.281108 0.368674 0.000000 0.000000 -1.571017
    1 -3.386826 0.207038 0.000000 -1.570795 -1.570787 0.000000
    2 1.293670 0.684478 -0.000001 0.000299 0.025358 0.010374
    3 5.309685 -0.003834 0.000000 -0.073650 -0.036146 -0.007885
    4 4.826790 -0.004591 0.000000 -0.072177 -0.017030 -0.207685
    5 5.792767 -0.005304 0.000000 -0.108718 0.073358 -0.170688
    6 6.662322 -0.001452 0.000000 0.004698 0.139666 0.354824
    7 -3.108188 1.516823 4.339626 1.238993 -1.024532 -4.799756
    8 4.827512 0.000000 -0.000002 0.380166 0.527496 0.149878
    9 11.140032 0.000000 0.000000 0.070821 -0.143252 -2.076848
    10 10.314563 -0.000001 0.000001 -2.640250 0.625075 -0.157047
    11 1.646836 0.445664 -1.699647 -0.161704 0.581044 -0.283978
    12 0.928312 0.000000 0.000000 0.000000 0.000000 0.000000
    13 0.928313 0.000000 -0.000001 0.000000 0.000000 0.000000
    14 2.979373 -0.388274 -0.044205 -0.000805 -0.043611 0.000046
    15 1.435262 -0.000001 -0.000001 0.000000 0.000000 0.872146
    16 1.482593 -0.000001 0.000001 0.000000 0.000000 0.907041
    17 -2.869899 1.399667 -4.140396 -1.163265 1.764468 -4.903713
    18 4.972047 0.000000 0.000000 1.004816 -0.701502 -1.675183
    19 11.585358 0.000000 0.000001 0.386603 -0.382960 -1.503463
    20 10.127058 0.000000 0.000001 1.310083 0.697978 -0.333692
    21 1.537458 0.109715 1.664489 -0.264662 -0.055995 0.783079
    22 0.928313 0.000000 0.000002 0.000000 0.000000 -0.453501
    23 0.928311 0.000000 0.000001 0.000000 0.000000 0.000000
    24 2.686395 -0.427337 0.044204 -0.005762 0.043239 -0.157074
    25 1.435260 0.000000 0.000001 0.000000 0.000000 0.732613
    26 1.482593 0.000000 -0.000001 0.000000 0.000000 1.168644
    27 2.046984 0.000001 0.000000 0.132221 0.074083 -0.242715
    28 -0.000005 0.000007 3.713254 -0.099865 -3.047848 5.708602
    29 18.045723 0.000000 0.000000 0.000000 0.000000 -0.413544
    30 17.597597 0.000000 0.000000 -0.057202 -0.016721 -0.162308
    31 0.000005 -0.000003 -3.713254 0.807612 2.831522 6.175187
    32 18.045721 0.000000 0.000000 0.000000 0.000000 -0.782250
    33 17.597597 0.000000 0.000000 0.178693 0.125253 0.485308
  time 24
    0 0.254879 -0.281108 0.368674 0.000000 0.000000 -1.571017
    1 -3.386826 0.207038 0.000000 -1.570795 -1.570787 0.000000
    2 1.293670 0.684478 -0.000001 0.000299 0.025358 0.010374
    3 5.309685 -0.003834 0.000000 -0.073650 -0.036146 -0.007885
    4 4.826790 -0.004591 0.000000 -0.072177 -0.017030 -0.210816
    5 5.792767 -0.005304 0.000000 -0.108358 0.074616 -0.178141
    6 6.662322 -0.001452 0.000000 0.004698 0.139666 0.354824
    7 -3.108188 1.516823 4.339626 1.238993 -1.024532 -4.799756
    8 4.827512 0.000000 -0.000002 -0.099730 0.323351 -0.330252
    9 11.140032 0.000000 0.000000 0.070821 -0.158307 -1.835506
    10 10.314563 -0.000001 0.000001 -2.665650 0.628447 -0.279445
    11 1.646836 0.445664 -1.699647 -0.161704 0.581044 -0.283978
    12 0.928312 0.000000 0.000000 0.000000 0.000000 0.000000
    13 0.928313 0.000000 -0.000001 0.000000 0.000000 0.000000
    14 2.979373 -0.388274 -0.044205 -0.000805 -0.043611 0.000046
    15 1.435262 -0.000001 -0.000001 0.000000 0.000000 0.872146
    16 1.482593 -0.000001 0.000001 0.000000 0.000000 0.907041
    17 -2.869899 1.399667 -4.140396 -1.163265 1.764468 -4.903713
    18 4.972047 0.000000 0.000000 1.003503 -0.702627 -1.674051
    19 11.585358 0.000000 0.000001 0.386603 -0.382983 -1.504851
    20 10.127058 0.000000 0.000001 1.310083 0.697978 -0.333692
    21 1.537458 0.109715 1.664489 -0.264662 -0.055995 0.783079
    22 0.928313 0.000000 0.000002 0.000000 0.000000 -0.453501
    23 0.928311 0.000000 0.000001 0.000000 0.000000 0.000000
    24 2.686395 -0.427337 0.044204 -0.005762 0.043239 -0.157074
    25 1.435260 0.000000 0.000001 0.000000 0.000000 0.732613
    26 1.482593 0.000000 -0.000001 0.000000 0.000000 1.168644
    27 2.046984 0.000001 0.000000 0.083021 0.118928 -0.240343
    28 -0.000005 0.000007 3.713254 -0.099865 -3.047848 5.708602
    29 18.045723 0.000000 0.000000 0.000000 0.000000 -0.413544
    30 17.597597 0.000000 0.000000 -0.057202 -0.016721 -0.162308
    31 0.000005 -0.000003 -3.713254 0.807612 2.831522 6.175187
    32 18.045721 0.000000 0.000000 0.000000 0.000000 -0.782250
    33 17.597597 0.000000 0.000000 0.178693 0.125253 0.485308
  time 25
    0 0.254879 -0.281108 0.368674 0.000000 0.000000 -1.571017
    1 -3.386826 0.207038 0.000000 -1.570795 -1.570787 0.000000
    2 1.293670 0.684478 -0.000001 0.000299 0.025358 0.010374
    3 5.309685 -0.003834 0.000000 -0.073650 -0.036146 -0.007885
    4 4.826790 -0.004591 0.000000 -0.072177 -0.017030 -0.213616
    5 5.792767 -0.005304 0.000000 -0.107944 0.075779 -0.185076
    6 6.662322 -0.001452 0.000000 0.004698 0.139666 0.354824
    7 -3.108188 1.516823 4.339626 1.238993 -1.024532 -4.799756
    8 4.827512 0.000000 -0.000002 -0.329713 0.113919 -0.603461
    9 11.140032 0.000000 0.000000 0.070821 -0.163574 -1.498743
    10 10.314563 -0.000001 0.000001 -2.697021 0.630601 -0.389300
    11 1.646836 0.445664 -1.699647 -0.161704 0.581044 -0.283978
    12 0.928312 0.000000 0.000000 0.000000 0.000000 0.000000
    13 0.928313 0.000000 -0.000001 0.000000 0.000000 0.000000
    14 2.979373 -0.388274 -0.044205 -0.000805 -0.043611 0.000046
    15 1.435262 -0.000001 -0.000001 0.000000 0.000000 0.872146
    16 1.482593 -0.000001 0.000001 0.000000 0.000000 0.907041
    17 -2.869899 1.399667 -4.140396 -1.163265 1.764468 -4.903713
    18 4.972047 0.000000 0.000000 1.002659 -0.702868 -1.672986
    19 11.585358 0.000000 0.000001 0.386603 -0.383028 -1.507220
    20 10.127058 0.000000 0.000001 1.310083 0.697978 -0.333692
    21 1.537458 0.109715 1.664489 -0.264662 -0.055995 0.783079
    22 0.928313 0.000000 0.000002 0.000000 0.000000 -0.453501
    23 0.928311 0.000000 0.000001 0.000000 0.000000 0.000000
    24 2.686395 -0.427337 0.044204 -0.005762 0.043239 -0.157074
    25 1.435260 0.000000 0.000001 0.000000 0.000000 0.732613
    26 1.482593 0.000000 -0.000001 0.000000 0.000000 1.168644
    27 2.046984 0.000001 0.000000 0.064667 0.138342 -0.239552
    28 -0.000005 0.000007 3.713254 -0.099865 -3.047848 5.708602
    29 18.045723 0.000000 0.000000 0.000000 0.000000 -0.413544
    30 17.597597 0.000000 0.000000 -0.057202 -0.016721 -0.162308
    31 0.000005 -0.000003 -3.713254 0.807612 2.831522 6.175187
    32 18.045721 0.000000 0.000000 0.000000 0.000000 -0.782250
    33 17.597597 0.000000 0.000000 0.178693 0.125253 0.485308
  time 26
    0 0.254879 -0.281108 0.368674 0.000000 0.000000 -1.571017
    1 -3.386826 0.207038 0.000000 -1.570795 -1.570787 0.000000
    2 1.293670 0.684478 -0.000001 0.000299 0.025358 0.010374
    3 5.309685 -0.003834 0.000000 -0.073650 -0.036146 -0.007885
    4 4.826790 -0.004591 0.000000 -0.072177 -0.017030 -0.216063
    5 5.792767 -0.005304 0.000000 -0.107495 0.076797 -0.191263
    6 6.662322 -0.001452 0.000000 0.004698 0.139666 0.354824
    7 -3.108188 1.516823 4.339626 1.238993 -1.024532 -4.799756
    8 4.827512 0.000000 -0.000002 -0.436215 -0.072063 -0.853794
    9 11.140032 0.000000 0.000000 0.070821 -0.145549 -1.094670
    10 10.314563 -0.000001 0.000001 -2.734837 0.631726 -0.478079
    11 1.646836 0.445664 -1.699647 -0.161704 0.581044 -0.283978
    12 0.928312 0.000000 0.000000 0.000000 0.000000 0.000000
    13 0.928313 0.000000 -0.000001 0.000000 0.000000 0.000000
    14 2.979373 -0.388274 -0.044205 -0.000805 -0.043611 0.000046
    15 1.435262 -0.000001 -0.000001 0.000000 0.000000 0.872146
    16 1.482593 -0.000001 0.000001 0.000000 0.000000 0.907041
    17 -2.869899 1.399667 -4.140396 -1.163265 1.764468 -4.903713
    18 4.972047 0.000000 0.000000 1.002096 -0.702627 -1.672121
    19 11.585358 0.000000 0.000001 0.386603 -0.383051 -1.509916
    20 10.127058 0.000000 0.000001 1.310083 0.697978 -0.333692
    21 1.537458 0.109715 1.664489 -0.264662 -0.055995 0.783079
    22 0.928313 0.000000 0.000002 0.000000 0.000000 -0.453501
    23 0.928311 0.000000 0.000001 0.000000 0.000000 0.000000
    24 2.686395 -0.427337 0.044204 -0.005762 0.043239 -0.157074
    25 1.435260 0.000000 0.000001 0.000000 0.000000 0.732613
    26 1.482593 0.000000 -0.000001 0.000000 0.000000 1.168644
    27 2.046984 0.000001 0.000000 0.065141 0.142207 -0.241620
    28 -0.000005 0.000007 3.713254 -0.099865 -3.047848 5.708602
    29 18.045723 0.000000 0.000000 0.000000 0.000000 -0.413544
    30 17.597597 0.000000 0.000000 -0.057202 -0.016721 -0.162308
    31 0.000005 -0.000003 -3.713254 0.807612 2.831522 6.175187
    32 18.045721 0.000000 0.000000 0.000000 0.000000 -0.782250
    33 17.597597 0.000000 0.000000 0.178693 0.125253 0.485308
  time 27
    0 0.254879 -0.281108 0.368674 0.000000 0.000000 -1.571017
    1 -3.386826 0.207038 0.000000 -1.570795 -1.570787 0.000000
    2 1.293670 0.684478 -0.000001 0.000299 0.025358 0.010374
    3 5.309685 -0.003834 0.000000 -0.073650 -0.036146 -0.007885
    4 4.826790 -0.004591 0.000000 -0.072177 -0.017030 -0.218224
    5 5.792767 -0.005304 0.000000 -0.107081 0.077660 -0.196475
    6 6.662322 -0.001452 0.000000 0.004698 0.139666 0.354824
    7 -3.108188 1.516823 4.339626 1.238993 -1.024532 -4.799756
    8 4.827512 0.000000 -0.000002 -0.465232 -0.177120 -1.008205
    9 11.140032 0.000000 0.000000 0.070821 -0.118886 -0.813189
    10 10.314563 -0.000001 0.000001 -2.779666 0.632288 -0.537536
    11 1.646836 0.445664 -1.699647 -0.161704 0.581044 -0.283978
    12 0.928312 0.000000 0.000000 0.000000 0.000000 0.000000
    13 0.928313 0.000000 -0.000001 0.000000 0.000000 0.000000
    14 2.979373 -0.388274 -0.044205 -0.000805 -0.043611 0.000046
    15 1.435262 -0.000001 -0.000001 0.000000 0.000000 0.872146
    16 1.482593 -0.000001 0.000001 0.000000 0.000000 0.907041
    17 -2.869899 1.399667 -4.140396 -1.163265 1.764468 -4.903713
    18 4.972047 0.000000 0.000000 1.001909 -0.701984 -1.671522
    19 11.585358 0.000000 0.000001 0.386603 -0.383096 -1.512529
    20 10.127058 0.000000 0.000001 1.310083 0.697978 -0.333692
    21 1.537458 0.109715 1.664489 -0.264662 -0.055995 0.783079
    22 0.928313 0.000000 0.000002 0.000000 0.000000 -0.453501
    23 0.928311 0.000000 0.000001 0.000000 0.000000 0.000000
    24 2.686395 -0.427337 0.044204 -0.005762 0.043239 -0.157074
    25 1.435260 0.000000 0.000001 0.000000 0.000000 0.732613
    26 1.482593 0.000000 -0.000001 0.000000 0.000000 1.168644
    27 2.046984 0.000001 0.000000 0.066434 0.145422 -0.247155
    28 -0.000005 0.000007 3.713254 -0.099865 -3.047848 5.708602
    29 18.045723 0.000000 0.000000 0.000000 0.000000 -0.413544
    30 17.597597 0.000000 0.000000 -0.057202 -0.016721 -0.162308
    31 0.000005 -0.000003 -3.713254 0.807612 2.831522 6.175187
    32 18.045721 0.000000 0.000000 0.000000 0.000000 -0.782250
    33 17.597597 0.000000 0.000000 0.178693 0.125253 0.485308
  time 28
    0 0.254879 -0.281108 0.368674 0.000000 0.000000 -1.571017
    1 -3.386826 0.207038 0.000000 -1.570795 -1.570787 0.000000
    2 1.293670 0.684478 -0.000001 0.000299 0.025358 0.010374
    3 5.309685 -0.003834 0.000000 -0.073650 -0.036146 -0.007885
    4 4.826790 -0.004591 0.000000 -0.072177 -0.017030 -0.220054
    5 5.792767 -0.005304 0.000000 -0.106721 0.078307 -0.200461
    6 6.662322 -0.001452 0.000000 0.004698 0.139666 0.354824
    7 -3.108188 1.516823 4.339626 1.238993 -1.024532 -4.799756
    8 4.827512 0.000000 -0.000002 -0.463638 -0.173027 -1.008811
    9 11.140032 0.000000 0.000000 0.070821 -0.118212 -0.807103
    10 10.314563 -0.000001 0.000001 -2.832078 0.632381 -0.559252
    11 1.646836 0.445664 -1.699647 -0.161704 0.581044 -0.283978
    12 0.928312 0.000000 0.000000 0.000000 0.000000 0.000000
    13 0.928313 0.000000 -0.000001 0.000000 0.000000 0.000000
    14 2.979373 -0.388274 -0.044205 -0.000805 -0.043611 0.000046
    15 1.435262 -0.000001 -0.000001 0.000000 0.000000 0.872146
    16 1.482593 -0.000001 0.000001 0.000000 0.000000 0.907041
    17 -2.869899 1.399667 -4.140396 -1.163265 1.764468 -4.903713
    18 4.972047 0.000000 0.000000 1.001909 -0.701341 -1.671123
    19 11.585358 0.000000 0.000001 0.386603 -0.383142 -1.514571
    20 10.127058 0.000000 0.000001 1.310083 0.697978 -0.333692
    21 1.537458 0.109715 1.664489 -0.264662 -0.055995 0.783079
    22 0.928313 0.000000 0.000002 0.000000 0.000000 -0.453501
    23 0.928311 0.000000 0.000001 0.000000 0.000000 0.000000
    24 2.686395 -0.427337 0.044204 -0.005762 0.043239 -0.157074
    25 1.435260 0.000000 0.000001 0.000000 0.000000 0.732613
    26 1.482593 0.000000 -0.000001 0.000000 0.000000 1.168644
    27 2.046984 0.000001 0.000000 0.068330 0.148078 -0.255306
    28 -0.000005 0.000007 3.713254 -0.099865 -3.047848 5.708602
    29 18.045723 0.000000 0.000000 0.000000 0.000000 -0.413544
    30 17.597597 0.000000 0.000000 -0.057202 -0.016721 -0.162308
    31 0.000005 -0.000003 -3.713254 0.807612 2.831522 6.175187
    32 18.045721 0.000000 0.000000 0.000000 0.000000 -0.782250
    33 17.597597 0.000000 0.000000 0.178693 0.125253 0.485308
  time 29
    0 0.254879 -0.281108 0.368674 0.000000 0.000000 -1.571017
    1 -3.386826 0.207038 0.000000 -1.570795 -1.570787 0.000000
    2 1.293670 0.684478 -0.000001 0.000299 0.025358 0.010374
    3 5.309685 -0.003834 0.000000 -0.073650 -0.036146 -0.007885
    4 4.826790 -0.004591 0.000000 -0.072177 -0.017030 -0.221619
    5 5.792767 -0.005304 0.000000 -0.106469 0.078727 -0.203036
    6 6.662322 -0.001452 0.000000 0.004698 0.139666 0.354824
    7 -3.108188 1.516823 4.339626 1.238993 -1.024532 -4.799756
    8 4.827512 0.000000 -0.000002 -0.462522 -0.170213 -1.009418
    9 11.140032 0.000000 0.000000 0.070821 -0.117688 -0.802466
    10 10.314563 -0.000001 0.000001 -2.988458 0.587700 -0.553504
    11 1.646836 0.445664 -1.699647 -0.161704 0.581044 -0.283978
    12 0.928312 0.000000 0.000000 0.000000 0.000000 0.000000
    13 0.928313 0.000000 -0.000001 0.000000 0.000000 0.000000
    14 2.979373 -0.388274 -0.044205 -0.000805 -0.043611 0.000046
    15 1.435262 -0.000001 -0.000001 0.000000 0.000000 0.872146
    16 1.482593 -0.000001 0.000001 0.000000 0.000000 0.907041
    17 -2.869899 1.399667 -4.140396 -1.163265 1.764468 -4.903713
    18 4.972047 0.000000 0.000000 1.002002 -0.700859 -1.670990
    19 11.585358 0.000000 0.000001 0.386603 -0.383142 -1.515715
    20 10.127058 0.000000 0.000001 1.310083 0.697978 -0.333692
    21 1.537458 0.109715 1.664489 -0.264662 -0.055995 0.783079
    22 0.928313 0.000000 0.000002 0.000000 0.000000 -0.453501
    23 0.928311 0.000000 0.000001 0.000000 0.000000 0.000000
    24 2.686395 -0.427337 0.044204 -0.005762 0.043239 -0.157074
    25 1.435260 0.000000 0.000001 0.000000 0.000000 0.732613
    26 1.482593 0.000000 -0.000001 0.000000 0.000000 1.168644
    27 2.046984 0.000001 0.000000 0.070613 0.150173 -0.265161
    28 -0.000005 0.000007 3.713254 -0.099865 -3.047848 5.708602
    29 18.045723 0.000000 0.000000 0.000000 0.000000 -0.413544
    30 17.597597 0.000000 0.000000 -0.057202 -0.016721 -0.162308
    31 0.000005 -0.000003 -3.713254 0.807612 2.831522 6.175187
    32 18.045721 0.000000 0.000000 0.000000 0.000000 -0.782250
    33 17.597597 0.000000 0.000000 0.178693 0.125253 0.485308
  time 30
    0 0.254879 -0.281108 0.368674 0.000000 0.000000 -1.571017
    1 -3.386826 0.207038 0.000000 -1.570795 -1.570787 0.000000
    2 1.293670 0.684478 -0.000001 0.000299 0.025358 0.010374
    3 5.309685 -0.003834 0.000000 -0.073650 -0.036146 -0.007885
    4 4.826790 -0.004591 0.000000 -0.072177 -0.017030 -0.222898
    5 5.792767 -0.005304 0.000000 -0.106379 0.078883 -0.203950
    6 6.662322 -0.001452 0.000000 0.004698 0.139666 0.354824
    7 -3.108188 1.516823 4.339626 1.238993 -1.024532 -4.799756
    8 4.827512 0.000000 -0.000002 -0.463638 -0.170639 -1.004046
    9 11.140032 0.000000 0.000000 0.070821 -0.120933 -0.831737
    10 10.314563 -0.000001 0.000001 -3.279896 0.481288 -0.539859
    11 1.646836 0.445664 -1.699647 -0.161704 0.581044 -0.283978
    12 0.928312 0.000000 0.000000 0.000000 0.000000 0.000000
    13 0.928313 0.000000 -0.000001 0.000000 0.000000 0.000000
    14 2.979373 -0.388274 -0.044205 -0.000805 -0.043611 0.000046
    15 1.435262 -0.000001 -0.000001 0.000000 0.000000 0.872146
    16 1.482593 -0.000001 0.000001 0.000000 0.000000 0.907041
    17 -2.869899 1.399667 -4.140396 -1.163265 1.764468 -4.903713
    18 4.972047 0.000000 0.000000 1.002002 -0.700859 -1.670990
    19 11.585358 0.000000 0.000001 0.386603 -0.383142 -1.515470
    20 10.127058 0.000000 0.000001 1.310083 0.697978 -0.333692
    21 1.537458 0.109715 1.664489 -0.264662 -0.055995 0.783079
    22 0.928313 0.000000 0.000002 0.000000 0.000000 -0.453501
    23 0.928311 0.000000 0.000001 0.000000 0.000000 0.000000
    24 2.686395 -0.427337 0.044204 -0.005762 0.043239 -0.157074
    25 1.435260 0.000000 0.000001 0.000000 0.000000 0.732613
    26 1.482593 0.000000 -0.000001 0.000000 0.000000 1.168644
    27 2.046984 0.000001 0.000000 0.073112 0.151795 -0.275927
    28 -0.000005 0.000007 3.713254 -0.099865 -3.047848 5.708602
    29 18.045723 0.000000 0.000000 0.000000 0.000000 -0.413544
    30 17.597597 0.000000 0.000000 -0.057202 -0.016721 -0.162308
    31 0.000005 -0.000003 -3.713254 0.807612 2.831522 6.175187
    32 18.045721 0.000000 0.000000 0.000000 0.000000 -0.782250
    33 17.597597 0.000000 0.000000 0.178693 0.125253 0.485308
  time 31
    0 0.254879 -0.281108 0.368674 0.000000 0.000000 -1.571017
    1 -3.386826 0.207038 0.000000 -1.570795 -1.570787 0.000000
    2 1.293670 0.684478 -0.000001 0.000299 0.025358 0.010374
    3 5.309685 -0.003834 0.000000 -0.073650 -0.036146 -0.007885
    4 4.826790 -0.004591 0.000000 -0.072177 -0.017030 -0.223912
    5 5.792767 -0.005304 0.000000 -0.106469 0.078643 -0.202579
    6 6.662322 -0.001452 0.000000 0.004698 0.139666 0.354824
    7 -3.108188 1.516823 4.339626 1.238993 -1.024532 -4.799756
    8 4.827512 0.000000 -0.000002 -0.468899 -0.182151 -1.001100
    9 11.140032 0.000000 0.000000 0.070821 -0.124154 -0.860863
    10 10.314563 -0.000001 0.000001 -3.608675 0.354175 -0.523601
    11 1.646836 0.445664 -1.699647 -0.161704 0.581044 -0.283978
    12 0.928312 0.000000 0.000000 0.000000 0.000000 0.000000
    13 0.928313 0.000000 -0.000001 0.000000 0.000000 0.000000
    14 2.979373 -0.388274 -0.044205 -0.000805 -0.043611 0.000046
    15 1.435262 -0.000001 -0.000001 0.000000 0.000000 0.872146
    16 1.482593 -0.000001 0.000001 0.000000 0.000000 0.907041
    17 -2.869899 1.399667 -4.140396 -1.163265 1.764468 -4.903713
    18 4.972047 0.000000 0.000000 1.002565 -0.700537 -1.671522
    19 11.585358 0.000000 0.000001 0.386603 -0.383142 -1.514490
    20 10.127058 0.000000 0.000001 1.310083 0.697978 -0.333692
    21 1.537458 0.109715 1.664489 -0.264662 -0.055995 0.783079
    22 0.928313 0.000000 0.000002 0.000000 0.000000 -0.453501
    23 0.928311 0.000000 0.000001 0.000000 0.000000 0.000000
    24 2.686395 -0.427337 0.044204 -0.005762 0.043239 -0.157074
    25 1.435260 0.000000 0.000001 0.000000 0.000000 0.732613
    26 1.482593 0.000000 -0.000001 0.000000 0.000000 1.168644
    27 2.046984 0.000001 0.000000 0.075654 0.153005 -0.286694
    28 -0.000005 0.000007 3.713254 -0.099865 -3.047848 5.708602
    29 18.045723 0.000000 0.000000 0.000000 0.000000 -0.413544
    30 17.597597 0.000000 0.000000 -0.057202 -0.016721 -0.162308
    31 0.000005 -0.000003 -3.713254 0.807612 2.831522 6.175187
    32 18.045721 0.000000 0.000000 0.000000 0.000000 -0.782250
    33 17.597597 0.000000 0.000000 0.178693 0.125253 0.485308
  time 32
    0 0.254879 -0.281108 0.368674 0.000000 0.000000 -1.571017
    1 -3.386826 0.207038 0.000000 -1.570795 -1.570787 0.000000
    2 1.293670 0.684478 -0.000001 0.000299 0.025358 0.010374
    3 5.309685 -0.003834 0.000000 -0.073650 -0.036146 -0.007885
    4 4.826790 -0.004591 0.000000 -0.072177 -0.017030 -0.224662
    5 5.792767 -0.005304 0.000000 -0.106667 0.078020 -0.198863
    6 6.662322 -0.001452 0.000000 0.004698 0.139666 0.354824
    7 -3.108188 1.516823 4.339626 1.238993 -1.024532 -4.799756
    8 4.827512 0.000000 -0.000002 -0.478943 -0.213447 -1.011151
    9 11.140032 0.000000 0.000000 0.070821 -0.121482 -0.836736
    10 10.314563 -0.000001 0.000001 -3.877460 0.247669 -0.509898
    11 1.646836 0.445664 -1.699647 -0.161704 0.581044 -0.283978
    12 0.928312 0.000000 0.000000 0.000000 0.000000 0.000000
    13 0.928313 0.000000 -0.000001 0.000000 0.000000 0.000000
    14 2.979373 -0.388274 -0.044205 -0.000805 -0.043611 0.000046
    15 1.435262 -0.000001 -0.000001 0.000000 0.000000 0.872146
    16 1.482593 -0.000001 0.000001 0.000000 0.000000 0.907041
    17 -2.869899 1.399667 -4.140396 -1.163265 1.764468 -4.903713
    18 4.972047 0.000000 0.000000 1.003878 -0.699171 -1.672653
    19 11.585358 0.000000 0.000001 0.386603 -0.383119 -1.513918
    20 10.127058 0.000000 0.000001 1.310083 0.697978 -0.333692
    21 1.537458 0.109715 1.664489 -0.264662 -0.055995 0.783079
    22 0.928313 0.000000 0.000002 0.000000 0.000000 -0.453501
    23 0.928311 0.000000 0.000001 0.000000 0.000000 0.000000
    24 2.686395 -0.427337 0.044204 -0.005762 0.043239 -0.157074
    25 1.435260 0.000000 0.000001 0.000000 0.000000 0.732613
    26 1.482593 0.000000 -0.000001 0.000000 0.000000 1.168644
    27 2.046984 0.000001 0.000000 0.077937 0.153831 -0.296609
    28 -0.000005 0.000007 3.713254 -0.099865 -3.047848 5.708602
    29 18.045723 0.000000 0.000000 0.000000 0.000000 -0.413544
    30 17.597597 0.000000 0.000000 -0.057202 -0.016721 -0.162308
    31 0.000005 -0.000003 -3.713254 0.807612 2.831522 6.175187
    32 18.045721 0.000000 0.000000 0.000000 0.000000 -0.782250
    33 17.597597 0.000000 0.000000 0.178693 0.125253 0.485308
  time 33
    0 0.254879 -0.281108 0.368674 0.000000 0.000000 -1.571017
    1 -3.386826 0.207038 0.000000 -1.570795 -1.570787 0.000000
    2 1.293670 0.684478 -0.000001 0.000299 0.025358 0.010374
    3 5.309685 -0.003834 0.000000 -0.073650 -0.036146 -0.007885
    4 4.826790 -0.004591 0.000000 -0.072177 -0.017030 -0.225191
    5 5.792767 -0.005304 0.000000 -0.106955 0.077109 -0.193402
    6 6.662322 -0.001452 0.000000 0.004698 0.139666 0.354824
    7 -3.108188 1.516823 4.339626 1.238993 -1.024532 -4.799756
    8 4.827512 0.000000 -0.000002 -0.490343 -0.253525 -1.026748
    9 11.140032 0.000000 0.000000 0.070821 -0.116414 -0.790873
    10 10.314563 -0.000001 0.000001 -3.988822 0.203081 -0.504208
    11 1.646836 0.445664 -1.699647 -0.161704 0.581044 -0.283978
    12 0.928312 0.000000 0.000000 0.000000 0.000000 0.000000
    13 0.928313 0.000000 -0.000001 0.000000 0.000000 0.000000
    14 2.979373 -0.388274 -0.044205 -0.000805 -0.043611 0.000046
    15 1.435262 -0.000001 -0.000001 0.000000 0.000000 0.872146
    16 1.482593 -0.000001 0.000001 0.000000 0.000000 0.907041
    17 -2.869899 1.399667 -4.140396 -1.163265 1.764468 -4.903713
    18 4.972047 0.000000 0.000000 1.005848 -0.697002 -1.674251
    19 11.585358 0.000000 0.000001 0.386603 -0.383119 -1.513591
    20 10.127058 0.000000 0.000001 1.310083 0.697978 -0.333692
    21 1.537458 0.109715 1.664489 -0.264662 -0.055995 0.783079
    22 0.928313 0.000000 0.000002 0.000000 0.000000 -0.453501
    23 0.928311 0.000000 0.000001 0.000000 0.000000 0.000000
    24 2.686395 -0.427337 0.044204 -0.005762 0.043239 -0.157074
    25 1.435260 0.000000 0.000001 0.000000 0.000000 0.732613
    26 1.482593 0.000000 -0.000001 0.000000 0.000000 1.168644
    27 2.046984 0.000001 0.000000 0.079833 0.154362 -0.304760
    28 -0.000005 0.000007 3.713254 -0.099865 -3.047848 5.708602
    29 18.045723 0.000000 0.000000 0.000000 0.000000 -0.413544
    30 17.597597 0.000000 0.000000 -0.057202 -0.016721 -0.162308
    31 0.000005 -0.000003 -3.713254 0.807612 2.831522 6.175187
    32 18.045721 0.000000 0.000000 0.000000 0.000000 -0.782250
    33 17.597597 0.000000 0.000000 0.178693 0.125253 0.485308
  time 34
    0 0.254879 -0.281108 0.368674 0.000000 0.000000 -1.571017
    1 -3.386826 0.207038 0.000000 -1.570795 -1.570787 0.000000
    2 1.293670 0.684478 -0.000001 0.000299 0.025358 0.010374
    3 5.309685 -0.003834 0.000000 -0.073650 -0.036146 -0.007885
    4 4.826790 -0.004591 0.000000 -0.072177 -0.017030 -0.225500
    5 5.792767 -0.005304 0.000000 -0.107315 0.075994 -0.186779
    6 6.662322 -0.001452 0.000000 0.004698 0.139666 0.354824
    7 -3.108188 1.516823 4.339626 1.238993 -1.024532 -4.799756
    8 4.827512 0.000000 -0.000002 -0.496800 -0.277061 -1.035500
    9 11.140032 0.000000 0.000000 0.070821 -0.113543 -0.766964
    10 10.314563 -0.000001 0.000001 -3.988822 0.203081 -0.504208
    11 1.646836 0.445664 -1.699647 -0.161704 0.581044 -0.283978
    12 0.928312 0.000000 0.000000 0.000000 0.000000 0.000000
    13 0.928313 0.000000 -0.000001 0.000000 0.000000 0.000000
    14 2.979373 -0.388274 -0.044205 -0.000805 -0.043611 0.000046
    15 1.435262 -0.000001 -0.000001 0.000000 0.000000 0.872146
    16 1.482593 -0.000001 0.000001 0.000000 0.000000 0.907041
    17 -2.869899 1.399667 -4.140396 -1.163265 1.764468 -4.903713
    18 4.972047 0.000000 0.000000 1.008287 -0.694351 -1.676048
    19 11.585358 0.000000 0.000001 0.386603 -0.383119 -1.513428
    20 10.127058 0.000000 0.000001 1.310083 0.697978 -0.333692
    21 1.537458 0.109715 1.664489 -0.264662 -0.055995 0.783079
    22 0.928313 0.000000 0.000002 0.000000 0.000000 -0.453501
    23 0.928311 0.000000 0.000001 0.000000 0.000000 0.000000
    24 2.686395 -0.427337 0.044204 -0.005762 0.043239 -0.157074
    25 1.435260 0.000000 0.000001 0.000000 0.000000 0.732613
    26 1.482593 0.000000 -0.000001 0.000000 0.000000 1.168644
    27 2.046984 0.000001 0.000000 0.081125 0.154657 -0.310296
    28 -0.000005 0.000007 3.713254 -0.099865 -3.047848 5.708602
    29 18.045723 0.000000 0.000000 0.000000 0.000000 -0.413544
    30 17.597597 0.000000 0.000000 -0.057202 -0.016721 -0.162308
    31 0.000005 -0.000003 -3.713254 0.807612 2.831522 6.175187
    32 18.045721 0.000000 0.000000 0.000000 0.000000 -0.782250
    33 17.597597 0.000000 0.000000 0.178693 0.125253 0.485308
  time 35
    0 0.254879 -0.281108 0.368674 0.000000 0.000000 -1.571017
    1 -3.386826 0.207038 0.000000 -1.570795 -1.570787 0.000000
    2 1.293670 0.684478 -0.000001 0.000299 0.025358 0.010374
    3 5.309685 -0.003834 0.000000 -0.073650 -0.036146 -0.007885
    4 4.826790 -0.004591 0.000000 -0.072177 -0.017030 -0.225610
    5 5.792767 -0.005304 0.000000 -0.107711 0.074772 -0.179553
    6 6.662322 -0.001452 0.000000 0.004698 0.139666 0.354824
    7 -3.108188 1.516823 4.339626 1.238993 -1.024532 -4.799756
    8 4.827512 0.000000 -0.000002 -0.499271 -0.283286 -1.036193
    9 11.140032 0.000000 0.000000 0.070821 -0.113993 -0.770659
    10 10.314563 -0.000001 0.000001 -3.988822 0.203081 -0.504208
    11 1.646836 0.445664 -1.699647 -0.161704 0.581044 -0.283978
    12 0.928312 0.000000 0.000000 0.000000 0.000000 0.000000
    13 0.928313 0.000000 -0.000001 0.000000 0.000000 0.000000
    14 2.979373 -0.388274 -0.044205 -0.000805 -0.043611 0.000046
    15 1.435262 -0.000001 -0.000001 0.000000 0.000000 0.872146
    16 1.482593 -0.000001 0.000001 0.000000 0.000000 0.907041
    17 -2.869899 1.399667 -4.140396 -1.163265 1.764468 -4.903713
    18 4.972047 0.000000 0.000000 1.010726 -0.691458 -1.677978
    19 11.585358 0.000000 0.000001 0.386603 -0.383119 -1.513346
    20 10.127058 0.000000 0.000001 1.310083 0.697978 -0.333692
    21 1.537458 0.109715 1.664489 -0.264662 -0.055995 0.783079
    22 0.928313 0.000000 0.000002 0.000000 0.000000 -0.453501
    23 0.928311 0.000000 0.000001 0.000000 0.000000 0.000000
    24 2.686395 -0.427337 0.044204 -0.005762 0.043239 -0.157074
    25 1.435260 0.000000 0.000001 0.000000 0.000000 0.732613
    26 1.482593 0.000000 -0.000001 0.000000 0.000000 1.168644
    27 2.046984 0.000001 0.000000 0.081599 0.154716 -0.312303
    28 -0.000005 0.000007 3.713254 -0.099865 -3.047848 5.708602
    29 18.045723 0.000000 0.000000 0.000000 0.000000 -0.413544
    30 17.597597 0.000000 0.000000 -0.057202 -0.016721 -0.162308
    31 0.000005 -0.000003 -3.713254 0.807612 2.831522 6.175187
    32 18.045721 0.000000 0.000000 0.000000 0.000000 -0.782250
    33 17.597597 0.000000 0.000000 0.178693 0.125253 0.485308
  time 36
    0 0.254879 -0.281108 0.368674 0.000000 0.000000 -1.571017
    1 -3.386826 0.207038 0.000000 -1.570795 -1.570787 0.000000
    2 1.293670 0.684478 -0.000001 0.000299 0.025358 0.010374
    3 5.309685 -0.003834 0.000000 -0.073650 -0.036146 -0.007885
    4 4.826790 -0.004591 0.000000 -0.072177 -0.017030 -0.225235
    5 5.792767 -0.005304 0.000000 -0.108106 0.073561 -0.172328
    6 6.662322 -0.001452 0.000000 0.004698 0.139666 0.354824
    7 -3.108188 1.516823 4.339626 1.238993 -1.024532 -4.799756
    8 4.827512 0.000000 -0.000002 -0.505090 -0.329419 -1.065481
    9 11.140032 0.000000 0.000000 0.070821 -0.099787 -0.656400
    10 10.314563 -0.000001 0.000001 -3.988822 0.203081 -0.504208
    11 1.646836 0.445664 -1.699647 -0.161704 0.581044 -0.283978
    12 0.928312 0.000000 0.000000 0.000000 0.000000 0.000000
    13 0.928313 0.000000 -0.000001 0.000000 0.000000 0.000000
    14 2.979373 -0.388274 -0.044205 -0.000805 -0.043611 0.000046
    15 1.435262 -0.000001 -0.000001 0.000000 0.000000 0.872146
    16 1.482593 -0.000001 0.000001 0.000000 0.000000 0.907041
    17 -2.869899 1.399667 -4.140396 -1.163265 1.764468 -4.903713
    18 4.972047 0.000000 0.000000 1.013165 -0.688646 -1.679775
    19 11.585358 0.000000 0.000001 0.386603 -0.383119 -1.513673
    20 10.127058 0.000000 0.000001 1.310083 0.697978 -0.333692
    21 1.537458 0.109715 1.664489 -0.264662 -0.055995 0.783079
    22 0.928313 0.000000 0.000002 0.000000 0.000000 -0.453501
    23 0.928311 0.000000 0.000001 0.000000 0.000000 0.000000
    24 2.686395 -0.427337 0.044204 -0.005762 0.043239 -0.157074
    25 1.435260 0.000000 0.000001 0.000000 0.000000 0.732613
    26 1.482593 0.000000 -0.000001 0.000000 0.000000 1.168644
    27 2.046984 0.000001 0.000000 0.081125 0.154274 -0.310296
    28 -0.000005 0.000007 3.713254 -0.099865 -3.047848 5.708602
    29 18.045723 0.000000 0.000000 0.000000 0.000000 -0.413544
    30 17.597597 0.000000 0.000000 -0.057202 -0.016721 -0.162308
    31 0.000005 -0.000003 -3.713254 0.807612 2.831522 6.175187
    32 18.045721 0.000000 0.000000 0.000000 0.000000 -0.782250
    33 17.597597 0.000000 0.000000 0.178693 0.125253 0.485308
  time 37
    0 0.254879 -0.281108 0.368674 0.000000 0.000000 -1.571017
    1 -3.386826 0.207038 0.000000 -1.570795 -1.570787 0.000000
    2 1.293670 0.684478 -0.000001 0.000299 0.025358 0.010374
    3 5.309685 -0.003834 0.000000 -0.073650 -0.036146 -0.007885
    4 4.826790 -0.004591 0.000000 -0.072177 -0.017030 -0.224177
    5 5.792767 -0.005304 0.000000 -0.108466 0.072447 -0.165704
    6 6.662322 -0.001452 0.000000 0.004698 0.139666 0.354824
    7 -3.108188 1.516823 4.339626 1.238993 -1.024532 -4.799756
    8 4.827512 0.000000 -0.000002 -0.508678 -0.412049 -1.124750
    9 11.140032 0.000000 0.000000 0.070821 -0.070378 -0.444908
    10 10.314563 -0.000001 0.000001 -3.988822 0.203081 -0.504208
    11 1.646836 0.445664 -1.699647 -0.161704 0.581044 -0.283978
    12 0.928312 0.000000 0.000000 0.000000 0.000000 0.000000
    13 0.928313 0.000000 -0.000001 0.000000 0.000000 0.000000
    14 2.979373 -0.388274 -0.044205 -0.000805 -0.043611 0.000046
    15 1.435262 -0.000001 -0.000001 0.000000 0.000000 0.872146
    16 1.482593 -0.000001 0.000001 0.000000 0.000000 0.907041
    17 -2.869899 1.399667 -4.140396 -1.163265 1.764468 -4.903713
    18 4.972047 0.000000 0.000000 1.015228 -0.685994 -1.681173
    19 11.585358 0.000000 0.000001 0.386603 -0.383119 -1.514408
    20 10.127058 0.000000 0.000001 1.310083 0.697978 -0.333692
    21 1.537458 0.109715 1.664489 -0.264662 -0.055995 0.783079
    22 0.928313 0.000000 0.000002 0.000000 0.000000 -0.453501
    23 0.928311 0.000000 0.000001 0.000000 0.000000 0.000000
    24 2.686395 -0.427337 0.044204 -0.005762 0.043239 -0.157074
    25 1.435260 0.000000 0.000001 0.000000 0.000000 0.732613
    26 1.482593 0.000000 -0.000001 0.000000 0.000000 1.168644
    27 2.046984 0.000001 0.000000 0.079833 0.153005 -0.304760
    28 -0.000005 0.000007 3.713254 -0.099865 -3.047848 5.708602
    29 18.045723 0.000000 0.000000 0.000000 0.000000 -0.413544
    30 17.597597 0.000000 0.000000 -0.057202 -0.016721 -0.162308
    31 0.000005 -0.000003 -3.713254 0.807612 2.831522 6.175187
    32 18.045721 0.000000 0.000000 0.000000 0.000000 -0.782250
    33 17.597597 0.000000 0.000000 0.178693 0.125253 0.485308
  time 38
    0 0.254879 -0.281108 0.368674 0.000000 0.000000 -1.571017
    1 -3.386826 0.207038 0.000000 -1.570795 -1.570787 0.000000
    2 1.293670 0.684478 -0.000001 0.000299 0.025358 0.010374
    3 5.309685 -0.003834 0.000000 -0.073650 -0.036146 -0.007885
    4 4.826790 -0.004591 0.000000 -0.072177 -0.017030 -0.222545
    5 5.792767 -0.005304 0.000000 -0.108772 0.071524 -0.160244
    6 6.662322 -0.001452 0.000000 0.004698 0.139666 0.354824
    7 -3.108188 1.516823 4.339626 1.238993 -1.024532 -4.799756
    8 4.827512 0.000000 -0.000002 -0.511627 -0.513269 -1.186705
    9 11.140032 0.000000 0.000000 0.070821 -0.042766 -0.264717
    10 10.314563 -0.000001 0.000001 -3.988822 0.203081 -0.504208
    11 1.646836 0.445664 -1.699647 -0.161704 0.581044 -0.283978
    12 0.928312 0.000000 0.000000 0.000000 0.000000 0.000000
    13 0.928313 0.000000 -0.000001 0.000000 0.000000 0.000000
    14 2.979373 -0.388274 -0.044205 -0.000805 -0.043611 0.000046
    15 1.435262 -0.000001 -0.000001 0.000000 0.000000 0.872146
    16 1.482593 -0.000001 0.000001 0.000000 0.000000 0.907041
    17 -2.869899 1.399667 -4.140396 -1.163265 1.764468 -4.903713
    18 4.972047 0.000000 0.000000 1.016729 -0.683905 -1.682237
    19 11.585358 0.000000 0.000001 0.386603 -0.383142 -1.515388
    20 10.127058 0.000000 0.000001 1.310083 0.697978 -0.333692
    21 1.537458 0.109715 1.664489 -0.264662 -0.055995 0.783079
    22 0.928313 0.000000 0.000002 0.000000 0.000000 -0.453501
    23 0.928311 0.000000 0.000001 0.000000 0.000000 0.000000
    24 2.686395 -0.427337 0.044204 -0.005762 0.043239 -0.157074
    25 1.435260 0.000000 0.000001 0.000000 0.000000 0.732613
    26 1.482593 0.000000 -0.000001 0.000000 0.000000 1.168644
    27 2.046984 0.000001 0.000000 0.077937 0.151176 -0.296609
    28 -0.000005 0.000007 3.713254 -0.099865 -3.047848 5.708602
    29 18.045723 0.000000 0.000000 0.000000 0.000000 -0.413544
    30 17.597597 0.000000 0.000000 -0.057202 -0.016721 -0.162308
    31 0.000005 -0.000003 -3.713254 0.807612 2.831522 6.175187
    32 18.045721 0.000000 0.000000 0.000000 0.000000 -0.782250
    33 17.597597 0.000000 0.000000 0.178693 0.125253 0.485308
  time 39
    0 0.254879 -0.281108 0.368674 0.000000 0.000000 -1.571017
    1 -3.386826 0.207038 0.000000 -1.570795 -1.570787 0.000000
    2 1.293670 0.684478 -0.000001 0.000299 0.025358 0.010374
    3 5.309685 -0.003834 0.000000 -0.073650 -0.036146 -0.007885
    4 4.826790 -0.004591 0.000000 -0.072177 -0.017030 -0.220429
    5 5.792767 -0.005304 0.000000 -0.108970 0.070901 -0.156527
    6 6.662322 -0.001452 0.000000 0.004698 0.139666 0.354824
    7 -3.108188 1.516823 4.339626 1.238993 -1.024532 -4.799756
    8 4.827512 0.000000 -0.000002 -0.503257 -0.615171 -1.260184
    9 11.140032 0.000000 0.000000 0.070821 -0.011160 -0.068441
    10 10.314563 -0.000001 0.000001 -3.988822 0.203081 -0.504208
    11 1.646836 0.445664 -1.699647 -0.161704 0.581044 -0.283978
    12 0.928312 0.000000 0.000000 0.000000 0.000000 0.000000
    13 0.928313 0.000000 -0.000001 0.000000 0.000000 0.000000
    14 2.979373 -0.388274 -0.044205 -0.000805 -0.043611 0.000046
    15 1.435262 -0.000001 -0.000001 0.000000 0.000000 0.872146
    16 1.482593 -0.000001 0.000001 0.000000 0.000000 0.907041
    17 -2.869899 1.399667 -4.140396 -1.163265 1.764468 -4.903713
    18 4.972047 0.000000 0.000000 1.017479 -0.682700 -1.682637
    19 11.585358 0.000000 0.000001 0.386603 -0.383165 -1.516450
    20 10.127058 0.000000 0.000001 1.310083 0.697978 -0.333692
    21 1.537458 0.109715 1.664489 -0.264662 -0.055995 0.783079
    22 0.928313 0.000000 0.000002 0.000000 0.000000 -0.453501
    23 0.928311 0.000000 0.000001 0.000000 0.000000 0.000000
    24 2.686395 -0.427337 0.044204 -0.005762 0.043239 -0.157074
    25 1.435260 0.000000 0.000001 0.000000 0.000000 0.732613
    26 1.482593 0.000000 -0.000001 0.000000 0.000000 1.168644
    27 2.046984 0.000001 0.000000 0.075654 0.148963 -0.286694
    28 -0.000005 0.000007 3.713254 -0.099865 -3.047848 5.708602
    29 18.045723 0.000000 0.000000 0.000000 0.000000 -0.413544
    30 17.597597 0.000000 0.000000 -0.057202 -0.016721 -0.162308
    31 0.000005 -0.000003 -3.713254 0.807612 2.831522 6.175187
    32 18.045721 0.000000 0.000000 0.000000 0.000000 -0.782250
    33 17.597597 0.000000 0.000000 0.178693 0.125253 0.485308
  time 40
    0 0.254879 -0.281108 0.368674 0.000000 0.000000 -1.571017
    1 -3.386826 0.207038 0.000000 -1.570795 -1.570787 0.000000
    2 1.293670 0.684478 -0.000001 0.000299 0.025358 0.010374
    3 5.309685 -0.003834 0.000000 -0.073650 -0.036146 -0.007885
    4 4.826790 -0.004591 0.000000 -0.072177 -0.017030 -0.217959
    5 5.792767 -0.005304 0.000000 -0.109042 0.070673 -0.155157
    6 6.662322 -0.001452 0.000000 0.004698 0.139666 0.354824
    7 -3.108188 1.516823 4.339626 1.238993 -1.024532 -4.799756
    8 4.827512 0.000000 -0.000002 -0.507880 -0.604768 -1.245714
    9 11.140032 0.000000 0.000000 0.070821 -0.018225 -0.111913
    10 10.314563 -0.000001 0.000001 -3.988822 0.203081 -0.504208
    11 1.646836 0.445664 -1.699647 -0.161704 0.581044 -0.283978
    12 0.928312 0.000000 0.000000 0.000000 0.000000 0.000000
    13 0.928313 0.000000 -0.000001 0.000000 0.000000 0.000000
    14 2.979373 -0.388274 -0.044205 -0.000805 -0.043611 0.000046
    15 1.435262 -0.000001 -0.000001 0.000000 0.000000 0.872146
    16 1.482593 -0.000001 0.000001 0.000000 0.000000 0.907041
    17 -2.869899 1.399667 -4.140396 -1.163265 1.764468 -4.903713
    18 4.972047 0.000000 0.000000 1.017292 -0.682700 -1.682304
    19 11.585358 0.000000 0.000001 0.386603 -0.383187 -1.517430
    20 10.127058 0.000000 0.000001 1.310083 0.697978 -0.333692
    21 1.537458 0.109715 1.664489 -0.264662 -0.055995 0.783079
    22 0.928313 0.000000 0.000002 0.000000 0.000000 -0.453501
    23 0.928311 0.000000 0.000001 0.000000 0.000000 0.000000
    24 2.686395 -0.427337 0.044204 -0.005762 0.043239 -0.157074
    25 1.435260 0.000000 0.000001 0.000000 0.000000 0.732613
    26 1.482593 0.000000 -0.000001 0.000000 0.000000 1.168644
    27 2.046984 0.000001 0.000000 0.073112 0.146544 -0.275927
    28 -0.000005 0.000007 3.713254 -0.099865 -3.047848 5.708602
    29 18.045723 0.000000 0.000000 0.000000 0.000000 -0.413544
    30 17.597597 0.000000 0.000000 -0.057202 -0.016721 -0.162308
    31 0.000005 -0.000003 -3.713254 0.807612 2.831522 6.175187
    32 18.045721 0.000000 0.000000 0.000000 0.000000 -0.782250
    33 17.597597 0.000000 0.000000 0.178693 0.125253 0.485308
  time 41
    0 0.254879 -0.281108 0.368674 0.000000 0.000000 -1.571017
    1 -3.386826 0.207038 0.000000 -1.570795 -1.570787 0.000000
    2 1.293670 0.684478 -0.000001 0.000299 0.025358 0.010374
    3 5.309685 -0.003834 0.000000 -0.073650 -0.036146 -0.007885
    4 4.826790 -0.004591 0.000000 -0.072177 -0.017030 -0.215225
    5 5.792767 -0.005304 0.000000 -0.108988 0.070841 -0.156154
    6 6.662322 -0.001452 0.000000 0.004698 0.139666 0.354824
    7 -3.108188 1.516823 4.339626 1.238993 -1.024532 -4.799756
    8 4.827512 0.000000 -0.000002 -0.522309 -0.525634 -1.173967
    9 11.140032 0.000000 0.000000 0.070821 -0.052602 -0.327679
    10 10.314563 -0.000001 0.000001 -3.988822 0.203081 -0.504208
    11 1.646836 0.445664 -1.699647 -0.161704 0.581044 -0.283978
    12 0.928312 0.000000 0.000000 0.000000 0.000000 0.000000
    13 0.928313 0.000000 -0.000001 0.000000 0.000000 0.000000
    14 2.979373 -0.388274 -0.044205 -0.000805 -0.043611 0.000046
    15 1.435262 -0.000001 -0.000001 0.000000 0.000000 0.872146
    16 1.482593 -0.000001 0.000001 0.000000 0.000000 0.907041
    17 -2.869899 1.399667 -4.140396 -1.163265 1.764468 -4.903713
    18 4.972047 0.000000 0.000000 1.016072 -0.683825 -1.681306
    19 11.585358 0.000000 0.000001 0.386603 -0.383187 -1.518329
    20 10.127058 0.000000 0.000001 1.310083 0.697978 -0.333692
    21 1.537458 0.109715 1.664489 -0.264662 -0.055995 0.783079
    22 0.928313 0.000000 0.000002 0.000000 0.000000 -0.453501
    23 0.928311 0.000000 0.000001 0.000000 0.000000 0.000000
    24 2.686395 -0.427337 0.044204 -0.005762 0.043239 -0.157074
    25 1.435260 0.000000 0.000001 0.000000 0.000000 0.732613
    26 1.482593 0.000000 -0.000001 0.000000 0.000000 1.168644
    27 2.046984 0.000001 0.000000 0.070613 0.144095 -0.265161
    28 -0.000005 0.000007 3.713254 -0.099865 -3.047848 5.708602
    29 18.045723 0.000000 0.000000 0.000000 0.000000 -0.413544
    30 17.597597 0.000000 0.000000 -0.057202 -0.016721 -0.162308
    31 0.000005 -0.000003 -3.713254 0.807612 2.831522 6.175187
    32 18.045721 0.000000 0.000000 0.000000 0.000000 -0.782250
    33 17.597597 0.000000 0.000000 0.178693 0.125253 0.485308
  time 42
    0 0.254879 -0.281108 0.368674 0.000000 0.000000 -1.571017
    1 -3.386826 0.207038 0.000000 -1.570795 -1.570787 0.000000
    2 1.293670 0.684478 -0.000001 0.000299 0.025358 0.010374
    3 5.309685 -0.003834 0.000000 -0.073650 -0.036146 -0.007885
    4 4.826790 -0.004591 0.000000 -0.072177 -0.017030 -0.212337
    5 5.792767 -0.005304 0.000000 -0.108844 0.071284 -0.158811
    6 6.662322 -0.001452 0.000000 0.004698 0.139666 0.354824
    7 -3.108188 1.516823 4.339626 1.238993 -1.024532 -4.799756
    8 4.827512 0.000000 -0.000002 -0.525259 -0.422708 -1.100921
    9 11.140032 0.000000 0.000000 0.070821 -0.088378 -0.571195
    10 10.314563 -0.000001 0.000001 -3.988822 0.203081 -0.504208
    11 1.646836 0.445664 -1.699647 -0.161704 0.581044 -0.283978
    12 0.928312 0.000000 0.000000 0.000000 0.000000 0.000000
    13 0.928313 0.000000 -0.000001 0.000000 0.000000 0.000000
    14 2.979373 -0.388274 -0.044205 -0.000805 -0.043611 0.000046
    15 1.435262 -0.000001 -0.000001 0.000000 0.000000 0.872146
    16 1.482593 -0.000001 0.000001 0.000000 0.000000 0.907041
    17 -2.869899 1.399667 -4.140396 -1.163265 1.764468 -4.903713
    18 4.972047 0.000000 0.000000 1.014290 -0.685673 -1.679775
    19 11.585358 0.000000 0.000001 0.386603 -0.383210 -1.519227
    20 10.127058 0.000000 0.000001 1.310083 0.697978 -0.333692
    21 1.537458 0.109715 1.664489 -0.264662 -0.055995 0.783079
    22 0.928313 0.000000 0.000002 0.000000 0.000000 -0.453501
    23 0.928311 0.000000 0.000001 0.000000 0.000000 0.000000
    24 2.686395 -0.427337 0.044204 -0.005762 0.043239 -0.157074
    25 1.435260 0.000000 0.000001 0.000000 0.000000 0.732613
    26 1.482593 0.000000 -0.000001 0.000000 0.000000 1.168644
    27 2.046984 0.000001 0.000000 0.068330 0.141882 -0.255306
    28 -0.000005 0.000007 3.713254 -0.099865 -3.047848 5.708602
    29 18.045723 0.000000 0.000000 0.000000 0.000000 -0.413544
    30 17.597597 0.000000 0.000000 -0.057202 -0.016721 -0.162308
    31 0.000005 -0.000003 -3.713254 0.807612 2.831522 6.175187
    32 18.045721 0.000000 0.000000 0.000000 0.000000 -0.782250
    33 17.597597 0.000000 0.000000 0.178693 0.125253 0.485308
  time 43
    0 0.254879 -0.281108 0.368674 0.000000 0.000000 -1.571017
    1 -3.386826 0.207038 0.000000 -1.570795 -1.570787 0.000000
    2 1.293670 0.684478 -0.000001 0.000299 0.025358 0.010374
    3 5.309685 -0.003834 0.000000 -0.073650 -0.036146 -0.007885
    4 4.826790 -0.004591 0.000000 -0.072177 -0.017030 -0.209382
    5 5.792767 -0.005304 0.000000 -0.108628 0.071943 -0.162735
    6 6.662322 -0.001452 0.000000 0.004698 0.139666 0.354824
    7 -3.108188 1.516823 4.339626 1.238993 -1.024532 -4.799756
    8 4.827512 0.000000 -0.000002 -0.514736 -0.328225 -1.046938
    9 11.140032 0.000000 0.000000 0.070821 -0.113394 -0.765804
    10 10.314563 -0.000001 0.000001 -3.988822 0.203081 -0.504208
    11 1.646836 0.445664 -1.699647 -0.161704 0.581044 -0.283978
    12 0.928312 0.000000 0.000000 0.000000 0.000000 0.000000
    13 0.928313 0.000000 -0.000001 0.000000 0.000000 0.000000
    14 2.979373 -0.388274 -0.044205 -0.000805 -0.043611 0.000046
    15 1.435262 -0.000001 -0.000001 0.000000 0.000000 0.872146
    16 1.482593 -0.000001 0.000001 0.000000 0.000000 0.907041
    17 -2.869899 1.399667 -4.140396 -1.163265 1.764468 -4.903713
    18 4.972047 0.000000 0.000000 1.012039 -0.688003 -1.677978
    19 11.585358 0.000000 0.000001 0.386603 -0.383210 -1.520207
    20 10.127058 0.000000 0.000001 1.310083 0.697978 -0.333692
    21 1.537458 0.109715 1.664489 -0.264662 -0.055995 0.783079
    22 0.928313 0.000000 0.000002 0.000000 0.000000 -0.453501
    23 0.928311 0.000000 0.000001 0.000000 0.000000 0.000000
    24 2.686395 -0.427337 0.044204 -0.005762 0.043239 -0.157074
    25 1.435260 0.000000 0.000001 0.000000 0.000000 0.732613
    26 1.482593 0.000000 -0.000001 0.000000 0.000000 1.168644
    27 2.046984 0.000001 0.000000 0.066434 0.140053 -0.247155
    28 -0.000005 0.000007 3.713254 -0.099865 -3.047848 5.708602
    29 18.045723 0.000000 0.000000 0.000000 0.000000 -0.413544
    30 17.597597 0.000000 0.000000 -0.057202 -0.016721 -0.162308
    31 0.000005 -0.000003 -3.713254 0.807612 2.831522 6.175187
    32 18.045721 0.000000 0.000000 0.000000 0.000000 -0.782250
    33 17.597597 0.000000 0.000000 0.178693 0.125253 0.485308
  time 44
    0 0.254879 -0.281108 0.368674 0.000000 0.000000 -1.571017
    1 -3.386826 0.207038 0.000000 -1.570795 -1.570787 0.000000
    2 1.293670 0.684478 -0.000001 0.000299 0.025358 0.010374
    3 5.309685 -0.003834 0.000000 -0.073650 -0.036146 -0.007885
    4 4.826790 -0.004591 0.000000 -0.072177 -0.017030 -0.206494
    5 5.792767 -0.005304 0.000000 -0.108358 0.072746 -0.167511
    6 6.662322 -0.001452 0.000000 0.004698 0.139666 0.354824
    7 -3.108188 1.516823 4.339626 1.238993 -1.024532 -4.799756
    8 4.827512 0.000000 -0.000002 -0.497836 -0.253355 -1.011238
    9 11.140032 0.000000 0.000000 0.070821 -0.127849 -0.896220
    10 10.314563 -0.000001 0.000001 -3.988822 0.203081 -0.504208
    11 1.646836 0.445664 -1.699647 -0.161704 0.581044 -0.283978
    12 0.928312 0.000000 0.000000 0.000000 0.000000 0.000000
    13 0.928313 0.000000 -0.000001 0.000000 0.000000 0.000000
    14 2.979373 -0.388274 -0.044205 -0.000805 -0.043611 0.000046
    15 1.435262 -0.000001 -0.000001 0.000000 0.000000 0.872146
    16 1.482593 -0.000001 0.000001 0.000000 0.000000 0.907041
    17 -2.869899 1.399667 -4.140396 -1.163265 1.764468 -4.903713
    18 4.972047 0.000000 0.000000 1.009506 -0.690574 -1.675915
    19 11.585358 0.000000 0.000001 0.386603 -0.383233 -1.521269
    20 10.127058 0.000000 0.000001 1.310083 0.697978 -0.333692
    21 1.537458 0.109715 1.664489 -0.264662 -0.055995 0.783079
    22 0.928313 0.000000 0.000002 0.000000 0.000000 -0.453501
    23 0.928311 0.000000 0.000001 0.000000 0.000000 0.000000
    24 2.686395 -0.427337 0.044204 -0.005762 0.043239 -0.157074
    25 1.435260 0.000000 0.000001 0.000000 0.000000 0.732613
    26 1.482593 0.000000 -0.000001 0.000000 0.000000 1.168644
    27 2.046984 0.000001 0.000000 0.065141 0.138784 -0.241620
    28 -0.000005 0.000007 3.713254 -0.099865 -3.047848 5.708602
    29 18.045723 0.000000 0.000000 0.000000 0.000000 -0.413544
    30 17.597597 0.000000 0.000000 -0.057202 -0.016721 -0.162308
    31 0.000005 -0.000003 -3.713254 0.807612 2.831522 6.175187
    32 18.045721 0.000000 0.000000 0.000000 0.000000 -0.782250
    33 17.597597 0.000000 0.000000 0.178693 0.125253 0.485308
  time 45
    0 0.254879 -0.281108 0.368674 0.000000 0.000000 -1.571017
    1 -3.386826 0.207038 0.000000 -1.570795 -1.570787 0.000000
    2 1.293670 0.684478 -0.000001 0.000299 0.025358 0.010374
    3 5.309685 -0.003834 0.000000 -0.073650 -0.036146 -0.007885
    4 4.826790 -0.004591 0.000000 -0.072177 -0.017030 -0.203760
    5 5.792767 -0.005304 0.000000 -0.108070 0.073621 -0.172702
    6 6.662322 -0.001452 0.000000 0.004698 0.139666 0.354824
    7 -3.108188 1.516823 4.339626 1.238993 -1.024532 -4.799756
    8 4.827512 0.000000 -0.000002 -0.483886 -0.209354 -0.994254
    9 11.140032 0.000000 0.000000 0.070821 -0.132967 -0.947445
    10 10.314563 -0.000001 0.000001 -3.988822 0.203081 -0.504208
    11 1.646836 0.445664 -1.699647 -0.161704 0.581044 -0.283978
    12 0.928312 0.000000 0.000000 0.000000 0.000000 0.000000
    13 0.928313 0.000000 -0.000001 0.000000 0.000000 0.000000
    14 2.979373 -0.388274 -0.044205 -0.000805 -0.043611 0.000046
    15 1.435262 -0.000001 -0.000001 0.000000 0.000000 0.872146
    16 1.482593 -0.000001 0.000001 0.000000 0.000000 0.907041
    17 -2.869899 1.399667 -4.140396 -1.163265 1.764468 -4.903713
    18 4.972047 0.000000 0.000000 1.007068 -0.692985 -1.673851
    19 11.585358 0.000000 0.000001 0.386603 -0.383255 -1.522576
    20 10.127058 0.000000 0.000001 1.310083 0.697978 -0.333692
    21 1.537458 0.109715 1.664489 -0.264662 -0.055995 0.783079
    22 0.928313 0.000000 0.000002 0.000000 0.000000 -0.453501
    23 0.928311 0.000000 0.000001 0.000000 0.000000 0.000000
    24 2.686395 -0.427337 0.044204 -0.005762 0.043239 -0.157074
    25 1.435260 0.000000 0.000001 0.000000 0.000000 0.732613
    26 1.482593 0.000000 -0.000001 0.000000 0.000000 1.168644
    27 2.046984 0.000001 0.000000 0.064667 0.138342 -0.239552
    28 -0.000005 0.000007 3.713254 -0.099865 -3.047848 5.708602
    29 18.045723 0.000000 0.000000 0.000000 0.000000 -0.413544
    30 17.597597 0.000000 0.000000 -0.057202 -0.016721 -0.162308
    31 0.000005 -0.000003 -3.713254 0.807612 2.831522 6.175187
    32 18.045721 0.000000 0.000000 0.000000 0.000000 -0.782250
    33 17.597597 0.000000 0.000000 0.178693 0.125253 0.485308
  time 46
    0 0.254879 -0.281108 0.368674 0.000000 0.000000 -1.571017
    1 -3.386826 0.207038 0.000000 -1.570795 -1.570787 0.000000
    2 1.293670 0.684478 -0.000001 0.000299 0.025358 0.010374
    3 5.309685 -0.003834 0.000000 -0.073650 -0.036146 -0.007885
    4 4.826790 -0.004591 0.000000 -0.072177 -0.017030 -0.201269
    5 5.792767 -0.005304 0.000000 -0.107782 0.074484 -0.177892
    6 6.662322 -0.001452 0.000000 0.004698 0.139666 0.354824
    7 -3.108188 1.516823 4.339626 1.238993 -1.024532 -4.799756
    8 4.827512 0.000000 -0.000002 -0.474638 -0.186244 -0.989055
    9 11.140032 0.000000 0.000000 0.070821 -0.132892 -0.946793
    10 10.314563 -0.000001 0.000001 -3.988822 0.203081 -0.504208
    11 1.646836 0.445664 -1.699647 -0.161704 0.581044 -0.283978
    12 0.928312 0.000000 0.000000 0.000000 0.000000 0.000000
    13 0.928313 0.000000 -0.000001 0.000000 0.000000 0.000000
    14 2.979373 -0.388274 -0.044205 -0.000805 -0.043611 0.000046
    15 1.435262 -0.000001 -0.000001 0.000000 0.000000 0.872146
    16 1.482593 -0.000001 0.000001 0.000000 0.000000 0.907041
    17 -2.869899 1.399667 -4.140396 -1.163265 1.764468 -4.903713
    18 4.972047 0.000000 0.000000 1.007068 -0.691378 -1.673053
    19 11.585358 0.000000 0.000001 0.386603 -0.383346 -1.528294
    20 10.127058 0.000000 0.000001 1.328315 0.695141 -0.302678
    21 1.537458 0.109715 1.664489 -0.264662 -0.055995 0.783079
    22 0.928313 0.000000 0.000002 0.000000 0.000000 -0.453501
    23 0.928311 0.000000 0.000001 0.000000 0.000000 0.000000
    24 2.686395 -0.427337 0.044204 -0.005762 0.043239 -0.157074
    25 1.435260 0.000000 0.000001 0.000000 0.000000 0.732613
    26 1.482593 0.000000 -0.000001 0.000000 0.000000 1.168644
    27 2.046984 0.000001 0.000000 0.070053 0.143062 -0.243323
    28 -0.000005 0.000007 3.713254 -0.099865 -3.047848 5.708602
    29 18.045723 0.000000 0.000000 0.000000 0.000000 -0.413544
    30 17.597597 0.000000 0.000000 -0.057202 -0.016721 -0.162308
    31 0.000005 -0.000003 -3.713254 0.807612 2.831522 6.175187
    32 18.045721 0.000000 0.000000 0.000000 0.000000 -0.782250
    33 17.597597 0.000000 0.000000 0.178693 0.125253 0.485308
  time 47
    0 0.254879 -0.281108 0.368674 0.000000 0.000000 -1.571017
    1 -3.386826 0.207038 0.000000 -1.570795 -1.570787 0.000000
    2 1.293670 0.684478 -0.000001 0.000299 0.025358 0.010374
    3 5.309685 -0.003834 0.000000 -0.073650 -0.036146 -0.007885
    4 4.826790 -0.004591 0.000000 -0.072177 -0.017030 -0.199174
    5 5.792767 -0.005304 0.000000 -0.107513 0.075287 -0.182647
    6 6.662322 -0.001452 0.000000 0.004698 0.139666 0.354824
    7 -3.108188 1.516823 4.339626 1.238993 -1.024532 -4.799756
    8 4.827512 0.000000 -0.000002 -0.465710 -0.165011 -0.985676
    9 11.140032 0.000000 0.000000 0.070821 -0.131943 -0.937302
    10 10.314563 -0.000001 0.000001 -3.988822 0.203081 -0.504208
    11 1.646836 0.445664 -1.699647 -0.161704 0.581044 -0.283978
    12 0.928312 0.000000 0.000000 0.000000 0.000000 0.000000
    13 0.928313 0.000000 -0.000001 0.000000 0.000000 0.000000
    14 2.979373 -0.388274 -0.044205 -0.000805 -0.043611 0.000046
    15 1.435262 -0.000001 -0.000001 0.000000 0.000000 0.872146
    16 1.482593 -0.000001 0.000001 0.000000 0.000000 0.907041
    17 -2.869899 1.399667 -4.140396 -1.163265 1.764468 -4.903713
    18 4.972047 0.000000 0.000000 1.011758 -0.682539 -1.674717
    19 11.585358 0.000000 0.000001 0.386603 -0.383550 -1.540872
    20 10.127058 0.000000 0.000001 1.377753 0.687481 -0.218492
    21 1.537458 0.109715 1.664489 -0.264662 -0.055995 0.783079
    22 0.928313 0.000000 0.000002 0.000000 0.000000 -0.453501
    23 0.928311 0.000000 0.000001 0.000000 0.000000 0.000000
    24 2.686395 -0.427337 0.044204 -0.005762 0.043239 -0.157074
    25 1.435260 0.000000 0.000001 0.000000 0.000000 0.732613
    26 1.482593 0.000000 -0.000001 0.000000 0.000000 1.168644
    27 2.046984 0.000001 0.000000 0.084701 0.156103 -0.253542
    28 -0.000005 0.000007 3.713254 -0.099865 -3.047848 5.708602
    29 18.045723 0.000000 0.000000 0.000000 0.000000 -0.413544
    30 17.597597 0.000000 0.000000 -0.057202 -0.016721 -0.162308
    31 0.000005 -0.000003 -3.713254 0.807612 2.831522 6.175187
    32 18.045721 0.000000 0.000000 0.000000 0.000000 -0.782250
    33 17.597597 0.000000 0.000000 0.178693 0.125253 0.485308
  time 48
    0 0.254879 -0.281108 0.368674 0.000000 0.000000 -1.571017
    1 -3.386826 0.207038 0.000000 -1.570795 -1.570787 0.000000
    2 1.293670 0.684478 -0.000001 0.000299 0.025358 0.010374
    3 5.309685 -0.003834 0.000000 -0.073650 -0.036146 -0.007885
    4 4.826790 -0.004591 0.000000 -0.072177 -0.017030 -0.197542
    5 5.792767 -0.005304 0.000000 -0.107297 0.075946 -0.186592
    6 6.662322 -0.001452 0.000000 0.004698 0.139666 0.354824
    7 -3.108188 1.516823 4.339626 1.238993 -1.024532 -4.799756
    8 4.827512 0.000000 -0.000002 -0.457738 -0.146251 -0.984549
    9 11.140032 0.000000 0.000000 0.070821 -0.130171 -0.919623
    10 10.314563 -0.000001 0.000001 -3.988822 0.203081 -0.504208
    11 1.646836 0.445664 -1.699647 -0.161704 0.581044 -0.283978
    12 0.928312 0.000000 0.000000 0.000000 0.000000 0.000000
    13 0.928313 0.000000 -0.000001 0.000000 0.000000 0.000000
    14 2.979373 -0.388274 -0.044205 -0.000805 -0.043611 0.000046
    15 1.435262 -0.000001 -0.000001 0.000000 0.000000 0.872146
    16 1.482593 -0.000001 0.000001 0.000000 0.000000 0.907041
    17 -2.869899 1.399667 -4.140396 -1.163265 1.764468 -4.903713
    18 4.972047 0.000000 0.000000 1.020856 -0.667674 -1.678976
    19 11.585358 0.000000 0.000001 0.386603 -0.383800 -1.557453
    20 10.127058 0.000000 0.000001 1.450681 0.676134 -0.094389
    21 1.537458 0.109715 1.664489 -0.264662 -0.055995 0.783079
    22 0.928313 0.000000 0.000002 0.000000 0.000000 -0.453501
    23 0.928311 0.000000 0.000001 0.000000 0.000000 0.000000
    24 2.686395 -0.427337 0.044204 -0.005762 0.043239 -0.157074
    25 1.435260 0.000000 0.000001 0.000000 0.000000 0.732613
    26 1.482593 0.000000 -0.000001 0.000000 0.000000 1.168644
    27 2.046984 0.000001 0.000000 0.106286 0.175752 -0.268567
    28 -0.000005 0.000007 3.713254 -0.099865 -3.047848 5.708602
    29 18.045723 0.000000 0.000000 0.000000 0.000000 -0.413544
    30 17.597597 0.000000 0.000000 -0.057202 -0.016721 -0.162308
    31 0.000005 -0.000003 -3.713254 0.807612 2.831522 6.175187
    32 18.045721 0.000000 0.000000 0.000000 0.000000 -0.782250
    33 17.597597 0.000000 0.000000 0.178693 0.125253 0.485308
  time 49
    0 0.254879 -0.281108 0.368674 0.000000 0.000000 -1.571017
    1 -3.386826 0.207038 0.000000 -1.570795 -1.570787 0.000000
    2 1.293670 0.684478 -0.000001 0.000299 0.025358 0.010374
    3 5.309685 -0.003834 0.000000 -0.073650 -0.036146 -0.007885
    4 4.826790 -0.004591 0.000000 -0.072177 -0.017030 -0.196484
    5 5.792767 -0.005304 0.000000 -0.107153 0.076390 -0.189249
    6 6.662322 -0.001452 0.000000 0.004698 0.139666 0.354824
    7 -3.108188 1.516823 4.339626 1.238993 -1.024532 -4.799756
    8 4.827512 0.000000 -0.000002 -0.451600 -0.130475 -0.985762
    9 11.140032 0.000000 0.000000 0.070821 -0.127774 -0.895423
    10 10.314563 -0.000001 0.000001 -3.988822 0.203081 -0.504208
    11 1.646836 0.445664 -1.699647 -0.161704 0.581044 -0.283978
    12 0.928312 0.000000 0.000000 0.000000 0.000000 0.000000
    13 0.928313 0.000000 -0.000001 0.000000 0.000000 0.000000
    14 2.979373 -0.388274 -0.044205 -0.000805 -0.043611 0.000046
    15 1.435262 -0.000001 -0.000001 0.000000 0.000000 0.872146
    16 1.482593 -0.000001 0.000001 0.000000 0.000000 0.907041
    17 -2.869899 1.399667 -4.140396 -1.163265 1.764468 -4.903713
    18 4.972047 0.000000 0.000000 1.034082 -0.648069 -1.685898
    19 11.585358 0.000000 0.000001 0.386603 -0.384072 -1.575259
    20 10.127058 0.000000 0.000001 1.539178 0.662327 0.056226
    21 1.537458 0.109715 1.664489 -0.264662 -0.055995 0.783079
    22 0.928313 0.000000 0.000002 0.000000 0.000000 -0.453501
    23 0.928311 0.000000 0.000001 0.000000 0.000000 0.000000
    24 2.686395 -0.427337 0.044204 -0.005762 0.043239 -0.157074
    25 1.435260 0.000000 0.000001 0.000000 0.000000 0.732613
    26 1.482593 0.000000 -0.000001 0.000000 0.000000 1.168644
    27 2.046984 0.000001 0.000000 0.132480 0.200240 -0.286816
    28 -0.000005 0.000007 3.713254 -0.099865 -3.047848 5.708602
    29 18.045723 0.000000 0.000000 0.000000 0.000000 -0.413544
    30 17.597597 0.000000 0.000000 -0.057202 -0.016721 -0.162308
    31 0.000005 -0.000003 -3.713254 0.807612 2.831522 6.175187
    32 18.045721 0.000000 0.000000 0.000000 0.000000 -0.782250
    33 17.597597 0.000000 0.000000 0.178693 0.125253 0.485308
  time 50
    0 0.254879 -0.281108 0.368674 0.000000 0.000000 -1.571017
    1 -3.386826 0.207038 0.000000 -1.570795 -1.570787 0.000000
    2 1.293670 0.684478 -0.000001 0.000299 0.025358 0.010374
    3 5.309685 -0.003834 0.000000 -0.073650 -0.036146 -0.007885
    4 4.826790 -0.004591 0.000000 -0.072177 -0.017030 -0.196109
    5 5.792767 -0.005304 0.000000 -0.107099 0.076558 -0.190225
    6 6.662322 -0.001452 0.000000 0.004698 0.139666 0.354824
    7 -3.108188 1.516823 4.339626 1.238993 -1.024532 -4.799756
    8 4.827512 0.000000 -0.000002 -0.446658 -0.118537 -0.988969
    9 11.140032 0.000000 0.000000 0.070821 -0.124728 -0.866080
    10 10.314563 -0.000001 0.000001 -3.988822 0.203081 -0.504208
    11 1.646836 0.445664 -1.699647 -0.161704 0.581044 -0.283978
    12 0.928312 0.000000 0.000000 0.000000 0.000000 0.000000
    13 0.928313 0.000000 -0.000001 0.000000 0.000000 0.000000
    14 2.979373 -0.388274 -0.044205 -0.000805 -0.043611 0.000046
    15 1.435262 -0.000001 -0.000001 0.000000 0.000000 0.872146
    16 1.482593 -0.000001 0.000001 0.000000 0.000000 0.907041
    17 -2.869899 1.399667 -4.140396 -1.163265 1.764468 -4.903713
    18 4.972047 0.000000 0.000000 1.050590 -0.625170 -1.695216
    19 11.585358 0.000000 0.000001 0.386603 -0.383777 -1.591840
    20 10.127058 0.000000 0.000001 1.635388 0.647386 0.220197
    21 1.537458 0.109715 1.664489 -0.264662 -0.055995 0.783079
    22 0.928313 0.000000 0.000002 0.000000 0.000000 -0.453501
    23 0.928311 0.000000 0.000001 0.000000 0.000000 0.000000
    24 2.686395 -0.427337 0.044204 -0.005762 0.043239 -0.157074
    25 1.435260 0.000000 0.000001 0.000000 0.000000 0.732613
    26 1.482593 0.000000 -0.000001 0.000000 0.000000 1.168644
    27 2.046984 0.000001 0.000000 0.161001 0.227885 -0.306707
    28 -0.000005 0.000007 3.713254 -0.099865 -3.047848 5.708602
    29 18.045723 0.000000 0.000000 0.000000 0.000000 -0.413544
    30 17.597597 0.000000 0.000000 -0.057202 -0.016721 -0.162308
    31 0.000005 -0.000003 -3.713254 0.807612 2.831522 6.175187
    32 18.045721 0.000000 0.000000 0.000000 0.000000 -0.782250
    33 17.597597 0.000000 0.000000 0.178693 0.125253 0.485308
  time 51
    0 0.254879 -0.281108 0.368674 0.000000 0.000000 -1.571017
    1 -3.386826 0.207038 0.000000 -1.570795 -1.570787 0.000000
    2 1.293670 0.684478 -0.000001 0.000299 0.025358 0.010374
    3 5.309685 -0.003834 0.000000 -0.073650 -0.036146 -0.007885
    4 4.826790 -0.004591 0.000000 -0.072177 -0.017030 -0.196109
    5 5.792767 -0.005304 0.000000 -0.107153 0.076390 -0.189249
    6 6.662322 -0.001452 0.000000 0.004698 0.139666 0.354824
    7 -3.108188 1.516823 4.339626 1.238993 -1.024532 -4.799756
    8 4.827512 0.000000 -0.000002 -0.443469 -0.110862 -0.993908
    9 11.140032 0.000000 0.000000 0.070821 -0.121183 -0.834055
    10 10.314563 -0.000001 0.000001 -3.988822 0.203081 -0.504208
    11 1.646836 0.445664 -1.699647 -0.161704 0.581044 -0.283978
    12 0.928312 0.000000 0.000000 0.000000 0.000000 0.000000
    13 0.928313 0.000000 -0.000001 0.000000 0.000000 0.000000
    14 2.979373 -0.388274 -0.044205 -0.000805 -0.043611 0.000046
    15 1.435262 -0.000001 -0.000001 0.000000 0.000000 0.872146
    16 1.482593 -0.000001 0.000001 0.000000 0.000000 0.907041
    17 -2.869899 1.399667 -4.140396 -1.163265 1.764468 -4.903713
    18 4.972047 0.000000 0.000000 1.069068 -0.600502 -1.705865
    19 11.585358 0.000000 0.000001 0.386603 -0.383482 -1.606298
    20 10.127058 0.000000 0.000001 1.731668 0.632350 0.384168
    21 1.537458 0.109715 1.664489 -0.264662 -0.055995 0.783079
    22 0.928313 0.000000 0.000002 0.000000 0.000000 -0.453501
    23 0.928311 0.000000 0.000001 0.000000 0.000000 0.000000
    24 2.686395 -0.427337 0.044204 -0.005762 0.043239 -0.157074
    25 1.435260 0.000000 0.000001 0.000000 0.000000 0.732613
    26 1.482593 0.000000 -0.000001 0.000000 0.000000 1.168644
    27 2.046984 0.000001 0.000000 0.189522 0.256916 -0.326598
    28 -0.000005 0.000007 3.713254 -0.099865 -3.047848 5.708602
    29 18.045723 0.000000 0.000000 0.000000 0.000000 -0.413544
    30 17.597597 0.000000 0.000000 -0.057202 -0.016721 -0.162308
    31 0.000005 -0.000003 -3.713254 0.807612 2.831522 6.175187
    32 18.045721 0.000000 0.000000 0.000000 0.000000 -0.782250
    33 17.597597 0.000000 0.000000 0.178693 0.125253 0.485308
  time 52
    0 0.254879 -0.281108 0.368674 0.000000 0.000000 -1.571017
    1 -3.386826 0.207038 0.000000 -1.570795 -1.570787 0.000000
    2 1.293670 0.684478 -0.000001 0.000299 0.025358 0.010374
    3 5.309685 -0.003834 0.000000 -0.073650 -0.036146 -0.007885
    4 4.826790 -0.004591 0.000000 -0.072177 -0.017030 -0.196109
    5 5.792767 -0.005304 0.000000 -0.107297 0.075946 -0.186592
    6 6.662322 -0.001452 0.000000 0.004698 0.139666 0.354824
    7 -3.108188 1.516823 4.339626 1.238993 -1.024532 -4.799756
    8 4.827512 0.000000 -0.000002 -0.442114 -0.107110 -0.999886
    9 11.140032 0.000000 0.000000 0.070821 -0.117663 -0.802248
    10 10.314563 -0.000001 0.000001 -3.988822 0.203081 -0.504208
    11 1.646836 0.445664 -1.699647 -0.161704 0.581044 -0.283978
    12 0.928312 0.000000 0.000000 0.000000 0.000000 0.000000
    13 0.928313 0.000000 -0.000001 0.000000 0.000000 0.000000
    14 2.979373 -0.388274 -0.044205 -0.000805 -0.043611 0.000046
    15 1.435262 -0.000001 -0.000001 0.000000 0.000000 0.872146
    16 1.482593 -0.000001 0.000001 0.000000 0.000000 0.907041
    17 -2.869899 1.399667 -4.140396 -1.163265 1.764468 -4.903713
    18 4.972047 0.000000 0.000000 1.087734 -0.576156 -1.716647
    19 11.585358 0.000000 0.000001 0.386603 -0.383255 -1.617651
    20 10.127058 0.000000 0.000001 1.820165 0.618639 0.534832
    21 1.537458 0.109715 1.664489 -0.264662 -0.055995 0.783079
    22 0.928313 0.000000 0.000002 0.000000 0.000000 -0.453501
    23 0.928311 0.000000 0.000001 0.000000 0.000000 0.000000
    24 2.686395 -0.427337 0.044204 -0.005762 0.043239 -0.157074
    25 1.435260 0.000000 0.000001 0.000000 0.000000 0.732613
    26 1.482593 0.000000 -0.000001 0.000000 0.000000 1.168644
    27 2.046984 0.000001 0.000000 0.215716 0.285623 -0.344846
    28 -0.000005 0.000007 3.713254 -0.099865 -3.047848 5.708602
    29 18.045723 0.000000 0.000000 0.000000 0.000000 -0.413544
    30 17.597597 0.000000 0.000000 -0.057202 -0.016721 -0.162308
    31 0.000005 -0.000003 -3.713254 0.807612 2.831522 6.175187
    32 18.045721 0.000000 0.000000 0.000000 0.000000 -0.782250
    33 17.597597 0.000000 0.000000 0.178693 0.125253 0.485308
  time 53
    0 0.254879 -0.281108 0.368674 0.000000 0.000000 -1.571017
    1 -3.386826 0.207038 0.000000 -1.570795 -1.570787 0.000000
    2 1.293670 0.684478 -0.000001 0.000299 0.025358 0.010374
    3 5.309685 -0.003834 0.000000 -0.073650 -0.036146 -0.007885
    4 4.826790 -0.004591 0.000000 -0.072177 -0.017030 -0.196109
    5 5.792767 -0.005304 0.000000 -0.107513 0.075287 -0.182647
    6 6.662322 -0.001452 0.000000 0.004698 0.139666 0.354824
    7 -3.108188 1.516823 4.339626 1.238993 -1.024532 -4.799756
    8 4.827512 0.000000 -0.000002 -0.441875 -0.106940 -1.006039
    9 11.140032 0.000000 0.000000 0.070821 -0.114317 -0.773340
    10 10.314563 -0.000001 0.000001 -3.988822 0.203081 -0.504208
    11 1.646836 0.445664 -1.699647 -0.161704 0.581044 -0.283978
    12 0.928312 0.000000 0.000000 0.000000 0.000000 0.000000
    13 0.928313 0.000000 -0.000001 0.000000 0.000000 0.000000
    14 2.979373 -0.388274 -0.044205 -0.000805 -0.043611 0.000046
    15 1.435262 -0.000001 -0.000001 0.000000 0.000000 0.872146
    16 1.482593 -0.000001 0.000001 0.000000 0.000000 0.907041
    17 -2.869899 1.399667 -4.140396 -1.163265 1.764468 -4.903713
    18 4.972047 0.000000 0.000000 1.104524 -0.554542 -1.726430
    19 11.585358 0.000000 0.000001 0.386603 -0.383096 -1.625574
    20 10.127058 0.000000 0.000001 1.893094 0.607291 0.658936
    21 1.537458 0.109715 1.664489 -0.264662 -0.055995 0.783079
    22 0.928313 0.000000 0.000002 0.000000 0.000000 -0.453501
    23 0.928311 0.000000 0.000001 0.000000 0.000000 0.000000
    24 2.686395 -0.427337 0.044204 -0.005762 0.043239 -0.157074
    25 1.435260 0.000000 0.000001 0.000000 0.000000 0.732613
    26 1.482593 0.000000 -0.000001 0.000000 0.000000 1.168644
    27 2.046984 0.000001 0.000000 0.237301 0.312264 -0.359871
    28 -0.000005 0.000007 3.713254 -0.099865 -3.047848 5.708602
    29 18.045723 0.000000 0.000000 0.000000 0.000000 -0.413544
    30 17.597597 0.000000 0.000000 -0.057202 -0.016721 -0.162308
    31 0.000005 -0.000003 -3.713254 0.807612 2.831522 6.175187
    32 18.045721 0.000000 0.000000 0.000000 0.000000 -0.782250
    33 17.597597 0.000000 0.000000 0.178693 0.125253 0.485308
  time 54
    0 0.254879 -0.281108 0.368674 0.000000 0.000000 -1.571017
    1 -3.386826 0.207038 0.000000 -1.570795 -1.570787 0.000000
    2 1.293670 0.684478 -0.000001 0.000299 0.025358 0.010374
    3 5.309685 -0.003834 0.000000 -0.073650 -0.036146 -0.007885
    4 4.826790 -0.004591 0.000000 -0.072177 -0.017030 -0.196109
    5 5.792767 -0.005304 0.000000 -0.107782 0.074484 -0.177892
    6 6.662322 -0.001452 0.000000 0.004698 0.139666 0.354824
    7 -3.108188 1.516823 4.339626 1.238993 -1.024532 -4.799756
    8 4.827512 0.000000 -0.000002 -0.442752 -0.109327 -1.011671
    9 11.140032 0.000000 0.000000 0.070821 -0.111471 -0.749865
    10 10.314563 -0.000001 0.000001 -3.988822 0.203081 -0.504208
    11 1.646836 0.445664 -1.699647 -0.161704 0.581044 -0.283978
    12 0.928312 0.000000 0.000000 0.000000 0.000000 0.000000
    13 0.928313 0.000000 -0.000001 0.000000 0.000000 0.000000
    14 2.979373 -0.388274 -0.044205 -0.000805 -0.043611 0.000046
    15 1.435262 -0.000001 -0.000001 0.000000 0.000000 0.872146
    16 1.482593 -0.000001 0.000001 0.000000 0.000000 0.907041
    17 -2.869899 1.399667 -4.140396 -1.163265 1.764468 -4.903713
    18 4.972047 0.000000 0.000000 1.117468 -0.538151 -1.733951
    19 11.585358 0.000000 0.000001 0.386603 -0.383028 -1.629658
    20 10.127058 0.000000 0.000001 1.942531 0.599537 0.743122
    21 1.537458 0.109715 1.664489 -0.264662 -0.055995 0.783079
    22 0.928313 0.000000 0.000002 0.000000 0.000000 -0.453501
    23 0.928311 0.000000 0.000001 0.000000 0.000000 0.000000
    24 2.686395 -0.427337 0.044204 -0.005762 0.043239 -0.157074
    25 1.435260 0.000000 0.000001 0.000000 0.000000 0.732613
    26 1.482593 0.000000 -0.000001 0.000000 0.000000 1.168644
    27 2.046984 0.000001 0.000000 0.251949 0.335159 -0.370090
    28 -0.000005 0.000007 3.713254 -0.099865 -3.047848 5.708602
    29 18.045723 0.000000 0.000000 0.000000 0.000000 -0.413544
    30 17.597597 0.000000 0.000000 -0.057202 -0.016721 -0.162308
    31 0.000005 -0.000003 -3.713254 0.807612 2.831522 6.175187
    32 18.045721 0.000000 0.000000 0.000000 0.000000 -0.782250
    33 17.597597 0.000000 0.000000 0.178693 0.125253 0.485308
  time 55
    0 0.254879 -0.281108 0.368674 0.000000 0.000000 -1.571017
    1 -3.386826 0.207038 0.000000 -1.570795 -1.570787 0.000000
    2 1.293670 0.684478 -0.000001 0.000299 0.025358 0.010374
    3 5.309685 -0.003834 0.000000 -0.073650 -0.036146 -0.007885
    4 4.826790 -0.004591 0.000000 -0.072177 -0.017030 -0.196109
    5 5.792767 -0.005304 0.000000 -0.108070 0.073621 -0.172702
    6 6.662322 -0.001452 0.000000 0.004698 0.139666 0.354824
    7 -3.108188 1.516823 4.339626 1.238993 -1.024532 -4.799756
    8 4.827512 0.000000 -0.000002 -0.443868 -0.113591 -1.015484
    9 11.140032 0.000000 0.000000 0.070821 -0.109699 -0.735084
    10 10.314563 -0.000001 0.000001 -3.988822 0.203081 -0.504208
    11 1.646836 0.445664 -1.699647 -0.161704 0.581044 -0.283978
    12 0.928312 0.000000 0.000000 0.000000 0.000000 0.000000
    13 0.928313 0.000000 -0.000001 0.000000 0.000000 0.000000
    14 2.979373 -0.388274 -0.044205 -0.000805 -0.043611 0.000046
    15 1.435262 -0.000001 -0.000001 0.000000 0.000000 0.872146
    16 1.482593 -0.000001 0.000001 0.000000 0.000000 0.907041
    17 -2.869899 1.399667 -4.140396 -1.163265 1.764468 -4.903713
    18 4.972047 0.000000 0.000000 1.124410 -0.529473 -1.738277
    19 11.585358 0.000000 0.000001 0.386603 -0.383028 -1.629985
    20 10.127058 0.000000 0.000001 1.960763 0.596700 0.774136
    21 1.537458 0.109715 1.664489 -0.264662 -0.055995 0.783079
    22 0.928313 0.000000 0.000002 0.000000 0.000000 -0.453501
    23 0.928311 0.000000 0.000001 0.000000 0.000000 0.000000
    24 2.686395 -0.427337 0.044204 -0.005762 0.043239 -0.157074
    25 1.435260 0.000000 0.000001 0.000000 0.000000 0.732613
    26 1.482593 0.000000 -0.000001 0.000000 0.000000 1.168644
    27 2.046984 0.000001 0.000000 0.257334 0.352537 -0.373862
    28 -0.000005 0.000007 3.713254 -0.099865 -3.047848 5.708602
    29 18.045723 0.000000 0.000000 0.000000 0.000000 -0.413544
    30 17.597597 0.000000 0.000000 -0.057202 -0.016721 -0.162308
    31 0.000005 -0.000003 -3.713254 0.807612 2.831522 6.175187
    32 18.045721 0.000000 0.000000 0.000000 0.000000 -0.782250
    33 17.597597 0.000000 0.000000 0.178693 0.125253 0.485308
  time 56
    0 0.254879 -0.281108 0.368674 0.000000 0.000000 -1.571017
    1 -3.386826 0.207038 0.000000 -1.570795 -1.570787 0.000000
    2 1.293670 0.684478 -0.000001 0.000299 0.025358 0.010374
    3 5.309685 -0.003834 0.000000 -0.073650 -0.036146 -0.007885
    4 4.826790 -0.004591 0.000000 -0.072177 -0.017030 -0.196109
    5 5.792767 -0.005304 0.000000 -0.108358 0.072746 -0.167511
    6 6.662322 -0.001452 0.000000 0.004698 0.139666 0.354824
    7 -3.108188 1.516823 4.339626 1.238993 -1.024532 -4.799756
    8 4.827512 0.000000 -0.000002 -0.445303 -0.118281 -1.017996
    9 11.140032 0.000000 0.000000 0.070821 -0.108700 -0.726752
    10 10.314563 -0.000001 0.000001 -3.988822 0.203081 -0.504208
    11 1.646836 0.445664 -1.699647 -0.161704 0.581044 -0.283978
    12 0.928312 0.000000 0.000000 0.000000 0.000000 0.000000
    13 0.928313 0.000000 -0.000001 0.000000 0.000000 0.000000
    14 2.979373 -0.388274 -0.044205 -0.000805 -0.043611 0.000046
    15 1.435262 -0.000001 -0.000001 0.000000 0.000000 0.872146
    16 1.482593 -0.000001 0.000001 0.000000 0.000000 0.907041
    17 -2.869899 1.399667 -4.140396 -1.163265 1.764468 -4.903713
    18 4.972047 0.000000 0.000000 1.127880 -0.525376 -1.740740
    19 11.585358 0.000000 0.000001 0.386603 -0.383051 -1.627861
    20 10.127058 0.000000 0.000001 1.960763 0.596700 0.774136
    21 1.537458 0.109715 1.664489 -0.264662 -0.055995 0.783079
    22 0.928313 0.000000 0.000002 0.000000 0.000000 -0.453501
    23 0.928311 0.000000 0.000001 0.000000 0.000000 0.000000
    24 2.686395 -0.427337 0.044204 -0.005762 0.043239 -0.157074
    25 1.435260 0.000000 0.000001 0.000000 0.000000 0.732613
    26 1.482593 0.000000 -0.000001 0.000000 0.000000 1.168644
    27 2.046984 0.000001 0.000000 0.256386 0.365754 -0.373192
    28 -0.000005 0.000007 3.713254 -0.099865 -3.047848 5.708602
    29 18.045723 0.000000 0.000000 0.000000 0.000000 -0.413544
    30 17.597597 0.000000 0.000000 -0.057202 -0.016721 -0.162308
    31 0.000005 -0.000003 -3.713254 0.807612 2.831522 6.175187
    32 18.045721 0.000000 0.000000 0.000000 0.000000 -0.782250
    33 17.597597 0.000000 0.000000 0.178693 0.125253 0.485308
  time 57
    0 0.254879 -0.281108 0.368674 0.000000 0.000000 -1.571017
    1 -3.386826 0.207038 0.000000 -1.570795 -1.570787 0.000000
    2 1.293670 0.684478 -0.000001 0.000299 0.025358 0.010374
    3 5.309685 -0.003834 0.000000 -0.073650 -0.036146 -0.007885
    4 4.826790 -0.004591 0.000000 -0.072177 -0.017030 -0.196109
    5 5.792767 -0.005304 0.000000 -0.108628 0.071943 -0.162735
    6 6.662322 -0.001452 0.000000 0.004698 0.139666 0.354824
    7 -3.108188 1.516823 4.339626 1.238993 -1.024532 -4.799756
    8 4.827512 0.000000 -0.000002 -0.446419 -0.122545 -1.019989
    9 11.140032 0.000000 0.000000 0.070821 -0.107926 -0.720449
    10 10.314563 -0.000001 0.000001 -3.988822 0.203081 -0.504208
    11 1.646836 0.445664 -1.699647 -0.161704 0.581044 -0.283978
    12 0.928312 0.000000 0.000000 0.000000 0.000000 0.000000
    13 0.928313 0.000000 -0.000001 0.000000 0.000000 0.000000
    14 2.979373 -0.388274 -0.044205 -0.000805 -0.043611 0.000046
    15 1.435262 -0.000001 -0.000001 0.000000 0.000000 0.872146
    16 1.482593 -0.000001 0.000001 0.000000 0.000000 0.907041
    17 -2.869899 1.399667 -4.140396 -1.163265 1.764468 -4.903713
    18 4.972047 0.000000 0.000000 1.131257 -0.521358 -1.743269
    19 11.585358 0.000000 0.000001 0.386603 -0.383119 -1.625166
    20 10.127058 0.000000 0.000001 1.960763 0.596700 0.774136
    21 1.537458 0.109715 1.664489 -0.264662 -0.055995 0.783079
    22 0.928313 0.000000 0.000002 0.000000 0.000000 -0.453501
    23 0.928311 0.000000 0.000001 0.000000 0.000000 0.000000
    24 2.686395 -0.427337 0.044204 -0.005762 0.043239 -0.157074
    25 1.435260 0.000000 0.000001 0.000000 0.000000 0.732613
    26 1.482593 0.000000 -0.000001 0.000000 0.000000 1.168644
    27 2.046984 0.000001 0.000000 0.253888 0.377408 -0.371489
    28 -0.000005 0.000007 3.713254 -0.099865 -3.047848 5.708602
    29 18.045723 0.000000 0.000000 0.000000 0.000000 -0.413544
    30 17.597597 0.000000 0.000000 -0.057202 -0.016721 -0.162308
    31 0.000005 -0.000003 -3.713254 0.807612 2.831522 6.175187
    32 18.045721 0.000000 0.000000 0.000000 0.000000 -0.782250
    33 17.597597 0.000000 0.000000 0.178693 0.125253 0.485308
  time 58
    0 0.254879 -0.281108 0.368674 0.000000 0.000000 -1.571017
    1 -3.386826 0.207038 0.000000 -1.570795 -1.570787 0.000000
    2 1.293670 0.684478 -0.000001 0.000299 0.025358 0.010374
    3 5.309685 -0.003834 0.000000 -0.073650 -0.036146 -0.007885
    4 4.826790 -0.004591 0.000000 -0.072177 -0.017030 -0.196109
    5 5.792767 -0.005304 0.000000 -0.108844 0.071284 -0.158811
    6 6.662322 -0.001452 0.000000 0.004698 0.139666 0.354824
    7 -3.108188 1.516823 4.339626 1.238993 -1.024532 -4.799756
    8 4.827512 0.000000 -0.000002 -0.447375 -0.126126 -1.021549
    9 11.140032 0.000000 0.000000 0.070821 -0.107327 -0.715522
    10 10.314563 -0.000001 0.000001 -3.988822 0.203081 -0.504208
    11 1.646836 0.445664 -1.699647 -0.161704 0.581044 -0.283978
    12 0.928312 0.000000 0.000000 0.000000 0.000000 0.000000
    13 0.928313 0.000000 -0.000001 0.000000 0.000000 0.000000
    14 2.979373 -0.388274 -0.044205 -0.000805 -0.043611 0.000046
    15 1.435262 -0.000001 -0.000001 0.000000 0.000000 0.872146
    16 1.482593 -0.000001 0.000001 0.000000 0.000000 0.907041
    17 -2.869899 1.399667 -4.140396 -1.163265 1.764468 -4.903713
    18 4.972047 0.000000 0.000000 1.134352 -0.517742 -1.745665
    19 11.585358 0.000000 0.000001 0.386603 -0.383165 -1.622062
    20 10.127058 0.000000 0.000001 1.960763 0.596700 0.774136
    21 1.537458 0.109715 1.664489 -0.264662 -0.055995 0.783079
    22 0.928313 0.000000 0.000002 0.000000 0.000000 -0.453501
    23 0.928311 0.000000 0.000001 0.000000 0.000000 0.000000
    24 2.686395 -0.427337 0.044204 -0.005762 0.043239 -0.157074
    25 1.435260 0.000000 0.000001 0.000000 0.000000 0.732613
    26 1.482593 0.000000 -0.000001 0.000000 0.000000 1.168644
    27 2.046984 0.000001 0.000000 0.250182 0.387557 -0.368934
    28 -0.000005 0.000007 3.713254 -0.099865 -3.047848 5.708602
    29 18.045723 0.000000 0.000000 0.000000 0.000000 -0.413544
    30 17.597597 0.000000 0.000000 -0.057202 -0.016721 -0.162308
    31 0.000005 -0.000003 -3.713254 0.807612 2.831522 6.175187
    32 18.045721 0.000000 0.000000 0.000000 0.000000 -0.782250
    33 17.597597 0.000000 0.000000 0.178693 0.125253 0.485308
  time 59
    0 0.254879 -0.281108 0.368674 0.000000 0.000000 -1.571017
    1 -3.386826 0.207038 0.000000 -1.570795 -1.570787 0.000000
    2 1.293670 0.684478 -0.000001 0.000299 0.025358 0.010374
    3 5.309685 -0.003834 0.000000 -0.073650 -0.036146 -0.007885
    4 4.826790 -0.004591 0.000000 -0.072177 -0.017030 -0.196109
    5 5.792767 -0.005304 0.000000 -0.108988 0.070841 -0.156154
    6 6.662322 -0.001452 0.000000 0.004698 0.139666 0.354824
    7 -3.108188 1.516823 4.339626 1.238993 -1.024532 -4.799756
    8 4.827512 0.000000 -0.000002 -0.448013 -0.128429 -1.022762
    9 11.140032 0.000000 0.000000 0.070821 -0.106828 -0.711464
    10 10.314563 -0.000001 0.000001 -3.988822 0.203081 -0.504208
    11 1.646836 0.445664 -1.699647 -0.161704 0.581044 -0.283978
    12 0.928312 0.000000 0.000000 0.000000 0.000000 0.000000
    13 0.928313 0.000000 -0.000001 0.000000 0.000000 0.000000
    14 2.979373 -0.388274 -0.044205 -0.000805 -0.043611 0.000046
    15 1.435262 -0.000001 -0.000001 0.000000 0.000000 0.872146
    16 1.482593 -0.000001 0.000001 0.000000 0.000000 0.907041
    17 -2.869899 1.399667 -4.140396 -1.163265 1.764468 -4.903713
    18 4.972047 0.000000 0.000000 1.136979 -0.514850 -1.747794
    19 11.585358 0.000000 0.000001 0.386603 -0.383255 -1.618468
    20 10.127058 0.000000 0.000001 1.960763 0.596700 0.774136
    21 1.537458 0.109715 1.664489 -0.264662 -0.055995 0.783079
    22 0.928313 0.000000 0.000002 0.000000 0.000000 -0.453501
    23 0.928311 0.000000 0.000001 0.000000 0.000000 0.000000
    24 2.686395 -0.427337 0.044204 -0.005762 0.043239 -0.157074
    25 1.435260 0.000000 0.000001 0.000000 0.000000 0.732613
    26 1.482593 0.000000 -0.000001 0.000000 0.000000 1.168644
    27 2.046984 0.000001 0.000000 0.245702 0.396202 -0.365771
    28 -0.000005 0.000007 3.713254 -0.099865 -3.047848 5.708602
    29 18.045723 0.000000 0.000000 0.000000 0.000000 -0.413544
    30 17.597597 0.000000 0.000000 -0.057202 -0.016721 -0.162308
    31 0.000005 -0.000003 -3.713254 0.807612 2.831522 6.175187
    32 18.045721 0.000000 0.000000 0.000000 0.000000 -0.782250
    33 17.597597 0.000000 0.000000 0.178693 0.125253 0.485308
  time 60
    0 0.254879 -0.281108 0.368674 0.000000 0.000000 -1.571017
    1 -3.386826 0.207038 0.000000 -1.570795 -1.570787 0.000000
    2 1.293670 0.684478 -0.000001 0.000299 0.025358 0.010374
    3 5.309685 -0.003834 0.000000 -0.073650 -0.036146 -0.007885
    4 4.826790 -0.004591 0.000000 -0.072177 -0.017030 -0.196109
    5 5.792767 -0.005304 0.000000 -0.109042 0.070673 -0.155157
    6 6.662322 -0.001452 0.000000 0.004698 0.139666 0.354824
    7 -3.108188 1.516823 4.339626 1.238993 -1.024532 -4.799756
    8 4.827512 0.000000 -0.000002 -0.448252 -0.129367 -1.023802
    9 11.140032 0.000000 0.000000 0.070821 -0.106378 -0.707697
    10 10.314563 -0.000001 0.000001 -3.988822 0.203081 -0.504208
    11 1.646836 0.445664 -1.699647 -0.161704 0.581044 -0.283978
    12 0.928312 0.000000 0.000000 0.000000 0.000000 0.000000
    13 0.928313 0.000000 -0.000001 0.000000 0.000000 0.000000
    14 2.979373 -0.388274 -0.044205 -0.000805 -0.043611 0.000046
    15 1.435262 -0.000001 -0.000001 0.000000 0.000000 0.872146
    16 1.482593 -0.000001 0.000001 0.000000 0.000000 0.907041
    17 -2.869899 1.399667 -4.140396 -1.163265 1.764468 -4.903713
    18 4.972047 0.000000 0.000000 1.138948 -0.512841 -1.749591
    19 11.585358 0.000000 0.000001 0.386603 -0.383323 -1.614466
    20 10.127058 0.000000 0.000001 1.960763 0.596700 0.774136
    21 1.537458 0.109715 1.664489 -0.264662 -0.055995 0.783079
    22 0.928313 0.000000 0.000002 0.000000 0.000000 -0.453501
    23 0.928311 0.000000 0.000001 0.000000 0.000000 0.000000
    24 2.686395 -0.427337 0.044204 -0.005762 0.043239 -0.157074
    25 1.435260 0.000000 0.000001 0.000000 0.000000 0.732613
    26 1.482593 0.000000 -0.000001 0.000000 0.000000 1.168644
    27 2.046984 0.000001 0.000000 0.240834 0.403371 -0.362426
    28 -0.000005 0.000007 3.713254 -0.099865 -3.047848 5.708602
    29 18.045723 0.000000 0.000000 0.000000 0.000000 -0.413544
    30 17.597597 0.000000 0.000000 -0.057202 -0.016721 -0.162308
    31 0.000005 -0.000003 -3.713254 0.807612 2.831522 6.175187
    32 18.045721 0.000000 0.000000 0.000000 0.000000 -0.782250
    33 17.597597 0.000000 0.000000 0.178693 0.125253 0.485308
  time 61
    0 0.254879 -0.281108 0.368674 0.000000 0.000000 -1.571017
    1 -3.386826 0.207038 0.000000 -1.570795 -1.570787 0.000000
    2 1.293670 0.684478 -0.000001 0.000299 0.025358 0.010374
    3 5.309685 -0.003834 0.000000 -0.073650 -0.036146 -0.007885
    4 4.826790 -0.004591 0.000000 -0.072177 -0.017030 -0.196109
    5 5.792767 -0.005304 0.000000 -0.109042 0.070673 -0.155157
    6 6.662322 -0.001452 0.000000 0.004698 0.139666 0.354824
    7 -3.108188 1.516823 4.339626 1.238993 -1.024532 -4.799756
    8 4.827512 0.000000 -0.000002 -0.448252 -0.129452 -1.024495
    9 11.140032 0.000000 0.000000 0.070821 -0.106004 -0.704581
    10 10.314563 -0.000001 0.000001 -3.988822 0.203081 -0.504208
    11 1.646836 0.445664 -1.699647 -0.161704 0.581044 -0.283978
    12 0.928312 0.000000 0.000000 0.000000 0.000000 0.000000
    13 0.928313 0.000000 -0.000001 0.000000 0.000000 0.000000
    14 2.979373 -0.388274 -0.044205 -0.000805 -0.043611 0.000046
    15 1.435262 -0.000001 -0.000001 0.000000 0.000000 0.872146
    16 1.482593 -0.000001 0.000001 0.000000 0.000000 0.907041
    17 -2.869899 1.399667 -4.140396 -1.163265 1.764468 -4.903713
    18 4.972047 0.000000 0.000000 1.140262 -0.511475 -1.750989
    19 11.585358 0.000000 0.000001 0.386603 -0.383391 -1.610463
    20 10.127058 0.000000 0.000001 1.960763 0.596700 0.774136
    21 1.537458 0.109715 1.664489 -0.264662 -0.055995 0.783079
    22 0.928313 0.000000 0.000002 0.000000 0.000000 -0.453501
    23 0.928311 0.000000 0.000001 0.000000 0.000000 0.000000
    24 2.686395 -0.427337 0.044204 -0.005762 0.043239 -0.157074
    25 1.435260 0.000000 0.000001 0.000000 0.000000 0.732613
    26 1.482593 0.000000 -0.000001 0.000000 0.000000 1.168644
    27 2.046984 0.000001 0.000000 0.235922 0.409183 -0.359019
    28 -0.000005 0.000007 3.713254 -0.099865 -3.047848 5.708602
    29 18.045723 0.000000 0.000000 0.000000 0.000000 -0.413544
    30 17.597597 0.000000 0.000000 -0.057202 -0.016721 -0.162308
    31 0.000005 -0.000003 -3.713254 0.807612 2.831522 6.175187
    32 18.045721 0.000000 0.000000 0.000000 0.000000 -0.782250
    33 17.597597 0.000000 0.000000 0.178693 0.125253 0.485308
  time 62
    0 0.254879 -0.281108 0.368674 0.000000 0.000000 -1.571017
    1 -3.386826 0.207038 0.000000 -1.570795 -1.570787 0.000000
    2 1.293670 0.684478 -0.000001 0.000299 0.025358 0.010374
    3 5.309685 -0.003834 0.000000 -0.073650 -0.036146 -0.007885
    4 4.826790 -0.004591 0.000000 -0.072177 -0.017030 -0.196109
    5 5.792767 -0.005304 0.000000 -0.109042 0.070673 -0.155157
    6 6.662322 -0.001452 0.000000 0.004698 0.139666 0.354824
    7 -3.108188 1.516823 4.339626 1.238993 -1.024532 -4.799756
    8 4.827512 0.000000 -0.000002 -0.448491 -0.129367 -1.025015
    9 11.140032 0.000000 0.000000 0.070821 -0.105779 -0.702625
    10 10.314563 -0.000001 0.000001 -3.988822 0.203081 -0.504208
    11 1.646836 0.445664 -1.699647 -0.161704 0.581044 -0.283978
    12 0.928312 0.000000 0.000000 0.000000 0.000000 0.000000
    13 0.928313 0.000000 -0.000001 0.000000 0.000000 0.000000
    14 2.979373 -0.388274 -0.044205 -0.000805 -0.043611 0.000046
    15 1.435262 -0.000001 -0.000001 0.000000 0.000000 0.872146
    16 1.482593 -0.000001 0.000001 0.000000 0.000000 0.907041
    17 -2.869899 1.399667 -4.140396 -1.163265 1.764468 -4.903713
    18 4.972047 0.000000 0.000000 1.141481 -0.510350 -1.752254
    19 11.585358 0.000000 0.000001 0.386603 -0.383459 -1.607033
    20 10.127058 0.000000 0.000001 1.960763 0.596700 0.774136
    21 1.537458 0.109715 1.664489 -0.264662 -0.055995 0.783079
    22 0.928313 0.000000 0.000002 0.000000 0.000000 -0.453501
    23 0.928311 0.000000 0.000001 0.000000 0.000000 0.000000
    24 2.686395 -0.427337 0.044204 -0.005762 0.043239 -0.157074
    25 1.435260 0.000000 0.000001 0.000000 0.000000 0.732613
    26 1.482593 0.000000 -0.000001 0.000000 0.000000 1.168644
    27 2.046984 0.000001 0.000000 0.231441 0.413609 -0.355917
    28 -0.000005 0.000007 3.713254 -0.099865 -3.047848 5.708602
    29 18.045723 0.000000 0.000000 0.000000 0.000000 -0.413544
    30 17.597597 0.000000 0.000000 -0.057202 -0.016721 -0.162308
    31 0.000005 -0.000003 -3.713254 0.807612 2.831522 6.175187
    32 18.045721 0.000000 0.000000 0.000000 0.000000 -0.782250
    33 17.597597 0.000000 0.000000 0.178693 0.125253 0.485308
  time 63
    0 0.254879 -0.281108 0.368674 0.000000 0.000000 -1.571017
    1 -3.386826 0.207038 0.000000 -1.570795 -1.570787 0.000000
    2 1.293670 0.684478 -0.000001 0.000299 0.025358 0.010374
    3 5.309685 -0.003834 0.000000 -0.073650 -0.036146 -0.007885
    4 4.826790 -0.004591 0.000000 -0.072177 -0.017030 -0.196109
    5 5.792767 -0.005304 0.000000 -0.109042 0.070673 -0.155157
    6 6.662322 -0.001452 0.000000 0.004698 0.139666 0.354824
    7 -3.108188 1.516823 4.339626 1.238993 -1.024532 -4.799756
    8 4.827512 0.000000 -0.000002 -0.448332 -0.129623 -1.025448
    9 11.140032 0.000000 0.000000 0.070821 -0.105579 -0.701031
    10 10.314563 -0.000001 0.000001 -3.988822 0.203081 -0.504208
    11 1.646836 0.445664 -1.699647 -0.161704 0.581044 -0.283978
    12 0.928312 0.000000 0.000000 0.000000 0.000000 0.000000
    13 0.928313 0.000000 -0.000001 0.000000 0.000000 0.000000
    14 2.979373 -0.388274 -0.044205 -0.000805 -0.043611 0.000046
    15 1.435262 -0.000001 -0.000001 0.000000 0.000000 0.872146
    16 1.482593 -0.000001 0.000001 0.000000 0.000000 0.907041
    17 -2.869899 1.399667 -4.140396 -1.163265 1.764468 -4.903713
    18 4.972047 0.000000 0.000000 1.142419 -0.509466 -1.753252
    19 11.585358 0.000000 0.000001 0.386603 -0.383528 -1.604337
    20 10.127058 0.000000 0.000001 1.960763 0.596700 0.774136
    21 1.537458 0.109715 1.664489 -0.264662 -0.055995 0.783079
    22 0.928313 0.000000 0.000002 0.000000 0.000000 -0.453501
    23 0.928311 0.000000 0.000001 0.000000 0.000000 0.000000
    24 2.686395 -0.427337 0.044204 -0.005762 0.043239 -0.157074
    25 1.435260 0.000000 0.000001 0.000000 0.000000 0.732613
    26 1.482593 0.000000 -0.000001 0.000000 0.000000 1.168644
    27 2.046984 0.000001 0.000000 0.227736 0.416707 -0.353362
    28 -0.000005 0.000007 3.713254 -0.099865 -3.047848 5.708602
    29 18.045723 0.000000 0.000000 0.000000 0.000000 -0.413544
    30 17.597597 0.000000 0.000000 -0.057202 -0.016721 -0.162308
    31 0.000005 -0.000003 -3.713254 0.807612 2.831522 6.175187
    32 18.045721 0.000000 0.000000 0.000000 0.000000 -0.782250
    33 17.597597 0.000000 0.000000 0.178693 0.125253 0.485308
  time 64
    0 0.254879 -0.281108 0.368674 0.000000 0.000000 -1.571017
    1 -3.386826 0.207038 0.000000 -1.570795 -1.570787 0.000000
    2 1.293670 0.684478 -0.000001 0.000299 0.025358 0.010374
    3 5.309685 -0.003834 0.000000 -0.073650 -0.036146 -0.007885
    4 4.826790 -0.004591 0.000000 -0.072177 -0.017030 -0.196109
    5 5.792767 -0.005304 0.000000 -0.109042 0.070673 -0.155157
    6 6.662322 -0.001452 0.000000 0.004698 0.139666 0.354824
    7 -3.108188 1.516823 4.339626 1.238993 -1.024532 -4.799756
    8 4.827512 0.000000 -0.000002 -0.448332 -0.129623 -1.025448
    9 11.140032 0.000000 0.000000 0.070821 -0.105579 -0.701031
    10 10.314563 -0.000001 0.000001 -3.988822 0.203081 -0.504208
    11 1.646836 0.445664 -1.699647 -0.161704 0.581044 -0.283978
    12 0.928312 0.000000 0.000000 0.000000 0.000000 0.000000
    13 0.928313 0.000000 -0.000001 0.000000 0.000000 0.000000
    14 2.979373 -0.388274 -0.044205 -0.000805 -0.043611 0.000046
    15 1.435262 -0.000001 -0.000001 0.000000 0.000000 0.872146
    16 1.482593 -0.000001 0.000001 0.000000 0.000000 0.907041
    17 -2.869899 1.399667 -4.140396 -1.163265 1.764468 -4.903713
    18 4.972047 0.000000 0.000000 1.142982 -0.508824 -1.753918
    19 11.585358 0.000000 0.000001 0.386603 -0.383550 -1.602541
    20 10.127058 0.000000 0.000001 1.960763 0.596700 0.774136
    21 1.537458 0.109715 1.664489 -0.264662 -0.055995 0.783079
    22 0.928313 0.000000 0.000002 0.000000 0.000000 -0.453501
    23 0.928311 0.000000 0.000001 0.000000 0.000000 0.000000
    24 2.686395 -0.427337 0.044204 -0.005762 0.043239 -0.157074
    25 1.435260 0.000000 0.000001 0.000000 0.000000 0.732613
    26 1.482593 0.000000 -0.000001 0.000000 0.000000 1.168644
    27 2.046984 0.000001 0.000000 0.225237 0.418536 -0.351598
    28 -0.000005 0.000007 3.713254 -0.099865 -3.047848 5.708602
    29 18.045723 0.000000 0.000000 0.000000 0.000000 -0.413544
    30 17.597597 0.000000 0.000000 -0.057202 -0.016721 -0.162308
    31 0.000005 -0.000003 -3.713254 0.807612 2.831522 6.175187
    32 18.045721 0.000000 0.000000 0.000000 0.000000 -0.782250
    33 17.597597 0.000000 0.000000 0.178693 0.125253 0.485308
  time 65
    0 0.254879 -0.281108 0.368674 0.000000 0.000000 -1.571017
    1 -3.386826 0.207038 0.000000 -1.570795 -1.570787 0.000000
    2 1.293670 0.684478 -0.000001 0.000299 0.025358 0.010374
    3 5.309685 -0.003834 0.000000 -0.073650 -0.036146 -0.007885
    4 4.826790 -0.004591 0.000000 -0.072177 -0.017030 -0.196109
    5 5.792767 -0.005304 0.000000 -0.109042 0.070673 -0.155157
    6 6.662322 -0.001452 0.000000 0.004698 0.139666 0.354824
    7 -3.108188 1.516823 4.339626 1.238993 -1.024532 -4.799756
    8 4.827512 0.000000 -0.000002 -0.448332 -0.129708 -1.025188
    9 11.140032 0.000000 0.000000 0.070821 -0.105579 -0.701031
    10 10.314563 -0.000001 0.000001 -3.988822 0.203081 -0.504208
    11 1.646836 0.445664 -1.699647 -0.161704 0.581044 -0.283978
    12 0.928312 0.000000 0.000000 0.000000 0.000000 0.000000
    13 0.928313 0.000000 -0.000001 0.000000 0.000000 0.000000
    14 2.979373 -0.388274 -0.044205 -0.000805 -0.043611 0.000046
    15 1.435262 -0.000001 -0.000001 0.000000 0.000000 0.872146
    16 1.482593 -0.000001 0.000001 0.000000 0.000000 0.907041
    17 -2.869899 1.399667 -4.140396 -1.163265 1.764468 -4.903713
    18 4.972047 0.000000 0.000000 1.143263 -0.508663 -1.754117
    19 11.585358 0.000000 0.000001 0.386603 -0.383573 -1.601969
    20 10.127058 0.000000 0.000001 1.960763 0.596700 0.774136
    21 1.537458 0.109715 1.664489 -0.264662 -0.055995 0.783079
    22 0.928313 0.000000 0.000002 0.000000 0.000000 -0.453501
    23 0.928311 0.000000 0.000001 0.000000 0.000000 0.000000
    24 2.686395 -0.427337 0.044204 -0.005762 0.043239 -0.157074
    25 1.435260 0.000000 0.000001 0.000000 0.000000 0.732613
    26 1.482593 0.000000 -0.000001 0.000000 0.000000 1.168644
    27 2.046984 0.000001 0.000000 0.224333 0.419155 -0.350990
    28 -0.000005 0.000007 3.713254 -0.099865 -3.047848 5.708602
    29 18.045723 0.000000 0.000000 0.000000 0.000000 -0.413544
    30 17.597597 0.000000 0.000000 -0.057202 -0.016721 -0.162308
    31 0.000005 -0.000003 -3.713254 0.807612 2.831522 6.175187
    32 18.045721 0.000000 0.000000 0.000000 0.000000 -0.782250
    33 17.597597 0.000000 0.000000 0.178693 0.125253 0.485308
end
