version 1
nodes
  0 "Bip01" -1
  1 "Bip01 Pelvis" 0
  2 "Bip01 Spine" 1
  3 "Bip01 Spine1" 2
  4 "Bip01 Spine2" 3
  5 "Bip01 Spine3" 4
  6 "Bip01 Neck" 5
  7 "Bip01 L Arm" 6
  8 "Bip01 L Arm1" 7
  9 "Bip01 L Arm2" 8
  10 "Bip01 L Hand" 9
  11 "Bip01 L Finger0" 10
  12 "Bip01 L Finger01" 11
  13 "Bip01 L Finger02" 12
  14 "Bip01 L Finger1" 10
  15 "Bip01 L Finger11" 14
  16 "Bip01 L Finger12" 15
  17 "Bip01 R Arm" 6
  18 "Bip01 R Arm1" 17
  19 "Bip01 R Arm2" 18
  20 "Bip01 R Hand" 19
  21 "Bip01 R Finger0" 20
  22 "Bip01 R Finger01" 21
  23 "Bip01 R Finger02" 22
  24 "Bip01 R Finger1" 20
  25 "Bip01 R Finger11" 24
  26 "Bip01 R Finger12" 25
  27 "Bip01 Head" 6
  28 "Bip01 L Leg" 1
  29 "Bip01 L Leg1" 28
  30 "Bip01 L Foot" 29
  31 "Bip01 R Leg" 1
  32 "Bip01 R Leg1" 31
  33 "Bip01 R Foot" 32
end
skeleton
  time 0
    0 0.500981 2.566636 0.368674 0.000000 0.000000 -1.571017
    1 -0.523457 -0.039064 0.000000 -1.570795 -1.570787 0.000000
    2 1.293670 0.684478 -0.000001 -0.056518 -0.017522 -0.005547
    3 5.309685 -0.003834 0.000000 -0.120736 0.048070 -0.090868
    4 4.826790 -0.004591 0.000000 -0.132643 -0.000863 -0.041066
    5 5.792767 -0.005304 0.000000 -0.065188 0.074077 -0.055641
    6 6.662322 -0.001452 0.000000 -0.091910 0.032655 0.231870
    7 -3.518356 0.356631 4.277124 1.692282 -1.064066 -5.091619
    8 4.827512 0.000000 -0.000002 -1.241356 0.086461 -0.821560
    9 11.140032 0.000000 0.000000 0.000000 0.000000 -1.045185
    10 10.314563 -0.000001 0.000001 -3.909684 0.493559 0.099302
    11 1.646836 0.445664 -1.699647 -0.392035 3.352851 -0.875707
    12 0.928312 0.000000 0.000000 0.000000 0.000000 0.593404
    13 0.928313 0.000000 -0.000001 0.000000 0.000000 1.204231
    14 2.979373 -0.388274 -0.044205 -0.025050 -0.035713 0.593829
    15 1.435262 -0.000001 -0.000001 0.000000 0.000000 0.767708
    16 1.482593 -0.000001 0.000001 0.000000 0.000000 0.445026
    17 -2.975371 1.071532 -4.156022 -1.513771 0.739141 -4.851130
    18 4.972047 0.000000 0.000000 1.012320 0.306241 -1.473320
    19 11.585358 0.000000 0.000001 0.000000 0.000000 -0.385919
    20 10.127058 0.000000 0.000001 1.841412 0.337689 0.337798
    21 1.537458 0.109715 1.664489 -3.079588 0.031470 0.928526
    22 0.928313 0.000000 0.000002 0.000000 0.000000 0.061034
    23 0.928311 0.000000 0.000001 0.000000 0.000000 0.671897
    24 2.686395 -0.427337 0.044204 -0.001208 0.043611 -0.052337
    25 1.435260 0.000000 0.000001 0.000000 0.000000 1.186618
    26 1.482593 0.000000 -0.000001 0.000000 0.000000 1.684243
    27 2.046984 0.000001 0.000000 0.327689 0.060630 -0.336574
    28 -0.000005 0.000007 3.713254 -0.099865 -3.047848 5.708602
    29 18.045723 0.000000 0.000000 0.000000 0.000000 -0.413544
    30 17.597597 0.000000 0.000000 -0.057202 -0.016721 -0.162308
    31 0.000005 -0.000003 -3.713254 0.807516 2.831522 6.175187
    32 18.045721 0.000000 0.000000 0.000000 0.000000 -0.782250
    33 17.597597 0.000000 0.000000 0.178760 0.125233 0.485354
  time 1
    0 0.450198 2.472883 0.368674 0.000000 0.000000 -1.571017
    1 -0.523457 -0.039064 0.000000 -1.570795 -1.570787 0.000000
    2 1.293670 0.684478 -0.000001 -0.057529 -0.016360 -0.016144
    3 5.309685 -0.003834 0.000000 -0.075300 0.036649 -0.079652
    4 4.826790 -0.004591 0.000000 -0.086960 0.003068 -0.015313
    5 5.792767 -0.005304 0.000000 -0.044825 0.057802 -0.001762
    6 6.662322 -0.001452 0.000000 -0.091910 0.032655 0.231870
    7 -3.518356 0.356631 4.277124 1.678671 -1.077904 -5.074946
    8 4.827512 0.000000 -0.000002 -1.276671 0.214883 -0.993648
    9 11.140032 0.000000 0.000000 0.000000 0.000000 -1.080397
    10 10.314563 -0.000001 0.000001 -3.703451 0.604186 0.249454
    11 1.646836 0.445664 -1.699647 -0.392035 3.352851 -0.875707
    12 0.928312 0.000000 0.000000 0.000000 0.000000 0.593404
    13 0.928313 0.000000 -0.000001 0.000000 0.000000 1.204231
    14 2.979373 -0.388274 -0.044205 -0.026440 -0.034682 0.633565
    15 1.435262 -0.000001 -0.000001 0.000000 0.000000 0.867214
    16 1.482593 -0.000001 0.000001 0.000000 0.000000 0.445026
    17 -2.975371 1.071532 -4.156022 -1.494092 0.872907 -4.838199
    18 4.972047 0.000000 0.000000 1.122158 0.093717 -1.323304
    19 11.585358 0.000000 0.000001 0.000000 0.000000 -0.695731
    20 10.127058 0.000000 0.000001 1.836223 0.294662 0.293579
    21 1.537458 0.109715 1.664489 -3.079588 0.031470 0.928526
    22 0.928313 0.000000 0.000002 0.000000 0.000000 0.061034
    23 0.928311 0.000000 0.000001 0.000000 0.000000 0.671897
    24 2.686395 -0.427337 0.044204 -0.001208 0.043611 -0.052337
    25 1.435260 0.000000 0.000001 0.000000 0.000000 1.186618
    26 1.482593 0.000000 -0.000001 0.000000 0.000000 1.684243
    27 2.046984 0.000001 0.000000 0.268191 0.029238 -0.163212
    28 -0.000005 0.000007 3.713254 -0.099290 -3.045835 5.707165
    29 18.045723 0.000000 0.000000 0.000000 0.000000 -0.421167
    30 17.597597 0.000000 0.000000 -0.056543 -0.018493 -0.156210
    31 0.000005 -0.000003 -3.713254 0.808187 2.833823 6.178734
    32 18.045721 0.000000 0.000000 0.000000 0.000000 -0.780360
    33 17.597597 0.000000 0.000000 0.178861 0.126160 0.487387
  time 2
    0 0.395509 2.386943 0.368674 0.000000 0.000000 -1.571017
    1 -0.523457 -0.039064 0.000000 -1.570795 -1.570787 0.000000
    2 1.293670 0.684478 -0.000001 -0.058691 -0.014994 -0.028097
    3 5.309685 -0.003834 0.000000 -0.030869 0.021656 -0.066722
    4 4.826790 -0.004591 0.000000 -0.040171 0.004482 0.013746
    5 5.792767 -0.005304 0.000000 -0.028367 0.035343 0.056686
    6 6.662322 -0.001452 0.000000 -0.091910 0.032655 0.231870
    7 -3.518356 0.356631 4.277124 1.637742 -1.113772 -5.026558
    8 4.827512 0.000000 -0.000002 -1.267742 0.455270 -1.180033
    9 11.140032 0.000000 0.000000 0.000000 0.000000 -1.137128
    10 10.314563 -0.000001 0.000001 -3.313067 0.718841 0.463766
    11 1.646836 0.445664 -1.699647 -0.392035 3.352851 -0.875707
    12 0.928312 0.000000 0.000000 0.000000 0.000000 0.593404
    13 0.928313 0.000000 -0.000001 0.000000 0.000000 1.204231
    14 2.979373 -0.388274 -0.044205 -0.027962 -0.033472 0.678251
    15 1.435262 -0.000001 -0.000001 0.000000 0.000000 0.978924
    16 1.482593 -0.000001 0.000001 0.000000 0.000000 0.445026
    17 -2.975371 1.071532 -4.156022 -1.469445 0.996472 -4.819618
    18 4.972047 0.000000 0.000000 1.235467 -0.146367 -1.242440
    19 11.585358 0.000000 0.000001 0.000000 0.000000 -0.986675
    20 10.127058 0.000000 0.000001 1.832506 0.253716 0.253911
    21 1.537458 0.109715 1.664489 -3.079588 0.031470 0.928526
    22 0.928313 0.000000 0.000002 0.000000 0.000000 0.061034
    23 0.928311 0.000000 0.000001 0.000000 0.000000 0.671897
    24 2.686395 -0.427337 0.044204 -0.001208 0.043611 -0.052337
    25 1.435260 0.000000 0.000001 0.000000 0.000000 1.186618
    26 1.482593 0.000000 -0.000001 0.000000 0.000000 1.684243
    27 2.046984 0.000001 0.000000 0.237559 0.033693 0.076332
    28 -0.000005 0.000007 3.713254 -0.098811 -3.043917 5.705823
    29 18.045723 0.000000 0.000000 0.000000 0.000000 -0.429087
    30 17.597597 0.000000 0.000000 -0.055910 -0.020167 -0.149975
    31 0.000005 -0.000003 -3.713254 0.808954 2.836124 6.182377
    32 18.045721 0.000000 0.000000 0.000000 0.000000 -0.778393
    33 17.597597 0.000000 0.000000 0.178961 0.127245 0.489373
  time 3
    0 0.368164 2.332253 0.368674 0.000000 0.000000 -1.571017
    1 -0.523457 -0.039064 0.000000 -1.570795 -1.570787 0.000000
    2 1.293670 0.684478 -0.000001 -0.059769 -0.012417 -0.039414
    3 5.309685 -0.003834 0.000000 -0.005394 0.005393 -0.050242
    4 4.826790 -0.004591 0.000000 0.004597 -0.000156 0.043335
    5 5.792767 -0.005304 0.000000 -0.021711 0.007083 0.108302
    6 6.662322 -0.001452 0.000000 -0.091910 0.032655 0.231870
    7 -3.518356 0.356631 4.277124 1.565277 -1.162679 -4.945496
    8 4.827512 0.000000 -0.000002 -1.199903 0.771123 -1.272922
    9 11.140032 0.000000 0.000000 0.000000 0.000000 -1.205089
    10 10.314563 -0.000001 0.000001 -2.797674 0.742446 0.712683
    11 1.646836 0.445664 -1.699647 -0.392035 3.352851 -0.875707
    12 0.928312 0.000000 0.000000 0.000000 0.000000 0.593404
    13 0.928313 0.000000 -0.000001 0.000000 0.000000 1.204231
    14 2.979373 -0.388274 -0.044205 -0.029353 -0.032286 0.720550
    15 1.435262 -0.000001 -0.000001 0.000000 0.000000 1.084489
    16 1.482593 -0.000001 0.000001 0.000000 0.000000 0.445026
    17 -2.975371 1.071532 -4.156022 -1.434862 1.115384 -4.790884
    18 4.972047 0.000000 0.000000 1.380667 -0.391272 -1.323704
    19 11.585358 0.000000 0.000001 0.000000 0.000000 -1.224036
    20 10.127058 0.000000 0.000001 1.831665 0.211635 0.218796
    21 1.537458 0.109715 1.664489 -3.079588 0.031470 0.928526
    22 0.928313 0.000000 0.000002 0.000000 0.000000 0.061034
    23 0.928311 0.000000 0.000001 0.000000 0.000000 0.671897
    24 2.686395 -0.427337 0.044204 -0.001208 0.043611 -0.052337
    25 1.435260 0.000000 0.000001 0.000000 0.000000 1.186618
    26 1.482593 0.000000 -0.000001 0.000000 0.000000 1.684243
    27 2.046984 0.000001 0.000000 0.263495 0.058122 0.302554
    28 -0.000005 0.000007 3.713254 -0.098523 -3.042575 5.705152
    29 18.045723 0.000000 0.000000 0.000000 0.000000 -0.433158
    30 17.597597 0.000000 0.000000 -0.055454 -0.021397 -0.146628
    31 0.000005 -0.000003 -3.713254 0.809337 2.837562 6.184486
    32 18.045721 0.000000 0.000000 0.000000 0.000000 -0.777212
    33 17.597597 0.000000 0.000000 0.178995 0.127659 0.490712
  time 4
    0 0.329100 2.324441 0.368674 0.000000 0.000000 -1.571017
    1 -0.523457 -0.039064 0.000000 -1.570795 -1.570787 0.000000
    2 1.293670 0.684478 -0.000001 -0.060628 -0.008678 -0.048270
    3 5.309685 -0.003834 0.000000 0.002382 -0.008233 -0.033797
    4 4.826790 -0.004591 0.000000 0.047400 -0.011170 0.068448
    5 5.792767 -0.005304 0.000000 -0.019319 -0.022867 0.144388
    6 6.662322 -0.001452 0.000000 -0.091910 0.032655 0.231870
    7 -3.518356 0.356631 4.277124 1.455046 -1.215046 -4.827544
    8 4.827512 0.000000 -0.000002 -0.979406 1.092776 -1.151871
    9 11.140032 0.000000 0.000000 0.000000 0.000000 -1.273268
    10 10.314563 -0.000001 0.000001 -2.312135 0.678843 0.868758
    11 1.646836 0.445664 -1.699647 -0.392035 3.352851 -0.875707
    12 0.928312 0.000000 0.000000 0.000000 0.000000 0.593404
    13 0.928313 0.000000 -0.000001 0.000000 0.000000 1.204231
    14 2.979373 -0.388274 -0.044205 -0.030395 -0.031315 0.753033
    15 1.435262 -0.000001 -0.000001 0.000000 0.000000 1.165607
    16 1.482593 -0.000001 0.000001 0.000000 0.000000 0.445026
    17 -2.975371 1.071532 -4.156022 -1.411457 1.172960 -4.770291
    18 4.972047 0.000000 0.000000 1.482439 -0.586441 -1.435916
    19 11.585358 0.000000 0.000001 0.000000 0.000000 -1.412635
    20 10.127058 0.000000 0.000001 1.777459 0.208419 0.175278
    21 1.537458 0.109715 1.664489 -3.079588 0.031470 0.928526
    22 0.928313 0.000000 0.000002 0.000000 0.000000 0.061034
    23 0.928311 0.000000 0.000001 0.000000 0.000000 0.671897
    24 2.686395 -0.427337 0.044204 -0.001208 0.043611 -0.052337
    25 1.435260 0.000000 0.000001 0.000000 0.000000 1.186618
    26 1.482593 0.000000 -0.000001 0.000000 0.000000 1.684243
    27 2.046984 0.000001 0.000000 0.307354 0.086239 0.441061
    28 -0.000005 0.000007 3.713254 -0.098331 -3.041616 5.705247
    29 18.045723 0.000000 0.000000 0.000000 0.000000 -0.433528
    30 17.597597 0.000000 0.000000 -0.055048 -0.022382 -0.146261
    31 0.000005 -0.000003 -3.713254 0.809625 2.838616 6.184870
    32 18.045721 0.000000 0.000000 0.000000 0.000000 -0.776976
    33 17.597597 0.000000 0.000000 0.178961 0.127225 0.491590
  time 5
    0 0.293943 2.316628 0.368674 0.000000 0.000000 -1.571017
    1 -0.523457 -0.039064 0.000000 -1.570795 -1.570787 0.000000
    2 1.293670 0.684478 -0.000001 -0.061015 -0.004771 -0.052589
    3 5.309685 -0.003834 0.000000 0.007488 -0.015496 -0.025813
    4 4.826790 -0.004591 0.000000 0.088581 -0.024389 0.082449
    5 5.792767 -0.005304 0.000000 -0.007483 -0.047207 0.158195
    6 6.662322 -0.001452 0.000000 -0.091910 0.032655 0.231870
    7 -3.518356 0.356631 4.277124 1.306186 -1.261263 -4.673276
    8 4.827512 0.000000 -0.000002 -0.264345 1.289246 -0.517590
    9 11.140032 0.000000 0.000000 0.000000 0.000000 -1.331231
    10 10.314563 -0.000001 0.000001 -1.931892 0.625356 0.905337
    11 1.646836 0.445664 -1.699647 -0.392035 3.352851 -0.875707
    12 0.928312 0.000000 0.000000 0.000000 0.000000 0.593404
    13 0.928313 0.000000 -0.000001 0.000000 0.000000 1.204231
    14 2.979373 -0.388274 -0.044205 -0.030851 -0.030823 0.768363
    15 1.435262 -0.000001 -0.000001 0.000000 0.000000 1.204014
    16 1.482593 -0.000001 0.000001 0.000000 0.000000 0.445026
    17 -2.975371 1.071532 -4.156022 -1.452822 1.060805 -4.806400
    18 4.972047 0.000000 0.000000 1.318479 -0.714518 -1.253687
    19 11.585358 0.000000 0.000001 0.000000 0.000000 -1.548060
    20 10.127058 0.000000 0.000001 1.527888 0.316506 0.083338
    21 1.537458 0.109715 1.664489 -3.079588 0.031470 0.928526
    22 0.928313 0.000000 0.000002 0.000000 0.000000 0.061034
    23 0.928311 0.000000 0.000001 0.000000 0.000000 0.671897
    24 2.686395 -0.427337 0.044204 -0.001208 0.043611 -0.052337
    25 1.435260 0.000000 0.000001 0.000000 0.000000 1.186618
    26 1.482593 0.000000 -0.000001 0.000000 0.000000 1.684243
    27 2.046984 0.000001 0.000000 0.318598 0.136660 0.493982
    28 -0.000005 0.000007 3.713254 -0.098044 -3.040562 5.705535
    29 18.045723 0.000000 0.000000 0.000000 0.000000 -0.432936
    30 17.597597 0.000000 0.000000 -0.054668 -0.023391 -0.146628
    31 0.000005 -0.000003 -3.713254 0.809912 2.839767 6.185061
    32 18.045721 0.000000 0.000000 0.000000 0.000000 -0.776976
    33 17.597597 0.000000 0.000000 0.178894 0.126515 0.492606
  time 6
    0 0.254879 2.324441 0.368674 0.000000 0.000000 -1.571017
    1 -0.523457 -0.039064 0.000000 -1.570795 -1.570787 0.000000
    2 1.293670 0.684478 -0.000001 -0.061167 -0.000912 -0.053962
    3 5.309685 -0.003834 0.000000 0.010380 -0.018384 -0.023128
    4 4.826790 -0.004591 0.000000 0.127932 -0.037787 0.089173
    5 5.792767 -0.005304 0.000000 0.010343 -0.066502 0.157489
    6 6.662322 -0.001452 0.000000 -0.091910 0.032655 0.231870
    7 -3.518356 0.356631 4.277124 1.137293 -1.293996 -4.501091
    8 4.827512 0.000000 -0.000002 0.596199 1.217872 0.269975
    9 11.140032 0.000000 0.000000 0.000000 0.000000 -1.376296
    10 10.314563 -0.000001 0.000001 -1.635906 0.608776 0.902260
    11 1.646836 0.445664 -1.699647 -0.392035 3.352851 -0.875707
    12 0.928312 0.000000 0.000000 0.000000 0.000000 0.593404
    13 0.928313 0.000000 -0.000001 0.000000 0.000000 1.204231
    14 2.979373 -0.388274 -0.044205 -0.030983 -0.030716 0.772576
    15 1.435262 -0.000001 -0.000001 0.000000 0.000000 1.214587
    16 1.482593 -0.000001 0.000001 0.000000 0.000000 0.445026
    17 -2.975371 1.071532 -4.156022 -1.481482 0.940579 -4.829100
    18 4.972047 0.000000 0.000000 1.131820 -0.782012 -0.997782
    19 11.585358 0.000000 0.000001 0.000000 0.000000 -1.628760
    20 10.127058 0.000000 0.000001 1.320251 0.388091 -0.031161
    21 1.537458 0.109715 1.664489 -3.079588 0.031470 0.928526
    22 0.928313 0.000000 0.000002 0.000000 0.000000 0.061034
    23 0.928311 0.000000 0.000001 0.000000 0.000000 0.671897
    24 2.686395 -0.427337 0.044204 -0.001208 0.043611 -0.052337
    25 1.435260 0.000000 0.000001 0.000000 0.000000 1.186618
    26 1.482593 0.000000 -0.000001 0.000000 0.000000 1.684243
    27 2.046984 0.000001 0.000000 0.309982 0.198057 0.512656
    28 -0.000005 0.000007 3.713254 -0.097948 -3.039507 5.706014
    29 18.045723 0.000000 0.000000 0.000000 0.000000 -0.431900
    30 17.597597 0.000000 0.000000 -0.054263 -0.024400 -0.147361
    31 0.000005 -0.000003 -3.713254 0.810200 2.840821 6.184965
    32 18.045721 0.000000 0.000000 0.000000 0.000000 -0.777212
    33 17.597597 0.000000 0.000000 0.178794 0.125667 0.493437
  time 7
    0 0.219722 2.324441 0.368674 0.000000 0.000000 -1.571017
    1 -0.523457 -0.039064 0.000000 -1.570795 -1.570787 0.000000
    2 1.293670 0.684478 -0.000001 -0.061285 0.002827 -0.055234
    3 5.309685 -0.003834 0.000000 0.010772 -0.021117 -0.019702
    4 4.826790 -0.004591 0.000000 0.165642 -0.051006 0.095545
    5 5.792767 -0.005304 0.000000 0.026208 -0.084707 0.156015
    6 6.662322 -0.001452 0.000000 -0.091910 0.032655 0.231870
    7 -3.518356 0.356631 4.277124 0.993897 -1.311264 -4.356597
    8 4.827512 0.000000 -0.000002 0.900479 1.060713 0.526200
    9 11.140032 0.000000 0.000000 0.000000 0.000000 -1.408828
    10 10.314563 -0.000001 0.000001 -1.430241 0.594912 0.891460
    11 1.646836 0.445664 -1.699647 -0.392035 3.352851 -0.875707
    12 0.928312 0.000000 0.000000 0.000000 0.000000 0.593404
    13 0.928313 0.000000 -0.000001 0.000000 0.000000 1.204231
    14 2.979373 -0.388274 -0.044205 -0.031102 -0.030584 0.776614
    15 1.435262 -0.000001 -0.000001 0.000000 0.000000 1.224617
    16 1.482593 -0.000001 0.000001 0.000000 0.000000 0.445026
    17 -2.975371 1.071532 -4.156022 -1.475559 0.944075 -4.822204
    18 4.972047 0.000000 0.000000 1.205827 -0.840024 -0.947999
    19 11.585358 0.000000 0.000001 0.000000 0.000000 -1.659961
    20 10.127058 0.000000 0.000001 1.421790 0.338350 -0.077932
    21 1.537458 0.109715 1.664489 -3.079588 0.031470 0.928526
    22 0.928313 0.000000 0.000002 0.000000 0.000000 0.061034
    23 0.928311 0.000000 0.000001 0.000000 0.000000 0.671897
    24 2.686395 -0.427337 0.044204 -0.001208 0.043611 -0.052337
    25 1.435260 0.000000 0.000001 0.000000 0.000000 1.186618
    26 1.482593 0.000000 -0.000001 0.000000 0.000000 1.684243
    27 2.046984 0.000001 0.000000 0.293007 0.258421 0.505661
    28 -0.000005 0.000007 3.713254 -0.097756 -3.038644 5.706398
    29 18.045723 0.000000 0.000000 0.000000 0.000000 -0.430641
    30 17.597597 0.000000 0.000000 -0.053959 -0.025286 -0.148278
    31 0.000005 -0.000003 -3.713254 0.810487 2.841780 6.184870
    32 18.045721 0.000000 0.000000 0.000000 0.000000 -0.777527
    33 17.597597 0.000000 0.000000 0.178726 0.124878 0.494222
  time 8
    0 0.200190 2.332253 0.368674 0.000000 0.000000 -1.571017
    1 -0.523457 -0.039064 0.000000 -1.570795 -1.570787 0.000000
    2 1.293670 0.684478 -0.000001 -0.061403 0.006111 -0.056406
    3 5.309685 -0.003834 0.000000 0.009972 -0.023526 -0.016045
    4 4.826790 -0.004591 0.000000 0.200147 -0.062176 0.101653
    5 5.792767 -0.005304 0.000000 0.040023 -0.099424 0.154291
    6 6.662322 -0.001452 0.000000 -0.091910 0.032655 0.231870
    7 -3.518356 0.356631 4.277124 0.934564 -1.316261 -4.297477
    8 4.827512 0.000000 -0.000002 0.969354 0.973563 0.560687
    9 11.140032 0.000000 0.000000 0.000000 0.000000 -1.422522
    10 10.314563 -0.000001 0.000001 -1.352146 0.582454 0.881125
    11 1.646836 0.445664 -1.699647 -0.392035 3.352851 -0.875707
    12 0.928312 0.000000 0.000000 0.000000 0.000000 0.593404
    13 0.928313 0.000000 -0.000001 0.000000 0.000000 1.204231
    14 2.979373 -0.388274 -0.044205 -0.031234 -0.030476 0.780262
    15 1.435262 -0.000001 -0.000001 0.000000 0.000000 1.233895
    16 1.482593 -0.000001 0.000001 0.000000 0.000000 0.445026
    17 -2.975371 1.071532 -4.156022 -1.459700 0.986298 -4.807358
    18 4.972047 0.000000 0.000000 1.369974 -0.888877 -0.982009
    19 11.585358 0.000000 0.000001 0.000000 0.000000 -1.667231
    20 10.127058 0.000000 0.000001 1.627043 0.262132 -0.109845
    21 1.537458 0.109715 1.664489 -3.079588 0.031470 0.928526
    22 0.928313 0.000000 0.000002 0.000000 0.000000 0.061034
    23 0.928311 0.000000 0.000001 0.000000 0.000000 0.671897
    24 2.686395 -0.427337 0.044204 -0.001208 0.043611 -0.052337
    25 1.435260 0.000000 0.000001 0.000000 0.000000 1.186618
    26 1.482593 0.000000 -0.000001 0.000000 0.000000 1.684243
    27 2.046984 0.000001 0.000000 0.258799 0.311822 0.470137
    28 -0.000005 0.000007 3.713254 -0.097564 -3.037973 5.706781
    29 18.045723 0.000000 0.000000 0.000000 0.000000 -0.429457
    30 17.597597 0.000000 0.000000 -0.053680 -0.025876 -0.149195
    31 0.000005 -0.000003 -3.713254 0.810775 2.842355 6.184582
    32 18.045721 0.000000 0.000000 0.000000 0.000000 -0.777763
    33 17.597597 0.000000 0.000000 0.178659 0.124227 0.494730
  time 9
    0 0.188471 2.343973 0.368674 0.000000 0.000000 -1.571017
    1 -0.523457 -0.039064 0.000000 -1.570795 -1.570787 0.000000
    2 1.293670 0.684478 -0.000001 -0.061521 0.008436 -0.057494
    3 5.309685 -0.003834 0.000000 0.009325 -0.025527 -0.012689
    4 4.826790 -0.004591 0.000000 0.229884 -0.069403 0.107694
    5 5.792767 -0.005304 0.000000 0.051445 -0.108305 0.153046
    6 6.662322 -0.001452 0.000000 -0.091910 0.032655 0.231870
    7 -3.518356 0.356631 4.277124 0.934564 -1.316261 -4.297477
    8 4.827512 0.000000 -0.000002 0.974616 0.949345 0.537118
    9 11.140032 0.000000 0.000000 0.000000 0.000000 -1.424550
    10 10.314563 -0.000001 0.000001 -1.350345 0.569996 0.874099
    11 1.646836 0.445664 -1.699647 -0.392035 3.352851 -0.875707
    12 0.928312 0.000000 0.000000 0.000000 0.000000 0.593404
    13 0.928313 0.000000 -0.000001 0.000000 0.000000 1.204231
    14 2.979373 -0.388274 -0.044205 -0.031342 -0.030344 0.783736
    15 1.435262 -0.000001 -0.000001 0.000000 0.000000 1.242629
    16 1.482593 -0.000001 0.000001 0.000000 0.000000 0.445026
    17 -2.975371 1.071532 -4.156022 -1.454446 1.028179 -4.805251
    18 4.972047 0.000000 0.000000 1.474935 -0.911214 -1.019213
    19 11.585358 0.000000 0.000001 0.000000 0.000000 -1.677441
    20 10.127058 0.000000 0.000001 1.759578 0.238112 -0.127253
    21 1.537458 0.109715 1.664489 -3.079588 0.031470 0.928526
    22 0.928313 0.000000 0.000002 0.000000 0.000000 0.061034
    23 0.928311 0.000000 0.000001 0.000000 0.000000 0.671897
    24 2.686395 -0.427337 0.044204 -0.001208 0.043611 -0.052337
    25 1.435260 0.000000 0.000001 0.000000 0.000000 1.186618
    26 1.482593 0.000000 -0.000001 0.000000 0.000000 1.684243
    27 2.046984 0.000001 0.000000 0.132480 0.352419 0.295680
    28 -0.000005 0.000007 3.713254 -0.097564 -3.037781 5.707069
    29 18.045723 0.000000 0.000000 0.000000 0.000000 -0.428421
    30 17.597597 0.000000 0.000000 -0.053604 -0.026147 -0.149975
    31 0.000005 -0.000003 -3.713254 0.810775 2.842643 6.184294
    32 18.045721 0.000000 0.000000 0.000000 0.000000 -0.777999
    33 17.597597 0.000000 0.000000 0.178626 0.123813 0.494915
  time 10
    0 0.188471 2.347879 0.368674 0.000000 0.000000 -1.571017
    1 -0.523457 -0.039064 0.000000 -1.570795 -1.570787 0.000000
    2 1.293670 0.684478 -0.000001 -0.061622 0.009419 -0.058398
    3 5.309685 -0.003834 0.000000 0.010227 -0.027085 -0.010269
    4 4.826790 -0.004591 0.000000 0.253231 -0.070745 0.114000
    5 5.792767 -0.005304 0.000000 0.060259 -0.108940 0.152963
    6 6.662322 -0.001452 0.000000 -0.091910 0.032655 0.231870
    7 -3.518356 0.356631 4.277124 0.934564 -1.316261 -4.297477
    8 4.827512 0.000000 -0.000002 0.984022 0.939027 0.522388
    9 11.140032 0.000000 0.000000 0.000000 0.000000 -1.426579
    10 10.314563 -0.000001 0.000001 -1.348639 0.558474 0.867654
    11 1.646836 0.445664 -1.699647 -0.392035 3.352851 -0.875707
    12 0.928312 0.000000 0.000000 0.000000 0.000000 0.593404
    13 0.928313 0.000000 -0.000001 0.000000 0.000000 1.204231
    14 2.979373 -0.388274 -0.044205 -0.031438 -0.030236 0.786950
    15 1.435262 -0.000001 -0.000001 0.000000 0.000000 1.250611
    16 1.482593 -0.000001 0.000001 0.000000 0.000000 0.445026
    17 -2.975371 1.071532 -4.156022 -1.471069 1.059228 -4.826993
    18 4.972047 0.000000 0.000000 1.470432 -0.908803 -1.015885
    19 11.585358 0.000000 0.000001 0.000000 0.000000 -1.703252
    20 10.127058 0.000000 0.000001 1.788889 0.275371 -0.114697
    21 1.537458 0.109715 1.664489 -3.079588 0.031470 0.928526
    22 0.928313 0.000000 0.000002 0.000000 0.000000 0.061034
    23 0.928311 0.000000 0.000001 0.000000 0.000000 0.671897
    24 2.686395 -0.427337 0.044204 -0.001208 0.043611 -0.052337
    25 1.435260 0.000000 0.000001 0.000000 0.000000 1.186618
    26 1.482593 0.000000 -0.000001 0.000000 0.000000 1.684243
    27 2.046984 0.000001 0.000000 -0.066994 0.334009 0.018484
    28 -0.000005 0.000007 3.713254 -0.097756 -3.037973 5.707165
    29 18.045723 0.000000 0.000000 0.000000 0.000000 -0.427681
    30 17.597597 0.000000 0.000000 -0.053655 -0.025999 -0.150617
    31 0.000005 -0.000003 -3.713254 0.810775 2.842451 6.183911
    32 18.045721 0.000000 0.000000 0.000000 0.000000 -0.778078
    33 17.597597 0.000000 0.000000 0.178592 0.123734 0.494730
  time 11
    0 0.274411 2.379130 0.368674 0.000000 0.000000 -1.571017
    1 -0.523457 -0.039064 0.000000 -1.570795 -1.570787 0.000000
    2 1.293670 0.684478 -0.000001 -0.061689 0.005740 -0.058934
    3 5.309685 -0.003834 0.000000 0.013597 -0.027493 -0.008750
    4 4.826790 -0.004591 0.000000 0.255501 -0.048945 0.123304
    5 5.792767 -0.005304 0.000000 0.057471 -0.075275 0.158195
    6 6.662322 -0.001452 0.000000 -0.091910 0.032655 0.231870
    7 -3.518356 0.356631 4.277124 1.147549 -1.334180 -4.515368
    8 4.827512 0.000000 -0.000002 1.077052 0.961966 0.624462
    9 11.140032 0.000000 0.000000 0.000000 0.000000 -1.558082
    10 10.314563 -0.000001 0.000001 -1.293953 0.533463 0.848610
    11 1.646836 0.445664 -1.699647 -0.392035 3.352851 -0.875707
    12 0.928312 0.000000 0.000000 0.000000 0.000000 0.593404
    13 0.928313 0.000000 -0.000001 0.000000 0.000000 1.204231
    14 2.979373 -0.388274 -0.044205 -0.031510 -0.030140 0.789990
    15 1.435262 -0.000001 -0.000001 0.000000 0.000000 1.258050
    16 1.482593 -0.000001 0.000001 0.000000 0.000000 0.445026
    17 -2.975371 1.071532 -4.156022 -1.501161 1.092932 -4.863294
    18 4.972047 0.000000 0.000000 1.359000 -0.883413 -0.969030
    19 11.585358 0.000000 0.000001 0.000000 0.000000 -1.735597
    20 10.127058 0.000000 0.000001 1.802423 0.330407 -0.081983
    21 1.537458 0.109715 1.664489 -3.079588 0.031470 0.928526
    22 0.928313 0.000000 0.000002 0.000000 0.000000 0.061034
    23 0.928311 0.000000 0.000001 0.000000 0.000000 0.671897
    24 2.686395 -0.427337 0.044204 -0.001208 0.043611 -0.052337
    25 1.435260 0.000000 0.000001 0.000000 0.000000 1.186618
    26 1.482593 0.000000 -0.000001 0.000000 0.000000 1.684243
    27 2.046984 0.000001 0.000000 -0.170522 0.239893 -0.139854
    28 -0.000005 0.000007 3.713254 -0.098140 -3.040274 5.707069
    29 18.045723 0.000000 0.000000 0.000000 0.000000 -0.426423
    30 17.597597 0.000000 0.000000 -0.054516 -0.023735 -0.151809
    31 0.000005 -0.000003 -3.713254 0.809912 2.839862 6.182665
    32 18.045721 0.000000 0.000000 0.000000 0.000000 -0.778629
    33 17.597597 0.000000 0.000000 0.178693 0.124602 0.492606
  time 12
    0 0.407228 2.429913 0.368674 0.000000 0.000000 -1.571017
    1 -0.523457 -0.039064 0.000000 -1.570795 -1.570787 0.000000
    2 1.293670 0.684478 -0.000001 -0.061740 -0.002194 -0.059201
    3 5.309685 -0.003834 0.000000 0.015298 -0.026366 -0.007319
    4 4.826790 -0.004591 0.000000 0.235702 -0.007430 0.134659
    5 5.792767 -0.005304 0.000000 0.042181 -0.014441 0.167227
    6 6.662322 -0.001452 0.000000 -0.091910 0.032655 0.231870
    7 -3.518356 0.356631 4.277124 1.582243 -1.334210 -4.961402
    8 4.827512 0.000000 -0.000002 1.272916 0.993602 0.858245
    9 11.140032 0.000000 0.000000 0.000000 0.000000 -1.800728
    10 10.314563 -0.000001 0.000001 -1.194722 0.499460 0.815455
    11 1.646836 0.445664 -1.699647 -0.392035 3.352851 -0.875707
    12 0.928312 0.000000 0.000000 0.000000 0.000000 0.593404
    13 0.928313 0.000000 -0.000001 0.000000 0.000000 1.204231
    14 2.979373 -0.388274 -0.044205 -0.031594 -0.030056 0.792639
    15 1.435262 -0.000001 -0.000001 0.000000 0.000000 1.264820
    16 1.482593 -0.000001 0.000001 0.000000 0.000000 0.445026
    17 -2.975371 1.071532 -4.156022 -1.541953 1.126715 -4.910130
    18 4.972047 0.000000 0.000000 1.175248 -0.831105 -0.913057
    19 11.585358 0.000000 0.000001 0.000000 0.000000 -1.770229
    20 10.127058 0.000000 0.000001 1.804597 0.396602 -0.040115
    21 1.537458 0.109715 1.664489 -3.079588 0.031470 0.928526
    22 0.928313 0.000000 0.000002 0.000000 0.000000 0.061034
    23 0.928311 0.000000 0.000001 0.000000 0.000000 0.671897
    24 2.686395 -0.427337 0.044204 -0.001208 0.043611 -0.052337
    25 1.435260 0.000000 0.000001 0.000000 0.000000 1.186618
    26 1.482593 0.000000 -0.000001 0.000000 0.000000 1.684243
    27 2.046984 0.000001 0.000000 -0.159967 0.126334 -0.167956
    28 -0.000005 0.000007 3.713254 -0.099098 -3.044492 5.706685
    29 18.045723 0.000000 0.000000 0.000000 0.000000 -0.424646
    30 17.597597 0.000000 0.000000 -0.056062 -0.019773 -0.153459
    31 0.000005 -0.000003 -3.713254 0.808762 2.835357 6.180460
    32 18.045721 0.000000 0.000000 0.000000 0.000000 -0.779495
    33 17.597597 0.000000 0.000000 0.178861 0.126318 0.488772
  time 13
    0 0.512700 2.465070 0.368674 0.000000 0.000000 -1.571017
    1 -0.523457 -0.039064 0.000000 -1.570795 -1.570787 0.000000
    2 1.293670 0.684478 -0.000001 -0.061757 -0.009493 -0.059386
    3 5.309685 -0.003834 0.000000 0.008951 -0.024185 -0.005288
    4 4.826790 -0.004591 0.000000 0.212088 0.024233 0.143875
    5 5.792767 -0.005304 0.000000 0.025309 0.025959 0.173352
    6 6.662322 -0.001452 0.000000 -0.091910 0.032655 0.231870
    7 -3.518356 0.356631 4.277124 1.793599 -1.316409 -5.179676
    8 4.827512 0.000000 -0.000002 1.417603 1.010657 1.044630
    9 11.140032 0.000000 0.000000 0.000000 0.000000 -1.932014
    10 10.314563 -0.000001 0.000001 -1.141363 0.479415 0.793217
    11 1.646836 0.445664 -1.699647 -0.392035 3.352851 -0.875707
    12 0.928312 0.000000 0.000000 0.000000 0.000000 0.593404
    13 0.928313 0.000000 -0.000001 0.000000 0.000000 1.204231
    14 2.979373 -0.388274 -0.044205 -0.031666 -0.030008 0.795114
    15 1.435262 -0.000001 -0.000001 0.000000 0.000000 1.270964
    16 1.482593 -0.000001 0.000001 0.000000 0.000000 0.445026
    17 -2.975371 1.071532 -4.156022 -1.588764 1.157948 -4.962139
    18 4.972047 0.000000 0.000000 1.037552 -0.777271 -0.916851
    19 11.585358 0.000000 0.000001 0.000000 0.000000 -1.801921
    20 10.127058 0.000000 0.000001 1.798216 0.466769 -0.000248
    21 1.537458 0.109715 1.664489 -3.079588 0.031470 0.928526
    22 0.928313 0.000000 0.000002 0.000000 0.000000 0.061034
    23 0.928311 0.000000 0.000001 0.000000 0.000000 0.671897
    24 2.686395 -0.427337 0.044204 -0.001208 0.043611 -0.052337
    25 1.435260 0.000000 0.000001 0.000000 0.000000 1.186618
    26 1.482593 0.000000 -0.000001 0.000000 0.000000 1.684243
    27 2.046984 0.000001 0.000000 -0.123131 0.039417 -0.182008
    28 -0.000005 0.000007 3.713254 -0.099674 -3.047560 5.706494
    29 18.045723 0.000000 0.000000 0.000000 0.000000 -0.423240
    30 17.597597 0.000000 0.000000 -0.057151 -0.016845 -0.154743
    31 0.000005 -0.000003 -3.713254 0.807804 2.832097 6.178926
    32 18.045721 0.000000 0.000000 0.000000 0.000000 -0.780046
    33 17.597597 0.000000 0.000000 0.178995 0.127640 0.485908
  time 14
    0 0.532232 2.492415 0.368674 0.000000 0.000000 -1.571017
    1 -0.523457 -0.039064 0.000000 -1.570795 -1.570787 0.000000
    2 1.293670 0.684478 -0.000001 -0.061773 -0.015114 -0.059654
    3 5.309685 -0.003834 0.000000 -0.015758 -0.019475 -0.001702
    4 4.826790 -0.004591 0.000000 0.182885 0.033173 0.150975
    5 5.792767 -0.005304 0.000000 0.005019 0.019739 0.174390
    6 6.662322 -0.001452 0.000000 -0.091910 0.032655 0.231870
    7 -3.518356 0.356631 4.277124 1.739250 -1.335511 -5.122856
    8 4.827512 0.000000 -0.000002 1.416008 1.023704 1.097053
    9 11.140032 0.000000 0.000000 0.000000 0.000000 -1.915929
    10 10.314563 -0.000001 0.000001 -1.157380 0.452250 0.737709
    11 1.646836 0.445664 -1.699647 -0.392035 3.352851 -0.875707
    12 0.928312 0.000000 0.000000 0.000000 0.000000 0.593404
    13 0.928313 0.000000 -0.000001 0.000000 0.000000 1.204231
    14 2.979373 -0.388274 -0.044205 -0.031738 -0.029937 0.797329
    15 1.435262 -0.000001 -0.000001 0.000000 0.000000 1.276522
    16 1.482593 -0.000001 0.000001 0.000000 0.000000 0.445026
    17 -2.975371 1.071532 -4.156022 -1.633473 1.184764 -5.010508
    18 4.972047 0.000000 0.000000 0.981179 -0.744569 -1.006235
    19 11.585358 0.000000 0.000001 0.000000 0.000000 -1.826262
    20 10.127058 0.000000 0.000001 1.783911 0.534287 0.025513
    21 1.537458 0.109715 1.664489 -3.079588 0.031470 0.928526
    22 0.928313 0.000000 0.000002 0.000000 0.000000 0.061034
    23 0.928311 0.000000 0.000001 0.000000 0.000000 0.671897
    24 2.686395 -0.427337 0.044204 -0.001208 0.043611 -0.052337
    25 1.435260 0.000000 0.000001 0.000000 0.000000 1.186618
    26 1.482593 0.000000 -0.000001 0.000000 0.000000 1.684243
    27 2.046984 0.000001 0.000000 -0.049632 0.010297 -0.180548
    28 -0.000005 0.000007 3.713254 -0.099865 -3.048136 5.706685
    29 18.045723 0.000000 0.000000 0.000000 0.000000 -0.421612
    30 17.597597 0.000000 0.000000 -0.057379 -0.016279 -0.156072
    31 0.000005 -0.000003 -3.713254 0.807612 2.831426 6.178063
    32 18.045721 0.000000 0.000000 0.000000 0.000000 -0.780360
    33 17.597597 0.000000 0.000000 0.178995 0.127521 0.485308
  time 15
    0 0.512700 2.504134 0.368674 0.000000 0.000000 -1.571017
    1 -0.523457 -0.039064 0.000000 -1.570795 -1.570787 0.000000
    2 1.293670 0.684478 -0.000001 -0.061790 -0.020015 -0.059838
    3 5.309685 -0.003834 0.000000 -0.048533 -0.013483 0.002343
    4 4.826790 -0.004591 0.000000 0.149314 0.032298 0.156795
    5 5.792767 -0.005304 0.000000 -0.017664 -0.006963 0.173892
    6 6.662322 -0.001452 0.000000 -0.091910 0.032655 0.231870
    7 -3.518356 0.356631 4.277124 1.556075 -1.379036 -4.934094
    8 4.827512 0.000000 -0.000002 1.340596 1.030782 1.062653
    9 11.140032 0.000000 0.000000 0.000000 0.000000 -1.873327
    10 10.314563 -0.000001 0.000001 -1.192448 0.392393 0.612814
    11 1.646836 0.445664 -1.699647 -0.392035 3.352851 -0.875707
    12 0.928312 0.000000 0.000000 0.000000 0.000000 0.593404
    13 0.928313 0.000000 -0.000001 0.000000 0.000000 1.204231
    14 2.979373 -0.388274 -0.044205 -0.031797 -0.029877 0.799327
    15 1.435262 -0.000001 -0.000001 0.000000 0.000000 1.281412
    16 1.482593 -0.000001 0.000001 0.000000 0.000000 0.445026
    17 -2.975371 1.071532 -4.156022 -1.664807 1.205876 -5.043552
    18 4.972047 0.000000 0.000000 0.958199 -0.726330 -1.122573
    19 11.585358 0.000000 0.000001 0.000000 0.000000 -1.838187
    20 10.127058 0.000000 0.000001 1.760279 0.591120 0.024413
    21 1.537458 0.109715 1.664489 -3.079588 0.031470 0.928526
    22 0.928313 0.000000 0.000002 0.000000 0.000000 0.061034
    23 0.928311 0.000000 0.000001 0.000000 0.000000 0.671897
    24 2.686395 -0.427337 0.044204 -0.001208 0.043611 -0.052337
    25 1.435260 0.000000 0.000001 0.000000 0.000000 1.186618
    26 1.482593 0.000000 -0.000001 0.000000 0.000000 1.684243
    27 2.046984 0.000001 0.000000 0.042868 0.004898 -0.169660
    28 -0.000005 0.000007 3.713254 -0.099769 -3.047752 5.707260
    29 18.045723 0.000000 0.000000 0.000000 0.000000 -0.419539
    30 17.597597 0.000000 0.000000 -0.057202 -0.016771 -0.157631
    31 0.000005 -0.000003 -3.713254 0.807612 2.831810 6.177488
    32 18.045721 0.000000 0.000000 0.000000 0.000000 -0.780912
    33 17.597597 0.000000 0.000000 0.178894 0.126752 0.485631
  time 16
    0 0.493168 2.515853 0.368674 0.000000 0.000000 -1.571017
    1 -0.523457 -0.039064 0.000000 -1.570795 -1.570787 0.000000
    2 1.293670 0.684478 -0.000001 -0.061841 -0.022113 -0.060156
    3 5.309685 -0.003834 0.000000 -0.065039 -0.010774 0.004762
    4 4.826790 -0.004591 0.000000 0.133406 0.029985 0.159860
    5 5.792767 -0.005304 0.000000 -0.029014 -0.023382 0.174660
    6 6.662322 -0.001452 0.000000 -0.091910 0.032655 0.231870
    7 -3.518356 0.356631 4.277124 1.173909 -1.419487 -4.547658
    8 4.827512 0.000000 -0.000002 1.241986 1.038883 0.942296
    9 11.140032 0.000000 0.000000 0.000000 0.000000 -1.817393
    10 10.314563 -0.000001 0.000001 -1.225998 0.311929 0.459934
    11 1.646836 0.445664 -1.699647 -0.392035 3.352851 -0.875707
    12 0.928312 0.000000 0.000000 0.000000 0.000000 0.593404
    13 0.928313 0.000000 -0.000001 0.000000 0.000000 1.204231
    14 2.979373 -0.388274 -0.044205 -0.031845 -0.029817 0.800977
    15 1.435262 -0.000001 -0.000001 0.000000 0.000000 1.285674
    16 1.482593 -0.000001 0.000001 0.000000 0.000000 0.445026
    17 -2.975371 1.071532 -4.156022 -1.668533 1.220230 -5.047096
    18 4.972047 0.000000 0.000000 0.934374 -0.726008 -1.176550
    19 11.585358 0.000000 0.000001 0.000000 0.000000 -1.833204
    20 10.127058 0.000000 0.000001 1.725217 0.628568 -0.016155
    21 1.537458 0.109715 1.664489 -3.079588 0.031470 0.928526
    22 0.928313 0.000000 0.000002 0.000000 0.000000 0.061034
    23 0.928311 0.000000 0.000001 0.000000 0.000000 0.671897
    24 2.686395 -0.427337 0.044204 -0.001208 0.043611 -0.052337
    25 1.435260 0.000000 0.000001 0.000000 0.000000 1.186618
    26 1.482593 0.000000 -0.000001 0.000000 0.000000 1.684243
    27 2.046984 0.000001 0.000000 0.092585 0.001151 -0.152749
    28 -0.000005 0.000007 3.713254 -0.099769 -3.047369 5.707548
    29 18.045723 0.000000 0.000000 0.000000 0.000000 -0.418429
    30 17.597597 0.000000 0.000000 -0.057075 -0.017140 -0.158456
    31 0.000005 -0.000003 -3.713254 0.807804 2.832193 6.177200
    32 18.045721 0.000000 0.000000 0.000000 0.000000 -0.781148
    33 17.597597 0.000000 0.000000 0.178861 0.126239 0.485955
  time 17
    0 0.520512 2.515853 0.368674 0.000000 0.000000 -1.571017
    1 -0.523457 -0.039064 0.000000 -1.570795 -1.570787 0.000000
    2 1.293670 0.684478 -0.000001 -0.061858 -0.022053 -0.060574
    3 5.309685 -0.003834 0.000000 -0.065277 -0.011301 0.005699
    4 4.826790 -0.004591 0.000000 0.133692 0.029734 0.160786
    5 5.792767 -0.005304 0.000000 -0.029122 -0.002097 0.176238
    6 6.662322 -0.001452 0.000000 -0.091910 0.032655 0.231870
    7 -3.518356 0.356631 4.277124 0.651605 -1.426643 -4.023724
    8 4.827512 0.000000 -0.000002 1.187460 1.060201 0.813706
    9 11.140032 0.000000 0.000000 0.000000 0.000000 -1.761459
    10 10.314563 -0.000001 0.000001 -1.246660 0.228092 0.314195
    11 1.646836 0.445664 -1.699647 -0.392035 3.352851 -0.875707
    12 0.928312 0.000000 0.000000 0.000000 0.000000 0.593404
    13 0.928313 0.000000 -0.000001 0.000000 0.000000 1.204231
    14 2.979373 -0.388274 -0.044205 -0.031905 -0.029769 0.802497
    15 1.435262 -0.000001 -0.000001 0.000000 0.000000 1.289394
    16 1.482593 -0.000001 0.000001 0.000000 0.000000 0.445026
    17 -2.975371 1.071532 -4.156022 -1.582459 1.228590 -4.955530
    18 4.972047 0.000000 0.000000 0.812998 -0.774780 -1.101409
    19 11.585358 0.000000 0.000001 0.000000 0.000000 -1.766390
    20 10.127058 0.000000 0.000001 1.593173 0.643225 -0.235950
    21 1.537458 0.109715 1.664489 -3.079588 0.031470 0.928526
    22 0.928313 0.000000 0.000002 0.000000 0.000000 0.061034
    23 0.928311 0.000000 0.000001 0.000000 0.000000 0.671897
    24 2.686395 -0.427337 0.044204 -0.001208 0.043611 -0.052337
    25 1.435260 0.000000 0.000001 0.000000 0.000000 1.186618
    26 1.482593 0.000000 -0.000001 0.000000 0.000000 1.684243
    27 2.046984 0.000001 0.000000 0.096549 -0.029356 -0.132797
    28 -0.000005 0.000007 3.713254 -0.099865 -3.048040 5.707356
    29 18.045723 0.000000 0.000000 0.000000 0.000000 -0.418947
    30 17.597597 0.000000 0.000000 -0.057303 -0.016475 -0.158181
    31 0.000005 -0.000003 -3.713254 0.807612 2.831522 6.177104
    32 18.045721 0.000000 0.000000 0.000000 0.000000 -0.781069
    33 17.597597 0.000000 0.000000 0.178894 0.126752 0.485354
  time 18
    0 0.543951 2.515853 0.368674 0.000000 0.000000 -1.571017
    1 -0.523457 -0.039064 0.000000 -1.570795 -1.570787 0.000000
    2 1.293670 0.684478 -0.000001 -0.061891 -0.022005 -0.060876
    3 5.309685 -0.003834 0.000000 -0.065482 -0.011757 0.006441
    4 4.826790 -0.004591 0.000000 0.133940 0.029482 0.161558
    5 5.792767 -0.005304 0.000000 -0.028978 0.019235 0.177629
    6 6.662322 -0.001452 0.000000 -0.091910 0.032655 0.231870
    7 -3.518356 0.356631 4.277124 0.290431 -1.405944 -3.663543
    8 4.827512 0.000000 -0.000002 1.155015 1.076062 0.722030
    9 11.140032 0.000000 0.000000 0.000000 0.000000 -1.718349
    10 10.314563 -0.000001 0.000001 -1.253957 0.161678 0.204862
    11 1.646836 0.445664 -1.699647 -0.392035 3.352851 -0.875707
    12 0.928312 0.000000 0.000000 0.000000 0.000000 0.593404
    13 0.928313 0.000000 -0.000001 0.000000 0.000000 1.204231
    14 2.979373 -0.388274 -0.044205 -0.031941 -0.029733 0.803713
    15 1.435262 -0.000001 -0.000001 0.000000 0.000000 1.292403
    16 1.482593 -0.000001 0.000001 0.000000 0.000000 0.445026
    17 -2.975371 1.071532 -4.156022 -1.493710 1.229353 -4.861570
    18 4.972047 0.000000 0.000000 0.694718 -0.811902 -1.012225
    19 11.585358 0.000000 0.000001 0.000000 0.000000 -1.708153
    20 10.127058 0.000000 0.000001 1.491283 0.630270 -0.410025
    21 1.537458 0.109715 1.664489 -3.079588 0.031470 0.928526
    22 0.928313 0.000000 0.000002 0.000000 0.000000 0.061034
    23 0.928311 0.000000 0.000001 0.000000 0.000000 0.671897
    24 2.686395 -0.427337 0.044204 -0.001208 0.043611 -0.052337
    25 1.435260 0.000000 0.000001 0.000000 0.000000 1.186618
    26 1.482593 0.000000 -0.000001 0.000000 0.000000 1.684243
    27 2.046984 0.000001 0.000000 0.096980 -0.058830 -0.108953
    28 -0.000005 0.000007 3.713254 -0.099865 -3.048615 5.707069
    29 18.045723 0.000000 0.000000 0.000000 0.000000 -0.419465
    30 17.597597 0.000000 0.000000 -0.057582 -0.015762 -0.157815
    31 0.000005 -0.000003 -3.713254 0.807324 2.830755 6.177104
    32 18.045721 0.000000 0.000000 0.000000 0.000000 -0.780912
    33 17.597597 0.000000 0.000000 0.178928 0.127284 0.484661
  time 19
    0 0.512700 2.515853 0.368674 0.000000 0.000000 -1.571017
    1 -0.523457 -0.039064 0.000000 -1.570795 -1.570787 0.000000
    2 1.293670 0.684478 -0.000001 -0.061925 -0.021969 -0.061177
    3 5.309685 -0.003834 0.000000 -0.065618 -0.012068 0.007059
    4 4.826790 -0.004591 0.000000 0.134169 0.029302 0.162131
    5 5.792767 -0.005304 0.000000 -0.031011 -0.011805 0.178958
    6 6.662322 -0.001452 0.000000 -0.091910 0.032655 0.231870
    7 -3.518356 0.356631 4.277124 0.175599 -1.392845 -3.549711
    8 4.827512 0.000000 -0.000002 1.102561 1.046643 0.654876
    9 11.140032 0.000000 0.000000 0.000000 0.000000 -1.701467
    10 10.314563 -0.000001 0.000001 -1.254242 0.133296 0.160617
    11 1.646836 0.445664 -1.699647 -0.392035 3.352851 -0.875707
    12 0.928312 0.000000 0.000000 0.000000 0.000000 0.593404
    13 0.928313 0.000000 -0.000001 0.000000 0.000000 1.204231
    14 2.979373 -0.388274 -0.044205 -0.031965 -0.029697 0.804625
    15 1.435262 -0.000001 -0.000001 0.000000 0.000000 1.294743
    16 1.482593 -0.000001 0.000001 0.000000 0.000000 0.445026
    17 -2.975371 1.071532 -4.156022 -1.517401 1.226776 -4.886664
    18 4.972047 0.000000 0.000000 0.788705 -0.781851 -1.079446
    19 11.585358 0.000000 0.000001 0.000000 0.000000 -1.780358
    20 10.127058 0.000000 0.000001 1.660913 0.636038 -0.129154
    21 1.537458 0.109715 1.664489 -3.079588 0.031470 0.928526
    22 0.928313 0.000000 0.000002 0.000000 0.000000 0.061034
    23 0.928311 0.000000 0.000001 0.000000 0.000000 0.671897
    24 2.686395 -0.427337 0.044204 -0.001208 0.043611 -0.052337
    25 1.435260 0.000000 0.000001 0.000000 0.000000 1.186618
    26 1.482593 0.000000 -0.000001 0.000000 0.000000 1.684243
    27 2.046984 0.000001 0.000000 0.105596 -0.042544 -0.037905
    28 -0.000005 0.000007 3.713254 -0.099769 -3.047752 5.707452
    29 18.045723 0.000000 0.000000 0.000000 0.000000 -0.418725
    30 17.597597 0.000000 0.000000 -0.057202 -0.016697 -0.158273
    31 0.000005 -0.000003 -3.713254 0.807612 2.831810 6.177200
    32 18.045721 0.000000 0.000000 0.000000 0.000000 -0.781069
    33 17.597597 0.000000 0.000000 0.178894 0.126574 0.485539
  time 20
    0 0.469730 2.515853 0.368674 0.000000 0.000000 -1.571017
    1 -0.523457 -0.039064 0.000000 -1.570795 -1.570787 0.000000
    2 1.293670 0.684478 -0.000001 -0.061942 -0.021945 -0.061328
    3 5.309685 -0.003834 0.000000 -0.065737 -0.012332 0.007483
    4 4.826790 -0.004591 0.000000 0.134322 0.029159 0.162594
    5 5.792767 -0.005304 0.000000 -0.032900 -0.042713 0.180079
    6 6.662322 -0.001452 0.000000 -0.091910 0.032655 0.231870
    7 -3.518356 0.356631 4.277124 0.230044 -1.392106 -3.603274
    8 4.827512 0.000000 -0.000002 1.030178 1.033169 0.573425
    9 11.140032 0.000000 0.000000 0.000000 0.000000 -1.715596
    10 10.314563 -0.000001 0.000001 -1.245143 0.116341 0.179198
    11 1.646836 0.445664 -1.699647 -0.392035 3.352851 -0.875707
    12 0.928312 0.000000 0.000000 0.000000 0.000000 0.593404
    13 0.928313 0.000000 -0.000001 0.000000 0.000000 1.204231
    14 2.979373 -0.388274 -0.044205 -0.031989 -0.029685 0.805363
    15 1.435262 -0.000001 -0.000001 0.000000 0.000000 1.296582
    16 1.482593 -0.000001 0.000001 0.000000 0.000000 0.445026
    17 -2.975371 1.071532 -4.156022 -1.548927 1.223885 -4.919996
    18 4.972047 0.000000 0.000000 0.883254 -0.745453 -1.143139
    19 11.585358 0.000000 0.000001 0.000000 0.000000 -1.846110
    20 10.127058 0.000000 0.000001 1.819674 0.605778 0.138162
    21 1.537458 0.109715 1.664489 -3.079588 0.031470 0.928526
    22 0.928313 0.000000 0.000002 0.000000 0.000000 0.061034
    23 0.928311 0.000000 0.000001 0.000000 0.000000 0.671897
    24 2.686395 -0.427337 0.044204 -0.001208 0.043611 -0.052337
    25 1.435260 0.000000 0.000001 0.000000 0.000000 1.186618
    26 1.482593 0.000000 -0.000001 0.000000 0.000000 1.684243
    27 2.046984 0.000001 0.000000 0.119426 -0.036850 0.087342
    28 -0.000005 0.000007 3.713254 -0.099674 -3.046793 5.707740
    29 18.045723 0.000000 0.000000 0.000000 0.000000 -0.418059
    30 17.597597 0.000000 0.000000 -0.056847 -0.017657 -0.158777
    31 0.000005 -0.000003 -3.713254 0.807899 2.832768 6.177200
    32 18.045721 0.000000 0.000000 0.000000 0.000000 -0.781148
    33 17.597597 0.000000 0.000000 0.178827 0.125864 0.486417
  time 21
    0 0.489261 2.515853 0.368674 0.000000 0.000000 -1.571017
    1 -0.523457 -0.039064 0.000000 -1.570795 -1.570787 0.000000
    2 1.293670 0.684478 -0.000001 -0.061959 -0.021921 -0.061462
    3 5.309685 -0.003834 0.000000 -0.065805 -0.012524 0.007801
    4 4.826790 -0.004591 0.000000 0.134417 0.029099 0.162925
    5 5.792767 -0.005304 0.000000 -0.032702 -0.031496 0.180536
    6 6.662322 -0.001452 0.000000 -0.091910 0.032655 0.231870
    7 -3.518356 0.356631 4.277124 0.366730 -1.387966 -3.738186
    8 4.827512 0.000000 -0.000002 0.909566 1.072822 0.406969
    9 11.140032 0.000000 0.000000 0.000000 0.000000 -1.751243
    10 10.314563 -0.000001 0.000001 -1.225051 0.076343 0.229074
    11 1.646836 0.445664 -1.699647 -0.392035 3.352851 -0.875707
    12 0.928312 0.000000 0.000000 0.000000 0.000000 0.593404
    13 0.928313 0.000000 -0.000001 0.000000 0.000000 1.204231
    14 2.979373 -0.388274 -0.044205 -0.032001 -0.029661 0.805841
    15 1.435262 -0.000001 -0.000001 0.000000 0.000000 1.297752
    16 1.482593 -0.000001 0.000001 0.000000 0.000000 0.445026
    17 -2.975371 1.071532 -4.156022 -1.533833 1.228275 -4.904192
    18 4.972047 0.000000 0.000000 0.859335 -0.759112 -1.131292
    19 11.585358 0.000000 0.000001 0.000000 0.000000 -1.791711
    20 10.127058 0.000000 0.000001 1.758315 0.625447 0.020211
    21 1.537458 0.109715 1.664489 -3.079588 0.031470 0.928526
    22 0.928313 0.000000 0.000002 0.000000 0.000000 0.061034
    23 0.928311 0.000000 0.000001 0.000000 0.000000 0.671897
    24 2.686395 -0.427337 0.044204 -0.001208 0.043611 -0.052337
    25 1.435260 0.000000 0.000001 0.000000 0.000000 1.186618
    26 1.482593 0.000000 -0.000001 0.000000 0.000000 1.684243
    27 2.046984 0.000001 0.000000 0.117315 -0.073936 0.225179
    28 -0.000005 0.000007 3.713254 -0.099674 -3.047177 5.707644
    29 18.045723 0.000000 0.000000 0.000000 0.000000 -0.418281
    30 17.597597 0.000000 0.000000 -0.056999 -0.017287 -0.158594
    31 0.000005 -0.000003 -3.713254 0.807804 2.832385 6.177200
    32 18.045721 0.000000 0.000000 0.000000 0.000000 -0.781148
    33 17.597597 0.000000 0.000000 0.178861 0.126141 0.486047
  time 22
    0 0.512700 2.515853 0.368674 0.000000 0.000000 -1.571017
    1 -0.523457 -0.039064 0.000000 -1.570795 -1.570787 0.000000
    2 1.293670 0.684478 -0.000001 -0.061959 -0.021921 -0.061512
    3 5.309685 -0.003834 0.000000 -0.065856 -0.012596 0.007907
    4 4.826790 -0.004591 0.000000 0.134436 0.029063 0.163035
    5 5.792767 -0.005304 0.000000 -0.031838 -0.010247 0.180681
    6 6.662322 -0.001452 0.000000 -0.091910 0.032655 0.231870
    7 -3.518356 0.356631 4.277124 0.539841 -1.377174 -3.908934
    8 4.827512 0.000000 -0.000002 0.704535 1.111706 0.140519
    9 11.140032 0.000000 0.000000 0.000000 0.000000 -1.799642
    10 10.314563 -0.000001 0.000001 -1.201356 0.021732 0.296950
    11 1.646836 0.445664 -1.699647 -0.392035 3.352851 -0.875707
    12 0.928312 0.000000 0.000000 0.000000 0.000000 0.593404
    13 0.928313 0.000000 -0.000001 0.000000 0.000000 1.204231
    14 2.979373 -0.388274 -0.044205 -0.032013 -0.029661 0.806058
    15 1.435262 -0.000001 -0.000001 0.000000 0.000000 1.298296
    16 1.482593 -0.000001 0.000001 0.000000 0.000000 0.445026
    17 -2.975371 1.071532 -4.156022 -1.503740 1.233638 -4.872393
    18 4.972047 0.000000 0.000000 0.799867 -0.786431 -1.095419
    19 11.585358 0.000000 0.000001 0.000000 0.000000 -1.693614
    20 10.127058 0.000000 0.000001 1.623537 0.643509 -0.216091
    21 1.537458 0.109715 1.664489 -3.079588 0.031470 0.928526
    22 0.928313 0.000000 0.000002 0.000000 0.000000 0.061034
    23 0.928311 0.000000 0.000001 0.000000 0.000000 0.671897
    24 2.686395 -0.427337 0.044204 -0.001208 0.043611 -0.052337
    25 1.435260 0.000000 0.000001 0.000000 0.000000 1.186618
    26 1.482593 0.000000 -0.000001 0.000000 0.000000 1.684243
    27 2.046984 0.000001 0.000000 0.103399 -0.113500 0.343066
    28 -0.000005 0.000007 3.713254 -0.099865 -3.047848 5.707452
    29 18.045723 0.000000 0.000000 0.000000 0.000000 -0.418799
    30 17.597597 0.000000 0.000000 -0.057278 -0.016623 -0.158227
    31 0.000005 -0.000003 -3.713254 0.807612 2.831714 6.177200
    32 18.045721 0.000000 0.000000 0.000000 0.000000 -0.781069
    33 17.597597 0.000000 0.000000 0.178894 0.126614 0.485493
  time 23
    0 0.524419 2.515853 0.368674 0.000000 0.000000 -1.571017
    1 -0.523457 -0.039064 0.000000 -1.570795 -1.570787 0.000000
    2 1.293670 0.684478 -0.000001 -0.061959 -0.021921 -0.061512
    3 5.309685 -0.003834 0.000000 -0.065839 -0.012584 0.007907
    4 4.826790 -0.004591 0.000000 0.134436 0.029063 0.163035
    5 5.792767 -0.005304 0.000000 -0.031317 0.001246 0.180536
    6 6.662322 -0.001452 0.000000 -0.091910 0.032655 0.231870
    7 -3.518356 0.356631 4.277124 0.703174 -1.359817 -4.070004
    8 4.827512 0.000000 -0.000002 0.455897 1.106846 -0.171942
    9 11.140032 0.000000 0.000000 0.000000 0.000000 -1.852388
    10 10.314563 -0.000001 0.000001 -1.180032 -0.038499 0.369936
    11 1.646836 0.445664 -1.699647 -0.392035 3.352851 -0.875707
    12 0.928312 0.000000 0.000000 0.000000 0.000000 0.593404
    13 0.928313 0.000000 -0.000001 0.000000 0.000000 1.204231
    14 2.979373 -0.388274 -0.044205 -0.032001 -0.029661 0.806058
    15 1.435262 -0.000001 -0.000001 0.000000 0.000000 1.298170
    16 1.482593 -0.000001 0.000001 0.000000 0.000000 0.445026
    17 -2.975371 1.071532 -4.156022 -1.478711 1.228722 -4.845670
    18 4.972047 0.000000 0.000000 0.730643 -0.803144 -1.043772
    19 11.585358 0.000000 0.000001 0.000000 0.000000 -1.617325
    20 10.127058 0.000000 0.000001 1.526626 0.633958 -0.354551
    21 1.537458 0.109715 1.664489 -3.079588 0.031470 0.928526
    22 0.928313 0.000000 0.000002 0.000000 0.000000 0.061034
    23 0.928311 0.000000 0.000001 0.000000 0.000000 0.671897
    24 2.686395 -0.427337 0.044204 -0.001208 0.043611 -0.052337
    25 1.435260 0.000000 0.000001 0.000000 0.000000 1.186618
    26 1.482593 0.000000 -0.000001 0.000000 0.000000 1.684243
    27 2.046984 0.000001 0.000000 0.093016 -0.133002 0.404381
    28 -0.000005 0.000007 3.713254 -0.099865 -3.048231 5.707260
    29 18.045723 0.000000 0.000000 0.000000 0.000000 -0.419021
    30 17.597597 0.000000 0.000000 -0.057379 -0.016279 -0.158044
    31 0.000005 -0.000003 -3.713254 0.807516 2.831330 6.177104
    32 18.045721 0.000000 0.000000 0.000000 0.000000 -0.781069
    33 17.597597 0.000000 0.000000 0.178894 0.126870 0.485123
  time 24
    0 0.524419 2.527572 0.368674 0.000000 0.000000 -1.571017
    1 -0.523457 -0.039064 0.000000 -1.570795 -1.570787 0.000000
    2 1.293670 0.684478 -0.000001 -0.061959 -0.020591 -0.061512
    3 5.309685 -0.003834 0.000000 -0.062708 -0.014058 0.009214
    4 4.826790 -0.004591 0.000000 0.114236 0.026810 0.165306
    5 5.792767 -0.005304 0.000000 -0.042973 0.000515 0.178439
    6 6.662322 -0.001452 0.000000 -0.091910 0.032655 0.231870
    7 -3.518356 0.356631 4.277124 0.828934 -1.339710 -4.193418
    8 4.827512 0.000000 -0.000002 0.250865 1.057728 -0.405898
    9 11.140032 0.000000 0.000000 0.000000 0.000000 -1.900497
    10 10.314563 -0.000001 0.000001 -1.164868 -0.094234 0.436592
    11 1.646836 0.445664 -1.699647 -0.392035 3.352851 -0.875707
    12 0.928312 0.000000 0.000000 0.000000 0.000000 0.593404
    13 0.928313 0.000000 -0.000001 0.000000 0.000000 1.204231
    14 2.979373 -0.388274 -0.044205 -0.032001 -0.029673 0.805754
    15 1.435262 -0.000001 -0.000001 0.000000 0.000000 1.297502
    16 1.482593 -0.000001 0.000001 0.000000 0.000000 0.445026
    17 -2.975371 1.071532 -4.156022 -1.469731 1.189970 -4.834081
    18 4.972047 0.000000 0.000000 0.602702 -0.783458 -0.956252
    19 11.585358 0.000000 0.000001 0.000000 0.000000 -1.593801
    20 10.127058 0.000000 0.000001 1.536653 0.603792 -0.195182
    21 1.537458 0.109715 1.664489 -3.079588 0.031470 0.928526
    22 0.928313 0.000000 0.000002 0.000000 0.000000 0.061034
    23 0.928311 0.000000 0.000001 0.000000 0.000000 0.671897
    24 2.686395 -0.427337 0.044204 -0.001208 0.043611 -0.052337
    25 1.435260 0.000000 0.000001 0.000000 0.000000 1.186618
    26 1.482593 0.000000 -0.000001 0.000000 0.000000 1.684243
    27 2.046984 0.000001 0.000000 0.115376 -0.153654 0.417277
    28 -0.000005 0.000007 3.713254 -0.099865 -3.048231 5.707644
    29 18.045723 0.000000 0.000000 0.000000 0.000000 -0.417541
    30 17.597597 0.000000 0.000000 -0.057354 -0.016352 -0.159190
    31 0.000005 -0.000003 -3.713254 0.807516 2.831330 6.176625
    32 18.045721 0.000000 0.000000 0.000000 0.000000 -0.781384
    33 17.597597 0.000000 0.000000 0.178894 0.126476 0.485123
  time 25
    0 0.512700 2.566636 0.368674 0.000000 0.000000 -1.571017
    1 -0.523457 -0.039064 0.000000 -1.570795 -1.570787 0.000000
    2 1.293670 0.684478 -0.000001 -0.061976 -0.017427 -0.061579
    3 5.309685 -0.003834 0.000000 -0.055288 -0.017593 0.012411
    4 4.826790 -0.004591 0.000000 0.066169 0.021572 0.171083
    5 5.792767 -0.005304 0.000000 -0.070854 -0.001366 0.173622
    6 6.662322 -0.001452 0.000000 -0.091910 0.032655 0.231870
    7 -3.518356 0.356631 4.277124 0.907054 -1.323092 -4.270456
    8 4.827512 0.000000 -0.000002 0.119412 0.998463 -0.510745
    9 11.140032 0.000000 0.000000 0.000000 0.000000 -1.935492
    10 10.314563 -0.000001 0.000001 -1.156717 -0.134607 0.485888
    11 1.646836 0.445664 -1.699647 -0.392035 3.352851 -0.875707
    12 0.928312 0.000000 0.000000 0.000000 0.000000 0.593404
    13 0.928313 0.000000 -0.000001 0.000000 0.000000 1.204231
    14 2.979373 -0.388274 -0.044205 -0.031977 -0.029685 0.805233
    15 1.435262 -0.000001 -0.000001 0.000000 0.000000 1.296248
    16 1.482593 -0.000001 0.000001 0.000000 0.000000 0.445026
    17 -2.975371 1.071532 -4.156022 -1.470113 1.117382 -4.829962
    18 4.972047 0.000000 0.000000 0.405069 -0.718696 -0.842508
    19 11.585358 0.000000 0.000001 0.000000 0.000000 -1.600907
    20 10.127058 0.000000 0.000001 1.598994 0.538637 0.194586
    21 1.537458 0.109715 1.664489 -3.079588 0.031470 0.928526
    22 0.928313 0.000000 0.000002 0.000000 0.000000 0.061034
    23 0.928311 0.000000 0.000001 0.000000 0.000000 0.671897
    24 2.686395 -0.427337 0.044204 -0.001208 0.043611 -0.052337
    25 1.435260 0.000000 0.000001 0.000000 0.000000 1.186618
    26 1.482593 0.000000 -0.000001 0.000000 0.000000 1.684243
    27 2.046984 0.000001 0.000000 0.170953 -0.197939 0.417216
    28 -0.000005 0.000007 3.713254 -0.099865 -3.048136 5.708507
    29 18.045723 0.000000 0.000000 0.000000 0.000000 -0.413988
    30 17.597597 0.000000 0.000000 -0.057354 -0.016426 -0.161987
    31 0.000005 -0.000003 -3.713254 0.807324 2.831234 6.175283
    32 18.045721 0.000000 0.000000 0.000000 0.000000 -0.782250
    33 17.597597 0.000000 0.000000 0.178794 0.125529 0.485031
  time 26
    0 0.500981 2.609606 0.368674 0.000000 0.000000 -1.571017
    1 -0.523457 -0.039064 0.000000 -1.570795 -1.570787 0.000000
    2 1.293670 0.684478 -0.000001 -0.061976 -0.013627 -0.061629
    3 5.309685 -0.003834 0.000000 -0.046371 -0.021836 0.016103
    4 4.826790 -0.004591 0.000000 0.008698 0.015736 0.178138
    5 5.792767 -0.005304 0.000000 -0.103969 -0.003799 0.167746
    6 6.662322 -0.001452 0.000000 -0.091910 0.032655 0.231870
    7 -3.518356 0.356631 4.277124 0.934564 -1.316261 -4.297477
    8 4.827512 0.000000 -0.000002 0.061617 0.963501 -0.502686
    9 11.140032 0.000000 0.000000 0.000000 0.000000 -1.948751
    10 10.314563 -0.000001 0.000001 -1.155200 -0.148564 0.506326
    11 1.646836 0.445664 -1.699647 -0.392035 3.352851 -0.875707
    12 0.928312 0.000000 0.000000 0.000000 0.000000 0.593404
    13 0.928313 0.000000 -0.000001 0.000000 0.000000 1.204231
    14 2.979373 -0.388274 -0.044205 -0.031965 -0.029709 0.804451
    15 1.435262 -0.000001 -0.000001 0.000000 0.000000 1.294367
    16 1.482593 -0.000001 0.000001 0.000000 0.000000 0.445026
    17 -2.975371 1.071532 -4.156022 -1.474603 1.035382 -4.829100
    18 4.972047 0.000000 0.000000 0.215033 -0.626777 -0.752259
    19 11.585358 0.000000 0.000001 0.000000 0.000000 -1.624022
    20 10.127058 0.000000 0.000001 1.645205 0.440953 0.639027
    21 1.537458 0.109715 1.664489 -3.079588 0.031470 0.928526
    22 0.928313 0.000000 0.000002 0.000000 0.000000 0.061034
    23 0.928311 0.000000 0.000001 0.000000 0.000000 0.671897
    24 2.686395 -0.427337 0.044204 -0.001208 0.043611 -0.052337
    25 1.435260 0.000000 0.000001 0.000000 0.000000 1.186618
    26 1.482593 0.000000 -0.000001 0.000000 0.000000 1.684243
    27 2.046984 0.000001 0.000000 0.238981 -0.248862 0.406632
    28 -0.000005 0.000007 3.713254 -0.099961 -3.048136 5.709561
    29 18.045723 0.000000 0.000000 0.000000 0.000000 -0.409473
    30 17.597597 0.000000 0.000000 -0.057278 -0.016574 -0.165471
    31 0.000005 -0.000003 -3.713254 0.807324 2.831234 6.173653
    32 18.045721 0.000000 0.000000 0.000000 0.000000 -0.783116
    33 17.597597 0.000000 0.000000 0.178693 0.124365 0.484939
  time 27
    0 0.493168 2.640857 0.368674 0.000000 0.000000 -1.571017
    1 -0.523457 -0.039064 0.000000 -1.570795 -1.570787 0.000000
    2 1.293670 0.684478 -0.000001 -0.061976 -0.010500 -0.061562
    3 5.309685 -0.003834 0.000000 -0.038901 -0.025252 0.018929
    4 4.826790 -0.004591 0.000000 -0.039522 0.011146 0.184069
    5 5.792767 -0.005304 0.000000 -0.131472 -0.005848 0.162410
    6 6.662322 -0.001452 0.000000 -0.091910 0.032655 0.231870
    7 -3.518356 0.356631 4.277124 0.934564 -1.316261 -4.297477
    8 4.827512 0.000000 -0.000002 0.040971 0.952500 -0.455115
    9 11.140032 0.000000 0.000000 0.000000 0.000000 -1.948171
    10 10.314563 -0.000001 0.000001 -1.157191 -0.145379 0.508707
    11 1.646836 0.445664 -1.699647 -0.392035 3.352851 -0.875707
    12 0.928312 0.000000 0.000000 0.000000 0.000000 0.593404
    13 0.928313 0.000000 -0.000001 0.000000 0.000000 1.204231
    14 2.979373 -0.388274 -0.044205 -0.031929 -0.029745 0.803496
    15 1.435262 -0.000001 -0.000001 0.000000 0.000000 1.291776
    16 1.482593 -0.000001 0.000001 0.000000 0.000000 0.445026
    17 -2.975371 1.071532 -4.156022 -1.479284 0.968368 -4.829004
    18 4.972047 0.000000 0.000000 0.079212 -0.542731 -0.702809
    19 11.585358 0.000000 0.000001 0.000000 0.000000 -1.648363
    20 10.127058 0.000000 0.000001 1.651236 0.350360 0.994630
    21 1.537458 0.109715 1.664489 -3.079588 0.031470 0.928526
    22 0.928313 0.000000 0.000002 0.000000 0.000000 0.061034
    23 0.928311 0.000000 0.000001 0.000000 0.000000 0.671897
    24 2.686395 -0.427337 0.044204 -0.001208 0.043611 -0.052337
    25 1.435260 0.000000 0.000001 0.000000 0.000000 1.186618
    26 1.482593 0.000000 -0.000001 0.000000 0.000000 1.684243
    27 2.046984 0.000001 0.000000 0.297229 -0.289901 0.392763
    28 -0.000005 0.000007 3.713254 -0.099961 -3.048136 5.710424
    29 18.045723 0.000000 0.000000 0.000000 0.000000 -0.405624
    30 17.597597 0.000000 0.000000 -0.057227 -0.016648 -0.168405
    31 0.000005 -0.000003 -3.713254 0.807324 2.831139 6.172215
    32 18.045721 0.000000 0.000000 0.000000 0.000000 -0.783982
    33 17.597597 0.000000 0.000000 0.178592 0.123379 0.484846
  time 28
    0 0.493168 2.660388 0.368674 0.000000 0.000000 -1.571017
    1 -0.523457 -0.039064 0.000000 -1.570795 -1.570787 0.000000
    2 1.293670 0.684478 -0.000001 -0.061959 -0.009181 -0.061261
    3 5.309685 -0.003834 0.000000 -0.035600 -0.026354 0.019618
    4 4.826790 -0.004591 0.000000 -0.059951 0.009360 0.186053
    5 5.792767 -0.005304 0.000000 -0.142481 -0.006424 0.159088
    6 6.662322 -0.001452 0.000000 -0.091910 0.032655 0.231870
    7 -3.518356 0.356631 4.277124 0.934564 -1.316261 -4.297477
    8 4.827512 0.000000 -0.000002 0.030767 0.947725 -0.439692
    9 11.140032 0.000000 0.000000 0.000000 0.000000 -1.947446
    10 10.314563 -0.000001 0.000001 -1.159560 -0.141351 0.511668
    11 1.646836 0.445664 -1.699647 -0.392035 3.352851 -0.875707
    12 0.928312 0.000000 0.000000 0.000000 0.000000 0.593404
    13 0.928313 0.000000 -0.000001 0.000000 0.000000 1.204231
    14 2.979373 -0.388274 -0.044205 -0.031881 -0.029781 0.802193
    15 1.435262 -0.000001 -0.000001 0.000000 0.000000 1.288642
    16 1.482593 -0.000001 0.000001 0.000000 0.000000 0.445026
    17 -2.975371 1.071532 -4.156022 -1.481482 0.940579 -4.829100
    18 4.972047 0.000000 0.000000 0.027436 -0.506574 -0.689830
    19 11.585358 0.000000 0.000001 0.000000 0.000000 -1.659390
    20 10.127058 0.000000 0.000001 1.644364 0.312156 1.140293
    21 1.537458 0.109715 1.664489 -3.079588 0.031470 0.928526
    22 0.928313 0.000000 0.000002 0.000000 0.000000 0.061034
    23 0.928311 0.000000 0.000001 0.000000 0.000000 0.671897
    24 2.686395 -0.427337 0.044204 -0.001208 0.043611 -0.052337
    25 1.435260 0.000000 0.000001 0.000000 0.000000 1.186618
    26 1.482593 0.000000 -0.000001 0.000000 0.000000 1.684243
    27 2.046984 0.000001 0.000000 0.321528 -0.306718 0.385646
    28 -0.000005 0.000007 3.713254 -0.100057 -3.048136 5.710807
    29 18.045723 0.000000 0.000000 0.000000 0.000000 -0.403922
    30 17.597597 0.000000 0.000000 -0.057227 -0.016697 -0.169689
    31 0.000005 -0.000003 -3.713254 0.807324 2.831139 6.171640
    32 18.045721 0.000000 0.000000 0.000000 0.000000 -0.784454
    33 17.597597 0.000000 0.000000 0.178559 0.122945 0.484754
  time 29
    0 0.493168 2.672108 0.368674 0.000000 0.000000 -1.571017
    1 -0.523457 -0.039064 0.000000 -1.570795 -1.570787 0.000000
    2 1.293670 0.684478 -0.000001 -0.061925 -0.009241 -0.060876
    3 5.309685 -0.003834 0.000000 -0.035361 -0.025815 0.018681
    4 4.826790 -0.004591 0.000000 -0.061057 0.009672 0.187972
    5 5.792767 -0.005304 0.000000 -0.141150 -0.005777 0.157177
    6 6.662322 -0.001452 0.000000 -0.091910 0.032655 0.231870
    7 -3.518356 0.356631 4.277124 0.939069 -1.314783 -4.301597
    8 4.827512 0.000000 -0.000002 -0.037152 0.936725 -0.510225
    9 11.140032 0.000000 0.000000 0.000000 0.000000 -1.884702
    10 10.314563 -0.000001 0.000001 -1.100325 -0.221066 0.539248
    11 1.646836 0.445664 -1.699647 -0.392035 3.352851 -0.875707
    12 0.928312 0.000000 0.000000 0.000000 0.000000 0.593404
    13 0.928313 0.000000 -0.000001 0.000000 0.000000 1.204231
    14 2.979373 -0.388274 -0.044205 -0.031833 -0.029829 0.800673
    15 1.435262 -0.000001 -0.000001 0.000000 0.000000 1.284964
    16 1.482593 -0.000001 0.000001 0.000000 0.000000 0.445026
    17 -2.975371 1.071532 -4.156022 -1.482055 0.938055 -4.829387
    18 4.972047 0.000000 0.000000 0.012522 -0.512921 -0.678383
    19 11.585358 0.000000 0.000001 0.000000 0.000000 -1.667721
    20 10.127058 0.000000 0.000001 1.661264 0.309792 1.198418
    21 1.537458 0.109715 1.664489 -3.079588 0.031470 0.928526
    22 0.928313 0.000000 0.000002 0.000000 0.000000 0.061034
    23 0.928311 0.000000 0.000001 0.000000 0.000000 0.671897
    24 2.686395 -0.427337 0.044204 -0.001208 0.043611 -0.052337
    25 1.435260 0.000000 0.000001 0.000000 0.000000 1.186618
    26 1.482593 0.000000 -0.000001 0.000000 0.000000 1.684243
    27 2.046984 0.000001 0.000000 0.321226 -0.305774 0.380658
    28 -0.000005 0.000007 3.713254 -0.100057 -3.048231 5.710999
    29 18.045723 0.000000 0.000000 0.000000 0.000000 -0.403034
    30 17.597597 0.000000 0.000000 -0.057278 -0.016623 -0.170331
    31 0.000005 -0.000003 -3.713254 0.807324 2.831043 6.171352
    32 18.045721 0.000000 0.000000 0.000000 0.000000 -0.784533
    33 17.597597 0.000000 0.000000 0.178559 0.122788 0.484661
  time 30
    0 0.493168 2.676014 0.368674 0.000000 0.000000 -1.571017
    1 -0.523457 -0.039064 0.000000 -1.570795 -1.570787 0.000000
    2 1.293670 0.684478 -0.000001 -0.061858 -0.009337 -0.060424
    3 5.309685 -0.003834 0.000000 -0.035072 -0.025168 0.017622
    4 4.826790 -0.004591 0.000000 -0.062850 0.009995 0.189736
    5 5.792767 -0.005304 0.000000 -0.139423 -0.005022 0.154977
    6 6.662322 -0.001452 0.000000 -0.091910 0.032655 0.231870
    7 -3.518356 0.356631 4.277124 0.948654 -1.311501 -4.310987
    8 4.827512 0.000000 -0.000002 -0.171395 0.906367 -0.645053
    9 11.140032 0.000000 0.000000 0.000000 0.000000 -1.747692
    10 10.314563 -0.000001 0.000001 -0.969439 -0.406350 0.579951
    11 1.646836 0.445664 -1.699647 -0.392035 3.352851 -0.875707
    12 0.928312 0.000000 0.000000 0.000000 0.000000 0.593404
    13 0.928313 0.000000 -0.000001 0.000000 0.000000 1.204231
    14 2.979373 -0.388274 -0.044205 -0.031785 -0.029889 0.798936
    15 1.435262 -0.000001 -0.000001 0.000000 0.000000 1.280618
    16 1.482593 -0.000001 0.000001 0.000000 0.000000 0.445026
    17 -2.975371 1.071532 -4.156022 -1.483010 0.932402 -4.830250
    18 4.972047 0.000000 0.000000 -0.022934 -0.529152 -0.647168
    19 11.585358 0.000000 0.000001 0.000000 0.000000 -1.686507
    20 10.127058 0.000000 0.000001 1.699131 0.300052 1.326623
    21 1.537458 0.109715 1.664489 -3.079588 0.031470 0.928526
    22 0.928313 0.000000 0.000002 0.000000 0.000000 0.061034
    23 0.928311 0.000000 0.000001 0.000000 0.000000 0.671897
    24 2.686395 -0.427337 0.044204 -0.001208 0.043611 -0.052337
    25 1.435260 0.000000 0.000001 0.000000 0.000000 1.186618
    26 1.482593 0.000000 -0.000001 0.000000 0.000000 1.684243
    27 2.046984 0.000001 0.000000 0.322131 -0.302853 0.370378
    28 -0.000005 0.000007 3.713254 -0.100057 -3.048231 5.711191
    29 18.045723 0.000000 0.000000 0.000000 0.000000 -0.402146
    30 17.597597 0.000000 0.000000 -0.057278 -0.016574 -0.171018
    31 0.000005 -0.000003 -3.713254 0.807228 2.830851 6.170968
    32 18.045721 0.000000 0.000000 0.000000 0.000000 -0.784769
    33 17.597597 0.000000 0.000000 0.178559 0.122590 0.484523
  time 31
    0 0.493168 2.683827 0.368674 0.000000 0.000000 -1.571017
    1 -0.523457 -0.039064 0.000000 -1.570795 -1.570787 0.000000
    2 1.293670 0.684478 -0.000001 -0.061824 -0.009421 -0.059905
    3 5.309685 -0.003834 0.000000 -0.034732 -0.024413 0.016403
    4 4.826790 -0.004591 0.000000 -0.064910 0.010259 0.189647
    5 5.792767 -0.005304 0.000000 -0.137426 -0.004171 0.152444
    6 6.662322 -0.001452 0.000000 -0.091910 0.032655 0.231870
    7 -3.518356 0.356631 4.277124 0.957856 -1.308218 -4.320090
    8 4.827512 0.000000 -0.000002 -0.291768 0.866630 -0.766277
    9 11.140032 0.000000 0.000000 0.000000 0.000000 -1.610538
    10 10.314563 -0.000001 0.000001 -0.835710 -0.595381 0.596905
    11 1.646836 0.445664 -1.699647 -0.392035 3.352851 -0.875707
    12 0.928312 0.000000 0.000000 0.000000 0.000000 0.593404
    13 0.928313 0.000000 -0.000001 0.000000 0.000000 1.204231
    14 2.979373 -0.388274 -0.044205 -0.031726 -0.029949 0.797025
    15 1.435262 -0.000001 -0.000001 0.000000 0.000000 1.275686
    16 1.482593 -0.000001 0.000001 0.000000 0.000000 0.445026
    17 -2.975371 1.071532 -4.156022 -1.484252 0.926750 -4.831016
    18 4.972047 0.000000 0.000000 -0.060078 -0.546507 -0.615155
    19 11.585358 0.000000 0.000001 0.000000 0.000000 -1.705375
    20 10.127058 0.000000 0.000001 1.734894 0.285773 1.453778
    21 1.537458 0.109715 1.664489 -3.079588 0.031470 0.928526
    22 0.928313 0.000000 0.000002 0.000000 0.000000 0.061034
    23 0.928311 0.000000 0.000001 0.000000 0.000000 0.671897
    24 2.686395 -0.427337 0.044204 -0.001208 0.043611 -0.052337
    25 1.435260 0.000000 0.000001 0.000000 0.000000 1.186618
    26 1.482593 0.000000 -0.000001 0.000000 0.000000 1.684243
    27 2.046984 0.000001 0.000000 0.323811 -0.297926 0.356874
    28 -0.000005 0.000007 3.713254 -0.100249 -3.048231 5.711287
    29 18.045723 0.000000 0.000000 0.000000 0.000000 -0.401850
    30 17.597597 0.000000 0.000000 -0.057278 -0.016500 -0.171339
    31 0.000005 -0.000003 -3.713254 0.807228 2.830851 6.170873
    32 18.045721 0.000000 0.000000 0.000000 0.000000 -0.784769
    33 17.597597 0.000000 0.000000 0.178559 0.122531 0.484523
  time 32
    0 0.493168 2.660388 0.368674 0.000000 0.000000 -1.571017
    1 -0.523457 -0.039064 0.000000 -1.570795 -1.570787 0.000000
    2 1.293670 0.684478 -0.000001 -0.061757 -0.009505 -0.059319
    3 5.309685 -0.003834 0.000000 -0.034357 -0.023586 0.015043
    4 4.826790 -0.004591 0.000000 -0.066741 0.009887 0.181137
    5 5.792767 -0.005304 0.000000 -0.135484 -0.003188 0.149641
    6 6.662322 -0.001452 0.000000 -0.091910 0.032655 0.231870
    7 -3.518356 0.356631 4.277124 0.962265 -1.306710 -4.324114
    8 4.827512 0.000000 -0.000002 -0.340634 0.851366 -0.818874
    9 11.140032 0.000000 0.000000 0.000000 0.000000 -1.547359
    10 10.314563 -0.000001 0.000001 -0.776285 -0.679217 0.600389
    11 1.646836 0.445664 -1.699647 -0.392035 3.352851 -0.875707
    12 0.928312 0.000000 0.000000 0.000000 0.000000 0.593404
    13 0.928313 0.000000 -0.000001 0.000000 0.000000 1.204231
    14 2.979373 -0.388274 -0.044205 -0.031654 -0.030008 0.794767
    15 1.435262 -0.000001 -0.000001 0.000000 0.000000 1.270086
    16 1.482593 -0.000001 0.000001 0.000000 0.000000 0.445026
    17 -2.975371 1.071532 -4.156022 -1.484634 0.924174 -4.831495
    18 4.972047 0.000000 0.000000 -0.081371 -0.561292 -0.601112
    19 11.585358 0.000000 0.000001 0.000000 0.000000 -1.713380
    20 10.127058 0.000000 0.000001 1.749059 0.278397 1.510553
    21 1.537458 0.109715 1.664489 -3.079588 0.031470 0.928526
    22 0.928313 0.000000 0.000002 0.000000 0.000000 0.061034
    23 0.928311 0.000000 0.000001 0.000000 0.000000 0.671897
    24 2.686395 -0.427337 0.044204 -0.001208 0.043611 -0.052337
    25 1.435260 0.000000 0.000001 0.000000 0.000000 1.186618
    26 1.482593 0.000000 -0.000001 0.000000 0.000000 1.684243
    27 2.046984 0.000001 0.000000 0.325061 -0.291642 0.346289
    28 -0.000005 0.000007 3.713254 -0.100057 -3.048136 5.710807
    29 18.045723 0.000000 0.000000 0.000000 0.000000 -0.403996
    30 17.597597 0.000000 0.000000 -0.057227 -0.016697 -0.169597
    31 0.000005 -0.000003 -3.713254 0.807324 2.831139 6.171640
    32 18.045721 0.000000 0.000000 0.000000 0.000000 -0.784454
    33 17.597597 0.000000 0.000000 0.178559 0.122945 0.484754
  time 33
    0 0.481449 2.590074 0.368674 0.000000 0.000000 -1.571017
    1 -0.523457 -0.039064 0.000000 -1.570795 -1.570787 0.000000
    2 1.293670 0.684478 -0.000001 -0.061672 -0.009601 -0.058616
    3 5.309685 -0.003834 0.000000 -0.033983 -0.022651 0.013524
    4 4.826790 -0.004591 0.000000 -0.067294 0.008473 0.158207
    5 5.792767 -0.005304 0.000000 -0.132965 -0.002085 0.146464
    6 6.662322 -0.001452 0.000000 -0.091910 0.032655 0.231870
    7 -3.518356 0.356631 4.277124 0.950667 -1.302216 -4.311946
    8 4.827512 0.000000 -0.000002 -0.233973 0.842583 -0.585524
    9 11.140032 0.000000 0.000000 0.000000 0.000000 -1.719653
    10 10.314563 -0.000001 0.000001 -0.700558 -0.722588 0.104993
    11 1.646836 0.445664 -1.699647 -0.392035 3.352851 -0.875707
    12 0.928312 0.000000 0.000000 0.000000 0.000000 0.593404
    13 0.928313 0.000000 -0.000001 0.000000 0.000000 1.204231
    14 2.979373 -0.388274 -0.044205 -0.026956 -0.034311 0.648590
    15 1.435262 -0.000001 -0.000001 0.000000 0.000000 0.982350
    16 1.482593 -0.000001 0.000001 0.000000 0.000000 0.445026
    17 -2.975371 1.071532 -4.156022 -1.475750 0.967921 -4.824694
    18 4.972047 0.000000 0.000000 0.069457 -0.669442 -0.702676
    19 11.585358 0.000000 0.000001 0.000000 0.000000 -1.657593
    20 10.127058 0.000000 0.000001 1.770868 0.330218 1.192966
    21 1.537458 0.109715 1.664489 -3.079588 0.031470 0.928526
    22 0.928313 0.000000 0.000002 0.000000 0.000000 0.061034
    23 0.928311 0.000000 0.000001 0.000000 0.000000 0.671897
    24 2.686395 -0.427337 0.044204 -0.001208 0.043611 -0.052337
    25 1.435260 0.000000 0.000001 0.000000 0.000000 1.186618
    26 1.482593 0.000000 -0.000001 0.000000 0.000000 1.684243
    27 2.046984 0.000001 0.000000 0.323682 -0.283912 0.345195
    28 -0.000005 0.000007 3.713254 -0.099865 -3.047464 5.709369
    29 18.045723 0.000000 0.000000 0.000000 0.000000 -0.410435
    30 17.597597 0.000000 0.000000 -0.057050 -0.017214 -0.164600
    31 0.000005 -0.000003 -3.713254 0.807612 2.832001 6.174228
    32 18.045721 0.000000 0.000000 0.000000 0.000000 -0.782801
    33 17.597597 0.000000 0.000000 0.178693 0.124227 0.485631
  time 34
    0 0.469730 2.511946 0.368674 0.000000 0.000000 -1.571017
    1 -0.523457 -0.039064 0.000000 -1.570795 -1.570787 0.000000
    2 1.293670 0.684478 -0.000001 -0.061622 -0.009709 -0.057896
    3 5.309685 -0.003834 0.000000 -0.033507 -0.021608 0.011846
    4 4.826790 -0.004591 0.000000 -0.067275 0.006663 0.129632
    5 5.792767 -0.005304 0.000000 -0.129979 -0.000923 0.142976
    6 6.662322 -0.001452 0.000000 -0.091910 0.032655 0.231870
    7 -3.518356 0.356631 4.277124 0.939548 -1.297633 -4.300064
    8 4.827512 0.000000 -0.000002 -0.123246 0.818962 -0.353561
    9 11.140032 0.000000 0.000000 0.000000 0.000000 -1.891875
    10 10.314563 -0.000001 0.000001 -0.604645 -0.728302 -0.404513
    11 1.646836 0.445664 -1.699647 -0.392035 3.352851 -0.875707
    12 0.928312 0.000000 0.000000 0.000000 0.000000 0.593404
    13 0.928313 0.000000 -0.000001 0.000000 0.000000 1.204231
    14 2.979373 -0.388274 -0.044205 -0.021658 -0.037858 0.502153
    15 1.435262 -0.000001 -0.000001 0.000000 0.000000 0.693988
    16 1.482593 -0.000001 0.000001 0.000000 0.000000 0.445026
    17 -2.975371 1.071532 -4.156022 -1.465719 1.011694 -4.816649
    18 4.972047 0.000000 0.000000 0.240264 -0.771807 -0.822342
    19 11.585358 0.000000 0.000001 0.000000 0.000000 -1.601887
    20 10.127058 0.000000 0.000001 1.774374 0.386673 0.870177
    21 1.537458 0.109715 1.664489 -3.079588 0.031470 0.928526
    22 0.928313 0.000000 0.000002 0.000000 0.000000 0.061034
    23 0.928311 0.000000 0.000001 0.000000 0.000000 0.671897
    24 2.686395 -0.427337 0.044204 -0.001208 0.043611 -0.052337
    25 1.435260 0.000000 0.000001 0.000000 0.000000 1.186618
    26 1.482593 0.000000 -0.000001 0.000000 0.000000 1.684243
    27 2.046984 0.000001 0.000000 0.333333 -0.240778 0.274147
    28 -0.000005 0.000007 3.713254 -0.099482 -3.046506 5.707740
    29 18.045723 0.000000 0.000000 0.000000 0.000000 -0.418503
    30 17.597597 0.000000 0.000000 -0.056771 -0.017903 -0.158411
    31 0.000005 -0.000003 -3.713254 0.807899 2.833056 6.177488
    32 18.045721 0.000000 0.000000 0.000000 0.000000 -0.781148
    33 17.597597 0.000000 0.000000 0.178794 0.125805 0.486694
  time 35
    0 0.450198 2.429913 0.368674 0.000000 0.000000 -1.571017
    1 -0.523457 -0.039064 0.000000 -1.570795 -1.570787 0.000000
    2 1.293670 0.684478 -0.000001 -0.061538 -0.009792 -0.057126
    3 5.309685 -0.003834 0.000000 -0.033047 -0.020518 0.010044
    4 4.826790 -0.004591 0.000000 -0.067752 0.004974 0.101675
    5 5.792767 -0.005304 0.000000 -0.127839 0.000384 0.139197
    6 6.662322 -0.001452 0.000000 -0.091910 0.032655 0.231870
    7 -3.518356 0.356631 4.277124 0.929004 -1.293020 -4.288758
    8 4.827512 0.000000 -0.000002 -0.170917 0.858870 -0.500780
    9 11.140032 0.000000 0.000000 0.000000 0.000000 -1.802250
    10 10.314563 -0.000001 0.000001 -0.518398 -0.693924 -0.906180
    11 1.646836 0.445664 -1.699647 -0.392035 3.352851 -0.875707
    12 0.928312 0.000000 0.000000 0.000000 0.000000 0.593404
    13 0.928313 0.000000 -0.000001 0.000000 0.000000 1.204231
    14 2.979373 -0.388274 -0.044205 -0.015906 -0.040639 0.355369
    15 1.435262 -0.000001 -0.000001 0.000000 0.000000 0.405124
    16 1.482593 -0.000001 0.000001 0.000000 0.000000 0.445026
    17 -2.975371 1.071532 -4.156022 -1.454064 1.055363 -4.807262
    18 4.972047 0.000000 0.000000 0.334626 -0.914428 -0.872858
    19 11.585358 0.000000 0.000001 0.000000 0.000000 -1.698841
    20 10.127058 0.000000 0.000001 1.757824 0.442466 0.539584
    21 1.537458 0.109715 1.664489 -3.079588 0.031470 0.928526
    22 0.928313 0.000000 0.000002 0.000000 0.000000 0.061034
    23 0.928311 0.000000 0.000001 0.000000 0.000000 0.671897
    24 2.686395 -0.427337 0.044204 -0.001208 0.043611 -0.052337
    25 1.435260 0.000000 0.000001 0.000000 0.000000 1.186618
    26 1.482593 0.000000 -0.000001 0.000000 0.000000 1.684243
    27 2.046984 0.000001 0.000000 0.347464 -0.154923 0.117817
    28 -0.000005 0.000007 3.713254 -0.099194 -3.045643 5.706110
    29 18.045723 0.000000 0.000000 0.000000 0.000000 -0.426052
    30 17.597597 0.000000 0.000000 -0.056493 -0.018567 -0.152496
    31 0.000005 -0.000003 -3.713254 0.808379 2.834110 6.180651
    32 18.045721 0.000000 0.000000 0.000000 0.000000 -0.779180
    33 17.597597 0.000000 0.000000 0.178961 0.127383 0.487664
  time 36
    0 0.438479 2.367411 0.368674 0.000000 0.000000 -1.571017
    1 -0.523457 -0.039064 0.000000 -1.570795 -1.570787 0.000000
    2 1.293670 0.684478 -0.000001 -0.061436 -0.009924 -0.056289
    3 5.309685 -0.003834 0.000000 -0.032503 -0.019295 0.008066
    4 4.826790 -0.004591 0.000000 -0.069793 0.003787 0.080619
    5 5.792767 -0.005304 0.000000 -0.127821 0.001906 0.135107
    6 6.662322 -0.001452 0.000000 -0.091910 0.032655 0.231870
    7 -3.518356 0.356631 4.277124 0.918652 -1.288377 -4.277834
    8 4.827512 0.000000 -0.000002 -0.242582 0.888289 -0.663250
    9 11.140032 0.000000 0.000000 0.000000 0.000000 -1.712480
    10 10.314563 -0.000001 0.000001 -0.465798 -0.627885 -1.382532
    11 1.646836 0.445664 -1.699647 -0.392035 3.352851 -0.875707
    12 0.928312 0.000000 0.000000 0.000000 0.000000 0.593404
    13 0.928313 0.000000 -0.000001 0.000000 0.000000 1.204231
    14 2.979373 -0.388274 -0.044205 -0.009782 -0.042508 0.208324
    15 1.435262 -0.000001 -0.000001 0.000000 0.000000 0.115633
    16 1.482593 -0.000001 0.000001 0.000000 0.000000 0.445026
    17 -2.975371 1.071532 -4.156022 -1.440689 1.099005 -4.795864
    18 4.972047 0.000000 0.000000 0.455345 -1.047085 -0.952125
    19 11.585358 0.000000 0.000001 0.000000 0.000000 -1.795713
    20 10.127058 0.000000 0.000001 1.721150 0.491072 0.199338
    21 1.537458 0.109715 1.664489 -3.079588 0.031470 0.928526
    22 0.928313 0.000000 0.000002 0.000000 0.000000 0.061034
    23 0.928311 0.000000 0.000001 0.000000 0.000000 0.671897
    24 2.686395 -0.427337 0.044204 -0.001208 0.043611 -0.052337
    25 1.435260 0.000000 0.000001 0.000000 0.000000 1.186618
    26 1.482593 0.000000 -0.000001 0.000000 0.000000 1.684243
    27 2.046984 0.000001 0.000000 0.350178 -0.067150 -0.043683
    28 -0.000005 0.000007 3.713254 -0.099098 -3.045068 5.705056
    29 18.045723 0.000000 0.000000 0.000000 0.000000 -0.431456
    30 17.597597 0.000000 0.000000 -0.056341 -0.019059 -0.148141
    31 0.000005 -0.000003 -3.713254 0.808666 2.834877 6.182952
    32 18.045721 0.000000 0.000000 0.000000 0.000000 -0.777842
    33 17.597597 0.000000 0.000000 0.179096 0.128527 0.488403
  time 37
    0 0.438479 2.347879 0.368674 0.000000 0.000000 -1.571017
    1 -0.523457 -0.039064 0.000000 -1.570795 -1.570787 0.000000
    2 1.293670 0.684478 -0.000001 -0.061335 -0.010056 -0.055368
    3 5.309685 -0.003834 0.000000 -0.031958 -0.018025 0.005964
    4 4.826790 -0.004591 0.000000 -0.075458 0.003571 0.072461
    5 5.792767 -0.005304 0.000000 -0.132947 0.003583 0.130830
    6 6.662322 -0.001452 0.000000 -0.091910 0.032655 0.231870
    7 -3.518356 0.356631 4.277124 0.926608 -1.293996 -4.286458
    8 4.827512 0.000000 -0.000002 -0.266019 0.869017 -0.722259
    9 11.140032 0.000000 0.000000 0.000000 0.000000 -1.710741
    10 10.314563 -0.000001 0.000001 -0.547210 -0.492903 -1.250670
    11 1.646836 0.445664 -1.699647 -0.392035 3.352851 -0.875707
    12 0.928312 0.000000 0.000000 0.000000 0.000000 0.593404
    13 0.928313 0.000000 -0.000001 0.000000 0.000000 1.204231
    14 2.979373 -0.388274 -0.044205 -0.009374 -0.042604 0.198596
    15 1.435262 -0.000001 -0.000001 0.000000 0.000000 0.179574
    16 1.482593 -0.000001 0.000001 0.000000 0.000000 0.445026
    17 -2.975371 1.071532 -4.156022 -1.426360 1.097980 -4.779965
    18 4.972047 0.000000 0.000000 0.430769 -1.046683 -0.936684
    19 11.585358 0.000000 0.000001 0.000000 0.000000 -1.790976
    20 10.127058 0.000000 0.000001 1.742678 0.491923 0.197487
    21 1.537458 0.109715 1.664489 -3.079588 0.031470 0.928526
    22 0.928313 0.000000 0.000002 0.000000 0.000000 0.061034
    23 0.928311 0.000000 0.000001 0.000000 0.000000 0.671897
    24 2.686395 -0.427337 0.044204 -0.001208 0.043611 -0.052337
    25 1.435260 0.000000 0.000001 0.000000 0.000000 1.186618
    26 1.482593 0.000000 -0.000001 0.000000 0.000000 1.684243
    27 2.046984 0.000001 0.000000 0.354357 -0.019502 -0.134318
    28 -0.000005 0.000007 3.713254 -0.099002 -3.044876 5.704768
    29 18.045723 0.000000 0.000000 0.000000 0.000000 -0.433158
    30 17.597597 0.000000 0.000000 -0.056265 -0.019182 -0.146811
    31 0.000005 -0.000003 -3.713254 0.808762 2.835165 6.183719
    32 18.045721 0.000000 0.000000 0.000000 0.000000 -0.777448
    33 17.597597 0.000000 0.000000 0.179096 0.128882 0.488587
  time 38
    0 0.438479 2.355692 0.368674 0.000000 0.000000 -1.571017
    1 -0.523457 -0.039064 0.000000 -1.570795 -1.570787 0.000000
    2 1.293670 0.684478 -0.000001 -0.061251 -0.010224 -0.054397
    3 5.309685 -0.003834 0.000000 -0.031345 -0.016635 0.003720
    4 4.826790 -0.004591 0.000000 -0.083374 0.004039 0.072990
    5 5.792767 -0.005304 0.000000 -0.141330 0.005357 0.126241
    6 6.662322 -0.001452 0.000000 -0.091910 0.032655 0.231870
    7 -3.518356 0.356631 4.277124 0.957664 -1.304138 -4.319228
    8 4.827512 0.000000 -0.000002 -0.332822 0.810776 -0.841143
    9 11.140032 0.000000 0.000000 0.000000 0.000000 -1.712190
    10 10.314563 -0.000001 0.000001 -0.649095 -0.192684 -1.035952
    11 1.646836 0.445664 -1.699647 -0.392035 3.352851 -0.875707
    12 0.928312 0.000000 0.000000 0.000000 0.000000 0.593404
    13 0.928313 0.000000 -0.000001 0.000000 0.000000 1.204231
    14 2.979373 -0.388274 -0.044205 -0.008955 -0.042700 0.188651
    15 1.435262 -0.000001 -0.000001 0.000000 0.000000 0.325093
    16 1.482593 -0.000001 0.000001 0.000000 0.000000 0.445026
    17 -2.975371 1.071532 -4.156022 -1.400184 1.095824 -4.750465
    18 4.972047 0.000000 0.000000 0.391280 -1.035273 -0.908199
    19 11.585358 0.000000 0.000001 0.000000 0.000000 -1.783135
    20 10.127058 0.000000 0.000001 1.785874 0.492963 0.195586
    21 1.537458 0.109715 1.664489 -3.079588 0.031470 0.928526
    22 0.928313 0.000000 0.000002 0.000000 0.000000 0.061034
    23 0.928311 0.000000 0.000001 0.000000 0.000000 0.671897
    24 2.686395 -0.427337 0.044204 -0.001208 0.043611 -0.052337
    25 1.435260 0.000000 0.000001 0.000000 0.000000 1.186618
    26 1.482593 0.000000 -0.000001 0.000000 0.000000 1.684243
    27 2.046984 0.000001 0.000000 0.366808 -0.006196 -0.158285
    28 -0.000005 0.000007 3.713254 -0.099002 -3.044972 5.704864
    29 18.045723 0.000000 0.000000 0.000000 0.000000 -0.432344
    30 17.597597 0.000000 0.000000 -0.056341 -0.019109 -0.147407
    31 0.000005 -0.000003 -3.713254 0.808666 2.834973 6.183336
    32 18.045721 0.000000 0.000000 0.000000 0.000000 -0.777527
    33 17.597597 0.000000 0.000000 0.179096 0.128744 0.488449
  time 39
    0 0.438479 2.367411 0.368674 0.000000 0.000000 -1.571017
    1 -0.523457 -0.039064 0.000000 -1.570795 -1.570787 0.000000
    2 1.293670 0.684478 -0.000001 -0.061133 -0.010380 -0.053309
    3 5.309685 -0.003834 0.000000 -0.030733 -0.015161 0.001336
    4 4.826790 -0.004591 0.000000 -0.089363 0.004446 0.073365
    5 5.792767 -0.005304 0.000000 -0.146564 0.007167 0.121279
    6 6.662322 -0.001452 0.000000 -0.091910 0.032655 0.231870
    7 -3.518356 0.356631 4.277124 1.021502 -1.308041 -4.384576
    8 4.827512 0.000000 -0.000002 -0.436614 0.738975 -0.940878
    9 11.140032 0.000000 0.000000 0.000000 0.000000 -1.721682
    10 10.314563 -0.000001 0.000001 -0.715249 0.095452 -0.865246
    11 1.646836 0.445664 -1.699647 -0.392035 3.352851 -0.875707
    12 0.928312 0.000000 0.000000 0.000000 0.000000 0.593404
    13 0.928313 0.000000 -0.000001 0.000000 0.000000 1.204231
    14 2.979373 -0.388274 -0.044205 -0.009314 -0.042616 0.197380
    15 1.435262 -0.000001 -0.000001 0.000000 0.000000 0.458408
    16 1.482593 -0.000001 0.000001 0.000000 0.000000 0.445026
    17 -2.975371 1.071532 -4.156022 -1.386332 1.094562 -4.734757
    18 4.972047 0.000000 0.000000 0.375522 -1.025872 -0.902608
    19 11.585358 0.000000 0.000001 0.000000 0.000000 -1.777989
    20 10.127058 0.000000 0.000001 1.806981 0.494287 0.193685
    21 1.537458 0.109715 1.664489 -3.079588 0.031470 0.928526
    22 0.928313 0.000000 0.000002 0.000000 0.000000 0.061034
    23 0.928311 0.000000 0.000001 0.000000 0.000000 0.671897
    24 2.686395 -0.427337 0.044204 -0.001208 0.043611 -0.052337
    25 1.435260 0.000000 0.000001 0.000000 0.000000 1.186618
    26 1.482593 0.000000 -0.000001 0.000000 0.000000 1.684243
    27 2.046984 0.000001 0.000000 0.374606 0.005724 -0.172154
    28 -0.000005 0.000007 3.713254 -0.099098 -3.045163 5.705056
    29 18.045723 0.000000 0.000000 0.000000 0.000000 -0.431530
    30 17.597597 0.000000 0.000000 -0.056341 -0.018986 -0.148095
    31 0.000005 -0.000003 -3.713254 0.808666 2.834877 6.182952
    32 18.045721 0.000000 0.000000 0.000000 0.000000 -0.777842
    33 17.597597 0.000000 0.000000 0.179096 0.128586 0.488356
  time 40
    0 0.438479 2.363504 0.368674 0.000000 0.000000 -1.571017
    1 -0.523457 -0.039064 0.000000 -1.570795 -1.570787 0.000000
    2 1.293670 0.684478 -0.000001 -0.061032 -0.010523 -0.052221
    3 5.309685 -0.003834 0.000000 -0.026393 -0.013734 -0.001967
    4 4.826790 -0.004591 0.000000 -0.091156 0.004962 0.070498
    5 5.792767 -0.005304 0.000000 -0.144711 0.009540 0.114448
    6 6.662322 -0.001452 0.000000 -0.091910 0.032655 0.231870
    7 -3.518356 0.356631 4.277124 1.117068 -1.299850 -4.481065
    8 4.827512 0.000000 -0.000002 -0.603939 0.641678 -1.006645
    9 11.140032 0.000000 0.000000 0.000000 0.000000 -1.762111
    10 10.314563 -0.000001 0.000001 -0.729181 0.368413 -0.785641
    11 1.646836 0.445664 -1.699647 -0.392035 3.352851 -0.875707
    12 0.928312 0.000000 0.000000 0.000000 0.000000 0.593404
    13 0.928313 0.000000 -0.000001 0.000000 0.000000 1.204231
    14 2.979373 -0.388274 -0.044205 -0.011172 -0.042197 0.241025
    15 1.435262 -0.000001 -0.000001 0.000000 0.000000 0.566147
    16 1.482593 -0.000001 0.000001 0.000000 0.000000 0.445026
    17 -2.975371 1.071532 -4.156022 -1.394452 1.081285 -4.742323
    18 4.972047 0.000000 0.000000 0.442494 -0.996545 -0.958248
    19 11.585358 0.000000 0.000001 0.000000 0.000000 -1.726531
    20 10.127058 0.000000 0.000001 1.812030 0.487951 0.201189
    21 1.537458 0.109715 1.664489 -3.079588 0.031470 0.928526
    22 0.928313 0.000000 0.000002 0.000000 0.000000 0.061034
    23 0.928311 0.000000 0.000001 0.000000 0.000000 0.671897
    24 2.686395 -0.427337 0.044204 -0.001208 0.043611 -0.052337
    25 1.435260 0.000000 0.000001 0.000000 0.000000 1.186618
    26 1.482593 0.000000 -0.000001 0.000000 0.000000 1.684243
    27 2.046984 0.000001 0.000000 0.367799 0.015578 -0.173127
    28 -0.000005 0.000007 3.713254 -0.099002 -3.045068 5.704960
    29 18.045723 0.000000 0.000000 0.000000 0.000000 -0.432122
    30 17.597597 0.000000 0.000000 -0.056341 -0.019059 -0.147591
    31 0.000005 -0.000003 -3.713254 0.808666 2.834877 6.183240
    32 18.045721 0.000000 0.000000 0.000000 0.000000 -0.777527
    33 17.597597 0.000000 0.000000 0.179096 0.128685 0.488449
  time 41
    0 0.438479 2.355692 0.368674 0.000000 0.000000 -1.571017
    1 -0.523457 -0.039064 0.000000 -1.570795 -1.570787 0.000000
    2 1.293670 0.684478 -0.000001 -0.060712 -0.011015 -0.049040
    3 5.309685 -0.003834 0.000000 -0.020863 -0.009372 -0.009951
    4 4.826790 -0.004591 0.000000 -0.092530 0.005765 0.062539
    5 5.792767 -0.005304 0.000000 -0.134890 0.015340 0.097837
    6 6.662322 -0.001452 0.000000 -0.091910 0.032655 0.231870
    7 -3.518356 0.356631 4.277124 1.228257 -1.281813 -4.593939
    8 4.827512 0.000000 -0.000002 -0.790716 0.513511 -1.037839
    9 11.140032 0.000000 0.000000 0.000000 0.000000 -1.806090
    10 10.314563 -0.000001 0.000001 -0.753159 0.636690 -0.689662
    11 1.646836 0.445664 -1.699647 -0.392035 3.352851 -0.875707
    12 0.928312 0.000000 0.000000 0.000000 0.000000 0.593404
    13 0.928313 0.000000 -0.000001 0.000000 0.000000 1.204231
    14 2.979373 -0.388274 -0.044205 -0.013473 -0.041514 0.295960
    15 1.435262 -0.000001 -0.000001 0.000000 0.000000 0.642918
    16 1.482593 -0.000001 0.000001 0.000000 0.000000 0.445026
    17 -2.975371 1.071532 -4.156022 -1.414323 1.045504 -4.760713
    18 4.972047 0.000000 0.000000 0.593322 -0.901732 -1.076983
    19 11.585358 0.000000 0.000001 0.000000 0.000000 -1.587511
    20 10.127058 0.000000 0.000001 1.824302 0.471024 0.220797
    21 1.537458 0.109715 1.664489 -3.079588 0.031470 0.928526
    22 0.928313 0.000000 0.000002 0.000000 0.000000 0.061034
    23 0.928311 0.000000 0.000001 0.000000 0.000000 0.671897
    24 2.686395 -0.427337 0.044204 -0.001208 0.043611 -0.052337
    25 1.435260 0.000000 0.000001 0.000000 0.000000 1.186618
    26 1.482593 0.000000 -0.000001 0.000000 0.000000 1.684243
    27 2.046984 0.000001 0.000000 0.347162 0.022718 -0.175682
    28 -0.000005 0.000007 3.713254 -0.099002 -3.044972 5.704768
    29 18.045723 0.000000 0.000000 0.000000 0.000000 -0.432714
    30 17.597597 0.000000 0.000000 -0.056290 -0.019109 -0.147178
    31 0.000005 -0.000003 -3.713254 0.808666 2.834973 6.183431
    32 18.045721 0.000000 0.000000 0.000000 0.000000 -0.777527
    33 17.597597 0.000000 0.000000 0.179096 0.128803 0.488495
  time 42
    0 0.438479 2.367411 0.368674 0.000000 0.000000 -1.571017
    1 -0.523457 -0.039064 0.000000 -1.570795 -1.570787 0.000000
    2 1.293670 0.684478 -0.000001 -0.060089 -0.011974 -0.042578
    3 5.309685 -0.003834 0.000000 -0.024419 0.000168 -0.023340
    4 4.826790 -0.004591 0.000000 -0.097203 0.006064 0.046708
    5 5.792767 -0.005304 0.000000 -0.120086 0.025335 0.070223
    6 6.662322 -0.001452 0.000000 -0.091910 0.032655 0.231870
    7 -3.518356 0.356631 4.277124 1.340118 -1.256088 -4.708250
    8 4.827512 0.000000 -0.000002 -0.923206 0.419625 -1.009071
    9 11.140032 0.000000 0.000000 0.000000 0.000000 -1.787324
    10 10.314563 -0.000001 0.000001 -0.969439 0.758277 -0.512801
    11 1.646836 0.445664 -1.699647 -0.392035 3.352851 -0.875707
    12 0.928312 0.000000 0.000000 0.000000 0.000000 0.593404
    13 0.928313 0.000000 -0.000001 0.000000 0.000000 1.204231
    14 2.979373 -0.388274 -0.044205 -0.014767 -0.041046 0.327532
    15 1.435262 -0.000001 -0.000001 0.000000 0.000000 0.622942
    16 1.482593 -0.000001 0.000001 0.000000 0.000000 0.445026
    17 -2.975371 1.071532 -4.156022 -1.438970 0.993054 -4.783221
    18 4.972047 0.000000 0.000000 0.750529 -0.727053 -1.207565
    19 11.585358 0.000000 0.000001 0.000000 0.000000 -1.381515
    20 10.127058 0.000000 0.000001 1.833348 0.448139 0.245108
    21 1.537458 0.109715 1.664489 -3.079588 0.031470 0.928526
    22 0.928313 0.000000 0.000002 0.000000 0.000000 0.061034
    23 0.928311 0.000000 0.000001 0.000000 0.000000 0.671897
    24 2.686395 -0.427337 0.044204 -0.001208 0.043611 -0.052337
    25 1.435260 0.000000 0.000001 0.000000 0.000000 1.186618
    26 1.482593 0.000000 -0.000001 0.000000 0.000000 1.684243
    27 2.046984 0.000001 0.000000 0.327215 0.026642 -0.193079
    28 -0.000005 0.000007 3.713254 -0.099098 -3.045163 5.705056
    29 18.045723 0.000000 0.000000 0.000000 0.000000 -0.431530
    30 17.597597 0.000000 0.000000 -0.056341 -0.018986 -0.148095
    31 0.000005 -0.000003 -3.713254 0.808666 2.834877 6.182952
    32 18.045721 0.000000 0.000000 0.000000 0.000000 -0.777842
    33 17.597597 0.000000 0.000000 0.179096 0.128586 0.488356
  time 43
    0 0.450198 2.406474 0.368674 0.000000 0.000000 -1.571017
    1 -0.523457 -0.039064 0.000000 -1.570795 -1.570787 0.000000
    2 1.293670 0.684478 -0.000001 -0.059230 -0.013280 -0.033856
    3 5.309685 -0.003834 0.000000 -0.041454 0.012824 -0.039202
    4 4.826790 -0.004591 0.000000 -0.105233 0.005261 0.025917
    5 5.792767 -0.005304 0.000000 -0.105264 0.037176 0.038290
    6 6.662322 -0.001452 0.000000 -0.091910 0.032655 0.231870
    7 -3.518356 0.356631 4.277124 1.458976 -1.217234 -4.831855
    8 4.827512 0.000000 -0.000002 -0.946882 0.526985 -0.908730
    9 11.140032 0.000000 0.000000 0.000000 0.000000 -1.618218
    10 10.314563 -0.000001 0.000001 -1.917297 0.605778 -0.256800
    11 1.646836 0.445664 -1.699647 -0.392035 3.352851 -0.875707
    12 0.928312 0.000000 0.000000 0.000000 0.000000 0.593404
    13 0.928313 0.000000 -0.000001 0.000000 0.000000 1.204231
    14 2.979373 -0.388274 -0.044205 -0.013461 -0.041514 0.295656
    15 1.435262 -0.000001 -0.000001 0.000000 0.000000 0.350126
    16 1.482593 -0.000001 0.000001 0.000000 0.000000 0.445026
    17 -2.975371 1.071532 -4.156022 -1.463139 0.929931 -4.805347
    18 4.972047 0.000000 0.000000 0.866745 -0.488174 -1.313854
    19 11.585358 0.000000 0.000001 0.000000 0.000000 -1.133535
    20 10.127058 0.000000 0.000001 1.839168 0.421094 0.271269
    21 1.537458 0.109715 1.664489 -3.079588 0.031470 0.928526
    22 0.928313 0.000000 0.000002 0.000000 0.000000 0.061034
    23 0.928311 0.000000 0.000001 0.000000 0.000000 0.671897
    24 2.686395 -0.427337 0.044204 -0.001208 0.043611 -0.052337
    25 1.435260 0.000000 0.000001 0.000000 0.000000 1.186618
    26 1.482593 0.000000 -0.000001 0.000000 0.000000 1.684243
    27 2.046984 0.000001 0.000000 0.319675 0.030330 -0.223858
    28 -0.000005 0.000007 3.713254 -0.099194 -3.045547 5.705727
    29 18.045723 0.000000 0.000000 0.000000 0.000000 -0.428125
    30 17.597597 0.000000 0.000000 -0.056493 -0.018616 -0.150846
    31 0.000005 -0.000003 -3.713254 0.808474 2.834302 6.181418
    32 18.045721 0.000000 0.000000 0.000000 0.000000 -0.778629
    33 17.597597 0.000000 0.000000 0.178995 0.127876 0.487848
  time 44
    0 0.469730 2.453351 0.368674 0.000000 0.000000 -1.571017
    1 -0.523457 -0.039064 0.000000 -1.570795 -1.570787 0.000000
    2 1.293670 0.684478 -0.000001 -0.058270 -0.014718 -0.024029
    3 5.309685 -0.003834 0.000000 -0.065856 0.026186 -0.056884
    4 4.826790 -0.004591 0.000000 -0.114656 0.003655 0.002612
    5 5.792767 -0.005304 0.000000 -0.090280 0.050144 0.004550
    6 6.662322 -0.001452 0.000000 -0.091910 0.032655 0.231870
    7 -3.518356 0.356631 4.277124 1.561539 -1.167735 -4.941567
    8 4.827512 0.000000 -0.000002 -0.968963 0.619592 -0.853274
    9 11.140032 0.000000 0.000000 0.000000 0.000000 -1.390642
    10 10.314563 -0.000001 0.000001 -3.040680 0.526719 0.007098
    11 1.646836 0.445664 -1.699647 -0.392035 3.352851 -0.875707
    12 0.928312 0.000000 0.000000 0.000000 0.000000 0.593404
    13 0.928313 0.000000 -0.000001 0.000000 0.000000 1.204231
    14 2.979373 -0.388274 -0.044205 -0.013209 -0.041598 0.290054
    15 1.435262 -0.000001 -0.000001 0.000000 0.000000 0.133561
    16 1.482593 -0.000001 0.000001 0.000000 0.000000 0.445026
    17 -2.975371 1.071532 -4.156022 -1.484347 0.862391 -4.824503
    18 4.972047 0.000000 0.000000 0.941409 -0.215628 -1.388262
    19 11.585358 0.000000 0.000001 0.000000 0.000000 -0.868484
    20 10.127058 0.000000 0.000001 1.841903 0.392063 0.296680
    21 1.537458 0.109715 1.664489 -3.079588 0.031470 0.928526
    22 0.928313 0.000000 0.000002 0.000000 0.000000 0.061034
    23 0.928311 0.000000 0.000001 0.000000 0.000000 0.671897
    24 2.686395 -0.427337 0.044204 -0.001208 0.043611 -0.052337
    25 1.435260 0.000000 0.000001 0.000000 0.000000 1.186618
    26 1.482593 0.000000 -0.000001 0.000000 0.000000 1.684243
    27 2.046984 0.000001 0.000000 0.318943 0.036437 -0.260903
    28 -0.000005 0.000007 3.713254 -0.099290 -3.046218 5.706589
    29 18.045723 0.000000 0.000000 0.000000 0.000000 -0.423536
    30 17.597597 0.000000 0.000000 -0.056695 -0.018100 -0.154468
    31 0.000005 -0.000003 -3.713254 0.808187 2.833535 6.179501
    32 18.045721 0.000000 0.000000 0.000000 0.000000 -0.779731
    33 17.597597 0.000000 0.000000 0.178928 0.127008 0.487109
  time 45
    0 0.481449 2.515853 0.368674 0.000000 0.000000 -1.571017
    1 -0.523457 -0.039064 0.000000 -1.570795 -1.570787 0.000000
    2 1.293670 0.684478 -0.000001 -0.057326 -0.016204 -0.014252
    3 5.309685 -0.003834 0.000000 -0.093696 0.038411 -0.074724
    4 4.826790 -0.004591 0.000000 -0.124174 0.001474 -0.020583
    5 5.792767 -0.005304 0.000000 -0.076556 0.062871 -0.027840
    6 6.662322 -0.001452 0.000000 -0.091910 0.032655 0.231870
    7 -3.518356 0.356631 4.277124 1.635633 -1.117113 -5.024259
    8 4.827512 0.000000 -0.000002 -1.105040 0.396601 -0.877103
    9 11.140032 0.000000 0.000000 0.000000 0.000000 -1.213566
    10 10.314563 -0.000001 0.000001 -3.573986 0.527656 0.050587
    11 1.646836 0.445664 -1.699647 -0.392035 3.352851 -0.875707
    12 0.928312 0.000000 0.000000 0.000000 0.000000 0.593404
    13 0.928313 0.000000 -0.000001 0.000000 0.000000 1.204231
    14 2.979373 -0.388274 -0.044205 -0.018423 -0.039536 0.418512
    15 1.435262 -0.000001 -0.000001 0.000000 0.000000 0.375243
    16 1.482593 -0.000001 0.000001 0.000000 0.000000 0.445026
    17 -2.975371 1.071532 -4.156022 -1.501161 0.796612 -4.839732
    18 4.972047 0.000000 0.000000 0.986713 0.059408 -1.439377
    19 11.585358 0.000000 0.000001 0.000000 0.000000 -0.610947
    20 10.127058 0.000000 0.000001 1.842394 0.363315 0.319390
    21 1.537458 0.109715 1.664489 -3.079588 0.031470 0.928526
    22 0.928313 0.000000 0.000002 0.000000 0.000000 0.061034
    23 0.928311 0.000000 0.000001 0.000000 0.000000 0.671897
    24 2.686395 -0.427337 0.044204 -0.001208 0.043611 -0.052337
    25 1.435260 0.000000 0.000001 0.000000 0.000000 1.186618
    26 1.482593 0.000000 -0.000001 0.000000 0.000000 1.684243
    27 2.046984 0.000001 0.000000 0.322433 0.046586 -0.299955
    28 -0.000005 0.000007 3.713254 -0.099674 -3.046985 5.707644
    29 18.045723 0.000000 0.000000 0.000000 0.000000 -0.418429
    30 17.597597 0.000000 0.000000 -0.056923 -0.017435 -0.158456
    31 0.000005 -0.000003 -3.713254 0.807899 2.832577 6.177296
    32 18.045721 0.000000 0.000000 0.000000 0.000000 -0.781148
    33 17.597597 0.000000 0.000000 0.178861 0.126081 0.486232
  time 46
    0 0.500981 2.566636 0.368674 0.000000 0.000000 -1.571017
    1 -0.523457 -0.039064 0.000000 -1.570795 -1.570787 0.000000
    2 1.293670 0.684478 -0.000001 -0.056518 -0.017522 -0.005547
    3 5.309685 -0.003834 0.000000 -0.120736 0.048070 -0.090868
    4 4.826790 -0.004591 0.000000 -0.132643 -0.000863 -0.041066
    5 5.792767 -0.005304 0.000000 -0.065188 0.074077 -0.055641
    6 6.662322 -0.001452 0.000000 -0.091910 0.032655 0.231870
    7 -3.518356 0.356631 4.277124 1.692282 -1.064066 -5.091619
    8 4.827512 0.000000 -0.000002 -1.241356 0.086461 -0.821560
    9 11.140032 0.000000 0.000000 0.000000 0.000000 -1.045185
    10 10.314563 -0.000001 0.000001 -3.909684 0.493559 0.099302
    11 1.646836 0.445664 -1.699647 -0.392035 3.352851 -0.875707
    12 0.928312 0.000000 0.000000 0.000000 0.000000 0.593404
    13 0.928313 0.000000 -0.000001 0.000000 0.000000 1.204231
    14 2.979373 -0.388274 -0.044205 -0.025050 -0.035713 0.593829
    15 1.435262 -0.000001 -0.000001 0.000000 0.000000 0.767708
    16 1.482593 -0.000001 0.000001 0.000000 0.000000 0.445026
    17 -2.975371 1.071532 -4.156022 -1.513771 0.739141 -4.851130
    18 4.972047 0.000000 0.000000 1.012320 0.306241 -1.473320
    19 11.585358 0.000000 0.000001 0.000000 0.000000 -0.385919
    20 10.127058 0.000000 0.000001 1.841412 0.337689 0.337798
    21 1.537458 0.109715 1.664489 -3.079588 0.031470 0.928526
    22 0.928313 0.000000 0.000002 0.000000 0.000000 0.061034
    23 0.928311 0.000000 0.000001 0.000000 0.000000 0.671897
    24 2.686395 -0.427337 0.044204 -0.001208 0.043611 -0.052337
    25 1.435260 0.000000 0.000001 0.000000 0.000000 1.186618
    26 1.482593 0.000000 -0.000001 0.000000 0.000000 1.684243
    27 2.046984 0.000001 0.000000 0.327689 0.060630 -0.336574
    28 -0.000005 0.000007 3.713254 -0.099865 -3.047848 5.708602
    29 18.045723 0.000000 0.000000 0.000000 0.000000 -0.413544
    30 17.597597 0.000000 0.000000 -0.057202 -0.016721 -0.162308
    31 0.000005 -0.000003 -3.713254 0.807516 2.831522 6.175187
    32 18.045721 0.000000 0.000000 0.000000 0.000000 -0.782250
    33 17.597597 0.000000 0.000000 0.178760 0.125233 0.485354
end
