version 1
nodes
  0 "Bip01" -1
  1 "Bip01 Pelvis" 0
  2 "Bip01 Spine" 1
  3 "Bip01 Spine1" 2
  4 "Bip01 Spine2" 3
  5 "Bip01 Spine3" 4
  6 "Bip01 Neck" 5
  7 "Bip01 L Arm" 6
  8 "Bip01 L Arm1" 7
  9 "Bip01 L Arm2" 8
  10 "Bip01 L Hand" 9
  11 "Bip01 L Finger0" 10
  12 "Bip01 L Finger01" 11
  13 "Bip01 L Finger02" 12
  14 "Bip01 L Finger1" 10
  15 "Bip01 L Finger11" 14
  16 "Bip01 L Finger12" 15
  17 "Bip01 R Arm" 6
  18 "Bip01 R Arm1" 17
  19 "Bip01 R Arm2" 18
  20 "Bip01 R Hand" 19
  21 "Bip01 R Finger0" 20
  22 "Bip01 R Finger01" 21
  23 "Bip01 R Finger02" 22
  24 "Bip01 R Finger1" 20
  25 "Bip01 R Finger11" 24
  26 "Bip01 R Finger12" 25
  27 "Bip01 Head" 6
  28 "Bip01 L Leg" 1
  29 "Bip01 L Leg1" 28
  30 "Bip01 L Foot" 29
  31 "Bip01 R Leg" 1
  32 "Bip01 R Leg1" 31
  33 "Bip01 R Foot" 32
end
skeleton
  time 0
    0 0.348632 3.277595 1.540585 0.000000 0.000000 -1.571017
    1 0.191408 0.000000 0.000000 -1.570795 -1.570787 0.000000
    2 1.293670 0.684478 -0.000001 -0.001469 0.008592 -0.060340
    3 5.309685 -0.003834 0.000000 -0.207625 -0.084875 0.084726
    4 4.826790 -0.004591 0.000000 -0.187692 0.061745 0.118740
    5 5.792767 -0.005304 0.000000 -0.260372 -0.009815 0.164673
    6 6.662322 -0.001452 0.000000 -0.004183 0.368161 0.385641
    7 -4.569170 1.239471 2.898175 0.120388 -0.908207 -3.675137
    8 4.827512 0.000000 -0.000002 -0.796695 0.814698 -1.015137
    9 11.140032 0.000000 0.000000 0.000000 0.000000 -0.719000
    10 10.314563 -0.000001 0.000001 -3.082666 0.529998 0.297008
    11 1.646836 0.445664 -1.699647 0.993049 1.047208 -0.378175
    12 0.928312 0.000000 0.000000 0.000000 0.000000 1.029733
    13 0.928313 0.000000 -0.000001 0.000000 0.000000 0.410081
    14 2.979373 -0.388274 -0.044205 -0.287441 -0.079085 0.688066
    15 1.435262 -0.000001 -0.000001 0.000000 0.000000 1.378619
    16 1.482593 -0.000001 0.000001 0.000000 0.000000 0.495031
    17 -1.299539 1.180910 -4.921670 3.461240 1.332622 -0.075432
    18 4.972047 0.000000 0.000000 -0.116733 -1.041621 -0.918914
    19 11.585358 0.000000 0.000001 0.000000 0.000000 -1.849867
    20 10.127058 0.000000 0.000001 2.041336 0.067141 1.010137
    21 1.537458 0.109715 1.664489 -3.078535 -0.186288 0.914916
    22 0.928313 0.000000 0.000002 0.000000 0.000000 0.061034
    23 0.928311 0.000000 0.000001 0.000000 0.000000 0.671897
    24 2.686395 -0.427337 0.044204 0.006330 0.043192 0.122300
    25 1.435260 0.000000 0.000001 0.000000 0.000000 1.186618
    26 1.482593 0.000000 -0.000001 0.000000 0.000000 1.404984
    27 2.046984 0.000001 0.000000 0.487268 -0.600602 0.155896
    28 -0.000005 0.000007 3.713254 -0.111178 -3.081500 5.833411
    29 18.045723 0.000000 0.000000 0.000000 0.000000 -0.414728
    30 17.597597 0.000000 0.000000 -0.065691 0.001711 -0.033752
    31 0.000005 -0.000003 -3.713254 0.554109 2.995263 6.246993
    32 18.045721 0.000000 0.000000 0.000000 0.000000 -0.556880
    33 17.597597 0.000000 0.000000 0.062940 0.097403 0.450390
  time 1
    0 0.348632 3.277595 1.540585 0.000000 0.000000 -1.571017
    1 0.191408 0.000000 0.000000 -1.570795 -1.570787 0.000000
    2 1.293670 0.684478 -0.000001 -0.001469 0.008592 -0.060340
    3 5.309685 -0.003834 0.000000 -0.223485 -0.083425 0.090095
    4 4.826790 -0.004591 0.000000 -0.206003 0.059623 0.105688
    5 5.792767 -0.005304 0.000000 -0.197703 0.011230 0.142893
    6 6.662322 -0.001452 0.000000 -0.003212 0.369811 0.405037
    7 -4.549638 1.309785 2.898175 0.111665 -0.917373 -3.686923
    8 4.827512 0.000000 -0.000002 -0.874419 0.780077 -1.106986
    9 11.140032 0.000000 0.000000 0.000000 0.000000 -0.732911
    10 10.314563 -0.000001 0.000001 -2.614282 0.241487 0.506384
    11 1.646836 0.445664 -1.699647 0.993049 1.047208 -0.378175
    12 0.928312 0.000000 0.000000 0.000000 0.000000 1.029733
    13 0.928313 0.000000 -0.000001 0.000000 0.000000 0.410081
    14 2.979373 -0.388274 -0.044205 -0.287441 -0.079085 0.688066
    15 1.435262 -0.000001 -0.000001 0.000000 0.000000 1.378619
    16 1.482593 -0.000001 0.000001 0.000000 0.000000 0.608184
    17 -1.264381 1.223880 -4.917764 -2.404415 1.344347 -5.938139
    18 4.972047 0.000000 0.000000 -0.142996 -0.979591 -0.803973
    19 11.585358 0.000000 0.000001 0.000000 0.000000 -1.848642
    20 10.127058 0.000000 0.000001 2.061461 0.081041 0.891386
    21 1.537458 0.109715 1.664489 -3.078535 -0.186288 0.914916
    22 0.928313 0.000000 0.000002 0.000000 0.000000 0.061034
    23 0.928311 0.000000 0.000001 0.000000 0.000000 0.671897
    24 2.686395 -0.427337 0.044204 0.006330 0.043192 0.122300
    25 1.435260 0.000000 0.000001 0.000000 0.000000 1.186618
    26 1.482593 0.000000 -0.000001 0.000000 0.000000 1.404984
    27 2.046984 0.000001 0.000000 0.443323 -0.590246 0.101576
    28 -0.000005 0.000007 3.713254 -0.111178 -3.081500 5.833411
    29 18.045723 0.000000 0.000000 0.000000 0.000000 -0.414432
    30 17.597597 0.000000 0.000000 -0.065742 0.001760 -0.034073
    31 0.000005 -0.000003 -3.713254 0.554109 2.995167 6.246801
    32 18.045721 0.000000 0.000000 0.000000 0.000000 -0.557195
    33 17.597597 0.000000 0.000000 0.062940 0.097344 0.450390
  time 2
    0 0.348632 3.285408 1.540585 0.000000 0.000000 -1.571017
    1 0.191408 0.000000 0.000000 -1.570795 -1.570787 0.000000
    2 1.293670 0.684478 -0.000001 -0.001469 0.008592 -0.060340
    3 5.309685 -0.003834 0.000000 -0.241302 -0.081699 0.096119
    4 4.826790 -0.004591 0.000000 -0.229407 0.057694 0.090959
    5 5.792767 -0.005304 0.000000 -0.130285 0.036193 0.121113
    6 6.662322 -0.001452 0.000000 -0.002073 0.371625 0.426825
    7 -4.526200 1.376194 2.898175 0.101696 -0.927693 -3.699858
    8 4.827512 0.000000 -0.000002 -0.962426 0.738805 -1.194503
    9 11.140032 0.000000 0.000000 0.000000 0.000000 -0.764210
    10 10.314563 -0.000001 0.000001 -2.258302 -0.174511 0.562764
    11 1.646836 0.445664 -1.699647 0.993049 1.047208 -0.378175
    12 0.928312 0.000000 0.000000 0.000000 0.000000 1.029733
    13 0.928313 0.000000 -0.000001 0.000000 0.000000 0.410081
    14 2.979373 -0.388274 -0.044205 -0.287441 -0.079085 0.688066
    15 1.435262 -0.000001 -0.000001 0.000000 0.000000 1.378619
    16 1.482593 -0.000001 0.000001 0.000000 0.000000 0.726306
    17 -1.233130 1.286382 -4.917764 -1.985125 1.310222 -5.510098
    18 4.972047 0.000000 0.000000 -0.152470 -0.902295 -0.700479
    19 11.585358 0.000000 0.000001 0.000000 0.000000 -1.849132
    20 10.127058 0.000000 0.000001 2.085023 0.106196 0.761580
    21 1.537458 0.109715 1.664489 -3.078535 -0.186288 0.914916
    22 0.928313 0.000000 0.000002 0.000000 0.000000 0.061034
    23 0.928311 0.000000 0.000001 0.000000 0.000000 0.671897
    24 2.686395 -0.427337 0.044204 0.006330 0.043192 0.122300
    25 1.435260 0.000000 0.000001 0.000000 0.000000 1.186618
    26 1.482593 0.000000 -0.000001 0.000000 0.000000 1.404984
    27 2.046984 0.000001 0.000000 0.415147 -0.585201 0.029068
    28 -0.000005 0.000007 3.713254 -0.111178 -3.081500 5.833411
    29 18.045723 0.000000 0.000000 0.000000 0.000000 -0.414062
    30 17.597597 0.000000 0.000000 -0.065767 0.001760 -0.034394
    31 0.000005 -0.000003 -3.713254 0.554109 2.995167 6.246609
    32 18.045721 0.000000 0.000000 0.000000 0.000000 -0.557195
    33 17.597597 0.000000 0.000000 0.062907 0.097265 0.450297
  time 3
    0 0.348632 3.289314 1.540585 0.000000 0.000000 -1.571017
    1 0.191408 0.000000 0.000000 -1.570795 -1.570787 0.000000
    2 1.293670 0.684478 -0.000001 -0.001469 0.008592 -0.060340
    3 5.309685 -0.003834 0.000000 -0.258098 -0.079949 0.101789
    4 4.826790 -0.004591 0.000000 -0.250217 0.056040 0.076981
    5 5.792767 -0.005304 0.000000 -0.065781 0.061948 0.102966
    6 6.662322 -0.001452 0.000000 -0.000995 0.373302 0.447474
    7 -4.506668 1.442602 2.898175 0.092303 -0.937569 -3.712027
    8 4.827512 0.000000 -0.000002 -1.046050 0.696424 -1.275781
    9 11.140032 0.000000 0.000000 0.000000 0.000000 -0.786743
    10 10.314563 -0.000001 0.000001 -1.924974 -0.612897 0.434676
    11 1.646836 0.445664 -1.699647 0.993049 1.047208 -0.378175
    12 0.928312 0.000000 0.000000 0.000000 0.000000 1.029733
    13 0.928313 0.000000 -0.000001 0.000000 0.000000 0.410081
    14 2.979373 -0.388274 -0.044205 -0.287441 -0.079085 0.688066
    15 1.435262 -0.000001 -0.000001 0.000000 0.000000 1.378619
    16 1.482593 -0.000001 0.000001 0.000000 0.000000 0.841970
    17 -1.201879 1.337165 -4.909951 -1.722795 1.247099 -5.234250
    18 4.972047 0.000000 0.000000 -0.144216 -0.822749 -0.617751
    19 11.585358 0.000000 0.000001 0.000000 0.000000 -1.848805
    20 10.127058 0.000000 0.000001 2.110338 0.135889 0.641178
    21 1.537458 0.109715 1.664489 -3.078535 -0.186288 0.914916
    22 0.928313 0.000000 0.000002 0.000000 0.000000 0.061034
    23 0.928311 0.000000 0.000001 0.000000 0.000000 0.671897
    24 2.686395 -0.427337 0.044204 0.006330 0.043192 0.122300
    25 1.435260 0.000000 0.000001 0.000000 0.000000 1.186618
    26 1.482593 0.000000 -0.000001 0.000000 0.000000 1.404984
    27 2.046984 0.000001 0.000000 0.388220 -0.591692 -0.041189
    28 -0.000005 0.000007 3.713254 -0.111178 -3.081596 5.833507
    29 18.045723 0.000000 0.000000 0.000000 0.000000 -0.413692
    30 17.597597 0.000000 0.000000 -0.065767 0.001785 -0.034761
    31 0.000005 -0.000003 -3.713254 0.554109 2.995071 6.246322
    32 18.045721 0.000000 0.000000 0.000000 0.000000 -0.557431
    33 17.597597 0.000000 0.000000 0.062907 0.097186 0.450297
  time 4
    0 0.348632 3.297127 1.540585 0.000000 0.000000 -1.571017
    1 0.191408 0.000000 0.000000 -1.570795 -1.570787 0.000000
    2 1.293670 0.684478 -0.000001 -0.001469 0.008592 -0.060340
    3 5.309685 -0.003834 0.000000 -0.271065 -0.078571 0.106116
    4 4.826790 -0.004591 0.000000 -0.260689 0.054877 0.066177
    5 5.792767 -0.005304 0.000000 -0.011674 0.084467 0.090654
    6 6.662322 -0.001452 0.000000 -0.000108 0.374594 0.463395
    7 -4.491042 1.497291 2.905988 0.084826 -0.945228 -3.721034
    8 4.827512 0.000000 -0.000002 -1.113012 0.658733 -1.353507
    9 11.140032 0.000000 0.000000 0.000000 0.000000 -0.774426
    10 10.314563 -0.000001 0.000001 -1.429104 -0.936629 0.020859
    11 1.646836 0.445664 -1.699647 0.993049 1.047208 -0.378175
    12 0.928312 0.000000 0.000000 0.000000 0.000000 1.029733
    13 0.928313 0.000000 -0.000001 0.000000 0.000000 0.410081
    14 2.979373 -0.388274 -0.044205 -0.287441 -0.079085 0.688066
    15 1.435262 -0.000001 -0.000001 0.000000 0.000000 1.378619
    16 1.482593 -0.000001 0.000001 0.000000 0.000000 0.947697
    17 -1.170628 1.380135 -4.902138 -1.594018 1.187919 -5.091251
    18 4.972047 0.000000 0.000000 -0.124518 -0.755818 -0.557452
    19 11.585358 0.000000 0.000001 0.000000 0.000000 -1.844885
    20 10.127058 0.000000 0.000001 2.136564 0.159908 0.549339
    21 1.537458 0.109715 1.664489 -3.078535 -0.186288 0.914916
    22 0.928313 0.000000 0.000002 0.000000 0.000000 0.061034
    23 0.928311 0.000000 0.000001 0.000000 0.000000 0.671897
    24 2.686395 -0.427337 0.044204 0.006330 0.043192 0.122300
    25 1.435260 0.000000 0.000001 0.000000 0.000000 1.186618
    26 1.482593 0.000000 -0.000001 0.000000 0.000000 1.404984
    27 2.046984 0.000001 0.000000 0.346042 -0.614026 -0.086385
    28 -0.000005 0.000007 3.713254 -0.111178 -3.081596 5.833507
    29 18.045723 0.000000 0.000000 0.000000 0.000000 -0.413470
    30 17.597597 0.000000 0.000000 -0.065818 0.001834 -0.034990
    31 0.000005 -0.000003 -3.713254 0.554109 2.994975 6.246130
    32 18.045721 0.000000 0.000000 0.000000 0.000000 -0.557746
    33 17.597597 0.000000 0.000000 0.062873 0.097127 0.450297
  time 5
    0 0.348632 3.297127 1.540585 0.000000 0.000000 -1.571017
    1 0.191408 0.000000 0.000000 -1.570795 -1.570787 0.000000
    2 1.293670 0.684478 -0.000001 -0.001469 0.008592 -0.060340
    3 5.309685 -0.003834 0.000000 -0.277310 -0.077876 0.108201
    4 4.826790 -0.004591 0.000000 -0.253155 0.054446 0.060930
    5 5.792767 -0.005304 0.000000 0.024517 0.099244 0.085567
    6 6.662322 -0.001452 0.000000 0.000312 0.375226 0.471057
    7 -4.475417 1.516823 2.905988 0.081088 -0.948953 -3.725442
    8 4.827512 0.000000 -0.000002 -1.150877 0.631957 -1.433745
    9 11.140032 0.000000 0.000000 0.000000 0.000000 -0.700886
    10 10.314563 -0.000001 0.000001 -0.774768 -0.985151 -0.609825
    11 1.646836 0.445664 -1.699647 0.993049 1.047208 -0.378175
    12 0.928312 0.000000 0.000000 0.000000 0.000000 1.029733
    13 0.928313 0.000000 -0.000001 0.000000 0.000000 0.410081
    14 2.979373 -0.388274 -0.044205 -0.287441 -0.079085 0.688066
    15 1.435262 -0.000001 -0.000001 0.000000 0.000000 1.378619
    16 1.482593 -0.000001 0.000001 0.000000 0.000000 1.036061
    17 -1.158909 1.399667 -4.902138 -1.548067 1.157633 -5.037039
    18 4.972047 0.000000 0.000000 -0.101725 -0.716527 -0.519915
    19 11.585358 0.000000 0.000001 0.000000 0.000000 -1.835001
    20 10.127058 0.000000 0.000001 2.163912 0.165014 0.503869
    21 1.537458 0.109715 1.664489 -3.078535 -0.186288 0.914916
    22 0.928313 0.000000 0.000002 0.000000 0.000000 0.061034
    23 0.928311 0.000000 0.000001 0.000000 0.000000 0.671897
    24 2.686395 -0.427337 0.044204 0.006330 0.043192 0.122300
    25 1.435260 0.000000 0.000001 0.000000 0.000000 1.186618
    26 1.482593 0.000000 -0.000001 0.000000 0.000000 1.404984
    27 2.046984 0.000001 0.000000 0.265391 -0.652705 -0.079511
    28 -0.000005 0.000007 3.713254 -0.111178 -3.081788 5.833507
    29 18.045723 0.000000 0.000000 0.000000 0.000000 -0.413396
    30 17.597597 0.000000 0.000000 -0.065843 0.001933 -0.034990
    31 0.000005 -0.000003 -3.713254 0.553918 2.994879 6.246034
    32 18.045721 0.000000 0.000000 0.000000 0.000000 -0.557746
    33 17.597597 0.000000 0.000000 0.062873 0.097206 0.450205
  time 6
    0 0.368164 3.285408 1.540585 0.000000 0.000000 -1.571017
    1 0.191408 0.000000 0.000000 -1.570795 -1.570787 0.000000
    2 1.293670 0.684478 -0.000001 -0.001469 0.008592 -0.060340
    3 5.309685 -0.003834 0.000000 -0.279148 -0.077636 0.108837
    4 4.826790 -0.004591 0.000000 -0.253498 0.054314 0.059386
    5 5.792767 -0.005304 0.000000 0.037648 0.121356 0.085048
    6 6.662322 -0.001452 0.000000 0.000407 0.375405 0.473307
    7 -4.475417 1.524636 2.905988 0.079938 -0.950047 -3.726783
    8 4.827512 0.000000 -0.000002 -1.184518 0.619763 -1.471265
    9 11.140032 0.000000 0.000000 0.000000 0.000000 -0.636475
    10 10.314563 -0.000001 0.000001 -0.626159 -0.966416 -0.756725
    11 1.646836 0.445664 -1.699647 0.993049 1.047208 -0.378175
    12 0.928312 0.000000 0.000000 0.000000 0.000000 1.029733
    13 0.928313 0.000000 -0.000001 0.000000 0.000000 0.410081
    14 2.979373 -0.388274 -0.044205 -0.287441 -0.079085 0.688066
    15 1.435262 -0.000001 -0.000001 0.000000 0.000000 1.378619
    16 1.482593 -0.000001 0.000001 0.000000 0.000000 1.056149
    17 -1.158909 1.399667 -4.898232 -1.489315 1.120642 -4.959074
    18 4.972047 0.000000 0.000000 -0.129114 -0.666389 -0.458950
    19 11.585358 0.000000 0.000001 0.000000 0.000000 -1.817522
    20 10.127058 0.000000 0.000001 2.159354 0.167662 0.492764
    21 1.537458 0.109715 1.664489 -3.078535 -0.186288 0.914916
    22 0.928313 0.000000 0.000002 0.000000 0.000000 0.061034
    23 0.928311 0.000000 0.000001 0.000000 0.000000 0.671897
    24 2.686395 -0.427337 0.044204 0.006330 0.043192 0.122300
    25 1.435260 0.000000 0.000001 0.000000 0.000000 1.186618
    26 1.482593 0.000000 -0.000001 0.000000 0.000000 1.404984
    27 2.046984 0.000001 0.000000 0.263711 -0.717701 -0.115400
    28 -0.000005 0.000007 3.713254 -0.111274 -3.082171 5.833315
    29 18.045723 0.000000 0.000000 0.000000 0.000000 -0.414210
    30 17.597597 0.000000 0.000000 -0.065970 0.002449 -0.034257
    31 0.000005 -0.000003 -3.713254 0.553918 2.994400 6.246514
    32 18.045721 0.000000 0.000000 0.000000 0.000000 -0.557431
    33 17.597597 0.000000 0.000000 0.062940 0.097837 0.449974
  time 7
    0 0.375977 3.277595 1.540585 0.000000 0.000000 -1.571017
    1 0.191408 0.000000 0.000000 -1.570795 -1.570787 0.000000
    2 1.293670 0.684478 -0.000001 -0.001469 0.008592 -0.060340
    3 5.309685 -0.003834 0.000000 -0.280901 -0.077444 0.109402
    4 4.826790 -0.004591 0.000000 -0.266659 0.054206 0.057953
    5 5.792767 -0.005304 0.000000 0.031029 0.140064 0.084425
    6 6.662322 -0.001452 0.000000 0.000539 0.375570 0.475472
    7 -4.475417 1.524636 2.905988 0.078883 -0.951053 -3.727837
    8 4.827512 0.000000 -0.000002 -1.213057 0.609871 -1.457574
    9 11.140032 0.000000 0.000000 0.000000 0.000000 -0.601118
    10 10.314563 -0.000001 0.000001 -0.748610 -1.015969 -0.638276
    11 1.646836 0.445664 -1.699647 0.993049 1.047208 -0.378175
    12 0.928312 0.000000 0.000000 0.000000 0.000000 1.029733
    13 0.928313 0.000000 -0.000001 0.000000 0.000000 0.410081
    14 2.979373 -0.388274 -0.044205 -0.287441 -0.079085 0.688066
    15 1.435262 -0.000001 -0.000001 0.000000 0.000000 1.378619
    16 1.482593 -0.000001 0.000001 0.000000 0.000000 1.035527
    17 -1.151097 1.403573 -4.898232 -1.525426 1.139860 -5.009263
    18 4.972047 0.000000 0.000000 -0.157441 -0.678763 -0.471928
    19 11.585358 0.000000 0.000001 0.000000 0.000000 -1.805188
    20 10.127058 0.000000 0.000001 2.159845 0.180428 0.480909
    21 1.537458 0.109715 1.664489 -3.078535 -0.186288 0.914916
    22 0.928313 0.000000 0.000002 0.000000 0.000000 0.061034
    23 0.928311 0.000000 0.000001 0.000000 0.000000 0.671897
    24 2.686395 -0.427337 0.044204 0.006330 0.043192 0.122300
    25 1.435260 0.000000 0.000001 0.000000 0.000000 1.186618
    26 1.482593 0.000000 -0.000001 0.000000 0.000000 1.404984
    27 2.046984 0.000001 0.000000 0.537890 -0.752574 -0.396916
    28 -0.000005 0.000007 3.713254 -0.111274 -3.082555 5.833219
    29 18.045723 0.000000 0.000000 0.000000 0.000000 -0.415024
    30 17.597597 0.000000 0.000000 -0.066046 0.002843 -0.033523
    31 0.000005 -0.000003 -3.713254 0.553918 2.994016 6.246897
    32 18.045721 0.000000 0.000000 0.000000 0.000000 -0.556880
    33 17.597597 0.000000 0.000000 0.062974 0.098409 0.449743
  time 8
    0 0.348632 3.297127 1.540585 0.000000 0.000000 -1.571017
    1 0.191408 0.000000 0.000000 -1.570795 -1.570787 0.000000
    2 1.293670 0.684478 -0.000001 -0.001469 0.008592 -0.060340
    3 5.309685 -0.003834 0.000000 -0.282500 -0.077289 0.109932
    4 4.826790 -0.004591 0.000000 -0.272916 0.054098 0.056608
    5 5.792767 -0.005304 0.000000 -0.018671 0.107442 0.082328
    6 6.662322 -0.001452 0.000000 0.000647 0.375721 0.477437
    7 -4.471510 1.536355 2.905988 0.078117 -0.952029 -3.729083
    8 4.827512 0.000000 -0.000002 -1.181249 0.583692 -1.378635
    9 11.140032 0.000000 0.000000 0.000000 0.000000 -0.538446
    10 10.314563 -0.000001 0.000001 -0.824526 -1.046038 -0.564013
    11 1.646836 0.445664 -1.699647 0.993049 1.047208 -0.378175
    12 0.928312 0.000000 0.000000 0.000000 0.000000 1.029733
    13 0.928313 0.000000 -0.000001 0.000000 0.000000 0.410081
    14 2.979373 -0.388274 -0.044205 -0.287441 -0.079085 0.688066
    15 1.435262 -0.000001 -0.000001 0.000000 0.000000 1.378619
    16 1.482593 -0.000001 0.000001 0.000000 0.000000 1.023506
    17 -1.151097 1.407480 -4.898232 3.546645 1.266685 -0.078880
    18 4.972047 0.000000 0.000000 0.181453 -0.957334 -1.076650
    19 11.585358 0.000000 0.000001 0.000000 0.000000 -1.823730
    20 10.127058 0.000000 0.000001 2.279126 0.204448 0.450946
    21 1.537458 0.109715 1.664489 -3.078535 -0.186288 0.914916
    22 0.928313 0.000000 0.000002 0.000000 0.000000 0.061034
    23 0.928311 0.000000 0.000001 0.000000 0.000000 0.671897
    24 2.686395 -0.427337 0.044204 0.006330 0.043192 0.122300
    25 1.435260 0.000000 0.000001 0.000000 0.000000 1.186618
    26 1.482593 0.000000 -0.000001 0.000000 0.000000 1.404984
    27 2.046984 0.000001 0.000000 0.881175 -0.650581 -0.717605
    28 -0.000005 0.000007 3.713254 -0.111178 -3.081788 5.833507
    29 18.045723 0.000000 0.000000 0.000000 0.000000 -0.413322
    30 17.597597 0.000000 0.000000 -0.065843 0.001982 -0.035128
    31 0.000005 -0.000003 -3.713254 0.553918 2.994783 6.246034
    32 18.045721 0.000000 0.000000 0.000000 0.000000 -0.557746
    33 17.597597 0.000000 0.000000 0.062873 0.097206 0.450159
  time 9
    0 0.293943 3.340097 1.540585 0.000000 0.000000 -1.571017
    1 0.191408 0.000000 0.000000 -1.570795 -1.570787 0.000000
    2 1.293670 0.684478 -0.000001 -0.001469 0.007861 -0.060340
    3 5.309685 -0.003834 0.000000 -0.284185 -0.079757 0.116432
    4 4.826790 -0.004591 0.000000 -0.344559 0.058772 0.054646
    5 5.792767 -0.005304 0.000000 -0.027467 0.061061 0.071739
    6 6.662322 -0.001452 0.000000 0.000743 0.375886 0.479203
    7 -4.471510 1.544168 2.905988 0.098533 -0.957203 -3.751888
    8 4.827512 0.000000 -0.000002 -1.128477 0.612258 -1.172667
    9 11.140032 0.000000 0.000000 0.000000 0.000000 -0.550038
    10 10.314563 -0.000001 0.000001 -1.100988 -0.910213 0.036536
    11 1.646836 0.445664 -1.699647 0.993049 1.047208 -0.378175
    12 0.928312 0.000000 0.000000 0.000000 0.000000 1.029733
    13 0.928313 0.000000 -0.000001 0.000000 0.000000 0.410081
    14 2.979373 -0.388274 -0.044205 -0.287441 -0.079085 0.688066
    15 1.435262 -0.000001 -0.000001 0.000000 0.000000 1.378619
    16 1.482593 -0.000001 0.000001 0.000000 0.000000 1.010951
    17 -1.147190 1.415293 -4.898232 3.741435 1.288428 0.125994
    18 4.972047 0.000000 0.000000 0.175168 -0.968985 -1.114587
    19 11.585358 0.000000 0.000001 0.000000 0.000000 -1.846355
    20 10.127058 0.000000 0.000001 2.314679 0.236883 0.418382
    21 1.537458 0.109715 1.664489 -3.078535 -0.186288 0.914916
    22 0.928313 0.000000 0.000002 0.000000 0.000000 0.061034
    23 0.928311 0.000000 0.000001 0.000000 0.000000 0.671897
    24 2.686395 -0.427337 0.044204 0.006330 0.043192 0.122300
    25 1.435260 0.000000 0.000001 0.000000 0.000000 1.186618
    26 1.482593 0.000000 -0.000001 0.000000 0.000000 1.404984
    27 2.046984 0.000001 0.000000 1.142430 -0.473737 -0.905930
    28 -0.000005 0.000007 3.713254 -0.110699 -3.080349 5.833986
    29 18.045723 0.000000 0.000000 0.000000 0.000000 -0.409843
    30 17.597597 0.000000 0.000000 -0.065539 0.000481 -0.038154
    31 0.000005 -0.000003 -3.713254 0.554205 2.996125 6.244117
    32 18.045721 0.000000 0.000000 0.000000 0.000000 -0.559399
    33 17.597597 0.000000 0.000000 0.062739 0.095135 0.450898
  time 10
    0 0.262692 3.340097 1.540585 0.000000 0.000000 -1.571017
    1 0.191408 0.000000 0.000000 -1.570795 -1.570787 0.000000
    2 1.293670 0.684478 -0.000001 -0.001469 0.008592 -0.060340
    3 5.309685 -0.003834 0.000000 -0.285274 -0.076941 0.110886
    4 4.826790 -0.004591 0.000000 -0.356194 0.053451 0.054315
    5 5.792767 -0.005304 0.000000 -0.007357 0.024796 0.074521
    6 6.662322 -0.001452 0.000000 0.000863 0.375996 0.480855
    7 -4.463698 1.548074 2.905988 0.076391 -0.953684 -3.730904
    8 4.827512 0.000000 -0.000002 -1.018866 0.675276 -1.036106
    9 11.140032 0.000000 0.000000 0.000000 0.000000 -0.610827
    10 10.314563 -0.000001 0.000001 -1.211877 -0.712471 0.491578
    11 1.646836 0.445664 -1.699647 0.993049 1.047208 -0.378175
    12 0.928312 0.000000 0.000000 0.000000 0.000000 1.029733
    13 0.928313 0.000000 -0.000001 0.000000 0.000000 0.410081
    14 2.979373 -0.388274 -0.044205 -0.287441 -0.079085 0.688066
    15 1.435262 -0.000001 -0.000001 0.000000 0.000000 1.378619
    16 1.482593 -0.000001 0.000001 0.000000 0.000000 0.998343
    17 -1.147190 1.415293 -4.898232 -2.072346 1.290136 -5.656354
    18 4.972047 0.000000 0.000000 0.097691 -0.926319 -0.964172
    19 11.585358 0.000000 0.000001 0.000000 0.000000 -1.869960
    20 10.127058 0.000000 0.000001 2.338661 0.270926 0.385968
    21 1.537458 0.109715 1.664489 -3.078535 -0.186288 0.914916
    22 0.928313 0.000000 0.000002 0.000000 0.000000 0.061034
    23 0.928311 0.000000 0.000001 0.000000 0.000000 0.671897
    24 2.686395 -0.427337 0.044204 0.006330 0.043192 0.122300
    25 1.435260 0.000000 0.000001 0.000000 0.000000 1.186618
    26 1.482593 0.000000 -0.000001 0.000000 0.000000 1.404984
    27 2.046984 0.000001 0.000000 1.236437 -0.367672 -0.953802
    28 -0.000005 0.000007 3.713254 -0.110699 -3.079582 5.834082
    29 18.045723 0.000000 0.000000 0.000000 0.000000 -0.409473
    30 17.597597 0.000000 0.000000 -0.065336 -0.000208 -0.038475
    31 0.000005 -0.000003 -3.713254 0.554205 2.996892 6.244117
    32 18.045721 0.000000 0.000000 0.000000 0.000000 -0.559399
    33 17.597597 0.000000 0.000000 0.062705 0.094465 0.451314
  time 11
    0 0.262692 3.246344 1.540585 0.000000 0.000000 -1.571017
    1 0.191408 0.000000 0.000000 -1.570795 -1.570787 0.000000
    2 1.293670 0.684478 -0.000001 -0.001469 0.012379 -0.060357
    3 5.309685 -0.003834 0.000000 -0.285597 -0.065160 0.080257
    4 4.826790 -0.004591 0.000000 -0.227061 0.024952 0.055351
    5 5.792767 -0.005304 0.000000 0.049376 0.006951 0.105520
    6 6.662322 -0.001452 0.000000 0.000947 0.376119 0.482336
    7 -4.463698 1.548074 2.905988 -0.159024 -0.883132 -3.496724
    8 4.827512 0.000000 -0.000002 -0.573727 0.835931 -1.001186
    9 11.140032 0.000000 0.000000 0.000000 0.000000 -0.847170
    10 10.314563 -0.000001 0.000001 -1.380958 -0.675377 0.645214
    11 1.646836 0.445664 -1.699647 0.993049 1.047208 -0.378175
    12 0.928312 0.000000 0.000000 0.000000 0.000000 1.029733
    13 0.928313 0.000000 -0.000001 0.000000 0.000000 0.410081
    14 2.979373 -0.388274 -0.044205 -0.287441 -0.079085 0.688066
    15 1.435262 -0.000001 -0.000001 0.000000 0.000000 1.378619
    16 1.482593 -0.000001 0.000001 0.000000 0.000000 0.985789
    17 -1.139377 1.423105 -4.894325 -1.657356 1.214157 -5.189713
    18 4.972047 0.000000 0.000000 0.096284 -0.804269 -0.687701
    19 11.585358 0.000000 0.000001 0.000000 0.000000 -1.892014
    20 10.127058 0.000000 0.000001 2.354720 0.304024 0.355605
    21 1.537458 0.109715 1.664489 -3.078535 -0.186288 0.914916
    22 0.928313 0.000000 0.000002 0.000000 0.000000 0.061034
    23 0.928311 0.000000 0.000001 0.000000 0.000000 0.671897
    24 2.686395 -0.427337 0.044204 0.006330 0.043192 0.122300
    25 1.435260 0.000000 0.000001 0.000000 0.000000 1.186618
    26 1.482593 0.000000 -0.000001 0.000000 0.000000 1.404984
    27 2.046984 0.000001 0.000000 1.137518 -0.403519 -0.885978
    28 -0.000005 0.000007 3.713254 -0.110891 -3.079103 5.833603
    29 18.045723 0.000000 0.000000 0.000000 0.000000 -0.415838
    30 17.597597 0.000000 0.000000 -0.064905 -0.000504 -0.032652
    31 0.000005 -0.000003 -3.713254 0.554493 2.997851 6.248335
    32 18.045721 0.000000 0.000000 0.000000 0.000000 -0.555778
    33 17.597597 0.000000 0.000000 0.062839 0.095924 0.451683
  time 12
    0 0.243160 3.097902 1.540585 0.000000 0.000000 -1.571017
    1 0.191408 0.000000 0.000000 -1.570795 -1.570787 0.000000
    2 1.293670 0.684478 -0.000001 -0.001469 0.017305 -0.060357
    3 5.309685 -0.003834 0.000000 -0.286091 -0.050935 0.040885
    4 4.826790 -0.004591 0.000000 -0.049517 -0.012068 0.051052
    5 5.792767 -0.005304 0.000000 0.120194 -0.008905 0.145675
    6 6.662322 -0.001452 0.000000 0.001031 0.376215 0.483646
    7 -4.463698 1.555887 2.905988 -0.485499 -0.684605 -3.200262
    8 4.827512 0.000000 -0.000002 0.645145 0.964780 -0.460314
    9 11.140032 0.000000 0.000000 0.000000 0.000000 -1.181759
    10 10.314563 -0.000001 0.000001 -1.708884 -0.649523 0.727199
    11 1.646836 0.445664 -1.699647 0.993049 1.047208 -0.378175
    12 0.928312 0.000000 0.000000 0.000000 0.000000 1.029733
    13 0.928313 0.000000 -0.000001 0.000000 0.000000 0.410081
    14 2.979373 -0.388274 -0.044205 -0.274402 -0.117280 0.555352
    15 1.435262 -0.000001 -0.000001 0.000000 0.000000 1.378619
    16 1.482593 -0.000001 0.000001 0.000000 0.000000 0.863927
    17 -1.139377 1.427012 -4.898232 -1.489315 1.106550 -4.963384
    18 4.972047 0.000000 0.000000 0.226382 -0.686637 -0.455489
    19 11.585358 0.000000 0.000001 0.000000 0.000000 -1.909820
    20 10.127058 0.000000 0.000001 2.366360 0.333339 0.329394
    21 1.537458 0.109715 1.664489 -3.078535 -0.186288 0.914916
    22 0.928313 0.000000 0.000002 0.000000 0.000000 0.061034
    23 0.928311 0.000000 0.000001 0.000000 0.000000 0.671897
    24 2.686395 -0.427337 0.044204 0.006330 0.043192 0.122300
    25 1.435260 0.000000 0.000001 0.000000 0.000000 1.186618
    26 1.482593 0.000000 -0.000001 0.000000 0.000000 1.404984
    27 2.046984 0.000001 0.000000 0.941103 -0.440457 -0.705378
    28 -0.000005 0.000007 3.713254 -0.111178 -3.077761 5.833219
    29 18.045723 0.000000 0.000000 0.000000 0.000000 -0.425090
    30 17.597597 0.000000 0.000000 -0.064094 -0.001562 -0.024033
    31 0.000005 -0.000003 -3.713254 0.555068 2.999960 6.255238
    32 18.045721 0.000000 0.000000 0.000000 0.000000 -0.549638
    33 17.597597 0.000000 0.000000 0.063074 0.097581 0.452607
  time 13
    0 0.231441 2.918209 1.540585 0.000000 0.000000 -1.571017
    1 0.191408 0.000000 0.000000 -1.570795 -1.570787 0.000000
    2 1.293670 0.684478 -0.000001 -0.001453 0.022159 -0.060357
    3 5.309685 -0.003834 0.000000 -0.286908 -0.033569 0.001035
    4 4.826790 -0.004591 0.000000 0.131098 -0.044535 0.040888
    5 5.792767 -0.005304 0.000000 0.189627 -0.019978 0.186225
    6 6.662322 -0.001452 0.000000 0.001091 0.376312 0.484785
    7 -4.459791 1.555887 2.905988 -0.698677 -0.467745 -3.051552
    8 4.827512 0.000000 -0.000002 1.526177 0.609700 -0.253567
    9 11.140032 0.000000 0.000000 0.000000 0.000000 -1.466139
    10 10.314563 -0.000001 0.000001 -2.004491 -0.618424 0.777598
    11 1.646836 0.445664 -1.699647 0.993049 1.047208 -0.378175
    12 0.928312 0.000000 0.000000 0.000000 0.000000 1.029733
    13 0.928313 0.000000 -0.000001 0.000000 0.000000 0.410081
    14 2.979373 -0.388274 -0.044205 -0.261974 -0.143371 0.459725
    15 1.435262 -0.000001 -0.000001 0.000000 0.000000 1.378619
    16 1.482593 -0.000001 0.000001 0.000000 0.000000 0.773266
    17 -1.139377 1.427012 -4.898232 -1.528197 0.969630 -4.938290
    18 4.972047 0.000000 0.000000 0.451686 -0.637784 -0.243910
    19 11.585358 0.000000 0.000001 0.000000 0.000000 -1.911290
    20 10.127058 0.000000 0.000001 2.364116 0.354710 0.308285
    21 1.537458 0.109715 1.664489 -3.078535 -0.186288 0.914916
    22 0.928313 0.000000 0.000002 0.000000 0.000000 0.061034
    23 0.928311 0.000000 0.000001 0.000000 0.000000 0.671897
    24 2.686395 -0.427337 0.044204 0.006330 0.043192 0.122300
    25 1.435260 0.000000 0.000001 0.000000 0.000000 1.186618
    26 1.482593 0.000000 -0.000001 0.000000 0.000000 1.404984
    27 2.046984 0.000001 0.000000 0.714918 -0.402752 -0.477514
    28 -0.000005 0.000007 3.713254 -0.111562 -3.076610 5.832836
    29 18.045723 0.000000 0.000000 0.000000 0.000000 -0.436192
    30 17.597597 0.000000 0.000000 -0.063233 -0.002349 -0.013396
    31 0.000005 -0.000003 -3.713254 0.555643 3.002357 -0.019607
    32 18.045721 0.000000 0.000000 0.000000 0.000000 -0.542081
    33 17.597597 0.000000 0.000000 0.063410 0.100086 0.453253
  time 14
    0 0.286130 2.754141 1.540585 0.000000 0.000000 -1.571017
    1 0.191408 0.000000 0.000000 -1.570795 -1.570787 0.000000
    2 1.293670 0.684478 -0.000001 -0.001453 0.025934 -0.060357
    3 5.309685 -0.003834 0.000000 -0.288065 -0.012368 -0.031165
    4 4.826790 -0.004591 0.000000 0.269139 -0.060978 0.031253
    5 5.792767 -0.005304 0.000000 0.242637 -0.021273 0.219570
    6 6.662322 -0.001452 0.000000 0.001151 0.376408 0.485782
    7 -4.459791 1.559793 2.905988 -0.699252 -0.467923 -3.052031
    8 4.827512 0.000000 -0.000002 1.538693 0.653105 -0.452862
    9 11.140032 0.000000 0.000000 0.000000 0.000000 -1.405423
    10 10.314563 -0.000001 0.000001 -2.007524 -0.624325 0.783927
    11 1.646836 0.445664 -1.699647 0.993049 1.047208 -0.378175
    12 0.928312 0.000000 0.000000 0.000000 0.000000 1.029733
    13 0.928313 0.000000 -0.000001 0.000000 0.000000 0.410081
    14 2.979373 -0.388274 -0.044205 -0.287441 -0.079085 0.688066
    15 1.435262 -0.000001 -0.000001 0.000000 0.000000 1.378619
    16 1.482593 -0.000001 0.000001 0.000000 0.000000 0.948017
    17 -1.127658 1.427012 -4.894325 -1.581217 0.861760 -4.943174
    18 4.972047 0.000000 0.000000 0.619398 -0.636660 -0.067338
    19 11.585358 0.000000 0.000001 0.000000 0.000000 -1.914639
    20 10.127058 0.000000 0.000001 2.349180 0.361802 0.301232
    21 1.537458 0.109715 1.664489 -3.078535 -0.186288 0.914916
    22 0.928313 0.000000 0.000002 0.000000 0.000000 0.061034
    23 0.928311 0.000000 0.000001 0.000000 0.000000 0.671897
    24 2.686395 -0.427337 0.044204 0.006330 0.043192 0.122300
    25 1.435260 0.000000 0.000001 0.000000 0.000000 1.186618
    26 1.482593 0.000000 -0.000001 0.000000 0.000000 1.404984
    27 2.046984 0.000001 0.000000 0.545559 -0.318431 -0.292534
    28 -0.000005 0.000007 3.713254 -0.112137 -3.077473 5.832357
    29 18.045723 0.000000 0.000000 0.000000 0.000000 -0.446703
    30 17.597597 0.000000 0.000000 -0.063005 -0.001242 -0.003218
    31 0.000005 -0.000003 -3.713254 0.556122 3.002549 -0.011746
    32 18.045721 0.000000 0.000000 0.000000 0.000000 -0.534839
    33 17.597597 0.000000 0.000000 0.063846 0.104050 0.452699
  time 15
    0 0.672861 2.707265 1.540585 0.000000 0.000000 -1.571017
    1 0.191408 0.000000 0.000000 -1.570795 -1.570787 0.000000
    2 1.293670 0.684478 -0.000001 -0.001453 0.026509 -0.060357
    3 5.309685 -0.003834 0.000000 -0.288779 0.028332 -0.043759
    4 4.826790 -0.004591 0.000000 0.293001 -0.026246 0.041218
    5 5.792767 -0.005304 0.000000 0.279188 0.023897 0.240644
    6 6.662322 -0.001452 0.000000 0.001174 0.376463 0.486608
    7 -4.459791 1.567606 2.905988 -0.829995 -0.660418 -2.819001
    8 4.827512 0.000000 -0.000002 1.253226 0.948663 -0.699903
    9 11.140032 0.000000 0.000000 0.000000 0.000000 -1.532071
    10 10.314563 -0.000001 0.000001 -2.156796 -0.537210 0.422889
    11 1.646836 0.445664 -1.699647 0.993049 1.047208 -0.378175
    12 0.928312 0.000000 0.000000 0.000000 0.000000 1.029733
    13 0.928313 0.000000 -0.000001 0.000000 0.000000 0.410081
    14 2.979373 -0.388274 -0.044205 -0.295902 -0.073465 0.706957
    15 1.435262 -0.000001 -0.000001 0.000000 0.000000 1.378619
    16 1.482593 -0.000001 0.000001 0.000000 0.000000 0.944545
    17 -1.131565 1.427012 -4.894325 -1.565072 0.844776 -4.911950
    18 4.972047 0.000000 0.000000 0.570342 -0.544177 0.086072
    19 11.585358 0.000000 0.000001 0.000000 0.000000 -1.935141
    20 10.127058 0.000000 0.000001 2.332771 0.354143 0.305384
    21 1.537458 0.109715 1.664489 -3.078535 -0.186288 0.914916
    22 0.928313 0.000000 0.000002 0.000000 0.000000 0.061034
    23 0.928311 0.000000 0.000001 0.000000 0.000000 0.671897
    24 2.686395 -0.427337 0.044204 0.006330 0.043192 0.122300
    25 1.435260 0.000000 0.000001 0.000000 0.000000 1.186618
    26 1.482593 0.000000 -0.000001 0.000000 0.000000 1.404984
    27 2.046984 0.000001 0.000000 0.424496 -0.369000 -0.172214
    28 -0.000005 0.000007 3.713254 -0.114055 -3.088211 5.830919
    29 18.045723 0.000000 0.000000 0.000000 0.000000 -0.452550
    30 17.597597 0.000000 0.000000 -0.065970 0.009365 0.002421
    31 0.000005 -0.000003 -3.713254 0.554780 2.991811 -0.009637
    32 18.045721 0.000000 0.000000 0.000000 0.000000 -0.532320
    33 17.597597 0.000000 0.000000 0.064551 0.114366 0.446556
  time 16
    0 1.043966 2.722890 1.540585 0.000000 0.000000 -1.571017
    1 0.191408 0.000000 0.000000 -1.570795 -1.570787 0.000000
    2 1.293670 0.684478 -0.000001 -0.001453 0.025442 -0.060357
    3 5.309685 -0.003834 0.000000 -0.289035 0.062895 -0.043018
    4 4.826790 -0.004591 0.000000 0.246326 0.009024 0.052198
    5 5.792767 -0.005304 0.000000 0.239039 0.077840 0.242305
    6 6.662322 -0.001452 0.000000 0.001210 0.376518 0.487320
    7 -4.459791 1.567606 2.905988 -0.990262 -0.841943 -2.577731
    8 4.827512 0.000000 -0.000002 0.681735 1.170716 -1.038619
    9 11.140032 0.000000 0.000000 0.000000 0.000000 -1.653720
    10 10.314563 -0.000001 0.000001 -2.300951 -0.510233 0.174436
    11 1.646836 0.445664 -1.699647 0.993049 1.047208 -0.378175
    12 0.928312 0.000000 0.000000 0.000000 0.000000 1.029733
    13 0.928313 0.000000 -0.000001 0.000000 0.000000 0.410081
    14 2.979373 -0.388274 -0.044205 -0.287441 -0.079085 0.688066
    15 1.435262 -0.000001 -0.000001 0.000000 0.000000 1.378619
    16 1.482593 -0.000001 0.000001 0.000000 0.000000 0.910300
    17 -1.131565 1.438731 -4.898232 -1.531254 0.856423 -4.876032
    18 4.972047 0.000000 0.000000 0.430769 -0.429599 0.131729
    19 11.585358 0.000000 0.000001 0.000000 0.000000 -1.959563
    20 10.127058 0.000000 0.000001 2.314118 0.338918 0.312687
    21 1.537458 0.109715 1.664489 -3.078535 -0.186288 0.914916
    22 0.928313 0.000000 0.000002 0.000000 0.000000 0.061034
    23 0.928311 0.000000 0.000001 0.000000 0.000000 0.671897
    24 2.686395 -0.427337 0.044204 0.006330 0.043192 0.122300
    25 1.435260 0.000000 0.000001 0.000000 0.000000 1.186618
    26 1.482593 0.000000 -0.000001 0.000000 0.000000 1.404984
    27 2.046984 0.000001 0.000000 0.347593 -0.509584 -0.120023
    28 -0.000005 0.000007 3.713254 -0.115780 -3.098757 5.830056
    29 18.045723 0.000000 0.000000 0.000000 0.000000 -0.453734
    30 17.597597 0.000000 0.000000 -0.069010 0.019725 0.003842
    31 0.000005 -0.000003 -3.713254 0.553534 2.980979 -0.010020
    32 18.045721 0.000000 0.000000 0.000000 0.000000 -0.532005
    33 17.597597 0.000000 0.000000 0.064987 0.123399 0.440090
  time 17
    0 1.051779 2.707265 1.540585 0.000000 0.000000 -1.571017
    1 0.191408 0.000000 0.000000 -1.570795 -1.570787 0.000000
    2 1.293670 0.684478 -0.000001 -0.001453 0.025011 -0.060357
    3 5.309685 -0.003834 0.000000 -0.289222 0.068132 -0.040527
    4 4.826790 -0.004591 0.000000 0.199041 -0.005717 0.047392
    5 5.792767 -0.005304 0.000000 0.087276 0.091239 0.221148
    6 6.662322 -0.001452 0.000000 0.001246 0.376573 0.487861
    7 -4.459791 1.567606 2.905988 -0.879935 -0.995761 -2.708331
    8 4.827512 0.000000 -0.000002 0.391486 1.199794 -0.913063
    9 11.140032 0.000000 0.000000 0.000000 0.000000 -1.654880
    10 10.314563 -0.000001 0.000001 -2.306922 -0.516977 0.496339
    11 1.646836 0.445664 -1.699647 0.993049 1.047208 -0.378175
    12 0.928312 0.000000 0.000000 0.000000 0.000000 1.029733
    13 0.928313 0.000000 -0.000001 0.000000 0.000000 0.410081
    14 2.979373 -0.388274 -0.044205 -0.236446 -0.079085 0.688066
    15 1.435262 -0.000001 -0.000001 0.000000 0.000000 1.378619
    16 1.482593 -0.000001 0.000001 0.000000 0.000000 0.896249
    17 -1.131565 1.434824 -4.898232 -1.495620 0.870042 -4.840115
    18 4.972047 0.000000 0.000000 0.272906 -0.418832 0.026172
    19 11.585358 0.000000 0.000001 0.000000 0.000000 -1.987988
    20 10.127058 0.000000 0.000001 2.296236 0.325490 0.330294
    21 1.537458 0.109715 1.664489 -3.078535 -0.186288 0.914916
    22 0.928313 0.000000 0.000002 0.000000 0.000000 0.061034
    23 0.928311 0.000000 0.000001 0.000000 0.000000 0.671897
    24 2.686395 -0.427337 0.044204 0.006330 0.043192 0.122300
    25 1.435260 0.000000 0.000001 0.000000 0.000000 1.186618
    26 1.482593 0.000000 -0.000001 0.000000 0.000000 1.404984
    27 2.046984 0.000001 0.000000 0.392399 -0.610751 -0.160718
    28 -0.000005 0.000007 3.713254 -0.115876 -3.098949 5.830056
    29 18.045723 0.000000 0.000000 0.000000 0.000000 -0.454400
    30 17.597597 0.000000 0.000000 -0.069010 0.019873 0.004438
    31 0.000005 -0.000003 -3.713254 0.553534 2.980979 -0.009541
    32 18.045721 0.000000 0.000000 0.000000 0.000000 -0.531454
    33 17.597597 0.000000 0.000000 0.064987 0.123734 0.439997
  time 18
    0 0.954119 2.703358 1.540585 0.000000 0.000000 -1.571017
    1 0.191408 0.000000 0.000000 -1.570795 -1.570787 0.000000
    2 1.293670 0.684478 -0.000001 -0.001453 0.024496 -0.060357
    3 5.309685 -0.003834 0.000000 -0.289273 0.065076 -0.035952
    4 4.826790 -0.004591 0.000000 0.142695 -0.034264 0.040094
    5 5.792767 -0.005304 0.000000 -0.108304 0.089081 0.191187
    6 6.662322 -0.001452 0.000000 0.001270 0.376587 0.488260
    7 -4.459791 1.567606 2.905988 -0.547996 -1.092098 -3.079339
    8 4.827512 0.000000 -0.000002 0.243531 1.155367 -0.582925
    9 11.140032 0.000000 0.000000 0.000000 0.000000 -1.617131
    10 10.314563 -0.000001 0.000001 -2.237735 -0.633599 0.872357
    11 1.646836 0.445664 -1.699647 0.993049 1.047208 -0.378175
    12 0.928312 0.000000 0.000000 0.000000 0.000000 1.029733
    13 0.928313 0.000000 -0.000001 0.000000 0.000000 0.410081
    14 2.979373 -0.388274 -0.044205 -0.175457 -0.079085 0.688066
    15 1.435262 -0.000001 -0.000001 0.000000 0.000000 1.378619
    16 1.482593 -0.000001 0.000001 0.000000 0.000000 0.884068
    17 -1.127658 1.442637 -4.898232 -1.479953 0.860840 -4.814446
    18 4.972047 0.000000 0.000000 0.084465 -0.467283 -0.101880
    19 11.585358 0.000000 0.000001 0.000000 0.000000 -2.020823
    20 10.127058 0.000000 0.000001 2.281721 0.322747 0.365109
    21 1.537458 0.109715 1.664489 -3.078535 -0.186288 0.914916
    22 0.928313 0.000000 0.000002 0.000000 0.000000 0.061034
    23 0.928311 0.000000 0.000001 0.000000 0.000000 0.671897
    24 2.686395 -0.427337 0.044204 0.006330 0.043192 0.122300
    25 1.435260 0.000000 0.000001 0.000000 0.000000 1.186618
    26 1.482593 0.000000 -0.000001 0.000000 0.000000 1.404984
    27 2.046984 0.000001 0.000000 0.534142 -0.687224 -0.268628
    28 -0.000005 0.000007 3.713254 -0.115493 -3.096169 5.830248
    29 18.045723 0.000000 0.000000 0.000000 0.000000 -0.454252
    30 17.597597 0.000000 0.000000 -0.068174 0.017117 0.004255
    31 0.000005 -0.000003 -3.713254 0.553918 2.983855 -0.009349
    32 18.045721 0.000000 0.000000 0.000000 0.000000 -0.531454
    33 17.597597 0.000000 0.000000 0.064920 0.121348 0.441706
  time 19
    0 0.809584 2.707265 1.540585 0.000000 0.000000 -1.571017
    1 0.191408 0.000000 0.000000 -1.570795 -1.570787 0.000000
    2 1.293670 0.684478 -0.000001 -0.001453 0.023944 -0.060357
    3 5.309685 -0.003834 0.000000 -0.289171 0.058605 -0.030547
    4 4.826790 -0.004591 0.000000 0.083660 -0.066491 0.033766
    5 5.792767 -0.005304 0.000000 -0.301151 0.079745 0.160728
    6 6.662322 -0.001452 0.000000 0.001282 0.376600 0.488488
    7 -4.459791 1.567606 2.905988 -0.195640 -1.096119 -3.455905
    8 4.827512 0.000000 -0.000002 0.112556 1.077085 -0.281295
    9 11.140032 0.000000 0.000000 0.000000 0.000000 -1.587788
    10 10.314563 -0.000001 0.000001 -2.015580 -1.001918 0.755708
    11 1.646836 0.445664 -1.699647 0.993049 1.047208 -0.378175
    12 0.928312 0.000000 0.000000 0.000000 0.000000 1.029733
    13 0.928313 0.000000 -0.000001 0.000000 0.000000 0.410081
    14 2.979373 -0.388274 -0.044205 -0.127974 -0.079085 0.688066
    15 1.435262 -0.000001 -0.000001 0.000000 0.000000 1.378619
    16 1.482593 -0.000001 0.000001 0.000000 0.000000 0.872048
    17 -1.127658 1.438731 -4.898232 -1.529630 0.777683 -4.817128
    18 4.972047 0.000000 0.000000 -0.135117 -0.584834 -0.156323
    19 11.585358 0.000000 0.000001 0.000000 0.000000 -2.079959
    20 10.127058 0.000000 0.000001 2.282843 0.351211 0.475807
    21 1.537458 0.109715 1.664489 -3.078535 -0.186288 0.914916
    22 0.928313 0.000000 0.000002 0.000000 0.000000 0.061034
    23 0.928311 0.000000 0.000001 0.000000 0.000000 0.671897
    24 2.686395 -0.427337 0.044204 0.006330 0.043192 0.122300
    25 1.435260 0.000000 0.000001 0.000000 0.000000 1.186618
    26 1.482593 0.000000 -0.000001 0.000000 0.000000 1.404984
    27 2.046984 0.000001 0.000000 0.747144 -0.711830 -0.379762
    28 -0.000005 0.000007 3.713254 -0.114726 -3.092142 5.830535
    29 18.045723 0.000000 0.000000 0.000000 0.000000 -0.453364
    30 17.597597 0.000000 0.000000 -0.067059 0.013228 0.003154
    31 0.000005 -0.000003 -3.713254 0.554397 2.987785 -0.009637
    32 18.045721 0.000000 0.000000 0.000000 0.000000 -0.532241
    33 17.597597 0.000000 0.000000 0.064718 0.117797 0.444201
  time 20
    0 0.704112 2.715078 1.540585 0.000000 0.000000 -1.571017
    1 0.191408 0.000000 0.000000 -1.570795 -1.570787 0.000000
    2 1.293670 0.684478 -0.000001 -0.001453 0.023465 -0.060357
    3 5.309685 -0.003834 0.000000 -0.289018 0.053523 -0.025690
    4 4.826790 -0.004591 0.000000 0.027925 -0.091922 0.030503
    5 5.792767 -0.005304 0.000000 -0.445304 0.076426 0.133882
    6 6.662322 -0.001452 0.000000 0.001282 0.376628 0.488573
    7 -4.459791 1.567606 2.905988 0.046389 -1.066727 -3.709632
    8 4.827512 0.000000 -0.000002 -0.050225 1.021402 -0.106694
    9 11.140032 0.000000 0.000000 0.000000 0.000000 -1.554604
    10 10.314563 -0.000001 0.000001 -1.291394 -1.258767 0.034678
    11 1.646836 0.445664 -1.699647 0.993049 1.047208 -0.378175
    12 0.928312 0.000000 0.000000 0.000000 0.000000 1.029733
    13 0.928313 0.000000 -0.000001 0.000000 0.000000 0.410081
    14 2.979373 -0.388274 -0.044205 -0.095460 -0.079085 0.688066
    15 1.435262 -0.000001 -0.000001 0.000000 0.000000 1.378619
    16 1.482593 -0.000001 0.000001 0.000000 0.000000 0.860241
    17 -1.127658 1.438731 -4.898232 -1.584465 0.690609 -4.824503
    18 4.972047 0.000000 0.000000 -0.332094 -0.691940 -0.162446
    19 11.585358 0.000000 0.000001 0.000000 0.000000 -2.125455
    20 10.127058 0.000000 0.000001 2.286559 0.397169 0.573549
    21 1.537458 0.109715 1.664489 -3.078535 -0.186288 0.914916
    22 0.928313 0.000000 0.000002 0.000000 0.000000 0.061034
    23 0.928311 0.000000 0.000001 0.000000 0.000000 0.671897
    24 2.686395 -0.427337 0.044204 0.006330 0.043192 0.122300
    25 1.435260 0.000000 0.000001 0.000000 0.000000 1.186618
    26 1.482593 0.000000 -0.000001 0.000000 0.000000 1.404984
    27 2.046984 0.000001 0.000000 0.950883 -0.707434 -0.452331
    28 -0.000005 0.000007 3.713254 -0.114246 -3.089170 5.830823
    29 18.045723 0.000000 0.000000 0.000000 0.000000 -0.452328
    30 17.597597 0.000000 0.000000 -0.066274 0.010300 0.002192
    31 0.000005 -0.000003 -3.713254 0.554684 2.990853 -0.010020
    32 18.045721 0.000000 0.000000 0.000000 0.000000 -0.532635
    33 17.597597 0.000000 0.000000 0.064584 0.115076 0.446002
  time 21
    0 0.700205 2.695546 1.540585 0.000000 0.000000 -1.571017
    1 0.191408 0.000000 0.000000 -1.570795 -1.570787 0.000000
    2 1.293670 0.684478 -0.000001 -0.001453 0.022997 -0.060357
    3 5.309685 -0.003834 0.000000 -0.288762 0.050479 -0.021768
    4 4.826790 -0.004591 0.000000 -0.023271 -0.100790 0.030657
    5 5.792767 -0.005304 0.000000 -0.458453 0.111840 0.105520
    6 6.662322 -0.001452 0.000000 0.001282 0.376600 0.488488
    7 -4.459791 1.567606 2.905988 0.108119 -1.127226 -3.774788
    8 4.827512 0.000000 -0.000002 -0.194433 1.090132 -0.135029
    9 11.140032 0.000000 0.000000 0.000000 0.000000 -1.505916
    10 10.314563 -0.000001 0.000001 -1.002705 -1.240220 -0.287574
    11 1.646836 0.445664 -1.699647 0.993049 1.047208 -0.378175
    12 0.928312 0.000000 0.000000 0.000000 0.000000 1.029733
    13 0.928313 0.000000 -0.000001 0.000000 0.000000 0.410081
    14 2.979373 -0.388274 -0.044205 -0.093686 -0.079085 0.688066
    15 1.435262 -0.000001 -0.000001 0.000000 0.000000 1.378619
    16 1.482593 -0.000001 0.000001 0.000000 0.000000 0.848167
    17 -1.127658 1.438731 -4.898232 -1.586662 0.693344 -4.830345
    18 4.972047 0.000000 0.000000 -0.393345 -0.702305 -0.181081
    19 11.585358 0.000000 0.000001 0.000000 0.000000 -2.097439
    20 10.127058 0.000000 0.000001 2.256195 0.450598 0.511122
    21 1.537458 0.109715 1.664489 -3.078535 -0.186288 0.914916
    22 0.928313 0.000000 0.000002 0.000000 0.000000 0.061034
    23 0.928311 0.000000 0.000001 0.000000 0.000000 0.671897
    24 2.686395 -0.427337 0.044204 0.006330 0.043192 0.122300
    25 1.435260 0.000000 0.000001 0.000000 0.000000 1.186618
    26 1.482593 0.000000 -0.000001 0.000000 0.000000 1.404984
    27 2.046984 0.000001 0.000000 1.013224 -0.724310 -0.490349
    28 -0.000005 0.000007 3.713254 -0.114246 -3.088882 5.830919
    29 18.045723 0.000000 0.000000 0.000000 0.000000 -0.453290
    30 17.597597 0.000000 0.000000 -0.066122 0.010078 0.003109
    31 0.000005 -0.000003 -3.713254 0.554780 2.991140 -0.009157
    32 18.045721 0.000000 0.000000 0.000000 0.000000 -0.532005
    33 17.597597 0.000000 0.000000 0.064584 0.115155 0.446140
  time 22
    0 0.715831 2.683827 1.540585 0.000000 0.000000 -1.571017
    1 0.191408 0.000000 0.000000 -1.570795 -1.570787 0.000000
    2 1.293670 0.684478 -0.000001 -0.001453 0.022578 -0.060357
    3 5.309685 -0.003834 0.000000 -0.288439 0.046728 -0.017653
    4 4.826790 -0.004591 0.000000 -0.069488 -0.099568 0.032377
    5 5.792767 -0.005304 0.000000 -0.391575 0.146560 0.090301
    6 6.662322 -0.001452 0.000000 0.001270 0.376587 0.488317
    7 -4.459791 1.567606 2.905988 0.108214 -1.209931 -3.775363
    8 4.827512 0.000000 -0.000002 -0.361281 1.168584 -0.305297
    9 11.140032 0.000000 0.000000 0.000000 0.000000 -1.488020
    10 10.314563 -0.000001 0.000001 -1.050378 -1.176149 -0.262722
    11 1.646836 0.445664 -1.699647 0.993049 1.047208 -0.378175
    12 0.928312 0.000000 0.000000 0.000000 0.000000 1.029733
    13 0.928313 0.000000 -0.000001 0.000000 0.000000 0.410081
    14 2.979373 -0.388274 -0.044205 -0.103202 -0.079085 0.688066
    15 1.435262 -0.000001 -0.000001 0.000000 0.000000 1.378619
    16 1.482593 -0.000001 0.000001 0.000000 0.000000 0.835933
    17 -1.127658 1.442637 -4.898232 -1.576727 0.719240 -4.837337
    18 4.972047 0.000000 0.000000 -0.375335 -0.683744 -0.193594
    19 11.585358 0.000000 0.000001 0.000000 0.000000 -2.052678
    20 10.127058 0.000000 0.000001 2.219731 0.487289 0.424435
    21 1.537458 0.109715 1.664489 -3.078535 -0.186288 0.914916
    22 0.928313 0.000000 0.000002 0.000000 0.000000 0.061034
    23 0.928311 0.000000 0.000001 0.000000 0.000000 0.671897
    24 2.686395 -0.427337 0.044204 0.006330 0.043192 0.122300
    25 1.435260 0.000000 0.000001 0.000000 0.000000 1.186618
    26 1.482593 0.000000 -0.000001 0.000000 0.000000 1.404984
    27 2.046984 0.000001 0.000000 0.987848 -0.732335 -0.498500
    28 -0.000005 0.000007 3.713254 -0.114438 -3.089362 5.830823
    29 18.045723 0.000000 0.000000 0.000000 0.000000 -0.453882
    30 17.597597 0.000000 0.000000 -0.066248 0.010571 0.003705
    31 0.000005 -0.000003 -3.713254 0.554780 2.990757 -0.008678
    32 18.045721 0.000000 0.000000 0.000000 0.000000 -0.531454
    33 17.597597 0.000000 0.000000 0.064651 0.115746 0.445863
  time 23
    0 0.684580 2.726797 1.540585 0.000000 0.000000 -1.571017
    1 0.191408 0.000000 0.000000 -1.570795 -1.570787 0.000000
    2 1.293670 0.684478 -0.000001 -0.001453 0.021967 -0.060357
    3 5.309685 -0.003834 0.000000 -0.287946 0.041431 -0.012106
    4 4.826790 -0.004591 0.000000 -0.115953 -0.094678 0.034692
    5 5.792767 -0.005304 0.000000 -0.311655 0.131627 0.098170
    6 6.662322 -0.001452 0.000000 0.001246 0.376573 0.487918
    7 -4.459791 1.567606 2.905988 0.116649 -1.218920 -3.784083
    8 4.827512 0.000000 -0.000002 -0.489864 1.135327 -0.467420
    9 11.140032 0.000000 0.000000 0.000000 0.000000 -1.645171
    10 10.314563 -0.000001 0.000001 -1.128189 -1.054749 -0.026056
    11 1.646836 0.445664 -1.699647 0.993049 1.047208 -0.378227
    12 0.928312 0.000000 0.000000 0.000000 0.000000 1.029733
    13 0.928313 0.000000 -0.000001 0.000000 0.000000 0.410081
    14 2.979373 -0.388274 -0.044205 -0.109206 -0.079085 0.688066
    15 1.435262 -0.000001 -0.000001 0.000000 0.000000 1.378619
    16 1.482593 -0.000001 0.000001 0.000000 0.000000 0.823752
    17 -1.127658 1.438731 -4.898232 -1.573765 0.730387 -4.841839
    18 4.972047 0.000000 0.000000 -0.330218 -0.692663 -0.213494
    19 11.585358 0.000000 0.000001 0.000000 0.000000 -2.025315
    20 10.127058 0.000000 0.000001 2.206197 0.492395 0.408378
    21 1.537458 0.109715 1.664489 -3.078535 -0.186288 0.914916
    22 0.928313 0.000000 0.000002 0.000000 0.000000 0.061034
    23 0.928311 0.000000 0.000001 0.000000 0.000000 0.671897
    24 2.686395 -0.427337 0.044204 0.006330 0.043192 0.122300
    25 1.435260 0.000000 0.000001 0.000000 0.000000 1.186618
    26 1.482593 0.000000 -0.000001 0.000000 0.000000 1.404984
    27 2.046984 0.000001 0.000000 0.952865 -0.689555 -0.490349
    28 -0.000005 0.000007 3.713254 -0.114055 -3.088691 5.830919
    29 18.045723 0.000000 0.000000 0.000000 0.000000 -0.451514
    30 17.597597 0.000000 0.000000 -0.066172 0.009857 0.001366
    31 0.000005 -0.000003 -3.713254 0.554684 2.991045 -0.010500
    32 18.045721 0.000000 0.000000 0.000000 0.000000 -0.533343
    33 17.597597 0.000000 0.000000 0.064517 0.114444 0.446279
  time 24
    0 0.649423 2.777580 1.540585 0.000000 0.000000 -1.571017
    1 0.191408 0.000000 0.000000 -1.570795 -1.570787 0.000000
    2 1.293670 0.684478 -0.000001 -0.001453 0.021332 -0.060357
    3 5.309685 -0.003834 0.000000 -0.287401 0.035738 -0.006330
    4 4.826790 -0.004591 0.000000 -0.159328 -0.087260 0.037073
    5 5.792767 -0.005304 0.000000 -0.219522 0.100059 0.112102
    6 6.662322 -0.001452 0.000000 0.001222 0.376532 0.487434
    7 -4.459791 1.567606 2.905988 0.113582 -1.207890 -3.780250
    8 4.827512 0.000000 -0.000002 -0.664923 1.022595 -0.743228
    9 11.140032 0.000000 0.000000 0.000000 0.000000 -1.774210
    10 10.314563 -0.000001 0.000001 -1.207706 -0.911618 0.245216
    11 1.646836 0.445664 -1.699647 0.993049 1.047208 -0.378175
    12 0.928312 0.000000 0.000000 0.000000 0.000000 1.029733
    13 0.928313 0.000000 -0.000001 0.000000 0.000000 0.410081
    14 2.979373 -0.388274 -0.044205 -0.115809 -0.079085 0.688066
    15 1.435262 -0.000001 -0.000001 0.000000 0.000000 1.378619
    16 1.482593 -0.000001 0.000001 0.000000 0.000000 0.811571
    17 -1.131565 1.434824 -4.898232 -1.571090 0.741508 -4.846341
    18 4.972047 0.000000 0.000000 -0.262777 -0.703992 -0.238984
    19 11.585358 0.000000 0.000001 0.000000 0.000000 -1.998606
    20 10.127058 0.000000 0.000001 2.198904 0.487478 0.408728
    21 1.537458 0.109715 1.664489 -3.078535 -0.186288 0.914916
    22 0.928313 0.000000 0.000002 0.000000 0.000000 0.061034
    23 0.928311 0.000000 0.000001 0.000000 0.000000 0.671897
    24 2.686395 -0.427337 0.044204 0.006330 0.043192 0.122300
    25 1.435260 0.000000 0.000001 0.000000 0.000000 1.186618
    26 1.482593 0.000000 -0.000001 0.000000 0.000000 1.404984
    27 2.046984 0.000001 0.000000 0.896814 -0.638160 -0.475385
    28 -0.000005 0.000007 3.713254 -0.113863 -3.087828 5.831015
    29 18.045723 0.000000 0.000000 0.000000 0.000000 -0.448257
    30 17.597597 0.000000 0.000000 -0.066071 0.008946 -0.001843
    31 0.000005 -0.000003 -3.713254 0.554684 2.991620 -0.013088
    32 18.045721 0.000000 0.000000 0.000000 0.000000 -0.535705
    33 17.597597 0.000000 0.000000 0.064349 0.112729 0.446833
  time 25
    0 0.618172 2.808830 1.540585 0.000000 0.000000 -1.571017
    1 0.191408 0.000000 0.000000 -1.570795 -1.570787 0.000000
    2 1.293670 0.684478 -0.000001 -0.001453 0.020960 -0.060357
    3 5.309685 -0.003834 0.000000 -0.286788 0.032514 -0.003186
    4 4.826790 -0.004591 0.000000 -0.181893 -0.082718 0.038528
    5 5.792767 -0.005304 0.000000 -0.167538 0.079230 0.119784
    6 6.662322 -0.001452 0.000000 0.001186 0.376477 0.486836
    7 -4.459791 1.567606 2.905988 0.111378 -1.200350 -3.777375
    8 4.827512 0.000000 -0.000002 -0.370209 0.774875 -0.638988
    9 11.140032 0.000000 0.000000 0.000000 0.000000 -1.711176
    10 10.314563 -0.000001 0.000001 -1.418679 -0.879020 0.493262
    11 1.646836 0.445664 -1.699647 2.696939 0.927155 1.477319
    12 0.928312 0.000000 0.000000 0.000000 0.000000 1.019541
    13 0.928313 0.000000 -0.000001 0.000000 0.000000 0.476238
    14 2.979373 -0.388274 -0.044205 -0.119585 -0.079085 0.688066
    15 1.435262 -0.000001 -0.000001 0.000000 0.000000 1.378619
    16 1.482593 -0.000001 0.000001 0.000000 0.000000 0.804733
    17 -1.131565 1.434824 -4.898232 -1.569084 0.751261 -4.850459
    18 4.972047 0.000000 0.000000 -0.223476 -0.710661 -0.254558
    19 11.585358 0.000000 0.000001 0.000000 0.000000 -1.978595
    20 10.127058 0.000000 0.000001 2.195889 0.478778 0.416832
    21 1.537458 0.109715 1.664489 -3.078535 -0.186288 0.914916
    22 0.928313 0.000000 0.000002 0.000000 0.000000 0.061034
    23 0.928311 0.000000 0.000001 0.000000 0.000000 0.671897
    24 2.686395 -0.427337 0.044204 0.006330 0.043192 0.122300
    25 1.435260 0.000000 0.000001 0.000000 0.000000 1.186618
    26 1.482593 0.000000 -0.000001 0.000000 0.000000 1.404984
    27 2.046984 0.000001 0.000000 0.848087 -0.612079 -0.461577
    28 -0.000005 0.000007 3.713254 -0.113671 -3.087348 5.831111
    29 18.045723 0.000000 0.000000 0.000000 0.000000 -0.446332
    30 17.597597 0.000000 0.000000 -0.066046 0.008430 -0.003769
    31 0.000005 -0.000003 -3.713254 0.554493 2.991907 -0.014526
    32 18.045721 0.000000 0.000000 0.000000 0.000000 -0.537043
    33 17.597597 0.000000 0.000000 0.064249 0.111703 0.447157
  time 26
    0 0.618172 2.812737 1.540585 0.000000 0.000000 -1.571017
    1 0.191408 0.000000 0.000000 -1.570795 -1.570787 0.000000
    2 1.293670 0.684478 -0.000001 -0.001453 0.020888 -0.060357
    3 5.309685 -0.003834 0.000000 -0.286210 0.031843 -0.002762
    4 4.826790 -0.004591 0.000000 -0.185746 -0.081819 0.039190
    5 5.792767 -0.005304 0.000000 -0.155432 0.074316 0.121715
    6 6.662322 -0.001452 0.000000 0.001163 0.376422 0.486067
    7 -4.459791 1.559793 2.905988 0.110323 -1.194584 -3.775267
    8 4.827512 0.000000 -0.000002 -0.204956 0.615414 -0.611606
    9 11.140032 0.000000 0.000000 0.000000 0.000000 -1.653358
    10 10.314563 -0.000001 0.000001 -1.581409 -0.858038 0.659207
    11 1.646836 0.445664 -1.699647 -0.171461 2.852323 -1.275891
    12 0.928312 0.000000 0.000000 0.000000 0.000000 1.012223
    13 0.928313 0.000000 -0.000001 0.000000 0.000000 0.523564
    14 2.979373 -0.388274 -0.044205 -0.122509 -0.079085 0.688066
    15 1.435262 -0.000001 -0.000001 0.000000 0.000000 1.378619
    16 1.482593 -0.000001 0.000001 0.000000 0.000000 0.799444
    17 -1.131565 1.427012 -4.898232 -1.568320 0.758491 -4.854195
    18 4.972047 0.000000 0.000000 -0.219442 -0.713393 -0.254558
    19 11.585358 0.000000 0.000001 0.000000 0.000000 -1.970998
    20 10.127058 0.000000 0.000001 2.195117 0.472064 0.423985
    21 1.537458 0.109715 1.664489 -3.078535 -0.186288 0.914916
    22 0.928313 0.000000 0.000002 0.000000 0.000000 0.061034
    23 0.928311 0.000000 0.000001 0.000000 0.000000 0.671897
    24 2.686395 -0.427337 0.044204 0.006330 0.043192 0.122300
    25 1.435260 0.000000 0.000001 0.000000 0.000000 1.186618
    26 1.482593 0.000000 -0.000001 0.000000 0.000000 1.404984
    27 2.046984 0.000001 0.000000 0.805306 -0.615855 -0.443328
    28 -0.000005 0.000007 3.713254 -0.113575 -3.087252 5.831111
    29 18.045723 0.000000 0.000000 0.000000 0.000000 -0.445962
    30 17.597597 0.000000 0.000000 -0.066046 0.008306 -0.004135
    31 0.000005 -0.000003 -3.713254 0.554493 2.992003 -0.014718
    32 18.045721 0.000000 0.000000 0.000000 0.000000 -0.537358
    33 17.597597 0.000000 0.000000 0.064249 0.111506 0.447203
  time 27
    0 0.618172 2.812737 1.540585 0.000000 0.000000 -1.571017
    1 0.191408 0.000000 0.000000 -1.570795 -1.570787 0.000000
    2 1.293670 0.684478 -0.000001 -0.001453 0.020900 -0.060357
    3 5.309685 -0.003834 0.000000 -0.285461 0.031819 -0.003080
    4 4.826790 -0.004591 0.000000 -0.185231 -0.081471 0.039697
    5 5.792767 -0.005304 0.000000 -0.148525 0.070913 0.123438
    6 6.662322 -0.001452 0.000000 0.001115 0.376353 0.485127
    7 -4.459791 1.559793 2.905988 0.109844 -1.190385 -3.773926
    8 4.827512 0.000000 -0.000002 -0.201050 0.646027 -0.650079
    9 11.140032 0.000000 0.000000 0.000000 0.000000 -1.672124
    10 10.314563 -0.000001 0.000001 -1.624533 -0.860098 0.716051
    11 1.646836 0.445664 -1.699647 -0.144816 2.969725 -1.289525
    12 0.928312 0.000000 0.000000 0.000000 0.000000 1.012615
    13 0.928313 0.000000 -0.000001 0.000000 0.000000 0.521196
    14 2.979373 -0.388274 -0.044205 -0.125050 -0.079085 0.688066
    15 1.435262 -0.000001 -0.000001 0.000000 0.000000 1.378619
    16 1.482593 -0.000001 0.000001 0.000000 0.000000 0.794743
    17 -1.139377 1.430918 -4.894325 -1.569180 0.762067 -4.857260
    18 4.972047 0.000000 0.000000 -0.222538 -0.715643 -0.245041
    19 11.585358 0.000000 0.000001 0.000000 0.000000 -1.975082
    20 10.127058 0.000000 0.000001 2.197081 0.469322 0.428437
    21 1.537458 0.109715 1.664489 -3.078535 -0.186288 0.914916
    22 0.928313 0.000000 0.000002 0.000000 0.000000 0.061034
    23 0.928311 0.000000 0.000001 0.000000 0.000000 0.671897
    24 2.686395 -0.427337 0.044204 0.006330 0.043192 0.122300
    25 1.435260 0.000000 0.000001 0.000000 0.000000 1.186618
    26 1.482593 0.000000 -0.000001 0.000000 0.000000 1.404984
    27 2.046984 0.000001 0.000000 0.752702 -0.628836 -0.415043
    28 -0.000005 0.000007 3.713254 -0.113575 -3.087252 5.831111
    29 18.045723 0.000000 0.000000 0.000000 0.000000 -0.445888
    30 17.597597 0.000000 0.000000 -0.066046 0.008306 -0.004227
    31 0.000005 -0.000003 -3.713254 0.554493 2.992003 -0.014814
    32 18.045721 0.000000 0.000000 0.000000 0.000000 -0.537358
    33 17.597597 0.000000 0.000000 0.064249 0.111486 0.447203
  time 28
    0 0.618172 2.808830 1.540585 0.000000 0.000000 -1.571017
    1 0.191408 0.000000 0.000000 -1.570795 -1.570787 0.000000
    2 1.293670 0.684478 -0.000001 -0.001453 0.020960 -0.060357
    3 5.309685 -0.003834 0.000000 -0.284678 0.032275 -0.003963
    4 4.826790 -0.004591 0.000000 -0.181321 -0.081615 0.040138
    5 5.792767 -0.005304 0.000000 -0.145970 0.068708 0.124933
    6 6.662322 -0.001452 0.000000 0.001055 0.376257 0.484130
    7 -4.459791 1.555887 2.905988 0.109844 -1.186719 -3.772776
    8 4.827512 0.000000 -0.000002 -0.214124 0.699834 -0.701462
    9 11.140032 0.000000 0.000000 0.000000 0.000000 -1.699076
    10 10.314563 -0.000001 0.000001 -1.658368 -0.877896 0.766160
    11 1.646836 0.445664 -1.699647 -0.117514 3.061333 -1.325520
    12 0.928312 0.000000 0.000000 0.000000 0.000000 1.013617
    13 0.928313 0.000000 -0.000001 0.000000 0.000000 0.514511
    14 2.979373 -0.388274 -0.044205 -0.127255 -0.079085 0.688066
    15 1.435262 -0.000001 -0.000001 0.000000 0.000000 1.378619
    16 1.482593 -0.000001 0.000001 0.000000 0.000000 0.790682
    17 -1.139377 1.427012 -4.898232 -1.571377 0.762671 -4.859654
    18 4.972047 0.000000 0.000000 -0.231167 -0.717491 -0.228735
    19 11.585358 0.000000 0.000001 0.000000 0.000000 -1.984639
    20 10.127058 0.000000 0.000001 2.202410 0.467147 0.434139
    21 1.537458 0.109715 1.664489 -3.078535 -0.186288 0.914916
    22 0.928313 0.000000 0.000002 0.000000 0.000000 0.061034
    23 0.928311 0.000000 0.000001 0.000000 0.000000 0.671897
    24 2.686395 -0.427337 0.044204 0.006330 0.043192 0.122300
    25 1.435260 0.000000 0.000001 0.000000 0.000000 1.186618
    26 1.482593 0.000000 -0.000001 0.000000 0.000000 1.404984
    27 2.046984 0.000001 0.000000 0.692213 -0.647483 -0.378059
    28 -0.000005 0.000007 3.713254 -0.113575 -3.087252 5.831111
    29 18.045723 0.000000 0.000000 0.000000 0.000000 -0.446110
    30 17.597597 0.000000 0.000000 -0.066046 0.008356 -0.004044
    31 0.000005 -0.000003 -3.713254 0.554493 2.991907 -0.014622
    32 18.045721 0.000000 0.000000 0.000000 0.000000 -0.537279
    33 17.597597 0.000000 0.000000 0.064249 0.111585 0.447157
  time 29
    0 0.629891 2.808830 1.540585 0.000000 0.000000 -1.571017
    1 0.191408 0.000000 0.000000 -1.570795 -1.570787 0.000000
    2 1.293670 0.684478 -0.000001 -0.001453 0.021080 -0.060357
    3 5.309685 -0.003834 0.000000 -0.283776 0.033042 -0.005164
    4 4.826790 -0.004591 0.000000 -0.174874 -0.082070 0.040579
    5 5.792767 -0.005304 0.000000 -0.147122 0.067413 0.126282
    6 6.662322 -0.001452 0.000000 0.000983 0.376161 0.482934
    7 -4.463698 1.555887 2.905988 0.109940 -1.183348 -3.771626
    8 4.827512 0.000000 -0.000002 -0.244575 0.770015 -0.765237
    9 11.140032 0.000000 0.000000 0.000000 0.000000 -1.731246
    10 10.314563 -0.000001 0.000001 -1.687180 -0.904967 0.812204
    11 1.646836 0.445664 -1.699647 -0.088711 3.125908 -1.378920
    12 0.928312 0.000000 0.000000 0.000000 0.000000 1.015185
    13 0.928313 0.000000 -0.000001 0.000000 0.000000 0.504580
    14 2.979373 -0.388274 -0.044205 -0.129256 -0.079085 0.688066
    15 1.435262 -0.000001 -0.000001 0.000000 0.000000 1.378619
    16 1.482593 -0.000001 0.000001 0.000000 0.000000 0.786943
    17 -1.139377 1.427012 -4.898232 -1.574338 0.761804 -4.861857
    18 4.972047 0.000000 0.000000 -0.244205 -0.719420 -0.208369
    19 11.585358 0.000000 0.000001 0.000000 0.000000 -1.997871
    20 10.127058 0.000000 0.000001 2.209773 0.465256 0.440892
    21 1.537458 0.109715 1.664489 -3.078535 -0.186288 0.914916
    22 0.928313 0.000000 0.000002 0.000000 0.000000 0.061034
    23 0.928311 0.000000 0.000001 0.000000 0.000000 0.671897
    24 2.686395 -0.427337 0.044204 0.006330 0.043192 0.122300
    25 1.435260 0.000000 0.000001 0.000000 0.000000 1.186618
    26 1.482593 0.000000 -0.000001 0.000000 0.000000 1.404984
    27 2.046984 0.000001 0.000000 0.626081 -0.668696 -0.333593
    28 -0.000005 0.000007 3.713254 -0.113671 -3.087348 5.831111
    29 18.045723 0.000000 0.000000 0.000000 0.000000 -0.446406
    30 17.597597 0.000000 0.000000 -0.066046 0.008454 -0.003723
    31 0.000005 -0.000003 -3.713254 0.554493 2.991907 -0.014430
    32 18.045721 0.000000 0.000000 0.000000 0.000000 -0.537043
    33 17.597597 0.000000 0.000000 0.064249 0.111742 0.447157
  time 30
    0 0.629891 2.801018 1.540585 0.000000 0.000000 -1.571017
    1 0.191408 0.000000 0.000000 -1.570795 -1.570787 0.000000
    2 1.293670 0.684478 -0.000001 -0.001453 0.021200 -0.060357
    3 5.309685 -0.003834 0.000000 -0.282772 0.033868 -0.006542
    4 4.826790 -0.004591 0.000000 -0.166805 -0.082754 0.041064
    5 5.792767 -0.005304 0.000000 -0.151115 0.066802 0.127591
    6 6.662322 -0.001452 0.000000 0.000911 0.376064 0.481624
    7 -4.463698 1.548074 2.905988 0.110323 -1.180095 -3.770668
    8 4.827512 0.000000 -0.000002 -0.294000 0.848978 -0.841836
    9 11.140032 0.000000 0.000000 0.000000 0.000000 -1.766023
    10 10.314563 -0.000001 0.000001 -1.713243 -0.934849 0.855461
    11 1.646836 0.445664 -1.699647 -0.059908 3.162834 -1.445023
    12 0.928312 0.000000 0.000000 0.000000 0.000000 1.017145
    13 0.928313 0.000000 -0.000001 0.000000 0.000000 0.491975
    14 2.979373 -0.388274 -0.044205 -0.131174 -0.079085 0.688066
    15 1.435262 -0.000001 -0.000001 0.000000 0.000000 1.378619
    16 1.482593 -0.000001 0.000001 0.000000 0.000000 0.783417
    17 -1.139377 1.419199 -4.894325 -1.577491 0.760857 -4.864347
    18 4.972047 0.000000 0.000000 -0.260057 -0.721268 -0.186273
    19 11.585358 0.000000 0.000001 0.000000 0.000000 -2.013227
    20 10.127058 0.000000 0.000001 2.218048 0.462797 0.448595
    21 1.537458 0.109715 1.664489 -3.078535 -0.186288 0.914916
    22 0.928313 0.000000 0.000002 0.000000 0.000000 0.061034
    23 0.928311 0.000000 0.000001 0.000000 0.000000 0.671897
    24 2.686395 -0.427337 0.044204 0.006330 0.043192 0.122300
    25 1.435260 0.000000 0.000001 0.000000 0.000000 1.186618
    26 1.482593 0.000000 -0.000001 0.000000 0.000000 1.404984
    27 2.046984 0.000001 0.000000 0.556804 -0.689614 -0.283957
    28 -0.000005 0.000007 3.713254 -0.113671 -3.087444 5.831111
    29 18.045723 0.000000 0.000000 0.000000 0.000000 -0.446851
    30 17.597597 0.000000 0.000000 -0.066046 0.008528 -0.003310
    31 0.000005 -0.000003 -3.713254 0.554493 2.991811 -0.014143
    32 18.045721 0.000000 0.000000 0.000000 0.000000 -0.536807
    33 17.597597 0.000000 0.000000 0.064282 0.111959 0.447064
  time 31
    0 0.637703 2.793205 1.540585 0.000000 0.000000 -1.571017
    1 0.191408 0.000000 0.000000 -1.570795 -1.570787 0.000000
    2 1.293670 0.684478 -0.000001 -0.001453 0.021296 -0.060357
    3 5.309685 -0.003834 0.000000 -0.281683 0.034647 -0.007902
    4 4.826790 -0.004591 0.000000 -0.158126 -0.083461 0.041725
    5 5.792767 -0.005304 0.000000 -0.157195 0.066550 0.128816
    6 6.662322 -0.001452 0.000000 0.000827 0.375941 0.480171
    7 -4.471510 1.544168 2.905988 0.110611 -1.176695 -3.769518
    8 4.827512 0.000000 -0.000002 -0.363593 0.929903 -0.931346
    9 11.140032 0.000000 0.000000 0.000000 0.000000 -1.800946
    10 10.314563 -0.000001 0.000001 -1.738075 -0.960609 0.895699
    11 1.646836 0.445664 -1.699647 -0.034388 3.172021 -1.519183
    12 0.928312 0.000000 0.000000 0.000000 0.000000 1.019323
    13 0.928313 0.000000 -0.000001 0.000000 0.000000 0.477766
    14 2.979373 -0.388274 -0.044205 -0.133175 -0.079085 0.688066
    15 1.435262 -0.000001 -0.000001 0.000000 0.000000 1.378619
    16 1.482593 -0.000001 0.000001 0.000000 0.000000 0.779730
    17 -1.147190 1.415293 -4.894325 -1.580548 0.761383 -4.867604
    18 4.972047 0.000000 0.000000 -0.277597 -0.723276 -0.165241
    19 11.585358 0.000000 0.000001 0.000000 0.000000 -2.028909
    20 10.127058 0.000000 0.000001 2.225832 0.459582 0.456999
    21 1.537458 0.109715 1.664489 -3.078535 -0.186288 0.914916
    22 0.928313 0.000000 0.000002 0.000000 0.000000 0.061034
    23 0.928311 0.000000 0.000001 0.000000 0.000000 0.671897
    24 2.686395 -0.427337 0.044204 0.006330 0.043192 0.122300
    25 1.435260 0.000000 0.000001 0.000000 0.000000 1.186618
    26 1.482593 0.000000 -0.000001 0.000000 0.000000 1.404984
    27 2.046984 0.000001 0.000000 0.487828 -0.707906 -0.232192
    28 -0.000005 0.000007 3.713254 -0.113767 -3.087636 5.831111
    29 18.045723 0.000000 0.000000 0.000000 0.000000 -0.447221
    30 17.597597 0.000000 0.000000 -0.066046 0.008676 -0.002897
    31 0.000005 -0.000003 -3.713254 0.554684 2.991716 -0.013855
    32 18.045721 0.000000 0.000000 0.000000 0.000000 -0.536492
    33 17.597597 0.000000 0.000000 0.064282 0.112196 0.446972
  time 32
    0 0.641610 2.789299 1.540585 0.000000 0.000000 -1.571017
    1 0.191408 0.000000 0.000000 -1.570795 -1.570787 0.000000
    2 1.293670 0.684478 -0.000001 -0.001453 0.021380 -0.060357
    3 5.309685 -0.003834 0.000000 -0.280475 0.035199 -0.009050
    4 4.826790 -0.004591 0.000000 -0.149772 -0.084096 0.042519
    5 5.792767 -0.005304 0.000000 -0.164606 0.066395 0.129937
    6 6.662322 -0.001452 0.000000 0.000707 0.375831 0.478605
    7 -4.471510 1.536355 2.905988 0.111186 -1.172969 -3.768369
    8 4.827512 0.000000 -0.000002 -0.452557 1.005796 -1.032814
    9 11.140032 0.000000 0.000000 0.000000 0.000000 -1.833260
    10 10.314563 -0.000001 0.000001 -1.761579 -0.975596 0.931640
    11 1.646836 0.445664 -1.699647 3.125609 -0.013035 1.544610
    12 0.928312 0.000000 0.000000 0.000000 0.000000 1.021544
    13 0.928313 0.000000 -0.000001 0.000000 0.000000 0.462640
    14 2.979373 -0.388274 -0.044205 -0.135368 -0.079085 0.688066
    15 1.435262 -0.000001 -0.000001 0.000000 0.000000 1.378619
    16 1.482593 -0.000001 0.000001 0.000000 0.000000 0.775670
    17 -1.151097 1.407480 -4.898232 -1.583032 0.764722 -4.871914
    18 4.972047 0.000000 0.000000 -0.295231 -0.725606 -0.147870
    19 11.585358 0.000000 0.000001 0.000000 0.000000 -2.043122
    20 10.127058 0.000000 0.000001 2.231792 0.454475 0.466053
    21 1.537458 0.109715 1.664489 -3.078535 -0.186288 0.914916
    22 0.928313 0.000000 0.000002 0.000000 0.000000 0.061034
    23 0.928311 0.000000 0.000001 0.000000 0.000000 0.671897
    24 2.686395 -0.427337 0.044204 0.006330 0.043192 0.122300
    25 1.435260 0.000000 0.000001 0.000000 0.000000 1.186618
    26 1.482593 0.000000 -0.000001 0.000000 0.000000 1.404984
    27 2.046984 0.000001 0.000000 0.423419 -0.721979 -0.182069
    28 -0.000005 0.000007 3.713254 -0.113767 -3.087636 5.831015
    29 18.045723 0.000000 0.000000 0.000000 0.000000 -0.447517
    30 17.597597 0.000000 0.000000 -0.066071 0.008749 -0.002577
    31 0.000005 -0.000003 -3.713254 0.554684 2.991716 -0.013567
    32 18.045721 0.000000 0.000000 0.000000 0.000000 -0.536256
    33 17.597597 0.000000 0.000000 0.064316 0.112354 0.446926
  time 33
    0 0.641610 2.789299 1.540585 0.000000 0.000000 -1.571017
    1 0.191408 0.000000 0.000000 -1.570795 -1.570787 0.000000
    2 1.293670 0.684478 -0.000001 -0.001453 0.021380 -0.060357
    3 5.309685 -0.003834 0.000000 -0.279148 0.035283 -0.009757
    4 4.826790 -0.004591 0.000000 -0.142581 -0.084491 0.043644
    5 5.792767 -0.005304 0.000000 -0.172538 0.065987 0.131079
    6 6.662322 -0.001452 0.000000 0.000611 0.375679 0.476896
    7 -4.475417 1.536355 2.905988 0.111378 -1.168711 -3.766931
    8 4.827512 0.000000 -0.000002 -0.554834 1.071031 -1.139567
    9 11.140032 0.000000 0.000000 0.000000 0.000000 -1.860357
    10 10.314563 -0.000001 0.000001 -1.782525 -0.973067 0.960846
    11 1.646836 0.445664 -1.699647 3.133677 0.029279 1.467661
    12 0.928312 0.000000 0.000000 0.000000 0.000000 1.023984
    13 0.928313 0.000000 -0.000001 0.000000 0.000000 0.447476
    14 2.979373 -0.388274 -0.044205 -0.137909 -0.079085 0.688066
    15 1.435262 -0.000001 -0.000001 0.000000 0.000000 1.378619
    16 1.482593 -0.000001 0.000001 0.000000 0.000000 0.770969
    17 -1.151097 1.407480 -4.902138 -1.584751 0.772425 -4.878140
    18 4.972047 0.000000 0.000000 -0.311646 -0.728740 -0.136755
    19 11.585358 0.000000 0.000001 0.000000 0.000000 -2.054312
    20 10.127058 0.000000 0.000001 2.234738 0.447194 0.475557
    21 1.537458 0.109715 1.664489 -3.078535 -0.186288 0.914916
    22 0.928313 0.000000 0.000002 0.000000 0.000000 0.061034
    23 0.928311 0.000000 0.000001 0.000000 0.000000 0.671897
    24 2.686395 -0.427337 0.044204 0.006330 0.043192 0.122300
    25 1.435260 0.000000 0.000001 0.000000 0.000000 1.186618
    26 1.482593 0.000000 -0.000001 0.000000 0.000000 1.404984
    27 2.046984 0.000001 0.000000 0.368359 -0.730889 -0.138454
    28 -0.000005 0.000007 3.713254 -0.113767 -3.087732 5.831015
    29 18.045723 0.000000 0.000000 0.000000 0.000000 -0.447665
    30 17.597597 0.000000 0.000000 -0.066071 0.008799 -0.002439
    31 0.000005 -0.000003 -3.713254 0.554684 2.991620 -0.013472
    32 18.045721 0.000000 0.000000 0.000000 0.000000 -0.536177
    33 17.597597 0.000000 0.000000 0.064349 0.112433 0.446880
  time 34
    0 0.641610 2.789299 1.540585 0.000000 0.000000 -1.571017
    1 0.191408 0.000000 0.000000 -1.570795 -1.570787 0.000000
    2 1.293670 0.684478 -0.000001 -0.001453 0.021356 -0.060357
    3 5.309685 -0.003834 0.000000 -0.277718 0.034719 -0.009881
    4 4.826790 -0.004591 0.000000 -0.137507 -0.084563 0.045055
    5 5.792767 -0.005304 0.000000 -0.180345 0.065076 0.132138
    6 6.662322 -0.001452 0.000000 0.000515 0.375528 0.475073
    7 -4.475417 1.524636 2.905988 0.111665 -1.163684 -3.765302
    8 4.827512 0.000000 -0.000002 -0.656234 1.122536 -1.236269
    9 11.140032 0.000000 0.000000 0.000000 0.000000 -1.879485
    10 10.314563 -0.000001 0.000001 -1.799300 -0.946183 0.979949
    11 1.646836 0.445664 -1.699647 3.127954 0.094032 1.394070
    12 0.928312 0.000000 0.000000 0.000000 0.000000 1.026162
    13 0.928313 0.000000 -0.000001 0.000000 0.000000 0.433114
    14 2.979373 -0.388274 -0.044205 -0.140905 -0.079085 0.688066
    15 1.435262 -0.000001 -0.000001 0.000000 0.000000 1.378619
    16 1.482593 -0.000001 0.000001 0.000000 0.000000 0.765413
    17 -1.151097 1.403573 -4.902138 -1.585134 0.786017 -4.886664
    18 4.972047 0.000000 0.000000 -0.325435 -0.732758 -0.134626
    19 11.585358 0.000000 0.000001 0.000000 0.000000 -2.060601
    20 10.127058 0.000000 0.000001 2.233125 0.437454 0.485511
    21 1.537458 0.109715 1.664489 -3.078535 -0.186288 0.914916
    22 0.928313 0.000000 0.000002 0.000000 0.000000 0.061034
    23 0.928311 0.000000 0.000001 0.000000 0.000000 0.671897
    24 2.686395 -0.427337 0.044204 0.006330 0.043192 0.122300
    25 1.435260 0.000000 0.000001 0.000000 0.000000 1.186618
    26 1.482593 0.000000 -0.000001 0.000000 0.000000 1.404984
    27 2.046984 0.000001 0.000000 0.327775 -0.734282 -0.105485
    28 -0.000005 0.000007 3.713254 -0.113767 -3.087732 5.831015
    29 18.045723 0.000000 0.000000 0.000000 0.000000 -0.447591
    30 17.597597 0.000000 0.000000 -0.066071 0.008749 -0.002577
    31 0.000005 -0.000003 -3.713254 0.554684 2.991716 -0.013567
    32 18.045721 0.000000 0.000000 0.000000 0.000000 -0.536256
    33 17.597597 0.000000 0.000000 0.064316 0.112374 0.446926
  time 35
    0 0.637703 2.793205 1.540585 0.000000 0.000000 -1.571017
    1 0.191408 0.000000 0.000000 -1.570795 -1.570787 0.000000
    2 1.293670 0.684478 -0.000001 -0.001453 0.021224 -0.060357
    3 5.309685 -0.003834 0.000000 -0.276136 0.033389 -0.009156
    4 4.826790 -0.004591 0.000000 -0.135523 -0.084132 0.046929
    5 5.792767 -0.005304 0.000000 -0.187126 0.063375 0.133196
    6 6.662322 -0.001452 0.000000 0.000395 0.375391 0.473108
    7 -4.475417 1.524636 2.905988 0.111953 -1.157711 -3.763290
    8 4.827512 0.000000 -0.000002 -0.731885 1.159374 -1.297617
    9 11.140032 0.000000 0.000000 0.000000 0.000000 -1.887890
    10 10.314563 -0.000001 0.000001 -1.811242 -0.888294 0.986742
    11 1.646836 0.445664 -1.699647 3.106000 0.178307 1.325849
    12 0.928312 0.000000 0.000000 0.000000 0.000000 1.028122
    13 0.928313 0.000000 -0.000001 0.000000 0.000000 0.420356
    14 2.979373 -0.388274 -0.044205 -0.144501 -0.079085 0.688066
    15 1.435262 -0.000001 -0.000001 0.000000 0.000000 1.378619
    16 1.482593 -0.000001 0.000001 0.000000 0.000000 0.758735
    17 -1.158909 1.399667 -4.898232 -1.584465 0.806971 -4.898062
    18 4.972047 0.000000 0.000000 -0.334814 -0.738221 -0.144409
    19 11.585358 0.000000 0.000001 0.000000 0.000000 -2.060438
    20 10.127058 0.000000 0.000001 2.225972 0.424688 0.495866
    21 1.537458 0.109715 1.664489 -3.078535 -0.186288 0.914916
    22 0.928313 0.000000 0.000002 0.000000 0.000000 0.061034
    23 0.928311 0.000000 0.000001 0.000000 0.000000 0.671897
    24 2.686395 -0.427337 0.044204 0.006330 0.043192 0.122300
    25 1.435260 0.000000 0.000001 0.000000 0.000000 1.186618
    26 1.482593 0.000000 -0.000001 0.000000 0.000000 1.404984
    27 2.046984 0.000001 0.000000 0.306535 -0.731804 -0.088027
    28 -0.000005 0.000007 3.713254 -0.113767 -3.087540 5.831111
    29 18.045723 0.000000 0.000000 0.000000 0.000000 -0.447147
    30 17.597597 0.000000 0.000000 -0.066046 0.008651 -0.002989
    31 0.000005 -0.000003 -3.713254 0.554493 2.991716 -0.013855
    32 18.045721 0.000000 0.000000 0.000000 0.000000 -0.536492
    33 17.597597 0.000000 0.000000 0.064282 0.112157 0.446972
  time 36
    0 0.618172 2.808830 1.540585 0.000000 0.000000 -1.571017
    1 0.191408 0.000000 0.000000 -1.570795 -1.570787 0.000000
    2 1.293670 0.684478 -0.000001 -0.001453 0.020960 -0.060357
    3 5.309685 -0.003834 0.000000 -0.274451 0.031064 -0.007478
    4 4.826790 -0.004591 0.000000 -0.137545 -0.082993 0.049288
    5 5.792767 -0.005304 0.000000 -0.192271 0.060510 0.134297
    6 6.662322 -0.001452 0.000000 0.000312 0.375226 0.471057
    7 -4.475417 1.516823 2.905988 0.111857 -1.150497 -3.760991
    8 4.827512 0.000000 -0.000002 -0.751097 1.181801 -1.292245
    9 11.140032 0.000000 0.000000 0.000000 0.000000 -1.883253
    10 10.314563 -0.000001 0.000001 -1.819772 -0.792748 0.980413
    11 1.646836 0.445664 -1.699647 3.065751 0.279278 1.263412
    12 0.928312 0.000000 0.000000 0.000000 0.000000 1.029733
    13 0.928313 0.000000 -0.000001 0.000000 0.000000 0.410081
    14 2.979373 -0.388274 -0.044205 -0.148863 -0.079085 0.688066
    15 1.435262 -0.000001 -0.000001 0.000000 0.000000 1.378619
    16 1.482593 -0.000001 0.000001 0.000000 0.000000 0.750721
    17 -1.158909 1.399667 -4.902138 -1.583032 0.835470 -4.912621
    18 4.972047 0.000000 0.000000 -0.339223 -0.745855 -0.166639
    19 11.585358 0.000000 0.000001 0.000000 0.000000 -2.053903
    20 10.127058 0.000000 0.000001 2.212929 0.408895 0.506920
    21 1.537458 0.109715 1.664489 -3.078535 -0.186288 0.914916
    22 0.928313 0.000000 0.000002 0.000000 0.000000 0.061034
    23 0.928311 0.000000 0.000001 0.000000 0.000000 0.671897
    24 2.686395 -0.427337 0.044204 0.006330 0.043192 0.122300
    25 1.435260 0.000000 0.000001 0.000000 0.000000 1.186618
    26 1.482593 0.000000 -0.000001 0.000000 0.000000 1.404984
    27 2.046984 0.000001 0.000000 0.308948 -0.722893 -0.089974
    28 -0.000005 0.000007 3.713254 -0.113671 -3.087348 5.831111
    29 18.045723 0.000000 0.000000 0.000000 0.000000 -0.446332
    30 17.597597 0.000000 0.000000 -0.066046 0.008430 -0.003769
    31 0.000005 -0.000003 -3.713254 0.554493 2.991907 -0.014526
    32 18.045721 0.000000 0.000000 0.000000 0.000000 -0.537043
    33 17.597597 0.000000 0.000000 0.064249 0.111703 0.447157
  time 37
    0 0.598640 2.843988 1.540585 0.000000 0.000000 -1.571017
    1 0.191408 0.000000 0.000000 -1.570795 -1.570787 0.000000
    2 1.293670 0.684478 -0.000001 -0.001469 0.020349 -0.060357
    3 5.309685 -0.003834 0.000000 -0.271405 0.025120 -0.002497
    4 4.826790 -0.004591 0.000000 -0.150630 -0.080776 0.054469
    5 5.792767 -0.005304 0.000000 -0.200761 0.054015 0.135875
    6 6.662322 -0.001452 0.000000 0.000096 0.374924 0.467411
    7 -4.483230 1.509010 2.905988 0.111378 -1.136717 -3.756679
    8 4.827512 0.000000 -0.000002 -0.408473 1.117334 -0.830138
    9 11.140032 0.000000 0.000000 0.000000 0.000000 -1.800656
    10 10.314563 -0.000001 0.000001 -1.771910 -0.426302 0.858074
    11 1.646836 0.445664 -1.699647 2.832417 0.617616 1.137764
    12 0.928312 0.000000 0.000000 0.000000 0.000000 1.052602
    13 0.928313 0.000000 -0.000001 0.000000 0.000000 0.413557
    14 2.979373 -0.388274 -0.044205 -0.157995 -0.077084 0.698445
    15 1.435262 -0.000001 -0.000001 0.000000 0.000000 1.400936
    16 1.482593 -0.000001 0.000001 0.000000 0.000000 0.742707
    17 -1.162816 1.391854 -4.898232 -1.585038 0.875668 -4.935991
    18 4.972047 0.000000 0.000000 -0.345320 -0.764174 -0.211431
    19 11.585358 0.000000 0.000001 0.000000 0.000000 -2.042223
    20 10.127058 0.000000 0.000001 2.198554 0.385727 0.527079
    21 1.537458 0.109715 1.664489 -3.078535 -0.186288 0.914916
    22 0.928313 0.000000 0.000002 0.000000 0.000000 0.061034
    23 0.928311 0.000000 0.000001 0.000000 0.000000 0.671897
    24 2.686395 -0.427337 0.044204 0.006330 0.043192 0.122300
    25 1.435260 0.000000 0.000001 0.000000 0.000000 1.186618
    26 1.482593 0.000000 -0.000001 0.000000 0.000000 1.404984
    27 2.046984 0.000001 0.000000 0.391236 -0.697255 -0.153358
    28 -0.000005 0.000007 3.713254 -0.113288 -3.086677 5.831206
    29 18.045723 0.000000 0.000000 0.000000 0.000000 -0.443964
    30 17.597597 0.000000 0.000000 -0.065970 0.007667 -0.006107
    31 0.000005 -0.000003 -3.713254 0.554493 2.992387 -0.016252
    32 18.045721 0.000000 0.000000 0.000000 0.000000 -0.538775
    33 17.597597 0.000000 0.000000 0.064148 0.110421 0.447572
  time 38
    0 0.543951 2.906490 1.540585 0.000000 0.000000 -1.571017
    1 0.191408 0.000000 0.000000 -1.570795 -1.570787 0.000000
    2 1.293670 0.684478 -0.000001 -0.001469 0.019174 -0.060357
    3 5.309685 -0.003834 0.000000 -0.266113 0.014465 0.006423
    4 4.826790 -0.004591 0.000000 -0.174206 -0.076342 0.063399
    5 5.792767 -0.005304 0.000000 -0.215655 0.042653 0.138616
    6 6.662322 -0.001452 0.000000 -0.000252 0.374415 0.461003
    7 -4.491042 1.485572 2.905988 0.111378 -1.114629 -3.749588
    8 4.827512 0.000000 -0.000002 -0.126833 0.872087 -0.324620
    9 11.140032 0.000000 0.000000 0.000000 0.000000 -1.627782
    10 10.314563 -0.000001 0.000001 -1.821762 0.189499 0.690097
    11 1.646836 0.445664 -1.699647 2.044974 1.060370 0.541696
    12 0.928312 0.000000 0.000000 0.000000 0.000000 1.074730
    13 0.928313 0.000000 -0.000001 0.000000 0.000000 0.422877
    14 2.979373 -0.388274 -0.044205 -0.171837 -0.074927 0.708694
    15 1.435262 -0.000001 -0.000001 0.000000 0.000000 1.423253
    16 1.482593 -0.000001 0.000001 0.000000 0.000000 0.725932
    17 -1.174535 1.372322 -4.902138 -1.596215 0.931035 -4.974495
    18 4.972047 0.000000 0.000000 -0.352824 -0.798564 -0.283310
    19 11.585358 0.000000 0.000001 0.000000 0.000000 -2.025152
    20 10.127058 0.000000 0.000001 2.185090 0.351968 0.562644
    21 1.537458 0.109715 1.664489 -3.078535 -0.186288 0.914916
    22 0.928313 0.000000 0.000002 0.000000 0.000000 0.061034
    23 0.928311 0.000000 0.000001 0.000000 0.000000 0.671897
    24 2.686395 -0.427337 0.044204 0.006330 0.043192 0.122300
    25 1.435260 0.000000 0.000001 0.000000 0.000000 1.186618
    26 1.482593 0.000000 -0.000001 0.000000 0.000000 1.404984
    27 2.046984 0.000001 0.000000 0.550815 -0.639871 -0.270027
    28 -0.000005 0.000007 3.713254 -0.113000 -3.085527 5.831494
    29 18.045723 0.000000 0.000000 0.000000 0.000000 -0.439671
    30 17.597597 0.000000 0.000000 -0.065843 0.006461 -0.010187
    31 0.000005 -0.000003 -3.713254 0.554493 2.993154 -0.019320
    32 18.045721 0.000000 0.000000 0.000000 0.000000 -0.541530
    33 17.597597 0.000000 0.000000 0.063947 0.108153 0.448265
  time 39
    0 0.481449 2.980711 1.540585 0.000000 0.000000 -1.571017
    1 0.191408 0.000000 0.000000 -1.570795 -1.570787 0.000000
    2 1.293670 0.684478 -0.000001 -0.001469 0.017784 -0.060357
    3 5.309685 -0.003834 0.000000 -0.259187 0.001438 0.017092
    4 4.826790 -0.004591 0.000000 -0.197629 -0.068540 0.074048
    5 5.792767 -0.005304 0.000000 -0.232707 0.028248 0.142810
    6 6.662322 -0.001452 0.000000 -0.000695 0.373700 0.452373
    7 -4.502761 1.458228 2.905988 0.112144 -1.089791 -3.741252
    8 4.827512 0.000000 -0.000002 -0.130740 0.682439 -0.131043
    9 11.140032 0.000000 0.000000 0.000000 0.000000 -1.439693
    10 10.314563 -0.000001 0.000001 -2.073772 0.638751 0.495120
    11 1.646836 0.445664 -1.699647 0.993049 1.047208 -0.378175
    12 0.928312 0.000000 0.000000 0.000000 0.000000 1.029733
    13 0.928313 0.000000 -0.000001 0.000000 0.000000 0.410081
    14 2.979373 -0.388274 -0.044205 -0.184493 -0.079085 0.688066
    15 1.435262 -0.000001 -0.000001 0.000000 0.000000 1.378619
    16 1.482593 -0.000001 0.000001 0.000000 0.000000 0.685009
    17 -1.190160 1.356697 -4.906044 -1.622104 0.998523 -5.030526
    18 4.972047 0.000000 0.000000 -0.351792 -0.843318 -0.372095
    19 11.585358 0.000000 0.000001 0.000000 0.000000 -2.003834
    20 10.127058 0.000000 0.000001 2.171065 0.311021 0.610865
    21 1.537458 0.109715 1.664489 -3.078535 -0.186288 0.914916
    22 0.928313 0.000000 0.000002 0.000000 0.000000 0.061034
    23 0.928311 0.000000 0.000001 0.000000 0.000000 0.671897
    24 2.686395 -0.427337 0.044204 0.006330 0.043192 0.122300
    25 1.435260 0.000000 0.000001 0.000000 0.000000 1.186618
    26 1.482593 0.000000 -0.000001 0.000000 0.000000 1.404984
    27 2.046984 0.000001 0.000000 0.710265 -0.555845 -0.376051
    28 -0.000005 0.000007 3.713254 -0.112521 -3.084184 5.831782
    29 18.045723 0.000000 0.000000 0.000000 0.000000 -0.434638
    30 17.597597 0.000000 0.000000 -0.065691 0.005033 -0.015047
    31 0.000005 -0.000003 -3.713254 0.554493 2.993921 -0.022771
    32 18.045721 0.000000 0.000000 0.000000 0.000000 -0.544915
    33 17.597597 0.000000 0.000000 0.063712 0.105549 0.449004
  time 40
    0 0.438479 3.054932 1.540585 0.000000 0.000000 -1.571017
    1 0.191408 0.000000 0.000000 -1.570795 -1.570787 0.000000
    2 1.293670 0.684478 -0.000001 -0.001469 0.016406 -0.060357
    3 5.309685 -0.003834 0.000000 -0.251053 -0.011673 0.027284
    4 4.826790 -0.004591 0.000000 -0.210295 -0.056819 0.084521
    5 5.792767 -0.005304 0.000000 -0.247925 0.012380 0.148499
    6 6.662322 -0.001452 0.000000 -0.001246 0.372876 0.442148
    7 -4.514480 1.423070 2.898175 0.113966 -1.065219 -3.732245
    8 4.827512 0.000000 -0.000002 -0.287463 0.678942 -0.229651
    9 11.140032 0.000000 0.000000 0.000000 0.000000 -1.254213
    10 10.314563 -0.000001 0.000001 -2.502446 0.713314 0.345084
    11 1.646836 0.445664 -1.699647 0.664862 1.023709 -0.687828
    12 0.928312 0.000000 0.000000 0.000000 0.000000 0.828535
    13 0.928313 0.000000 -0.000001 0.000000 0.000000 0.343924
    14 2.979373 -0.388274 -0.044205 -0.189611 -0.098788 0.595479
    15 1.435262 -0.000001 -0.000001 0.000000 0.000000 1.177350
    16 1.482593 -0.000001 0.000001 0.000000 0.000000 0.607597
    17 -1.205786 1.333259 -4.909951 -1.671781 1.074187 -5.110215
    18 4.972047 0.000000 0.000000 -0.334721 -0.891608 -0.466737
    19 11.585358 0.000000 0.000001 0.000000 0.000000 -1.979493
    20 10.127058 0.000000 0.000001 2.155287 0.265536 0.668990
    21 1.537458 0.109715 1.664489 -3.078535 -0.186288 0.914916
    22 0.928313 0.000000 0.000002 0.000000 0.000000 0.061034
    23 0.928311 0.000000 0.000001 0.000000 0.000000 0.671897
    24 2.686395 -0.427337 0.044204 0.006330 0.043192 0.122300
    25 1.435260 0.000000 0.000001 0.000000 0.000000 1.186618
    26 1.482593 0.000000 -0.000001 0.000000 0.000000 1.404984
    27 2.046984 0.000001 0.000000 0.816723 -0.474828 -0.434082
    28 -0.000005 0.000007 3.713254 -0.112041 -3.083130 5.832165
    29 18.045723 0.000000 0.000000 0.000000 0.000000 -0.429975
    30 17.597597 0.000000 0.000000 -0.065564 0.003852 -0.019494
    31 0.000005 -0.000003 -3.713254 0.554493 2.994687 6.257155
    32 18.045721 0.000000 0.000000 0.000000 0.000000 -0.547670
    33 17.597597 0.000000 0.000000 0.063511 0.103281 0.449605
  time 41
    0 0.395509 3.117434 1.540585 0.000000 0.000000 -1.571017
    1 0.191408 0.000000 0.000000 -1.570795 -1.570787 0.000000
    2 1.293670 0.684478 -0.000001 -0.001469 0.014980 -0.060357
    3 5.309685 -0.003834 0.000000 -0.242102 -0.025180 0.037511
    4 4.826790 -0.004591 0.000000 -0.209703 -0.038495 0.093561
    5 5.792767 -0.005304 0.000000 -0.256739 -0.006939 0.154977
    6 6.662322 -0.001452 0.000000 -0.001882 0.371955 0.430841
    7 -4.522293 1.395726 2.898175 0.116074 -1.038370 -3.721993
    8 4.827512 0.000000 -0.000002 -0.519200 0.717827 -0.506326
    9 11.140032 0.000000 0.000000 0.000000 0.000000 -1.063588
    10 10.314563 -0.000001 0.000001 -2.916618 0.593414 0.329872
    11 1.646836 0.445664 -1.699647 0.496453 1.109486 -0.884899
    12 0.928312 0.000000 0.000000 0.000000 0.000000 0.560212
    13 0.928313 0.000000 -0.000001 0.000000 0.000000 0.255766
    14 2.979373 -0.388274 -0.044205 -0.190294 -0.125286 0.471798
    15 1.435262 -0.000001 -0.000001 0.000000 0.000000 0.909090
    16 1.482593 -0.000001 0.000001 0.000000 0.000000 0.505983
    17 -1.225318 1.294195 -4.906044 -1.758237 1.153163 -5.224672
    18 4.972047 0.000000 0.000000 -0.296451 -0.939979 -0.562976
    19 11.585358 0.000000 0.000001 0.000000 0.000000 -1.953029
    20 10.127058 0.000000 0.000001 2.136985 0.219011 0.734268
    21 1.537458 0.109715 1.664489 -3.078535 -0.186288 0.914916
    22 0.928313 0.000000 0.000002 0.000000 0.000000 0.061034
    23 0.928311 0.000000 0.000001 0.000000 0.000000 0.671897
    24 2.686395 -0.427337 0.044204 0.006330 0.043192 0.122300
    25 1.435260 0.000000 0.000001 0.000000 0.000000 1.186618
    26 1.482593 0.000000 -0.000001 0.000000 0.000000 1.404984
    27 2.046984 0.000001 0.000000 0.846235 -0.432757 -0.426783
    28 -0.000005 0.000007 3.713254 -0.111850 -3.082363 5.832453
    29 18.045723 0.000000 0.000000 0.000000 0.000000 -0.425756
    30 17.597597 0.000000 0.000000 -0.065539 0.003015 -0.023483
    31 0.000005 -0.000003 -3.713254 0.554397 2.995071 6.254375
    32 18.045721 0.000000 0.000000 0.000000 0.000000 -0.550425
    33 17.597597 0.000000 0.000000 0.063309 0.101427 0.449974
  time 42
    0 0.372070 3.172123 1.540585 0.000000 0.000000 -1.571017
    1 0.191408 0.000000 0.000000 -1.570795 -1.570787 0.000000
    2 1.293670 0.684478 -0.000001 -0.001469 0.013410 -0.060357
    3 5.309685 -0.003834 0.000000 -0.232878 -0.040005 0.048957
    4 4.826790 -0.004591 0.000000 -0.203714 -0.014393 0.101366
    5 5.792767 -0.005304 0.000000 -0.260354 -0.027109 0.160749
    6 6.662322 -0.001452 0.000000 -0.002505 0.370979 0.419021
    7 -4.537919 1.352756 2.898175 0.117416 -1.006347 -3.710398
    8 4.827512 0.000000 -0.000002 -0.702788 0.724479 -0.767317
    9 11.140032 0.000000 0.000000 0.000000 0.000000 -0.904408
    10 10.314563 -0.000001 0.000001 -3.177063 0.478852 0.374348
    11 1.646836 0.445664 -1.699647 0.419519 1.170970 -0.983022
    12 0.928312 0.000000 0.000000 0.000000 0.000000 0.426094
    13 0.928313 0.000000 -0.000001 0.000000 0.000000 0.211687
    14 2.979373 -0.388274 -0.044205 -0.200193 -0.139991 0.410087
    15 1.435262 -0.000001 -0.000001 0.000000 0.000000 0.774980
    16 1.482593 -0.000001 0.000001 0.000000 0.000000 0.401111
    17 -1.244849 1.262944 -4.913857 -1.903255 1.228722 -5.393916
    18 4.972047 0.000000 0.000000 -0.242329 -0.985778 -0.663475
    19 11.585358 0.000000 0.000001 0.000000 0.000000 -1.925748
    20 10.127058 0.000000 0.000001 2.115807 0.173714 0.803998
    21 1.537458 0.109715 1.664489 -3.078535 -0.186288 0.914916
    22 0.928313 0.000000 0.000002 0.000000 0.000000 0.061034
    23 0.928311 0.000000 0.000001 0.000000 0.000000 0.671897
    24 2.686395 -0.427337 0.044204 0.006330 0.043192 0.122300
    25 1.435260 0.000000 0.000001 0.000000 0.000000 1.186618
    26 1.482593 0.000000 -0.000001 0.000000 0.000000 1.404984
    27 2.046984 0.000001 0.000000 0.803022 -0.445591 -0.340832
    28 -0.000005 0.000007 3.713254 -0.111466 -3.081788 5.832836
    29 18.045723 0.000000 0.000000 0.000000 0.000000 -0.421686
    30 17.597597 0.000000 0.000000 -0.065539 0.002326 -0.027334
    31 0.000005 -0.000003 -3.713254 0.554397 2.995359 6.251595
    32 18.045721 0.000000 0.000000 0.000000 0.000000 -0.552708
    33 17.597597 0.000000 0.000000 0.063175 0.099770 0.450297
  time 43
    0 0.356445 3.222906 1.540585 0.000000 0.000000 -1.571017
    1 0.191408 0.000000 0.000000 -1.570795 -1.570787 0.000000
    2 1.293670 0.684478 -0.000001 -0.001469 0.011804 -0.060357
    3 5.309685 -0.003834 0.000000 -0.223740 -0.054961 0.060580
    4 4.826790 -0.004591 0.000000 -0.196771 0.010534 0.108399
    5 5.792767 -0.005304 0.000000 -0.262981 -0.039130 0.165047
    6 6.662322 -0.001452 0.000000 -0.003116 0.369976 0.407116
    7 -4.545731 1.313692 2.898175 0.116554 -0.958918 -3.695547
    8 4.827512 0.000000 -0.000002 -0.757713 0.748782 -0.883948
    9 11.140032 0.000000 0.000000 0.000000 0.000000 -0.840649
    10 10.314563 -0.000001 0.000001 -3.153559 0.490374 0.386309
    11 1.646836 0.445664 -1.699647 0.696855 1.138197 -0.692683
    12 0.928312 0.000000 0.000000 0.000000 0.000000 0.677647
    13 0.928313 0.000000 -0.000001 0.000000 0.000000 0.294383
    14 2.979373 -0.388274 -0.044205 -0.243853 -0.117987 0.526950
    15 1.435262 -0.000001 -0.000001 0.000000 0.000000 1.026524
    16 1.482593 -0.000001 0.000001 0.000000 0.000000 0.261566
    17 -1.264381 1.231693 -4.921670 -2.134442 1.291214 -5.644956
    18 4.972047 0.000000 0.000000 -0.185018 -1.022899 -0.765105
    19 11.585358 0.000000 0.000001 0.000000 0.000000 -1.898793
    20 10.127058 0.000000 0.000001 2.092105 0.132295 0.875379
    21 1.537458 0.109715 1.664489 -3.078535 -0.186288 0.914916
    22 0.928313 0.000000 0.000002 0.000000 0.000000 0.061034
    23 0.928311 0.000000 0.000001 0.000000 0.000000 0.671897
    24 2.686395 -0.427337 0.044204 0.006330 0.043192 0.122300
    25 1.435260 0.000000 0.000001 0.000000 0.000000 1.186618
    26 1.482593 0.000000 -0.000001 0.000000 0.000000 1.404984
    27 2.046984 0.000001 0.000000 0.715521 -0.491675 -0.192775
    28 -0.000005 0.000007 3.713254 -0.111274 -3.081500 5.833124
    29 18.045723 0.000000 0.000000 0.000000 0.000000 -0.418133
    30 17.597597 0.000000 0.000000 -0.065539 0.001834 -0.030589
    31 0.000005 -0.000003 -3.713254 0.554205 2.995550 6.249390
    32 18.045721 0.000000 0.000000 0.000000 0.000000 -0.554912
    33 17.597597 0.000000 0.000000 0.063041 0.098409 0.450436
  time 44
    0 0.348632 3.254157 1.540585 0.000000 0.000000 -1.571017
    1 0.191408 0.000000 0.000000 -1.570795 -1.570787 0.000000
    2 1.293670 0.684478 -0.000001 -0.001469 0.010210 -0.060357
    3 5.309685 -0.003834 0.000000 -0.215181 -0.069858 0.072397
    4 4.826790 -0.004591 0.000000 -0.191087 0.035666 0.114352
    5 5.792767 -0.005304 0.000000 -0.263394 -0.029710 0.165919
    6 6.662322 -0.001452 0.000000 -0.003655 0.369027 0.395809
    7 -4.557451 1.278535 2.898175 0.115883 -0.913027 -3.681461
    8 4.827512 0.000000 -0.000002 -0.787288 0.795597 -0.965920
    9 11.140032 0.000000 0.000000 0.000000 0.000000 -0.812827
    10 10.314563 -0.000001 0.000001 -3.029023 0.546109 0.388748
    11 1.646836 0.445664 -1.699647 0.993049 1.047208 -0.378175
    12 0.928312 0.000000 0.000000 0.000000 0.000000 1.029733
    13 0.928313 0.000000 -0.000001 0.000000 0.000000 0.410081
    14 2.979373 -0.388274 -0.044205 -0.287441 -0.079085 0.688066
    15 1.435262 -0.000001 -0.000001 0.000000 0.000000 1.378619
    16 1.482593 -0.000001 0.000001 0.000000 0.000000 0.187413
    17 -1.280007 1.200442 -4.917764 3.821586 1.328389 -5.987083
    18 4.972047 0.000000 0.000000 -0.145623 -1.039451 -0.848964
    19 11.585358 0.000000 0.000001 0.000000 0.000000 -1.872982
    20 10.127058 0.000000 0.000001 2.066931 0.096361 0.945209
    21 1.537458 0.109715 1.664489 -3.078535 -0.186288 0.914916
    22 0.928313 0.000000 0.000002 0.000000 0.000000 0.061034
    23 0.928311 0.000000 0.000001 0.000000 0.000000 0.671897
    24 2.686395 -0.427337 0.044204 0.006330 0.043192 0.122300
    25 1.435260 0.000000 0.000001 0.000000 0.000000 1.186618
    26 1.482593 0.000000 -0.000001 0.000000 0.000000 1.404984
    27 2.046984 0.000001 0.000000 0.601136 -0.553072 -0.014303
    28 -0.000005 0.000007 3.713254 -0.111274 -3.081404 5.833315
    29 18.045723 0.000000 0.000000 0.000000 0.000000 -0.416060
    30 17.597597 0.000000 0.000000 -0.065615 0.001711 -0.032560
    31 0.000005 -0.000003 -3.713254 0.554205 2.995454 6.247952
    32 18.045721 0.000000 0.000000 0.000000 0.000000 -0.556093
    33 17.597597 0.000000 0.000000 0.062940 0.097719 0.450436
  time 45
    0 0.348632 3.277595 1.540585 0.000000 0.000000 -1.571017
    1 0.191408 0.000000 0.000000 -1.570795 -1.570787 0.000000
    2 1.293670 0.684478 -0.000001 -0.001469 0.008592 -0.060340
    3 5.309685 -0.003834 0.000000 -0.207625 -0.084875 0.084726
    4 4.826790 -0.004591 0.000000 -0.187692 0.061745 0.118740
    5 5.792767 -0.005304 0.000000 -0.260372 -0.009815 0.164673
    6 6.662322 -0.001452 0.000000 -0.004183 0.368161 0.385641
    7 -4.569170 1.239471 2.898175 0.120388 -0.908207 -3.675137
    8 4.827512 0.000000 -0.000002 -0.796695 0.814698 -1.015137
    9 11.140032 0.000000 0.000000 0.000000 0.000000 -0.719000
    10 10.314563 -0.000001 0.000001 -3.082666 0.529998 0.297008
    11 1.646836 0.445664 -1.699647 0.993049 1.047208 -0.378175
    12 0.928312 0.000000 0.000000 0.000000 0.000000 1.029733
    13 0.928313 0.000000 -0.000001 0.000000 0.000000 0.410081
    14 2.979373 -0.388274 -0.044205 -0.287441 -0.079085 0.688066
    15 1.435262 -0.000001 -0.000001 0.000000 0.000000 1.378619
    16 1.482593 -0.000001 0.000001 0.000000 0.000000 0.495031
    17 -1.299539 1.180910 -4.921670 3.461240 1.332622 -0.075432
    18 4.972047 0.000000 0.000000 -0.116733 -1.041621 -0.918914
    19 11.585358 0.000000 0.000001 0.000000 0.000000 -1.849867
    20 10.127058 0.000000 0.000001 2.041336 0.067141 1.010137
    21 1.537458 0.109715 1.664489 -3.078535 -0.186288 0.914916
    22 0.928313 0.000000 0.000002 0.000000 0.000000 0.061034
    23 0.928311 0.000000 0.000001 0.000000 0.000000 0.671897
    24 2.686395 -0.427337 0.044204 0.006330 0.043192 0.122300
    25 1.435260 0.000000 0.000001 0.000000 0.000000 1.186618
    26 1.482593 0.000000 -0.000001 0.000000 0.000000 1.404984
    27 2.046984 0.000001 0.000000 0.487268 -0.600602 0.155896
    28 -0.000005 0.000007 3.713254 -0.111178 -3.081500 5.833411
    29 18.045723 0.000000 0.000000 0.000000 0.000000 -0.414728
    30 17.597597 0.000000 0.000000 -0.065691 0.001711 -0.033752
    31 0.000005 -0.000003 -3.713254 0.554109 2.995263 6.246993
    32 18.045721 0.000000 0.000000 0.000000 0.000000 -0.556880
    33 17.597597 0.000000 0.000000 0.062940 0.097403 0.450390
end
