version 1
nodes
  0 "Bip01" -1
  1 "Bip01 Pelvis" 0
  2 "Bip01 Spine" 1
  3 "Bip01 Spine1" 2
  4 "Bip01 Spine2" 3
  5 "Bip01 Spine3" 4
  6 "Bip01 Neck" 5
  7 "Bip01 L Arm" 6
  8 "Bip01 L Arm1" 7
  9 "Bip01 L Arm2" 8
  10 "Bip01 L Hand" 9
  11 "Bip01 L Finger0" 10
  12 "Bip01 L Finger01" 11
  13 "Bip01 L Finger02" 12
  14 "Bip01 L Finger1" 10
  15 "Bip01 L Finger11" 14
  16 "Bip01 L Finger12" 15
  17 "Bip01 R Arm" 6
  18 "Bip01 R Arm1" 17
  19 "Bip01 R Arm2" 18
  20 "Bip01 R Hand" 19
  21 "Bip01 R Finger0" 20
  22 "Bip01 R Finger01" 21
  23 "Bip01 R Finger02" 22
  24 "Bip01 R Finger1" 20
  25 "Bip01 R Finger11" 24
  26 "Bip01 R Finger12" 25
  27 "Bip01 Head" 6
  28 "Bip01 L Leg" 1
  29 "Bip01 L Leg1" 28
  30 "Bip01 L Foot" 29
  31 "Bip01 R Leg" 1
  32 "Bip01 R Leg1" 31
  33 "Bip01 R Foot" 32
end
skeleton
  time 0
    0 0.254879 -0.281108 0.368674 0.000000 0.000000 -1.571017
    1 -3.386826 0.207038 0.000000 -1.570795 -1.570787 0.000000
    2 1.293670 0.684478 -0.000001 -0.000004 -0.000001 0.131512
    3 5.309685 -0.003834 0.000000 0.000000 0.000000 0.174510
    4 4.826790 -0.004591 0.000000 -0.166920 0.050875 0.254844
    5 5.792767 -0.005304 0.000000 -0.151385 -0.005992 0.288025
    6 6.662322 -0.001452 0.000000 -0.005309 -0.005334 0.494497
    7 -3.108188 1.516823 4.339626 1.238993 -1.024532 -4.799756
    8 4.827512 0.000000 -0.000002 -0.541521 0.220085 -1.016870
    9 11.140032 0.000000 0.000000 0.070821 -0.105579 -0.701031
    10 10.314563 -0.000001 0.000001 -3.988822 0.203081 -0.504208
    11 1.646836 0.445664 -1.699647 -0.161704 0.581044 -0.283978
    12 0.928312 0.000000 0.000000 0.000000 0.000000 0.000000
    13 0.928313 0.000000 -0.000001 0.000000 0.000000 0.000000
    14 2.979373 -0.388274 -0.044205 -0.000805 -0.043611 0.000046
    15 1.435262 -0.000001 -0.000001 0.000000 0.000000 0.872146
    16 1.482593 -0.000001 0.000001 0.000000 0.000000 0.907041
    17 -2.869899 1.399667 -4.140396 -1.163265 1.764468 -4.903713
    18 4.972047 0.000000 0.000000 1.036708 -0.754693 -1.693019
    19 11.585358 0.000000 0.000001 0.386603 -0.383573 -1.601969
    20 10.127058 0.000000 0.000001 1.960763 0.596700 0.774136
    21 1.537458 0.109715 1.664489 -0.264662 -0.055995 0.783079
    22 0.928313 0.000000 0.000002 0.000000 0.000000 -0.453501
    23 0.928311 0.000000 0.000001 0.000000 0.000000 0.000000
    24 2.686395 -0.427337 0.044204 -0.005762 0.043239 -0.157074
    25 1.435260 0.000000 0.000001 0.000000 0.000000 0.732613
    26 1.482593 0.000000 -0.000001 0.000000 0.000000 1.168644
    27 2.046984 0.000001 0.000000 0.254835 0.315598 -0.043866
    28 -0.000005 0.000007 3.713254 -0.099865 -3.047848 5.708602
    29 18.045723 0.000000 0.000000 0.000000 0.000000 -0.413544
    30 17.597597 0.000000 0.000000 -0.057202 -0.016721 -0.162308
    31 0.000005 -0.000003 -3.713254 0.807612 2.831522 6.175187
    32 18.045721 0.000000 0.000000 0.000000 0.000000 -0.782250
    33 17.597597 0.000000 0.000000 0.178693 0.125253 0.485308
  time 1
    0 0.254879 -0.281108 0.368674 0.000000 0.000000 -1.571017
    1 -3.359482 0.199225 0.000000 -1.570795 -1.570787 0.000000
    2 1.293670 0.684478 -0.000001 -0.000004 -0.000001 0.131512
    3 5.309685 -0.003834 0.000000 0.000000 0.000000 0.174510
    4 4.826790 -0.004591 0.000000 -0.166920 0.050875 0.254844
    5 5.792767 -0.005304 0.000000 -0.151385 -0.005992 0.288025
    6 6.662322 -0.001452 0.000000 -0.005309 -0.005334 0.494497
    7 -3.108188 1.516823 4.339626 1.238993 -1.024532 -4.799756
    8 4.827512 0.000000 -0.000002 -0.539448 0.228697 -1.016263
    9 11.140032 0.000000 0.000000 0.070821 -0.105255 -0.698495
    10 10.314563 -0.000001 0.000001 -3.988822 0.203081 -0.504208
    11 1.646836 0.445664 -1.699647 -0.161704 0.581044 -0.283978
    12 0.928312 0.000000 0.000000 0.000000 0.000000 0.000000
    13 0.928313 0.000000 -0.000001 0.000000 0.000000 0.000000
    14 2.979373 -0.388274 -0.044205 -0.000805 -0.043611 0.000046
    15 1.435262 -0.000001 -0.000001 0.000000 0.000000 0.872146
    16 1.482593 -0.000001 0.000001 0.000000 0.000000 0.907041
    17 -2.869899 1.399667 -4.140396 -1.163265 1.764468 -4.903713
    18 4.972047 0.000000 0.000000 1.039147 -0.751158 -1.694217
    19 11.585358 0.000000 0.000001 0.386603 -0.383459 -1.607441
    20 10.127058 0.000000 0.000001 1.960763 0.596700 0.774136
    21 1.537458 0.109715 1.664489 -0.264662 -0.055995 0.783079
    22 0.928313 0.000000 0.000002 0.000000 0.000000 -0.453501
    23 0.928311 0.000000 0.000001 0.000000 0.000000 0.000000
    24 2.686395 -0.427337 0.044204 -0.005762 0.043239 -0.157074
    25 1.435260 0.000000 0.000001 0.000000 0.000000 0.732613
    26 1.482593 0.000000 -0.000001 0.000000 0.000000 1.168644
    27 2.046984 0.000001 0.000000 0.254835 0.315598 -0.043866
    28 -0.000005 0.000007 3.713254 -0.099865 -3.047656 5.708123
    29 18.045723 0.000000 0.000000 0.000000 0.000000 -0.415986
    30 17.597597 0.000000 0.000000 -0.057151 -0.016918 -0.160428
    31 0.000005 -0.000003 -3.713254 0.807804 2.831810 6.176241
    32 18.045721 0.000000 0.000000 0.000000 0.000000 -0.781699
    33 17.597597 0.000000 0.000000 0.178659 0.125746 0.485631
  time 2
    0 0.254879 -0.281108 0.368674 0.000000 0.000000 -1.571017
    1 -3.328231 0.199225 0.000000 -1.570795 -1.570787 0.000000
    2 1.293670 0.684478 -0.000001 -0.000004 -0.000001 0.131512
    3 5.309685 -0.003834 0.000000 0.000000 0.000000 0.174510
    4 4.826790 -0.004591 0.000000 -0.166920 0.050875 0.254844
    5 5.792767 -0.005304 0.000000 -0.151385 -0.005992 0.288025
    6 6.662322 -0.001452 0.000000 -0.005309 -0.005334 0.494497
    7 -3.108188 1.516823 4.339626 1.238993 -1.024532 -4.799756
    8 4.827512 0.000000 -0.000002 -0.535463 0.244899 -1.018776
    9 11.140032 0.000000 0.000000 0.070821 -0.103033 -0.681469
    10 10.314563 -0.000001 0.000001 -3.988822 0.203081 -0.504208
    11 1.646836 0.445664 -1.699647 -0.161704 0.581044 -0.283978
    12 0.928312 0.000000 0.000000 0.000000 0.000000 0.000000
    13 0.928313 0.000000 -0.000001 0.000000 0.000000 0.000000
    14 2.979373 -0.388274 -0.044205 -0.000805 -0.043611 0.000046
    15 1.435262 -0.000001 -0.000001 0.000000 0.000000 0.872146
    16 1.482593 -0.000001 0.000001 0.000000 0.000000 0.907041
    17 -2.869899 1.399667 -4.140396 -1.163265 1.764468 -4.903713
    18 4.972047 0.000000 0.000000 1.046838 -0.740150 -1.697146
    19 11.585358 0.000000 0.000001 0.386603 -0.383255 -1.617978
    20 10.127058 0.000000 0.000001 1.960763 0.596700 0.774136
    21 1.537458 0.109715 1.664489 -0.264662 -0.055995 0.783079
    22 0.928313 0.000000 0.000002 0.000000 0.000000 -0.453501
    23 0.928311 0.000000 0.000001 0.000000 0.000000 0.000000
    24 2.686395 -0.427337 0.044204 -0.005762 0.043239 -0.157074
    25 1.435260 0.000000 0.000001 0.000000 0.000000 0.732613
    26 1.482593 0.000000 -0.000001 0.000000 0.000000 1.168644
    27 2.046984 0.000001 0.000000 0.254835 0.315598 -0.043866
    28 -0.000005 0.000007 3.713254 -0.099674 -3.047369 5.707548
    29 18.045723 0.000000 0.000000 0.000000 0.000000 -0.418577
    30 17.597597 0.000000 0.000000 -0.057126 -0.017140 -0.158411
    31 0.000005 -0.000003 -3.713254 0.807899 2.832193 6.177296
    32 18.045721 0.000000 0.000000 0.000000 0.000000 -0.781148
    33 17.597597 0.000000 0.000000 0.178659 0.126298 0.485908
  time 3
    0 0.254879 -0.281108 0.368674 0.000000 0.000000 -1.571017
    1 -3.304792 0.187506 0.000000 -1.570795 -1.570787 0.000000
    2 1.293670 0.684478 -0.000001 -0.000004 -0.000001 0.131512
    3 5.309685 -0.003834 0.000000 0.000000 0.000000 0.174510
    4 4.826790 -0.004591 0.000000 -0.166920 0.050875 0.254844
    5 5.792767 -0.005304 0.000000 -0.151385 -0.005992 0.288025
    6 6.662322 -0.001452 0.000000 -0.005309 -0.005334 0.494497
    7 -3.108188 1.516823 4.339626 1.238993 -1.024532 -4.799756
    8 4.827512 0.000000 -0.000002 -0.531796 0.262039 -1.023542
    9 11.140032 0.000000 0.000000 0.070821 -0.099588 -0.654806
    10 10.314563 -0.000001 0.000001 -3.988822 0.203081 -0.504208
    11 1.646836 0.445664 -1.699647 -0.161704 0.581044 -0.283978
    12 0.928312 0.000000 0.000000 0.000000 0.000000 0.000000
    13 0.928313 0.000000 -0.000001 0.000000 0.000000 0.000000
    14 2.979373 -0.388274 -0.044205 -0.000805 -0.043611 0.000046
    15 1.435262 -0.000001 -0.000001 0.000000 0.000000 0.872146
    16 1.482593 -0.000001 0.000001 0.000000 0.000000 0.907041
    17 -2.869899 1.399667 -4.140396 -1.163265 1.764468 -4.903713
    18 4.972047 0.000000 0.000000 1.059407 -0.723116 -1.703469
    19 11.585358 0.000000 0.000001 0.386603 -0.383028 -1.629086
    20 10.127058 0.000000 0.000001 1.960763 0.596700 0.774136
    21 1.537458 0.109715 1.664489 -0.264662 -0.055995 0.783079
    22 0.928313 0.000000 0.000002 0.000000 0.000000 -0.453501
    23 0.928311 0.000000 0.000001 0.000000 0.000000 0.000000
    24 2.686395 -0.427337 0.044204 -0.005762 0.043239 -0.157074
    25 1.435260 0.000000 0.000001 0.000000 0.000000 0.732613
    26 1.482593 0.000000 -0.000001 0.000000 0.000000 1.168644
    27 2.046984 0.000001 0.000000 0.254835 0.315598 -0.043866
    28 -0.000005 0.000007 3.713254 -0.099482 -3.047177 5.706973
    29 18.045723 0.000000 0.000000 0.000000 0.000000 -0.421093
    30 17.597597 0.000000 0.000000 -0.057075 -0.017337 -0.156393
    31 0.000005 -0.000003 -3.713254 0.808187 2.832481 6.178350
    32 18.045721 0.000000 0.000000 0.000000 0.000000 -0.780518
    33 17.597597 0.000000 0.000000 0.178659 0.126870 0.486186
  time 4
    0 0.254879 -0.281108 0.368674 0.000000 0.000000 -1.571017
    1 -3.285261 0.187506 0.000000 -1.570795 -1.570787 0.000000
    2 1.293670 0.684478 -0.000001 -0.000004 -0.000001 0.131512
    3 5.309685 -0.003834 0.000000 0.000000 0.000000 0.174510
    4 4.826790 -0.004591 0.000000 -0.166920 0.050875 0.254844
    5 5.792767 -0.005304 0.000000 -0.151385 -0.005992 0.288025
    6 6.662322 -0.001452 0.000000 -0.005309 -0.005334 0.494497
    7 -3.108188 1.516823 4.339626 1.238993 -1.024532 -4.799756
    8 4.827512 0.000000 -0.000002 -0.529803 0.274830 -1.029781
    9 11.140032 0.000000 0.000000 0.070821 -0.096043 -0.627636
    10 10.314563 -0.000001 0.000001 -3.988822 0.203081 -0.504208
    11 1.646836 0.445664 -1.699647 -0.161704 0.581044 -0.283978
    12 0.928312 0.000000 0.000000 0.000000 0.000000 0.000000
    13 0.928313 0.000000 -0.000001 0.000000 0.000000 0.000000
    14 2.979373 -0.388274 -0.044205 -0.000805 -0.043611 0.000046
    15 1.435262 -0.000001 -0.000001 0.000000 0.000000 0.872146
    16 1.482593 -0.000001 0.000001 0.000000 0.000000 0.907041
    17 -2.869899 1.399667 -4.140396 -1.163265 1.764468 -4.903713
    18 4.972047 0.000000 0.000000 1.074790 -0.702385 -1.710856
    19 11.585358 0.000000 0.000001 0.386603 -0.382824 -1.639787
    20 10.127058 0.000000 0.000001 1.960763 0.596700 0.774136
    21 1.537458 0.109715 1.664489 -0.264662 -0.055995 0.783079
    22 0.928313 0.000000 0.000002 0.000000 0.000000 -0.453501
    23 0.928311 0.000000 0.000001 0.000000 0.000000 0.000000
    24 2.686395 -0.427337 0.044204 -0.005762 0.043239 -0.157074
    25 1.435260 0.000000 0.000001 0.000000 0.000000 0.732613
    26 1.482593 0.000000 -0.000001 0.000000 0.000000 1.168644
    27 2.046984 0.000001 0.000000 0.254835 0.315598 -0.043866
    28 -0.000005 0.000007 3.713254 -0.099386 -3.046985 5.706589
    29 18.045723 0.000000 0.000000 0.000000 0.000000 -0.423092
    30 17.597597 0.000000 0.000000 -0.057050 -0.017484 -0.154834
    31 0.000005 -0.000003 -3.713254 0.808187 2.832672 6.179213
    32 18.045721 0.000000 0.000000 0.000000 0.000000 -0.780046
    33 17.597597 0.000000 0.000000 0.178659 0.127304 0.486417
  time 5
    0 0.254879 -0.281108 0.368674 0.000000 0.000000 -1.571017
    1 -3.265729 0.187506 0.000000 -1.570795 -1.570787 0.000000
    2 1.293670 0.684478 -0.000001 -0.000004 -0.000001 0.131512
    3 5.309685 -0.003834 0.000000 0.000000 0.000000 0.174510
    4 4.826790 -0.004591 0.000000 -0.166920 0.050875 0.254844
    5 5.792767 -0.005304 0.000000 -0.151385 -0.005992 0.288025
    6 6.662322 -0.001452 0.000000 -0.005309 -0.005334 0.494497
    7 -3.108188 1.516823 4.339626 1.238993 -1.024532 -4.799756
    8 4.827512 0.000000 -0.000002 -0.529005 0.280970 -1.031687
    9 11.140032 0.000000 0.000000 0.070821 -0.094844 -0.618362
    10 10.314563 -0.000001 0.000001 -3.988822 0.203081 -0.504208
    11 1.646836 0.445664 -1.699647 -0.161704 0.581044 -0.283978
    12 0.928312 0.000000 0.000000 0.000000 0.000000 0.000000
    13 0.928313 0.000000 -0.000001 0.000000 0.000000 0.000000
    14 2.979373 -0.388274 -0.044205 -0.000805 -0.043611 0.000046
    15 1.435262 -0.000001 -0.000001 0.000000 0.000000 0.872146
    16 1.482593 -0.000001 0.000001 0.000000 0.000000 0.907041
    17 -2.869899 1.399667 -4.140396 -1.163265 1.764468 -4.903713
    18 4.972047 0.000000 0.000000 1.091393 -0.680289 -1.719176
    19 11.585358 0.000000 0.000001 0.386603 -0.382643 -1.649016
    20 10.127058 0.000000 0.000001 1.960763 0.596700 0.774136
    21 1.537458 0.109715 1.664489 -0.264662 -0.055995 0.783079
    22 0.928313 0.000000 0.000002 0.000000 0.000000 -0.453501
    23 0.928311 0.000000 0.000001 0.000000 0.000000 0.000000
    24 2.686395 -0.427337 0.044204 -0.005762 0.043239 -0.157074
    25 1.435260 0.000000 0.000001 0.000000 0.000000 0.732613
    26 1.482593 0.000000 -0.000001 0.000000 0.000000 1.168644
    27 2.046984 0.000001 0.000000 0.254835 0.315598 -0.043866
    28 -0.000005 0.000007 3.713254 -0.099290 -3.046889 5.706302
    29 18.045723 0.000000 0.000000 0.000000 0.000000 -0.424424
    30 17.597597 0.000000 0.000000 -0.057050 -0.017558 -0.153780
    31 0.000005 -0.000003 -3.713254 0.808379 2.832768 6.179788
    32 18.045721 0.000000 0.000000 0.000000 0.000000 -0.779731
    33 17.597597 0.000000 0.000000 0.178592 0.127600 0.486555
  time 6
    0 0.254879 -0.281108 0.368674 0.000000 0.000000 -1.571017
    1 -3.261822 0.187506 0.000000 -1.570795 -1.570787 0.000000
    2 1.293670 0.684478 -0.000001 -0.000004 -0.000001 0.131512
    3 5.309685 -0.003834 0.000000 0.000000 0.000000 0.174510
    4 4.826790 -0.004591 0.000000 -0.166920 0.050875 0.254844
    5 5.792767 -0.005304 0.000000 -0.151385 -0.005992 0.288025
    6 6.662322 -0.001452 0.000000 -0.005309 -0.005334 0.494497
    7 -3.108188 1.516823 4.339626 1.238993 -1.024532 -4.799756
    8 4.827512 0.000000 -0.000002 -0.524382 0.291715 -1.014877
    9 11.140032 0.000000 0.000000 0.070821 -0.102559 -0.677774
    10 10.314563 -0.000001 0.000001 -3.988822 0.203081 -0.504208
    11 1.646836 0.445664 -1.699647 -0.161704 0.581044 -0.283978
    12 0.928312 0.000000 0.000000 0.000000 0.000000 0.000000
    13 0.928313 0.000000 -0.000001 0.000000 0.000000 0.000000
    14 2.979373 -0.388274 -0.044205 -0.000805 -0.043611 0.000046
    15 1.435262 -0.000001 -0.000001 0.000000 0.000000 0.872146
    16 1.482593 -0.000001 0.000001 0.000000 0.000000 0.907041
    17 -2.869899 1.399667 -4.140396 -1.163265 1.764468 -4.903713
    18 4.972047 0.000000 0.000000 1.107901 -0.659157 -1.727628
    19 11.585358 0.000000 0.000001 0.386603 -0.382529 -1.654244
    20 10.127058 0.000000 0.000001 1.960763 0.596700 0.774136
    21 1.537458 0.109715 1.664489 -0.264662 -0.055995 0.783079
    22 0.928313 0.000000 0.000002 0.000000 0.000000 -0.453501
    23 0.928311 0.000000 0.000001 0.000000 0.000000 0.000000
    24 2.686395 -0.427337 0.044204 -0.005762 0.043239 -0.157074
    25 1.435260 0.000000 0.000001 0.000000 0.000000 0.732613
    26 1.482593 0.000000 -0.000001 0.000000 0.000000 1.168644
    27 2.046984 0.000001 0.000000 0.254835 0.315598 -0.043866
    28 -0.000005 0.000007 3.713254 -0.099290 -3.046793 5.706110
    29 18.045723 0.000000 0.000000 0.000000 0.000000 -0.425312
    30 17.597597 0.000000 0.000000 -0.057075 -0.017583 -0.153046
    31 0.000005 -0.000003 -3.713254 0.808474 2.832864 6.180076
    32 18.045721 0.000000 0.000000 0.000000 0.000000 -0.779495
    33 17.597597 0.000000 0.000000 0.178559 0.127817 0.486647
  time 7
    0 0.254879 -0.281108 0.368674 0.000000 0.000000 -1.571017
    1 -3.254010 0.187506 0.000000 -1.570795 -1.570787 0.000000
    2 1.293670 0.684478 -0.000001 -0.000004 -0.000001 0.131512
    3 5.309685 -0.003834 0.000000 0.000000 0.000000 0.174510
    4 4.826790 -0.004591 0.000000 -0.166920 0.050875 0.254844
    5 5.792767 -0.005304 0.000000 -0.151385 -0.005992 0.288025
    6 6.662322 -0.001452 0.000000 -0.005309 -0.005334 0.494497
    7 -3.108188 1.516823 4.339626 1.238993 -1.024532 -4.799756
    8 4.827512 0.000000 -0.000002 -0.515214 0.310645 -0.982470
    9 11.140032 0.000000 0.000000 0.070821 -0.117513 -0.800872
    10 10.314563 -0.000001 0.000001 -3.988822 0.203081 -0.504208
    11 1.646836 0.445664 -1.699647 -0.161704 0.581044 -0.283978
    12 0.928312 0.000000 0.000000 0.000000 0.000000 0.000000
    13 0.928313 0.000000 -0.000001 0.000000 0.000000 0.000000
    14 2.979373 -0.388274 -0.044205 -0.000805 -0.043611 0.000046
    15 1.435262 -0.000001 -0.000001 0.000000 0.000000 0.872146
    16 1.482593 -0.000001 0.000001 0.000000 0.000000 0.907041
    17 -2.869899 1.399667 -4.140396 -1.163265 1.764468 -4.903713
    18 4.972047 0.000000 0.000000 1.120845 -0.642043 -1.734151
    19 11.585358 0.000000 0.000001 0.386603 -0.382461 -1.658001
    20 10.127058 0.000000 0.000001 1.960763 0.596700 0.774136
    21 1.537458 0.109715 1.664489 -0.264662 -0.055995 0.783079
    22 0.928313 0.000000 0.000002 0.000000 0.000000 -0.453501
    23 0.928311 0.000000 0.000001 0.000000 0.000000 0.000000
    24 2.686395 -0.427337 0.044204 -0.005762 0.043239 -0.157074
    25 1.435260 0.000000 0.000001 0.000000 0.000000 0.732613
    26 1.482593 0.000000 -0.000001 0.000000 0.000000 1.168644
    27 2.046984 0.000001 0.000000 0.254835 0.315598 -0.043866
    28 -0.000005 0.000007 3.713254 -0.099194 -3.046793 5.706014
    29 18.045723 0.000000 0.000000 0.000000 0.000000 -0.425904
    30 17.597597 0.000000 0.000000 -0.057075 -0.017657 -0.152588
    31 0.000005 -0.000003 -3.713254 0.808474 2.832960 6.180364
    32 18.045721 0.000000 0.000000 0.000000 0.000000 -0.779180
    33 17.597597 0.000000 0.000000 0.178559 0.127955 0.486694
  time 8
    0 0.254879 -0.281108 0.368674 0.000000 0.000000 -1.571017
    1 -3.254010 0.187506 0.000000 -1.570795 -1.570787 0.000000
    2 1.293670 0.684478 -0.000001 -0.000004 -0.000001 0.131512
    3 5.309685 -0.003834 0.000000 0.000000 0.000000 0.174510
    4 4.826790 -0.004591 0.000000 -0.166920 0.050875 0.254844
    5 5.792767 -0.005304 0.000000 -0.151385 -0.005992 0.288025
    6 6.662322 -0.001452 0.000000 -0.005309 -0.005334 0.494497
    7 -3.108188 1.516823 4.339626 1.238993 -1.024532 -4.799756
    8 4.827512 0.000000 -0.000002 -0.507482 0.324460 -0.953875
    9 11.140032 0.000000 0.000000 0.070821 -0.130620 -0.923970
    10 10.314563 -0.000001 0.000001 -3.988822 0.203081 -0.504208
    11 1.646836 0.445664 -1.699647 -0.161704 0.581044 -0.283978
    12 0.928312 0.000000 0.000000 0.000000 0.000000 0.000000
    13 0.928313 0.000000 -0.000001 0.000000 0.000000 0.000000
    14 2.979373 -0.388274 -0.044205 -0.000805 -0.043611 0.000046
    15 1.435262 -0.000001 -0.000001 0.000000 0.000000 0.872146
    16 1.482593 -0.000001 0.000001 0.000000 0.000000 0.907041
    17 -2.869899 1.399667 -4.140396 -1.163265 1.764468 -4.903713
    18 4.972047 0.000000 0.000000 1.128537 -0.631357 -1.738144
    19 11.585358 0.000000 0.000001 0.386603 -0.382438 -1.659226
    20 10.127058 0.000000 0.000001 1.960763 0.596700 0.774136
    21 1.537458 0.109715 1.664489 -0.264662 -0.055995 0.783079
    22 0.928313 0.000000 0.000002 0.000000 0.000000 -0.453501
    23 0.928311 0.000000 0.000001 0.000000 0.000000 0.000000
    24 2.686395 -0.427337 0.044204 -0.005762 0.043239 -0.157074
    25 1.435260 0.000000 0.000001 0.000000 0.000000 0.732613
    26 1.482593 0.000000 -0.000001 0.000000 0.000000 1.168644
    27 2.046984 0.000001 0.000000 0.256817 0.312796 -0.038574
    28 -0.000005 0.000007 3.713254 -0.099194 -3.046793 5.706014
    29 18.045723 0.000000 0.000000 0.000000 0.000000 -0.425904
    30 17.597597 0.000000 0.000000 -0.057126 -0.017632 -0.152680
    31 0.000005 -0.000003 -3.713254 0.808474 2.832864 6.180364
    32 18.045721 0.000000 0.000000 0.000000 0.000000 -0.779180
    33 17.597597 0.000000 0.000000 0.178458 0.127955 0.486647
  time 9
    0 0.254879 -0.281108 0.368674 0.000000 0.000000 -1.571017
    1 -3.265729 0.187506 0.000000 -1.570795 -1.570787 0.000000
    2 1.293670 0.684478 -0.000001 -0.000004 -0.000001 0.131512
    3 5.309685 -0.003834 0.000000 0.000000 0.000000 0.174510
    4 4.826790 -0.004591 0.000000 -0.166920 0.050875 0.254844
    5 5.792767 -0.005304 0.000000 -0.151385 -0.005992 0.288025
    6 6.662322 -0.001452 0.000000 -0.005309 -0.005334 0.494497
    7 -3.108188 1.516823 4.339626 1.238993 -1.024532 -4.799756
    8 4.827512 0.000000 -0.000002 -0.503655 0.330003 -0.936978
    9 11.140032 0.000000 0.000000 0.070821 -0.138784 -1.011421
    10 10.314563 -0.000001 0.000001 -3.988822 0.203081 -0.504208
    11 1.646836 0.445664 -1.699647 -0.161704 0.581044 -0.283978
    12 0.928312 0.000000 0.000000 0.000000 0.000000 0.000000
    13 0.928313 0.000000 -0.000001 0.000000 0.000000 0.000000
    14 2.979373 -0.388274 -0.044205 -0.000805 -0.043611 0.000046
    15 1.435262 -0.000001 -0.000001 0.000000 0.000000 0.872146
    16 1.482593 -0.000001 0.000001 0.000000 0.000000 0.907041
    17 -2.869899 1.399667 -4.140396 -1.163265 1.764468 -4.903713
    18 4.972047 0.000000 0.000000 1.133508 -0.625571 -1.740673
    19 11.585358 0.000000 0.000001 0.386603 -0.382461 -1.658246
    20 10.127058 0.000000 0.000001 1.960763 0.596700 0.774136
    21 1.537458 0.109715 1.664489 -0.264662 -0.055995 0.783079
    22 0.928313 0.000000 0.000002 0.000000 0.000000 -0.453501
    23 0.928311 0.000000 0.000001 0.000000 0.000000 0.000000
    24 2.686395 -0.427337 0.044204 -0.005762 0.043239 -0.157074
    25 1.435260 0.000000 0.000001 0.000000 0.000000 0.732613
    26 1.482593 0.000000 -0.000001 0.000000 0.000000 1.168644
    27 2.046984 0.000001 0.000000 0.262332 0.304948 -0.023732
    28 -0.000005 0.000007 3.713254 -0.099194 -3.046889 5.706206
    29 18.045723 0.000000 0.000000 0.000000 0.000000 -0.424868
    30 17.597597 0.000000 0.000000 -0.057202 -0.017558 -0.153413
    31 0.000005 -0.000003 -3.713254 0.808474 2.832672 6.179980
    32 18.045721 0.000000 0.000000 0.000000 0.000000 -0.779495
    33 17.597597 0.000000 0.000000 0.178391 0.127758 0.486463
  time 10
    0 0.254879 -0.281108 0.368674 0.000000 0.000000 -1.571017
    1 -3.285261 0.199225 0.000000 -1.570795 -1.570787 0.000000
    2 1.293670 0.684478 -0.000001 -0.000004 -0.000001 0.131512
    3 5.309685 -0.003834 0.000000 0.000000 0.000000 0.174510
    4 4.826790 -0.004591 0.000000 -0.166920 0.050875 0.254844
    5 5.792767 -0.005304 0.000000 -0.151385 -0.005992 0.288025
    6 6.662322 -0.001452 0.000000 -0.005309 -0.005334 0.494497
    7 -3.108188 1.516823 4.339626 1.238993 -1.024532 -4.799756
    8 4.827512 0.000000 -0.000002 -0.503097 0.330258 -0.932386
    9 11.140032 0.000000 0.000000 0.070821 -0.141480 -1.042214
    10 10.314563 -0.000001 0.000001 -3.988822 0.203081 -0.504208
    11 1.646836 0.445664 -1.699647 -0.161704 0.581044 -0.283978
    12 0.928312 0.000000 0.000000 0.000000 0.000000 0.000000
    13 0.928313 0.000000 -0.000001 0.000000 0.000000 0.000000
    14 2.979373 -0.388274 -0.044205 -0.000805 -0.043611 0.000046
    15 1.435262 -0.000001 -0.000001 0.000000 0.000000 0.872146
    16 1.482593 -0.000001 0.000001 0.000000 0.000000 0.907041
    17 -2.869899 1.399667 -4.140396 -1.163265 1.764468 -4.903713
    18 4.972047 0.000000 0.000000 1.137448 -0.620027 -1.742537
    19 11.585358 0.000000 0.000001 0.386603 -0.382507 -1.656123
    20 10.127058 0.000000 0.000001 1.960763 0.596700 0.774136
    21 1.537458 0.109715 1.664489 -0.264662 -0.055995 0.783079
    22 0.928313 0.000000 0.000002 0.000000 0.000000 -0.453501
    23 0.928311 0.000000 0.000001 0.000000 0.000000 0.000000
    24 2.686395 -0.427337 0.044204 -0.005762 0.043239 -0.157074
    25 1.435260 0.000000 0.000001 0.000000 0.000000 0.732613
    26 1.482593 0.000000 -0.000001 0.000000 0.000000 1.168644
    27 2.046984 0.000001 0.000000 0.270690 0.292999 -0.001103
    28 -0.000005 0.000007 3.713254 -0.099194 -3.047177 5.706589
    29 18.045723 0.000000 0.000000 0.000000 0.000000 -0.423018
    30 17.597597 0.000000 0.000000 -0.057278 -0.017361 -0.154880
    31 0.000005 -0.000003 -3.713254 0.808474 2.832385 6.179213
    32 18.045721 0.000000 0.000000 0.000000 0.000000 -0.780046
    33 17.597597 0.000000 0.000000 0.178324 0.127383 0.486186
  time 11
    0 0.254879 -0.281108 0.368674 0.000000 0.000000 -1.571017
    1 -3.320418 0.207038 0.000000 -1.570795 -1.570787 0.000000
    2 1.293670 0.684478 -0.000001 -0.000004 -0.000001 0.131512
    3 5.309685 -0.003834 0.000000 0.004731 -0.000192 0.175923
    4 4.826790 -0.004591 0.000000 -0.165184 0.051126 0.256608
    5 5.792767 -0.005304 0.000000 -0.150054 -0.005944 0.289540
    6 6.662322 -0.001452 0.000000 -0.004542 -0.006172 0.495494
    7 -3.108188 1.516823 4.339626 1.238993 -1.024532 -4.799756
    8 4.827512 0.000000 -0.000002 -0.506525 0.321134 -0.948156
    9 11.140032 0.000000 0.000000 0.070821 -0.140257 -1.028231
    10 10.314563 -0.000001 0.000001 -3.953471 0.204393 -0.478486
    11 1.646836 0.445664 -1.699647 -0.161704 0.581044 -0.283978
    12 0.928312 0.000000 0.000000 0.000000 0.000000 0.000000
    13 0.928313 0.000000 -0.000001 0.000000 0.000000 0.000000
    14 2.979373 -0.388274 -0.044205 -0.000805 -0.043611 0.000046
    15 1.435262 -0.000001 -0.000001 0.000000 0.000000 0.872146
    16 1.482593 -0.000001 0.000001 0.000000 0.000000 0.907041
    17 -2.869899 1.399667 -4.140396 -1.163265 1.764468 -4.903713
    18 4.972047 0.000000 0.000000 1.140449 -0.614885 -1.735548
    19 11.585358 0.000000 0.000001 0.386603 -0.382189 -1.666169
    20 10.127058 0.000000 0.000001 1.960763 0.596700 0.774136
    21 1.537458 0.109715 1.664489 -0.264662 -0.055995 0.783079
    22 0.928313 0.000000 0.000002 0.000000 0.000000 -0.453501
    23 0.928311 0.000000 0.000001 0.000000 0.000000 0.000000
    24 2.686395 -0.427337 0.044204 -0.005762 0.043239 -0.157074
    25 1.435260 0.000000 0.000001 0.000000 0.000000 0.732613
    26 1.482593 0.000000 -0.000001 0.000000 0.000000 1.168644
    27 2.046984 0.000001 0.000000 0.281331 0.277863 0.027608
    28 -0.000005 0.000007 3.713254 -0.099290 -3.047560 5.707165
    29 18.045723 0.000000 0.000000 0.000000 0.000000 -0.420057
    30 17.597597 0.000000 0.000000 -0.057430 -0.017066 -0.157264
    31 0.000005 -0.000003 -3.713254 0.808474 2.831905 6.177967
    32 18.045721 0.000000 0.000000 0.000000 0.000000 -0.780597
    33 17.597597 0.000000 0.000000 0.178190 0.126811 0.485770
  time 12
    0 0.254879 -0.281108 0.368674 0.000000 0.000000 -1.571017
    1 -3.336043 0.199225 0.000000 -1.570795 -1.570787 0.000000
    2 1.293670 0.684478 -0.000001 -0.000004 -0.000001 0.131512
    3 5.309685 -0.003834 0.000000 0.017596 -0.000731 0.179791
    4 4.826790 -0.004591 0.000000 -0.160377 0.051833 0.261437
    5 5.792767 -0.005304 0.000000 -0.146294 -0.005836 0.293755
    6 6.662322 -0.001452 0.000000 -0.002361 -0.008509 0.498228
    7 -3.108188 1.516823 4.339626 1.238993 -1.024532 -4.799756
    8 4.827512 0.000000 -0.000002 -0.513301 0.300327 -0.986802
    9 11.140032 0.000000 0.000000 0.070821 -0.137960 -1.002147
    10 10.314563 -0.000001 0.000001 -3.855851 0.208046 -0.407474
    11 1.646836 0.445664 -1.699647 -0.161704 0.581044 -0.283978
    12 0.928312 0.000000 0.000000 0.000000 0.000000 0.000000
    13 0.928313 0.000000 -0.000001 0.000000 0.000000 0.000000
    14 2.979373 -0.388274 -0.044205 -0.000805 -0.043611 0.000046
    15 1.435262 -0.000001 -0.000001 0.000000 0.000000 0.872146
    16 1.482593 -0.000001 0.000001 0.000000 0.000000 0.907041
    17 -2.869899 1.399667 -4.140396 -1.163265 1.764468 -4.903713
    18 4.972047 0.000000 0.000000 1.142513 -0.611912 -1.714117
    19 11.585358 0.000000 0.000001 0.386603 -0.380215 -1.702598
    20 10.127058 0.000000 0.000001 1.960763 0.596700 0.774136
    21 1.537458 0.109715 1.664489 -0.264662 -0.055995 0.783079
    22 0.928313 0.000000 0.000002 0.000000 0.000000 -0.453501
    23 0.928311 0.000000 0.000001 0.000000 0.000000 0.000000
    24 2.686395 -0.427337 0.044204 -0.005762 0.043239 -0.157074
    25 1.435260 0.000000 0.000001 0.000000 0.000000 0.732613
    26 1.482593 0.000000 -0.000001 0.000000 0.000000 1.168644
    27 2.046984 0.000001 0.000000 0.293567 0.260456 0.060638
    28 -0.000005 0.000007 3.713254 -0.099290 -3.047656 5.707548
    29 18.045723 0.000000 0.000000 0.000000 0.000000 -0.418503
    30 17.597597 0.000000 0.000000 -0.057455 -0.017066 -0.158411
    31 0.000005 -0.000003 -3.713254 0.808474 2.831810 6.177392
    32 18.045721 0.000000 0.000000 0.000000 0.000000 -0.781148
    33 17.597597 0.000000 0.000000 0.178123 0.126456 0.485631
  time 13
    0 0.254879 -0.281108 0.368674 0.000000 0.000000 -1.571017
    1 -3.328231 0.187506 0.000000 -1.570795 -1.570787 0.000000
    2 1.293670 0.684478 -0.000001 -0.000004 -0.000001 0.131512
    3 5.309685 -0.003834 0.000000 0.036553 -0.001534 0.185479
    4 4.826790 -0.004591 0.000000 -0.153129 0.052900 0.268757
    5 5.792767 -0.005304 0.000000 -0.140520 -0.005669 0.300254
    6 6.662322 -0.001452 0.000000 0.001019 -0.012137 0.502529
    7 -3.108188 1.516823 4.339626 1.238993 -1.024532 -4.799756
    8 4.827512 0.000000 -0.000002 -0.503177 0.318917 -1.002833
    9 11.140032 0.000000 0.000000 0.070821 -0.142928 -1.059820
    10 10.314563 -0.000001 0.000001 -3.708284 0.213479 -0.300115
    11 1.646836 0.445664 -1.699647 -0.161704 0.581044 -0.283978
    12 0.928312 0.000000 0.000000 0.000000 0.000000 0.000000
    13 0.928313 0.000000 -0.000001 0.000000 0.000000 0.000000
    14 2.979373 -0.388274 -0.044205 -0.000805 -0.043611 0.000046
    15 1.435262 -0.000001 -0.000001 0.000000 0.000000 0.872146
    16 1.482593 -0.000001 0.000001 0.000000 0.000000 0.907041
    17 -2.869899 1.399667 -4.140396 -1.163265 1.764468 -4.903713
    18 4.972047 0.000000 0.000000 1.143826 -0.609984 -1.680507
    19 11.585358 0.000000 0.000001 0.386603 -0.376653 -1.760999
    20 10.127058 0.000000 0.000001 1.960763 0.596700 0.774136
    21 1.537458 0.109715 1.664489 -0.264662 -0.055995 0.783079
    22 0.928313 0.000000 0.000002 0.000000 0.000000 -0.453501
    23 0.928311 0.000000 0.000001 0.000000 0.000000 0.000000
    24 2.686395 -0.427337 0.044204 -0.005762 0.043239 -0.157074
    25 1.435260 0.000000 0.000001 0.000000 0.000000 0.732613
    26 1.482593 0.000000 -0.000001 0.000000 0.000000 1.168644
    27 2.046984 0.000001 0.000000 0.306750 0.241663 0.096223
    28 -0.000005 0.000007 3.713254 -0.099290 -3.047369 5.707548
    29 18.045723 0.000000 0.000000 0.000000 0.000000 -0.418651
    30 17.597597 0.000000 0.000000 -0.057430 -0.017287 -0.158273
    31 0.000005 -0.000003 -3.713254 0.808474 2.832001 6.177488
    32 18.045721 0.000000 0.000000 0.000000 0.000000 -0.781148
    33 17.597597 0.000000 0.000000 0.178022 0.126377 0.485862
  time 14
    0 0.254879 -0.281108 0.368674 0.000000 0.000000 -1.571017
    1 -3.339950 0.187506 0.000000 -1.570795 -1.570787 0.000000
    2 1.293670 0.684478 -0.000001 -0.000004 -0.000001 0.131512
    3 5.309685 -0.003834 0.000000 0.059560 -0.002505 0.192386
    4 4.826790 -0.004591 0.000000 -0.144030 0.054242 0.277951
    5 5.792767 -0.005304 0.000000 -0.133127 -0.005465 0.308538
    6 6.662322 -0.001452 0.000000 0.005405 -0.016851 0.508083
    7 -3.108188 1.516823 4.339626 1.238993 -1.024532 -4.799756
    8 4.827512 0.000000 -0.000002 -0.459094 0.406664 -0.967046
    9 11.140032 0.000000 0.000000 0.070821 -0.154936 -1.238418
    10 10.314563 -0.000001 0.000001 -3.523376 0.220411 -0.165641
    11 1.646836 0.445664 -1.699647 -0.161704 0.581044 -0.283978
    12 0.928312 0.000000 0.000000 0.000000 0.000000 0.000000
    13 0.928313 0.000000 -0.000001 0.000000 0.000000 0.000000
    14 2.979373 -0.388274 -0.044205 -0.000805 -0.043611 0.000046
    15 1.435262 -0.000001 -0.000001 0.000000 0.000000 0.872146
    16 1.482593 -0.000001 0.000001 0.000000 0.000000 0.907041
    17 -2.869899 1.399667 -4.140396 -1.163265 1.764468 -4.903713
    18 4.972047 0.000000 0.000000 1.147390 -0.607252 -1.640374
    19 11.585358 0.000000 0.000001 0.386603 -0.370526 -1.829610
    20 10.127058 0.000000 0.000001 1.960763 0.596700 0.774136
    21 1.537458 0.109715 1.664489 -0.264662 -0.055995 0.783079
    22 0.928313 0.000000 0.000002 0.000000 0.000000 -0.453501
    23 0.928311 0.000000 0.000001 0.000000 0.000000 0.000000
    24 2.686395 -0.427337 0.044204 -0.005762 0.043239 -0.157074
    25 1.435260 0.000000 0.000001 0.000000 0.000000 0.732613
    26 1.482593 0.000000 -0.000001 0.000000 0.000000 1.168644
    27 2.046984 0.000001 0.000000 0.320278 0.222426 0.132659
    28 -0.000005 0.000007 3.713254 -0.099290 -3.047464 5.707836
    29 18.045723 0.000000 0.000000 0.000000 0.000000 -0.417319
    30 17.597597 0.000000 0.000000 -0.057430 -0.017287 -0.159327
    31 0.000005 -0.000003 -3.713254 0.808666 2.831905 6.177008
    32 18.045721 0.000000 0.000000 0.000000 0.000000 -0.781463
    33 17.597597 0.000000 0.000000 0.177955 0.126022 0.485770
  time 15
    0 0.254879 -0.281108 0.368674 0.000000 0.000000 -1.571017
    1 -3.371201 0.199225 0.000000 -1.570795 -1.570787 0.000000
    2 1.293670 0.684478 -0.000001 -0.000004 -0.000001 0.131512
    3 5.309685 -0.003834 0.000000 0.084609 -0.003559 0.199893
    4 4.826790 -0.004591 0.000000 -0.133711 0.055764 0.288358
    5 5.792767 -0.005304 0.000000 -0.124529 -0.005213 0.318193
    6 6.662322 -0.001452 0.000000 0.010594 -0.022431 0.514662
    7 -3.108188 1.516823 4.339626 1.238993 -1.024532 -4.799756
    8 4.827512 0.000000 -0.000002 -0.374115 0.540799 -0.888194
    9 11.140032 0.000000 0.000000 0.070821 -0.162950 -1.461139
    10 10.314563 -0.000001 0.000001 -3.313541 0.228279 -0.012992
    11 1.646836 0.445664 -1.699647 -0.161704 0.581044 -0.283978
    12 0.928312 0.000000 0.000000 0.000000 0.000000 0.000000
    13 0.928313 0.000000 -0.000001 0.000000 0.000000 0.000000
    14 2.979373 -0.388274 -0.044205 -0.000805 -0.043611 0.000046
    15 1.435262 -0.000001 -0.000001 0.000000 0.000000 0.872146
    16 1.482593 -0.000001 0.000001 0.000000 0.000000 0.907041
    17 -2.869899 1.399667 -4.140396 -1.163265 1.764468 -4.903713
    18 4.972047 0.000000 0.000000 1.154331 -0.603475 -1.597779
    19 11.585358 0.000000 0.000001 0.386603 -0.361813 -1.902959
    20 10.127058 0.000000 0.000001 1.960763 0.596700 0.774136
    21 1.537458 0.109715 1.664489 -0.264662 -0.055995 0.783079
    22 0.928313 0.000000 0.000002 0.000000 0.000000 -0.453501
    23 0.928311 0.000000 0.000001 0.000000 0.000000 0.000000
    24 2.686395 -0.427337 0.044204 -0.005762 0.043239 -0.157074
    25 1.435260 0.000000 0.000001 0.000000 0.000000 0.732613
    26 1.482593 0.000000 -0.000001 0.000000 0.000000 1.168644
    27 2.046984 0.000001 0.000000 0.333462 0.203662 0.168305
    28 -0.000005 0.000007 3.713254 -0.099290 -3.047752 5.708411
    29 18.045723 0.000000 0.000000 0.000000 0.000000 -0.414654
    30 17.597597 0.000000 0.000000 -0.057582 -0.017066 -0.161391
    31 0.000005 -0.000003 -3.713254 0.808474 2.831522 6.175954
    32 18.045721 0.000000 0.000000 0.000000 0.000000 -0.782014
    33 17.597597 0.000000 0.000000 0.177854 0.125529 0.485400
  time 16
    0 0.254879 -0.281108 0.368674 0.000000 0.000000 -1.571017
    1 -3.382920 0.199225 0.000000 -1.570795 -1.570787 0.000000
    2 1.293670 0.684478 -0.000001 -0.000004 -0.000001 0.131512
    3 5.309685 -0.003834 0.000000 0.109658 -0.004614 0.207417
    4 4.826790 -0.004591 0.000000 -0.122801 0.057370 0.299404
    5 5.792767 -0.005304 0.000000 -0.115121 -0.004938 0.328761
    6 6.662322 -0.001452 0.000000 0.016395 -0.028657 0.521982
    7 -3.108188 1.516823 4.339626 1.238993 -1.024532 -4.799756
    8 4.827512 0.000000 -0.000002 -0.230864 0.710238 -0.750940
    9 11.140032 0.000000 0.000000 0.070821 -0.163125 -1.673428
    10 10.314563 -0.000001 0.000001 -3.091196 0.236522 0.148714
    11 1.646836 0.445664 -1.699647 -0.161704 0.581044 -0.283978
    12 0.928312 0.000000 0.000000 0.000000 0.000000 0.000000
    13 0.928313 0.000000 -0.000001 0.000000 0.000000 0.000000
    14 2.979373 -0.388274 -0.044205 -0.000805 -0.043611 0.000046
    15 1.435262 -0.000001 -0.000001 0.000000 0.000000 0.872146
    16 1.482593 -0.000001 0.000001 0.000000 0.000000 0.907041
    17 -2.869899 1.399667 -4.140396 -1.163265 1.764468 -4.903713
    18 4.972047 0.000000 0.000000 1.164743 -0.599297 -1.557047
    19 11.585358 0.000000 0.000001 0.386603 -0.350673 -1.979575
    20 10.127058 0.000000 0.000001 1.960763 0.596700 0.774136
    21 1.537458 0.109715 1.664489 -0.264662 -0.055995 0.783079
    22 0.928313 0.000000 0.000002 0.000000 0.000000 -0.453501
    23 0.928311 0.000000 0.000001 0.000000 0.000000 0.000000
    24 2.686395 -0.427337 0.044204 -0.005762 0.043239 -0.157074
    25 1.435260 0.000000 0.000001 0.000000 0.000000 0.732613
    26 1.482593 0.000000 -0.000001 0.000000 0.000000 1.168644
    27 2.046984 0.000001 0.000000 0.345697 0.186226 0.201274
    28 -0.000005 0.000007 3.713254 -0.099386 -3.047944 5.708698
    29 18.045723 0.000000 0.000000 0.000000 0.000000 -0.413396
    30 17.597597 0.000000 0.000000 -0.057658 -0.016943 -0.162445
    31 0.000005 -0.000003 -3.713254 0.808474 2.831330 6.175474
    32 18.045721 0.000000 0.000000 0.000000 0.000000 -0.782250
    33 17.597597 0.000000 0.000000 0.177787 0.125292 0.485216
  time 17
    0 0.254879 -0.281108 0.368674 0.000000 0.000000 -1.571017
    1 -3.394639 0.207038 0.000000 -1.570795 -1.570787 0.000000
    2 1.293670 0.684478 -0.000001 -0.000004 -0.000001 0.131512
    3 5.309685 -0.003834 0.000000 0.132665 -0.005585 0.214324
    4 4.826790 -0.004591 0.000000 -0.111871 0.058988 0.310428
    5 5.792767 -0.005304 0.000000 -0.105318 -0.004662 0.339786
    6 6.662322 -0.001452 0.000000 0.022591 -0.035323 0.529843
    7 -3.108188 1.516823 4.339626 1.238993 -1.024532 -4.799756
    8 4.827512 0.000000 -0.000002 0.000953 0.900483 -0.508752
    9 11.140032 0.000000 0.000000 0.070821 -0.158631 -1.826667
    10 10.314563 -0.000001 0.000001 -2.868946 0.244859 0.310479
    11 1.646836 0.445664 -1.699647 -0.161704 0.581044 -0.283978
    12 0.928312 0.000000 0.000000 0.000000 0.000000 0.000000
    13 0.928313 0.000000 -0.000001 0.000000 0.000000 0.000000
    14 2.979373 -0.388274 -0.044205 -0.000805 -0.043611 0.000046
    15 1.435262 -0.000001 -0.000001 0.000000 0.000000 0.872146
    16 1.482593 -0.000001 0.000001 0.000000 0.000000 0.907041
    17 -2.869899 1.399667 -4.140396 -1.163265 1.764468 -4.903713
    18 4.972047 0.000000 0.000000 1.179094 -0.593994 -1.520508
    19 11.585358 0.000000 0.000001 0.386603 -0.338102 -2.052923
    20 10.127058 0.000000 0.000001 1.960763 0.596700 0.774136
    21 1.537458 0.109715 1.664489 -0.264662 -0.055995 0.783079
    22 0.928313 0.000000 0.000002 0.000000 0.000000 -0.453501
    23 0.928311 0.000000 0.000001 0.000000 0.000000 0.000000
    24 2.686395 -0.427337 0.044204 -0.005762 0.043239 -0.157074
    25 1.435260 0.000000 0.000001 0.000000 0.000000 0.732613
    26 1.482593 0.000000 -0.000001 0.000000 0.000000 1.168644
    27 2.046984 0.000001 0.000000 0.356339 0.171090 0.229985
    28 -0.000005 0.000007 3.713254 -0.099290 -3.048040 5.708698
    29 18.045723 0.000000 0.000000 0.000000 0.000000 -0.412952
    30 17.597597 0.000000 0.000000 -0.057709 -0.016918 -0.162812
    31 0.000005 -0.000003 -3.713254 0.808474 2.831234 6.175283
    32 18.045721 0.000000 0.000000 0.000000 0.000000 -0.782486
    33 17.597597 0.000000 0.000000 0.177720 0.125214 0.485123
  time 18
    0 0.254879 -0.281108 0.368674 0.000000 0.000000 -1.571017
    1 -3.394639 0.207038 0.000000 -1.570795 -1.570787 0.000000
    2 1.293670 0.684478 -0.000001 -0.000004 -0.000001 0.131512
    3 5.309685 -0.003834 0.000000 0.151622 -0.006376 0.220011
    4 4.826790 -0.004591 0.000000 -0.101552 0.060498 0.320857
    5 5.792767 -0.005304 0.000000 -0.095515 -0.004374 0.350790
    6 6.662322 -0.001452 0.000000 0.028991 -0.042195 0.537931
    7 -3.108188 1.516823 4.339626 1.238993 -1.024532 -4.799756
    8 4.827512 0.000000 -0.000002 0.372992 1.065744 -0.076107
    9 11.140032 0.000000 0.000000 0.070821 -0.155835 -1.884847
    10 10.314563 -0.000001 0.000001 -2.659111 0.252728 0.463127
    11 1.646836 0.445664 -1.699647 -0.161704 0.581044 -0.283978
    12 0.928312 0.000000 0.000000 0.000000 0.000000 0.000000
    13 0.928313 0.000000 -0.000001 0.000000 0.000000 0.000000
    14 2.979373 -0.388274 -0.044205 -0.000805 -0.043611 0.000046
    15 1.435262 -0.000001 -0.000001 0.000000 0.000000 0.872146
    16 1.482593 -0.000001 0.000001 0.000000 0.000000 0.907041
    17 -2.869899 1.399667 -4.140396 -1.163265 1.764468 -4.903713
    18 4.972047 0.000000 0.000000 1.196822 -0.587727 -1.491823
    19 11.585358 0.000000 0.000001 0.386603 -0.325328 -2.118920
    20 10.127058 0.000000 0.000001 1.960763 0.596700 0.774136
    21 1.537458 0.109715 1.664489 -0.264662 -0.055995 0.783079
    22 0.928313 0.000000 0.000002 0.000000 0.000000 -0.453501
    23 0.928311 0.000000 0.000001 0.000000 0.000000 0.000000
    24 2.686395 -0.427337 0.044204 -0.005762 0.043239 -0.157074
    25 1.435260 0.000000 0.000001 0.000000 0.000000 0.732613
    26 1.482593 0.000000 -0.000001 0.000000 0.000000 1.168644
    27 2.046984 0.000001 0.000000 0.364740 0.159171 0.252613
    28 -0.000005 0.000007 3.713254 -0.099290 -3.048040 5.708698
    29 18.045723 0.000000 0.000000 0.000000 0.000000 -0.413026
    30 17.597597 0.000000 0.000000 -0.057734 -0.016918 -0.162674
    31 0.000005 -0.000003 -3.713254 0.808666 2.831234 6.175283
    32 18.045721 0.000000 0.000000 0.000000 0.000000 -0.782250
    33 17.597597 0.000000 0.000000 0.177686 0.125233 0.485123
  time 19
    0 0.254879 -0.281108 0.368674 0.000000 0.000000 -1.571017
    1 -3.386826 0.207038 0.000000 -1.570795 -1.570787 0.000000
    2 1.293670 0.684478 -0.000001 -0.000004 -0.000001 0.131512
    3 5.309685 -0.003834 0.000000 0.164487 -0.006915 0.223862
    4 4.826790 -0.004591 0.000000 -0.092453 0.061840 0.330029
    5 5.792767 -0.005304 0.000000 -0.086107 -0.004111 0.361359
    6 6.662322 -0.001452 0.000000 0.035390 -0.049067 0.546048
    7 -3.108188 1.516823 4.339626 1.238993 -1.024532 -4.799756
    8 4.827512 0.000000 -0.000002 0.820284 1.126373 0.491540
    9 11.140032 0.000000 0.000000 0.070821 -0.158207 -1.837535
    10 10.314563 -0.000001 0.000001 -2.474202 0.259566 0.597660
    11 1.646836 0.445664 -1.699647 -0.161704 0.581044 -0.283978
    12 0.928312 0.000000 0.000000 0.000000 0.000000 0.000000
    13 0.928313 0.000000 -0.000001 0.000000 0.000000 0.000000
    14 2.979373 -0.388274 -0.044205 -0.000805 -0.043611 0.000046
    15 1.435262 -0.000001 -0.000001 0.000000 0.000000 0.872146
    16 1.482593 -0.000001 0.000001 0.000000 0.000000 0.907041
    17 -2.869899 1.399667 -4.140396 -1.163265 1.764468 -4.903713
    18 4.972047 0.000000 0.000000 1.216426 -0.580495 -1.472255
    19 11.585358 0.000000 0.000001 0.386603 -0.313960 -2.172094
    20 10.127058 0.000000 0.000001 1.960763 0.596700 0.774136
    21 1.537458 0.109715 1.664489 -0.264662 -0.055995 0.783079
    22 0.928313 0.000000 0.000002 0.000000 0.000000 -0.453501
    23 0.928311 0.000000 0.000001 0.000000 0.000000 0.000000
    24 2.686395 -0.427337 0.044204 -0.005762 0.043239 -0.157074
    25 1.435260 0.000000 0.000001 0.000000 0.000000 0.732613
    26 1.482593 0.000000 -0.000001 0.000000 0.000000 1.168644
    27 2.046984 0.000001 0.000000 0.370212 0.151323 0.267455
    28 -0.000005 0.000007 3.713254 -0.099290 -3.048040 5.708698
    29 18.045723 0.000000 0.000000 0.000000 0.000000 -0.413322
    30 17.597597 0.000000 0.000000 -0.057734 -0.016918 -0.162491
    31 0.000005 -0.000003 -3.713254 0.808666 2.831234 6.175474
    32 18.045721 0.000000 0.000000 0.000000 0.000000 -0.782250
    33 17.597597 0.000000 0.000000 0.177586 0.125312 0.485123
  time 20
    0 0.254879 -0.281108 0.368674 0.000000 0.000000 -1.571017
    1 -3.386826 0.207038 0.000000 -1.570795 -1.570787 0.000000
    2 1.293670 0.684478 -0.000001 -0.000004 -0.000001 0.131512
    3 5.309685 -0.003834 0.000000 0.169235 -0.007119 0.225293
    4 4.826790 -0.004591 0.000000 -0.085205 0.062907 0.337349
    5 5.792767 -0.005304 0.000000 -0.077509 -0.003859 0.371013
    6 6.662322 -0.001452 0.000000 0.041587 -0.055733 0.553881
    7 -3.108188 1.516823 4.339626 1.238993 -1.024532 -4.799756
    8 4.827512 0.000000 -0.000002 1.069479 1.107443 0.875662
    9 11.140032 0.000000 0.000000 0.070821 -0.162376 -1.706974
    10 10.314563 -0.000001 0.000001 -2.326636 0.265092 0.704961
    11 1.646836 0.445664 -1.699647 -0.161704 0.581044 -0.283978
    12 0.928312 0.000000 0.000000 0.000000 0.000000 0.000000
    13 0.928313 0.000000 -0.000001 0.000000 0.000000 0.000000
    14 2.979373 -0.388274 -0.044205 -0.000805 -0.043611 0.000046
    15 1.435262 -0.000001 -0.000001 0.000000 0.000000 0.872146
    16 1.482593 -0.000001 0.000001 0.000000 0.000000 0.907041
    17 -2.869899 1.399667 -4.140396 -1.163265 1.764468 -4.903713
    18 4.972047 0.000000 0.000000 1.235467 -0.572219 -1.462072
    19 11.585358 0.000000 0.000001 0.386603 -0.305951 -2.207135
    20 10.127058 0.000000 0.000001 1.960763 0.596700 0.774136
    21 1.537458 0.109715 1.664489 -0.264662 -0.055995 0.783079
    22 0.928313 0.000000 0.000002 0.000000 0.000000 -0.453501
    23 0.928311 0.000000 0.000001 0.000000 0.000000 0.000000
    24 2.686395 -0.427337 0.044204 -0.005762 0.043239 -0.157074
    25 1.435260 0.000000 0.000001 0.000000 0.000000 0.732613
    26 1.482593 0.000000 -0.000001 0.000000 0.000000 1.168644
    27 2.046984 0.000001 0.000000 0.372193 0.148520 0.272808
    28 -0.000005 0.000007 3.713254 -0.099865 -3.047848 5.708602
    29 18.045723 0.000000 0.000000 0.000000 0.000000 -0.413544
    30 17.597597 0.000000 0.000000 -0.057202 -0.016721 -0.162308
    31 0.000005 -0.000003 -3.713254 0.807612 2.831522 6.175187
    32 18.045721 0.000000 0.000000 0.000000 0.000000 -0.782250
    33 17.597597 0.000000 0.000000 0.178693 0.125253 0.485308
  time 21
    0 0.254879 -0.281108 0.368674 0.000000 0.000000 -1.571017
    1 -3.386826 0.207038 0.000000 -1.570795 -1.570787 0.000000
    2 1.293670 0.684478 -0.000001 -0.000004 -0.000001 0.131512
    3 5.309685 -0.003834 0.000000 0.165287 -0.006951 0.224498
    4 4.826790 -0.004591 0.000000 -0.080398 0.063614 0.342199
    5 5.792767 -0.005304 0.000000 -0.070116 -0.003643 0.379318
    6 6.662322 -0.001452 0.000000 0.047387 -0.061959 0.561229
    7 -3.108188 1.516823 4.339626 1.238993 -1.024532 -4.799756
    8 4.827512 0.000000 -0.000002 1.121614 1.092605 1.029206
    9 11.140032 0.000000 0.000000 0.070821 -0.163849 -1.541563
    10 10.314563 -0.000001 0.000001 -2.229016 0.268746 0.776030
    11 1.646836 0.445664 -1.699647 -0.161704 0.581044 -0.283978
    12 0.928312 0.000000 0.000000 0.000000 0.000000 0.000000
    13 0.928313 0.000000 -0.000001 0.000000 0.000000 0.000000
    14 2.979373 -0.388274 -0.044205 -0.000805 -0.043611 0.000046
    15 1.435262 -0.000001 -0.000001 0.000000 0.000000 0.872146
    16 1.482593 -0.000001 0.000001 0.000000 0.000000 0.907041
    17 -2.869899 1.399667 -4.140396 -1.163265 1.764468 -4.903713
    18 4.972047 0.000000 0.000000 1.251413 -0.563702 -1.460275
    19 11.585358 0.000000 0.000001 0.386603 -0.302320 -2.222164
    20 10.127058 0.000000 0.000001 1.960763 0.596700 0.774136
    21 1.537458 0.109715 1.664489 -0.264662 -0.055995 0.783079
    22 0.928313 0.000000 0.000002 0.000000 0.000000 -0.453501
    23 0.928311 0.000000 0.000001 0.000000 0.000000 0.000000
    24 2.686395 -0.427337 0.044204 -0.005762 0.043239 -0.157074
    25 1.435260 0.000000 0.000001 0.000000 0.000000 0.732613
    26 1.482593 0.000000 -0.000001 0.000000 0.000000 1.168644
    27 2.046984 0.000001 0.000000 0.370212 0.151323 0.267455
    28 -0.000005 0.000007 3.713254 -0.099865 -3.047848 5.708602
    29 18.045723 0.000000 0.000000 0.000000 0.000000 -0.413544
    30 17.597597 0.000000 0.000000 -0.057202 -0.016721 -0.162308
    31 0.000005 -0.000003 -3.713254 0.807612 2.831522 6.175187
    32 18.045721 0.000000 0.000000 0.000000 0.000000 -0.782250
    33 17.597597 0.000000 0.000000 0.178693 0.125253 0.485308
  time 22
    0 0.254879 -0.281108 0.368674 0.000000 0.000000 -1.571017
    1 -3.386826 0.207038 0.000000 -1.570795 -1.570787 0.000000
    2 1.293670 0.684478 -0.000001 -0.000004 -0.000001 0.131512
    3 5.309685 -0.003834 0.000000 0.154481 -0.006496 0.222290
    4 4.826790 -0.004591 0.000000 -0.078663 0.063878 0.343941
    5 5.792767 -0.005304 0.000000 -0.064342 -0.003476 0.385796
    6 6.662322 -0.001452 0.000000 0.052576 -0.067539 0.567780
    7 -3.108188 1.516823 4.339626 1.238993 -1.024532 -4.799756
    8 4.827512 0.000000 -0.000002 1.099213 1.096272 1.063520
    9 11.140032 0.000000 0.000000 0.070821 -0.161602 -1.397815
    10 10.314563 -0.000001 0.000001 -2.193664 0.270057 0.801752
    11 1.646836 0.445664 -1.699647 -0.161704 0.581044 -0.283978
    12 0.928312 0.000000 0.000000 0.000000 0.000000 0.000000
    13 0.928313 0.000000 -0.000001 0.000000 0.000000 0.000000
    14 2.979373 -0.388274 -0.044205 -0.000805 -0.043611 0.000046
    15 1.435262 -0.000001 -0.000001 0.000000 0.000000 0.872146
    16 1.482593 -0.000001 0.000001 0.000000 0.000000 0.907041
    17 -2.869899 1.399667 -4.140396 -1.163265 1.764468 -4.903713
    18 4.972047 0.000000 0.000000 1.262481 -0.555426 -1.464468
    19 11.585358 0.000000 0.000001 0.386603 -0.303319 -2.218080
    20 10.127058 0.000000 0.000001 1.960763 0.596700 0.774136
    21 1.537458 0.109715 1.664489 -0.264662 -0.055995 0.783079
    22 0.928313 0.000000 0.000002 0.000000 0.000000 -0.453501
    23 0.928311 0.000000 0.000001 0.000000 0.000000 0.000000
    24 2.686395 -0.427337 0.044204 -0.005762 0.043239 -0.157074
    25 1.435260 0.000000 0.000001 0.000000 0.000000 0.732613
    26 1.482593 0.000000 -0.000001 0.000000 0.000000 1.168644
    27 2.046984 0.000001 0.000000 0.364740 0.159171 0.252613
    28 -0.000005 0.000007 3.713254 -0.099865 -3.047848 5.708602
    29 18.045723 0.000000 0.000000 0.000000 0.000000 -0.413544
    30 17.597597 0.000000 0.000000 -0.057202 -0.016721 -0.162308
    31 0.000005 -0.000003 -3.713254 0.807612 2.831522 6.175187
    32 18.045721 0.000000 0.000000 0.000000 0.000000 -0.782250
    33 17.597597 0.000000 0.000000 0.178693 0.125253 0.485308
  time 23
    0 0.254879 -0.281108 0.368674 0.000000 0.000000 -1.571017
    1 -3.386826 0.207038 0.000000 -1.570795 -1.570787 0.000000
    2 1.293670 0.684478 -0.000001 -0.000004 -0.000001 0.131512
    3 5.309685 -0.003834 0.000000 0.138332 -0.005825 0.218881
    4 4.826790 -0.004591 0.000000 -0.081142 0.063506 0.342133
    5 5.792767 -0.005304 0.000000 -0.060583 -0.003368 0.390032
    6 6.662322 -0.001452 0.000000 0.056975 -0.072254 0.573362
    7 -3.108188 1.516823 4.339626 1.238993 -1.024532 -4.799756
    8 4.827512 0.000000 -0.000002 1.081117 1.100706 1.064299
    9 11.140032 0.000000 0.000000 0.070821 -0.159430 -1.336809
    10 10.314563 -0.000001 0.000001 -2.223898 0.268933 0.779746
    11 1.646836 0.445664 -1.699647 -0.161704 0.581044 -0.283978
    12 0.928312 0.000000 0.000000 0.000000 0.000000 0.000000
    13 0.928313 0.000000 -0.000001 0.000000 0.000000 0.000000
    14 2.979373 -0.388274 -0.044205 -0.000805 -0.043611 0.000046
    15 1.435262 -0.000001 -0.000001 0.000000 0.000000 0.872146
    16 1.482593 -0.000001 0.000001 0.000000 0.000000 0.907041
    17 -2.869899 1.399667 -4.140396 -1.163265 1.764468 -4.903713
    18 4.972047 0.000000 0.000000 1.267265 -0.548195 -1.473520
    19 11.585358 0.000000 0.000001 0.386603 -0.308855 -2.194964
    20 10.127058 0.000000 0.000001 1.960763 0.596700 0.774136
    21 1.537458 0.109715 1.664489 -0.264662 -0.055995 0.783079
    22 0.928313 0.000000 0.000002 0.000000 0.000000 -0.453501
    23 0.928311 0.000000 0.000001 0.000000 0.000000 0.000000
    24 2.686395 -0.427337 0.044204 -0.005762 0.043239 -0.157074
    25 1.435260 0.000000 0.000001 0.000000 0.000000 0.732613
    26 1.482593 0.000000 -0.000001 0.000000 0.000000 1.168644
    27 2.046984 0.000001 0.000000 0.356339 0.171090 0.229985
    28 -0.000005 0.000007 3.713254 -0.099865 -3.047848 5.708602
    29 18.045723 0.000000 0.000000 0.000000 0.000000 -0.413544
    30 17.597597 0.000000 0.000000 -0.057202 -0.016721 -0.162308
    31 0.000005 -0.000003 -3.713254 0.807612 2.831522 6.175187
    32 18.045721 0.000000 0.000000 0.000000 0.000000 -0.782250
    33 17.597597 0.000000 0.000000 0.178693 0.125253 0.485308
  time 24
    0 0.254879 -0.281108 0.368674 0.000000 0.000000 -1.571017
    1 -3.386826 0.207038 0.000000 -1.570795 -1.570787 0.000000
    2 1.293670 0.684478 -0.000001 -0.000004 -0.000001 0.131512
    3 5.309685 -0.003834 0.000000 0.118371 -0.004974 0.214483
    4 4.826790 -0.004591 0.000000 -0.087837 0.062524 0.337062
    5 5.792767 -0.005304 0.000000 -0.059234 -0.003332 0.391527
    6 6.662322 -0.001452 0.000000 0.060354 -0.075882 0.577634
    7 -3.108188 1.516823 4.339626 1.238993 -1.024532 -4.799756
    8 4.827512 0.000000 -0.000002 1.020772 1.106419 0.987614
    9 11.140032 0.000000 0.000000 0.070821 -0.159805 -1.347243
    10 10.314563 -0.000001 0.000001 -2.308059 0.265748 0.718490
    11 1.646836 0.445664 -1.699647 -0.161704 0.581044 -0.283978
    12 0.928312 0.000000 0.000000 0.000000 0.000000 0.000000
    13 0.928313 0.000000 -0.000001 0.000000 0.000000 0.000000
    14 2.979373 -0.388274 -0.044205 -0.000805 -0.043611 0.000046
    15 1.435262 -0.000001 -0.000001 0.000000 0.000000 0.872146
    16 1.482593 -0.000001 0.000001 0.000000 0.000000 0.907041
    17 -2.869899 1.399667 -4.140396 -1.163265 1.764468 -4.903713
    18 4.972047 0.000000 0.000000 1.265764 -0.542008 -1.487763
    19 11.585358 0.000000 0.000001 0.386603 -0.317818 -2.153961
    20 10.127058 0.000000 0.000001 1.960763 0.596700 0.774136
    21 1.537458 0.109715 1.664489 -0.264662 -0.055995 0.783079
    22 0.928313 0.000000 0.000002 0.000000 0.000000 -0.453501
    23 0.928311 0.000000 0.000001 0.000000 0.000000 0.000000
    24 2.686395 -0.427337 0.044204 -0.005762 0.043239 -0.157074
    25 1.435260 0.000000 0.000001 0.000000 0.000000 0.732613
    26 1.482593 0.000000 -0.000001 0.000000 0.000000 1.168644
    27 2.046984 0.000001 0.000000 0.345697 0.186226 0.201274
    28 -0.000005 0.000007 3.713254 -0.099865 -3.047848 5.708602
    29 18.045723 0.000000 0.000000 0.000000 0.000000 -0.413544
    30 17.597597 0.000000 0.000000 -0.057202 -0.016721 -0.162308
    31 0.000005 -0.000003 -3.713254 0.807612 2.831522 6.175187
    32 18.045721 0.000000 0.000000 0.000000 0.000000 -0.782250
    33 17.597597 0.000000 0.000000 0.178693 0.125253 0.485308
  time 25
    0 0.254879 -0.281108 0.368674 0.000000 0.000000 -1.571017
    1 -3.386826 0.207038 0.000000 -1.570795 -1.570787 0.000000
    2 1.293670 0.684478 -0.000001 -0.000004 -0.000001 0.131512
    3 5.309685 -0.003834 0.000000 0.096112 -0.004039 0.209325
    4 4.826790 -0.004591 0.000000 -0.097737 0.061061 0.329389
    5 5.792767 -0.005304 0.000000 -0.063191 -0.003440 0.388060
    6 6.662322 -0.001452 0.000000 0.062536 -0.078219 0.580397
    7 -3.108188 1.516823 4.339626 1.238993 -1.024532 -4.799756
    8 4.827512 0.000000 -0.000002 0.879274 1.111280 0.817692
    9 11.140032 0.000000 0.000000 0.070821 -0.160254 -1.359632
    10 10.314563 -0.000001 0.000001 -2.436386 0.260971 0.625182
    11 1.646836 0.445664 -1.699647 -0.161704 0.581044 -0.283978
    12 0.928312 0.000000 0.000000 0.000000 0.000000 0.000000
    13 0.928313 0.000000 -0.000001 0.000000 0.000000 0.000000
    14 2.979373 -0.388274 -0.044205 -0.000805 -0.043611 0.000046
    15 1.435262 -0.000001 -0.000001 0.000000 0.000000 0.872146
    16 1.482593 -0.000001 0.000001 0.000000 0.000000 0.907041
    17 -2.869899 1.399667 -4.140396 -1.163265 1.764468 -4.903713
    18 4.972047 0.000000 0.000000 1.258073 -0.537508 -1.507596
    19 11.585358 0.000000 0.000001 0.386603 -0.330161 -2.095805
    20 10.127058 0.000000 0.000001 1.960763 0.596700 0.774136
    21 1.537458 0.109715 1.664489 -0.264662 -0.055995 0.783079
    22 0.928313 0.000000 0.000002 0.000000 0.000000 -0.453501
    23 0.928311 0.000000 0.000001 0.000000 0.000000 0.000000
    24 2.686395 -0.427337 0.044204 -0.005762 0.043239 -0.157074
    25 1.435260 0.000000 0.000001 0.000000 0.000000 0.732613
    26 1.482593 0.000000 -0.000001 0.000000 0.000000 1.168644
    27 2.046984 0.000001 0.000000 0.333462 0.203662 0.168305
    28 -0.000005 0.000007 3.713254 -0.099865 -3.047848 5.708602
    29 18.045723 0.000000 0.000000 0.000000 0.000000 -0.413544
    30 17.597597 0.000000 0.000000 -0.057202 -0.016721 -0.162308
    31 0.000005 -0.000003 -3.713254 0.807612 2.831522 6.175187
    32 18.045721 0.000000 0.000000 0.000000 0.000000 -0.782250
    33 17.597597 0.000000 0.000000 0.178693 0.125253 0.485308
  time 26
    0 0.254879 -0.281108 0.368674 0.000000 0.000000 -1.571017
    1 -3.386826 0.207038 0.000000 -1.570795 -1.570787 0.000000
    2 1.293670 0.684478 -0.000001 -0.000004 -0.000001 0.131512
    3 5.309685 -0.003834 0.000000 0.073105 -0.003068 0.203620
    4 4.826790 -0.004591 0.000000 -0.109735 0.059300 0.319732
    5 5.792767 -0.005304 0.000000 -0.073642 -0.003751 0.378675
    6 6.662322 -0.001452 0.000000 0.063303 -0.079057 0.581365
    7 -3.108188 1.516823 4.339626 1.238993 -1.024532 -4.799756
    8 4.827512 0.000000 -0.000002 0.750770 1.101559 0.659036
    9 11.140032 0.000000 0.000000 0.070821 -0.161802 -1.407234
    10 10.314563 -0.000001 0.000001 -2.598928 0.254976 0.506907
    11 1.646836 0.445664 -1.699647 -0.161704 0.581044 -0.283978
    12 0.928312 0.000000 0.000000 0.000000 0.000000 0.000000
    13 0.928313 0.000000 -0.000001 0.000000 0.000000 0.000000
    14 2.979373 -0.388274 -0.044205 -0.000805 -0.043611 0.000046
    15 1.435262 -0.000001 -0.000001 0.000000 0.000000 0.872146
    16 1.482593 -0.000001 0.000001 0.000000 0.000000 0.907041
    17 -2.869899 1.399667 -4.140396 -1.163265 1.764468 -4.903713
    18 4.972047 0.000000 0.000000 1.245597 -0.534696 -1.535084
    19 11.585358 0.000000 0.000001 0.386603 -0.344047 -2.020741
    20 10.127058 0.000000 0.000001 1.960763 0.596700 0.774136
    21 1.537458 0.109715 1.664489 -0.264662 -0.055995 0.783079
    22 0.928313 0.000000 0.000002 0.000000 0.000000 -0.453501
    23 0.928311 0.000000 0.000001 0.000000 0.000000 0.000000
    24 2.686395 -0.427337 0.044204 -0.005762 0.043239 -0.157074
    25 1.435260 0.000000 0.000001 0.000000 0.000000 0.732613
    26 1.482593 0.000000 -0.000001 0.000000 0.000000 1.168644
    27 2.046984 0.000001 0.000000 0.320278 0.222426 0.132659
    28 -0.000005 0.000007 3.713254 -0.099865 -3.047848 5.708602
    29 18.045723 0.000000 0.000000 0.000000 0.000000 -0.413544
    30 17.597597 0.000000 0.000000 -0.057202 -0.016721 -0.162308
    31 0.000005 -0.000003 -3.713254 0.807612 2.831522 6.175187
    32 18.045721 0.000000 0.000000 0.000000 0.000000 -0.782250
    33 17.597597 0.000000 0.000000 0.178693 0.125253 0.485308
  time 27
    0 0.254879 -0.281108 0.368674 0.000000 0.000000 -1.571017
    1 -3.386826 0.207038 0.000000 -1.570795 -1.570787 0.000000
    2 1.293670 0.684478 -0.000001 -0.000004 -0.000001 0.131512
    3 5.309685 -0.003834 0.000000 0.050847 -0.002133 0.197579
    4 4.826790 -0.004591 0.000000 -0.122801 0.057370 0.308708
    5 5.792767 -0.005304 0.000000 -0.088392 -0.004171 0.365013
    6 6.662322 -0.001452 0.000000 0.062308 -0.077985 0.580084
    7 -3.108188 1.516823 4.339626 1.238993 -1.024532 -4.799756
    8 4.827512 0.000000 -0.000002 0.629999 1.081093 0.496306
    9 11.140032 0.000000 0.000000 0.070821 -0.163624 -1.506133
    10 10.314563 -0.000001 0.000001 -2.786016 0.247950 0.370748
    11 1.646836 0.445664 -1.699647 -0.161704 0.581044 -0.283978
    12 0.928312 0.000000 0.000000 0.000000 0.000000 0.000000
    13 0.928313 0.000000 -0.000001 0.000000 0.000000 0.000000
    14 2.979373 -0.388274 -0.044205 -0.000805 -0.043611 0.000046
    15 1.435262 -0.000001 -0.000001 0.000000 0.000000 0.872146
    16 1.482593 -0.000001 0.000001 0.000000 0.000000 0.907041
    17 -2.869899 1.399667 -4.140396 -1.163265 1.764468 -4.903713
    18 4.972047 0.000000 0.000000 1.231434 -0.533250 -1.569559
    19 11.585358 0.000000 0.000001 0.386603 -0.357638 -1.934569
    20 10.127058 0.000000 0.000001 1.960763 0.596700 0.774136
    21 1.537458 0.109715 1.664489 -0.264662 -0.055995 0.783079
    22 0.928313 0.000000 0.000002 0.000000 0.000000 -0.453501
    23 0.928311 0.000000 0.000001 0.000000 0.000000 0.000000
    24 2.686395 -0.427337 0.044204 -0.005762 0.043239 -0.157074
    25 1.435260 0.000000 0.000001 0.000000 0.000000 0.732613
    26 1.482593 0.000000 -0.000001 0.000000 0.000000 1.168644
    27 2.046984 0.000001 0.000000 0.306750 0.241663 0.096223
    28 -0.000005 0.000007 3.713254 -0.099865 -3.047848 5.708602
    29 18.045723 0.000000 0.000000 0.000000 0.000000 -0.413544
    30 17.597597 0.000000 0.000000 -0.057202 -0.016721 -0.162308
    31 0.000005 -0.000003 -3.713254 0.807612 2.831522 6.175187
    32 18.045721 0.000000 0.000000 0.000000 0.000000 -0.782250
    33 17.597597 0.000000 0.000000 0.178693 0.125253 0.485308
  time 28
    0 0.254879 -0.281108 0.368674 0.000000 0.000000 -1.571017
    1 -3.386826 0.207038 0.000000 -1.570795 -1.570787 0.000000
    2 1.293670 0.684478 -0.000001 -0.000004 -0.000001 0.131512
    3 5.309685 -0.003834 0.000000 0.030886 -0.001294 0.191432
    4 4.826790 -0.004591 0.000000 -0.135847 0.055453 0.296934
    5 5.792767 -0.005304 0.000000 -0.105318 -0.004662 0.348631
    6 6.662322 -0.001452 0.000000 0.059503 -0.074975 0.576552
    7 -3.108188 1.516823 4.339626 1.238993 -1.024532 -4.799756
    8 4.827512 0.000000 -0.000002 0.456774 1.046557 0.272315
    9 11.140032 0.000000 0.000000 0.070821 -0.163849 -1.602713
    10 10.314563 -0.000001 0.000001 -2.987890 0.240457 0.223906
    11 1.646836 0.445664 -1.699647 -0.161704 0.581044 -0.283978
    12 0.928312 0.000000 0.000000 0.000000 0.000000 0.000000
    13 0.928313 0.000000 -0.000001 0.000000 0.000000 0.000000
    14 2.979373 -0.388274 -0.044205 -0.000805 -0.043611 0.000046
    15 1.435262 -0.000001 -0.000001 0.000000 0.000000 0.872146
    16 1.482593 -0.000001 0.000001 0.000000 0.000000 0.907041
    17 -2.869899 1.399667 -4.140396 -1.163265 1.764468 -4.903713
    18 4.972047 0.000000 0.000000 1.217833 -0.533491 -1.608960
    19 11.585358 0.000000 0.000001 0.386603 -0.369074 -1.843659
    20 10.127058 0.000000 0.000001 1.960763 0.596700 0.774136
    21 1.537458 0.109715 1.664489 -0.264662 -0.055995 0.783079
    22 0.928313 0.000000 0.000002 0.000000 0.000000 -0.453501
    23 0.928311 0.000000 0.000001 0.000000 0.000000 0.000000
    24 2.686395 -0.427337 0.044204 -0.005762 0.043239 -0.157074
    25 1.435260 0.000000 0.000001 0.000000 0.000000 0.732613
    26 1.482593 0.000000 -0.000001 0.000000 0.000000 1.168644
    27 2.046984 0.000001 0.000000 0.293567 0.260456 0.060638
    28 -0.000005 0.000007 3.713254 -0.099865 -3.047848 5.708602
    29 18.045723 0.000000 0.000000 0.000000 0.000000 -0.413544
    30 17.597597 0.000000 0.000000 -0.057202 -0.016721 -0.162308
    31 0.000005 -0.000003 -3.713254 0.807612 2.831522 6.175187
    32 18.045721 0.000000 0.000000 0.000000 0.000000 -0.782250
    33 17.597597 0.000000 0.000000 0.178693 0.125253 0.485308
  time 29
    0 0.254879 -0.281108 0.368674 0.000000 0.000000 -1.571017
    1 -3.386826 0.207038 0.000000 -1.570795 -1.570787 0.000000
    2 1.293670 0.684478 -0.000001 -0.000004 -0.000001 0.131512
    3 5.309685 -0.003834 0.000000 0.014737 -0.000611 0.185391
    4 4.826790 -0.004591 0.000000 -0.147845 0.053679 0.285028
    5 5.792767 -0.005304 0.000000 -0.122245 -0.005141 0.331170
    6 6.662322 -0.001452 0.000000 0.055201 -0.070343 0.571112
    7 -3.108188 1.516823 4.339626 1.238993 -1.024532 -4.799756
    8 4.827512 0.000000 -0.000002 0.222805 0.980897 -0.012418
    9 11.140032 0.000000 0.000000 0.070821 -0.163475 -1.650677
    10 10.314563 -0.000001 0.000001 -3.194597 0.232682 0.073522
    11 1.646836 0.445664 -1.699647 -0.161704 0.581044 -0.283978
    12 0.928312 0.000000 0.000000 0.000000 0.000000 0.000000
    13 0.928313 0.000000 -0.000001 0.000000 0.000000 0.000000
    14 2.979373 -0.388274 -0.044205 -0.000805 -0.043611 0.000046
    15 1.435262 -0.000001 -0.000001 0.000000 0.000000 0.872146
    16 1.482593 -0.000001 0.000001 0.000000 0.000000 0.907041
    17 -2.869899 1.399667 -4.140396 -1.163265 1.764468 -4.903713
    18 4.972047 0.000000 0.000000 1.205545 -0.535982 -1.649226
    19 11.585358 0.000000 0.000001 0.386603 -0.377129 -1.755527
    20 10.127058 0.000000 0.000001 1.960763 0.596700 0.774136
    21 1.537458 0.109715 1.664489 -0.264662 -0.055995 0.783079
    22 0.928313 0.000000 0.000002 0.000000 0.000000 -0.453501
    23 0.928311 0.000000 0.000001 0.000000 0.000000 0.000000
    24 2.686395 -0.427337 0.044204 -0.005762 0.043239 -0.157074
    25 1.435260 0.000000 0.000001 0.000000 0.000000 0.732613
    26 1.482593 0.000000 -0.000001 0.000000 0.000000 1.168644
    27 2.046984 0.000001 0.000000 0.281331 0.277863 0.027608
    28 -0.000005 0.000007 3.713254 -0.099865 -3.047848 5.708602
    29 18.045723 0.000000 0.000000 0.000000 0.000000 -0.413544
    30 17.597597 0.000000 0.000000 -0.057202 -0.016721 -0.162308
    31 0.000005 -0.000003 -3.713254 0.807612 2.831522 6.175187
    32 18.045721 0.000000 0.000000 0.000000 0.000000 -0.782250
    33 17.597597 0.000000 0.000000 0.178693 0.125253 0.485308
  time 30
    0 0.254879 -0.281108 0.368674 0.000000 0.000000 -1.571017
    1 -3.386826 0.207038 0.000000 -1.570795 -1.570787 0.000000
    2 1.293670 0.684478 -0.000001 -0.000004 -0.000001 0.131512
    3 5.309685 -0.003834 0.000000 0.003931 -0.000156 0.179668
    4 4.826790 -0.004591 0.000000 -0.157745 0.052229 0.273629
    5 5.792767 -0.005304 0.000000 -0.136995 -0.005573 0.314165
    6 6.662322 -0.001452 0.000000 0.049700 -0.064433 0.564134
    7 -3.108188 1.516823 4.339626 1.238993 -1.024532 -4.799756
    8 4.827512 0.000000 -0.000002 -0.020013 0.872940 -0.299145
    9 11.140032 0.000000 0.000000 0.070821 -0.163724 -1.618943
    10 10.314563 -0.000001 0.000001 -3.396376 0.225188 -0.073204
    11 1.646836 0.445664 -1.699647 -0.161704 0.581044 -0.283978
    12 0.928312 0.000000 0.000000 0.000000 0.000000 0.000000
    13 0.928313 0.000000 -0.000001 0.000000 0.000000 0.000000
    14 2.979373 -0.388274 -0.044205 -0.000805 -0.043611 0.000046
    15 1.435262 -0.000001 -0.000001 0.000000 0.000000 0.872146
    16 1.482593 -0.000001 0.000001 0.000000 0.000000 0.907041
    17 -2.869899 1.399667 -4.140396 -1.163265 1.764468 -4.903713
    18 4.972047 0.000000 0.000000 1.194758 -0.541526 -1.685166
    19 11.585358 0.000000 0.000001 0.386603 -0.381531 -1.678421
    20 10.127058 0.000000 0.000001 1.960763 0.596700 0.774136
    21 1.537458 0.109715 1.664489 -0.264662 -0.055995 0.783079
    22 0.928313 0.000000 0.000002 0.000000 0.000000 -0.453501
    23 0.928311 0.000000 0.000001 0.000000 0.000000 0.000000
    24 2.686395 -0.427337 0.044204 -0.005762 0.043239 -0.157074
    25 1.435260 0.000000 0.000001 0.000000 0.000000 0.732613
    26 1.482593 0.000000 -0.000001 0.000000 0.000000 1.168644
    27 2.046984 0.000001 0.000000 0.270690 0.292999 -0.001103
    28 -0.000005 0.000007 3.713254 -0.099865 -3.047848 5.708602
    29 18.045723 0.000000 0.000000 0.000000 0.000000 -0.413544
    30 17.597597 0.000000 0.000000 -0.057202 -0.016721 -0.162308
    31 0.000005 -0.000003 -3.713254 0.807612 2.831522 6.175187
    32 18.045721 0.000000 0.000000 0.000000 0.000000 -0.782250
    33 17.597597 0.000000 0.000000 0.178693 0.125253 0.485308
  time 31
    0 0.254879 -0.281108 0.368674 0.000000 0.000000 -1.571017
    1 -3.386826 0.207038 0.000000 -1.570795 -1.570787 0.000000
    2 1.293670 0.684478 -0.000001 -0.000004 -0.000001 0.131512
    3 5.309685 -0.003834 0.000000 0.000000 0.000000 0.174510
    4 4.826790 -0.004591 0.000000 -0.164440 0.051234 0.263377
    5 5.792767 -0.005304 0.000000 -0.147427 -0.005872 0.299257
    6 6.662322 -0.001452 0.000000 0.043300 -0.057561 0.556045
    7 -3.108188 1.516823 4.339626 1.238993 -1.024532 -4.799756
    8 4.827512 0.000000 -0.000002 -0.220023 0.735053 -0.543066
    9 11.140032 0.000000 0.000000 0.070821 -0.163574 -1.499322
    10 10.314563 -0.000001 0.000001 -3.583464 0.218163 -0.209362
    11 1.646836 0.445664 -1.699647 -0.161704 0.581044 -0.283978
    12 0.928312 0.000000 0.000000 0.000000 0.000000 0.000000
    13 0.928313 0.000000 -0.000001 0.000000 0.000000 0.000000
    14 2.979373 -0.388274 -0.044205 -0.000805 -0.043611 0.000046
    15 1.435262 -0.000001 -0.000001 0.000000 0.000000 0.872146
    16 1.482593 -0.000001 0.000001 0.000000 0.000000 0.907041
    17 -2.869899 1.399667 -4.140396 -1.163265 1.764468 -4.903713
    18 4.972047 0.000000 0.000000 1.184253 -0.551007 -1.710324
    19 11.585358 0.000000 0.000001 0.386603 -0.383210 -1.620673
    20 10.127058 0.000000 0.000001 1.960763 0.596700 0.774136
    21 1.537458 0.109715 1.664489 -0.264662 -0.055995 0.783079
    22 0.928313 0.000000 0.000002 0.000000 0.000000 -0.453501
    23 0.928311 0.000000 0.000001 0.000000 0.000000 0.000000
    24 2.686395 -0.427337 0.044204 -0.005762 0.043239 -0.157074
    25 1.435260 0.000000 0.000001 0.000000 0.000000 0.732613
    26 1.482593 0.000000 -0.000001 0.000000 0.000000 1.168644
    27 2.046984 0.000001 0.000000 0.262332 0.304948 -0.023732
    28 -0.000005 0.000007 3.713254 -0.099865 -3.047848 5.708602
    29 18.045723 0.000000 0.000000 0.000000 0.000000 -0.413544
    30 17.597597 0.000000 0.000000 -0.057202 -0.016721 -0.162308
    31 0.000005 -0.000003 -3.713254 0.807612 2.831522 6.175187
    32 18.045721 0.000000 0.000000 0.000000 0.000000 -0.782250
    33 17.597597 0.000000 0.000000 0.178693 0.125253 0.485308
  time 32
    0 0.254879 -0.281108 0.368674 0.000000 0.000000 -1.571017
    1 -3.386826 0.207038 0.000000 -1.570795 -1.570787 0.000000
    2 1.293670 0.684478 -0.000001 -0.000004 -0.000001 0.131512
    3 5.309685 -0.003834 0.000000 0.000000 0.000000 0.169123
    4 4.826790 -0.004591 0.000000 -0.166920 0.050875 0.254844
    5 5.792767 -0.005304 0.000000 -0.151385 -0.005992 0.288025
    6 6.662322 -0.001452 0.000000 0.036289 -0.050043 0.547188
    7 -3.108188 1.516823 4.339626 1.238993 -1.024532 -4.799756
    8 4.827512 0.000000 -0.000002 -0.362158 0.589405 -0.740022
    9 11.140032 0.000000 0.000000 0.070821 -0.158282 -1.306017
    10 10.314563 -0.000001 0.000001 -3.746100 0.212074 -0.327637
    11 1.646836 0.445664 -1.699647 -0.161704 0.581044 -0.283978
    12 0.928312 0.000000 0.000000 0.000000 0.000000 0.000000
    13 0.928313 0.000000 -0.000001 0.000000 0.000000 0.000000
    14 2.979373 -0.388274 -0.044205 -0.000805 -0.043611 0.000046
    15 1.435262 -0.000001 -0.000001 0.000000 0.000000 0.872146
    16 1.482593 -0.000001 0.000001 0.000000 0.000000 0.907041
    17 -2.869899 1.399667 -4.140396 -1.163265 1.764468 -4.903713
    18 4.972047 0.000000 0.000000 1.173841 -0.562899 -1.723369
    19 11.585358 0.000000 0.000001 0.386603 -0.383981 -1.581630
    20 10.127058 0.000000 0.000001 1.960763 0.596700 0.774136
    21 1.537458 0.109715 1.664489 -0.264662 -0.055995 0.783079
    22 0.928313 0.000000 0.000002 0.000000 0.000000 -0.453501
    23 0.928311 0.000000 0.000001 0.000000 0.000000 0.000000
    24 2.686395 -0.427337 0.044204 -0.005762 0.043239 -0.157074
    25 1.435260 0.000000 0.000001 0.000000 0.000000 0.732613
    26 1.482593 0.000000 -0.000001 0.000000 0.000000 1.168644
    27 2.046984 0.000001 0.000000 0.256817 0.312796 -0.038574
    28 -0.000005 0.000007 3.713254 -0.099865 -3.047848 5.708602
    29 18.045723 0.000000 0.000000 0.000000 0.000000 -0.413544
    30 17.597597 0.000000 0.000000 -0.057202 -0.016721 -0.162308
    31 0.000005 -0.000003 -3.713254 0.807612 2.831522 6.175187
    32 18.045721 0.000000 0.000000 0.000000 0.000000 -0.782250
    33 17.597597 0.000000 0.000000 0.178693 0.125253 0.485308
  time 33
    0 0.254879 -0.281108 0.368674 0.000000 0.000000 -1.571017
    1 -3.386826 0.207038 0.000000 -1.570795 -1.570787 0.000000
    2 1.293670 0.684478 -0.000001 -0.000004 -0.000001 0.131512
    3 5.309685 -0.003834 0.000000 0.000000 0.000000 0.162905
    4 4.826790 -0.004591 0.000000 -0.166920 0.050875 0.247215
    5 5.792767 -0.005304 0.000000 -0.151295 -0.005705 0.279595
    6 6.662322 -0.001452 0.000000 0.028991 -0.042195 0.537931
    7 -3.108188 1.516823 4.339626 1.238993 -1.024532 -4.799756
    8 4.827512 0.000000 -0.000002 -0.450644 0.458766 -0.890794
    9 11.140032 0.000000 0.000000 0.070821 -0.144226 -1.076919
    10 10.314563 -0.000001 0.000001 -3.874427 0.207297 -0.421003
    11 1.646836 0.445664 -1.699647 -0.161704 0.581044 -0.283978
    12 0.928312 0.000000 0.000000 0.000000 0.000000 0.000000
    13 0.928313 0.000000 -0.000001 0.000000 0.000000 0.000000
    14 2.979373 -0.388274 -0.044205 -0.000805 -0.043611 0.000046
    15 1.435262 -0.000001 -0.000001 0.000000 0.000000 0.872146
    16 1.482593 -0.000001 0.000001 0.000000 0.000000 0.907041
    17 -2.869899 1.399667 -4.140396 -1.163265 1.764468 -4.903713
    18 4.972047 0.000000 0.000000 1.163805 -0.575915 -1.731688
    19 11.585358 0.000000 0.000001 0.386603 -0.383686 -1.550919
    20 10.127058 0.000000 0.000001 1.960763 0.596700 0.774136
    21 1.537458 0.109715 1.664489 -0.264662 -0.055995 0.783079
    22 0.928313 0.000000 0.000002 0.000000 0.000000 -0.453501
    23 0.928311 0.000000 0.000001 0.000000 0.000000 0.000000
    24 2.686395 -0.427337 0.044204 -0.005762 0.043239 -0.157074
    25 1.435260 0.000000 0.000001 0.000000 0.000000 0.732613
    26 1.482593 0.000000 -0.000001 0.000000 0.000000 1.168644
    27 2.046984 0.000001 0.000000 0.254835 0.315598 -0.043866
    28 -0.000005 0.000007 3.713254 -0.099865 -3.047848 5.708602
    29 18.045723 0.000000 0.000000 0.000000 0.000000 -0.413544
    30 17.597597 0.000000 0.000000 -0.057202 -0.016721 -0.162308
    31 0.000005 -0.000003 -3.713254 0.807612 2.831522 6.175187
    32 18.045721 0.000000 0.000000 0.000000 0.000000 -0.782250
    33 17.597597 0.000000 0.000000 0.178693 0.125253 0.485308
  time 34
    0 0.254879 -0.281108 0.368674 0.000000 0.000000 -1.571017
    1 -3.386826 0.207038 0.000000 -1.570795 -1.570787 0.000000
    2 1.293670 0.684478 -0.000001 -0.000004 -0.000001 0.131512
    3 5.309685 -0.003834 0.000000 0.000000 0.000000 0.156246
    4 4.826790 -0.004591 0.000000 -0.166920 0.050875 0.239454
    5 5.792767 -0.005304 0.000000 -0.151061 -0.004986 0.272058
    6 6.662322 -0.001452 0.000000 0.021692 -0.034347 0.528703
    7 -3.108188 1.516823 4.339626 1.238993 -1.024532 -4.799756
    8 4.827512 0.000000 -0.000002 -0.496640 0.367011 -0.990875
    9 11.140032 0.000000 0.000000 0.070821 -0.125177 -0.870137
    10 10.314563 -0.000001 0.000001 -3.958589 0.204205 -0.482202
    11 1.646836 0.445664 -1.699647 -0.161704 0.581044 -0.283978
    12 0.928312 0.000000 0.000000 0.000000 0.000000 0.000000
    13 0.928313 0.000000 -0.000001 0.000000 0.000000 0.000000
    14 2.979373 -0.388274 -0.044205 -0.000805 -0.043611 0.000046
    15 1.435262 -0.000001 -0.000001 0.000000 0.000000 0.872146
    16 1.482593 -0.000001 0.000001 0.000000 0.000000 0.907041
    17 -2.869899 1.399667 -4.140396 -1.163265 1.764468 -4.903713
    18 4.972047 0.000000 0.000000 1.154894 -0.588691 -1.740673
    19 11.585358 0.000000 0.000001 0.386603 -0.383210 -1.520207
    20 10.127058 0.000000 0.000001 1.960763 0.596700 0.774136
    21 1.537458 0.109715 1.664489 -0.264662 -0.055995 0.783079
    22 0.928313 0.000000 0.000002 0.000000 0.000000 -0.453501
    23 0.928311 0.000000 0.000001 0.000000 0.000000 0.000000
    24 2.686395 -0.427337 0.044204 -0.005762 0.043239 -0.157074
    25 1.435260 0.000000 0.000001 0.000000 0.000000 0.732613
    26 1.482593 0.000000 -0.000001 0.000000 0.000000 1.168644
    27 2.046984 0.000001 0.000000 0.254835 0.315598 -0.043866
    28 -0.000005 0.000007 3.713254 -0.099865 -3.047848 5.708602
    29 18.045723 0.000000 0.000000 0.000000 0.000000 -0.413544
    30 17.597597 0.000000 0.000000 -0.057202 -0.016721 -0.162308
    31 0.000005 -0.000003 -3.713254 0.807612 2.831522 6.175187
    32 18.045721 0.000000 0.000000 0.000000 0.000000 -0.782250
    33 17.597597 0.000000 0.000000 0.178693 0.125253 0.485308
  time 35
    0 0.254879 -0.281108 0.368674 0.000000 0.000000 -1.571017
    1 -3.386826 0.207038 0.000000 -1.570795 -1.570787 0.000000
    2 1.293670 0.684478 -0.000001 -0.000004 -0.000001 0.131512
    3 5.309685 -0.003834 0.000000 0.000000 0.000000 0.149516
    4 4.826790 -0.004591 0.000000 -0.166920 0.050875 0.231914
    5 5.792767 -0.005304 0.000000 -0.150719 -0.003955 0.265518
    6 6.662322 -0.001452 0.000000 0.014681 -0.026829 0.519846
    7 -3.108188 1.516823 4.339626 1.238993 -1.024532 -4.799756
    8 4.827512 0.000000 -0.000002 -0.508598 0.344243 -1.023542
    9 11.140032 0.000000 0.000000 0.070821 -0.114043 -0.771094
    10 10.314563 -0.000001 0.000001 -3.988822 0.203081 -0.504208
    11 1.646836 0.445664 -1.699647 -0.161704 0.581044 -0.283978
    12 0.928312 0.000000 0.000000 0.000000 0.000000 0.000000
    13 0.928313 0.000000 -0.000001 0.000000 0.000000 0.000000
    14 2.979373 -0.388274 -0.044205 -0.000805 -0.043611 0.000046
    15 1.435262 -0.000001 -0.000001 0.000000 0.000000 0.872146
    16 1.482593 -0.000001 0.000001 0.000000 0.000000 0.907041
    17 -2.869899 1.399667 -4.140396 -1.163265 1.764468 -4.903713
    18 4.972047 0.000000 0.000000 1.147203 -0.600984 -1.749725
    19 11.585358 0.000000 0.000001 0.386603 -0.382779 -1.491293
    20 10.127058 0.000000 0.000001 1.960763 0.596700 0.774136
    21 1.537458 0.109715 1.664489 -0.264662 -0.055995 0.783079
    22 0.928313 0.000000 0.000002 0.000000 0.000000 -0.453501
    23 0.928311 0.000000 0.000001 0.000000 0.000000 0.000000
    24 2.686395 -0.427337 0.044204 -0.005762 0.043239 -0.157074
    25 1.435260 0.000000 0.000001 0.000000 0.000000 0.732613
    26 1.482593 0.000000 -0.000001 0.000000 0.000000 1.168644
    27 2.046984 0.000001 0.000000 0.254835 0.315598 -0.043866
    28 -0.000005 0.000007 3.713254 -0.099865 -3.047848 5.708602
    29 18.045723 0.000000 0.000000 0.000000 0.000000 -0.413544
    30 17.597597 0.000000 0.000000 -0.057202 -0.016721 -0.162308
    31 0.000005 -0.000003 -3.713254 0.807612 2.831522 6.175187
    32 18.045721 0.000000 0.000000 0.000000 0.000000 -0.782250
    33 17.597597 0.000000 0.000000 0.178693 0.125253 0.485308
  time 36
    0 0.254879 -0.281108 0.368674 0.000000 0.000000 -1.571017
    1 -3.386826 0.207038 0.000000 -1.570795 -1.570787 0.000000
    2 1.293670 0.684478 -0.000001 -0.000004 -0.000001 0.131512
    3 5.309685 -0.003834 0.000000 0.000000 0.000000 0.143122
    4 4.826790 -0.004591 0.000000 -0.166920 0.050875 0.224947
    5 5.792767 -0.005304 0.000000 -0.150341 -0.002768 0.259995
    6 6.662322 -0.001452 0.000000 0.008281 -0.019957 0.511728
    7 -3.108188 1.516823 4.339626 1.238993 -1.024532 -4.799756
    8 4.827512 0.000000 -0.000002 -0.503895 0.366585 -1.013317
    9 11.140032 0.000000 0.000000 0.070821 -0.112495 -0.758342
    10 10.314563 -0.000001 0.000001 -3.988822 0.203081 -0.504208
    11 1.646836 0.445664 -1.699647 -0.161704 0.581044 -0.283978
    12 0.928312 0.000000 0.000000 0.000000 0.000000 0.000000
    13 0.928313 0.000000 -0.000001 0.000000 0.000000 0.000000
    14 2.979373 -0.388274 -0.044205 -0.000805 -0.043611 0.000046
    15 1.435262 -0.000001 -0.000001 0.000000 0.000000 0.872146
    16 1.482593 -0.000001 0.000001 0.000000 0.000000 0.907041
    17 -2.869899 1.399667 -4.140396 -1.163265 1.764468 -4.903713
    18 4.972047 0.000000 0.000000 1.140637 -0.612715 -1.758377
    19 11.585358 0.000000 0.000001 0.386603 -0.381576 -1.465808
    20 10.127058 0.000000 0.000001 1.960763 0.596700 0.774136
    21 1.537458 0.109715 1.664489 -0.264662 -0.055995 0.783079
    22 0.928313 0.000000 0.000002 0.000000 0.000000 -0.453501
    23 0.928311 0.000000 0.000001 0.000000 0.000000 0.000000
    24 2.686395 -0.427337 0.044204 -0.005762 0.043239 -0.157074
    25 1.435260 0.000000 0.000001 0.000000 0.000000 0.732613
    26 1.482593 0.000000 -0.000001 0.000000 0.000000 1.168644
    27 2.046984 0.000001 0.000000 0.254835 0.315598 -0.043866
    28 -0.000005 0.000007 3.713254 -0.099865 -3.047848 5.708602
    29 18.045723 0.000000 0.000000 0.000000 0.000000 -0.413544
    30 17.597597 0.000000 0.000000 -0.057202 -0.016721 -0.162308
    31 0.000005 -0.000003 -3.713254 0.807612 2.831522 6.175187
    32 18.045721 0.000000 0.000000 0.000000 0.000000 -0.782250
    33 17.597597 0.000000 0.000000 0.178693 0.125253 0.485308
  time 37
    0 0.254879 -0.281108 0.368674 0.000000 0.000000 -1.571017
    1 -3.386826 0.207038 0.000000 -1.570795 -1.570787 0.000000
    2 1.293670 0.684478 -0.000001 -0.000004 -0.000001 0.131512
    3 5.309685 -0.003834 0.000000 0.000000 0.000000 0.137469
    4 4.826790 -0.004591 0.000000 -0.166920 0.050875 0.218927
    5 5.792767 -0.005304 0.000000 -0.149946 -0.001594 0.255593
    6 6.662322 -0.001452 0.000000 0.002780 -0.014047 0.504779
    7 -3.108188 1.516823 4.339626 1.238993 -1.024532 -4.799756
    8 4.827512 0.000000 -0.000002 -0.500228 0.385175 -1.005779
    9 11.140032 0.000000 0.000000 0.070821 -0.110897 -0.745083
    10 10.314563 -0.000001 0.000001 -3.988822 0.203081 -0.504208
    11 1.646836 0.445664 -1.699647 -0.161704 0.581044 -0.283978
    12 0.928312 0.000000 0.000000 0.000000 0.000000 0.000000
    13 0.928313 0.000000 -0.000001 0.000000 0.000000 0.000000
    14 2.979373 -0.388274 -0.044205 -0.000805 -0.043611 0.000046
    15 1.435262 -0.000001 -0.000001 0.000000 0.000000 0.872146
    16 1.482593 -0.000001 0.000001 0.000000 0.000000 0.907041
    17 -2.869899 1.399667 -4.140396 -1.163265 1.764468 -4.903713
    18 4.972047 0.000000 0.000000 1.135103 -0.623081 -1.765764
    19 11.585358 0.000000 0.000001 0.386603 -0.380510 -1.444817
    20 10.127058 0.000000 0.000001 1.960763 0.596700 0.774136
    21 1.537458 0.109715 1.664489 -0.264662 -0.055995 0.783079
    22 0.928313 0.000000 0.000002 0.000000 0.000000 -0.453501
    23 0.928311 0.000000 0.000001 0.000000 0.000000 0.000000
    24 2.686395 -0.427337 0.044204 -0.005762 0.043239 -0.157074
    25 1.435260 0.000000 0.000001 0.000000 0.000000 0.732613
    26 1.482593 0.000000 -0.000001 0.000000 0.000000 1.168644
    27 2.046984 0.000001 0.000000 0.254835 0.315598 -0.043866
    28 -0.000005 0.000007 3.713254 -0.099865 -3.047848 5.708602
    29 18.045723 0.000000 0.000000 0.000000 0.000000 -0.413544
    30 17.597597 0.000000 0.000000 -0.057202 -0.016721 -0.162308
    31 0.000005 -0.000003 -3.713254 0.807612 2.831522 6.175187
    32 18.045721 0.000000 0.000000 0.000000 0.000000 -0.782250
    33 17.597597 0.000000 0.000000 0.178693 0.125253 0.485308
  time 38
    0 0.254879 -0.281108 0.368674 0.000000 0.000000 -1.571017
    1 -3.386826 0.207038 0.000000 -1.570795 -1.570787 0.000000
    2 1.293670 0.684478 -0.000001 -0.000004 -0.000001 0.131512
    3 5.309685 -0.003834 0.000000 0.000000 0.000000 0.132947
    4 4.826790 -0.004591 0.000000 -0.166920 0.050875 0.214165
    5 5.792767 -0.005304 0.000000 -0.149604 -0.000563 0.252375
    6 6.662322 -0.001452 0.000000 -0.001510 -0.009429 0.499310
    7 -3.108188 1.516823 4.339626 1.238993 -1.024532 -4.799756
    8 4.827512 0.000000 -0.000002 -0.497677 0.401803 -1.001966
    9 11.140032 0.000000 0.000000 0.070821 -0.108800 -0.727766
    10 10.314563 -0.000001 0.000001 -3.988822 0.203081 -0.504208
    11 1.646836 0.445664 -1.699647 -0.161704 0.581044 -0.283978
    12 0.928312 0.000000 0.000000 0.000000 0.000000 0.000000
    13 0.928313 0.000000 -0.000001 0.000000 0.000000 0.000000
    14 2.979373 -0.388274 -0.044205 -0.000805 -0.043611 0.000046
    15 1.435262 -0.000001 -0.000001 0.000000 0.000000 0.872146
    16 1.482593 -0.000001 0.000001 0.000000 0.000000 0.907041
    17 -2.869899 1.399667 -4.140396 -1.163265 1.764468 -4.903713
    18 4.972047 0.000000 0.000000 1.130975 -0.631919 -1.771222
    19 11.585358 0.000000 0.000001 0.386603 -0.379761 -1.430114
    20 10.127058 0.000000 0.000001 1.960763 0.596700 0.774136
    21 1.537458 0.109715 1.664489 -0.264662 -0.055995 0.783079
    22 0.928313 0.000000 0.000002 0.000000 0.000000 -0.453501
    23 0.928311 0.000000 0.000001 0.000000 0.000000 0.000000
    24 2.686395 -0.427337 0.044204 -0.005762 0.043239 -0.157074
    25 1.435260 0.000000 0.000001 0.000000 0.000000 0.732613
    26 1.482593 0.000000 -0.000001 0.000000 0.000000 1.168644
    27 2.046984 0.000001 0.000000 0.254835 0.315598 -0.043866
    28 -0.000005 0.000007 3.713254 -0.099865 -3.047848 5.708602
    29 18.045723 0.000000 0.000000 0.000000 0.000000 -0.413544
    30 17.597597 0.000000 0.000000 -0.057202 -0.016721 -0.162308
    31 0.000005 -0.000003 -3.713254 0.807612 2.831522 6.175187
    32 18.045721 0.000000 0.000000 0.000000 0.000000 -0.782250
    33 17.597597 0.000000 0.000000 0.178693 0.125253 0.485308
  time 39
    0 0.254879 -0.281108 0.368674 0.000000 0.000000 -1.571017
    1 -3.386826 0.207038 0.000000 -1.570795 -1.570787 0.000000
    2 1.293670 0.684478 -0.000001 -0.000004 -0.000001 0.131512
    3 5.309685 -0.003834 0.000000 0.000000 0.000000 0.129945
    4 4.826790 -0.004591 0.000000 -0.166920 0.050875 0.211056
    5 5.792767 -0.005304 0.000000 -0.149370 0.000156 0.250382
    6 6.662322 -0.001452 0.000000 -0.004302 -0.006419 0.495779
    7 -3.108188 1.516823 4.339626 1.238993 -1.024532 -4.799756
    8 4.827512 0.000000 -0.000002 -0.496800 0.417067 -1.003872
    9 11.140032 0.000000 0.000000 0.070821 -0.105729 -0.702335
    10 10.314563 -0.000001 0.000001 -3.988822 0.203081 -0.504208
    11 1.646836 0.445664 -1.699647 -0.161704 0.581044 -0.283978
    12 0.928312 0.000000 0.000000 0.000000 0.000000 0.000000
    13 0.928313 0.000000 -0.000001 0.000000 0.000000 0.000000
    14 2.979373 -0.388274 -0.044205 -0.000805 -0.043611 0.000046
    15 1.435262 -0.000001 -0.000001 0.000000 0.000000 0.872146
    16 1.482593 -0.000001 0.000001 0.000000 0.000000 0.907041
    17 -2.869899 1.399667 -4.140396 -1.163265 1.764468 -4.903713
    18 4.972047 0.000000 0.000000 1.127411 -0.638668 -1.773818
    19 11.585358 0.000000 0.000001 0.386603 -0.379398 -1.423008
    20 10.127058 0.000000 0.000001 1.960763 0.596700 0.774136
    21 1.537458 0.109715 1.664489 -0.264662 -0.055995 0.783079
    22 0.928313 0.000000 0.000002 0.000000 0.000000 -0.453501
    23 0.928311 0.000000 0.000001 0.000000 0.000000 0.000000
    24 2.686395 -0.427337 0.044204 -0.005762 0.043239 -0.157074
    25 1.435260 0.000000 0.000001 0.000000 0.000000 0.732613
    26 1.482593 0.000000 -0.000001 0.000000 0.000000 1.168644
    27 2.046984 0.000001 0.000000 0.254835 0.315598 -0.043866
    28 -0.000005 0.000007 3.713254 -0.099865 -3.047848 5.708602
    29 18.045723 0.000000 0.000000 0.000000 0.000000 -0.413544
    30 17.597597 0.000000 0.000000 -0.057202 -0.016721 -0.162308
    31 0.000005 -0.000003 -3.713254 0.807612 2.831522 6.175187
    32 18.045721 0.000000 0.000000 0.000000 0.000000 -0.782250
    33 17.597597 0.000000 0.000000 0.178693 0.125253 0.485308
  time 40
    0 0.254879 -0.281108 0.368674 0.000000 0.000000 -1.571017
    1 -3.386826 0.207038 0.000000 -1.570795 -1.570787 0.000000
    2 1.293670 0.684478 -0.000001 -0.000004 -0.000001 0.131512
    3 5.309685 -0.003834 0.000000 0.000000 0.000000 0.128849
    4 4.826790 -0.004591 0.000000 -0.166920 0.050875 0.209954
    5 5.792767 -0.005304 0.000000 -0.149280 0.000431 0.249696
    6 6.662322 -0.001452 0.000000 -0.005309 -0.005334 0.494497
    7 -3.108188 1.516823 4.339626 1.238993 -1.024532 -4.799756
    8 4.827512 0.000000 -0.000002 -0.498075 0.428323 -1.010978
    9 11.140032 0.000000 0.000000 0.070821 -0.101785 -0.671760
    10 10.314563 -0.000001 0.000001 -3.988822 0.203081 -0.504208
    11 1.646836 0.445664 -1.699647 -0.161704 0.581044 -0.283978
    12 0.928312 0.000000 0.000000 0.000000 0.000000 0.000000
    13 0.928313 0.000000 -0.000001 0.000000 0.000000 0.000000
    14 2.979373 -0.388274 -0.044205 -0.000805 -0.043611 0.000046
    15 1.435262 -0.000001 -0.000001 0.000000 0.000000 0.872146
    16 1.482593 -0.000001 0.000001 0.000000 0.000000 0.907041
    17 -2.869899 1.399667 -4.140396 -1.163265 1.764468 -4.903713
    18 4.972047 0.000000 0.000000 1.124785 -0.643088 -1.773219
    19 11.585358 0.000000 0.000001 0.386603 -0.379511 -1.424969
    20 10.127058 0.000000 0.000001 1.960763 0.596700 0.774136
    21 1.537458 0.109715 1.664489 -0.264662 -0.055995 0.783079
    22 0.928313 0.000000 0.000002 0.000000 0.000000 -0.453501
    23 0.928311 0.000000 0.000001 0.000000 0.000000 0.000000
    24 2.686395 -0.427337 0.044204 -0.005762 0.043239 -0.157074
    25 1.435260 0.000000 0.000001 0.000000 0.000000 0.732613
    26 1.482593 0.000000 -0.000001 0.000000 0.000000 1.168644
    27 2.046984 0.000001 0.000000 0.254835 0.315598 -0.043866
    28 -0.000005 0.000007 3.713254 -0.099865 -3.047848 5.708602
    29 18.045723 0.000000 0.000000 0.000000 0.000000 -0.413544
    30 17.597597 0.000000 0.000000 -0.057202 -0.016721 -0.162308
    31 0.000005 -0.000003 -3.713254 0.807612 2.831522 6.175187
    32 18.045721 0.000000 0.000000 0.000000 0.000000 -0.782250
    33 17.597597 0.000000 0.000000 0.178693 0.125253 0.485308
  time 41
    0 0.254879 -0.281108 0.368674 0.000000 0.000000 -1.571017
    1 -3.386826 0.207038 0.000000 -1.570795 -1.570787 0.000000
    2 1.293670 0.684478 -0.000001 -0.000004 -0.000001 0.131512
    3 5.309685 -0.003834 0.000000 0.000000 0.000000 0.128849
    4 4.826790 -0.004591 0.000000 -0.166920 0.050875 0.209954
    5 5.792767 -0.005304 0.000000 -0.149280 0.000431 0.249696
    6 6.662322 -0.001452 0.000000 -0.005309 -0.005334 0.494497
    7 -3.108188 1.516823 4.339626 1.238993 -1.024532 -4.799756
    8 4.827512 0.000000 -0.000002 -0.501025 0.436765 -1.021982
    9 11.140032 0.000000 0.000000 0.070821 -0.097141 -0.636040
    10 10.314563 -0.000001 0.000001 -3.988822 0.203081 -0.504208
    11 1.646836 0.445664 -1.699647 -0.161704 0.581044 -0.283978
    12 0.928312 0.000000 0.000000 0.000000 0.000000 0.000000
    13 0.928313 0.000000 -0.000001 0.000000 0.000000 0.000000
    14 2.979373 -0.388274 -0.044205 -0.000805 -0.043611 0.000046
    15 1.435262 -0.000001 -0.000001 0.000000 0.000000 0.872146
    16 1.482593 -0.000001 0.000001 0.000000 0.000000 0.907041
    17 -2.869899 1.399667 -4.140396 -1.163265 1.764468 -4.903713
    18 4.972047 0.000000 0.000000 1.122440 -0.646060 -1.770690
    19 11.585358 0.000000 0.000001 0.386603 -0.379874 -1.431993
    20 10.127058 0.000000 0.000001 1.960763 0.596700 0.774136
    21 1.537458 0.109715 1.664489 -0.264662 -0.055995 0.783079
    22 0.928313 0.000000 0.000002 0.000000 0.000000 -0.453501
    23 0.928311 0.000000 0.000001 0.000000 0.000000 0.000000
    24 2.686395 -0.427337 0.044204 -0.005762 0.043239 -0.157074
    25 1.435260 0.000000 0.000001 0.000000 0.000000 0.732613
    26 1.482593 0.000000 -0.000001 0.000000 0.000000 1.168644
    27 2.046984 0.000001 0.000000 0.254835 0.315598 -0.043866
    28 -0.000005 0.000007 3.713254 -0.099865 -3.047848 5.708602
    29 18.045723 0.000000 0.000000 0.000000 0.000000 -0.413544
    30 17.597597 0.000000 0.000000 -0.057202 -0.016721 -0.162308
    31 0.000005 -0.000003 -3.713254 0.807612 2.831522 6.175187
    32 18.045721 0.000000 0.000000 0.000000 0.000000 -0.782250
    33 17.597597 0.000000 0.000000 0.178693 0.125253 0.485308
  time 42
    0 0.254879 -0.281108 0.368674 0.000000 0.000000 -1.571017
    1 -3.386826 0.207038 0.000000 -1.570795 -1.570787 0.000000
    2 1.293670 0.684478 -0.000001 -0.000004 -0.000001 0.131512
    3 5.309685 -0.003834 0.000000 0.000000 0.000000 0.128849
    4 4.826790 -0.004591 0.000000 -0.166920 0.050875 0.209954
    5 5.792767 -0.005304 0.000000 -0.149280 0.000431 0.249696
    6 6.662322 -0.001452 0.000000 -0.005309 -0.005334 0.494497
    7 -3.108188 1.516823 4.339626 1.238993 -1.024532 -4.799756
    8 4.827512 0.000000 -0.000002 -0.505808 0.443843 -1.036020
    9 11.140032 0.000000 0.000000 0.070821 -0.091399 -0.593076
    10 10.314563 -0.000001 0.000001 -3.988822 0.203081 -0.504208
    11 1.646836 0.445664 -1.699647 -0.161704 0.581044 -0.283978
    12 0.928312 0.000000 0.000000 0.000000 0.000000 0.000000
    13 0.928313 0.000000 -0.000001 0.000000 0.000000 0.000000
    14 2.979373 -0.388274 -0.044205 -0.000805 -0.043611 0.000046
    15 1.435262 -0.000001 -0.000001 0.000000 0.000000 0.872146
    16 1.482593 -0.000001 0.000001 0.000000 0.000000 0.907041
    17 -2.869899 1.399667 -4.140396 -1.163265 1.764468 -4.903713
    18 4.972047 0.000000 0.000000 1.120001 -0.649114 -1.768094
    19 11.585358 0.000000 0.000001 0.386603 -0.380238 -1.439426
    20 10.127058 0.000000 0.000001 1.960763 0.596700 0.774136
    21 1.537458 0.109715 1.664489 -0.264662 -0.055995 0.783079
    22 0.928313 0.000000 0.000002 0.000000 0.000000 -0.453501
    23 0.928311 0.000000 0.000001 0.000000 0.000000 0.000000
    24 2.686395 -0.427337 0.044204 -0.005762 0.043239 -0.157074
    25 1.435260 0.000000 0.000001 0.000000 0.000000 0.732613
    26 1.482593 0.000000 -0.000001 0.000000 0.000000 1.168644
    27 2.046984 0.000001 0.000000 0.254835 0.315598 -0.043866
    28 -0.000005 0.000007 3.713254 -0.099865 -3.047848 5.708602
    29 18.045723 0.000000 0.000000 0.000000 0.000000 -0.413544
    30 17.597597 0.000000 0.000000 -0.057202 -0.016721 -0.162308
    31 0.000005 -0.000003 -3.713254 0.807612 2.831522 6.175187
    32 18.045721 0.000000 0.000000 0.000000 0.000000 -0.782250
    33 17.597597 0.000000 0.000000 0.178693 0.125253 0.485308
  time 43
    0 0.254879 -0.281108 0.368674 0.000000 0.000000 -1.571017
    1 -3.386826 0.207038 0.000000 -1.570795 -1.570787 0.000000
    2 1.293670 0.684478 -0.000001 -0.000004 -0.000001 0.131512
    3 5.309685 -0.003834 0.000000 0.000000 0.000000 0.128849
    4 4.826790 -0.004591 0.000000 -0.166920 0.050875 0.209954
    5 5.792767 -0.005304 0.000000 -0.149280 0.000431 0.249696
    6 6.662322 -0.001452 0.000000 -0.005309 -0.005334 0.494497
    7 -3.108188 1.516823 4.339626 1.238993 -1.024532 -4.799756
    8 4.827512 0.000000 -0.000002 -0.511866 0.448874 -1.051530
    9 11.140032 0.000000 0.000000 0.070821 -0.085083 -0.547430
    10 10.314563 -0.000001 0.000001 -3.988822 0.203081 -0.504208
    11 1.646836 0.445664 -1.699647 -0.161704 0.581044 -0.283978
    12 0.928312 0.000000 0.000000 0.000000 0.000000 0.000000
    13 0.928313 0.000000 -0.000001 0.000000 0.000000 0.000000
    14 2.979373 -0.388274 -0.044205 -0.000805 -0.043611 0.000046
    15 1.435262 -0.000001 -0.000001 0.000000 0.000000 0.872146
    16 1.482593 -0.000001 0.000001 0.000000 0.000000 0.907041
    17 -2.869899 1.399667 -4.140396 -1.163265 1.764468 -4.903713
    18 4.972047 0.000000 0.000000 1.117844 -0.652167 -1.765565
    19 11.585358 0.000000 0.000001 0.386603 -0.380623 -1.447104
    20 10.127058 0.000000 0.000001 1.960763 0.596700 0.774136
    21 1.537458 0.109715 1.664489 -0.264662 -0.055995 0.783079
    22 0.928313 0.000000 0.000002 0.000000 0.000000 -0.453501
    23 0.928311 0.000000 0.000001 0.000000 0.000000 0.000000
    24 2.686395 -0.427337 0.044204 -0.005762 0.043239 -0.157074
    25 1.435260 0.000000 0.000001 0.000000 0.000000 0.732613
    26 1.482593 0.000000 -0.000001 0.000000 0.000000 1.168644
    27 2.046984 0.000001 0.000000 0.254835 0.315598 -0.043866
    28 -0.000005 0.000007 3.713254 -0.099865 -3.047848 5.708602
    29 18.045723 0.000000 0.000000 0.000000 0.000000 -0.413544
    30 17.597597 0.000000 0.000000 -0.057202 -0.016721 -0.162308
    31 0.000005 -0.000003 -3.713254 0.807612 2.831522 6.175187
    32 18.045721 0.000000 0.000000 0.000000 0.000000 -0.782250
    33 17.597597 0.000000 0.000000 0.178693 0.125253 0.485308
  time 44
    0 0.254879 -0.281108 0.368674 0.000000 0.000000 -1.571017
    1 -3.386826 0.207038 0.000000 -1.570795 -1.570787 0.000000
    2 1.293670 0.684478 -0.000001 -0.000004 -0.000001 0.131512
    3 5.309685 -0.003834 0.000000 0.000000 0.000000 0.128849
    4 4.826790 -0.004591 0.000000 -0.166920 0.050875 0.209954
    5 5.792767 -0.005304 0.000000 -0.149280 0.000431 0.249696
    6 6.662322 -0.001452 0.000000 -0.005309 -0.005334 0.494497
    7 -3.108188 1.516823 4.339626 1.238993 -1.024532 -4.799756
    8 4.827512 0.000000 -0.000002 -0.518403 0.451006 -1.067127
    9 11.140032 0.000000 0.000000 0.070821 -0.078816 -0.503161
    10 10.314563 -0.000001 0.000001 -3.988822 0.203081 -0.504208
    11 1.646836 0.445664 -1.699647 -0.161704 0.581044 -0.283978
    12 0.928312 0.000000 0.000000 0.000000 0.000000 0.000000
    13 0.928313 0.000000 -0.000001 0.000000 0.000000 0.000000
    14 2.979373 -0.388274 -0.044205 -0.000805 -0.043611 0.000046
    15 1.435262 -0.000001 -0.000001 0.000000 0.000000 0.872146
    16 1.482593 -0.000001 0.000001 0.000000 0.000000 0.907041
    17 -2.869899 1.399667 -4.140396 -1.163265 1.764468 -4.903713
    18 4.972047 0.000000 0.000000 1.115780 -0.655220 -1.762969
    19 11.585358 0.000000 0.000001 0.386603 -0.381032 -1.454945
    20 10.127058 0.000000 0.000001 1.960763 0.596700 0.774136
    21 1.537458 0.109715 1.664489 -0.264662 -0.055995 0.783079
    22 0.928313 0.000000 0.000002 0.000000 0.000000 -0.453501
    23 0.928311 0.000000 0.000001 0.000000 0.000000 0.000000
    24 2.686395 -0.427337 0.044204 -0.005762 0.043239 -0.157074
    25 1.435260 0.000000 0.000001 0.000000 0.000000 0.732613
    26 1.482593 0.000000 -0.000001 0.000000 0.000000 1.168644
    27 2.046984 0.000001 0.000000 0.254835 0.315598 -0.043866
    28 -0.000005 0.000007 3.713254 -0.099865 -3.047848 5.708602
    29 18.045723 0.000000 0.000000 0.000000 0.000000 -0.413544
    30 17.597597 0.000000 0.000000 -0.057202 -0.016721 -0.162308
    31 0.000005 -0.000003 -3.713254 0.807612 2.831522 6.175187
    32 18.045721 0.000000 0.000000 0.000000 0.000000 -0.782250
    33 17.597597 0.000000 0.000000 0.178693 0.125253 0.485308
  time 45
    0 0.254879 -0.281108 0.368674 0.000000 0.000000 -1.571017
    1 -3.386826 0.207038 0.000000 -1.570795 -1.570787 0.000000
    2 1.293670 0.684478 -0.000001 -0.000004 -0.000001 0.131512
    3 5.309685 -0.003834 0.000000 0.000000 0.000000 0.128849
    4 4.826790 -0.004591 0.000000 -0.166920 0.050875 0.209954
    5 5.792767 -0.005304 0.000000 -0.149280 0.000431 0.249696
    6 6.662322 -0.001452 0.000000 -0.005309 -0.005334 0.494497
    7 -3.108188 1.516823 4.339626 1.238993 -1.024532 -4.799756
    8 4.827512 0.000000 -0.000002 -0.523824 0.451432 -1.079258
    9 11.140032 0.000000 0.000000 0.070821 -0.073923 -0.469325
    10 10.314563 -0.000001 0.000001 -3.988822 0.203081 -0.504208
    11 1.646836 0.445664 -1.699647 -0.161704 0.581044 -0.283978
    12 0.928312 0.000000 0.000000 0.000000 0.000000 0.000000
    13 0.928313 0.000000 -0.000001 0.000000 0.000000 0.000000
    14 2.979373 -0.388274 -0.044205 -0.000805 -0.043611 0.000046
    15 1.435262 -0.000001 -0.000001 0.000000 0.000000 0.872146
    16 1.482593 -0.000001 0.000001 0.000000 0.000000 0.907041
    17 -2.869899 1.399667 -4.140396 -1.163265 1.764468 -4.903713
    18 4.972047 0.000000 0.000000 1.113623 -0.658113 -1.760307
    19 11.585358 0.000000 0.000001 0.386603 -0.381440 -1.462950
    20 10.127058 0.000000 0.000001 1.960763 0.596700 0.774136
    21 1.537458 0.109715 1.664489 -0.264662 -0.055995 0.783079
    22 0.928313 0.000000 0.000002 0.000000 0.000000 -0.453501
    23 0.928311 0.000000 0.000001 0.000000 0.000000 0.000000
    24 2.686395 -0.427337 0.044204 -0.005762 0.043239 -0.157074
    25 1.435260 0.000000 0.000001 0.000000 0.000000 0.732613
    26 1.482593 0.000000 -0.000001 0.000000 0.000000 1.168644
    27 2.046984 0.000001 0.000000 0.254835 0.315598 -0.043866
    28 -0.000005 0.000007 3.713254 -0.099865 -3.047848 5.708602
    29 18.045723 0.000000 0.000000 0.000000 0.000000 -0.413544
    30 17.597597 0.000000 0.000000 -0.057202 -0.016721 -0.162308
    31 0.000005 -0.000003 -3.713254 0.807612 2.831522 6.175187
    32 18.045721 0.000000 0.000000 0.000000 0.000000 -0.782250
    33 17.597597 0.000000 0.000000 0.178693 0.125253 0.485308
  time 46
    0 0.254879 -0.281108 0.368674 0.000000 0.000000 -1.571017
    1 -3.386826 0.207038 0.000000 -1.570795 -1.570787 0.000000
    2 1.293670 0.684478 -0.000001 -0.000004 -0.000001 0.131512
    3 5.309685 -0.003834 0.000000 0.000000 0.000000 0.128849
    4 4.826790 -0.004591 0.000000 -0.166920 0.050875 0.209954
    5 5.792767 -0.005304 0.000000 -0.149280 0.000431 0.249696
    6 6.662322 -0.001452 0.000000 -0.005309 -0.005334 0.494497
    7 -3.108188 1.516823 4.339626 1.238993 -1.024532 -4.799756
    8 4.827512 0.000000 -0.000002 -0.525976 0.451347 -1.084024
    9 11.140032 0.000000 0.000000 0.070821 -0.072001 -0.456139
    10 10.314563 -0.000001 0.000001 -3.988822 0.203081 -0.504208
    11 1.646836 0.445664 -1.699647 -0.161704 0.581044 -0.283978
    12 0.928312 0.000000 0.000000 0.000000 0.000000 0.000000
    13 0.928313 0.000000 -0.000001 0.000000 0.000000 0.000000
    14 2.979373 -0.388274 -0.044205 -0.000805 -0.043611 0.000046
    15 1.435262 -0.000001 -0.000001 0.000000 0.000000 0.872146
    16 1.482593 -0.000001 0.000001 0.000000 0.000000 0.907041
    17 -2.869899 1.399667 -4.140396 -1.163265 1.764468 -4.903713
    18 4.972047 0.000000 0.000000 1.111465 -0.660764 -1.757711
    19 11.585358 0.000000 0.000001 0.386603 -0.381848 -1.471036
    20 10.127058 0.000000 0.000001 1.960763 0.596700 0.774136
    21 1.537458 0.109715 1.664489 -0.264662 -0.055995 0.783079
    22 0.928313 0.000000 0.000002 0.000000 0.000000 -0.453501
    23 0.928311 0.000000 0.000001 0.000000 0.000000 0.000000
    24 2.686395 -0.427337 0.044204 -0.005762 0.043239 -0.157074
    25 1.435260 0.000000 0.000001 0.000000 0.000000 0.732613
    26 1.482593 0.000000 -0.000001 0.000000 0.000000 1.168644
    27 2.046984 0.000001 0.000000 0.254835 0.315598 -0.043866
    28 -0.000005 0.000007 3.713254 -0.099865 -3.047848 5.708602
    29 18.045723 0.000000 0.000000 0.000000 0.000000 -0.413544
    30 17.597597 0.000000 0.000000 -0.057202 -0.016721 -0.162308
    31 0.000005 -0.000003 -3.713254 0.807612 2.831522 6.175187
    32 18.045721 0.000000 0.000000 0.000000 0.000000 -0.782250
    33 17.597597 0.000000 0.000000 0.178693 0.125253 0.485308
  time 47
    0 0.254879 -0.281108 0.368674 0.000000 0.000000 -1.571017
    1 -3.386826 0.207038 0.000000 -1.570795 -1.570787 0.000000
    2 1.293670 0.684478 -0.000001 -0.000004 -0.000001 0.131512
    3 5.309685 -0.003834 0.000000 0.000000 0.000000 0.128849
    4 4.826790 -0.004591 0.000000 -0.166920 0.050875 0.209954
    5 5.792767 -0.005304 0.000000 -0.149280 0.000431 0.249696
    6 6.662322 -0.001452 0.000000 -0.005309 -0.005334 0.494497
    7 -3.108188 1.516823 4.339626 1.238993 -1.024532 -4.799756
    8 4.827512 0.000000 -0.000002 -0.511069 0.446572 -1.049104
    9 11.140032 0.000000 0.000000 0.070821 -0.086031 -0.554168
    10 10.314563 -0.000001 0.000001 -3.988822 0.203081 -0.504208
    11 1.646836 0.445664 -1.699647 -0.161704 0.581044 -0.283978
    12 0.928312 0.000000 0.000000 0.000000 0.000000 0.000000
    13 0.928313 0.000000 -0.000001 0.000000 0.000000 0.000000
    14 2.979373 -0.388274 -0.044205 -0.000805 -0.043611 0.000046
    15 1.435262 -0.000001 -0.000001 0.000000 0.000000 0.872146
    16 1.482593 -0.000001 0.000001 0.000000 0.000000 0.907041
    17 -2.869899 1.399667 -4.140396 -1.163265 1.764468 -4.903713
    18 4.972047 0.000000 0.000000 1.109402 -0.663255 -1.755116
    19 11.585358 0.000000 0.000001 0.386603 -0.382257 -1.479204
    20 10.127058 0.000000 0.000001 1.960763 0.596700 0.774136
    21 1.537458 0.109715 1.664489 -0.264662 -0.055995 0.783079
    22 0.928313 0.000000 0.000002 0.000000 0.000000 -0.453501
    23 0.928311 0.000000 0.000001 0.000000 0.000000 0.000000
    24 2.686395 -0.427337 0.044204 -0.005762 0.043239 -0.157074
    25 1.435260 0.000000 0.000001 0.000000 0.000000 0.732613
    26 1.482593 0.000000 -0.000001 0.000000 0.000000 1.168644
    27 2.046984 0.000001 0.000000 0.254835 0.315598 -0.043866
    28 -0.000005 0.000007 3.713254 -0.099865 -3.047848 5.708602
    29 18.045723 0.000000 0.000000 0.000000 0.000000 -0.413544
    30 17.597597 0.000000 0.000000 -0.057202 -0.016721 -0.162308
    31 0.000005 -0.000003 -3.713254 0.807612 2.831522 6.175187
    32 18.045721 0.000000 0.000000 0.000000 0.000000 -0.782250
    33 17.597597 0.000000 0.000000 0.178693 0.125253 0.485308
  time 48
    0 0.254879 -0.281108 0.368674 0.000000 0.000000 -1.571017
    1 -3.386826 0.207038 0.000000 -1.570795 -1.570787 0.000000
    2 1.293670 0.684478 -0.000001 -0.000004 -0.000001 0.131512
    3 5.309685 -0.003834 0.000000 0.000000 0.000000 0.128849
    4 4.826790 -0.004591 0.000000 -0.166920 0.050875 0.209954
    5 5.792767 -0.005304 0.000000 -0.149280 0.000431 0.249696
    6 6.662322 -0.001452 0.000000 -0.005309 -0.005334 0.494497
    7 -3.108188 1.516823 4.339626 1.238993 -1.024532 -4.799756
    8 4.827512 0.000000 -0.000002 -0.497119 0.413400 -1.001533
    9 11.140032 0.000000 0.000000 0.070821 -0.106004 -0.704581
    10 10.314563 -0.000001 0.000001 -3.988822 0.203081 -0.504208
    11 1.646836 0.445664 -1.699647 -0.161704 0.581044 -0.283978
    12 0.928312 0.000000 0.000000 0.000000 0.000000 0.000000
    13 0.928313 0.000000 -0.000001 0.000000 0.000000 0.000000
    14 2.979373 -0.388274 -0.044205 -0.000805 -0.043611 0.000046
    15 1.435262 -0.000001 -0.000001 0.000000 0.000000 0.872146
    16 1.482593 -0.000001 0.000001 0.000000 0.000000 0.907041
    17 -2.869899 1.399667 -4.140396 -1.163265 1.764468 -4.903713
    18 4.972047 0.000000 0.000000 1.107901 -0.665666 -1.752786
    19 11.585358 0.000000 0.000001 0.386603 -0.382665 -1.487290
    20 10.127058 0.000000 0.000001 1.960763 0.596700 0.774136
    21 1.537458 0.109715 1.664489 -0.264662 -0.055995 0.783079
    22 0.928313 0.000000 0.000002 0.000000 0.000000 -0.453501
    23 0.928311 0.000000 0.000001 0.000000 0.000000 0.000000
    24 2.686395 -0.427337 0.044204 -0.005762 0.043239 -0.157074
    25 1.435260 0.000000 0.000001 0.000000 0.000000 0.732613
    26 1.482593 0.000000 -0.000001 0.000000 0.000000 1.168644
    27 2.046984 0.000001 0.000000 0.254835 0.315598 -0.043866
    28 -0.000005 0.000007 3.713254 -0.099865 -3.047848 5.708602
    29 18.045723 0.000000 0.000000 0.000000 0.000000 -0.413544
    30 17.597597 0.000000 0.000000 -0.057202 -0.016721 -0.162308
    31 0.000005 -0.000003 -3.713254 0.807612 2.831522 6.175187
    32 18.045721 0.000000 0.000000 0.000000 0.000000 -0.782250
    33 17.597597 0.000000 0.000000 0.178693 0.125253 0.485308
  time 49
    0 0.254879 -0.281108 0.368674 0.000000 0.000000 -1.571017
    1 -3.386826 0.207038 0.000000 -1.570795 -1.570787 0.000000
    2 1.293670 0.684478 -0.000001 -0.000004 -0.000001 0.131512
    3 5.309685 -0.003834 0.000000 0.000000 0.000000 0.128849
    4 4.826790 -0.004591 0.000000 -0.166920 0.050875 0.209954
    5 5.792767 -0.005304 0.000000 -0.149280 0.000431 0.249696
    6 6.662322 -0.001452 0.000000 -0.005309 -0.005334 0.494497
    7 -3.108188 1.516823 4.339626 1.238993 -1.024532 -4.799756
    8 4.827512 0.000000 -0.000002 -0.500307 0.363686 -0.976924
    9 11.140032 0.000000 0.000000 0.070821 -0.118187 -0.807103
    10 10.314563 -0.000001 0.000001 -3.988822 0.203081 -0.504208
    11 1.646836 0.445664 -1.699647 -0.161704 0.581044 -0.283978
    12 0.928312 0.000000 0.000000 0.000000 0.000000 0.000000
    13 0.928313 0.000000 -0.000001 0.000000 0.000000 0.000000
    14 2.979373 -0.388274 -0.044205 -0.000805 -0.043611 0.000046
    15 1.435262 -0.000001 -0.000001 0.000000 0.000000 0.872146
    16 1.482593 -0.000001 0.000001 0.000000 0.000000 0.907041
    17 -2.869899 1.399667 -4.140396 -1.163265 1.764468 -4.903713
    18 4.972047 0.000000 0.000000 1.113529 -0.656024 -1.752320
    19 11.585358 0.000000 0.000001 0.386603 -0.383028 -1.508200
    20 10.127058 0.000000 0.000001 1.960763 0.596700 0.774136
    21 1.537458 0.109715 1.664489 -0.264662 -0.055995 0.783079
    22 0.928313 0.000000 0.000002 0.000000 0.000000 -0.453501
    23 0.928311 0.000000 0.000001 0.000000 0.000000 0.000000
    24 2.686395 -0.427337 0.044204 -0.005762 0.043239 -0.157074
    25 1.435260 0.000000 0.000001 0.000000 0.000000 0.732613
    26 1.482593 0.000000 -0.000001 0.000000 0.000000 1.168644
    27 2.046984 0.000001 0.000000 0.254835 0.315598 -0.043866
    28 -0.000005 0.000007 3.713254 -0.099865 -3.047848 5.708602
    29 18.045723 0.000000 0.000000 0.000000 0.000000 -0.413544
    30 17.597597 0.000000 0.000000 -0.057202 -0.016721 -0.162308
    31 0.000005 -0.000003 -3.713254 0.807612 2.831522 6.175187
    32 18.045721 0.000000 0.000000 0.000000 0.000000 -0.782250
    33 17.597597 0.000000 0.000000 0.178693 0.125253 0.485308
  time 50
    0 0.254879 -0.281108 0.368674 0.000000 0.000000 -1.571017
    1 -3.386826 0.207038 0.000000 -1.570795 -1.570787 0.000000
    2 1.293670 0.684478 -0.000001 -0.000004 -0.000001 0.131512
    3 5.309685 -0.003834 0.000000 0.000000 0.000000 0.128849
    4 4.826790 -0.004591 0.000000 -0.166920 0.050875 0.209954
    5 5.792767 -0.005304 0.000000 -0.149280 0.000431 0.249696
    6 6.662322 -0.001452 0.000000 -0.005309 -0.005334 0.494497
    7 -3.108188 1.516823 4.339626 1.238993 -1.024532 -4.799756
    8 4.827512 0.000000 -0.000002 -0.503974 0.342197 -0.967219
    9 11.140032 0.000000 0.000000 0.070821 -0.123704 -0.856806
    10 10.314563 -0.000001 0.000001 -3.988822 0.203081 -0.504208
    11 1.646836 0.445664 -1.699647 -0.161704 0.581044 -0.283978
    12 0.928312 0.000000 0.000000 0.000000 0.000000 0.000000
    13 0.928313 0.000000 -0.000001 0.000000 0.000000 0.000000
    14 2.979373 -0.388274 -0.044205 -0.000805 -0.043611 0.000046
    15 1.435262 -0.000001 -0.000001 0.000000 0.000000 0.872146
    16 1.482593 -0.000001 0.000001 0.000000 0.000000 0.907041
    17 -2.869899 1.399667 -4.140396 -1.163265 1.764468 -4.903713
    18 4.972047 0.000000 0.000000 1.126942 -0.634892 -1.754583
    19 11.585358 0.000000 0.000001 0.386603 -0.383482 -1.537033
    20 10.127058 0.000000 0.000001 1.960763 0.596700 0.774136
    21 1.537458 0.109715 1.664489 -0.264662 -0.055995 0.783079
    22 0.928313 0.000000 0.000002 0.000000 0.000000 -0.453501
    23 0.928311 0.000000 0.000001 0.000000 0.000000 0.000000
    24 2.686395 -0.427337 0.044204 -0.005762 0.043239 -0.157074
    25 1.435260 0.000000 0.000001 0.000000 0.000000 0.732613
    26 1.482593 0.000000 -0.000001 0.000000 0.000000 1.168644
    27 2.046984 0.000001 0.000000 0.254835 0.315598 -0.043866
    28 -0.000005 0.000007 3.713254 -0.099865 -3.047848 5.708602
    29 18.045723 0.000000 0.000000 0.000000 0.000000 -0.413544
    30 17.597597 0.000000 0.000000 -0.057202 -0.016721 -0.162308
    31 0.000005 -0.000003 -3.713254 0.807612 2.831522 6.175187
    32 18.045721 0.000000 0.000000 0.000000 0.000000 -0.782250
    33 17.597597 0.000000 0.000000 0.178693 0.125253 0.485308
  time 51
    0 0.254879 -0.281108 0.368674 0.000000 0.000000 -1.571017
    1 -3.386826 0.207038 0.000000 -1.570795 -1.570787 0.000000
    2 1.293670 0.684478 -0.000001 -0.000004 -0.000001 0.131512
    3 5.309685 -0.003834 0.000000 0.000000 0.000000 0.129397
    4 4.826790 -0.004591 0.000000 -0.166920 0.050875 0.210439
    5 5.792767 -0.005304 0.000000 -0.149280 0.000443 0.249676
    6 6.662322 -0.001452 0.000000 -0.005309 -0.005334 0.494497
    7 -3.108188 1.516823 4.339626 1.238993 -1.024532 -4.799756
    8 4.827512 0.000000 -0.000002 -0.485241 0.384237 -0.906477
    9 11.140032 0.000000 0.000000 0.070821 -0.132592 -0.943750
    10 10.314563 -0.000001 0.000001 -3.986737 0.234087 -0.521395
    11 1.646836 0.445664 -1.699647 -0.161704 0.581044 -0.283978
    12 0.928312 0.000000 0.000000 0.000000 0.000000 0.000000
    13 0.928313 0.000000 -0.000001 0.000000 0.000000 0.000000
    14 2.979373 -0.388274 -0.044205 -0.000805 -0.043611 0.000046
    15 1.435262 -0.000001 -0.000001 0.000000 0.000000 0.872146
    16 1.482593 -0.000001 0.000001 0.000000 0.000000 0.907041
    17 -2.869899 1.399667 -4.140396 -1.163265 1.764468 -4.903713
    18 4.972047 0.000000 0.000000 1.135384 -0.622598 -1.756513
    19 11.585358 0.000000 0.000001 0.386603 -0.383709 -1.552226
    20 10.127058 0.000000 0.000001 1.960763 0.596700 0.774136
    21 1.537458 0.109715 1.664489 -0.264662 -0.055995 0.783079
    22 0.928313 0.000000 0.000002 0.000000 0.000000 -0.453501
    23 0.928311 0.000000 0.000001 0.000000 0.000000 0.000000
    24 2.686395 -0.427337 0.044204 -0.005762 0.043239 -0.157074
    25 1.435260 0.000000 0.000001 0.000000 0.000000 0.732613
    26 1.482593 0.000000 -0.000001 0.000000 0.000000 1.168644
    27 2.046984 0.000001 0.000000 0.253155 0.316336 -0.041554
    28 -0.000005 0.000007 3.713254 -0.099865 -3.047848 5.708602
    29 18.045723 0.000000 0.000000 0.000000 0.000000 -0.413544
    30 17.597597 0.000000 0.000000 -0.057202 -0.016721 -0.162308
    31 0.000005 -0.000003 -3.713254 0.807612 2.831522 6.175187
    32 18.045721 0.000000 0.000000 0.000000 0.000000 -0.782250
    33 17.597597 0.000000 0.000000 0.178693 0.125253 0.485308
  time 52
    0 0.254879 -0.281108 0.368674 0.000000 0.000000 -1.571017
    1 -3.386826 0.207038 0.000000 -1.570795 -1.570787 0.000000
    2 1.293670 0.684478 -0.000001 -0.000004 -0.000001 0.131512
    3 5.309685 -0.003834 0.000000 0.000000 0.000000 0.130951
    4 4.826790 -0.004591 0.000000 -0.166920 0.050875 0.211828
    5 5.792767 -0.005304 0.000000 -0.149262 0.000455 0.249593
    6 6.662322 -0.001452 0.000000 -0.005309 -0.005334 0.494497
    7 -3.108188 1.516823 4.339626 1.238993 -1.024532 -4.799756
    8 4.827512 0.000000 -0.000002 -0.439802 0.461836 -0.770956
    9 11.140032 0.000000 0.000000 0.070821 -0.144925 -1.086121
    10 10.314563 -0.000001 0.000001 -3.981145 0.322514 -0.570342
    11 1.646836 0.445664 -1.699647 -0.161704 0.581044 -0.283978
    12 0.928312 0.000000 0.000000 0.000000 0.000000 0.000000
    13 0.928313 0.000000 -0.000001 0.000000 0.000000 0.000000
    14 2.979373 -0.388274 -0.044205 -0.000805 -0.043611 0.000046
    15 1.435262 -0.000001 -0.000001 0.000000 0.000000 0.872146
    16 1.482593 -0.000001 0.000001 0.000000 0.000000 0.907041
    17 -2.869899 1.399667 -4.140396 -1.163265 1.764468 -4.903713
    18 4.972047 0.000000 0.000000 1.134165 -0.624527 -1.755448
    19 11.585358 0.000000 0.000001 0.386603 -0.383754 -1.554758
    20 10.127058 0.000000 0.000001 1.960763 0.596700 0.774136
    21 1.537458 0.109715 1.664489 -0.264662 -0.055995 0.783079
    22 0.928313 0.000000 0.000002 0.000000 0.000000 -0.453501
    23 0.928311 0.000000 0.000001 0.000000 0.000000 0.000000
    24 2.686395 -0.427337 0.044204 -0.005762 0.043239 -0.157074
    25 1.435260 0.000000 0.000001 0.000000 0.000000 0.732613
    26 1.482593 0.000000 -0.000001 0.000000 0.000000 1.168644
    27 2.046984 0.000001 0.000000 0.248459 0.318431 -0.034985
    28 -0.000005 0.000007 3.713254 -0.099865 -3.047848 5.708602
    29 18.045723 0.000000 0.000000 0.000000 0.000000 -0.413544
    30 17.597597 0.000000 0.000000 -0.057202 -0.016721 -0.162308
    31 0.000005 -0.000003 -3.713254 0.807612 2.831522 6.175187
    32 18.045721 0.000000 0.000000 0.000000 0.000000 -0.782250
    33 17.597597 0.000000 0.000000 0.178693 0.125253 0.485308
  time 53
    0 0.254879 -0.281108 0.368674 0.000000 0.000000 -1.571017
    1 -3.386826 0.207038 0.000000 -1.570795 -1.570787 0.000000
    2 1.293670 0.684478 -0.000001 -0.000004 -0.000001 0.131512
    3 5.309685 -0.003834 0.000000 0.000000 0.000000 0.133424
    4 4.826790 -0.004591 0.000000 -0.166920 0.050875 0.214055
    5 5.792767 -0.005304 0.000000 -0.149262 0.000467 0.249468
    6 6.662322 -0.001452 0.000000 -0.005309 -0.005334 0.494497
    7 -3.108188 1.516823 4.339626 1.238993 -1.024532 -4.799756
    8 4.827512 0.000000 -0.000002 -0.374355 0.536876 -0.602334
    9 11.140032 0.000000 0.000000 0.070821 -0.153638 -1.214581
    10 10.314563 -0.000001 0.000001 -3.972237 0.461055 -0.647102
    11 1.646836 0.445664 -1.699647 -0.161704 0.581044 -0.283978
    12 0.928312 0.000000 0.000000 0.000000 0.000000 0.000000
    13 0.928313 0.000000 -0.000001 0.000000 0.000000 0.000000
    14 2.979373 -0.388274 -0.044205 -0.000805 -0.043611 0.000046
    15 1.435262 -0.000001 -0.000001 0.000000 0.000000 0.872146
    16 1.482593 -0.000001 0.000001 0.000000 0.000000 0.907041
    17 -2.869899 1.399667 -4.140396 -1.163265 1.764468 -4.903713
    18 4.972047 0.000000 0.000000 1.129850 -0.630473 -1.753052
    19 11.585358 0.000000 0.000001 0.386603 -0.383777 -1.555656
    20 10.127058 0.000000 0.000001 1.960763 0.596700 0.774136
    21 1.537458 0.109715 1.664489 -0.264662 -0.055995 0.783079
    22 0.928313 0.000000 0.000002 0.000000 0.000000 -0.453501
    23 0.928311 0.000000 0.000001 0.000000 0.000000 0.000000
    24 2.686395 -0.427337 0.044204 -0.005762 0.043239 -0.157074
    25 1.435260 0.000000 0.000001 0.000000 0.000000 0.732613
    26 1.482593 0.000000 -0.000001 0.000000 0.000000 1.168644
    27 2.046984 0.000001 0.000000 0.241135 0.321676 -0.024826
    28 -0.000005 0.000007 3.713254 -0.099865 -3.047848 5.708602
    29 18.045723 0.000000 0.000000 0.000000 0.000000 -0.413544
    30 17.597597 0.000000 0.000000 -0.057202 -0.016721 -0.162308
    31 0.000005 -0.000003 -3.713254 0.807612 2.831522 6.175187
    32 18.045721 0.000000 0.000000 0.000000 0.000000 -0.782250
    33 17.597597 0.000000 0.000000 0.178693 0.125253 0.485308
  time 54
    0 0.254879 -0.281108 0.368674 0.000000 0.000000 -1.571017
    1 -3.386826 0.207038 0.000000 -1.570795 -1.570787 0.000000
    2 1.293670 0.684478 -0.000001 -0.000004 -0.000001 0.131512
    3 5.309685 -0.003834 0.000000 0.000000 0.000000 0.136674
    4 4.826790 -0.004591 0.000000 -0.166920 0.050875 0.216965
    5 5.792767 -0.005304 0.000000 -0.149244 0.000503 0.249302
    6 6.662322 -0.001452 0.000000 -0.005309 -0.005334 0.494497
    7 -3.108188 1.516823 4.339626 1.238993 -1.024532 -4.799756
    8 4.827512 0.000000 -0.000002 -0.305399 0.586250 -0.440818
    9 11.140032 0.000000 0.000000 0.070821 -0.158232 -1.305147
    10 10.314563 -0.000001 0.000001 -3.960579 0.642685 -0.747667
    11 1.646836 0.445664 -1.699647 -0.161704 0.581044 -0.283978
    12 0.928312 0.000000 0.000000 0.000000 0.000000 0.000000
    13 0.928313 0.000000 -0.000001 0.000000 0.000000 0.000000
    14 2.979373 -0.388274 -0.044205 -0.000805 -0.043611 0.000046
    15 1.435262 -0.000001 -0.000001 0.000000 0.000000 0.872146
    16 1.482593 -0.000001 0.000001 0.000000 0.000000 0.907041
    17 -2.869899 1.399667 -4.140396 -1.163265 1.764468 -4.903713
    18 4.972047 0.000000 0.000000 1.122909 -0.639793 -1.749525
    19 11.585358 0.000000 0.000001 0.386603 -0.383754 -1.554840
    20 10.127058 0.000000 0.000001 1.960763 0.596700 0.774136
    21 1.537458 0.109715 1.664489 -0.264662 -0.055995 0.783079
    22 0.928313 0.000000 0.000002 0.000000 0.000000 -0.453501
    23 0.928311 0.000000 0.000001 0.000000 0.000000 0.000000
    24 2.686395 -0.427337 0.044204 -0.005762 0.043239 -0.157074
    25 1.435260 0.000000 0.000001 0.000000 0.000000 0.732613
    26 1.482593 0.000000 -0.000001 0.000000 0.000000 1.168644
    27 2.046984 0.000001 0.000000 0.231743 0.325866 -0.011748
    28 -0.000005 0.000007 3.713254 -0.099865 -3.047848 5.708602
    29 18.045723 0.000000 0.000000 0.000000 0.000000 -0.413544
    30 17.597597 0.000000 0.000000 -0.057202 -0.016721 -0.162308
    31 0.000005 -0.000003 -3.713254 0.807612 2.831522 6.175187
    32 18.045721 0.000000 0.000000 0.000000 0.000000 -0.782250
    33 17.597597 0.000000 0.000000 0.178693 0.125253 0.485308
  time 55
    0 0.254879 -0.281108 0.368674 0.000000 0.000000 -1.571017
    1 -3.386826 0.207038 0.000000 -1.570795 -1.570787 0.000000
    2 1.293670 0.684478 -0.000001 -0.000004 -0.000001 0.131512
    3 5.309685 -0.003834 0.000000 0.000000 0.000000 0.140613
    4 4.826790 -0.004591 0.000000 -0.166920 0.050875 0.220493
    5 5.792767 -0.005304 0.000000 -0.149244 0.000527 0.249115
    6 6.662322 -0.001452 0.000000 -0.005309 -0.005334 0.494497
    7 -3.108188 1.516823 4.339626 1.238993 -1.024532 -4.799756
    8 4.827512 0.000000 -0.000002 -0.259084 0.604584 -0.327653
    9 11.140032 0.000000 0.000000 0.070821 -0.160653 -1.371297
    10 10.314563 -0.000001 0.000001 -3.946552 0.860098 -0.868091
    11 1.646836 0.445664 -1.699647 -0.161704 0.581044 -0.283978
    12 0.928312 0.000000 0.000000 0.000000 0.000000 0.000000
    13 0.928313 0.000000 -0.000001 0.000000 0.000000 0.000000
    14 2.979373 -0.388274 -0.044205 -0.000805 -0.043611 0.000046
    15 1.435262 -0.000001 -0.000001 0.000000 0.000000 0.872146
    16 1.482593 -0.000001 0.000001 0.000000 0.000000 0.907041
    17 -2.869899 1.399667 -4.140396 -1.163265 1.764468 -4.903713
    18 4.972047 0.000000 0.000000 1.114467 -0.652006 -1.745465
    19 11.585358 0.000000 0.000001 0.386603 -0.383709 -1.551817
    20 10.127058 0.000000 0.000001 1.960763 0.596700 0.774136
    21 1.537458 0.109715 1.664489 -0.264662 -0.055995 0.783079
    22 0.928313 0.000000 0.000002 0.000000 0.000000 -0.453501
    23 0.928311 0.000000 0.000001 0.000000 0.000000 0.000000
    24 2.686395 -0.427337 0.044204 -0.005762 0.043239 -0.157074
    25 1.435260 0.000000 0.000001 0.000000 0.000000 0.732613
    26 1.482593 0.000000 -0.000001 0.000000 0.000000 1.168644
    27 2.046984 0.000001 0.000000 0.220714 0.330763 0.003641
    28 -0.000005 0.000007 3.713254 -0.099865 -3.047848 5.708602
    29 18.045723 0.000000 0.000000 0.000000 0.000000 -0.413544
    30 17.597597 0.000000 0.000000 -0.057202 -0.016721 -0.162308
    31 0.000005 -0.000003 -3.713254 0.807612 2.831522 6.175187
    32 18.045721 0.000000 0.000000 0.000000 0.000000 -0.782250
    33 17.597597 0.000000 0.000000 0.178693 0.125253 0.485308
  time 56
    0 0.254879 -0.281108 0.368674 0.000000 0.000000 -1.571017
    1 -3.386826 0.207038 0.000000 -1.570795 -1.570787 0.000000
    2 1.293670 0.684478 -0.000001 -0.000004 -0.000001 0.131512
    3 5.309685 -0.003834 0.000000 0.000000 0.000000 0.145118
    4 4.826790 -0.004591 0.000000 -0.166920 0.050875 0.224528
    5 5.792767 -0.005304 0.000000 -0.149226 0.000575 0.248887
    6 6.662322 -0.001452 0.000000 -0.005309 -0.005334 0.494497
    7 -3.108188 1.516823 4.339626 1.238993 -1.024532 -4.799756
    8 4.827512 0.000000 -0.000002 -0.248800 0.592987 -0.266737
    9 11.140032 0.000000 0.000000 0.070821 -0.162501 -1.439693
    10 10.314563 -0.000001 0.000001 -3.930819 1.106175 -1.004423
    11 1.646836 0.445664 -1.699647 -0.161704 0.581044 -0.283978
    12 0.928312 0.000000 0.000000 0.000000 0.000000 0.000000
    13 0.928313 0.000000 -0.000001 0.000000 0.000000 0.000000
    14 2.979373 -0.388274 -0.044205 -0.000805 -0.043611 0.000046
    15 1.435262 -0.000001 -0.000001 0.000000 0.000000 0.872146
    16 1.482593 -0.000001 0.000001 0.000000 0.000000 0.907041
    17 -2.869899 1.399667 -4.140396 -1.163265 1.764468 -4.903713
    18 4.972047 0.000000 0.000000 1.104899 -0.666389 -1.741272
    19 11.585358 0.000000 0.000001 0.386603 -0.383618 -1.546181
    20 10.127058 0.000000 0.000001 1.960763 0.596700 0.774136
    21 1.537458 0.109715 1.664489 -0.264662 -0.055995 0.783079
    22 0.928313 0.000000 0.000002 0.000000 0.000000 -0.453501
    23 0.928311 0.000000 0.000001 0.000000 0.000000 0.000000
    24 2.686395 -0.427337 0.044204 -0.005762 0.043239 -0.157074
    25 1.435260 0.000000 0.000001 0.000000 0.000000 0.732613
    26 1.482593 0.000000 -0.000001 0.000000 0.000000 1.168644
    27 2.046984 0.000001 0.000000 0.208521 0.336192 0.020673
    28 -0.000005 0.000007 3.713254 -0.099865 -3.047848 5.708602
    29 18.045723 0.000000 0.000000 0.000000 0.000000 -0.413544
    30 17.597597 0.000000 0.000000 -0.057202 -0.016721 -0.162308
    31 0.000005 -0.000003 -3.713254 0.807612 2.831522 6.175187
    32 18.045721 0.000000 0.000000 0.000000 0.000000 -0.782250
    33 17.597597 0.000000 0.000000 0.178693 0.125253 0.485308
  time 57
    0 0.254879 -0.281108 0.368674 0.000000 0.000000 -1.571017
    1 -3.386826 0.207038 0.000000 -1.570795 -1.570787 0.000000
    2 1.293670 0.684478 -0.000001 -0.000004 -0.000001 0.131512
    3 5.309685 -0.003834 0.000000 0.000000 0.000000 0.150063
    4 4.826790 -0.004591 0.000000 -0.166920 0.050875 0.228959
    5 5.792767 -0.005304 0.000000 -0.149226 0.000611 0.248638
    6 6.662322 -0.001452 0.000000 -0.005309 -0.005334 0.494497
    7 -3.108188 1.516823 4.339626 1.238993 -1.024532 -4.799756
    8 4.827512 0.000000 -0.000002 -0.268411 0.560327 -0.233724
    9 11.140032 0.000000 0.000000 0.070821 -0.163674 -1.514393
    10 10.314563 -0.000001 0.000001 -3.913570 1.373703 -1.152659
    11 1.646836 0.445664 -1.699647 -0.161704 0.581044 -0.283978
    12 0.928312 0.000000 0.000000 0.000000 0.000000 0.000000
    13 0.928313 0.000000 -0.000001 0.000000 0.000000 0.000000
    14 2.979373 -0.388274 -0.044205 -0.000805 -0.043611 0.000046
    15 1.435262 -0.000001 -0.000001 0.000000 0.000000 0.872146
    16 1.482593 -0.000001 0.000001 0.000000 0.000000 0.907041
    17 -2.869899 1.399667 -4.140396 -1.163265 1.764468 -4.903713
    18 4.972047 0.000000 0.000000 1.094113 -0.681816 -1.736746
    19 11.585358 0.000000 0.000001 0.386603 -0.383482 -1.537605
    20 10.127058 0.000000 0.000001 1.960763 0.596700 0.774136
    21 1.537458 0.109715 1.664489 -0.264662 -0.055995 0.783079
    22 0.928313 0.000000 0.000002 0.000000 0.000000 -0.453501
    23 0.928311 0.000000 0.000001 0.000000 0.000000 0.000000
    24 2.686395 -0.427337 0.044204 -0.005762 0.043239 -0.157074
    25 1.435260 0.000000 0.000001 0.000000 0.000000 0.732613
    26 1.482593 0.000000 -0.000001 0.000000 0.000000 1.168644
    27 2.046984 0.000001 0.000000 0.195596 0.341945 0.038618
    28 -0.000005 0.000007 3.713254 -0.099865 -3.047848 5.708602
    29 18.045723 0.000000 0.000000 0.000000 0.000000 -0.413544
    30 17.597597 0.000000 0.000000 -0.057202 -0.016721 -0.162308
    31 0.000005 -0.000003 -3.713254 0.807612 2.831522 6.175187
    32 18.045721 0.000000 0.000000 0.000000 0.000000 -0.782250
    33 17.597597 0.000000 0.000000 0.178693 0.125253 0.485308
  time 58
    0 0.254879 -0.281108 0.368674 0.000000 0.000000 -1.571017
    1 -3.386826 0.207038 0.000000 -1.570795 -1.570787 0.000000
    2 1.293670 0.684478 -0.000001 -0.000004 -0.000001 0.131512
    3 5.309685 -0.003834 0.000000 0.000000 0.000000 0.155363
    4 4.826790 -0.004591 0.000000 -0.166920 0.050875 0.233700
    5 5.792767 -0.005304 0.000000 -0.149208 0.000659 0.248368
    6 6.662322 -0.001452 0.000000 -0.005309 -0.005334 0.494497
    7 -3.108188 1.516823 4.339626 1.238993 -1.024532 -4.799756
    8 4.827512 0.000000 -0.000002 -0.309943 0.518372 -0.222546
    9 11.140032 0.000000 0.000000 0.070821 -0.163949 -1.588368
    10 10.314563 -0.000001 0.000001 -0.754012 1.485829 1.832725
    11 1.646836 0.445664 -1.699647 -0.161704 0.581044 -0.283978
    12 0.928312 0.000000 0.000000 0.000000 0.000000 0.000000
    13 0.928313 0.000000 -0.000001 0.000000 0.000000 0.000000
    14 2.979373 -0.388274 -0.044205 -0.000805 -0.043611 0.000046
    15 1.435262 -0.000001 -0.000001 0.000000 0.000000 0.872146
    16 1.482593 -0.000001 0.000001 0.000000 0.000000 0.907041
    17 -2.869899 1.399667 -4.140396 -1.163265 1.764468 -4.903713
    18 4.972047 0.000000 0.000000 1.083607 -0.698127 -1.732886
    19 11.585358 0.000000 0.000001 0.386603 -0.383301 -1.525843
    20 10.127058 0.000000 0.000001 1.960763 0.596700 0.774136
    21 1.537458 0.109715 1.664489 -0.264662 -0.055995 0.783079
    22 0.928313 0.000000 0.000002 0.000000 0.000000 -0.453501
    23 0.928311 0.000000 0.000001 0.000000 0.000000 0.000000
    24 2.686395 -0.427337 0.044204 -0.005762 0.043239 -0.157074
    25 1.435260 0.000000 0.000001 0.000000 0.000000 0.732613
    26 1.482593 0.000000 -0.000001 0.000000 0.000000 1.168644
    27 2.046984 0.000001 0.000000 0.182456 0.347787 0.056927
    28 -0.000005 0.000007 3.713254 -0.099865 -3.047848 5.708602
    29 18.045723 0.000000 0.000000 0.000000 0.000000 -0.413544
    30 17.597597 0.000000 0.000000 -0.057202 -0.016721 -0.162308
    31 0.000005 -0.000003 -3.713254 0.807612 2.831522 6.175187
    32 18.045721 0.000000 0.000000 0.000000 0.000000 -0.782250
    33 17.597597 0.000000 0.000000 0.178693 0.125253 0.485308
  time 59
    0 0.254879 -0.281108 0.368674 0.000000 0.000000 -1.571017
    1 -3.386826 0.207038 0.000000 -1.570795 -1.570787 0.000000
    2 1.293670 0.684478 -0.000001 -0.000004 -0.000001 0.131512
    3 5.309685 -0.003834 0.000000 0.000000 0.000000 0.160874
    4 4.826790 -0.004591 0.000000 -0.166920 0.050875 0.238639
    5 5.792767 -0.005304 0.000000 -0.149190 0.000707 0.248098
    6 6.662322 -0.001452 0.000000 -0.005309 -0.005334 0.494497
    7 -3.108188 1.516823 4.339626 1.238993 -1.024532 -4.799756
    8 4.827512 0.000000 -0.000002 -0.359766 0.478890 -0.223499
    9 11.140032 0.000000 0.000000 0.070821 -0.163400 -1.660314
    10 10.314563 -0.000001 0.000001 -0.735436 1.196756 1.672644
    11 1.646836 0.445664 -1.699647 -0.161704 0.581044 -0.283978
    12 0.928312 0.000000 0.000000 0.000000 0.000000 0.000000
    13 0.928313 0.000000 -0.000001 0.000000 0.000000 0.000000
    14 2.979373 -0.388274 -0.044205 -0.000805 -0.043611 0.000046
    15 1.435262 -0.000001 -0.000001 0.000000 0.000000 0.872146
    16 1.482593 -0.000001 0.000001 0.000000 0.000000 0.907041
    17 -2.869899 1.399667 -4.140396 -1.163265 1.764468 -4.903713
    18 4.972047 0.000000 0.000000 1.073383 -0.714197 -1.729625
    19 11.585358 0.000000 0.000001 0.386603 -0.383074 -1.510896
    20 10.127058 0.000000 0.000001 1.960763 0.596700 0.774136
    21 1.537458 0.109715 1.664489 -0.264662 -0.055995 0.783079
    22 0.928313 0.000000 0.000002 0.000000 0.000000 -0.453501
    23 0.928311 0.000000 0.000001 0.000000 0.000000 0.000000
    24 2.686395 -0.427337 0.044204 -0.005762 0.043239 -0.157074
    25 1.435260 0.000000 0.000001 0.000000 0.000000 0.732613
    26 1.482593 0.000000 -0.000001 0.000000 0.000000 1.168644
    27 2.046984 0.000001 0.000000 0.169531 0.353510 0.074933
    28 -0.000005 0.000007 3.713254 -0.099865 -3.047848 5.708602
    29 18.045723 0.000000 0.000000 0.000000 0.000000 -0.413544
    30 17.597597 0.000000 0.000000 -0.057202 -0.016721 -0.162308
    31 0.000005 -0.000003 -3.713254 0.807612 2.831522 6.175187
    32 18.045721 0.000000 0.000000 0.000000 0.000000 -0.782250
    33 17.597597 0.000000 0.000000 0.178693 0.125253 0.485308
  time 60
    0 0.254879 -0.281108 0.368674 0.000000 0.000000 -1.571017
    1 -3.386826 0.207038 0.000000 -1.570795 -1.570787 0.000000
    2 1.293670 0.684478 -0.000001 -0.000004 -0.000001 0.131512
    3 5.309685 -0.003834 0.000000 0.000000 0.000000 0.166491
    4 4.826790 -0.004591 0.000000 -0.166920 0.050875 0.243688
    5 5.792767 -0.005304 0.000000 -0.149172 0.000755 0.247807
    6 6.662322 -0.001452 0.000000 -0.005309 -0.005334 0.494497
    7 -3.108188 1.516823 4.339626 1.238993 -1.024532 -4.799756
    8 4.827512 0.000000 -0.000002 -0.399465 0.454587 -0.223152
    9 11.140032 0.000000 0.000000 0.070821 -0.161752 -1.735738
    10 10.314563 -0.000001 0.000001 -0.716860 0.907684 1.512506
    11 1.646836 0.445664 -1.699647 -0.161704 0.581044 -0.283978
    12 0.928312 0.000000 0.000000 0.000000 0.000000 0.000000
    13 0.928313 0.000000 -0.000001 0.000000 0.000000 0.000000
    14 2.979373 -0.388274 -0.044205 -0.000805 -0.043611 0.000046
    15 1.435262 -0.000001 -0.000001 0.000000 0.000000 0.872146
    16 1.482593 -0.000001 0.000001 0.000000 0.000000 0.907041
    17 -2.869899 1.399667 -4.140396 -1.163265 1.764468 -4.903713
    18 4.972047 0.000000 0.000000 1.064097 -0.729704 -1.727295
    19 11.585358 0.000000 0.000001 0.386603 -0.382801 -1.492926
    20 10.127058 0.000000 0.000001 1.960763 0.596700 0.774136
    21 1.537458 0.109715 1.664489 -0.264662 -0.055995 0.783079
    22 0.928313 0.000000 0.000002 0.000000 0.000000 -0.453501
    23 0.928311 0.000000 0.000001 0.000000 0.000000 0.000000
    24 2.686395 -0.427337 0.044204 -0.005762 0.043239 -0.157074
    25 1.435260 0.000000 0.000001 0.000000 0.000000 0.732613
    26 1.482593 0.000000 -0.000001 0.000000 0.000000 1.168644
    27 2.046984 0.000001 0.000000 0.157339 0.358939 0.091904
    28 -0.000005 0.000007 3.713254 -0.099865 -3.047848 5.708602
    29 18.045723 0.000000 0.000000 0.000000 0.000000 -0.413544
    30 17.597597 0.000000 0.000000 -0.057202 -0.016721 -0.162308
    31 0.000005 -0.000003 -3.713254 0.807612 2.831522 6.175187
    32 18.045721 0.000000 0.000000 0.000000 0.000000 -0.782250
    33 17.597597 0.000000 0.000000 0.178693 0.125253 0.485308
  time 61
    0 0.254879 -0.281108 0.368674 0.000000 0.000000 -1.571017
    1 -3.386826 0.207038 0.000000 -1.570795 -1.570787 0.000000
    2 1.293670 0.684478 -0.000001 -0.000004 -0.000001 0.131512
    3 5.309685 -0.003834 0.000000 0.000000 0.000000 0.172125
    4 4.826790 -0.004591 0.000000 -0.166920 0.050875 0.248715
    5 5.792767 -0.005304 0.000000 -0.149154 0.000803 0.247537
    6 6.662322 -0.001452 0.000000 -0.005309 -0.005334 0.494497
    7 -3.108188 1.516823 4.339626 1.238993 -1.024532 -4.799756
    8 4.827512 0.000000 -0.000002 -0.429519 0.447936 -0.248281
    9 11.140032 0.000000 0.000000 0.070821 -0.158956 -1.817175
    10 10.314563 -0.000001 0.000001 -0.698758 0.625731 1.356373
    11 1.646836 0.445664 -1.699647 -0.161704 0.581044 -0.283978
    12 0.928312 0.000000 0.000000 0.000000 0.000000 0.000000
    13 0.928313 0.000000 -0.000001 0.000000 0.000000 0.000000
    14 2.979373 -0.388274 -0.044205 -0.000805 -0.043611 0.000046
    15 1.435262 -0.000001 -0.000001 0.000000 0.000000 0.872146
    16 1.482593 -0.000001 0.000001 0.000000 0.000000 0.907041
    17 -2.869899 1.399667 -4.140396 -1.163265 1.764468 -4.903713
    18 4.972047 0.000000 0.000000 1.056030 -0.744248 -1.726297
    19 11.585358 0.000000 0.000001 0.386603 -0.381917 -1.472588
    20 10.127058 0.000000 0.000001 1.960763 0.596700 0.774136
    21 1.537458 0.109715 1.664489 -0.264662 -0.055995 0.783079
    22 0.928313 0.000000 0.000002 0.000000 0.000000 -0.453501
    23 0.928311 0.000000 0.000001 0.000000 0.000000 0.000000
    24 2.686395 -0.427337 0.044204 -0.005762 0.043239 -0.157074
    25 1.435260 0.000000 0.000001 0.000000 0.000000 0.732613
    26 1.482593 0.000000 -0.000001 0.000000 0.000000 1.168644
    27 2.046984 0.000001 0.000000 0.146310 0.363837 0.107293
    28 -0.000005 0.000007 3.713254 -0.099865 -3.047848 5.708602
    29 18.045723 0.000000 0.000000 0.000000 0.000000 -0.413544
    30 17.597597 0.000000 0.000000 -0.057202 -0.016721 -0.162308
    31 0.000005 -0.000003 -3.713254 0.807612 2.831522 6.175187
    32 18.045721 0.000000 0.000000 0.000000 0.000000 -0.782250
    33 17.597597 0.000000 0.000000 0.178693 0.125253 0.485308
  time 62
    0 0.254879 -0.281108 0.368674 0.000000 0.000000 -1.571017
    1 -3.386826 0.207038 0.000000 -1.570795 -1.570787 0.000000
    2 1.293670 0.684478 -0.000001 -0.000004 -0.000001 0.131512
    3 5.309685 -0.003834 0.000000 0.000000 0.000000 0.177636
    4 4.826790 -0.004591 0.000000 -0.166920 0.050875 0.253654
    5 5.792767 -0.005304 0.000000 -0.149154 0.000851 0.247267
    6 6.662322 -0.001452 0.000000 -0.005309 -0.005334 0.494497
    7 -3.108188 1.516823 4.339626 1.238993 -1.024532 -4.799756
    8 4.827512 0.000000 -0.000002 -0.459413 0.445719 -0.332072
    9 11.140032 0.000000 0.000000 0.070821 -0.155585 -1.889846
    10 10.314563 -0.000001 0.000001 -0.681508 0.358109 1.208138
    11 1.646836 0.445664 -1.699647 -0.161704 0.581044 -0.283978
    12 0.928312 0.000000 0.000000 0.000000 0.000000 0.000000
    13 0.928313 0.000000 -0.000001 0.000000 0.000000 0.000000
    14 2.979373 -0.388274 -0.044205 -0.000805 -0.043611 0.000046
    15 1.435262 -0.000001 -0.000001 0.000000 0.000000 0.872146
    16 1.482593 -0.000001 0.000001 0.000000 0.000000 0.907041
    17 -2.869899 1.399667 -4.140396 -1.163265 1.764468 -4.903713
    18 4.972047 0.000000 0.000000 1.049652 -0.757345 -1.726763
    19 11.585358 0.000000 0.000001 0.386603 -0.380782 -1.449963
    20 10.127058 0.000000 0.000001 1.960763 0.596700 0.774136
    21 1.537458 0.109715 1.664489 -0.264662 -0.055995 0.783079
    22 0.928313 0.000000 0.000002 0.000000 0.000000 -0.453501
    23 0.928311 0.000000 0.000001 0.000000 0.000000 0.000000
    24 2.686395 -0.427337 0.044204 -0.005762 0.043239 -0.157074
    25 1.435260 0.000000 0.000001 0.000000 0.000000 0.732613
    26 1.482593 0.000000 -0.000001 0.000000 0.000000 1.168644
    27 2.046984 0.000001 0.000000 0.136918 0.368026 0.120372
    28 -0.000005 0.000007 3.713254 -0.099865 -3.047848 5.708602
    29 18.045723 0.000000 0.000000 0.000000 0.000000 -0.413544
    30 17.597597 0.000000 0.000000 -0.057202 -0.016721 -0.162308
    31 0.000005 -0.000003 -3.713254 0.807612 2.831522 6.175187
    32 18.045721 0.000000 0.000000 0.000000 0.000000 -0.782250
    33 17.597597 0.000000 0.000000 0.178693 0.125253 0.485308
  time 63
    0 0.254879 -0.281108 0.368674 0.000000 0.000000 -1.571017
    1 -3.386826 0.207038 0.000000 -1.570795 -1.570787 0.000000
    2 1.293670 0.684478 -0.000001 -0.000004 -0.000001 0.131512
    3 5.309685 -0.003834 0.000000 0.000000 0.000000 0.182935
    4 4.826790 -0.004591 0.000000 -0.166920 0.050875 0.258394
    5 5.792767 -0.005304 0.000000 -0.149136 0.000887 0.246997
    6 6.662322 -0.001452 0.000000 -0.005309 -0.005334 0.494497
    7 -3.108188 1.516823 4.339626 1.238993 -1.024532 -4.799756
    8 4.827512 0.000000 -0.000002 -0.479581 0.439323 -0.461268
    9 11.140032 0.000000 0.000000 0.070821 -0.152964 -1.937810
    10 10.314563 -0.000001 0.000001 -0.665776 0.112032 1.071863
    11 1.646836 0.445664 -1.699647 -0.161704 0.581044 -0.283978
    12 0.928312 0.000000 0.000000 0.000000 0.000000 0.000000
    13 0.928313 0.000000 -0.000001 0.000000 0.000000 0.000000
    14 2.979373 -0.388274 -0.044205 -0.000805 -0.043611 0.000046
    15 1.435262 -0.000001 -0.000001 0.000000 0.000000 0.872146
    16 1.482593 -0.000001 0.000001 0.000000 0.000000 0.907041
    17 -2.869899 1.399667 -4.140396 -1.163265 1.764468 -4.903713
    18 4.972047 0.000000 0.000000 1.044962 -0.768674 -1.728227
    19 11.585358 0.000000 0.000001 0.386603 -0.379580 -1.426439
    20 10.127058 0.000000 0.000001 1.960763 0.596700 0.774136
    21 1.537458 0.109715 1.664489 -0.264662 -0.055995 0.783079
    22 0.928313 0.000000 0.000002 0.000000 0.000000 -0.453501
    23 0.928311 0.000000 0.000001 0.000000 0.000000 0.000000
    24 2.686395 -0.427337 0.044204 -0.005762 0.043239 -0.157074
    25 1.435260 0.000000 0.000001 0.000000 0.000000 0.732613
    26 1.482593 0.000000 -0.000001 0.000000 0.000000 1.168644
    27 2.046984 0.000001 0.000000 0.129636 0.371271 0.130530
    28 -0.000005 0.000007 3.713254 -0.099865 -3.047848 5.708602
    29 18.045723 0.000000 0.000000 0.000000 0.000000 -0.413544
    30 17.597597 0.000000 0.000000 -0.057202 -0.016721 -0.162308
    31 0.000005 -0.000003 -3.713254 0.807612 2.831522 6.175187
    32 18.045721 0.000000 0.000000 0.000000 0.000000 -0.782250
    33 17.597597 0.000000 0.000000 0.178693 0.125253 0.485308
  time 64
    0 0.254879 -0.281108 0.368674 0.000000 0.000000 -1.571017
    1 -3.386826 0.207038 0.000000 -1.570795 -1.570787 0.000000
    2 1.293670 0.684478 -0.000001 -0.000004 -0.000001 0.131512
    3 5.309685 -0.003834 0.000000 0.000000 0.000000 0.187881
    4 4.826790 -0.004591 0.000000 -0.166920 0.050875 0.262848
    5 5.792767 -0.005304 0.000000 -0.149118 0.000935 0.246748
    6 6.662322 -0.001452 0.000000 -0.005309 -0.005334 0.494497
    7 -3.108188 1.516823 4.339626 1.238993 -1.024532 -4.799756
    8 4.827512 0.000000 -0.000002 -0.483168 0.424145 -0.612732
    9 11.140032 0.000000 0.000000 0.070821 -0.152190 -1.949837
    10 10.314563 -0.000001 0.000001 -0.651749 -0.105288 0.951440
    11 1.646836 0.445664 -1.699647 -0.161704 0.581044 -0.283978
    12 0.928312 0.000000 0.000000 0.000000 0.000000 0.000000
    13 0.928313 0.000000 -0.000001 0.000000 0.000000 0.000000
    14 2.979373 -0.388274 -0.044205 -0.000805 -0.043611 0.000046
    15 1.435262 -0.000001 -0.000001 0.000000 0.000000 0.872146
    16 1.482593 -0.000001 0.000001 0.000000 0.000000 0.907041
    17 -2.869899 1.399667 -4.140396 -1.163265 1.764468 -4.903713
    18 4.972047 0.000000 0.000000 1.041867 -0.778155 -1.730623
    19 11.585358 0.000000 0.000001 0.386603 -0.378400 -1.403078
    20 10.127058 0.000000 0.000001 1.960763 0.596700 0.774136
    21 1.537458 0.109715 1.664489 -0.264662 -0.055995 0.783079
    22 0.928313 0.000000 0.000002 0.000000 0.000000 -0.453501
    23 0.928311 0.000000 0.000001 0.000000 0.000000 0.000000
    24 2.686395 -0.427337 0.044204 -0.005762 0.043239 -0.157074
    25 1.435260 0.000000 0.000001 0.000000 0.000000 0.732613
    26 1.482593 0.000000 -0.000001 0.000000 0.000000 1.168644
    27 2.046984 0.000001 0.000000 0.124897 0.373366 0.137100
    28 -0.000005 0.000007 3.713254 -0.099865 -3.047848 5.708602
    29 18.045723 0.000000 0.000000 0.000000 0.000000 -0.413544
    30 17.597597 0.000000 0.000000 -0.057202 -0.016721 -0.162308
    31 0.000005 -0.000003 -3.713254 0.807612 2.831522 6.175187
    32 18.045721 0.000000 0.000000 0.000000 0.000000 -0.782250
    33 17.597597 0.000000 0.000000 0.178693 0.125253 0.485308
  time 65
    0 0.254879 -0.281108 0.368674 0.000000 0.000000 -1.571017
    1 -3.386826 0.207038 0.000000 -1.570795 -1.570787 0.000000
    2 1.293670 0.684478 -0.000001 -0.000004 -0.000001 0.131512
    3 5.309685 -0.003834 0.000000 0.000000 0.000000 0.192386
    4 4.826790 -0.004591 0.000000 -0.166920 0.050875 0.266860
    5 5.792767 -0.005304 0.000000 -0.149100 0.000971 0.246520
    6 6.662322 -0.001452 0.000000 -0.005309 -0.005334 0.494497
    7 -3.108188 1.516823 4.339626 1.238993 -1.024532 -4.799756
    8 4.827512 0.000000 -0.000002 -0.471131 0.403423 -0.759345
    9 11.140032 0.000000 0.000000 0.070821 -0.153513 -1.929116
    10 10.314563 -0.000001 0.000001 -0.640091 -0.286824 0.850874
    11 1.646836 0.445664 -1.699647 -0.161704 0.581044 -0.283978
    12 0.928312 0.000000 0.000000 0.000000 0.000000 0.000000
    13 0.928313 0.000000 -0.000001 0.000000 0.000000 0.000000
    14 2.979373 -0.388274 -0.044205 -0.000805 -0.043611 0.000046
    15 1.435262 -0.000001 -0.000001 0.000000 0.000000 0.872146
    16 1.482593 -0.000001 0.000001 0.000000 0.000000 0.907041
    17 -2.869899 1.399667 -4.140396 -1.163265 1.764468 -4.903713
    18 4.972047 0.000000 0.000000 1.039991 -0.786029 -1.733618
    19 11.585358 0.000000 0.000001 0.386603 -0.376653 -1.381760
    20 10.127058 0.000000 0.000001 1.960763 0.596700 0.774136
    21 1.537458 0.109715 1.664489 -0.264662 -0.055995 0.783079
    22 0.928313 0.000000 0.000002 0.000000 0.000000 -0.453501
    23 0.928311 0.000000 0.000001 0.000000 0.000000 0.000000
    24 2.686395 -0.427337 0.044204 -0.005762 0.043239 -0.157074
    25 1.435260 0.000000 0.000001 0.000000 0.000000 0.732613
    26 1.482593 0.000000 -0.000001 0.000000 0.000000 1.168644
    27 2.046984 0.000001 0.000000 0.123217 0.374104 0.139411
    28 -0.000005 0.000007 3.713254 -0.099865 -3.047848 5.708602
    29 18.045723 0.000000 0.000000 0.000000 0.000000 -0.413544
    30 17.597597 0.000000 0.000000 -0.057202 -0.016721 -0.162308
    31 0.000005 -0.000003 -3.713254 0.807612 2.831522 6.175187
    32 18.045721 0.000000 0.000000 0.000000 0.000000 -0.782250
    33 17.597597 0.000000 0.000000 0.178693 0.125253 0.485308
  time 66
    0 0.254879 -0.281108 0.368674 0.000000 0.000000 -1.571017
    1 -3.386826 0.207038 0.000000 -1.570795 -1.570787 0.000000
    2 1.293670 0.684478 -0.000001 -0.000004 -0.000001 0.131512
    3 5.309685 -0.003834 0.000000 0.000000 0.000000 0.196325
    4 4.826790 -0.004591 0.000000 -0.166920 0.050875 0.270388
    5 5.792767 -0.005304 0.000000 -0.149100 0.001007 0.246333
    6 6.662322 -0.001452 0.000000 -0.005309 -0.005334 0.494497
    7 -3.108188 1.516823 4.339626 1.238993 -1.024532 -4.799756
    8 4.827512 0.000000 -0.000002 -0.450963 0.385175 -0.877969
    9 11.140032 0.000000 0.000000 0.070821 -0.155411 -1.893179
    10 10.314563 -0.000001 0.000001 -0.631182 -0.425366 0.774114
    11 1.646836 0.445664 -1.699647 -0.161704 0.581044 -0.283978
    12 0.928312 0.000000 0.000000 0.000000 0.000000 0.000000
    13 0.928313 0.000000 -0.000001 0.000000 0.000000 0.000000
    14 2.979373 -0.388274 -0.044205 -0.000805 -0.043611 0.000046
    15 1.435262 -0.000001 -0.000001 0.000000 0.000000 0.872146
    16 1.482593 -0.000001 0.000001 0.000000 0.000000 0.907041
    17 -2.869899 1.399667 -4.140396 -1.163265 1.764468 -4.903713
    18 4.972047 0.000000 0.000000 1.039241 -0.791814 -1.736879
    19 11.585358 0.000000 0.000001 0.386603 -0.375042 -1.362810
    20 10.127058 0.000000 0.000001 1.960763 0.596700 0.774136
    21 1.537458 0.109715 1.664489 -0.264662 -0.055995 0.783079
    22 0.928313 0.000000 0.000002 0.000000 0.000000 -0.453501
    23 0.928311 0.000000 0.000001 0.000000 0.000000 0.000000
    24 2.686395 -0.427337 0.044204 -0.005762 0.043239 -0.157074
    25 1.435260 0.000000 0.000001 0.000000 0.000000 0.732613
    26 1.482593 0.000000 -0.000001 0.000000 0.000000 1.168644
    27 2.046984 0.000001 0.000000 0.123217 0.374104 0.139411
    28 -0.000005 0.000007 3.713254 -0.099865 -3.047848 5.708602
    29 18.045723 0.000000 0.000000 0.000000 0.000000 -0.413544
    30 17.597597 0.000000 0.000000 -0.057202 -0.016721 -0.162308
    31 0.000005 -0.000003 -3.713254 0.807612 2.831522 6.175187
    32 18.045721 0.000000 0.000000 0.000000 0.000000 -0.782250
    33 17.597597 0.000000 0.000000 0.178693 0.125253 0.485308
  time 67
    0 0.254879 -0.281108 0.368674 0.000000 0.000000 -1.571017
    1 -3.386826 0.207038 0.000000 -1.570795 -1.570787 0.000000
    2 1.293670 0.684478 -0.000001 -0.000004 -0.000001 0.131512
    3 5.309685 -0.003834 0.000000 0.000000 0.000000 0.199575
    4 4.826790 -0.004591 0.000000 -0.166920 0.050875 0.273321
    5 5.792767 -0.005304 0.000000 -0.149082 0.001031 0.246167
    6 6.662322 -0.001452 0.000000 -0.005309 -0.005334 0.494497
    7 -3.108188 1.516823 4.339626 1.238993 -1.024532 -4.799756
    8 4.827512 0.000000 -0.000002 -0.409191 0.399245 -0.963753
    9 11.140032 0.000000 0.000000 0.070821 -0.157807 -1.845215
    10 10.314563 -0.000001 0.000001 -0.625496 -0.513792 0.725109
    11 1.646836 0.445664 -1.699647 -0.161704 0.581044 -0.283978
    12 0.928312 0.000000 0.000000 0.000000 0.000000 0.000000
    13 0.928313 0.000000 -0.000001 0.000000 0.000000 0.000000
    14 2.979373 -0.388274 -0.044205 -0.000805 -0.043611 0.000046
    15 1.435262 -0.000001 -0.000001 0.000000 0.000000 0.872146
    16 1.482593 -0.000001 0.000001 0.000000 0.000000 0.907041
    17 -2.869899 1.399667 -4.140396 -1.163265 1.764468 -4.903713
    18 4.972047 0.000000 0.000000 1.039053 -0.795832 -1.739542
    19 11.585358 0.000000 0.000001 0.386603 -0.373794 -1.348353
    20 10.127058 0.000000 0.000001 1.960763 0.596700 0.774136
    21 1.537458 0.109715 1.664489 -0.264662 -0.055995 0.783079
    22 0.928313 0.000000 0.000002 0.000000 0.000000 -0.453501
    23 0.928311 0.000000 0.000001 0.000000 0.000000 0.000000
    24 2.686395 -0.427337 0.044204 -0.005762 0.043239 -0.157074
    25 1.435260 0.000000 0.000001 0.000000 0.000000 0.732613
    26 1.482593 0.000000 -0.000001 0.000000 0.000000 1.168644
    27 2.046984 0.000001 0.000000 0.123217 0.374104 0.139411
    28 -0.000005 0.000007 3.713254 -0.099865 -3.047848 5.708602
    29 18.045723 0.000000 0.000000 0.000000 0.000000 -0.413544
    30 17.597597 0.000000 0.000000 -0.057202 -0.016721 -0.162308
    31 0.000005 -0.000003 -3.713254 0.807612 2.831522 6.175187
    32 18.045721 0.000000 0.000000 0.000000 0.000000 -0.782250
    33 17.597597 0.000000 0.000000 0.178693 0.125253 0.485308
  time 68
    0 0.254879 -0.281108 0.368674 0.000000 0.000000 -1.571017
    1 -3.386826 0.207038 0.000000 -1.570795 -1.570787 0.000000
    2 1.293670 0.684478 -0.000001 -0.000004 -0.000001 0.131512
    3 5.309685 -0.003834 0.000000 0.000000 0.000000 0.202048
    4 4.826790 -0.004591 0.000000 -0.166920 0.050875 0.275525
    5 5.792767 -0.005304 0.000000 -0.149082 0.001055 0.246042
    6 6.662322 -0.001452 0.000000 -0.005309 -0.005334 0.494497
    7 -3.108188 1.516823 4.339626 1.238993 -1.024532 -4.799756
    8 4.827512 0.000000 -0.000002 -0.362875 0.437959 -1.023022
    9 11.140032 0.000000 0.000000 0.070821 -0.160179 -1.783919
    10 10.314563 -0.000001 0.000001 -0.623505 -0.544891 0.707922
    11 1.646836 0.445664 -1.699647 -0.161704 0.581044 -0.283978
    12 0.928312 0.000000 0.000000 0.000000 0.000000 0.000000
    13 0.928313 0.000000 -0.000001 0.000000 0.000000 0.000000
    14 2.979373 -0.388274 -0.044205 -0.000805 -0.043611 0.000046
    15 1.435262 -0.000001 -0.000001 0.000000 0.000000 0.872146
    16 1.482593 -0.000001 0.000001 0.000000 0.000000 0.907041
    17 -2.869899 1.399667 -4.140396 -1.163265 1.764468 -4.903713
    18 4.972047 0.000000 0.000000 1.038959 -0.798162 -1.741139
    19 11.585358 0.000000 0.000001 0.386603 -0.373090 -1.340022
    20 10.127058 0.000000 0.000001 1.960763 0.596700 0.774136
    21 1.537458 0.109715 1.664489 -0.264662 -0.055995 0.783079
    22 0.928313 0.000000 0.000002 0.000000 0.000000 -0.453501
    23 0.928311 0.000000 0.000001 0.000000 0.000000 0.000000
    24 2.686395 -0.427337 0.044204 -0.005762 0.043239 -0.157074
    25 1.435260 0.000000 0.000001 0.000000 0.000000 0.732613
    26 1.482593 0.000000 -0.000001 0.000000 0.000000 1.168644
    27 2.046984 0.000001 0.000000 0.123217 0.374104 0.139411
    28 -0.000005 0.000007 3.713254 -0.099865 -3.047848 5.708602
    29 18.045723 0.000000 0.000000 0.000000 0.000000 -0.413544
    30 17.597597 0.000000 0.000000 -0.057202 -0.016721 -0.162308
    31 0.000005 -0.000003 -3.713254 0.807612 2.831522 6.175187
    32 18.045721 0.000000 0.000000 0.000000 0.000000 -0.782250
    33 17.597597 0.000000 0.000000 0.178693 0.125253 0.485308
  time 69
    0 0.254879 -0.281108 0.368674 0.000000 0.000000 -1.571017
    1 -3.386826 0.207038 0.000000 -1.570795 -1.570787 0.000000
    2 1.293670 0.684478 -0.000001 -0.000004 -0.000001 0.131512
    3 5.309685 -0.003834 0.000000 0.000000 0.000000 0.203602
    4 4.826790 -0.004591 0.000000 -0.166920 0.050875 0.276914
    5 5.792767 -0.005304 0.000000 -0.149082 0.001067 0.245959
    6 6.662322 -0.001452 0.000000 -0.005309 -0.005334 0.494497
    7 -3.108188 1.516823 4.339626 1.238993 -1.024532 -4.799756
    8 4.827512 0.000000 -0.000002 -0.343743 0.458936 -1.046764
    9 11.140032 0.000000 0.000000 0.070821 -0.161303 -1.752474
    10 10.314563 -0.000001 0.000001 -0.623505 -0.544891 0.707922
    11 1.646836 0.445664 -1.699647 -0.161704 0.581044 -0.283978
    12 0.928312 0.000000 0.000000 0.000000 0.000000 0.000000
    13 0.928313 0.000000 -0.000001 0.000000 0.000000 0.000000
    14 2.979373 -0.388274 -0.044205 -0.000805 -0.043611 0.000046
    15 1.435262 -0.000001 -0.000001 0.000000 0.000000 0.872146
    16 1.482593 -0.000001 0.000001 0.000000 0.000000 0.907041
    17 -2.869899 1.399667 -4.140396 -1.163265 1.764468 -4.903713
    18 4.972047 0.000000 0.000000 1.038772 -0.798724 -1.741205
    19 11.585358 0.000000 0.000001 0.386603 -0.373022 -1.339123
    20 10.127058 0.000000 0.000001 1.960763 0.596700 0.774136
    21 1.537458 0.109715 1.664489 -0.264662 -0.055995 0.783079
    22 0.928313 0.000000 0.000002 0.000000 0.000000 -0.453501
    23 0.928311 0.000000 0.000001 0.000000 0.000000 0.000000
    24 2.686395 -0.427337 0.044204 -0.005762 0.043239 -0.157074
    25 1.435260 0.000000 0.000001 0.000000 0.000000 0.732613
    26 1.482593 0.000000 -0.000001 0.000000 0.000000 1.168644
    27 2.046984 0.000001 0.000000 0.123217 0.374104 0.139411
    28 -0.000005 0.000007 3.713254 -0.099865 -3.047848 5.708602
    29 18.045723 0.000000 0.000000 0.000000 0.000000 -0.413544
    30 17.597597 0.000000 0.000000 -0.057202 -0.016721 -0.162308
    31 0.000005 -0.000003 -3.713254 0.807612 2.831522 6.175187
    32 18.045721 0.000000 0.000000 0.000000 0.000000 -0.782250
    33 17.597597 0.000000 0.000000 0.178693 0.125253 0.485308
  time 70
    0 0.254879 -0.281108 0.368674 0.000000 0.000000 -1.571017
    1 -3.386826 0.207038 0.000000 -1.570795 -1.570787 0.000000
    2 1.293670 0.684478 -0.000001 -0.000004 -0.000001 0.131512
    3 5.309685 -0.003834 0.000000 0.000000 0.000000 0.204150
    4 4.826790 -0.004591 0.000000 -0.166920 0.050875 0.277400
    5 5.792767 -0.005304 0.000000 -0.149082 0.001067 0.245938
    6 6.662322 -0.001452 0.000000 -0.005309 -0.005334 0.494497
    7 -3.108188 1.516823 4.339626 1.238993 -1.024532 -4.799756
    8 4.827512 0.000000 -0.000002 -0.343903 0.458254 -1.047371
    9 11.140032 0.000000 0.000000 0.070821 -0.161278 -1.753271
    10 10.314563 -0.000001 0.000001 -0.623505 -0.544891 0.707922
    11 1.646836 0.445664 -1.699647 -0.161704 0.581044 -0.283978
    12 0.928312 0.000000 0.000000 0.000000 0.000000 0.000000
    13 0.928313 0.000000 -0.000001 0.000000 0.000000 0.000000
    14 2.979373 -0.388274 -0.044205 -0.000805 -0.043611 0.000046
    15 1.435262 -0.000001 -0.000001 0.000000 0.000000 0.872146
    16 1.482593 -0.000001 0.000001 0.000000 0.000000 0.907041
    17 -2.869899 1.399667 -4.140396 -1.163265 1.764468 -4.903713
    18 4.972047 0.000000 0.000000 1.038584 -0.798564 -1.740806
    19 11.585358 0.000000 0.000001 0.386603 -0.373158 -1.340675
    20 10.127058 0.000000 0.000001 1.960763 0.596700 0.774136
    21 1.537458 0.109715 1.664489 -0.264662 -0.055995 0.783079
    22 0.928313 0.000000 0.000002 0.000000 0.000000 -0.453501
    23 0.928311 0.000000 0.000001 0.000000 0.000000 0.000000
    24 2.686395 -0.427337 0.044204 -0.005762 0.043239 -0.157074
    25 1.435260 0.000000 0.000001 0.000000 0.000000 0.732613
    26 1.482593 0.000000 -0.000001 0.000000 0.000000 1.168644
    27 2.046984 0.000001 0.000000 0.123217 0.374104 0.139411
    28 -0.000005 0.000007 3.713254 -0.099865 -3.047848 5.708602
    29 18.045723 0.000000 0.000000 0.000000 0.000000 -0.413544
    30 17.597597 0.000000 0.000000 -0.057202 -0.016721 -0.162308
    31 0.000005 -0.000003 -3.713254 0.807612 2.831522 6.175187
    32 18.045721 0.000000 0.000000 0.000000 0.000000 -0.782250
    33 17.597597 0.000000 0.000000 0.178693 0.125253 0.485308
  time 71
    0 0.254879 -0.281108 0.368674 0.000000 0.000000 -1.571017
    1 -3.386826 0.207038 0.000000 -1.570795 -1.570787 0.000000
    2 1.293670 0.684478 -0.000001 -0.000004 -0.000001 0.131512
    3 5.309685 -0.003834 0.000000 0.000000 0.000000 0.204150
    4 4.826790 -0.004591 0.000000 -0.166920 0.050875 0.277400
    5 5.792767 -0.005304 0.000000 -0.149082 0.001067 0.245938
    6 6.662322 -0.001452 0.000000 -0.005309 -0.005334 0.494497
    7 -3.108188 1.516823 4.339626 1.238993 -1.024532 -4.799756
    8 4.827512 0.000000 -0.000002 -0.343584 0.454161 -1.056296
    9 11.140032 0.000000 0.000000 0.070821 -0.161328 -1.752112
    10 10.314563 -0.000001 0.000001 -0.623505 -0.544891 0.707922
    11 1.646836 0.445664 -1.699647 -0.161704 0.581044 -0.283978
    12 0.928312 0.000000 0.000000 0.000000 0.000000 0.000000
    13 0.928313 0.000000 -0.000001 0.000000 0.000000 0.000000
    14 2.979373 -0.388274 -0.044205 -0.000805 -0.043611 0.000046
    15 1.435262 -0.000001 -0.000001 0.000000 0.000000 0.872146
    16 1.482593 -0.000001 0.000001 0.000000 0.000000 0.907041
    17 -2.869899 1.399667 -4.140396 -1.163265 1.764468 -4.903713
    18 4.972047 0.000000 0.000000 1.041867 -0.795993 -1.744933
    19 11.585358 0.000000 0.000001 0.386603 -0.372228 -1.329893
    20 10.127058 0.000000 0.000001 1.960763 0.596700 0.774136
    21 1.537458 0.109715 1.664489 -0.264662 -0.055995 0.783079
    22 0.928313 0.000000 0.000002 0.000000 0.000000 -0.453501
    23 0.928311 0.000000 0.000001 0.000000 0.000000 0.000000
    24 2.686395 -0.427337 0.044204 -0.005762 0.043239 -0.157074
    25 1.435260 0.000000 0.000001 0.000000 0.000000 0.732613
    26 1.482593 0.000000 -0.000001 0.000000 0.000000 1.168644
    27 2.046984 0.000001 0.000000 0.123217 0.374104 0.139411
    28 -0.000005 0.000007 3.713254 -0.099865 -3.047848 5.708602
    29 18.045723 0.000000 0.000000 0.000000 0.000000 -0.413544
    30 17.597597 0.000000 0.000000 -0.057202 -0.016721 -0.162308
    31 0.000005 -0.000003 -3.713254 0.807612 2.831522 6.175187
    32 18.045721 0.000000 0.000000 0.000000 0.000000 -0.782250
    33 17.597597 0.000000 0.000000 0.178693 0.125253 0.485308
  time 72
    0 0.254879 -0.281108 0.368674 0.000000 0.000000 -1.571017
    1 -3.386826 0.207038 0.000000 -1.570795 -1.570787 0.000000
    2 1.293670 0.684478 -0.000001 -0.000004 -0.000001 0.131512
    3 5.309685 -0.003834 0.000000 0.000000 0.000000 0.204150
    4 4.826790 -0.004591 0.000000 -0.166920 0.050875 0.277400
    5 5.792767 -0.005304 0.000000 -0.149082 0.001067 0.245938
    6 6.662322 -0.001452 0.000000 -0.005309 -0.005334 0.494497
    7 -3.108188 1.516823 4.339626 1.238993 -1.024532 -4.799756
    8 4.827512 0.000000 -0.000002 -0.343026 0.442990 -1.079692
    9 11.140032 0.000000 0.000000 0.070821 -0.161477 -1.748200
    10 10.314563 -0.000001 0.000001 -0.623505 -0.544891 0.707922
    11 1.646836 0.445664 -1.699647 -0.161704 0.581044 -0.283978
    12 0.928312 0.000000 0.000000 0.000000 0.000000 0.000000
    13 0.928313 0.000000 -0.000001 0.000000 0.000000 0.000000
    14 2.979373 -0.388274 -0.044205 -0.000805 -0.043611 0.000046
    15 1.435262 -0.000001 -0.000001 0.000000 0.000000 0.872146
    16 1.482593 -0.000001 0.000001 0.000000 0.000000 0.907041
    17 -2.869899 1.399667 -4.140396 -1.163265 1.764468 -4.903713
    18 4.972047 0.000000 0.000000 1.050309 -0.789163 -1.755715
    19 11.585358 0.000000 0.000001 0.386603 -0.369460 -1.301959
    20 10.127058 0.000000 0.000001 1.960763 0.596700 0.774136
    21 1.537458 0.109715 1.664489 -0.264662 -0.055995 0.783079
    22 0.928313 0.000000 0.000002 0.000000 0.000000 -0.453501
    23 0.928311 0.000000 0.000001 0.000000 0.000000 0.000000
    24 2.686395 -0.427337 0.044204 -0.005762 0.043239 -0.157074
    25 1.435260 0.000000 0.000001 0.000000 0.000000 0.732613
    26 1.482593 0.000000 -0.000001 0.000000 0.000000 1.168644
    27 2.046984 0.000001 0.000000 0.123217 0.374104 0.139411
    28 -0.000005 0.000007 3.713254 -0.099865 -3.047848 5.708602
    29 18.045723 0.000000 0.000000 0.000000 0.000000 -0.413544
    30 17.597597 0.000000 0.000000 -0.057202 -0.016721 -0.162308
    31 0.000005 -0.000003 -3.713254 0.807612 2.831522 6.175187
    32 18.045721 0.000000 0.000000 0.000000 0.000000 -0.782250
    33 17.597597 0.000000 0.000000 0.178693 0.125253 0.485308
  time 73
    0 0.254879 -0.281108 0.368674 0.000000 0.000000 -1.571017
    1 -3.386826 0.207038 0.000000 -1.570795 -1.570787 0.000000
    2 1.293670 0.684478 -0.000001 -0.000004 -0.000001 0.131512
    3 5.309685 -0.003834 0.000000 0.000000 0.000000 0.204150
    4 4.826790 -0.004591 0.000000 -0.166920 0.050875 0.277400
    5 5.792767 -0.005304 0.000000 -0.149082 0.001067 0.245938
    6 6.662322 -0.001452 0.000000 -0.005309 -0.005334 0.494497
    7 -3.108188 1.516823 4.339626 1.238993 -1.024532 -4.799756
    8 4.827512 0.000000 -0.000002 -0.342229 0.426447 -1.111925
    9 11.140032 0.000000 0.000000 0.070821 -0.161602 -1.741969
    10 10.314563 -0.000001 0.000001 -0.623505 -0.544891 0.707922
    11 1.646836 0.445664 -1.699647 -0.161704 0.581044 -0.283978
    12 0.928312 0.000000 0.000000 0.000000 0.000000 0.000000
    13 0.928313 0.000000 -0.000001 0.000000 0.000000 0.000000
    14 2.979373 -0.388274 -0.044205 -0.000805 -0.043611 0.000046
    15 1.435262 -0.000001 -0.000001 0.000000 0.000000 0.872146
    16 1.482593 -0.000001 0.000001 0.000000 0.000000 0.907041
    17 -2.869899 1.399667 -4.140396 -1.163265 1.764468 -4.903713
    18 4.972047 0.000000 0.000000 1.061752 -0.779682 -1.770756
    19 11.585358 0.000000 0.000001 0.386603 -0.364876 -1.263324
    20 10.127058 0.000000 0.000001 1.960763 0.596700 0.774136
    21 1.537458 0.109715 1.664489 -0.264662 -0.055995 0.783079
    22 0.928313 0.000000 0.000002 0.000000 0.000000 -0.453501
    23 0.928311 0.000000 0.000001 0.000000 0.000000 0.000000
    24 2.686395 -0.427337 0.044204 -0.005762 0.043239 -0.157074
    25 1.435260 0.000000 0.000001 0.000000 0.000000 0.732613
    26 1.482593 0.000000 -0.000001 0.000000 0.000000 1.168644
    27 2.046984 0.000001 0.000000 0.123217 0.374104 0.139411
    28 -0.000005 0.000007 3.713254 -0.099865 -3.047848 5.708602
    29 18.045723 0.000000 0.000000 0.000000 0.000000 -0.413544
    30 17.597597 0.000000 0.000000 -0.057202 -0.016721 -0.162308
    31 0.000005 -0.000003 -3.713254 0.807612 2.831522 6.175187
    32 18.045721 0.000000 0.000000 0.000000 0.000000 -0.782250
    33 17.597597 0.000000 0.000000 0.178693 0.125253 0.485308
  time 74
    0 0.254879 -0.281108 0.368674 0.000000 0.000000 -1.571017
    1 -3.386826 0.207038 0.000000 -1.570795 -1.570787 0.000000
    2 1.293670 0.684478 -0.000001 -0.000004 -0.000001 0.131512
    3 5.309685 -0.003834 0.000000 0.000000 0.000000 0.204150
    4 4.826790 -0.004591 0.000000 -0.166920 0.050875 0.277400
    5 5.792767 -0.005304 0.000000 -0.149082 0.001067 0.245938
    6 6.662322 -0.001452 0.000000 -0.005309 -0.005334 0.494497
    7 -3.108188 1.516823 4.339626 1.238993 -1.024532 -4.799756
    8 4.827512 0.000000 -0.000002 -0.341591 0.406493 -1.147799
    9 11.140032 0.000000 0.000000 0.070821 -0.161802 -1.732840
    10 10.314563 -0.000001 0.000001 -0.623505 -0.544891 0.707922
    11 1.646836 0.445664 -1.699647 -0.161704 0.581044 -0.283978
    12 0.928312 0.000000 0.000000 0.000000 0.000000 0.000000
    13 0.928313 0.000000 -0.000001 0.000000 0.000000 0.000000
    14 2.979373 -0.388274 -0.044205 -0.000805 -0.043611 0.000046
    15 1.435262 -0.000001 -0.000001 0.000000 0.000000 0.872146
    16 1.482593 -0.000001 0.000001 0.000000 0.000000 0.907041
    17 -2.869899 1.399667 -4.140396 -1.163265 1.764468 -4.903713
    18 4.972047 0.000000 0.000000 1.074415 -0.768674 -1.787461
    19 11.585358 0.000000 0.000001 0.386603 -0.359476 -1.219870
    20 10.127058 0.000000 0.000001 1.960763 0.596700 0.774136
    21 1.537458 0.109715 1.664489 -0.264662 -0.055995 0.783079
    22 0.928313 0.000000 0.000002 0.000000 0.000000 -0.453501
    23 0.928311 0.000000 0.000001 0.000000 0.000000 0.000000
    24 2.686395 -0.427337 0.044204 -0.005762 0.043239 -0.157074
    25 1.435260 0.000000 0.000001 0.000000 0.000000 0.732613
    26 1.482593 0.000000 -0.000001 0.000000 0.000000 1.168644
    27 2.046984 0.000001 0.000000 0.123217 0.374104 0.139411
    28 -0.000005 0.000007 3.713254 -0.099865 -3.047848 5.708602
    29 18.045723 0.000000 0.000000 0.000000 0.000000 -0.413544
    30 17.597597 0.000000 0.000000 -0.057202 -0.016721 -0.162308
    31 0.000005 -0.000003 -3.713254 0.807612 2.831522 6.175187
    32 18.045721 0.000000 0.000000 0.000000 0.000000 -0.782250
    33 17.597597 0.000000 0.000000 0.178693 0.125253 0.485308
  time 75
    0 0.254879 -0.281108 0.368674 0.000000 0.000000 -1.571017
    1 -3.386826 0.207038 0.000000 -1.570795 -1.570787 0.000000
    2 1.293670 0.684478 -0.000001 -0.000004 -0.000001 0.131512
    3 5.309685 -0.003834 0.000000 0.000000 0.000000 0.204150
    4 4.826790 -0.004591 0.000000 -0.166920 0.050875 0.277400
    5 5.792767 -0.005304 0.000000 -0.149082 0.001067 0.245938
    6 6.662322 -0.001452 0.000000 -0.005309 -0.005334 0.494497
    7 -3.108188 1.516823 4.339626 1.238993 -1.024532 -4.799756
    8 4.827512 0.000000 -0.000002 -0.341511 0.385686 -1.181679
    9 11.140032 0.000000 0.000000 0.070821 -0.162027 -1.722479
    10 10.314563 -0.000001 0.000001 -0.623505 -0.544891 0.707922
    11 1.646836 0.445664 -1.699647 -0.161704 0.581044 -0.283978
    12 0.928312 0.000000 0.000000 0.000000 0.000000 0.000000
    13 0.928313 0.000000 -0.000001 0.000000 0.000000 0.000000
    14 2.979373 -0.388274 -0.044205 -0.000805 -0.043611 0.000046
    15 1.435262 -0.000001 -0.000001 0.000000 0.000000 0.872146
    16 1.482593 -0.000001 0.000001 0.000000 0.000000 0.907041
    17 -2.869899 1.399667 -4.140396 -1.163265 1.764468 -4.903713
    18 4.972047 0.000000 0.000000 1.086046 -0.758309 -1.803102
    19 11.585358 0.000000 0.000001 0.386603 -0.353395 -1.179521
    20 10.127058 0.000000 0.000001 1.960763 0.596700 0.774136
    21 1.537458 0.109715 1.664489 -0.264662 -0.055995 0.783079
    22 0.928313 0.000000 0.000002 0.000000 0.000000 -0.453501
    23 0.928311 0.000000 0.000001 0.000000 0.000000 0.000000
    24 2.686395 -0.427337 0.044204 -0.005762 0.043239 -0.157074
    25 1.435260 0.000000 0.000001 0.000000 0.000000 0.732613
    26 1.482593 0.000000 -0.000001 0.000000 0.000000 1.168644
    27 2.046984 0.000001 0.000000 0.123217 0.374104 0.139411
    28 -0.000005 0.000007 3.713254 -0.099865 -3.047848 5.708602
    29 18.045723 0.000000 0.000000 0.000000 0.000000 -0.413544
    30 17.597597 0.000000 0.000000 -0.057202 -0.016721 -0.162308
    31 0.000005 -0.000003 -3.713254 0.807612 2.831522 6.175187
    32 18.045721 0.000000 0.000000 0.000000 0.000000 -0.782250
    33 17.597597 0.000000 0.000000 0.178693 0.125253 0.485308
  time 76
    0 0.254879 -0.281108 0.368674 0.000000 0.000000 -1.571017
    1 -3.386826 0.207038 0.000000 -1.570795 -1.570787 0.000000
    2 1.293670 0.684478 -0.000001 -0.000004 -0.000001 0.131512
    3 5.309685 -0.003834 0.000000 0.000000 0.000000 0.204150
    4 4.826790 -0.004591 0.000000 -0.166920 0.050875 0.277400
    5 5.792767 -0.005304 0.000000 -0.149082 0.001067 0.245938
    6 6.662322 -0.001452 0.000000 -0.005309 -0.005334 0.494497
    7 -3.108188 1.516823 4.339626 1.238993 -1.024532 -4.799756
    8 4.827512 0.000000 -0.000002 -0.342787 0.366755 -1.207761
    9 11.140032 0.000000 0.000000 0.070821 -0.162226 -1.713422
    10 10.314563 -0.000001 0.000001 -0.623505 -0.544891 0.707922
    11 1.646836 0.445664 -1.699647 -0.161704 0.581044 -0.283978
    12 0.928312 0.000000 0.000000 0.000000 0.000000 0.000000
    13 0.928313 0.000000 -0.000001 0.000000 0.000000 0.000000
    14 2.979373 -0.388274 -0.044205 -0.000805 -0.043611 0.000046
    15 1.435262 -0.000001 -0.000001 0.000000 0.000000 0.872146
    16 1.482593 -0.000001 0.000001 0.000000 0.000000 0.907041
    17 -2.869899 1.399667 -4.140396 -1.163265 1.764468 -4.903713
    18 4.972047 0.000000 0.000000 1.094582 -0.750113 -1.814816
    19 11.585358 0.000000 0.000001 0.386603 -0.348767 -1.148891
    20 10.127058 0.000000 0.000001 1.960763 0.596700 0.774136
    21 1.537458 0.109715 1.664489 -0.264662 -0.055995 0.783079
    22 0.928313 0.000000 0.000002 0.000000 0.000000 -0.453501
    23 0.928311 0.000000 0.000001 0.000000 0.000000 0.000000
    24 2.686395 -0.427337 0.044204 -0.005762 0.043239 -0.157074
    25 1.435260 0.000000 0.000001 0.000000 0.000000 0.732613
    26 1.482593 0.000000 -0.000001 0.000000 0.000000 1.168644
    27 2.046984 0.000001 0.000000 0.123217 0.374104 0.139411
    28 -0.000005 0.000007 3.713254 -0.099865 -3.047848 5.708602
    29 18.045723 0.000000 0.000000 0.000000 0.000000 -0.413544
    30 17.597597 0.000000 0.000000 -0.057202 -0.016721 -0.162308
    31 0.000005 -0.000003 -3.713254 0.807612 2.831522 6.175187
    32 18.045721 0.000000 0.000000 0.000000 0.000000 -0.782250
    33 17.597597 0.000000 0.000000 0.178693 0.125253 0.485308
  time 77
    0 0.254879 -0.281108 0.368674 0.000000 0.000000 -1.571017
    1 -3.386826 0.207038 0.000000 -1.570795 -1.570787 0.000000
    2 1.293670 0.684478 -0.000001 -0.000004 -0.000001 0.131512
    3 5.309685 -0.003834 0.000000 0.000000 0.000000 0.204150
    4 4.826790 -0.004591 0.000000 -0.166920 0.050875 0.277400
    5 5.792767 -0.005304 0.000000 -0.149082 0.001067 0.245938
    6 6.662322 -0.001452 0.000000 -0.005309 -0.005334 0.494497
    7 -3.108188 1.516823 4.339626 1.238993 -1.024532 -4.799756
    8 4.827512 0.000000 -0.000002 -0.346214 0.352856 -1.220498
    9 11.140032 0.000000 0.000000 0.070821 -0.162326 -1.709147
    10 10.314563 -0.000001 0.000001 -0.623505 -0.544891 0.707922
    11 1.646836 0.445664 -1.699647 -0.161704 0.581044 -0.283978
    12 0.928312 0.000000 0.000000 0.000000 0.000000 0.000000
    13 0.928313 0.000000 -0.000001 0.000000 0.000000 0.000000
    14 2.979373 -0.388274 -0.044205 -0.000805 -0.043611 0.000046
    15 1.435262 -0.000001 -0.000001 0.000000 0.000000 0.872146
    16 1.482593 -0.000001 0.000001 0.000000 0.000000 0.907041
    17 -2.869899 1.399667 -4.140396 -1.163265 1.764468 -4.903713
    18 4.972047 0.000000 0.000000 1.097958 -0.746899 -1.819341
    19 11.585358 0.000000 0.000001 0.386603 -0.346883 -1.136965
    20 10.127058 0.000000 0.000001 1.960763 0.596700 0.774136
    21 1.537458 0.109715 1.664489 -0.264662 -0.055995 0.783079
    22 0.928313 0.000000 0.000002 0.000000 0.000000 -0.453501
    23 0.928311 0.000000 0.000001 0.000000 0.000000 0.000000
    24 2.686395 -0.427337 0.044204 -0.005762 0.043239 -0.157074
    25 1.435260 0.000000 0.000001 0.000000 0.000000 0.732613
    26 1.482593 0.000000 -0.000001 0.000000 0.000000 1.168644
    27 2.046984 0.000001 0.000000 0.123217 0.374104 0.139411
    28 -0.000005 0.000007 3.713254 -0.099865 -3.047848 5.708602
    29 18.045723 0.000000 0.000000 0.000000 0.000000 -0.413544
    30 17.597597 0.000000 0.000000 -0.057202 -0.016721 -0.162308
    31 0.000005 -0.000003 -3.713254 0.807612 2.831522 6.175187
    32 18.045721 0.000000 0.000000 0.000000 0.000000 -0.782250
    33 17.597597 0.000000 0.000000 0.178693 0.125253 0.485308
  time 78
    0 0.254879 -0.281108 0.368674 0.000000 0.000000 -1.571017
    1 -3.386826 0.207038 0.000000 -1.570795 -1.570787 0.000000
    2 1.293670 0.684478 -0.000001 -0.000004 -0.000001 0.131512
    3 5.309685 -0.003834 0.000000 0.000000 0.000000 0.204150
    4 4.826790 -0.004591 0.000000 -0.166920 0.050875 0.277400
    5 5.792767 -0.005304 0.000000 -0.149082 0.001067 0.245938
    6 6.662322 -0.001452 0.000000 -0.005309 -0.005334 0.494497
    7 -3.108188 1.516823 4.339626 1.238993 -1.024532 -4.799756
    8 4.827512 0.000000 -0.000002 -0.355781 0.352088 -1.187051
    9 11.140032 0.000000 0.000000 0.070821 -0.161353 -1.751605
    10 10.314563 -0.000001 0.000001 -0.625496 -0.513792 0.725109
    11 1.646836 0.445664 -1.699647 -0.161704 0.581044 -0.283978
    12 0.928312 0.000000 0.000000 0.000000 0.000000 0.000000
    13 0.928313 0.000000 -0.000001 0.000000 0.000000 0.000000
    14 2.979373 -0.388274 -0.044205 -0.000805 -0.043611 0.000046
    15 1.435262 -0.000001 -0.000001 0.000000 0.000000 0.872146
    16 1.482593 -0.000001 0.000001 0.000000 0.000000 0.907041
    17 -2.869899 1.399667 -4.140396 -1.163265 1.764468 -4.903713
    18 4.972047 0.000000 0.000000 1.097020 -0.747863 -1.818277
    19 11.585358 0.000000 0.000001 0.386603 -0.347360 -1.139498
    20 10.127058 0.000000 0.000001 1.960763 0.596700 0.774136
    21 1.537458 0.109715 1.664489 -0.264662 -0.055995 0.783079
    22 0.928313 0.000000 0.000002 0.000000 0.000000 -0.453501
    23 0.928311 0.000000 0.000001 0.000000 0.000000 0.000000
    24 2.686395 -0.427337 0.044204 -0.005762 0.043239 -0.157074
    25 1.435260 0.000000 0.000001 0.000000 0.000000 0.732613
    26 1.482593 0.000000 -0.000001 0.000000 0.000000 1.168644
    27 2.046984 0.000001 0.000000 0.123217 0.374104 0.139411
    28 -0.000005 0.000007 3.713254 -0.099865 -3.047848 5.708602
    29 18.045723 0.000000 0.000000 0.000000 0.000000 -0.413544
    30 17.597597 0.000000 0.000000 -0.057202 -0.016721 -0.162308
    31 0.000005 -0.000003 -3.713254 0.807612 2.831522 6.175187
    32 18.045721 0.000000 0.000000 0.000000 0.000000 -0.782250
    33 17.597597 0.000000 0.000000 0.178693 0.125253 0.485308
  time 79
    0 0.254879 -0.281108 0.368674 0.000000 0.000000 -1.571017
    1 -3.386826 0.207038 0.000000 -1.570795 -1.570787 0.000000
    2 1.293670 0.684478 -0.000001 -0.000004 -0.000001 0.131512
    3 5.309685 -0.003834 0.000000 0.000000 0.000000 0.204150
    4 4.826790 -0.004591 0.000000 -0.166920 0.050875 0.277400
    5 5.792767 -0.005304 0.000000 -0.149082 0.001067 0.245938
    6 6.662322 -0.001452 0.000000 -0.005309 -0.005334 0.494497
    7 -3.108188 1.516823 4.339626 1.238993 -1.024532 -4.799756
    8 4.827512 0.000000 -0.000002 -0.377145 0.364112 -1.095462
    9 11.140032 0.000000 0.000000 0.070821 -0.157633 -1.848765
    10 10.314563 -0.000001 0.000001 -0.631182 -0.425366 0.774114
    11 1.646836 0.445664 -1.699647 -0.161704 0.581044 -0.283978
    12 0.928312 0.000000 0.000000 0.000000 0.000000 0.000000
    13 0.928313 0.000000 -0.000001 0.000000 0.000000 0.000000
    14 2.979373 -0.388274 -0.044205 -0.000805 -0.043611 0.000046
    15 1.435262 -0.000001 -0.000001 0.000000 0.000000 0.872146
    16 1.482593 -0.000001 0.000001 0.000000 0.000000 0.907041
    17 -2.869899 1.399667 -4.140396 -1.163265 1.764468 -4.903713
    18 4.972047 0.000000 0.000000 1.094206 -0.751158 -1.814549
    19 11.585358 0.000000 0.000001 0.386603 -0.348767 -1.148809
    20 10.127058 0.000000 0.000001 1.960763 0.596700 0.774136
    21 1.537458 0.109715 1.664489 -0.264662 -0.055995 0.783079
    22 0.928313 0.000000 0.000002 0.000000 0.000000 -0.453501
    23 0.928311 0.000000 0.000001 0.000000 0.000000 0.000000
    24 2.686395 -0.427337 0.044204 -0.005762 0.043239 -0.157074
    25 1.435260 0.000000 0.000001 0.000000 0.000000 0.732613
    26 1.482593 0.000000 -0.000001 0.000000 0.000000 1.168644
    27 2.046984 0.000001 0.000000 0.123217 0.374104 0.139411
    28 -0.000005 0.000007 3.713254 -0.099865 -3.047848 5.708602
    29 18.045723 0.000000 0.000000 0.000000 0.000000 -0.413544
    30 17.597597 0.000000 0.000000 -0.057202 -0.016721 -0.162308
    31 0.000005 -0.000003 -3.713254 0.807612 2.831522 6.175187
    32 18.045721 0.000000 0.000000 0.000000 0.000000 -0.782250
    33 17.597597 0.000000 0.000000 0.178693 0.125253 0.485308
  time 80
    0 0.254879 -0.281108 0.368674 0.000000 0.000000 -1.571017
    1 -3.386826 0.207038 0.000000 -1.570795 -1.570787 0.000000
    2 1.293670 0.684478 -0.000001 -0.000004 -0.000001 0.131512
    3 5.309685 -0.003834 0.000000 0.000000 0.000000 0.204150
    4 4.826790 -0.004591 0.000000 -0.166920 0.050875 0.277400
    5 5.792767 -0.005304 0.000000 -0.149082 0.001067 0.245938
    6 6.662322 -0.001452 0.000000 -0.005309 -0.005334 0.494497
    7 -3.108188 1.516823 4.339626 1.238993 -1.024532 -4.799756
    8 4.827512 0.000000 -0.000002 -0.412619 0.379376 -0.969645
    9 11.140032 0.000000 0.000000 0.070821 -0.151990 -1.953025
    10 10.314563 -0.000001 0.000001 -0.640091 -0.286824 0.850874
    11 1.646836 0.445664 -1.699647 -0.161704 0.581044 -0.283978
    12 0.928312 0.000000 0.000000 0.000000 0.000000 0.000000
    13 0.928313 0.000000 -0.000001 0.000000 0.000000 0.000000
    14 2.979373 -0.388274 -0.044205 -0.000805 -0.043611 0.000046
    15 1.435262 -0.000001 -0.000001 0.000000 0.000000 0.872146
    16 1.482593 -0.000001 0.000001 0.000000 0.000000 0.907041
    17 -2.869899 1.399667 -4.140396 -1.163265 1.764468 -4.903713
    18 4.972047 0.000000 0.000000 1.089798 -0.755979 -1.809025
    19 11.585358 0.000000 0.000001 0.386603 -0.350854 -1.162695
    20 10.127058 0.000000 0.000001 1.960763 0.596700 0.774136
    21 1.537458 0.109715 1.664489 -0.264662 -0.055995 0.783079
    22 0.928313 0.000000 0.000002 0.000000 0.000000 -0.453501
    23 0.928311 0.000000 0.000001 0.000000 0.000000 0.000000
    24 2.686395 -0.427337 0.044204 -0.005762 0.043239 -0.157074
    25 1.435260 0.000000 0.000001 0.000000 0.000000 0.732613
    26 1.482593 0.000000 -0.000001 0.000000 0.000000 1.168644
    27 2.046984 0.000001 0.000000 0.123217 0.374104 0.139411
    28 -0.000005 0.000007 3.713254 -0.099865 -3.047848 5.708602
    29 18.045723 0.000000 0.000000 0.000000 0.000000 -0.413544
    30 17.597597 0.000000 0.000000 -0.057202 -0.016721 -0.162308
    31 0.000005 -0.000003 -3.713254 0.807612 2.831522 6.175187
    32 18.045721 0.000000 0.000000 0.000000 0.000000 -0.782250
    33 17.597597 0.000000 0.000000 0.178693 0.125253 0.485308
  time 81
    0 0.254879 -0.281108 0.368674 0.000000 0.000000 -1.571017
    1 -3.386826 0.207038 0.000000 -1.570795 -1.570787 0.000000
    2 1.293670 0.684478 -0.000001 -0.000004 -0.000001 0.131512
    3 5.309685 -0.003834 0.000000 0.000000 0.000000 0.203319
    4 4.826790 -0.004591 0.000000 -0.166920 0.050875 0.276782
    5 5.792767 -0.005304 0.000000 -0.149100 0.000983 0.246457
    6 6.662322 -0.001452 0.000000 -0.005309 -0.005334 0.494497
    7 -3.108188 1.516823 4.339626 1.238993 -1.024532 -4.799756
    8 4.827512 0.000000 -0.000002 -0.458057 0.390547 -0.833258
    9 11.140032 0.000000 0.000000 0.070821 -0.147322 -2.023595
    10 10.314563 -0.000001 0.000001 -0.651749 -0.105288 0.951440
    11 1.646836 0.445664 -1.699647 -0.161704 0.581044 -0.283978
    12 0.928312 0.000000 0.000000 0.000000 0.000000 0.000000
    13 0.928313 0.000000 -0.000001 0.000000 0.000000 0.000000
    14 2.979373 -0.388274 -0.044205 -0.000805 -0.043611 0.000046
    15 1.435262 -0.000001 -0.000001 0.000000 0.000000 0.872146
    16 1.482593 -0.000001 0.000001 0.000000 0.000000 0.907041
    17 -2.869899 1.399667 -4.140396 -1.163265 1.764468 -4.903713
    18 4.972047 0.000000 0.000000 1.084545 -0.761764 -1.802436
    19 11.585358 0.000000 0.000001 0.386603 -0.353259 -1.178622
    20 10.127058 0.000000 0.000001 1.960763 0.596700 0.774136
    21 1.537458 0.109715 1.664489 -0.264662 -0.055995 0.783079
    22 0.928313 0.000000 0.000002 0.000000 0.000000 -0.453501
    23 0.928311 0.000000 0.000001 0.000000 0.000000 0.000000
    24 2.686395 -0.427337 0.044204 -0.005762 0.043239 -0.157074
    25 1.435260 0.000000 0.000001 0.000000 0.000000 0.732613
    26 1.482593 0.000000 -0.000001 0.000000 0.000000 1.168644
    27 2.046984 0.000001 0.000000 0.126922 0.372481 0.134301
    28 -0.000005 0.000007 3.713254 -0.099865 -3.047848 5.708602
    29 18.045723 0.000000 0.000000 0.000000 0.000000 -0.413544
    30 17.597597 0.000000 0.000000 -0.057202 -0.016721 -0.162308
    31 0.000005 -0.000003 -3.713254 0.807612 2.831522 6.175187
    32 18.045721 0.000000 0.000000 0.000000 0.000000 -0.782250
    33 17.597597 0.000000 0.000000 0.178693 0.125253 0.485308
  time 82
    0 0.254879 -0.281108 0.368674 0.000000 0.000000 -1.571017
    1 -3.386826 0.207038 0.000000 -1.570795 -1.570787 0.000000
    2 1.293670 0.684478 -0.000001 -0.000004 -0.000001 0.131512
    3 5.309685 -0.003834 0.000000 0.000000 0.000000 0.201058
    4 4.826790 -0.004591 0.000000 -0.166920 0.050875 0.275062
    5 5.792767 -0.005304 0.000000 -0.149190 0.000731 0.247973
    6 6.662322 -0.001452 0.000000 -0.005309 -0.005334 0.494497
    7 -3.108188 1.516823 4.339626 1.238993 -1.024532 -4.799756
    8 4.827512 0.000000 -0.000002 -0.500068 0.392338 -0.715673
    9 11.140032 0.000000 0.000000 0.070821 -0.146398 -2.035695
    10 10.314563 -0.000001 0.000001 -0.665776 0.112032 1.071863
    11 1.646836 0.445664 -1.699647 -0.161704 0.581044 -0.283978
    12 0.928312 0.000000 0.000000 0.000000 0.000000 0.000000
    13 0.928313 0.000000 -0.000001 0.000000 0.000000 0.000000
    14 2.979373 -0.388274 -0.044205 -0.000805 -0.043611 0.000046
    15 1.435262 -0.000001 -0.000001 0.000000 0.000000 0.872146
    16 1.482593 -0.000001 0.000001 0.000000 0.000000 0.907041
    17 -2.869899 1.399667 -4.140396 -1.163265 1.764468 -4.903713
    18 4.972047 0.000000 0.000000 1.079105 -0.767870 -1.795981
    19 11.585358 0.000000 0.000001 0.386603 -0.355551 -1.193815
    20 10.127058 0.000000 0.000001 1.960763 0.596700 0.774136
    21 1.537458 0.109715 1.664489 -0.264662 -0.055995 0.783079
    22 0.928313 0.000000 0.000002 0.000000 0.000000 -0.453501
    23 0.928311 0.000000 0.000001 0.000000 0.000000 0.000000
    24 2.686395 -0.427337 0.044204 -0.005762 0.043239 -0.157074
    25 1.435260 0.000000 0.000001 0.000000 0.000000 0.732613
    26 1.482593 0.000000 -0.000001 0.000000 0.000000 1.168644
    27 2.046984 0.000001 0.000000 0.136918 0.368026 0.120372
    28 -0.000005 0.000007 3.713254 -0.099865 -3.047848 5.708602
    29 18.045723 0.000000 0.000000 0.000000 0.000000 -0.413544
    30 17.597597 0.000000 0.000000 -0.057202 -0.016721 -0.162308
    31 0.000005 -0.000003 -3.713254 0.807612 2.831522 6.175187
    32 18.045721 0.000000 0.000000 0.000000 0.000000 -0.782250
    33 17.597597 0.000000 0.000000 0.178693 0.125253 0.485308
  time 83
    0 0.254879 -0.281108 0.368674 0.000000 0.000000 -1.571017
    1 -3.386826 0.207038 0.000000 -1.570795 -1.570787 0.000000
    2 1.293670 0.684478 -0.000001 -0.000004 -0.000001 0.131512
    3 5.309685 -0.003834 0.000000 0.000000 0.000000 0.197738
    4 4.826790 -0.004591 0.000000 -0.166920 0.050875 0.272527
    5 5.792767 -0.005304 0.000000 -0.149316 0.000336 0.250299
    6 6.662322 -0.001452 0.000000 -0.005309 -0.005334 0.494497
    7 -3.108188 1.516823 4.339626 1.238993 -1.024532 -4.799756
    8 4.827512 0.000000 -0.000002 -0.526056 0.382361 -0.653631
    9 11.140032 0.000000 0.000000 0.070821 -0.150043 -1.983746
    10 10.314563 -0.000001 0.000001 -0.681508 0.358109 1.208138
    11 1.646836 0.445664 -1.699647 -0.161704 0.581044 -0.283978
    12 0.928312 0.000000 0.000000 0.000000 0.000000 0.000000
    13 0.928313 0.000000 -0.000001 0.000000 0.000000 0.000000
    14 2.979373 -0.388274 -0.044205 -0.000805 -0.043611 0.000046
    15 1.435262 -0.000001 -0.000001 0.000000 0.000000 0.872146
    16 1.482593 -0.000001 0.000001 0.000000 0.000000 0.907041
    17 -2.869899 1.399667 -4.140396 -1.163265 1.764468 -4.903713
    18 4.972047 0.000000 0.000000 1.073477 -0.774138 -1.789192
    19 11.585358 0.000000 0.000001 0.386603 -0.357888 -1.209334
    20 10.127058 0.000000 0.000001 1.960763 0.596700 0.774136
    21 1.537458 0.109715 1.664489 -0.264662 -0.055995 0.783079
    22 0.928313 0.000000 0.000002 0.000000 0.000000 -0.453501
    23 0.928311 0.000000 0.000001 0.000000 0.000000 0.000000
    24 2.686395 -0.427337 0.044204 -0.005762 0.043239 -0.157074
    25 1.435260 0.000000 0.000001 0.000000 0.000000 0.732613
    26 1.482593 0.000000 -0.000001 0.000000 0.000000 1.168644
    27 2.046984 0.000001 0.000000 0.151652 0.361476 0.099812
    28 -0.000005 0.000007 3.713254 -0.099865 -3.047848 5.708602
    29 18.045723 0.000000 0.000000 0.000000 0.000000 -0.413544
    30 17.597597 0.000000 0.000000 -0.057202 -0.016721 -0.162308
    31 0.000005 -0.000003 -3.713254 0.807612 2.831522 6.175187
    32 18.045721 0.000000 0.000000 0.000000 0.000000 -0.782250
    33 17.597597 0.000000 0.000000 0.178693 0.125253 0.485308
  time 84
    0 0.254879 -0.281108 0.368674 0.000000 0.000000 -1.571017
    1 -3.386826 0.207038 0.000000 -1.570795 -1.570787 0.000000
    2 1.293670 0.684478 -0.000001 -0.000004 -0.000001 0.131512
    3 5.309685 -0.003834 0.000000 0.000000 0.000000 0.193710
    4 4.826790 -0.004591 0.000000 -0.166920 0.050875 0.269462
    5 5.792767 -0.005304 0.000000 -0.149478 -0.000156 0.253309
    6 6.662322 -0.001452 0.000000 -0.005309 -0.005334 0.494497
    7 -3.108188 1.516823 4.339626 1.238993 -1.024532 -4.799756
    8 4.827512 0.000000 -0.000002 -0.518244 0.386198 -0.619145
    9 11.140032 0.000000 0.000000 0.070821 -0.156110 -1.879413
    10 10.314563 -0.000001 0.000001 -0.698758 0.625731 1.356373
    11 1.646836 0.445664 -1.699647 -0.161704 0.581044 -0.283978
    12 0.928312 0.000000 0.000000 0.000000 0.000000 0.000000
    13 0.928313 0.000000 -0.000001 0.000000 0.000000 0.000000
    14 2.979373 -0.388274 -0.044205 -0.000805 -0.043611 0.000046
    15 1.435262 -0.000001 -0.000001 0.000000 0.000000 0.872146
    16 1.482593 -0.000001 0.000001 0.000000 0.000000 0.907041
    17 -2.869899 1.399667 -4.140396 -1.163265 1.764468 -4.903713
    18 4.972047 0.000000 0.000000 1.067849 -0.780003 -1.782204
    19 11.585358 0.000000 0.000001 0.386603 -0.360338 -1.225506
    20 10.127058 0.000000 0.000001 1.960763 0.596700 0.774136
    21 1.537458 0.109715 1.664489 -0.264662 -0.055995 0.783079
    22 0.928313 0.000000 0.000002 0.000000 0.000000 -0.453501
    23 0.928311 0.000000 0.000001 0.000000 0.000000 0.000000
    24 2.686395 -0.427337 0.044204 -0.005762 0.043239 -0.157074
    25 1.435260 0.000000 0.000001 0.000000 0.000000 0.732613
    26 1.482593 0.000000 -0.000001 0.000000 0.000000 1.168644
    27 2.046984 0.000001 0.000000 0.169531 0.353510 0.074933
    28 -0.000005 0.000007 3.713254 -0.099865 -3.047848 5.708602
    29 18.045723 0.000000 0.000000 0.000000 0.000000 -0.413544
    30 17.597597 0.000000 0.000000 -0.057202 -0.016721 -0.162308
    31 0.000005 -0.000003 -3.713254 0.807612 2.831522 6.175187
    32 18.045721 0.000000 0.000000 0.000000 0.000000 -0.782250
    33 17.597597 0.000000 0.000000 0.178693 0.125253 0.485308
  time 85
    0 0.254879 -0.281108 0.368674 0.000000 0.000000 -1.571017
    1 -3.386826 0.207038 0.000000 -1.570795 -1.570787 0.000000
    2 1.293670 0.684478 -0.000001 -0.000004 -0.000001 0.131512
    3 5.309685 -0.003834 0.000000 0.000000 0.000000 0.189330
    4 4.826790 -0.004591 0.000000 -0.166920 0.050875 0.266133
    5 5.792767 -0.005304 0.000000 -0.149676 -0.000755 0.256839
    6 6.662322 -0.001452 0.000000 -0.005309 -0.005334 0.494497
    7 -3.108188 1.516823 4.339626 1.238993 -1.024532 -4.799756
    8 4.827512 0.000000 -0.000002 -0.482451 0.410160 -0.584138
    9 11.140032 0.000000 0.000000 0.070821 -0.161902 -1.728999
    10 10.314563 -0.000001 0.000001 -0.716860 0.907684 1.512506
    11 1.646836 0.445664 -1.699647 -0.161704 0.581044 -0.283978
    12 0.928312 0.000000 0.000000 0.000000 0.000000 0.000000
    13 0.928313 0.000000 -0.000001 0.000000 0.000000 0.000000
    14 2.979373 -0.388274 -0.044205 -0.000805 -0.043611 0.000046
    15 1.435262 -0.000001 -0.000001 0.000000 0.000000 0.872146
    16 1.482593 -0.000001 0.000001 0.000000 0.000000 0.907041
    17 -2.869899 1.399667 -4.140396 -1.163265 1.764468 -4.903713
    18 4.972047 0.000000 0.000000 1.062127 -0.785467 -1.775215
    19 11.585358 0.000000 0.000001 0.386603 -0.362426 -1.242741
    20 10.127058 0.000000 0.000001 1.960763 0.596700 0.774136
    21 1.537458 0.109715 1.664489 -0.264662 -0.055995 0.783079
    22 0.928313 0.000000 0.000002 0.000000 0.000000 -0.453501
    23 0.928311 0.000000 0.000001 0.000000 0.000000 0.000000
    24 2.686395 -0.427337 0.044204 -0.005762 0.043239 -0.157074
    25 1.435260 0.000000 0.000001 0.000000 0.000000 0.732613
    26 1.482593 0.000000 -0.000001 0.000000 0.000000 1.168644
    27 2.046984 0.000001 0.000000 0.189048 0.344866 0.047803
    28 -0.000005 0.000007 3.713254 -0.099865 -3.047848 5.708602
    29 18.045723 0.000000 0.000000 0.000000 0.000000 -0.413544
    30 17.597597 0.000000 0.000000 -0.057202 -0.016721 -0.162308
    31 0.000005 -0.000003 -3.713254 0.807612 2.831522 6.175187
    32 18.045721 0.000000 0.000000 0.000000 0.000000 -0.782250
    33 17.597597 0.000000 0.000000 0.178693 0.125253 0.485308
  time 86
    0 0.254879 -0.281108 0.368674 0.000000 0.000000 -1.571017
    1 -3.386826 0.207038 0.000000 -1.570795 -1.570787 0.000000
    2 1.293670 0.684478 -0.000001 -0.000004 -0.000001 0.131512
    3 5.309685 -0.003834 0.000000 0.000000 0.000000 0.184931
    4 4.826790 -0.004591 0.000000 -0.166920 0.050875 0.262782
    5 5.792767 -0.005304 0.000000 -0.149892 -0.001402 0.260742
    6 6.662322 -0.001452 0.000000 -0.005309 -0.005334 0.494497
    7 -3.108188 1.516823 4.339626 1.238993 -1.024532 -4.799756
    8 4.827512 0.000000 -0.000002 -0.448491 0.431393 -0.576859
    9 11.140032 0.000000 0.000000 0.070821 -0.163749 -1.527217
    10 10.314563 -0.000001 0.000001 -0.735436 1.196756 1.672644
    11 1.646836 0.445664 -1.699647 -0.161704 0.581044 -0.283978
    12 0.928312 0.000000 0.000000 0.000000 0.000000 0.000000
    13 0.928313 0.000000 -0.000001 0.000000 0.000000 0.000000
    14 2.979373 -0.388274 -0.044205 -0.000805 -0.043611 0.000046
    15 1.435262 -0.000001 -0.000001 0.000000 0.000000 0.872146
    16 1.482593 -0.000001 0.000001 0.000000 0.000000 0.907041
    17 -2.869899 1.399667 -4.140396 -1.163265 1.764468 -4.903713
    18 4.972047 0.000000 0.000000 1.056687 -0.789886 -1.768027
    19 11.585358 0.000000 0.000001 0.386603 -0.364627 -1.261364
    20 10.127058 0.000000 0.000001 1.960763 0.596700 0.774136
    21 1.537458 0.109715 1.664489 -0.264662 -0.055995 0.783079
    22 0.928313 0.000000 0.000002 0.000000 0.000000 -0.453501
    23 0.928311 0.000000 0.000001 0.000000 0.000000 0.000000
    24 2.686395 -0.427337 0.044204 -0.005762 0.043239 -0.157074
    25 1.435260 0.000000 0.000001 0.000000 0.000000 0.732613
    26 1.482593 0.000000 -0.000001 0.000000 0.000000 1.168644
    27 2.046984 0.000001 0.000000 0.208521 0.336192 0.020673
    28 -0.000005 0.000007 3.713254 -0.099865 -3.047848 5.708602
    29 18.045723 0.000000 0.000000 0.000000 0.000000 -0.413544
    30 17.597597 0.000000 0.000000 -0.057202 -0.016721 -0.162308
    31 0.000005 -0.000003 -3.713254 0.807612 2.831522 6.175187
    32 18.045721 0.000000 0.000000 0.000000 0.000000 -0.782250
    33 17.597597 0.000000 0.000000 0.178693 0.125253 0.485308
  time 87
    0 0.254879 -0.281108 0.368674 0.000000 0.000000 -1.571017
    1 -3.386826 0.207038 0.000000 -1.570795 -1.570787 0.000000
    2 1.293670 0.684478 -0.000001 -0.000004 -0.000001 0.131512
    3 5.309685 -0.003834 0.000000 0.000000 0.000000 0.180904
    4 4.826790 -0.004591 0.000000 -0.166920 0.050875 0.259717
    5 5.792767 -0.005304 0.000000 -0.150126 -0.002097 0.264874
    6 6.662322 -0.001452 0.000000 -0.005309 -0.005334 0.494497
    7 -3.108188 1.516823 4.339626 1.238993 -1.024532 -4.799756
    8 4.827512 0.000000 -0.000002 -0.435179 0.436595 -0.609700
    9 11.140032 0.000000 0.000000 0.070821 -0.156959 -1.279499
    10 10.314563 -0.000001 0.000001 -0.754012 1.485829 1.832783
    11 1.646836 0.445664 -1.699647 -0.161704 0.581044 -0.283978
    12 0.928312 0.000000 0.000000 0.000000 0.000000 0.000000
    13 0.928313 0.000000 -0.000001 0.000000 0.000000 0.000000
    14 2.979373 -0.388274 -0.044205 -0.000805 -0.043611 0.000046
    15 1.435262 -0.000001 -0.000001 0.000000 0.000000 0.872146
    16 1.482593 -0.000001 0.000001 0.000000 0.000000 0.907041
    17 -2.869899 1.399667 -4.140396 -1.163265 1.764468 -4.903713
    18 4.972047 0.000000 0.000000 1.051622 -0.792939 -1.760706
    19 11.585358 0.000000 0.000001 0.386603 -0.367032 -1.281620
    20 10.127058 0.000000 0.000001 1.960763 0.596700 0.774136
    21 1.537458 0.109715 1.664489 -0.264662 -0.055995 0.783079
    22 0.928313 0.000000 0.000002 0.000000 0.000000 -0.453501
    23 0.928311 0.000000 0.000001 0.000000 0.000000 0.000000
    24 2.686395 -0.427337 0.044204 -0.005762 0.043239 -0.157074
    25 1.435260 0.000000 0.000001 0.000000 0.000000 0.732613
    26 1.482593 0.000000 -0.000001 0.000000 0.000000 1.168644
    27 2.046984 0.000001 0.000000 0.226401 0.328226 -0.004266
    28 -0.000005 0.000007 3.713254 -0.099865 -3.047848 5.708602
    29 18.045723 0.000000 0.000000 0.000000 0.000000 -0.413544
    30 17.597597 0.000000 0.000000 -0.057202 -0.016721 -0.162308
    31 0.000005 -0.000003 -3.713254 0.807612 2.831522 6.175187
    32 18.045721 0.000000 0.000000 0.000000 0.000000 -0.782250
    33 17.597597 0.000000 0.000000 0.178693 0.125253 0.485308
  time 88
    0 0.254879 -0.281108 0.368674 0.000000 0.000000 -1.571017
    1 -3.386826 0.207038 0.000000 -1.570795 -1.570787 0.000000
    2 1.293670 0.684478 -0.000001 -0.000004 -0.000001 0.131512
    3 5.309685 -0.003834 0.000000 0.000000 0.000000 0.177583
    4 4.826790 -0.004591 0.000000 -0.166920 0.050875 0.257181
    5 5.792767 -0.005304 0.000000 -0.150359 -0.002804 0.269068
    6 6.662322 -0.001452 0.000000 -0.005309 -0.005334 0.494497
    7 -3.108188 1.516823 4.339626 1.238993 -1.024532 -4.799756
    8 4.827512 0.000000 -0.000002 -0.445781 0.420222 -0.677894
    9 11.140032 0.000000 0.000000 0.070821 -0.138184 -1.004538
    10 10.314563 -0.000001 0.000001 -3.913570 1.373703 -1.152601
    11 1.646836 0.445664 -1.699647 -0.161704 0.581044 -0.283978
    12 0.928312 0.000000 0.000000 0.000000 0.000000 0.000000
    13 0.928313 0.000000 -0.000001 0.000000 0.000000 0.000000
    14 2.979373 -0.388274 -0.044205 -0.000805 -0.043611 0.000046
    15 1.435262 -0.000001 -0.000001 0.000000 0.000000 0.872146
    16 1.482593 -0.000001 0.000001 0.000000 0.000000 0.907041
    17 -2.869899 1.399667 -4.140396 -1.163265 1.764468 -4.903713
    18 4.972047 0.000000 0.000000 1.046182 -0.793502 -1.751056
    19 11.585358 0.000000 0.000001 0.386603 -0.370662 -1.312169
    20 10.127058 0.000000 0.000001 1.960763 0.596700 0.774136
    21 1.537458 0.109715 1.664489 -0.264662 -0.055995 0.783079
    22 0.928313 0.000000 0.000002 0.000000 0.000000 -0.453501
    23 0.928311 0.000000 0.000001 0.000000 0.000000 0.000000
    24 2.686395 -0.427337 0.044204 -0.005762 0.043239 -0.157074
    25 1.435260 0.000000 0.000001 0.000000 0.000000 0.732613
    26 1.482593 0.000000 -0.000001 0.000000 0.000000 1.168644
    27 2.046984 0.000001 0.000000 0.241135 0.321676 -0.024826
    28 -0.000005 0.000007 3.713254 -0.099865 -3.047848 5.708602
    29 18.045723 0.000000 0.000000 0.000000 0.000000 -0.413544
    30 17.597597 0.000000 0.000000 -0.057202 -0.016721 -0.162308
    31 0.000005 -0.000003 -3.713254 0.807612 2.831522 6.175187
    32 18.045721 0.000000 0.000000 0.000000 0.000000 -0.782250
    33 17.597597 0.000000 0.000000 0.178693 0.125253 0.485308
  time 89
    0 0.254879 -0.281108 0.368674 0.000000 0.000000 -1.571017
    1 -3.386826 0.207038 0.000000 -1.570795 -1.570787 0.000000
    2 1.293670 0.684478 -0.000001 -0.000004 -0.000001 0.131512
    3 5.309685 -0.003834 0.000000 0.000000 0.000000 0.175340
    4 4.826790 -0.004591 0.000000 -0.166920 0.050875 0.255484
    5 5.792767 -0.005304 0.000000 -0.150575 -0.003500 0.273200
    6 6.662322 -0.001452 0.000000 -0.005309 -0.005334 0.494497
    7 -3.108188 1.516823 4.339626 1.238993 -1.024532 -4.799756
    8 4.827512 0.000000 -0.000002 -0.468819 0.386539 -0.758392
    9 11.140032 0.000000 0.000000 0.070821 -0.111346 -0.748778
    10 10.314563 -0.000001 0.000001 -3.930819 1.106175 -1.004423
    11 1.646836 0.445664 -1.699647 -0.161704 0.581044 -0.283978
    12 0.928312 0.000000 0.000000 0.000000 0.000000 0.000000
    13 0.928313 0.000000 -0.000001 0.000000 0.000000 0.000000
    14 2.979373 -0.388274 -0.044205 -0.000805 -0.043611 0.000046
    15 1.435262 -0.000001 -0.000001 0.000000 0.000000 0.872146
    16 1.482593 -0.000001 0.000001 0.000000 0.000000 0.907041
    17 -2.869899 1.399667 -4.140396 -1.163265 1.764468 -4.903713
    18 4.972047 0.000000 0.000000 1.039897 -0.791814 -1.738077
    19 11.585358 0.000000 0.000001 0.386603 -0.374701 -1.358808
    20 10.127058 0.000000 0.000001 1.960763 0.596700 0.774136
    21 1.537458 0.109715 1.664489 -0.264662 -0.055995 0.783079
    22 0.928313 0.000000 0.000002 0.000000 0.000000 -0.453501
    23 0.928311 0.000000 0.000001 0.000000 0.000000 0.000000
    24 2.686395 -0.427337 0.044204 -0.005762 0.043239 -0.157074
    25 1.435260 0.000000 0.000001 0.000000 0.000000 0.732613
    26 1.482593 0.000000 -0.000001 0.000000 0.000000 1.168644
    27 2.046984 0.000001 0.000000 0.251173 0.317251 -0.038756
    28 -0.000005 0.000007 3.713254 -0.099865 -3.047848 5.708602
    29 18.045723 0.000000 0.000000 0.000000 0.000000 -0.413544
    30 17.597597 0.000000 0.000000 -0.057202 -0.016721 -0.162308
    31 0.000005 -0.000003 -3.713254 0.807612 2.831522 6.175187
    32 18.045721 0.000000 0.000000 0.000000 0.000000 -0.782250
    33 17.597597 0.000000 0.000000 0.178693 0.125253 0.485308
  time 90
    0 0.254879 -0.281108 0.368674 0.000000 0.000000 -1.571017
    1 -3.386826 0.207038 0.000000 -1.570795 -1.570787 0.000000
    2 1.293670 0.684478 -0.000001 -0.000004 -0.000001 0.131512
    3 5.309685 -0.003834 0.000000 0.000000 0.000000 0.174510
    4 4.826790 -0.004591 0.000000 -0.166920 0.050875 0.254844
    5 5.792767 -0.005304 0.000000 -0.150791 -0.004159 0.277103
    6 6.662322 -0.001452 0.000000 -0.005309 -0.005334 0.494497
    7 -3.108188 1.516823 4.339626 1.238993 -1.024532 -4.799756
    8 4.827512 0.000000 -0.000002 -0.482371 0.363089 -0.800157
    9 11.140032 0.000000 0.000000 0.070821 -0.096043 -0.627491
    10 10.314563 -0.000001 0.000001 -3.946552 0.860098 -0.868091
    11 1.646836 0.445664 -1.699647 -0.161704 0.581044 -0.283978
    12 0.928312 0.000000 0.000000 0.000000 0.000000 0.000000
    13 0.928313 0.000000 -0.000001 0.000000 0.000000 0.000000
    14 2.979373 -0.388274 -0.044205 -0.000805 -0.043611 0.000046
    15 1.435262 -0.000001 -0.000001 0.000000 0.000000 0.872146
    16 1.482593 -0.000001 0.000001 0.000000 0.000000 0.907041
    17 -2.869899 1.399667 -4.140396 -1.163265 1.764468 -4.903713
    18 4.972047 0.000000 0.000000 1.034738 -0.786833 -1.724167
    19 11.585358 0.000000 0.000001 0.386603 -0.378990 -1.414595
    20 10.127058 0.000000 0.000001 1.960763 0.596700 0.774136
    21 1.537458 0.109715 1.664489 -0.264662 -0.055995 0.783079
    22 0.928313 0.000000 0.000002 0.000000 0.000000 -0.453501
    23 0.928311 0.000000 0.000001 0.000000 0.000000 0.000000
    24 2.686395 -0.427337 0.044204 -0.005762 0.043239 -0.157074
    25 1.435260 0.000000 0.000001 0.000000 0.000000 0.732613
    26 1.482593 0.000000 -0.000001 0.000000 0.000000 1.168644
    27 2.046984 0.000001 0.000000 0.254835 0.315598 -0.043866
    28 -0.000005 0.000007 3.713254 -0.099865 -3.047848 5.708602
    29 18.045723 0.000000 0.000000 0.000000 0.000000 -0.413544
    30 17.597597 0.000000 0.000000 -0.057202 -0.016721 -0.162308
    31 0.000005 -0.000003 -3.713254 0.807612 2.831522 6.175187
    32 18.045721 0.000000 0.000000 0.000000 0.000000 -0.782250
    33 17.597597 0.000000 0.000000 0.178693 0.125253 0.485308
  time 91
    0 0.254879 -0.281108 0.368674 0.000000 0.000000 -1.571017
    1 -3.386826 0.207038 0.000000 -1.570795 -1.570787 0.000000
    2 1.293670 0.684478 -0.000001 -0.000004 -0.000001 0.131512
    3 5.309685 -0.003834 0.000000 0.000000 0.000000 0.174510
    4 4.826790 -0.004591 0.000000 -0.166920 0.050875 0.254844
    5 5.792767 -0.005304 0.000000 -0.150989 -0.004746 0.280633
    6 6.662322 -0.001452 0.000000 -0.005309 -0.005334 0.494497
    7 -3.108188 1.516823 4.339626 1.238993 -1.024532 -4.799756
    8 4.827512 0.000000 -0.000002 -0.490343 0.349445 -0.821820
    9 11.140032 0.000000 0.000000 0.070821 -0.101735 -0.671325
    10 10.314563 -0.000001 0.000001 -3.960579 0.642685 -0.747667
    11 1.646836 0.445664 -1.699647 -0.161704 0.581044 -0.283978
    12 0.928312 0.000000 0.000000 0.000000 0.000000 0.000000
    13 0.928313 0.000000 -0.000001 0.000000 0.000000 0.000000
    14 2.979373 -0.388274 -0.044205 -0.000805 -0.043611 0.000046
    15 1.435262 -0.000001 -0.000001 0.000000 0.000000 0.872146
    16 1.482593 -0.000001 0.000001 0.000000 0.000000 0.907041
    17 -2.869899 1.399667 -4.140396 -1.163265 1.764468 -4.903713
    18 4.972047 0.000000 0.000000 1.031830 -0.779762 -1.711788
    19 11.585358 0.000000 0.000001 0.386603 -0.381894 -1.472261
    20 10.127058 0.000000 0.000001 1.960763 0.596700 0.774136
    21 1.537458 0.109715 1.664489 -0.264662 -0.055995 0.783079
    22 0.928313 0.000000 0.000002 0.000000 0.000000 -0.453501
    23 0.928311 0.000000 0.000001 0.000000 0.000000 0.000000
    24 2.686395 -0.427337 0.044204 -0.005762 0.043239 -0.157074
    25 1.435260 0.000000 0.000001 0.000000 0.000000 0.732613
    26 1.482593 0.000000 -0.000001 0.000000 0.000000 1.168644
    27 2.046984 0.000001 0.000000 0.254835 0.315598 -0.043866
    28 -0.000005 0.000007 3.713254 -0.099865 -3.047848 5.708602
    29 18.045723 0.000000 0.000000 0.000000 0.000000 -0.413544
    30 17.597597 0.000000 0.000000 -0.057202 -0.016721 -0.162308
    31 0.000005 -0.000003 -3.713254 0.807612 2.831522 6.175187
    32 18.045721 0.000000 0.000000 0.000000 0.000000 -0.782250
    33 17.597597 0.000000 0.000000 0.178693 0.125253 0.485308
  time 92
    0 0.254879 -0.281108 0.368674 0.000000 0.000000 -1.571017
    1 -3.386826 0.207038 0.000000 -1.570795 -1.570787 0.000000
    2 1.293670 0.684478 -0.000001 -0.000004 -0.000001 0.131512
    3 5.309685 -0.003834 0.000000 0.000000 0.000000 0.174510
    4 4.826790 -0.004591 0.000000 -0.166920 0.050875 0.254844
    5 5.792767 -0.005304 0.000000 -0.151151 -0.005249 0.283644
    6 6.662322 -0.001452 0.000000 -0.005309 -0.005334 0.494497
    7 -3.108188 1.516823 4.339626 1.238993 -1.024532 -4.799756
    8 4.827512 0.000000 -0.000002 -0.510830 0.309366 -0.888281
    9 11.140032 0.000000 0.000000 0.070821 -0.107926 -0.720376
    10 10.314563 -0.000001 0.000001 -3.972237 0.461055 -0.647102
    11 1.646836 0.445664 -1.699647 -0.161704 0.581044 -0.283978
    12 0.928312 0.000000 0.000000 0.000000 0.000000 0.000000
    13 0.928313 0.000000 -0.000001 0.000000 0.000000 0.000000
    14 2.979373 -0.388274 -0.044205 -0.000805 -0.043611 0.000046
    15 1.435262 -0.000001 -0.000001 0.000000 0.000000 0.872146
    16 1.482593 -0.000001 0.000001 0.000000 0.000000 0.907041
    17 -2.869899 1.399667 -4.140396 -1.163265 1.764468 -4.903713
    18 4.972047 0.000000 0.000000 1.031830 -0.771406 -1.702870
    19 11.585358 0.000000 0.000001 0.386603 -0.383278 -1.523474
    20 10.127058 0.000000 0.000001 1.960763 0.596700 0.774136
    21 1.537458 0.109715 1.664489 -0.264662 -0.055995 0.783079
    22 0.928313 0.000000 0.000002 0.000000 0.000000 -0.453501
    23 0.928311 0.000000 0.000001 0.000000 0.000000 0.000000
    24 2.686395 -0.427337 0.044204 -0.005762 0.043239 -0.157074
    25 1.435260 0.000000 0.000001 0.000000 0.000000 0.732613
    26 1.482593 0.000000 -0.000001 0.000000 0.000000 1.168644
    27 2.046984 0.000001 0.000000 0.254835 0.315598 -0.043866
    28 -0.000005 0.000007 3.713254 -0.099865 -3.047848 5.708602
    29 18.045723 0.000000 0.000000 0.000000 0.000000 -0.413544
    30 17.597597 0.000000 0.000000 -0.057202 -0.016721 -0.162308
    31 0.000005 -0.000003 -3.713254 0.807612 2.831522 6.175187
    32 18.045721 0.000000 0.000000 0.000000 0.000000 -0.782250
    33 17.597597 0.000000 0.000000 0.178693 0.125253 0.485308
  time 93
    0 0.254879 -0.281108 0.368674 0.000000 0.000000 -1.571017
    1 -3.386826 0.207038 0.000000 -1.570795 -1.570787 0.000000
    2 1.293670 0.684478 -0.000001 -0.000004 -0.000001 0.131512
    3 5.309685 -0.003834 0.000000 0.000000 0.000000 0.174510
    4 4.826790 -0.004591 0.000000 -0.166920 0.050875 0.254844
    5 5.792767 -0.005304 0.000000 -0.151277 -0.005645 0.285969
    6 6.662322 -0.001452 0.000000 -0.005309 -0.005334 0.494497
    7 -3.108188 1.516823 4.339626 1.238993 -1.024532 -4.799756
    8 4.827512 0.000000 -0.000002 -0.532194 0.252489 -0.973285
    9 11.140032 0.000000 0.000000 0.070821 -0.107627 -0.717913
    10 10.314563 -0.000001 0.000001 -3.981145 0.322514 -0.570342
    11 1.646836 0.445664 -1.699647 -0.161704 0.581044 -0.283978
    12 0.928312 0.000000 0.000000 0.000000 0.000000 0.000000
    13 0.928313 0.000000 -0.000001 0.000000 0.000000 0.000000
    14 2.979373 -0.388274 -0.044205 -0.000805 -0.043611 0.000046
    15 1.435262 -0.000001 -0.000001 0.000000 0.000000 0.872146
    16 1.482593 -0.000001 0.000001 0.000000 0.000000 0.907041
    17 -2.869899 1.399667 -4.140396 -1.163265 1.764468 -4.903713
    18 4.972047 0.000000 0.000000 1.033519 -0.763210 -1.696946
    19 11.585358 0.000000 0.000001 0.386603 -0.383913 -1.564723
    20 10.127058 0.000000 0.000001 1.960763 0.596700 0.774136
    21 1.537458 0.109715 1.664489 -0.264662 -0.055995 0.783079
    22 0.928313 0.000000 0.000002 0.000000 0.000000 -0.453501
    23 0.928311 0.000000 0.000001 0.000000 0.000000 0.000000
    24 2.686395 -0.427337 0.044204 -0.005762 0.043239 -0.157074
    25 1.435260 0.000000 0.000001 0.000000 0.000000 0.732613
    26 1.482593 0.000000 -0.000001 0.000000 0.000000 1.168644
    27 2.046984 0.000001 0.000000 0.254835 0.315598 -0.043866
    28 -0.000005 0.000007 3.713254 -0.099865 -3.047848 5.708602
    29 18.045723 0.000000 0.000000 0.000000 0.000000 -0.413544
    30 17.597597 0.000000 0.000000 -0.057202 -0.016721 -0.162308
    31 0.000005 -0.000003 -3.713254 0.807612 2.831522 6.175187
    32 18.045721 0.000000 0.000000 0.000000 0.000000 -0.782250
    33 17.597597 0.000000 0.000000 0.178693 0.125253 0.485308
  time 94
    0 0.254879 -0.281108 0.368674 0.000000 0.000000 -1.571017
    1 -3.386826 0.207038 0.000000 -1.570795 -1.570787 0.000000
    2 1.293670 0.684478 -0.000001 -0.000004 -0.000001 0.131512
    3 5.309685 -0.003834 0.000000 0.000000 0.000000 0.174510
    4 4.826790 -0.004591 0.000000 -0.166920 0.050875 0.254844
    5 5.792767 -0.005304 0.000000 -0.151367 -0.005896 0.287485
    6 6.662322 -0.001452 0.000000 -0.005309 -0.005334 0.494497
    7 -3.108188 1.516823 4.339626 1.238993 -1.024532 -4.799756
    8 4.827512 0.000000 -0.000002 -0.541362 0.220852 -1.016957
    9 11.140032 0.000000 0.000000 0.070821 -0.105579 -0.701031
    10 10.314563 -0.000001 0.000001 -3.986737 0.234087 -0.521395
    11 1.646836 0.445664 -1.699647 -0.161704 0.581044 -0.283978
    12 0.928312 0.000000 0.000000 0.000000 0.000000 0.000000
    13 0.928313 0.000000 -0.000001 0.000000 0.000000 0.000000
    14 2.979373 -0.388274 -0.044205 -0.000805 -0.043611 0.000046
    15 1.435262 -0.000001 -0.000001 0.000000 0.000000 0.872146
    16 1.482593 -0.000001 0.000001 0.000000 0.000000 0.907041
    17 -2.869899 1.399667 -4.140396 -1.163265 1.764468 -4.903713
    18 4.972047 0.000000 0.000000 1.035770 -0.757103 -1.693951
    19 11.585358 0.000000 0.000001 0.386603 -0.383777 -1.591922
    20 10.127058 0.000000 0.000001 1.960763 0.596700 0.774136
    21 1.537458 0.109715 1.664489 -0.264662 -0.055995 0.783079
    22 0.928313 0.000000 0.000002 0.000000 0.000000 -0.453501
    23 0.928311 0.000000 0.000001 0.000000 0.000000 0.000000
    24 2.686395 -0.427337 0.044204 -0.005762 0.043239 -0.157074
    25 1.435260 0.000000 0.000001 0.000000 0.000000 0.732613
    26 1.482593 0.000000 -0.000001 0.000000 0.000000 1.168644
    27 2.046984 0.000001 0.000000 0.254835 0.315598 -0.043866
    28 -0.000005 0.000007 3.713254 -0.099865 -3.047848 5.708602
    29 18.045723 0.000000 0.000000 0.000000 0.000000 -0.413544
    30 17.597597 0.000000 0.000000 -0.057202 -0.016721 -0.162308
    31 0.000005 -0.000003 -3.713254 0.807612 2.831522 6.175187
    32 18.045721 0.000000 0.000000 0.000000 0.000000 -0.782250
    33 17.597597 0.000000 0.000000 0.178693 0.125253 0.485308
  time 95
    0 0.254879 -0.281108 0.368674 0.000000 0.000000 -1.571017
    1 -3.386826 0.207038 0.000000 -1.570795 -1.570787 0.000000
    2 1.293670 0.684478 -0.000001 -0.000004 -0.000001 0.131512
    3 5.309685 -0.003834 0.000000 0.000000 0.000000 0.174510
    4 4.826790 -0.004591 0.000000 -0.166920 0.050875 0.254844
    5 5.792767 -0.005304 0.000000 -0.151385 -0.005992 0.288025
    6 6.662322 -0.001452 0.000000 -0.005309 -0.005334 0.494497
    7 -3.108188 1.516823 4.339626 1.238993 -1.024532 -4.799756
    8 4.827512 0.000000 -0.000002 -0.541521 0.220085 -1.016870
    9 11.140032 0.000000 0.000000 0.070821 -0.105579 -0.701031
    10 10.314563 -0.000001 0.000001 -3.988822 0.203081 -0.504208
    11 1.646836 0.445664 -1.699647 -0.161704 0.581044 -0.283978
    12 0.928312 0.000000 0.000000 0.000000 0.000000 0.000000
    13 0.928313 0.000000 -0.000001 0.000000 0.000000 0.000000
    14 2.979373 -0.388274 -0.044205 -0.000805 -0.043611 0.000046
    15 1.435262 -0.000001 -0.000001 0.000000 0.000000 0.872146
    16 1.482593 -0.000001 0.000001 0.000000 0.000000 0.907041
    17 -2.869899 1.399667 -4.140396 -1.163265 1.764468 -4.903713
    18 4.972047 0.000000 0.000000 1.036708 -0.754693 -1.693019
    19 11.585358 0.000000 0.000001 0.386603 -0.383573 -1.601969
    20 10.127058 0.000000 0.000001 1.960763 0.596700 0.774136
    21 1.537458 0.109715 1.664489 -0.264662 -0.055995 0.783079
    22 0.928313 0.000000 0.000002 0.000000 0.000000 -0.453501
    23 0.928311 0.000000 0.000001 0.000000 0.000000 0.000000
    24 2.686395 -0.427337 0.044204 -0.005762 0.043239 -0.157074
    25 1.435260 0.000000 0.000001 0.000000 0.000000 0.732613
    26 1.482593 0.000000 -0.000001 0.000000 0.000000 1.168644
    27 2.046984 0.000001 0.000000 0.254835 0.315598 -0.043866
    28 -0.000005 0.000007 3.713254 -0.099865 -3.047848 5.708602
    29 18.045723 0.000000 0.000000 0.000000 0.000000 -0.413544
    30 17.597597 0.000000 0.000000 -0.057202 -0.016721 -0.162308
    31 0.000005 -0.000003 -3.713254 0.807612 2.831522 6.175187
    32 18.045721 0.000000 0.000000 0.000000 0.000000 -0.782250
    33 17.597597 0.000000 0.000000 0.178693 0.125253 0.485308
  time 96
    0 0.254879 -0.281108 0.368674 0.000000 0.000000 -1.571017
    1 -3.386826 0.207038 0.000000 -1.570795 -1.570787 0.000000
    2 1.293670 0.684478 -0.000001 -0.000004 -0.000001 0.131512
    3 5.309685 -0.003834 0.000000 0.000000 0.000000 0.174510
    4 4.826790 -0.004591 0.000000 -0.166920 0.050875 0.254844
    5 5.792767 -0.005304 0.000000 -0.151385 -0.005992 0.288025
    6 6.662322 -0.001452 0.000000 -0.005309 -0.005334 0.494497
    7 -3.108188 1.516823 4.339626 1.238993 -1.024532 -4.799756
    8 4.827512 0.000000 -0.000002 -0.541521 0.220085 -1.016870
    9 11.140032 0.000000 0.000000 0.070821 -0.105579 -0.701031
    10 10.314563 -0.000001 0.000001 -3.988822 0.203081 -0.504208
    11 1.646836 0.445664 -1.699647 -0.161704 0.581044 -0.283978
    12 0.928312 0.000000 0.000000 0.000000 0.000000 0.000000
    13 0.928313 0.000000 -0.000001 0.000000 0.000000 0.000000
    14 2.979373 -0.388274 -0.044205 -0.000805 -0.043611 0.000046
    15 1.435262 -0.000001 -0.000001 0.000000 0.000000 0.872146
    16 1.482593 -0.000001 0.000001 0.000000 0.000000 0.907041
    17 -2.869899 1.399667 -4.140396 -1.163265 1.764468 -4.903713
    18 4.972047 0.000000 0.000000 1.036708 -0.754693 -1.693019
    19 11.585358 0.000000 0.000001 0.386603 -0.383573 -1.601969
    20 10.127058 0.000000 0.000001 1.960763 0.596700 0.774136
    21 1.537458 0.109715 1.664489 -0.264662 -0.055995 0.783079
    22 0.928313 0.000000 0.000002 0.000000 0.000000 -0.453501
    23 0.928311 0.000000 0.000001 0.000000 0.000000 0.000000
    24 2.686395 -0.427337 0.044204 -0.005762 0.043239 -0.157074
    25 1.435260 0.000000 0.000001 0.000000 0.000000 0.732613
    26 1.482593 0.000000 -0.000001 0.000000 0.000000 1.168644
    27 2.046984 0.000001 0.000000 0.254835 0.315598 -0.043866
    28 -0.000005 0.000007 3.713254 -0.099865 -3.047848 5.708602
    29 18.045723 0.000000 0.000000 0.000000 0.000000 -0.413544
    30 17.597597 0.000000 0.000000 -0.057202 -0.016721 -0.162308
    31 0.000005 -0.000003 -3.713254 0.807612 2.831522 6.175187
    32 18.045721 0.000000 0.000000 0.000000 0.000000 -0.782250
    33 17.597597 0.000000 0.000000 0.178693 0.125253 0.485308
  time 97
    0 0.254879 -0.281108 0.368674 0.000000 0.000000 -1.571017
    1 -3.386826 0.207038 0.000000 -1.570795 -1.570787 0.000000
    2 1.293670 0.684478 -0.000001 -0.000004 -0.000001 0.131512
    3 5.309685 -0.003834 0.000000 0.000000 0.000000 0.174510
    4 4.826790 -0.004591 0.000000 -0.166920 0.050875 0.254844
    5 5.792767 -0.005304 0.000000 -0.151385 -0.005992 0.288025
    6 6.662322 -0.001452 0.000000 -0.005309 -0.005334 0.494497
    7 -3.108188 1.516823 4.339626 1.238993 -1.024532 -4.799756
    8 4.827512 0.000000 -0.000002 -0.541521 0.220085 -1.016870
    9 11.140032 0.000000 0.000000 0.070821 -0.105579 -0.701031
    10 10.314563 -0.000001 0.000001 -3.988822 0.203081 -0.504208
    11 1.646836 0.445664 -1.699647 -0.161704 0.581044 -0.283978
    12 0.928312 0.000000 0.000000 0.000000 0.000000 0.000000
    13 0.928313 0.000000 -0.000001 0.000000 0.000000 0.000000
    14 2.979373 -0.388274 -0.044205 -0.000805 -0.043611 0.000046
    15 1.435262 -0.000001 -0.000001 0.000000 0.000000 0.872146
    16 1.482593 -0.000001 0.000001 0.000000 0.000000 0.907041
    17 -2.869899 1.399667 -4.140396 -1.163265 1.764468 -4.903713
    18 4.972047 0.000000 0.000000 1.036708 -0.754693 -1.693019
    19 11.585358 0.000000 0.000001 0.386603 -0.383573 -1.601969
    20 10.127058 0.000000 0.000001 1.960763 0.596700 0.774136
    21 1.537458 0.109715 1.664489 -0.264662 -0.055995 0.783079
    22 0.928313 0.000000 0.000002 0.000000 0.000000 -0.453501
    23 0.928311 0.000000 0.000001 0.000000 0.000000 0.000000
    24 2.686395 -0.427337 0.044204 -0.005762 0.043239 -0.157074
    25 1.435260 0.000000 0.000001 0.000000 0.000000 0.732613
    26 1.482593 0.000000 -0.000001 0.000000 0.000000 1.168644
    27 2.046984 0.000001 0.000000 0.254835 0.315598 -0.043866
    28 -0.000005 0.000007 3.713254 -0.099865 -3.047848 5.708602
    29 18.045723 0.000000 0.000000 0.000000 0.000000 -0.413544
    30 17.597597 0.000000 0.000000 -0.057202 -0.016721 -0.162308
    31 0.000005 -0.000003 -3.713254 0.807612 2.831522 6.175187
    32 18.045721 0.000000 0.000000 0.000000 0.000000 -0.782250
    33 17.597597 0.000000 0.000000 0.178693 0.125253 0.485308
  time 98
    0 0.254879 -0.281108 0.368674 0.000000 0.000000 -1.571017
    1 -3.386826 0.207038 0.000000 -1.570795 -1.570787 0.000000
    2 1.293670 0.684478 -0.000001 -0.000004 -0.000001 0.131512
    3 5.309685 -0.003834 0.000000 0.000000 0.000000 0.174510
    4 4.826790 -0.004591 0.000000 -0.166920 0.050875 0.254844
    5 5.792767 -0.005304 0.000000 -0.151385 -0.005992 0.288025
    6 6.662322 -0.001452 0.000000 -0.005309 -0.005334 0.494497
    7 -3.108188 1.516823 4.339626 1.238993 -1.024532 -4.799756
    8 4.827512 0.000000 -0.000002 -0.541521 0.220085 -1.016870
    9 11.140032 0.000000 0.000000 0.070821 -0.105579 -0.701031
    10 10.314563 -0.000001 0.000001 -3.988822 0.203081 -0.504208
    11 1.646836 0.445664 -1.699647 -0.161704 0.581044 -0.283978
    12 0.928312 0.000000 0.000000 0.000000 0.000000 0.000000
    13 0.928313 0.000000 -0.000001 0.000000 0.000000 0.000000
    14 2.979373 -0.388274 -0.044205 -0.000805 -0.043611 0.000046
    15 1.435262 -0.000001 -0.000001 0.000000 0.000000 0.872146
    16 1.482593 -0.000001 0.000001 0.000000 0.000000 0.907041
    17 -2.869899 1.399667 -4.140396 -1.163265 1.764468 -4.903713
    18 4.972047 0.000000 0.000000 1.036708 -0.754693 -1.693019
    19 11.585358 0.000000 0.000001 0.386603 -0.383573 -1.601969
    20 10.127058 0.000000 0.000001 1.960763 0.596700 0.774136
    21 1.537458 0.109715 1.664489 -0.264662 -0.055995 0.783079
    22 0.928313 0.000000 0.000002 0.000000 0.000000 -0.453501
    23 0.928311 0.000000 0.000001 0.000000 0.000000 0.000000
    24 2.686395 -0.427337 0.044204 -0.005762 0.043239 -0.157074
    25 1.435260 0.000000 0.000001 0.000000 0.000000 0.732613
    26 1.482593 0.000000 -0.000001 0.000000 0.000000 1.168644
    27 2.046984 0.000001 0.000000 0.254835 0.315598 -0.043866
    28 -0.000005 0.000007 3.713254 -0.099865 -3.047848 5.708602
    29 18.045723 0.000000 0.000000 0.000000 0.000000 -0.413544
    30 17.597597 0.000000 0.000000 -0.057202 -0.016721 -0.162308
    31 0.000005 -0.000003 -3.713254 0.807612 2.831522 6.175187
    32 18.045721 0.000000 0.000000 0.000000 0.000000 -0.782250
    33 17.597597 0.000000 0.000000 0.178693 0.125253 0.485308
  time 99
    0 0.254879 -0.281108 0.368674 0.000000 0.000000 -1.571017
    1 -3.386826 0.207038 0.000000 -1.570795 -1.570787 0.000000
    2 1.293670 0.684478 -0.000001 -0.000004 -0.000001 0.131512
    3 5.309685 -0.003834 0.000000 0.000000 0.000000 0.174510
    4 4.826790 -0.004591 0.000000 -0.166920 0.050875 0.254844
    5 5.792767 -0.005304 0.000000 -0.151385 -0.005992 0.288025
    6 6.662322 -0.001452 0.000000 -0.005309 -0.005334 0.494497
    7 -3.108188 1.516823 4.339626 1.238993 -1.024532 -4.799756
    8 4.827512 0.000000 -0.000002 -0.541521 0.220085 -1.016870
    9 11.140032 0.000000 0.000000 0.070821 -0.105579 -0.701031
    10 10.314563 -0.000001 0.000001 -3.988822 0.203081 -0.504208
    11 1.646836 0.445664 -1.699647 -0.161704 0.581044 -0.283978
    12 0.928312 0.000000 0.000000 0.000000 0.000000 0.000000
    13 0.928313 0.000000 -0.000001 0.000000 0.000000 0.000000
    14 2.979373 -0.388274 -0.044205 -0.000805 -0.043611 0.000046
    15 1.435262 -0.000001 -0.000001 0.000000 0.000000 0.872146
    16 1.482593 -0.000001 0.000001 0.000000 0.000000 0.907041
    17 -2.869899 1.399667 -4.140396 -1.163265 1.764468 -4.903713
    18 4.972047 0.000000 0.000000 1.036708 -0.754693 -1.693019
    19 11.585358 0.000000 0.000001 0.386603 -0.383573 -1.601969
    20 10.127058 0.000000 0.000001 1.960763 0.596700 0.774136
    21 1.537458 0.109715 1.664489 -0.264662 -0.055995 0.783079
    22 0.928313 0.000000 0.000002 0.000000 0.000000 -0.453501
    23 0.928311 0.000000 0.000001 0.000000 0.000000 0.000000
    24 2.686395 -0.427337 0.044204 -0.005762 0.043239 -0.157074
    25 1.435260 0.000000 0.000001 0.000000 0.000000 0.732613
    26 1.482593 0.000000 -0.000001 0.000000 0.000000 1.168644
    27 2.046984 0.000001 0.000000 0.254835 0.315598 -0.043866
    28 -0.000005 0.000007 3.713254 -0.099865 -3.047848 5.708602
    29 18.045723 0.000000 0.000000 0.000000 0.000000 -0.413544
    30 17.597597 0.000000 0.000000 -0.057202 -0.016721 -0.162308
    31 0.000005 -0.000003 -3.713254 0.807612 2.831522 6.175187
    32 18.045721 0.000000 0.000000 0.000000 0.000000 -0.782250
    33 17.597597 0.000000 0.000000 0.178693 0.125253 0.485308
  time 100
    0 0.254879 -0.281108 0.368674 0.000000 0.000000 -1.571017
    1 -3.386826 0.207038 0.000000 -1.570795 -1.570787 0.000000
    2 1.293670 0.684478 -0.000001 -0.000004 -0.000001 0.131512
    3 5.309685 -0.003834 0.000000 0.000000 0.000000 0.174510
    4 4.826790 -0.004591 0.000000 -0.166920 0.050875 0.254844
    5 5.792767 -0.005304 0.000000 -0.151385 -0.005992 0.288025
    6 6.662322 -0.001452 0.000000 -0.005309 -0.005334 0.494497
    7 -3.108188 1.516823 4.339626 1.238993 -1.024532 -4.799756
    8 4.827512 0.000000 -0.000002 -0.541521 0.220085 -1.016870
    9 11.140032 0.000000 0.000000 0.070821 -0.105579 -0.701031
    10 10.314563 -0.000001 0.000001 -3.988822 0.203081 -0.504208
    11 1.646836 0.445664 -1.699647 -0.161704 0.581044 -0.283978
    12 0.928312 0.000000 0.000000 0.000000 0.000000 0.000000
    13 0.928313 0.000000 -0.000001 0.000000 0.000000 0.000000
    14 2.979373 -0.388274 -0.044205 -0.000805 -0.043611 0.000046
    15 1.435262 -0.000001 -0.000001 0.000000 0.000000 0.872146
    16 1.482593 -0.000001 0.000001 0.000000 0.000000 0.907041
    17 -2.869899 1.399667 -4.140396 -1.163265 1.764468 -4.903713
    18 4.972047 0.000000 0.000000 1.036708 -0.754693 -1.693019
    19 11.585358 0.000000 0.000001 0.386603 -0.383573 -1.601969
    20 10.127058 0.000000 0.000001 1.960763 0.596700 0.774136
    21 1.537458 0.109715 1.664489 -0.264662 -0.055995 0.783079
    22 0.928313 0.000000 0.000002 0.000000 0.000000 -0.453501
    23 0.928311 0.000000 0.000001 0.000000 0.000000 0.000000
    24 2.686395 -0.427337 0.044204 -0.005762 0.043239 -0.157074
    25 1.435260 0.000000 0.000001 0.000000 0.000000 0.732613
    26 1.482593 0.000000 -0.000001 0.000000 0.000000 1.168644
    27 2.046984 0.000001 0.000000 0.254835 0.315598 -0.043866
    28 -0.000005 0.000007 3.713254 -0.099865 -3.047848 5.708602
    29 18.045723 0.000000 0.000000 0.000000 0.000000 -0.413544
    30 17.597597 0.000000 0.000000 -0.057202 -0.016721 -0.162308
    31 0.000005 -0.000003 -3.713254 0.807612 2.831522 6.175187
    32 18.045721 0.000000 0.000000 0.000000 0.000000 -0.782250
    33 17.597597 0.000000 0.000000 0.178693 0.125253 0.485308
end
