version 1
nodes
  0 "Bip01" -1
  1 "Bip01 Pelvis" 0
  2 "Bip01 Spine" 1
  3 "Bip01 Spine1" 2
  4 "Bip01 Spine2" 3
  5 "Bip01 Spine3" 4
  6 "Bip01 Neck" 5
  7 "Bip01 L Arm" 6
  8 "Bip01 L Arm1" 7
  9 "Bip01 L Arm2" 8
  10 "Bip01 L Hand" 9
  11 "Bip01 L Finger0" 10
  12 "Bip01 L Finger01" 11
  13 "Bip01 L Finger02" 12
  14 "Bip01 L Finger1" 10
  15 "Bip01 L Finger11" 14
  16 "Bip01 L Finger12" 15
  17 "Bip01 R Arm" 6
  18 "Bip01 R Arm1" 17
  19 "Bip01 R Arm2" 18
  20 "Bip01 R Hand" 19
  21 "Bip01 R Finger0" 20
  22 "Bip01 R Finger01" 21
  23 "Bip01 R Finger02" 22
  24 "Bip01 R Finger1" 20
  25 "Bip01 R Finger11" 24
  26 "Bip01 R Finger12" 25
  27 "Bip01 Head" 6
  28 "Bip01 L Leg" 1
  29 "Bip01 L Leg1" 28
  30 "Bip01 L Foot" 29
  31 "Bip01 R Leg" 1
  32 "Bip01 R Leg1" 31
  33 "Bip01 R Foot" 32
end
skeleton
  time 0
    0 0.500981 2.566636 0.368674 0.000000 0.000000 -1.571017
    1 -0.523457 -0.039064 0.000000 -1.570795 -1.570787 0.000000
    2 1.293670 0.684478 -0.000001 -0.061032 -0.010523 -0.052221
    3 5.309685 -0.003834 0.000000 -0.144968 -0.006831 0.022408
    4 4.826790 -0.004591 0.000000 -0.099759 0.005765 0.184356
    5 5.792767 -0.005304 0.000000 -0.176855 -0.005333 0.178667
    6 6.662322 -0.001452 0.000000 -0.091910 0.032655 0.231870
    7 -3.518356 0.356631 4.277124 0.678828 -1.401154 -4.049116
    8 4.827512 0.000000 -0.000002 -0.663887 0.752278 -1.091043
    9 11.140032 0.000000 0.000000 0.000000 0.000000 -0.662196
    10 10.314563 -0.000001 0.000001 -3.787233 0.614584 0.029452
    11 1.646836 0.445664 -1.699647 -0.392035 3.352851 -0.875707
    12 0.928312 0.000000 0.000000 0.000000 0.000000 0.593404
    13 0.928313 0.000000 -0.000001 0.000000 0.000000 1.204231
    14 2.979373 -0.388274 -0.044205 -0.030851 -0.030823 0.768363
    15 1.435262 -0.000001 -0.000001 0.000000 0.000000 1.204014
    16 1.482593 -0.000001 0.000001 0.000000 0.000000 0.445026
    17 -2.975371 1.071532 -4.156022 -1.403145 0.725234 -4.686004
    18 4.972047 0.000000 0.000000 0.744432 -0.482148 -1.377480
    19 11.585358 0.000000 0.000001 0.000000 0.000000 -0.194870
    20 10.127058 0.000000 0.000001 2.209142 0.210594 0.399024
    21 1.537458 0.109715 1.664489 -3.079588 0.031470 0.928526
    22 0.928313 0.000000 0.000002 0.000000 0.000000 0.061034
    23 0.928311 0.000000 0.000001 0.000000 0.000000 0.671897
    24 2.686395 -0.427337 0.044204 -0.001208 0.043611 -0.052337
    25 1.435260 0.000000 0.000001 0.000000 0.000000 1.186618
    26 1.482593 0.000000 -0.000001 0.000000 0.000000 1.684243
    27 2.046984 0.000001 0.000000 0.473180 -0.265738 0.196955
    28 -0.000005 0.000007 3.713254 -0.099865 -3.047848 5.708602
    29 18.045723 0.000000 0.000000 0.000000 0.000000 -0.413544
    30 17.597597 0.000000 0.000000 -0.057202 -0.016721 -0.162308
    31 0.000005 -0.000003 -3.713254 0.807516 2.831522 6.175187
    32 18.045721 0.000000 0.000000 0.000000 0.000000 -0.782250
    33 17.597597 0.000000 0.000000 0.178760 0.125233 0.485354
  time 1
    0 0.450198 2.472883 0.368674 0.000000 0.000000 -1.571017
    1 -0.523457 -0.039064 0.000000 -1.570795 -1.570787 0.000000
    2 1.293670 0.684478 -0.000001 -0.061032 -0.010967 -0.052221
    3 5.309685 -0.003834 0.000000 -0.094666 -0.009863 0.005663
    4 4.826790 -0.004591 0.000000 -0.061496 0.001186 0.158802
    5 5.792767 -0.005304 0.000000 -0.132678 -0.009372 0.177027
    6 6.662322 -0.001452 0.000000 -0.091910 0.032655 0.231870
    7 -3.518356 0.356631 4.277124 1.093296 -1.363631 -4.462572
    8 4.827512 0.000000 -0.000002 -0.804348 0.761317 -1.190777
    9 11.140032 0.000000 0.000000 0.000000 0.000000 -0.784715
    10 10.314563 -0.000001 0.000001 -3.591520 0.695329 0.216300
    11 1.646836 0.445664 -1.699647 -0.392035 3.352851 -0.875707
    12 0.928312 0.000000 0.000000 0.000000 0.000000 0.593404
    13 0.928313 0.000000 -0.000001 0.000000 0.000000 1.204231
    14 2.979373 -0.388274 -0.044205 -0.030851 -0.030823 0.768363
    15 1.435262 -0.000001 -0.000001 0.000000 0.000000 1.204014
    16 1.482593 -0.000001 0.000001 0.000000 0.000000 0.445026
    17 -2.975371 1.071532 -4.156022 -1.382511 0.860261 -4.692230
    18 4.972047 0.000000 0.000000 1.005192 -0.518064 -1.419011
    19 11.585358 0.000000 0.000001 0.000000 0.000000 -0.548299
    20 10.127058 0.000000 0.000001 2.119454 0.197639 0.345051
    21 1.537458 0.109715 1.664489 -3.079588 0.031470 0.928526
    22 0.928313 0.000000 0.000002 0.000000 0.000000 0.061034
    23 0.928311 0.000000 0.000001 0.000000 0.000000 0.671897
    24 2.686395 -0.427337 0.044204 -0.001208 0.043611 -0.052337
    25 1.435260 0.000000 0.000001 0.000000 0.000000 1.186618
    26 1.482593 0.000000 -0.000001 0.000000 0.000000 1.684243
    27 2.046984 0.000001 0.000000 0.408814 -0.188380 0.273721
    28 -0.000005 0.000007 3.713254 -0.099290 -3.045835 5.707165
    29 18.045723 0.000000 0.000000 0.000000 0.000000 -0.421167
    30 17.597597 0.000000 0.000000 -0.056543 -0.018493 -0.156210
    31 0.000005 -0.000003 -3.713254 0.808187 2.833823 6.178734
    32 18.045721 0.000000 0.000000 0.000000 0.000000 -0.780360
    33 17.597597 0.000000 0.000000 0.178861 0.126160 0.487387
  time 2
    0 0.395509 2.386943 0.368674 0.000000 0.000000 -1.571017
    1 -0.523457 -0.039064 0.000000 -1.570795 -1.570787 0.000000
    2 1.293670 0.684478 -0.000001 -0.061032 -0.011374 -0.052154
    3 5.309685 -0.003834 0.000000 -0.044312 -0.012056 -0.011205
    4 4.826790 -0.004591 0.000000 -0.023080 -0.001438 0.129919
    5 5.792767 -0.005304 0.000000 -0.088428 -0.013183 0.174847
    6 6.662322 -0.001452 0.000000 -0.091910 0.032655 0.231870
    7 -3.518356 0.356631 4.277124 1.304557 -1.309993 -4.674714
    8 4.827512 0.000000 -0.000002 -0.925677 0.846932 -1.255592
    9 11.140032 0.000000 0.000000 0.000000 0.000000 -0.939548
    10 10.314563 -0.000001 0.000001 -3.215637 0.774482 0.468759
    11 1.646836 0.445664 -1.699647 -0.392035 3.352851 -0.875707
    12 0.928312 0.000000 0.000000 0.000000 0.000000 0.593404
    13 0.928313 0.000000 -0.000001 0.000000 0.000000 1.204231
    14 2.979373 -0.388274 -0.044205 -0.030851 -0.030823 0.768363
    15 1.435262 -0.000001 -0.000001 0.000000 0.000000 1.204014
    16 1.482593 -0.000001 0.000001 0.000000 0.000000 0.445026
    17 -2.975371 1.071532 -4.156022 -1.372862 0.986955 -4.704490
    18 4.972047 0.000000 0.000000 1.230590 -0.547793 -1.426465
    19 11.585358 0.000000 0.000001 0.000000 0.000000 -0.888087
    20 10.127058 0.000000 0.000001 2.021280 0.189790 0.291328
    21 1.537458 0.109715 1.664489 -3.079588 0.031470 0.928526
    22 0.928313 0.000000 0.000002 0.000000 0.000000 0.061034
    23 0.928311 0.000000 0.000001 0.000000 0.000000 0.671897
    24 2.686395 -0.427337 0.044204 -0.001208 0.043611 -0.052337
    25 1.435260 0.000000 0.000001 0.000000 0.000000 1.186618
    26 1.482593 0.000000 -0.000001 0.000000 0.000000 1.684243
    27 2.046984 0.000001 0.000000 0.362284 -0.108986 0.379137
    28 -0.000005 0.000007 3.713254 -0.098811 -3.043917 5.705823
    29 18.045723 0.000000 0.000000 0.000000 0.000000 -0.429087
    30 17.597597 0.000000 0.000000 -0.055910 -0.020167 -0.149975
    31 0.000005 -0.000003 -3.713254 0.808954 2.836124 6.182377
    32 18.045721 0.000000 0.000000 0.000000 0.000000 -0.778393
    33 17.597597 0.000000 0.000000 0.178961 0.127245 0.489373
  time 3
    0 0.368164 2.332253 0.368674 0.000000 0.000000 -1.571017
    1 -0.523457 -0.039064 0.000000 -1.570795 -1.570787 0.000000
    2 1.293670 0.684478 -0.000001 -0.061032 -0.010523 -0.052221
    3 5.309685 -0.003834 0.000000 -0.012780 -0.013339 -0.021291
    4 4.826790 -0.004591 0.000000 0.013409 -0.005717 0.104894
    5 5.792767 -0.005304 0.000000 -0.054647 -0.019966 0.170466
    6 6.662322 -0.001452 0.000000 -0.091910 0.032655 0.231870
    7 -3.518356 0.356631 4.277124 1.387949 -1.266082 -4.758938
    8 4.827512 0.000000 -0.000002 -0.981080 0.985501 -1.241814
    9 11.140032 0.000000 0.000000 0.000000 0.000000 -1.100032
    10 10.314563 -0.000001 0.000001 -2.733131 0.764365 0.730218
    11 1.646836 0.445664 -1.699647 -0.392035 3.352851 -0.875707
    12 0.928312 0.000000 0.000000 0.000000 0.000000 0.593404
    13 0.928313 0.000000 -0.000001 0.000000 0.000000 1.204231
    14 2.979373 -0.388274 -0.044205 -0.030851 -0.030823 0.768363
    15 1.435262 -0.000001 -0.000001 0.000000 0.000000 1.204014
    16 1.482593 -0.000001 0.000001 0.000000 0.000000 0.445026
    17 -2.975371 1.071532 -4.156022 -1.367321 1.109653 -4.715409
    18 4.972047 0.000000 0.000000 1.416686 -0.593753 -1.488561
    19 11.585358 0.000000 0.000001 0.000000 0.000000 -1.171761
    20 10.127058 0.000000 0.000001 1.931521 0.178159 0.240055
    21 1.537458 0.109715 1.664489 -3.079588 0.031470 0.928526
    22 0.928313 0.000000 0.000002 0.000000 0.000000 0.061034
    23 0.928311 0.000000 0.000001 0.000000 0.000000 0.671897
    24 2.686395 -0.427337 0.044204 -0.001208 0.043611 -0.052337
    25 1.435260 0.000000 0.000001 0.000000 0.000000 1.186618
    26 1.482593 0.000000 -0.000001 0.000000 0.000000 1.684243
    27 2.046984 0.000001 0.000000 0.346688 -0.028589 0.465210
    28 -0.000005 0.000007 3.713254 -0.098523 -3.042575 5.705152
    29 18.045723 0.000000 0.000000 0.000000 0.000000 -0.433158
    30 17.597597 0.000000 0.000000 -0.055454 -0.021397 -0.146628
    31 0.000005 -0.000003 -3.713254 0.809337 2.837562 6.184486
    32 18.045721 0.000000 0.000000 0.000000 0.000000 -0.777212
    33 17.597597 0.000000 0.000000 0.178995 0.127659 0.490712
  time 4
    0 0.329100 2.324441 0.368674 0.000000 0.000000 -1.571017
    1 -0.523457 -0.039064 0.000000 -1.570795 -1.570787 0.000000
    2 1.293670 0.684478 -0.000001 -0.061032 -0.008067 -0.052388
    3 5.309685 -0.003834 0.000000 0.000000 -0.014382 -0.024541
    4 4.826790 -0.004591 0.000000 0.050032 -0.013686 0.088137
    5 5.792767 -0.005304 0.000000 -0.030255 -0.031819 0.164258
    6 6.662322 -0.001452 0.000000 -0.091910 0.032655 0.231870
    7 -3.518356 0.356631 4.277124 1.389386 -1.246922 -4.759513
    8 4.827512 0.000000 -0.000002 -0.857758 1.155708 -1.076312
    9 11.140032 0.000000 0.000000 0.000000 0.000000 -1.239577
    10 10.314563 -0.000001 0.000001 -2.290147 0.682964 0.876190
    11 1.646836 0.445664 -1.699647 -0.392035 3.352851 -0.875707
    12 0.928312 0.000000 0.000000 0.000000 0.000000 0.593404
    13 0.928313 0.000000 -0.000001 0.000000 0.000000 1.204231
    14 2.979373 -0.388274 -0.044205 -0.030851 -0.030823 0.768363
    15 1.435262 -0.000001 -0.000001 0.000000 0.000000 1.204014
    16 1.482593 -0.000001 0.000001 0.000000 0.000000 0.445026
    17 -2.975371 1.071532 -4.156022 -1.386236 1.171120 -4.742611
    18 4.972047 0.000000 0.000000 1.504294 -0.647909 -1.502538
    19 11.585358 0.000000 0.000001 0.000000 0.000000 -1.395727
    20 10.127058 0.000000 0.000001 1.809786 0.198112 0.183081
    21 1.537458 0.109715 1.664489 -3.079588 0.031470 0.928526
    22 0.928313 0.000000 0.000002 0.000000 0.000000 0.061034
    23 0.928311 0.000000 0.000001 0.000000 0.000000 0.671897
    24 2.686395 -0.427337 0.044204 -0.001208 0.043611 -0.052337
    25 1.435260 0.000000 0.000001 0.000000 0.000000 1.186618
    26 1.482593 0.000000 -0.000001 0.000000 0.000000 1.684243
    27 2.046984 0.000001 0.000000 0.338933 0.055142 0.493860
    28 -0.000005 0.000007 3.713254 -0.098331 -3.041616 5.705247
    29 18.045723 0.000000 0.000000 0.000000 0.000000 -0.433528
    30 17.597597 0.000000 0.000000 -0.055048 -0.022382 -0.146261
    31 0.000005 -0.000003 -3.713254 0.809625 2.838616 6.184870
    32 18.045721 0.000000 0.000000 0.000000 0.000000 -0.776976
    33 17.597597 0.000000 0.000000 0.178961 0.127225 0.491590
  time 5
    0 0.293943 2.316628 0.368674 0.000000 0.000000 -1.571017
    1 -0.523457 -0.039064 0.000000 -1.570795 -1.570787 0.000000
    2 1.293670 0.684478 -0.000001 -0.061015 -0.004771 -0.052589
    3 5.309685 -0.003834 0.000000 0.007488 -0.015496 -0.025813
    4 4.826790 -0.004591 0.000000 0.088581 -0.024389 0.082449
    5 5.792767 -0.005304 0.000000 -0.007483 -0.047207 0.158195
    6 6.662322 -0.001452 0.000000 -0.091910 0.032655 0.231870
    7 -3.518356 0.356631 4.277124 1.306186 -1.261263 -4.673276
    8 4.827512 0.000000 -0.000002 -0.264345 1.289246 -0.517590
    9 11.140032 0.000000 0.000000 0.000000 0.000000 -1.331231
    10 10.314563 -0.000001 0.000001 -1.931892 0.625356 0.905337
    11 1.646836 0.445664 -1.699647 -0.392035 3.352851 -0.875707
    12 0.928312 0.000000 0.000000 0.000000 0.000000 0.593404
    13 0.928313 0.000000 -0.000001 0.000000 0.000000 1.204231
    14 2.979373 -0.388274 -0.044205 -0.030851 -0.030823 0.768363
    15 1.435262 -0.000001 -0.000001 0.000000 0.000000 1.204014
    16 1.482593 -0.000001 0.000001 0.000000 0.000000 0.445026
    17 -2.975371 1.071532 -4.156022 -1.452822 1.060805 -4.806400
    18 4.972047 0.000000 0.000000 1.318479 -0.714518 -1.253687
    19 11.585358 0.000000 0.000001 0.000000 0.000000 -1.548060
    20 10.127058 0.000000 0.000001 1.527888 0.316506 0.083338
    21 1.537458 0.109715 1.664489 -3.079588 0.031470 0.928526
    22 0.928313 0.000000 0.000002 0.000000 0.000000 0.061034
    23 0.928311 0.000000 0.000001 0.000000 0.000000 0.671897
    24 2.686395 -0.427337 0.044204 -0.001208 0.043611 -0.052337
    25 1.435260 0.000000 0.000001 0.000000 0.000000 1.186618
    26 1.482593 0.000000 -0.000001 0.000000 0.000000 1.684243
    27 2.046984 0.000001 0.000000 0.318598 0.136660 0.493982
    28 -0.000005 0.000007 3.713254 -0.098044 -3.040562 5.705535
    29 18.045723 0.000000 0.000000 0.000000 0.000000 -0.432936
    30 17.597597 0.000000 0.000000 -0.054668 -0.023391 -0.146628
    31 0.000005 -0.000003 -3.713254 0.809912 2.839767 6.185061
    32 18.045721 0.000000 0.000000 0.000000 0.000000 -0.776976
    33 17.597597 0.000000 0.000000 0.178894 0.126515 0.492606
  time 6
    0 0.254879 2.324441 0.368674 0.000000 0.000000 -1.571017
    1 -0.523457 -0.039064 0.000000 -1.570795 -1.570787 0.000000
    2 1.293670 0.684478 -0.000001 -0.061015 -0.001080 -0.052790
    3 5.309685 -0.003834 0.000000 0.011095 -0.016695 -0.025654
    4 4.826790 -0.004591 0.000000 0.127283 -0.036697 0.083794
    5 5.792767 -0.005304 0.000000 0.013563 -0.063854 0.152091
    6 6.662322 -0.001452 0.000000 -0.091910 0.032655 0.231870
    7 -3.518356 0.356631 4.277124 1.167199 -1.287254 -4.531274
    8 4.827512 0.000000 -0.000002 0.539999 1.230493 0.218592
    9 11.140032 0.000000 0.000000 0.000000 0.000000 -1.385643
    10 10.314563 -0.000001 0.000001 -1.642066 0.608776 0.900054
    11 1.646836 0.445664 -1.699647 -0.392035 3.352851 -0.875707
    12 0.928312 0.000000 0.000000 0.000000 0.000000 0.593404
    13 0.928313 0.000000 -0.000001 0.000000 0.000000 1.204231
    14 2.979373 -0.388274 -0.044205 -0.030851 -0.030823 0.768363
    15 1.435262 -0.000001 -0.000001 0.000000 0.000000 1.204014
    16 1.482593 -0.000001 0.000001 0.000000 0.000000 0.445026
    17 -2.975371 1.071532 -4.156022 -1.485494 0.940842 -4.834081
    18 4.972047 0.000000 0.000000 1.129850 -0.763451 -0.990993
    19 11.585358 0.000000 0.000001 0.000000 0.000000 -1.633334
    20 10.127058 0.000000 0.000001 1.310504 0.389604 -0.034563
    21 1.537458 0.109715 1.664489 -3.079588 0.031470 0.928526
    22 0.928313 0.000000 0.000002 0.000000 0.000000 0.061034
    23 0.928311 0.000000 0.000001 0.000000 0.000000 0.671897
    24 2.686395 -0.427337 0.044204 -0.001208 0.043611 -0.052337
    25 1.435260 0.000000 0.000001 0.000000 0.000000 1.186618
    26 1.482593 0.000000 -0.000001 0.000000 0.000000 1.684243
    27 2.046984 0.000001 0.000000 0.298091 0.206318 0.496780
    28 -0.000005 0.000007 3.713254 -0.097948 -3.039507 5.706014
    29 18.045723 0.000000 0.000000 0.000000 0.000000 -0.431900
    30 17.597597 0.000000 0.000000 -0.054263 -0.024400 -0.147361
    31 0.000005 -0.000003 -3.713254 0.810200 2.840821 6.184965
    32 18.045721 0.000000 0.000000 0.000000 0.000000 -0.777212
    33 17.597597 0.000000 0.000000 0.178794 0.125667 0.493437
  time 7
    0 0.219722 2.324441 0.368674 0.000000 0.000000 -1.571017
    1 -0.523457 -0.039064 0.000000 -1.570795 -1.570787 0.000000
    2 1.293670 0.684478 -0.000001 -0.061015 0.002528 -0.053041
    3 5.309685 -0.003834 0.000000 0.012133 -0.017761 -0.024594
    4 4.826790 -0.004591 0.000000 0.164593 -0.048478 0.085227
    5 5.792767 -0.005304 0.000000 0.032684 -0.079350 0.145613
    6 6.662322 -0.001452 0.000000 -0.091910 0.032655 0.231870
    7 -3.518356 0.356631 4.277124 1.061377 -1.300323 -4.424149
    8 4.827512 0.000000 -0.000002 0.843880 1.095845 0.473084
    9 11.140032 0.000000 0.000000 0.000000 0.000000 -1.426941
    10 10.314563 -0.000001 0.000001 -1.441994 0.595568 0.887454
    11 1.646836 0.445664 -1.699647 -0.392035 3.352851 -0.875707
    12 0.928312 0.000000 0.000000 0.000000 0.000000 0.593404
    13 0.928313 0.000000 -0.000001 0.000000 0.000000 1.204231
    14 2.979373 -0.388274 -0.044205 -0.030851 -0.030823 0.768363
    15 1.435262 -0.000001 -0.000001 0.000000 0.000000 1.204014
    16 1.482593 -0.000001 0.000001 0.000000 0.000000 0.445026
    17 -2.975371 1.071532 -4.156022 -1.483583 0.944601 -4.832069
    18 4.972047 0.000000 0.000000 1.195227 -0.804108 -0.926834
    19 11.585358 0.000000 0.000001 0.000000 0.000000 -1.668865
    20 10.127058 0.000000 0.000001 1.403348 0.342038 -0.084134
    21 1.537458 0.109715 1.664489 -3.079588 0.031470 0.928526
    22 0.928313 0.000000 0.000002 0.000000 0.000000 0.061034
    23 0.928311 0.000000 0.000001 0.000000 0.000000 0.671897
    24 2.686395 -0.427337 0.044204 -0.001208 0.043611 -0.052337
    25 1.435260 0.000000 0.000001 0.000000 0.000000 1.186618
    26 1.482593 0.000000 -0.000001 0.000000 0.000000 1.684243
    27 2.046984 0.000001 0.000000 0.266640 0.273202 0.473361
    28 -0.000005 0.000007 3.713254 -0.097756 -3.038644 5.706398
    29 18.045723 0.000000 0.000000 0.000000 0.000000 -0.430641
    30 17.597597 0.000000 0.000000 -0.053959 -0.025286 -0.148278
    31 0.000005 -0.000003 -3.713254 0.810487 2.841780 6.184870
    32 18.045721 0.000000 0.000000 0.000000 0.000000 -0.777527
    33 17.597597 0.000000 0.000000 0.178726 0.124878 0.494222
  time 8
    0 0.200190 2.332253 0.368674 0.000000 0.000000 -1.571017
    1 -0.523457 -0.039064 0.000000 -1.570795 -1.570787 0.000000
    2 1.293670 0.684478 -0.000001 -0.061015 0.005656 -0.053242
    3 5.309685 -0.003834 0.000000 0.011946 -0.018696 -0.023181
    4 4.826790 -0.004591 0.000000 0.198793 -0.057945 0.086814
    5 5.792767 -0.005304 0.000000 0.049520 -0.091383 0.139322
    6 6.662322 -0.001452 0.000000 -0.091910 0.032655 0.231870
    7 -3.518356 0.356631 4.277124 1.036551 -1.301477 -4.399044
    8 4.827512 0.000000 -0.000002 0.906458 1.028650 0.498732
    9 11.140032 0.000000 0.000000 0.000000 0.000000 -1.448677
    10 10.314563 -0.000001 0.000001 -1.368921 0.583765 0.875551
    11 1.646836 0.445664 -1.699647 -0.392035 3.352851 -0.875707
    12 0.928312 0.000000 0.000000 0.000000 0.000000 0.593404
    13 0.928313 0.000000 -0.000001 0.000000 0.000000 1.204231
    14 2.979373 -0.388274 -0.044205 -0.030851 -0.030823 0.768363
    15 1.435262 -0.000001 -0.000001 0.000000 0.000000 1.204014
    16 1.482593 -0.000001 0.000001 0.000000 0.000000 0.445026
    17 -2.975371 1.071532 -4.156022 -1.472502 0.987218 -4.822491
    18 4.972047 0.000000 0.000000 1.336863 -0.838899 -0.928698
    19 11.585358 0.000000 0.000001 0.000000 0.000000 -1.680381
    20 10.127058 0.000000 0.000001 1.601238 0.268940 -0.117348
    21 1.537458 0.109715 1.664489 -3.079588 0.031470 0.928526
    22 0.928313 0.000000 0.000002 0.000000 0.000000 0.061034
    23 0.928311 0.000000 0.000001 0.000000 0.000000 0.671897
    24 2.686395 -0.427337 0.044204 -0.001208 0.043611 -0.052337
    25 1.435260 0.000000 0.000001 0.000000 0.000000 1.186618
    26 1.482593 0.000000 -0.000001 0.000000 0.000000 1.684243
    27 2.046984 0.000001 0.000000 0.216535 0.329613 0.420440
    28 -0.000005 0.000007 3.713254 -0.097564 -3.037973 5.706781
    29 18.045723 0.000000 0.000000 0.000000 0.000000 -0.429457
    30 17.597597 0.000000 0.000000 -0.053680 -0.025876 -0.149195
    31 0.000005 -0.000003 -3.713254 0.810775 2.842355 6.184582
    32 18.045721 0.000000 0.000000 0.000000 0.000000 -0.777763
    33 17.597597 0.000000 0.000000 0.178659 0.124227 0.494730
  time 9
    0 0.188471 2.343973 0.368674 0.000000 0.000000 -1.571017
    1 -0.523457 -0.039064 0.000000 -1.570795 -1.570787 0.000000
    2 1.293670 0.684478 -0.000001 -0.061015 0.007861 -0.053376
    3 5.309685 -0.003834 0.000000 0.011878 -0.019307 -0.021927
    4 4.826790 -0.004591 0.000000 0.228225 -0.063375 0.088710
    5 5.792767 -0.005304 0.000000 0.063838 -0.097650 0.133861
    6 6.662322 -0.001452 0.000000 -0.091910 0.032655 0.231870
    7 -3.518356 0.356631 4.277124 1.064061 -1.296657 -4.426448
    8 4.827512 0.000000 -0.000002 0.895536 1.021913 0.458353
    9 11.140032 0.000000 0.000000 0.000000 0.000000 -1.458386
    10 10.314563 -0.000001 0.000001 -1.371954 0.571682 0.867132
    11 1.646836 0.445664 -1.699647 -0.392035 3.352851 -0.875707
    12 0.928312 0.000000 0.000000 0.000000 0.000000 0.593404
    13 0.928313 0.000000 -0.000001 0.000000 0.000000 1.204231
    14 2.979373 -0.388274 -0.044205 -0.030851 -0.030823 0.768363
    15 1.435262 -0.000001 -0.000001 0.000000 0.000000 1.204014
    16 1.482593 -0.000001 0.000001 0.000000 0.000000 0.445026
    17 -2.975371 1.071532 -4.156022 -1.472502 1.029362 -4.826227
    18 4.972047 0.000000 0.000000 1.417624 -0.849345 -0.932691
    19 11.585358 0.000000 0.000001 0.000000 0.000000 -1.694430
    20 10.127058 0.000000 0.000001 1.726760 0.248136 -0.135606
    21 1.537458 0.109715 1.664489 -3.079588 0.031470 0.928526
    22 0.928313 0.000000 0.000002 0.000000 0.000000 0.061034
    23 0.928311 0.000000 0.000001 0.000000 0.000000 0.671897
    24 2.686395 -0.427337 0.044204 -0.001208 0.043611 -0.052337
    25 1.435260 0.000000 0.000001 0.000000 0.000000 1.186618
    26 1.482593 0.000000 -0.000001 0.000000 0.000000 1.684243
    27 2.046984 0.000001 0.000000 0.074964 0.359175 0.226944
    28 -0.000005 0.000007 3.713254 -0.097564 -3.037781 5.707069
    29 18.045723 0.000000 0.000000 0.000000 0.000000 -0.428421
    30 17.597597 0.000000 0.000000 -0.053604 -0.026147 -0.149975
    31 0.000005 -0.000003 -3.713254 0.810775 2.842643 6.184294
    32 18.045721 0.000000 0.000000 0.000000 0.000000 -0.777999
    33 17.597597 0.000000 0.000000 0.178626 0.123813 0.494915
  time 10
    0 0.188471 2.347879 0.368674 0.000000 0.000000 -1.571017
    1 -0.523457 -0.039064 0.000000 -1.570795 -1.570787 0.000000
    2 1.293670 0.684478 -0.000001 -0.061015 0.008688 -0.053426
    3 5.309685 -0.003834 0.000000 0.013324 -0.019559 -0.021397
    4 4.826790 -0.004591 0.000000 0.251171 -0.062943 0.091180
    5 5.792767 -0.005304 0.000000 0.075243 -0.095853 0.129854
    6 6.662322 -0.001452 0.000000 -0.091910 0.032655 0.231870
    7 -3.518356 0.356631 4.277124 1.088504 -1.292044 -4.451074
    8 4.827512 0.000000 -0.000002 0.888441 1.028479 0.427159
    9 11.140032 0.000000 0.000000 0.000000 0.000000 -1.467443
    10 10.314563 -0.000001 0.000001 -1.374608 0.560441 0.859467
    11 1.646836 0.445664 -1.699647 -0.392035 3.352851 -0.875707
    12 0.928312 0.000000 0.000000 0.000000 0.000000 0.593404
    13 0.928313 0.000000 -0.000001 0.000000 0.000000 1.204231
    14 2.979373 -0.388274 -0.044205 -0.030851 -0.030823 0.768363
    15 1.435262 -0.000001 -0.000001 0.000000 0.000000 1.204014
    16 1.482593 -0.000001 0.000001 0.000000 0.000000 0.445026
    17 -2.975371 1.071532 -4.156022 -1.494474 1.060384 -4.853907
    18 4.972047 0.000000 0.000000 1.401397 -0.833114 -0.913590
    19 11.585358 0.000000 0.000001 0.000000 0.000000 -1.723672
    20 10.127058 0.000000 0.000001 1.748919 0.287475 -0.124602
    21 1.537458 0.109715 1.664489 -3.079588 0.031470 0.928526
    22 0.928313 0.000000 0.000002 0.000000 0.000000 0.061034
    23 0.928311 0.000000 0.000001 0.000000 0.000000 0.671897
    24 2.686395 -0.427337 0.044204 -0.001208 0.043611 -0.052337
    25 1.435260 0.000000 0.000001 0.000000 0.000000 1.186618
    26 1.482593 0.000000 -0.000001 0.000000 0.000000 1.684243
    27 2.046984 0.000001 0.000000 -0.127698 0.312855 -0.062479
    28 -0.000005 0.000007 3.713254 -0.097756 -3.037973 5.707165
    29 18.045723 0.000000 0.000000 0.000000 0.000000 -0.427681
    30 17.597597 0.000000 0.000000 -0.053655 -0.025999 -0.150617
    31 0.000005 -0.000003 -3.713254 0.810775 2.842451 6.183911
    32 18.045721 0.000000 0.000000 0.000000 0.000000 -0.778078
    33 17.597597 0.000000 0.000000 0.178592 0.123734 0.494730
  time 11
    0 0.274411 2.379130 0.368674 0.000000 0.000000 -1.571017
    1 -0.523457 -0.039064 0.000000 -1.570795 -1.570787 0.000000
    2 1.293670 0.684478 -0.000001 -0.061015 0.004889 -0.053175
    3 5.309685 -0.003834 0.000000 0.017187 -0.018708 -0.021609
    4 4.826790 -0.004591 0.000000 0.252506 -0.039885 0.096890
    5 5.792767 -0.005304 0.000000 0.073912 -0.060175 0.131432
    6 6.662322 -0.001452 0.000000 -0.091910 0.032655 0.231870
    7 -3.518356 0.356631 4.277124 1.304461 -1.296450 -4.673755
    8 4.827512 0.000000 -0.000002 0.977964 1.071287 0.525854
    9 11.140032 0.000000 0.000000 0.000000 0.000000 -1.605394
    10 10.314563 -0.000001 0.000001 -1.323523 0.535993 0.839552
    11 1.646836 0.445664 -1.699647 -0.392035 3.352851 -0.875707
    12 0.928312 0.000000 0.000000 0.000000 0.000000 0.593404
    13 0.928313 0.000000 -0.000001 0.000000 0.000000 1.204231
    14 2.979373 -0.388274 -0.044205 -0.030851 -0.030823 0.768363
    15 1.435262 -0.000001 -0.000001 0.000000 0.000000 1.204014
    16 1.482593 -0.000001 0.000001 0.000000 0.000000 0.445026
    17 -2.975371 1.071532 -4.156022 -1.530585 1.093799 -4.896529
    18 4.972047 0.000000 0.000000 1.296061 -0.789163 -0.874854
    19 11.585358 0.000000 0.000001 0.000000 0.000000 -1.759284
    20 10.127058 0.000000 0.000001 1.755440 0.344875 -0.093538
    21 1.537458 0.109715 1.664489 -3.079588 0.031470 0.928526
    22 0.928313 0.000000 0.000002 0.000000 0.000000 0.061034
    23 0.928311 0.000000 0.000001 0.000000 0.000000 0.671897
    24 2.686395 -0.427337 0.044204 -0.001208 0.043611 -0.052337
    25 1.435260 0.000000 0.000001 0.000000 0.000000 1.186618
    26 1.482593 0.000000 -0.000001 0.000000 0.000000 1.684243
    27 2.046984 0.000001 0.000000 -0.221834 0.198765 -0.225744
    28 -0.000005 0.000007 3.713254 -0.098140 -3.040274 5.707069
    29 18.045723 0.000000 0.000000 0.000000 0.000000 -0.426423
    30 17.597597 0.000000 0.000000 -0.054516 -0.023735 -0.151809
    31 0.000005 -0.000003 -3.713254 0.809912 2.839862 6.182665
    32 18.045721 0.000000 0.000000 0.000000 0.000000 -0.778629
    33 17.597597 0.000000 0.000000 0.178693 0.124602 0.492606
  time 12
    0 0.407228 2.429913 0.368674 0.000000 0.000000 -1.571017
    1 -0.523457 -0.039064 0.000000 -1.570795 -1.570787 0.000000
    2 1.293670 0.684478 -0.000001 -0.061015 -0.003177 -0.052673
    3 5.309685 -0.003834 0.000000 0.019348 -0.016467 -0.021804
    4 4.826790 -0.004591 0.000000 0.231143 0.002121 0.104784
    5 5.792767 -0.005304 0.000000 0.058874 0.002061 0.136934
    6 6.662322 -0.001452 0.000000 -0.091910 0.032655 0.231870
    7 -3.518356 0.356631 4.277124 1.672441 -1.277466 -5.056453
    8 4.827512 0.000000 -0.000002 1.205715 1.124924 0.792044
    9 11.140032 0.000000 0.000000 0.000000 0.000000 -1.854126
    10 10.314563 -0.000001 0.000001 -1.227515 0.503020 0.805991
    11 1.646836 0.445664 -1.699647 -0.392035 3.352851 -0.875707
    12 0.928312 0.000000 0.000000 0.000000 0.000000 0.593404
    13 0.928313 0.000000 -0.000001 0.000000 0.000000 1.204231
    14 2.979373 -0.388274 -0.044205 -0.030851 -0.030823 0.768363
    15 1.435262 -0.000001 -0.000001 0.000000 0.000000 1.204014
    16 1.482593 -0.000001 0.000001 0.000000 0.000000 0.445026
    17 -2.975371 1.071532 -4.156022 -1.578160 1.126873 -4.950166
    18 4.972047 0.000000 0.000000 1.135009 -0.717973 -0.851427
    19 11.585358 0.000000 0.000001 0.000000 0.000000 -1.796857
    20 10.127058 0.000000 0.000001 1.750742 0.412678 -0.053471
    21 1.537458 0.109715 1.664489 -3.079588 0.031470 0.928526
    22 0.928313 0.000000 0.000002 0.000000 0.000000 0.061034
    23 0.928311 0.000000 0.000001 0.000000 0.000000 0.671897
    24 2.686395 -0.427337 0.044204 -0.001208 0.043611 -0.052337
    25 1.435260 0.000000 0.000001 0.000000 0.000000 1.186618
    26 1.482593 0.000000 -0.000001 0.000000 0.000000 1.684243
    27 2.046984 0.000001 0.000000 -0.200551 0.081312 -0.260963
    28 -0.000005 0.000007 3.713254 -0.099098 -3.044492 5.706685
    29 18.045723 0.000000 0.000000 0.000000 0.000000 -0.424646
    30 17.597597 0.000000 0.000000 -0.056062 -0.019773 -0.153459
    31 0.000005 -0.000003 -3.713254 0.808762 2.835357 6.180460
    32 18.045721 0.000000 0.000000 0.000000 0.000000 -0.779495
    33 17.597597 0.000000 0.000000 0.178861 0.126318 0.488772
  time 13
    0 0.512700 2.465070 0.368674 0.000000 0.000000 -1.571017
    1 -0.523457 -0.039064 0.000000 -1.570795 -1.570787 0.000000
    2 1.293670 0.684478 -0.000001 -0.061032 -0.010523 -0.052221
    3 5.309685 -0.003834 0.000000 0.013324 -0.013351 -0.021291
    4 4.826790 -0.004591 0.000000 0.206003 0.033976 0.110715
    5 5.792767 -0.005304 0.000000 0.042253 0.043648 0.139674
    6 6.662322 -0.001452 0.000000 -0.091910 0.032655 0.231870
    7 -3.518356 0.356631 4.277124 1.839800 -1.250085 -5.233238
    8 4.827512 0.000000 -0.000002 1.385716 1.156219 1.017075
    9 11.140032 0.000000 0.000000 0.000000 0.000000 -1.990701
    10 10.314563 -0.000001 0.000001 -1.177189 0.483723 0.783288
    11 1.646836 0.445664 -1.699647 -0.392035 3.352851 -0.875707
    12 0.928312 0.000000 0.000000 0.000000 0.000000 0.593404
    13 0.928313 0.000000 -0.000001 0.000000 0.000000 1.204231
    14 2.979373 -0.388274 -0.044205 -0.030851 -0.030823 0.768363
    15 1.435262 -0.000001 -0.000001 0.000000 0.000000 1.204014
    16 1.482593 -0.000001 0.000001 0.000000 0.000000 0.445026
    17 -2.975371 1.071532 -4.156022 -1.631944 1.157212 -5.009167
    18 4.972047 0.000000 0.000000 1.017667 -0.651605 -0.886102
    19 11.585358 0.000000 0.000001 0.000000 0.000000 -1.831244
    20 10.127058 0.000000 0.000001 1.737699 0.484547 -0.015655
    21 1.537458 0.109715 1.664489 -3.079588 0.031470 0.928526
    22 0.928313 0.000000 0.000002 0.000000 0.000000 0.061034
    23 0.928311 0.000000 0.000001 0.000000 0.000000 0.671897
    24 2.686395 -0.427337 0.044204 -0.001208 0.043611 -0.052337
    25 1.435260 0.000000 0.000001 0.000000 0.000000 1.186618
    26 1.482593 0.000000 -0.000001 0.000000 0.000000 1.684243
    27 2.046984 0.000001 0.000000 -0.154194 -0.004042 -0.282923
    28 -0.000005 0.000007 3.713254 -0.099674 -3.047560 5.706494
    29 18.045723 0.000000 0.000000 0.000000 0.000000 -0.423240
    30 17.597597 0.000000 0.000000 -0.057151 -0.016845 -0.154743
    31 0.000005 -0.000003 -3.713254 0.807804 2.832097 6.178926
    32 18.045721 0.000000 0.000000 0.000000 0.000000 -0.780046
    33 17.597597 0.000000 0.000000 0.178995 0.127640 0.485908
  time 14
    0 0.532232 2.492415 0.368674 0.000000 0.000000 -1.571017
    1 -0.523457 -0.039064 0.000000 -1.570795 -1.570787 0.000000
    2 1.293670 0.684478 -0.000001 -0.061032 -0.016228 -0.051886
    3 5.309685 -0.003834 0.000000 -0.011095 -0.008162 -0.019295
    4 4.826790 -0.004591 0.000000 0.175961 0.042689 0.114771
    5 5.792767 -0.005304 0.000000 0.023600 0.038171 0.137557
    6 6.662322 -0.001452 0.000000 -0.091910 0.032655 0.231870
    7 -3.518356 0.356631 4.277124 1.805389 -1.264426 -5.195773
    8 4.827512 0.000000 -0.000002 1.374874 1.175576 1.064386
    9 11.140032 0.000000 0.000000 0.000000 0.000000 -1.979471
    10 10.314563 -0.000001 0.000001 -1.195859 0.456652 0.727083
    11 1.646836 0.445664 -1.699647 -0.392035 3.352851 -0.875707
    12 0.928312 0.000000 0.000000 0.000000 0.000000 0.593404
    13 0.928313 0.000000 -0.000001 0.000000 0.000000 1.204231
    14 2.979373 -0.388274 -0.044205 -0.030851 -0.030823 0.768363
    15 1.435262 -0.000001 -0.000001 0.000000 0.000000 1.204014
    16 1.482593 -0.000001 0.000001 0.000000 0.000000 0.445026
    17 -2.975371 1.071532 -4.156022 -1.683722 1.183003 -5.064624
    18 4.972047 0.000000 0.000000 0.975739 -0.611510 -0.994654
    19 11.585358 0.000000 0.000001 0.000000 0.000000 -1.857953
    20 10.127058 0.000000 0.000001 1.716872 0.553106 0.007805
    21 1.537458 0.109715 1.664489 -3.079588 0.031470 0.928526
    22 0.928313 0.000000 0.000002 0.000000 0.000000 0.061034
    23 0.928311 0.000000 0.000001 0.000000 0.000000 0.671897
    24 2.686395 -0.427337 0.044204 -0.001208 0.043611 -0.052337
    25 1.435260 0.000000 0.000001 0.000000 0.000000 1.186618
    26 1.482593 0.000000 -0.000001 0.000000 0.000000 1.684243
    27 2.046984 0.000001 0.000000 -0.078282 -0.023603 -0.290100
    28 -0.000005 0.000007 3.713254 -0.099865 -3.048136 5.706685
    29 18.045723 0.000000 0.000000 0.000000 0.000000 -0.421612
    30 17.597597 0.000000 0.000000 -0.057379 -0.016279 -0.156072
    31 0.000005 -0.000003 -3.713254 0.807612 2.831426 6.178063
    32 18.045721 0.000000 0.000000 0.000000 0.000000 -0.780360
    33 17.597597 0.000000 0.000000 0.178995 0.127521 0.485308
  time 15
    0 0.512700 2.504134 0.368674 0.000000 0.000000 -1.571017
    1 -0.523457 -0.039064 0.000000 -1.570795 -1.570787 0.000000
    2 1.293670 0.684478 -0.000001 -0.061066 -0.021262 -0.051568
    3 5.309685 -0.003834 0.000000 -0.043683 -0.002013 -0.016822
    4 4.826790 -0.004591 0.000000 0.141913 0.041143 0.117814
    5 5.792767 -0.005304 0.000000 0.003202 0.011829 0.134152
    6 6.662322 -0.001452 0.000000 -0.091910 0.032655 0.231870
    7 -3.518356 0.356631 4.277124 1.691803 -1.306799 -5.075330
    8 4.827512 0.000000 -0.000002 1.260640 1.184871 0.993679
    9 11.140032 0.000000 0.000000 0.000000 0.000000 -1.941215
    10 10.314563 -0.000001 0.000001 -1.232727 0.396702 0.601782
    11 1.646836 0.445664 -1.699647 -0.392035 3.352851 -0.875707
    12 0.928312 0.000000 0.000000 0.000000 0.000000 0.593404
    13 0.928313 0.000000 -0.000001 0.000000 0.000000 1.204231
    14 2.979373 -0.388274 -0.044205 -0.030851 -0.030823 0.768363
    15 1.435262 -0.000001 -0.000001 0.000000 0.000000 1.204014
    16 1.482593 -0.000001 0.000001 0.000000 0.000000 0.445026
    17 -2.975371 1.071532 -4.156022 -1.721457 1.203168 -5.104373
    18 4.972047 0.000000 0.000000 0.965984 -0.587004 -1.124703
    19 11.585358 0.000000 0.000001 0.000000 0.000000 -1.872166
    20 10.127058 0.000000 0.000001 1.686999 0.610979 0.004154
    21 1.537458 0.109715 1.664489 -3.079588 0.031470 0.928526
    22 0.928313 0.000000 0.000002 0.000000 0.000000 0.061034
    23 0.928311 0.000000 0.000001 0.000000 0.000000 0.671897
    24 2.686395 -0.427337 0.044204 -0.001208 0.043611 -0.052337
    25 1.435260 0.000000 0.000001 0.000000 0.000000 1.186618
    26 1.482593 0.000000 -0.000001 0.000000 0.000000 1.684243
    27 2.046984 0.000001 0.000000 0.012968 -0.013454 -0.286207
    28 -0.000005 0.000007 3.713254 -0.099769 -3.047752 5.707260
    29 18.045723 0.000000 0.000000 0.000000 0.000000 -0.419539
    30 17.597597 0.000000 0.000000 -0.057202 -0.016771 -0.157631
    31 0.000005 -0.000003 -3.713254 0.807612 2.831810 6.177488
    32 18.045721 0.000000 0.000000 0.000000 0.000000 -0.780912
    33 17.597597 0.000000 0.000000 0.178894 0.126752 0.485631
  time 16
    0 0.493168 2.515853 0.368674 0.000000 0.000000 -1.571017
    1 -0.523457 -0.039064 0.000000 -1.570795 -1.570787 0.000000
    2 1.293670 0.684478 -0.000001 -0.061066 -0.023407 -0.051434
    3 5.309685 -0.003834 0.000000 -0.059985 0.000935 -0.015674
    4 4.826790 -0.004591 0.000000 0.125719 0.038650 0.118520
    5 5.792767 -0.005304 0.000000 -0.006350 -0.003943 0.132553
    6 6.662322 -0.001452 0.000000 -0.091910 0.032655 0.231870
    7 -3.518356 0.356631 4.277124 1.472683 -1.356120 -4.848815
    8 4.827512 0.000000 -0.000002 1.108301 1.196127 0.822631
    9 11.140032 0.000000 0.000000 0.000000 0.000000 -1.889121
    10 10.314563 -0.000001 0.000001 -1.267605 0.315956 0.448611
    11 1.646836 0.445664 -1.699647 -0.392035 3.352851 -0.875707
    12 0.928312 0.000000 0.000000 0.000000 0.000000 0.593404
    13 0.928313 0.000000 -0.000001 0.000000 0.000000 1.204231
    14 2.979373 -0.388274 -0.044205 -0.030851 -0.030823 0.768363
    15 1.435262 -0.000001 -0.000001 0.000000 0.000000 1.204014
    16 1.482593 -0.000001 0.000001 0.000000 0.000000 0.445026
    17 -2.975371 1.071532 -4.156022 -1.730820 1.217259 -5.113663
    18 4.972047 0.000000 0.000000 0.951445 -0.580254 -1.188796
    19 11.585358 0.000000 0.000001 0.000000 0.000000 -1.868898
    20 10.127058 0.000000 0.000001 1.646327 0.648710 -0.039065
    21 1.537458 0.109715 1.664489 -3.079588 0.031470 0.928526
    22 0.928313 0.000000 0.000002 0.000000 0.000000 0.061034
    23 0.928311 0.000000 0.000001 0.000000 0.000000 0.671897
    24 2.686395 -0.427337 0.044204 -0.001208 0.043611 -0.052337
    25 1.435260 0.000000 0.000001 0.000000 0.000000 1.186618
    26 1.482593 0.000000 -0.000001 0.000000 0.000000 1.684243
    27 2.046984 0.000001 0.000000 0.061264 -0.007907 -0.274711
    28 -0.000005 0.000007 3.713254 -0.099769 -3.047369 5.707548
    29 18.045723 0.000000 0.000000 0.000000 0.000000 -0.418429
    30 17.597597 0.000000 0.000000 -0.057075 -0.017140 -0.158456
    31 0.000005 -0.000003 -3.713254 0.807804 2.832193 6.177200
    32 18.045721 0.000000 0.000000 0.000000 0.000000 -0.781148
    33 17.597597 0.000000 0.000000 0.178861 0.126239 0.485955
  time 17
    0 0.520512 2.515853 0.368674 0.000000 0.000000 -1.571017
    1 -0.523457 -0.039064 0.000000 -1.570795 -1.570787 0.000000
    2 1.293670 0.684478 -0.000001 -0.061066 -0.023407 -0.051434
    3 5.309685 -0.003834 0.000000 -0.059985 0.000935 -0.015674
    4 4.826790 -0.004591 0.000000 0.125719 0.038758 0.117616
    5 5.792767 -0.005304 0.000000 -0.006386 0.018169 0.132283
    6 6.662322 -0.001452 0.000000 -0.091910 0.032655 0.231870
    7 -3.518356 0.356631 4.277124 1.143907 -1.389652 -4.515751
    8 4.827512 0.000000 -0.000002 0.998610 1.225376 0.645778
    9 11.140032 0.000000 0.000000 0.000000 0.000000 -1.836303
    10 10.314563 -0.000001 0.000001 -1.289214 0.232026 0.302640
    11 1.646836 0.445664 -1.699647 -0.392035 3.352851 -0.875707
    12 0.928312 0.000000 0.000000 0.000000 0.000000 0.593404
    13 0.928313 0.000000 -0.000001 0.000000 0.000000 1.204231
    14 2.979373 -0.388274 -0.044205 -0.030851 -0.030823 0.768363
    15 1.435262 -0.000001 -0.000001 0.000000 0.000000 1.204014
    16 1.482593 -0.000001 0.000001 0.000000 0.000000 0.445026
    17 -2.975371 1.071532 -4.156022 -1.649904 1.227460 -5.027365
    18 4.972047 0.000000 0.000000 0.848548 -0.626053 -1.141342
    19 11.585358 0.000000 0.000001 0.000000 0.000000 -1.803800
    20 10.127058 0.000000 0.000001 1.508394 0.661476 -0.263511
    21 1.537458 0.109715 1.664489 -3.079588 0.031470 0.928526
    22 0.928313 0.000000 0.000002 0.000000 0.000000 0.061034
    23 0.928311 0.000000 0.000001 0.000000 0.000000 0.671897
    24 2.686395 -0.427337 0.044204 -0.001208 0.043611 -0.052337
    25 1.435260 0.000000 0.000001 0.000000 0.000000 1.186618
    26 1.482593 0.000000 -0.000001 0.000000 0.000000 1.684243
    27 2.046984 0.000001 0.000000 0.068459 -0.037086 -0.259199
    28 -0.000005 0.000007 3.713254 -0.099865 -3.048040 5.707356
    29 18.045723 0.000000 0.000000 0.000000 0.000000 -0.418947
    30 17.597597 0.000000 0.000000 -0.057303 -0.016475 -0.158181
    31 0.000005 -0.000003 -3.713254 0.807612 2.831522 6.177104
    32 18.045721 0.000000 0.000000 0.000000 0.000000 -0.781069
    33 17.597597 0.000000 0.000000 0.178894 0.126752 0.485354
  time 18
    0 0.543951 2.515853 0.368674 0.000000 0.000000 -1.571017
    1 -0.523457 -0.039064 0.000000 -1.570795 -1.570787 0.000000
    2 1.293670 0.684478 -0.000001 -0.061066 -0.023407 -0.051434
    3 5.309685 -0.003834 0.000000 -0.059985 0.000935 -0.015674
    4 4.826790 -0.004591 0.000000 0.125681 0.038854 0.116844
    5 5.792767 -0.005304 0.000000 -0.006440 0.040268 0.132055
    6 6.662322 -0.001452 0.000000 -0.091910 0.032655 0.231870
    7 -3.518356 0.356631 4.277124 0.829796 -1.397842 -4.199838
    8 4.827512 0.000000 -0.000002 0.916422 1.247036 0.510603
    9 11.140032 0.000000 0.000000 0.000000 0.000000 -1.795946
    10 10.314563 -0.000001 0.000001 -1.297175 0.165613 0.193075
    11 1.646836 0.445664 -1.699647 -0.392035 3.352851 -0.875707
    12 0.928312 0.000000 0.000000 0.000000 0.000000 0.593404
    13 0.928313 0.000000 -0.000001 0.000000 0.000000 1.204231
    14 2.979373 -0.388274 -0.044205 -0.030851 -0.030823 0.768363
    15 1.435262 -0.000001 -0.000001 0.000000 0.000000 1.204014
    16 1.482593 -0.000001 0.000001 0.000000 0.000000 0.445026
    17 -2.975371 1.071532 -4.156022 -1.563925 1.230352 -4.936087
    18 4.972047 0.000000 0.000000 0.750153 -0.663657 -1.080510
    19 11.585358 0.000000 0.000001 0.000000 0.000000 -1.746950
    20 10.127058 0.000000 0.000001 1.402576 0.646724 -0.440588
    21 1.537458 0.109715 1.664489 -3.079588 0.031470 0.928526
    22 0.928313 0.000000 0.000002 0.000000 0.000000 0.061034
    23 0.928311 0.000000 0.000001 0.000000 0.000000 0.671897
    24 2.686395 -0.427337 0.044204 -0.001208 0.043611 -0.052337
    25 1.435260 0.000000 0.000001 0.000000 0.000000 1.186618
    26 1.482593 0.000000 -0.000001 0.000000 0.000000 1.684243
    27 2.046984 0.000001 0.000000 0.072250 -0.065616 -0.239126
    28 -0.000005 0.000007 3.713254 -0.099865 -3.048615 5.707069
    29 18.045723 0.000000 0.000000 0.000000 0.000000 -0.419465
    30 17.597597 0.000000 0.000000 -0.057582 -0.015762 -0.157815
    31 0.000005 -0.000003 -3.713254 0.807324 2.830755 6.177104
    32 18.045721 0.000000 0.000000 0.000000 0.000000 -0.780912
    33 17.597597 0.000000 0.000000 0.178928 0.127284 0.484661
  time 19
    0 0.512700 2.515853 0.368674 0.000000 0.000000 -1.571017
    1 -0.523457 -0.039064 0.000000 -1.570795 -1.570787 0.000000
    2 1.293670 0.684478 -0.000001 -0.061066 -0.023407 -0.051434
    3 5.309685 -0.003834 0.000000 -0.059985 0.000935 -0.015674
    4 4.826790 -0.004591 0.000000 0.125662 0.038962 0.116249
    5 5.792767 -0.005304 0.000000 -0.006368 0.009720 0.132138
    6 6.662322 -0.001452 0.000000 -0.091910 0.032655 0.231870
    7 -3.518356 0.356631 4.277124 0.707679 -1.395832 -4.077670
    8 4.827512 0.000000 -0.000002 0.851612 1.217616 0.428805
    9 11.140032 0.000000 0.000000 0.000000 0.000000 -1.781093
    10 10.314563 -0.000001 0.000001 -1.298218 0.137323 0.148656
    11 1.646836 0.445664 -1.699647 -0.392035 3.352851 -0.875707
    12 0.928312 0.000000 0.000000 0.000000 0.000000 0.593404
    13 0.928313 0.000000 -0.000001 0.000000 0.000000 1.204231
    14 2.979373 -0.388274 -0.044205 -0.030851 -0.030823 0.768363
    15 1.435262 -0.000001 -0.000001 0.000000 0.000000 1.204014
    16 1.482593 -0.000001 0.000001 0.000000 0.000000 0.445026
    17 -2.975371 1.071532 -4.156022 -1.589050 1.227223 -4.962905
    18 4.972047 0.000000 0.000000 0.829788 -0.624286 -1.126167
    19 11.585358 0.000000 0.000001 0.000000 0.000000 -1.820136
    20 10.127058 0.000000 0.000001 1.571856 0.656937 -0.156665
    21 1.537458 0.109715 1.664489 -3.079588 0.031470 0.928526
    22 0.928313 0.000000 0.000002 0.000000 0.000000 0.061034
    23 0.928311 0.000000 0.000001 0.000000 0.000000 0.671897
    24 2.686395 -0.427337 0.044204 -0.001208 0.043611 -0.052337
    25 1.435260 0.000000 0.000001 0.000000 0.000000 1.186618
    26 1.482593 0.000000 -0.000001 0.000000 0.000000 1.684243
    27 2.046984 0.000001 0.000000 0.074878 -0.046055 -0.171667
    28 -0.000005 0.000007 3.713254 -0.099769 -3.047752 5.707452
    29 18.045723 0.000000 0.000000 0.000000 0.000000 -0.418725
    30 17.597597 0.000000 0.000000 -0.057202 -0.016697 -0.158273
    31 0.000005 -0.000003 -3.713254 0.807612 2.831810 6.177200
    32 18.045721 0.000000 0.000000 0.000000 0.000000 -0.781069
    33 17.597597 0.000000 0.000000 0.178894 0.126574 0.485539
  time 20
    0 0.469730 2.515853 0.368674 0.000000 0.000000 -1.571017
    1 -0.523457 -0.039064 0.000000 -1.570795 -1.570787 0.000000
    2 1.293670 0.684478 -0.000001 -0.061066 -0.023407 -0.051434
    3 5.309685 -0.003834 0.000000 -0.059985 0.000935 -0.015674
    4 4.826790 -0.004591 0.000000 0.125643 0.039010 0.115808
    5 5.792767 -0.005304 0.000000 -0.006314 -0.020781 0.132304
    6 6.662322 -0.001452 0.000000 -0.091910 0.032655 0.231870
    7 -3.518356 0.356631 4.277124 0.762699 -1.389888 -4.131999
    8 4.827512 0.000000 -0.000002 0.753321 1.200135 0.318846
    9 11.140032 0.000000 0.000000 0.000000 0.000000 -1.796816
    10 10.314563 -0.000001 0.000001 -1.289878 0.120369 0.167120
    11 1.646836 0.445664 -1.699647 -0.392035 3.352851 -0.875707
    12 0.928312 0.000000 0.000000 0.000000 0.000000 0.593404
    13 0.928313 0.000000 -0.000001 0.000000 0.000000 1.204231
    14 2.979373 -0.388274 -0.044205 -0.030851 -0.030823 0.768363
    15 1.435262 -0.000001 -0.000001 0.000000 0.000000 1.204014
    16 1.482593 -0.000001 0.000001 0.000000 0.000000 0.445026
    17 -2.975371 1.071532 -4.156022 -1.621245 1.223490 -4.997003
    18 4.972047 0.000000 0.000000 0.909892 -0.580817 -1.167232
    19 11.585358 0.000000 0.000001 0.000000 0.000000 -1.886623
    20 10.127058 0.000000 0.000001 1.732510 0.630459 0.115202
    21 1.537458 0.109715 1.664489 -3.079588 0.031470 0.928526
    22 0.928313 0.000000 0.000002 0.000000 0.000000 0.061034
    23 0.928311 0.000000 0.000001 0.000000 0.000000 0.671897
    24 2.686395 -0.427337 0.044204 -0.001208 0.043611 -0.052337
    25 1.435260 0.000000 0.000001 0.000000 0.000000 1.186618
    26 1.482593 0.000000 -0.000001 0.000000 0.000000 1.684243
    27 2.046984 0.000001 0.000000 0.082590 -0.033575 -0.048671
    28 -0.000005 0.000007 3.713254 -0.099674 -3.046793 5.707740
    29 18.045723 0.000000 0.000000 0.000000 0.000000 -0.418059
    30 17.597597 0.000000 0.000000 -0.056847 -0.017657 -0.158777
    31 0.000005 -0.000003 -3.713254 0.807899 2.832768 6.177200
    32 18.045721 0.000000 0.000000 0.000000 0.000000 -0.781148
    33 17.597597 0.000000 0.000000 0.178827 0.125864 0.486417
  time 21
    0 0.489261 2.515853 0.368674 0.000000 0.000000 -1.571017
    1 -0.523457 -0.039064 0.000000 -1.570795 -1.570787 0.000000
    2 1.293670 0.684478 -0.000001 -0.061066 -0.023407 -0.051434
    3 5.309685 -0.003834 0.000000 -0.059985 0.000935 -0.015674
    4 4.826790 -0.004591 0.000000 0.125624 0.039058 0.115499
    5 5.792767 -0.005304 0.000000 -0.006332 -0.009252 0.132200
    6 6.662322 -0.001452 0.000000 -0.091910 0.032655 0.231870
    7 -3.518356 0.356631 4.277124 0.871492 -1.373714 -4.239603
    8 4.827512 0.000000 -0.000002 0.531230 1.225888 0.056469
    9 11.140032 0.000000 0.000000 0.000000 0.000000 -1.833477
    10 10.314563 -0.000001 0.000001 -1.269880 0.080745 0.216997
    11 1.646836 0.445664 -1.699647 -0.392035 3.352851 -0.875707
    12 0.928312 0.000000 0.000000 0.000000 0.000000 0.593404
    13 0.928313 0.000000 -0.000001 0.000000 0.000000 1.204231
    14 2.979373 -0.388274 -0.044205 -0.030851 -0.030823 0.768363
    15 1.435262 -0.000001 -0.000001 0.000000 0.000000 1.204014
    16 1.482593 -0.000001 0.000001 0.000000 0.000000 0.445026
    17 -2.975371 1.071532 -4.156022 -1.608348 1.228222 -4.983211
    18 4.972047 0.000000 0.000000 0.890382 -0.593191 -1.161242
    19 11.585358 0.000000 0.000001 0.000000 0.000000 -1.832714
    20 10.127058 0.000000 0.000001 1.668276 0.649183 -0.005300
    21 1.537458 0.109715 1.664489 -3.079588 0.031470 0.928526
    22 0.928313 0.000000 0.000002 0.000000 0.000000 0.061034
    23 0.928311 0.000000 0.000001 0.000000 0.000000 0.671897
    24 2.686395 -0.427337 0.044204 -0.001208 0.043611 -0.052337
    25 1.435260 0.000000 0.000001 0.000000 0.000000 1.186618
    26 1.482593 0.000000 -0.000001 0.000000 0.000000 1.684243
    27 2.046984 0.000001 0.000000 0.082676 -0.064790 0.088497
    28 -0.000005 0.000007 3.713254 -0.099674 -3.047177 5.707644
    29 18.045723 0.000000 0.000000 0.000000 0.000000 -0.418281
    30 17.597597 0.000000 0.000000 -0.056999 -0.017287 -0.158594
    31 0.000005 -0.000003 -3.713254 0.807804 2.832385 6.177200
    32 18.045721 0.000000 0.000000 0.000000 0.000000 -0.781148
    33 17.597597 0.000000 0.000000 0.178861 0.126141 0.486047
  time 22
    0 0.512700 2.515853 0.368674 0.000000 0.000000 -1.571017
    1 -0.523457 -0.039064 0.000000 -1.570795 -1.570787 0.000000
    2 1.293670 0.684478 -0.000001 -0.061066 -0.023407 -0.051434
    3 5.309685 -0.003834 0.000000 -0.059985 0.000935 -0.015674
    4 4.826790 -0.004591 0.000000 0.125624 0.039070 0.115367
    5 5.792767 -0.005304 0.000000 -0.006386 0.012080 0.132034
    6 6.662322 -0.001452 0.000000 -0.091910 0.032655 0.231870
    7 -3.518356 0.356631 4.277124 0.988721 -1.349142 -4.355351
    8 4.827512 0.000000 -0.000002 0.192513 1.225547 -0.336578
    9 11.140032 0.000000 0.000000 0.000000 0.000000 -1.882311
    10 10.314563 -0.000001 0.000001 -1.245712 0.026416 0.284931
    11 1.646836 0.445664 -1.699647 -0.392035 3.352851 -0.875707
    12 0.928312 0.000000 0.000000 0.000000 0.000000 0.593404
    13 0.928313 0.000000 -0.000001 0.000000 0.000000 1.204231
    14 2.979373 -0.388274 -0.044205 -0.030851 -0.030823 0.768363
    15 1.435262 -0.000001 -0.000001 0.000000 0.000000 1.204014
    16 1.482593 -0.000001 0.000001 0.000000 0.000000 0.445026
    17 -2.975371 1.071532 -4.156022 -1.579879 1.234374 -4.953040
    18 4.972047 0.000000 0.000000 0.841326 -0.621875 -1.140077
    19 11.585358 0.000000 0.000001 0.000000 0.000000 -1.734862
    20 10.127058 0.000000 0.000001 1.530272 0.664313 -0.245904
    21 1.537458 0.109715 1.664489 -3.079588 0.031470 0.928526
    22 0.928313 0.000000 0.000002 0.000000 0.000000 0.061034
    23 0.928311 0.000000 0.000001 0.000000 0.000000 0.671897
    24 2.686395 -0.427337 0.044204 -0.001208 0.043611 -0.052337
    25 1.435260 0.000000 0.000001 0.000000 0.000000 1.186618
    26 1.482593 0.000000 -0.000001 0.000000 0.000000 1.684243
    27 2.046984 0.000001 0.000000 0.073241 -0.100961 0.206323
    28 -0.000005 0.000007 3.713254 -0.099865 -3.047848 5.707452
    29 18.045723 0.000000 0.000000 0.000000 0.000000 -0.418799
    30 17.597597 0.000000 0.000000 -0.057278 -0.016623 -0.158227
    31 0.000005 -0.000003 -3.713254 0.807612 2.831714 6.177200
    32 18.045721 0.000000 0.000000 0.000000 0.000000 -0.781069
    33 17.597597 0.000000 0.000000 0.178894 0.126614 0.485493
  time 23
    0 0.524419 2.515853 0.368674 0.000000 0.000000 -1.571017
    1 -0.523457 -0.039064 0.000000 -1.570795 -1.570787 0.000000
    2 1.293670 0.684478 -0.000001 -0.061066 -0.023407 -0.051434
    3 5.309685 -0.003834 0.000000 -0.059985 0.000935 -0.015674
    4 4.826790 -0.004591 0.000000 0.125624 0.039070 0.115389
    5 5.792767 -0.005304 0.000000 -0.006404 0.023634 0.131951
    6 6.662322 -0.001452 0.000000 -0.091910 0.032655 0.231870
    7 -3.518356 0.356631 4.277124 1.086682 -1.320016 -4.451936
    8 4.827512 0.000000 -0.000002 -0.097019 1.165514 -0.685172
    9 11.140032 0.000000 0.000000 0.000000 0.000000 -1.934984
    10 10.314563 -0.000001 0.000001 -1.223724 -0.033535 0.358091
    11 1.646836 0.445664 -1.699647 -0.392035 3.352851 -0.875707
    12 0.928312 0.000000 0.000000 0.000000 0.000000 0.593404
    13 0.928313 0.000000 -0.000001 0.000000 0.000000 1.204231
    14 2.979373 -0.388274 -0.044205 -0.030851 -0.030823 0.768363
    15 1.435262 -0.000001 -0.000001 0.000000 0.000000 1.204014
    16 1.482593 -0.000001 0.000001 0.000000 0.000000 0.445026
    17 -2.975371 1.071532 -4.156022 -1.553799 1.230142 -4.925263
    18 4.972047 0.000000 0.000000 0.783827 -0.642686 -1.106534
    19 11.585358 0.000000 0.000001 0.000000 0.000000 -1.658573
    20 10.127058 0.000000 0.000001 1.432309 0.652398 -0.386464
    21 1.537458 0.109715 1.664489 -3.079588 0.031470 0.928526
    22 0.928313 0.000000 0.000002 0.000000 0.000000 0.061034
    23 0.928311 0.000000 0.000001 0.000000 0.000000 0.671897
    24 2.686395 -0.427337 0.044204 -0.001208 0.043611 -0.052337
    25 1.435260 0.000000 0.000001 0.000000 0.000000 1.186618
    26 1.482593 0.000000 -0.000001 0.000000 0.000000 1.684243
    27 2.046984 0.000001 0.000000 0.065443 -0.119194 0.268125
    28 -0.000005 0.000007 3.713254 -0.099865 -3.048231 5.707260
    29 18.045723 0.000000 0.000000 0.000000 0.000000 -0.419021
    30 17.597597 0.000000 0.000000 -0.057379 -0.016279 -0.158044
    31 0.000005 -0.000003 -3.713254 0.807516 2.831330 6.177104
    32 18.045721 0.000000 0.000000 0.000000 0.000000 -0.781069
    33 17.597597 0.000000 0.000000 0.178894 0.126870 0.485123
  time 24
    0 0.524419 2.527572 0.368674 0.000000 0.000000 -1.571017
    1 -0.523457 -0.039064 0.000000 -1.570795 -1.570787 0.000000
    2 1.293670 0.684478 -0.000001 -0.061066 -0.022065 -0.051501
    3 5.309685 -0.003834 0.000000 -0.056854 -0.000527 -0.014155
    4 4.826790 -0.004591 0.000000 0.105634 0.035786 0.117858
    5 5.792767 -0.005304 0.000000 -0.018186 0.022160 0.129937
    6 6.662322 -0.001452 0.000000 -0.091910 0.032655 0.231870
    7 -3.518356 0.356631 4.277124 1.156368 -1.292074 -4.520638
    8 4.827512 0.000000 -0.000002 -0.247684 1.073333 -0.864019
    9 11.140032 0.000000 0.000000 0.000000 0.000000 -1.982441
    10 10.314563 -0.000001 0.000001 -1.207517 -0.089176 0.424863
    11 1.646836 0.445664 -1.699647 -0.392035 3.352851 -0.875707
    12 0.928312 0.000000 0.000000 0.000000 0.000000 0.593404
    13 0.928313 0.000000 -0.000001 0.000000 0.000000 1.204231
    14 2.979373 -0.388274 -0.044205 -0.030851 -0.030823 0.768363
    15 1.435262 -0.000001 -0.000001 0.000000 0.000000 1.204014
    16 1.482593 -0.000001 0.000001 0.000000 0.000000 0.445026
    17 -2.975371 1.071532 -4.156022 -1.535839 1.191784 -4.905341
    18 4.972047 0.000000 0.000000 0.674364 -0.636258 -1.054088
    19 11.585358 0.000000 0.000001 0.000000 0.000000 -1.634641
    20 10.127058 0.000000 0.000001 1.444300 0.622516 -0.225945
    21 1.537458 0.109715 1.664489 -3.079588 0.031470 0.928526
    22 0.928313 0.000000 0.000002 0.000000 0.000000 0.061034
    23 0.928311 0.000000 0.000001 0.000000 0.000000 0.671897
    24 2.686395 -0.427337 0.044204 -0.001208 0.043611 -0.052337
    25 1.435260 0.000000 0.000001 0.000000 0.000000 1.186618
    26 1.482593 0.000000 -0.000001 0.000000 0.000000 1.684243
    27 2.046984 0.000001 0.000000 0.091336 -0.134064 0.283028
    28 -0.000005 0.000007 3.713254 -0.099865 -3.048231 5.707644
    29 18.045723 0.000000 0.000000 0.000000 0.000000 -0.417541
    30 17.597597 0.000000 0.000000 -0.057354 -0.016352 -0.159190
    31 0.000005 -0.000003 -3.713254 0.807516 2.831330 6.176625
    32 18.045721 0.000000 0.000000 0.000000 0.000000 -0.781384
    33 17.597597 0.000000 0.000000 0.178894 0.126476 0.485123
  time 25
    0 0.512700 2.566636 0.368674 0.000000 0.000000 -1.571017
    1 -0.523457 -0.039064 0.000000 -1.570795 -1.570787 0.000000
    2 1.293670 0.684478 -0.000001 -0.061066 -0.018877 -0.051702
    3 5.309685 -0.003834 0.000000 -0.049435 -0.004123 -0.010534
    4 4.826790 -0.004591 0.000000 0.057929 0.028200 0.123877
    5 5.792767 -0.005304 0.000000 -0.046246 0.018564 0.125224
    6 6.662322 -0.001452 0.000000 -0.091910 0.032655 0.231870
    7 -3.518356 0.356631 4.277124 1.196818 -1.271405 -4.560498
    8 4.827512 0.000000 -0.000002 -0.310661 0.990106 -0.902578
    9 11.140032 0.000000 0.000000 0.000000 0.000000 -2.016422
    10 10.314563 -0.000001 0.000001 -1.198418 -0.129455 0.474159
    11 1.646836 0.445664 -1.699647 -0.392035 3.352851 -0.875707
    12 0.928312 0.000000 0.000000 0.000000 0.000000 0.593404
    13 0.928313 0.000000 -0.000001 0.000000 0.000000 1.204231
    14 2.979373 -0.388274 -0.044205 -0.030851 -0.030823 0.768363
    15 1.435262 -0.000001 -0.000001 0.000000 0.000000 1.204014
    16 1.482593 -0.000001 0.000001 0.000000 0.000000 0.445026
    17 -2.975371 1.071532 -4.156022 -1.523611 1.119354 -4.889537
    18 4.972047 0.000000 0.000000 0.496241 -0.600663 -0.987865
    19 11.585358 0.000000 0.000001 0.000000 0.000000 -1.641175
    20 10.127058 0.000000 0.000001 1.511128 0.558590 0.166924
    21 1.537458 0.109715 1.664489 -3.079588 0.031470 0.928526
    22 0.928313 0.000000 0.000002 0.000000 0.000000 0.061034
    23 0.928311 0.000000 0.000001 0.000000 0.000000 0.671897
    24 2.686395 -0.427337 0.044204 -0.001208 0.043611 -0.052337
    25 1.435260 0.000000 0.000001 0.000000 0.000000 1.186618
    26 1.482593 0.000000 -0.000001 0.000000 0.000000 1.684243
    27 2.046984 0.000001 0.000000 0.154668 -0.166193 0.287286
    28 -0.000005 0.000007 3.713254 -0.099865 -3.048136 5.708507
    29 18.045723 0.000000 0.000000 0.000000 0.000000 -0.413988
    30 17.597597 0.000000 0.000000 -0.057354 -0.016426 -0.161987
    31 0.000005 -0.000003 -3.713254 0.807324 2.831234 6.175283
    32 18.045721 0.000000 0.000000 0.000000 0.000000 -0.782250
    33 17.597597 0.000000 0.000000 0.178794 0.125529 0.485031
  time 26
    0 0.500981 2.609606 0.368674 0.000000 0.000000 -1.571017
    1 -0.523457 -0.039064 0.000000 -1.570795 -1.570787 0.000000
    2 1.293670 0.684478 -0.000001 -0.061032 -0.015066 -0.051953
    3 5.309685 -0.003834 0.000000 -0.040552 -0.008401 -0.006260
    4 4.826790 -0.004591 0.000000 0.000954 0.019559 0.131638
    5 5.792767 -0.005304 0.000000 -0.079776 0.014154 0.119701
    6 6.662322 -0.001452 0.000000 -0.091910 0.032655 0.231870
    7 -3.518356 0.356631 4.277124 1.207745 -1.264249 -4.571038
    8 4.827512 0.000000 -0.000002 -0.321104 0.947981 -0.851194
    9 11.140032 0.000000 0.000000 0.000000 0.000000 -2.028015
    10 10.314563 -0.000001 0.000001 -1.195859 -0.143506 0.494830
    11 1.646836 0.445664 -1.699647 -0.392035 3.352851 -0.875707
    12 0.928312 0.000000 0.000000 0.000000 0.000000 0.593404
    13 0.928313 0.000000 -0.000001 0.000000 0.000000 1.204231
    14 2.979373 -0.388274 -0.044205 -0.030851 -0.030823 0.768363
    15 1.435262 -0.000001 -0.000001 0.000000 0.000000 1.204014
    16 1.482593 -0.000001 0.000001 0.000000 0.000000 0.445026
    17 -2.975371 1.071532 -4.156022 -1.517593 1.037301 -4.879193
    18 4.972047 0.000000 0.000000 0.310895 -0.546588 -0.931959
    19 11.585358 0.000000 0.000001 0.000000 0.000000 -1.663555
    20 10.127058 0.000000 0.000001 1.562599 0.461568 0.614467
    21 1.537458 0.109715 1.664489 -3.079588 0.031470 0.928526
    22 0.928313 0.000000 0.000002 0.000000 0.000000 0.061034
    23 0.928311 0.000000 0.000001 0.000000 0.000000 0.671897
    24 2.686395 -0.427337 0.044204 -0.001208 0.043611 -0.052337
    25 1.435260 0.000000 0.000001 0.000000 0.000000 1.186618
    26 1.482593 0.000000 -0.000001 0.000000 0.000000 1.684243
    27 2.046984 0.000001 0.000000 0.231097 -0.203574 0.283393
    28 -0.000005 0.000007 3.713254 -0.099961 -3.048136 5.709561
    29 18.045723 0.000000 0.000000 0.000000 0.000000 -0.409473
    30 17.597597 0.000000 0.000000 -0.057278 -0.016574 -0.165471
    31 0.000005 -0.000003 -3.713254 0.807324 2.831234 6.173653
    32 18.045721 0.000000 0.000000 0.000000 0.000000 -0.783116
    33 17.597597 0.000000 0.000000 0.178693 0.124365 0.484939
  time 27
    0 0.493168 2.640857 0.368674 0.000000 0.000000 -1.571017
    1 -0.523457 -0.039064 0.000000 -1.570795 -1.570787 0.000000
    2 1.293670 0.684478 -0.000001 -0.061032 -0.011878 -0.052154
    3 5.309685 -0.003834 0.000000 -0.033166 -0.012045 -0.002692
    4 4.826790 -0.004591 0.000000 -0.046770 0.012692 0.138738
    5 5.792767 -0.005304 0.000000 -0.107800 0.010295 0.115237
    6 6.662322 -0.001452 0.000000 -0.091910 0.032655 0.231870
    7 -3.518356 0.356631 4.277124 1.201514 -1.265964 -4.564618
    8 4.827512 0.000000 -0.000002 -0.311458 0.936810 -0.777368
    9 11.140032 0.000000 0.000000 0.000000 0.000000 -2.025116
    10 10.314563 -0.000001 0.000001 -1.196712 -0.140321 0.497443
    11 1.646836 0.445664 -1.699647 -0.392035 3.352851 -0.875707
    12 0.928312 0.000000 0.000000 0.000000 0.000000 0.593404
    13 0.928313 0.000000 -0.000001 0.000000 0.000000 1.204231
    14 2.979373 -0.388274 -0.044205 -0.030851 -0.030823 0.768363
    15 1.435262 -0.000001 -0.000001 0.000000 0.000000 1.204014
    16 1.482593 -0.000001 0.000001 0.000000 0.000000 0.445026
    17 -2.975371 1.071532 -4.156022 -1.515395 0.970182 -4.872872
    18 4.972047 0.000000 0.000000 0.168790 -0.494923 -0.897749
    19 11.585358 0.000000 0.000001 0.000000 0.000000 -1.686752
    20 10.127058 0.000000 0.000001 1.572978 0.370408 0.971871
    21 1.537458 0.109715 1.664489 -3.079588 0.031470 0.928526
    22 0.928313 0.000000 0.000002 0.000000 0.000000 0.061034
    23 0.928311 0.000000 0.000001 0.000000 0.000000 0.671897
    24 2.686395 -0.427337 0.044204 -0.001208 0.043611 -0.052337
    25 1.435260 0.000000 0.000001 0.000000 0.000000 1.186618
    26 1.482593 0.000000 -0.000001 0.000000 0.000000 1.684243
    27 2.046984 0.000001 0.000000 0.295635 -0.234582 0.276641
    28 -0.000005 0.000007 3.713254 -0.099961 -3.048136 5.710424
    29 18.045723 0.000000 0.000000 0.000000 0.000000 -0.405624
    30 17.597597 0.000000 0.000000 -0.057227 -0.016648 -0.168405
    31 0.000005 -0.000003 -3.713254 0.807324 2.831139 6.172215
    32 18.045721 0.000000 0.000000 0.000000 0.000000 -0.783982
    33 17.597597 0.000000 0.000000 0.178592 0.123379 0.484846
  time 28
    0 0.493168 2.660388 0.368674 0.000000 0.000000 -1.571017
    1 -0.523457 -0.039064 0.000000 -1.570795 -1.570787 0.000000
    2 1.293670 0.684478 -0.000001 -0.061032 -0.010523 -0.052221
    3 5.309685 -0.003834 0.000000 -0.030069 -0.013591 -0.001190
    4 4.826790 -0.004591 0.000000 -0.066856 0.009935 0.142332
    5 5.792767 -0.005304 0.000000 -0.119546 0.008653 0.113472
    6 6.662322 -0.001452 0.000000 -0.091910 0.032655 0.231870
    7 -3.518356 0.356631 4.277124 1.193559 -1.268063 -4.556761
    8 4.827512 0.000000 -0.000002 -0.301653 0.932546 -0.744268
    9 11.140032 0.000000 0.000000 0.000000 0.000000 -2.021639
    10 10.314563 -0.000001 0.000001 -1.197660 -0.136480 0.500810
    11 1.646836 0.445664 -1.699647 -0.392035 3.352851 -0.875707
    12 0.928312 0.000000 0.000000 0.000000 0.000000 0.593404
    13 0.928313 0.000000 -0.000001 0.000000 0.000000 1.204231
    14 2.979373 -0.388274 -0.044205 -0.030851 -0.030823 0.768363
    15 1.435262 -0.000001 -0.000001 0.000000 0.000000 1.204014
    16 1.482593 -0.000001 0.000001 0.000000 0.000000 0.445026
    17 -2.975371 1.071532 -4.156022 -1.514249 0.942340 -4.869615
    18 4.972047 0.000000 0.000000 0.110823 -0.473068 -0.884239
    19 11.585358 0.000000 0.000001 0.000000 0.000000 -1.696472
    20 10.127058 0.000000 0.000001 1.569892 0.331636 1.118484
    21 1.537458 0.109715 1.664489 -3.079588 0.031470 0.928526
    22 0.928313 0.000000 0.000002 0.000000 0.000000 0.061034
    23 0.928311 0.000000 0.000001 0.000000 0.000000 0.671897
    24 2.686395 -0.427337 0.044204 -0.001208 0.043611 -0.052337
    25 1.435260 0.000000 0.000001 0.000000 0.000000 1.186618
    26 1.482593 0.000000 -0.000001 0.000000 0.000000 1.684243
    27 2.046984 0.000001 0.000000 0.322303 -0.248921 0.275302
    28 -0.000005 0.000007 3.713254 -0.100057 -3.048136 5.710807
    29 18.045723 0.000000 0.000000 0.000000 0.000000 -0.403922
    30 17.597597 0.000000 0.000000 -0.057227 -0.016697 -0.169689
    31 0.000005 -0.000003 -3.713254 0.807324 2.831139 6.171640
    32 18.045721 0.000000 0.000000 0.000000 0.000000 -0.784454
    33 17.597597 0.000000 0.000000 0.178559 0.122945 0.484754
  time 29
    0 0.493168 2.672108 0.368674 0.000000 0.000000 -1.571017
    1 -0.523457 -0.039064 0.000000 -1.570795 -1.570787 0.000000
    2 1.293670 0.684478 -0.000001 -0.061032 -0.010523 -0.052221
    3 5.309685 -0.003834 0.000000 -0.030069 -0.013591 -0.001190
    4 4.826790 -0.004591 0.000000 -0.067657 0.010211 0.146212
    5 5.792767 -0.005304 0.000000 -0.119295 0.008665 0.113576
    6 6.662322 -0.001452 0.000000 -0.091910 0.032655 0.231870
    7 -3.518356 0.356631 4.277124 1.186561 -1.268862 -4.549479
    8 4.827512 0.000000 -0.000002 -0.345896 0.910290 -0.789066
    9 11.140032 0.000000 0.000000 0.000000 0.000000 -1.955706
    10 10.314563 -0.000001 0.000001 -1.135771 -0.215727 0.528971
    11 1.646836 0.445664 -1.699647 -0.392035 3.352851 -0.875707
    12 0.928312 0.000000 0.000000 0.000000 0.000000 0.593404
    13 0.928313 0.000000 -0.000001 0.000000 0.000000 1.204231
    14 2.979373 -0.388274 -0.044205 -0.030851 -0.030823 0.768363
    15 1.435262 -0.000001 -0.000001 0.000000 0.000000 1.204014
    16 1.482593 -0.000001 0.000001 0.000000 0.000000 0.445026
    17 -2.975371 1.071532 -4.156022 -1.513198 0.939685 -4.868083
    18 4.972047 0.000000 0.000000 0.094033 -0.483755 -0.866402
    19 11.585358 0.000000 0.000001 0.000000 0.000000 -1.703170
    20 10.127058 0.000000 0.000001 1.590228 0.328421 1.178009
    21 1.537458 0.109715 1.664489 -3.079588 0.031470 0.928526
    22 0.928313 0.000000 0.000002 0.000000 0.000000 0.061034
    23 0.928311 0.000000 0.000001 0.000000 0.000000 0.671897
    24 2.686395 -0.427337 0.044204 -0.001208 0.043611 -0.052337
    25 1.435260 0.000000 0.000001 0.000000 0.000000 1.186618
    26 1.482593 0.000000 -0.000001 0.000000 0.000000 1.684243
    27 2.046984 0.000001 0.000000 0.322174 -0.250632 0.275120
    28 -0.000005 0.000007 3.713254 -0.100057 -3.048231 5.710999
    29 18.045723 0.000000 0.000000 0.000000 0.000000 -0.403034
    30 17.597597 0.000000 0.000000 -0.057278 -0.016623 -0.170331
    31 0.000005 -0.000003 -3.713254 0.807324 2.831043 6.171352
    32 18.045721 0.000000 0.000000 0.000000 0.000000 -0.784533
    33 17.597597 0.000000 0.000000 0.178559 0.122788 0.484661
  time 30
    0 0.493168 2.676014 0.368674 0.000000 0.000000 -1.571017
    1 -0.523457 -0.039064 0.000000 -1.570795 -1.570787 0.000000
    2 1.293670 0.684478 -0.000001 -0.061032 -0.010523 -0.052221
    3 5.309685 -0.003834 0.000000 -0.030069 -0.013591 -0.001190
    4 4.826790 -0.004591 0.000000 -0.069087 0.010463 0.150181
    5 5.792767 -0.005304 0.000000 -0.118719 0.008677 0.113742
    6 6.662322 -0.001452 0.000000 -0.091910 0.032655 0.231870
    7 -3.518356 0.356631 4.277124 1.180714 -1.267975 -4.543251
    8 4.827512 0.000000 -0.000002 -0.442194 0.858955 -0.880136
    9 11.140032 0.000000 0.000000 0.000000 0.000000 -1.814857
    10 10.314563 -0.000001 0.000001 -1.001378 -0.399980 0.570370
    11 1.646836 0.445664 -1.699647 -0.392035 3.352851 -0.875707
    12 0.928312 0.000000 0.000000 0.000000 0.000000 0.593404
    13 0.928313 0.000000 -0.000001 0.000000 0.000000 1.204231
    14 2.979373 -0.388274 -0.044205 -0.030851 -0.030823 0.768363
    15 1.435262 -0.000001 -0.000001 0.000000 0.000000 1.204014
    16 1.482593 -0.000001 0.000001 0.000000 0.000000 0.445026
    17 -2.975371 1.071532 -4.156022 -1.512338 0.933980 -4.866550
    18 4.972047 0.000000 0.000000 0.058202 -0.507859 -0.829530
    19 11.585358 0.000000 0.000001 0.000000 0.000000 -1.720078
    20 10.127058 0.000000 0.000001 1.632303 0.318587 1.308116
    21 1.537458 0.109715 1.664489 -3.079588 0.031470 0.928526
    22 0.928313 0.000000 0.000002 0.000000 0.000000 0.061034
    23 0.928311 0.000000 0.000001 0.000000 0.000000 0.671897
    24 2.686395 -0.427337 0.044204 -0.001208 0.043611 -0.052337
    25 1.435260 0.000000 0.000001 0.000000 0.000000 1.186618
    26 1.482593 0.000000 -0.000001 0.000000 0.000000 1.684243
    27 2.046984 0.000001 0.000000 0.323036 -0.250809 0.270619
    28 -0.000005 0.000007 3.713254 -0.100057 -3.048231 5.711191
    29 18.045723 0.000000 0.000000 0.000000 0.000000 -0.402146
    30 17.597597 0.000000 0.000000 -0.057278 -0.016574 -0.171018
    31 0.000005 -0.000003 -3.713254 0.807228 2.830851 6.170968
    32 18.045721 0.000000 0.000000 0.000000 0.000000 -0.784769
    33 17.597597 0.000000 0.000000 0.178559 0.122590 0.484523
  time 31
    0 0.493168 2.683827 0.368674 0.000000 0.000000 -1.571017
    1 -0.523457 -0.039064 0.000000 -1.570795 -1.570787 0.000000
    2 1.293670 0.684478 -0.000001 -0.061032 -0.010523 -0.052221
    3 5.309685 -0.003834 0.000000 -0.030069 -0.013591 -0.001190
    4 4.826790 -0.004591 0.000000 -0.070804 0.010582 0.152672
    5 5.792767 -0.005304 0.000000 -0.118107 0.008701 0.113908
    6 6.662322 -0.001452 0.000000 -0.091910 0.032655 0.231870
    7 -3.518356 0.356631 4.277124 1.173334 -1.267502 -4.535681
    8 4.827512 0.000000 -0.000002 -0.523744 0.804380 -0.957861
    9 11.140032 0.000000 0.000000 0.000000 0.000000 -1.673283
    10 10.314563 -0.000001 0.000001 -0.864142 -0.588262 0.587847
    11 1.646836 0.445664 -1.699647 -0.392035 3.352851 -0.875707
    12 0.928312 0.000000 0.000000 0.000000 0.000000 0.593404
    13 0.928313 0.000000 -0.000001 0.000000 0.000000 1.204231
    14 2.979373 -0.388274 -0.044205 -0.030851 -0.030823 0.768363
    15 1.435262 -0.000001 -0.000001 0.000000 0.000000 1.204014
    16 1.482593 -0.000001 0.000001 0.000000 0.000000 0.445026
    17 -2.975371 1.071532 -4.156022 -1.511096 0.928222 -4.864826
    18 4.972047 0.000000 0.000000 0.019932 -0.532446 -0.790129
    19 11.585358 0.000000 0.000001 0.000000 0.000000 -1.736741
    20 10.127058 0.000000 0.000001 1.672904 0.303740 1.437221
    21 1.537458 0.109715 1.664489 -3.079588 0.031470 0.928526
    22 0.928313 0.000000 0.000002 0.000000 0.000000 0.061034
    23 0.928311 0.000000 0.000001 0.000000 0.000000 0.671897
    24 2.686395 -0.427337 0.044204 -0.001208 0.043611 -0.052337
    25 1.435260 0.000000 0.000001 0.000000 0.000000 1.186618
    26 1.482593 0.000000 -0.000001 0.000000 0.000000 1.684243
    27 2.046984 0.000001 0.000000 0.324199 -0.249334 0.263502
    28 -0.000005 0.000007 3.713254 -0.100249 -3.048231 5.711287
    29 18.045723 0.000000 0.000000 0.000000 0.000000 -0.401850
    30 17.597597 0.000000 0.000000 -0.057278 -0.016500 -0.171339
    31 0.000005 -0.000003 -3.713254 0.807228 2.830851 6.170873
    32 18.045721 0.000000 0.000000 0.000000 0.000000 -0.784769
    33 17.597597 0.000000 0.000000 0.178559 0.122531 0.484523
  time 32
    0 0.493168 2.660388 0.368674 0.000000 0.000000 -1.571017
    1 -0.523457 -0.039064 0.000000 -1.570795 -1.570787 0.000000
    2 1.293670 0.684478 -0.000001 -0.061032 -0.010523 -0.052221
    3 5.309685 -0.003834 0.000000 -0.030069 -0.013591 -0.001190
    4 4.826790 -0.004591 0.000000 -0.072139 0.010187 0.147028
    5 5.792767 -0.005304 0.000000 -0.117676 0.008725 0.114074
    6 6.662322 -0.001452 0.000000 -0.091910 0.032655 0.231870
    7 -3.518356 0.356631 4.277124 1.161544 -1.269424 -4.523608
    8 4.827512 0.000000 -0.000002 -0.548377 0.787666 -0.986109
    9 11.140032 0.000000 0.000000 0.000000 0.000000 -1.605322
    10 10.314563 -0.000001 0.000001 -0.801780 -0.672005 0.591912
    11 1.646836 0.445664 -1.699647 -0.392035 3.352851 -0.875707
    12 0.928312 0.000000 0.000000 0.000000 0.000000 0.593404
    13 0.928313 0.000000 -0.000001 0.000000 0.000000 1.204231
    14 2.979373 -0.388274 -0.044205 -0.030851 -0.030823 0.768363
    15 1.435262 -0.000001 -0.000001 0.000000 0.000000 1.204014
    16 1.482593 -0.000001 0.000001 0.000000 0.000000 0.445026
    17 -2.975371 1.071532 -4.156022 -1.509472 0.925567 -4.862527
    18 4.972047 0.000000 0.000000 -0.004268 -0.551971 -0.765238
    19 11.585358 0.000000 0.000001 0.000000 0.000000 -1.742213
    20 10.127058 0.000000 0.000001 1.692118 0.295040 1.495646
    21 1.537458 0.109715 1.664489 -3.079588 0.031470 0.928526
    22 0.928313 0.000000 0.000002 0.000000 0.000000 0.061034
    23 0.928311 0.000000 0.000001 0.000000 0.000000 0.671897
    24 2.686395 -0.427337 0.044204 -0.001208 0.043611 -0.052337
    25 1.435260 0.000000 0.000001 0.000000 0.000000 1.186618
    26 1.482593 0.000000 -0.000001 0.000000 0.000000 1.684243
    27 2.046984 0.000001 0.000000 0.324802 -0.246944 0.260278
    28 -0.000005 0.000007 3.713254 -0.100057 -3.048136 5.710807
    29 18.045723 0.000000 0.000000 0.000000 0.000000 -0.403996
    30 17.597597 0.000000 0.000000 -0.057227 -0.016697 -0.169597
    31 0.000005 -0.000003 -3.713254 0.807324 2.831139 6.171640
    32 18.045721 0.000000 0.000000 0.000000 0.000000 -0.784454
    33 17.597597 0.000000 0.000000 0.178559 0.122945 0.484754
  time 33
    0 0.481449 2.590074 0.368674 0.000000 0.000000 -1.571017
    1 -0.523457 -0.039064 0.000000 -1.570795 -1.570787 0.000000
    2 1.293670 0.684478 -0.000001 -0.061032 -0.010523 -0.052221
    3 5.309685 -0.003834 0.000000 -0.030069 -0.013591 -0.001190
    4 4.826790 -0.004591 0.000000 -0.072139 0.008737 0.127273
    5 5.792767 -0.005304 0.000000 -0.116830 0.008737 0.114199
    6 6.662322 -0.001452 0.000000 -0.091910 0.032655 0.231870
    7 -3.518356 0.356631 4.277124 1.132500 -1.269453 -4.493809
    8 4.827512 0.000000 -0.000002 -0.409749 0.803868 -0.738722
    9 11.140032 0.000000 0.000000 0.000000 0.000000 -1.772182
    10 10.314563 -0.000001 0.000001 -0.723494 -0.715469 0.097735
    11 1.646836 0.445664 -1.699647 -0.392035 3.352851 -0.875707
    12 0.928312 0.000000 0.000000 0.000000 0.000000 0.593404
    13 0.928313 0.000000 -0.000001 0.000000 0.000000 1.204231
    14 2.979373 -0.388274 -0.044205 -0.026129 -0.034922 0.624619
    15 1.435262 -0.000001 -0.000001 0.000000 0.000000 0.922421
    16 1.482593 -0.000001 0.000001 0.000000 0.000000 0.445026
    17 -2.975371 1.071532 -4.156022 -1.500397 0.969314 -4.854482
    18 4.972047 0.000000 0.000000 0.154064 -0.637222 -0.845304
    19 11.585358 0.000000 0.000001 0.000000 0.000000 -1.683812
    20 10.127058 0.000000 0.000001 1.718555 0.345537 1.179560
    21 1.537458 0.109715 1.664489 -3.079588 0.031470 0.928526
    22 0.928313 0.000000 0.000002 0.000000 0.000000 0.061034
    23 0.928311 0.000000 0.000001 0.000000 0.000000 0.671897
    24 2.686395 -0.427337 0.044204 -0.001208 0.043611 -0.052337
    25 1.435260 0.000000 0.000001 0.000000 0.000000 1.186618
    26 1.482593 0.000000 -0.000001 0.000000 0.000000 1.684243
    27 2.046984 0.000001 0.000000 0.322648 -0.243669 0.267030
    28 -0.000005 0.000007 3.713254 -0.099865 -3.047464 5.709369
    29 18.045723 0.000000 0.000000 0.000000 0.000000 -0.410435
    30 17.597597 0.000000 0.000000 -0.056999 -0.017214 -0.164600
    31 0.000005 -0.000003 -3.713254 0.807612 2.832001 6.174228
    32 18.045721 0.000000 0.000000 0.000000 0.000000 -0.782801
    33 17.597597 0.000000 0.000000 0.178693 0.124227 0.485631
  time 34
    0 0.469730 2.511946 0.368674 0.000000 0.000000 -1.571017
    1 -0.523457 -0.039064 0.000000 -1.570795 -1.570787 0.000000
    2 1.293670 0.684478 -0.000001 -0.061032 -0.010523 -0.052221
    3 5.309685 -0.003834 0.000000 -0.030069 -0.013591 -0.001190
    4 4.826790 -0.004591 0.000000 -0.071567 0.006891 0.102182
    5 5.792767 -0.005304 0.000000 -0.115679 0.008761 0.114365
    6 6.662322 -0.001452 0.000000 -0.091910 0.032655 0.231870
    7 -3.518356 0.356631 4.277124 1.102019 -1.269601 -4.462284
    8 4.827512 0.000000 -0.000002 -0.261555 0.799264 -0.485703
    9 11.140032 0.000000 0.000000 0.000000 0.000000 -1.938462
    10 10.314563 -0.000001 0.000001 -0.625496 -0.721464 -0.410261
    11 1.646836 0.445664 -1.699647 -0.392035 3.352851 -0.875707
    12 0.928312 0.000000 0.000000 0.000000 0.000000 0.593404
    13 0.928313 0.000000 -0.000001 0.000000 0.000000 1.204231
    14 2.979373 -0.388274 -0.044205 -0.020856 -0.038326 0.480831
    15 1.435262 -0.000001 -0.000001 0.000000 0.000000 0.640829
    16 1.482593 -0.000001 0.000001 0.000000 0.000000 0.445026
    17 -2.975371 1.071532 -4.156022 -1.489602 1.013088 -4.845000
    18 4.972047 0.000000 0.000000 0.323745 -0.722714 -0.938947
    19 11.585358 0.000000 0.000001 0.000000 0.000000 -1.625002
    20 10.127058 0.000000 0.000001 1.727321 0.400479 0.858122
    21 1.537458 0.109715 1.664489 -3.079588 0.031470 0.928526
    22 0.928313 0.000000 0.000002 0.000000 0.000000 0.061034
    23 0.928311 0.000000 0.000001 0.000000 0.000000 0.671897
    24 2.686395 -0.427337 0.044204 -0.001208 0.043611 -0.052337
    25 1.435260 0.000000 0.000001 0.000000 0.000000 1.186618
    26 1.482593 0.000000 -0.000001 0.000000 0.000000 1.684243
    27 2.046984 0.000001 0.000000 0.328507 -0.206259 0.204924
    28 -0.000005 0.000007 3.713254 -0.099482 -3.046506 5.707740
    29 18.045723 0.000000 0.000000 0.000000 0.000000 -0.418503
    30 17.597597 0.000000 0.000000 -0.056771 -0.017903 -0.158411
    31 0.000005 -0.000003 -3.713254 0.807899 2.833056 6.177488
    32 18.045721 0.000000 0.000000 0.000000 0.000000 -0.781148
    33 17.597597 0.000000 0.000000 0.178794 0.125805 0.486694
  time 35
    0 0.450198 2.429913 0.368674 0.000000 0.000000 -1.571017
    1 -0.523457 -0.039064 0.000000 -1.570795 -1.570787 0.000000
    2 1.293670 0.684478 -0.000001 -0.061032 -0.010523 -0.052221
    3 5.309685 -0.003834 0.000000 -0.030069 -0.013591 -0.001190
    4 4.826790 -0.004591 0.000000 -0.071357 0.005153 0.077995
    5 5.792767 -0.005304 0.000000 -0.115499 0.008785 0.114552
    6 6.662322 -0.001452 0.000000 -0.091910 0.032655 0.231870
    7 -3.518356 0.356631 4.277124 1.069525 -1.269778 -4.429131
    8 4.827512 0.000000 -0.000002 -0.309066 0.837040 -0.624864
    9 11.140032 0.000000 0.000000 0.000000 0.000000 -1.842389
    10 10.314563 -0.000001 0.000001 -0.536975 -0.687648 -0.910303
    11 1.646836 0.445664 -1.699647 -0.392035 3.352851 -0.875707
    12 0.928312 0.000000 0.000000 0.000000 0.000000 0.593404
    13 0.928313 0.000000 -0.000001 0.000000 0.000000 1.204231
    14 2.979373 -0.388274 -0.044205 -0.015163 -0.040902 0.337086
    15 1.435262 -0.000001 -0.000001 0.000000 0.000000 0.359278
    16 1.482593 -0.000001 0.000001 0.000000 0.000000 0.445026
    17 -2.975371 1.071532 -4.156022 -1.476896 1.056730 -4.833314
    18 4.972047 0.000000 0.000000 0.421014 -0.862120 -0.974155
    19 11.585358 0.000000 0.000001 0.000000 0.000000 -1.718934
    20 10.127058 0.000000 0.000001 1.716592 0.454286 0.528780
    21 1.537458 0.109715 1.664489 -3.079588 0.031470 0.928526
    22 0.928313 0.000000 0.000002 0.000000 0.000000 0.061034
    23 0.928311 0.000000 0.000001 0.000000 0.000000 0.671897
    24 2.686395 -0.427337 0.044204 -0.001208 0.043611 -0.052337
    25 1.435260 0.000000 0.000001 0.000000 0.000000 1.186618
    26 1.482593 0.000000 -0.000001 0.000000 0.000000 1.684243
    27 2.046984 0.000001 0.000000 0.337210 -0.127691 0.057901
    28 -0.000005 0.000007 3.713254 -0.099194 -3.045643 5.706110
    29 18.045723 0.000000 0.000000 0.000000 0.000000 -0.426052
    30 17.597597 0.000000 0.000000 -0.056493 -0.018567 -0.152496
    31 0.000005 -0.000003 -3.713254 0.808379 2.834110 6.180651
    32 18.045721 0.000000 0.000000 0.000000 0.000000 -0.779180
    33 17.597597 0.000000 0.000000 0.178961 0.127383 0.487664
  time 36
    0 0.438479 2.367411 0.368674 0.000000 0.000000 -1.571017
    1 -0.523457 -0.039064 0.000000 -1.570795 -1.570787 0.000000
    2 1.293670 0.684478 -0.000001 -0.061032 -0.010523 -0.052221
    3 5.309685 -0.003834 0.000000 -0.030069 -0.013591 -0.001190
    4 4.826790 -0.004591 0.000000 -0.072788 0.003943 0.061106
    5 5.792767 -0.005304 0.000000 -0.117676 0.008809 0.114801
    6 6.662322 -0.001452 0.000000 -0.091910 0.032655 0.231870
    7 -3.518356 0.356631 4.277124 1.035497 -1.269956 -4.394158
    8 4.827512 0.000000 -0.000002 -0.370050 0.863645 -0.772169
    9 11.140032 0.000000 0.000000 0.000000 0.000000 -1.745736
    10 10.314563 -0.000001 0.000001 -0.481625 -0.622452 -1.385377
    11 1.646836 0.445664 -1.699647 -0.392035 3.352851 -0.875707
    12 0.928312 0.000000 0.000000 0.000000 0.000000 0.593404
    13 0.928313 0.000000 -0.000001 0.000000 0.000000 1.204231
    14 2.979373 -0.388274 -0.044205 -0.009135 -0.042652 0.193211
    15 1.435262 -0.000001 -0.000001 0.000000 0.000000 0.077811
    16 1.482593 -0.000001 0.000001 0.000000 0.000000 0.445026
    17 -2.975371 1.071532 -4.156022 -1.461324 1.100241 -4.819235
    18 4.972047 0.000000 0.000000 0.536199 -0.995420 -1.035120
    19 11.585358 0.000000 0.000001 0.000000 0.000000 -1.812376
    20 10.127058 0.000000 0.000001 1.686298 0.500528 0.189834
    21 1.537458 0.109715 1.664489 -3.079588 0.031470 0.928526
    22 0.928313 0.000000 0.000002 0.000000 0.000000 0.061034
    23 0.928311 0.000000 0.000001 0.000000 0.000000 0.671897
    24 2.686395 -0.427337 0.044204 -0.001208 0.043611 -0.052337
    25 1.435260 0.000000 0.000001 0.000000 0.000000 1.186618
    26 1.482593 0.000000 -0.000001 0.000000 0.000000 1.684243
    27 2.046984 0.000001 0.000000 0.337210 -0.047324 -0.094110
    28 -0.000005 0.000007 3.713254 -0.099098 -3.045068 5.705056
    29 18.045723 0.000000 0.000000 0.000000 0.000000 -0.431456
    30 17.597597 0.000000 0.000000 -0.056341 -0.019059 -0.148141
    31 0.000005 -0.000003 -3.713254 0.808666 2.834877 6.182952
    32 18.045721 0.000000 0.000000 0.000000 0.000000 -0.777842
    33 17.597597 0.000000 0.000000 0.179096 0.128527 0.488403
  time 37
    0 0.438479 2.347879 0.368674 0.000000 0.000000 -1.571017
    1 -0.523457 -0.039064 0.000000 -1.570795 -1.570787 0.000000
    2 1.293670 0.684478 -0.000001 -0.061032 -0.010523 -0.052221
    3 5.309685 -0.003834 0.000000 -0.030069 -0.013591 -0.001190
    4 4.826790 -0.004591 0.000000 -0.077747 0.003595 0.057336
    5 5.792767 -0.005304 0.000000 -0.125141 0.008845 0.115071
    6 6.662322 -0.001452 0.000000 -0.091910 0.032655 0.231870
    7 -3.518356 0.356631 4.277124 1.019585 -1.279832 -4.379210
    8 4.827512 0.000000 -0.000002 -0.363832 0.848893 -0.805356
    9 11.140032 0.000000 0.000000 0.000000 0.000000 -1.736390
    10 10.314563 -0.000001 0.000001 -0.559531 -0.488782 -1.253109
    11 1.646836 0.445664 -1.699647 -0.392035 3.352851 -0.875707
    12 0.928312 0.000000 0.000000 0.000000 0.000000 0.593404
    13 0.928313 0.000000 -0.000001 0.000000 0.000000 1.204231
    14 2.979373 -0.388274 -0.044205 -0.008883 -0.042712 0.186914
    15 1.435262 -0.000001 -0.000001 0.000000 0.000000 0.150320
    16 1.482593 -0.000001 0.000001 0.000000 0.000000 0.445026
    17 -2.975371 1.071532 -4.156022 -1.442409 1.099110 -4.797876
    18 4.972047 0.000000 0.000000 0.496335 -1.007794 -1.004438
    19 11.585358 0.000000 0.000001 0.000000 0.000000 -1.803718
    20 10.127058 0.000000 0.000001 1.715890 0.499488 0.190384
    21 1.537458 0.109715 1.664489 -3.079588 0.031470 0.928526
    22 0.928313 0.000000 0.000002 0.000000 0.000000 0.061034
    23 0.928311 0.000000 0.000001 0.000000 0.000000 0.671897
    24 2.686395 -0.427337 0.044204 -0.001208 0.043611 -0.052337
    25 1.435260 0.000000 0.000001 0.000000 0.000000 1.186618
    26 1.482593 0.000000 -0.000001 0.000000 0.000000 1.684243
    27 2.046984 0.000001 0.000000 0.342423 -0.004957 -0.173553
    28 -0.000005 0.000007 3.713254 -0.099002 -3.044876 5.704768
    29 18.045723 0.000000 0.000000 0.000000 0.000000 -0.433158
    30 17.597597 0.000000 0.000000 -0.056265 -0.019182 -0.146811
    31 0.000005 -0.000003 -3.713254 0.808762 2.835165 6.183719
    32 18.045721 0.000000 0.000000 0.000000 0.000000 -0.777448
    33 17.597597 0.000000 0.000000 0.179096 0.128882 0.488587
  time 38
    0 0.438479 2.355692 0.368674 0.000000 0.000000 -1.571017
    1 -0.523457 -0.039064 0.000000 -1.570795 -1.570787 0.000000
    2 1.293670 0.684478 -0.000001 -0.061032 -0.010523 -0.052221
    3 5.309685 -0.003834 0.000000 -0.030069 -0.013591 -0.001190
    4 4.826790 -0.004591 0.000000 -0.084938 0.003979 0.062605
    5 5.792767 -0.005304 0.000000 -0.135915 0.008881 0.115340
    6 6.662322 -0.001452 0.000000 -0.091910 0.032655 0.231870
    7 -3.518356 0.356631 4.277124 1.023611 -1.294055 -4.385055
    8 4.827512 0.000000 -0.000002 -0.395958 0.793891 -0.893220
    9 11.140032 0.000000 0.000000 0.000000 0.000000 -1.729869
    10 10.314563 -0.000001 0.000001 -0.657909 -0.189874 -1.037752
    11 1.646836 0.445664 -1.699647 -0.392035 3.352851 -0.875707
    12 0.928312 0.000000 0.000000 0.000000 0.000000 0.593404
    13 0.928313 0.000000 -0.000001 0.000000 0.000000 1.204231
    14 2.979373 -0.388274 -0.044205 -0.008607 -0.042760 0.180617
    15 1.435262 -0.000001 -0.000001 0.000000 0.000000 0.305033
    16 1.482593 -0.000001 0.000001 0.000000 0.000000 0.445026
    17 -2.975371 1.071532 -4.156022 -1.411170 1.096770 -4.762820
    18 4.972047 0.000000 0.000000 0.437804 -1.009803 -0.957050
    19 11.585358 0.000000 0.000001 0.000000 0.000000 -1.791956
    20 10.127058 0.000000 0.000001 1.767642 0.498353 0.190934
    21 1.537458 0.109715 1.664489 -3.079588 0.031470 0.928526
    22 0.928313 0.000000 0.000002 0.000000 0.000000 0.061034
    23 0.928311 0.000000 0.000001 0.000000 0.000000 0.671897
    24 2.686395 -0.427337 0.044204 -0.001208 0.043611 -0.052337
    25 1.435260 0.000000 0.000001 0.000000 0.000000 1.186618
    26 1.482593 0.000000 -0.000001 0.000000 0.000000 1.684243
    27 2.046984 0.000001 0.000000 0.358321 0.004219 -0.185232
    28 -0.000005 0.000007 3.713254 -0.099002 -3.044972 5.704864
    29 18.045723 0.000000 0.000000 0.000000 0.000000 -0.432344
    30 17.597597 0.000000 0.000000 -0.056341 -0.019109 -0.147407
    31 0.000005 -0.000003 -3.713254 0.808666 2.834973 6.183336
    32 18.045721 0.000000 0.000000 0.000000 0.000000 -0.777527
    33 17.597597 0.000000 0.000000 0.179096 0.128744 0.488449
  time 39
    0 0.438479 2.367411 0.368674 0.000000 0.000000 -1.571017
    1 -0.523457 -0.039064 0.000000 -1.570795 -1.570787 0.000000
    2 1.293670 0.684478 -0.000001 -0.061032 -0.010523 -0.052221
    3 5.309685 -0.003834 0.000000 -0.030069 -0.013591 -0.001190
    4 4.826790 -0.004591 0.000000 -0.090203 0.004386 0.068007
    5 5.792767 -0.005304 0.000000 -0.143848 0.008929 0.115673
    6 6.662322 -0.001452 0.000000 -0.091910 0.032655 0.231870
    7 -3.518356 0.356631 4.277124 1.055243 -1.302452 -4.418304
    8 4.827512 0.000000 -0.000002 -0.465630 0.728231 -0.963580
    9 11.140032 0.000000 0.000000 0.000000 0.000000 -1.730883
    10 10.314563 -0.000001 0.000001 -0.720177 0.096857 -0.866175
    11 1.646836 0.445664 -1.699647 -0.392035 3.352851 -0.875707
    12 0.928312 0.000000 0.000000 0.000000 0.000000 0.593404
    13 0.928313 0.000000 -0.000001 0.000000 0.000000 1.204231
    14 2.979373 -0.388274 -0.044205 -0.009135 -0.042652 0.193211
    15 1.435262 -0.000001 -0.000001 0.000000 0.000000 0.448044
    16 1.482593 -0.000001 0.000001 0.000000 0.000000 0.445026
    17 -2.975371 1.071532 -4.156022 -1.391873 1.095061 -4.740982
    18 4.972047 0.000000 0.000000 0.399910 -1.013097 -0.928365
    19 11.585358 0.000000 0.000001 0.000000 0.000000 -1.782645
    20 10.127058 0.000000 0.000001 1.797655 0.496935 0.191384
    21 1.537458 0.109715 1.664489 -3.079588 0.031470 0.928526
    22 0.928313 0.000000 0.000002 0.000000 0.000000 0.061034
    23 0.928311 0.000000 0.000001 0.000000 0.000000 0.671897
    24 2.686395 -0.427337 0.044204 -0.001208 0.043611 -0.052337
    25 1.435260 0.000000 0.000001 0.000000 0.000000 1.186618
    26 1.482593 0.000000 -0.000001 0.000000 0.000000 1.684243
    27 2.046984 0.000001 0.000000 0.370039 0.011300 -0.185962
    28 -0.000005 0.000007 3.713254 -0.099098 -3.045163 5.705056
    29 18.045723 0.000000 0.000000 0.000000 0.000000 -0.431530
    30 17.597597 0.000000 0.000000 -0.056341 -0.018986 -0.148095
    31 0.000005 -0.000003 -3.713254 0.808666 2.834877 6.182952
    32 18.045721 0.000000 0.000000 0.000000 0.000000 -0.777842
    33 17.597597 0.000000 0.000000 0.179096 0.128586 0.488356
  time 40
    0 0.438479 2.363504 0.368674 0.000000 0.000000 -1.571017
    1 -0.523457 -0.039064 0.000000 -1.570795 -1.570787 0.000000
    2 1.293670 0.684478 -0.000001 -0.061032 -0.010523 -0.052221
    3 5.309685 -0.003834 0.000000 -0.026393 -0.013734 -0.001967
    4 4.826790 -0.004591 0.000000 -0.091156 0.004962 0.070498
    5 5.792767 -0.005304 0.000000 -0.144711 0.009540 0.114448
    6 6.662322 -0.001452 0.000000 -0.091910 0.032655 0.231870
    7 -3.518356 0.356631 4.277124 1.117068 -1.299850 -4.481065
    8 4.827512 0.000000 -0.000002 -0.603939 0.641678 -1.006645
    9 11.140032 0.000000 0.000000 0.000000 0.000000 -1.762111
    10 10.314563 -0.000001 0.000001 -0.729181 0.368413 -0.785641
    11 1.646836 0.445664 -1.699647 -0.392035 3.352851 -0.875707
    12 0.928312 0.000000 0.000000 0.000000 0.000000 0.593404
    13 0.928313 0.000000 -0.000001 0.000000 0.000000 1.204231
    14 2.979373 -0.388274 -0.044205 -0.011172 -0.042197 0.241025
    15 1.435262 -0.000001 -0.000001 0.000000 0.000000 0.566147
    16 1.482593 -0.000001 0.000001 0.000000 0.000000 0.445026
    17 -2.975371 1.071532 -4.156022 -1.394452 1.081285 -4.742323
    18 4.972047 0.000000 0.000000 0.442494 -0.996545 -0.958248
    19 11.585358 0.000000 0.000001 0.000000 0.000000 -1.726531
    20 10.127058 0.000000 0.000001 1.812030 0.487951 0.201189
    21 1.537458 0.109715 1.664489 -3.079588 0.031470 0.928526
    22 0.928313 0.000000 0.000002 0.000000 0.000000 0.061034
    23 0.928311 0.000000 0.000001 0.000000 0.000000 0.671897
    24 2.686395 -0.427337 0.044204 -0.001208 0.043611 -0.052337
    25 1.435260 0.000000 0.000001 0.000000 0.000000 1.186618
    26 1.482593 0.000000 -0.000001 0.000000 0.000000 1.684243
    27 2.046984 0.000001 0.000000 0.367799 0.015578 -0.173127
    28 -0.000005 0.000007 3.713254 -0.099002 -3.045068 5.704960
    29 18.045723 0.000000 0.000000 0.000000 0.000000 -0.432122
    30 17.597597 0.000000 0.000000 -0.056341 -0.019059 -0.147591
    31 0.000005 -0.000003 -3.713254 0.808666 2.834877 6.183240
    32 18.045721 0.000000 0.000000 0.000000 0.000000 -0.777527
    33 17.597597 0.000000 0.000000 0.179096 0.128685 0.488449
  time 41
    0 0.438479 2.355692 0.368674 0.000000 0.000000 -1.571017
    1 -0.523457 -0.039064 0.000000 -1.570795 -1.570787 0.000000
    2 1.293670 0.684478 -0.000001 -0.061032 -0.010523 -0.052221
    3 5.309685 -0.003834 0.000000 -0.022769 -0.013902 -0.002745
    4 4.826790 -0.004591 0.000000 -0.090203 0.005932 0.077841
    5 5.792767 -0.005304 0.000000 -0.142733 0.010235 0.113846
    6 6.662322 -0.001452 0.000000 -0.091910 0.032655 0.231870
    7 -3.518356 0.356631 4.277124 1.146687 -1.301565 -4.511535
    8 4.827512 0.000000 -0.000002 -0.737625 0.558365 -1.015917
    9 11.140032 0.000000 0.000000 0.000000 0.000000 -1.780079
    10 10.314563 -0.000001 0.000001 -0.737426 0.632381 -0.685772
    11 1.646836 0.445664 -1.699647 -0.392035 3.352851 -0.875707
    12 0.928312 0.000000 0.000000 0.000000 0.000000 0.593404
    13 0.928313 0.000000 -0.000001 0.000000 0.000000 1.204231
    14 2.979373 -0.388274 -0.044205 -0.013952 -0.041358 0.307816
    15 1.435262 -0.000001 -0.000001 0.000000 0.000000 0.672549
    16 1.482593 -0.000001 0.000001 0.000000 0.000000 0.445026
    17 -2.975371 1.071532 -4.156022 -1.399993 1.044137 -4.744143
    18 4.972047 0.000000 0.000000 0.545391 -0.944719 -1.027133
    19 11.585358 0.000000 0.000001 0.000000 0.000000 -1.574361
    20 10.127058 0.000000 0.000001 1.850669 0.462797 0.226950
    21 1.537458 0.109715 1.664489 -3.079588 0.031470 0.928526
    22 0.928313 0.000000 0.000002 0.000000 0.000000 0.061034
    23 0.928311 0.000000 0.000001 0.000000 0.000000 0.671897
    24 2.686395 -0.427337 0.044204 -0.001208 0.043611 -0.052337
    25 1.435260 0.000000 0.000001 0.000000 0.000000 1.186618
    26 1.482593 0.000000 -0.000001 0.000000 0.000000 1.684243
    27 2.046984 0.000001 0.000000 0.361380 0.007612 -0.135778
    28 -0.000005 0.000007 3.713254 -0.099002 -3.044972 5.704768
    29 18.045723 0.000000 0.000000 0.000000 0.000000 -0.432714
    30 17.597597 0.000000 0.000000 -0.056290 -0.019109 -0.147178
    31 0.000005 -0.000003 -3.713254 0.808666 2.834973 6.183431
    32 18.045721 0.000000 0.000000 0.000000 0.000000 -0.777527
    33 17.597597 0.000000 0.000000 0.179096 0.128803 0.488495
  time 42
    0 0.438479 2.367411 0.368674 0.000000 0.000000 -1.571017
    1 -0.523457 -0.039064 0.000000 -1.570795 -1.570787 0.000000
    2 1.293670 0.684478 -0.000001 -0.061032 -0.010523 -0.052221
    3 5.309685 -0.003834 0.000000 -0.030069 -0.013591 -0.001190
    4 4.826790 -0.004591 0.000000 -0.090050 0.006675 0.093318
    5 5.792767 -0.005304 0.000000 -0.143812 0.009396 0.118912
    6 6.662322 -0.001452 0.000000 -0.091910 0.032655 0.231870
    7 -3.518356 0.356631 4.277124 1.102211 -1.319041 -4.467842
    8 4.827512 0.000000 -0.000002 -0.786969 0.560924 -0.984723
    9 11.140032 0.000000 0.000000 0.000000 0.000000 -1.708133
    10 10.314563 -0.000001 0.000001 -0.917028 0.745631 -0.494743
    11 1.646836 0.445664 -1.699647 -0.392035 3.352851 -0.875707
    12 0.928312 0.000000 0.000000 0.000000 0.000000 0.593404
    13 0.928313 0.000000 -0.000001 0.000000 0.000000 1.204231
    14 2.979373 -0.388274 -0.044205 -0.016229 -0.040483 0.363663
    15 1.435262 -0.000001 -0.000001 0.000000 0.000000 0.713170
    16 1.482593 -0.000001 0.000001 0.000000 0.000000 0.445026
    17 -2.975371 1.071532 -4.156022 -1.400375 0.989216 -4.737055
    18 4.972047 0.000000 0.000000 0.649601 -0.870075 -1.107066
    19 11.585358 0.000000 0.000001 0.000000 0.000000 -1.341982
    20 10.127058 0.000000 0.000001 1.913009 0.422891 0.262715
    21 1.537458 0.109715 1.664489 -3.079588 0.031470 0.928526
    22 0.928313 0.000000 0.000002 0.000000 0.000000 0.061034
    23 0.928311 0.000000 0.000001 0.000000 0.000000 0.671897
    24 2.686395 -0.427337 0.044204 -0.001208 0.043611 -0.052337
    25 1.435260 0.000000 0.000001 0.000000 0.000000 1.186618
    26 1.482593 0.000000 -0.000001 0.000000 0.000000 1.684243
    27 2.046984 0.000001 0.000000 0.369565 -0.019620 -0.071117
    28 -0.000005 0.000007 3.713254 -0.099098 -3.045163 5.705056
    29 18.045723 0.000000 0.000000 0.000000 0.000000 -0.431530
    30 17.597597 0.000000 0.000000 -0.056341 -0.018986 -0.148095
    31 0.000005 -0.000003 -3.713254 0.808666 2.834877 6.182952
    32 18.045721 0.000000 0.000000 0.000000 0.000000 -0.777842
    33 17.597597 0.000000 0.000000 0.179096 0.128586 0.488356
  time 43
    0 0.450198 2.406474 0.368674 0.000000 0.000000 -1.571017
    1 -0.523457 -0.039064 0.000000 -1.570795 -1.570787 0.000000
    2 1.293670 0.684478 -0.000001 -0.061032 -0.010523 -0.052221
    3 5.309685 -0.003834 0.000000 -0.051868 -0.012524 0.003332
    4 4.826790 -0.004591 0.000000 -0.091805 0.006735 0.114551
    5 5.792767 -0.005304 0.000000 -0.150000 0.006484 0.130705
    6 6.662322 -0.001452 0.000000 -0.091910 0.032655 0.231870
    7 -3.518356 0.356631 4.277124 1.027541 -1.342016 -4.394253
    8 4.827512 0.000000 -0.000002 -0.680388 0.781441 -0.841663
    9 11.140032 0.000000 0.000000 0.000000 0.000000 -1.467588
    10 10.314563 -0.000001 0.000001 -1.816360 0.610743 -0.209014
    11 1.646836 0.445664 -1.699647 -0.392035 3.352851 -0.875707
    12 0.928312 0.000000 0.000000 0.000000 0.000000 0.593404
    13 0.928313 0.000000 -0.000001 0.000000 0.000000 1.204231
    14 2.979373 -0.388274 -0.044205 -0.016265 -0.040471 0.364402
    15 1.435262 -0.000001 -0.000001 0.000000 0.000000 0.521764
    16 1.482593 -0.000001 0.000001 0.000000 0.000000 0.445026
    17 -2.975371 1.071532 -4.156022 -1.399133 0.923201 -4.725179
    18 4.972047 0.000000 0.000000 0.728205 -0.774379 -1.191458
    19 11.585358 0.000000 0.000001 0.000000 0.000000 -1.058308
    20 10.127058 0.000000 0.000001 1.988532 0.372394 0.302082
    21 1.537458 0.109715 1.664489 -3.079588 0.031470 0.928526
    22 0.928313 0.000000 0.000002 0.000000 0.000000 0.061034
    23 0.928311 0.000000 0.000001 0.000000 0.000000 0.671897
    24 2.686395 -0.427337 0.044204 -0.001208 0.043611 -0.052337
    25 1.435260 0.000000 0.000001 0.000000 0.000000 1.186618
    26 1.482593 0.000000 -0.000001 0.000000 0.000000 1.684243
    27 2.046984 0.000001 0.000000 0.396104 -0.065380 0.004189
    28 -0.000005 0.000007 3.713254 -0.099194 -3.045547 5.705727
    29 18.045723 0.000000 0.000000 0.000000 0.000000 -0.428125
    30 17.597597 0.000000 0.000000 -0.056493 -0.018616 -0.150846
    31 0.000005 -0.000003 -3.713254 0.808474 2.834302 6.181418
    32 18.045721 0.000000 0.000000 0.000000 0.000000 -0.778629
    33 17.597597 0.000000 0.000000 0.178995 0.127876 0.487848
  time 44
    0 0.469730 2.453351 0.368674 0.000000 0.000000 -1.571017
    1 -0.523457 -0.039064 0.000000 -1.570795 -1.570787 0.000000
    2 1.293670 0.684478 -0.000001 -0.061032 -0.010523 -0.052221
    3 5.309685 -0.003834 0.000000 -0.081376 -0.010918 0.009426
    4 4.826790 -0.004591 0.000000 -0.094208 0.006508 0.138650
    5 5.792767 -0.005304 0.000000 -0.158436 0.002601 0.146111
    6 6.662322 -0.001452 0.000000 -0.091910 0.032655 0.231870
    7 -3.518356 0.356631 4.277124 0.926512 -1.365346 -4.294315
    8 4.827512 0.000000 -0.000002 -0.508120 0.992750 -0.690198
    9 11.140032 0.000000 0.000000 0.000000 0.000000 -1.159661
    10 10.314563 -0.000001 0.000001 -2.917755 0.590603 0.035839
    11 1.646836 0.445664 -1.699647 -0.392035 3.352851 -0.875707
    12 0.928312 0.000000 0.000000 0.000000 0.000000 0.593404
    13 0.928313 0.000000 -0.000001 0.000000 0.000000 1.204231
    14 2.979373 -0.388274 -0.044205 -0.017512 -0.039968 0.395452
    15 1.435262 -0.000001 -0.000001 0.000000 0.000000 0.396765
    16 1.482593 -0.000001 0.000001 0.000000 0.000000 0.445026
    17 -2.975371 1.071532 -4.156022 -1.398846 0.852795 -4.711386
    18 4.972047 0.000000 0.000000 0.767506 -0.669121 -1.266000
    19 11.585358 0.000000 0.000001 0.000000 0.000000 -0.753070
    20 10.127058 0.000000 0.000001 2.068193 0.316222 0.339999
    21 1.537458 0.109715 1.664489 -3.079588 0.031470 0.928526
    22 0.928313 0.000000 0.000002 0.000000 0.000000 0.061034
    23 0.928311 0.000000 0.000001 0.000000 0.000000 0.671897
    24 2.686395 -0.427337 0.044204 -0.001208 0.043611 -0.052337
    25 1.435260 0.000000 0.000001 0.000000 0.000000 1.186618
    26 1.482593 0.000000 -0.000001 0.000000 0.000000 1.684243
    27 2.046984 0.000001 0.000000 0.426607 -0.126983 0.079921
    28 -0.000005 0.000007 3.713254 -0.099290 -3.046218 5.706589
    29 18.045723 0.000000 0.000000 0.000000 0.000000 -0.423536
    30 17.597597 0.000000 0.000000 -0.056695 -0.018100 -0.154468
    31 0.000005 -0.000003 -3.713254 0.808187 2.833535 6.179501
    32 18.045721 0.000000 0.000000 0.000000 0.000000 -0.779731
    33 17.597597 0.000000 0.000000 0.178928 0.127008 0.487109
  time 45
    0 0.481449 2.515853 0.368674 0.000000 0.000000 -1.571017
    1 -0.523457 -0.039064 0.000000 -1.570795 -1.570787 0.000000
    2 1.293670 0.684478 -0.000001 -0.061032 -0.010523 -0.052221
    3 5.309685 -0.003834 0.000000 -0.113963 -0.008941 0.016138
    4 4.826790 -0.004591 0.000000 -0.096993 0.006124 0.162837
    5 5.792767 -0.005304 0.000000 -0.167844 -0.001510 0.162866
    6 6.662322 -0.001452 0.000000 -0.091910 0.032655 0.231870
    7 -3.518356 0.356631 4.277124 0.786662 -1.386399 -4.155666
    8 4.827512 0.000000 -0.000002 -0.588235 0.931097 -0.881002
    9 11.140032 0.000000 0.000000 0.000000 0.000000 -0.902017
    10 10.314563 -0.000001 0.000001 -3.445849 0.628541 0.033691
    11 1.646836 0.445664 -1.699647 -0.392035 3.352851 -0.875707
    12 0.928312 0.000000 0.000000 0.000000 0.000000 0.593404
    13 0.928313 0.000000 -0.000001 0.000000 0.000000 1.204231
    14 2.979373 -0.388274 -0.044205 -0.023840 -0.036528 0.560650
    15 1.435262 -0.000001 -0.000001 0.000000 0.000000 0.730179
    16 1.482593 -0.000001 0.000001 0.000000 0.000000 0.445026
    17 -2.975371 1.071532 -4.156022 -1.400375 0.784598 -4.697881
    18 4.972047 0.000000 0.000000 0.769007 -0.567880 -1.328163
    19 11.585358 0.000000 0.000001 0.000000 0.000000 -0.455347
    20 10.127058 0.000000 0.000001 2.144067 0.260430 0.373013
    21 1.537458 0.109715 1.664489 -3.079588 0.031470 0.928526
    22 0.928313 0.000000 0.000002 0.000000 0.000000 0.061034
    23 0.928311 0.000000 0.000001 0.000000 0.000000 0.671897
    24 2.686395 -0.427337 0.044204 -0.001208 0.043611 -0.052337
    25 1.435260 0.000000 0.000001 0.000000 0.000000 1.186618
    26 1.482593 0.000000 -0.000001 0.000000 0.000000 1.684243
    27 2.046984 0.000001 0.000000 0.453577 -0.197467 0.146345
    28 -0.000005 0.000007 3.713254 -0.099674 -3.046985 5.707644
    29 18.045723 0.000000 0.000000 0.000000 0.000000 -0.418429
    30 17.597597 0.000000 0.000000 -0.056923 -0.017435 -0.158456
    31 0.000005 -0.000003 -3.713254 0.807899 2.832577 6.177296
    32 18.045721 0.000000 0.000000 0.000000 0.000000 -0.781148
    33 17.597597 0.000000 0.000000 0.178861 0.126081 0.486232
  time 46
    0 0.500981 2.566636 0.368674 0.000000 0.000000 -1.571017
    1 -0.523457 -0.039064 0.000000 -1.570795 -1.570787 0.000000
    2 1.293670 0.684478 -0.000001 -0.061032 -0.010523 -0.052221
    3 5.309685 -0.003834 0.000000 -0.144968 -0.006831 0.022408
    4 4.826790 -0.004591 0.000000 -0.099759 0.005765 0.184356
    5 5.792767 -0.005304 0.000000 -0.176855 -0.005333 0.178667
    6 6.662322 -0.001452 0.000000 -0.091910 0.032655 0.231870
    7 -3.518356 0.356631 4.277124 0.678828 -1.401154 -4.049116
    8 4.827512 0.000000 -0.000002 -0.663887 0.752278 -1.091043
    9 11.140032 0.000000 0.000000 0.000000 0.000000 -0.662196
    10 10.314563 -0.000001 0.000001 -3.787233 0.614584 0.029452
    11 1.646836 0.445664 -1.699647 -0.392035 3.352851 -0.875707
    12 0.928312 0.000000 0.000000 0.000000 0.000000 0.593404
    13 0.928313 0.000000 -0.000001 0.000000 0.000000 1.204231
    14 2.979373 -0.388274 -0.044205 -0.030851 -0.030823 0.768363
    15 1.435262 -0.000001 -0.000001 0.000000 0.000000 1.204014
    16 1.482593 -0.000001 0.000001 0.000000 0.000000 0.445026
    17 -2.975371 1.071532 -4.156022 -1.403145 0.725234 -4.686004
    18 4.972047 0.000000 0.000000 0.744432 -0.482148 -1.377480
    19 11.585358 0.000000 0.000001 0.000000 0.000000 -0.194870
    20 10.127058 0.000000 0.000001 2.209142 0.210594 0.399024
    21 1.537458 0.109715 1.664489 -3.079588 0.031470 0.928526
    22 0.928313 0.000000 0.000002 0.000000 0.000000 0.061034
    23 0.928311 0.000000 0.000001 0.000000 0.000000 0.671897
    24 2.686395 -0.427337 0.044204 -0.001208 0.043611 -0.052337
    25 1.435260 0.000000 0.000001 0.000000 0.000000 1.186618
    26 1.482593 0.000000 -0.000001 0.000000 0.000000 1.684243
    27 2.046984 0.000001 0.000000 0.473180 -0.265738 0.196955
    28 -0.000005 0.000007 3.713254 -0.099865 -3.047848 5.708602
    29 18.045723 0.000000 0.000000 0.000000 0.000000 -0.413544
    30 17.597597 0.000000 0.000000 -0.057202 -0.016721 -0.162308
    31 0.000005 -0.000003 -3.713254 0.807516 2.831522 6.175187
    32 18.045721 0.000000 0.000000 0.000000 0.000000 -0.782250
    33 17.597597 0.000000 0.000000 0.178760 0.125233 0.485354
end
