version 1
nodes
  0 "Bip01" -1
  1 "Bip01 Pelvis" 0
  2 "Bip01 Spine" 1
  3 "Bip01 Spine1" 2
  4 "Bip01 Spine2" 3
  5 "Bip01 Spine3" 4
  6 "Bip01 Neck" 5
  7 "Bip01 L Arm" 6
  8 "Bip01 L Arm1" 7
  9 "Bip01 L Arm2" 8
  10 "Bip01 L Hand" 9
  11 "Bip01 L Finger0" 10
  12 "Bip01 L Finger01" 11
  13 "Bip01 L Finger02" 12
  14 "Bip01 L Finger1" 10
  15 "Bip01 L Finger11" 14
  16 "Bip01 L Finger12" 15
  17 "Bip01 R Arm" 6
  18 "Bip01 R Arm1" 17
  19 "Bip01 R Arm2" 18
  20 "Bip01 R Hand" 19
  21 "Bip01 R Finger0" 20
  22 "Bip01 R Finger01" 21
  23 "Bip01 R Finger02" 22
  24 "Bip01 R Finger1" 20
  25 "Bip01 R Finger11" 24
  26 "Bip01 R Finger12" 25
  27 "Bip01 Head" 6
  28 "Bip01 L Leg" 1
  29 "Bip01 L Leg1" 28
  30 "Bip01 L Foot" 29
  31 "Bip01 R Leg" 1
  32 "Bip01 R Leg1" 31
  33 "Bip01 R Foot" 32
end
skeleton
  time 0
    0 -0.096694 2.840081 1.540585 0.000000 0.000000 -1.571017
    1 0.191408 0.000000 0.000000 -1.570795 -1.570787 0.000000
    2 1.293670 0.684478 -0.000001 0.000266 0.025358 0.010374
    3 5.309685 -0.003834 0.000000 -0.073616 -0.036146 -0.007902
    4 4.826790 -0.004591 0.000000 -0.145976 -0.046332 -0.193419
    5 5.792767 -0.005304 0.000000 -0.172017 -0.069786 -0.070196
    6 6.662322 -0.001452 0.000000 0.000072 0.095988 0.471000
    7 -3.506637 1.516823 4.031023 1.299476 -1.381225 -4.925853
    8 4.827512 0.000000 -0.000002 -1.298673 0.574056 -1.615624
    9 11.140032 0.000000 0.000000 0.000000 0.000000 -0.999032
    10 10.314563 -0.000001 0.000001 -3.049115 0.302187 -0.161518
    11 1.646836 0.445664 -1.699647 0.993049 1.047208 -0.378175
    12 0.928312 0.000000 0.000000 0.000000 0.000000 1.029733
    13 0.928313 0.000000 -0.000001 0.000000 0.000000 0.410081
    14 2.979373 -0.388274 -0.044205 -0.270039 -0.127227 0.519437
    15 1.435262 -0.000001 -0.000001 0.000000 0.000000 0.767708
    16 1.482593 -0.000001 0.000001 0.000000 0.000000 0.495031
    17 -2.471449 1.399667 -4.390404 0.432117 1.255170 -3.213288
    18 4.972047 0.000000 0.000000 -0.530478 -1.058896 -0.328102
    19 11.585358 0.000000 0.000001 0.000000 0.000000 -2.015269
    20 10.127058 0.000000 0.000001 1.716662 0.502514 0.012007
    21 1.537458 0.109715 1.664489 -3.078535 -0.186288 0.914916
    22 0.928313 0.000000 0.000002 0.000000 0.000000 0.061034
    23 0.928311 0.000000 0.000001 0.000000 0.000000 0.671897
    24 2.686395 -0.427337 0.044204 0.006330 0.043192 0.122300
    25 1.435260 0.000000 0.000001 0.000000 0.000000 1.186618
    26 1.482593 0.000000 -0.000001 0.000000 0.000000 1.404984
    27 2.046984 0.000001 0.000000 0.359312 0.202748 -0.431041
    28 -0.000005 0.000007 3.713254 -0.108302 -3.067502 5.834370
    29 18.045723 0.000000 0.000000 0.000000 0.000000 -0.437229
    30 17.597597 0.000000 0.000000 -0.062219 -0.012021 -0.011838
    31 0.000005 -0.000003 -3.713254 0.557847 3.012710 -0.015293
    32 18.045721 0.000000 0.000000 0.000000 0.000000 -0.537909
    33 17.597597 0.000000 0.000000 0.062403 0.093360 0.458196
  time 1
    0 -0.096694 2.840081 1.540585 0.000000 0.000000 -1.571017
    1 0.191408 0.000000 0.000000 -1.570795 -1.570787 0.000000
    2 1.293670 0.684478 -0.000001 -0.000172 0.021547 -0.005731
    3 5.309685 -0.003834 0.000000 -0.119477 -0.047699 0.017728
    4 4.826790 -0.004591 0.000000 -0.176667 -0.022603 -0.136160
    5 5.792767 -0.005304 0.000000 -0.132660 -0.027864 -0.039218
    6 6.662322 -0.001452 0.000000 0.000120 0.159513 0.471000
    7 -3.752738 1.516823 3.796640 0.704804 -1.334269 -4.331492
    8 4.827512 0.000000 -0.000002 -1.256502 0.594521 -1.552889
    9 11.140032 0.000000 0.000000 0.000000 0.000000 -0.949111
    10 10.314563 -0.000001 0.000001 -2.537228 0.224813 0.125373
    11 1.646836 0.445664 -1.699647 0.993049 1.047208 -0.378175
    12 0.928312 0.000000 0.000000 0.000000 0.000000 1.029733
    13 0.928313 0.000000 -0.000001 0.000000 0.000000 0.410081
    14 2.979373 -0.388274 -0.044205 -0.274725 -0.116537 0.558001
    15 1.435262 -0.000001 -0.000001 0.000000 0.000000 0.906708
    16 1.482593 -0.000001 0.000001 0.000000 0.000000 0.608184
    17 -2.186284 1.399667 -4.538846 0.010057 1.338327 -3.609147
    18 4.972047 0.000000 0.000000 -0.375992 -1.006749 -0.430930
    19 11.585358 0.000000 0.000001 0.000000 0.000000 -1.976307
    20 10.127058 0.000000 0.000001 1.833699 0.460433 0.126707
    21 1.537458 0.109715 1.664489 -3.078535 -0.186288 0.914916
    22 0.928313 0.000000 0.000002 0.000000 0.000000 0.061034
    23 0.928311 0.000000 0.000001 0.000000 0.000000 0.671897
    24 2.686395 -0.427337 0.044204 0.006330 0.043192 0.122300
    25 1.435260 0.000000 0.000001 0.000000 0.000000 1.186618
    26 1.482593 0.000000 -0.000001 0.000000 0.000000 1.404984
    27 2.046984 0.000001 0.000000 0.421136 0.025993 -0.350078
    28 -0.000005 0.000007 3.713254 -0.108302 -3.067598 5.834370
    29 18.045723 0.000000 0.000000 0.000000 0.000000 -0.436933
    30 17.597597 0.000000 0.000000 -0.062219 -0.011996 -0.012067
    31 0.000005 -0.000003 -3.713254 0.557847 3.012615 -0.015485
    32 18.045721 0.000000 0.000000 0.000000 0.000000 -0.538224
    33 17.597597 0.000000 0.000000 0.062403 0.093321 0.458196
  time 2
    0 -0.096694 2.851801 1.540585 0.000000 0.000000 -1.571017
    1 0.191408 0.000000 0.000000 -1.570795 -1.570787 0.000000
    2 1.293670 0.684478 -0.000001 -0.000695 0.017293 -0.023761
    3 5.309685 -0.003834 0.000000 -0.171260 -0.059240 0.047032
    4 4.826790 -0.004591 0.000000 -0.211744 0.003200 -0.071448
    5 5.792767 -0.005304 0.000000 -0.088985 0.015149 -0.001243
    6 6.662322 -0.001452 0.000000 0.000180 0.230762 0.471000
    7 -4.018372 1.516823 3.523195 0.353886 -1.223917 -3.983289
    8 4.827512 0.000000 -0.000002 -1.210984 0.615669 -1.478110
    9 11.140032 0.000000 0.000000 0.000000 0.000000 -0.909045
    10 10.314563 -0.000001 0.000001 -2.119644 -0.100979 0.319827
    11 1.646836 0.445664 -1.699647 0.993049 1.047208 -0.378175
    12 0.928312 0.000000 0.000000 0.000000 0.000000 1.029733
    13 0.928313 0.000000 -0.000001 0.000000 0.000000 0.410081
    14 2.979373 -0.388274 -0.044205 -0.279471 -0.104385 0.601081
    15 1.435262 -0.000001 -0.000001 0.000000 0.000000 1.062549
    16 1.482593 -0.000001 0.000001 0.000000 0.000000 0.726306
    17 -1.858149 1.399667 -4.687288 -0.699745 1.353575 -4.283249
    18 4.972047 0.000000 0.000000 -0.251334 -0.928891 -0.505605
    19 11.585358 0.000000 0.000001 0.000000 0.000000 -1.934732
    20 10.127058 0.000000 0.000001 1.948562 0.396129 0.241906
    21 1.537458 0.109715 1.664489 -3.078535 -0.186288 0.914916
    22 0.928313 0.000000 0.000002 0.000000 0.000000 0.061034
    23 0.928311 0.000000 0.000001 0.000000 0.000000 0.671897
    24 2.686395 -0.427337 0.044204 0.006330 0.043192 0.122300
    25 1.435260 0.000000 0.000001 0.000000 0.000000 1.186618
    26 1.482593 0.000000 -0.000001 0.000000 0.000000 1.404984
    27 2.046984 0.000001 0.000000 0.454180 -0.176667 -0.277266
    28 -0.000005 0.000007 3.713254 -0.108302 -3.067598 5.834370
    29 18.045723 0.000000 0.000000 0.000000 0.000000 -0.436563
    30 17.597597 0.000000 0.000000 -0.062270 -0.011947 -0.012434
    31 0.000005 -0.000003 -3.713254 0.557847 3.012615 -0.015772
    32 18.045721 0.000000 0.000000 0.000000 0.000000 -0.538460
    33 17.597597 0.000000 0.000000 0.062370 0.093202 0.458149
  time 3
    0 -0.096694 2.855707 1.540585 0.000000 0.000000 -1.571017
    1 0.191408 0.000000 0.000000 -1.570795 -1.570787 0.000000
    2 1.293670 0.684478 -0.000001 -0.001116 0.013230 -0.040837
    3 5.309685 -0.003834 0.000000 -0.220592 -0.068732 0.075329
    4 4.826790 -0.004591 0.000000 -0.241729 0.027445 -0.009912
    5 5.792767 -0.005304 0.000000 -0.044897 0.053391 0.037501
    6 6.662322 -0.001452 0.000000 0.000240 0.298135 0.471000
    7 -4.241035 1.516823 3.238030 0.188443 -1.099638 -3.823464
    8 4.827512 0.000000 -0.000002 -1.175908 0.630336 -1.419188
    9 11.140032 0.000000 0.000000 0.000000 0.000000 -0.864124
    10 10.314563 -0.000001 0.000001 -1.798826 -0.538053 0.299447
    11 1.646836 0.445664 -1.699647 0.993049 1.047208 -0.378175
    12 0.928312 0.000000 0.000000 0.000000 0.000000 1.029733
    13 0.928313 0.000000 -0.000001 0.000000 0.000000 0.410081
    14 2.979373 -0.388274 -0.044205 -0.283474 -0.092688 0.641686
    15 1.435262 -0.000001 -0.000001 0.000000 0.000000 1.209990
    16 1.482593 -0.000001 0.000001 0.000000 0.000000 0.841970
    17 -1.533921 1.399667 -4.796666 -1.226220 1.283616 -4.769429
    18 4.972047 0.000000 0.000000 -0.172637 -0.839863 -0.537352
    19 11.585358 0.000000 0.000001 0.000000 0.000000 -1.894383
    20 10.127058 0.000000 0.000001 2.045753 0.320194 0.337647
    21 1.537458 0.109715 1.664489 -3.078535 -0.186288 0.914916
    22 0.928313 0.000000 0.000002 0.000000 0.000000 0.061034
    23 0.928311 0.000000 0.000001 0.000000 0.000000 0.671897
    24 2.686395 -0.427337 0.044204 0.006330 0.043192 0.122300
    25 1.435260 0.000000 0.000001 0.000000 0.000000 1.186618
    26 1.482593 0.000000 -0.000001 0.000000 0.000000 1.404984
    27 2.046984 0.000001 0.000000 0.440437 -0.379916 -0.211814
    28 -0.000005 0.000007 3.713254 -0.108302 -3.067598 5.834370
    29 18.045723 0.000000 0.000000 0.000000 0.000000 -0.436266
    30 17.597597 0.000000 0.000000 -0.062295 -0.011947 -0.012755
    31 0.000005 -0.000003 -3.713254 0.557847 3.012519 -0.016060
    32 18.045721 0.000000 0.000000 0.000000 0.000000 -0.538696
    33 17.597597 0.000000 0.000000 0.062370 0.093123 0.458149
  time 4
    0 -0.096694 2.855707 1.540585 0.000000 0.000000 -1.571017
    1 0.191408 0.000000 0.000000 -1.570795 -1.570787 0.000000
    2 1.293670 0.684478 -0.000001 -0.001352 0.010078 -0.053962
    3 5.309685 -0.003834 0.000000 -0.258812 -0.075083 0.097444
    4 4.826790 -0.004591 0.000000 -0.258152 0.045889 0.037823
    5 5.792767 -0.005304 0.000000 -0.005180 0.082478 0.069289
    6 6.662322 -0.001452 0.000000 0.000288 0.350157 0.471000
    7 -4.401196 1.516823 3.015367 0.110131 -0.998541 -3.751121
    8 4.827512 0.000000 -0.000002 -1.155660 0.636561 -1.398652
    9 11.140032 0.000000 0.000000 0.000000 0.000000 -0.799568
    10 10.314563 -0.000001 0.000001 -1.382284 -0.898879 -0.018102
    11 1.646836 0.445664 -1.699647 0.993049 1.047208 -0.378175
    12 0.928312 0.000000 0.000000 0.000000 0.000000 1.029733
    13 0.928313 0.000000 -0.000001 0.000000 0.000000 0.410081
    14 2.979373 -0.388274 -0.044205 -0.286218 -0.083544 0.673040
    15 1.435262 -0.000001 -0.000001 0.000000 0.000000 1.323747
    16 1.482593 -0.000001 0.000001 0.000000 0.000000 0.947697
    17 -1.280007 1.399667 -4.866981 -1.464955 1.201222 -4.972866
    18 4.972047 0.000000 0.000000 -0.128551 -0.761442 -0.536553
    19 11.585358 0.000000 0.000001 0.000000 0.000000 -1.859750
    20 10.127058 0.000000 0.000001 2.118402 0.249649 0.401975
    21 1.537458 0.109715 1.664489 -3.078535 -0.186288 0.914916
    22 0.928313 0.000000 0.000002 0.000000 0.000000 0.061034
    23 0.928311 0.000000 0.000001 0.000000 0.000000 0.671897
    24 2.686395 -0.427337 0.044204 0.006330 0.043192 0.122300
    25 1.435260 0.000000 0.000001 0.000000 0.000000 1.186618
    26 1.482593 0.000000 -0.000001 0.000000 0.000000 1.404984
    27 2.046984 0.000001 0.000000 0.374089 -0.549266 -0.146606
    28 -0.000005 0.000007 3.713254 -0.108302 -3.067694 5.834370
    29 18.045723 0.000000 0.000000 0.000000 0.000000 -0.436044
    30 17.597597 0.000000 0.000000 -0.062295 -0.011923 -0.012938
    31 0.000005 -0.000003 -3.713254 0.557847 3.012423 -0.016252
    32 18.045721 0.000000 0.000000 0.000000 0.000000 -0.538775
    33 17.597597 0.000000 0.000000 0.062370 0.093084 0.458057
  time 5
    0 -0.084975 2.863520 1.540585 0.000000 0.000000 -1.571017
    1 0.191408 0.000000 0.000000 -1.570795 -1.570787 0.000000
    2 1.293670 0.684478 -0.000001 -0.001469 0.008592 -0.060340
    3 5.309685 -0.003834 0.000000 -0.277310 -0.077876 0.108201
    4 4.826790 -0.004591 0.000000 -0.253155 0.054446 0.060930
    5 5.792767 -0.005304 0.000000 0.024517 0.099244 0.085567
    6 6.662322 -0.001452 0.000000 0.000312 0.375226 0.471057
    7 -4.475417 1.516823 2.905988 0.081088 -0.948953 -3.725442
    8 4.827512 0.000000 -0.000002 -1.150877 0.631957 -1.433745
    9 11.140032 0.000000 0.000000 0.000000 0.000000 -0.700886
    10 10.314563 -0.000001 0.000001 -0.774768 -0.985151 -0.609825
    11 1.646836 0.445664 -1.699647 0.993049 1.047208 -0.378175
    12 0.928312 0.000000 0.000000 0.000000 0.000000 1.029733
    13 0.928313 0.000000 -0.000001 0.000000 0.000000 0.410081
    14 2.979373 -0.388274 -0.044205 -0.287441 -0.079085 0.688066
    15 1.435262 -0.000001 -0.000001 0.000000 0.000000 1.378619
    16 1.482593 -0.000001 0.000001 0.000000 0.000000 1.036061
    17 -1.158909 1.399667 -4.902138 -1.548067 1.157633 -5.037039
    18 4.972047 0.000000 0.000000 -0.101725 -0.716527 -0.519915
    19 11.585358 0.000000 0.000001 0.000000 0.000000 -1.835001
    20 10.127058 0.000000 0.000001 2.164964 0.204731 0.427836
    21 1.537458 0.109715 1.664489 -3.078535 -0.186288 0.914916
    22 0.928313 0.000000 0.000002 0.000000 0.000000 0.061034
    23 0.928311 0.000000 0.000001 0.000000 0.000000 0.671897
    24 2.686395 -0.427337 0.044204 0.006330 0.043192 0.122300
    25 1.435260 0.000000 0.000001 0.000000 0.000000 1.186618
    26 1.482593 0.000000 -0.000001 0.000000 0.000000 1.404984
    27 2.046984 0.000001 0.000000 0.265391 -0.652705 -0.079511
    28 -0.000005 0.000007 3.713254 -0.108302 -3.067790 5.834370
    29 18.045723 0.000000 0.000000 0.000000 0.000000 -0.435970
    30 17.597597 0.000000 0.000000 -0.062346 -0.011800 -0.012984
    31 0.000005 -0.000003 -3.713254 0.557847 3.012327 -0.016348
    32 18.045721 0.000000 0.000000 0.000000 0.000000 -0.538932
    33 17.597597 0.000000 0.000000 0.062370 0.093183 0.458057
  time 6
    0 -0.073256 2.851801 1.540585 0.000000 0.000000 -1.571017
    1 0.191408 0.000000 0.000000 -1.570795 -1.570787 0.000000
    2 1.293670 0.684478 -0.000001 -0.001537 0.008137 -0.062232
    3 5.309685 -0.003834 0.000000 -0.282824 -0.078667 0.111451
    4 4.826790 -0.004591 0.000000 -0.254242 0.056855 0.067919
    5 5.792767 -0.005304 0.000000 0.035904 0.121704 0.091443
    6 6.662322 -0.001452 0.000000 0.000312 0.382703 0.471057
    7 -4.502761 1.516823 2.866925 0.073132 -0.934050 -3.718639
    8 4.827512 0.000000 -0.000002 -1.170886 0.627352 -1.458267
    9 11.140032 0.000000 0.000000 0.000000 0.000000 -0.628940
    10 10.314563 -0.000001 0.000001 -0.626728 -0.979531 -0.761544
    11 1.646836 0.445664 -1.699647 0.993049 1.047208 -0.378175
    12 0.928312 0.000000 0.000000 0.000000 0.000000 1.029733
    13 0.928313 0.000000 -0.000001 0.000000 0.000000 0.410081
    14 2.979373 -0.388274 -0.044205 -0.287812 -0.077767 0.692626
    15 1.435262 -0.000001 -0.000001 0.000000 0.000000 1.394918
    16 1.482593 -0.000001 0.000001 0.000000 0.000000 1.056149
    17 -1.119846 1.399667 -4.909951 -1.521796 1.117329 -4.988191
    18 4.972047 0.000000 0.000000 -0.129208 -0.665023 -0.463942
    19 11.585358 0.000000 0.000001 0.000000 0.000000 -1.813111
    20 10.127058 0.000000 0.000001 2.165595 0.191776 0.437440
    21 1.537458 0.109715 1.664489 -3.078535 -0.186288 0.914916
    22 0.928313 0.000000 0.000002 0.000000 0.000000 0.061034
    23 0.928311 0.000000 0.000001 0.000000 0.000000 0.671897
    24 2.686395 -0.427337 0.044204 0.006330 0.043192 0.122300
    25 1.435260 0.000000 0.000001 0.000000 0.000000 1.186618
    26 1.482593 0.000000 -0.000001 0.000000 0.000000 1.404984
    27 2.046984 0.000001 0.000000 0.249493 -0.734459 -0.094779
    28 -0.000005 0.000007 3.713254 -0.108494 -3.068269 5.834274
    29 18.045723 0.000000 0.000000 0.000000 0.000000 -0.436785
    30 17.597597 0.000000 0.000000 -0.062447 -0.011307 -0.012250
    31 0.000005 -0.000003 -3.713254 0.557655 3.011944 -0.015868
    32 18.045721 0.000000 0.000000 0.000000 0.000000 -0.538460
    33 17.597597 0.000000 0.000000 0.062437 0.093774 0.457780
  time 7
    0 -0.053724 2.840081 1.540585 0.000000 0.000000 -1.571017
    1 0.191408 0.000000 0.000000 -1.570795 -1.570787 0.000000
    2 1.293670 0.684478 -0.000001 -0.001571 0.007693 -0.063973
    3 5.309685 -0.003834 0.000000 -0.287946 -0.079374 0.114436
    4 4.826790 -0.004591 0.000000 -0.268052 0.059252 0.074313
    5 5.792767 -0.005304 0.000000 0.027899 0.140855 0.096779
    6 6.662322 -0.001452 0.000000 0.000324 0.389630 0.471057
    7 -4.522293 1.516823 2.835674 0.066135 -0.920212 -3.712698
    8 4.827512 0.000000 -0.000002 -1.188504 0.624282 -1.434092
    9 11.140032 0.000000 0.000000 0.000000 0.000000 -0.586772
    10 10.314563 -0.000001 0.000001 -0.754012 -1.041729 -0.642108
    11 1.646836 0.445664 -1.699647 0.993049 1.047208 -0.378175
    12 0.928312 0.000000 0.000000 0.000000 0.000000 1.029733
    13 0.928313 0.000000 -0.000001 0.000000 0.000000 0.410081
    14 2.979373 -0.388274 -0.044205 -0.288136 -0.076557 0.696795
    15 1.435262 -0.000001 -0.000001 0.000000 0.000000 1.410088
    16 1.482593 -0.000001 0.000001 0.000000 0.000000 1.035527
    17 -1.088595 1.399667 -4.917764 -1.589337 1.131868 -5.067210
    18 4.972047 0.000000 0.000000 -0.157254 -0.675629 -0.481778
    19 11.585358 0.000000 0.000001 0.000000 0.000000 -1.796612
    20 10.127058 0.000000 0.000001 2.171135 0.189979 0.444694
    21 1.537458 0.109715 1.664489 -3.078535 -0.186288 0.914916
    22 0.928313 0.000000 0.000002 0.000000 0.000000 0.061034
    23 0.928311 0.000000 0.000001 0.000000 0.000000 0.671897
    24 2.686395 -0.427337 0.044204 0.006330 0.043192 0.122300
    25 1.435260 0.000000 0.000001 0.000000 0.000000 1.186618
    26 1.482593 0.000000 -0.000001 0.000000 0.000000 1.404984
    27 2.046984 0.000001 0.000000 0.519063 -0.792522 -0.367718
    28 -0.000005 0.000007 3.713254 -0.108590 -3.068653 5.834082
    29 18.045723 0.000000 0.000000 0.000000 0.000000 -0.437599
    30 17.597597 0.000000 0.000000 -0.062574 -0.010889 -0.011517
    31 0.000005 -0.000003 -3.713254 0.557655 3.011560 -0.015485
    32 18.045721 0.000000 0.000000 0.000000 0.000000 -0.538224
    33 17.597597 0.000000 0.000000 0.062470 0.094346 0.457549
  time 8
    0 -0.084975 2.863520 1.540585 0.000000 0.000000 -1.571017
    1 0.191408 0.000000 0.000000 -1.570795 -1.570787 0.000000
    2 1.293670 0.684478 -0.000001 -0.001571 0.007334 -0.065597
    3 5.309685 -0.003834 0.000000 -0.292676 -0.079997 0.117174
    4 4.826790 -0.004591 0.000000 -0.274842 0.061445 0.080200
    5 5.792767 -0.005304 0.000000 -0.023834 0.109479 0.099997
    6 6.662322 -0.001452 0.000000 0.000324 0.396021 0.471057
    7 -4.537919 1.516823 2.812235 0.060000 -0.907438 -3.707332
    8 4.827512 0.000000 -0.000002 -1.148087 0.602111 -1.345102
    9 11.140032 0.000000 0.000000 0.000000 0.000000 -0.517507
    10 10.314563 -0.000001 0.000001 -0.837321 -1.083413 -0.563490
    11 1.646836 0.445664 -1.699647 0.993049 1.047208 -0.378175
    12 0.928312 0.000000 0.000000 0.000000 0.000000 1.029733
    13 0.928313 0.000000 -0.000001 0.000000 0.000000 0.410081
    14 2.979373 -0.388274 -0.044205 -0.288412 -0.075394 0.700660
    15 1.435262 -0.000001 -0.000001 0.000000 0.000000 1.424089
    16 1.482593 -0.000001 0.000001 0.000000 0.000000 1.023506
    17 -1.057344 1.399667 -4.921670 3.543302 1.225225 -0.076006
    18 4.972047 0.000000 0.000000 0.194209 -0.944719 -1.099079
    19 11.585358 0.000000 0.000001 0.000000 0.000000 -1.811559
    20 10.127058 0.000000 0.000001 2.294413 0.194140 0.426786
    21 1.537458 0.109715 1.664489 -3.078535 -0.186288 0.914916
    22 0.928313 0.000000 0.000002 0.000000 0.000000 0.061034
    23 0.928311 0.000000 0.000001 0.000000 0.000000 0.671897
    24 2.686395 -0.427337 0.044204 0.006330 0.043192 0.122300
    25 1.435260 0.000000 0.000001 0.000000 0.000000 1.186618
    26 1.482593 0.000000 -0.000001 0.000000 0.000000 1.404984
    27 2.046984 0.000001 0.000000 0.880012 -0.716344 -0.703006
    28 -0.000005 0.000007 3.713254 -0.108302 -3.067790 5.834370
    29 18.045723 0.000000 0.000000 0.000000 0.000000 -0.435970
    30 17.597597 0.000000 0.000000 -0.062346 -0.011750 -0.013030
    31 0.000005 -0.000003 -3.713254 0.557847 3.012327 -0.016444
    32 18.045721 0.000000 0.000000 0.000000 0.000000 -0.539011
    33 17.597597 0.000000 0.000000 0.062370 0.093183 0.458057
  time 9
    0 -0.151383 2.902583 1.540585 0.000000 0.000000 -1.571017
    1 0.191408 0.000000 0.000000 -1.570795 -1.570787 0.000000
    2 1.293670 0.684478 -0.000001 -0.001571 0.006255 -0.067087
    3 5.309685 -0.003834 0.000000 -0.297271 -0.083257 0.125705
    4 4.826790 -0.004591 0.000000 -0.346886 0.070254 0.084212
    5 5.792767 -0.005304 0.000000 -0.035094 0.063974 0.094246
    6 6.662322 -0.001452 0.000000 0.000336 0.401889 0.471057
    7 -4.557451 1.516823 2.780984 0.073899 -0.900342 -3.722951
    8 4.827512 0.000000 -0.000002 -1.097467 0.629398 -1.133155
    9 11.140032 0.000000 0.000000 0.000000 0.000000 -0.523303
    10 10.314563 -0.000001 0.000001 -1.135582 -0.956019 0.060110
    11 1.646836 0.445664 -1.699647 0.993049 1.047208 -0.378175
    12 0.928312 0.000000 0.000000 0.000000 0.000000 1.029733
    13 0.928313 0.000000 -0.000001 0.000000 0.000000 0.410081
    14 2.979373 -0.388274 -0.044205 -0.288687 -0.074351 0.704134
    15 1.435262 -0.000001 -0.000001 0.000000 0.000000 1.436960
    16 1.482593 -0.000001 0.000001 0.000000 0.000000 1.010951
    17 -1.026093 1.399667 -4.933389 3.705324 1.236504 0.098314
    18 4.972047 0.000000 0.000000 0.186143 -0.950023 -1.140277
    19 11.585358 0.000000 0.000001 0.000000 0.000000 -1.830509
    20 10.127058 0.000000 0.000001 2.335015 0.210122 0.406627
    21 1.537458 0.109715 1.664489 -3.078535 -0.186288 0.914916
    22 0.928313 0.000000 0.000002 0.000000 0.000000 0.061034
    23 0.928311 0.000000 0.000001 0.000000 0.000000 0.671897
    24 2.686395 -0.427337 0.044204 0.006330 0.043192 0.122300
    25 1.435260 0.000000 0.000001 0.000000 0.000000 1.186618
    26 1.482593 0.000000 -0.000001 0.000000 0.000000 1.404984
    27 2.046984 0.000001 0.000000 1.162808 -0.563280 -0.911466
    28 -0.000005 0.000007 3.713254 -0.108110 -3.066352 5.834753
    29 18.045723 0.000000 0.000000 0.000000 0.000000 -0.432714
    30 17.597597 0.000000 0.000000 -0.062017 -0.013227 -0.016101
    31 0.000005 -0.000003 -3.713254 0.557847 3.013573 -0.018169
    32 18.045721 0.000000 0.000000 0.000000 0.000000 -0.540664
    33 17.597597 0.000000 0.000000 0.062202 0.091112 0.458750
  time 10
    0 -0.178728 2.906490 1.540585 0.000000 0.000000 -1.571017
    1 0.191408 0.000000 0.000000 -1.570795 -1.570787 0.000000
    2 1.293670 0.684478 -0.000001 -0.001638 0.006626 -0.068443
    3 5.309685 -0.003834 0.000000 -0.300947 -0.081124 0.122014
    4 4.826790 -0.004591 0.000000 -0.359189 0.067533 0.089614
    5 5.792767 -0.005304 0.000000 -0.017484 0.027792 0.101492
    6 6.662322 -0.001452 0.000000 0.000336 0.407236 0.471057
    7 -4.569170 1.516823 2.757546 0.049456 -0.885025 -3.698900
    8 4.827512 0.000000 -0.000002 -0.987298 0.691222 -0.983943
    9 11.140032 0.000000 0.000000 0.000000 0.000000 -0.578802
    10 10.314563 -0.000001 0.000001 -1.251398 -0.765208 0.522874
    11 1.646836 0.445664 -1.699647 0.993049 1.047208 -0.378175
    12 0.928312 0.000000 0.000000 0.000000 0.000000 1.029733
    13 0.928313 0.000000 -0.000001 0.000000 0.000000 0.410081
    14 2.979373 -0.388274 -0.044205 -0.288927 -0.073429 0.707348
    15 1.435262 -0.000001 -0.000001 0.000000 0.000000 1.448620
    16 1.482593 -0.000001 0.000001 0.000000 0.000000 0.998343
    17 -1.002655 1.399667 -4.933389 -2.199785 1.239448 -5.772248
    18 4.972047 0.000000 0.000000 0.106789 -0.906795 -0.993456
    19 11.585358 0.000000 0.000001 0.000000 0.000000 -1.850929
    20 10.127058 0.000000 0.000001 2.364537 0.229034 0.385418
    21 1.537458 0.109715 1.664489 -3.078535 -0.186288 0.914916
    22 0.928313 0.000000 0.000002 0.000000 0.000000 0.061034
    23 0.928311 0.000000 0.000001 0.000000 0.000000 0.671897
    24 2.686395 -0.427337 0.044204 0.006330 0.043192 0.122300
    25 1.435260 0.000000 0.000001 0.000000 0.000000 1.186618
    26 1.482593 0.000000 -0.000001 0.000000 0.000000 1.404984
    27 2.046984 0.000001 0.000000 1.268361 -0.477661 -0.969679
    28 -0.000005 0.000007 3.713254 -0.108015 -3.065585 5.834945
    29 18.045723 0.000000 0.000000 0.000000 0.000000 -0.432270
    30 17.597597 0.000000 0.000000 -0.061789 -0.013941 -0.016468
    31 0.000005 -0.000003 -3.713254 0.557943 3.014436 -0.018169
    32 18.045721 0.000000 0.000000 0.000000 0.000000 -0.540428
    33 17.597597 0.000000 0.000000 0.062168 0.090421 0.459119
  time 11
    0 -0.178728 2.808830 1.540585 0.000000 0.000000 -1.571017
    1 0.191408 0.000000 0.000000 -1.570795 -1.570787 0.000000
    2 1.293670 0.684478 -0.000001 -0.001672 0.010174 -0.069665
    3 5.309685 -0.003834 0.000000 -0.303465 -0.069918 0.093063
    4 4.826790 -0.004591 0.000000 -0.231658 0.035714 0.097662
    5 5.792767 -0.005304 0.000000 0.037127 0.008725 0.136685
    6 6.662322 -0.001452 0.000000 0.000348 0.412033 0.471057
    7 -4.580889 1.516823 2.738014 -0.163817 -0.801906 -3.487717
    8 4.827512 0.000000 -0.000002 -0.501025 0.833544 -0.886461
    9 11.140032 0.000000 0.000000 0.000000 0.000000 -0.810363
    10 10.314563 -0.000001 0.000001 -1.433464 -0.730456 0.693581
    11 1.646836 0.445664 -1.699647 0.993049 1.047208 -0.378175
    12 0.928312 0.000000 0.000000 0.000000 0.000000 1.029733
    13 0.928313 0.000000 -0.000001 0.000000 0.000000 0.410081
    14 2.979373 -0.388274 -0.044205 -0.289119 -0.072578 0.710214
    15 1.435262 -0.000001 -0.000001 0.000000 0.000000 1.459068
    16 1.482593 -0.000001 0.000001 0.000000 0.000000 0.985789
    17 -0.979216 1.399667 -4.941202 -1.831224 1.179296 -5.348995
    18 4.972047 0.000000 0.000000 0.104257 -0.793904 -0.719248
    19 11.585358 0.000000 0.000001 0.000000 0.000000 -1.870205
    20 10.127058 0.000000 0.000001 2.386065 0.248136 0.365209
    21 1.537458 0.109715 1.664489 -3.078535 -0.186288 0.914916
    22 0.928313 0.000000 0.000002 0.000000 0.000000 0.061034
    23 0.928311 0.000000 0.000001 0.000000 0.000000 0.671897
    24 2.686395 -0.427337 0.044204 0.006330 0.043192 0.122300
    25 1.435260 0.000000 0.000001 0.000000 0.000000 1.186618
    26 1.482593 0.000000 -0.000001 0.000000 0.000000 1.404984
    27 2.046984 0.000001 0.000000 1.168366 -0.531446 -0.894920
    28 -0.000005 0.000007 3.713254 -0.108110 -3.065201 5.834753
    29 18.045723 0.000000 0.000000 0.000000 0.000000 -0.437895
    30 17.597597 0.000000 0.000000 -0.061408 -0.014211 -0.010921
    31 0.000005 -0.000003 -3.713254 0.558230 3.015395 -0.013759
    32 18.045721 0.000000 0.000000 0.000000 0.000000 -0.536492
    33 17.597597 0.000000 0.000000 0.062303 0.091861 0.459350
  time 12
    0 -0.202166 2.660388 1.540585 0.000000 0.000000 -1.571017
    1 0.191408 0.000000 0.000000 -1.570795 -1.570787 0.000000
    2 1.293670 0.684478 -0.000001 -0.001756 0.014824 -0.070770
    3 5.309685 -0.003834 0.000000 -0.305848 -0.056232 0.055210
    4 4.826790 -0.004591 0.000000 -0.056632 -0.008605 0.099624
    5 5.792767 -0.005304 0.000000 0.105894 -0.009360 0.180453
    6 6.662322 -0.001452 0.000000 0.000348 0.416307 0.471057
    7 -4.596514 1.516823 2.718482 -0.465850 -0.597820 -3.219713
    8 4.827512 0.000000 -0.000002 0.691062 0.860320 -0.347236
    9 11.140032 0.000000 0.000000 0.000000 0.000000 -1.140606
    10 10.314563 -0.000001 0.000001 -1.779587 -0.693830 0.802972
    11 1.646836 0.445664 -1.699647 0.993049 1.047208 -0.378175
    12 0.928312 0.000000 0.000000 0.000000 0.000000 1.029733
    13 0.928313 0.000000 -0.000001 0.000000 0.000000 0.410081
    14 2.979373 -0.388274 -0.044205 -0.277242 -0.110293 0.580149
    15 1.435262 -0.000001 -0.000001 0.000000 0.000000 1.468471
    16 1.482593 -0.000001 0.000001 0.000000 0.000000 0.863927
    17 -0.959684 1.399667 -4.941202 -1.656018 1.083283 -5.112322
    18 4.972047 0.000000 0.000000 0.231354 -0.687923 -0.487436
    19 11.585358 0.000000 0.000001 0.000000 0.000000 -1.885561
    20 10.127058 0.000000 0.000001 2.403245 0.264969 0.348052
    21 1.537458 0.109715 1.664489 -3.078535 -0.186288 0.914916
    22 0.928313 0.000000 0.000002 0.000000 0.000000 0.061034
    23 0.928311 0.000000 0.000001 0.000000 0.000000 0.671897
    24 2.686395 -0.427337 0.044204 0.006330 0.043192 0.122300
    25 1.435260 0.000000 0.000001 0.000000 0.000000 1.186618
    26 1.482593 0.000000 -0.000001 0.000000 0.000000 1.404984
    27 2.046984 0.000001 0.000000 0.958121 -0.585614 -0.688711
    28 -0.000005 0.000007 3.713254 -0.108494 -3.063955 5.834849
    29 18.045723 0.000000 0.000000 0.000000 0.000000 -0.446258
    30 17.597597 0.000000 0.000000 -0.060623 -0.015343 -0.002760
    31 0.000005 -0.000003 -3.713254 0.558806 3.017887 -0.006761
    32 18.045721 0.000000 0.000000 0.000000 0.000000 -0.529801
    33 17.597597 0.000000 0.000000 0.062538 0.093557 0.459858
  time 13
    0 -0.213885 2.480695 1.540585 0.000000 0.000000 -1.571017
    1 0.191408 0.000000 0.000000 -1.570795 -1.570787 0.000000
    2 1.293670 0.684478 -0.000001 -0.001790 0.019474 -0.071724
    3 5.309685 -0.003834 0.000000 -0.308247 -0.039309 0.016632
    4 4.826790 -0.004591 0.000000 0.121370 -0.050323 0.093781
    5 5.792767 -0.005304 0.000000 0.173456 -0.023034 0.224117
    6 6.662322 -0.001452 0.000000 0.000348 0.420073 0.471057
    7 -4.608233 1.516823 2.702857 -0.673755 -0.380280 -3.082118
    8 4.827512 0.000000 -0.000002 1.461128 0.450238 -0.242649
    9 11.140032 0.000000 0.000000 0.000000 0.000000 -1.421145
    10 10.314563 -0.000001 0.000001 -2.085809 -0.645308 0.872009
    11 1.646836 0.445664 -1.699647 0.993049 1.047208 -0.378175
    12 0.928312 0.000000 0.000000 0.000000 0.000000 1.029733
    13 0.928313 0.000000 -0.000001 0.000000 0.000000 0.410081
    14 2.979373 -0.388274 -0.044205 -0.265773 -0.136024 0.487127
    15 1.435262 -0.000001 -0.000001 0.000000 0.000000 1.476704
    16 1.482593 -0.000001 0.000001 0.000000 0.000000 0.773266
    17 -0.940153 1.399667 -4.949015 -1.669297 0.945022 -5.059643
    18 4.972047 0.000000 0.000000 0.454313 -0.649757 -0.277720
    19 11.585358 0.000000 0.000001 0.000000 0.000000 -1.884826
    20 10.127058 0.000000 0.000001 2.406050 0.276600 0.336147
    21 1.537458 0.109715 1.664489 -3.078535 -0.186288 0.914916
    22 0.928313 0.000000 0.000002 0.000000 0.000000 0.061034
    23 0.928311 0.000000 0.000001 0.000000 0.000000 0.671897
    24 2.686395 -0.427337 0.044204 0.006330 0.043192 0.122300
    25 1.435260 0.000000 0.000001 0.000000 0.000000 1.186618
    26 1.482593 0.000000 -0.000001 0.000000 0.000000 1.404984
    27 2.046984 0.000001 0.000000 0.712807 -0.558648 -0.422525
    28 -0.000005 0.000007 3.713254 -0.108782 -3.062900 5.835041
    29 18.045723 0.000000 0.000000 0.000000 0.000000 -0.456250
    30 17.597597 0.000000 0.000000 -0.059837 -0.016131 0.007326
    31 0.000005 -0.000003 -3.713254 0.559381 3.020380 0.001963
    32 18.045721 0.000000 0.000000 0.000000 0.000000 -0.521378
    33 17.597597 0.000000 0.000000 0.062839 0.096062 0.460043
  time 14
    0 -0.151383 2.312722 1.540585 0.000000 0.000000 -1.571017
    1 0.191408 0.000000 0.000000 -1.570795 -1.570787 0.000000
    2 1.293670 0.684478 -0.000001 -0.001891 0.023009 -0.072561
    3 5.309685 -0.003834 0.000000 -0.310561 -0.018528 -0.014456
    4 4.826790 -0.004591 0.000000 0.257637 -0.074988 0.086638
    5 5.792767 -0.005304 0.000000 0.225152 -0.026642 0.259932
    6 6.662322 -0.001452 0.000000 0.000348 0.423316 0.471057
    7 -4.612140 1.516823 2.687232 -0.672701 -0.374100 -3.084609
    8 4.827512 0.000000 -0.000002 1.476194 0.468658 -0.442031
    9 11.140032 0.000000 0.000000 0.000000 0.000000 -1.357024
    10 10.314563 -0.000001 0.000001 -2.095571 -0.652521 0.886119
    11 1.646836 0.445664 -1.699647 0.993049 1.047208 -0.378175
    12 0.928312 0.000000 0.000000 0.000000 0.000000 1.029733
    13 0.928313 0.000000 -0.000001 0.000000 0.000000 0.410081
    14 2.979373 -0.388274 -0.044205 -0.289622 -0.070528 0.717032
    15 1.435262 -0.000001 -0.000001 0.000000 0.000000 1.483767
    16 1.482593 -0.000001 0.000001 0.000000 0.000000 0.948017
    17 -0.920621 1.399667 -4.952921 -1.708179 0.833498 -5.048341
    18 4.972047 0.000000 0.000000 0.621180 -0.655461 -0.104742
    19 11.585358 0.000000 0.000001 0.000000 0.000000 -1.886133
    20 10.127058 0.000000 0.000001 2.395111 0.276600 0.338498
    21 1.537458 0.109715 1.664489 -3.078535 -0.186288 0.914916
    22 0.928313 0.000000 0.000002 0.000000 0.000000 0.061034
    23 0.928311 0.000000 0.000001 0.000000 0.000000 0.671897
    24 2.686395 -0.427337 0.044204 0.006330 0.043192 0.122300
    25 1.435260 0.000000 0.000001 0.000000 0.000000 1.186618
    26 1.482593 0.000000 -0.000001 0.000000 0.000000 1.404984
    27 2.046984 0.000001 0.000000 0.533496 -0.479579 -0.206278
    28 -0.000005 0.000007 3.713254 -0.109357 -3.063763 5.834945
    29 18.045723 0.000000 0.000000 0.000000 0.000000 -0.465946
    30 17.597597 0.000000 0.000000 -0.059685 -0.015097 0.017046
    31 0.000005 -0.000003 -3.713254 0.559668 3.020763 0.010016
    32 18.045721 0.000000 0.000000 0.000000 0.000000 -0.513349
    33 17.597597 0.000000 0.000000 0.063276 0.099987 0.459166
  time 15
    0 0.243160 2.269752 1.540585 0.000000 0.000000 -1.571017
    1 0.191408 0.000000 0.000000 -1.570795 -1.570787 0.000000
    2 1.293670 0.684478 -0.000001 -0.001891 0.023441 -0.073214
    3 5.309685 -0.003834 0.000000 -0.311889 0.021836 -0.026061
    4 4.826790 -0.004591 0.000000 0.282834 -0.042557 0.099249
    5 5.792767 -0.005304 0.000000 0.262603 0.016695 0.283083
    6 6.662322 -0.001452 0.000000 0.000360 0.426079 0.471057
    7 -4.619952 1.516823 2.675512 -0.773346 -0.569404 -2.875342
    8 4.827512 0.000000 -0.000002 1.252349 0.761573 -0.611433
    9 11.140032 0.000000 0.000000 0.000000 0.000000 -1.481064
    10 10.314563 -0.000001 0.000001 -2.240010 -0.553978 0.528390
    11 1.646836 0.445664 -1.699647 0.993049 1.047208 -0.378175
    12 0.928312 0.000000 0.000000 0.000000 0.000000 1.029733
    13 0.928313 0.000000 -0.000001 0.000000 0.000000 0.410081
    14 2.979373 -0.388274 -0.044205 -0.297987 -0.064165 0.737443
    15 1.435262 -0.000001 -0.000001 0.000000 0.000000 1.489785
    16 1.482593 -0.000001 0.000001 0.000000 0.000000 0.944545
    17 -0.908902 1.399667 -4.952921 -1.697288 0.817171 -5.020661
    18 4.972047 0.000000 0.000000 0.570248 -0.568443 0.053593
    19 11.585358 0.000000 0.000001 0.000000 0.000000 -1.904919
    20 10.127058 0.000000 0.000001 2.380665 0.263456 0.350853
    21 1.537458 0.109715 1.664489 -3.078535 -0.186288 0.914916
    22 0.928313 0.000000 0.000002 0.000000 0.000000 0.061034
    23 0.928311 0.000000 0.000001 0.000000 0.000000 0.671897
    24 2.686395 -0.427337 0.044204 0.006330 0.043192 0.122300
    25 1.435260 0.000000 0.000001 0.000000 0.000000 1.186618
    26 1.482593 0.000000 -0.000001 0.000000 0.000000 1.404984
    27 2.046984 0.000001 0.000000 0.386152 -0.528407 -0.061202
    28 -0.000005 0.000007 3.713254 -0.111178 -3.074501 5.833124
    29 18.045723 0.000000 0.000000 0.000000 0.000000 -0.472756
    30 17.597597 0.000000 0.000000 -0.062650 -0.004466 0.023189
    31 0.000005 -0.000003 -3.713254 0.558710 3.009643 0.011742
    32 18.045721 0.000000 0.000000 0.000000 0.000000 -0.511932
    33 17.597597 0.000000 0.000000 0.063947 0.110342 0.453484
  time 16
    0 0.606453 2.281471 1.540585 0.000000 0.000000 -1.571017
    1 0.191408 0.000000 0.000000 -1.570795 -1.570787 0.000000
    2 1.293670 0.684478 -0.000001 -0.001891 0.022230 -0.073800
    3 5.309685 -0.003834 0.000000 -0.312501 0.056148 -0.024488
    4 4.826790 -0.004591 0.000000 0.237933 -0.005225 0.113493
    5 5.792767 -0.005304 0.000000 0.224109 0.072051 0.286966
    6 6.662322 -0.001452 0.000000 0.000360 0.428333 0.471057
    7 -4.627765 1.516823 2.663793 -0.890287 -0.759681 -2.672591
    8 4.827512 0.000000 -0.000002 0.869389 1.021998 -0.749640
    9 11.140032 0.000000 0.000000 0.000000 0.000000 -1.600467
    10 10.314563 -0.000001 0.000001 -2.384449 -0.513886 0.284234
    11 1.646836 0.445664 -1.699647 0.993049 1.047208 -0.378175
    12 0.928312 0.000000 0.000000 0.000000 0.000000 1.029733
    13 0.928313 0.000000 -0.000001 0.000000 0.000000 0.410081
    14 2.979373 -0.388274 -0.044205 -0.289814 -0.069654 0.719985
    15 1.435262 -0.000001 -0.000001 0.000000 0.000000 1.494716
    16 1.482593 -0.000001 0.000001 0.000000 0.000000 0.910300
    17 -0.897183 1.399667 -4.952921 -1.673214 0.830842 -4.993267
    18 4.972047 0.000000 0.000000 0.429925 -0.454588 0.106105
    19 11.585358 0.000000 0.000001 0.000000 0.000000 -1.928116
    20 10.127058 0.000000 0.000001 2.362714 0.244827 0.365409
    21 1.537458 0.109715 1.664489 -3.078535 -0.186288 0.914916
    22 0.928313 0.000000 0.000002 0.000000 0.000000 0.061034
    23 0.928311 0.000000 0.000001 0.000000 0.000000 0.671897
    24 2.686395 -0.427337 0.044204 0.006330 0.043192 0.122300
    25 1.435260 0.000000 0.000001 0.000000 0.000000 1.186618
    26 1.482593 0.000000 -0.000001 0.000000 0.000000 1.404984
    27 2.046984 0.000001 0.000000 0.270604 -0.659314 0.013131
    28 -0.000005 0.000007 3.713254 -0.112808 -3.085047 5.831686
    29 18.045723 0.000000 0.000000 0.000000 0.000000 -0.475050
    30 17.597597 0.000000 0.000000 -0.065767 0.005944 0.025298
    31 0.000005 -0.000003 -3.713254 0.557560 2.998618 0.010975
    32 18.045721 0.000000 0.000000 0.000000 0.000000 -0.512483
    33 17.597597 0.000000 0.000000 0.064383 0.119375 0.447572
  time 17
    0 0.610359 2.269752 1.540585 0.000000 0.000000 -1.571017
    1 0.191408 0.000000 0.000000 -1.570795 -1.570787 0.000000
    2 1.293670 0.684478 -0.000001 -0.001907 0.021679 -0.074252
    3 5.309685 -0.003834 0.000000 -0.313369 0.061145 -0.021433
    4 4.826790 -0.004591 0.000000 0.189485 -0.017486 0.111310
    5 5.792767 -0.005304 0.000000 0.072688 0.092281 0.267719
    6 6.662322 -0.001452 0.000000 0.000360 0.430065 0.471057
    7 -4.631672 1.516823 2.652074 -0.765295 -0.900519 -2.815648
    8 4.827512 0.000000 -0.000002 0.633666 1.072566 -0.564468
    9 11.140032 0.000000 0.000000 0.000000 0.000000 -1.599888
    10 10.314563 -0.000001 0.000001 -2.394021 -0.519881 0.610318
    11 1.646836 0.445664 -1.699647 0.993049 1.047208 -0.378175
    12 0.928312 0.000000 0.000000 0.000000 0.000000 1.029733
    13 0.928313 0.000000 -0.000001 0.000000 0.000000 0.410081
    14 2.979373 -0.388274 -0.044205 -0.238963 -0.071044 0.721505
    15 1.435262 -0.000001 -0.000001 0.000000 0.000000 1.498603
    16 1.482593 -0.000001 0.000001 0.000000 0.000000 0.896249
    17 -0.893276 1.399667 -4.952921 -1.646752 0.847143 -4.965587
    18 4.972047 0.000000 0.000000 0.272437 -0.438196 0.000282
    19 11.585358 0.000000 0.000001 0.000000 0.000000 -1.955479
    20 10.127058 0.000000 0.000001 2.345113 0.229223 0.389220
    21 1.537458 0.109715 1.664489 -3.078535 -0.186288 0.914916
    22 0.928313 0.000000 0.000002 0.000000 0.000000 0.061034
    23 0.928311 0.000000 0.000001 0.000000 0.000000 0.671897
    24 2.686395 -0.427337 0.044204 0.006330 0.043192 0.122300
    25 1.435260 0.000000 0.000001 0.000000 0.000000 1.186618
    26 1.482593 0.000000 -0.000001 0.000000 0.000000 1.404984
    27 2.046984 0.000001 0.000000 0.299642 -0.760422 -0.024766
    28 -0.000005 0.000007 3.713254 -0.112808 -3.085143 5.831686
    29 18.045723 0.000000 0.000000 0.000000 0.000000 -0.475642
    30 17.597597 0.000000 0.000000 -0.065767 0.006092 0.025894
    31 0.000005 -0.000003 -3.713254 0.557560 2.998522 0.011454
    32 18.045721 0.000000 0.000000 0.000000 0.000000 -0.511932
    33 17.597597 0.000000 0.000000 0.064416 0.119711 0.447480
  time 18
    0 0.512700 2.269752 1.540585 0.000000 0.000000 -1.571017
    1 0.191408 0.000000 0.000000 -1.570795 -1.570787 0.000000
    2 1.293670 0.684478 -0.000001 -0.001907 0.021116 -0.074570
    3 5.309685 -0.003834 0.000000 -0.313999 0.057934 -0.016416
    4 4.826790 -0.004591 0.000000 0.131155 -0.042557 0.106128
    5 5.792767 -0.005304 0.000000 -0.123252 0.099400 0.237696
    6 6.662322 -0.001452 0.000000 0.000360 0.431302 0.471057
    7 -4.631672 1.516823 2.644261 -0.474764 -0.975211 -3.144304
    8 4.827512 0.000000 -0.000002 0.429272 1.043402 -0.284241
    9 11.140032 0.000000 0.000000 0.000000 0.000000 -1.560908
    10 10.314563 -0.000001 0.000001 -2.343790 -0.642592 0.997948
    11 1.646836 0.445664 -1.699647 0.993049 1.047208 -0.378175
    12 0.928312 0.000000 0.000000 0.000000 0.000000 1.029733
    13 0.928313 0.000000 -0.000001 0.000000 0.000000 0.410081
    14 2.979373 -0.388274 -0.044205 -0.178081 -0.072925 0.722721
    15 1.435262 -0.000001 -0.000001 0.000000 0.000000 1.501236
    16 1.482593 -0.000001 0.000001 0.000000 0.000000 0.884068
    17 -0.885463 1.399667 -4.952921 -1.633568 0.839729 -4.941355
    18 4.972047 0.000000 0.000000 0.082495 -0.476121 -0.129767
    19 11.585358 0.000000 0.000001 0.000000 0.000000 -1.987661
    20 10.127058 0.000000 0.000001 2.331789 0.225252 0.428987
    21 1.537458 0.109715 1.664489 -3.078535 -0.186288 0.914916
    22 0.928313 0.000000 0.000002 0.000000 0.000000 0.061034
    23 0.928311 0.000000 0.000001 0.000000 0.000000 0.671897
    24 2.686395 -0.427337 0.044204 0.006330 0.043192 0.122300
    25 1.435260 0.000000 0.000001 0.000000 0.000000 1.186618
    26 1.482593 0.000000 -0.000001 0.000000 0.000000 1.404984
    27 2.046984 0.000001 0.000000 0.445219 -0.845982 -0.147700
    28 -0.000005 0.000007 3.713254 -0.112521 -3.082267 5.832069
    29 18.045723 0.000000 0.000000 0.000000 0.000000 -0.475198
    30 17.597597 0.000000 0.000000 -0.064905 0.003262 0.025482
    31 0.000005 -0.000003 -3.713254 0.557847 3.001494 0.011742
    32 18.045721 0.000000 0.000000 0.000000 0.000000 -0.511932
    33 17.597597 0.000000 0.000000 0.064316 0.117304 0.449097
  time 19
    0 0.368164 2.269752 1.540585 0.000000 0.000000 -1.571017
    1 0.191408 0.000000 0.000000 -1.570795 -1.570787 0.000000
    2 1.293670 0.684478 -0.000001 -0.001907 0.020541 -0.074771
    3 5.309685 -0.003834 0.000000 -0.314390 0.051366 -0.010746
    4 4.826790 -0.004591 0.000000 0.069927 -0.070901 0.101212
    5 5.792767 -0.005304 0.000000 -0.316764 0.099065 0.204953
    6 6.662322 -0.001452 0.000000 0.000360 0.432099 0.471057
    7 -4.639484 1.516823 2.644261 -0.194298 -0.970480 -3.448336
    8 4.827512 0.000000 -0.000002 0.225356 0.989253 -0.046559
    9 11.140032 0.000000 0.000000 0.000000 0.000000 -1.530695
    10 10.314563 -0.000001 0.000001 -2.207028 -1.029271 0.943717
    11 1.646836 0.445664 -1.699647 0.993049 1.047208 -0.378175
    12 0.928312 0.000000 0.000000 0.000000 0.000000 1.029733
    13 0.928313 0.000000 -0.000001 0.000000 0.000000 0.410081
    14 2.979373 -0.388274 -0.044205 -0.130694 -0.074507 0.723416
    15 1.435262 -0.000001 -0.000001 0.000000 0.000000 1.502949
    16 1.482593 -0.000001 0.000001 0.000000 0.000000 0.872048
    17 -0.877651 1.399667 -4.952921 -1.667864 0.754337 -4.927945
    18 4.972047 0.000000 0.000000 -0.145810 -0.575915 -0.184742
    19 11.585358 0.000000 0.000001 0.000000 0.000000 -2.046307
    20 10.127058 0.000000 0.000001 2.337609 0.251351 0.542386
    21 1.537458 0.109715 1.664489 -3.078535 -0.186288 0.914916
    22 0.928313 0.000000 0.000002 0.000000 0.000000 0.061034
    23 0.928311 0.000000 0.000001 0.000000 0.000000 0.671897
    24 2.686395 -0.427337 0.044204 0.006330 0.043192 0.122300
    25 1.435260 0.000000 0.000001 0.000000 0.000000 1.186618
    26 1.482593 0.000000 -0.000001 0.000000 0.000000 1.404984
    27 2.046984 0.000001 0.000000 0.686914 -0.889529 -0.296427
    28 -0.000005 0.000007 3.713254 -0.111850 -3.078432 5.832548
    29 18.045723 0.000000 0.000000 0.000000 0.000000 -0.473940
    30 17.597597 0.000000 0.000000 -0.063816 -0.000578 0.024244
    31 0.000005 -0.000003 -3.713254 0.558230 3.005616 0.011646
    32 18.045721 0.000000 0.000000 0.000000 0.000000 -0.512168
    33 17.597597 0.000000 0.000000 0.064148 0.113774 0.451360
  time 20
    0 0.266598 2.273658 1.540585 0.000000 0.000000 -1.571017
    1 0.191408 0.000000 0.000000 -1.570795 -1.570787 0.000000
    2 1.293670 0.684478 -0.000001 -0.001891 0.019989 -0.074838
    3 5.309685 -0.003834 0.000000 -0.314441 0.046273 -0.005800
    4 4.826790 -0.004591 0.000000 0.012475 -0.092509 0.098522
    5 5.792767 -0.005304 0.000000 -0.461313 0.101989 0.175096
    6 6.662322 -0.001452 0.000000 0.000360 0.432374 0.471057
    7 -4.639484 1.516823 2.640355 -0.000195 -0.943099 -3.653099
    8 4.827512 0.000000 -0.000002 0.019766 0.962051 0.089396
    9 11.140032 0.000000 0.000000 0.000000 0.000000 -1.497221
    10 10.314563 -0.000001 0.000001 -1.536485 -1.344197 0.255725
    11 1.646836 0.445664 -1.699647 0.993049 1.047208 -0.378175
    12 0.928312 0.000000 0.000000 0.000000 0.000000 1.029733
    13 0.928313 0.000000 -0.000001 0.000000 0.000000 0.410081
    14 2.979373 -0.388274 -0.044205 -0.098228 -0.075658 0.723807
    15 1.435262 -0.000001 -0.000001 0.000000 0.000000 1.503576
    16 1.482593 -0.000001 0.000001 0.000000 0.000000 0.860241
    17 -0.877651 1.399667 -4.952921 -1.708370 0.664687 -4.920187
    18 4.972047 0.000000 0.000000 -0.350760 -0.667032 -0.191863
    19 11.585358 0.000000 0.000001 0.000000 0.000000 -2.091558
    20 10.127058 0.000000 0.000001 2.348198 0.295513 0.642079
    21 1.537458 0.109715 1.664489 -3.078535 -0.186288 0.914916
    22 0.928313 0.000000 0.000002 0.000000 0.000000 0.061034
    23 0.928311 0.000000 0.000001 0.000000 0.000000 0.671897
    24 2.686395 -0.427337 0.044204 0.006330 0.043192 0.122300
    25 1.435260 0.000000 0.000001 0.000000 0.000000 1.186618
    26 1.482593 0.000000 -0.000001 0.000000 0.000000 1.404984
    27 2.046984 0.000001 0.000000 0.929385 -0.902363 -0.416807
    28 -0.000005 0.000007 3.713254 -0.111274 -3.075460 5.832932
    29 18.045723 0.000000 0.000000 0.000000 0.000000 -0.472608
    30 17.597597 0.000000 0.000000 -0.062954 -0.003555 0.023098
    31 0.000005 -0.000003 -3.713254 0.558518 3.008684 0.011359
    32 18.045721 0.000000 0.000000 0.000000 0.000000 -0.512483
    33 17.597597 0.000000 0.000000 0.064014 0.111013 0.453023
  time 21
    0 0.262692 2.261939 1.540585 0.000000 0.000000 -1.571017
    1 0.191408 0.000000 0.000000 -1.570795 -1.570787 0.000000
    2 1.293670 0.684478 -0.000001 -0.001891 0.019582 -0.074771
    3 5.309685 -0.003834 0.000000 -0.314203 0.043228 -0.001914
    4 4.826790 -0.004591 0.000000 -0.039141 -0.097926 0.098456
    5 5.792767 -0.005304 0.000000 -0.472969 0.137847 0.146402
    6 6.662322 -0.001452 0.000000 0.000360 0.432168 0.471057
    7 -4.639484 1.516823 2.640355 0.043514 -1.005578 -3.699667
    8 4.827512 0.000000 -0.000002 -0.099730 1.048860 0.078305
    9 11.140032 0.000000 0.000000 0.000000 0.000000 -1.448677
    10 10.314563 -0.000001 0.000001 -1.124398 -1.339794 -0.194034
    11 1.646836 0.445664 -1.699647 0.993049 1.047208 -0.378175
    12 0.928312 0.000000 0.000000 0.000000 0.000000 1.029733
    13 0.928313 0.000000 -0.000001 0.000000 0.000000 0.410081
    14 2.979373 -0.388274 -0.044205 -0.096418 -0.075730 0.723633
    15 1.435262 -0.000001 -0.000001 0.000000 0.000000 1.503200
    16 1.482593 -0.000001 0.000001 0.000000 0.000000 0.848167
    17 -0.877651 1.399667 -4.952921 -1.710471 0.667000 -4.926030
    18 4.972047 0.000000 0.000000 -0.413511 -0.674344 -0.211896
    19 11.585358 0.000000 0.000001 0.000000 0.000000 -2.063623
    20 10.127058 0.000000 0.000001 2.327932 0.352913 0.586355
    21 1.537458 0.109715 1.664489 -3.078535 -0.186288 0.914916
    22 0.928313 0.000000 0.000002 0.000000 0.000000 0.061034
    23 0.928311 0.000000 0.000001 0.000000 0.000000 0.671897
    24 2.686395 -0.427337 0.044204 0.006330 0.043192 0.122300
    25 1.435260 0.000000 0.000001 0.000000 0.000000 1.186618
    26 1.482593 0.000000 -0.000001 0.000000 0.000000 1.404984
    27 2.046984 0.000001 0.000000 1.005814 -0.922396 -0.472587
    28 -0.000005 0.000007 3.713254 -0.111274 -3.075172 5.833028
    29 18.045723 0.000000 0.000000 0.000000 0.000000 -0.473496
    30 17.597597 0.000000 0.000000 -0.062853 -0.003777 0.023923
    31 0.000005 -0.000003 -3.713254 0.558710 3.009068 0.012221
    32 18.045721 0.000000 0.000000 0.000000 0.000000 -0.511617
    33 17.597597 0.000000 0.000000 0.064014 0.111151 0.453115
  time 22
    0 0.286130 2.250220 1.540585 0.000000 0.000000 -1.571017
    1 0.191408 0.000000 0.000000 -1.570795 -1.570787 0.000000
    2 1.293670 0.684478 -0.000001 -0.001891 0.019150 -0.074620
    3 5.309685 -0.003834 0.000000 -0.313624 0.039525 0.001954
    4 4.826790 -0.004591 0.000000 -0.084938 -0.093648 0.099117
    5 5.792767 -0.005304 0.000000 -0.404256 0.169414 0.132574
    6 6.662322 -0.001452 0.000000 0.000360 0.431508 0.471057
    7 -4.631672 1.516823 2.644261 0.033641 -1.089525 -3.689414
    8 4.827512 0.000000 -0.000002 -0.211174 1.141893 -0.047165
    9 11.140032 0.000000 0.000000 0.000000 0.000000 -1.431506
    10 10.314563 -0.000001 0.000001 -1.164678 -1.273380 -0.174698
    11 1.646836 0.445664 -1.699647 0.993049 1.047208 -0.378175
    12 0.928312 0.000000 0.000000 0.000000 0.000000 1.029733
    13 0.928313 0.000000 -0.000001 0.000000 0.000000 0.410081
    14 2.979373 -0.388274 -0.044205 -0.105922 -0.075418 0.723199
    15 1.435262 -0.000001 -0.000001 0.000000 0.000000 1.501696
    16 1.482593 -0.000001 0.000001 0.000000 0.000000 0.835933
    17 -0.885463 1.399667 -4.952921 -1.702829 0.693159 -4.935895
    18 4.972047 0.000000 0.000000 -0.396721 -0.656827 -0.222812
    19 11.585358 0.000000 0.000001 0.000000 0.000000 -2.019271
    20 10.127058 0.000000 0.000001 2.299462 0.395751 0.505570
    21 1.537458 0.109715 1.664489 -3.078535 -0.186288 0.914916
    22 0.928313 0.000000 0.000002 0.000000 0.000000 0.061034
    23 0.928311 0.000000 0.000001 0.000000 0.000000 0.671897
    24 2.686395 -0.427337 0.044204 0.006330 0.043192 0.122300
    25 1.435260 0.000000 0.000001 0.000000 0.000000 1.186618
    26 1.482593 0.000000 -0.000001 0.000000 0.000000 1.404984
    27 2.046984 0.000001 0.000000 0.977422 -0.927972 -0.476115
    28 -0.000005 0.000007 3.713254 -0.111370 -3.075652 5.833028
    29 18.045723 0.000000 0.000000 0.000000 0.000000 -0.474088
    30 17.597597 0.000000 0.000000 -0.062954 -0.003285 0.024611
    31 0.000005 -0.000003 -3.713254 0.558518 3.008684 0.012701
    32 18.045721 0.000000 0.000000 0.000000 0.000000 -0.511066
    33 17.597597 0.000000 0.000000 0.064047 0.111723 0.452838
  time 23
    0 0.250973 2.285377 1.540585 0.000000 0.000000 -1.571017
    1 0.191408 0.000000 0.000000 -1.570795 -1.570787 0.000000
    2 1.293670 0.684478 -0.000001 -0.001891 0.018611 -0.074319
    3 5.309685 -0.003834 0.000000 -0.312757 0.034384 0.007112
    4 4.826790 -0.004591 0.000000 -0.130678 -0.085882 0.099734
    5 5.792767 -0.005304 0.000000 -0.324607 0.150694 0.141149
    6 6.662322 -0.001452 0.000000 0.000360 0.430381 0.471057
    7 -4.631672 1.516823 2.652074 0.039775 -1.101175 -3.695834
    8 4.827512 0.000000 -0.000002 -0.342308 1.119466 -0.218473
    9 11.140032 0.000000 0.000000 0.000000 0.000000 -1.589817
    10 10.314563 -0.000001 0.000001 -1.229789 -1.147672 0.053258
    11 1.646836 0.445664 -1.699647 0.993049 1.047208 -0.378227
    12 0.928312 0.000000 0.000000 0.000000 0.000000 1.029733
    13 0.928313 0.000000 -0.000001 0.000000 0.000000 0.410081
    14 2.979373 -0.388274 -0.044205 -0.111843 -0.075286 0.722504
    15 1.435262 -0.000001 -0.000001 0.000000 0.000000 1.499272
    16 1.482593 -0.000001 0.000001 0.000000 0.000000 0.823752
    17 -0.885463 1.399667 -4.952921 -1.699103 0.704701 -4.940301
    18 4.972047 0.000000 0.000000 -0.353668 -0.665023 -0.239450
    19 11.585358 0.000000 0.000001 0.000000 0.000000 -1.992643
    20 10.127058 0.000000 0.000001 2.286349 0.405302 0.488813
    21 1.537458 0.109715 1.664489 -3.078535 -0.186288 0.914916
    22 0.928313 0.000000 0.000002 0.000000 0.000000 0.061034
    23 0.928311 0.000000 0.000001 0.000000 0.000000 0.671897
    24 2.686395 -0.427337 0.044204 0.006330 0.043192 0.122300
    25 1.435260 0.000000 0.000001 0.000000 0.000000 1.186618
    26 1.482593 0.000000 -0.000001 0.000000 0.000000 1.404984
    27 2.046984 0.000001 0.000000 0.940888 -0.881829 -0.461151
    28 -0.000005 0.000007 3.713254 -0.111178 -3.074980 5.833028
    29 18.045723 0.000000 0.000000 0.000000 0.000000 -0.471868
    30 17.597597 0.000000 0.000000 -0.062878 -0.003998 0.022273
    31 0.000005 -0.000003 -3.713254 0.558518 3.008972 0.010783
    32 18.045721 0.000000 0.000000 0.000000 0.000000 -0.513034
    33 17.597597 0.000000 0.000000 0.063947 0.110441 0.453300
  time 24
    0 0.211909 2.343973 1.540585 0.000000 0.000000 -1.571017
    1 0.191408 0.000000 0.000000 -1.570795 -1.570787 0.000000
    2 1.293670 0.684478 -0.000001 -0.001874 0.018108 -0.073934
    3 5.309685 -0.003834 0.000000 -0.311548 0.028907 0.012305
    4 4.826790 -0.004591 0.000000 -0.173004 -0.075922 0.099734
    5 5.792767 -0.005304 0.000000 -0.233337 0.114717 0.155247
    6 6.662322 -0.001452 0.000000 0.000360 0.428773 0.471057
    7 -4.627765 1.516823 2.663793 0.040926 -1.093546 -3.696601
    8 4.827512 0.000000 -0.000002 -0.532832 1.020037 -0.522010
    9 11.140032 0.000000 0.000000 0.000000 0.000000 -1.720595
    10 10.314563 -0.000001 0.000001 -1.296038 -0.999014 0.316808
    11 1.646836 0.445664 -1.699647 0.993049 1.047208 -0.378175
    12 0.928312 0.000000 0.000000 0.000000 0.000000 1.029733
    13 0.928313 0.000000 -0.000001 0.000000 0.000000 0.410081
    14 2.979373 -0.388274 -0.044205 -0.118398 -0.075178 0.721462
    15 1.435262 -0.000001 -0.000001 0.000000 0.000000 1.495761
    16 1.482593 -0.000001 0.000001 0.000000 0.000000 0.811571
    17 -0.897183 1.399667 -4.952921 -1.694422 0.716453 -4.943653
    18 4.972047 0.000000 0.000000 -0.288197 -0.676031 -0.260149
    19 11.585358 0.000000 0.000001 0.000000 0.000000 -1.966914
    20 10.127058 0.000000 0.000001 2.276882 0.405302 0.485611
    21 1.537458 0.109715 1.664489 -3.078535 -0.186288 0.914916
    22 0.928313 0.000000 0.000002 0.000000 0.000000 0.061034
    23 0.928311 0.000000 0.000001 0.000000 0.000000 0.671897
    24 2.686395 -0.427337 0.044204 0.006330 0.043192 0.122300
    25 1.435260 0.000000 0.000001 0.000000 0.000000 1.186618
    26 1.482593 0.000000 -0.000001 0.000000 0.000000 1.404984
    27 2.046984 0.000001 0.000000 0.881218 -0.823884 -0.435359
    28 -0.000005 0.000007 3.713254 -0.110795 -3.074118 5.833028
    29 18.045723 0.000000 0.000000 0.000000 0.000000 -0.468685
    30 17.597597 0.000000 0.000000 -0.062802 -0.004884 0.019063
    31 0.000005 -0.000003 -3.713254 0.558422 3.009355 0.008291
    32 18.045721 0.000000 0.000000 0.000000 0.000000 -0.515553
    33 17.597597 0.000000 0.000000 0.063779 0.108705 0.453900
  time 25
    0 0.188471 2.367411 1.540585 0.000000 0.000000 -1.571017
    1 0.191408 0.000000 0.000000 -1.570795 -1.570787 0.000000
    2 1.293670 0.684478 -0.000001 -0.001857 0.017856 -0.073398
    3 5.309685 -0.003834 0.000000 -0.310119 0.025935 0.014689
    4 4.826790 -0.004591 0.000000 -0.194730 -0.070433 0.098500
    5 5.792767 -0.005304 0.000000 -0.181604 0.091167 0.161891
    6 6.662322 -0.001452 0.000000 0.000360 0.426725 0.471057
    7 -4.619952 1.516823 2.671606 0.042651 -1.090383 -3.697846
    8 4.827512 0.000000 -0.000002 -0.293442 0.744603 -0.439692
    9 11.140032 0.000000 0.000000 0.000000 0.000000 -1.659589
    10 10.314563 -0.000001 0.000001 -1.521700 -0.952553 0.586686
    11 1.646836 0.445664 -1.699647 2.696939 0.927155 1.477319
    12 0.928312 0.000000 0.000000 0.000000 0.000000 1.019541
    13 0.928313 0.000000 -0.000001 0.000000 0.000000 0.476238
    14 2.979373 -0.388274 -0.044205 -0.122053 -0.075214 0.720159
    15 1.435262 -0.000001 -0.000001 0.000000 0.000000 1.491248
    16 1.482593 -0.000001 0.000001 0.000000 0.000000 0.804733
    17 -0.904995 1.399667 -4.952921 -1.689168 0.727179 -4.945760
    18 4.972047 0.000000 0.000000 -0.249083 -0.683744 -0.273127
    19 11.585358 0.000000 0.000001 0.000000 0.000000 -1.947965
    20 10.127058 0.000000 0.000001 2.270150 0.401898 0.488012
    21 1.537458 0.109715 1.664489 -3.078535 -0.186288 0.914916
    22 0.928313 0.000000 0.000002 0.000000 0.000000 0.061034
    23 0.928311 0.000000 0.000001 0.000000 0.000000 0.671897
    24 2.686395 -0.427337 0.044204 0.006330 0.043192 0.122300
    25 1.435260 0.000000 0.000001 0.000000 0.000000 1.186618
    26 1.482593 0.000000 -0.000001 0.000000 0.000000 1.404984
    27 2.046984 0.000001 0.000000 0.829045 -0.788067 -0.413644
    28 -0.000005 0.000007 3.713254 -0.110699 -3.073638 5.833124
    29 18.045723 0.000000 0.000000 0.000000 0.000000 -0.466835
    30 17.597597 0.000000 0.000000 -0.062726 -0.005401 0.017184
    31 0.000005 -0.000003 -3.713254 0.558422 3.009643 0.006757
    32 18.045721 0.000000 0.000000 0.000000 0.000000 -0.516970
    33 17.597597 0.000000 0.000000 0.063678 0.107660 0.454316
  time 26
    0 0.188471 2.379130 1.540585 0.000000 0.000000 -1.571017
    1 0.191408 0.000000 0.000000 -1.570795 -1.570787 0.000000
    2 1.293670 0.684478 -0.000001 -0.001806 0.017964 -0.072762
    3 5.309685 -0.003834 0.000000 -0.308383 0.025539 0.014266
    4 4.826790 -0.004591 0.000000 -0.197954 -0.069870 0.096185
    5 5.792767 -0.005304 0.000000 -0.169031 0.085163 0.161891
    6 6.662322 -0.001452 0.000000 0.000348 0.424210 0.471057
    7 -4.612140 1.516823 2.683325 0.044951 -1.089969 -3.700146
    8 4.827512 0.000000 -0.000002 -0.156807 0.567490 -0.421495
    9 11.140032 0.000000 0.000000 0.000000 0.000000 -1.604307
    10 10.314563 -0.000001 0.000001 -1.688791 -0.918175 0.761863
    11 1.646836 0.445664 -1.699647 -0.171461 2.852323 -1.275891
    12 0.928312 0.000000 0.000000 0.000000 0.000000 1.012223
    13 0.928313 0.000000 -0.000001 0.000000 0.000000 0.523564
    14 2.979373 -0.388274 -0.044205 -0.124870 -0.075310 0.718552
    15 1.435262 -0.000001 -0.000001 0.000000 0.000000 1.485731
    16 1.482593 -0.000001 0.000001 0.000000 0.000000 0.799444
    17 -0.916714 1.399667 -4.952921 -1.683722 0.735592 -4.946144
    18 4.972047 0.000000 0.000000 -0.243361 -0.687923 -0.272262
    19 11.585358 0.000000 0.000001 0.000000 0.000000 -1.942002
    20 10.127058 0.000000 0.000001 2.265382 0.401141 0.488062
    21 1.537458 0.109715 1.664489 -3.078535 -0.186288 0.914916
    22 0.928313 0.000000 0.000002 0.000000 0.000000 0.061034
    23 0.928311 0.000000 0.000001 0.000000 0.000000 0.671897
    24 2.686395 -0.427337 0.044204 0.006330 0.043192 0.122300
    25 1.435260 0.000000 0.000001 0.000000 0.000000 1.186618
    26 1.482593 0.000000 -0.000001 0.000000 0.000000 1.404984
    27 2.046984 0.000001 0.000000 0.781007 -0.779511 -0.389434
    28 -0.000005 0.000007 3.713254 -0.110699 -3.073542 5.833124
    29 18.045723 0.000000 0.000000 0.000000 0.000000 -0.466538
    30 17.597597 0.000000 0.000000 -0.062726 -0.005549 0.016863
    31 0.000005 -0.000003 -3.713254 0.558422 3.009739 0.006565
    32 18.045721 0.000000 0.000000 0.000000 0.000000 -0.517284
    33 17.597597 0.000000 0.000000 0.063678 0.107482 0.454316
  time 27
    0 0.188471 2.379130 1.540585 0.000000 0.000000 -1.571017
    1 0.191408 0.000000 0.000000 -1.570795 -1.570787 0.000000
    2 1.293670 0.684478 -0.000001 -0.001790 0.018144 -0.071992
    3 5.309685 -0.003834 0.000000 -0.306307 0.025899 0.012905
    4 4.826790 -0.004591 0.000000 -0.196695 -0.070278 0.093252
    5 5.792767 -0.005304 0.000000 -0.161404 0.080764 0.161185
    6 6.662322 -0.001452 0.000000 0.000348 0.421255 0.471057
    7 -4.608233 1.516823 2.695044 0.048594 -1.092157 -3.703020
    8 4.827512 0.000000 -0.000002 -0.145009 0.598785 -0.466380
    9 11.140032 0.000000 0.000000 0.000000 0.000000 -1.625971
    10 10.314563 -0.000001 0.000001 -1.728123 -0.914147 0.815920
    11 1.646836 0.445664 -1.699647 -0.144816 2.969725 -1.289525
    12 0.928312 0.000000 0.000000 0.000000 0.000000 1.012615
    13 0.928313 0.000000 -0.000001 0.000000 0.000000 0.521196
    14 2.979373 -0.388274 -0.044205 -0.127267 -0.075466 0.716728
    15 1.435262 -0.000001 -0.000001 0.000000 0.000000 1.479295
    16 1.482593 -0.000001 0.000001 0.000000 0.000000 0.794743
    17 -0.936246 1.399667 -4.949015 -1.678086 0.740561 -4.944132
    18 4.972047 0.000000 0.000000 -0.244486 -0.691779 -0.262013
    19 11.585358 0.000000 0.000001 0.000000 0.000000 -1.947883
    20 10.127058 0.000000 0.000001 2.263208 0.405018 0.484061
    21 1.537458 0.109715 1.664489 -3.078535 -0.186288 0.914916
    22 0.928313 0.000000 0.000002 0.000000 0.000000 0.061034
    23 0.928311 0.000000 0.000001 0.000000 0.000000 0.671897
    24 2.686395 -0.427337 0.044204 0.006330 0.043192 0.122300
    25 1.435260 0.000000 0.000001 0.000000 0.000000 1.186618
    26 1.482593 0.000000 -0.000001 0.000000 0.000000 1.404984
    27 2.046984 0.000001 0.000000 0.722027 -0.777888 -0.354944
    28 -0.000005 0.000007 3.713254 -0.110699 -3.073542 5.833124
    29 18.045723 0.000000 0.000000 0.000000 0.000000 -0.466464
    30 17.597597 0.000000 0.000000 -0.062726 -0.005549 0.016817
    31 0.000005 -0.000003 -3.713254 0.558422 3.009739 0.006469
    32 18.045721 0.000000 0.000000 0.000000 0.000000 -0.517284
    33 17.597597 0.000000 0.000000 0.063678 0.107443 0.454316
  time 28
    0 0.188471 2.375223 1.540585 0.000000 0.000000 -1.571017
    1 0.191408 0.000000 0.000000 -1.570795 -1.570787 0.000000
    2 1.293670 0.684478 -0.000001 -0.001790 0.018383 -0.071155
    3 5.309685 -0.003834 0.000000 -0.303959 0.026774 0.010856
    4 4.826790 -0.004591 0.000000 -0.191907 -0.071356 0.089769
    5 5.792767 -0.005304 0.000000 -0.157968 0.077708 0.159960
    6 6.662322 -0.001452 0.000000 0.000348 0.417833 0.471057
    7 -4.600421 1.516823 2.706763 0.052524 -1.095823 -3.706662
    8 4.827512 0.000000 -0.000002 -0.145886 0.655577 -0.523743
    9 11.140032 0.000000 0.000000 0.000000 0.000000 -1.656256
    10 10.314563 -0.000001 0.000001 -1.758546 -0.926044 0.862777
    11 1.646836 0.445664 -1.699647 -0.117514 3.061333 -1.325520
    12 0.928312 0.000000 0.000000 0.000000 0.000000 1.013617
    13 0.928313 0.000000 -0.000001 0.000000 0.000000 0.514511
    14 2.979373 -0.388274 -0.044205 -0.129316 -0.075706 0.714600
    15 1.435262 -0.000001 -0.000001 0.000000 0.000000 1.471856
    16 1.482593 -0.000001 0.000001 0.000000 0.000000 0.790682
    17 -0.947965 1.399667 -4.949015 -1.672450 0.742901 -4.940301
    18 4.972047 0.000000 0.000000 -0.251052 -0.695395 -0.244708
    19 11.585358 0.000000 0.000001 0.000000 0.000000 -1.959400
    20 10.127058 0.000000 0.000001 2.263699 0.410219 0.479809
    21 1.537458 0.109715 1.664489 -3.078535 -0.186288 0.914916
    22 0.928313 0.000000 0.000002 0.000000 0.000000 0.061034
    23 0.928311 0.000000 0.000001 0.000000 0.000000 0.671897
    24 2.686395 -0.427337 0.044204 0.006330 0.043192 0.122300
    25 1.435260 0.000000 0.000001 0.000000 0.000000 1.186618
    26 1.482593 0.000000 -0.000001 0.000000 0.000000 1.404984
    27 2.046984 0.000001 0.000000 0.654774 -0.780278 -0.312425
    28 -0.000005 0.000007 3.713254 -0.110699 -3.073542 5.833124
    29 18.045723 0.000000 0.000000 0.000000 0.000000 -0.466613
    30 17.597597 0.000000 0.000000 -0.062726 -0.005475 0.017000
    31 0.000005 -0.000003 -3.713254 0.558422 3.009739 0.006661
    32 18.045721 0.000000 0.000000 0.000000 0.000000 -0.517206
    33 17.597597 0.000000 0.000000 0.063678 0.107522 0.454316
  time 29
    0 0.192377 2.367411 1.540585 0.000000 0.000000 -1.571017
    1 0.191408 0.000000 0.000000 -1.570795 -1.570787 0.000000
    2 1.293670 0.684478 -0.000001 -0.001773 0.018743 -0.070184
    3 5.309685 -0.003834 0.000000 -0.301321 0.027972 0.008278
    4 4.826790 -0.004591 0.000000 -0.184544 -0.072974 0.085778
    5 5.792767 -0.005304 0.000000 -0.158040 0.075647 0.158216
    6 6.662322 -0.001452 0.000000 0.000348 0.414012 0.471057
    7 -4.588701 1.516823 2.726295 0.057316 -1.100702 -3.711165
    8 4.827512 0.000000 -0.000002 -0.162308 0.731300 -0.592890
    9 11.140032 0.000000 0.000000 0.000000 0.000000 -1.692266
    10 10.314563 -0.000001 0.000001 -1.783188 -0.947401 0.904641
    11 1.646836 0.445664 -1.699647 -0.088711 3.125908 -1.378920
    12 0.928312 0.000000 0.000000 0.000000 0.000000 1.015185
    13 0.928313 0.000000 -0.000001 0.000000 0.000000 0.504580
    14 2.979373 -0.388274 -0.044205 -0.131114 -0.075945 0.712255
    15 1.435262 -0.000001 -0.000001 0.000000 0.000000 1.463456
    16 1.482593 -0.000001 0.000001 0.000000 0.000000 0.786943
    17 -0.971404 1.399667 -4.941202 -1.666336 0.743847 -4.935225
    18 4.972047 0.000000 0.000000 -0.261652 -0.699413 -0.223277
    19 11.585358 0.000000 0.000001 0.000000 0.000000 -1.975001
    20 10.127058 0.000000 0.000001 2.265662 0.416555 0.475207
    21 1.537458 0.109715 1.664489 -3.078535 -0.186288 0.914916
    22 0.928313 0.000000 0.000002 0.000000 0.000000 0.061034
    23 0.928311 0.000000 0.000001 0.000000 0.000000 0.671897
    24 2.686395 -0.427337 0.044204 0.006330 0.043192 0.122300
    25 1.435260 0.000000 0.000001 0.000000 0.000000 1.186618
    26 1.482593 0.000000 -0.000001 0.000000 0.000000 1.404984
    27 2.046984 0.000001 0.000000 0.582955 -0.783848 -0.264492
    28 -0.000005 0.000007 3.713254 -0.110699 -3.073638 5.833124
    29 18.045723 0.000000 0.000000 0.000000 0.000000 -0.466983
    30 17.597597 0.000000 0.000000 -0.062726 -0.005401 0.017367
    31 0.000005 -0.000003 -3.713254 0.558422 3.009643 0.006853
    32 18.045721 0.000000 0.000000 0.000000 0.000000 -0.516970
    33 17.597597 0.000000 0.000000 0.063678 0.107719 0.454223
  time 30
    0 0.200190 2.363504 1.540585 0.000000 0.000000 -1.571017
    1 0.191408 0.000000 0.000000 -1.570795 -1.570787 0.000000
    2 1.293670 0.684478 -0.000001 -0.001705 0.019090 -0.069079
    3 5.309685 -0.003834 0.000000 -0.298360 0.029362 0.005434
    4 4.826790 -0.004591 0.000000 -0.175484 -0.074916 0.081368
    5 5.792767 -0.005304 0.000000 -0.160810 0.074197 0.155952
    6 6.662322 -0.001452 0.000000 0.000336 0.409724 0.471057
    7 -4.576982 1.516823 2.749733 0.062972 -1.106586 -3.716243
    8 4.827512 0.000000 -0.000002 -0.197861 0.817939 -0.674774
    9 11.140032 0.000000 0.000000 0.000000 0.000000 -1.731463
    10 10.314563 -0.000001 0.000001 -1.803849 -0.971381 0.942092
    11 1.646836 0.445664 -1.699647 -0.059908 3.162834 -1.445023
    12 0.928312 0.000000 0.000000 0.000000 0.000000 1.017145
    13 0.928313 0.000000 -0.000001 0.000000 0.000000 0.491975
    14 2.979373 -0.388274 -0.044205 -0.132840 -0.076281 0.709519
    15 1.435262 -0.000001 -0.000001 0.000000 0.000000 1.454095
    16 1.482593 -0.000001 0.000001 0.000000 0.000000 0.783417
    17 -0.990935 1.399667 -4.941202 -1.659266 0.745031 -4.929765
    18 4.972047 0.000000 0.000000 -0.274971 -0.703591 -0.200050
    19 11.585358 0.000000 0.000001 0.000000 0.000000 -1.992888
    20 10.127058 0.000000 0.000001 2.267836 0.423553 0.470355
    21 1.537458 0.109715 1.664489 -3.078535 -0.186288 0.914916
    22 0.928313 0.000000 0.000002 0.000000 0.000000 0.061034
    23 0.928311 0.000000 0.000001 0.000000 0.000000 0.671897
    24 2.686395 -0.427337 0.044204 0.006330 0.043192 0.122300
    25 1.435260 0.000000 0.000001 0.000000 0.000000 1.186618
    26 1.482593 0.000000 -0.000001 0.000000 0.000000 1.404984
    27 2.046984 0.000001 0.000000 0.510231 -0.786503 -0.214065
    28 -0.000005 0.000007 3.713254 -0.110699 -3.073734 5.833028
    29 18.045723 0.000000 0.000000 0.000000 0.000000 -0.467353
    30 17.597597 0.000000 0.000000 -0.062726 -0.005278 0.017734
    31 0.000005 -0.000003 -3.713254 0.558422 3.009643 0.007140
    32 18.045721 0.000000 0.000000 0.000000 0.000000 -0.516655
    33 17.597597 0.000000 0.000000 0.063712 0.107936 0.454177
  time 31
    0 0.200190 2.355692 1.540585 0.000000 0.000000 -1.571017
    1 0.191408 0.000000 0.000000 -1.570795 -1.570787 0.000000
    2 1.293670 0.684478 -0.000001 -0.001672 0.019498 -0.067907
    3 5.309685 -0.003834 0.000000 -0.295127 0.030728 0.002431
    4 4.826790 -0.004591 0.000000 -0.165718 -0.076917 0.076540
    5 5.792767 -0.005304 0.000000 -0.165559 0.073022 0.153316
    6 6.662322 -0.001452 0.000000 0.000336 0.405009 0.471057
    7 -4.565263 1.516823 2.769265 0.069106 -1.113299 -3.721801
    8 4.827512 0.000000 -0.000002 -0.256453 0.908073 -0.771129
    9 11.140032 0.000000 0.000000 0.000000 0.000000 -1.771167
    10 10.314563 -0.000001 0.000001 -1.820341 -0.991427 0.974026
    11 1.646836 0.445664 -1.699647 -0.034388 3.172021 -1.519183
    12 0.928312 0.000000 0.000000 0.000000 0.000000 1.019323
    13 0.928313 0.000000 -0.000001 0.000000 0.000000 0.477766
    14 2.979373 -0.388274 -0.044205 -0.134625 -0.076629 0.706653
    15 1.435262 -0.000001 -0.000001 0.000000 0.000000 1.443772
    16 1.482593 -0.000001 0.000001 0.000000 0.000000 0.779730
    17 -1.010467 1.399667 -4.933389 -1.651337 0.747712 -4.924210
    18 4.972047 0.000000 0.000000 -0.289791 -0.708171 -0.177620
    19 11.585358 0.000000 0.000001 0.000000 0.000000 -2.011266
    20 10.127058 0.000000 0.000001 2.268958 0.430551 0.465152
    21 1.537458 0.109715 1.664489 -3.078535 -0.186288 0.914916
    22 0.928313 0.000000 0.000002 0.000000 0.000000 0.061034
    23 0.928311 0.000000 0.000001 0.000000 0.000000 0.671897
    24 2.686395 -0.427337 0.044204 0.006330 0.043192 0.122300
    25 1.435260 0.000000 0.000001 0.000000 0.000000 1.186618
    26 1.482593 0.000000 -0.000001 0.000000 0.000000 1.404984
    27 2.046984 0.000001 0.000000 0.441126 -0.786621 -0.165402
    28 -0.000005 0.000007 3.713254 -0.110699 -3.073830 5.833028
    29 18.045723 0.000000 0.000000 0.000000 0.000000 -0.467723
    30 17.597597 0.000000 0.000000 -0.062777 -0.005180 0.018146
    31 0.000005 -0.000003 -3.713254 0.558422 3.009547 0.007428
    32 18.045721 0.000000 0.000000 0.000000 0.000000 -0.516340
    33 17.597597 0.000000 0.000000 0.063712 0.108153 0.454131
  time 32
    0 0.211909 2.355692 1.540585 0.000000 0.000000 -1.571017
    1 0.191408 0.000000 0.000000 -1.570795 -1.570787 0.000000
    2 1.293670 0.684478 -0.000001 -0.001672 0.019857 -0.066618
    3 5.309685 -0.003834 0.000000 -0.291587 0.031939 -0.000501
    4 4.826790 -0.004591 0.000000 -0.156028 -0.078895 0.071424
    5 5.792767 -0.005304 0.000000 -0.171549 0.071872 0.150222
    6 6.662322 -0.001452 0.000000 0.000336 0.399897 0.471057
    7 -4.545731 1.516823 2.792704 0.076104 -1.120543 -3.728317
    8 4.827512 0.000000 -0.000002 -0.341033 0.993858 -0.883515
    9 11.140032 0.000000 0.000000 0.000000 0.000000 -1.808553
    10 10.314563 -0.000001 0.000001 -1.831714 -1.000513 0.998355
    11 1.646836 0.445664 -1.699647 3.125609 -0.013035 1.544610
    12 0.928312 0.000000 0.000000 0.000000 0.000000 1.021544
    13 0.928313 0.000000 -0.000001 0.000000 0.000000 0.462640
    14 2.979373 -0.388274 -0.044205 -0.136555 -0.077000 0.703396
    15 1.435262 -0.000001 -0.000001 0.000000 0.000000 1.432572
    16 1.482593 -0.000001 0.000001 0.000000 0.000000 0.775670
    17 -1.041718 1.399667 -4.921670 -1.642071 0.753522 -4.919229
    18 4.972047 0.000000 0.000000 -0.304611 -0.713233 -0.158719
    19 11.585358 0.000000 0.000001 0.000000 0.000000 -2.028501
    20 10.127058 0.000000 0.000001 2.267696 0.437265 0.459550
    21 1.537458 0.109715 1.664489 -3.078535 -0.186288 0.914916
    22 0.928313 0.000000 0.000002 0.000000 0.000000 0.061034
    23 0.928311 0.000000 0.000001 0.000000 0.000000 0.671897
    24 2.686395 -0.427337 0.044204 0.006330 0.043192 0.122300
    25 1.435260 0.000000 0.000001 0.000000 0.000000 1.186618
    26 1.482593 0.000000 -0.000001 0.000000 0.000000 1.404984
    27 2.046984 0.000001 0.000000 0.380293 -0.783199 -0.122517
    28 -0.000005 0.000007 3.713254 -0.110795 -3.073926 5.833028
    29 18.045723 0.000000 0.000000 0.000000 0.000000 -0.468019
    30 17.597597 0.000000 0.000000 -0.062777 -0.005057 0.018376
    31 0.000005 -0.000003 -3.713254 0.558422 3.009451 0.007716
    32 18.045721 0.000000 0.000000 0.000000 0.000000 -0.516104
    33 17.597597 0.000000 0.000000 0.063712 0.108291 0.454039
  time 33
    0 0.211909 2.347879 1.540585 0.000000 0.000000 -1.571017
    1 0.191408 0.000000 0.000000 -1.570795 -1.570787 0.000000
    2 1.293670 0.684478 -0.000001 -0.001638 0.020253 -0.065212
    3 5.309685 -0.003834 0.000000 -0.287775 0.032742 -0.003133
    4 4.826790 -0.004591 0.000000 -0.147483 -0.080584 0.066045
    5 5.792767 -0.005304 0.000000 -0.177953 0.070350 0.146755
    6 6.662322 -0.001452 0.000000 0.000324 0.394344 0.471057
    7 -4.534012 1.516823 2.816142 0.083964 -1.128113 -3.735311
    8 4.827512 0.000000 -0.000002 -0.450405 1.067790 -1.009938
    9 11.140032 0.000000 0.000000 0.000000 0.000000 -1.841157
    10 10.314563 -0.000001 0.000001 -1.836737 -0.991989 1.012290
    11 1.646836 0.445664 -1.699647 3.133677 0.029279 1.467661
    12 0.928312 0.000000 0.000000 0.000000 0.000000 1.023984
    13 0.928313 0.000000 -0.000001 0.000000 0.000000 0.447476
    14 2.979373 -0.388274 -0.044205 -0.138832 -0.077444 0.699965
    15 1.435262 -0.000001 -0.000001 0.000000 0.000000 1.420411
    16 1.482593 -0.000001 0.000001 0.000000 0.000000 0.770969
    17 -1.065156 1.399667 -4.921670 -1.630989 0.763776 -4.915302
    18 4.972047 0.000000 0.000000 -0.318306 -0.719259 -0.145740
    19 11.585358 0.000000 0.000001 0.000000 0.000000 -2.042958
    20 10.127058 0.000000 0.000001 2.262647 0.442938 0.453447
    21 1.537458 0.109715 1.664489 -3.078535 -0.186288 0.914916
    22 0.928313 0.000000 0.000002 0.000000 0.000000 0.061034
    23 0.928311 0.000000 0.000001 0.000000 0.000000 0.671897
    24 2.686395 -0.427337 0.044204 0.006330 0.043192 0.122300
    25 1.435260 0.000000 0.000001 0.000000 0.000000 1.186618
    26 1.482593 0.000000 -0.000001 0.000000 0.000000 1.404984
    27 2.046984 0.000001 0.000000 0.332514 -0.775646 -0.089487
    28 -0.000005 0.000007 3.713254 -0.110795 -3.074022 5.833028
    29 18.045723 0.000000 0.000000 0.000000 0.000000 -0.468167
    30 17.597597 0.000000 0.000000 -0.062777 -0.005057 0.018513
    31 0.000005 -0.000003 -3.713254 0.558422 3.009451 0.007811
    32 18.045721 0.000000 0.000000 0.000000 0.000000 -0.515868
    33 17.597597 0.000000 0.000000 0.063745 0.108370 0.454039
  time 34
    0 0.211909 2.347879 1.540585 0.000000 0.000000 -1.571017
    1 0.191408 0.000000 0.000000 -1.570795 -1.570787 0.000000
    2 1.293670 0.684478 -0.000001 -0.001571 0.020565 -0.063705
    3 5.309685 -0.003834 0.000000 -0.283640 0.032994 -0.005323
    4 4.826790 -0.004591 0.000000 -0.140883 -0.081939 0.060489
    5 5.792767 -0.005304 0.000000 -0.184014 0.068120 0.142893
    6 6.662322 -0.001452 0.000000 0.000324 0.388379 0.471057
    7 -4.514480 1.516823 2.843486 0.092494 -1.135771 -3.743168
    8 4.827512 0.000000 -0.000002 -0.573727 1.124497 -1.138787
    9 11.140032 0.000000 0.000000 0.000000 0.000000 -1.866154
    10 10.314563 -0.000001 0.000001 -1.834841 -0.959110 1.013974
    11 1.646836 0.445664 -1.699647 3.127954 0.094032 1.394070
    12 0.928312 0.000000 0.000000 0.000000 0.000000 1.026162
    13 0.928313 0.000000 -0.000001 0.000000 0.000000 0.433114
    14 2.979373 -0.388274 -0.044205 -0.141540 -0.077959 0.696317
    15 1.435262 -0.000001 -0.000001 0.000000 0.000000 1.407330
    16 1.482593 -0.000001 0.000001 0.000000 0.000000 0.765413
    17 -1.096407 1.399667 -4.917764 -1.617519 0.780049 -4.912908
    18 4.972047 0.000000 0.000000 -0.329468 -0.726410 -0.141281
    19 11.585358 0.000000 0.000001 0.000000 0.000000 -2.052842
    20 10.127058 0.000000 0.000001 2.252689 0.447099 0.446694
    21 1.537458 0.109715 1.664489 -3.078535 -0.186288 0.914916
    22 0.928313 0.000000 0.000002 0.000000 0.000000 0.061034
    23 0.928311 0.000000 0.000001 0.000000 0.000000 0.671897
    24 2.686395 -0.427337 0.044204 0.006330 0.043192 0.122300
    25 1.435260 0.000000 0.000001 0.000000 0.000000 1.186618
    26 1.482593 0.000000 -0.000001 0.000000 0.000000 1.404984
    27 2.046984 0.000001 0.000000 0.302399 -0.763697 -0.070995
    28 -0.000005 0.000007 3.713254 -0.110795 -3.073926 5.833028
    29 18.045723 0.000000 0.000000 0.000000 0.000000 -0.468019
    30 17.597597 0.000000 0.000000 -0.062777 -0.005057 0.018467
    31 0.000005 -0.000003 -3.713254 0.558422 3.009451 0.007716
    32 18.045721 0.000000 0.000000 0.000000 0.000000 -0.516104
    33 17.597597 0.000000 0.000000 0.063745 0.108350 0.454039
  time 35
    0 0.200190 2.355692 1.540585 0.000000 0.000000 -1.571017
    1 0.191408 0.000000 0.000000 -1.570795 -1.570787 0.000000
    2 1.293670 0.684478 -0.000001 -0.001554 0.020792 -0.062081
    3 5.309685 -0.003834 0.000000 -0.279182 0.032478 -0.006843
    4 4.826790 -0.004591 0.000000 -0.137278 -0.082778 0.054910
    5 5.792767 -0.005304 0.000000 -0.189051 0.064944 0.138782
    6 6.662322 -0.001452 0.000000 0.000312 0.382002 0.471057
    7 -4.494949 1.516823 2.874737 0.101696 -1.143341 -3.751888
    8 4.827512 0.000000 -0.000002 -0.685809 1.162188 -1.244761
    9 11.140032 0.000000 0.000000 0.000000 0.000000 -1.881152
    10 10.314563 -0.000001 0.000001 -1.827923 -0.894945 1.002826
    11 1.646836 0.445664 -1.699647 3.106000 0.178307 1.325849
    12 0.928312 0.000000 0.000000 0.000000 0.000000 1.028122
    13 0.928313 0.000000 -0.000001 0.000000 0.000000 0.420356
    14 2.979373 -0.388274 -0.044205 -0.144848 -0.078474 0.692322
    15 1.435262 -0.000001 -0.000001 0.000000 0.000000 1.393372
    16 1.482593 -0.000001 0.000001 0.000000 0.000000 0.758735
    17 -1.127658 1.399667 -4.909951 -1.601756 0.803895 -4.912142
    18 4.972047 0.000000 0.000000 -0.336597 -0.735248 -0.148203
    19 11.585358 0.000000 0.000001 0.000000 0.000000 -2.056354
    20 10.127058 0.000000 0.000001 2.236491 0.448991 0.439191
    21 1.537458 0.109715 1.664489 -3.078535 -0.186288 0.914916
    22 0.928313 0.000000 0.000002 0.000000 0.000000 0.061034
    23 0.928311 0.000000 0.000001 0.000000 0.000000 0.671897
    24 2.686395 -0.427337 0.044204 0.006330 0.043192 0.122300
    25 1.435260 0.000000 0.000001 0.000000 0.000000 1.186618
    26 1.482593 0.000000 -0.000001 0.000000 0.000000 1.404984
    27 2.046984 0.000001 0.000000 0.293567 -0.746644 -0.070266
    28 -0.000005 0.000007 3.713254 -0.110699 -3.073830 5.833028
    29 18.045723 0.000000 0.000000 0.000000 0.000000 -0.467649
    30 17.597597 0.000000 0.000000 -0.062777 -0.005204 0.018009
    31 0.000005 -0.000003 -3.713254 0.558422 3.009547 0.007428
    32 18.045721 0.000000 0.000000 0.000000 0.000000 -0.516419
    33 17.597597 0.000000 0.000000 0.063712 0.108094 0.454131
  time 36
    0 0.188471 2.367411 1.540585 0.000000 0.000000 -1.571017
    1 0.191408 0.000000 0.000000 -1.570795 -1.570787 0.000000
    2 1.293670 0.684478 -0.000001 -0.001453 0.020960 -0.060357
    3 5.309685 -0.003834 0.000000 -0.274451 0.031064 -0.007478
    4 4.826790 -0.004591 0.000000 -0.137545 -0.082993 0.049288
    5 5.792767 -0.005304 0.000000 -0.192271 0.060510 0.134297
    6 6.662322 -0.001452 0.000000 0.000312 0.375226 0.471057
    7 -4.475417 1.516823 2.905988 0.111857 -1.150497 -3.760991
    8 4.827512 0.000000 -0.000002 -0.751097 1.181801 -1.292245
    9 11.140032 0.000000 0.000000 0.000000 0.000000 -1.883253
    10 10.314563 -0.000001 0.000001 -1.819772 -0.792748 0.980413
    11 1.646836 0.445664 -1.699647 3.065751 0.279278 1.263412
    12 0.928312 0.000000 0.000000 0.000000 0.000000 1.029733
    13 0.928313 0.000000 -0.000001 0.000000 0.000000 0.410081
    14 2.979373 -0.388274 -0.044205 -0.148863 -0.079085 0.688066
    15 1.435262 -0.000001 -0.000001 0.000000 0.000000 1.378619
    16 1.482593 -0.000001 0.000001 0.000000 0.000000 0.750721
    17 -1.158909 1.399667 -4.902138 -1.583032 0.835470 -4.912621
    18 4.972047 0.000000 0.000000 -0.339223 -0.745855 -0.166639
    19 11.585358 0.000000 0.000001 0.000000 0.000000 -2.053903
    20 10.127058 0.000000 0.000001 2.213981 0.448612 0.430888
    21 1.537458 0.109715 1.664489 -3.078535 -0.186288 0.914916
    22 0.928313 0.000000 0.000002 0.000000 0.000000 0.061034
    23 0.928311 0.000000 0.000001 0.000000 0.000000 0.671897
    24 2.686395 -0.427337 0.044204 0.006330 0.043192 0.122300
    25 1.435260 0.000000 0.000001 0.000000 0.000000 1.186618
    26 1.482593 0.000000 -0.000001 0.000000 0.000000 1.404984
    27 2.046984 0.000001 0.000000 0.308948 -0.722893 -0.089974
    28 -0.000005 0.000007 3.713254 -0.110699 -3.073638 5.833124
    29 18.045723 0.000000 0.000000 0.000000 0.000000 -0.466835
    30 17.597597 0.000000 0.000000 -0.062726 -0.005401 0.017184
    31 0.000005 -0.000003 -3.713254 0.558422 3.009643 0.006757
    32 18.045721 0.000000 0.000000 0.000000 0.000000 -0.516970
    33 17.597597 0.000000 0.000000 0.063678 0.107660 0.454316
  time 37
    0 0.168939 2.410381 1.540585 0.000000 0.000000 -1.571017
    1 0.191408 0.000000 0.000000 -1.570795 -1.570787 0.000000
    2 1.293670 0.684478 -0.000001 -0.001368 0.021068 -0.057310
    3 5.309685 -0.003834 0.000000 -0.265943 0.026774 -0.006648
    4 4.826790 -0.004591 0.000000 -0.147559 -0.083521 0.040425
    5 5.792767 -0.005304 0.000000 -0.197289 0.051090 0.126013
    6 6.662322 -0.001452 0.000000 0.000300 0.363200 0.471057
    7 -4.444166 1.516823 2.960677 0.130165 -1.162088 -3.777950
    8 4.827512 0.000000 -0.000002 -0.470174 1.122195 -0.908904
    9 11.140032 0.000000 0.000000 0.000000 0.000000 -1.812683
    10 10.314563 -0.000001 0.000001 -1.756746 -0.413376 0.839378
    11 1.646836 0.445664 -1.699647 2.832417 0.617616 1.137764
    12 0.928312 0.000000 0.000000 0.000000 0.000000 1.052602
    13 0.928313 0.000000 -0.000001 0.000000 0.000000 0.413557
    14 2.979373 -0.388274 -0.044205 -0.157420 -0.078246 0.691019
    15 1.435262 -0.000001 -0.000001 0.000000 0.000000 1.374649
    16 1.482593 -0.000001 0.000001 0.000000 0.000000 0.742707
    17 -1.221411 1.399667 -4.886513 -1.551124 0.881057 -4.907736
    18 4.972047 0.000000 0.000000 -0.343819 -0.769317 -0.203178
    19 11.585358 0.000000 0.000001 0.000000 0.000000 -2.049248
    20 10.127058 0.000000 0.000001 2.182986 0.451355 0.415881
    21 1.537458 0.109715 1.664489 -3.078535 -0.186288 0.914916
    22 0.928313 0.000000 0.000002 0.000000 0.000000 0.061034
    23 0.928311 0.000000 0.000001 0.000000 0.000000 0.671897
    24 2.686395 -0.427337 0.044204 0.006330 0.043192 0.122300
    25 1.435260 0.000000 0.000001 0.000000 0.000000 1.186618
    26 1.482593 0.000000 -0.000001 0.000000 0.000000 1.404984
    27 2.046984 0.000001 0.000000 0.408211 -0.668224 -0.180974
    28 -0.000005 0.000007 3.713254 -0.110507 -3.072967 5.833124
    29 18.045723 0.000000 0.000000 0.000000 0.000000 -0.464614
    30 17.597597 0.000000 0.000000 -0.062650 -0.006139 0.014983
    31 0.000005 -0.000003 -3.713254 0.558422 3.010122 0.005031
    32 18.045721 0.000000 0.000000 0.000000 0.000000 -0.518623
    33 17.597597 0.000000 0.000000 0.063578 0.106378 0.454731
  time 38
    0 0.106437 2.472883 1.540585 0.000000 0.000000 -1.571017
    1 0.191408 0.000000 0.000000 -1.570795 -1.570787 0.000000
    2 1.293670 0.684478 -0.000001 -0.001251 0.021188 -0.052020
    3 5.309685 -0.003834 0.000000 -0.251087 0.019091 -0.004917
    4 4.826790 -0.004591 0.000000 -0.165947 -0.084947 0.025145
    5 5.792767 -0.005304 0.000000 -0.205888 0.034504 0.111728
    6 6.662322 -0.001452 0.000000 0.000276 0.342268 0.471000
    7 -4.377758 1.516823 3.054430 0.165151 -1.183851 -3.810624
    8 4.827512 0.000000 -0.000002 -0.182237 0.902530 -0.456328
    9 11.140032 0.000000 0.000000 0.000000 0.000000 -1.660893
    10 10.314563 -0.000001 0.000001 -1.810768 0.222753 0.640859
    11 1.646836 0.445664 -1.699647 2.044974 1.060370 0.541696
    12 0.928312 0.000000 0.000000 0.000000 0.000000 1.074730
    13 0.928313 0.000000 -0.000001 0.000000 0.000000 0.422877
    14 2.979373 -0.388274 -0.044205 -0.170279 -0.078402 0.688370
    15 1.435262 -0.000001 -0.000001 0.000000 0.000000 1.351162
    16 1.482593 -0.000001 0.000001 0.000000 0.000000 0.725932
    17 -1.319070 1.399667 -4.859168 -1.494474 0.945653 -4.887430
    18 4.972047 0.000000 0.000000 -0.352355 -0.812464 -0.257021
    19 11.585358 0.000000 0.000001 0.000000 0.000000 -2.044755
    20 10.127058 0.000000 0.000001 2.141332 0.460716 0.388870
    21 1.537458 0.109715 1.664489 -3.078535 -0.186288 0.914916
    22 0.928313 0.000000 0.000002 0.000000 0.000000 0.061034
    23 0.928311 0.000000 0.000001 0.000000 0.000000 0.671897
    24 2.686395 -0.427337 0.044204 0.006330 0.043192 0.122300
    25 1.435260 0.000000 0.000001 0.000000 0.000000 1.186618
    26 1.482593 0.000000 -0.000001 0.000000 0.000000 1.404984
    27 2.046984 0.000001 0.000000 0.574511 -0.548499 -0.329457
    28 -0.000005 0.000007 3.713254 -0.110028 -3.071721 5.833315
    29 18.045723 0.000000 0.000000 0.000000 0.000000 -0.460617
    30 17.597597 0.000000 0.000000 -0.062447 -0.007394 0.010948
    31 0.000005 -0.000003 -3.713254 0.558422 3.010889 0.001963
    32 18.045721 0.000000 0.000000 0.000000 0.000000 -0.521693
    33 17.597597 0.000000 0.000000 0.063376 0.104129 0.455517
  time 39
    0 0.051748 2.547104 1.540585 0.000000 0.000000 -1.571017
    1 0.191408 0.000000 0.000000 -1.570795 -1.570787 0.000000
    2 1.293670 0.684478 -0.000001 -0.001032 0.021463 -0.044905
    3 5.309685 -0.003834 0.000000 -0.231160 0.010259 -0.003822
    4 4.826790 -0.004591 0.000000 -0.182599 -0.086768 0.003847
    5 5.792767 -0.005304 0.000000 -0.214018 0.012764 0.093021
    6 6.662322 -0.001452 0.000000 0.000252 0.314188 0.471000
    7 -4.291817 1.516823 3.171621 0.220938 -1.216820 -3.863516
    8 4.827512 0.000000 -0.000002 -0.152662 0.727719 -0.330859
    9 11.140032 0.000000 0.000000 0.000000 0.000000 -1.500989
    10 10.314563 -0.000001 0.000001 -2.111683 0.675096 0.366684
    11 1.646836 0.445664 -1.699647 0.993049 1.047208 -0.378175
    12 0.928312 0.000000 0.000000 0.000000 0.000000 1.029733
    13 0.928313 0.000000 -0.000001 0.000000 0.000000 0.410081
    14 2.979373 -0.388274 -0.044205 -0.181389 -0.086024 0.650501
    15 1.435262 -0.000001 -0.000001 0.000000 0.000000 1.245095
    16 1.482593 -0.000001 0.000001 0.000000 0.000000 0.685009
    17 -1.455793 1.399667 -4.824011 -1.408209 1.024629 -4.843276
    18 4.972047 0.000000 0.000000 -0.360328 -0.868629 -0.313992
    19 11.585358 0.000000 0.000001 0.000000 0.000000 -2.040018
    20 10.127058 0.000000 0.000001 2.090422 0.473766 0.350853
    21 1.537458 0.109715 1.664489 -3.078535 -0.186288 0.914916
    22 0.928313 0.000000 0.000002 0.000000 0.000000 0.061034
    23 0.928311 0.000000 0.000001 0.000000 0.000000 0.671897
    24 2.686395 -0.427337 0.044204 0.006330 0.043192 0.122300
    25 1.435260 0.000000 0.000001 0.000000 0.000000 1.186618
    26 1.482593 0.000000 -0.000001 0.000000 0.000000 1.404984
    27 2.046984 0.000001 0.000000 0.711342 -0.369413 -0.459813
    28 -0.000005 0.000007 3.713254 -0.109644 -3.070379 5.833507
    29 18.045723 0.000000 0.000000 0.000000 0.000000 -0.455806
    30 17.597597 0.000000 0.000000 -0.062295 -0.008773 0.006226
    31 0.000005 -0.000003 -3.713254 0.558230 3.011752 -0.001584
    32 18.045721 0.000000 0.000000 0.000000 0.000000 -0.525078
    33 17.597597 0.000000 0.000000 0.063141 0.101506 0.456348
  time 40
    0 0.000965 2.613512 1.540585 0.000000 0.000000 -1.571017
    1 0.191408 0.000000 0.000000 -1.570795 -1.570787 0.000000
    2 1.293670 0.684478 -0.000001 -0.000813 0.022099 -0.036434
    3 5.309685 -0.003834 0.000000 -0.207336 0.002373 -0.004917
    4 4.826790 -0.004591 0.000000 -0.187634 -0.087631 -0.023383
    5 5.792767 -0.005304 0.000000 -0.217993 -0.011805 0.071303
    6 6.662322 -0.001452 0.000000 0.000228 0.280790 0.471000
    7 -4.186345 1.516823 3.312251 0.306343 -1.259252 -3.945920
    8 4.827512 0.000000 -0.000002 -0.334177 0.722432 -0.522183
    9 11.140032 0.000000 0.000000 0.000000 0.000000 -1.348982
    10 10.314563 -0.000001 0.000001 -2.578551 0.698889 0.127695
    11 1.646836 0.445664 -1.699647 0.664862 1.023709 -0.687828
    12 0.928312 0.000000 0.000000 0.000000 0.000000 0.828535
    13 0.928313 0.000000 -0.000001 0.000000 0.000000 0.343924
    14 2.979373 -0.388274 -0.044205 -0.183534 -0.109766 0.537199
    15 1.435262 -0.000001 -0.000001 0.000000 0.000000 0.970858
    16 1.482593 -0.000001 0.000001 0.000000 0.000000 0.607597
    17 -1.615955 1.399667 -4.773228 -1.281056 1.112150 -4.759851
    18 4.972047 0.000000 0.000000 -0.366612 -0.928650 -0.358318
    19 11.585358 0.000000 0.000001 0.000000 0.000000 -2.035362
    20 10.127058 0.000000 0.000001 2.032149 0.487384 0.303333
    21 1.537458 0.109715 1.664489 -3.078535 -0.186288 0.914916
    22 0.928313 0.000000 0.000002 0.000000 0.000000 0.061034
    23 0.928311 0.000000 0.000001 0.000000 0.000000 0.671897
    24 2.686395 -0.427337 0.044204 0.006330 0.043192 0.122300
    25 1.435260 0.000000 0.000001 0.000000 0.000000 1.186618
    26 1.482593 0.000000 -0.000001 0.000000 0.000000 1.404984
    27 2.046984 0.000001 0.000000 0.771529 -0.173215 -0.546433
    28 -0.000005 0.000007 3.713254 -0.109357 -3.069324 5.833699
    29 18.045723 0.000000 0.000000 0.000000 0.000000 -0.451439
    30 17.597597 0.000000 0.000000 -0.062143 -0.009954 0.001871
    31 0.000005 -0.000003 -3.713254 0.558230 3.012327 -0.004843
    32 18.045721 0.000000 0.000000 0.000000 0.000000 -0.528148
    33 17.597597 0.000000 0.000000 0.062940 0.099218 0.457041
  time 41
    0 -0.034192 2.676014 1.540585 0.000000 0.000000 -1.571017
    1 0.191408 0.000000 0.000000 -1.570795 -1.570787 0.000000
    2 1.293670 0.684478 -0.000001 -0.000577 0.022890 -0.027076
    3 5.309685 -0.003834 0.000000 -0.180891 -0.004938 -0.007107
    4 4.826790 -0.004591 0.000000 -0.180043 -0.083353 -0.055860
    5 5.792767 -0.005304 0.000000 -0.213424 -0.040148 0.047052
    6 6.662322 -0.001452 0.000000 0.000192 0.243833 0.471000
    7 -4.061342 1.516823 3.468505 0.431143 -1.303073 -4.067896
    8 4.827512 0.000000 -0.000002 -0.658705 0.726355 -0.887328
    9 11.140032 0.000000 0.000000 0.000000 0.000000 -1.195380
    10 10.314563 -0.000001 0.000001 -2.946946 0.491967 0.089374
    11 1.646836 0.445664 -1.699647 0.496453 1.109486 -0.884899
    12 0.928312 0.000000 0.000000 0.000000 0.000000 0.560212
    13 0.928313 0.000000 -0.000001 0.000000 0.000000 0.255766
    14 2.979373 -0.388274 -0.044205 -0.179496 -0.140399 0.390371
    15 1.435262 -0.000001 -0.000001 0.000000 0.000000 0.621688
    16 1.482593 -0.000001 0.000001 0.000000 0.000000 0.505983
    17 -1.795648 1.399667 -4.706820 -1.088081 1.199618 -4.609476
    18 4.972047 0.000000 0.000000 -0.372709 -0.985216 -0.382278
    19 11.585358 0.000000 0.000001 0.000000 0.000000 -2.030870
    20 10.127058 0.000000 0.000001 1.968477 0.499299 0.248209
    21 1.537458 0.109715 1.664489 -3.078535 -0.186288 0.914916
    22 0.928313 0.000000 0.000002 0.000000 0.000000 0.061034
    23 0.928311 0.000000 0.000001 0.000000 0.000000 0.671897
    24 2.686395 -0.427337 0.044204 0.006330 0.043192 0.122300
    25 1.435260 0.000000 0.000001 0.000000 0.000000 1.186618
    26 1.482593 0.000000 -0.000001 0.000000 0.000000 1.404984
    27 2.046984 0.000001 0.000000 0.747532 -0.011005 -0.590473
    28 -0.000005 0.000007 3.713254 -0.108973 -3.068557 5.833890
    29 18.045723 0.000000 0.000000 0.000000 0.000000 -0.447517
    30 17.597597 0.000000 0.000000 -0.062067 -0.010766 -0.001889
    31 0.000005 -0.000003 -3.713254 0.558135 3.012710 -0.007719
    32 18.045721 0.000000 0.000000 0.000000 0.000000 -0.530903
    33 17.597597 0.000000 0.000000 0.062772 0.097364 0.457503
  time 42
    0 -0.065443 2.738516 1.540585 0.000000 0.000000 -1.571017
    1 0.191408 0.000000 0.000000 -1.570795 -1.570787 0.000000
    2 1.293670 0.684478 -0.000001 -0.000341 0.023645 -0.017249
    3 5.309685 -0.003834 0.000000 -0.153017 -0.012859 -0.008468
    4 4.826790 -0.004591 0.000000 -0.168503 -0.074221 -0.091358
    5 5.792767 -0.005304 0.000000 -0.202056 -0.068600 0.020102
    6 6.662322 -0.001452 0.000000 0.000156 0.205074 0.471000
    7 -3.920712 1.516823 3.624760 0.600420 -1.339621 -4.234141
    8 4.827512 0.000000 -0.000002 -0.941620 0.668795 -1.199702
    9 11.140032 0.000000 0.000000 0.000000 0.000000 -1.074963
    10 10.314563 -0.000001 0.000001 -3.146261 0.296847 0.123166
    11 1.646836 0.445664 -1.699647 0.419519 1.170970 -0.983022
    12 0.928312 0.000000 0.000000 0.000000 0.000000 0.426094
    13 0.928313 0.000000 -0.000001 0.000000 0.000000 0.211687
    14 2.979373 -0.388274 -0.044205 -0.184385 -0.160353 0.304559
    15 1.435262 -0.000001 -0.000001 0.000000 0.000000 0.402783
    16 1.482593 -0.000001 0.000001 0.000000 0.000000 0.401111
    17 -1.975340 1.399667 -4.636505 -0.789544 1.273363 -4.349720
    18 4.972047 0.000000 0.000000 -0.388280 -1.033907 -0.386870
    19 11.585358 0.000000 0.000001 0.000000 0.000000 -2.026459
    20 10.127058 0.000000 0.000001 1.902140 0.507715 0.188133
    21 1.537458 0.109715 1.664489 -3.078535 -0.186288 0.914916
    22 0.928313 0.000000 0.000002 0.000000 0.000000 0.061034
    23 0.928311 0.000000 0.000001 0.000000 0.000000 0.671897
    24 2.686395 -0.427337 0.044204 0.006330 0.043192 0.122300
    25 1.435260 0.000000 0.000001 0.000000 0.000000 1.186618
    26 1.482593 0.000000 -0.000001 0.000000 0.000000 1.404984
    27 2.046984 0.000001 0.000000 0.662874 0.091992 -0.584755
    28 -0.000005 0.000007 3.713254 -0.108782 -3.067982 5.834082
    29 18.045723 0.000000 0.000000 0.000000 0.000000 -0.443668
    30 17.597597 0.000000 0.000000 -0.062067 -0.011430 -0.005602
    31 0.000005 -0.000003 -3.713254 0.558135 3.012902 -0.010500
    32 18.045721 0.000000 0.000000 0.000000 0.000000 -0.533422
    33 17.597597 0.000000 0.000000 0.062638 0.095707 0.457872
  time 43
    0 -0.084975 2.789299 1.540585 0.000000 0.000000 -1.571017
    1 0.191408 0.000000 0.000000 -1.570795 -1.570787 0.000000
    2 1.293670 0.684478 -0.000001 -0.000055 0.024376 -0.007422
    3 5.309685 -0.003834 0.000000 -0.124956 -0.020554 -0.009474
    4 4.826790 -0.004591 0.000000 -0.157554 -0.064980 -0.127253
    5 5.792767 -0.005304 0.000000 -0.190040 -0.088015 -0.008904
    6 6.662322 -0.001452 0.000000 0.000132 0.166344 0.471000
    7 -3.783989 1.516823 3.769296 0.771613 -1.356534 -4.401344
    8 4.827512 0.000000 -0.000002 -1.088220 0.638779 -1.370750
    9 11.140032 0.000000 0.000000 0.000000 0.000000 -1.050039
    10 10.314563 -0.000001 0.000001 -3.115080 0.283265 0.067890
    11 1.646836 0.445664 -1.699647 0.696855 1.138197 -0.692683
    12 0.928312 0.000000 0.000000 0.000000 0.000000 0.677647
    13 0.928313 0.000000 -0.000001 0.000000 0.000000 0.294383
    14 2.979373 -0.388274 -0.044205 -0.226811 -0.148464 0.398796
    15 1.435262 -0.000001 -0.000001 0.000000 0.000000 0.569532
    16 1.482593 -0.000001 0.000001 0.000000 0.000000 0.261566
    17 -2.155033 1.399667 -4.558378 -0.362995 1.312694 -3.957404
    18 4.972047 0.000000 0.000000 -0.423454 -1.067815 -0.373094
    19 11.585358 0.000000 0.000001 0.000000 0.000000 -2.022457
    20 10.127058 0.000000 0.000001 1.835943 0.510930 0.126306
    21 1.537458 0.109715 1.664489 -3.078535 -0.186288 0.914916
    22 0.928313 0.000000 0.000002 0.000000 0.000000 0.061034
    23 0.928311 0.000000 0.000001 0.000000 0.000000 0.671897
    24 2.686395 -0.427337 0.044204 0.006330 0.043192 0.122300
    25 1.435260 0.000000 0.000001 0.000000 0.000000 1.186618
    26 1.482593 0.000000 -0.000001 0.000000 0.000000 1.404984
    27 2.046984 0.000001 0.000000 0.555985 0.153241 -0.539620
    28 -0.000005 0.000007 3.713254 -0.108590 -3.067502 5.834274
    29 18.045723 0.000000 0.000000 0.000000 0.000000 -0.440337
    30 17.597597 0.000000 0.000000 -0.062067 -0.011923 -0.008766
    31 0.000005 -0.000003 -3.713254 0.557943 3.013094 -0.012896
    32 18.045721 0.000000 0.000000 0.000000 0.000000 -0.535705
    33 17.597597 0.000000 0.000000 0.062504 0.094346 0.458149
  time 44
    0 -0.096694 2.820550 1.540585 0.000000 0.000000 -1.571017
    1 0.191408 0.000000 0.000000 -1.570795 -1.570787 0.000000
    2 1.293670 0.684478 -0.000001 0.000114 0.024999 0.001953
    3 5.309685 -0.003834 0.000000 -0.098086 -0.028116 -0.009580
    4 4.826790 -0.004591 0.000000 -0.149581 -0.056112 -0.161780
    5 5.792767 -0.005304 0.000000 -0.180525 -0.084947 -0.039903
    6 6.662322 -0.001452 0.000000 0.000096 0.129386 0.471000
    7 -3.639454 1.516823 3.909925 0.953063 -1.365760 -4.579374
    8 4.827512 0.000000 -0.000002 -1.213375 0.623259 -1.507225
    9 11.140032 0.000000 0.000000 0.000000 0.000000 -1.059458
    10 10.314563 -0.000001 0.000001 -3.019640 0.351833 -0.027160
    11 1.646836 0.445664 -1.699647 0.993049 1.047208 -0.378175
    12 0.928312 0.000000 0.000000 0.000000 0.000000 1.029733
    13 0.928313 0.000000 -0.000001 0.000000 0.000000 0.410081
    14 2.979373 -0.388274 -0.044205 -0.272556 -0.121655 0.539718
    15 1.435262 -0.000001 -0.000001 0.000000 0.000000 0.840802
    16 1.482593 -0.000001 0.000001 0.000000 0.000000 0.187413
    17 -2.323007 1.399667 -4.468531 0.091737 1.302703 -3.531278
    18 4.972047 0.000000 0.000000 -0.478701 -1.072957 -0.346538
    19 11.585358 0.000000 0.000001 0.000000 0.000000 -2.018536
    20 10.127058 0.000000 0.000001 1.773182 0.509228 0.066381
    21 1.537458 0.109715 1.664489 -3.078535 -0.186288 0.914916
    22 0.928313 0.000000 0.000002 0.000000 0.000000 0.061034
    23 0.928311 0.000000 0.000001 0.000000 0.000000 0.671897
    24 2.686395 -0.427337 0.044204 0.006330 0.043192 0.122300
    25 1.435260 0.000000 0.000001 0.000000 0.000000 1.186618
    26 1.482593 0.000000 -0.000001 0.000000 0.000000 1.404984
    27 2.046984 0.000001 0.000000 0.451380 0.182007 -0.479339
    28 -0.000005 0.000007 3.713254 -0.108494 -3.067502 5.834370
    29 18.045723 0.000000 0.000000 0.000000 0.000000 -0.438413
    30 17.597597 0.000000 0.000000 -0.062143 -0.012021 -0.010691
    31 0.000005 -0.000003 -3.713254 0.557847 3.012902 -0.014334
    32 18.045721 0.000000 0.000000 0.000000 0.000000 -0.537043
    33 17.597597 0.000000 0.000000 0.062437 0.093695 0.458196
  time 45
    0 -0.096694 2.840081 1.540585 0.000000 0.000000 -1.571017
    1 0.191408 0.000000 0.000000 -1.570795 -1.570787 0.000000
    2 1.293670 0.684478 -0.000001 0.000266 0.025358 0.010374
    3 5.309685 -0.003834 0.000000 -0.073616 -0.036146 -0.007902
    4 4.826790 -0.004591 0.000000 -0.145976 -0.046332 -0.193419
    5 5.792767 -0.005304 0.000000 -0.172017 -0.069786 -0.070196
    6 6.662322 -0.001452 0.000000 0.000072 0.095988 0.471000
    7 -3.506637 1.516823 4.031023 1.299476 -1.381225 -4.925853
    8 4.827512 0.000000 -0.000002 -1.298673 0.574056 -1.615624
    9 11.140032 0.000000 0.000000 0.000000 0.000000 -0.999032
    10 10.314563 -0.000001 0.000001 -3.049115 0.302187 -0.161518
    11 1.646836 0.445664 -1.699647 0.993049 1.047208 -0.378175
    12 0.928312 0.000000 0.000000 0.000000 0.000000 1.029733
    13 0.928313 0.000000 -0.000001 0.000000 0.000000 0.410081
    14 2.979373 -0.388274 -0.044205 -0.270039 -0.127227 0.519437
    15 1.435262 -0.000001 -0.000001 0.000000 0.000000 0.767708
    16 1.482593 -0.000001 0.000001 0.000000 0.000000 0.495031
    17 -2.471449 1.399667 -4.390404 0.432117 1.255170 -3.213288
    18 4.972047 0.000000 0.000000 -0.530478 -1.058896 -0.328102
    19 11.585358 0.000000 0.000001 0.000000 0.000000 -2.015269
    20 10.127058 0.000000 0.000001 1.716662 0.502514 0.012007
    21 1.537458 0.109715 1.664489 -3.078535 -0.186288 0.914916
    22 0.928313 0.000000 0.000002 0.000000 0.000000 0.061034
    23 0.928311 0.000000 0.000001 0.000000 0.000000 0.671897
    24 2.686395 -0.427337 0.044204 0.006330 0.043192 0.122300
    25 1.435260 0.000000 0.000001 0.000000 0.000000 1.186618
    26 1.482593 0.000000 -0.000001 0.000000 0.000000 1.404984
    27 2.046984 0.000001 0.000000 0.359312 0.202748 -0.431041
    28 -0.000005 0.000007 3.713254 -0.108302 -3.067502 5.834370
    29 18.045723 0.000000 0.000000 0.000000 0.000000 -0.437229
    30 17.597597 0.000000 0.000000 -0.062219 -0.012021 -0.011838
    31 0.000005 -0.000003 -3.713254 0.557847 3.012710 -0.015293
    32 18.045721 0.000000 0.000000 0.000000 0.000000 -0.537909
    33 17.597597 0.000000 0.000000 0.062403 0.093360 0.458196
end
