version 1
nodes
  0 "Bip01" -1
  1 "Bip01 Pelvis" 0
  2 "Bip01 Spine" 1
  3 "Bip01 Spine1" 2
  4 "Bip01 Spine2" 3
  5 "Bip01 Spine3" 4
  6 "Bip01 Neck" 5
  7 "Bip01 L Arm" 6
  8 "Bip01 L Arm1" 7
  9 "Bip01 L Arm2" 8
  10 "Bip01 L Hand" 9
  11 "Bip01 L Finger0" 10
  12 "Bip01 L Finger01" 11
  13 "Bip01 L Finger02" 12
  14 "Bip01 L Finger1" 10
  15 "Bip01 L Finger11" 14
  16 "Bip01 L Finger12" 15
  17 "Bip01 R Arm" 6
  18 "Bip01 R Arm1" 17
  19 "Bip01 R Arm2" 18
  20 "Bip01 R Hand" 19
  21 "Bip01 R Finger0" 20
  22 "Bip01 R Finger01" 21
  23 "Bip01 R Finger02" 22
  24 "Bip01 R Finger1" 20
  25 "Bip01 R Finger11" 24
  26 "Bip01 R Finger12" 25
  27 "Bip01 Head" 6
  28 "Bip01 L Leg" 1
  29 "Bip01 L Leg1" 28
  30 "Bip01 L Foot" 29
  31 "Bip01 R Leg" 1
  32 "Bip01 R Leg1" 31
  33 "Bip01 R Foot" 32
end
skeleton
  time 0
    0 0.254879 -0.281108 0.368674 0.000000 0.000000 -1.571017
    1 -3.386826 0.207038 0.000000 -1.570795 -1.570787 0.000000
    2 1.293670 0.684478 -0.000001 0.000266 0.025358 0.010374
    3 5.309685 -0.003834 0.000000 -0.073616 -0.036146 -0.007885
    4 4.826790 -0.004591 0.000000 -0.072158 -0.017030 -0.196109
    5 5.792767 -0.005304 0.000000 -0.109042 0.070673 -0.155157
    6 6.662322 -0.001452 0.000000 0.004698 0.139666 0.354824
    7 -3.108188 1.516823 4.339626 1.238993 -1.024532 -4.799756
    8 4.827512 0.000000 -0.000002 -0.473841 -0.035395 -1.019729
    9 11.140032 0.000000 0.000000 0.070821 -0.105579 -0.701031
    10 10.314563 -0.000001 0.000001 -3.988822 0.203081 -0.504208
    11 1.646836 0.445664 -1.699647 -0.161704 0.581044 -0.283978
    12 0.928312 0.000000 0.000000 0.000000 0.000000 0.000000
    13 0.928313 0.000000 -0.000001 0.000000 0.000000 0.000000
    14 2.979373 -0.388274 -0.044205 -0.000805 -0.043611 0.000046
    15 1.435262 -0.000001 -0.000001 0.000000 0.000000 0.872146
    16 1.482593 -0.000001 0.000001 0.000000 0.000000 0.907041
    17 -2.869899 1.399667 -4.140396 -1.163265 1.764468 -4.903713
    18 4.972047 0.000000 0.000000 1.109871 -0.757264 -1.698211
    19 11.585358 0.000000 0.000001 0.316143 -0.392740 -1.819237
    20 10.127058 0.000000 0.000001 1.960763 0.596700 0.774136
    21 1.537458 0.109715 1.664489 -0.264662 -0.055995 0.783079
    22 0.928313 0.000000 0.000002 0.000000 0.000000 -0.453501
    23 0.928311 0.000000 0.000001 0.000000 0.000000 0.000000
    24 2.686395 -0.427337 0.044204 -0.005762 0.043239 -0.157074
    25 1.435260 0.000000 0.000001 0.000000 0.000000 0.732613
    26 1.482593 0.000000 -0.000001 0.000000 0.000000 1.168644
    27 2.046984 0.000001 0.000000 0.224333 0.419155 -0.350990
    28 -0.000005 0.000007 3.713254 -0.099865 -3.047848 5.708602
    29 18.045723 0.000000 0.000000 0.000000 0.000000 -0.413544
    30 17.597597 0.000000 0.000000 -0.057202 -0.016721 -0.162308
    31 0.000005 -0.000003 -3.713254 0.807612 2.831522 6.175187
    32 18.045721 0.000000 0.000000 0.000000 0.000000 -0.782250
    33 17.597597 0.000000 0.000000 0.178693 0.125253 0.485308
  time 1
    0 0.254879 -0.281108 0.368674 0.000000 0.000000 -1.571017
    1 -3.359482 0.199225 0.000000 -1.570795 -1.570787 0.000000
    2 1.293670 0.684478 -0.000001 0.000266 0.025358 0.010374
    3 5.309685 -0.003834 0.000000 -0.073616 -0.036146 -0.007885
    4 4.826790 -0.004591 0.000000 -0.072158 -0.017030 -0.196109
    5 5.792767 -0.005304 0.000000 -0.109042 0.070673 -0.155157
    6 6.662322 -0.001452 0.000000 0.004698 0.139666 0.354824
    7 -3.108188 1.516823 4.339626 1.238993 -1.024532 -4.799756
    8 4.827512 0.000000 -0.000002 -0.471769 -0.026697 -1.019210
    9 11.140032 0.000000 0.000000 0.070821 -0.105255 -0.698495
    10 10.314563 -0.000001 0.000001 -3.988822 0.203081 -0.504208
    11 1.646836 0.445664 -1.699647 -0.161704 0.581044 -0.283978
    12 0.928312 0.000000 0.000000 0.000000 0.000000 0.000000
    13 0.928313 0.000000 -0.000001 0.000000 0.000000 0.000000
    14 2.979373 -0.388274 -0.044205 -0.000805 -0.043611 0.000046
    15 1.435262 -0.000001 -0.000001 0.000000 0.000000 0.872146
    16 1.482593 -0.000001 0.000001 0.000000 0.000000 0.907041
    17 -2.869899 1.399667 -4.140396 -1.163265 1.764468 -4.903713
    18 4.972047 0.000000 0.000000 1.112310 -0.753729 -1.699342
    19 11.585358 0.000000 0.000001 0.316143 -0.392649 -1.824710
    20 10.127058 0.000000 0.000001 1.960763 0.596700 0.774136
    21 1.537458 0.109715 1.664489 -0.264662 -0.055995 0.783079
    22 0.928313 0.000000 0.000002 0.000000 0.000000 -0.453501
    23 0.928311 0.000000 0.000001 0.000000 0.000000 0.000000
    24 2.686395 -0.427337 0.044204 -0.005762 0.043239 -0.157074
    25 1.435260 0.000000 0.000001 0.000000 0.000000 0.732613
    26 1.482593 0.000000 -0.000001 0.000000 0.000000 1.168644
    27 2.046984 0.000001 0.000000 0.224333 0.419155 -0.350990
    28 -0.000005 0.000007 3.713254 -0.099865 -3.047656 5.708123
    29 18.045723 0.000000 0.000000 0.000000 0.000000 -0.415986
    30 17.597597 0.000000 0.000000 -0.057151 -0.016918 -0.160428
    31 0.000005 -0.000003 -3.713254 0.807804 2.831810 6.176241
    32 18.045721 0.000000 0.000000 0.000000 0.000000 -0.781699
    33 17.597597 0.000000 0.000000 0.178659 0.125746 0.485631
  time 2
    0 0.254879 -0.281108 0.368674 0.000000 0.000000 -1.571017
    1 -3.328231 0.199225 0.000000 -1.570795 -1.570787 0.000000
    2 1.293670 0.684478 -0.000001 0.000266 0.025358 0.010374
    3 5.309685 -0.003834 0.000000 -0.073616 -0.036146 -0.007885
    4 4.826790 -0.004591 0.000000 -0.072158 -0.017030 -0.196109
    5 5.792767 -0.005304 0.000000 -0.109042 0.070673 -0.155157
    6 6.662322 -0.001452 0.000000 0.004698 0.139666 0.354824
    7 -3.108188 1.516823 4.339626 1.238993 -1.024532 -4.799756
    8 4.827512 0.000000 -0.000002 -0.467783 -0.010581 -1.021636
    9 11.140032 0.000000 0.000000 0.070821 -0.103033 -0.681469
    10 10.314563 -0.000001 0.000001 -3.988822 0.203081 -0.504208
    11 1.646836 0.445664 -1.699647 -0.161704 0.581044 -0.283978
    12 0.928312 0.000000 0.000000 0.000000 0.000000 0.000000
    13 0.928313 0.000000 -0.000001 0.000000 0.000000 0.000000
    14 2.979373 -0.388274 -0.044205 -0.000805 -0.043611 0.000046
    15 1.435262 -0.000001 -0.000001 0.000000 0.000000 0.872146
    16 1.482593 -0.000001 0.000001 0.000000 0.000000 0.907041
    17 -2.869899 1.399667 -4.140396 -1.163265 1.764468 -4.903713
    18 4.972047 0.000000 0.000000 1.120001 -0.742801 -1.702337
    19 11.585358 0.000000 0.000001 0.316143 -0.392445 -1.835246
    20 10.127058 0.000000 0.000001 1.960763 0.596700 0.774136
    21 1.537458 0.109715 1.664489 -0.264662 -0.055995 0.783079
    22 0.928313 0.000000 0.000002 0.000000 0.000000 -0.453501
    23 0.928311 0.000000 0.000001 0.000000 0.000000 0.000000
    24 2.686395 -0.427337 0.044204 -0.005762 0.043239 -0.157074
    25 1.435260 0.000000 0.000001 0.000000 0.000000 0.732613
    26 1.482593 0.000000 -0.000001 0.000000 0.000000 1.168644
    27 2.046984 0.000001 0.000000 0.224333 0.419155 -0.350990
    28 -0.000005 0.000007 3.713254 -0.099674 -3.047369 5.707548
    29 18.045723 0.000000 0.000000 0.000000 0.000000 -0.418577
    30 17.597597 0.000000 0.000000 -0.057126 -0.017140 -0.158411
    31 0.000005 -0.000003 -3.713254 0.807899 2.832193 6.177296
    32 18.045721 0.000000 0.000000 0.000000 0.000000 -0.781148
    33 17.597597 0.000000 0.000000 0.178659 0.126298 0.485908
  time 3
    0 0.254879 -0.281108 0.368674 0.000000 0.000000 -1.571017
    1 -3.304792 0.187506 0.000000 -1.570795 -1.570787 0.000000
    2 1.293670 0.684478 -0.000001 0.000266 0.025358 0.010374
    3 5.309685 -0.003834 0.000000 -0.073616 -0.036146 -0.007885
    4 4.826790 -0.004591 0.000000 -0.072158 -0.017030 -0.196109
    5 5.792767 -0.005304 0.000000 -0.109042 0.070673 -0.155157
    6 6.662322 -0.001452 0.000000 0.004698 0.139666 0.354824
    7 -3.108188 1.516823 4.339626 1.238993 -1.024532 -4.799756
    8 4.827512 0.000000 -0.000002 -0.464036 0.006559 -1.026402
    9 11.140032 0.000000 0.000000 0.070821 -0.099588 -0.654806
    10 10.314563 -0.000001 0.000001 -3.988822 0.203081 -0.504208
    11 1.646836 0.445664 -1.699647 -0.161704 0.581044 -0.283978
    12 0.928312 0.000000 0.000000 0.000000 0.000000 0.000000
    13 0.928313 0.000000 -0.000001 0.000000 0.000000 0.000000
    14 2.979373 -0.388274 -0.044205 -0.000805 -0.043611 0.000046
    15 1.435262 -0.000001 -0.000001 0.000000 0.000000 0.872146
    16 1.482593 -0.000001 0.000001 0.000000 0.000000 0.907041
    17 -2.869899 1.399667 -4.140396 -1.163265 1.764468 -4.903713
    18 4.972047 0.000000 0.000000 1.132570 -0.725767 -1.708660
    19 11.585358 0.000000 0.000001 0.316143 -0.392218 -1.846355
    20 10.127058 0.000000 0.000001 1.960763 0.596700 0.774136
    21 1.537458 0.109715 1.664489 -0.264662 -0.055995 0.783079
    22 0.928313 0.000000 0.000002 0.000000 0.000000 -0.453501
    23 0.928311 0.000000 0.000001 0.000000 0.000000 0.000000
    24 2.686395 -0.427337 0.044204 -0.005762 0.043239 -0.157074
    25 1.435260 0.000000 0.000001 0.000000 0.000000 0.732613
    26 1.482593 0.000000 -0.000001 0.000000 0.000000 1.168644
    27 2.046984 0.000001 0.000000 0.224333 0.419155 -0.350990
    28 -0.000005 0.000007 3.713254 -0.099482 -3.047177 5.706973
    29 18.045723 0.000000 0.000000 0.000000 0.000000 -0.421093
    30 17.597597 0.000000 0.000000 -0.057075 -0.017337 -0.156393
    31 0.000005 -0.000003 -3.713254 0.808187 2.832481 6.178350
    32 18.045721 0.000000 0.000000 0.000000 0.000000 -0.780518
    33 17.597597 0.000000 0.000000 0.178659 0.126870 0.486186
  time 4
    0 0.254879 -0.281108 0.368674 0.000000 0.000000 -1.571017
    1 -3.285261 0.187506 0.000000 -1.570795 -1.570787 0.000000
    2 1.293670 0.684478 -0.000001 0.000266 0.025358 0.010374
    3 5.309685 -0.003834 0.000000 -0.073616 -0.036146 -0.007885
    4 4.826790 -0.004591 0.000000 -0.072158 -0.017030 -0.196109
    5 5.792767 -0.005304 0.000000 -0.109042 0.070673 -0.155157
    6 6.662322 -0.001452 0.000000 0.004698 0.139666 0.354824
    7 -3.108188 1.516823 4.339626 1.238993 -1.024532 -4.799756
    8 4.827512 0.000000 -0.000002 -0.462123 0.019350 -1.032640
    9 11.140032 0.000000 0.000000 0.070821 -0.096043 -0.627636
    10 10.314563 -0.000001 0.000001 -3.988822 0.203081 -0.504208
    11 1.646836 0.445664 -1.699647 -0.161704 0.581044 -0.283978
    12 0.928312 0.000000 0.000000 0.000000 0.000000 0.000000
    13 0.928313 0.000000 -0.000001 0.000000 0.000000 0.000000
    14 2.979373 -0.388274 -0.044205 -0.000805 -0.043611 0.000046
    15 1.435262 -0.000001 -0.000001 0.000000 0.000000 0.872146
    16 1.482593 -0.000001 0.000001 0.000000 0.000000 0.907041
    17 -2.869899 1.399667 -4.140396 -1.163265 1.764468 -4.903713
    18 4.972047 0.000000 0.000000 1.147953 -0.704957 -1.715981
    19 11.585358 0.000000 0.000001 0.316143 -0.392014 -1.857055
    20 10.127058 0.000000 0.000001 1.960763 0.596700 0.774136
    21 1.537458 0.109715 1.664489 -0.264662 -0.055995 0.783079
    22 0.928313 0.000000 0.000002 0.000000 0.000000 -0.453501
    23 0.928311 0.000000 0.000001 0.000000 0.000000 0.000000
    24 2.686395 -0.427337 0.044204 -0.005762 0.043239 -0.157074
    25 1.435260 0.000000 0.000001 0.000000 0.000000 0.732613
    26 1.482593 0.000000 -0.000001 0.000000 0.000000 1.168644
    27 2.046984 0.000001 0.000000 0.224333 0.419155 -0.350990
    28 -0.000005 0.000007 3.713254 -0.099386 -3.046985 5.706589
    29 18.045723 0.000000 0.000000 0.000000 0.000000 -0.423092
    30 17.597597 0.000000 0.000000 -0.057050 -0.017484 -0.154834
    31 0.000005 -0.000003 -3.713254 0.808187 2.832672 6.179213
    32 18.045721 0.000000 0.000000 0.000000 0.000000 -0.780046
    33 17.597597 0.000000 0.000000 0.178659 0.127304 0.486417
  time 5
    0 0.254879 -0.281108 0.368674 0.000000 0.000000 -1.571017
    1 -3.265729 0.187506 0.000000 -1.570795 -1.570787 0.000000
    2 1.293670 0.684478 -0.000001 0.000266 0.025358 0.010374
    3 5.309685 -0.003834 0.000000 -0.073616 -0.036146 -0.007885
    4 4.826790 -0.004591 0.000000 -0.072158 -0.017030 -0.196109
    5 5.792767 -0.005304 0.000000 -0.109042 0.070673 -0.155157
    6 6.662322 -0.001452 0.000000 0.004698 0.139666 0.354824
    7 -3.108188 1.516823 4.339626 1.238993 -1.024532 -4.799756
    8 4.827512 0.000000 -0.000002 -0.461246 0.025575 -1.034547
    9 11.140032 0.000000 0.000000 0.070821 -0.094844 -0.618362
    10 10.314563 -0.000001 0.000001 -3.988822 0.203081 -0.504208
    11 1.646836 0.445664 -1.699647 -0.161704 0.581044 -0.283978
    12 0.928312 0.000000 0.000000 0.000000 0.000000 0.000000
    13 0.928313 0.000000 -0.000001 0.000000 0.000000 0.000000
    14 2.979373 -0.388274 -0.044205 -0.000805 -0.043611 0.000046
    15 1.435262 -0.000001 -0.000001 0.000000 0.000000 0.872146
    16 1.482593 -0.000001 0.000001 0.000000 0.000000 0.907041
    17 -2.869899 1.399667 -4.140396 -1.163265 1.764468 -4.903713
    18 4.972047 0.000000 0.000000 1.164555 -0.682941 -1.724367
    19 11.585358 0.000000 0.000001 0.316143 -0.391832 -1.866285
    20 10.127058 0.000000 0.000001 1.960763 0.596700 0.774136
    21 1.537458 0.109715 1.664489 -0.264662 -0.055995 0.783079
    22 0.928313 0.000000 0.000002 0.000000 0.000000 -0.453501
    23 0.928311 0.000000 0.000001 0.000000 0.000000 0.000000
    24 2.686395 -0.427337 0.044204 -0.005762 0.043239 -0.157074
    25 1.435260 0.000000 0.000001 0.000000 0.000000 0.732613
    26 1.482593 0.000000 -0.000001 0.000000 0.000000 1.168644
    27 2.046984 0.000001 0.000000 0.224333 0.419155 -0.350990
    28 -0.000005 0.000007 3.713254 -0.099290 -3.046889 5.706302
    29 18.045723 0.000000 0.000000 0.000000 0.000000 -0.424424
    30 17.597597 0.000000 0.000000 -0.057050 -0.017558 -0.153780
    31 0.000005 -0.000003 -3.713254 0.808379 2.832768 6.179788
    32 18.045721 0.000000 0.000000 0.000000 0.000000 -0.779731
    33 17.597597 0.000000 0.000000 0.178592 0.127600 0.486555
  time 6
    0 0.254879 -0.281108 0.368674 0.000000 0.000000 -1.571017
    1 -3.261822 0.187506 0.000000 -1.570795 -1.570787 0.000000
    2 1.293670 0.684478 -0.000001 0.000266 0.025358 0.010374
    3 5.309685 -0.003834 0.000000 -0.073616 -0.036146 -0.007885
    4 4.826790 -0.004591 0.000000 -0.072158 -0.017030 -0.196109
    5 5.792767 -0.005304 0.000000 -0.109042 0.070673 -0.155157
    6 6.662322 -0.001452 0.000000 0.004698 0.139666 0.354824
    7 -3.108188 1.516823 4.339626 1.238993 -1.024532 -4.799756
    8 4.827512 0.000000 -0.000002 -0.456622 0.036235 -1.017736
    9 11.140032 0.000000 0.000000 0.070821 -0.102559 -0.677774
    10 10.314563 -0.000001 0.000001 -3.988822 0.203081 -0.504208
    11 1.646836 0.445664 -1.699647 -0.161704 0.581044 -0.283978
    12 0.928312 0.000000 0.000000 0.000000 0.000000 0.000000
    13 0.928313 0.000000 -0.000001 0.000000 0.000000 0.000000
    14 2.979373 -0.388274 -0.044205 -0.000805 -0.043611 0.000046
    15 1.435262 -0.000001 -0.000001 0.000000 0.000000 0.872146
    16 1.482593 -0.000001 0.000001 0.000000 0.000000 0.907041
    17 -2.869899 1.399667 -4.140396 -1.163265 1.764468 -4.903713
    18 4.972047 0.000000 0.000000 1.181158 -0.661729 -1.732753
    19 11.585358 0.000000 0.000001 0.316143 -0.391719 -1.871512
    20 10.127058 0.000000 0.000001 1.960763 0.596700 0.774136
    21 1.537458 0.109715 1.664489 -0.264662 -0.055995 0.783079
    22 0.928313 0.000000 0.000002 0.000000 0.000000 -0.453501
    23 0.928311 0.000000 0.000001 0.000000 0.000000 0.000000
    24 2.686395 -0.427337 0.044204 -0.005762 0.043239 -0.157074
    25 1.435260 0.000000 0.000001 0.000000 0.000000 0.732613
    26 1.482593 0.000000 -0.000001 0.000000 0.000000 1.168644
    27 2.046984 0.000001 0.000000 0.224333 0.419155 -0.350990
    28 -0.000005 0.000007 3.713254 -0.099290 -3.046793 5.706110
    29 18.045723 0.000000 0.000000 0.000000 0.000000 -0.425312
    30 17.597597 0.000000 0.000000 -0.057075 -0.017583 -0.153046
    31 0.000005 -0.000003 -3.713254 0.808474 2.832864 6.180076
    32 18.045721 0.000000 0.000000 0.000000 0.000000 -0.779495
    33 17.597597 0.000000 0.000000 0.178559 0.127817 0.486647
  time 7
    0 0.254879 -0.281108 0.368674 0.000000 0.000000 -1.571017
    1 -3.254010 0.187506 0.000000 -1.570795 -1.570787 0.000000
    2 1.293670 0.684478 -0.000001 0.000266 0.025358 0.010374
    3 5.309685 -0.003834 0.000000 -0.073616 -0.036146 -0.007885
    4 4.826790 -0.004591 0.000000 -0.072158 -0.017030 -0.196109
    5 5.792767 -0.005304 0.000000 -0.109042 0.070673 -0.155157
    6 6.662322 -0.001452 0.000000 0.004698 0.139666 0.354824
    7 -3.108188 1.516823 4.339626 1.238993 -1.024532 -4.799756
    8 4.827512 0.000000 -0.000002 -0.447455 0.055251 -0.985416
    9 11.140032 0.000000 0.000000 0.070821 -0.117513 -0.800872
    10 10.314563 -0.000001 0.000001 -3.988822 0.203081 -0.504208
    11 1.646836 0.445664 -1.699647 -0.161704 0.581044 -0.283978
    12 0.928312 0.000000 0.000000 0.000000 0.000000 0.000000
    13 0.928313 0.000000 -0.000001 0.000000 0.000000 0.000000
    14 2.979373 -0.388274 -0.044205 -0.000805 -0.043611 0.000046
    15 1.435262 -0.000001 -0.000001 0.000000 0.000000 0.872146
    16 1.482593 -0.000001 0.000001 0.000000 0.000000 0.907041
    17 -2.869899 1.399667 -4.140396 -1.163265 1.764468 -4.903713
    18 4.972047 0.000000 0.000000 1.194008 -0.644614 -1.739275
    19 11.585358 0.000000 0.000001 0.316143 -0.391651 -1.875270
    20 10.127058 0.000000 0.000001 1.960763 0.596700 0.774136
    21 1.537458 0.109715 1.664489 -0.264662 -0.055995 0.783079
    22 0.928313 0.000000 0.000002 0.000000 0.000000 -0.453501
    23 0.928311 0.000000 0.000001 0.000000 0.000000 0.000000
    24 2.686395 -0.427337 0.044204 -0.005762 0.043239 -0.157074
    25 1.435260 0.000000 0.000001 0.000000 0.000000 0.732613
    26 1.482593 0.000000 -0.000001 0.000000 0.000000 1.168644
    27 2.046984 0.000001 0.000000 0.224333 0.419155 -0.350990
    28 -0.000005 0.000007 3.713254 -0.099194 -3.046793 5.706014
    29 18.045723 0.000000 0.000000 0.000000 0.000000 -0.425904
    30 17.597597 0.000000 0.000000 -0.057075 -0.017657 -0.152588
    31 0.000005 -0.000003 -3.713254 0.808474 2.832960 6.180364
    32 18.045721 0.000000 0.000000 0.000000 0.000000 -0.779180
    33 17.597597 0.000000 0.000000 0.178559 0.127955 0.486694
  time 8
    0 0.254879 -0.281108 0.368674 0.000000 0.000000 -1.571017
    1 -3.254010 0.187506 0.000000 -1.570795 -1.570787 0.000000
    2 1.293670 0.684478 -0.000001 0.000266 0.025358 0.010374
    3 5.309685 -0.003834 0.000000 -0.073616 -0.036146 -0.007885
    4 4.826790 -0.004591 0.000000 -0.072158 -0.017030 -0.196109
    5 5.792767 -0.005304 0.000000 -0.109042 0.070673 -0.155157
    6 6.662322 -0.001452 0.000000 0.004698 0.139666 0.354824
    7 -3.108188 1.516823 4.339626 1.238993 -1.024532 -4.799756
    8 4.827512 0.000000 -0.000002 -0.439802 0.068980 -0.956735
    9 11.140032 0.000000 0.000000 0.070821 -0.130620 -0.923970
    10 10.314563 -0.000001 0.000001 -3.988822 0.203081 -0.504208
    11 1.646836 0.445664 -1.699647 -0.161704 0.581044 -0.283978
    12 0.928312 0.000000 0.000000 0.000000 0.000000 0.000000
    13 0.928313 0.000000 -0.000001 0.000000 0.000000 0.000000
    14 2.979373 -0.388274 -0.044205 -0.000805 -0.043611 0.000046
    15 1.435262 -0.000001 -0.000001 0.000000 0.000000 0.872146
    16 1.482593 -0.000001 0.000001 0.000000 0.000000 0.907041
    17 -2.869899 1.399667 -4.140396 -1.163265 1.764468 -4.903713
    18 4.972047 0.000000 0.000000 1.201700 -0.634008 -1.743269
    19 11.585358 0.000000 0.000001 0.316143 -0.391628 -1.876495
    20 10.127058 0.000000 0.000001 1.960763 0.596700 0.774136
    21 1.537458 0.109715 1.664489 -0.264662 -0.055995 0.783079
    22 0.928313 0.000000 0.000002 0.000000 0.000000 -0.453501
    23 0.928311 0.000000 0.000001 0.000000 0.000000 0.000000
    24 2.686395 -0.427337 0.044204 -0.005762 0.043239 -0.157074
    25 1.435260 0.000000 0.000001 0.000000 0.000000 0.732613
    26 1.482593 0.000000 -0.000001 0.000000 0.000000 1.168644
    27 2.046984 0.000001 0.000000 0.226315 0.416323 -0.345637
    28 -0.000005 0.000007 3.713254 -0.099194 -3.046793 5.706014
    29 18.045723 0.000000 0.000000 0.000000 0.000000 -0.425904
    30 17.597597 0.000000 0.000000 -0.057126 -0.017632 -0.152680
    31 0.000005 -0.000003 -3.713254 0.808474 2.832864 6.180364
    32 18.045721 0.000000 0.000000 0.000000 0.000000 -0.779180
    33 17.597597 0.000000 0.000000 0.178458 0.127955 0.486647
  time 9
    0 0.254879 -0.281108 0.368674 0.000000 0.000000 -1.571017
    1 -3.265729 0.187506 0.000000 -1.570795 -1.570787 0.000000
    2 1.293670 0.684478 -0.000001 0.000266 0.025358 0.010374
    3 5.309685 -0.003834 0.000000 -0.073616 -0.036146 -0.007885
    4 4.826790 -0.004591 0.000000 -0.072158 -0.017030 -0.196109
    5 5.792767 -0.005304 0.000000 -0.109042 0.070673 -0.155157
    6 6.662322 -0.001452 0.000000 0.004698 0.139666 0.354824
    7 -3.108188 1.516823 4.339626 1.238993 -1.024532 -4.799756
    8 4.827512 0.000000 -0.000002 -0.435896 0.074608 -0.939838
    9 11.140032 0.000000 0.000000 0.070821 -0.138784 -1.011421
    10 10.314563 -0.000001 0.000001 -3.988822 0.203081 -0.504208
    11 1.646836 0.445664 -1.699647 -0.161704 0.581044 -0.283978
    12 0.928312 0.000000 0.000000 0.000000 0.000000 0.000000
    13 0.928313 0.000000 -0.000001 0.000000 0.000000 0.000000
    14 2.979373 -0.388274 -0.044205 -0.000805 -0.043611 0.000046
    15 1.435262 -0.000001 -0.000001 0.000000 0.000000 0.872146
    16 1.482593 -0.000001 0.000001 0.000000 0.000000 0.907041
    17 -2.869899 1.399667 -4.140396 -1.163265 1.764468 -4.903713
    18 4.972047 0.000000 0.000000 1.206671 -0.628143 -1.745864
    19 11.585358 0.000000 0.000001 0.316143 -0.391651 -1.875515
    20 10.127058 0.000000 0.000001 1.960763 0.596700 0.774136
    21 1.537458 0.109715 1.664489 -0.264662 -0.055995 0.783079
    22 0.928313 0.000000 0.000002 0.000000 0.000000 -0.453501
    23 0.928311 0.000000 0.000001 0.000000 0.000000 0.000000
    24 2.686395 -0.427337 0.044204 -0.005762 0.043239 -0.157074
    25 1.435260 0.000000 0.000001 0.000000 0.000000 0.732613
    26 1.482593 0.000000 -0.000001 0.000000 0.000000 1.168644
    27 2.046984 0.000001 0.000000 0.231786 0.408505 -0.330795
    28 -0.000005 0.000007 3.713254 -0.099194 -3.046889 5.706206
    29 18.045723 0.000000 0.000000 0.000000 0.000000 -0.424868
    30 17.597597 0.000000 0.000000 -0.057202 -0.017558 -0.153413
    31 0.000005 -0.000003 -3.713254 0.808474 2.832672 6.179980
    32 18.045721 0.000000 0.000000 0.000000 0.000000 -0.779495
    33 17.597597 0.000000 0.000000 0.178391 0.127758 0.486463
  time 10
    0 0.254879 -0.281108 0.368674 0.000000 0.000000 -1.571017
    1 -3.285261 0.199225 0.000000 -1.570795 -1.570787 0.000000
    2 1.293670 0.684478 -0.000001 0.000266 0.025358 0.010374
    3 5.309685 -0.003834 0.000000 -0.073616 -0.036146 -0.007885
    4 4.826790 -0.004591 0.000000 -0.072158 -0.017030 -0.196109
    5 5.792767 -0.005304 0.000000 -0.109042 0.070673 -0.155157
    6 6.662322 -0.001452 0.000000 0.004698 0.139666 0.354824
    7 -3.108188 1.516823 4.339626 1.238993 -1.024532 -4.799756
    8 4.827512 0.000000 -0.000002 -0.435338 0.074778 -0.935245
    9 11.140032 0.000000 0.000000 0.070821 -0.141480 -1.042214
    10 10.314563 -0.000001 0.000001 -3.988822 0.203081 -0.504208
    11 1.646836 0.445664 -1.699647 -0.161704 0.581044 -0.283978
    12 0.928312 0.000000 0.000000 0.000000 0.000000 0.000000
    13 0.928313 0.000000 -0.000001 0.000000 0.000000 0.000000
    14 2.979373 -0.388274 -0.044205 -0.000805 -0.043611 0.000046
    15 1.435262 -0.000001 -0.000001 0.000000 0.000000 0.872146
    16 1.482593 -0.000001 0.000001 0.000000 0.000000 0.907041
    17 -2.869899 1.399667 -4.140396 -1.163265 1.764468 -4.903713
    18 4.972047 0.000000 0.000000 1.210610 -0.622598 -1.747728
    19 11.585358 0.000000 0.000001 0.316143 -0.391673 -1.873391
    20 10.127058 0.000000 0.000001 1.960763 0.596700 0.774136
    21 1.537458 0.109715 1.664489 -0.264662 -0.055995 0.783079
    22 0.928313 0.000000 0.000002 0.000000 0.000000 -0.453501
    23 0.928311 0.000000 0.000001 0.000000 0.000000 0.000000
    24 2.686395 -0.427337 0.044204 -0.005762 0.043239 -0.157074
    25 1.435260 0.000000 0.000001 0.000000 0.000000 0.732613
    26 1.482593 0.000000 -0.000001 0.000000 0.000000 1.168644
    27 2.046984 0.000001 0.000000 0.240187 0.396556 -0.308167
    28 -0.000005 0.000007 3.713254 -0.099194 -3.047177 5.706589
    29 18.045723 0.000000 0.000000 0.000000 0.000000 -0.423018
    30 17.597597 0.000000 0.000000 -0.057278 -0.017361 -0.154880
    31 0.000005 -0.000003 -3.713254 0.808474 2.832385 6.179213
    32 18.045721 0.000000 0.000000 0.000000 0.000000 -0.780046
    33 17.597597 0.000000 0.000000 0.178324 0.127383 0.486186
  time 11
    0 0.254879 -0.281108 0.368674 0.000000 0.000000 -1.571017
    1 -3.320418 0.207038 0.000000 -1.570795 -1.570787 0.000000
    2 1.293670 0.684478 -0.000001 0.000266 0.025358 0.010374
    3 5.309685 -0.003834 0.000000 -0.068868 -0.036337 -0.006472
    4 4.826790 -0.004591 0.000000 -0.070422 -0.016778 -0.194345
    5 5.792767 -0.005304 0.000000 -0.107693 0.070709 -0.153662
    6 6.662322 -0.001452 0.000000 0.005477 0.138828 0.355793
    7 -3.108188 1.516823 4.339626 1.238993 -1.024532 -4.799756
    8 4.827512 0.000000 -0.000002 -0.438766 0.065654 -0.951016
    9 11.140032 0.000000 0.000000 0.070821 -0.140257 -1.028231
    10 10.314563 -0.000001 0.000001 -3.953471 0.204393 -0.478486
    11 1.646836 0.445664 -1.699647 -0.161704 0.581044 -0.283978
    12 0.928312 0.000000 0.000000 0.000000 0.000000 0.000000
    13 0.928313 0.000000 -0.000001 0.000000 0.000000 0.000000
    14 2.979373 -0.388274 -0.044205 -0.000805 -0.043611 0.000046
    15 1.435262 -0.000001 -0.000001 0.000000 0.000000 0.872146
    16 1.482593 -0.000001 0.000001 0.000000 0.000000 0.907041
    17 -2.869899 1.399667 -4.140396 -1.163265 1.764468 -4.903713
    18 4.972047 0.000000 0.000000 1.213612 -0.617536 -1.740740
    19 11.585358 0.000000 0.000001 0.316143 -0.391378 -1.883519
    20 10.127058 0.000000 0.000001 1.960763 0.596700 0.774136
    21 1.537458 0.109715 1.664489 -0.264662 -0.055995 0.783079
    22 0.928313 0.000000 0.000002 0.000000 0.000000 -0.453501
    23 0.928311 0.000000 0.000001 0.000000 0.000000 0.000000
    24 2.686395 -0.427337 0.044204 -0.005762 0.043239 -0.157074
    25 1.435260 0.000000 0.000001 0.000000 0.000000 0.732613
    26 1.482593 0.000000 -0.000001 0.000000 0.000000 1.168644
    27 2.046984 0.000001 0.000000 0.250829 0.381421 -0.279455
    28 -0.000005 0.000007 3.713254 -0.099290 -3.047560 5.707165
    29 18.045723 0.000000 0.000000 0.000000 0.000000 -0.420057
    30 17.597597 0.000000 0.000000 -0.057430 -0.017066 -0.157264
    31 0.000005 -0.000003 -3.713254 0.808474 2.831905 6.177967
    32 18.045721 0.000000 0.000000 0.000000 0.000000 -0.780597
    33 17.597597 0.000000 0.000000 0.178190 0.126811 0.485770
  time 12
    0 0.254879 -0.281108 0.368674 0.000000 0.000000 -1.571017
    1 -3.336043 0.199225 0.000000 -1.570795 -1.570787 0.000000
    2 1.293670 0.684478 -0.000001 0.000266 0.025358 0.010374
    3 5.309685 -0.003834 0.000000 -0.056020 -0.036889 -0.002603
    4 4.826790 -0.004591 0.000000 -0.065616 -0.016071 -0.189495
    5 5.792767 -0.005304 0.000000 -0.103933 0.070817 -0.149426
    6 6.662322 -0.001452 0.000000 0.007646 0.136491 0.358555
    7 -3.108188 1.516823 4.339626 1.238993 -1.024532 -4.799756
    8 4.827512 0.000000 -0.000002 -0.445622 0.044847 -0.989662
    9 11.140032 0.000000 0.000000 0.070821 -0.137960 -1.002147
    10 10.314563 -0.000001 0.000001 -3.855851 0.208046 -0.407474
    11 1.646836 0.445664 -1.699647 -0.161704 0.581044 -0.283978
    12 0.928312 0.000000 0.000000 0.000000 0.000000 0.000000
    13 0.928313 0.000000 -0.000001 0.000000 0.000000 0.000000
    14 2.979373 -0.388274 -0.044205 -0.000805 -0.043611 0.000046
    15 1.435262 -0.000001 -0.000001 0.000000 0.000000 0.872146
    16 1.482593 -0.000001 0.000001 0.000000 0.000000 0.907041
    17 -2.869899 1.399667 -4.140396 -1.163265 1.764468 -4.903713
    18 4.972047 0.000000 0.000000 1.215676 -0.614483 -1.719309
    19 11.585358 0.000000 0.000001 0.316143 -0.389382 -1.919867
    20 10.127058 0.000000 0.000001 1.960763 0.596700 0.774136
    21 1.537458 0.109715 1.664489 -0.264662 -0.055995 0.783079
    22 0.928313 0.000000 0.000002 0.000000 0.000000 -0.453501
    23 0.928311 0.000000 0.000001 0.000000 0.000000 0.000000
    24 2.686395 -0.427337 0.044204 -0.005762 0.043239 -0.157074
    25 1.435260 0.000000 0.000001 0.000000 0.000000 0.732613
    26 1.482593 0.000000 -0.000001 0.000000 0.000000 1.168644
    27 2.046984 0.000001 0.000000 0.263064 0.364014 -0.246486
    28 -0.000005 0.000007 3.713254 -0.099290 -3.047656 5.707548
    29 18.045723 0.000000 0.000000 0.000000 0.000000 -0.418503
    30 17.597597 0.000000 0.000000 -0.057455 -0.017066 -0.158411
    31 0.000005 -0.000003 -3.713254 0.808474 2.831810 6.177392
    32 18.045721 0.000000 0.000000 0.000000 0.000000 -0.781148
    33 17.597597 0.000000 0.000000 0.178123 0.126456 0.485631
  time 13
    0 0.254879 -0.281108 0.368674 0.000000 0.000000 -1.571017
    1 -3.328231 0.187506 0.000000 -1.570795 -1.570787 0.000000
    2 1.293670 0.684478 -0.000001 0.000266 0.025358 0.010374
    3 5.309685 -0.003834 0.000000 -0.037063 -0.037680 0.003084
    4 4.826790 -0.004591 0.000000 -0.058367 -0.015005 -0.182175
    5 5.792767 -0.005304 0.000000 -0.098159 0.070985 -0.142948
    6 6.662322 -0.001452 0.000000 0.011038 0.132863 0.362828
    7 -3.108188 1.516823 4.339626 1.238993 -1.024532 -4.799756
    8 4.827512 0.000000 -0.000002 -0.435497 0.063522 -1.005692
    9 11.140032 0.000000 0.000000 0.070821 -0.142928 -1.059820
    10 10.314563 -0.000001 0.000001 -3.708284 0.213479 -0.300115
    11 1.646836 0.445664 -1.699647 -0.161704 0.581044 -0.283978
    12 0.928312 0.000000 0.000000 0.000000 0.000000 0.000000
    13 0.928313 0.000000 -0.000001 0.000000 0.000000 0.000000
    14 2.979373 -0.388274 -0.044205 -0.000805 -0.043611 0.000046
    15 1.435262 -0.000001 -0.000001 0.000000 0.000000 0.872146
    16 1.482593 -0.000001 0.000001 0.000000 0.000000 0.907041
    17 -2.869899 1.399667 -4.140396 -1.163265 1.764468 -4.903713
    18 4.972047 0.000000 0.000000 1.216989 -0.612555 -1.685698
    19 11.585358 0.000000 0.000001 0.316143 -0.385819 -1.978349
    20 10.127058 0.000000 0.000001 1.960763 0.596700 0.774136
    21 1.537458 0.109715 1.664489 -0.264662 -0.055995 0.783079
    22 0.928313 0.000000 0.000002 0.000000 0.000000 -0.453501
    23 0.928311 0.000000 0.000001 0.000000 0.000000 0.000000
    24 2.686395 -0.427337 0.044204 -0.005762 0.043239 -0.157074
    25 1.435260 0.000000 0.000001 0.000000 0.000000 0.732613
    26 1.482593 0.000000 -0.000001 0.000000 0.000000 1.168644
    27 2.046984 0.000001 0.000000 0.276248 0.345220 -0.210841
    28 -0.000005 0.000007 3.713254 -0.099290 -3.047369 5.707548
    29 18.045723 0.000000 0.000000 0.000000 0.000000 -0.418651
    30 17.597597 0.000000 0.000000 -0.057430 -0.017287 -0.158273
    31 0.000005 -0.000003 -3.713254 0.808474 2.832001 6.177488
    32 18.045721 0.000000 0.000000 0.000000 0.000000 -0.781148
    33 17.597597 0.000000 0.000000 0.178022 0.126377 0.485862
  time 14
    0 0.254879 -0.281108 0.368674 0.000000 0.000000 -1.571017
    1 -3.339950 0.187506 0.000000 -1.570795 -1.570787 0.000000
    2 1.293670 0.684478 -0.000001 0.000266 0.025358 0.010374
    3 5.309685 -0.003834 0.000000 -0.014039 -0.038650 0.009991
    4 4.826790 -0.004591 0.000000 -0.049269 -0.013662 -0.173003
    5 5.792767 -0.005304 0.000000 -0.090766 0.071200 -0.134643
    6 6.662322 -0.001452 0.000000 0.015424 0.128149 0.368382
    7 -3.108188 1.516823 4.339626 1.238993 -1.024532 -4.799756
    8 4.827512 0.000000 -0.000002 -0.391414 0.151269 -0.969905
    9 11.140032 0.000000 0.000000 0.070821 -0.154936 -1.238418
    10 10.314563 -0.000001 0.000001 -3.523376 0.220411 -0.165641
    11 1.646836 0.445664 -1.699647 -0.161704 0.581044 -0.283978
    12 0.928312 0.000000 0.000000 0.000000 0.000000 0.000000
    13 0.928313 0.000000 -0.000001 0.000000 0.000000 0.000000
    14 2.979373 -0.388274 -0.044205 -0.000805 -0.043611 0.000046
    15 1.435262 -0.000001 -0.000001 0.000000 0.000000 0.872146
    16 1.482593 -0.000001 0.000001 0.000000 0.000000 0.907041
    17 -2.869899 1.399667 -4.140396 -1.163265 1.764468 -4.903713
    18 4.972047 0.000000 0.000000 1.220553 -0.609903 -1.645565
    19 11.585358 0.000000 0.000001 0.316143 -0.379716 -2.046961
    20 10.127058 0.000000 0.000001 1.960763 0.596700 0.774136
    21 1.537458 0.109715 1.664489 -0.264662 -0.055995 0.783079
    22 0.928313 0.000000 0.000002 0.000000 0.000000 -0.453501
    23 0.928311 0.000000 0.000001 0.000000 0.000000 0.000000
    24 2.686395 -0.427337 0.044204 -0.005762 0.043239 -0.157074
    25 1.435260 0.000000 0.000001 0.000000 0.000000 0.732613
    26 1.482593 0.000000 -0.000001 0.000000 0.000000 1.168644
    27 2.046984 0.000001 0.000000 0.289776 0.325984 -0.174404
    28 -0.000005 0.000007 3.713254 -0.099290 -3.047464 5.707836
    29 18.045723 0.000000 0.000000 0.000000 0.000000 -0.417319
    30 17.597597 0.000000 0.000000 -0.057430 -0.017287 -0.159327
    31 0.000005 -0.000003 -3.713254 0.808666 2.831905 6.177008
    32 18.045721 0.000000 0.000000 0.000000 0.000000 -0.781463
    33 17.597597 0.000000 0.000000 0.177955 0.126022 0.485770
  time 15
    0 0.254879 -0.281108 0.368674 0.000000 0.000000 -1.571017
    1 -3.371201 0.199225 0.000000 -1.570795 -1.570787 0.000000
    2 1.293670 0.684478 -0.000001 0.000266 0.025358 0.010374
    3 5.309685 -0.003834 0.000000 0.010976 -0.039705 0.017498
    4 4.826790 -0.004591 0.000000 -0.038969 -0.012140 -0.162574
    5 5.792767 -0.005304 0.000000 -0.082186 0.071452 -0.124989
    6 6.662322 -0.001452 0.000000 0.020613 0.122569 0.374961
    7 -3.108188 1.516823 4.339626 1.238993 -1.024532 -4.799756
    8 4.827512 0.000000 -0.000002 -0.306356 0.285319 -0.891054
    9 11.140032 0.000000 0.000000 0.070821 -0.162950 -1.461139
    10 10.314563 -0.000001 0.000001 -3.313541 0.228279 -0.012992
    11 1.646836 0.445664 -1.699647 -0.161704 0.581044 -0.283978
    12 0.928312 0.000000 0.000000 0.000000 0.000000 0.000000
    13 0.928313 0.000000 -0.000001 0.000000 0.000000 0.000000
    14 2.979373 -0.388274 -0.044205 -0.000805 -0.043611 0.000046
    15 1.435262 -0.000001 -0.000001 0.000000 0.000000 0.872146
    16 1.482593 -0.000001 0.000001 0.000000 0.000000 0.907041
    17 -2.869899 1.399667 -4.140396 -1.163265 1.764468 -4.903713
    18 4.972047 0.000000 0.000000 1.227494 -0.606127 -1.602970
    19 11.585358 0.000000 0.000001 0.316143 -0.371003 -2.120227
    20 10.127058 0.000000 0.000001 1.960763 0.596700 0.774136
    21 1.537458 0.109715 1.664489 -0.264662 -0.055995 0.783079
    22 0.928313 0.000000 0.000002 0.000000 0.000000 -0.453501
    23 0.928311 0.000000 0.000001 0.000000 0.000000 0.000000
    24 2.686395 -0.427337 0.044204 -0.005762 0.043239 -0.157074
    25 1.435260 0.000000 0.000001 0.000000 0.000000 0.732613
    26 1.482593 0.000000 -0.000001 0.000000 0.000000 1.168644
    27 2.046984 0.000001 0.000000 0.302959 0.307190 -0.138880
    28 -0.000005 0.000007 3.713254 -0.099290 -3.047752 5.708411
    29 18.045723 0.000000 0.000000 0.000000 0.000000 -0.414654
    30 17.597597 0.000000 0.000000 -0.057582 -0.017066 -0.161391
    31 0.000005 -0.000003 -3.713254 0.808474 2.831522 6.175954
    32 18.045721 0.000000 0.000000 0.000000 0.000000 -0.782014
    33 17.597597 0.000000 0.000000 0.177854 0.125529 0.485400
  time 16
    0 0.254879 -0.281108 0.368674 0.000000 0.000000 -1.571017
    1 -3.382920 0.199225 0.000000 -1.570795 -1.570787 0.000000
    2 1.293670 0.684478 -0.000001 0.000266 0.025358 0.010374
    3 5.309685 -0.003834 0.000000 0.036025 -0.040760 0.025023
    4 4.826790 -0.004591 0.000000 -0.028039 -0.010534 -0.151550
    5 5.792767 -0.005304 0.000000 -0.072778 0.071716 -0.114420
    6 6.662322 -0.001452 0.000000 0.026414 0.116343 0.382309
    7 -3.108188 1.516823 4.339626 1.238993 -1.024532 -4.799756
    8 4.827512 0.000000 -0.000002 -0.163184 0.454758 -0.753799
    9 11.140032 0.000000 0.000000 0.070821 -0.163125 -1.673428
    10 10.314563 -0.000001 0.000001 -3.091196 0.236522 0.148714
    11 1.646836 0.445664 -1.699647 -0.161704 0.581044 -0.283978
    12 0.928312 0.000000 0.000000 0.000000 0.000000 0.000000
    13 0.928313 0.000000 -0.000001 0.000000 0.000000 0.000000
    14 2.979373 -0.388274 -0.044205 -0.000805 -0.043611 0.000046
    15 1.435262 -0.000001 -0.000001 0.000000 0.000000 0.872146
    16 1.482593 -0.000001 0.000001 0.000000 0.000000 0.907041
    17 -2.869899 1.399667 -4.140396 -1.163265 1.764468 -4.903713
    18 4.972047 0.000000 0.000000 1.237906 -0.601868 -1.562238
    19 11.585358 0.000000 0.000001 0.316143 -0.359862 -2.196843
    20 10.127058 0.000000 0.000001 1.960763 0.596700 0.774136
    21 1.537458 0.109715 1.664489 -0.264662 -0.055995 0.783079
    22 0.928313 0.000000 0.000002 0.000000 0.000000 -0.453501
    23 0.928311 0.000000 0.000001 0.000000 0.000000 0.000000
    24 2.686395 -0.427337 0.044204 -0.005762 0.043239 -0.157074
    25 1.435260 0.000000 0.000001 0.000000 0.000000 0.732613
    26 1.482593 0.000000 -0.000001 0.000000 0.000000 1.168644
    27 2.046984 0.000001 0.000000 0.315195 0.289783 -0.105850
    28 -0.000005 0.000007 3.713254 -0.099386 -3.047944 5.708698
    29 18.045723 0.000000 0.000000 0.000000 0.000000 -0.413396
    30 17.597597 0.000000 0.000000 -0.057658 -0.016943 -0.162445
    31 0.000005 -0.000003 -3.713254 0.808474 2.831330 6.175474
    32 18.045721 0.000000 0.000000 0.000000 0.000000 -0.782250
    33 17.597597 0.000000 0.000000 0.177787 0.125292 0.485216
  time 17
    0 0.254879 -0.281108 0.368674 0.000000 0.000000 -1.571017
    1 -3.394639 0.207038 0.000000 -1.570795 -1.570787 0.000000
    2 1.293670 0.684478 -0.000001 0.000266 0.025358 0.010374
    3 5.309685 -0.003834 0.000000 0.059049 -0.041730 0.031911
    4 4.826790 -0.004591 0.000000 -0.017110 -0.008917 -0.140526
    5 5.792767 -0.005304 0.000000 -0.062975 0.072003 -0.103416
    6 6.662322 -0.001452 0.000000 0.032610 0.109677 0.390141
    7 -3.108188 1.516823 4.339626 1.238993 -1.024532 -4.799756
    8 4.827512 0.000000 -0.000002 0.068712 0.645089 -0.511611
    9 11.140032 0.000000 0.000000 0.070821 -0.158631 -1.826667
    10 10.314563 -0.000001 0.000001 -2.868946 0.244859 0.310479
    11 1.646836 0.445664 -1.699647 -0.161704 0.581044 -0.283978
    12 0.928312 0.000000 0.000000 0.000000 0.000000 0.000000
    13 0.928313 0.000000 -0.000001 0.000000 0.000000 0.000000
    14 2.979373 -0.388274 -0.044205 -0.000805 -0.043611 0.000046
    15 1.435262 -0.000001 -0.000001 0.000000 0.000000 0.872146
    16 1.482593 -0.000001 0.000001 0.000000 0.000000 0.907041
    17 -2.869899 1.399667 -4.140396 -1.163265 1.764468 -4.903713
    18 4.972047 0.000000 0.000000 1.252257 -0.596565 -1.525699
    19 11.585358 0.000000 0.000001 0.316143 -0.347269 -2.270192
    20 10.127058 0.000000 0.000001 1.960763 0.596700 0.774136
    21 1.537458 0.109715 1.664489 -0.264662 -0.055995 0.783079
    22 0.928313 0.000000 0.000002 0.000000 0.000000 -0.453501
    23 0.928311 0.000000 0.000001 0.000000 0.000000 0.000000
    24 2.686395 -0.427337 0.044204 -0.005762 0.043239 -0.157074
    25 1.435260 0.000000 0.000001 0.000000 0.000000 0.732613
    26 1.482593 0.000000 -0.000001 0.000000 0.000000 1.168644
    27 2.046984 0.000001 0.000000 0.325793 0.274648 -0.077200
    28 -0.000005 0.000007 3.713254 -0.099290 -3.048040 5.708698
    29 18.045723 0.000000 0.000000 0.000000 0.000000 -0.412952
    30 17.597597 0.000000 0.000000 -0.057709 -0.016918 -0.162812
    31 0.000005 -0.000003 -3.713254 0.808474 2.831234 6.175283
    32 18.045721 0.000000 0.000000 0.000000 0.000000 -0.782486
    33 17.597597 0.000000 0.000000 0.177720 0.125214 0.485123
  time 18
    0 0.254879 -0.281108 0.368674 0.000000 0.000000 -1.571017
    1 -3.394639 0.207038 0.000000 -1.570795 -1.570787 0.000000
    2 1.293670 0.684478 -0.000001 0.000266 0.025358 0.010374
    3 5.309685 -0.003834 0.000000 0.078006 -0.042533 0.037599
    4 4.826790 -0.004591 0.000000 -0.006790 -0.007394 -0.130097
    5 5.792767 -0.005304 0.000000 -0.053154 0.072291 -0.092391
    6 6.662322 -0.001452 0.000000 0.039010 0.102805 0.398230
    7 -3.108188 1.516823 4.339626 1.238993 -1.024532 -4.799756
    8 4.827512 0.000000 -0.000002 0.440671 0.810264 -0.079053
    9 11.140032 0.000000 0.000000 0.070821 -0.155835 -1.884847
    10 10.314563 -0.000001 0.000001 -2.659111 0.252728 0.463127
    11 1.646836 0.445664 -1.699647 -0.161704 0.581044 -0.283978
    12 0.928312 0.000000 0.000000 0.000000 0.000000 0.000000
    13 0.928313 0.000000 -0.000001 0.000000 0.000000 0.000000
    14 2.979373 -0.388274 -0.044205 -0.000805 -0.043611 0.000046
    15 1.435262 -0.000001 -0.000001 0.000000 0.000000 0.872146
    16 1.482593 -0.000001 0.000001 0.000000 0.000000 0.907041
    17 -2.869899 1.399667 -4.140396 -1.163265 1.764468 -4.903713
    18 4.972047 0.000000 0.000000 1.269985 -0.590378 -1.497014
    19 11.585358 0.000000 0.000001 0.316143 -0.334495 -2.336189
    20 10.127058 0.000000 0.000001 1.960763 0.596700 0.774136
    21 1.537458 0.109715 1.664489 -0.264662 -0.055995 0.783079
    22 0.928313 0.000000 0.000002 0.000000 0.000000 -0.453501
    23 0.928311 0.000000 0.000001 0.000000 0.000000 0.000000
    24 2.686395 -0.427337 0.044204 -0.005762 0.043239 -0.157074
    25 1.435260 0.000000 0.000001 0.000000 0.000000 0.732613
    26 1.482593 0.000000 -0.000001 0.000000 0.000000 1.168644
    27 2.046984 0.000001 0.000000 0.334194 0.262699 -0.054572
    28 -0.000005 0.000007 3.713254 -0.099290 -3.048040 5.708698
    29 18.045723 0.000000 0.000000 0.000000 0.000000 -0.413026
    30 17.597597 0.000000 0.000000 -0.057734 -0.016918 -0.162674
    31 0.000005 -0.000003 -3.713254 0.808666 2.831234 6.175283
    32 18.045721 0.000000 0.000000 0.000000 0.000000 -0.782250
    33 17.597597 0.000000 0.000000 0.177686 0.125233 0.485123
  time 19
    0 0.254879 -0.281108 0.368674 0.000000 0.000000 -1.571017
    1 -3.386826 0.207038 0.000000 -1.570795 -1.570787 0.000000
    2 1.293670 0.684478 -0.000001 0.000266 0.025358 0.010374
    3 5.309685 -0.003834 0.000000 0.090871 -0.043073 0.041468
    4 4.826790 -0.004591 0.000000 0.002289 -0.006064 -0.120925
    5 5.792767 -0.005304 0.000000 -0.043764 0.072555 -0.081823
    6 6.662322 -0.001452 0.000000 0.045410 0.095933 0.406347
    7 -3.108188 1.516823 4.339626 1.238993 -1.024532 -4.799756
    8 4.827512 0.000000 -0.000002 0.888043 0.870894 0.488681
    9 11.140032 0.000000 0.000000 0.070821 -0.158207 -1.837535
    10 10.314563 -0.000001 0.000001 -2.474202 0.259566 0.597660
    11 1.646836 0.445664 -1.699647 -0.161704 0.581044 -0.283978
    12 0.928312 0.000000 0.000000 0.000000 0.000000 0.000000
    13 0.928313 0.000000 -0.000001 0.000000 0.000000 0.000000
    14 2.979373 -0.388274 -0.044205 -0.000805 -0.043611 0.000046
    15 1.435262 -0.000001 -0.000001 0.000000 0.000000 0.872146
    16 1.482593 -0.000001 0.000001 0.000000 0.000000 0.907041
    17 -2.869899 1.399667 -4.140396 -1.163265 1.764468 -4.903713
    18 4.972047 0.000000 0.000000 1.289589 -0.583067 -1.477447
    19 11.585358 0.000000 0.000001 0.316143 -0.323150 -2.389362
    20 10.127058 0.000000 0.000001 1.960763 0.596700 0.774136
    21 1.537458 0.109715 1.664489 -0.264662 -0.055995 0.783079
    22 0.928313 0.000000 0.000002 0.000000 0.000000 -0.453501
    23 0.928311 0.000000 0.000001 0.000000 0.000000 0.000000
    24 2.686395 -0.427337 0.044204 -0.005762 0.043239 -0.157074
    25 1.435260 0.000000 0.000001 0.000000 0.000000 0.732613
    26 1.482593 0.000000 -0.000001 0.000000 0.000000 1.168644
    27 2.046984 0.000001 0.000000 0.339709 0.254880 -0.039669
    28 -0.000005 0.000007 3.713254 -0.099290 -3.048040 5.708698
    29 18.045723 0.000000 0.000000 0.000000 0.000000 -0.413322
    30 17.597597 0.000000 0.000000 -0.057734 -0.016918 -0.162491
    31 0.000005 -0.000003 -3.713254 0.808666 2.831234 6.175474
    32 18.045721 0.000000 0.000000 0.000000 0.000000 -0.782250
    33 17.597597 0.000000 0.000000 0.177586 0.125312 0.485123
  time 20
    0 0.254879 -0.281108 0.368674 0.000000 0.000000 -1.571017
    1 -3.386826 0.207038 0.000000 -1.570795 -1.570787 0.000000
    2 1.293670 0.684478 -0.000001 0.000266 0.025358 0.010374
    3 5.309685 -0.003834 0.000000 0.095602 -0.043264 0.042881
    4 4.826790 -0.004591 0.000000 0.009537 -0.004998 -0.113605
    5 5.792767 -0.005304 0.000000 -0.035166 0.072806 -0.072168
    6 6.662322 -0.001452 0.000000 0.051618 0.089267 0.414180
    7 -3.108188 1.516823 4.339626 1.238993 -1.024532 -4.799756
    8 4.827512 0.000000 -0.000002 1.137158 0.852048 0.872802
    9 11.140032 0.000000 0.000000 0.070821 -0.162376 -1.706974
    10 10.314563 -0.000001 0.000001 -2.326636 0.265092 0.704961
    11 1.646836 0.445664 -1.699647 -0.161704 0.581044 -0.283978
    12 0.928312 0.000000 0.000000 0.000000 0.000000 0.000000
    13 0.928313 0.000000 -0.000001 0.000000 0.000000 0.000000
    14 2.979373 -0.388274 -0.044205 -0.000805 -0.043611 0.000046
    15 1.435262 -0.000001 -0.000001 0.000000 0.000000 0.872146
    16 1.482593 -0.000001 0.000001 0.000000 0.000000 0.907041
    17 -2.869899 1.399667 -4.140396 -1.163265 1.764468 -4.903713
    18 4.972047 0.000000 0.000000 1.308630 -0.574871 -1.467264
    19 11.585358 0.000000 0.000001 0.316143 -0.315117 -2.424403
    20 10.127058 0.000000 0.000001 1.960763 0.596700 0.774136
    21 1.537458 0.109715 1.664489 -0.264662 -0.055995 0.783079
    22 0.928313 0.000000 0.000002 0.000000 0.000000 -0.453501
    23 0.928311 0.000000 0.000001 0.000000 0.000000 0.000000
    24 2.686395 -0.427337 0.044204 -0.005762 0.043239 -0.157074
    25 1.435260 0.000000 0.000001 0.000000 0.000000 0.732613
    26 1.482593 0.000000 -0.000001 0.000000 0.000000 1.168644
    27 2.046984 0.000001 0.000000 0.341691 0.252048 -0.034377
    28 -0.000005 0.000007 3.713254 -0.099865 -3.047848 5.708602
    29 18.045723 0.000000 0.000000 0.000000 0.000000 -0.413544
    30 17.597597 0.000000 0.000000 -0.057202 -0.016721 -0.162308
    31 0.000005 -0.000003 -3.713254 0.807612 2.831522 6.175187
    32 18.045721 0.000000 0.000000 0.000000 0.000000 -0.782250
    33 17.597597 0.000000 0.000000 0.178693 0.125253 0.485308
  time 21
    0 0.254879 -0.281108 0.368674 0.000000 0.000000 -1.571017
    1 -3.386826 0.207038 0.000000 -1.570795 -1.570787 0.000000
    2 1.293670 0.684478 -0.000001 0.000266 0.025358 0.010374
    3 5.309685 -0.003834 0.000000 0.091654 -0.043109 0.042103
    4 4.826790 -0.004591 0.000000 0.014344 -0.004290 -0.108754
    5 5.792767 -0.005304 0.000000 -0.027773 0.073022 -0.063884
    6 6.662322 -0.001452 0.000000 0.057406 0.083041 0.421528
    7 -3.108188 1.516823 4.339626 1.238993 -1.024532 -4.799756
    8 4.827512 0.000000 -0.000002 1.189373 0.837125 1.026347
    9 11.140032 0.000000 0.000000 0.070821 -0.163849 -1.541563
    10 10.314563 -0.000001 0.000001 -2.229016 0.268746 0.776030
    11 1.646836 0.445664 -1.699647 -0.161704 0.581044 -0.283978
    12 0.928312 0.000000 0.000000 0.000000 0.000000 0.000000
    13 0.928313 0.000000 -0.000001 0.000000 0.000000 0.000000
    14 2.979373 -0.388274 -0.044205 -0.000805 -0.043611 0.000046
    15 1.435262 -0.000001 -0.000001 0.000000 0.000000 0.872146
    16 1.482593 -0.000001 0.000001 0.000000 0.000000 0.907041
    17 -2.869899 1.399667 -4.140396 -1.163265 1.764468 -4.903713
    18 4.972047 0.000000 0.000000 1.324576 -0.566273 -1.465467
    19 11.585358 0.000000 0.000001 0.316143 -0.311510 -2.439432
    20 10.127058 0.000000 0.000001 1.960763 0.596700 0.774136
    21 1.537458 0.109715 1.664489 -0.264662 -0.055995 0.783079
    22 0.928313 0.000000 0.000002 0.000000 0.000000 -0.453501
    23 0.928311 0.000000 0.000001 0.000000 0.000000 0.000000
    24 2.686395 -0.427337 0.044204 -0.005762 0.043239 -0.157074
    25 1.435260 0.000000 0.000001 0.000000 0.000000 0.732613
    26 1.482593 0.000000 -0.000001 0.000000 0.000000 1.168644
    27 2.046984 0.000001 0.000000 0.339709 0.254880 -0.039669
    28 -0.000005 0.000007 3.713254 -0.099865 -3.047848 5.708602
    29 18.045723 0.000000 0.000000 0.000000 0.000000 -0.413544
    30 17.597597 0.000000 0.000000 -0.057202 -0.016721 -0.162308
    31 0.000005 -0.000003 -3.713254 0.807612 2.831522 6.175187
    32 18.045721 0.000000 0.000000 0.000000 0.000000 -0.782250
    33 17.597597 0.000000 0.000000 0.178693 0.125253 0.485308
  time 22
    0 0.254879 -0.281108 0.368674 0.000000 0.000000 -1.571017
    1 -3.386826 0.207038 0.000000 -1.570795 -1.570787 0.000000
    2 1.293670 0.684478 -0.000001 0.000266 0.025358 0.010374
    3 5.309685 -0.003834 0.000000 0.080848 -0.042653 0.039895
    4 4.826790 -0.004591 0.000000 0.016080 -0.004027 -0.106990
    5 5.792767 -0.005304 0.000000 -0.021999 0.073190 -0.057385
    6 6.662322 -0.001452 0.000000 0.062608 0.077461 0.428107
    7 -3.108188 1.516823 4.339626 1.238993 -1.024532 -4.799756
    8 4.827512 0.000000 -0.000002 1.166893 0.840792 1.060573
    9 11.140032 0.000000 0.000000 0.070821 -0.161602 -1.397815
    10 10.314563 -0.000001 0.000001 -2.193664 0.270057 0.801752
    11 1.646836 0.445664 -1.699647 -0.161704 0.581044 -0.283978
    12 0.928312 0.000000 0.000000 0.000000 0.000000 0.000000
    13 0.928313 0.000000 -0.000001 0.000000 0.000000 0.000000
    14 2.979373 -0.388274 -0.044205 -0.000805 -0.043611 0.000046
    15 1.435262 -0.000001 -0.000001 0.000000 0.000000 0.872146
    16 1.482593 -0.000001 0.000001 0.000000 0.000000 0.907041
    17 -2.869899 1.399667 -4.140396 -1.163265 1.764468 -4.903713
    18 4.972047 0.000000 0.000000 1.335644 -0.558078 -1.469660
    19 11.585358 0.000000 0.000001 0.316143 -0.312485 -2.435348
    20 10.127058 0.000000 0.000001 1.960763 0.596700 0.774136
    21 1.537458 0.109715 1.664489 -0.264662 -0.055995 0.783079
    22 0.928313 0.000000 0.000002 0.000000 0.000000 -0.453501
    23 0.928311 0.000000 0.000001 0.000000 0.000000 0.000000
    24 2.686395 -0.427337 0.044204 -0.005762 0.043239 -0.157074
    25 1.435260 0.000000 0.000001 0.000000 0.000000 0.732613
    26 1.482593 0.000000 -0.000001 0.000000 0.000000 1.168644
    27 2.046984 0.000001 0.000000 0.334194 0.262699 -0.054572
    28 -0.000005 0.000007 3.713254 -0.099865 -3.047848 5.708602
    29 18.045723 0.000000 0.000000 0.000000 0.000000 -0.413544
    30 17.597597 0.000000 0.000000 -0.057202 -0.016721 -0.162308
    31 0.000005 -0.000003 -3.713254 0.807612 2.831522 6.175187
    32 18.045721 0.000000 0.000000 0.000000 0.000000 -0.782250
    33 17.597597 0.000000 0.000000 0.178693 0.125253 0.485308
  time 23
    0 0.254879 -0.281108 0.368674 0.000000 0.000000 -1.571017
    1 -3.386826 0.207038 0.000000 -1.570795 -1.570787 0.000000
    2 1.293670 0.684478 -0.000001 0.000266 0.025358 0.010374
    3 5.309685 -0.003834 0.000000 0.064699 -0.041970 0.036486
    4 4.826790 -0.004591 0.000000 0.013600 -0.004398 -0.108820
    5 5.792767 -0.005304 0.000000 -0.018240 0.073298 -0.053170
    6 6.662322 -0.001452 0.000000 0.066994 0.072746 0.433661
    7 -3.108188 1.516823 4.339626 1.238993 -1.024532 -4.799756
    8 4.827512 0.000000 -0.000002 1.148877 0.845226 1.061440
    9 11.140032 0.000000 0.000000 0.070821 -0.159430 -1.336809
    10 10.314563 -0.000001 0.000001 -2.223898 0.268933 0.779746
    11 1.646836 0.445664 -1.699647 -0.161704 0.581044 -0.283978
    12 0.928312 0.000000 0.000000 0.000000 0.000000 0.000000
    13 0.928313 0.000000 -0.000001 0.000000 0.000000 0.000000
    14 2.979373 -0.388274 -0.044205 -0.000805 -0.043611 0.000046
    15 1.435262 -0.000001 -0.000001 0.000000 0.000000 0.872146
    16 1.482593 -0.000001 0.000001 0.000000 0.000000 0.907041
    17 -2.869899 1.399667 -4.140396 -1.163265 1.764468 -4.903713
    18 4.972047 0.000000 0.000000 1.340428 -0.550766 -1.478711
    19 11.585358 0.000000 0.000001 0.316143 -0.318044 -2.412233
    20 10.127058 0.000000 0.000001 1.960763 0.596700 0.774136
    21 1.537458 0.109715 1.664489 -0.264662 -0.055995 0.783079
    22 0.928313 0.000000 0.000002 0.000000 0.000000 -0.453501
    23 0.928311 0.000000 0.000001 0.000000 0.000000 0.000000
    24 2.686395 -0.427337 0.044204 -0.005762 0.043239 -0.157074
    25 1.435260 0.000000 0.000001 0.000000 0.000000 0.732613
    26 1.482593 0.000000 -0.000001 0.000000 0.000000 1.168644
    27 2.046984 0.000001 0.000000 0.325793 0.274648 -0.077200
    28 -0.000005 0.000007 3.713254 -0.099865 -3.047848 5.708602
    29 18.045723 0.000000 0.000000 0.000000 0.000000 -0.413544
    30 17.597597 0.000000 0.000000 -0.057202 -0.016721 -0.162308
    31 0.000005 -0.000003 -3.713254 0.807612 2.831522 6.175187
    32 18.045721 0.000000 0.000000 0.000000 0.000000 -0.782250
    33 17.597597 0.000000 0.000000 0.178693 0.125253 0.485308
  time 24
    0 0.254879 -0.281108 0.368674 0.000000 0.000000 -1.571017
    1 -3.386826 0.207038 0.000000 -1.570795 -1.570787 0.000000
    2 1.293670 0.684478 -0.000001 0.000266 0.025358 0.010374
    3 5.309685 -0.003834 0.000000 0.044738 -0.041131 0.032088
    4 4.826790 -0.004591 0.000000 0.006886 -0.005381 -0.113891
    5 5.792767 -0.005304 0.000000 -0.016890 0.073334 -0.051655
    6 6.662322 -0.001452 0.000000 0.070374 0.069118 0.437933
    7 -3.108188 1.516823 4.339626 1.238993 -1.024532 -4.799756
    8 4.827512 0.000000 -0.000002 1.088451 0.850939 0.984754
    9 11.140032 0.000000 0.000000 0.070821 -0.159805 -1.347243
    10 10.314563 -0.000001 0.000001 -2.308059 0.265748 0.718490
    11 1.646836 0.445664 -1.699647 -0.161704 0.581044 -0.283978
    12 0.928312 0.000000 0.000000 0.000000 0.000000 0.000000
    13 0.928313 0.000000 -0.000001 0.000000 0.000000 0.000000
    14 2.979373 -0.388274 -0.044205 -0.000805 -0.043611 0.000046
    15 1.435262 -0.000001 -0.000001 0.000000 0.000000 0.872146
    16 1.482593 -0.000001 0.000001 0.000000 0.000000 0.907041
    17 -2.869899 1.399667 -4.140396 -1.163265 1.764468 -4.903713
    18 4.972047 0.000000 0.000000 1.338927 -0.544659 -1.492887
    19 11.585358 0.000000 0.000001 0.316143 -0.327007 -2.371311
    20 10.127058 0.000000 0.000001 1.960763 0.596700 0.774136
    21 1.537458 0.109715 1.664489 -0.264662 -0.055995 0.783079
    22 0.928313 0.000000 0.000002 0.000000 0.000000 -0.453501
    23 0.928311 0.000000 0.000001 0.000000 0.000000 0.000000
    24 2.686395 -0.427337 0.044204 -0.005762 0.043239 -0.157074
    25 1.435260 0.000000 0.000001 0.000000 0.000000 0.732613
    26 1.482593 0.000000 -0.000001 0.000000 0.000000 1.168644
    27 2.046984 0.000001 0.000000 0.315195 0.289783 -0.105850
    28 -0.000005 0.000007 3.713254 -0.099865 -3.047848 5.708602
    29 18.045723 0.000000 0.000000 0.000000 0.000000 -0.413544
    30 17.597597 0.000000 0.000000 -0.057202 -0.016721 -0.162308
    31 0.000005 -0.000003 -3.713254 0.807612 2.831522 6.175187
    32 18.045721 0.000000 0.000000 0.000000 0.000000 -0.782250
    33 17.597597 0.000000 0.000000 0.178693 0.125253 0.485308
  time 25
    0 0.254879 -0.281108 0.368674 0.000000 0.000000 -1.571017
    1 -3.386826 0.207038 0.000000 -1.570795 -1.570787 0.000000
    2 1.293670 0.684478 -0.000001 0.000266 0.025358 0.010374
    3 5.309685 -0.003834 0.000000 0.022497 -0.040184 0.026930
    4 4.826790 -0.004591 0.000000 -0.002976 -0.006843 -0.121564
    5 5.792767 -0.005304 0.000000 -0.020848 0.073214 -0.055122
    6 6.662322 -0.001452 0.000000 0.072555 0.066781 0.440696
    7 -3.108188 1.516823 4.339626 1.238993 -1.024532 -4.799756
    8 4.827512 0.000000 -0.000002 0.947033 0.855800 0.814833
    9 11.140032 0.000000 0.000000 0.070821 -0.160254 -1.359632
    10 10.314563 -0.000001 0.000001 -2.436386 0.260971 0.625182
    11 1.646836 0.445664 -1.699647 -0.161704 0.581044 -0.283978
    12 0.928312 0.000000 0.000000 0.000000 0.000000 0.000000
    13 0.928313 0.000000 -0.000001 0.000000 0.000000 0.000000
    14 2.979373 -0.388274 -0.044205 -0.000805 -0.043611 0.000046
    15 1.435262 -0.000001 -0.000001 0.000000 0.000000 0.872146
    16 1.482593 -0.000001 0.000001 0.000000 0.000000 0.907041
    17 -2.869899 1.399667 -4.140396 -1.163265 1.764468 -4.903713
    18 4.972047 0.000000 0.000000 1.331235 -0.540080 -1.512787
    19 11.585358 0.000000 0.000001 0.316143 -0.339328 -2.313073
    20 10.127058 0.000000 0.000001 1.960763 0.596700 0.774136
    21 1.537458 0.109715 1.664489 -0.264662 -0.055995 0.783079
    22 0.928313 0.000000 0.000002 0.000000 0.000000 -0.453501
    23 0.928311 0.000000 0.000001 0.000000 0.000000 0.000000
    24 2.686395 -0.427337 0.044204 -0.005762 0.043239 -0.157074
    25 1.435260 0.000000 0.000001 0.000000 0.000000 0.732613
    26 1.482593 0.000000 -0.000001 0.000000 0.000000 1.168644
    27 2.046984 0.000001 0.000000 0.302959 0.307190 -0.138880
    28 -0.000005 0.000007 3.713254 -0.099865 -3.047848 5.708602
    29 18.045723 0.000000 0.000000 0.000000 0.000000 -0.413544
    30 17.597597 0.000000 0.000000 -0.057202 -0.016721 -0.162308
    31 0.000005 -0.000003 -3.713254 0.807612 2.831522 6.175187
    32 18.045721 0.000000 0.000000 0.000000 0.000000 -0.782250
    33 17.597597 0.000000 0.000000 0.178693 0.125253 0.485308
  time 26
    0 0.254879 -0.281108 0.368674 0.000000 0.000000 -1.571017
    1 -3.386826 0.207038 0.000000 -1.570795 -1.570787 0.000000
    2 1.293670 0.684478 -0.000001 0.000266 0.025358 0.010374
    3 5.309685 -0.003834 0.000000 -0.000511 -0.039226 0.021225
    4 4.826790 -0.004591 0.000000 -0.014973 -0.008605 -0.131221
    5 5.792767 -0.005304 0.000000 -0.031281 0.072914 -0.064507
    6 6.662322 -0.001452 0.000000 0.073322 0.065943 0.441664
    7 -3.108188 1.516823 4.339626 1.238993 -1.024532 -4.799756
    8 4.827512 0.000000 -0.000002 0.818530 0.846164 0.656176
    9 11.140032 0.000000 0.000000 0.070821 -0.161802 -1.407234
    10 10.314563 -0.000001 0.000001 -2.598928 0.254976 0.506907
    11 1.646836 0.445664 -1.699647 -0.161704 0.581044 -0.283978
    12 0.928312 0.000000 0.000000 0.000000 0.000000 0.000000
    13 0.928313 0.000000 -0.000001 0.000000 0.000000 0.000000
    14 2.979373 -0.388274 -0.044205 -0.000805 -0.043611 0.000046
    15 1.435262 -0.000001 -0.000001 0.000000 0.000000 0.872146
    16 1.482593 -0.000001 0.000001 0.000000 0.000000 0.907041
    17 -2.869899 1.399667 -4.140396 -1.163265 1.764468 -4.903713
    18 4.972047 0.000000 0.000000 1.318760 -0.537267 -1.540275
    19 11.585358 0.000000 0.000001 0.316143 -0.353214 -2.238091
    20 10.127058 0.000000 0.000001 1.960763 0.596700 0.774136
    21 1.537458 0.109715 1.664489 -0.264662 -0.055995 0.783079
    22 0.928313 0.000000 0.000002 0.000000 0.000000 -0.453501
    23 0.928311 0.000000 0.000001 0.000000 0.000000 0.000000
    24 2.686395 -0.427337 0.044204 -0.005762 0.043239 -0.157074
    25 1.435260 0.000000 0.000001 0.000000 0.000000 0.732613
    26 1.482593 0.000000 -0.000001 0.000000 0.000000 1.168644
    27 2.046984 0.000001 0.000000 0.289776 0.325984 -0.174404
    28 -0.000005 0.000007 3.713254 -0.099865 -3.047848 5.708602
    29 18.045723 0.000000 0.000000 0.000000 0.000000 -0.413544
    30 17.597597 0.000000 0.000000 -0.057202 -0.016721 -0.162308
    31 0.000005 -0.000003 -3.713254 0.807612 2.831522 6.175187
    32 18.045721 0.000000 0.000000 0.000000 0.000000 -0.782250
    33 17.597597 0.000000 0.000000 0.178693 0.125253 0.485308
  time 27
    0 0.254879 -0.281108 0.368674 0.000000 0.000000 -1.571017
    1 -3.386826 0.207038 0.000000 -1.570795 -1.570787 0.000000
    2 1.293670 0.684478 -0.000001 0.000266 0.025358 0.010374
    3 5.309685 -0.003834 0.000000 -0.022752 -0.038291 0.015184
    4 4.826790 -0.004591 0.000000 -0.028039 -0.010534 -0.142245
    5 5.792767 -0.005304 0.000000 -0.046049 0.072495 -0.078169
    6 6.662322 -0.001452 0.000000 0.072327 0.067029 0.440411
    7 -3.108188 1.516823 4.339626 1.238993 -1.024532 -4.799756
    8 4.827512 0.000000 -0.000002 0.697759 0.825613 0.493447
    9 11.140032 0.000000 0.000000 0.070821 -0.163624 -1.506133
    10 10.314563 -0.000001 0.000001 -2.786016 0.247950 0.370748
    11 1.646836 0.445664 -1.699647 -0.161704 0.581044 -0.283978
    12 0.928312 0.000000 0.000000 0.000000 0.000000 0.000000
    13 0.928313 0.000000 -0.000001 0.000000 0.000000 0.000000
    14 2.979373 -0.388274 -0.044205 -0.000805 -0.043611 0.000046
    15 1.435262 -0.000001 -0.000001 0.000000 0.000000 0.872146
    16 1.482593 -0.000001 0.000001 0.000000 0.000000 0.907041
    17 -2.869899 1.399667 -4.140396 -1.163265 1.764468 -4.903713
    18 4.972047 0.000000 0.000000 1.304597 -0.535901 -1.574751
    19 11.585358 0.000000 0.000001 0.316143 -0.366805 -2.151919
    20 10.127058 0.000000 0.000001 1.960763 0.596700 0.774136
    21 1.537458 0.109715 1.664489 -0.264662 -0.055995 0.783079
    22 0.928313 0.000000 0.000002 0.000000 0.000000 -0.453501
    23 0.928311 0.000000 0.000001 0.000000 0.000000 0.000000
    24 2.686395 -0.427337 0.044204 -0.005762 0.043239 -0.157074
    25 1.435260 0.000000 0.000001 0.000000 0.000000 0.732613
    26 1.482593 0.000000 -0.000001 0.000000 0.000000 1.168644
    27 2.046984 0.000001 0.000000 0.276248 0.345220 -0.210841
    28 -0.000005 0.000007 3.713254 -0.099865 -3.047848 5.708602
    29 18.045723 0.000000 0.000000 0.000000 0.000000 -0.413544
    30 17.597597 0.000000 0.000000 -0.057202 -0.016721 -0.162308
    31 0.000005 -0.000003 -3.713254 0.807612 2.831522 6.175187
    32 18.045721 0.000000 0.000000 0.000000 0.000000 -0.782250
    33 17.597597 0.000000 0.000000 0.178693 0.125253 0.485308
  time 28
    0 0.254879 -0.281108 0.368674 0.000000 0.000000 -1.571017
    1 -3.386826 0.207038 0.000000 -1.570795 -1.570787 0.000000
    2 1.293670 0.684478 -0.000001 0.000266 0.025358 0.010374
    3 5.309685 -0.003834 0.000000 -0.042713 -0.037440 0.009037
    4 4.826790 -0.004591 0.000000 -0.041086 -0.012452 -0.154019
    5 5.792767 -0.005304 0.000000 -0.062975 0.072003 -0.094550
    6 6.662322 -0.001452 0.000000 0.069523 0.070039 0.436851
    7 -3.108188 1.516823 4.339626 1.238993 -1.024532 -4.799756
    8 4.827512 0.000000 -0.000002 0.524534 0.791077 0.269455
    9 11.140032 0.000000 0.000000 0.070821 -0.163849 -1.602713
    10 10.314563 -0.000001 0.000001 -2.987890 0.240457 0.223906
    11 1.646836 0.445664 -1.699647 -0.161704 0.581044 -0.283978
    12 0.928312 0.000000 0.000000 0.000000 0.000000 0.000000
    13 0.928313 0.000000 -0.000001 0.000000 0.000000 0.000000
    14 2.979373 -0.388274 -0.044205 -0.000805 -0.043611 0.000046
    15 1.435262 -0.000001 -0.000001 0.000000 0.000000 0.872146
    16 1.482593 -0.000001 0.000001 0.000000 0.000000 0.907041
    17 -2.869899 1.399667 -4.140396 -1.163265 1.764468 -4.903713
    18 4.972047 0.000000 0.000000 1.290996 -0.536142 -1.614085
    19 11.585358 0.000000 0.000001 0.316143 -0.378263 -2.060928
    20 10.127058 0.000000 0.000001 1.960763 0.596700 0.774136
    21 1.537458 0.109715 1.664489 -0.264662 -0.055995 0.783079
    22 0.928313 0.000000 0.000002 0.000000 0.000000 -0.453501
    23 0.928311 0.000000 0.000001 0.000000 0.000000 0.000000
    24 2.686395 -0.427337 0.044204 -0.005762 0.043239 -0.157074
    25 1.435260 0.000000 0.000001 0.000000 0.000000 0.732613
    26 1.482593 0.000000 -0.000001 0.000000 0.000000 1.168644
    27 2.046984 0.000001 0.000000 0.263064 0.364014 -0.246486
    28 -0.000005 0.000007 3.713254 -0.099865 -3.047848 5.708602
    29 18.045723 0.000000 0.000000 0.000000 0.000000 -0.413544
    30 17.597597 0.000000 0.000000 -0.057202 -0.016721 -0.162308
    31 0.000005 -0.000003 -3.713254 0.807612 2.831522 6.175187
    32 18.045721 0.000000 0.000000 0.000000 0.000000 -0.782250
    33 17.597597 0.000000 0.000000 0.178693 0.125253 0.485308
  time 29
    0 0.254879 -0.281108 0.368674 0.000000 0.000000 -1.571017
    1 -3.386826 0.207038 0.000000 -1.570795 -1.570787 0.000000
    2 1.293670 0.684478 -0.000001 0.000266 0.025358 0.010374
    3 5.309685 -0.003834 0.000000 -0.058862 -0.036769 0.002996
    4 4.826790 -0.004591 0.000000 -0.053103 -0.014226 -0.165903
    5 5.792767 -0.005304 0.000000 -0.079884 0.071512 -0.112033
    6 6.662322 -0.001452 0.000000 0.065220 0.074657 0.431411
    7 -3.108188 1.516823 4.339626 1.238993 -1.024532 -4.799756
    8 4.827512 0.000000 -0.000002 0.290405 0.725502 -0.015278
    9 11.140032 0.000000 0.000000 0.070821 -0.163475 -1.650677
    10 10.314563 -0.000001 0.000001 -3.194597 0.232682 0.073522
    11 1.646836 0.445664 -1.699647 -0.161704 0.581044 -0.283978
    12 0.928312 0.000000 0.000000 0.000000 0.000000 0.000000
    13 0.928313 0.000000 -0.000001 0.000000 0.000000 0.000000
    14 2.979373 -0.388274 -0.044205 -0.000805 -0.043611 0.000046
    15 1.435262 -0.000001 -0.000001 0.000000 0.000000 0.872146
    16 1.482593 -0.000001 0.000001 0.000000 0.000000 0.907041
    17 -2.869899 1.399667 -4.140396 -1.163265 1.764468 -4.903713
    18 4.972047 0.000000 0.000000 1.278708 -0.538633 -1.654351
    19 11.585358 0.000000 0.000001 0.316143 -0.386318 -1.972795
    20 10.127058 0.000000 0.000001 1.960763 0.596700 0.774136
    21 1.537458 0.109715 1.664489 -0.264662 -0.055995 0.783079
    22 0.928313 0.000000 0.000002 0.000000 0.000000 -0.453501
    23 0.928311 0.000000 0.000001 0.000000 0.000000 0.000000
    24 2.686395 -0.427337 0.044204 -0.005762 0.043239 -0.157074
    25 1.435260 0.000000 0.000001 0.000000 0.000000 0.732613
    26 1.482593 0.000000 -0.000001 0.000000 0.000000 1.168644
    27 2.046984 0.000001 0.000000 0.250829 0.381421 -0.279455
    28 -0.000005 0.000007 3.713254 -0.099865 -3.047848 5.708602
    29 18.045723 0.000000 0.000000 0.000000 0.000000 -0.413544
    30 17.597597 0.000000 0.000000 -0.057202 -0.016721 -0.162308
    31 0.000005 -0.000003 -3.713254 0.807612 2.831522 6.175187
    32 18.045721 0.000000 0.000000 0.000000 0.000000 -0.782250
    33 17.597597 0.000000 0.000000 0.178693 0.125253 0.485308
  time 30
    0 0.254879 -0.281108 0.368674 0.000000 0.000000 -1.571017
    1 -3.386826 0.207038 0.000000 -1.570795 -1.570787 0.000000
    2 1.293670 0.684478 -0.000001 0.000266 0.025358 0.010374
    3 5.309685 -0.003834 0.000000 -0.069668 -0.036313 -0.002727
    4 4.826790 -0.004591 0.000000 -0.062983 -0.015676 -0.177302
    5 5.792767 -0.005304 0.000000 -0.094651 0.071093 -0.129017
    6 6.662322 -0.001452 0.000000 0.059719 0.080567 0.424461
    7 -3.108188 1.516823 4.339626 1.238993 -1.024532 -4.799756
    8 4.827512 0.000000 -0.000002 0.047667 0.617460 -0.302004
    9 11.140032 0.000000 0.000000 0.070821 -0.163724 -1.618943
    10 10.314563 -0.000001 0.000001 -3.396376 0.225188 -0.073204
    11 1.646836 0.445664 -1.699647 -0.161704 0.581044 -0.283978
    12 0.928312 0.000000 0.000000 0.000000 0.000000 0.000000
    13 0.928313 0.000000 -0.000001 0.000000 0.000000 0.000000
    14 2.979373 -0.388274 -0.044205 -0.000805 -0.043611 0.000046
    15 1.435262 -0.000001 -0.000001 0.000000 0.000000 0.872146
    16 1.482593 -0.000001 0.000001 0.000000 0.000000 0.907041
    17 -2.869899 1.399667 -4.140396 -1.163265 1.764468 -4.903713
    18 4.972047 0.000000 0.000000 1.267921 -0.544177 -1.690357
    19 11.585358 0.000000 0.000001 0.316143 -0.390698 -1.895689
    20 10.127058 0.000000 0.000001 1.960763 0.596700 0.774136
    21 1.537458 0.109715 1.664489 -0.264662 -0.055995 0.783079
    22 0.928313 0.000000 0.000002 0.000000 0.000000 -0.453501
    23 0.928311 0.000000 0.000001 0.000000 0.000000 0.000000
    24 2.686395 -0.427337 0.044204 -0.005762 0.043239 -0.157074
    25 1.435260 0.000000 0.000001 0.000000 0.000000 0.732613
    26 1.482593 0.000000 -0.000001 0.000000 0.000000 1.168644
    27 2.046984 0.000001 0.000000 0.240187 0.396556 -0.308167
    28 -0.000005 0.000007 3.713254 -0.099865 -3.047848 5.708602
    29 18.045723 0.000000 0.000000 0.000000 0.000000 -0.413544
    30 17.597597 0.000000 0.000000 -0.057202 -0.016721 -0.162308
    31 0.000005 -0.000003 -3.713254 0.807612 2.831522 6.175187
    32 18.045721 0.000000 0.000000 0.000000 0.000000 -0.782250
    33 17.597597 0.000000 0.000000 0.178693 0.125253 0.485308
  time 31
    0 0.254879 -0.281108 0.368674 0.000000 0.000000 -1.571017
    1 -3.386826 0.207038 0.000000 -1.570795 -1.570787 0.000000
    2 1.293670 0.684478 -0.000001 0.000266 0.025358 0.010374
    3 5.309685 -0.003834 0.000000 -0.073616 -0.036146 -0.007885
    4 4.826790 -0.004591 0.000000 -0.069679 -0.016671 -0.187577
    5 5.792767 -0.005304 0.000000 -0.105084 0.070793 -0.143924
    6 6.662322 -0.001452 0.000000 0.053319 0.087439 0.416344
    7 -3.108188 1.516823 4.339626 1.238993 -1.024532 -4.799756
    8 4.827512 0.000000 -0.000002 -0.152263 0.479573 -0.545925
    9 11.140032 0.000000 0.000000 0.070821 -0.163574 -1.499322
    10 10.314563 -0.000001 0.000001 -3.583559 0.218163 -0.209362
    11 1.646836 0.445664 -1.699647 -0.161704 0.581044 -0.283978
    12 0.928312 0.000000 0.000000 0.000000 0.000000 0.000000
    13 0.928313 0.000000 -0.000001 0.000000 0.000000 0.000000
    14 2.979373 -0.388274 -0.044205 -0.000805 -0.043611 0.000046
    15 1.435262 -0.000001 -0.000001 0.000000 0.000000 0.872146
    16 1.482593 -0.000001 0.000001 0.000000 0.000000 0.907041
    17 -2.869899 1.399667 -4.140396 -1.163265 1.764468 -4.903713
    18 4.972047 0.000000 0.000000 1.257416 -0.553578 -1.715515
    19 11.585358 0.000000 0.000001 0.316143 -0.392377 -1.838024
    20 10.127058 0.000000 0.000001 1.960763 0.596700 0.774136
    21 1.537458 0.109715 1.664489 -0.264662 -0.055995 0.783079
    22 0.928313 0.000000 0.000002 0.000000 0.000000 -0.453501
    23 0.928311 0.000000 0.000001 0.000000 0.000000 0.000000
    24 2.686395 -0.427337 0.044204 -0.005762 0.043239 -0.157074
    25 1.435260 0.000000 0.000001 0.000000 0.000000 0.732613
    26 1.482593 0.000000 -0.000001 0.000000 0.000000 1.168644
    27 2.046984 0.000001 0.000000 0.231786 0.408505 -0.330795
    28 -0.000005 0.000007 3.713254 -0.099865 -3.047848 5.708602
    29 18.045723 0.000000 0.000000 0.000000 0.000000 -0.413544
    30 17.597597 0.000000 0.000000 -0.057202 -0.016721 -0.162308
    31 0.000005 -0.000003 -3.713254 0.807612 2.831522 6.175187
    32 18.045721 0.000000 0.000000 0.000000 0.000000 -0.782250
    33 17.597597 0.000000 0.000000 0.178693 0.125253 0.485308
  time 32
    0 0.254879 -0.281108 0.368674 0.000000 0.000000 -1.571017
    1 -3.386826 0.207038 0.000000 -1.570795 -1.570787 0.000000
    2 1.293670 0.684478 -0.000001 0.000266 0.025358 0.010374
    3 5.309685 -0.003834 0.000000 -0.073616 -0.036146 -0.013272
    4 4.826790 -0.004591 0.000000 -0.072158 -0.017030 -0.196109
    5 5.792767 -0.005304 0.000000 -0.109042 0.070673 -0.155157
    6 6.662322 -0.001452 0.000000 0.046320 0.094957 0.407487
    7 -3.108188 1.516823 4.339626 1.238993 -1.024532 -4.799756
    8 4.827512 0.000000 -0.000002 -0.294478 0.333925 -0.742881
    9 11.140032 0.000000 0.000000 0.070821 -0.158282 -1.306017
    10 10.314563 -0.000001 0.000001 -3.746100 0.212074 -0.327637
    11 1.646836 0.445664 -1.699647 -0.161704 0.581044 -0.283978
    12 0.928312 0.000000 0.000000 0.000000 0.000000 0.000000
    13 0.928313 0.000000 -0.000001 0.000000 0.000000 0.000000
    14 2.979373 -0.388274 -0.044205 -0.000805 -0.043611 0.000046
    15 1.435262 -0.000001 -0.000001 0.000000 0.000000 0.872146
    16 1.482593 -0.000001 0.000001 0.000000 0.000000 0.907041
    17 -2.869899 1.399667 -4.140396 -1.163265 1.764468 -4.903713
    18 4.972047 0.000000 0.000000 1.247098 -0.565470 -1.728560
    19 11.585358 0.000000 0.000001 0.316143 -0.393148 -1.798899
    20 10.127058 0.000000 0.000001 1.960763 0.596700 0.774136
    21 1.537458 0.109715 1.664489 -0.264662 -0.055995 0.783079
    22 0.928313 0.000000 0.000002 0.000000 0.000000 -0.453501
    23 0.928311 0.000000 0.000001 0.000000 0.000000 0.000000
    24 2.686395 -0.427337 0.044204 -0.005762 0.043239 -0.157074
    25 1.435260 0.000000 0.000001 0.000000 0.000000 0.732613
    26 1.482593 0.000000 -0.000001 0.000000 0.000000 1.168644
    27 2.046984 0.000001 0.000000 0.226315 0.416323 -0.345637
    28 -0.000005 0.000007 3.713254 -0.099865 -3.047848 5.708602
    29 18.045723 0.000000 0.000000 0.000000 0.000000 -0.413544
    30 17.597597 0.000000 0.000000 -0.057202 -0.016721 -0.162308
    31 0.000005 -0.000003 -3.713254 0.807612 2.831522 6.175187
    32 18.045721 0.000000 0.000000 0.000000 0.000000 -0.782250
    33 17.597597 0.000000 0.000000 0.178693 0.125253 0.485308
  time 33
    0 0.254879 -0.281108 0.368674 0.000000 0.000000 -1.571017
    1 -3.386826 0.207038 0.000000 -1.570795 -1.570787 0.000000
    2 1.293670 0.684478 -0.000001 0.000266 0.025358 0.010374
    3 5.309685 -0.003834 0.000000 -0.073616 -0.036146 -0.019490
    4 4.826790 -0.004591 0.000000 -0.072158 -0.017030 -0.203738
    5 5.792767 -0.005304 0.000000 -0.108952 0.070949 -0.163587
    6 6.662322 -0.001452 0.000000 0.039010 0.102805 0.398230
    7 -3.108188 1.516823 4.339626 1.238993 -1.024532 -4.799756
    8 4.827512 0.000000 -0.000002 -0.382884 0.203286 -0.893653
    9 11.140032 0.000000 0.000000 0.070821 -0.144226 -1.076919
    10 10.314563 -0.000001 0.000001 -3.874427 0.207297 -0.421003
    11 1.646836 0.445664 -1.699647 -0.161704 0.581044 -0.283978
    12 0.928312 0.000000 0.000000 0.000000 0.000000 0.000000
    13 0.928313 0.000000 -0.000001 0.000000 0.000000 0.000000
    14 2.979373 -0.388274 -0.044205 -0.000805 -0.043611 0.000046
    15 1.435262 -0.000001 -0.000001 0.000000 0.000000 0.872146
    16 1.482593 -0.000001 0.000001 0.000000 0.000000 0.907041
    17 -2.869899 1.399667 -4.140396 -1.163265 1.764468 -4.903713
    18 4.972047 0.000000 0.000000 1.236968 -0.578487 -1.736879
    19 11.585358 0.000000 0.000001 0.316143 -0.392876 -1.768187
    20 10.127058 0.000000 0.000001 1.960763 0.596700 0.774136
    21 1.537458 0.109715 1.664489 -0.264662 -0.055995 0.783079
    22 0.928313 0.000000 0.000002 0.000000 0.000000 -0.453501
    23 0.928311 0.000000 0.000001 0.000000 0.000000 0.000000
    24 2.686395 -0.427337 0.044204 -0.005762 0.043239 -0.157074
    25 1.435260 0.000000 0.000001 0.000000 0.000000 0.732613
    26 1.482593 0.000000 -0.000001 0.000000 0.000000 1.168644
    27 2.046984 0.000001 0.000000 0.224333 0.419155 -0.350990
    28 -0.000005 0.000007 3.713254 -0.099865 -3.047848 5.708602
    29 18.045723 0.000000 0.000000 0.000000 0.000000 -0.413544
    30 17.597597 0.000000 0.000000 -0.057202 -0.016721 -0.162308
    31 0.000005 -0.000003 -3.713254 0.807612 2.831522 6.175187
    32 18.045721 0.000000 0.000000 0.000000 0.000000 -0.782250
    33 17.597597 0.000000 0.000000 0.178693 0.125253 0.485308
  time 34
    0 0.254879 -0.281108 0.368674 0.000000 0.000000 -1.571017
    1 -3.386826 0.207038 0.000000 -1.570795 -1.570787 0.000000
    2 1.293670 0.684478 -0.000001 0.000266 0.025358 0.010374
    3 5.309685 -0.003834 0.000000 -0.073616 -0.036146 -0.026149
    4 4.826790 -0.004591 0.000000 -0.072158 -0.017030 -0.211499
    5 5.792767 -0.005304 0.000000 -0.108718 0.071680 -0.171124
    6 6.662322 -0.001452 0.000000 0.031711 0.110653 0.389002
    7 -3.108188 1.516823 4.339626 1.238993 -1.024532 -4.799756
    8 4.827512 0.000000 -0.000002 -0.428961 0.111531 -0.993734
    9 11.140032 0.000000 0.000000 0.070821 -0.125177 -0.870137
    10 10.314563 -0.000001 0.000001 -3.958589 0.204205 -0.482202
    11 1.646836 0.445664 -1.699647 -0.161704 0.581044 -0.283978
    12 0.928312 0.000000 0.000000 0.000000 0.000000 0.000000
    13 0.928313 0.000000 -0.000001 0.000000 0.000000 0.000000
    14 2.979373 -0.388274 -0.044205 -0.000805 -0.043611 0.000046
    15 1.435262 -0.000001 -0.000001 0.000000 0.000000 0.872146
    16 1.482593 -0.000001 0.000001 0.000000 0.000000 0.907041
    17 -2.869899 1.399667 -4.140396 -1.163265 1.764468 -4.903713
    18 4.972047 0.000000 0.000000 1.228057 -0.591342 -1.745864
    19 11.585358 0.000000 0.000001 0.316143 -0.392399 -1.737476
    20 10.127058 0.000000 0.000001 1.960763 0.596700 0.774136
    21 1.537458 0.109715 1.664489 -0.264662 -0.055995 0.783079
    22 0.928313 0.000000 0.000002 0.000000 0.000000 -0.453501
    23 0.928311 0.000000 0.000001 0.000000 0.000000 0.000000
    24 2.686395 -0.427337 0.044204 -0.005762 0.043239 -0.157074
    25 1.435260 0.000000 0.000001 0.000000 0.000000 0.732613
    26 1.482593 0.000000 -0.000001 0.000000 0.000000 1.168644
    27 2.046984 0.000001 0.000000 0.224333 0.419155 -0.350990
    28 -0.000005 0.000007 3.713254 -0.099865 -3.047848 5.708602
    29 18.045723 0.000000 0.000000 0.000000 0.000000 -0.413544
    30 17.597597 0.000000 0.000000 -0.057202 -0.016721 -0.162308
    31 0.000005 -0.000003 -3.713254 0.807612 2.831522 6.175187
    32 18.045721 0.000000 0.000000 0.000000 0.000000 -0.782250
    33 17.597597 0.000000 0.000000 0.178693 0.125253 0.485308
  time 35
    0 0.254879 -0.281108 0.368674 0.000000 0.000000 -1.571017
    1 -3.386826 0.207038 0.000000 -1.570795 -1.570787 0.000000
    2 1.293670 0.684478 -0.000001 0.000266 0.025358 0.010374
    3 5.309685 -0.003834 0.000000 -0.073616 -0.036146 -0.032879
    4 4.826790 -0.004591 0.000000 -0.072158 -0.017030 -0.219040
    5 5.792767 -0.005304 0.000000 -0.108376 0.072711 -0.177664
    6 6.662322 -0.001452 0.000000 0.024712 0.118171 0.380144
    7 -3.108188 1.516823 4.339626 1.238993 -1.024532 -4.799756
    8 4.827512 0.000000 -0.000002 -0.440918 0.088849 -1.026402
    9 11.140032 0.000000 0.000000 0.070821 -0.114043 -0.771094
    10 10.314563 -0.000001 0.000001 -3.988822 0.203081 -0.504208
    11 1.646836 0.445664 -1.699647 -0.161704 0.581044 -0.283978
    12 0.928312 0.000000 0.000000 0.000000 0.000000 0.000000
    13 0.928313 0.000000 -0.000001 0.000000 0.000000 0.000000
    14 2.979373 -0.388274 -0.044205 -0.000805 -0.043611 0.000046
    15 1.435262 -0.000001 -0.000001 0.000000 0.000000 0.872146
    16 1.482593 -0.000001 0.000001 0.000000 0.000000 0.907041
    17 -2.869899 1.399667 -4.140396 -1.163265 1.764468 -4.903713
    18 4.972047 0.000000 0.000000 1.220366 -0.603636 -1.754849
    19 11.585358 0.000000 0.000001 0.316143 -0.391946 -1.708561
    20 10.127058 0.000000 0.000001 1.960763 0.596700 0.774136
    21 1.537458 0.109715 1.664489 -0.264662 -0.055995 0.783079
    22 0.928313 0.000000 0.000002 0.000000 0.000000 -0.453501
    23 0.928311 0.000000 0.000001 0.000000 0.000000 0.000000
    24 2.686395 -0.427337 0.044204 -0.005762 0.043239 -0.157074
    25 1.435260 0.000000 0.000001 0.000000 0.000000 0.732613
    26 1.482593 0.000000 -0.000001 0.000000 0.000000 1.168644
    27 2.046984 0.000001 0.000000 0.224333 0.419155 -0.350990
    28 -0.000005 0.000007 3.713254 -0.099865 -3.047848 5.708602
    29 18.045723 0.000000 0.000000 0.000000 0.000000 -0.413544
    30 17.597597 0.000000 0.000000 -0.057202 -0.016721 -0.162308
    31 0.000005 -0.000003 -3.713254 0.807612 2.831522 6.175187
    32 18.045721 0.000000 0.000000 0.000000 0.000000 -0.782250
    33 17.597597 0.000000 0.000000 0.178693 0.125253 0.485308
  time 36
    0 0.254879 -0.281108 0.368674 0.000000 0.000000 -1.571017
    1 -3.386826 0.207038 0.000000 -1.570795 -1.570787 0.000000
    2 1.293670 0.684478 -0.000001 0.000266 0.025358 0.010374
    3 5.309685 -0.003834 0.000000 -0.073616 -0.036146 -0.039273
    4 4.826790 -0.004591 0.000000 -0.072158 -0.017030 -0.225985
    5 5.792767 -0.005304 0.000000 -0.107980 0.073897 -0.183187
    6 6.662322 -0.001452 0.000000 0.018312 0.125043 0.372027
    7 -3.108188 1.516823 4.339626 1.238993 -1.024532 -4.799756
    8 4.827512 0.000000 -0.000002 -0.436135 0.111190 -1.016177
    9 11.140032 0.000000 0.000000 0.070821 -0.112495 -0.758342
    10 10.314563 -0.000001 0.000001 -3.988822 0.203081 -0.504208
    11 1.646836 0.445664 -1.699647 -0.161704 0.581044 -0.283978
    12 0.928312 0.000000 0.000000 0.000000 0.000000 0.000000
    13 0.928313 0.000000 -0.000001 0.000000 0.000000 0.000000
    14 2.979373 -0.388274 -0.044205 -0.000805 -0.043611 0.000046
    15 1.435262 -0.000001 -0.000001 0.000000 0.000000 0.872146
    16 1.482593 -0.000001 0.000001 0.000000 0.000000 0.907041
    17 -2.869899 1.399667 -4.140396 -1.163265 1.764468 -4.903713
    18 4.972047 0.000000 0.000000 1.213800 -0.615367 -1.763568
    19 11.585358 0.000000 0.000001 0.316143 -0.390766 -1.683159
    20 10.127058 0.000000 0.000001 1.960763 0.596700 0.774136
    21 1.537458 0.109715 1.664489 -0.264662 -0.055995 0.783079
    22 0.928313 0.000000 0.000002 0.000000 0.000000 -0.453501
    23 0.928311 0.000000 0.000001 0.000000 0.000000 0.000000
    24 2.686395 -0.427337 0.044204 -0.005762 0.043239 -0.157074
    25 1.435260 0.000000 0.000001 0.000000 0.000000 0.732613
    26 1.482593 0.000000 -0.000001 0.000000 0.000000 1.168644
    27 2.046984 0.000001 0.000000 0.224333 0.419155 -0.350990
    28 -0.000005 0.000007 3.713254 -0.099865 -3.047848 5.708602
    29 18.045723 0.000000 0.000000 0.000000 0.000000 -0.413544
    30 17.597597 0.000000 0.000000 -0.057202 -0.016721 -0.162308
    31 0.000005 -0.000003 -3.713254 0.807612 2.831522 6.175187
    32 18.045721 0.000000 0.000000 0.000000 0.000000 -0.782250
    33 17.597597 0.000000 0.000000 0.178693 0.125253 0.485308
  time 37
    0 0.254879 -0.281108 0.368674 0.000000 0.000000 -1.571017
    1 -3.386826 0.207038 0.000000 -1.570795 -1.570787 0.000000
    2 1.293670 0.684478 -0.000001 0.000266 0.025358 0.010374
    3 5.309685 -0.003834 0.000000 -0.073616 -0.036146 -0.044925
    4 4.826790 -0.004591 0.000000 -0.072158 -0.017030 -0.232026
    5 5.792767 -0.005304 0.000000 -0.107603 0.075071 -0.187588
    6 6.662322 -0.001452 0.000000 0.012800 0.130953 0.365078
    7 -3.108188 1.516823 4.339626 1.238993 -1.024532 -4.799756
    8 4.827512 0.000000 -0.000002 -0.432548 0.129695 -1.008638
    9 11.140032 0.000000 0.000000 0.070821 -0.110897 -0.745083
    10 10.314563 -0.000001 0.000001 -3.988822 0.203081 -0.504208
    11 1.646836 0.445664 -1.699647 -0.161704 0.581044 -0.283978
    12 0.928312 0.000000 0.000000 0.000000 0.000000 0.000000
    13 0.928313 0.000000 -0.000001 0.000000 0.000000 0.000000
    14 2.979373 -0.388274 -0.044205 -0.000805 -0.043611 0.000046
    15 1.435262 -0.000001 -0.000001 0.000000 0.000000 0.872146
    16 1.482593 -0.000001 0.000001 0.000000 0.000000 0.907041
    17 -2.869899 1.399667 -4.140396 -1.163265 1.764468 -4.903713
    18 4.972047 0.000000 0.000000 1.208359 -0.625732 -1.770956
    19 11.585358 0.000000 0.000001 0.316143 -0.389699 -1.662085
    20 10.127058 0.000000 0.000001 1.960763 0.596700 0.774136
    21 1.537458 0.109715 1.664489 -0.264662 -0.055995 0.783079
    22 0.928313 0.000000 0.000002 0.000000 0.000000 -0.453501
    23 0.928311 0.000000 0.000001 0.000000 0.000000 0.000000
    24 2.686395 -0.427337 0.044204 -0.005762 0.043239 -0.157074
    25 1.435260 0.000000 0.000001 0.000000 0.000000 0.732613
    26 1.482593 0.000000 -0.000001 0.000000 0.000000 1.168644
    27 2.046984 0.000001 0.000000 0.224333 0.419155 -0.350990
    28 -0.000005 0.000007 3.713254 -0.099865 -3.047848 5.708602
    29 18.045723 0.000000 0.000000 0.000000 0.000000 -0.413544
    30 17.597597 0.000000 0.000000 -0.057202 -0.016721 -0.162308
    31 0.000005 -0.000003 -3.713254 0.807612 2.831522 6.175187
    32 18.045721 0.000000 0.000000 0.000000 0.000000 -0.782250
    33 17.597597 0.000000 0.000000 0.178693 0.125253 0.485308
  time 38
    0 0.254879 -0.281108 0.368674 0.000000 0.000000 -1.571017
    1 -3.386826 0.207038 0.000000 -1.570795 -1.570787 0.000000
    2 1.293670 0.684478 -0.000001 0.000266 0.025358 0.010374
    3 5.309685 -0.003834 0.000000 -0.073616 -0.036146 -0.049447
    4 4.826790 -0.004591 0.000000 -0.072158 -0.017030 -0.236766
    5 5.792767 -0.005304 0.000000 -0.107261 0.076102 -0.190827
    6 6.662322 -0.001452 0.000000 0.008497 0.135584 0.359638
    7 -3.108188 1.516823 4.339626 1.238993 -1.024532 -4.799756
    8 4.827512 0.000000 -0.000002 -0.429997 0.146408 -1.004912
    9 11.140032 0.000000 0.000000 0.070821 -0.108800 -0.727766
    10 10.314563 -0.000001 0.000001 -3.988822 0.203081 -0.504208
    11 1.646836 0.445664 -1.699647 -0.161704 0.581044 -0.283978
    12 0.928312 0.000000 0.000000 0.000000 0.000000 0.000000
    13 0.928313 0.000000 -0.000001 0.000000 0.000000 0.000000
    14 2.979373 -0.388274 -0.044205 -0.000805 -0.043611 0.000046
    15 1.435262 -0.000001 -0.000001 0.000000 0.000000 0.872146
    16 1.482593 -0.000001 0.000001 0.000000 0.000000 0.907041
    17 -2.869899 1.399667 -4.140396 -1.163265 1.764468 -4.903713
    18 4.972047 0.000000 0.000000 1.204138 -0.634490 -1.776347
    19 11.585358 0.000000 0.000001 0.316143 -0.388950 -1.647383
    20 10.127058 0.000000 0.000001 1.960763 0.596700 0.774136
    21 1.537458 0.109715 1.664489 -0.264662 -0.055995 0.783079
    22 0.928313 0.000000 0.000002 0.000000 0.000000 -0.453501
    23 0.928311 0.000000 0.000001 0.000000 0.000000 0.000000
    24 2.686395 -0.427337 0.044204 -0.005762 0.043239 -0.157074
    25 1.435260 0.000000 0.000001 0.000000 0.000000 0.732613
    26 1.482593 0.000000 -0.000001 0.000000 0.000000 1.168644
    27 2.046984 0.000001 0.000000 0.224333 0.419155 -0.350990
    28 -0.000005 0.000007 3.713254 -0.099865 -3.047848 5.708602
    29 18.045723 0.000000 0.000000 0.000000 0.000000 -0.413544
    30 17.597597 0.000000 0.000000 -0.057202 -0.016721 -0.162308
    31 0.000005 -0.000003 -3.713254 0.807612 2.831522 6.175187
    32 18.045721 0.000000 0.000000 0.000000 0.000000 -0.782250
    33 17.597597 0.000000 0.000000 0.178693 0.125253 0.485308
  time 39
    0 0.254879 -0.281108 0.368674 0.000000 0.000000 -1.571017
    1 -3.386826 0.207038 0.000000 -1.570795 -1.570787 0.000000
    2 1.293670 0.684478 -0.000001 0.000266 0.025358 0.010374
    3 5.309685 -0.003834 0.000000 -0.073616 -0.036146 -0.052468
    4 4.826790 -0.004591 0.000000 -0.072158 -0.017030 -0.239875
    5 5.792767 -0.005304 0.000000 -0.107009 0.076833 -0.192800
    6 6.662322 -0.001452 0.000000 0.005705 0.138594 0.356078
    7 -3.108188 1.516823 4.339626 1.238993 -1.024532 -4.799756
    8 4.827512 0.000000 -0.000002 -0.429120 0.161587 -1.006732
    9 11.140032 0.000000 0.000000 0.070821 -0.105729 -0.702335
    10 10.314563 -0.000001 0.000001 -3.988822 0.203081 -0.504208
    11 1.646836 0.445664 -1.699647 -0.161704 0.581044 -0.283978
    12 0.928312 0.000000 0.000000 0.000000 0.000000 0.000000
    13 0.928313 0.000000 -0.000001 0.000000 0.000000 0.000000
    14 2.979373 -0.388274 -0.044205 -0.000805 -0.043611 0.000046
    15 1.435262 -0.000001 -0.000001 0.000000 0.000000 0.872146
    16 1.482593 -0.000001 0.000001 0.000000 0.000000 0.907041
    17 -2.869899 1.399667 -4.140396 -1.163265 1.764468 -4.903713
    18 4.972047 0.000000 0.000000 1.200574 -0.641240 -1.779009
    19 11.585358 0.000000 0.000001 0.316143 -0.388587 -1.640277
    20 10.127058 0.000000 0.000001 1.960763 0.596700 0.774136
    21 1.537458 0.109715 1.664489 -0.264662 -0.055995 0.783079
    22 0.928313 0.000000 0.000002 0.000000 0.000000 -0.453501
    23 0.928311 0.000000 0.000001 0.000000 0.000000 0.000000
    24 2.686395 -0.427337 0.044204 -0.005762 0.043239 -0.157074
    25 1.435260 0.000000 0.000001 0.000000 0.000000 0.732613
    26 1.482593 0.000000 -0.000001 0.000000 0.000000 1.168644
    27 2.046984 0.000001 0.000000 0.224333 0.419155 -0.350990
    28 -0.000005 0.000007 3.713254 -0.099865 -3.047848 5.708602
    29 18.045723 0.000000 0.000000 0.000000 0.000000 -0.413544
    30 17.597597 0.000000 0.000000 -0.057202 -0.016721 -0.162308
    31 0.000005 -0.000003 -3.713254 0.807612 2.831522 6.175187
    32 18.045721 0.000000 0.000000 0.000000 0.000000 -0.782250
    33 17.597597 0.000000 0.000000 0.178693 0.125253 0.485308
  time 40
    0 0.254879 -0.281108 0.368674 0.000000 0.000000 -1.571017
    1 -3.386826 0.207038 0.000000 -1.570795 -1.570787 0.000000
    2 1.293670 0.684478 -0.000001 0.000266 0.025358 0.010374
    3 5.309685 -0.003834 0.000000 -0.073616 -0.036146 -0.053545
    4 4.826790 -0.004591 0.000000 -0.072158 -0.017030 -0.241000
    5 5.792767 -0.005304 0.000000 -0.106919 0.077109 -0.193485
    6 6.662322 -0.001452 0.000000 0.004698 0.139666 0.354824
    7 -3.108188 1.516823 4.339626 1.238993 -1.024532 -4.799756
    8 4.827512 0.000000 -0.000002 -0.430316 0.172843 -1.013837
    9 11.140032 0.000000 0.000000 0.070821 -0.101785 -0.671760
    10 10.314563 -0.000001 0.000001 -3.988822 0.203081 -0.504208
    11 1.646836 0.445664 -1.699647 -0.161704 0.581044 -0.283978
    12 0.928312 0.000000 0.000000 0.000000 0.000000 0.000000
    13 0.928313 0.000000 -0.000001 0.000000 0.000000 0.000000
    14 2.979373 -0.388274 -0.044205 -0.000805 -0.043611 0.000046
    15 1.435262 -0.000001 -0.000001 0.000000 0.000000 0.872146
    16 1.482593 -0.000001 0.000001 0.000000 0.000000 0.907041
    17 -2.869899 1.399667 -4.140396 -1.163265 1.764468 -4.903713
    18 4.972047 0.000000 0.000000 1.197948 -0.645659 -1.778410
    19 11.585358 0.000000 0.000001 0.316143 -0.388678 -1.642237
    20 10.127058 0.000000 0.000001 1.960763 0.596700 0.774136
    21 1.537458 0.109715 1.664489 -0.264662 -0.055995 0.783079
    22 0.928313 0.000000 0.000002 0.000000 0.000000 -0.453501
    23 0.928311 0.000000 0.000001 0.000000 0.000000 0.000000
    24 2.686395 -0.427337 0.044204 -0.005762 0.043239 -0.157074
    25 1.435260 0.000000 0.000001 0.000000 0.000000 0.732613
    26 1.482593 0.000000 -0.000001 0.000000 0.000000 1.168644
    27 2.046984 0.000001 0.000000 0.224333 0.419155 -0.350990
    28 -0.000005 0.000007 3.713254 -0.099865 -3.047848 5.708602
    29 18.045723 0.000000 0.000000 0.000000 0.000000 -0.413544
    30 17.597597 0.000000 0.000000 -0.057202 -0.016721 -0.162308
    31 0.000005 -0.000003 -3.713254 0.807612 2.831522 6.175187
    32 18.045721 0.000000 0.000000 0.000000 0.000000 -0.782250
    33 17.597597 0.000000 0.000000 0.178693 0.125253 0.485308
  time 41
    0 0.254879 -0.281108 0.368674 0.000000 0.000000 -1.571017
    1 -3.386826 0.207038 0.000000 -1.570795 -1.570787 0.000000
    2 1.293670 0.684478 -0.000001 0.000266 0.025358 0.010374
    3 5.309685 -0.003834 0.000000 -0.073616 -0.036146 -0.053545
    4 4.826790 -0.004591 0.000000 -0.072158 -0.017030 -0.241000
    5 5.792767 -0.005304 0.000000 -0.106919 0.077109 -0.193485
    6 6.662322 -0.001452 0.000000 0.004698 0.139666 0.354824
    7 -3.108188 1.516823 4.339626 1.238993 -1.024532 -4.799756
    8 4.827512 0.000000 -0.000002 -0.433345 0.181370 -1.024842
    9 11.140032 0.000000 0.000000 0.070821 -0.097141 -0.636040
    10 10.314563 -0.000001 0.000001 -3.988822 0.203081 -0.504208
    11 1.646836 0.445664 -1.699647 -0.161704 0.581044 -0.283978
    12 0.928312 0.000000 0.000000 0.000000 0.000000 0.000000
    13 0.928313 0.000000 -0.000001 0.000000 0.000000 0.000000
    14 2.979373 -0.388274 -0.044205 -0.000805 -0.043611 0.000046
    15 1.435262 -0.000001 -0.000001 0.000000 0.000000 0.872146
    16 1.482593 -0.000001 0.000001 0.000000 0.000000 0.907041
    17 -2.869899 1.399667 -4.140396 -1.163265 1.764468 -4.903713
    18 4.972047 0.000000 0.000000 1.195603 -0.648712 -1.775881
    19 11.585358 0.000000 0.000001 0.316143 -0.389041 -1.649343
    20 10.127058 0.000000 0.000001 1.960763 0.596700 0.774136
    21 1.537458 0.109715 1.664489 -0.264662 -0.055995 0.783079
    22 0.928313 0.000000 0.000002 0.000000 0.000000 -0.453501
    23 0.928311 0.000000 0.000001 0.000000 0.000000 0.000000
    24 2.686395 -0.427337 0.044204 -0.005762 0.043239 -0.157074
    25 1.435260 0.000000 0.000001 0.000000 0.000000 0.732613
    26 1.482593 0.000000 -0.000001 0.000000 0.000000 1.168644
    27 2.046984 0.000001 0.000000 0.224333 0.419155 -0.350990
    28 -0.000005 0.000007 3.713254 -0.099865 -3.047848 5.708602
    29 18.045723 0.000000 0.000000 0.000000 0.000000 -0.413544
    30 17.597597 0.000000 0.000000 -0.057202 -0.016721 -0.162308
    31 0.000005 -0.000003 -3.713254 0.807612 2.831522 6.175187
    32 18.045721 0.000000 0.000000 0.000000 0.000000 -0.782250
    33 17.597597 0.000000 0.000000 0.178693 0.125253 0.485308
  time 42
    0 0.254879 -0.281108 0.368674 0.000000 0.000000 -1.571017
    1 -3.386826 0.207038 0.000000 -1.570795 -1.570787 0.000000
    2 1.293670 0.684478 -0.000001 0.000266 0.025358 0.010374
    3 5.309685 -0.003834 0.000000 -0.073616 -0.036146 -0.053545
    4 4.826790 -0.004591 0.000000 -0.072158 -0.017030 -0.241000
    5 5.792767 -0.005304 0.000000 -0.106919 0.077109 -0.193485
    6 6.662322 -0.001452 0.000000 0.004698 0.139666 0.354824
    7 -3.108188 1.516823 4.339626 1.238993 -1.024532 -4.799756
    8 4.827512 0.000000 -0.000002 -0.438128 0.188448 -1.038879
    9 11.140032 0.000000 0.000000 0.070821 -0.091399 -0.593076
    10 10.314563 -0.000001 0.000001 -3.988822 0.203081 -0.504208
    11 1.646836 0.445664 -1.699647 -0.161704 0.581044 -0.283978
    12 0.928312 0.000000 0.000000 0.000000 0.000000 0.000000
    13 0.928313 0.000000 -0.000001 0.000000 0.000000 0.000000
    14 2.979373 -0.388274 -0.044205 -0.000805 -0.043611 0.000046
    15 1.435262 -0.000001 -0.000001 0.000000 0.000000 0.872146
    16 1.482593 -0.000001 0.000001 0.000000 0.000000 0.907041
    17 -2.869899 1.399667 -4.140396 -1.163265 1.764468 -4.903713
    18 4.972047 0.000000 0.000000 1.193164 -0.651765 -1.773285
    19 11.585358 0.000000 0.000001 0.316143 -0.389427 -1.656694
    20 10.127058 0.000000 0.000001 1.960763 0.596700 0.774136
    21 1.537458 0.109715 1.664489 -0.264662 -0.055995 0.783079
    22 0.928313 0.000000 0.000002 0.000000 0.000000 -0.453501
    23 0.928311 0.000000 0.000001 0.000000 0.000000 0.000000
    24 2.686395 -0.427337 0.044204 -0.005762 0.043239 -0.157074
    25 1.435260 0.000000 0.000001 0.000000 0.000000 0.732613
    26 1.482593 0.000000 -0.000001 0.000000 0.000000 1.168644
    27 2.046984 0.000001 0.000000 0.224333 0.419155 -0.350990
    28 -0.000005 0.000007 3.713254 -0.099865 -3.047848 5.708602
    29 18.045723 0.000000 0.000000 0.000000 0.000000 -0.413544
    30 17.597597 0.000000 0.000000 -0.057202 -0.016721 -0.162308
    31 0.000005 -0.000003 -3.713254 0.807612 2.831522 6.175187
    32 18.045721 0.000000 0.000000 0.000000 0.000000 -0.782250
    33 17.597597 0.000000 0.000000 0.178693 0.125253 0.485308
  time 43
    0 0.254879 -0.281108 0.368674 0.000000 0.000000 -1.571017
    1 -3.386826 0.207038 0.000000 -1.570795 -1.570787 0.000000
    2 1.293670 0.684478 -0.000001 0.000266 0.025358 0.010374
    3 5.309685 -0.003834 0.000000 -0.073616 -0.036146 -0.053545
    4 4.826790 -0.004591 0.000000 -0.072158 -0.017030 -0.241000
    5 5.792767 -0.005304 0.000000 -0.106919 0.077109 -0.193485
    6 6.662322 -0.001452 0.000000 0.004698 0.139666 0.354824
    7 -3.108188 1.516823 4.339626 1.238993 -1.024532 -4.799756
    8 4.827512 0.000000 -0.000002 -0.444107 0.193394 -1.054390
    9 11.140032 0.000000 0.000000 0.070821 -0.085083 -0.547430
    10 10.314563 -0.000001 0.000001 -3.988822 0.203081 -0.504208
    11 1.646836 0.445664 -1.699647 -0.161704 0.581044 -0.283978
    12 0.928312 0.000000 0.000000 0.000000 0.000000 0.000000
    13 0.928313 0.000000 -0.000001 0.000000 0.000000 0.000000
    14 2.979373 -0.388274 -0.044205 -0.000805 -0.043611 0.000046
    15 1.435262 -0.000001 -0.000001 0.000000 0.000000 0.872146
    16 1.482593 -0.000001 0.000001 0.000000 0.000000 0.907041
    17 -2.869899 1.399667 -4.140396 -1.163265 1.764468 -4.903713
    18 4.972047 0.000000 0.000000 1.191007 -0.654819 -1.770690
    19 11.585358 0.000000 0.000001 0.316143 -0.389813 -1.664372
    20 10.127058 0.000000 0.000001 1.960763 0.596700 0.774136
    21 1.537458 0.109715 1.664489 -0.264662 -0.055995 0.783079
    22 0.928313 0.000000 0.000002 0.000000 0.000000 -0.453501
    23 0.928311 0.000000 0.000001 0.000000 0.000000 0.000000
    24 2.686395 -0.427337 0.044204 -0.005762 0.043239 -0.157074
    25 1.435260 0.000000 0.000001 0.000000 0.000000 0.732613
    26 1.482593 0.000000 -0.000001 0.000000 0.000000 1.168644
    27 2.046984 0.000001 0.000000 0.224333 0.419155 -0.350990
    28 -0.000005 0.000007 3.713254 -0.099865 -3.047848 5.708602
    29 18.045723 0.000000 0.000000 0.000000 0.000000 -0.413544
    30 17.597597 0.000000 0.000000 -0.057202 -0.016721 -0.162308
    31 0.000005 -0.000003 -3.713254 0.807612 2.831522 6.175187
    32 18.045721 0.000000 0.000000 0.000000 0.000000 -0.782250
    33 17.597597 0.000000 0.000000 0.178693 0.125253 0.485308
  time 44
    0 0.254879 -0.281108 0.368674 0.000000 0.000000 -1.571017
    1 -3.386826 0.207038 0.000000 -1.570795 -1.570787 0.000000
    2 1.293670 0.684478 -0.000001 0.000266 0.025358 0.010374
    3 5.309685 -0.003834 0.000000 -0.073616 -0.036146 -0.053545
    4 4.826790 -0.004591 0.000000 -0.072158 -0.017030 -0.241000
    5 5.792767 -0.005304 0.000000 -0.106919 0.077109 -0.193485
    6 6.662322 -0.001452 0.000000 0.004698 0.139666 0.354824
    7 -3.108188 1.516823 4.339626 1.238993 -1.024532 -4.799756
    8 4.827512 0.000000 -0.000002 -0.450723 0.195611 -1.069987
    9 11.140032 0.000000 0.000000 0.070821 -0.078816 -0.503161
    10 10.314563 -0.000001 0.000001 -3.988822 0.203081 -0.504208
    11 1.646836 0.445664 -1.699647 -0.161704 0.581044 -0.283978
    12 0.928312 0.000000 0.000000 0.000000 0.000000 0.000000
    13 0.928313 0.000000 -0.000001 0.000000 0.000000 0.000000
    14 2.979373 -0.388274 -0.044205 -0.000805 -0.043611 0.000046
    15 1.435262 -0.000001 -0.000001 0.000000 0.000000 0.872146
    16 1.482593 -0.000001 0.000001 0.000000 0.000000 0.907041
    17 -2.869899 1.399667 -4.140396 -1.163265 1.764468 -4.903713
    18 4.972047 0.000000 0.000000 1.188943 -0.657872 -1.768160
    19 11.585358 0.000000 0.000001 0.316143 -0.390198 -1.672295
    20 10.127058 0.000000 0.000001 1.960763 0.596700 0.774136
    21 1.537458 0.109715 1.664489 -0.264662 -0.055995 0.783079
    22 0.928313 0.000000 0.000002 0.000000 0.000000 -0.453501
    23 0.928311 0.000000 0.000001 0.000000 0.000000 0.000000
    24 2.686395 -0.427337 0.044204 -0.005762 0.043239 -0.157074
    25 1.435260 0.000000 0.000001 0.000000 0.000000 0.732613
    26 1.482593 0.000000 -0.000001 0.000000 0.000000 1.168644
    27 2.046984 0.000001 0.000000 0.224333 0.419155 -0.350990
    28 -0.000005 0.000007 3.713254 -0.099865 -3.047848 5.708602
    29 18.045723 0.000000 0.000000 0.000000 0.000000 -0.413544
    30 17.597597 0.000000 0.000000 -0.057202 -0.016721 -0.162308
    31 0.000005 -0.000003 -3.713254 0.807612 2.831522 6.175187
    32 18.045721 0.000000 0.000000 0.000000 0.000000 -0.782250
    33 17.597597 0.000000 0.000000 0.178693 0.125253 0.485308
  time 45
    0 0.254879 -0.281108 0.368674 0.000000 0.000000 -1.571017
    1 -3.386826 0.207038 0.000000 -1.570795 -1.570787 0.000000
    2 1.293670 0.684478 -0.000001 0.000266 0.025358 0.010374
    3 5.309685 -0.003834 0.000000 -0.073616 -0.036146 -0.053545
    4 4.826790 -0.004591 0.000000 -0.072158 -0.017030 -0.241000
    5 5.792767 -0.005304 0.000000 -0.106919 0.077109 -0.193485
    6 6.662322 -0.001452 0.000000 0.004698 0.139666 0.354824
    7 -3.108188 1.516823 4.339626 1.238993 -1.024532 -4.799756
    8 4.827512 0.000000 -0.000002 -0.456064 0.195952 -1.082118
    9 11.140032 0.000000 0.000000 0.070821 -0.073923 -0.469325
    10 10.314563 -0.000001 0.000001 -3.988822 0.203081 -0.504208
    11 1.646836 0.445664 -1.699647 -0.161704 0.581044 -0.283978
    12 0.928312 0.000000 0.000000 0.000000 0.000000 0.000000
    13 0.928313 0.000000 -0.000001 0.000000 0.000000 0.000000
    14 2.979373 -0.388274 -0.044205 -0.000805 -0.043611 0.000046
    15 1.435262 -0.000001 -0.000001 0.000000 0.000000 0.872146
    16 1.482593 -0.000001 0.000001 0.000000 0.000000 0.907041
    17 -2.869899 1.399667 -4.140396 -1.163265 1.764468 -4.903713
    18 4.972047 0.000000 0.000000 1.186786 -0.660684 -1.765498
    19 11.585358 0.000000 0.000001 0.316143 -0.390607 -1.680300
    20 10.127058 0.000000 0.000001 1.960763 0.596700 0.774136
    21 1.537458 0.109715 1.664489 -0.264662 -0.055995 0.783079
    22 0.928313 0.000000 0.000002 0.000000 0.000000 -0.453501
    23 0.928311 0.000000 0.000001 0.000000 0.000000 0.000000
    24 2.686395 -0.427337 0.044204 -0.005762 0.043239 -0.157074
    25 1.435260 0.000000 0.000001 0.000000 0.000000 0.732613
    26 1.482593 0.000000 -0.000001 0.000000 0.000000 1.168644
    27 2.046984 0.000001 0.000000 0.224333 0.419155 -0.350990
    28 -0.000005 0.000007 3.713254 -0.099865 -3.047848 5.708602
    29 18.045723 0.000000 0.000000 0.000000 0.000000 -0.413544
    30 17.597597 0.000000 0.000000 -0.057202 -0.016721 -0.162308
    31 0.000005 -0.000003 -3.713254 0.807612 2.831522 6.175187
    32 18.045721 0.000000 0.000000 0.000000 0.000000 -0.782250
    33 17.597597 0.000000 0.000000 0.178693 0.125253 0.485308
  time 46
    0 0.254879 -0.281108 0.368674 0.000000 0.000000 -1.571017
    1 -3.386826 0.207038 0.000000 -1.570795 -1.570787 0.000000
    2 1.293670 0.684478 -0.000001 0.000266 0.025358 0.010374
    3 5.309685 -0.003834 0.000000 -0.073616 -0.036146 -0.053545
    4 4.826790 -0.004591 0.000000 -0.072158 -0.017030 -0.241000
    5 5.792767 -0.005304 0.000000 -0.106919 0.077109 -0.193485
    6 6.662322 -0.001452 0.000000 0.004698 0.139666 0.354824
    7 -3.108188 1.516823 4.339626 1.238993 -1.024532 -4.799756
    8 4.827512 0.000000 -0.000002 -0.458217 0.195867 -1.086883
    9 11.140032 0.000000 0.000000 0.070821 -0.072001 -0.456139
    10 10.314563 -0.000001 0.000001 -3.988822 0.203081 -0.504208
    11 1.646836 0.445664 -1.699647 -0.161704 0.581044 -0.283978
    12 0.928312 0.000000 0.000000 0.000000 0.000000 0.000000
    13 0.928313 0.000000 -0.000001 0.000000 0.000000 0.000000
    14 2.979373 -0.388274 -0.044205 -0.000805 -0.043611 0.000046
    15 1.435262 -0.000001 -0.000001 0.000000 0.000000 0.872146
    16 1.482593 -0.000001 0.000001 0.000000 0.000000 0.907041
    17 -2.869899 1.399667 -4.140396 -1.163265 1.764468 -4.903713
    18 4.972047 0.000000 0.000000 1.184628 -0.663336 -1.762903
    19 11.585358 0.000000 0.000001 0.316143 -0.391015 -1.688386
    20 10.127058 0.000000 0.000001 1.960763 0.596700 0.774136
    21 1.537458 0.109715 1.664489 -0.264662 -0.055995 0.783079
    22 0.928313 0.000000 0.000002 0.000000 0.000000 -0.453501
    23 0.928311 0.000000 0.000001 0.000000 0.000000 0.000000
    24 2.686395 -0.427337 0.044204 -0.005762 0.043239 -0.157074
    25 1.435260 0.000000 0.000001 0.000000 0.000000 0.732613
    26 1.482593 0.000000 -0.000001 0.000000 0.000000 1.168644
    27 2.046984 0.000001 0.000000 0.224333 0.419155 -0.350990
    28 -0.000005 0.000007 3.713254 -0.099865 -3.047848 5.708602
    29 18.045723 0.000000 0.000000 0.000000 0.000000 -0.413544
    30 17.597597 0.000000 0.000000 -0.057202 -0.016721 -0.162308
    31 0.000005 -0.000003 -3.713254 0.807612 2.831522 6.175187
    32 18.045721 0.000000 0.000000 0.000000 0.000000 -0.782250
    33 17.597597 0.000000 0.000000 0.178693 0.125253 0.485308
  time 47
    0 0.254879 -0.281108 0.368674 0.000000 0.000000 -1.571017
    1 -3.386826 0.207038 0.000000 -1.570795 -1.570787 0.000000
    2 1.293670 0.684478 -0.000001 0.000266 0.025358 0.010374
    3 5.309685 -0.003834 0.000000 -0.073616 -0.036146 -0.053545
    4 4.826790 -0.004591 0.000000 -0.072158 -0.017030 -0.241000
    5 5.792767 -0.005304 0.000000 -0.106919 0.077109 -0.193485
    6 6.662322 -0.001452 0.000000 0.004698 0.139666 0.354824
    7 -3.108188 1.516823 4.339626 1.238993 -1.024532 -4.799756
    8 4.827512 0.000000 -0.000002 -0.443310 0.191177 -1.052050
    9 11.140032 0.000000 0.000000 0.070821 -0.086031 -0.554168
    10 10.314563 -0.000001 0.000001 -3.988822 0.203081 -0.504208
    11 1.646836 0.445664 -1.699647 -0.161704 0.581044 -0.283978
    12 0.928312 0.000000 0.000000 0.000000 0.000000 0.000000
    13 0.928313 0.000000 -0.000001 0.000000 0.000000 0.000000
    14 2.979373 -0.388274 -0.044205 -0.000805 -0.043611 0.000046
    15 1.435262 -0.000001 -0.000001 0.000000 0.000000 0.872146
    16 1.482593 -0.000001 0.000001 0.000000 0.000000 0.907041
    17 -2.869899 1.399667 -4.140396 -1.163265 1.764468 -4.903713
    18 4.972047 0.000000 0.000000 1.182565 -0.665826 -1.760307
    19 11.585358 0.000000 0.000001 0.316143 -0.391424 -1.696472
    20 10.127058 0.000000 0.000001 1.960763 0.596700 0.774136
    21 1.537458 0.109715 1.664489 -0.264662 -0.055995 0.783079
    22 0.928313 0.000000 0.000002 0.000000 0.000000 -0.453501
    23 0.928311 0.000000 0.000001 0.000000 0.000000 0.000000
    24 2.686395 -0.427337 0.044204 -0.005762 0.043239 -0.157074
    25 1.435260 0.000000 0.000001 0.000000 0.000000 0.732613
    26 1.482593 0.000000 -0.000001 0.000000 0.000000 1.168644
    27 2.046984 0.000001 0.000000 0.224333 0.419155 -0.350990
    28 -0.000005 0.000007 3.713254 -0.099865 -3.047848 5.708602
    29 18.045723 0.000000 0.000000 0.000000 0.000000 -0.413544
    30 17.597597 0.000000 0.000000 -0.057202 -0.016721 -0.162308
    31 0.000005 -0.000003 -3.713254 0.807612 2.831522 6.175187
    32 18.045721 0.000000 0.000000 0.000000 0.000000 -0.782250
    33 17.597597 0.000000 0.000000 0.178693 0.125253 0.485308
  time 48
    0 0.254879 -0.281108 0.368674 0.000000 0.000000 -1.571017
    1 -3.386826 0.207038 0.000000 -1.570795 -1.570787 0.000000
    2 1.293670 0.684478 -0.000001 0.000266 0.025358 0.010374
    3 5.309685 -0.003834 0.000000 -0.073616 -0.036146 -0.053545
    4 4.826790 -0.004591 0.000000 -0.072158 -0.017030 -0.241000
    5 5.792767 -0.005304 0.000000 -0.106919 0.077109 -0.193485
    6 6.662322 -0.001452 0.000000 0.004698 0.139666 0.354824
    7 -3.108188 1.516823 4.339626 1.238993 -1.024532 -4.799756
    8 4.827512 0.000000 -0.000002 -0.429439 0.157920 -1.004479
    9 11.140032 0.000000 0.000000 0.070821 -0.106004 -0.704581
    10 10.314563 -0.000001 0.000001 -3.988822 0.203081 -0.504208
    11 1.646836 0.445664 -1.699647 -0.161704 0.581044 -0.283978
    12 0.928312 0.000000 0.000000 0.000000 0.000000 0.000000
    13 0.928313 0.000000 -0.000001 0.000000 0.000000 0.000000
    14 2.979373 -0.388274 -0.044205 -0.000805 -0.043611 0.000046
    15 1.435262 -0.000001 -0.000001 0.000000 0.000000 0.872146
    16 1.482593 -0.000001 0.000001 0.000000 0.000000 0.907041
    17 -2.869899 1.399667 -4.140396 -1.163265 1.764468 -4.903713
    18 4.972047 0.000000 0.000000 1.181064 -0.668317 -1.757977
    19 11.585358 0.000000 0.000001 0.316143 -0.391832 -1.704559
    20 10.127058 0.000000 0.000001 1.960763 0.596700 0.774136
    21 1.537458 0.109715 1.664489 -0.264662 -0.055995 0.783079
    22 0.928313 0.000000 0.000002 0.000000 0.000000 -0.453501
    23 0.928311 0.000000 0.000001 0.000000 0.000000 0.000000
    24 2.686395 -0.427337 0.044204 -0.005762 0.043239 -0.157074
    25 1.435260 0.000000 0.000001 0.000000 0.000000 0.732613
    26 1.482593 0.000000 -0.000001 0.000000 0.000000 1.168644
    27 2.046984 0.000001 0.000000 0.224333 0.419155 -0.350990
    28 -0.000005 0.000007 3.713254 -0.099865 -3.047848 5.708602
    29 18.045723 0.000000 0.000000 0.000000 0.000000 -0.413544
    30 17.597597 0.000000 0.000000 -0.057202 -0.016721 -0.162308
    31 0.000005 -0.000003 -3.713254 0.807612 2.831522 6.175187
    32 18.045721 0.000000 0.000000 0.000000 0.000000 -0.782250
    33 17.597597 0.000000 0.000000 0.178693 0.125253 0.485308
  time 49
    0 0.254879 -0.281108 0.368674 0.000000 0.000000 -1.571017
    1 -3.386826 0.207038 0.000000 -1.570795 -1.570787 0.000000
    2 1.293670 0.684478 -0.000001 0.000266 0.025358 0.010374
    3 5.309685 -0.003834 0.000000 -0.073616 -0.036146 -0.053545
    4 4.826790 -0.004591 0.000000 -0.072158 -0.017030 -0.241000
    5 5.792767 -0.005304 0.000000 -0.106919 0.077109 -0.193485
    6 6.662322 -0.001452 0.000000 0.004698 0.139666 0.354824
    7 -3.108188 1.516823 4.339626 1.238993 -1.024532 -4.799756
    8 4.827512 0.000000 -0.000002 -0.432628 0.108206 -0.979784
    9 11.140032 0.000000 0.000000 0.070821 -0.118187 -0.807103
    10 10.314563 -0.000001 0.000001 -3.988822 0.203081 -0.504208
    11 1.646836 0.445664 -1.699647 -0.161704 0.581044 -0.283978
    12 0.928312 0.000000 0.000000 0.000000 0.000000 0.000000
    13 0.928313 0.000000 -0.000001 0.000000 0.000000 0.000000
    14 2.979373 -0.388274 -0.044205 -0.000805 -0.043611 0.000046
    15 1.435262 -0.000001 -0.000001 0.000000 0.000000 0.872146
    16 1.482593 -0.000001 0.000001 0.000000 0.000000 0.907041
    17 -2.869899 1.399667 -4.140396 -1.163265 1.764468 -4.903713
    18 4.972047 0.000000 0.000000 1.186692 -0.658675 -1.757512
    19 11.585358 0.000000 0.000001 0.316143 -0.392218 -1.725469
    20 10.127058 0.000000 0.000001 1.960763 0.596700 0.774136
    21 1.537458 0.109715 1.664489 -0.264662 -0.055995 0.783079
    22 0.928313 0.000000 0.000002 0.000000 0.000000 -0.453501
    23 0.928311 0.000000 0.000001 0.000000 0.000000 0.000000
    24 2.686395 -0.427337 0.044204 -0.005762 0.043239 -0.157074
    25 1.435260 0.000000 0.000001 0.000000 0.000000 0.732613
    26 1.482593 0.000000 -0.000001 0.000000 0.000000 1.168644
    27 2.046984 0.000001 0.000000 0.224333 0.419155 -0.350990
    28 -0.000005 0.000007 3.713254 -0.099865 -3.047848 5.708602
    29 18.045723 0.000000 0.000000 0.000000 0.000000 -0.413544
    30 17.597597 0.000000 0.000000 -0.057202 -0.016721 -0.162308
    31 0.000005 -0.000003 -3.713254 0.807612 2.831522 6.175187
    32 18.045721 0.000000 0.000000 0.000000 0.000000 -0.782250
    33 17.597597 0.000000 0.000000 0.178693 0.125253 0.485308
  time 50
    0 0.254879 -0.281108 0.368674 0.000000 0.000000 -1.571017
    1 -3.386826 0.207038 0.000000 -1.570795 -1.570787 0.000000
    2 1.293670 0.684478 -0.000001 0.000266 0.025358 0.010374
    3 5.309685 -0.003834 0.000000 -0.073616 -0.036146 -0.053545
    4 4.826790 -0.004591 0.000000 -0.072158 -0.017030 -0.241000
    5 5.792767 -0.005304 0.000000 -0.106919 0.077109 -0.193485
    6 6.662322 -0.001452 0.000000 0.004698 0.139666 0.354824
    7 -3.108188 1.516823 4.339626 1.238993 -1.024532 -4.799756
    8 4.827512 0.000000 -0.000002 -0.436215 0.086802 -0.970079
    9 11.140032 0.000000 0.000000 0.070821 -0.123704 -0.856806
    10 10.314563 -0.000001 0.000001 -3.988822 0.203081 -0.504208
    11 1.646836 0.445664 -1.699647 -0.161704 0.581044 -0.283978
    12 0.928312 0.000000 0.000000 0.000000 0.000000 0.000000
    13 0.928313 0.000000 -0.000001 0.000000 0.000000 0.000000
    14 2.979373 -0.388274 -0.044205 -0.000805 -0.043611 0.000046
    15 1.435262 -0.000001 -0.000001 0.000000 0.000000 0.872146
    16 1.482593 -0.000001 0.000001 0.000000 0.000000 0.907041
    17 -2.869899 1.399667 -4.140396 -1.163265 1.764468 -4.903713
    18 4.972047 0.000000 0.000000 1.200105 -0.637463 -1.759774
    19 11.585358 0.000000 0.000001 0.316143 -0.392672 -1.754383
    20 10.127058 0.000000 0.000001 1.960763 0.596700 0.774136
    21 1.537458 0.109715 1.664489 -0.264662 -0.055995 0.783079
    22 0.928313 0.000000 0.000002 0.000000 0.000000 -0.453501
    23 0.928311 0.000000 0.000001 0.000000 0.000000 0.000000
    24 2.686395 -0.427337 0.044204 -0.005762 0.043239 -0.157074
    25 1.435260 0.000000 0.000001 0.000000 0.000000 0.732613
    26 1.482593 0.000000 -0.000001 0.000000 0.000000 1.168644
    27 2.046984 0.000001 0.000000 0.224333 0.419155 -0.350990
    28 -0.000005 0.000007 3.713254 -0.099865 -3.047848 5.708602
    29 18.045723 0.000000 0.000000 0.000000 0.000000 -0.413544
    30 17.597597 0.000000 0.000000 -0.057202 -0.016721 -0.162308
    31 0.000005 -0.000003 -3.713254 0.807612 2.831522 6.175187
    32 18.045721 0.000000 0.000000 0.000000 0.000000 -0.782250
    33 17.597597 0.000000 0.000000 0.178693 0.125253 0.485308
  time 51
    0 0.254879 -0.281108 0.368674 0.000000 0.000000 -1.571017
    1 -3.386826 0.207038 0.000000 -1.570795 -1.570787 0.000000
    2 1.293670 0.684478 -0.000001 0.000266 0.025358 0.010374
    3 5.309685 -0.003834 0.000000 -0.073616 -0.036146 -0.052998
    4 4.826790 -0.004591 0.000000 -0.072158 -0.017030 -0.240515
    5 5.792767 -0.005304 0.000000 -0.106919 0.077109 -0.193506
    6 6.662322 -0.001452 0.000000 0.004698 0.139666 0.354824
    7 -3.108188 1.516823 4.339626 1.238993 -1.024532 -4.799756
    8 4.827512 0.000000 -0.000002 -0.417481 0.128842 -0.909337
    9 11.140032 0.000000 0.000000 0.070821 -0.132592 -0.943750
    10 10.314563 -0.000001 0.000001 -3.986737 0.234087 -0.521395
    11 1.646836 0.445664 -1.699647 -0.161704 0.581044 -0.283978
    12 0.928312 0.000000 0.000000 0.000000 0.000000 0.000000
    13 0.928313 0.000000 -0.000001 0.000000 0.000000 0.000000
    14 2.979373 -0.388274 -0.044205 -0.000805 -0.043611 0.000046
    15 1.435262 -0.000001 -0.000001 0.000000 0.000000 0.872146
    16 1.482593 -0.000001 0.000001 0.000000 0.000000 0.907041
    17 -2.869899 1.399667 -4.140396 -1.163265 1.764468 -4.903713
    18 4.972047 0.000000 0.000000 1.208547 -0.625250 -1.761705
    19 11.585358 0.000000 0.000001 0.316143 -0.392898 -1.769576
    20 10.127058 0.000000 0.000001 1.960763 0.596700 0.774136
    21 1.537458 0.109715 1.664489 -0.264662 -0.055995 0.783079
    22 0.928313 0.000000 0.000002 0.000000 0.000000 -0.453501
    23 0.928311 0.000000 0.000001 0.000000 0.000000 0.000000
    24 2.686395 -0.427337 0.044204 -0.005762 0.043239 -0.157074
    25 1.435260 0.000000 0.000001 0.000000 0.000000 0.732613
    26 1.482593 0.000000 -0.000001 0.000000 0.000000 1.168644
    27 2.046984 0.000001 0.000000 0.222653 0.419893 -0.348618
    28 -0.000005 0.000007 3.713254 -0.099865 -3.047848 5.708602
    29 18.045723 0.000000 0.000000 0.000000 0.000000 -0.413544
    30 17.597597 0.000000 0.000000 -0.057202 -0.016721 -0.162308
    31 0.000005 -0.000003 -3.713254 0.807612 2.831522 6.175187
    32 18.045721 0.000000 0.000000 0.000000 0.000000 -0.782250
    33 17.597597 0.000000 0.000000 0.178693 0.125253 0.485308
  time 52
    0 0.254879 -0.281108 0.368674 0.000000 0.000000 -1.571017
    1 -3.386826 0.207038 0.000000 -1.570795 -1.570787 0.000000
    2 1.293670 0.684478 -0.000001 0.000266 0.025358 0.010374
    3 5.309685 -0.003834 0.000000 -0.073616 -0.036146 -0.051443
    4 4.826790 -0.004591 0.000000 -0.072158 -0.017030 -0.239103
    5 5.792767 -0.005304 0.000000 -0.106919 0.077121 -0.193589
    6 6.662322 -0.001452 0.000000 0.004698 0.139666 0.354824
    7 -3.108188 1.516823 4.339626 1.238993 -1.024532 -4.799756
    8 4.827512 0.000000 -0.000002 -0.372123 0.206356 -0.773816
    9 11.140032 0.000000 0.000000 0.070821 -0.144925 -1.086121
    10 10.314563 -0.000001 0.000001 -3.981145 0.322514 -0.570342
    11 1.646836 0.445664 -1.699647 -0.161704 0.581044 -0.283978
    12 0.928312 0.000000 0.000000 0.000000 0.000000 0.000000
    13 0.928313 0.000000 -0.000001 0.000000 0.000000 0.000000
    14 2.979373 -0.388274 -0.044205 -0.000805 -0.043611 0.000046
    15 1.435262 -0.000001 -0.000001 0.000000 0.000000 0.872146
    16 1.482593 -0.000001 0.000001 0.000000 0.000000 0.907041
    17 -2.869899 1.399667 -4.140396 -1.163265 1.764468 -4.903713
    18 4.972047 0.000000 0.000000 1.207328 -0.627098 -1.760640
    19 11.585358 0.000000 0.000001 0.316143 -0.392944 -1.772026
    20 10.127058 0.000000 0.000001 1.960763 0.596700 0.774136
    21 1.537458 0.109715 1.664489 -0.264662 -0.055995 0.783079
    22 0.928313 0.000000 0.000002 0.000000 0.000000 -0.453501
    23 0.928311 0.000000 0.000001 0.000000 0.000000 0.000000
    24 2.686395 -0.427337 0.044204 -0.005762 0.043239 -0.157074
    25 1.435260 0.000000 0.000001 0.000000 0.000000 0.732613
    26 1.482593 0.000000 -0.000001 0.000000 0.000000 1.168644
    27 2.046984 0.000001 0.000000 0.217913 0.421988 -0.342048
    28 -0.000005 0.000007 3.713254 -0.099865 -3.047848 5.708602
    29 18.045723 0.000000 0.000000 0.000000 0.000000 -0.413544
    30 17.597597 0.000000 0.000000 -0.057202 -0.016721 -0.162308
    31 0.000005 -0.000003 -3.713254 0.807612 2.831522 6.175187
    32 18.045721 0.000000 0.000000 0.000000 0.000000 -0.782250
    33 17.597597 0.000000 0.000000 0.178693 0.125253 0.485308
  time 53
    0 0.254879 -0.281108 0.368674 0.000000 0.000000 -1.571017
    1 -3.386826 0.207038 0.000000 -1.570795 -1.570787 0.000000
    2 1.293670 0.684478 -0.000001 0.000266 0.025358 0.010374
    3 5.309685 -0.003834 0.000000 -0.073616 -0.036146 -0.048970
    4 4.826790 -0.004591 0.000000 -0.072158 -0.017030 -0.236899
    5 5.792767 -0.005304 0.000000 -0.106919 0.077145 -0.193713
    6 6.662322 -0.001452 0.000000 0.004698 0.139666 0.354824
    7 -3.108188 1.516823 4.339626 1.238993 -1.024532 -4.799756
    8 4.827512 0.000000 -0.000002 -0.306675 0.281397 -0.605194
    9 11.140032 0.000000 0.000000 0.070821 -0.153638 -1.214581
    10 10.314563 -0.000001 0.000001 -3.972237 0.461055 -0.647102
    11 1.646836 0.445664 -1.699647 -0.161704 0.581044 -0.283978
    12 0.928312 0.000000 0.000000 0.000000 0.000000 0.000000
    13 0.928313 0.000000 -0.000001 0.000000 0.000000 0.000000
    14 2.979373 -0.388274 -0.044205 -0.000805 -0.043611 0.000046
    15 1.435262 -0.000001 -0.000001 0.000000 0.000000 0.872146
    16 1.482593 -0.000001 0.000001 0.000000 0.000000 0.907041
    17 -2.869899 1.399667 -4.140396 -1.163265 1.764468 -4.903713
    18 4.972047 0.000000 0.000000 1.203013 -0.633044 -1.758177
    19 11.585358 0.000000 0.000001 0.316143 -0.392944 -1.772925
    20 10.127058 0.000000 0.000001 1.960763 0.596700 0.774136
    21 1.537458 0.109715 1.664489 -0.264662 -0.055995 0.783079
    22 0.928313 0.000000 0.000002 0.000000 0.000000 -0.453501
    23 0.928311 0.000000 0.000001 0.000000 0.000000 0.000000
    24 2.686395 -0.427337 0.044204 -0.005762 0.043239 -0.157074
    25 1.435260 0.000000 0.000001 0.000000 0.000000 0.732613
    26 1.482593 0.000000 -0.000001 0.000000 0.000000 1.168644
    27 2.046984 0.000001 0.000000 0.210632 0.425233 -0.331890
    28 -0.000005 0.000007 3.713254 -0.099865 -3.047848 5.708602
    29 18.045723 0.000000 0.000000 0.000000 0.000000 -0.413544
    30 17.597597 0.000000 0.000000 -0.057202 -0.016721 -0.162308
    31 0.000005 -0.000003 -3.713254 0.807612 2.831522 6.175187
    32 18.045721 0.000000 0.000000 0.000000 0.000000 -0.782250
    33 17.597597 0.000000 0.000000 0.178693 0.125253 0.485308
  time 54
    0 0.254879 -0.281108 0.368674 0.000000 0.000000 -1.571017
    1 -3.386826 0.207038 0.000000 -1.570795 -1.570787 0.000000
    2 1.293670 0.684478 -0.000001 0.000266 0.025358 0.010374
    3 5.309685 -0.003834 0.000000 -0.073616 -0.036146 -0.045720
    4 4.826790 -0.004591 0.000000 -0.072158 -0.017030 -0.233988
    5 5.792767 -0.005304 0.000000 -0.106901 0.077169 -0.193880
    6 6.662322 -0.001452 0.000000 0.004698 0.139666 0.354824
    7 -3.108188 1.516823 4.339626 1.238993 -1.024532 -4.799756
    8 4.827512 0.000000 -0.000002 -0.237720 0.330855 -0.443678
    9 11.140032 0.000000 0.000000 0.070821 -0.158232 -1.305147
    10 10.314563 -0.000001 0.000001 -3.960579 0.642685 -0.747667
    11 1.646836 0.445664 -1.699647 -0.161704 0.581044 -0.283978
    12 0.928312 0.000000 0.000000 0.000000 0.000000 0.000000
    13 0.928313 0.000000 -0.000001 0.000000 0.000000 0.000000
    14 2.979373 -0.388274 -0.044205 -0.000805 -0.043611 0.000046
    15 1.435262 -0.000001 -0.000001 0.000000 0.000000 0.872146
    16 1.482593 -0.000001 0.000001 0.000000 0.000000 0.907041
    17 -2.869899 1.399667 -4.140396 -1.163265 1.764468 -4.903713
    18 4.972047 0.000000 0.000000 1.196072 -0.642364 -1.754716
    19 11.585358 0.000000 0.000001 0.316143 -0.392944 -1.772108
    20 10.127058 0.000000 0.000001 1.960763 0.596700 0.774136
    21 1.537458 0.109715 1.664489 -0.264662 -0.055995 0.783079
    22 0.928313 0.000000 0.000002 0.000000 0.000000 -0.453501
    23 0.928311 0.000000 0.000001 0.000000 0.000000 0.000000
    24 2.686395 -0.427337 0.044204 -0.005762 0.043239 -0.157074
    25 1.435260 0.000000 0.000001 0.000000 0.000000 0.732613
    26 1.482593 0.000000 -0.000001 0.000000 0.000000 1.168644
    27 2.046984 0.000001 0.000000 0.201240 0.429393 -0.318812
    28 -0.000005 0.000007 3.713254 -0.099865 -3.047848 5.708602
    29 18.045723 0.000000 0.000000 0.000000 0.000000 -0.413544
    30 17.597597 0.000000 0.000000 -0.057202 -0.016721 -0.162308
    31 0.000005 -0.000003 -3.713254 0.807612 2.831522 6.175187
    32 18.045721 0.000000 0.000000 0.000000 0.000000 -0.782250
    33 17.597597 0.000000 0.000000 0.178693 0.125253 0.485308
  time 55
    0 0.254879 -0.281108 0.368674 0.000000 0.000000 -1.571017
    1 -3.386826 0.207038 0.000000 -1.570795 -1.570787 0.000000
    2 1.293670 0.684478 -0.000001 0.000266 0.025358 0.010374
    3 5.309685 -0.003834 0.000000 -0.073616 -0.036146 -0.041781
    4 4.826790 -0.004591 0.000000 -0.072158 -0.017030 -0.230461
    5 5.792767 -0.005304 0.000000 -0.106901 0.077205 -0.194066
    6 6.662322 -0.001452 0.000000 0.004698 0.139666 0.354824
    7 -3.108188 1.516823 4.339626 1.238993 -1.024532 -4.799756
    8 4.827512 0.000000 -0.000002 -0.191404 0.349104 -0.330512
    9 11.140032 0.000000 0.000000 0.070821 -0.160653 -1.371297
    10 10.314563 -0.000001 0.000001 -3.946552 0.860098 -0.868091
    11 1.646836 0.445664 -1.699647 -0.161704 0.581044 -0.283978
    12 0.928312 0.000000 0.000000 0.000000 0.000000 0.000000
    13 0.928313 0.000000 -0.000001 0.000000 0.000000 0.000000
    14 2.979373 -0.388274 -0.044205 -0.000805 -0.043611 0.000046
    15 1.435262 -0.000001 -0.000001 0.000000 0.000000 0.872146
    16 1.482593 -0.000001 0.000001 0.000000 0.000000 0.907041
    17 -2.869899 1.399667 -4.140396 -1.163265 1.764468 -4.903713
    18 4.972047 0.000000 0.000000 1.187630 -0.654578 -1.750656
    19 11.585358 0.000000 0.000001 0.316143 -0.392898 -1.769086
    20 10.127058 0.000000 0.000001 1.960763 0.596700 0.774136
    21 1.537458 0.109715 1.664489 -0.264662 -0.055995 0.783079
    22 0.928313 0.000000 0.000002 0.000000 0.000000 -0.453501
    23 0.928311 0.000000 0.000001 0.000000 0.000000 0.000000
    24 2.686395 -0.427337 0.044204 -0.005762 0.043239 -0.157074
    25 1.435260 0.000000 0.000001 0.000000 0.000000 0.732613
    26 1.482593 0.000000 -0.000001 0.000000 0.000000 1.168644
    27 2.046984 0.000001 0.000000 0.190211 0.434320 -0.303422
    28 -0.000005 0.000007 3.713254 -0.099865 -3.047848 5.708602
    29 18.045723 0.000000 0.000000 0.000000 0.000000 -0.413544
    30 17.597597 0.000000 0.000000 -0.057202 -0.016721 -0.162308
    31 0.000005 -0.000003 -3.713254 0.807612 2.831522 6.175187
    32 18.045721 0.000000 0.000000 0.000000 0.000000 -0.782250
    33 17.597597 0.000000 0.000000 0.178693 0.125253 0.485308
  time 56
    0 0.254879 -0.281108 0.368674 0.000000 0.000000 -1.571017
    1 -3.386826 0.207038 0.000000 -1.570795 -1.570787 0.000000
    2 1.293670 0.684478 -0.000001 0.000266 0.025358 0.010374
    3 5.309685 -0.003834 0.000000 -0.073616 -0.036146 -0.037277
    4 4.826790 -0.004591 0.000000 -0.072158 -0.017030 -0.226426
    5 5.792767 -0.005304 0.000000 -0.106883 0.077241 -0.194295
    6 6.662322 -0.001452 0.000000 0.004698 0.139666 0.354824
    7 -3.108188 1.516823 4.339626 1.238993 -1.024532 -4.799756
    8 4.827512 0.000000 -0.000002 -0.181041 0.337507 -0.269597
    9 11.140032 0.000000 0.000000 0.070821 -0.162501 -1.439693
    10 10.314563 -0.000001 0.000001 -3.930819 1.106175 -1.004423
    11 1.646836 0.445664 -1.699647 -0.161704 0.581044 -0.283978
    12 0.928312 0.000000 0.000000 0.000000 0.000000 0.000000
    13 0.928313 0.000000 -0.000001 0.000000 0.000000 0.000000
    14 2.979373 -0.388274 -0.044205 -0.000805 -0.043611 0.000046
    15 1.435262 -0.000001 -0.000001 0.000000 0.000000 0.872146
    16 1.482593 -0.000001 0.000001 0.000000 0.000000 0.907041
    17 -2.869899 1.399667 -4.140396 -1.163265 1.764468 -4.903713
    18 4.972047 0.000000 0.000000 1.178062 -0.669040 -1.746397
    19 11.585358 0.000000 0.000001 0.316143 -0.392808 -1.763450
    20 10.127058 0.000000 0.000001 1.960763 0.596700 0.774136
    21 1.537458 0.109715 1.664489 -0.264662 -0.055995 0.783079
    22 0.928313 0.000000 0.000002 0.000000 0.000000 -0.453501
    23 0.928311 0.000000 0.000001 0.000000 0.000000 0.000000
    24 2.686395 -0.427337 0.044204 -0.005762 0.043239 -0.157074
    25 1.435260 0.000000 0.000001 0.000000 0.000000 0.732613
    26 1.482593 0.000000 -0.000001 0.000000 0.000000 1.168644
    27 2.046984 0.000001 0.000000 0.177976 0.439749 -0.286451
    28 -0.000005 0.000007 3.713254 -0.099865 -3.047848 5.708602
    29 18.045723 0.000000 0.000000 0.000000 0.000000 -0.413544
    30 17.597597 0.000000 0.000000 -0.057202 -0.016721 -0.162308
    31 0.000005 -0.000003 -3.713254 0.807612 2.831522 6.175187
    32 18.045721 0.000000 0.000000 0.000000 0.000000 -0.782250
    33 17.597597 0.000000 0.000000 0.178693 0.125253 0.485308
  time 57
    0 0.254879 -0.281108 0.368674 0.000000 0.000000 -1.571017
    1 -3.386826 0.207038 0.000000 -1.570795 -1.570787 0.000000
    2 1.293670 0.684478 -0.000001 0.000266 0.025358 0.010374
    3 5.309685 -0.003834 0.000000 -0.073616 -0.036146 -0.032331
    4 4.826790 -0.004591 0.000000 -0.072158 -0.017030 -0.221994
    5 5.792767 -0.005304 0.000000 -0.106865 0.077289 -0.194544
    6 6.662322 -0.001452 0.000000 0.004698 0.139666 0.354824
    7 -3.108188 1.516823 4.339626 1.238993 -1.024532 -4.799756
    8 4.827512 0.000000 -0.000002 -0.200731 0.304932 -0.236583
    9 11.140032 0.000000 0.000000 0.070821 -0.163674 -1.514393
    10 10.314563 -0.000001 0.000001 -3.913570 1.373703 -1.152601
    11 1.646836 0.445664 -1.699647 -0.161704 0.581044 -0.283978
    12 0.928312 0.000000 0.000000 0.000000 0.000000 0.000000
    13 0.928313 0.000000 -0.000001 0.000000 0.000000 0.000000
    14 2.979373 -0.388274 -0.044205 -0.000805 -0.043611 0.000046
    15 1.435262 -0.000001 -0.000001 0.000000 0.000000 0.872146
    16 1.482593 -0.000001 0.000001 0.000000 0.000000 0.907041
    17 -2.869899 1.399667 -4.140396 -1.163265 1.764468 -4.903713
    18 4.972047 0.000000 0.000000 1.167276 -0.684468 -1.741938
    19 11.585358 0.000000 0.000001 0.316143 -0.392672 -1.754873
    20 10.127058 0.000000 0.000001 1.960763 0.596700 0.774136
    21 1.537458 0.109715 1.664489 -0.264662 -0.055995 0.783079
    22 0.928313 0.000000 0.000002 0.000000 0.000000 -0.453501
    23 0.928311 0.000000 0.000001 0.000000 0.000000 0.000000
    24 2.686395 -0.427337 0.044204 -0.005762 0.043239 -0.157074
    25 1.435260 0.000000 0.000001 0.000000 0.000000 0.732613
    26 1.482593 0.000000 -0.000001 0.000000 0.000000 1.168644
    27 2.046984 0.000001 0.000000 0.165094 0.445473 -0.268445
    28 -0.000005 0.000007 3.713254 -0.099865 -3.047848 5.708602
    29 18.045723 0.000000 0.000000 0.000000 0.000000 -0.413544
    30 17.597597 0.000000 0.000000 -0.057202 -0.016721 -0.162308
    31 0.000005 -0.000003 -3.713254 0.807612 2.831522 6.175187
    32 18.045721 0.000000 0.000000 0.000000 0.000000 -0.782250
    33 17.597597 0.000000 0.000000 0.178693 0.125253 0.485308
  time 58
    0 0.254879 -0.281108 0.368674 0.000000 0.000000 -1.571017
    1 -3.386826 0.207038 0.000000 -1.570795 -1.570787 0.000000
    2 1.293670 0.684478 -0.000001 0.000266 0.025358 0.010374
    3 5.309685 -0.003834 0.000000 -0.073616 -0.036146 -0.027050
    4 4.826790 -0.004591 0.000000 -0.072158 -0.017030 -0.217254
    5 5.792767 -0.005304 0.000000 -0.106847 0.077337 -0.194814
    6 6.662322 -0.001452 0.000000 0.004698 0.139666 0.354824
    7 -3.108188 1.516823 4.339626 1.238993 -1.024532 -4.799756
    8 4.827512 0.000000 -0.000002 -0.242264 0.262977 -0.225405
    9 11.140032 0.000000 0.000000 0.070821 -0.163949 -1.588368
    10 10.314563 -0.000001 0.000001 -0.754012 1.485829 1.832725
    11 1.646836 0.445664 -1.699647 -0.161704 0.581044 -0.283978
    12 0.928312 0.000000 0.000000 0.000000 0.000000 0.000000
    13 0.928313 0.000000 -0.000001 0.000000 0.000000 0.000000
    14 2.979373 -0.388274 -0.044205 -0.000805 -0.043611 0.000046
    15 1.435262 -0.000001 -0.000001 0.000000 0.000000 0.872146
    16 1.482593 -0.000001 0.000001 0.000000 0.000000 0.907041
    17 -2.869899 1.399667 -4.140396 -1.163265 1.764468 -4.903713
    18 4.972047 0.000000 0.000000 1.156770 -0.700698 -1.738077
    19 11.585358 0.000000 0.000001 0.316143 -0.392490 -1.743112
    20 10.127058 0.000000 0.000001 1.960763 0.596700 0.774136
    21 1.537458 0.109715 1.664489 -0.264662 -0.055995 0.783079
    22 0.928313 0.000000 0.000002 0.000000 0.000000 -0.453501
    23 0.928311 0.000000 0.000001 0.000000 0.000000 0.000000
    24 2.686395 -0.427337 0.044204 -0.005762 0.043239 -0.157074
    25 1.435260 0.000000 0.000001 0.000000 0.000000 0.732613
    26 1.482593 0.000000 -0.000001 0.000000 0.000000 1.168644
    27 2.046984 0.000001 0.000000 0.151953 0.451314 -0.250136
    28 -0.000005 0.000007 3.713254 -0.099865 -3.047848 5.708602
    29 18.045723 0.000000 0.000000 0.000000 0.000000 -0.413544
    30 17.597597 0.000000 0.000000 -0.057202 -0.016721 -0.162308
    31 0.000005 -0.000003 -3.713254 0.807612 2.831522 6.175187
    32 18.045721 0.000000 0.000000 0.000000 0.000000 -0.782250
    33 17.597597 0.000000 0.000000 0.178693 0.125253 0.485308
  time 59
    0 0.254879 -0.281108 0.368674 0.000000 0.000000 -1.571017
    1 -3.386826 0.207038 0.000000 -1.570795 -1.570787 0.000000
    2 1.293670 0.684478 -0.000001 0.000266 0.025358 0.010374
    3 5.309685 -0.003834 0.000000 -0.073616 -0.036146 -0.021521
    4 4.826790 -0.004591 0.000000 -0.072158 -0.017030 -0.212315
    5 5.792767 -0.005304 0.000000 -0.106847 0.077385 -0.195084
    6 6.662322 -0.001452 0.000000 0.004698 0.139666 0.354824
    7 -3.108188 1.516823 4.339626 1.238993 -1.024532 -4.799756
    8 4.827512 0.000000 -0.000002 -0.292007 0.223410 -0.226358
    9 11.140032 0.000000 0.000000 0.070821 -0.163400 -1.660314
    10 10.314563 -0.000001 0.000001 -0.735436 1.196756 1.672644
    11 1.646836 0.445664 -1.699647 -0.161704 0.581044 -0.283978
    12 0.928312 0.000000 0.000000 0.000000 0.000000 0.000000
    13 0.928313 0.000000 -0.000001 0.000000 0.000000 0.000000
    14 2.979373 -0.388274 -0.044205 -0.000805 -0.043611 0.000046
    15 1.435262 -0.000001 -0.000001 0.000000 0.000000 0.872146
    16 1.482593 -0.000001 0.000001 0.000000 0.000000 0.907041
    17 -2.869899 1.399667 -4.140396 -1.163265 1.764468 -4.903713
    18 4.972047 0.000000 0.000000 1.146546 -0.716848 -1.734816
    19 11.585358 0.000000 0.000001 0.316143 -0.392263 -1.728164
    20 10.127058 0.000000 0.000001 1.960763 0.596700 0.774136
    21 1.537458 0.109715 1.664489 -0.264662 -0.055995 0.783079
    22 0.928313 0.000000 0.000002 0.000000 0.000000 -0.453501
    23 0.928311 0.000000 0.000001 0.000000 0.000000 0.000000
    24 2.686395 -0.427337 0.044204 -0.005762 0.043239 -0.157074
    25 1.435260 0.000000 0.000001 0.000000 0.000000 0.732613
    26 1.482593 0.000000 -0.000001 0.000000 0.000000 1.168644
    27 2.046984 0.000001 0.000000 0.139029 0.457067 -0.232192
    28 -0.000005 0.000007 3.713254 -0.099865 -3.047848 5.708602
    29 18.045723 0.000000 0.000000 0.000000 0.000000 -0.413544
    30 17.597597 0.000000 0.000000 -0.057202 -0.016721 -0.162308
    31 0.000005 -0.000003 -3.713254 0.807612 2.831522 6.175187
    32 18.045721 0.000000 0.000000 0.000000 0.000000 -0.782250
    33 17.597597 0.000000 0.000000 0.178693 0.125253 0.485308
  time 60
    0 0.254879 -0.281108 0.368674 0.000000 0.000000 -1.571017
    1 -3.386826 0.207038 0.000000 -1.570795 -1.570787 0.000000
    2 1.293670 0.684478 -0.000001 0.000266 0.025358 0.010374
    3 5.309685 -0.003834 0.000000 -0.073616 -0.036146 -0.015904
    4 4.826790 -0.004591 0.000000 -0.072158 -0.017030 -0.207266
    5 5.792767 -0.005304 0.000000 -0.106829 0.077420 -0.195374
    6 6.662322 -0.001452 0.000000 0.004698 0.139666 0.354824
    7 -3.108188 1.516823 4.339626 1.238993 -1.024532 -4.799756
    8 4.827512 0.000000 -0.000002 -0.331786 0.199193 -0.226012
    9 11.140032 0.000000 0.000000 0.070821 -0.161752 -1.735738
    10 10.314563 -0.000001 0.000001 -0.716860 0.907684 1.512506
    11 1.646836 0.445664 -1.699647 -0.161704 0.581044 -0.283978
    12 0.928312 0.000000 0.000000 0.000000 0.000000 0.000000
    13 0.928313 0.000000 -0.000001 0.000000 0.000000 0.000000
    14 2.979373 -0.388274 -0.044205 -0.000805 -0.043611 0.000046
    15 1.435262 -0.000001 -0.000001 0.000000 0.000000 0.872146
    16 1.482593 -0.000001 0.000001 0.000000 0.000000 0.907041
    17 -2.869899 1.399667 -4.140396 -1.163265 1.764468 -4.903713
    18 4.972047 0.000000 0.000000 1.137260 -0.732275 -1.732487
    19 11.585358 0.000000 0.000001 0.316143 -0.391968 -1.710195
    20 10.127058 0.000000 0.000001 1.960763 0.596700 0.774136
    21 1.537458 0.109715 1.664489 -0.264662 -0.055995 0.783079
    22 0.928313 0.000000 0.000002 0.000000 0.000000 -0.453501
    23 0.928311 0.000000 0.000001 0.000000 0.000000 0.000000
    24 2.686395 -0.427337 0.044204 -0.005762 0.043239 -0.157074
    25 1.435260 0.000000 0.000001 0.000000 0.000000 0.732613
    26 1.482593 0.000000 -0.000001 0.000000 0.000000 1.168644
    27 2.046984 0.000001 0.000000 0.126836 0.462496 -0.215159
    28 -0.000005 0.000007 3.713254 -0.099865 -3.047848 5.708602
    29 18.045723 0.000000 0.000000 0.000000 0.000000 -0.413544
    30 17.597597 0.000000 0.000000 -0.057202 -0.016721 -0.162308
    31 0.000005 -0.000003 -3.713254 0.807612 2.831522 6.175187
    32 18.045721 0.000000 0.000000 0.000000 0.000000 -0.782250
    33 17.597597 0.000000 0.000000 0.178693 0.125253 0.485308
  time 61
    0 0.254879 -0.281108 0.368674 0.000000 0.000000 -1.571017
    1 -3.386826 0.207038 0.000000 -1.570795 -1.570787 0.000000
    2 1.293670 0.684478 -0.000001 0.000266 0.025358 0.010374
    3 5.309685 -0.003834 0.000000 -0.073616 -0.036146 -0.010269
    4 4.826790 -0.004591 0.000000 -0.072158 -0.017030 -0.202217
    5 5.792767 -0.005304 0.000000 -0.106811 0.077468 -0.195644
    6 6.662322 -0.001452 0.000000 0.004698 0.139666 0.354824
    7 -3.108188 1.516823 4.339626 1.238993 -1.024532 -4.799756
    8 4.827512 0.000000 -0.000002 -0.361839 0.192456 -0.251140
    9 11.140032 0.000000 0.000000 0.070821 -0.158956 -1.817175
    10 10.314563 -0.000001 0.000001 -0.698758 0.625731 1.356373
    11 1.646836 0.445664 -1.699647 -0.161704 0.581044 -0.283978
    12 0.928312 0.000000 0.000000 0.000000 0.000000 0.000000
    13 0.928313 0.000000 -0.000001 0.000000 0.000000 0.000000
    14 2.979373 -0.388274 -0.044205 -0.000805 -0.043611 0.000046
    15 1.435262 -0.000001 -0.000001 0.000000 0.000000 0.872146
    16 1.482593 -0.000001 0.000001 0.000000 0.000000 0.907041
    17 -2.869899 1.399667 -4.140396 -1.163265 1.764468 -4.903713
    18 4.972047 0.000000 0.000000 1.129193 -0.746899 -1.731488
    19 11.585358 0.000000 0.000001 0.316143 -0.391106 -1.689856
    20 10.127058 0.000000 0.000001 1.960763 0.596700 0.774136
    21 1.537458 0.109715 1.664489 -0.264662 -0.055995 0.783079
    22 0.928313 0.000000 0.000002 0.000000 0.000000 -0.453501
    23 0.928311 0.000000 0.000001 0.000000 0.000000 0.000000
    24 2.686395 -0.427337 0.044204 -0.005762 0.043239 -0.157074
    25 1.435260 0.000000 0.000001 0.000000 0.000000 0.732613
    26 1.482593 0.000000 -0.000001 0.000000 0.000000 1.168644
    27 2.046984 0.000001 0.000000 0.115764 0.467394 -0.199831
    28 -0.000005 0.000007 3.713254 -0.099865 -3.047848 5.708602
    29 18.045723 0.000000 0.000000 0.000000 0.000000 -0.413544
    30 17.597597 0.000000 0.000000 -0.057202 -0.016721 -0.162308
    31 0.000005 -0.000003 -3.713254 0.807612 2.831522 6.175187
    32 18.045721 0.000000 0.000000 0.000000 0.000000 -0.782250
    33 17.597597 0.000000 0.000000 0.178693 0.125253 0.485308
  time 62
    0 0.254879 -0.281108 0.368674 0.000000 0.000000 -1.571017
    1 -3.386826 0.207038 0.000000 -1.570795 -1.570787 0.000000
    2 1.293670 0.684478 -0.000001 0.000266 0.025358 0.010374
    3 5.309685 -0.003834 0.000000 -0.073616 -0.036146 -0.004758
    4 4.826790 -0.004591 0.000000 -0.072158 -0.017030 -0.197278
    5 5.792767 -0.005304 0.000000 -0.106793 0.077516 -0.195935
    6 6.662322 -0.001452 0.000000 0.004698 0.139666 0.354824
    7 -3.108188 1.516823 4.339626 1.238993 -1.024532 -4.799756
    8 4.827512 0.000000 -0.000002 -0.391733 0.190324 -0.334931
    9 11.140032 0.000000 0.000000 0.070821 -0.155585 -1.889846
    10 10.314563 -0.000001 0.000001 -0.681508 0.358109 1.208138
    11 1.646836 0.445664 -1.699647 -0.161704 0.581044 -0.283978
    12 0.928312 0.000000 0.000000 0.000000 0.000000 0.000000
    13 0.928313 0.000000 -0.000001 0.000000 0.000000 0.000000
    14 2.979373 -0.388274 -0.044205 -0.000805 -0.043611 0.000046
    15 1.435262 -0.000001 -0.000001 0.000000 0.000000 0.872146
    16 1.482593 -0.000001 0.000001 0.000000 0.000000 0.907041
    17 -2.869899 1.399667 -4.140396 -1.163265 1.764468 -4.903713
    18 4.972047 0.000000 0.000000 1.122815 -0.759996 -1.731888
    19 11.585358 0.000000 0.000001 0.316143 -0.389949 -1.667313
    20 10.127058 0.000000 0.000001 1.960763 0.596700 0.774136
    21 1.537458 0.109715 1.664489 -0.264662 -0.055995 0.783079
    22 0.928313 0.000000 0.000002 0.000000 0.000000 -0.453501
    23 0.928311 0.000000 0.000001 0.000000 0.000000 0.000000
    24 2.686395 -0.427337 0.044204 -0.005762 0.043239 -0.157074
    25 1.435260 0.000000 0.000001 0.000000 0.000000 0.732613
    26 1.482593 0.000000 -0.000001 0.000000 0.000000 1.168644
    27 2.046984 0.000001 0.000000 0.106372 0.471583 -0.186692
    28 -0.000005 0.000007 3.713254 -0.099865 -3.047848 5.708602
    29 18.045723 0.000000 0.000000 0.000000 0.000000 -0.413544
    30 17.597597 0.000000 0.000000 -0.057202 -0.016721 -0.162308
    31 0.000005 -0.000003 -3.713254 0.807612 2.831522 6.175187
    32 18.045721 0.000000 0.000000 0.000000 0.000000 -0.782250
    33 17.597597 0.000000 0.000000 0.178693 0.125253 0.485308
  time 63
    0 0.254879 -0.281108 0.368674 0.000000 0.000000 -1.571017
    1 -3.386826 0.207038 0.000000 -1.570795 -1.570787 0.000000
    2 1.293670 0.684478 -0.000001 0.000266 0.025358 0.010374
    3 5.309685 -0.003834 0.000000 -0.073616 -0.036146 0.000541
    4 4.826790 -0.004591 0.000000 -0.072158 -0.017030 -0.192538
    5 5.792767 -0.005304 0.000000 -0.106775 0.077564 -0.196184
    6 6.662322 -0.001452 0.000000 0.004698 0.139666 0.354824
    7 -3.108188 1.516823 4.339626 1.238993 -1.024532 -4.799756
    8 4.827512 0.000000 -0.000002 -0.411822 0.183929 -0.464214
    9 11.140032 0.000000 0.000000 0.070821 -0.152964 -1.937810
    10 10.314563 -0.000001 0.000001 -0.665776 0.112032 1.071863
    11 1.646836 0.445664 -1.699647 -0.161704 0.581044 -0.283978
    12 0.928312 0.000000 0.000000 0.000000 0.000000 0.000000
    13 0.928313 0.000000 -0.000001 0.000000 0.000000 0.000000
    14 2.979373 -0.388274 -0.044205 -0.000805 -0.043611 0.000046
    15 1.435262 -0.000001 -0.000001 0.000000 0.000000 0.872146
    16 1.482593 -0.000001 0.000001 0.000000 0.000000 0.907041
    17 -2.869899 1.399667 -4.140396 -1.163265 1.764468 -4.903713
    18 4.972047 0.000000 0.000000 1.118125 -0.771325 -1.733419
    19 11.585358 0.000000 0.000001 0.316143 -0.388769 -1.643707
    20 10.127058 0.000000 0.000001 1.960763 0.596700 0.774136
    21 1.537458 0.109715 1.664489 -0.264662 -0.055995 0.783079
    22 0.928313 0.000000 0.000002 0.000000 0.000000 -0.453501
    23 0.928311 0.000000 0.000001 0.000000 0.000000 0.000000
    24 2.686395 -0.427337 0.044204 -0.005762 0.043239 -0.157074
    25 1.435260 0.000000 0.000001 0.000000 0.000000 0.732613
    26 1.482593 0.000000 -0.000001 0.000000 0.000000 1.168644
    27 2.046984 0.000001 0.000000 0.099091 0.474828 -0.176533
    28 -0.000005 0.000007 3.713254 -0.099865 -3.047848 5.708602
    29 18.045723 0.000000 0.000000 0.000000 0.000000 -0.413544
    30 17.597597 0.000000 0.000000 -0.057202 -0.016721 -0.162308
    31 0.000005 -0.000003 -3.713254 0.807612 2.831522 6.175187
    32 18.045721 0.000000 0.000000 0.000000 0.000000 -0.782250
    33 17.597597 0.000000 0.000000 0.178693 0.125253 0.485308
  time 64
    0 0.254879 -0.281108 0.368674 0.000000 0.000000 -1.571017
    1 -3.386826 0.207038 0.000000 -1.570795 -1.570787 0.000000
    2 1.293670 0.684478 -0.000001 0.000266 0.025358 0.010374
    3 5.309685 -0.003834 0.000000 -0.073616 -0.036146 0.005487
    4 4.826790 -0.004591 0.000000 -0.072158 -0.017030 -0.188106
    5 5.792767 -0.005304 0.000000 -0.106775 0.077612 -0.196433
    6 6.662322 -0.001452 0.000000 0.004698 0.139666 0.354824
    7 -3.108188 1.516823 4.339626 1.238993 -1.024532 -4.799756
    8 4.827512 0.000000 -0.000002 -0.415409 0.168665 -0.615592
    9 11.140032 0.000000 0.000000 0.070821 -0.152190 -1.949837
    10 10.314563 -0.000001 0.000001 -0.651749 -0.105288 0.951440
    11 1.646836 0.445664 -1.699647 -0.161704 0.581044 -0.283978
    12 0.928312 0.000000 0.000000 0.000000 0.000000 0.000000
    13 0.928313 0.000000 -0.000001 0.000000 0.000000 0.000000
    14 2.979373 -0.388274 -0.044205 -0.000805 -0.043611 0.000046
    15 1.435262 -0.000001 -0.000001 0.000000 0.000000 0.872146
    16 1.482593 -0.000001 0.000001 0.000000 0.000000 0.907041
    17 -2.869899 1.399667 -4.140396 -1.163265 1.764468 -4.903713
    18 4.972047 0.000000 0.000000 1.115030 -0.780726 -1.735815
    19 11.585358 0.000000 0.000001 0.316143 -0.387589 -1.620428
    20 10.127058 0.000000 0.000001 1.960763 0.596700 0.774136
    21 1.537458 0.109715 1.664489 -0.264662 -0.055995 0.783079
    22 0.928313 0.000000 0.000002 0.000000 0.000000 -0.453501
    23 0.928311 0.000000 0.000001 0.000000 0.000000 0.000000
    24 2.686395 -0.427337 0.044204 -0.005762 0.043239 -0.157074
    25 1.435260 0.000000 0.000001 0.000000 0.000000 0.732613
    26 1.482593 0.000000 -0.000001 0.000000 0.000000 1.168644
    27 2.046984 0.000001 0.000000 0.094352 0.476923 -0.169964
    28 -0.000005 0.000007 3.713254 -0.099865 -3.047848 5.708602
    29 18.045723 0.000000 0.000000 0.000000 0.000000 -0.413544
    30 17.597597 0.000000 0.000000 -0.057202 -0.016721 -0.162308
    31 0.000005 -0.000003 -3.713254 0.807612 2.831522 6.175187
    32 18.045721 0.000000 0.000000 0.000000 0.000000 -0.782250
    33 17.597597 0.000000 0.000000 0.178693 0.125253 0.485308
  time 65
    0 0.254879 -0.281108 0.368674 0.000000 0.000000 -1.571017
    1 -3.386826 0.207038 0.000000 -1.570795 -1.570787 0.000000
    2 1.293670 0.684478 -0.000001 0.000266 0.025358 0.010374
    3 5.309685 -0.003834 0.000000 -0.073616 -0.036146 0.009991
    4 4.826790 -0.004591 0.000000 -0.072158 -0.017030 -0.184071
    5 5.792767 -0.005304 0.000000 -0.106757 0.077648 -0.196662
    6 6.662322 -0.001452 0.000000 0.004698 0.139666 0.354824
    7 -3.108188 1.516823 4.339626 1.238993 -1.024532 -4.799756
    8 4.827512 0.000000 -0.000002 -0.403372 0.147943 -0.762204
    9 11.140032 0.000000 0.000000 0.070821 -0.153513 -1.929116
    10 10.314563 -0.000001 0.000001 -0.640091 -0.286824 0.850874
    11 1.646836 0.445664 -1.699647 -0.161704 0.581044 -0.283978
    12 0.928312 0.000000 0.000000 0.000000 0.000000 0.000000
    13 0.928313 0.000000 -0.000001 0.000000 0.000000 0.000000
    14 2.979373 -0.388274 -0.044205 -0.000805 -0.043611 0.000046
    15 1.435262 -0.000001 -0.000001 0.000000 0.000000 0.872146
    16 1.482593 -0.000001 0.000001 0.000000 0.000000 0.907041
    17 -2.869899 1.399667 -4.140396 -1.163265 1.764468 -4.903713
    18 4.972047 0.000000 0.000000 1.113154 -0.788600 -1.738743
    19 11.585358 0.000000 0.000001 0.316143 -0.385819 -1.599028
    20 10.127058 0.000000 0.000001 1.960763 0.596700 0.774136
    21 1.537458 0.109715 1.664489 -0.264662 -0.055995 0.783079
    22 0.928313 0.000000 0.000002 0.000000 0.000000 -0.453501
    23 0.928311 0.000000 0.000001 0.000000 0.000000 0.000000
    24 2.686395 -0.427337 0.044204 -0.005762 0.043239 -0.157074
    25 1.435260 0.000000 0.000001 0.000000 0.000000 0.732613
    26 1.482593 0.000000 -0.000001 0.000000 0.000000 1.168644
    27 2.046984 0.000001 0.000000 0.092714 0.477661 -0.167652
    28 -0.000005 0.000007 3.713254 -0.099865 -3.047848 5.708602
    29 18.045723 0.000000 0.000000 0.000000 0.000000 -0.413544
    30 17.597597 0.000000 0.000000 -0.057202 -0.016721 -0.162308
    31 0.000005 -0.000003 -3.713254 0.807612 2.831522 6.175187
    32 18.045721 0.000000 0.000000 0.000000 0.000000 -0.782250
    33 17.597597 0.000000 0.000000 0.178693 0.125253 0.485308
  time 66
    0 0.254879 -0.281108 0.368674 0.000000 0.000000 -1.571017
    1 -3.386826 0.207038 0.000000 -1.570795 -1.570787 0.000000
    2 1.293670 0.684478 -0.000001 0.000266 0.025358 0.010374
    3 5.309685 -0.003834 0.000000 -0.073616 -0.036146 0.013912
    4 4.826790 -0.004591 0.000000 -0.072158 -0.017030 -0.180543
    5 5.792767 -0.005304 0.000000 -0.106757 0.077684 -0.196869
    6 6.662322 -0.001452 0.000000 0.004698 0.139666 0.354824
    7 -3.108188 1.516823 4.339626 1.238993 -1.024532 -4.799756
    8 4.827512 0.000000 -0.000002 -0.383203 0.129695 -0.880915
    9 11.140032 0.000000 0.000000 0.070821 -0.155411 -1.893179
    10 10.314563 -0.000001 0.000001 -0.631182 -0.425366 0.774114
    11 1.646836 0.445664 -1.699647 -0.161704 0.581044 -0.283978
    12 0.928312 0.000000 0.000000 0.000000 0.000000 0.000000
    13 0.928313 0.000000 -0.000001 0.000000 0.000000 0.000000
    14 2.979373 -0.388274 -0.044205 -0.000805 -0.043611 0.000046
    15 1.435262 -0.000001 -0.000001 0.000000 0.000000 0.872146
    16 1.482593 -0.000001 0.000001 0.000000 0.000000 0.907041
    17 -2.869899 1.399667 -4.140396 -1.163265 1.764468 -4.903713
    18 4.972047 0.000000 0.000000 1.112403 -0.794466 -1.742004
    19 11.585358 0.000000 0.000001 0.316143 -0.384208 -1.580079
    20 10.127058 0.000000 0.000001 1.960763 0.596700 0.774136
    21 1.537458 0.109715 1.664489 -0.264662 -0.055995 0.783079
    22 0.928313 0.000000 0.000002 0.000000 0.000000 -0.453501
    23 0.928311 0.000000 0.000001 0.000000 0.000000 0.000000
    24 2.686395 -0.427337 0.044204 -0.005762 0.043239 -0.157074
    25 1.435260 0.000000 0.000001 0.000000 0.000000 0.732613
    26 1.482593 0.000000 -0.000001 0.000000 0.000000 1.168644
    27 2.046984 0.000001 0.000000 0.092714 0.477661 -0.167652
    28 -0.000005 0.000007 3.713254 -0.099865 -3.047848 5.708602
    29 18.045723 0.000000 0.000000 0.000000 0.000000 -0.413544
    30 17.597597 0.000000 0.000000 -0.057202 -0.016721 -0.162308
    31 0.000005 -0.000003 -3.713254 0.807612 2.831522 6.175187
    32 18.045721 0.000000 0.000000 0.000000 0.000000 -0.782250
    33 17.597597 0.000000 0.000000 0.178693 0.125253 0.485308
  time 67
    0 0.254879 -0.281108 0.368674 0.000000 0.000000 -1.571017
    1 -3.386826 0.207038 0.000000 -1.570795 -1.570787 0.000000
    2 1.293670 0.684478 -0.000001 0.000266 0.025358 0.010374
    3 5.309685 -0.003834 0.000000 -0.073616 -0.036146 0.017180
    4 4.826790 -0.004591 0.000000 -0.072158 -0.017030 -0.177633
    5 5.792767 -0.005304 0.000000 -0.106739 0.077708 -0.197015
    6 6.662322 -0.001452 0.000000 0.004698 0.139666 0.354824
    7 -3.108188 1.516823 4.339626 1.238993 -1.024532 -4.799756
    8 4.827512 0.000000 -0.000002 -0.341431 0.143850 -0.966613
    9 11.140032 0.000000 0.000000 0.070821 -0.157807 -1.845215
    10 10.314563 -0.000001 0.000001 -0.625496 -0.513792 0.725109
    11 1.646836 0.445664 -1.699647 -0.161704 0.581044 -0.283978
    12 0.928312 0.000000 0.000000 0.000000 0.000000 0.000000
    13 0.928313 0.000000 -0.000001 0.000000 0.000000 0.000000
    14 2.979373 -0.388274 -0.044205 -0.000805 -0.043611 0.000046
    15 1.435262 -0.000001 -0.000001 0.000000 0.000000 0.872146
    16 1.482593 -0.000001 0.000001 0.000000 0.000000 0.907041
    17 -2.869899 1.399667 -4.140396 -1.163265 1.764468 -4.903713
    18 4.972047 0.000000 0.000000 1.112216 -0.798483 -1.744733
    19 11.585358 0.000000 0.000001 0.316143 -0.382983 -1.565703
    20 10.127058 0.000000 0.000001 1.960763 0.596700 0.774136
    21 1.537458 0.109715 1.664489 -0.264662 -0.055995 0.783079
    22 0.928313 0.000000 0.000002 0.000000 0.000000 -0.453501
    23 0.928311 0.000000 0.000001 0.000000 0.000000 0.000000
    24 2.686395 -0.427337 0.044204 -0.005762 0.043239 -0.157074
    25 1.435260 0.000000 0.000001 0.000000 0.000000 0.732613
    26 1.482593 0.000000 -0.000001 0.000000 0.000000 1.168644
    27 2.046984 0.000001 0.000000 0.092714 0.477661 -0.167652
    28 -0.000005 0.000007 3.713254 -0.099865 -3.047848 5.708602
    29 18.045723 0.000000 0.000000 0.000000 0.000000 -0.413544
    30 17.597597 0.000000 0.000000 -0.057202 -0.016721 -0.162308
    31 0.000005 -0.000003 -3.713254 0.807612 2.831522 6.175187
    32 18.045721 0.000000 0.000000 0.000000 0.000000 -0.782250
    33 17.597597 0.000000 0.000000 0.178693 0.125253 0.485308
  time 68
    0 0.254879 -0.281108 0.368674 0.000000 0.000000 -1.571017
    1 -3.386826 0.207038 0.000000 -1.570795 -1.570787 0.000000
    2 1.293670 0.684478 -0.000001 0.000266 0.025358 0.010374
    3 5.309685 -0.003834 0.000000 -0.073616 -0.036146 0.019635
    4 4.826790 -0.004591 0.000000 -0.072158 -0.017030 -0.175428
    5 5.792767 -0.005304 0.000000 -0.106739 0.077732 -0.197139
    6 6.662322 -0.001452 0.000000 0.004698 0.139666 0.354824
    7 -3.108188 1.516823 4.339626 1.238993 -1.024532 -4.799756
    8 4.827512 0.000000 -0.000002 -0.295196 0.182564 -1.025882
    9 11.140032 0.000000 0.000000 0.070821 -0.160179 -1.783919
    10 10.314563 -0.000001 0.000001 -0.623505 -0.544891 0.707922
    11 1.646836 0.445664 -1.699647 -0.161704 0.581044 -0.283978
    12 0.928312 0.000000 0.000000 0.000000 0.000000 0.000000
    13 0.928313 0.000000 -0.000001 0.000000 0.000000 0.000000
    14 2.979373 -0.388274 -0.044205 -0.000805 -0.043611 0.000046
    15 1.435262 -0.000001 -0.000001 0.000000 0.000000 0.872146
    16 1.482593 -0.000001 0.000001 0.000000 0.000000 0.907041
    17 -2.869899 1.399667 -4.140396 -1.163265 1.764468 -4.903713
    18 4.972047 0.000000 0.000000 1.112122 -0.800733 -1.746330
    19 11.585358 0.000000 0.000001 0.316143 -0.382280 -1.557372
    20 10.127058 0.000000 0.000001 1.960763 0.596700 0.774136
    21 1.537458 0.109715 1.664489 -0.264662 -0.055995 0.783079
    22 0.928313 0.000000 0.000002 0.000000 0.000000 -0.453501
    23 0.928311 0.000000 0.000001 0.000000 0.000000 0.000000
    24 2.686395 -0.427337 0.044204 -0.005762 0.043239 -0.157074
    25 1.435260 0.000000 0.000001 0.000000 0.000000 0.732613
    26 1.482593 0.000000 -0.000001 0.000000 0.000000 1.168644
    27 2.046984 0.000001 0.000000 0.092714 0.477661 -0.167652
    28 -0.000005 0.000007 3.713254 -0.099865 -3.047848 5.708602
    29 18.045723 0.000000 0.000000 0.000000 0.000000 -0.413544
    30 17.597597 0.000000 0.000000 -0.057202 -0.016721 -0.162308
    31 0.000005 -0.000003 -3.713254 0.807612 2.831522 6.175187
    32 18.045721 0.000000 0.000000 0.000000 0.000000 -0.782250
    33 17.597597 0.000000 0.000000 0.178693 0.125253 0.485308
  time 69
    0 0.254879 -0.281108 0.368674 0.000000 0.000000 -1.571017
    1 -3.386826 0.207038 0.000000 -1.570795 -1.570787 0.000000
    2 1.293670 0.684478 -0.000001 0.000266 0.025358 0.010374
    3 5.309685 -0.003834 0.000000 -0.073616 -0.036146 0.021207
    4 4.826790 -0.004591 0.000000 -0.072158 -0.017030 -0.174017
    5 5.792767 -0.005304 0.000000 -0.106721 0.077744 -0.197222
    6 6.662322 -0.001452 0.000000 0.004698 0.139666 0.354824
    7 -3.108188 1.516823 4.339626 1.238993 -1.024532 -4.799756
    8 4.827512 0.000000 -0.000002 -0.276064 0.203456 -1.049624
    9 11.140032 0.000000 0.000000 0.070821 -0.161303 -1.752474
    10 10.314563 -0.000001 0.000001 -0.623505 -0.544891 0.707922
    11 1.646836 0.445664 -1.699647 -0.161704 0.581044 -0.283978
    12 0.928312 0.000000 0.000000 0.000000 0.000000 0.000000
    13 0.928313 0.000000 -0.000001 0.000000 0.000000 0.000000
    14 2.979373 -0.388274 -0.044205 -0.000805 -0.043611 0.000046
    15 1.435262 -0.000001 -0.000001 0.000000 0.000000 0.872146
    16 1.482593 -0.000001 0.000001 0.000000 0.000000 0.907041
    17 -2.869899 1.399667 -4.140396 -1.163265 1.764468 -4.903713
    18 4.972047 0.000000 0.000000 1.111934 -0.801376 -1.746397
    19 11.585358 0.000000 0.000001 0.316143 -0.382189 -1.556391
    20 10.127058 0.000000 0.000001 1.960763 0.596700 0.774136
    21 1.537458 0.109715 1.664489 -0.264662 -0.055995 0.783079
    22 0.928313 0.000000 0.000002 0.000000 0.000000 -0.453501
    23 0.928311 0.000000 0.000001 0.000000 0.000000 0.000000
    24 2.686395 -0.427337 0.044204 -0.005762 0.043239 -0.157074
    25 1.435260 0.000000 0.000001 0.000000 0.000000 0.732613
    26 1.482593 0.000000 -0.000001 0.000000 0.000000 1.168644
    27 2.046984 0.000001 0.000000 0.092714 0.477661 -0.167652
    28 -0.000005 0.000007 3.713254 -0.099865 -3.047848 5.708602
    29 18.045723 0.000000 0.000000 0.000000 0.000000 -0.413544
    30 17.597597 0.000000 0.000000 -0.057202 -0.016721 -0.162308
    31 0.000005 -0.000003 -3.713254 0.807612 2.831522 6.175187
    32 18.045721 0.000000 0.000000 0.000000 0.000000 -0.782250
    33 17.597597 0.000000 0.000000 0.178693 0.125253 0.485308
  time 70
    0 0.254879 -0.281108 0.368674 0.000000 0.000000 -1.571017
    1 -3.386826 0.207038 0.000000 -1.570795 -1.570787 0.000000
    2 1.293670 0.684478 -0.000001 0.000266 0.025358 0.010374
    3 5.309685 -0.003834 0.000000 -0.073616 -0.036146 0.021755
    4 4.826790 -0.004591 0.000000 -0.072158 -0.017030 -0.173532
    5 5.792767 -0.005304 0.000000 -0.106721 0.077744 -0.197264
    6 6.662322 -0.001452 0.000000 0.004698 0.139666 0.354824
    7 -3.108188 1.516823 4.339626 1.238993 -1.024532 -4.799756
    8 4.827512 0.000000 -0.000002 -0.276143 0.202859 -1.050230
    9 11.140032 0.000000 0.000000 0.070821 -0.161278 -1.753271
    10 10.314563 -0.000001 0.000001 -0.623505 -0.544891 0.707922
    11 1.646836 0.445664 -1.699647 -0.161704 0.581044 -0.283978
    12 0.928312 0.000000 0.000000 0.000000 0.000000 0.000000
    13 0.928313 0.000000 -0.000001 0.000000 0.000000 0.000000
    14 2.979373 -0.388274 -0.044205 -0.000805 -0.043611 0.000046
    15 1.435262 -0.000001 -0.000001 0.000000 0.000000 0.872146
    16 1.482593 -0.000001 0.000001 0.000000 0.000000 0.907041
    17 -2.869899 1.399667 -4.140396 -1.163265 1.764468 -4.903713
    18 4.972047 0.000000 0.000000 1.111747 -0.801215 -1.745931
    19 11.585358 0.000000 0.000001 0.316143 -0.382325 -1.558025
    20 10.127058 0.000000 0.000001 1.960763 0.596700 0.774136
    21 1.537458 0.109715 1.664489 -0.264662 -0.055995 0.783079
    22 0.928313 0.000000 0.000002 0.000000 0.000000 -0.453501
    23 0.928311 0.000000 0.000001 0.000000 0.000000 0.000000
    24 2.686395 -0.427337 0.044204 -0.005762 0.043239 -0.157074
    25 1.435260 0.000000 0.000001 0.000000 0.000000 0.732613
    26 1.482593 0.000000 -0.000001 0.000000 0.000000 1.168644
    27 2.046984 0.000001 0.000000 0.092714 0.477661 -0.167652
    28 -0.000005 0.000007 3.713254 -0.099865 -3.047848 5.708602
    29 18.045723 0.000000 0.000000 0.000000 0.000000 -0.413544
    30 17.597597 0.000000 0.000000 -0.057202 -0.016721 -0.162308
    31 0.000005 -0.000003 -3.713254 0.807612 2.831522 6.175187
    32 18.045721 0.000000 0.000000 0.000000 0.000000 -0.782250
    33 17.597597 0.000000 0.000000 0.178693 0.125253 0.485308
  time 71
    0 0.254879 -0.281108 0.368674 0.000000 0.000000 -1.571017
    1 -3.386826 0.207038 0.000000 -1.570795 -1.570787 0.000000
    2 1.293670 0.684478 -0.000001 0.000266 0.025358 0.010374
    3 5.309685 -0.003834 0.000000 -0.073616 -0.036146 0.021755
    4 4.826790 -0.004591 0.000000 -0.072158 -0.017030 -0.173532
    5 5.792767 -0.005304 0.000000 -0.106721 0.077744 -0.197264
    6 6.662322 -0.001452 0.000000 0.004698 0.139666 0.354824
    7 -3.108188 1.516823 4.339626 1.238993 -1.024532 -4.799756
    8 4.827512 0.000000 -0.000002 -0.275904 0.198681 -1.059155
    9 11.140032 0.000000 0.000000 0.070821 -0.161328 -1.752112
    10 10.314563 -0.000001 0.000001 -0.623505 -0.544891 0.707922
    11 1.646836 0.445664 -1.699647 -0.161704 0.581044 -0.283978
    12 0.928312 0.000000 0.000000 0.000000 0.000000 0.000000
    13 0.928313 0.000000 -0.000001 0.000000 0.000000 0.000000
    14 2.979373 -0.388274 -0.044205 -0.000805 -0.043611 0.000046
    15 1.435262 -0.000001 -0.000001 0.000000 0.000000 0.872146
    16 1.482593 -0.000001 0.000001 0.000000 0.000000 0.907041
    17 -2.869899 1.399667 -4.140396 -1.163265 1.764468 -4.903713
    18 4.972047 0.000000 0.000000 1.115030 -0.798564 -1.750057
    19 11.585358 0.000000 0.000001 0.316143 -0.381417 -1.547243
    20 10.127058 0.000000 0.000001 1.960763 0.596700 0.774136
    21 1.537458 0.109715 1.664489 -0.264662 -0.055995 0.783079
    22 0.928313 0.000000 0.000002 0.000000 0.000000 -0.453501
    23 0.928311 0.000000 0.000001 0.000000 0.000000 0.000000
    24 2.686395 -0.427337 0.044204 -0.005762 0.043239 -0.157074
    25 1.435260 0.000000 0.000001 0.000000 0.000000 0.732613
    26 1.482593 0.000000 -0.000001 0.000000 0.000000 1.168644
    27 2.046984 0.000001 0.000000 0.092714 0.477661 -0.167652
    28 -0.000005 0.000007 3.713254 -0.099865 -3.047848 5.708602
    29 18.045723 0.000000 0.000000 0.000000 0.000000 -0.413544
    30 17.597597 0.000000 0.000000 -0.057202 -0.016721 -0.162308
    31 0.000005 -0.000003 -3.713254 0.807612 2.831522 6.175187
    32 18.045721 0.000000 0.000000 0.000000 0.000000 -0.782250
    33 17.597597 0.000000 0.000000 0.178693 0.125253 0.485308
  time 72
    0 0.254879 -0.281108 0.368674 0.000000 0.000000 -1.571017
    1 -3.386826 0.207038 0.000000 -1.570795 -1.570787 0.000000
    2 1.293670 0.684478 -0.000001 0.000266 0.025358 0.010374
    3 5.309685 -0.003834 0.000000 -0.073616 -0.036146 0.021755
    4 4.826790 -0.004591 0.000000 -0.072158 -0.017030 -0.173532
    5 5.792767 -0.005304 0.000000 -0.106721 0.077744 -0.197264
    6 6.662322 -0.001452 0.000000 0.004698 0.139666 0.354824
    7 -3.108188 1.516823 4.339626 1.238993 -1.024532 -4.799756
    8 4.827512 0.000000 -0.000002 -0.275346 0.187510 -1.082638
    9 11.140032 0.000000 0.000000 0.070821 -0.161477 -1.748200
    10 10.314563 -0.000001 0.000001 -0.623505 -0.544891 0.707922
    11 1.646836 0.445664 -1.699647 -0.161704 0.581044 -0.283978
    12 0.928312 0.000000 0.000000 0.000000 0.000000 0.000000
    13 0.928313 0.000000 -0.000001 0.000000 0.000000 0.000000
    14 2.979373 -0.388274 -0.044205 -0.000805 -0.043611 0.000046
    15 1.435262 -0.000001 -0.000001 0.000000 0.000000 0.872146
    16 1.482593 -0.000001 0.000001 0.000000 0.000000 0.907041
    17 -2.869899 1.399667 -4.140396 -1.163265 1.764468 -4.903713
    18 4.972047 0.000000 0.000000 1.123472 -0.791814 -1.760906
    19 11.585358 0.000000 0.000001 0.316143 -0.378627 -1.519309
    20 10.127058 0.000000 0.000001 1.960763 0.596700 0.774136
    21 1.537458 0.109715 1.664489 -0.264662 -0.055995 0.783079
    22 0.928313 0.000000 0.000002 0.000000 0.000000 -0.453501
    23 0.928311 0.000000 0.000001 0.000000 0.000000 0.000000
    24 2.686395 -0.427337 0.044204 -0.005762 0.043239 -0.157074
    25 1.435260 0.000000 0.000001 0.000000 0.000000 0.732613
    26 1.482593 0.000000 -0.000001 0.000000 0.000000 1.168644
    27 2.046984 0.000001 0.000000 0.092714 0.477661 -0.167652
    28 -0.000005 0.000007 3.713254 -0.099865 -3.047848 5.708602
    29 18.045723 0.000000 0.000000 0.000000 0.000000 -0.413544
    30 17.597597 0.000000 0.000000 -0.057202 -0.016721 -0.162308
    31 0.000005 -0.000003 -3.713254 0.807612 2.831522 6.175187
    32 18.045721 0.000000 0.000000 0.000000 0.000000 -0.782250
    33 17.597597 0.000000 0.000000 0.178693 0.125253 0.485308
  time 73
    0 0.254879 -0.281108 0.368674 0.000000 0.000000 -1.571017
    1 -3.386826 0.207038 0.000000 -1.570795 -1.570787 0.000000
    2 1.293670 0.684478 -0.000001 0.000266 0.025358 0.010374
    3 5.309685 -0.003834 0.000000 -0.073616 -0.036146 0.021755
    4 4.826790 -0.004591 0.000000 -0.072158 -0.017030 -0.173532
    5 5.792767 -0.005304 0.000000 -0.106721 0.077744 -0.197264
    6 6.662322 -0.001452 0.000000 0.004698 0.139666 0.354824
    7 -3.108188 1.516823 4.339626 1.238993 -1.024532 -4.799756
    8 4.827512 0.000000 -0.000002 -0.274469 0.171052 -1.114785
    9 11.140032 0.000000 0.000000 0.070821 -0.161602 -1.741969
    10 10.314563 -0.000001 0.000001 -0.623505 -0.544891 0.707922
    11 1.646836 0.445664 -1.699647 -0.161704 0.581044 -0.283978
    12 0.928312 0.000000 0.000000 0.000000 0.000000 0.000000
    13 0.928313 0.000000 -0.000001 0.000000 0.000000 0.000000
    14 2.979373 -0.388274 -0.044205 -0.000805 -0.043611 0.000046
    15 1.435262 -0.000001 -0.000001 0.000000 0.000000 0.872146
    16 1.482593 -0.000001 0.000001 0.000000 0.000000 0.907041
    17 -2.869899 1.399667 -4.140396 -1.163265 1.764468 -4.903713
    18 4.972047 0.000000 0.000000 1.134915 -0.782333 -1.775947
    19 11.585358 0.000000 0.000001 0.316143 -0.374043 -1.480674
    20 10.127058 0.000000 0.000001 1.960763 0.596700 0.774136
    21 1.537458 0.109715 1.664489 -0.264662 -0.055995 0.783079
    22 0.928313 0.000000 0.000002 0.000000 0.000000 -0.453501
    23 0.928311 0.000000 0.000001 0.000000 0.000000 0.000000
    24 2.686395 -0.427337 0.044204 -0.005762 0.043239 -0.157074
    25 1.435260 0.000000 0.000001 0.000000 0.000000 0.732613
    26 1.482593 0.000000 -0.000001 0.000000 0.000000 1.168644
    27 2.046984 0.000001 0.000000 0.092714 0.477661 -0.167652
    28 -0.000005 0.000007 3.713254 -0.099865 -3.047848 5.708602
    29 18.045723 0.000000 0.000000 0.000000 0.000000 -0.413544
    30 17.597597 0.000000 0.000000 -0.057202 -0.016721 -0.162308
    31 0.000005 -0.000003 -3.713254 0.807612 2.831522 6.175187
    32 18.045721 0.000000 0.000000 0.000000 0.000000 -0.782250
    33 17.597597 0.000000 0.000000 0.178693 0.125253 0.485308
  time 74
    0 0.254879 -0.281108 0.368674 0.000000 0.000000 -1.571017
    1 -3.386826 0.207038 0.000000 -1.570795 -1.570787 0.000000
    2 1.293670 0.684478 -0.000001 0.000266 0.025358 0.010374
    3 5.309685 -0.003834 0.000000 -0.073616 -0.036146 0.021755
    4 4.826790 -0.004591 0.000000 -0.072158 -0.017030 -0.173532
    5 5.792767 -0.005304 0.000000 -0.106721 0.077744 -0.197264
    6 6.662322 -0.001452 0.000000 0.004698 0.139666 0.354824
    7 -3.108188 1.516823 4.339626 1.238993 -1.024532 -4.799756
    8 4.827512 0.000000 -0.000002 -0.273832 0.151013 -1.150745
    9 11.140032 0.000000 0.000000 0.070821 -0.161802 -1.732840
    10 10.314563 -0.000001 0.000001 -0.623505 -0.544891 0.707922
    11 1.646836 0.445664 -1.699647 -0.161704 0.581044 -0.283978
    12 0.928312 0.000000 0.000000 0.000000 0.000000 0.000000
    13 0.928313 0.000000 -0.000001 0.000000 0.000000 0.000000
    14 2.979373 -0.388274 -0.044205 -0.000805 -0.043611 0.000046
    15 1.435262 -0.000001 -0.000001 0.000000 0.000000 0.872146
    16 1.482593 -0.000001 0.000001 0.000000 0.000000 0.907041
    17 -2.869899 1.399667 -4.140396 -1.163265 1.764468 -4.903713
    18 4.972047 0.000000 0.000000 1.147578 -0.771245 -1.792653
    19 11.585358 0.000000 0.000001 0.316143 -0.368666 -1.437139
    20 10.127058 0.000000 0.000001 1.960763 0.596700 0.774136
    21 1.537458 0.109715 1.664489 -0.264662 -0.055995 0.783079
    22 0.928313 0.000000 0.000002 0.000000 0.000000 -0.453501
    23 0.928311 0.000000 0.000001 0.000000 0.000000 0.000000
    24 2.686395 -0.427337 0.044204 -0.005762 0.043239 -0.157074
    25 1.435260 0.000000 0.000001 0.000000 0.000000 0.732613
    26 1.482593 0.000000 -0.000001 0.000000 0.000000 1.168644
    27 2.046984 0.000001 0.000000 0.092714 0.477661 -0.167652
    28 -0.000005 0.000007 3.713254 -0.099865 -3.047848 5.708602
    29 18.045723 0.000000 0.000000 0.000000 0.000000 -0.413544
    30 17.597597 0.000000 0.000000 -0.057202 -0.016721 -0.162308
    31 0.000005 -0.000003 -3.713254 0.807612 2.831522 6.175187
    32 18.045721 0.000000 0.000000 0.000000 0.000000 -0.782250
    33 17.597597 0.000000 0.000000 0.178693 0.125253 0.485308
  time 75
    0 0.254879 -0.281108 0.368674 0.000000 0.000000 -1.571017
    1 -3.386826 0.207038 0.000000 -1.570795 -1.570787 0.000000
    2 1.293670 0.684478 -0.000001 0.000266 0.025358 0.010374
    3 5.309685 -0.003834 0.000000 -0.073616 -0.036146 0.021755
    4 4.826790 -0.004591 0.000000 -0.072158 -0.017030 -0.173532
    5 5.792767 -0.005304 0.000000 -0.106721 0.077744 -0.197264
    6 6.662322 -0.001452 0.000000 0.004698 0.139666 0.354824
    7 -3.108188 1.516823 4.339626 1.238993 -1.024532 -4.799756
    8 4.827512 0.000000 -0.000002 -0.273832 0.130206 -1.184538
    9 11.140032 0.000000 0.000000 0.070821 -0.162027 -1.722479
    10 10.314563 -0.000001 0.000001 -0.623505 -0.544891 0.707922
    11 1.646836 0.445664 -1.699647 -0.161704 0.581044 -0.283978
    12 0.928312 0.000000 0.000000 0.000000 0.000000 0.000000
    13 0.928313 0.000000 -0.000001 0.000000 0.000000 0.000000
    14 2.979373 -0.388274 -0.044205 -0.000805 -0.043611 0.000046
    15 1.435262 -0.000001 -0.000001 0.000000 0.000000 0.872146
    16 1.482593 -0.000001 0.000001 0.000000 0.000000 0.907041
    17 -2.869899 1.399667 -4.140396 -1.163265 1.764468 -4.903713
    18 4.972047 0.000000 0.000000 1.159209 -0.760880 -1.808293
    19 11.585358 0.000000 0.000001 0.316143 -0.362562 -1.396789
    20 10.127058 0.000000 0.000001 1.960763 0.596700 0.774136
    21 1.537458 0.109715 1.664489 -0.264662 -0.055995 0.783079
    22 0.928313 0.000000 0.000002 0.000000 0.000000 -0.453501
    23 0.928311 0.000000 0.000001 0.000000 0.000000 0.000000
    24 2.686395 -0.427337 0.044204 -0.005762 0.043239 -0.157074
    25 1.435260 0.000000 0.000001 0.000000 0.000000 0.732613
    26 1.482593 0.000000 -0.000001 0.000000 0.000000 1.168644
    27 2.046984 0.000001 0.000000 0.092714 0.477661 -0.167652
    28 -0.000005 0.000007 3.713254 -0.099865 -3.047848 5.708602
    29 18.045723 0.000000 0.000000 0.000000 0.000000 -0.413544
    30 17.597597 0.000000 0.000000 -0.057202 -0.016721 -0.162308
    31 0.000005 -0.000003 -3.713254 0.807612 2.831522 6.175187
    32 18.045721 0.000000 0.000000 0.000000 0.000000 -0.782250
    33 17.597597 0.000000 0.000000 0.178693 0.125253 0.485308
  time 76
    0 0.254879 -0.281108 0.368674 0.000000 0.000000 -1.571017
    1 -3.386826 0.207038 0.000000 -1.570795 -1.570787 0.000000
    2 1.293670 0.684478 -0.000001 0.000266 0.025358 0.010374
    3 5.309685 -0.003834 0.000000 -0.073616 -0.036146 0.021755
    4 4.826790 -0.004591 0.000000 -0.072158 -0.017030 -0.173532
    5 5.792767 -0.005304 0.000000 -0.106721 0.077744 -0.197264
    6 6.662322 -0.001452 0.000000 0.004698 0.139666 0.354824
    7 -3.108188 1.516823 4.339626 1.238993 -1.024532 -4.799756
    8 4.827512 0.000000 -0.000002 -0.275027 0.111276 -1.210620
    9 11.140032 0.000000 0.000000 0.070821 -0.162226 -1.713422
    10 10.314563 -0.000001 0.000001 -0.623505 -0.544891 0.707922
    11 1.646836 0.445664 -1.699647 -0.161704 0.581044 -0.283978
    12 0.928312 0.000000 0.000000 0.000000 0.000000 0.000000
    13 0.928313 0.000000 -0.000001 0.000000 0.000000 0.000000
    14 2.979373 -0.388274 -0.044205 -0.000805 -0.043611 0.000046
    15 1.435262 -0.000001 -0.000001 0.000000 0.000000 0.872146
    16 1.482593 -0.000001 0.000001 0.000000 0.000000 0.907041
    17 -2.869899 1.399667 -4.140396 -1.163265 1.764468 -4.903713
    18 4.972047 0.000000 0.000000 1.167745 -0.752765 -1.820007
    19 11.585358 0.000000 0.000001 0.316143 -0.357956 -1.366159
    20 10.127058 0.000000 0.000001 1.960763 0.596700 0.774136
    21 1.537458 0.109715 1.664489 -0.264662 -0.055995 0.783079
    22 0.928313 0.000000 0.000002 0.000000 0.000000 -0.453501
    23 0.928311 0.000000 0.000001 0.000000 0.000000 0.000000
    24 2.686395 -0.427337 0.044204 -0.005762 0.043239 -0.157074
    25 1.435260 0.000000 0.000001 0.000000 0.000000 0.732613
    26 1.482593 0.000000 -0.000001 0.000000 0.000000 1.168644
    27 2.046984 0.000001 0.000000 0.092714 0.477661 -0.167652
    28 -0.000005 0.000007 3.713254 -0.099865 -3.047848 5.708602
    29 18.045723 0.000000 0.000000 0.000000 0.000000 -0.413544
    30 17.597597 0.000000 0.000000 -0.057202 -0.016721 -0.162308
    31 0.000005 -0.000003 -3.713254 0.807612 2.831522 6.175187
    32 18.045721 0.000000 0.000000 0.000000 0.000000 -0.782250
    33 17.597597 0.000000 0.000000 0.178693 0.125253 0.485308
  time 77
    0 0.254879 -0.281108 0.368674 0.000000 0.000000 -1.571017
    1 -3.386826 0.207038 0.000000 -1.570795 -1.570787 0.000000
    2 1.293670 0.684478 -0.000001 0.000266 0.025358 0.010374
    3 5.309685 -0.003834 0.000000 -0.073616 -0.036146 0.021755
    4 4.826790 -0.004591 0.000000 -0.072158 -0.017030 -0.173532
    5 5.792767 -0.005304 0.000000 -0.106721 0.077744 -0.197264
    6 6.662322 -0.001452 0.000000 0.004698 0.139666 0.354824
    7 -3.108188 1.516823 4.339626 1.238993 -1.024532 -4.799756
    8 4.827512 0.000000 -0.000002 -0.278455 0.097376 -1.223358
    9 11.140032 0.000000 0.000000 0.070821 -0.162326 -1.709147
    10 10.314563 -0.000001 0.000001 -0.623505 -0.544891 0.707922
    11 1.646836 0.445664 -1.699647 -0.161704 0.581044 -0.283978
    12 0.928312 0.000000 0.000000 0.000000 0.000000 0.000000
    13 0.928313 0.000000 -0.000001 0.000000 0.000000 0.000000
    14 2.979373 -0.388274 -0.044205 -0.000805 -0.043611 0.000046
    15 1.435262 -0.000001 -0.000001 0.000000 0.000000 0.872146
    16 1.482593 -0.000001 0.000001 0.000000 0.000000 0.907041
    17 -2.869899 1.399667 -4.140396 -1.163265 1.764468 -4.903713
    18 4.972047 0.000000 0.000000 1.171121 -0.749470 -1.824533
    19 11.585358 0.000000 0.000001 0.316143 -0.356073 -1.354234
    20 10.127058 0.000000 0.000001 1.960763 0.596700 0.774136
    21 1.537458 0.109715 1.664489 -0.264662 -0.055995 0.783079
    22 0.928313 0.000000 0.000002 0.000000 0.000000 -0.453501
    23 0.928311 0.000000 0.000001 0.000000 0.000000 0.000000
    24 2.686395 -0.427337 0.044204 -0.005762 0.043239 -0.157074
    25 1.435260 0.000000 0.000001 0.000000 0.000000 0.732613
    26 1.482593 0.000000 -0.000001 0.000000 0.000000 1.168644
    27 2.046984 0.000001 0.000000 0.092714 0.477661 -0.167652
    28 -0.000005 0.000007 3.713254 -0.099865 -3.047848 5.708602
    29 18.045723 0.000000 0.000000 0.000000 0.000000 -0.413544
    30 17.597597 0.000000 0.000000 -0.057202 -0.016721 -0.162308
    31 0.000005 -0.000003 -3.713254 0.807612 2.831522 6.175187
    32 18.045721 0.000000 0.000000 0.000000 0.000000 -0.782250
    33 17.597597 0.000000 0.000000 0.178693 0.125253 0.485308
  time 78
    0 0.254879 -0.281108 0.368674 0.000000 0.000000 -1.571017
    1 -3.386826 0.207038 0.000000 -1.570795 -1.570787 0.000000
    2 1.293670 0.684478 -0.000001 0.000266 0.025358 0.010374
    3 5.309685 -0.003834 0.000000 -0.073616 -0.036146 0.021755
    4 4.826790 -0.004591 0.000000 -0.072158 -0.017030 -0.173532
    5 5.792767 -0.005304 0.000000 -0.106721 0.077744 -0.197264
    6 6.662322 -0.001452 0.000000 0.004698 0.139666 0.354824
    7 -3.108188 1.516823 4.339626 1.238993 -1.024532 -4.799756
    8 4.827512 0.000000 -0.000002 -0.288021 0.096694 -1.189911
    9 11.140032 0.000000 0.000000 0.070821 -0.161353 -1.751605
    10 10.314563 -0.000001 0.000001 -0.625496 -0.513792 0.725109
    11 1.646836 0.445664 -1.699647 -0.161704 0.581044 -0.283978
    12 0.928312 0.000000 0.000000 0.000000 0.000000 0.000000
    13 0.928313 0.000000 -0.000001 0.000000 0.000000 0.000000
    14 2.979373 -0.388274 -0.044205 -0.000805 -0.043611 0.000046
    15 1.435262 -0.000001 -0.000001 0.000000 0.000000 0.872146
    16 1.482593 -0.000001 0.000001 0.000000 0.000000 0.907041
    17 -2.869899 1.399667 -4.140396 -1.163265 1.764468 -4.903713
    18 4.972047 0.000000 0.000000 1.170183 -0.750515 -1.823468
    19 11.585358 0.000000 0.000001 0.316143 -0.356527 -1.356848
    20 10.127058 0.000000 0.000001 1.960763 0.596700 0.774136
    21 1.537458 0.109715 1.664489 -0.264662 -0.055995 0.783079
    22 0.928313 0.000000 0.000002 0.000000 0.000000 -0.453501
    23 0.928311 0.000000 0.000001 0.000000 0.000000 0.000000
    24 2.686395 -0.427337 0.044204 -0.005762 0.043239 -0.157074
    25 1.435260 0.000000 0.000001 0.000000 0.000000 0.732613
    26 1.482593 0.000000 -0.000001 0.000000 0.000000 1.168644
    27 2.046984 0.000001 0.000000 0.092714 0.477661 -0.167652
    28 -0.000005 0.000007 3.713254 -0.099865 -3.047848 5.708602
    29 18.045723 0.000000 0.000000 0.000000 0.000000 -0.413544
    30 17.597597 0.000000 0.000000 -0.057202 -0.016721 -0.162308
    31 0.000005 -0.000003 -3.713254 0.807612 2.831522 6.175187
    32 18.045721 0.000000 0.000000 0.000000 0.000000 -0.782250
    33 17.597597 0.000000 0.000000 0.178693 0.125253 0.485308
  time 79
    0 0.254879 -0.281108 0.368674 0.000000 0.000000 -1.571017
    1 -3.386826 0.207038 0.000000 -1.570795 -1.570787 0.000000
    2 1.293670 0.684478 -0.000001 0.000266 0.025358 0.010374
    3 5.309685 -0.003834 0.000000 -0.073616 -0.036146 0.021755
    4 4.826790 -0.004591 0.000000 -0.072158 -0.017030 -0.173532
    5 5.792767 -0.005304 0.000000 -0.106721 0.077744 -0.197264
    6 6.662322 -0.001452 0.000000 0.004698 0.139666 0.354824
    7 -3.108188 1.516823 4.339626 1.238993 -1.024532 -4.799756
    8 4.827512 0.000000 -0.000002 -0.309385 0.108632 -1.098321
    9 11.140032 0.000000 0.000000 0.070821 -0.157633 -1.848765
    10 10.314563 -0.000001 0.000001 -0.631182 -0.425366 0.774114
    11 1.646836 0.445664 -1.699647 -0.161704 0.581044 -0.283978
    12 0.928312 0.000000 0.000000 0.000000 0.000000 0.000000
    13 0.928313 0.000000 -0.000001 0.000000 0.000000 0.000000
    14 2.979373 -0.388274 -0.044205 -0.000805 -0.043611 0.000046
    15 1.435262 -0.000001 -0.000001 0.000000 0.000000 0.872146
    16 1.482593 -0.000001 0.000001 0.000000 0.000000 0.907041
    17 -2.869899 1.399667 -4.140396 -1.163265 1.764468 -4.903713
    18 4.972047 0.000000 0.000000 1.167369 -0.753809 -1.819741
    19 11.585358 0.000000 0.000001 0.316143 -0.357933 -1.366077
    20 10.127058 0.000000 0.000001 1.960763 0.596700 0.774136
    21 1.537458 0.109715 1.664489 -0.264662 -0.055995 0.783079
    22 0.928313 0.000000 0.000002 0.000000 0.000000 -0.453501
    23 0.928311 0.000000 0.000001 0.000000 0.000000 0.000000
    24 2.686395 -0.427337 0.044204 -0.005762 0.043239 -0.157074
    25 1.435260 0.000000 0.000001 0.000000 0.000000 0.732613
    26 1.482593 0.000000 -0.000001 0.000000 0.000000 1.168644
    27 2.046984 0.000001 0.000000 0.092714 0.477661 -0.167652
    28 -0.000005 0.000007 3.713254 -0.099865 -3.047848 5.708602
    29 18.045723 0.000000 0.000000 0.000000 0.000000 -0.413544
    30 17.597597 0.000000 0.000000 -0.057202 -0.016721 -0.162308
    31 0.000005 -0.000003 -3.713254 0.807612 2.831522 6.175187
    32 18.045721 0.000000 0.000000 0.000000 0.000000 -0.782250
    33 17.597597 0.000000 0.000000 0.178693 0.125253 0.485308
  time 80
    0 0.254879 -0.281108 0.368674 0.000000 0.000000 -1.571017
    1 -3.386826 0.207038 0.000000 -1.570795 -1.570787 0.000000
    2 1.293670 0.684478 -0.000001 0.000266 0.025358 0.010374
    3 5.309685 -0.003834 0.000000 -0.073616 -0.036146 0.021755
    4 4.826790 -0.004591 0.000000 -0.072158 -0.017030 -0.173532
    5 5.792767 -0.005304 0.000000 -0.106721 0.077744 -0.197264
    6 6.662322 -0.001452 0.000000 0.004698 0.139666 0.354824
    7 -3.108188 1.516823 4.339626 1.238993 -1.024532 -4.799756
    8 4.827512 0.000000 -0.000002 -0.344939 0.123896 -0.972505
    9 11.140032 0.000000 0.000000 0.070821 -0.151990 -1.953025
    10 10.314563 -0.000001 0.000001 -0.640091 -0.286824 0.850874
    11 1.646836 0.445664 -1.699647 -0.161704 0.581044 -0.283978
    12 0.928312 0.000000 0.000000 0.000000 0.000000 0.000000
    13 0.928313 0.000000 -0.000001 0.000000 0.000000 0.000000
    14 2.979373 -0.388274 -0.044205 -0.000805 -0.043611 0.000046
    15 1.435262 -0.000001 -0.000001 0.000000 0.000000 0.872146
    16 1.482593 -0.000001 0.000001 0.000000 0.000000 0.907041
    17 -2.869899 1.399667 -4.140396 -1.163265 1.764468 -4.903713
    18 4.972047 0.000000 0.000000 1.162961 -0.758550 -1.814150
    19 11.585358 0.000000 0.000001 0.316143 -0.360021 -1.379963
    20 10.127058 0.000000 0.000001 1.960763 0.596700 0.774136
    21 1.537458 0.109715 1.664489 -0.264662 -0.055995 0.783079
    22 0.928313 0.000000 0.000002 0.000000 0.000000 -0.453501
    23 0.928311 0.000000 0.000001 0.000000 0.000000 0.000000
    24 2.686395 -0.427337 0.044204 -0.005762 0.043239 -0.157074
    25 1.435260 0.000000 0.000001 0.000000 0.000000 0.732613
    26 1.482593 0.000000 -0.000001 0.000000 0.000000 1.168644
    27 2.046984 0.000001 0.000000 0.092714 0.477661 -0.167652
    28 -0.000005 0.000007 3.713254 -0.099865 -3.047848 5.708602
    29 18.045723 0.000000 0.000000 0.000000 0.000000 -0.413544
    30 17.597597 0.000000 0.000000 -0.057202 -0.016721 -0.162308
    31 0.000005 -0.000003 -3.713254 0.807612 2.831522 6.175187
    32 18.045721 0.000000 0.000000 0.000000 0.000000 -0.782250
    33 17.597597 0.000000 0.000000 0.178693 0.125253 0.485308
  time 81
    0 0.254879 -0.281108 0.368674 0.000000 0.000000 -1.571017
    1 -3.386826 0.207038 0.000000 -1.570795 -1.570787 0.000000
    2 1.293670 0.684478 -0.000001 0.000266 0.025358 0.010374
    3 5.309685 -0.003834 0.000000 -0.073616 -0.036146 0.020925
    4 4.826790 -0.004591 0.000000 -0.072158 -0.017030 -0.174171
    5 5.792767 -0.005304 0.000000 -0.106757 0.077660 -0.196724
    6 6.662322 -0.001452 0.000000 0.004698 0.139666 0.354824
    7 -3.108188 1.516823 4.339626 1.238993 -1.024532 -4.799756
    8 4.827512 0.000000 -0.000002 -0.390298 0.135067 -0.836117
    9 11.140032 0.000000 0.000000 0.070821 -0.147322 -2.023595
    10 10.314563 -0.000001 0.000001 -0.651749 -0.105288 0.951440
    11 1.646836 0.445664 -1.699647 -0.161704 0.581044 -0.283978
    12 0.928312 0.000000 0.000000 0.000000 0.000000 0.000000
    13 0.928313 0.000000 -0.000001 0.000000 0.000000 0.000000
    14 2.979373 -0.388274 -0.044205 -0.000805 -0.043611 0.000046
    15 1.435262 -0.000001 -0.000001 0.000000 0.000000 0.872146
    16 1.482593 -0.000001 0.000001 0.000000 0.000000 0.907041
    17 -2.869899 1.399667 -4.140396 -1.163265 1.764468 -4.903713
    18 4.972047 0.000000 0.000000 1.157708 -0.764415 -1.807628
    19 11.585358 0.000000 0.000001 0.316143 -0.362426 -1.395891
    20 10.127058 0.000000 0.000001 1.960763 0.596700 0.774136
    21 1.537458 0.109715 1.664489 -0.264662 -0.055995 0.783079
    22 0.928313 0.000000 0.000002 0.000000 0.000000 -0.453501
    23 0.928311 0.000000 0.000001 0.000000 0.000000 0.000000
    24 2.686395 -0.427337 0.044204 -0.005762 0.043239 -0.157074
    25 1.435260 0.000000 0.000001 0.000000 0.000000 0.732613
    26 1.482593 0.000000 -0.000001 0.000000 0.000000 1.168644
    27 2.046984 0.000001 0.000000 0.096376 0.476009 -0.172762
    28 -0.000005 0.000007 3.713254 -0.099865 -3.047848 5.708602
    29 18.045723 0.000000 0.000000 0.000000 0.000000 -0.413544
    30 17.597597 0.000000 0.000000 -0.057202 -0.016721 -0.162308
    31 0.000005 -0.000003 -3.713254 0.807612 2.831522 6.175187
    32 18.045721 0.000000 0.000000 0.000000 0.000000 -0.782250
    33 17.597597 0.000000 0.000000 0.178693 0.125253 0.485308
  time 82
    0 0.254879 -0.281108 0.368674 0.000000 0.000000 -1.571017
    1 -3.386826 0.207038 0.000000 -1.570795 -1.570787 0.000000
    2 1.293670 0.684478 -0.000001 0.000266 0.025358 0.010374
    3 5.309685 -0.003834 0.000000 -0.073616 -0.036146 0.018664
    4 4.826790 -0.004591 0.000000 -0.072158 -0.017030 -0.175891
    5 5.792767 -0.005304 0.000000 -0.106847 0.077396 -0.195208
    6 6.662322 -0.001452 0.000000 0.004698 0.139666 0.354824
    7 -3.108188 1.516823 4.339626 1.238993 -1.024532 -4.799756
    8 4.827512 0.000000 -0.000002 -0.432309 0.136858 -0.718619
    9 11.140032 0.000000 0.000000 0.070821 -0.146398 -2.035695
    10 10.314563 -0.000001 0.000001 -0.665776 0.112032 1.071863
    11 1.646836 0.445664 -1.699647 -0.161704 0.581044 -0.283978
    12 0.928312 0.000000 0.000000 0.000000 0.000000 0.000000
    13 0.928313 0.000000 -0.000001 0.000000 0.000000 0.000000
    14 2.979373 -0.388274 -0.044205 -0.000805 -0.043611 0.000046
    15 1.435262 -0.000001 -0.000001 0.000000 0.000000 0.872146
    16 1.482593 -0.000001 0.000001 0.000000 0.000000 0.907041
    17 -2.869899 1.399667 -4.140396 -1.163265 1.764468 -4.903713
    18 4.972047 0.000000 0.000000 1.152268 -0.770441 -1.801105
    19 11.585358 0.000000 0.000001 0.316143 -0.364718 -1.411083
    20 10.127058 0.000000 0.000001 1.960763 0.596700 0.774136
    21 1.537458 0.109715 1.664489 -0.264662 -0.055995 0.783079
    22 0.928313 0.000000 0.000002 0.000000 0.000000 -0.453501
    23 0.928311 0.000000 0.000001 0.000000 0.000000 0.000000
    24 2.686395 -0.427337 0.044204 -0.005762 0.043239 -0.157074
    25 1.435260 0.000000 0.000001 0.000000 0.000000 0.732613
    26 1.482593 0.000000 -0.000001 0.000000 0.000000 1.168644
    27 2.046984 0.000001 0.000000 0.106372 0.471583 -0.186692
    28 -0.000005 0.000007 3.713254 -0.099865 -3.047848 5.708602
    29 18.045723 0.000000 0.000000 0.000000 0.000000 -0.413544
    30 17.597597 0.000000 0.000000 -0.057202 -0.016721 -0.162308
    31 0.000005 -0.000003 -3.713254 0.807612 2.831522 6.175187
    32 18.045721 0.000000 0.000000 0.000000 0.000000 -0.782250
    33 17.597597 0.000000 0.000000 0.178693 0.125253 0.485308
  time 83
    0 0.254879 -0.281108 0.368674 0.000000 0.000000 -1.571017
    1 -3.386826 0.207038 0.000000 -1.570795 -1.570787 0.000000
    2 1.293670 0.684478 -0.000001 0.000266 0.025358 0.010374
    3 5.309685 -0.003834 0.000000 -0.073616 -0.036146 0.015343
    4 4.826790 -0.004591 0.000000 -0.072158 -0.017030 -0.178405
    5 5.792767 -0.005304 0.000000 -0.106973 0.077013 -0.192883
    6 6.662322 -0.001452 0.000000 0.004698 0.139666 0.354824
    7 -3.108188 1.516823 4.339626 1.238993 -1.024532 -4.799756
    8 4.827512 0.000000 -0.000002 -0.458297 0.126966 -0.656578
    9 11.140032 0.000000 0.000000 0.070821 -0.150043 -1.983746
    10 10.314563 -0.000001 0.000001 -0.681508 0.358109 1.208138
    11 1.646836 0.445664 -1.699647 -0.161704 0.581044 -0.283978
    12 0.928312 0.000000 0.000000 0.000000 0.000000 0.000000
    13 0.928313 0.000000 -0.000001 0.000000 0.000000 0.000000
    14 2.979373 -0.388274 -0.044205 -0.000805 -0.043611 0.000046
    15 1.435262 -0.000001 -0.000001 0.000000 0.000000 0.872146
    16 1.482593 -0.000001 0.000001 0.000000 0.000000 0.907041
    17 -2.869899 1.399667 -4.140396 -1.163265 1.764468 -4.903713
    18 4.972047 0.000000 0.000000 1.146640 -0.776709 -1.794383
    19 11.585358 0.000000 0.000001 0.316143 -0.367077 -1.426684
    20 10.127058 0.000000 0.000001 1.960763 0.596700 0.774136
    21 1.537458 0.109715 1.664489 -0.264662 -0.055995 0.783079
    22 0.928313 0.000000 0.000002 0.000000 0.000000 -0.453501
    23 0.928311 0.000000 0.000001 0.000000 0.000000 0.000000
    24 2.686395 -0.427337 0.044204 -0.005762 0.043239 -0.157074
    25 1.435260 0.000000 0.000001 0.000000 0.000000 0.732613
    26 1.482593 0.000000 -0.000001 0.000000 0.000000 1.168644
    27 2.046984 0.000001 0.000000 0.121106 0.465033 -0.207252
    28 -0.000005 0.000007 3.713254 -0.099865 -3.047848 5.708602
    29 18.045723 0.000000 0.000000 0.000000 0.000000 -0.413544
    30 17.597597 0.000000 0.000000 -0.057202 -0.016721 -0.162308
    31 0.000005 -0.000003 -3.713254 0.807612 2.831522 6.175187
    32 18.045721 0.000000 0.000000 0.000000 0.000000 -0.782250
    33 17.597597 0.000000 0.000000 0.178693 0.125253 0.485308
  time 84
    0 0.254879 -0.281108 0.368674 0.000000 0.000000 -1.571017
    1 -3.386826 0.207038 0.000000 -1.570795 -1.570787 0.000000
    2 1.293670 0.684478 -0.000001 0.000266 0.025358 0.010374
    3 5.309685 -0.003834 0.000000 -0.073616 -0.036146 0.011316
    4 4.826790 -0.004591 0.000000 -0.072158 -0.017030 -0.181469
    5 5.792767 -0.005304 0.000000 -0.107135 0.076510 -0.189872
    6 6.662322 -0.001452 0.000000 0.004698 0.139666 0.354824
    7 -3.108188 1.516823 4.339626 1.238993 -1.024532 -4.799756
    8 4.827512 0.000000 -0.000002 -0.450484 0.130718 -0.622004
    9 11.140032 0.000000 0.000000 0.070821 -0.156110 -1.879413
    10 10.314563 -0.000001 0.000001 -0.698758 0.625731 1.356373
    11 1.646836 0.445664 -1.699647 -0.161704 0.581044 -0.283978
    12 0.928312 0.000000 0.000000 0.000000 0.000000 0.000000
    13 0.928313 0.000000 -0.000001 0.000000 0.000000 0.000000
    14 2.979373 -0.388274 -0.044205 -0.000805 -0.043611 0.000046
    15 1.435262 -0.000001 -0.000001 0.000000 0.000000 0.872146
    16 1.482593 -0.000001 0.000001 0.000000 0.000000 0.907041
    17 -2.869899 1.399667 -4.140396 -1.163265 1.764468 -4.903713
    18 4.972047 0.000000 0.000000 1.141012 -0.782655 -1.787395
    19 11.585358 0.000000 0.000001 0.316143 -0.369505 -1.442856
    20 10.127058 0.000000 0.000001 1.960763 0.596700 0.774136
    21 1.537458 0.109715 1.664489 -0.264662 -0.055995 0.783079
    22 0.928313 0.000000 0.000002 0.000000 0.000000 -0.453501
    23 0.928311 0.000000 0.000001 0.000000 0.000000 0.000000
    24 2.686395 -0.427337 0.044204 -0.005762 0.043239 -0.157074
    25 1.435260 0.000000 0.000001 0.000000 0.000000 0.732613
    26 1.482593 0.000000 -0.000001 0.000000 0.000000 1.168644
    27 2.046984 0.000001 0.000000 0.139029 0.457067 -0.232192
    28 -0.000005 0.000007 3.713254 -0.099865 -3.047848 5.708602
    29 18.045723 0.000000 0.000000 0.000000 0.000000 -0.413544
    30 17.597597 0.000000 0.000000 -0.057202 -0.016721 -0.162308
    31 0.000005 -0.000003 -3.713254 0.807612 2.831522 6.175187
    32 18.045721 0.000000 0.000000 0.000000 0.000000 -0.782250
    33 17.597597 0.000000 0.000000 0.178693 0.125253 0.485308
  time 85
    0 0.254879 -0.281108 0.368674 0.000000 0.000000 -1.571017
    1 -3.386826 0.207038 0.000000 -1.570795 -1.570787 0.000000
    2 1.293670 0.684478 -0.000001 0.000266 0.025358 0.010374
    3 5.309685 -0.003834 0.000000 -0.073616 -0.036146 0.006935
    4 4.826790 -0.004591 0.000000 -0.072158 -0.017030 -0.184821
    5 5.792767 -0.005304 0.000000 -0.107333 0.075910 -0.186343
    6 6.662322 -0.001452 0.000000 0.004698 0.139666 0.354824
    7 -3.108188 1.516823 4.339626 1.238993 -1.024532 -4.799756
    8 4.827512 0.000000 -0.000002 -0.414771 0.154765 -0.586997
    9 11.140032 0.000000 0.000000 0.070821 -0.161902 -1.728999
    10 10.314563 -0.000001 0.000001 -0.716860 0.907684 1.512506
    11 1.646836 0.445664 -1.699647 -0.161704 0.581044 -0.283978
    12 0.928312 0.000000 0.000000 0.000000 0.000000 0.000000
    13 0.928313 0.000000 -0.000001 0.000000 0.000000 0.000000
    14 2.979373 -0.388274 -0.044205 -0.000805 -0.043611 0.000046
    15 1.435262 -0.000001 -0.000001 0.000000 0.000000 0.872146
    16 1.482593 -0.000001 0.000001 0.000000 0.000000 0.907041
    17 -2.869899 1.399667 -4.140396 -1.163265 1.764468 -4.903713
    18 4.972047 0.000000 0.000000 1.135290 -0.788118 -1.780407
    19 11.585358 0.000000 0.000001 0.316143 -0.371593 -1.460009
    20 10.127058 0.000000 0.000001 1.960763 0.596700 0.774136
    21 1.537458 0.109715 1.664489 -0.264662 -0.055995 0.783079
    22 0.928313 0.000000 0.000002 0.000000 0.000000 -0.453501
    23 0.928311 0.000000 0.000001 0.000000 0.000000 0.000000
    24 2.686395 -0.427337 0.044204 -0.005762 0.043239 -0.157074
    25 1.435260 0.000000 0.000001 0.000000 0.000000 0.732613
    26 1.482593 0.000000 -0.000001 0.000000 0.000000 1.168644
    27 2.046984 0.000001 0.000000 0.158502 0.448393 -0.259321
    28 -0.000005 0.000007 3.713254 -0.099865 -3.047848 5.708602
    29 18.045723 0.000000 0.000000 0.000000 0.000000 -0.413544
    30 17.597597 0.000000 0.000000 -0.057202 -0.016721 -0.162308
    31 0.000005 -0.000003 -3.713254 0.807612 2.831522 6.175187
    32 18.045721 0.000000 0.000000 0.000000 0.000000 -0.782250
    33 17.597597 0.000000 0.000000 0.178693 0.125253 0.485308
  time 86
    0 0.254879 -0.281108 0.368674 0.000000 0.000000 -1.571017
    1 -3.386826 0.207038 0.000000 -1.570795 -1.570787 0.000000
    2 1.293670 0.684478 -0.000001 0.000266 0.025358 0.010374
    3 5.309685 -0.003834 0.000000 -0.073616 -0.036146 0.002537
    4 4.826790 -0.004591 0.000000 -0.072158 -0.017030 -0.188150
    5 5.792767 -0.005304 0.000000 -0.107549 0.075251 -0.182439
    6 6.662322 -0.001452 0.000000 0.004698 0.139666 0.354824
    7 -3.108188 1.516823 4.339626 1.238993 -1.024532 -4.799756
    8 4.827512 0.000000 -0.000002 -0.380732 0.175913 -0.579719
    9 11.140032 0.000000 0.000000 0.070821 -0.163749 -1.527217
    10 10.314563 -0.000001 0.000001 -0.735436 1.196756 1.672644
    11 1.646836 0.445664 -1.699647 -0.161704 0.581044 -0.283978
    12 0.928312 0.000000 0.000000 0.000000 0.000000 0.000000
    13 0.928313 0.000000 -0.000001 0.000000 0.000000 0.000000
    14 2.979373 -0.388274 -0.044205 -0.000805 -0.043611 0.000046
    15 1.435262 -0.000001 -0.000001 0.000000 0.000000 0.872146
    16 1.482593 -0.000001 0.000001 0.000000 0.000000 0.907041
    17 -2.869899 1.399667 -4.140396 -1.163265 1.764468 -4.903713
    18 4.972047 0.000000 0.000000 1.129850 -0.792538 -1.773219
    19 11.585358 0.000000 0.000001 0.316143 -0.373794 -1.478632
    20 10.127058 0.000000 0.000001 1.960763 0.596700 0.774136
    21 1.537458 0.109715 1.664489 -0.264662 -0.055995 0.783079
    22 0.928313 0.000000 0.000002 0.000000 0.000000 -0.453501
    23 0.928311 0.000000 0.000001 0.000000 0.000000 0.000000
    24 2.686395 -0.427337 0.044204 -0.005762 0.043239 -0.157074
    25 1.435260 0.000000 0.000001 0.000000 0.000000 0.732613
    26 1.482593 0.000000 -0.000001 0.000000 0.000000 1.168644
    27 2.046984 0.000001 0.000000 0.177976 0.439749 -0.286451
    28 -0.000005 0.000007 3.713254 -0.099865 -3.047848 5.708602
    29 18.045723 0.000000 0.000000 0.000000 0.000000 -0.413544
    30 17.597597 0.000000 0.000000 -0.057202 -0.016721 -0.162308
    31 0.000005 -0.000003 -3.713254 0.807612 2.831522 6.175187
    32 18.045721 0.000000 0.000000 0.000000 0.000000 -0.782250
    33 17.597597 0.000000 0.000000 0.178693 0.125253 0.485308
  time 87
    0 0.254879 -0.281108 0.368674 0.000000 0.000000 -1.571017
    1 -3.386826 0.207038 0.000000 -1.570795 -1.570787 0.000000
    2 1.293670 0.684478 -0.000001 0.000266 0.025358 0.010374
    3 5.309685 -0.003834 0.000000 -0.073616 -0.036146 -0.001490
    4 4.826790 -0.004591 0.000000 -0.072158 -0.017030 -0.191237
    5 5.792767 -0.005304 0.000000 -0.107764 0.074568 -0.178307
    6 6.662322 -0.001452 0.000000 0.004698 0.139666 0.354824
    7 -3.108188 1.516823 4.339626 1.238993 -1.024532 -4.799756
    8 4.827512 0.000000 -0.000002 -0.367499 0.181200 -0.612559
    9 11.140032 0.000000 0.000000 0.070821 -0.156959 -1.279499
    10 10.314563 -0.000001 0.000001 -0.754012 1.485829 1.832725
    11 1.646836 0.445664 -1.699647 -0.161704 0.581044 -0.283978
    12 0.928312 0.000000 0.000000 0.000000 0.000000 0.000000
    13 0.928313 0.000000 -0.000001 0.000000 0.000000 0.000000
    14 2.979373 -0.388274 -0.044205 -0.000805 -0.043611 0.000046
    15 1.435262 -0.000001 -0.000001 0.000000 0.000000 0.872146
    16 1.482593 -0.000001 0.000001 0.000000 0.000000 0.907041
    17 -2.869899 1.399667 -4.140396 -1.163265 1.764468 -4.903713
    18 4.972047 0.000000 0.000000 1.124785 -0.795511 -1.765898
    19 11.585358 0.000000 0.000001 0.316143 -0.376221 -1.498970
    20 10.127058 0.000000 0.000001 1.960763 0.596700 0.774136
    21 1.537458 0.109715 1.664489 -0.264662 -0.055995 0.783079
    22 0.928313 0.000000 0.000002 0.000000 0.000000 -0.453501
    23 0.928311 0.000000 0.000001 0.000000 0.000000 0.000000
    24 2.686395 -0.427337 0.044204 -0.005762 0.043239 -0.157074
    25 1.435260 0.000000 0.000001 0.000000 0.000000 0.732613
    26 1.482593 0.000000 -0.000001 0.000000 0.000000 1.168644
    27 2.046984 0.000001 0.000000 0.195898 0.431783 -0.311390
    28 -0.000005 0.000007 3.713254 -0.099865 -3.047848 5.708602
    29 18.045723 0.000000 0.000000 0.000000 0.000000 -0.413544
    30 17.597597 0.000000 0.000000 -0.057202 -0.016721 -0.162308
    31 0.000005 -0.000003 -3.713254 0.807612 2.831522 6.175187
    32 18.045721 0.000000 0.000000 0.000000 0.000000 -0.782250
    33 17.597597 0.000000 0.000000 0.178693 0.125253 0.485308
  time 88
    0 0.254879 -0.281108 0.368674 0.000000 0.000000 -1.571017
    1 -3.386826 0.207038 0.000000 -1.570795 -1.570787 0.000000
    2 1.293670 0.684478 -0.000001 0.000266 0.025358 0.010374
    3 5.309685 -0.003834 0.000000 -0.073616 -0.036146 -0.004811
    4 4.826790 -0.004591 0.000000 -0.072158 -0.017030 -0.193750
    5 5.792767 -0.005304 0.000000 -0.107998 0.073861 -0.174113
    6 6.662322 -0.001452 0.000000 0.004698 0.139666 0.354824
    7 -3.108188 1.516823 4.339626 1.238993 -1.024532 -4.799756
    8 4.827512 0.000000 -0.000002 -0.378101 0.164742 -0.680753
    9 11.140032 0.000000 0.000000 0.070821 -0.138184 -1.004538
    10 10.314563 -0.000001 0.000001 -3.913570 1.373703 -1.152601
    11 1.646836 0.445664 -1.699647 -0.161704 0.581044 -0.283978
    12 0.928312 0.000000 0.000000 0.000000 0.000000 0.000000
    13 0.928313 0.000000 -0.000001 0.000000 0.000000 0.000000
    14 2.979373 -0.388274 -0.044205 -0.000805 -0.043611 0.000046
    15 1.435262 -0.000001 -0.000001 0.000000 0.000000 0.872146
    16 1.482593 -0.000001 0.000001 0.000000 0.000000 0.907041
    17 -2.869899 1.399667 -4.140396 -1.163265 1.764468 -4.903713
    18 4.972047 0.000000 0.000000 1.119344 -0.796153 -1.756247
    19 11.585358 0.000000 0.000001 0.316143 -0.379829 -1.529437
    20 10.127058 0.000000 0.000001 1.960763 0.596700 0.774136
    21 1.537458 0.109715 1.664489 -0.264662 -0.055995 0.783079
    22 0.928313 0.000000 0.000002 0.000000 0.000000 -0.453501
    23 0.928311 0.000000 0.000001 0.000000 0.000000 0.000000
    24 2.686395 -0.427337 0.044204 -0.005762 0.043239 -0.157074
    25 1.435260 0.000000 0.000001 0.000000 0.000000 0.732613
    26 1.482593 0.000000 -0.000001 0.000000 0.000000 1.168644
    27 2.046984 0.000001 0.000000 0.210632 0.425233 -0.331890
    28 -0.000005 0.000007 3.713254 -0.099865 -3.047848 5.708602
    29 18.045723 0.000000 0.000000 0.000000 0.000000 -0.413544
    30 17.597597 0.000000 0.000000 -0.057202 -0.016721 -0.162308
    31 0.000005 -0.000003 -3.713254 0.807612 2.831522 6.175187
    32 18.045721 0.000000 0.000000 0.000000 0.000000 -0.782250
    33 17.597597 0.000000 0.000000 0.178693 0.125253 0.485308
  time 89
    0 0.254879 -0.281108 0.368674 0.000000 0.000000 -1.571017
    1 -3.386826 0.207038 0.000000 -1.570795 -1.570787 0.000000
    2 1.293670 0.684478 -0.000001 0.000266 0.025358 0.010374
    3 5.309685 -0.003834 0.000000 -0.073616 -0.036146 -0.007054
    4 4.826790 -0.004591 0.000000 -0.072158 -0.017030 -0.195470
    5 5.792767 -0.005304 0.000000 -0.108232 0.073166 -0.169982
    6 6.662322 -0.001452 0.000000 0.004698 0.139666 0.354824
    7 -3.108188 1.516823 4.339626 1.238993 -1.024532 -4.799756
    8 4.827512 0.000000 -0.000002 -0.401139 0.131059 -0.761251
    9 11.140032 0.000000 0.000000 0.070821 -0.111346 -0.748778
    10 10.314563 -0.000001 0.000001 -3.930819 1.106175 -1.004423
    11 1.646836 0.445664 -1.699647 -0.161704 0.581044 -0.283978
    12 0.928312 0.000000 0.000000 0.000000 0.000000 0.000000
    13 0.928313 0.000000 -0.000001 0.000000 0.000000 0.000000
    14 2.979373 -0.388274 -0.044205 -0.000805 -0.043611 0.000046
    15 1.435262 -0.000001 -0.000001 0.000000 0.000000 0.872146
    16 1.482593 -0.000001 0.000001 0.000000 0.000000 0.907041
    17 -2.869899 1.399667 -4.140396 -1.163265 1.764468 -4.903713
    18 4.972047 0.000000 0.000000 1.113060 -0.794386 -1.743202
    19 11.585358 0.000000 0.000001 0.316143 -0.383868 -1.576158
    20 10.127058 0.000000 0.000001 1.960763 0.596700 0.774136
    21 1.537458 0.109715 1.664489 -0.264662 -0.055995 0.783079
    22 0.928313 0.000000 0.000002 0.000000 0.000000 -0.453501
    23 0.928311 0.000000 0.000001 0.000000 0.000000 0.000000
    24 2.686395 -0.427337 0.044204 -0.005762 0.043239 -0.157074
    25 1.435260 0.000000 0.000001 0.000000 0.000000 0.732613
    26 1.482593 0.000000 -0.000001 0.000000 0.000000 1.168644
    27 2.046984 0.000001 0.000000 0.220628 0.420778 -0.345820
    28 -0.000005 0.000007 3.713254 -0.099865 -3.047848 5.708602
    29 18.045723 0.000000 0.000000 0.000000 0.000000 -0.413544
    30 17.597597 0.000000 0.000000 -0.057202 -0.016721 -0.162308
    31 0.000005 -0.000003 -3.713254 0.807612 2.831522 6.175187
    32 18.045721 0.000000 0.000000 0.000000 0.000000 -0.782250
    33 17.597597 0.000000 0.000000 0.178693 0.125253 0.485308
  time 90
    0 0.254879 -0.281108 0.368674 0.000000 0.000000 -1.571017
    1 -3.386826 0.207038 0.000000 -1.570795 -1.570787 0.000000
    2 1.293670 0.684478 -0.000001 0.000266 0.025358 0.010374
    3 5.309685 -0.003834 0.000000 -0.073616 -0.036146 -0.007885
    4 4.826790 -0.004591 0.000000 -0.072158 -0.017030 -0.196109
    5 5.792767 -0.005304 0.000000 -0.108448 0.072507 -0.166078
    6 6.662322 -0.001452 0.000000 0.004698 0.139666 0.354824
    7 -3.108188 1.516823 4.339626 1.238993 -1.024532 -4.799756
    8 4.827512 0.000000 -0.000002 -0.414612 0.107609 -0.803017
    9 11.140032 0.000000 0.000000 0.070821 -0.096043 -0.627491
    10 10.314563 -0.000001 0.000001 -3.946552 0.860098 -0.868091
    11 1.646836 0.445664 -1.699647 -0.161704 0.581044 -0.283978
    12 0.928312 0.000000 0.000000 0.000000 0.000000 0.000000
    13 0.928313 0.000000 -0.000001 0.000000 0.000000 0.000000
    14 2.979373 -0.388274 -0.044205 -0.000805 -0.043611 0.000046
    15 1.435262 -0.000001 -0.000001 0.000000 0.000000 0.872146
    16 1.482593 -0.000001 0.000001 0.000000 0.000000 0.907041
    17 -2.869899 1.399667 -4.140396 -1.163265 1.764468 -4.903713
    18 4.972047 0.000000 0.000000 1.107901 -0.789484 -1.729359
    19 11.585358 0.000000 0.000001 0.316143 -0.388156 -1.631864
    20 10.127058 0.000000 0.000001 1.960763 0.596700 0.774136
    21 1.537458 0.109715 1.664489 -0.264662 -0.055995 0.783079
    22 0.928313 0.000000 0.000002 0.000000 0.000000 -0.453501
    23 0.928311 0.000000 0.000001 0.000000 0.000000 0.000000
    24 2.686395 -0.427337 0.044204 -0.005762 0.043239 -0.157074
    25 1.435260 0.000000 0.000001 0.000000 0.000000 0.732613
    26 1.482593 0.000000 -0.000001 0.000000 0.000000 1.168644
    27 2.046984 0.000001 0.000000 0.224333 0.419155 -0.350990
    28 -0.000005 0.000007 3.713254 -0.099865 -3.047848 5.708602
    29 18.045723 0.000000 0.000000 0.000000 0.000000 -0.413544
    30 17.597597 0.000000 0.000000 -0.057202 -0.016721 -0.162308
    31 0.000005 -0.000003 -3.713254 0.807612 2.831522 6.175187
    32 18.045721 0.000000 0.000000 0.000000 0.000000 -0.782250
    33 17.597597 0.000000 0.000000 0.178693 0.125253 0.485308
  time 91
    0 0.254879 -0.281108 0.368674 0.000000 0.000000 -1.571017
    1 -3.386826 0.207038 0.000000 -1.570795 -1.570787 0.000000
    2 1.293670 0.684478 -0.000001 0.000266 0.025358 0.010374
    3 5.309685 -0.003834 0.000000 -0.073616 -0.036146 -0.007885
    4 4.826790 -0.004591 0.000000 -0.072158 -0.017030 -0.196109
    5 5.792767 -0.005304 0.000000 -0.108646 0.071920 -0.162549
    6 6.662322 -0.001452 0.000000 0.004698 0.139666 0.354824
    7 -3.108188 1.516823 4.339626 1.238993 -1.024532 -4.799756
    8 4.827512 0.000000 -0.000002 -0.422663 0.094050 -0.824679
    9 11.140032 0.000000 0.000000 0.070821 -0.101735 -0.671325
    10 10.314563 -0.000001 0.000001 -3.960579 0.642685 -0.747667
    11 1.646836 0.445664 -1.699647 -0.161704 0.581044 -0.283978
    12 0.928312 0.000000 0.000000 0.000000 0.000000 0.000000
    13 0.928313 0.000000 -0.000001 0.000000 0.000000 0.000000
    14 2.979373 -0.388274 -0.044205 -0.000805 -0.043611 0.000046
    15 1.435262 -0.000001 -0.000001 0.000000 0.000000 0.872146
    16 1.482593 -0.000001 0.000001 0.000000 0.000000 0.907041
    17 -2.869899 1.399667 -4.140396 -1.163265 1.764468 -4.903713
    18 4.972047 0.000000 0.000000 1.104993 -0.782414 -1.716979
    19 11.585358 0.000000 0.000001 0.316143 -0.391083 -1.689530
    20 10.127058 0.000000 0.000001 1.960763 0.596700 0.774136
    21 1.537458 0.109715 1.664489 -0.264662 -0.055995 0.783079
    22 0.928313 0.000000 0.000002 0.000000 0.000000 -0.453501
    23 0.928311 0.000000 0.000001 0.000000 0.000000 0.000000
    24 2.686395 -0.427337 0.044204 -0.005762 0.043239 -0.157074
    25 1.435260 0.000000 0.000001 0.000000 0.000000 0.732613
    26 1.482593 0.000000 -0.000001 0.000000 0.000000 1.168644
    27 2.046984 0.000001 0.000000 0.224333 0.419155 -0.350990
    28 -0.000005 0.000007 3.713254 -0.099865 -3.047848 5.708602
    29 18.045723 0.000000 0.000000 0.000000 0.000000 -0.413544
    30 17.597597 0.000000 0.000000 -0.057202 -0.016721 -0.162308
    31 0.000005 -0.000003 -3.713254 0.807612 2.831522 6.175187
    32 18.045721 0.000000 0.000000 0.000000 0.000000 -0.782250
    33 17.597597 0.000000 0.000000 0.178693 0.125253 0.485308
  time 92
    0 0.254879 -0.281108 0.368674 0.000000 0.000000 -1.571017
    1 -3.386826 0.207038 0.000000 -1.570795 -1.570787 0.000000
    2 1.293670 0.684478 -0.000001 0.000266 0.025358 0.010374
    3 5.309685 -0.003834 0.000000 -0.073616 -0.036146 -0.007885
    4 4.826790 -0.004591 0.000000 -0.072158 -0.017030 -0.196109
    5 5.792767 -0.005304 0.000000 -0.108808 0.071416 -0.159538
    6 6.662322 -0.001452 0.000000 0.004698 0.139666 0.354824
    7 -3.108188 1.516823 4.339626 1.238993 -1.024532 -4.799756
    8 4.827512 0.000000 -0.000002 -0.443150 0.053886 -0.891140
    9 11.140032 0.000000 0.000000 0.070821 -0.107926 -0.720376
    10 10.314563 -0.000001 0.000001 -3.972237 0.461055 -0.647102
    11 1.646836 0.445664 -1.699647 -0.161704 0.581044 -0.283978
    12 0.928312 0.000000 0.000000 0.000000 0.000000 0.000000
    13 0.928313 0.000000 -0.000001 0.000000 0.000000 0.000000
    14 2.979373 -0.388274 -0.044205 -0.000805 -0.043611 0.000046
    15 1.435262 -0.000001 -0.000001 0.000000 0.000000 0.872146
    16 1.482593 -0.000001 0.000001 0.000000 0.000000 0.907041
    17 -2.869899 1.399667 -4.140396 -1.163265 1.764468 -4.903713
    18 4.972047 0.000000 0.000000 1.104993 -0.774057 -1.708061
    19 11.585358 0.000000 0.000001 0.316143 -0.392445 -1.740743
    20 10.127058 0.000000 0.000001 1.960763 0.596700 0.774136
    21 1.537458 0.109715 1.664489 -0.264662 -0.055995 0.783079
    22 0.928313 0.000000 0.000002 0.000000 0.000000 -0.453501
    23 0.928311 0.000000 0.000001 0.000000 0.000000 0.000000
    24 2.686395 -0.427337 0.044204 -0.005762 0.043239 -0.157074
    25 1.435260 0.000000 0.000001 0.000000 0.000000 0.732613
    26 1.482593 0.000000 -0.000001 0.000000 0.000000 1.168644
    27 2.046984 0.000001 0.000000 0.224333 0.419155 -0.350990
    28 -0.000005 0.000007 3.713254 -0.099865 -3.047848 5.708602
    29 18.045723 0.000000 0.000000 0.000000 0.000000 -0.413544
    30 17.597597 0.000000 0.000000 -0.057202 -0.016721 -0.162308
    31 0.000005 -0.000003 -3.713254 0.807612 2.831522 6.175187
    32 18.045721 0.000000 0.000000 0.000000 0.000000 -0.782250
    33 17.597597 0.000000 0.000000 0.178693 0.125253 0.485308
  time 93
    0 0.254879 -0.281108 0.368674 0.000000 0.000000 -1.571017
    1 -3.386826 0.207038 0.000000 -1.570795 -1.570787 0.000000
    2 1.293670 0.684478 -0.000001 0.000266 0.025358 0.010374
    3 5.309685 -0.003834 0.000000 -0.073616 -0.036146 -0.007885
    4 4.826790 -0.004591 0.000000 -0.072158 -0.017030 -0.196109
    5 5.792767 -0.005304 0.000000 -0.108934 0.071021 -0.157212
    6 6.662322 -0.001452 0.000000 0.004698 0.139666 0.354824
    7 -3.108188 1.516823 4.339626 1.238993 -1.024532 -4.799756
    8 4.827512 0.000000 -0.000002 -0.464514 -0.002991 -0.976144
    9 11.140032 0.000000 0.000000 0.070821 -0.107627 -0.717913
    10 10.314563 -0.000001 0.000001 -3.981145 0.322514 -0.570342
    11 1.646836 0.445664 -1.699647 -0.161704 0.581044 -0.283978
    12 0.928312 0.000000 0.000000 0.000000 0.000000 0.000000
    13 0.928313 0.000000 -0.000001 0.000000 0.000000 0.000000
    14 2.979373 -0.388274 -0.044205 -0.000805 -0.043611 0.000046
    15 1.435262 -0.000001 -0.000001 0.000000 0.000000 0.872146
    16 1.482593 -0.000001 0.000001 0.000000 0.000000 0.907041
    17 -2.869899 1.399667 -4.140396 -1.163265 1.764468 -4.903713
    18 4.972047 0.000000 0.000000 1.106682 -0.765862 -1.702137
    19 11.585358 0.000000 0.000001 0.316143 -0.393080 -1.781991
    20 10.127058 0.000000 0.000001 1.960763 0.596700 0.774136
    21 1.537458 0.109715 1.664489 -0.264662 -0.055995 0.783079
    22 0.928313 0.000000 0.000002 0.000000 0.000000 -0.453501
    23 0.928311 0.000000 0.000001 0.000000 0.000000 0.000000
    24 2.686395 -0.427337 0.044204 -0.005762 0.043239 -0.157074
    25 1.435260 0.000000 0.000001 0.000000 0.000000 0.732613
    26 1.482593 0.000000 -0.000001 0.000000 0.000000 1.168644
    27 2.046984 0.000001 0.000000 0.224333 0.419155 -0.350990
    28 -0.000005 0.000007 3.713254 -0.099865 -3.047848 5.708602
    29 18.045723 0.000000 0.000000 0.000000 0.000000 -0.413544
    30 17.597597 0.000000 0.000000 -0.057202 -0.016721 -0.162308
    31 0.000005 -0.000003 -3.713254 0.807612 2.831522 6.175187
    32 18.045721 0.000000 0.000000 0.000000 0.000000 -0.782250
    33 17.597597 0.000000 0.000000 0.178693 0.125253 0.485308
  time 94
    0 0.254879 -0.281108 0.368674 0.000000 0.000000 -1.571017
    1 -3.386826 0.207038 0.000000 -1.570795 -1.570787 0.000000
    2 1.293670 0.684478 -0.000001 0.000266 0.025358 0.010374
    3 5.309685 -0.003834 0.000000 -0.073616 -0.036146 -0.007885
    4 4.826790 -0.004591 0.000000 -0.072158 -0.017030 -0.196109
    5 5.792767 -0.005304 0.000000 -0.109024 0.070769 -0.155697
    6 6.662322 -0.001452 0.000000 0.004698 0.139666 0.354824
    7 -3.108188 1.516823 4.339626 1.238993 -1.024532 -4.799756
    8 4.827512 0.000000 -0.000002 -0.473602 -0.034628 -1.019816
    9 11.140032 0.000000 0.000000 0.070821 -0.105579 -0.701031
    10 10.314563 -0.000001 0.000001 -3.986737 0.234087 -0.521395
    11 1.646836 0.445664 -1.699647 -0.161704 0.581044 -0.283978
    12 0.928312 0.000000 0.000000 0.000000 0.000000 0.000000
    13 0.928313 0.000000 -0.000001 0.000000 0.000000 0.000000
    14 2.979373 -0.388274 -0.044205 -0.000805 -0.043611 0.000046
    15 1.435262 -0.000001 -0.000001 0.000000 0.000000 0.872146
    16 1.482593 -0.000001 0.000001 0.000000 0.000000 0.907041
    17 -2.869899 1.399667 -4.140396 -1.163265 1.764468 -4.903713
    18 4.972047 0.000000 0.000000 1.108933 -0.759675 -1.699143
    19 11.585358 0.000000 0.000001 0.316143 -0.392944 -1.809272
    20 10.127058 0.000000 0.000001 1.960763 0.596700 0.774136
    21 1.537458 0.109715 1.664489 -0.264662 -0.055995 0.783079
    22 0.928313 0.000000 0.000002 0.000000 0.000000 -0.453501
    23 0.928311 0.000000 0.000001 0.000000 0.000000 0.000000
    24 2.686395 -0.427337 0.044204 -0.005762 0.043239 -0.157074
    25 1.435260 0.000000 0.000001 0.000000 0.000000 0.732613
    26 1.482593 0.000000 -0.000001 0.000000 0.000000 1.168644
    27 2.046984 0.000001 0.000000 0.224333 0.419155 -0.350990
    28 -0.000005 0.000007 3.713254 -0.099865 -3.047848 5.708602
    29 18.045723 0.000000 0.000000 0.000000 0.000000 -0.413544
    30 17.597597 0.000000 0.000000 -0.057202 -0.016721 -0.162308
    31 0.000005 -0.000003 -3.713254 0.807612 2.831522 6.175187
    32 18.045721 0.000000 0.000000 0.000000 0.000000 -0.782250
    33 17.597597 0.000000 0.000000 0.178693 0.125253 0.485308
  time 95
    0 0.254879 -0.281108 0.368674 0.000000 0.000000 -1.571017
    1 -3.386826 0.207038 0.000000 -1.570795 -1.570787 0.000000
    2 1.293670 0.684478 -0.000001 0.000266 0.025358 0.010374
    3 5.309685 -0.003834 0.000000 -0.073616 -0.036146 -0.007885
    4 4.826790 -0.004591 0.000000 -0.072158 -0.017030 -0.196109
    5 5.792767 -0.005304 0.000000 -0.109042 0.070673 -0.155157
    6 6.662322 -0.001452 0.000000 0.004698 0.139666 0.354824
    7 -3.108188 1.516823 4.339626 1.238993 -1.024532 -4.799756
    8 4.827512 0.000000 -0.000002 -0.473841 -0.035395 -1.019729
    9 11.140032 0.000000 0.000000 0.070821 -0.105579 -0.701031
    10 10.314563 -0.000001 0.000001 -3.988822 0.203081 -0.504208
    11 1.646836 0.445664 -1.699647 -0.161704 0.581044 -0.283978
    12 0.928312 0.000000 0.000000 0.000000 0.000000 0.000000
    13 0.928313 0.000000 -0.000001 0.000000 0.000000 0.000000
    14 2.979373 -0.388274 -0.044205 -0.000805 -0.043611 0.000046
    15 1.435262 -0.000001 -0.000001 0.000000 0.000000 0.872146
    16 1.482593 -0.000001 0.000001 0.000000 0.000000 0.907041
    17 -2.869899 1.399667 -4.140396 -1.163265 1.764468 -4.903713
    18 4.972047 0.000000 0.000000 1.109871 -0.757264 -1.698211
    19 11.585358 0.000000 0.000001 0.316143 -0.392740 -1.819237
    20 10.127058 0.000000 0.000001 1.960763 0.596700 0.774136
    21 1.537458 0.109715 1.664489 -0.264662 -0.055995 0.783079
    22 0.928313 0.000000 0.000002 0.000000 0.000000 -0.453501
    23 0.928311 0.000000 0.000001 0.000000 0.000000 0.000000
    24 2.686395 -0.427337 0.044204 -0.005762 0.043239 -0.157074
    25 1.435260 0.000000 0.000001 0.000000 0.000000 0.732613
    26 1.482593 0.000000 -0.000001 0.000000 0.000000 1.168644
    27 2.046984 0.000001 0.000000 0.224333 0.419155 -0.350990
    28 -0.000005 0.000007 3.713254 -0.099865 -3.047848 5.708602
    29 18.045723 0.000000 0.000000 0.000000 0.000000 -0.413544
    30 17.597597 0.000000 0.000000 -0.057202 -0.016721 -0.162308
    31 0.000005 -0.000003 -3.713254 0.807612 2.831522 6.175187
    32 18.045721 0.000000 0.000000 0.000000 0.000000 -0.782250
    33 17.597597 0.000000 0.000000 0.178693 0.125253 0.485308
  time 96
    0 0.254879 -0.281108 0.368674 0.000000 0.000000 -1.571017
    1 -3.386826 0.207038 0.000000 -1.570795 -1.570787 0.000000
    2 1.293670 0.684478 -0.000001 0.000266 0.025358 0.010374
    3 5.309685 -0.003834 0.000000 -0.073616 -0.036146 -0.007885
    4 4.826790 -0.004591 0.000000 -0.072158 -0.017030 -0.196109
    5 5.792767 -0.005304 0.000000 -0.109042 0.070673 -0.155157
    6 6.662322 -0.001452 0.000000 0.004698 0.139666 0.354824
    7 -3.108188 1.516823 4.339626 1.238993 -1.024532 -4.799756
    8 4.827512 0.000000 -0.000002 -0.473841 -0.035395 -1.019729
    9 11.140032 0.000000 0.000000 0.070821 -0.105579 -0.701031
    10 10.314563 -0.000001 0.000001 -3.988822 0.203081 -0.504208
    11 1.646836 0.445664 -1.699647 -0.161704 0.581044 -0.283978
    12 0.928312 0.000000 0.000000 0.000000 0.000000 0.000000
    13 0.928313 0.000000 -0.000001 0.000000 0.000000 0.000000
    14 2.979373 -0.388274 -0.044205 -0.000805 -0.043611 0.000046
    15 1.435262 -0.000001 -0.000001 0.000000 0.000000 0.872146
    16 1.482593 -0.000001 0.000001 0.000000 0.000000 0.907041
    17 -2.869899 1.399667 -4.140396 -1.163265 1.764468 -4.903713
    18 4.972047 0.000000 0.000000 1.109871 -0.757264 -1.698211
    19 11.585358 0.000000 0.000001 0.316143 -0.392740 -1.819237
    20 10.127058 0.000000 0.000001 1.960763 0.596700 0.774136
    21 1.537458 0.109715 1.664489 -0.264662 -0.055995 0.783079
    22 0.928313 0.000000 0.000002 0.000000 0.000000 -0.453501
    23 0.928311 0.000000 0.000001 0.000000 0.000000 0.000000
    24 2.686395 -0.427337 0.044204 -0.005762 0.043239 -0.157074
    25 1.435260 0.000000 0.000001 0.000000 0.000000 0.732613
    26 1.482593 0.000000 -0.000001 0.000000 0.000000 1.168644
    27 2.046984 0.000001 0.000000 0.224333 0.419155 -0.350990
    28 -0.000005 0.000007 3.713254 -0.099865 -3.047848 5.708602
    29 18.045723 0.000000 0.000000 0.000000 0.000000 -0.413544
    30 17.597597 0.000000 0.000000 -0.057202 -0.016721 -0.162308
    31 0.000005 -0.000003 -3.713254 0.807612 2.831522 6.175187
    32 18.045721 0.000000 0.000000 0.000000 0.000000 -0.782250
    33 17.597597 0.000000 0.000000 0.178693 0.125253 0.485308
  time 97
    0 0.254879 -0.281108 0.368674 0.000000 0.000000 -1.571017
    1 -3.386826 0.207038 0.000000 -1.570795 -1.570787 0.000000
    2 1.293670 0.684478 -0.000001 0.000266 0.025358 0.010374
    3 5.309685 -0.003834 0.000000 -0.073616 -0.036146 -0.007885
    4 4.826790 -0.004591 0.000000 -0.072158 -0.017030 -0.196109
    5 5.792767 -0.005304 0.000000 -0.109042 0.070673 -0.155157
    6 6.662322 -0.001452 0.000000 0.004698 0.139666 0.354824
    7 -3.108188 1.516823 4.339626 1.238993 -1.024532 -4.799756
    8 4.827512 0.000000 -0.000002 -0.473841 -0.035395 -1.019729
    9 11.140032 0.000000 0.000000 0.070821 -0.105579 -0.701031
    10 10.314563 -0.000001 0.000001 -3.988822 0.203081 -0.504208
    11 1.646836 0.445664 -1.699647 -0.161704 0.581044 -0.283978
    12 0.928312 0.000000 0.000000 0.000000 0.000000 0.000000
    13 0.928313 0.000000 -0.000001 0.000000 0.000000 0.000000
    14 2.979373 -0.388274 -0.044205 -0.000805 -0.043611 0.000046
    15 1.435262 -0.000001 -0.000001 0.000000 0.000000 0.872146
    16 1.482593 -0.000001 0.000001 0.000000 0.000000 0.907041
    17 -2.869899 1.399667 -4.140396 -1.163265 1.764468 -4.903713
    18 4.972047 0.000000 0.000000 1.109871 -0.757264 -1.698211
    19 11.585358 0.000000 0.000001 0.316143 -0.392740 -1.819237
    20 10.127058 0.000000 0.000001 1.960763 0.596700 0.774136
    21 1.537458 0.109715 1.664489 -0.264662 -0.055995 0.783079
    22 0.928313 0.000000 0.000002 0.000000 0.000000 -0.453501
    23 0.928311 0.000000 0.000001 0.000000 0.000000 0.000000
    24 2.686395 -0.427337 0.044204 -0.005762 0.043239 -0.157074
    25 1.435260 0.000000 0.000001 0.000000 0.000000 0.732613
    26 1.482593 0.000000 -0.000001 0.000000 0.000000 1.168644
    27 2.046984 0.000001 0.000000 0.224333 0.419155 -0.350990
    28 -0.000005 0.000007 3.713254 -0.099865 -3.047848 5.708602
    29 18.045723 0.000000 0.000000 0.000000 0.000000 -0.413544
    30 17.597597 0.000000 0.000000 -0.057202 -0.016721 -0.162308
    31 0.000005 -0.000003 -3.713254 0.807612 2.831522 6.175187
    32 18.045721 0.000000 0.000000 0.000000 0.000000 -0.782250
    33 17.597597 0.000000 0.000000 0.178693 0.125253 0.485308
  time 98
    0 0.254879 -0.281108 0.368674 0.000000 0.000000 -1.571017
    1 -3.386826 0.207038 0.000000 -1.570795 -1.570787 0.000000
    2 1.293670 0.684478 -0.000001 0.000266 0.025358 0.010374
    3 5.309685 -0.003834 0.000000 -0.073616 -0.036146 -0.007885
    4 4.826790 -0.004591 0.000000 -0.072158 -0.017030 -0.196109
    5 5.792767 -0.005304 0.000000 -0.109042 0.070673 -0.155157
    6 6.662322 -0.001452 0.000000 0.004698 0.139666 0.354824
    7 -3.108188 1.516823 4.339626 1.238993 -1.024532 -4.799756
    8 4.827512 0.000000 -0.000002 -0.473841 -0.035395 -1.019729
    9 11.140032 0.000000 0.000000 0.070821 -0.105579 -0.701031
    10 10.314563 -0.000001 0.000001 -3.988822 0.203081 -0.504208
    11 1.646836 0.445664 -1.699647 -0.161704 0.581044 -0.283978
    12 0.928312 0.000000 0.000000 0.000000 0.000000 0.000000
    13 0.928313 0.000000 -0.000001 0.000000 0.000000 0.000000
    14 2.979373 -0.388274 -0.044205 -0.000805 -0.043611 0.000046
    15 1.435262 -0.000001 -0.000001 0.000000 0.000000 0.872146
    16 1.482593 -0.000001 0.000001 0.000000 0.000000 0.907041
    17 -2.869899 1.399667 -4.140396 -1.163265 1.764468 -4.903713
    18 4.972047 0.000000 0.000000 1.109871 -0.757264 -1.698211
    19 11.585358 0.000000 0.000001 0.316143 -0.392740 -1.819237
    20 10.127058 0.000000 0.000001 1.960763 0.596700 0.774136
    21 1.537458 0.109715 1.664489 -0.264662 -0.055995 0.783079
    22 0.928313 0.000000 0.000002 0.000000 0.000000 -0.453501
    23 0.928311 0.000000 0.000001 0.000000 0.000000 0.000000
    24 2.686395 -0.427337 0.044204 -0.005762 0.043239 -0.157074
    25 1.435260 0.000000 0.000001 0.000000 0.000000 0.732613
    26 1.482593 0.000000 -0.000001 0.000000 0.000000 1.168644
    27 2.046984 0.000001 0.000000 0.224333 0.419155 -0.350990
    28 -0.000005 0.000007 3.713254 -0.099865 -3.047848 5.708602
    29 18.045723 0.000000 0.000000 0.000000 0.000000 -0.413544
    30 17.597597 0.000000 0.000000 -0.057202 -0.016721 -0.162308
    31 0.000005 -0.000003 -3.713254 0.807612 2.831522 6.175187
    32 18.045721 0.000000 0.000000 0.000000 0.000000 -0.782250
    33 17.597597 0.000000 0.000000 0.178693 0.125253 0.485308
  time 99
    0 0.254879 -0.281108 0.368674 0.000000 0.000000 -1.571017
    1 -3.386826 0.207038 0.000000 -1.570795 -1.570787 0.000000
    2 1.293670 0.684478 -0.000001 0.000266 0.025358 0.010374
    3 5.309685 -0.003834 0.000000 -0.073616 -0.036146 -0.007885
    4 4.826790 -0.004591 0.000000 -0.072158 -0.017030 -0.196109
    5 5.792767 -0.005304 0.000000 -0.109042 0.070673 -0.155157
    6 6.662322 -0.001452 0.000000 0.004698 0.139666 0.354824
    7 -3.108188 1.516823 4.339626 1.238993 -1.024532 -4.799756
    8 4.827512 0.000000 -0.000002 -0.473841 -0.035395 -1.019729
    9 11.140032 0.000000 0.000000 0.070821 -0.105579 -0.701031
    10 10.314563 -0.000001 0.000001 -3.988822 0.203081 -0.504208
    11 1.646836 0.445664 -1.699647 -0.161704 0.581044 -0.283978
    12 0.928312 0.000000 0.000000 0.000000 0.000000 0.000000
    13 0.928313 0.000000 -0.000001 0.000000 0.000000 0.000000
    14 2.979373 -0.388274 -0.044205 -0.000805 -0.043611 0.000046
    15 1.435262 -0.000001 -0.000001 0.000000 0.000000 0.872146
    16 1.482593 -0.000001 0.000001 0.000000 0.000000 0.907041
    17 -2.869899 1.399667 -4.140396 -1.163265 1.764468 -4.903713
    18 4.972047 0.000000 0.000000 1.109871 -0.757264 -1.698211
    19 11.585358 0.000000 0.000001 0.316143 -0.392740 -1.819237
    20 10.127058 0.000000 0.000001 1.960763 0.596700 0.774136
    21 1.537458 0.109715 1.664489 -0.264662 -0.055995 0.783079
    22 0.928313 0.000000 0.000002 0.000000 0.000000 -0.453501
    23 0.928311 0.000000 0.000001 0.000000 0.000000 0.000000
    24 2.686395 -0.427337 0.044204 -0.005762 0.043239 -0.157074
    25 1.435260 0.000000 0.000001 0.000000 0.000000 0.732613
    26 1.482593 0.000000 -0.000001 0.000000 0.000000 1.168644
    27 2.046984 0.000001 0.000000 0.224333 0.419155 -0.350990
    28 -0.000005 0.000007 3.713254 -0.099865 -3.047848 5.708602
    29 18.045723 0.000000 0.000000 0.000000 0.000000 -0.413544
    30 17.597597 0.000000 0.000000 -0.057202 -0.016721 -0.162308
    31 0.000005 -0.000003 -3.713254 0.807612 2.831522 6.175187
    32 18.045721 0.000000 0.000000 0.000000 0.000000 -0.782250
    33 17.597597 0.000000 0.000000 0.178693 0.125253 0.485308
  time 100
    0 0.254879 -0.281108 0.368674 0.000000 0.000000 -1.571017
    1 -3.386826 0.207038 0.000000 -1.570795 -1.570787 0.000000
    2 1.293670 0.684478 -0.000001 0.000266 0.025358 0.010374
    3 5.309685 -0.003834 0.000000 -0.073616 -0.036146 -0.007885
    4 4.826790 -0.004591 0.000000 -0.072158 -0.017030 -0.196109
    5 5.792767 -0.005304 0.000000 -0.109042 0.070673 -0.155157
    6 6.662322 -0.001452 0.000000 0.004698 0.139666 0.354824
    7 -3.108188 1.516823 4.339626 1.238993 -1.024532 -4.799756
    8 4.827512 0.000000 -0.000002 -0.473841 -0.035395 -1.019729
    9 11.140032 0.000000 0.000000 0.070821 -0.105579 -0.701031
    10 10.314563 -0.000001 0.000001 -3.988822 0.203081 -0.504208
    11 1.646836 0.445664 -1.699647 -0.161704 0.581044 -0.283978
    12 0.928312 0.000000 0.000000 0.000000 0.000000 0.000000
    13 0.928313 0.000000 -0.000001 0.000000 0.000000 0.000000
    14 2.979373 -0.388274 -0.044205 -0.000805 -0.043611 0.000046
    15 1.435262 -0.000001 -0.000001 0.000000 0.000000 0.872146
    16 1.482593 -0.000001 0.000001 0.000000 0.000000 0.907041
    17 -2.869899 1.399667 -4.140396 -1.163265 1.764468 -4.903713
    18 4.972047 0.000000 0.000000 1.109871 -0.757264 -1.698211
    19 11.585358 0.000000 0.000001 0.316143 -0.392740 -1.819237
    20 10.127058 0.000000 0.000001 1.960763 0.596700 0.774136
    21 1.537458 0.109715 1.664489 -0.264662 -0.055995 0.783079
    22 0.928313 0.000000 0.000002 0.000000 0.000000 -0.453501
    23 0.928311 0.000000 0.000001 0.000000 0.000000 0.000000
    24 2.686395 -0.427337 0.044204 -0.005762 0.043239 -0.157074
    25 1.435260 0.000000 0.000001 0.000000 0.000000 0.732613
    26 1.482593 0.000000 -0.000001 0.000000 0.000000 1.168644
    27 2.046984 0.000001 0.000000 0.224333 0.419155 -0.350990
    28 -0.000005 0.000007 3.713254 -0.099865 -3.047848 5.708602
    29 18.045723 0.000000 0.000000 0.000000 0.000000 -0.413544
    30 17.597597 0.000000 0.000000 -0.057202 -0.016721 -0.162308
    31 0.000005 -0.000003 -3.713254 0.807612 2.831522 6.175187
    32 18.045721 0.000000 0.000000 0.000000 0.000000 -0.782250
    33 17.597597 0.000000 0.000000 0.178693 0.125253 0.485308
end
