version 1
nodes
  0 "Bip01" -1
  1 "Bip01 Pelvis" 0
  2 "Bip01 Spine" 1
  3 "Bip01 Spine1" 2
  4 "Bip01 Spine2" 3
  5 "Bip01 Spine3" 4
  6 "Bip01 Neck" 5
  7 "Bip01 L Arm" 6
  8 "Bip01 L Arm1" 7
  9 "Bip01 L Arm2" 8
  10 "Bip01 L Hand" 9
  11 "Bip01 L Finger0" 10
  12 "Bip01 L Finger01" 11
  13 "Bip01 L Finger02" 12
  14 "Bip01 L Finger1" 10
  15 "Bip01 L Finger11" 14
  16 "Bip01 L Finger12" 15
  17 "Bip01 R Arm" 6
  18 "Bip01 R Arm1" 17
  19 "Bip01 R Arm2" 18
  20 "Bip01 R Hand" 19
  21 "Bip01 R Finger0" 20
  22 "Bip01 R Finger01" 21
  23 "Bip01 R Finger02" 22
  24 "Bip01 R Finger1" 20
  25 "Bip01 R Finger11" 24
  26 "Bip01 R Finger12" 25
  27 "Bip01 Head" 6
  28 "Bip01 L Leg" 1
  29 "Bip01 L Leg1" 28
  30 "Bip01 L Foot" 29
  31 "Bip01 R Leg" 1
  32 "Bip01 R Leg1" 31
  33 "Bip01 R Foot" 32
end
skeleton
  time 0
    0 -0.198260 -0.577992 -0.002431 0.000000 0.000000 -1.570922
    1 -0.000004 0.000000 0.000000 -1.570795 -1.570787 0.000000
    2 1.293670 0.684478 -0.000001 -0.000004 -0.000001 0.000798
    3 5.309685 -0.003834 0.000000 0.000000 0.000000 -0.026184
    4 4.826790 -0.004591 0.000000 0.000000 0.000000 -0.026183
    5 5.792767 -0.005304 0.000000 0.000000 0.000000 0.017444
    6 6.662322 -0.001452 0.000000 0.000000 -0.000001 0.348900
    7 -2.869899 1.399632 4.140401 -0.000100 -1.292340 -3.142292
    8 4.972048 0.000000 -0.000002 -0.098056 1.129358 -0.100802
    9 11.585358 0.000000 0.000000 0.000000 0.000000 -0.104160
    10 10.127057 -0.000001 0.000001 -1.351956 0.008805 -0.000044
    11 2.162477 0.109716 -1.664490 0.065907 0.446504 0.247329
    12 0.928312 0.000000 0.000000 0.000000 0.000000 0.052314
    13 0.928313 0.000000 -0.000001 0.000000 0.000000 0.052330
    14 3.784085 -0.427338 -0.044205 -0.002387 0.061074 -0.026184
    15 1.189161 -0.000001 -0.000001 0.000000 0.000000 0.226840
    16 1.302900 -0.000001 0.000001 0.000000 0.000000 0.226787
    17 -2.869899 1.399667 -4.140396 0.000026 1.318451 -3.142315
    18 4.972047 0.000000 0.000000 -0.203403 -1.181108 0.215056
    19 11.585358 0.000000 0.000001 0.000000 0.000000 -0.363376
    20 10.127058 0.000000 0.000001 1.159948 -0.008889 -0.000048
    21 2.162477 0.109715 1.664489 -0.102103 -0.407481 0.466772
    22 0.928313 0.000000 0.000002 0.000000 0.000000 0.000000
    23 0.928311 0.000000 0.000001 0.000000 0.000000 0.043590
    24 3.784085 -0.427337 0.044204 -0.014295 -0.031844 0.506329
    25 1.189159 0.000000 0.000001 0.000000 0.000000 0.226869
    26 1.302900 0.000000 -0.000001 0.000000 0.000000 0.226728
    27 2.046984 0.000001 0.000000 -0.523587 0.000000 0.138864
    28 -0.000005 0.000007 3.713254 -0.000828 -3.100675 -0.021095
    29 18.045723 0.000000 0.000000 0.000000 0.000000 -0.157675
    30 17.597597 0.000000 0.000000 0.001586 -0.040839 0.136432
    31 0.000005 -0.000003 -3.713254 0.001962 3.115288 6.258497
    32 18.045721 0.000000 0.000000 0.000000 0.000000 -0.164549
    33 17.597597 0.000000 0.000000 -0.002586 0.026182 0.139821
  time 1
    0 -0.198260 -0.593617 -0.189937 0.000000 0.022710 -1.570922
    1 -0.105476 0.000000 0.000000 -1.570795 -1.570787 0.000000
    2 1.293670 0.684478 -0.000001 -0.000004 -0.000001 0.000798
    3 5.309685 -0.003834 0.000000 0.000000 0.000000 -0.005200
    4 4.826790 -0.004591 0.000000 0.000000 0.000000 -0.012205
    5 5.792767 -0.005304 0.000000 0.000000 0.000000 0.017444
    6 6.662322 -0.001452 0.000000 0.000000 -0.000001 0.348900
    7 -2.869899 1.399632 4.140401 -0.000100 -1.292340 -3.142292
    8 4.972048 0.000000 -0.000002 -0.281086 1.083737 -0.346542
    9 11.585358 0.000000 0.000000 0.000000 0.000000 -0.140315
    10 10.127057 -0.000001 0.000001 -1.307032 -0.023605 -0.021179
    11 2.162477 0.109716 -1.664490 0.065907 0.446504 0.247329
    12 0.928312 0.000000 0.000000 0.000000 0.000000 0.052314
    13 0.928313 0.000000 -0.000001 0.000000 0.000000 0.052330
    14 3.784085 -0.427338 -0.044205 -0.005276 0.060871 -0.073737
    15 1.189161 -0.000001 -0.000001 0.000000 0.000000 0.249199
    16 1.302900 -0.000001 0.000001 0.000000 0.000000 0.226787
    17 -2.869899 1.399667 -4.140396 0.000026 1.318451 -3.142315
    18 4.972047 0.000000 0.000000 0.120202 -1.163752 -0.165774
    19 11.585358 0.000000 0.000001 0.000000 0.000000 -0.357985
    20 10.127058 0.000000 0.000001 1.167801 -0.013239 0.016409
    21 2.162477 0.109715 1.664489 -0.102103 -0.407481 0.466772
    22 0.928313 0.000000 0.000002 0.000000 0.000000 0.000000
    23 0.928311 0.000000 0.000001 0.000000 0.000000 0.043590
    24 3.784085 -0.427337 0.044204 -0.013816 -0.032048 0.491299
    25 1.189159 0.000000 0.000001 0.000000 0.000000 0.226869
    26 1.302900 0.000000 -0.000001 0.000000 0.000000 0.235260
    27 2.046984 0.000001 0.000000 -0.482313 0.004603 0.130956
    28 -0.000005 0.000007 3.713254 -6.280468 -3.100675 6.179846
    29 18.045723 0.000000 0.000000 0.000000 0.000000 -0.272546
    30 17.597597 0.000000 0.000000 0.000648 -0.041036 0.192090
    31 0.000005 -0.000003 -3.713254 0.030715 3.097840 6.221683
    32 18.045721 0.000000 0.000000 0.000000 0.000000 -0.209103
    33 17.597597 0.000000 0.000000 0.001776 0.047029 0.168688
  time 2
    0 -0.198260 -0.663932 -0.518072 0.000000 0.068794 -1.570922
    1 -0.281263 0.000000 0.000000 -1.570795 -1.570787 0.000000
    2 1.293670 0.684478 -0.000001 -0.000004 -0.000001 0.000798
    3 5.309685 -0.003834 0.000000 0.000000 0.000000 0.027920
    4 4.826790 -0.004591 0.000000 0.000000 0.000000 0.009888
    5 5.792767 -0.005304 0.000000 0.000000 0.000000 0.017444
    6 6.662322 -0.001452 0.000000 0.000000 -0.000001 0.348900
    7 -2.869899 1.399632 4.140401 -0.000100 -1.292340 -3.142292
    8 4.972048 0.000000 -0.000002 -0.437331 1.011595 -0.570447
    9 11.585358 0.000000 0.000000 0.000000 0.000000 -0.170093
    10 10.127057 -0.000001 0.000001 -1.260497 -0.057889 -0.046030
    11 2.162477 0.109716 -1.664490 0.065907 0.446504 0.247329
    12 0.928312 0.000000 0.000000 0.000000 0.000000 0.052314
    13 0.928313 0.000000 -0.000001 0.000000 0.000000 0.052330
    14 3.784085 -0.427338 -0.044205 -0.008511 0.060547 -0.127023
    15 1.189161 -0.000001 -0.000001 0.000000 0.000000 0.272101
    16 1.302900 -0.000001 0.000001 0.000000 0.000000 0.226787
    17 -2.869899 1.399667 -4.140396 0.000026 1.318451 -3.142315
    18 4.972047 0.000000 0.000000 0.411072 -1.093045 -0.518983
    19 11.585358 0.000000 0.000001 0.000000 0.000000 -0.345079
    20 10.127058 0.000000 0.000001 1.176497 -0.018913 0.033767
    21 2.162477 0.109715 1.664489 -0.102103 -0.407481 0.466772
    22 0.928313 0.000000 0.000002 0.000000 0.000000 0.000000
    23 0.928311 0.000000 0.000001 0.000000 0.000000 0.043590
    24 3.784085 -0.427337 0.044204 -0.013301 -0.032299 0.475486
    25 1.189159 0.000000 0.000001 0.000000 0.000000 0.226869
    26 1.302900 0.000000 -0.000001 0.000000 0.000000 0.244256
    27 2.046984 0.000001 0.000000 -0.417560 0.007258 0.118364
    28 -0.000005 0.000007 3.713254 -6.276250 -3.100771 6.076414
    29 18.045723 0.000000 0.000000 0.000000 0.000000 -0.382014
    30 17.597597 0.000000 0.000000 -0.001252 -0.041282 0.244356
    31 0.000005 -0.000003 -3.713254 0.085441 3.060740 6.149590
    32 18.045721 0.000000 0.000000 0.000000 0.000000 -0.297267
    33 17.597597 0.000000 0.000000 0.010365 0.086299 0.224391
  time 3
    0 -0.198260 -0.749872 -0.939959 0.000000 0.115448 -1.570922
    1 -0.507832 0.000000 0.000000 -1.570795 -1.570787 0.000000
    2 1.293670 0.684478 -0.000001 -0.000004 -0.000001 0.000798
    3 5.309685 -0.003834 0.000000 0.000000 0.000000 0.069765
    4 4.826790 -0.004591 0.000000 0.000000 0.000000 0.037779
    5 5.792767 -0.005304 0.000000 0.000000 0.000000 0.017444
    6 6.662322 -0.001452 0.000000 0.000000 -0.000001 0.348900
    7 -2.869899 1.399632 4.140401 -0.000100 -1.292340 -3.142292
    8 4.972048 0.000000 -0.000002 -0.550370 0.918562 -0.754233
    9 11.585358 0.000000 0.000000 0.000000 0.000000 -0.196683
    10 10.127057 -0.000001 0.000001 -1.212351 -0.093017 -0.073842
    11 2.162477 0.109716 -1.664490 0.065907 0.446504 0.247329
    12 0.928312 0.000000 0.000000 0.000000 0.000000 0.052314
    13 0.928313 0.000000 -0.000001 0.000000 0.000000 0.052330
    14 3.784085 -0.427338 -0.044205 -0.011963 0.059912 -0.184564
    15 1.189161 -0.000001 -0.000001 0.000000 0.000000 0.295337
    16 1.302900 -0.000001 0.000001 0.000000 0.000000 0.226787
    17 -2.869899 1.399667 -4.140396 0.000026 1.318451 -3.142315
    18 4.972047 0.000000 0.000000 0.610112 -0.979913 -0.783341
    19 11.585358 0.000000 0.000001 0.000000 0.000000 -0.328008
    20 10.127058 0.000000 0.000001 1.186384 -0.025721 0.051724
    21 2.162477 0.109715 1.664489 -0.102103 -0.407481 0.466772
    22 0.928313 0.000000 0.000002 0.000000 0.000000 0.000000
    23 0.928311 0.000000 0.000001 0.000000 0.000000 0.043590
    24 3.784085 -0.427337 0.044204 -0.012773 -0.032527 0.459059
    25 1.189159 0.000000 0.000001 0.000000 0.000000 0.226869
    26 1.302900 0.000000 -0.000001 0.000000 0.000000 0.253456
    27 2.046984 0.000001 0.000000 -0.335831 0.006402 0.102427
    28 -0.000005 0.000007 3.713254 -6.272031 -3.101154 5.975858
    29 18.045723 0.000000 0.000000 0.000000 0.000000 -0.483858
    30 17.597597 0.000000 0.000000 -0.003178 -0.041651 0.292357
    31 0.000005 -0.000003 -3.713254 0.137771 3.019709 6.078838
    32 18.045721 0.000000 0.000000 0.000000 0.000000 -0.386061
    33 17.597597 0.000000 0.000000 0.019491 0.123300 0.278339
  time 4
    0 -0.198260 -0.851437 -1.361847 0.000000 0.160487 -1.570922
    1 -0.746121 0.000000 0.000000 -1.570795 -1.570787 0.000000
    2 1.293670 0.684478 -0.000001 -0.000004 -0.000001 0.000798
    3 5.309685 -0.003834 0.000000 0.000000 0.000000 0.114789
    4 4.826790 -0.004591 0.000000 0.000000 0.000000 0.067787
    5 5.792767 -0.005304 0.000000 0.000000 0.000000 0.017444
    6 6.662322 -0.001452 0.000000 0.000000 -0.000001 0.348900
    7 -2.869899 1.399632 4.140401 -0.000100 -1.292340 -3.142292
    8 4.972048 0.000000 -0.000002 -0.621716 0.813675 -0.897206
    9 11.585358 0.000000 0.000000 0.000000 0.000000 -0.223274
    10 10.127057 -0.000001 0.000001 -1.162403 -0.128050 -0.104674
    11 2.162477 0.109716 -1.664490 0.065907 0.446504 0.247329
    12 0.928312 0.000000 0.000000 0.000000 0.000000 0.052314
    13 0.928313 0.000000 -0.000001 0.000000 0.000000 0.052330
    14 3.784085 -0.427338 -0.044205 -0.015558 0.059109 -0.244884
    15 1.189161 -0.000001 -0.000001 0.000000 0.000000 0.318991
    16 1.302900 -0.000001 0.000001 0.000000 0.000000 0.226787
    17 -2.869899 1.399667 -4.140396 0.000026 1.318451 -3.142315
    18 4.972047 0.000000 0.000000 0.727079 -0.845166 -0.967034
    19 11.585358 0.000000 0.000001 0.000000 0.000000 -0.311346
    20 10.127058 0.000000 0.000001 1.197183 -0.033949 0.070232
    21 2.162477 0.109715 1.664489 -0.102103 -0.407481 0.466772
    22 0.928313 0.000000 0.000002 0.000000 0.000000 0.000000
    23 0.928311 0.000000 0.000001 0.000000 0.000000 0.043590
    24 3.784085 -0.427337 0.044204 -0.012222 -0.032731 0.441933
    25 1.189159 0.000000 0.000001 0.000000 0.000000 0.226869
    26 1.302900 0.000000 -0.000001 0.000000 0.000000 0.262863
    27 2.046984 0.000001 0.000000 -0.247684 0.002006 0.085517
    28 -0.000005 0.000007 3.713254 -6.268196 -3.101825 5.882299
    29 18.045723 0.000000 0.000000 0.000000 0.000000 -0.575192
    30 17.597597 0.000000 0.000000 -0.005053 -0.042094 0.335362
    31 0.000005 -0.000003 -3.713254 0.185308 2.977048 6.012496
    32 18.045721 0.000000 0.000000 0.000000 0.000000 -0.471313
    33 17.597597 0.000000 0.000000 0.028483 0.156219 0.328222
  time 5
    0 -0.198260 -0.972535 -1.830612 0.000000 0.202865 -1.570922
    1 -0.964877 0.000000 0.000000 -1.570795 -1.570787 0.000000
    2 1.293670 0.684478 -0.000001 -0.000004 -0.000001 0.000798
    3 5.309685 -0.003834 0.000000 0.000000 0.000000 0.156935
    4 4.826790 -0.004591 0.000000 0.000000 0.000000 0.095898
    5 5.792767 -0.005304 0.000000 0.000000 0.000000 0.017444
    6 6.662322 -0.001452 0.000000 0.000000 -0.000001 0.348900
    7 -2.869899 1.399632 4.140401 -0.000100 -1.292340 -3.142292
    8 4.972048 0.000000 -0.000002 -0.659821 0.706145 -1.005952
    9 11.585358 0.000000 0.000000 0.000000 0.000000 -0.252979
    10 10.127057 -0.000001 0.000001 -1.110845 -0.162334 -0.137944
    11 2.162477 0.109716 -1.664490 0.065907 0.446504 0.247329
    12 0.928312 0.000000 0.000000 0.000000 0.000000 0.052314
    13 0.928313 0.000000 -0.000001 0.000000 0.000000 0.052330
    14 3.784085 -0.427338 -0.044205 -0.019154 0.058030 -0.306638
    15 1.189161 -0.000001 -0.000001 0.000000 0.000000 0.342562
    16 1.302900 -0.000001 0.000001 0.000000 0.000000 0.226787
    17 -2.869899 1.399667 -4.140396 0.000026 1.318451 -3.142315
    18 4.972047 0.000000 0.000000 0.789174 -0.706242 -1.095286
    19 11.585358 0.000000 0.000001 0.000000 0.000000 -0.298358
    20 10.127058 0.000000 0.000001 1.208473 -0.043027 0.089441
    21 2.162477 0.109715 1.664489 -0.102103 -0.407481 0.466772
    22 0.928313 0.000000 0.000002 0.000000 0.000000 0.000000
    23 0.928311 0.000000 0.000001 0.000000 0.000000 0.043590
    24 3.784085 -0.427337 0.044204 -0.011635 -0.032935 0.424221
    25 1.189159 0.000000 0.000001 0.000000 0.000000 0.226869
    26 1.302900 0.000000 -0.000001 0.000000 0.000000 0.272731
    27 2.046984 0.000001 0.000000 -0.164620 -0.003835 0.070066
    28 -0.000005 0.000007 3.713254 -6.264745 -3.102496 5.798423
    29 18.045723 0.000000 0.000000 0.000000 0.000000 -0.654166
    30 17.597597 0.000000 0.000000 -0.006802 -0.042537 0.372911
    31 0.000005 -0.000003 -3.713254 0.227287 2.934675 5.951523
    32 18.045721 0.000000 0.000000 0.000000 0.000000 -0.551055
    33 17.597597 0.000000 0.000000 0.037038 0.184680 0.373394
  time 6
    0 -0.198260 -1.093632 -2.299376 0.000000 0.241538 -1.570922
    1 -1.144570 0.000000 0.000000 -1.570795 -1.570787 0.000000
    2 1.293670 0.684478 -0.000001 -0.000004 -0.000001 0.000798
    3 5.309685 -0.003834 0.000000 0.000000 0.000000 0.191255
    4 4.826790 -0.004591 0.000000 0.000000 0.000000 0.118784
    5 5.792767 -0.005304 0.000000 0.000000 0.000000 0.017444
    6 6.662322 -0.001452 0.000000 0.000000 -0.000001 0.348900
    7 -2.869899 1.399632 4.140401 -0.000100 -1.292340 -3.142292
    8 4.972048 0.000000 -0.000002 -0.674170 0.605351 -1.086883
    9 11.585358 0.000000 0.000000 0.000000 0.000000 -0.289206
    10 10.127057 -0.000001 0.000001 -1.057865 -0.194651 -0.173247
    11 2.162477 0.109716 -1.664490 0.065907 0.446504 0.247329
    12 0.928312 0.000000 0.000000 0.000000 0.000000 0.052314
    13 0.928313 0.000000 -0.000001 0.000000 0.000000 0.052330
    14 3.784085 -0.427338 -0.044205 -0.022713 0.056712 -0.368262
    15 1.189161 -0.000001 -0.000001 0.000000 0.000000 0.366174
    16 1.302900 -0.000001 0.000001 0.000000 0.000000 0.226787
    17 -2.869899 1.399667 -4.140396 0.000026 1.318451 -3.142315
    18 4.972047 0.000000 0.000000 0.816844 -0.576960 -1.186067
    19 11.585358 0.000000 0.000001 0.000000 0.000000 -0.293213
    20 10.127058 0.000000 0.000001 1.220394 -0.053240 0.109049
    21 2.162477 0.109715 1.664489 -0.102103 -0.407481 0.466772
    22 0.928313 0.000000 0.000002 0.000000 0.000000 0.000000
    23 0.928311 0.000000 0.000001 0.000000 0.000000 0.043590
    24 3.784085 -0.427337 0.044204 -0.011035 -0.033150 0.406034
    25 1.189159 0.000000 0.000001 0.000000 0.000000 0.226869
    26 1.302900 0.000000 -0.000001 0.000000 0.000000 0.282755
    27 2.046984 0.000001 0.000000 -0.095816 -0.008143 0.058570
    28 -0.000005 0.000007 3.713254 -6.261773 -3.103168 5.726720
    29 18.045723 0.000000 0.000000 0.000000 0.000000 -0.719077
    30 17.597597 0.000000 0.000000 -0.008423 -0.042980 0.404958
    31 0.000005 -0.000003 -3.713254 0.263228 2.894219 5.897261
    32 18.045721 0.000000 0.000000 0.000000 0.000000 -0.623318
    33 17.597597 0.000000 0.000000 0.044755 0.208328 0.413116
  time 7
    0 -0.198260 -1.214730 -2.674387 0.000000 0.273844 -1.570922
    1 -1.269574 0.000000 0.000000 -1.570795 -1.570787 0.000000
    2 1.293670 0.684478 -0.000001 -0.000004 -0.000001 0.000798
    3 5.309685 -0.003834 0.000000 0.000000 0.000000 0.215295
    4 4.826790 -0.004591 0.000000 0.000000 0.000000 0.134769
    5 5.792767 -0.005304 0.000000 0.000000 0.000000 0.017444
    6 6.662322 -0.001452 0.000000 0.000000 -0.000001 0.348900
    7 -2.869899 1.399632 4.140401 -0.000100 -1.292340 -3.142292
    8 4.972048 0.000000 -0.000002 -0.671858 0.518798 -1.143899
    9 11.585358 0.000000 0.000000 0.000000 0.000000 -0.334852
    10 10.127057 -0.000001 0.000001 -1.003748 -0.224532 -0.209885
    11 2.162477 0.109716 -1.664490 0.065907 0.446504 0.247329
    12 0.928312 0.000000 0.000000 0.000000 0.000000 0.052314
    13 0.928313 0.000000 -0.000001 0.000000 0.000000 0.052330
    14 3.784085 -0.427338 -0.044205 -0.026069 0.055262 -0.428626
    15 1.189161 -0.000001 -0.000001 0.000000 0.000000 0.389703
    16 1.302900 -0.000001 0.000001 0.000000 0.000000 0.226787
    17 -2.869899 1.399667 -4.140396 0.000026 1.318451 -3.142315
    18 4.972047 0.000000 0.000000 0.823691 -0.468247 -1.249162
    19 11.585358 0.000000 0.000001 0.000000 0.000000 -0.299665
    20 10.127058 0.000000 0.000001 1.232666 -0.064209 0.128908
    21 2.162477 0.109715 1.664489 -0.102103 -0.407481 0.466772
    22 0.928313 0.000000 0.000002 0.000000 0.000000 0.000000
    23 0.928311 0.000000 0.000001 0.000000 0.000000 0.043590
    24 3.784085 -0.427337 0.044204 -0.010412 -0.033354 0.387344
    25 1.189159 0.000000 0.000001 0.000000 0.000000 0.226869
    26 1.302900 0.000000 -0.000001 0.000000 0.000000 0.292983
    27 2.046984 0.000001 0.000000 -0.046099 -0.008467 0.052243
    28 -0.000005 0.000007 3.713254 -6.259472 -3.103839 5.669971
    29 18.045723 0.000000 0.000000 0.000000 0.000000 -0.769629
    30 17.597597 0.000000 0.000000 -0.009766 -0.043349 0.431136
    31 0.000005 -0.000003 -3.713254 0.291981 2.858844 5.852490
    32 18.045721 0.000000 0.000000 0.000000 0.000000 -0.684009
    33 17.597597 0.000000 0.000000 0.051365 0.226612 0.445679
  time 8
    0 -0.198260 -1.316295 -2.959552 0.000000 0.292373 -1.570922
    1 -1.339889 0.000000 0.000000 -1.570795 -1.570787 0.000000
    2 1.293670 0.684478 -0.000001 -0.000004 -0.000001 0.000798
    3 5.309685 -0.003834 0.000000 0.000000 0.000000 0.229267
    4 4.826790 -0.004591 0.000000 0.000000 0.000000 0.144096
    5 5.792767 -0.005304 0.000000 0.000000 0.000000 0.017444
    6 6.662322 -0.001452 0.000000 0.000000 -0.000001 0.348900
    7 -2.869899 1.399632 4.140401 -0.000100 -1.292340 -3.142292
    8 4.972048 0.000000 -0.000002 -0.658306 0.453223 -1.178473
    9 11.585358 0.000000 0.000000 0.000000 0.000000 -0.393539
    10 10.127057 -0.000001 0.000001 -0.948778 -0.251135 -0.246871
    11 2.162477 0.109716 -1.664490 0.065907 0.446504 0.247329
    12 0.928312 0.000000 0.000000 0.000000 0.000000 0.052314
    13 0.928313 0.000000 -0.000001 0.000000 0.000000 0.052330
    14 3.784085 -0.427338 -0.044205 -0.029197 0.053668 -0.485993
    15 1.189161 -0.000001 -0.000001 0.000000 0.000000 0.412939
    16 1.302900 -0.000001 0.000001 0.000000 0.000000 0.226787
    17 -2.869899 1.399667 -4.140396 0.000026 1.318451 -3.142315
    18 4.972047 0.000000 0.000000 0.818345 -0.389665 -1.288030
    19 11.585358 0.000000 0.000001 0.000000 0.000000 -0.321556
    20 10.127058 0.000000 0.000001 1.245288 -0.076124 0.149016
    21 2.162477 0.109715 1.664489 -0.102103 -0.407481 0.466772
    22 0.928313 0.000000 0.000002 0.000000 0.000000 0.000000
    23 0.928311 0.000000 0.000001 0.000000 0.000000 0.043590
    24 3.784085 -0.427337 0.044204 -0.009765 -0.033546 0.368234
    25 1.189159 0.000000 0.000001 0.000000 0.000000 0.226869
    26 1.302900 0.000000 -0.000001 0.000000 0.000000 0.303572
    27 2.046984 0.000001 0.000000 -0.015338 -0.004868 0.050662
    28 -0.000005 0.000007 3.713254 -6.258034 -3.104222 5.635078
    29 18.045723 0.000000 0.000000 0.000000 0.000000 -0.806044
    30 17.597597 0.000000 0.000000 -0.010501 -0.043644 0.451126
    31 0.000005 -0.000003 -3.713254 0.310958 2.834015 5.825934
    32 18.045721 0.000000 0.000000 0.000000 0.000000 -0.723054
    33 17.597597 0.000000 0.000000 0.057136 0.237914 0.465124
  time 9
    0 -0.198260 -1.386610 -3.100182 0.000000 0.261682 -1.570922
    1 -1.371140 0.000000 0.000000 -1.570795 -1.570787 0.000000
    2 1.293670 0.684478 -0.000001 -0.000004 -0.000001 0.000798
    3 5.309685 -0.003834 0.000000 0.000000 0.000000 0.235608
    4 4.826790 -0.004591 0.000000 0.000000 0.000000 0.148329
    5 5.792767 -0.005304 0.000000 0.000000 0.000000 0.017444
    6 6.662322 -0.001452 0.000000 0.000000 -0.000001 0.348900
    7 -2.869899 1.399632 4.140401 -0.000100 -1.292340 -3.142292
    8 4.972048 0.000000 -0.000002 -0.637420 0.415106 -1.189738
    9 11.585358 0.000000 0.000000 0.000000 0.000000 -0.468166
    10 10.127057 -0.000001 0.000001 -0.893713 -0.274085 -0.283799
    11 2.162477 0.109716 -1.664490 0.065907 0.446504 0.247329
    12 0.928312 0.000000 0.000000 0.000000 0.000000 0.052314
    13 0.928313 0.000000 -0.000001 0.000000 0.000000 0.052330
    14 3.784085 -0.427338 -0.044205 -0.032037 0.052062 -0.539235
    15 1.189161 -0.000001 -0.000001 0.000000 0.000000 0.435841
    16 1.302900 -0.000001 0.000001 0.000000 0.000000 0.226787
    17 -2.869899 1.399667 -4.140396 0.000026 1.318451 -3.142315
    18 4.972047 0.000000 0.000000 0.805964 -0.349812 -1.302473
    19 11.585358 0.000000 0.000001 0.000000 0.000000 -0.363376
    20 10.127058 0.000000 0.000001 1.257981 -0.088607 0.169175
    21 2.162477 0.109715 1.664489 -0.102103 -0.407481 0.466772
    22 0.928313 0.000000 0.000002 0.000000 0.000000 0.000000
    23 0.928311 0.000000 0.000001 0.000000 0.000000 0.043590
    24 3.784085 -0.427337 0.044204 -0.009106 -0.033714 0.348846
    25 1.189159 0.000000 0.000001 0.000000 0.000000 0.226869
    26 1.302900 0.000000 -0.000001 0.000000 0.000000 0.314263
    27 2.046984 0.000001 0.000000 0.000000 0.000000 0.051574
    28 -0.000005 0.000007 3.713254 -6.258801 -3.103743 5.655305
    29 18.045723 0.000000 0.000000 0.000000 0.000000 -0.829877
    30 17.597597 0.000000 0.000000 -0.009209 -0.043940 0.464467
    31 0.000005 -0.000003 -3.713254 0.312779 2.834494 5.856229
    32 18.045721 0.000000 0.000000 0.000000 0.000000 -0.704161
    33 17.597597 0.000000 0.000000 0.067168 0.235271 0.446140
  time 10
    0 -0.198260 -1.453018 -3.193934 0.000000 0.254460 -1.570542
    1 -1.414110 0.000000 0.000000 -1.570795 -1.570787 0.000000
    2 1.293670 0.684478 -0.000001 -0.000004 -0.000001 0.004264
    3 5.309685 -0.003834 0.000000 0.000000 0.000000 0.238770
    4 4.826790 -0.004591 0.000000 0.000000 0.000000 0.150379
    5 5.792767 -0.005304 0.000000 0.000000 0.000000 0.017444
    6 6.662322 -0.001452 0.000000 0.000000 -0.000001 0.348900
    7 -2.869899 1.399632 4.140401 -0.000100 -1.292340 -3.142292
    8 4.972048 0.000000 -0.000002 -0.611194 0.412974 -1.160883
    9 11.585358 0.000000 0.000000 0.000000 0.000000 -0.590902
    10 10.127057 -0.000001 0.000001 -0.839121 -0.292913 -0.319276
    11 2.162477 0.109716 -1.664490 0.065907 0.446504 0.247329
    12 0.928312 0.000000 0.000000 0.000000 0.000000 0.052314
    13 0.928313 0.000000 -0.000001 0.000000 0.000000 0.052330
    14 3.784085 -0.427338 -0.044205 -0.034446 0.050468 -0.586788
    15 1.189161 -0.000001 -0.000001 0.000000 0.000000 0.458241
    16 1.302900 -0.000001 0.000001 0.000000 0.000000 0.226787
    17 -2.869899 1.399667 -4.140396 0.000026 1.318451 -3.142315
    18 4.972047 0.000000 0.000000 0.790112 -0.346196 -1.292889
    19 11.585358 0.000000 0.000001 0.000000 0.000000 -0.431252
    20 10.127058 0.000000 0.000001 1.270814 -0.101751 0.189384
    21 2.162477 0.109715 1.664489 -0.102103 -0.407481 0.466772
    22 0.928313 0.000000 0.000002 0.000000 0.000000 0.000000
    23 0.928311 0.000000 0.000001 0.000000 0.000000 0.043590
    24 3.784085 -0.427337 0.044204 -0.008447 -0.033905 0.329094
    25 1.189159 0.000000 0.000001 0.000000 0.000000 0.226869
    26 1.302900 0.000000 -0.000001 0.000000 0.000000 0.324954
    27 2.046984 0.000001 0.000000 0.009004 0.004809 0.049932
    28 -0.000005 0.000007 3.713254 -6.258801 -3.103647 5.655401
    29 18.045723 0.000000 0.000000 0.000000 0.000000 -0.845642
    30 17.597597 0.000000 0.000000 -0.008525 -0.044137 0.473040
    31 0.000005 -0.000003 -3.713254 0.308753 2.831714 5.855846
    32 18.045721 0.000000 0.000000 0.000000 0.000000 -0.721637
    33 17.597597 0.000000 0.000000 0.069147 0.236099 0.456210
  time 11
    0 -0.198260 -1.503801 -3.287687 0.000000 0.247524 -1.570161
    1 -1.457080 0.000000 0.000000 -1.570795 -1.570787 0.000000
    2 1.293670 0.684478 -0.000001 -0.000004 -0.000001 0.008148
    3 5.309685 -0.003834 0.000000 0.000000 0.000000 0.241172
    4 4.826790 -0.004591 0.000000 0.000000 0.000000 0.151790
    5 5.792767 -0.005304 0.000000 0.000000 0.000000 0.017444
    6 6.662322 -0.001452 0.000000 0.000000 -0.000001 0.348900
    7 -2.869899 1.399632 4.140401 -0.000100 -1.292340 -3.142292
    8 4.972048 0.000000 -0.000002 -0.580503 0.441882 -1.088703
    9 11.585358 0.000000 0.000000 0.000000 0.000000 -0.768992
    10 10.127057 -0.000001 0.000001 -0.785857 -0.307151 -0.352430
    11 2.162477 0.109716 -1.664490 0.065907 0.446504 0.247329
    12 0.928312 0.000000 0.000000 0.000000 0.000000 0.052314
    13 0.928313 0.000000 -0.000001 0.000000 0.000000 0.052330
    14 3.784085 -0.427338 -0.044205 -0.036471 0.049018 -0.627219
    15 1.189161 -0.000001 -0.000001 0.000000 0.000000 0.480014
    16 1.302900 -0.000001 0.000001 0.000000 0.000000 0.226787
    17 -2.869899 1.399667 -4.140396 0.000026 1.318451 -3.142315
    18 4.972047 0.000000 0.000000 0.772102 -0.367248 -1.263538
    19 11.585358 0.000000 0.000001 0.000000 0.000000 -0.524612
    20 10.127058 0.000000 0.000001 1.283506 -0.115557 0.209842
    21 2.162477 0.109715 1.664489 -0.102103 -0.407481 0.466772
    22 0.928313 0.000000 0.000002 0.000000 0.000000 0.000000
    23 0.928311 0.000000 0.000001 0.000000 0.000000 0.043590
    24 3.784085 -0.427337 0.044204 -0.007788 -0.034013 0.309119
    25 1.189159 0.000000 0.000001 0.000000 0.000000 0.226869
    26 1.302900 0.000000 -0.000001 0.000000 0.000000 0.335954
    27 2.046984 0.000001 0.000000 0.017319 0.010444 0.048776
    28 -0.000005 0.000007 3.713254 -6.258801 -3.103551 5.657126
    29 18.045723 0.000000 0.000000 0.000000 0.000000 -0.856892
    30 17.597597 0.000000 0.000000 -0.007891 -0.044284 0.479276
    31 0.000005 -0.000003 -3.713254 0.305399 2.829988 5.857380
    32 18.045721 0.000000 0.000000 0.000000 0.000000 -0.734074
    33 17.597597 0.000000 0.000000 0.071127 0.236671 0.463646
  time 12
    0 -0.198260 -1.558490 -3.334564 0.000000 0.240683 -1.569876
    1 -1.496143 0.000000 0.000000 -1.570795 -1.570787 0.000000
    2 1.293670 0.684478 -0.000001 -0.000004 -0.000001 0.012333
    3 5.309685 -0.003834 0.000000 0.000000 0.000000 0.242904
    4 4.826790 -0.004591 0.000000 0.000000 0.000000 0.152672
    5 5.792767 -0.005304 0.000000 0.000000 0.000000 0.017444
    6 6.662322 -0.001452 0.000000 0.000000 -0.000001 0.348900
    7 -2.869899 1.399632 4.140401 -0.000100 -1.292340 -3.142292
    8 4.972048 0.000000 -0.000002 -0.545029 0.487929 -0.991048
    9 11.585358 0.000000 0.000000 0.000000 0.000000 -0.968674
    10 10.127057 -0.000001 0.000001 -0.734583 -0.316987 -0.382101
    11 2.162477 0.109716 -1.664490 0.065907 0.446504 0.247329
    12 0.928312 0.000000 0.000000 0.000000 0.000000 0.052314
    13 0.928313 0.000000 -0.000001 0.000000 0.000000 0.052330
    14 3.784085 -0.427338 -0.044205 -0.038005 0.047831 -0.659268
    15 1.189161 -0.000001 -0.000001 0.000000 0.000000 0.500994
    16 1.302900 -0.000001 0.000001 0.000000 0.000000 0.226787
    17 -2.869899 1.399667 -4.140396 0.000026 1.318451 -3.142315
    18 4.972047 0.000000 0.000000 0.750998 -0.407342 -1.217881
    19 11.585358 0.000000 0.000001 0.000000 0.000000 -0.636676
    20 10.127058 0.000000 0.000001 1.296128 -0.129553 0.230001
    21 2.162477 0.109715 1.664489 -0.102103 -0.407481 0.466772
    22 0.928313 0.000000 0.000002 0.000000 0.000000 0.000000
    23 0.928311 0.000000 0.000001 0.000000 0.000000 0.043590
    24 3.784085 -0.427337 0.044204 -0.007093 -0.034169 0.289031
    25 1.189159 0.000000 0.000001 0.000000 0.000000 0.226869
    26 1.302900 0.000000 -0.000001 0.000000 0.000000 0.346954
    27 2.046984 0.000001 0.000000 0.024816 0.016699 0.048046
    28 -0.000005 0.000007 3.713254 -6.258897 -3.103455 5.660673
    29 18.045723 0.000000 0.000000 0.000000 0.000000 -0.864812
    30 17.597597 0.000000 0.000000 -0.007258 -0.044432 0.483677
    31 0.000005 -0.000003 -3.713254 0.302715 2.828934 5.860735
    32 18.045721 0.000000 0.000000 0.000000 0.000000 -0.742576
    33 17.597597 0.000000 0.000000 0.073106 0.237046 0.469004
  time 13
    0 -0.198260 -1.609273 -3.381440 0.000094 0.233841 -1.569496
    1 -1.535207 0.000000 0.000000 -1.570795 -1.570787 0.000000
    2 1.293670 0.684478 -0.000001 -0.000004 -0.000001 0.016669
    3 5.309685 -0.003834 0.000000 0.000000 0.000000 0.244105
    4 4.826790 -0.004591 0.000000 0.000000 0.000000 0.153113
    5 5.792767 -0.005304 0.000000 0.000000 0.000000 0.017444
    6 6.662322 -0.001452 0.000000 0.000000 -0.000001 0.348900
    7 -2.869899 1.399632 4.140401 -0.000100 -1.292340 -3.142292
    8 4.972048 0.000000 -0.000002 -0.505967 0.537900 -0.886548
    9 11.585358 0.000000 0.000000 0.000000 0.000000 -1.156256
    10 10.127057 -0.000001 0.000001 -0.686247 -0.321951 -0.407010
    11 2.162477 0.109716 -1.664490 0.065907 0.446504 0.247329
    12 0.928312 0.000000 0.000000 0.000000 0.000000 0.052314
    13 0.928313 0.000000 -0.000001 0.000000 0.000000 0.052330
    14 3.784085 -0.427338 -0.044205 -0.039048 0.047004 -0.681330
    15 1.189161 -0.000001 -0.000001 0.000000 0.000000 0.521221
    16 1.302900 -0.000001 0.000001 0.000000 0.000000 0.226787
    17 -2.869899 1.399667 -4.140396 0.000026 1.318451 -3.142315
    18 4.972047 0.000000 0.000000 0.725672 -0.460453 -1.158913
    19 11.585358 0.000000 0.000001 0.000000 0.000000 -0.760503
    20 10.127058 0.000000 0.000001 1.308470 -0.143832 0.250010
    21 2.162477 0.109715 1.664489 -0.102103 -0.407481 0.466772
    22 0.928313 0.000000 0.000002 0.000000 0.000000 0.000000
    23 0.928311 0.000000 0.000001 0.000000 0.000000 0.043590
    24 3.784085 -0.427337 0.044204 -0.006409 -0.034337 0.268777
    25 1.189159 0.000000 0.000001 0.000000 0.000000 0.226869
    26 1.302900 0.000000 -0.000001 0.000000 0.000000 0.358005
    27 2.046984 0.000001 0.000000 0.031666 0.023367 0.047681
    28 -0.000005 0.000007 3.713254 -6.259088 -3.103263 5.665370
    29 18.045723 0.000000 0.000000 0.000000 0.000000 -0.869919
    30 17.597597 0.000000 0.000000 -0.006599 -0.044506 0.486703
    31 0.000005 -0.000003 -3.713254 0.300415 2.828454 5.865337
    32 18.045721 0.000000 0.000000 0.000000 0.000000 -0.748086
    33 17.597597 0.000000 0.000000 0.075119 0.237302 0.472791
  time 14
    0 -0.198260 -1.660056 -3.381440 0.000094 0.227000 -1.569116
    1 -1.574271 0.000000 0.000000 -1.570795 -1.570787 0.000000
    2 1.293670 0.684478 -0.000001 -0.000004 -0.000001 0.021155
    3 5.309685 -0.003834 0.000000 0.000000 0.000000 0.244829
    4 4.826790 -0.004591 0.000000 0.000000 0.000000 0.153202
    5 5.792767 -0.005304 0.000000 0.000000 0.000000 0.017444
    6 6.662322 -0.001452 0.000000 0.000000 -0.000001 0.348900
    7 -2.869899 1.399632 4.140401 -0.000100 -1.292340 -3.142292
    8 4.972048 0.000000 -0.000002 -0.469377 0.580537 -0.797558
    9 11.585358 0.000000 0.000000 0.000000 0.000000 -1.297974
    10 10.127057 -0.000001 0.000001 -0.641797 -0.322514 -0.425996
    11 2.162477 0.109716 -1.664490 0.065907 0.446504 0.247329
    12 0.928312 0.000000 0.000000 0.000000 0.000000 0.052314
    13 0.928313 0.000000 -0.000001 0.000000 0.000000 0.052330
    14 3.784085 -0.427338 -0.044205 -0.039575 0.046549 -0.692186
    15 1.189161 -0.000001 -0.000001 0.000000 0.000000 0.540362
    16 1.302900 -0.000001 0.000001 0.000000 0.000000 0.226787
    17 -2.869899 1.399667 -4.140396 0.000026 1.318451 -3.142315
    18 4.972047 0.000000 0.000000 0.694906 -0.521037 -1.089695
    19 11.585358 0.000000 0.000001 0.000000 0.000000 -0.889067
    20 10.127058 0.000000 0.000001 1.320391 -0.158395 0.270068
    21 2.162477 0.109715 1.664489 -0.102103 -0.407481 0.466772
    22 0.928313 0.000000 0.000002 0.000000 0.000000 0.000000
    23 0.928311 0.000000 0.000001 0.000000 0.000000 0.043590
    24 3.784085 -0.427337 0.044204 -0.005702 -0.034433 0.248466
    25 1.189159 0.000000 0.000001 0.000000 0.000000 0.226869
    26 1.302900 0.000000 -0.000001 0.000000 0.000000 0.369056
    27 2.046984 0.000001 0.000000 0.037870 0.030330 0.047560
    28 -0.000005 0.000007 3.713254 -6.259280 -3.103168 5.671026
    29 18.045723 0.000000 0.000000 0.000000 0.000000 -0.873101
    30 17.597597 0.000000 0.000000 -0.005940 -0.044604 0.488720
    31 0.000005 -0.000003 -3.713254 0.298498 2.828454 5.870993
    32 18.045721 0.000000 0.000000 0.000000 0.000000 -0.751392
    33 17.597597 0.000000 0.000000 0.077099 0.237401 0.475424
  time 15
    0 -0.198260 -1.710839 -3.381440 0.000094 0.220064 -1.568736
    1 -1.609428 0.000000 0.000000 -1.570795 -1.570787 0.000000
    2 1.293670 0.684478 -0.000001 -0.000004 -0.000001 0.025642
    3 5.309685 -0.003834 0.000000 0.000000 0.000000 0.245182
    4 4.826790 -0.004591 0.000000 0.000000 0.000000 0.153025
    5 5.792767 -0.005304 0.000000 0.000000 0.000000 0.017444
    6 6.662322 -0.001452 0.000000 0.000000 -0.000001 0.348900
    7 -2.869899 1.399632 4.140401 -0.000100 -1.292340 -3.142292
    8 4.972048 0.000000 -0.000002 -0.447056 0.606630 -0.749987
    9 11.585358 0.000000 0.000000 0.000000 0.000000 -1.359922
    10 10.127057 -0.000001 0.000001 -0.601707 -0.318392 -0.438132
    11 2.162477 0.109716 -1.664490 0.065907 0.446504 0.247329
    12 0.928312 0.000000 0.000000 0.000000 0.000000 0.052314
    13 0.928313 0.000000 -0.000001 0.000000 0.000000 0.052330
    14 3.784085 -0.427338 -0.044205 -0.039468 0.046621 -0.690276
    15 1.189161 -0.000001 -0.000001 0.000000 0.000000 0.558416
    16 1.302900 -0.000001 0.000001 0.000000 0.000000 0.226787
    17 -2.869899 1.399667 -4.140396 0.000026 1.318451 -3.142315
    18 4.972047 0.000000 0.000000 0.658418 -0.583549 -1.013556
    19 11.585358 0.000000 0.000001 0.000000 0.000000 -1.015834
    20 10.127058 0.000000 0.000001 1.331891 -0.172674 0.289577
    21 2.162477 0.109715 1.664489 -0.102103 -0.407481 0.466772
    22 0.928313 0.000000 0.000002 0.000000 0.000000 0.000000
    23 0.928311 0.000000 0.000001 0.000000 0.000000 0.043590
    24 3.784085 -0.427337 0.044204 -0.004983 -0.034588 0.228156
    25 1.189159 0.000000 0.000001 0.000000 0.000000 0.226869
    26 1.302900 0.000000 -0.000001 0.000000 0.000000 0.380159
    27 2.046984 0.000001 0.000000 0.043428 0.037469 0.047621
    28 -0.000005 0.000007 3.713254 -6.259472 -3.102976 5.677352
    29 18.045723 0.000000 0.000000 0.000000 0.000000 -0.874878
    30 17.597597 0.000000 0.000000 -0.005256 -0.044678 0.489912
    31 0.000005 -0.000003 -3.713254 0.296869 2.828646 5.877512
    32 18.045721 0.000000 0.000000 0.000000 0.000000 -0.753124
    33 17.597597 0.000000 0.000000 0.079078 0.237440 0.477179
  time 16
    0 -0.198260 -1.765528 -3.381440 0.000094 0.213222 -1.568356
    1 -1.644585 0.000000 0.000000 -1.570795 -1.570787 0.000000
    2 1.293670 0.684478 -0.000001 -0.000004 -0.000001 0.030128
    3 5.309685 -0.003834 0.000000 0.000000 0.000000 0.245200
    4 4.826790 -0.004591 0.000000 0.000000 0.000000 0.152606
    5 5.792767 -0.005304 0.000000 0.000000 0.000000 0.017444
    6 6.662322 -0.001452 0.000000 0.000000 -0.000001 0.348900
    7 -2.869899 1.399632 4.140401 -0.000100 -1.292340 -3.142292
    8 4.972048 0.000000 -0.000002 -0.461087 0.614817 -0.786726
    9 11.585358 0.000000 0.000000 0.000000 0.000000 -1.247692
    10 10.127057 -0.000001 0.000001 -0.597821 -0.275865 -0.383494
    11 2.162477 0.109716 -1.664490 0.065907 0.446504 0.247329
    12 0.928312 0.000000 0.000000 0.000000 0.000000 0.052314
    13 0.928313 0.000000 -0.000001 0.000000 0.000000 0.052330
    14 3.784085 -0.427338 -0.044205 -0.032972 0.051427 -0.557692
    15 1.189161 -0.000001 -0.000001 0.000000 0.000000 0.568278
    16 1.302900 -0.000001 0.000001 0.000000 0.000000 0.226787
    17 -2.869899 1.399667 -4.140396 0.000026 1.318451 -3.142315
    18 4.972047 0.000000 0.000000 0.617335 -0.642525 -0.934887
    19 11.585358 0.000000 0.000001 0.000000 0.000000 -1.133862
    20 10.127058 0.000000 0.000001 1.342901 -0.186953 0.309085
    21 2.162477 0.109715 1.664489 -0.102103 -0.407481 0.466772
    22 0.928313 0.000000 0.000002 0.000000 0.000000 0.000000
    23 0.928311 0.000000 0.000001 0.000000 0.000000 0.043590
    24 3.784085 -0.427337 0.044204 -0.004300 -0.034636 0.207929
    25 1.189159 0.000000 0.000001 0.000000 0.000000 0.226869
    26 1.302900 0.000000 -0.000001 0.000000 0.000000 0.391210
    27 2.046984 0.000001 0.000000 0.048425 0.044698 0.047803
    28 -0.000005 0.000007 3.713254 -6.259759 -3.102880 5.684158
    29 18.045723 0.000000 0.000000 0.000000 0.000000 -0.875618
    30 17.597597 0.000000 0.000000 -0.004572 -0.044727 0.490600
    31 0.000005 -0.000003 -3.713254 0.295335 2.829125 5.884415
    32 18.045721 0.000000 0.000000 0.000000 0.000000 -0.753754
    33 17.597597 0.000000 0.000000 0.081092 0.237401 0.478380
  time 17
    0 -0.198260 -1.796779 -3.381440 0.000094 0.206381 -1.567976
    1 -1.675836 0.000000 0.000000 -1.570795 -1.570787 0.000000
    2 1.293670 0.684478 -0.000001 -0.000004 -0.000001 0.034565
    3 5.309685 -0.003834 0.000000 0.000000 0.000000 0.245005
    4 4.826790 -0.004591 0.000000 0.000000 0.000000 0.152055
    5 5.792767 -0.005304 0.000000 0.000000 0.000000 0.017444
    6 6.662322 -0.001452 0.000000 0.000000 -0.000001 0.348900
    7 -2.869899 1.399632 4.140401 -0.000100 -1.292340 -3.142292
    8 4.972048 0.000000 -0.000002 -0.506605 0.609700 -0.891227
    9 11.585358 0.000000 0.000000 0.000000 0.000000 -0.984541
    10 10.127057 -0.000001 0.000001 -0.629666 -0.186408 -0.255348
    11 2.162477 0.109716 -1.664490 0.065907 0.446504 0.247329
    12 0.928312 0.000000 0.000000 0.000000 0.000000 0.052314
    13 0.928313 0.000000 -0.000001 0.000000 0.000000 0.052330
    14 3.784085 -0.427338 -0.044205 -0.017416 0.058570 -0.276326
    15 1.189161 -0.000001 -0.000001 0.000000 0.000000 0.567192
    16 1.302900 -0.000001 0.000001 0.000000 0.000000 0.226787
    17 -2.869899 1.399667 -4.140396 0.000026 1.318451 -3.142315
    18 4.972047 0.000000 0.000000 0.574938 -0.693467 -0.859879
    19 11.585358 0.000000 0.000001 0.000000 0.000000 -1.235880
    20 10.127058 0.000000 0.000001 1.353279 -0.200949 0.328093
    21 2.162477 0.109715 1.664489 -0.102103 -0.407481 0.466772
    22 0.928313 0.000000 0.000002 0.000000 0.000000 0.000000
    23 0.928311 0.000000 0.000001 0.000000 0.000000 0.043590
    24 3.784085 -0.427337 0.044204 -0.003605 -0.034756 0.187786
    25 1.189159 0.000000 0.000001 0.000000 0.000000 0.226869
    26 1.302900 0.000000 -0.000001 0.000000 0.000000 0.402158
    27 2.046984 0.000001 0.000000 0.052863 0.051926 0.048168
    28 -0.000005 0.000007 3.713254 -6.260047 -3.102688 5.691156
    29 18.045723 0.000000 0.000000 0.000000 0.000000 -0.875840
    30 17.597597 0.000000 0.000000 -0.003913 -0.044801 0.491012
    31 0.000005 -0.000003 -3.713254 0.293994 2.829796 5.891509
    32 18.045721 0.000000 0.000000 0.000000 0.000000 -0.753832
    33 17.597597 0.000000 0.000000 0.083105 0.237342 0.479211
  time 18
    0 -0.198260 -1.851468 -3.381440 0.000094 0.199540 -1.567596
    1 -1.707087 0.000000 0.000000 -1.570795 -1.570787 0.000000
    2 1.293670 0.684478 -0.000001 -0.000004 -0.000001 0.038934
    3 5.309685 -0.003834 0.000000 0.000000 0.000000 0.244582
    4 4.826790 -0.004591 0.000000 0.000000 0.000000 0.151350
    5 5.792767 -0.005304 0.000000 0.000000 0.000000 0.017444
    6 6.662322 -0.001452 0.000000 0.000000 -0.000001 0.348900
    7 -2.869899 1.399632 4.140401 -0.000100 -1.292340 -3.142292
    8 4.972048 0.000000 -0.000002 -0.554674 0.594692 -1.001446
    9 11.585358 0.000000 0.000000 0.000000 0.000000 -0.713203
    10 10.127057 -0.000001 0.000001 -0.659046 -0.091143 -0.126970
    11 2.162477 0.109716 -1.664490 0.065907 0.446504 0.247329
    12 0.928312 0.000000 0.000000 0.000000 0.000000 0.052314
    13 0.928313 0.000000 -0.000001 0.000000 0.000000 0.052330
    14 3.784085 -0.427338 -0.044205 -0.000470 0.061074 0.005692
    15 1.189161 -0.000001 -0.000001 0.000000 0.000000 0.561717
    16 1.302900 -0.000001 0.000001 0.000000 0.000000 0.226787
    17 -2.869899 1.399667 -4.140396 0.000026 1.318451 -3.142315
    18 4.972047 0.000000 0.000000 0.536855 -0.732436 -0.796652
    19 11.585358 0.000000 0.000001 0.000000 0.000000 -1.315109
    20 10.127058 0.000000 0.000001 1.362956 -0.214377 0.346751
    21 2.162477 0.109715 1.664489 -0.102103 -0.407481 0.466772
    22 0.928313 0.000000 0.000002 0.000000 0.000000 0.000000
    23 0.928311 0.000000 0.000001 0.000000 0.000000 0.043590
    24 3.784085 -0.427337 0.044204 -0.002922 -0.034768 0.167839
    25 1.189159 0.000000 0.000001 0.000000 0.000000 0.226869
    26 1.302900 0.000000 -0.000001 0.000000 0.000000 0.412952
    27 2.046984 0.000001 0.000000 0.056869 0.059095 0.048594
    28 -0.000005 0.000007 3.713254 -6.260239 -3.102496 5.698346
    29 18.045723 0.000000 0.000000 0.000000 0.000000 -0.875840
    30 17.597597 0.000000 0.000000 -0.003203 -0.044875 0.491242
    31 0.000005 -0.000003 -3.713254 0.292556 2.830372 5.898795
    32 18.045721 0.000000 0.000000 0.000000 0.000000 -0.753518
    33 17.597597 0.000000 0.000000 0.085118 0.237263 0.479904
  time 19
    0 -0.198260 -1.882719 -3.381440 0.000094 0.192698 -1.567121
    1 -1.738338 0.000000 0.000000 -1.570795 -1.570787 0.000000
    2 1.293670 0.684478 -0.000001 -0.000004 -0.000001 0.043203
    3 5.309685 -0.003834 0.000000 0.000000 0.000000 0.243999
    4 4.826790 -0.004591 0.000000 0.000000 0.000000 0.150534
    5 5.792767 -0.005304 0.000000 0.000000 0.000000 0.017444
    6 6.662322 -0.001452 0.000000 0.000000 -0.000001 0.348900
    7 -2.869899 1.399632 4.140401 -0.000100 -1.292340 -3.142292
    8 4.972048 0.000000 -0.000002 -0.580901 0.582242 -1.058289
    9 11.585358 0.000000 0.000000 0.000000 0.000000 -0.576411
    10 10.127057 -0.000001 0.000001 -0.670325 -0.040092 -0.061475
    11 2.162477 0.109716 -1.664490 0.065907 0.446504 0.247329
    12 0.928312 0.000000 0.000000 0.000000 0.000000 0.052314
    13 0.928313 0.000000 -0.000001 0.000000 0.000000 0.052330
    14 3.784085 -0.427338 -0.044205 0.007704 0.060607 0.139795
    15 1.189161 -0.000001 -0.000001 0.000000 0.000000 0.558416
    16 1.302900 -0.000001 0.000001 0.000000 0.000000 0.226787
    17 -2.869899 1.399667 -4.140396 0.000026 1.318451 -3.142315
    18 4.972047 0.000000 0.000000 0.510029 -0.756220 -0.755055
    19 11.585358 0.000000 0.000001 0.000000 0.000000 -1.364852
    20 10.127058 0.000000 0.000001 1.371792 -0.227332 0.365009
    21 2.162477 0.109715 1.664489 -0.102103 -0.407481 0.466772
    22 0.928313 0.000000 0.000002 0.000000 0.000000 0.000000
    23 0.928311 0.000000 0.000001 0.000000 0.000000 0.043590
    24 3.784085 -0.427337 0.044204 -0.002239 -0.034828 0.148115
    25 1.189159 0.000000 0.000001 0.000000 0.000000 0.226869
    26 1.302900 0.000000 -0.000001 0.000000 0.000000 0.423901
    27 2.046984 0.000001 0.000000 0.060445 0.066176 0.049080
    28 -0.000005 0.000007 3.713254 -6.260526 -3.102401 5.705439
    29 18.045723 0.000000 0.000000 0.000000 0.000000 -0.875840
    30 17.597597 0.000000 0.000000 -0.002519 -0.044899 0.491517
    31 0.000005 -0.000003 -3.713254 0.291214 2.831043 5.906081
    32 18.045721 0.000000 0.000000 0.000000 0.000000 -0.753360
    33 17.597597 0.000000 0.000000 0.087131 0.237164 0.480643
  time 20
    0 -0.198260 -1.937408 -3.381440 0.000188 0.185857 -1.566741
    1 -1.765683 0.000000 0.000000 -1.570795 -1.570787 0.000000
    2 1.293670 0.684478 -0.000001 -0.000004 -0.000001 0.047388
    3 5.309685 -0.003834 0.000000 0.000000 0.000000 0.243274
    4 4.826790 -0.004591 0.000000 0.000000 0.000000 0.149652
    5 5.792767 -0.005304 0.000000 0.000000 0.000000 0.017444
    6 6.662322 -0.001452 0.000000 0.000000 -0.000001 0.348900
    7 -2.869899 1.399632 4.140401 -0.000100 -1.292340 -3.142292
    8 4.972048 0.000000 -0.000002 -0.560095 0.592304 -0.997287
    9 11.585358 0.000000 0.000000 0.000000 0.000000 -0.731099
    10 10.127057 -0.000001 0.000001 -0.666723 -0.085242 -0.118725
    11 2.162477 0.109716 -1.664490 0.065907 0.446504 0.247329
    12 0.928312 0.000000 0.000000 0.000000 0.000000 0.052314
    13 0.928313 0.000000 -0.000001 0.000000 0.000000 0.052330
    14 3.784085 -0.427338 -0.044205 0.008279 0.060559 0.149306
    15 1.189161 -0.000001 -0.000001 0.000000 0.000000 0.558416
    16 1.302900 -0.000001 0.000001 0.000000 0.000000 0.226787
    17 -2.869899 1.399667 -4.140396 0.000026 1.318451 -3.142315
    18 4.972047 0.000000 0.000000 0.558335 -0.730427 -0.826003
    19 11.585358 0.000000 0.000001 0.000000 0.000000 -1.246171
    20 10.127058 0.000000 0.000001 1.379997 -0.239342 0.382767
    21 2.162477 0.109715 1.664489 -0.102103 -0.407481 0.466772
    22 0.928313 0.000000 0.000002 0.000000 0.000000 0.000000
    23 0.928311 0.000000 0.000001 0.000000 0.000000 0.043590
    24 3.784085 -0.427337 0.044204 -0.001544 -0.034864 0.128614
    25 1.189159 0.000000 0.000001 0.000000 0.000000 0.226869
    26 1.302900 0.000000 -0.000001 0.000000 0.000000 0.434386
    27 2.046984 0.000001 0.000000 0.063590 0.073198 0.049628
    28 -0.000005 0.000007 3.713254 -6.260814 -3.102209 5.712341
    29 18.045723 0.000000 0.000000 0.000000 0.000000 -0.876062
    30 17.597597 0.000000 0.000000 -0.001835 -0.044973 0.491838
    31 0.000005 -0.000003 -3.713254 0.289776 2.831618 5.913176
    32 18.045721 0.000000 0.000000 0.000000 0.000000 -0.753360
    33 17.597597 0.000000 0.000000 0.089177 0.237085 0.481521
  time 21
    0 -0.198260 -1.968659 -3.381440 0.000188 0.179015 -1.566266
    1 -1.793027 0.000000 0.000000 -1.570795 -1.570787 0.000000
    2 1.293670 0.684478 -0.000001 -0.000004 -0.000001 0.051440
    3 5.309685 -0.003834 0.000000 0.000000 0.000000 0.242444
    4 4.826790 -0.004591 0.000000 0.000000 0.000000 0.148726
    5 5.792767 -0.005304 0.000000 0.000000 0.000000 0.017444
    6 6.662322 -0.001452 0.000000 0.000000 -0.000001 0.348900
    7 -2.869899 1.399632 4.140401 -0.000100 -1.292340 -3.142292
    8 4.972048 0.000000 -0.000002 -0.517765 0.602537 -0.878056
    9 11.585358 0.000000 0.000000 0.000000 0.000000 -1.040330
    10 10.127057 -0.000001 0.000001 -0.649664 -0.183036 -0.245710
    11 2.162477 0.109716 -1.664490 0.065907 0.446504 0.247329
    12 0.928312 0.000000 0.000000 0.000000 0.000000 0.052314
    13 0.928313 0.000000 -0.000001 0.000000 0.000000 0.052330
    14 3.784085 -0.427338 -0.044205 0.008734 0.060463 0.156732
    15 1.189161 -0.000001 -0.000001 0.000000 0.000000 0.558416
    16 1.302900 -0.000001 0.000001 0.000000 0.000000 0.226787
    17 -2.869899 1.399667 -4.140396 0.000026 1.318451 -3.142315
    18 4.972047 0.000000 0.000000 0.657668 -0.651846 -0.980944
    19 11.585358 0.000000 0.000001 0.000000 0.000000 -0.977690
    20 10.127058 0.000000 0.000001 1.387430 -0.250595 0.400024
    21 2.162477 0.109715 1.664489 -0.102103 -0.407481 0.466772
    22 0.928313 0.000000 0.000002 0.000000 0.000000 0.000000
    23 0.928311 0.000000 0.000001 0.000000 0.000000 0.043590
    24 3.784085 -0.427337 0.044204 -0.000908 -0.034864 0.109617
    25 1.189159 0.000000 0.000001 0.000000 0.000000 0.226869
    26 1.302900 0.000000 -0.000001 0.000000 0.000000 0.445026
    27 2.046984 0.000001 0.000000 0.066391 0.080072 0.050175
    28 -0.000005 0.000007 3.713254 -6.261006 -3.102017 5.719147
    29 18.045723 0.000000 0.000000 0.000000 0.000000 -0.876802
    30 17.597597 0.000000 0.000000 -0.001100 -0.045047 0.492434
    31 0.000005 -0.000003 -3.713254 0.288243 2.832193 5.919982
    32 18.045721 0.000000 0.000000 0.000000 0.000000 -0.753911
    33 17.597597 0.000000 0.000000 0.091258 0.237007 0.482583
  time 22
    0 -0.198260 -2.003816 -3.381440 0.000188 0.172174 -1.565886
    1 -1.816466 0.000000 0.000000 -1.570795 -1.570787 0.000000
    2 1.293670 0.684478 -0.000001 -0.000004 -0.000001 0.055357
    3 5.309685 -0.003834 0.000000 0.000000 0.000000 0.241543
    4 4.826790 -0.004591 0.000000 0.000000 0.000000 0.147712
    5 5.792767 -0.005304 0.000000 0.000000 0.000000 0.017444
    6 6.662322 -0.001452 0.000000 0.000000 -0.000001 0.348900
    7 -2.869899 1.399632 4.140401 -0.000100 -1.292340 -3.142292
    8 4.972048 0.000000 -0.000002 -0.517686 0.575676 -0.837590
    9 11.585358 0.000000 0.000000 0.000000 0.000000 -1.206248
    10 10.127057 -0.000001 0.000001 -0.631846 -0.244485 -0.329786
    11 2.162477 0.109716 -1.664490 0.065907 0.446504 0.247329
    12 0.928312 0.000000 0.000000 0.000000 0.000000 0.052314
    13 0.928313 0.000000 -0.000001 0.000000 0.000000 0.052330
    14 3.784085 -0.427338 -0.044205 0.009058 0.060427 0.162160
    15 1.189161 -0.000001 -0.000001 0.000000 0.000000 0.558416
    16 1.302900 -0.000001 0.000001 0.000000 0.000000 0.226787
    17 -2.869899 1.399667 -4.140396 0.000026 1.318451 -3.142315
    18 4.972047 0.000000 0.000000 0.718168 -0.585798 -1.081842
    19 11.585358 0.000000 0.000001 0.000000 0.000000 -0.786967
    20 10.127058 0.000000 0.000001 1.393741 -0.260808 0.416782
    21 2.162477 0.109715 1.664489 -0.102103 -0.407481 0.466772
    22 0.928313 0.000000 0.000002 0.000000 0.000000 0.000000
    23 0.928311 0.000000 0.000001 0.000000 0.000000 0.043590
    24 3.784085 -0.427337 0.044204 -0.000237 -0.034888 0.090927
    25 1.189159 0.000000 0.000001 0.000000 0.000000 0.226869
    26 1.302900 0.000000 -0.000001 0.000000 0.000000 0.455306
    27 2.046984 0.000001 0.000000 0.068847 0.086799 0.050723
    28 -0.000005 0.000007 3.713254 -6.261293 -3.101825 5.725570
    29 18.045723 0.000000 0.000000 0.000000 0.000000 -0.878060
    30 17.597597 0.000000 0.000000 -0.000365 -0.045121 0.493259
    31 0.000005 -0.000003 -3.713254 0.286710 2.832577 5.926501
    32 18.045721 0.000000 0.000000 0.000000 0.000000 -0.755171
    33 17.597597 0.000000 0.000000 0.093304 0.236908 0.484015
  time 23
    0 -0.198260 -2.038974 -3.381440 0.000188 0.165238 -1.565411
    1 -1.843810 0.000000 0.000000 -1.570795 -1.570787 0.000000
    2 1.293670 0.684478 -0.000001 -0.000004 -0.000001 0.059191
    3 5.309685 -0.003834 0.000000 0.000000 0.000000 0.240537
    4 4.826790 -0.004591 0.000000 0.000000 0.000000 0.146697
    5 5.792767 -0.005304 0.000000 0.000000 0.000000 0.017444
    6 6.662322 -0.001452 0.000000 0.000000 -0.000001 0.348900
    7 -2.869899 1.399632 4.140401 -0.000100 -1.292340 -3.142292
    8 4.972048 0.000000 -0.000002 -0.606331 0.458339 -0.977011
    9 11.585358 0.000000 0.000000 0.000000 0.000000 -1.025332
    10 10.127057 -0.000001 0.000001 -0.628244 -0.254695 -0.344418
    11 2.162477 0.109716 -1.664490 0.065907 0.446504 0.247329
    12 0.928312 0.000000 0.000000 0.000000 0.000000 0.052314
    13 0.928313 0.000000 -0.000001 0.000000 0.000000 0.052330
    14 3.784085 -0.427338 -0.044205 0.009274 0.060427 0.165635
    15 1.189161 -0.000001 -0.000001 0.000000 0.000000 0.558416
    16 1.302900 -0.000001 0.000001 0.000000 0.000000 0.226787
    17 -2.869899 1.399667 -4.140396 0.000026 1.318451 -3.142315
    18 4.972047 0.000000 0.000000 0.727454 -0.574871 -1.089895
    19 11.585358 0.000000 0.000001 0.000000 0.000000 -0.784680
    20 10.127058 0.000000 0.000001 1.399421 -0.269791 0.432788
    21 2.162477 0.109715 1.664489 -0.102103 -0.407481 0.466772
    22 0.928313 0.000000 0.000002 0.000000 0.000000 0.000000
    23 0.928311 0.000000 0.000001 0.000000 0.000000 0.043590
    24 3.784085 -0.427337 0.044204 0.000374 -0.034888 0.072739
    25 1.189159 0.000000 0.000001 0.000000 0.000000 0.226869
    26 1.302900 0.000000 -0.000001 0.000000 0.000000 0.465278
    27 2.046984 0.000001 0.000000 0.071001 0.093378 0.051331
    28 -0.000005 0.000007 3.713254 -6.261485 -3.101634 5.731705
    29 18.045723 0.000000 0.000000 0.000000 0.000000 -0.879837
    30 17.597597 0.000000 0.000000 0.000344 -0.045195 0.494313
    31 0.000005 -0.000003 -3.713254 0.284889 2.832864 5.932637
    32 18.045721 0.000000 0.000000 0.000000 0.000000 -0.757060
    33 17.597597 0.000000 0.000000 0.095418 0.236888 0.485770
  time 24
    0 -0.198260 -2.074131 -3.381440 0.000188 0.158491 -1.565031
    1 -1.863342 0.000000 0.000000 -1.570795 -1.570787 0.000000
    2 1.293670 0.684478 -0.000001 -0.000004 -0.000001 0.062891
    3 5.309685 -0.003834 0.000000 0.000000 0.000000 0.239512
    4 4.826790 -0.004591 0.000000 0.000000 0.000000 0.145661
    5 5.792767 -0.005304 0.000000 0.000000 0.000000 0.017444
    6 6.662322 -0.001452 0.000000 0.000000 -0.000001 0.348900
    7 -2.869899 1.399632 4.140401 -0.000100 -1.292340 -3.142292
    8 4.972048 0.000000 -0.000002 -0.693461 0.288048 -1.160623
    9 11.585358 0.000000 0.000000 0.000000 0.000000 -0.701248
    10 10.127057 -0.000001 0.000001 -0.627581 -0.256568 -0.347088
    11 2.162477 0.109716 -1.664490 0.065907 0.446504 0.247329
    12 0.928312 0.000000 0.000000 0.000000 0.000000 0.052314
    13 0.928313 0.000000 -0.000001 0.000000 0.000000 0.052330
    14 3.784085 -0.427338 -0.044205 0.009382 0.060415 0.167415
    15 1.189161 -0.000001 -0.000001 0.000000 0.000000 0.558416
    16 1.302900 -0.000001 0.000001 0.000000 0.000000 0.226787
    17 -2.869899 1.399667 -4.140396 0.000026 1.318451 -3.142315
    18 4.972047 0.000000 0.000000 0.718731 -0.586602 -1.062407
    19 11.585358 0.000000 0.000001 0.000000 0.000000 -0.860234
    20 10.127058 0.000000 0.000001 1.403769 -0.277357 0.448495
    21 2.162477 0.109715 1.664489 -0.102103 -0.407481 0.466772
    22 0.928313 0.000000 0.000002 0.000000 0.000000 0.000000
    23 0.928311 0.000000 0.000001 0.000000 0.000000 0.043590
    24 3.784085 -0.427337 0.044204 0.000997 -0.034864 0.055027
    25 1.189159 0.000000 0.000001 0.000000 0.000000 0.226869
    26 1.302900 0.000000 -0.000001 0.000000 0.000000 0.475147
    27 2.046984 0.000001 0.000000 0.072853 0.099869 0.051879
    28 -0.000005 0.000007 3.713254 -6.261677 -3.101538 5.737456
    29 18.045723 0.000000 0.000000 0.000000 0.000000 -0.882353
    30 17.597597 0.000000 0.000000 0.001104 -0.045318 0.495781
    31 0.000005 -0.000003 -3.713254 0.283068 2.833056 5.938485
    32 18.045721 0.000000 0.000000 0.000000 0.000000 -0.759736
    33 17.597597 0.000000 0.000000 0.097532 0.236868 0.487895
  time 25
    0 -0.198260 -2.089757 -3.428317 0.000094 0.151650 -1.564556
    1 -1.886780 0.000000 0.000000 -1.570795 -1.570787 0.000000
    2 1.293670 0.684478 -0.000001 -0.000004 -0.000001 0.066490
    3 5.309685 -0.003834 0.000000 0.000000 0.000000 0.238399
    4 4.826790 -0.004591 0.000000 0.000000 0.000000 0.144625
    5 5.792767 -0.005304 0.000000 0.000000 0.000000 0.017444
    6 6.662322 -0.001452 0.000000 0.000000 -0.000001 0.348900
    7 -2.869899 1.399632 4.140401 -0.000100 -1.292340 -3.142292
    8 4.972048 0.000000 -0.000002 -0.722160 0.208061 -1.236355
    9 11.585358 0.000000 0.000000 0.000000 0.000000 -0.546705
    10 10.127057 -0.000001 0.000001 -0.629192 -0.252072 -0.340760
    11 2.162477 0.109716 -1.664490 0.065907 0.446504 0.247329
    12 0.928312 0.000000 0.000000 0.000000 0.000000 0.052314
    13 0.928313 0.000000 -0.000001 0.000000 0.000000 0.052330
    14 3.784085 -0.427338 -0.044205 0.009382 0.060415 0.167372
    15 1.189161 -0.000001 -0.000001 0.000000 0.000000 0.558416
    16 1.302900 -0.000001 0.000001 0.000000 0.000000 0.226787
    17 -2.869899 1.399667 -4.140396 0.000026 1.318451 -3.142315
    18 4.972047 0.000000 0.000000 0.713666 -0.594074 -1.043838
    19 11.585358 0.000000 0.000001 0.000000 0.000000 -0.911366
    20 10.127058 0.000000 0.000001 1.407205 -0.283409 0.463302
    21 2.162477 0.109715 1.664489 -0.102103 -0.407481 0.466772
    22 0.928313 0.000000 0.000002 0.000000 0.000000 0.000000
    23 0.928311 0.000000 0.000001 0.000000 0.000000 0.043590
    24 3.784085 -0.427337 0.044204 0.001572 -0.034864 0.037901
    25 1.189159 0.000000 0.000001 0.000000 0.000000 0.226869
    26 1.302900 0.000000 -0.000001 0.000000 0.000000 0.484708
    27 2.046984 0.000001 0.000000 0.074490 0.106212 0.052426
    28 -0.000005 0.000007 3.713254 -6.261869 -3.101346 5.742824
    29 18.045723 0.000000 0.000000 0.000000 0.000000 -0.885536
    30 17.597597 0.000000 0.000000 0.001839 -0.045416 0.497523
    31 0.000005 -0.000003 -3.713254 0.281055 2.833152 5.943854
    32 18.045721 0.000000 0.000000 0.000000 0.000000 -0.763121
    33 17.597597 0.000000 0.000000 0.099646 0.236868 0.490435
  time 26
    0 -0.198260 -2.074131 -3.428317 0.000094 0.144904 -1.564081
    1 -1.906312 0.000000 0.000000 -1.570795 -1.570787 0.000000
    2 1.293670 0.684478 -0.000001 -0.000004 -0.000001 0.070022
    3 5.309685 -0.003834 0.000000 0.000000 0.000000 0.237269
    4 4.826790 -0.004591 0.000000 0.000000 0.000000 0.143566
    5 5.792767 -0.005304 0.000000 0.000000 0.000000 0.017444
    6 6.662322 -0.001452 0.000000 0.000000 -0.000001 0.348900
    7 -2.869899 1.399632 4.140401 -0.000100 -1.292340 -3.142292
    8 4.972048 0.000000 -0.000002 -0.701672 0.281567 -1.166689
    9 11.585358 0.000000 0.000000 0.000000 0.000000 -0.680817
    10 10.127057 -0.000001 0.000001 -0.632035 -0.243641 -0.328740
    11 2.162477 0.109716 -1.664490 0.065907 0.446504 0.247329
    12 0.928312 0.000000 0.000000 0.000000 0.000000 0.052314
    13 0.928313 0.000000 -0.000001 0.000000 0.000000 0.052330
    14 3.784085 -0.427338 -0.044205 0.009274 0.060427 0.165721
    15 1.189161 -0.000001 -0.000001 0.000000 0.000000 0.558416
    16 1.302900 -0.000001 0.000001 0.000000 0.000000 0.226787
    17 -2.869899 1.399667 -4.140396 0.000026 1.318451 -3.142315
    18 4.972047 0.000000 0.000000 0.718918 -0.589655 -1.046567
    19 11.585358 0.000000 0.000001 0.000000 0.000000 -0.910876
    20 10.127058 0.000000 0.000001 1.409799 -0.287853 0.477408
    21 2.162477 0.109715 1.664489 -0.102103 -0.407481 0.466772
    22 0.928313 0.000000 0.000002 0.000000 0.000000 0.000000
    23 0.928311 0.000000 0.000001 0.000000 0.000000 0.043590
    24 3.784085 -0.427337 0.044204 0.002148 -0.034828 0.021418
    25 1.189159 0.000000 0.000001 0.000000 0.000000 0.226869
    26 1.302900 0.000000 -0.000001 0.000000 0.000000 0.493908
    27 2.046984 0.000001 0.000000 0.075869 0.112467 0.052973
    28 -0.000005 0.000007 3.713254 -6.261869 -3.101154 5.745988
    29 18.045723 0.000000 0.000000 0.000000 0.000000 -0.889829
    30 17.597597 0.000000 0.000000 0.002625 -0.045539 0.498073
    31 0.000005 -0.000003 -3.713254 0.278371 2.832960 5.946442
    32 18.045721 0.000000 0.000000 0.000000 0.000000 -0.768789
    33 17.597597 0.000000 0.000000 0.101759 0.236375 0.492513
  time 27
    0 -0.198260 -2.054599 -3.428317 0.000094 0.137967 -1.563606
    1 -1.929750 0.000000 0.000000 -1.570795 -1.570787 0.000000
    2 1.293670 0.684478 -0.000001 -0.000004 -0.000001 0.073437
    3 5.309685 -0.003834 0.000000 0.000000 0.000000 0.236085
    4 4.826790 -0.004591 0.000000 0.000000 0.000000 0.142486
    5 5.792767 -0.005304 0.000000 0.000000 0.000000 0.017444
    6 6.662322 -0.001452 0.000000 0.000000 -0.000001 0.348900
    7 -2.869899 1.399632 4.140401 -0.000100 -1.292340 -3.142292
    8 4.972048 0.000000 -0.000002 -0.640051 0.424145 -1.019296
    9 11.585358 0.000000 0.000000 0.000000 0.000000 -0.944764
    10 10.127057 -0.000001 0.000001 -0.635447 -0.233431 -0.314689
    11 2.162477 0.109716 -1.664490 0.065907 0.446504 0.247329
    12 0.928312 0.000000 0.000000 0.000000 0.000000 0.052314
    13 0.928313 0.000000 -0.000001 0.000000 0.000000 0.052330
    14 3.784085 -0.427338 -0.044205 0.009070 0.060427 0.162464
    15 1.189161 -0.000001 -0.000001 0.000000 0.000000 0.558416
    16 1.302900 -0.000001 0.000001 0.000000 0.000000 0.226787
    17 -2.869899 1.399667 -4.140396 0.000026 1.318451 -3.142315
    18 4.972047 0.000000 0.000000 0.725203 -0.584191 -1.052091
    19 11.585358 0.000000 0.000001 0.000000 0.000000 -0.902789
    20 10.127058 0.000000 0.000001 1.411061 -0.290312 0.490813
    21 2.162477 0.109715 1.664489 -0.102103 -0.407481 0.466772
    22 0.928313 0.000000 0.000002 0.000000 0.000000 0.000000
    23 0.928311 0.000000 0.000001 0.000000 0.000000 0.043590
    24 3.784085 -0.427337 0.044204 0.002699 -0.034792 0.005661
    25 1.189159 0.000000 0.000001 0.000000 0.000000 0.226869
    26 1.302900 0.000000 -0.000001 0.000000 0.000000 0.502801
    27 2.046984 0.000001 0.000000 0.077075 0.118633 0.053460
    28 -0.000005 0.000007 3.713254 -6.261965 -3.101058 5.748863
    29 18.045723 0.000000 0.000000 0.000000 0.000000 -0.894714
    30 17.597597 0.000000 0.000000 0.003385 -0.045638 0.499082
    31 0.000005 -0.000003 -3.713254 0.275688 2.832577 5.948743
    32 18.045721 0.000000 0.000000 0.000000 0.000000 -0.775165
    33 17.597597 0.000000 0.000000 0.103873 0.235941 0.495100
  time 28
    0 -0.198260 -2.023348 -3.475193 0.000094 0.131126 -1.562941
    1 -1.949282 0.000000 0.000000 -1.570795 -1.570787 0.000000
    2 1.293670 0.684478 -0.000001 -0.000004 -0.000001 0.076819
    3 5.309685 -0.003834 0.000000 0.000000 0.000000 0.234884
    4 4.826790 -0.004591 0.000000 0.000000 0.000000 0.141428
    5 5.792767 -0.005304 0.000000 0.000000 0.000000 0.017444
    6 6.662322 -0.001452 0.000000 0.000000 -0.000001 0.348900
    7 -2.869899 1.399632 4.140401 -0.000100 -1.292340 -3.142292
    8 4.972048 0.000000 -0.000002 -0.534745 0.572009 -0.825979
    9 11.585358 0.000000 0.000000 0.000000 0.000000 -1.235375
    10 10.127057 -0.000001 0.000001 -0.638385 -0.224064 -0.301393
    11 2.162477 0.109716 -1.664490 0.065907 0.446504 0.247329
    12 0.928312 0.000000 0.000000 0.000000 0.000000 0.052314
    13 0.928313 0.000000 -0.000001 0.000000 0.000000 0.052330
    14 3.784085 -0.427338 -0.044205 0.008806 0.060451 0.157818
    15 1.189161 -0.000001 -0.000001 0.000000 0.000000 0.558416
    16 1.302900 -0.000001 0.000001 0.000000 0.000000 0.226787
    17 -2.869899 1.399667 -4.140396 0.000026 1.318451 -3.142315
    18 4.972047 0.000000 0.000000 0.732144 -0.578004 -1.059479
    19 11.585358 0.000000 0.000001 0.000000 0.000000 -0.889312
    20 10.127058 0.000000 0.000001 1.411061 -0.290785 0.503369
    21 2.162477 0.109715 1.664489 -0.102103 -0.407481 0.466772
    22 0.928313 0.000000 0.000002 0.000000 0.000000 0.000000
    23 0.928311 0.000000 0.000001 0.000000 0.000000 0.043590
    24 3.784085 -0.427337 0.044204 0.003226 -0.034768 -0.009341
    25 1.189159 0.000000 0.000001 0.000000 0.000000 0.226869
    26 1.302900 0.000000 -0.000001 0.000000 0.000000 0.511230
    27 2.046984 0.000001 0.000000 0.078023 0.124741 0.053947
    28 -0.000005 0.000007 3.713254 -6.261965 -3.100867 5.751643
    29 18.045723 0.000000 0.000000 0.000000 0.000000 -0.900043
    30 17.597597 0.000000 0.000000 0.004170 -0.045785 0.500411
    31 0.000005 -0.000003 -3.713254 0.272908 2.832289 5.951140
    32 18.045721 0.000000 0.000000 0.000000 0.000000 -0.781856
    33 17.597597 0.000000 0.000000 0.106020 0.235547 0.497917
  time 29
    0 -0.198260 -2.003816 -3.522069 0.000094 0.124380 -1.562466
    1 -1.964908 0.000000 0.000000 -1.570795 -1.570787 0.000000
    2 1.293670 0.684478 -0.000001 -0.000004 -0.000001 0.080134
    3 5.309685 -0.003834 0.000000 0.000000 0.000000 0.233630
    4 4.826790 -0.004591 0.000000 0.000000 0.000000 0.140303
    5 5.792767 -0.005304 0.000000 0.000000 0.000000 0.017444
    6 6.662322 -0.001452 0.000000 0.000000 -0.000001 0.348900
    7 -2.869899 1.399632 4.140401 -0.000100 -1.292340 -3.142292
    8 4.972048 0.000000 -0.000002 -0.419474 0.672632 -0.643320
    9 11.585358 0.000000 0.000000 0.000000 0.000000 -1.449040
    10 10.127057 -0.000001 0.000001 -0.640376 -0.217507 -0.292625
    11 2.162477 0.109716 -1.664490 0.065907 0.446504 0.247329
    12 0.928312 0.000000 0.000000 0.000000 0.000000 0.052314
    13 0.928313 0.000000 -0.000001 0.000000 0.000000 0.052330
    14 3.784085 -0.427338 -0.044205 0.008435 0.060547 0.151738
    15 1.189161 -0.000001 -0.000001 0.000000 0.000000 0.558416
    16 1.302900 -0.000001 0.000001 0.000000 0.000000 0.226787
    17 -2.869899 1.399667 -4.140396 0.000026 1.318451 -3.142315
    18 4.972047 0.000000 0.000000 0.739367 -0.571416 -1.067665
    19 11.585358 0.000000 0.000001 0.000000 0.000000 -0.872895
    20 10.127058 0.000000 0.000001 1.410150 -0.289272 0.514874
    21 2.162477 0.109715 1.664489 -0.102103 -0.407481 0.466772
    22 0.928313 0.000000 0.000002 0.000000 0.000000 0.000000
    23 0.928311 0.000000 0.000001 0.000000 0.000000 0.043590
    24 3.784085 -0.427337 0.044204 0.003730 -0.034732 -0.023561
    25 1.189159 0.000000 0.000001 0.000000 0.000000 0.226869
    26 1.302900 0.000000 -0.000001 0.000000 0.000000 0.519352
    27 2.046984 0.000001 0.000000 0.078799 0.130789 0.054373
    28 -0.000005 0.000007 3.713254 -6.262060 -3.100675 5.754423
    29 18.045723 0.000000 0.000000 0.000000 0.000000 -0.905668
    30 17.597597 0.000000 0.000000 0.005007 -0.045908 0.501924
    31 0.000005 -0.000003 -3.713254 0.270033 2.831905 5.953441
    32 18.045721 0.000000 0.000000 0.000000 0.000000 -0.788705
    33 17.597597 0.000000 0.000000 0.108201 0.235231 0.500966
  time 30
    0 -0.198260 -2.003816 -3.522069 0.000094 0.117538 -1.561896
    1 -1.984440 0.000000 0.000000 -1.570795 -1.570787 0.000000
    2 1.293670 0.684478 -0.000001 -0.000004 -0.000001 0.083398
    3 5.309685 -0.003834 0.000000 0.000000 0.000000 0.232341
    4 4.826790 -0.004591 0.000000 0.000000 0.000000 0.139223
    5 5.792767 -0.005304 0.000000 0.000000 0.000000 0.017444
    6 6.662322 -0.001452 0.000000 0.000000 -0.000001 0.348900
    7 -2.869899 1.399632 4.140401 -0.000100 -1.292340 -3.142292
    8 4.972048 0.000000 -0.000002 -0.454231 0.636391 -0.680840
    9 11.585358 0.000000 0.000000 0.000000 0.000000 -1.251097
    10 10.127057 -0.000001 0.000001 -0.640660 -0.216570 -0.291173
    11 2.162477 0.109716 -1.664490 0.065907 0.446504 0.247329
    12 0.928312 0.000000 0.000000 0.000000 0.000000 0.052314
    13 0.928313 0.000000 -0.000001 0.000000 0.000000 0.052330
    14 3.784085 -0.427338 -0.044205 0.007955 0.060559 0.144355
    15 1.189161 -0.000001 -0.000001 0.000000 0.000000 0.558416
    16 1.302900 -0.000001 0.000001 0.000000 0.000000 0.226787
    17 -2.869899 1.399667 -4.140396 0.000026 1.318451 -3.142315
    18 4.972047 0.000000 0.000000 0.746308 -0.564988 -1.075718
    19 11.585358 0.000000 0.000001 0.000000 0.000000 -0.856068
    20 10.127058 0.000000 0.000001 1.408046 -0.285300 0.525478
    21 2.162477 0.109715 1.664489 -0.102103 -0.407481 0.466772
    22 0.928313 0.000000 0.000002 0.000000 0.000000 0.000000
    23 0.928311 0.000000 0.000001 0.000000 0.000000 0.043590
    24 3.784085 -0.427337 0.044204 0.004185 -0.034636 -0.036887
    25 1.189159 0.000000 0.000001 0.000000 0.000000 0.226869
    26 1.302900 0.000000 -0.000001 0.000000 0.000000 0.527062
    27 2.046984 0.000001 0.000000 0.079445 0.136866 0.054798
    28 -0.000005 0.000007 3.713254 -6.262060 -3.100675 5.757299
    29 18.045723 0.000000 0.000000 0.000000 0.000000 -0.911367
    30 17.597597 0.000000 0.000000 0.005818 -0.046056 0.503620
    31 0.000005 -0.000003 -3.713254 0.267254 2.831522 5.955933
    32 18.045721 0.000000 0.000000 0.000000 0.000000 -0.795553
    33 17.597597 0.000000 0.000000 0.110382 0.234955 0.504107
  time 31
    0 -0.198260 -1.988191 -3.568946 0.000000 0.110792 -1.561326
    1 -2.003971 0.000000 0.000000 -1.570795 -1.570787 0.000000
    2 1.293670 0.684478 -0.000001 -0.000004 -0.000001 0.086629
    3 5.309685 -0.003834 0.000000 0.000000 0.000000 0.231016
    4 4.826790 -0.004591 0.000000 0.000000 0.000000 0.138121
    5 5.792767 -0.005304 0.000000 0.000000 0.000000 0.017444
    6 6.662322 -0.001452 0.000000 0.000000 -0.000001 0.348900
    7 -2.869899 1.399632 4.140401 -0.000100 -1.292340 -3.142292
    8 4.972048 0.000000 -0.000002 -0.543434 0.539264 -0.803883
    9 11.585358 0.000000 0.000000 0.000000 0.000000 -0.891149
    10 10.127057 -0.000001 0.000001 -0.635732 -0.232494 -0.313238
    11 2.162477 0.109716 -1.664490 0.065907 0.446504 0.247329
    12 0.928312 0.000000 0.000000 0.000000 0.000000 0.052314
    13 0.928313 0.000000 -0.000001 0.000000 0.000000 0.052330
    14 3.784085 -0.427338 -0.044205 0.007476 0.060679 0.135800
    15 1.189161 -0.000001 -0.000001 0.000000 0.000000 0.558416
    16 1.302900 -0.000001 0.000001 0.000000 0.000000 0.226787
    17 -2.869899 1.399667 -4.140396 0.000026 1.318451 -3.142315
    18 4.972047 0.000000 0.000000 0.752686 -0.559363 -1.082707
    19 11.585358 0.000000 0.000001 0.000000 0.000000 -0.841121
    20 10.127058 0.000000 0.000001 1.404680 -0.278870 0.535033
    21 2.162477 0.109715 1.664489 -0.102103 -0.407481 0.466772
    22 0.928313 0.000000 0.000002 0.000000 0.000000 0.000000
    23 0.928311 0.000000 0.000001 0.000000 0.000000 0.043590
    24 3.784085 -0.427337 0.044204 0.004604 -0.034588 -0.049320
    25 1.189159 0.000000 0.000001 0.000000 0.000000 0.226869
    26 1.302900 0.000000 -0.000001 0.000000 0.000000 0.534309
    27 2.046984 0.000001 0.000000 0.079876 0.142944 0.055224
    28 -0.000005 0.000007 3.713254 -6.262156 -3.100483 5.760175
    29 18.045723 0.000000 0.000000 0.000000 0.000000 -0.916992
    30 17.597597 0.000000 0.000000 0.006679 -0.046204 0.505408
    31 0.000005 -0.000003 -3.713254 0.264570 2.831139 5.958426
    32 18.045721 0.000000 0.000000 0.000000 0.000000 -0.802402
    33 17.597597 0.000000 0.000000 0.112596 0.234699 0.507340
  time 32
    0 -0.198260 -1.968659 -3.568946 0.000000 0.103951 -1.560756
    1 -2.019597 0.000000 0.000000 -1.570795 -1.570787 0.000000
    2 1.293670 0.684478 -0.000001 -0.000004 -0.000001 0.089894
    3 5.309685 -0.003834 0.000000 0.000000 0.000000 0.229638
    4 4.826790 -0.004591 0.000000 0.000000 0.000000 0.136974
    5 5.792767 -0.005304 0.000000 0.000000 0.000000 0.017444
    6 6.662322 -0.001452 0.000000 0.000000 -0.000001 0.348900
    7 -2.869899 1.399632 4.140401 -0.000100 -1.292340 -3.142292
    8 4.972048 0.000000 -0.000002 -0.598837 0.462944 -0.878663
    9 11.585358 0.000000 0.000000 0.000000 0.000000 -0.669731
    10 10.127057 -0.000001 0.000001 -0.625875 -0.261158 -0.353475
    11 2.162477 0.109716 -1.664490 0.065907 0.446504 0.247329
    12 0.928312 0.000000 0.000000 0.000000 0.000000 0.052314
    13 0.928313 0.000000 -0.000001 0.000000 0.000000 0.052330
    14 3.784085 -0.427338 -0.044205 0.006865 0.060703 0.126159
    15 1.189161 -0.000001 -0.000001 0.000000 0.000000 0.558416
    16 1.302900 -0.000001 0.000001 0.000000 0.000000 0.226787
    17 -2.869899 1.399667 -4.140396 0.000026 1.318451 -3.142315
    18 4.972047 0.000000 0.000000 0.757939 -0.554864 -1.087832
    19 11.585358 0.000000 0.000001 0.000000 0.000000 -0.830829
    20 10.127058 0.000000 0.000001 1.400052 -0.270075 0.543336
    21 2.162477 0.109715 1.664489 -0.102103 -0.407481 0.466772
    22 0.928313 0.000000 0.000002 0.000000 0.000000 0.000000
    23 0.928311 0.000000 0.000001 0.000000 0.000000 0.043590
    24 3.784085 -0.427337 0.044204 0.005012 -0.034588 -0.060774
    25 1.189159 0.000000 0.000001 0.000000 0.000000 0.226869
    26 1.302900 0.000000 -0.000001 0.000000 0.000000 0.541043
    27 2.046984 0.000001 0.000000 0.080091 0.149081 0.055589
    28 -0.000005 0.000007 3.713254 -6.262156 -3.100291 5.763146
    29 18.045723 0.000000 0.000000 0.000000 0.000000 -0.922617
    30 17.597597 0.000000 0.000000 0.007541 -0.046302 0.507242
    31 0.000005 -0.000003 -3.713254 0.261791 2.830851 5.961110
    32 18.045721 0.000000 0.000000 0.000000 0.000000 -0.809014
    33 17.597597 0.000000 0.000000 0.114844 0.234462 0.510573
  time 33
    0 -0.198260 -1.968659 -3.615822 0.000000 0.097299 -1.560186
    1 -2.039129 0.000000 0.000000 -1.570795 -1.570787 0.000000
    2 1.293670 0.684478 -0.000001 -0.000004 -0.000001 0.093125
    3 5.309685 -0.003834 0.000000 0.000000 0.000000 0.228225
    4 4.826790 -0.004591 0.000000 0.000000 0.000000 0.135828
    5 5.792767 -0.005304 0.000000 0.000000 0.000000 0.017444
    6 6.662322 -0.001452 0.000000 0.000000 -0.000001 0.348900
    7 -2.869899 1.399632 4.140401 -0.000100 -1.292340 -3.142292
    8 4.972048 0.000000 -0.000002 -0.576915 0.499953 -0.810122
    9 11.585358 0.000000 0.000000 0.000000 0.000000 -0.925564
    10 10.127057 -0.000001 0.000001 -0.618008 -0.281485 -0.382972
    11 2.162477 0.109716 -1.664490 0.065907 0.446504 0.247329
    12 0.928312 0.000000 0.000000 0.000000 0.000000 0.052314
    13 0.928313 0.000000 -0.000001 0.000000 0.000000 0.052330
    14 3.784085 -0.427338 -0.044205 0.006242 0.060811 0.115433
    15 1.189161 -0.000001 -0.000001 0.000000 0.000000 0.558416
    16 1.302900 -0.000001 0.000001 0.000000 0.000000 0.226787
    17 -2.869899 1.399667 -4.140396 0.000026 1.318451 -3.142315
    18 4.972047 0.000000 0.000000 0.762722 -0.551087 -1.091625
    19 11.585358 0.000000 0.000001 0.000000 0.000000 -0.824703
    20 10.127058 0.000000 0.000001 1.394021 -0.258538 0.550239
    21 2.162477 0.109715 1.664489 -0.102103 -0.407481 0.466772
    22 0.928313 0.000000 0.000002 0.000000 0.000000 0.000000
    23 0.928311 0.000000 0.000001 0.000000 0.000000 0.043590
    24 3.784085 -0.427337 0.044204 0.005371 -0.034529 -0.071167
    25 1.189159 0.000000 0.000001 0.000000 0.000000 0.226869
    26 1.302900 0.000000 -0.000001 0.000000 0.000000 0.547313
    27 2.046984 0.000001 0.000000 0.080134 0.155306 0.055893
    28 -0.000005 0.000007 3.713254 -6.262156 -3.100100 5.766310
    29 18.045723 0.000000 0.000000 0.000000 0.000000 -0.928094
    30 17.597597 0.000000 0.000000 0.008453 -0.046450 0.509076
    31 0.000005 -0.000003 -3.713254 0.259107 2.830563 5.963986
    32 18.045721 0.000000 0.000000 0.000000 0.000000 -0.815547
    33 17.597597 0.000000 0.000000 0.117126 0.234245 0.513714
  time 34
    0 -0.198260 -1.953034 -3.662699 0.000000 0.090458 -1.559521
    1 -2.054754 0.000000 0.000000 -1.570795 -1.570787 0.000000
    2 1.293670 0.684478 -0.000001 -0.000004 -0.000001 0.096406
    3 5.309685 -0.003834 0.000000 0.000000 0.000000 0.226724
    4 4.826790 -0.004591 0.000000 0.000000 0.000000 0.134659
    5 5.792767 -0.005304 0.000000 0.000000 0.000000 0.017444
    6 6.662322 -0.001452 0.000000 0.000000 -0.000001 0.348900
    7 -2.869899 1.399632 4.140401 -0.000100 -1.292340 -3.142292
    8 4.972048 0.000000 -0.000002 -0.526694 0.567404 -0.703282
    9 11.585358 0.000000 0.000000 0.000000 0.000000 -1.319566
    10 10.127057 -0.000001 0.000001 -0.621231 -0.273148 -0.370894
    11 2.162477 0.109716 -1.664490 0.065907 0.446504 0.247329
    12 0.928312 0.000000 0.000000 0.000000 0.000000 0.052314
    13 0.928313 0.000000 -0.000001 0.000000 0.000000 0.052330
    14 3.784085 -0.427338 -0.044205 0.005499 0.060847 0.103751
    15 1.189161 -0.000001 -0.000001 0.000000 0.000000 0.558416
    16 1.302900 -0.000001 0.000001 0.000000 0.000000 0.226787
    17 -2.869899 1.399667 -4.140396 0.000026 1.318451 -3.142315
    18 4.972047 0.000000 0.000000 0.766850 -0.547954 -1.094354
    19 11.585358 0.000000 0.000001 0.000000 0.000000 -0.821926
    20 10.127058 0.000000 0.000001 1.386799 -0.243975 0.555841
    21 2.162477 0.109715 1.664489 -0.102103 -0.407481 0.466772
    22 0.928313 0.000000 0.000002 0.000000 0.000000 0.000000
    23 0.928311 0.000000 0.000001 0.000000 0.000000 0.043590
    24 3.784085 -0.427337 0.044204 0.005695 -0.034433 -0.080442
    25 1.189159 0.000000 0.000001 0.000000 0.000000 0.226869
    26 1.302900 0.000000 -0.000001 0.000000 0.000000 0.552865
    27 2.046984 0.000001 0.000000 0.079962 0.161620 0.056137
    28 -0.000005 0.000007 3.713254 -6.262252 -3.099908 5.769473
    29 18.045723 0.000000 0.000000 0.000000 0.000000 -0.933497
    30 17.597597 0.000000 0.000000 0.009340 -0.046598 0.510864
    31 0.000005 -0.000003 -3.713254 0.256423 2.830372 5.966958
    32 18.045721 0.000000 0.000000 0.000000 0.000000 -0.822002
    33 17.597597 0.000000 0.000000 0.119407 0.234028 0.516901
  time 35
    0 -0.198260 -1.953034 -3.662699 0.000000 0.083712 -1.558951
    1 -2.074286 0.000000 0.000000 -1.570795 -1.570787 0.000000
    2 1.293670 0.684478 -0.000001 -0.000004 -0.000001 0.099704
    3 5.309685 -0.003834 0.000000 0.000000 0.000000 0.225187
    4 4.826790 -0.004591 0.000000 0.000000 0.000000 0.133424
    5 5.792767 -0.005304 0.000000 0.000000 0.000000 0.017444
    6 6.662322 -0.001452 0.000000 0.000000 -0.000001 0.348900
    7 -2.869899 1.399632 4.140401 -0.000100 -1.292340 -3.142292
    8 4.972048 0.000000 -0.000002 -0.508678 0.603987 -0.681186
    9 11.585358 0.000000 0.000000 0.000000 0.000000 -1.549025
    10 10.127057 -0.000001 0.000001 -0.639996 -0.218631 -0.294193
    11 2.162477 0.109716 -1.664490 0.065907 0.446504 0.247329
    12 0.928312 0.000000 0.000000 0.000000 0.000000 0.052314
    13 0.928313 0.000000 -0.000001 0.000000 0.000000 0.052330
    14 3.784085 -0.427338 -0.044205 0.004756 0.060943 0.091157
    15 1.189161 -0.000001 -0.000001 0.000000 0.000000 0.558416
    16 1.302900 -0.000001 0.000001 0.000000 0.000000 0.226787
    17 -2.869899 1.399667 -4.140396 0.000026 1.318451 -3.142315
    18 4.972047 0.000000 0.000000 0.769757 -0.547070 -1.094620
    19 11.585358 0.000000 0.000001 0.000000 0.000000 -0.823723
    20 10.127058 0.000000 0.000001 1.378103 -0.226765 0.559843
    21 2.162477 0.109715 1.664489 -0.102103 -0.407481 0.466772
    22 0.928313 0.000000 0.000002 0.000000 0.000000 0.000000
    23 0.928311 0.000000 0.000001 0.000000 0.000000 0.043590
    24 3.784085 -0.427337 0.044204 0.005959 -0.034373 -0.088544
    25 1.189159 0.000000 0.000001 0.000000 0.000000 0.226869
    26 1.302900 0.000000 -0.000001 0.000000 0.000000 0.558005
    27 2.046984 0.000001 0.000000 0.079617 0.168081 0.056380
    28 -0.000005 0.000007 3.713254 -6.262252 -3.099620 5.772732
    29 18.045723 0.000000 0.000000 0.000000 0.000000 -0.938827
    30 17.597597 0.000000 0.000000 0.010277 -0.046745 0.512652
    31 0.000005 -0.000003 -3.713254 0.253836 2.830180 5.969930
    32 18.045721 0.000000 0.000000 0.000000 0.000000 -0.828142
    33 17.597597 0.000000 0.000000 0.121756 0.233831 0.520042
  time 36
    0 -0.198260 -1.953034 -3.709575 -0.000094 0.076965 -1.558286
    1 -2.089912 0.000000 0.000000 -1.570795 -1.570787 0.000000
    2 1.293670 0.684478 -0.000001 -0.000004 -0.000001 0.103052
    3 5.309685 -0.003834 0.000000 0.000000 0.000000 0.223562
    4 4.826790 -0.004591 0.000000 0.000000 0.000000 0.132212
    5 5.792767 -0.005304 0.000000 0.000000 0.000000 0.017444
    6 6.662322 -0.001452 0.000000 0.000000 -0.000001 0.348900
    7 -2.869899 1.399632 4.140401 -0.000100 -1.292340 -3.142292
    8 4.972048 0.000000 -0.000002 -0.588395 0.560753 -0.879616
    9 11.585358 0.000000 0.000000 0.000000 0.000000 -1.363110
    10 10.127057 -0.000001 0.000001 -0.660563 -0.130017 -0.176034
    11 2.162477 0.109716 -1.664490 0.065907 0.446504 0.247329
    12 0.928312 0.000000 0.000000 0.000000 0.000000 0.052314
    13 0.928313 0.000000 -0.000001 0.000000 0.000000 0.052330
    14 3.784085 -0.427338 -0.044205 0.003929 0.060967 0.077868
    15 1.189161 -0.000001 -0.000001 0.000000 0.000000 0.558416
    16 1.302900 -0.000001 0.000001 0.000000 0.000000 0.226787
    17 -2.869899 1.399667 -4.140396 0.000026 1.318451 -3.142315
    18 4.972047 0.000000 0.000000 0.770414 -0.549400 -1.090893
    19 11.585358 0.000000 0.000001 0.000000 0.000000 -0.831646
    20 10.127058 0.000000 0.000001 1.367865 -0.206339 0.562094
    21 2.162477 0.109715 1.664489 -0.102103 -0.407481 0.466772
    22 0.928313 0.000000 0.000002 0.000000 0.000000 0.000000
    23 0.928311 0.000000 0.000001 0.000000 0.000000 0.043590
    24 3.784085 -0.427337 0.044204 0.006198 -0.034373 -0.095472
    25 1.189159 0.000000 0.000001 0.000000 0.000000 0.226869
    26 1.302900 0.000000 -0.000001 0.000000 0.000000 0.562682
    27 2.046984 0.000001 0.000000 0.079014 0.174719 0.056502
    28 -0.000005 0.000007 3.713254 -6.262252 -3.099428 5.775992
    29 18.045723 0.000000 0.000000 0.000000 0.000000 -0.943934
    30 17.597597 0.000000 0.000000 0.011240 -0.046868 0.514349
    31 0.000005 -0.000003 -3.713254 0.251248 2.830084 5.973094
    32 18.045721 0.000000 0.000000 0.000000 0.000000 -0.834204
    33 17.597597 0.000000 0.000000 0.124105 0.233614 0.523044
  time 37
    0 -0.198260 -1.937408 -3.709575 -0.000094 0.070124 -1.557525
    1 -2.109443 0.000000 0.000000 -1.570795 -1.570787 0.000000
    2 1.293670 0.684478 -0.000001 -0.000004 -0.000001 0.106501
    3 5.309685 -0.003834 0.000000 0.000000 0.000000 0.221831
    4 4.826790 -0.004591 0.000000 0.000000 0.000000 0.130911
    5 5.792767 -0.005304 0.000000 0.000000 0.000000 0.017444
    6 6.662322 -0.001452 0.000000 0.000000 -0.000001 0.348900
    7 -2.869899 1.399632 4.140401 -0.000100 -1.292340 -3.142292
    8 4.972048 0.000000 -0.000002 -0.666119 0.487247 -1.102481
    9 11.585358 0.000000 0.000000 0.000000 0.000000 -1.101119
    10 10.127057 -0.000001 0.000001 -0.670609 -0.034097 -0.053985
    11 2.162477 0.109716 -1.664490 0.065907 0.446504 0.247329
    12 0.928312 0.000000 0.000000 0.000000 0.000000 0.052314
    13 0.928313 0.000000 -0.000001 0.000000 0.000000 0.052330
    14 3.784085 -0.427338 -0.044205 0.003090 0.061062 0.063841
    15 1.189161 -0.000001 -0.000001 0.000000 0.000000 0.558416
    16 1.302900 -0.000001 0.000001 0.000000 0.000000 0.226787
    17 -2.869899 1.399667 -4.140396 0.000026 1.318451 -3.142315
    18 4.972047 0.000000 0.000000 0.769007 -0.554703 -1.083772
    19 11.585358 0.000000 0.000001 0.000000 0.000000 -0.845287
    20 10.127058 0.000000 0.000001 1.328526 -0.113288 0.531081
    21 2.162477 0.109715 1.664489 -0.102103 -0.407481 0.466772
    22 0.928313 0.000000 0.000002 0.000000 0.000000 0.000000
    23 0.928311 0.000000 0.000001 0.000000 0.000000 0.043590
    24 3.784085 -0.427337 0.044204 0.006414 -0.034337 -0.101144
    25 1.189159 0.000000 0.000001 0.000000 0.000000 0.226869
    26 1.302900 0.000000 -0.000001 0.000000 0.000000 0.566537
    27 2.046984 0.000001 0.000000 0.078195 0.181564 0.056623
    28 -0.000005 0.000007 3.713254 -6.262348 -3.099237 5.779442
    29 18.045723 0.000000 0.000000 0.000000 0.000000 -0.948967
    30 17.597597 0.000000 0.000000 0.012228 -0.047016 0.515999
    31 0.000005 -0.000003 -3.713254 0.248660 2.830084 5.976258
    32 18.045721 0.000000 0.000000 0.000000 0.000000 -0.840108
    33 17.597597 0.000000 0.000000 0.126487 0.233397 0.526092
  time 38
    0 -0.198260 -1.937408 -3.756452 -0.000188 0.063473 -1.556860
    1 -2.125069 0.000000 0.000000 -1.570795 -1.570787 0.000000
    2 1.293670 0.684478 -0.000001 -0.000004 -0.000001 0.110000
    3 5.309685 -0.003834 0.000000 0.000000 0.000000 0.220011
    4 4.826790 -0.004591 0.000000 0.000000 0.000000 0.129566
    5 5.792767 -0.005304 0.000000 0.000000 0.000000 0.017444
    6 6.662322 -0.001452 0.000000 0.000000 -0.000001 0.348900
    7 -2.869899 1.399632 4.140401 -0.000100 -1.292340 -3.142292
    8 4.972048 0.000000 -0.000002 -0.715065 0.416299 -1.282887
    9 11.585358 0.000000 0.000000 0.000000 0.000000 -0.869050
    10 10.127057 -0.000001 0.000001 -0.670420 0.039623 0.038800
    11 2.162477 0.109716 -1.664490 0.065907 0.446504 0.247329
    12 0.928312 0.000000 0.000000 0.000000 0.000000 0.052314
    13 0.928313 0.000000 -0.000001 0.000000 0.000000 0.052330
    14 3.784085 -0.427338 -0.044205 0.002203 0.061074 0.049249
    15 1.189161 -0.000001 -0.000001 0.000000 0.000000 0.558416
    16 1.302900 -0.000001 0.000001 0.000000 0.000000 0.226787
    17 -2.869899 1.399667 -4.140396 0.000026 1.318451 -3.142315
    18 4.972047 0.000000 0.000000 0.753249 -0.580576 -1.051226
    19 11.585358 0.000000 0.000001 0.000000 0.000000 -0.899685
    20 10.127058 0.000000 0.000001 1.230773 0.081420 0.437340
    21 2.162477 0.109715 1.664489 -0.102103 -0.407481 0.466772
    22 0.928313 0.000000 0.000002 0.000000 0.000000 0.000000
    23 0.928311 0.000000 0.000001 0.000000 0.000000 0.043590
    24 3.784085 -0.427337 0.044204 0.006534 -0.034325 -0.105418
    25 1.189159 0.000000 0.000001 0.000000 0.000000 0.226869
    26 1.302900 0.000000 -0.000001 0.000000 0.000000 0.569775
    27 2.046984 0.000001 0.000000 0.077032 0.188616 0.056562
    28 -0.000005 0.000007 3.713254 -6.262348 -3.098949 5.782702
    29 18.045723 0.000000 0.000000 0.000000 0.000000 -0.953926
    30 17.597597 0.000000 0.000000 0.013242 -0.047164 0.517558
    31 0.000005 -0.000003 -3.713254 0.246168 2.829988 5.979613
    32 18.045721 0.000000 0.000000 0.000000 0.000000 -0.845854
    33 17.597597 0.000000 0.000000 0.128970 0.233160 0.529002
  time 39
    0 -0.198260 -1.937408 -3.756452 -0.000188 0.056726 -1.556005
    1 -2.144601 0.000000 0.000000 -1.570795 -1.570787 0.000000
    2 1.293670 0.684478 -0.000001 -0.000004 -0.000001 0.113599
    3 5.309685 -0.003834 0.000000 0.000000 0.000000 0.218086
    4 4.826790 -0.004591 0.000000 0.000000 0.000000 0.128155
    5 5.792767 -0.005304 0.000000 0.000000 0.000000 0.017444
    6 6.662322 -0.001452 0.000000 0.000000 -0.000001 0.348900
    7 -2.869899 1.399632 4.140401 -0.000100 -1.292340 -3.142292
    8 4.972048 0.000000 -0.000002 -0.717297 0.426362 -1.301430
    9 11.585358 0.000000 0.000000 0.000000 0.000000 -0.821304
    10 10.127057 -0.000001 0.000001 -0.668808 0.062948 0.068297
    11 2.162477 0.109716 -1.664490 0.065907 0.446504 0.247329
    12 0.928312 0.000000 0.000000 0.000000 0.000000 0.052314
    13 0.928313 0.000000 -0.000001 0.000000 0.000000 0.052330
    14 3.784085 -0.427338 -0.044205 0.001268 0.061074 0.034006
    15 1.189161 -0.000001 -0.000001 0.000000 0.000000 0.558416
    16 1.302900 -0.000001 0.000001 0.000000 0.000000 0.226787
    17 -2.869899 1.399667 -4.140396 0.000026 1.318451 -3.142315
    18 4.972047 0.000000 0.000000 0.713572 -0.632562 -0.979613
    19 11.585358 0.000000 0.000001 0.000000 0.000000 -1.010852
    20 10.127058 0.000000 0.000001 1.063247 0.312345 0.275171
    21 2.162477 0.109715 1.664489 -0.102103 -0.407481 0.466772
    22 0.928313 0.000000 0.000002 0.000000 0.000000 0.000000
    23 0.928311 0.000000 0.000001 0.000000 0.000000 0.043590
    24 3.784085 -0.427337 0.044204 0.006654 -0.034265 -0.108296
    25 1.189159 0.000000 0.000001 0.000000 0.000000 0.226869
    26 1.302900 0.000000 -0.000001 0.000000 0.000000 0.572346
    27 2.046984 0.000001 0.000000 0.075481 0.195962 0.056502
    28 -0.000005 0.000007 3.713254 -6.262348 -3.098757 5.786153
    29 18.045723 0.000000 0.000000 0.000000 0.000000 -0.958737
    30 17.597597 0.000000 0.000000 0.014306 -0.047311 0.519071
    31 0.000005 -0.000003 -3.713254 0.243581 2.830084 5.982873
    32 18.045721 0.000000 0.000000 0.000000 0.000000 -0.851522
    33 17.597597 0.000000 0.000000 0.131419 0.232904 0.531866
  time 40
    0 -0.198260 -1.917876 -3.803328 -0.000281 0.050075 -1.555245
    1 -2.164133 0.000000 0.000000 -1.570795 -1.570787 0.000000
    2 1.293670 0.684478 -0.000001 -0.000004 -0.000001 0.117299
    3 5.309685 -0.003834 0.000000 0.000000 0.000000 0.216055
    4 4.826790 -0.004591 0.000000 0.000000 0.000000 0.126722
    5 5.792767 -0.005304 0.000000 0.000000 0.000000 0.017444
    6 6.662322 -0.001452 0.000000 0.000000 -0.000001 0.348900
    7 -2.869899 1.399632 4.140401 -0.000100 -1.292340 -3.142292
    8 4.972048 0.000000 -0.000002 -0.713789 0.450580 -1.297357
    9 11.585358 0.000000 0.000000 0.000000 0.000000 -0.798408
    10 10.127057 -0.000001 0.000001 -0.670609 0.033160 0.030555
    11 2.162477 0.109716 -1.664490 0.065907 0.446504 0.247329
    12 0.928312 0.000000 0.000000 0.000000 0.000000 0.052314
    13 0.928313 0.000000 -0.000001 0.000000 0.000000 0.052330
    14 3.784085 -0.427338 -0.044205 0.000321 0.061074 0.018459
    15 1.189161 -0.000001 -0.000001 0.000000 0.000000 0.558416
    16 1.302900 -0.000001 0.000001 0.000000 0.000000 0.226787
    17 -2.869899 1.399667 -4.140396 0.000026 1.318451 -3.142315
    18 4.972047 0.000000 0.000000 0.657105 -0.691217 -0.886368
    19 11.585358 0.000000 0.000001 0.000000 0.000000 -1.143255
    20 10.127058 0.000000 0.000001 0.818163 0.507620 0.039919
    21 2.162477 0.109715 1.664489 -0.102103 -0.407481 0.466772
    22 0.928313 0.000000 0.000002 0.000000 0.000000 0.000000
    23 0.928311 0.000000 0.000001 0.000000 0.000000 0.043590
    24 3.784085 -0.427337 0.044204 0.006702 -0.034241 -0.109804
    25 1.189159 0.000000 0.000001 0.000000 0.000000 0.226869
    26 1.302900 0.000000 -0.000001 0.000000 0.000000 0.574247
    27 2.046984 0.000001 0.000000 0.073586 0.203603 0.056197
    28 -0.000005 0.000007 3.713254 -6.262348 -3.098470 5.789604
    29 18.045723 0.000000 0.000000 0.000000 0.000000 -0.963473
    30 17.597597 0.000000 0.000000 0.015396 -0.047459 0.520446
    31 0.000005 -0.000003 -3.713254 0.241089 2.830084 5.986132
    32 18.045721 0.000000 0.000000 0.000000 0.000000 -0.857032
    33 17.597597 0.000000 0.000000 0.133935 0.232628 0.534683
  time 41
    0 -0.198260 -1.917876 -3.803328 -0.000375 0.043329 -1.554390
    1 -2.179758 0.000000 0.000000 -1.570795 -1.570787 0.000000
    2 1.293670 0.684478 -0.000001 -0.000004 -0.000001 0.121116
    3 5.309685 -0.003834 0.000000 0.000000 0.000000 0.213865
    4 4.826790 -0.004591 0.000000 0.000000 0.000000 0.125222
    5 5.792767 -0.005304 0.000000 0.000000 0.000000 0.017444
    6 6.662322 -0.001452 0.000000 0.000000 -0.000001 0.348900
    7 -2.869899 1.399632 4.140401 -0.000100 -1.292340 -3.142292
    8 4.972048 0.000000 -0.000002 -0.709963 0.475565 -1.292505
    9 11.585358 0.000000 0.000000 0.000000 0.000000 -0.776020
    10 10.127057 -0.000001 0.000001 -0.670894 -0.026697 -0.044637
    11 2.162477 0.109716 -1.664490 0.065907 0.446504 0.247329
    12 0.928312 0.000000 0.000000 0.000000 0.000000 0.052314
    13 0.928313 0.000000 -0.000001 0.000000 0.000000 0.052330
    14 3.784085 -0.427338 -0.044205 -0.000638 0.061074 0.002565
    15 1.189161 -0.000001 -0.000001 0.000000 0.000000 0.558416
    16 1.302900 -0.000001 0.000001 0.000000 0.000000 0.226787
    17 -2.869899 1.399667 -4.140396 0.000026 1.318451 -3.142315
    18 4.972047 0.000000 0.000000 0.589195 -0.746819 -0.783008
    19 11.585358 0.000000 0.000001 0.000000 0.000000 -1.277455
    20 10.127058 0.000000 0.000001 0.532759 0.609371 -0.227546
    21 2.162477 0.109715 1.664489 -0.102103 -0.407481 0.466772
    22 0.928313 0.000000 0.000002 0.000000 0.000000 0.000000
    23 0.928311 0.000000 0.000001 0.000000 0.000000 0.043590
    24 3.784085 -0.427337 0.044204 0.006702 -0.034241 -0.109720
    25 1.189159 0.000000 0.000001 0.000000 0.000000 0.226869
    26 1.302900 0.000000 -0.000001 0.000000 0.000000 0.575481
    27 2.046984 0.000001 0.000000 0.071216 0.211510 0.055772
    28 -0.000005 0.000007 3.713254 -6.262348 -3.098278 5.792863
    29 18.045723 0.000000 0.000000 0.000000 0.000000 -0.968062
    30 17.597597 0.000000 0.000000 0.016536 -0.047656 0.521822
    31 0.000005 -0.000003 -3.713254 0.238597 2.830180 5.989488
    32 18.045721 0.000000 0.000000 0.000000 0.000000 -0.862464
    33 17.597597 0.000000 0.000000 0.136519 0.232332 0.537408
  time 42
    0 -0.198260 -1.902251 -3.850204 -0.000469 0.036772 -1.553440
    1 -2.199290 0.000000 0.000000 -1.570795 -1.570787 0.000000
    2 1.293670 0.684478 -0.000001 -0.000004 -0.000001 0.125000
    3 5.309685 -0.003834 0.000000 0.000000 0.000000 0.211533
    4 4.826790 -0.004591 0.000000 0.000000 0.000000 0.123679
    5 5.792767 -0.005304 0.000000 0.000000 0.000000 0.017444
    6 6.662322 -0.001452 0.000000 0.000000 -0.000001 0.348900
    7 -2.869899 1.399632 4.140401 -0.000100 -1.292340 -3.142292
    8 4.972048 0.000000 -0.000002 -0.705578 0.501232 -1.286786
    9 11.585358 0.000000 0.000000 0.000000 0.000000 -0.754357
    10 10.127057 -0.000001 0.000001 -0.664259 -0.105850 -0.144854
    11 2.162477 0.109716 -1.664490 0.065907 0.446504 0.247329
    12 0.928312 0.000000 0.000000 0.000000 0.000000 0.052314
    13 0.928313 0.000000 -0.000001 0.000000 0.000000 0.052330
    14 3.784085 -0.427338 -0.044205 -0.001596 0.061074 -0.013373
    15 1.189161 -0.000001 -0.000001 0.000000 0.000000 0.558416
    16 1.302900 -0.000001 0.000001 0.000000 0.000000 0.226787
    17 -2.869899 1.399667 -4.140396 0.000026 1.318451 -3.142315
    18 4.972047 0.000000 0.000000 0.521004 -0.792377 -0.685837
    19 11.585358 0.000000 0.000001 0.000000 0.000000 -1.393032
    20 10.127058 0.000000 0.000001 0.312850 0.615140 -0.418878
    21 2.162477 0.109715 1.664489 -0.102103 -0.407481 0.466772
    22 0.928313 0.000000 0.000002 0.000000 0.000000 0.000000
    23 0.928311 0.000000 0.000001 0.000000 0.000000 0.043590
    24 3.784085 -0.427337 0.044204 0.006654 -0.034265 -0.108128
    25 1.189159 0.000000 0.000001 0.000000 0.000000 0.226869
    26 1.302900 0.000000 -0.000001 0.000000 0.000000 0.575892
    27 2.046984 0.000001 0.000000 0.068243 0.219771 0.055102
    28 -0.000005 0.000007 3.713254 -6.262348 -3.097990 5.796218
    29 18.045723 0.000000 0.000000 0.000000 0.000000 -0.972651
    30 17.597597 0.000000 0.000000 0.017702 -0.047803 0.522968
    31 0.000005 -0.000003 -3.713254 0.236105 2.830372 5.992747
    32 18.045721 0.000000 0.000000 0.000000 0.000000 -0.867895
    33 17.597597 0.000000 0.000000 0.139136 0.232016 0.539995
  time 43
    0 -0.198260 -1.882719 -3.850204 -0.000563 0.030026 -1.552490
    1 -2.218822 0.000000 0.000000 -1.570795 -1.570787 0.000000
    2 1.293670 0.684478 -0.000001 -0.000004 -0.000001 0.129051
    3 5.309685 -0.003834 0.000000 0.000000 0.000000 0.209042
    4 4.826790 -0.004591 0.000000 0.000000 0.000000 0.122047
    5 5.792767 -0.005304 0.000000 0.000000 0.000000 0.017444
    6 6.662322 -0.001452 0.000000 0.000000 -0.000001 0.348900
    7 -2.869899 1.399632 4.140401 -0.000100 -1.292340 -3.142292
    8 4.972048 0.000000 -0.000002 -0.700955 0.527155 -1.279941
    9 11.585358 0.000000 0.000000 0.000000 0.000000 -0.733490
    10 10.127057 -0.000001 0.000001 -0.647199 -0.192590 -0.258716
    11 2.162477 0.109716 -1.664490 0.065907 0.446504 0.247329
    12 0.928312 0.000000 0.000000 0.000000 0.000000 0.052314
    13 0.928313 0.000000 -0.000001 0.000000 0.000000 0.052330
    14 3.784085 -0.427338 -0.044205 -0.002591 0.061074 -0.029702
    15 1.189161 -0.000001 -0.000001 0.000000 0.000000 0.558416
    16 1.302900 -0.000001 0.000001 0.000000 0.000000 0.226787
    17 -2.869899 1.399667 -4.140396 0.000026 1.318451 -3.142315
    18 4.972047 0.000000 0.000000 0.513312 -0.812384 -0.685837
    19 11.585358 0.000000 0.000001 0.000000 0.000000 -1.397442
    20 10.127058 0.000000 0.000001 0.218884 0.553862 -0.457245
    21 2.162477 0.109715 1.664489 -0.102103 -0.407481 0.466772
    22 0.928313 0.000000 0.000002 0.000000 0.000000 0.000000
    23 0.928311 0.000000 0.000001 0.000000 0.000000 0.043590
    24 3.784085 -0.427337 0.044204 0.004209 -0.034636 -0.038061
    25 1.189159 0.000000 0.000001 0.000000 0.000000 0.226869
    26 1.302900 0.000000 -0.000001 0.000000 0.000000 0.545823
    27 2.046984 0.000001 0.000000 0.064711 0.228416 0.054251
    28 -0.000005 0.000007 3.713254 -6.262348 -3.097703 5.799477
    29 18.045723 0.000000 0.000000 0.000000 0.000000 -0.977018
    30 17.597597 0.000000 0.000000 0.018943 -0.047926 0.523976
    31 0.000005 -0.000003 -3.713254 0.233613 2.830563 5.996103
    32 18.045721 0.000000 0.000000 0.000000 0.000000 -0.873090
    33 17.597597 0.000000 0.000000 0.141853 0.231661 0.542535
  time 44
    0 -0.198260 -1.882719 -3.850204 -0.000657 0.023375 -1.551445
    1 -2.238354 0.000000 0.000000 -1.570795 -1.570787 0.000000
    2 1.293670 0.684478 -0.000001 -0.000004 -0.000001 0.133203
    3 5.309685 -0.003834 0.000000 0.000000 0.000000 0.206410
    4 4.826790 -0.004591 0.000000 0.000000 0.000000 0.120372
    5 5.792767 -0.005304 0.000000 0.000000 0.000000 0.017444
    6 6.662322 -0.001452 0.000000 0.000000 -0.000001 0.348900
    7 -2.869899 1.399632 4.140401 -0.000100 -1.292340 -3.142292
    8 4.972048 0.000000 -0.000002 -0.695454 0.553590 -1.271969
    9 11.585358 0.000000 0.000000 0.000000 0.000000 -0.713566
    10 10.127057 -0.000001 0.000001 -0.620473 -0.275396 -0.374088
    11 2.162477 0.109716 -1.664490 0.065907 0.446504 0.247329
    12 0.928312 0.000000 0.000000 0.000000 0.000000 0.052314
    13 0.928313 0.000000 -0.000001 0.000000 0.000000 0.052330
    14 3.784085 -0.427338 -0.044205 -0.003586 0.060979 -0.046161
    15 1.189161 -0.000001 -0.000001 0.000000 0.000000 0.558416
    16 1.302900 -0.000001 0.000001 0.000000 0.000000 0.226787
    17 -2.869899 1.399667 -4.140396 0.000026 1.318451 -3.142315
    18 4.972047 0.000000 0.000000 0.664797 -0.761523 -0.939014
    19 11.585358 0.000000 0.000001 0.000000 0.000000 -1.116464
    20 10.127058 0.000000 0.000001 0.202615 0.452773 -0.387515
    21 2.162477 0.109715 1.664489 -0.102103 -0.407481 0.466772
    22 0.928313 0.000000 0.000002 0.000000 0.000000 0.000000
    23 0.928311 0.000000 0.000001 0.000000 0.000000 0.043590
    24 3.784085 -0.427337 0.044204 -0.001520 -0.034864 0.128167
    25 1.189159 0.000000 0.000001 0.000000 0.000000 0.226869
    26 1.302900 0.000000 -0.000001 0.000000 0.000000 0.471549
    27 2.046984 0.000001 0.000000 0.060445 0.237355 0.052973
    28 -0.000005 0.000007 3.713254 -6.262348 -3.097415 5.802736
    29 18.045723 0.000000 0.000000 0.000000 0.000000 -0.981237
    30 17.597597 0.000000 0.000000 0.020261 -0.048099 0.524893
    31 0.000005 -0.000003 -3.713254 0.231121 2.830851 5.999362
    32 18.045721 0.000000 0.000000 0.000000 0.000000 -0.878207
    33 17.597597 0.000000 0.000000 0.144605 0.231267 0.544937
  time 45
    0 -0.198260 -1.867093 -3.897081 -0.000750 0.016818 -1.550400
    1 -2.253979 0.000000 0.000000 -1.570795 -1.570787 0.000000
    2 1.293670 0.684478 -0.000001 -0.000004 -0.000001 0.137455
    3 5.309685 -0.003834 0.000000 0.000000 0.000000 0.203567
    4 4.826790 -0.004591 0.000000 0.000000 0.000000 0.118652
    5 5.792767 -0.005304 0.000000 0.000000 0.000000 0.017444
    6 6.662322 -0.001452 0.000000 0.000000 -0.000001 0.348900
    7 -2.869899 1.399632 4.140401 -0.000100 -1.292340 -3.142292
    8 4.972048 0.000000 -0.000002 -0.689316 0.580025 -1.262524
    9 11.585358 0.000000 0.000000 0.000000 0.000000 -0.694655
    10 10.127057 -0.000001 0.000001 -0.589007 -0.343496 -0.477441
    11 2.162477 0.109716 -1.664490 0.065907 0.446504 0.247329
    12 0.928312 0.000000 0.000000 0.000000 0.000000 0.052314
    13 0.928313 0.000000 -0.000001 0.000000 0.000000 0.052330
    14 3.784085 -0.427338 -0.044205 -0.004580 0.060967 -0.062576
    15 1.189161 -0.000001 -0.000001 0.000000 0.000000 0.558416
    16 1.302900 -0.000001 0.000001 0.000000 0.000000 0.226787
    17 -2.869899 1.399667 -4.140396 0.000026 1.318451 -3.142315
    18 4.972047 0.000000 0.000000 0.810653 -0.664621 -1.213222
    19 11.585358 0.000000 0.000001 0.000000 0.000000 -0.769324
    20 10.127058 0.000000 0.000001 0.213905 0.336837 -0.278668
    21 2.162477 0.109715 1.664489 -0.102103 -0.407481 0.466772
    22 0.928313 0.000000 0.000002 0.000000 0.000000 0.000000
    23 0.928311 0.000000 0.000001 0.000000 0.000000 0.043590
    24 3.784085 -0.427337 0.044204 -0.008567 -0.033833 0.332363
    25 1.189159 0.000000 0.000001 0.000000 0.000000 0.226869
    26 1.302900 0.000000 -0.000001 0.000000 0.000000 0.377640
    27 2.046984 0.000001 0.000000 0.055318 0.246649 0.051453
    28 -0.000005 0.000007 3.713254 -6.262348 -3.097128 5.805995
    29 18.045723 0.000000 0.000000 0.000000 0.000000 -0.985308
    30 17.597597 0.000000 0.000000 0.021604 -0.048271 0.525535
    31 0.000005 -0.000003 -3.713254 0.228725 2.831234 6.002526
    32 18.045721 0.000000 0.000000 0.000000 0.000000 -0.883088
    33 17.597597 0.000000 0.000000 0.147389 0.230833 0.547154
  time 46
    0 -0.198260 -1.831936 -3.897081 -0.000844 0.010262 -1.549070
    1 -2.273511 0.000000 0.000000 -1.570795 -1.570787 0.000000
    2 1.293670 0.684478 -0.000001 -0.000004 -0.000001 0.141824
    3 5.309685 -0.003834 0.000000 0.000000 0.000000 0.200528
    4 4.826790 -0.004591 0.000000 0.000000 0.000000 0.116888
    5 5.792767 -0.005304 0.000000 0.000000 0.000000 0.017444
    6 6.662322 -0.001452 0.000000 0.000000 -0.000001 0.348900
    7 -2.869899 1.399632 4.140401 -0.000100 -1.292340 -3.142292
    8 4.972048 0.000000 -0.000002 -0.682461 0.606460 -1.251346
    9 11.585358 0.000000 0.000000 0.000000 0.000000 -0.676904
    10 10.127057 -0.000001 0.000001 -0.562185 -0.388740 -0.551878
    11 2.162477 0.109716 -1.664490 0.065907 0.446504 0.247329
    12 0.928312 0.000000 0.000000 0.000000 0.000000 0.052314
    13 0.928313 0.000000 -0.000001 0.000000 0.000000 0.052330
    14 3.784085 -0.427338 -0.044205 -0.005575 0.060835 -0.078905
    15 1.189161 -0.000001 -0.000001 0.000000 0.000000 0.558416
    16 1.302900 -0.000001 0.000001 0.000000 0.000000 0.226787
    17 -2.869899 1.399667 -4.140396 0.000026 1.318451 -3.142315
    18 4.972047 0.000000 0.000000 0.899481 -0.559203 -1.415417
    19 11.585358 0.000000 0.000001 0.000000 0.000000 -0.474787
    20 10.127058 0.000000 0.000001 0.221128 0.230264 -0.185778
    21 2.162477 0.109715 1.664489 -0.102103 -0.407481 0.466772
    22 0.928313 0.000000 0.000002 0.000000 0.000000 0.000000
    23 0.928311 0.000000 0.000001 0.000000 0.000000 0.043590
    24 3.784085 -0.427337 0.044204 -0.014595 -0.031724 0.515688
    25 1.189159 0.000000 0.000001 0.000000 0.000000 0.226869
    26 1.302900 0.000000 -0.000001 0.000000 0.000000 0.287895
    27 2.046984 0.000001 0.000000 0.049115 0.256267 0.049445
    28 -0.000005 0.000007 3.713254 -6.262252 -3.096840 5.809255
    29 18.045723 0.000000 0.000000 0.000000 0.000000 -0.989009
    30 17.597597 0.000000 0.000000 0.023048 -0.048419 0.525994
    31 0.000005 -0.000003 -3.713254 0.226329 2.831618 6.005881
    32 18.045721 0.000000 0.000000 0.000000 0.000000 -0.887653
    33 17.597597 0.000000 0.000000 0.150308 0.230379 0.549232
  time 47
    0 -0.198260 -1.816311 -3.897081 -0.000938 0.003706 -1.547835
    1 -2.293043 0.000000 0.000000 -1.570795 -1.570787 0.000000
    2 1.293670 0.684478 -0.000001 -0.000004 -0.000001 0.146244
    3 5.309685 -0.003834 0.000000 0.000000 0.000000 0.197296
    4 4.826790 -0.004591 0.000000 0.000000 0.000000 0.115080
    5 5.792767 -0.005304 0.000000 0.000000 0.000000 0.017444
    6 6.662322 -0.001452 0.000000 0.000000 -0.000001 0.348900
    7 -2.869899 1.399632 4.140401 -0.000100 -1.292340 -3.142292
    8 4.972048 0.000000 -0.000002 -0.674329 0.632724 -1.238348
    9 11.585358 0.000000 0.000000 0.000000 0.000000 -0.660457
    10 10.127057 -0.000001 0.000001 -0.551760 -0.404196 -0.578935
    11 2.162477 0.109716 -1.664490 0.065907 0.446504 0.247329
    12 0.928312 0.000000 0.000000 0.000000 0.000000 0.052314
    13 0.928313 0.000000 -0.000001 0.000000 0.000000 0.052330
    14 3.784085 -0.427338 -0.044205 -0.006570 0.060739 -0.094973
    15 1.189161 -0.000001 -0.000001 0.000000 0.000000 0.558416
    16 1.302900 -0.000001 0.000001 0.000000 0.000000 0.226787
    17 -2.869899 1.399667 -4.140396 0.000026 1.318451 -3.142315
    18 4.972047 0.000000 0.000000 0.930434 -0.503038 -1.495084
    19 11.585358 0.000000 0.000001 0.000000 0.000000 -0.352186
    20 10.127058 0.000000 0.000001 0.209207 0.162177 -0.153864
    21 2.162477 0.109715 1.664489 -0.102103 -0.407481 0.466772
    22 0.928313 0.000000 0.000002 0.000000 0.000000 0.000000
    23 0.928311 0.000000 0.000001 0.000000 0.000000 0.043590
    24 3.784085 -0.427337 0.044204 -0.017807 -0.030010 0.619811
    25 1.189159 0.000000 0.000001 0.000000 0.000000 0.226869
    26 1.302900 0.000000 -0.000001 0.000000 0.000000 0.226728
    27 2.046984 0.000001 0.000000 0.041790 0.266210 0.046830
    28 -0.000005 0.000007 3.713254 -6.262252 -3.096552 5.812514
    29 18.045723 0.000000 0.000000 0.000000 0.000000 -0.992413
    30 17.597597 0.000000 0.000000 0.024569 -0.048566 0.526085
    31 0.000005 -0.000003 -3.713254 0.224029 2.832193 6.009237
    32 18.045721 0.000000 0.000000 0.000000 0.000000 -0.891904
    33 17.597597 0.000000 0.000000 0.153294 0.229827 0.551034
  time 48
    0 -0.198260 -1.796779 -3.897081 -0.001126 -0.002566 -1.546505
    1 -2.308668 0.000000 0.000000 -1.570795 -1.570787 0.000000
    2 1.293670 0.684478 -0.000001 -0.000004 -0.000001 0.150731
    3 5.309685 -0.003834 0.000000 0.000000 0.000000 0.193852
    4 4.826790 -0.004591 0.000000 0.000000 0.000000 0.113250
    5 5.792767 -0.005304 0.000000 0.000000 0.000000 0.017444
    6 6.662322 -0.001452 0.000000 0.000000 -0.000001 0.348900
    7 -2.869899 1.399632 4.140401 -0.000100 -1.292340 -3.142292
    8 4.972048 0.000000 -0.000002 -0.665481 0.658818 -1.224398
    9 11.585358 0.000000 0.000000 0.000000 0.000000 -0.644373
    10 10.127057 -0.000001 0.000001 -0.556499 -0.392580 -0.560761
    11 2.162477 0.109716 -1.664490 0.065907 0.446504 0.247329
    12 0.928312 0.000000 0.000000 0.000000 0.000000 0.052314
    13 0.928313 0.000000 -0.000001 0.000000 0.000000 0.052330
    14 3.784085 -0.427338 -0.044205 -0.007517 0.060655 -0.110868
    15 1.189161 -0.000001 -0.000001 0.000000 0.000000 0.558416
    16 1.302900 -0.000001 0.000001 0.000000 0.000000 0.226787
    17 -2.869899 1.399667 -4.140396 0.000026 1.318451 -3.142315
    18 4.972047 0.000000 0.000000 0.906422 -0.540160 -1.413354
    19 11.585358 0.000000 0.000001 0.000000 0.000000 -0.514320
    20 10.127058 0.000000 0.000001 0.185365 0.152154 -0.224044
    21 2.162477 0.109715 1.664489 -0.102103 -0.407481 0.466772
    22 0.928313 0.000000 0.000002 0.000000 0.000000 0.000000
    23 0.928311 0.000000 0.000001 0.000000 0.000000 0.043590
    24 3.784085 -0.427337 0.044204 -0.017172 -0.030370 0.598970
    25 1.189159 0.000000 0.000001 0.000000 0.000000 0.226869
    26 1.302900 0.000000 -0.000001 0.000000 0.000000 0.204986
    27 2.046984 0.000001 0.000000 0.033045 0.276388 0.043545
    28 -0.000005 0.000007 3.713254 -6.262156 -3.096265 5.815869
    29 18.045723 0.000000 0.000000 0.000000 0.000000 -0.995300
    30 17.597597 0.000000 0.000000 0.026191 -0.048763 0.525810
    31 0.000005 -0.000003 -3.713254 0.221729 2.832768 6.012688
    32 18.045721 0.000000 0.000000 0.000000 0.000000 -0.895761
    33 17.597597 0.000000 0.000000 0.156381 0.229235 0.552512
  time 49
    0 -0.198260 -1.765528 -3.897081 -0.001219 -0.009027 -1.544984
    1 -2.328200 0.000000 0.000000 -1.570795 -1.570787 0.000000
    2 1.293670 0.684478 -0.000001 -0.000004 -0.000001 0.155167
    3 5.309685 -0.003834 0.000000 0.000000 0.000000 0.190213
    4 4.826790 -0.004591 0.000000 0.000000 0.000000 0.111442
    5 5.792767 -0.005304 0.000000 0.000000 0.000000 0.017444
    6 6.662322 -0.001452 0.000000 0.000000 -0.000001 0.348900
    7 -2.869899 1.399632 4.140401 -0.000100 -1.292340 -3.142292
    8 4.972048 0.000000 -0.000002 -0.655995 0.684741 -1.209667
    9 11.585358 0.000000 0.000000 0.000000 0.000000 -0.628505
    10 10.127057 -0.000001 0.000001 -0.566829 -0.363355 -0.516111
    11 2.162477 0.109716 -1.664490 0.065907 0.446504 0.247329
    12 0.928312 0.000000 0.000000 0.000000 0.000000 0.052314
    13 0.928313 0.000000 -0.000001 0.000000 0.000000 0.052330
    14 3.784085 -0.427338 -0.044205 -0.008463 0.060547 -0.126371
    15 1.189161 -0.000001 -0.000001 0.000000 0.000000 0.558416
    16 1.302900 -0.000001 0.000001 0.000000 0.000000 0.226787
    17 -2.869899 1.399667 -4.140396 0.000026 1.318451 -3.142315
    18 4.972047 0.000000 0.000000 0.826318 -0.631357 -1.207698
    19 11.585358 0.000000 0.000001 0.000000 0.000000 -0.870526
    20 10.127058 0.000000 0.000001 0.162224 0.179388 -0.361904
    21 2.162477 0.109715 1.664489 -0.102103 -0.407481 0.466772
    22 0.928313 0.000000 0.000002 0.000000 0.000000 0.000000
    23 0.928311 0.000000 0.000001 0.000000 0.000000 0.043590
    24 3.784085 -0.427337 0.044204 -0.013840 -0.032036 0.492333
    25 1.189159 0.000000 0.000001 0.000000 0.000000 0.226869
    26 1.302900 0.000000 -0.000001 0.000000 0.000000 0.207453
    27 2.046984 0.000001 0.000000 0.022748 0.286744 0.039530
    28 -0.000005 0.000007 3.713254 -6.262060 -3.095881 5.819416
    29 18.045723 0.000000 0.000000 0.000000 0.000000 -0.997594
    30 17.597597 0.000000 0.000000 0.027914 -0.048911 0.525123
    31 0.000005 -0.000003 -3.713254 0.219620 2.833631 6.016427
    32 18.045721 0.000000 0.000000 0.000000 0.000000 -0.898910
    33 17.597597 0.000000 0.000000 0.159569 0.228525 0.553574
  time 50
    0 -0.198260 -1.730371 -3.897081 -0.001407 -0.015488 -1.543369
    1 -2.343826 0.000000 0.000000 -1.570795 -1.570787 0.000000
    2 1.293670 0.684478 -0.000001 -0.000004 -0.000001 0.159620
    3 5.309685 -0.003834 0.000000 0.000000 0.000000 0.186345
    4 4.826790 -0.004591 0.000000 0.000000 0.000000 0.109656
    5 5.792767 -0.005304 0.000000 0.000000 0.000000 0.017444
    6 6.662322 -0.001452 0.000000 0.000000 -0.000001 0.348900
    7 -2.869899 1.399632 4.140401 -0.000100 -1.292340 -3.142292
    8 4.972048 0.000000 -0.000002 -0.645233 0.710664 -1.193030
    9 11.585358 0.000000 0.000000 0.000000 0.000000 -0.613725
    10 10.127057 -0.000001 0.000001 -0.579908 -0.319703 -0.452125
    11 2.162477 0.109716 -1.664490 0.065907 0.446504 0.247329
    12 0.928312 0.000000 0.000000 0.000000 0.000000 0.052314
    13 0.928313 0.000000 -0.000001 0.000000 0.000000 0.052330
    14 3.784085 -0.427338 -0.044205 -0.009386 0.060415 -0.141484
    15 1.189161 -0.000001 -0.000001 0.000000 0.000000 0.558416
    16 1.302900 -0.000001 0.000001 0.000000 0.000000 0.226787
    17 -2.869899 1.399667 -4.140396 0.000026 1.318451 -3.142315
    18 4.972047 0.000000 0.000000 0.706256 -0.710501 -0.953390
    19 11.585358 0.000000 0.000001 0.000000 0.000000 -1.234818
    20 10.127058 0.000000 0.000001 0.140345 0.214093 -0.495161
    21 2.162477 0.109715 1.664489 -0.102103 -0.407481 0.466772
    22 0.928313 0.000000 0.000002 0.000000 0.000000 0.000000
    23 0.928311 0.000000 0.000001 0.000000 0.000000 0.043590
    24 3.784085 -0.427337 0.044204 -0.009789 -0.033546 0.368681
    25 1.189159 0.000000 0.000001 0.000000 0.000000 0.226869
    26 1.302900 0.000000 -0.000001 0.000000 0.000000 0.219583
    27 2.046984 0.000001 0.000000 0.010555 0.297129 0.034542
    28 -0.000005 0.000007 3.713254 -6.262060 -3.095594 5.823154
    29 18.045723 0.000000 0.000000 0.000000 0.000000 -0.998927
    30 17.597597 0.000000 0.000000 0.029789 -0.049059 0.523839
    31 0.000005 -0.000003 -3.713254 0.217607 2.834590 6.020453
    32 18.045721 0.000000 0.000000 0.000000 0.000000 -0.901114
    33 17.597597 0.000000 0.000000 0.162924 0.227756 0.554128
  time 51
    0 -0.198260 -1.695213 -3.897081 -0.001595 -0.021759 -1.541564
    1 -2.359451 0.000000 0.000000 -1.570795 -1.570787 0.000000
    2 1.293670 0.684478 -0.000001 -0.000004 -0.000001 0.163906
    3 5.309685 -0.003834 0.000000 0.000000 0.000000 0.182247
    4 4.826790 -0.004591 0.000000 0.000000 0.000000 0.107958
    5 5.792767 -0.005304 0.000000 0.000000 0.000000 0.017444
    6 6.662322 -0.001452 0.000000 0.000000 -0.000001 0.348900
    7 -2.869899 1.399632 4.140401 -0.000100 -1.292340 -3.142292
    8 4.972048 0.000000 -0.000002 -0.632797 0.736417 -1.173274
    9 11.585358 0.000000 0.000000 0.000000 0.000000 -0.600973
    10 10.127057 -0.000001 0.000001 -0.593082 -0.265092 -0.374436
    11 2.162477 0.109716 -1.664490 0.065907 0.446504 0.247329
    12 0.928312 0.000000 0.000000 0.000000 0.000000 0.052314
    13 0.928313 0.000000 -0.000001 0.000000 0.000000 0.052330
    14 3.784085 -0.427338 -0.044205 -0.010249 0.060259 -0.155989
    15 1.189161 -0.000001 -0.000001 0.000000 0.000000 0.558416
    16 1.302900 -0.000001 0.000001 0.000000 0.000000 0.226787
    17 -2.869899 1.399667 -4.140396 0.000026 1.318451 -3.142315
    18 4.972047 0.000000 0.000000 0.616959 -0.739668 -0.770496
    19 11.585358 0.000000 0.000001 0.000000 0.000000 -1.420721
    20 10.127058 0.000000 0.000001 0.131439 0.229885 -0.548334
    21 2.162477 0.109715 1.664489 -0.102103 -0.407481 0.466772
    22 0.928313 0.000000 0.000002 0.000000 0.000000 0.000000
    23 0.928311 0.000000 0.000001 0.000000 0.000000 0.043590
    24 3.784085 -0.427337 0.044204 -0.007356 -0.034145 0.296798
    25 1.189159 0.000000 0.000001 0.000000 0.000000 0.226869
    26 1.302900 0.000000 -0.000001 0.000000 0.000000 0.226728
    27 2.046984 0.000001 0.000000 -0.003748 0.307485 0.028338
    28 -0.000005 0.000007 3.713254 -6.261965 -3.095210 5.827276
    29 18.045723 0.000000 0.000000 0.000000 0.000000 -0.999149
    30 17.597597 0.000000 0.000000 0.031791 -0.049206 0.521867
    31 0.000005 -0.000003 -3.713254 0.215882 2.835740 6.024863
    32 18.045721 0.000000 0.000000 0.000000 0.000000 -0.902216
    33 17.597597 0.000000 0.000000 0.166346 0.226869 0.553990
  time 52
    0 -0.198260 -1.644430 -3.850204 -0.001782 -0.028126 -1.539664
    1 -2.371170 0.000000 0.000000 -1.570795 -1.570787 0.000000
    2 1.293670 0.684478 -0.000001 -0.000004 -0.000001 0.168024
    3 5.309685 -0.003834 0.000000 0.000000 0.000000 0.177954
    4 4.826790 -0.004591 0.000000 0.000000 0.000000 0.106371
    5 5.792767 -0.005304 0.000000 0.000000 0.000000 0.017444
    6 6.662322 -0.001452 0.000000 0.000000 -0.000001 0.348900
    7 -2.869899 1.399632 4.140401 -0.000100 -1.292340 -3.142292
    8 4.972048 0.000000 -0.000002 -0.617491 0.761999 -1.148839
    9 11.585358 0.000000 0.000000 0.000000 0.000000 -0.591192
    10 10.127057 -0.000001 0.000001 -0.604266 -0.203175 -0.289257
    11 2.162477 0.109716 -1.664490 0.065907 0.446504 0.247329
    12 0.928312 0.000000 0.000000 0.000000 0.000000 0.052314
    13 0.928313 0.000000 -0.000001 0.000000 0.000000 0.052330
    14 3.784085 -0.427338 -0.044205 -0.011076 0.060080 -0.169972
    15 1.189161 -0.000001 -0.000001 0.000000 0.000000 0.558416
    16 1.302900 -0.000001 0.000001 0.000000 0.000000 0.226787
    17 -2.869899 1.399667 -4.140396 0.000026 1.318451 -3.142315
    18 4.972047 0.000000 0.000000 0.637501 -0.713634 -0.762775
    19 11.585358 0.000000 0.000001 0.000000 0.000000 -1.247397
    20 10.127058 0.000000 0.000001 0.133964 0.225819 -0.523724
    21 2.162477 0.109715 1.664489 -0.102103 -0.407481 0.466772
    22 0.928313 0.000000 0.000002 0.000000 0.000000 0.000000
    23 0.928311 0.000000 0.000001 0.000000 0.000000 0.043590
    24 3.784085 -0.427337 0.044204 -0.006757 -0.034241 0.279281
    25 1.189159 0.000000 0.000001 0.000000 0.000000 0.226104
    26 1.302900 0.000000 -0.000001 0.000000 0.000000 0.226008
    27 2.046984 0.000001 0.000000 -0.020637 0.317575 0.020856
    28 -0.000005 0.000007 3.713254 -6.261965 -3.094827 5.832069
    29 18.045723 0.000000 0.000000 0.000000 0.000000 -0.997816
    30 17.597597 0.000000 0.000000 0.033970 -0.049305 0.519025
    31 0.000005 -0.000003 -3.713254 0.214349 2.837274 6.029945
    32 18.045721 0.000000 0.000000 0.000000 0.000000 -0.901665
    33 17.597597 0.000000 0.000000 0.170003 0.225843 0.553020
  time 53
    0 -0.198260 -1.593648 -3.850204 -0.002064 -0.034207 -1.537479
    1 -2.378983 0.000000 0.000000 -1.570795 -1.570787 0.000000
    2 1.293670 0.684478 -0.000001 -0.000004 -0.000001 0.171891
    3 5.309685 -0.003834 0.000000 0.000000 0.000000 0.173485
    4 4.826790 -0.004591 0.000000 0.000000 0.000000 0.104982
    5 5.792767 -0.005304 0.000000 0.000000 0.000000 0.017444
    6 6.662322 -0.001452 0.000000 0.000000 -0.000001 0.348900
    7 -2.869899 1.399632 4.140401 -0.000100 -1.292340 -3.142292
    8 4.972048 0.000000 -0.000002 -0.598758 0.786899 -1.118251
    9 11.585358 0.000000 0.000000 0.000000 0.000000 -0.585251
    10 10.127057 -0.000001 0.000001 -0.612796 -0.138073 -0.201291
    11 2.162477 0.109716 -1.664490 0.065907 0.446504 0.247329
    12 0.928312 0.000000 0.000000 0.000000 0.000000 0.052314
    13 0.928313 0.000000 -0.000001 0.000000 0.000000 0.052330
    14 3.784085 -0.427338 -0.044205 -0.011903 0.059936 -0.183218
    15 1.189161 -0.000001 -0.000001 0.000000 0.000000 0.558416
    16 1.302900 -0.000001 0.000001 0.000000 0.000000 0.226787
    17 -2.869899 1.399667 -4.140396 0.000026 1.318451 -3.142315
    18 4.972047 0.000000 0.000000 0.713478 -0.657390 -0.845570
    19 11.585358 0.000000 0.000001 0.000000 0.000000 -0.867340
    20 10.127058 0.000000 0.000001 0.136278 0.217498 -0.478504
    21 2.162477 0.109715 1.664489 -0.102103 -0.407481 0.466772
    22 0.928313 0.000000 0.000002 0.000000 0.000000 0.000000
    23 0.928311 0.000000 0.000001 0.000000 0.000000 0.043590
    24 3.784085 -0.427337 0.044204 -0.006493 -0.034325 0.271459
    25 1.189159 0.000000 0.000001 0.000000 0.000000 0.224041
    26 1.302900 0.000000 -0.000001 0.000000 0.000000 0.224107
    27 2.046984 0.000001 0.000000 -0.045625 0.329317 0.008629
    28 -0.000005 0.000007 3.713254 -6.261965 -3.094443 5.837437
    29 18.045723 0.000000 0.000000 0.000000 0.000000 -0.994634
    30 17.597597 0.000000 0.000000 0.036352 -0.049428 0.515036
    31 0.000005 -0.000003 -3.713254 0.213199 2.839095 6.035888
    32 18.045721 0.000000 0.000000 0.000000 0.000000 -0.899146
    33 17.597597 0.000000 0.000000 0.173794 0.224679 0.550988
  time 54
    0 -0.198260 -1.538958 -3.756452 -0.002298 -0.040383 -1.534914
    1 -2.386796 0.000000 0.000000 -1.570795 -1.570787 0.000000
    2 1.293670 0.684478 -0.000001 -0.000004 -0.000001 0.175306
    3 5.309685 -0.003834 0.000000 0.000000 0.000000 0.168840
    4 4.826790 -0.004591 0.000000 0.000000 0.000000 0.103835
    5 5.792767 -0.005304 0.000000 0.000000 0.000000 0.017444
    6 6.662322 -0.001452 0.000000 0.000000 -0.000001 0.348900
    7 -2.869899 1.399632 4.140401 -0.000100 -1.292340 -3.142292
    8 4.972048 0.000000 -0.000002 -0.575321 0.811031 -1.079951
    9 11.585358 0.000000 0.000000 0.000000 0.000000 -0.584091
    10 10.127057 -0.000001 0.000001 -0.618956 -0.073533 -0.115125
    11 2.162477 0.109716 -1.664490 0.065907 0.446504 0.247329
    12 0.928312 0.000000 0.000000 0.000000 0.000000 0.052314
    13 0.928313 0.000000 -0.000001 0.000000 0.000000 0.052330
    14 3.784085 -0.427338 -0.044205 -0.012646 0.059780 -0.195725
    15 1.189161 -0.000001 -0.000001 0.000000 0.000000 0.558416
    16 1.302900 -0.000001 0.000001 0.000000 0.000000 0.226787
    17 -2.869899 1.399667 -4.140396 0.000026 1.318451 -3.142315
    18 4.972047 0.000000 0.000000 0.761784 -0.614001 -0.899413
    19 11.585358 0.000000 0.000001 0.000000 0.000000 -0.594611
    20 10.127058 0.000000 0.000001 0.139013 0.206339 -0.417778
    21 2.162477 0.109715 1.664489 -0.102103 -0.407481 0.466772
    22 0.928313 0.000000 0.000002 0.000000 0.000000 0.000000
    23 0.928311 0.000000 0.000001 0.000000 0.000000 0.043590
    24 3.784085 -0.427337 0.044204 -0.006493 -0.034337 0.271179
    25 1.189159 0.000000 0.000001 0.000000 0.000000 0.221379
    26 1.302900 0.000000 -0.000001 0.000000 0.000000 0.221485
    27 2.046984 0.000001 0.000000 -0.087200 0.344069 -0.013695
    28 -0.000005 0.000007 3.713254 -6.262060 -3.094060 5.843956
    29 18.045723 0.000000 0.000000 0.000000 0.000000 -0.988935
    30 17.597597 0.000000 0.000000 0.038987 -0.049501 0.509672
    31 0.000005 -0.000003 -3.713254 0.212623 2.841396 6.042983
    32 18.045721 0.000000 0.000000 0.000000 0.000000 -0.893951
    33 17.597597 0.000000 0.000000 0.177821 0.223338 0.547477
  time 55
    0 -0.190447 -1.316295 -3.662699 -0.002673 -0.046274 -1.532253
    1 -2.386796 0.000000 0.000000 -1.570795 -1.570787 0.000000
    2 1.293670 0.684478 -0.000001 -0.000004 -0.000001 0.179157
    3 5.309685 -0.003834 0.000000 0.000000 0.000000 0.161898
    4 4.826790 -0.004591 0.000000 0.000000 0.000000 0.102535
    5 5.792767 -0.005304 0.000000 0.000000 0.000000 0.017444
    6 6.662322 -0.001452 0.000000 0.000000 -0.000001 0.348900
    7 -2.869899 1.399632 4.140401 -0.000100 -1.292340 -3.142292
    8 4.972048 0.000000 -0.000002 -0.538332 0.837552 -1.019729
    9 11.585358 0.000000 0.000000 0.000000 0.000000 -0.594814
    10 10.127057 -0.000001 0.000001 -0.624264 -0.013582 -0.035463
    11 2.162477 0.109716 -1.664490 0.065907 0.446504 0.247329
    12 0.928312 0.000000 0.000000 0.000000 0.000000 0.052314
    13 0.928313 0.000000 -0.000001 0.000000 0.000000 0.052330
    14 3.784085 -0.427338 -0.044205 -0.013329 0.059624 -0.207320
    15 1.189161 -0.000001 -0.000001 0.000000 0.000000 0.558416
    16 1.302900 -0.000001 0.000001 0.000000 0.000000 0.226787
    17 -2.869899 1.399667 -4.140396 0.000026 1.318451 -3.142315
    18 4.972047 0.000000 0.000000 0.768819 -0.602190 -0.898947
    19 11.585358 0.000000 0.000001 0.000000 0.000000 -0.498066
    20 10.127058 0.000000 0.000001 0.142238 0.193195 -0.346797
    21 2.162477 0.109715 1.664489 -0.102103 -0.407481 0.466772
    22 0.928313 0.000000 0.000002 0.000000 0.000000 0.000000
    23 0.928311 0.000000 0.000001 0.000000 0.000000 0.043590
    24 3.784085 -0.427337 0.044204 -0.006637 -0.034265 0.276236
    25 1.189159 0.000000 0.000001 0.000000 0.000000 0.218518
    26 1.302900 0.000000 -0.000001 0.000000 0.000000 0.218607
    27 2.046984 0.000001 0.000000 -0.149498 0.359972 -0.047576
    28 -0.000005 0.000007 3.713254 -6.262252 -3.094155 5.848461
    29 18.045723 0.000000 0.000000 0.000000 0.000000 -0.976056
    30 17.597597 0.000000 0.000000 0.041952 -0.048985 0.495276
    31 0.000005 -0.000003 -3.713254 0.211761 2.844464 6.046913
    32 18.045721 0.000000 0.000000 0.000000 0.000000 -0.883796
    33 17.597597 0.000000 0.000000 0.181981 0.220537 0.536300
  time 56
    0 -0.143570 -0.937378 -3.428317 -0.002955 -0.052165 -1.529118
    1 -2.367264 0.000000 0.000000 -1.570795 -1.570787 0.000000
    2 1.293670 0.684478 -0.000001 -0.000004 -0.000001 0.183392
    3 5.309685 -0.003834 0.000000 0.000000 0.000000 0.149975
    4 4.826790 -0.004591 0.000000 0.000000 0.000000 0.100969
    5 5.792767 -0.005304 0.000000 0.000000 0.000000 0.017444
    6 6.662322 -0.001452 0.000000 0.000000 -0.000001 0.348900
    7 -2.869899 1.399632 4.140401 -0.000100 -1.292340 -3.142292
    8 4.972048 0.000000 -0.000002 -0.481096 0.867056 -0.929786
    9 11.585358 0.000000 0.000000 0.000000 0.000000 -0.619014
    10 10.127057 -0.000001 0.000001 -0.631467 0.037656 0.032994
    11 2.162477 0.109716 -1.664490 0.065907 0.446504 0.247329
    12 0.928312 0.000000 0.000000 0.000000 0.000000 0.052314
    13 0.928313 0.000000 -0.000001 0.000000 0.000000 0.052330
    14 3.784085 -0.427338 -0.044205 -0.013952 0.059492 -0.217959
    15 1.189161 -0.000001 -0.000001 0.000000 0.000000 0.558416
    16 1.302900 -0.000001 0.000001 0.000000 0.000000 0.226787
    17 -2.869899 1.399667 -4.140396 0.000026 1.318451 -3.142315
    18 4.972047 0.000000 0.000000 0.764411 -0.601467 -0.887167
    19 11.585358 0.000000 0.000001 0.000000 0.000000 -0.431497
    20 10.127058 0.000000 0.000001 0.147147 0.179104 -0.270264
    21 2.162477 0.109715 1.664489 -0.102103 -0.407481 0.466772
    22 0.928313 0.000000 0.000002 0.000000 0.000000 0.000000
    23 0.928311 0.000000 0.000001 0.000000 0.000000 0.043590
    24 3.784085 -0.427337 0.044204 -0.006937 -0.034205 0.284450
    25 1.189159 0.000000 0.000001 0.000000 0.000000 0.215989
    26 1.302900 0.000000 -0.000001 0.000000 0.000000 0.216088
    27 2.046984 0.000001 0.000000 -0.235103 0.373897 -0.092042
    28 -0.000005 0.000007 3.713254 -6.263403 -3.095689 5.855842
    29 18.045723 0.000000 0.000000 0.000000 0.000000 -0.946598
    30 17.597597 0.000000 0.000000 0.045271 -0.046745 0.467401
    31 0.000005 -0.000003 -3.713254 0.211953 2.848874 6.052953
    32 18.045721 0.000000 0.000000 0.000000 0.000000 -0.857977
    33 17.597597 0.000000 0.000000 0.186343 0.216810 0.511681
  time 57
    0 -0.057630 -0.421737 -3.006429 -0.003330 -0.057771 -1.525603
    1 -2.320387 0.000000 0.000000 -1.570795 -1.570787 0.000000
    2 1.293670 0.684478 -0.000001 -0.000004 -0.000001 0.186473
    3 5.309685 -0.003834 0.000000 0.000000 0.000000 0.132418
    4 4.826790 -0.004591 0.000000 0.000000 0.000000 0.099360
    5 5.792767 -0.005304 0.000000 0.000000 0.000000 0.017444
    6 6.662322 -0.001452 0.000000 0.000000 -0.000001 0.348900
    7 -2.869899 1.399632 4.140401 -0.000100 -1.292340 -3.142292
    8 4.972048 0.000000 -0.000002 -0.407198 0.895452 -0.819654
    9 11.585358 0.000000 0.000000 0.000000 0.000000 -0.649154
    10 10.127057 -0.000001 0.000001 -0.643787 0.077092 0.085367
    11 2.162477 0.109716 -1.664490 0.065907 0.446504 0.247329
    12 0.928312 0.000000 0.000000 0.000000 0.000000 0.052314
    13 0.928313 0.000000 -0.000001 0.000000 0.000000 0.052330
    14 3.784085 -0.427338 -0.044205 -0.014528 0.059361 -0.227557
    15 1.189161 -0.000001 -0.000001 0.000000 0.000000 0.558416
    16 1.302900 -0.000001 0.000001 0.000000 0.000000 0.226787
    17 -2.869899 1.399667 -4.140396 0.000026 1.318451 -3.142315
    18 4.972047 0.000000 0.000000 0.751091 -0.608698 -0.866668
    19 11.585358 0.000000 0.000001 0.000000 0.000000 -0.387226
    20 10.127058 0.000000 0.000001 0.154230 0.165014 -0.193431
    21 2.162477 0.109715 1.664489 -0.102103 -0.407481 0.466772
    22 0.928313 0.000000 0.000002 0.000000 0.000000 0.000000
    23 0.928311 0.000000 0.000001 0.000000 0.000000 0.043590
    24 3.784085 -0.427337 0.044204 -0.007260 -0.034169 0.293613
    25 1.189159 0.000000 0.000001 0.000000 0.000000 0.214292
    26 1.302900 0.000000 -0.000001 0.000000 0.000000 0.214546
    27 2.046984 0.000001 0.000000 -0.343371 0.381657 -0.145024
    28 -0.000005 0.000007 3.713254 -6.265704 -3.098662 5.871180
    29 18.045723 0.000000 0.000000 0.000000 0.000000 -0.895750
    30 17.597597 0.000000 0.000000 0.048971 -0.042685 0.426139
    31 0.000005 -0.000003 -3.713254 0.214732 2.855201 6.067046
    32 18.045721 0.000000 0.000000 0.000000 0.000000 -0.809329
    33 17.597597 0.000000 0.000000 0.191073 0.212845 0.472468
  time 58
    0 0.051748 0.140780 -2.533758 -0.003799 -0.063283 -1.521422
    1 -2.230541 0.000000 0.000000 -1.570795 -1.570787 0.000000
    2 1.293670 0.684478 -0.000001 -0.000004 -0.000001 0.187360
    3 5.309685 -0.003834 0.000000 0.000000 0.000000 0.109313
    4 4.826790 -0.004591 0.000000 0.000000 0.000000 0.097971
    5 5.792767 -0.005304 0.000000 0.000000 0.000000 0.017444
    6 6.662322 -0.001452 0.000000 0.000000 -0.000001 0.348900
    7 -2.869899 1.399632 4.140401 -0.000100 -1.292340 -3.142292
    8 4.972048 0.000000 -0.000002 -0.322299 0.920267 -0.701029
    9 11.585358 0.000000 0.000000 0.000000 0.000000 -0.677846
    10 10.127057 -0.000001 0.000001 -0.664923 0.100791 0.116489
    11 2.162477 0.109716 -1.664490 0.065907 0.446504 0.247329
    12 0.928312 0.000000 0.000000 0.000000 0.000000 0.052314
    13 0.928313 0.000000 -0.000001 0.000000 0.000000 0.052330
    14 3.784085 -0.427338 -0.044205 -0.015043 0.059241 -0.235982
    15 1.189161 -0.000001 -0.000001 0.000000 0.000000 0.558416
    16 1.302900 -0.000001 0.000001 0.000000 0.000000 0.226787
    17 -2.869899 1.399667 -4.140396 0.000026 1.318451 -3.142315
    18 4.972047 0.000000 0.000000 0.730925 -0.621152 -0.839979
    19 11.585358 0.000000 0.000001 0.000000 0.000000 -0.357495
    20 10.127058 0.000000 0.000001 0.165099 0.151586 -0.121300
    21 2.162477 0.109715 1.664489 -0.102103 -0.407481 0.466772
    22 0.928313 0.000000 0.000002 0.000000 0.000000 0.000000
    23 0.928311 0.000000 0.000001 0.000000 0.000000 0.043590
    24 3.784085 -0.427337 0.044204 -0.007524 -0.034109 0.301659
    25 1.189159 0.000000 0.000001 0.000000 0.000000 0.214059
    26 1.302900 0.000000 -0.000001 0.000000 0.000000 0.214186
    27 2.046984 0.000001 0.000000 -0.469776 0.378854 -0.202264
    28 -0.000005 0.000007 3.713254 -6.268772 -3.102401 5.896678
    29 18.045723 0.000000 0.000000 0.000000 0.000000 -0.823216
    30 17.597597 0.000000 0.000000 0.053177 -0.037664 0.373690
    31 0.000005 -0.000003 -3.713254 0.220483 2.863925 6.091972
    32 18.045721 0.000000 0.000000 0.000000 0.000000 -0.736987
    33 17.597597 0.000000 0.000000 0.196207 0.208881 0.420552
  time 59
    0 0.153314 0.726736 -1.971241 -0.004268 -0.068319 -1.516767
    1 -2.105537 0.000000 0.000000 -1.570795 -1.570787 0.000000
    2 1.293670 0.684478 -0.000001 -0.000004 -0.000001 0.185803
    3 5.309685 -0.003834 0.000000 0.000000 0.000000 0.081864
    4 4.826790 -0.004591 0.000000 0.000000 0.000000 0.096978
    5 5.792767 -0.005304 0.000000 0.000000 0.000000 0.017444
    6 6.662322 -0.001452 0.000000 0.000000 -0.000001 0.348900
    7 -2.869899 1.399632 4.140401 -0.000100 -1.292340 -3.142292
    8 4.972048 0.000000 -0.000002 -0.226320 0.939112 -0.572180
    9 11.585358 0.000000 0.000000 0.000000 0.000000 -0.706682
    10 10.127057 -0.000001 0.000001 -0.694303 0.114936 0.134373
    11 2.162477 0.109716 -1.664490 0.065907 0.446504 0.247329
    12 0.928312 0.000000 0.000000 0.000000 0.000000 0.052314
    13 0.928313 0.000000 -0.000001 0.000000 0.000000 0.052330
    14 3.784085 -0.427338 -0.044205 -0.015510 0.059109 -0.244059
    15 1.189161 -0.000001 -0.000001 0.000000 0.000000 0.558416
    16 1.302900 -0.000001 0.000001 0.000000 0.000000 0.226787
    17 -2.869899 1.399667 -4.140396 0.000026 1.318451 -3.142315
    18 4.972047 0.000000 0.000000 0.706912 -0.635856 -0.809697
    19 11.585358 0.000000 0.000001 0.000000 0.000000 -0.334706
    20 10.127058 0.000000 0.000001 0.180877 0.139671 -0.058623
    21 2.162477 0.109715 1.664489 -0.102103 -0.407481 0.466772
    22 0.928313 0.000000 0.000002 0.000000 0.000000 0.000000
    23 0.928311 0.000000 0.000001 0.000000 0.000000 0.043590
    24 3.784085 -0.427337 0.044204 -0.007680 -0.034037 0.306297
    25 1.189159 0.000000 0.000001 0.000000 0.000000 0.215690
    26 1.302900 0.000000 -0.000001 0.000000 0.000000 0.215934
    27 2.046984 0.000001 0.000000 -0.605358 0.362922 -0.258044
    28 -0.000005 0.000007 3.713254 -6.271840 -3.105756 5.930804
    29 18.045723 0.000000 0.000000 0.000000 0.000000 -0.735138
    30 17.597597 0.000000 0.000000 0.058017 -0.032939 0.314547
    31 0.000005 -0.000003 -3.713254 0.229013 2.875333 6.126773
    32 18.045721 0.000000 0.000000 0.000000 0.000000 -0.646933
    33 17.597597 0.000000 0.000000 0.201776 0.204680 0.360877
  time 60
    0 0.192377 1.277534 -1.455600 -0.004877 -0.073069 -1.511542
    1 -1.957095 0.000000 0.000000 -1.570795 -1.570787 0.000000
    2 1.293670 0.684478 -0.000001 -0.000004 -0.000001 0.182204
    3 5.309685 -0.003834 0.000000 0.000000 0.000000 0.052260
    4 4.826790 -0.004591 0.000000 0.000000 0.000000 0.096295
    5 5.792767 -0.005304 0.000000 0.000000 0.000000 0.017444
    6 6.662322 -0.001452 0.000000 0.000000 -0.000001 0.348900
    7 -2.869899 1.399632 4.140401 -0.000100 -1.292340 -3.142292
    8 4.972048 0.000000 -0.000002 -0.120217 0.948151 -0.431806
    9 11.585358 0.000000 0.000000 0.000000 0.000000 -0.738997
    10 10.127057 -0.000001 0.000001 -0.729181 0.128425 0.150688
    11 2.162477 0.109716 -1.664490 0.065907 0.446504 0.247329
    12 0.928312 0.000000 0.000000 0.000000 0.000000 0.052314
    13 0.928313 0.000000 -0.000001 0.000000 0.000000 0.052330
    14 3.784085 -0.427338 -0.044205 -0.016002 0.058977 -0.252571
    15 1.189161 -0.000001 -0.000001 0.000000 0.000000 0.558416
    16 1.302900 -0.000001 0.000001 0.000000 0.000000 0.226787
    17 -2.869899 1.399667 -4.140396 0.000026 1.318451 -3.142315
    18 4.972047 0.000000 0.000000 0.681493 -0.649917 -0.778615
    19 11.585358 0.000000 0.000001 0.000000 0.000000 -0.311101
    20 10.127058 0.000000 0.000001 0.203246 0.129837 -0.010552
    21 2.162477 0.109715 1.664489 -0.102103 -0.407481 0.466772
    22 0.928313 0.000000 0.000002 0.000000 0.000000 0.000000
    23 0.928311 0.000000 0.000001 0.000000 0.000000 0.043590
    24 3.784085 -0.427337 0.044204 -0.007656 -0.034049 0.305403
    25 1.189159 0.000000 0.000001 0.000000 0.000000 0.219782
    26 1.302900 0.000000 -0.000001 0.000000 0.000000 0.219943
    27 2.046984 0.000001 0.000000 -0.738441 0.334746 -0.306159
    28 -0.000005 0.000007 3.713254 -6.274140 -3.107386 5.968860
    29 18.045723 0.000000 0.000000 0.000000 0.000000 -0.642546
    30 17.597597 0.000000 0.000000 0.063566 -0.030084 0.255267
    31 0.000005 -0.000003 -3.713254 0.238597 2.889042 6.166271
    32 18.045721 0.000000 0.000000 0.000000 0.000000 -0.551527
    33 17.597597 0.000000 0.000000 0.207782 0.199749 0.301341
  time 61
    0 0.114250 1.742392 -1.080589 -0.005440 -0.077250 -1.506221
    1 -1.800840 0.000000 0.000000 -1.570795 -1.570787 0.000000
    2 1.293670 0.684478 -0.000001 -0.000004 -0.000001 0.177734
    3 5.309685 -0.003834 0.000000 0.000000 0.000000 0.023451
    4 4.826790 -0.004591 0.000000 0.000000 0.000000 0.095854
    5 5.792767 -0.005304 0.000000 0.000000 0.000000 0.017444
    6 6.662322 -0.001452 0.000000 0.000000 -0.000001 0.348900
    7 -2.869899 1.399632 4.140401 -0.000100 -1.292340 -3.142292
    8 4.972048 0.000000 -0.000002 -0.016505 0.947299 -0.295505
    9 11.585358 0.000000 0.000000 0.000000 0.000000 -0.770586
    10 10.127057 -0.000001 0.000001 -0.768987 0.141164 0.165204
    11 2.162477 0.109716 -1.664490 0.065907 0.446504 0.247329
    12 0.928312 0.000000 0.000000 0.000000 0.000000 0.052314
    13 0.928313 0.000000 -0.000001 0.000000 0.000000 0.052330
    14 3.784085 -0.427338 -0.044205 -0.016517 0.058845 -0.261430
    15 1.189161 -0.000001 -0.000001 0.000000 0.000000 0.558416
    16 1.302900 -0.000001 0.000001 0.000000 0.000000 0.226787
    17 -2.869899 1.399667 -4.140396 0.000026 1.318451 -3.142315
    18 4.972047 0.000000 0.000000 0.658418 -0.661327 -0.750196
    19 11.585358 0.000000 0.000001 0.000000 0.000000 -0.278347
    20 10.127058 0.000000 0.000001 0.233890 0.123501 0.018010
    21 2.162477 0.109715 1.664489 -0.102103 -0.407481 0.466772
    22 0.928313 0.000000 0.000002 0.000000 0.000000 0.000000
    23 0.928311 0.000000 0.000001 0.000000 0.000000 0.043590
    24 3.784085 -0.427337 0.044204 -0.007356 -0.034145 0.296798
    25 1.189159 0.000000 0.000001 0.000000 0.000000 0.226869
    26 1.302900 0.000000 -0.000001 0.000000 0.000000 0.226728
    27 2.046984 0.000001 0.000000 -0.856704 0.299549 -0.342109
    28 -0.000005 0.000007 3.713254 -6.275195 -3.105373 6.004232
    29 18.045723 0.000000 0.000000 0.000000 0.000000 -0.560611
    30 17.597597 0.000000 0.000000 0.069319 -0.031167 0.204469
    31 0.000005 -0.000003 -3.713254 0.247318 2.903997 6.202222
    32 18.045721 0.000000 0.000000 0.000000 0.000000 -0.469660
    33 17.597597 0.000000 0.000000 0.213553 0.193062 0.252889
  time 62
    0 -0.088881 1.984587 -0.846207 -0.005534 -0.080766 -1.506316
    1 -1.668024 0.000000 0.000000 -1.570795 -1.570787 0.000000
    2 1.293670 0.684478 -0.000001 -0.000004 -0.000001 0.173833
    3 5.309685 -0.003834 0.000000 0.000000 0.000000 -0.001331
    4 4.826790 -0.004591 0.000000 0.000000 0.000000 0.095435
    5 5.792767 -0.005304 0.000000 0.000000 0.000000 0.017444
    6 6.662322 -0.001452 0.000000 0.000000 -0.000001 0.348900
    7 -2.869899 1.399632 4.140401 -0.000100 -1.292340 -3.142292
    8 4.972048 0.000000 -0.000002 0.072618 0.939368 -0.178267
    9 11.585358 0.000000 0.000000 0.000000 0.000000 -0.797104
    10 10.127057 -0.000001 0.000001 -0.813248 0.153248 0.177978
    11 2.162477 0.109716 -1.664490 0.065907 0.446504 0.247329
    12 0.928312 0.000000 0.000000 0.000000 0.000000 0.052314
    13 0.928313 0.000000 -0.000001 0.000000 0.000000 0.052330
    14 3.784085 -0.427338 -0.044205 -0.017044 0.058701 -0.270593
    15 1.189161 -0.000001 -0.000001 0.000000 0.000000 0.558416
    16 1.302900 -0.000001 0.000001 0.000000 0.000000 0.226787
    17 -2.869899 1.399667 -4.140396 0.000026 1.318451 -3.142315
    18 4.972047 0.000000 0.000000 0.637032 -0.670808 -0.723574
    19 11.585358 0.000000 0.000001 0.000000 0.000000 -0.249841
    20 10.127058 0.000000 0.000001 0.272178 0.119718 0.035217
    21 2.162477 0.109715 1.664489 -0.102103 -0.407481 0.466772
    22 0.928313 0.000000 0.000002 0.000000 0.000000 0.000000
    23 0.928311 0.000000 0.000001 0.000000 0.000000 0.043590
    24 3.784085 -0.427337 0.044204 -0.006877 -0.034205 0.283276
    25 1.189159 0.000000 0.000001 0.000000 0.000000 0.235753
    26 1.302900 0.000000 -0.000001 0.000000 0.000000 0.235517
    27 2.046984 0.000001 0.000000 -0.948815 0.266151 -0.364494
    28 -0.000005 0.000007 3.713254 -6.274907 -3.099812 6.032607
    29 18.045723 0.000000 0.000000 0.000000 0.000000 -0.504212
    30 17.597597 0.000000 0.000000 0.069851 -0.036606 0.172972
    31 0.000005 -0.000003 -3.713254 0.253356 2.917323 6.227148
    32 18.045721 0.000000 0.000000 0.000000 0.000000 -0.418257
    33 17.597597 0.000000 0.000000 0.213922 0.185390 0.225084
  time 63
    0 -0.198260 2.019744 -0.752454 0.000000 -0.084662 -1.570922
    1 -1.578177 0.000000 0.000000 -1.570795 -1.570787 0.000000
    2 1.293670 0.684478 -0.000001 -0.000004 -0.000001 0.171925
    3 5.309685 -0.003834 0.000000 0.000000 0.000000 -0.019242
    4 4.826790 -0.004591 0.000000 0.000000 0.000000 0.094774
    5 5.792767 -0.005304 0.000000 0.000000 0.000000 0.017444
    6 6.662322 -0.001452 0.000000 0.000000 -0.000001 0.348900
    7 -2.869899 1.399632 4.140401 -0.000100 -1.292340 -3.142292
    8 4.972048 0.000000 -0.000002 0.138704 0.930244 -0.092137
    9 11.585358 0.000000 0.000000 0.000000 0.000000 -0.813986
    10 10.127057 -0.000001 0.000001 -0.861204 0.164582 0.188662
    11 2.162477 0.109716 -1.664490 0.065907 0.446504 0.247329
    12 0.928312 0.000000 0.000000 0.000000 0.000000 0.052314
    13 0.928313 0.000000 -0.000001 0.000000 0.000000 0.052330
    14 3.784085 -0.427338 -0.044205 -0.017632 0.058534 -0.280017
    15 1.189161 -0.000001 -0.000001 0.000000 0.000000 0.558416
    16 1.302900 -0.000001 0.000001 0.000000 0.000000 0.226787
    17 -2.869899 1.399667 -4.140396 0.000026 1.318451 -3.142315
    18 4.972047 0.000000 0.000000 0.616866 -0.682057 -0.699548
    19 11.585358 0.000000 0.000001 0.000000 0.000000 -0.238732
    20 10.127058 0.000000 0.000001 0.316567 0.116408 0.051724
    21 2.162477 0.109715 1.664489 -0.102103 -0.407481 0.466772
    22 0.928313 0.000000 0.000002 0.000000 0.000000 0.000000
    23 0.928311 0.000000 0.000001 0.000000 0.000000 0.043590
    24 3.784085 -0.427337 0.044204 -0.006421 -0.034337 0.269252
    25 1.189159 0.000000 0.000001 0.000000 0.000000 0.245103
    26 1.302900 0.000000 -0.000001 0.000000 0.000000 0.244615
    27 2.046984 0.000001 0.000000 -1.005254 0.244820 -0.373557
    28 -0.000005 0.000007 3.713254 -6.275770 -3.100387 6.059351
    29 18.045723 0.000000 0.000000 0.000000 0.000000 -0.479417
    30 17.597597 0.000000 0.000000 0.005463 -0.041430 0.170909
    31 0.000005 -0.000003 -3.713254 0.250002 2.912146 6.224080
    32 18.045721 0.000000 0.000000 0.000000 0.000000 -0.396924
    33 17.597597 0.000000 0.000000 0.151281 0.183714 0.197787
  time 64
    0 -0.268574 2.054901 -0.705577 0.009380 -0.087417 -1.675715
    1 -1.527394 0.000000 0.000000 -1.570795 -1.570787 0.000000
    2 1.293670 0.684478 -0.000001 -0.000004 -0.000001 0.171489
    3 5.309685 -0.003834 0.000000 0.000000 0.000000 -0.029894
    4 4.826790 -0.004591 0.000000 0.000000 0.000000 0.094112
    5 5.792767 -0.005304 0.000000 0.000000 0.000000 0.017444
    6 6.662322 -0.001452 0.000000 0.000000 -0.000001 0.348900
    7 -2.869899 1.399632 4.140401 -0.000100 -1.292340 -3.142292
    8 4.972048 0.000000 -0.000002 0.180635 0.924104 -0.038500
    9 11.585358 0.000000 0.000000 0.000000 0.000000 -0.820652
    10 10.127057 -0.000001 0.000001 -0.912478 0.174980 0.197546
    11 2.162477 0.109716 -1.664490 0.065907 0.446504 0.247329
    12 0.928312 0.000000 0.000000 0.000000 0.000000 0.052314
    13 0.928313 0.000000 -0.000001 0.000000 0.000000 0.052330
    14 3.784085 -0.427338 -0.044205 -0.018195 0.058318 -0.289571
    15 1.189161 -0.000001 -0.000001 0.000000 0.000000 0.558416
    16 1.302900 -0.000001 0.000001 0.000000 0.000000 0.226787
    17 -2.869899 1.399667 -4.140396 0.000026 1.318451 -3.142315
    18 4.972047 0.000000 0.000000 0.601295 -0.693627 -0.681311
    19 11.585358 0.000000 0.000001 0.000000 0.000000 -0.234893
    20 10.127058 0.000000 0.000001 0.366285 0.113477 0.067431
    21 2.162477 0.109715 1.664489 -0.102103 -0.407481 0.466772
    22 0.928313 0.000000 0.000002 0.000000 0.000000 0.000000
    23 0.928311 0.000000 0.000001 0.000000 0.000000 0.043590
    24 3.784085 -0.427337 0.044204 -0.005906 -0.034397 0.254640
    25 1.189159 0.000000 0.000001 0.000000 0.000000 0.254718
    26 1.302900 0.000000 -0.000001 0.000000 0.000000 0.253919
    27 2.046984 0.000001 0.000000 -1.023521 0.239657 -0.369117
    28 -0.000005 0.000007 3.713254 -6.277592 -3.105852 6.084083
    29 18.045723 0.000000 0.000000 0.000000 0.000000 -0.468167
    30 17.597597 0.000000 0.000000 -0.099215 -0.045170 0.181591
    31 0.000005 -0.000003 -3.713254 0.242526 2.913105 6.191484
    32 18.045721 0.000000 0.000000 0.000000 0.000000 -0.417470
    33 17.597597 0.000000 0.000000 0.259787 0.166436 0.192244
  time 65
    0 -0.471705 2.105684 -0.705577 0.018853 -0.089128 -1.778609
    1 -1.496143 0.000000 0.000000 -1.570795 -1.570787 0.000000
    2 1.293670 0.684478 -0.000001 -0.000004 -0.000001 0.171037
    3 5.309685 -0.003834 0.000000 0.000000 0.000000 -0.036164
    4 4.826790 -0.004591 0.000000 0.000000 0.000000 0.093561
    5 5.792767 -0.005304 0.000000 0.000000 0.000000 0.017444
    6 6.662322 -0.001452 0.000000 0.000000 -0.000001 0.348900
    7 -2.869899 1.399632 4.140401 -0.000100 -1.292340 -3.142292
    8 4.972048 0.000000 -0.000002 0.205586 0.921205 -0.007219
    9 11.585358 0.000000 0.000000 0.000000 0.000000 -0.820434
    10 10.127057 -0.000001 0.000001 -0.966406 0.184441 0.204455
    11 2.162477 0.109716 -1.664490 0.065907 0.446504 0.247329
    12 0.928312 0.000000 0.000000 0.000000 0.000000 0.052314
    13 0.928313 0.000000 -0.000001 0.000000 0.000000 0.052330
    14 3.784085 -0.427338 -0.044205 -0.018722 0.058174 -0.299255
    15 1.189161 -0.000001 -0.000001 0.000000 0.000000 0.558416
    16 1.302900 -0.000001 0.000001 0.000000 0.000000 0.226787
    17 -2.869899 1.399667 -4.140396 0.000026 1.318451 -3.142315
    18 4.972047 0.000000 0.000000 0.590039 -0.702948 -0.667268
    19 11.585358 0.000000 0.000001 0.000000 0.000000 -0.233505
    20 10.127058 0.000000 0.000001 0.420420 0.110451 0.082137
    21 2.162477 0.109715 1.664489 -0.102103 -0.407481 0.466772
    22 0.928313 0.000000 0.000002 0.000000 0.000000 0.000000
    23 0.928311 0.000000 0.000001 0.000000 0.000000 0.043590
    24 3.784085 -0.427337 0.044204 -0.005403 -0.034529 0.239582
    25 1.189159 0.000000 0.000001 0.000000 0.000000 0.264733
    26 1.302900 0.000000 -0.000001 0.000000 0.000000 0.263788
    27 2.046984 0.000001 0.000000 -1.011673 0.246885 -0.351477
    28 -0.000005 0.000007 3.713254 -6.278455 -3.108728 6.106035
    29 18.045723 0.000000 0.000000 0.000000 0.000000 -0.459137
    30 17.597597 0.000000 0.000000 -0.201866 -0.051643 0.192823
    31 0.000005 -0.000003 -3.713254 0.235146 2.914639 6.158218
    32 18.045721 0.000000 0.000000 0.000000 0.000000 -0.440377
    33 17.597597 0.000000 0.000000 0.376982 0.148369 0.187672
  time 66
    0 -0.795934 2.156467 -0.705577 0.027764 -0.089793 -1.874567
    1 -1.480518 0.000000 0.000000 -1.570795 -1.570787 0.000000
    2 1.293670 0.684478 -0.000001 -0.000004 -0.000001 0.170518
    3 5.309685 -0.003834 0.000000 0.000000 0.000000 -0.039414
    4 4.826790 -0.004591 0.000000 0.000000 0.000000 0.093076
    5 5.792767 -0.005304 0.000000 0.000000 0.000000 0.017444
    6 6.662322 -0.001452 0.000000 0.000000 -0.000001 0.348900
    7 -2.869899 1.399632 4.140401 -0.000100 -1.292340 -3.142292
    8 4.972048 0.000000 -0.000002 0.219297 0.921120 0.009331
    9 11.585358 0.000000 0.000000 0.000000 0.000000 -0.815652
    10 10.127057 -0.000001 0.000001 -1.022514 0.192871 0.209332
    11 2.162477 0.109716 -1.664490 0.065907 0.446504 0.247329
    12 0.928312 0.000000 0.000000 0.000000 0.000000 0.052314
    13 0.928313 0.000000 -0.000001 0.000000 0.000000 0.052330
    14 3.784085 -0.427338 -0.044205 -0.019298 0.057958 -0.309157
    15 1.189161 -0.000001 -0.000001 0.000000 0.000000 0.558416
    16 1.302900 -0.000001 0.000001 0.000000 0.000000 0.226787
    17 -2.869899 1.399667 -4.140396 0.000026 1.318451 -3.142315
    18 4.972047 0.000000 0.000000 0.581785 -0.710742 -0.656153
    19 11.585358 0.000000 0.000001 0.000000 0.000000 -0.233831
    20 10.127058 0.000000 0.000001 0.478202 0.107614 0.095493
    21 2.162477 0.109715 1.664489 -0.102103 -0.407481 0.466772
    22 0.928313 0.000000 0.000002 0.000000 0.000000 0.000000
    23 0.928311 0.000000 0.000001 0.000000 0.000000 0.043590
    24 3.784085 -0.427337 0.044204 -0.004851 -0.034588 0.223993
    25 1.189159 0.000000 0.000001 0.000000 0.000000 0.274981
    26 1.302900 0.000000 -0.000001 0.000000 0.000000 0.273811
    27 2.046984 0.000001 0.000000 -0.969107 0.265856 -0.318264
    28 -0.000005 0.000007 3.713254 -6.278647 -3.108920 6.126549
    29 18.045723 0.000000 0.000000 0.000000 0.000000 -0.452032
    30 17.597597 0.000000 0.000000 -0.297599 -0.060428 0.205431
    31 0.000005 -0.000003 -3.713254 0.228342 2.916460 6.127060
    32 18.045721 0.000000 0.000000 0.000000 0.000000 -0.462024
    33 17.597597 0.000000 0.000000 0.487770 0.131229 0.182545
  time 67
    0 -1.233447 2.226781 -0.705577 0.036018 -0.089698 -1.962354
    1 -1.472705 0.000000 0.000000 -1.570795 -1.570787 0.000000
    2 1.293670 0.684478 -0.000001 -0.000004 -0.000001 0.169933
    3 5.309685 -0.003834 0.000000 0.000000 0.000000 -0.039909
    4 4.826790 -0.004591 0.000000 0.000000 0.000000 0.092635
    5 5.792767 -0.005304 0.000000 0.000000 0.000000 0.017444
    6 6.662322 -0.001452 0.000000 0.000000 -0.000001 0.348900
    7 -2.869899 1.399632 4.140401 -0.000100 -1.292340 -3.142292
    8 4.972048 0.000000 -0.000002 0.227030 0.922740 0.017996
    9 11.585358 0.000000 0.000000 0.000000 0.000000 -0.808552
    10 10.127057 -0.000001 0.000001 -1.079948 0.199990 0.212352
    11 2.162477 0.109716 -1.664490 0.065907 0.446504 0.247329
    12 0.928312 0.000000 0.000000 0.000000 0.000000 0.052314
    13 0.928313 0.000000 -0.000001 0.000000 0.000000 0.052330
    14 3.784085 -0.427338 -0.044205 -0.019873 0.057767 -0.318972
    15 1.189161 -0.000001 -0.000001 0.000000 0.000000 0.558416
    16 1.302900 -0.000001 0.000001 0.000000 0.000000 0.226787
    17 -2.869899 1.399667 -4.140396 0.000026 1.318451 -3.142315
    18 4.972047 0.000000 0.000000 0.575407 -0.717652 -0.646769
    19 11.585358 0.000000 0.000001 0.000000 0.000000 -0.234893
    20 10.127058 0.000000 0.000001 0.539070 0.104588 0.107698
    21 2.162477 0.109715 1.664489 -0.102103 -0.407481 0.466772
    22 0.928313 0.000000 0.000002 0.000000 0.000000 0.000000
    23 0.928311 0.000000 0.000001 0.000000 0.000000 0.043590
    24 3.784085 -0.427337 0.044204 -0.004300 -0.034636 0.208013
    25 1.189159 0.000000 0.000001 0.000000 0.000000 0.285595
    26 1.302900 0.000000 -0.000001 0.000000 0.000000 0.284142
    27 2.046984 0.000001 0.000000 -0.890955 0.295182 -0.265039
    28 -0.000005 0.000007 3.713254 -6.278551 -3.106619 6.147446
    29 18.045723 0.000000 0.000000 0.000000 0.000000 -0.445592
    30 17.597597 0.000000 0.000000 -0.384843 -0.070986 0.219873
    31 0.000005 -0.000003 -3.713254 0.222112 2.918186 6.098587
    32 18.045721 0.000000 0.000000 0.000000 0.000000 -0.481783
    33 17.597597 0.000000 0.000000 0.589498 0.115431 0.177002
  time 68
    0 -1.772526 2.242407 -0.752454 0.043474 -0.088938 -2.042636
    1 -1.472705 0.000000 0.000000 -1.570795 -1.570787 0.000000
    2 1.293670 0.684478 -0.000001 -0.000004 -0.000001 0.169246
    3 5.309685 -0.003834 0.000000 0.000000 0.000000 -0.038125
    4 4.826790 -0.004591 0.000000 0.000000 0.000000 0.092194
    5 5.792767 -0.005304 0.000000 0.000000 0.000000 0.017444
    6 6.662322 -0.001452 0.000000 0.000000 -0.000001 0.348900
    7 -2.869899 1.399632 4.140401 -0.000100 -1.292340 -3.142292
    8 4.972048 0.000000 -0.000002 0.233726 0.924445 0.025794
    9 11.585358 0.000000 0.000000 0.000000 0.000000 -0.801379
    10 10.127057 -0.000001 0.000001 -1.138520 0.205611 0.213513
    11 2.162477 0.109716 -1.664490 0.065907 0.446504 0.247329
    12 0.928312 0.000000 0.000000 0.000000 0.000000 0.052314
    13 0.928313 0.000000 -0.000001 0.000000 0.000000 0.052330
    14 3.784085 -0.427338 -0.044205 -0.020448 0.057563 -0.328916
    15 1.189161 -0.000001 -0.000001 0.000000 0.000000 0.558416
    16 1.302900 -0.000001 0.000001 0.000000 0.000000 0.226787
    17 -2.869899 1.399667 -4.140396 0.000026 1.318451 -3.142315
    18 4.972047 0.000000 0.000000 0.569122 -0.724321 -0.637784
    19 11.585358 0.000000 0.000001 0.000000 0.000000 -0.236118
    20 10.127058 0.000000 0.000001 0.601971 0.101751 0.118203
    21 2.162477 0.109715 1.664489 -0.102103 -0.407481 0.466772
    22 0.928313 0.000000 0.000002 0.000000 0.000000 0.000000
    23 0.928311 0.000000 0.000001 0.000000 0.000000 0.043590
    24 3.784085 -0.427337 0.044204 -0.003737 -0.034732 0.191613
    25 1.189159 0.000000 0.000001 0.000000 0.000000 0.296409
    26 1.302900 0.000000 -0.000001 0.000000 0.000000 0.294731
    27 2.046984 0.000001 0.000000 -0.780576 0.327960 -0.192045
    28 -0.000005 0.000007 3.713254 -6.270210 -3.098566 6.012476
    29 18.045723 0.000000 0.000000 0.000000 0.000000 -0.680515
    30 17.597597 0.000000 0.000000 -0.254699 -0.098401 0.088705
    31 0.000005 -0.000003 -3.713254 0.216553 2.920007 6.072415
    32 18.045721 0.000000 0.000000 0.000000 0.000000 -0.499888
    33 17.597597 0.000000 0.000000 0.682536 0.100954 0.171229
  time 69
    0 -2.393639 2.258032 -0.799330 0.051166 -0.086372 -2.128998
    1 -1.468799 0.000000 0.000000 -1.570795 -1.570787 0.000000
    2 1.293670 0.684478 -0.000001 -0.000004 -0.000001 0.168510
    3 5.309685 -0.003834 0.000000 0.000000 0.000000 -0.037348
    4 4.826790 -0.004591 0.000000 0.000000 0.000000 0.091731
    5 5.792767 -0.005304 0.000000 0.000000 0.000000 0.017444
    6 6.662322 -0.001452 0.000000 0.000000 -0.000001 0.348900
    7 -2.869899 1.399632 4.140401 -0.000100 -1.292340 -3.142292
    8 4.972048 0.000000 -0.000002 0.244807 0.924531 0.039225
    9 11.585358 0.000000 0.000000 0.000000 0.000000 -0.796162
    10 10.127057 -0.000001 0.000001 -1.197186 0.209919 0.213223
    11 2.162477 0.109716 -1.664490 0.065907 0.446504 0.247329
    12 0.928312 0.000000 0.000000 0.000000 0.000000 0.052314
    13 0.928313 0.000000 -0.000001 0.000000 0.000000 0.052330
    14 3.784085 -0.427338 -0.044205 -0.021023 0.057383 -0.338731
    15 1.189161 -0.000001 -0.000001 0.000000 0.000000 0.558416
    16 1.302900 -0.000001 0.000001 0.000000 0.000000 0.226787
    17 -2.869899 1.399667 -4.140396 0.000026 1.318451 -3.142315
    18 4.972047 0.000000 0.000000 0.561431 -0.731552 -0.627535
    19 11.585358 0.000000 0.000001 0.000000 0.000000 -0.236690
    20 10.127058 0.000000 0.000001 0.666275 0.098820 0.126857
    21 2.162477 0.109715 1.664489 -0.102103 -0.407481 0.466772
    22 0.928313 0.000000 0.000002 0.000000 0.000000 0.000000
    23 0.928311 0.000000 0.000001 0.000000 0.000000 0.043590
    24 3.784085 -0.427337 0.044204 -0.003162 -0.034768 0.174823
    25 1.189159 0.000000 0.000001 0.000000 0.000000 0.307489
    26 1.302900 0.000000 -0.000001 0.000000 0.000000 0.305474
    27 2.046984 0.000001 0.000000 -0.681098 0.349940 -0.123551
    28 -0.000005 0.000007 3.713254 -6.261581 -3.092334 5.883258
    29 18.045723 0.000000 0.000000 0.000000 0.000000 -0.902263
    30 17.597597 0.000000 0.000000 -0.118194 -0.092125 -0.036916
    31 0.000005 -0.000003 -3.713254 0.211378 2.923554 6.045955
    32 18.045721 0.000000 0.000000 0.000000 0.000000 -0.517914
    33 17.597597 0.000000 0.000000 0.746586 0.085037 0.166333
  time 70
    0 -3.085066 2.226781 -0.846207 0.059889 -0.073260 -2.264954
    1 -1.457080 0.000000 0.000000 -1.570795 -1.570787 0.000000
    2 1.293670 0.684478 -0.000001 -0.000004 -0.000001 0.167070
    3 5.309685 -0.003834 0.000000 0.000000 0.000000 -0.037295
    4 4.826790 -0.004591 0.000000 0.000000 0.000000 0.090717
    5 5.792767 -0.005304 0.000000 0.000000 0.000000 0.017444
    6 6.662322 -0.001452 0.000000 0.000000 -0.000001 0.348900
    7 -2.869899 1.399632 4.140401 -0.000100 -1.292340 -3.142292
    8 4.972048 0.000000 -0.000002 0.242894 0.926577 0.038879
    9 11.585358 0.000000 0.000000 0.000000 0.000000 -0.790221
    10 10.127057 -0.000001 0.000001 -1.255569 0.212636 0.211307
    11 2.162477 0.109716 -1.664490 0.065907 0.446504 0.247329
    12 0.928312 0.000000 0.000000 0.000000 0.000000 0.052314
    13 0.928313 0.000000 -0.000001 0.000000 0.000000 0.052330
    14 3.784085 -0.427338 -0.044205 -0.021563 0.057155 -0.348502
    15 1.189161 -0.000001 -0.000001 0.000000 0.000000 0.558416
    16 1.302900 -0.000001 0.000001 0.000000 0.000000 0.226787
    17 -2.869899 1.399667 -4.140396 0.000026 1.318451 -3.142315
    18 4.972047 0.000000 0.000000 0.558617 -0.736454 -0.624273
    19 11.585358 0.000000 0.000001 0.000000 0.000000 -0.237670
    20 10.127058 0.000000 0.000001 0.731420 0.096077 0.133710
    21 2.162477 0.109715 1.664489 -0.102103 -0.407481 0.466772
    22 0.928313 0.000000 0.000002 0.000000 0.000000 0.000000
    23 0.928311 0.000000 0.000001 0.000000 0.000000 0.043590
    24 3.784085 -0.427337 0.044204 -0.002562 -0.034816 0.157725
    25 1.189159 0.000000 0.000001 0.000000 0.000000 0.318835
    26 1.302900 0.000000 -0.000001 0.000000 0.000000 0.316525
    27 2.046984 0.000001 0.000000 -0.613415 0.357877 -0.077869
    28 -0.000005 0.000007 3.713254 -6.251610 -3.087348 5.743112
    29 18.045723 0.000000 0.000000 0.000000 0.000000 -1.141183
    30 17.597597 0.000000 0.000000 0.026697 -0.050018 -0.167672
    31 0.000005 -0.000003 -3.713254 0.206777 2.933908 6.007223
    32 18.045721 0.000000 0.000000 0.000000 0.000000 -0.542710
    33 17.597597 0.000000 0.000000 0.615500 0.061960 0.171460
  time 71
    0 -3.827277 2.156467 -0.939959 0.065329 -0.065088 -2.358442
    1 -1.382859 0.000000 0.000000 -1.570795 -1.570787 0.000000
    2 1.293670 0.684478 -0.000001 -0.000004 -0.000001 0.159536
    3 5.309685 -0.003834 0.000000 0.000000 0.000000 -0.040121
    4 4.826790 -0.004591 0.000000 0.000000 0.000000 0.088710
    5 5.792767 -0.005304 0.000000 0.000000 0.000000 0.017444
    6 6.662322 -0.001452 0.000000 0.000000 -0.000001 0.348900
    7 -2.869899 1.399632 4.140401 -0.000100 -1.292340 -3.142292
    8 4.972048 0.000000 -0.000002 0.241299 0.930670 0.038445
    9 11.585358 0.000000 0.000000 0.000000 0.000000 -0.777759
    10 10.127057 -0.000001 0.000001 -1.313003 0.213573 0.208287
    11 2.162477 0.109716 -1.664490 0.065907 0.446504 0.247329
    12 0.928312 0.000000 0.000000 0.000000 0.000000 0.052314
    13 0.928313 0.000000 -0.000001 0.000000 0.000000 0.052330
    14 3.784085 -0.427338 -0.044205 -0.022138 0.056988 -0.358056
    15 1.189161 -0.000001 -0.000001 0.000000 0.000000 0.558416
    16 1.302900 -0.000001 0.000001 0.000000 0.000000 0.226787
    17 -2.869899 1.399667 -4.140396 0.000026 1.318451 -3.142315
    18 4.972047 0.000000 0.000000 0.552426 -0.745292 -0.619016
    19 11.585358 0.000000 0.000001 0.000000 0.000000 -0.236690
    20 10.127058 0.000000 0.000001 0.796215 0.093524 0.138562
    21 2.162477 0.109715 1.664489 -0.102103 -0.407481 0.466772
    22 0.928313 0.000000 0.000002 0.000000 0.000000 0.000000
    23 0.928311 0.000000 0.000001 0.000000 0.000000 0.043590
    24 3.784085 -0.427337 0.044204 -0.001939 -0.034852 0.140292
    25 1.189159 0.000000 0.000001 0.000000 0.000000 0.330347
    26 1.302900 0.000000 -0.000001 0.000000 0.000000 0.327884
    27 2.046984 0.000001 0.000000 -0.549221 0.357700 -0.030666
    28 -0.000005 0.000007 3.713254 -6.252665 -3.090225 5.720968
    29 18.045723 0.000000 0.000000 0.000000 0.000000 -1.168494
    30 17.597597 0.000000 0.000000 0.043548 -0.040839 -0.184177
    31 0.000005 -0.000003 -3.713254 0.203710 2.945316 5.988433
    32 18.045721 0.000000 0.000000 0.000000 0.000000 -0.570104
    33 17.597597 0.000000 0.000000 0.527662 0.044663 0.192521
  time 72
    0 -4.608550 2.070527 -0.986836 0.069456 -0.057676 -2.431123
    1 -1.269574 0.000000 0.000000 -1.570795 -1.570787 0.000000
    2 1.293670 0.684478 -0.000001 -0.000004 -0.000001 0.148337
    3 5.309685 -0.003834 0.000000 0.000000 0.000000 -0.045261
    4 4.826790 -0.004591 0.000000 0.000000 0.000000 0.086439
    5 5.792767 -0.005304 0.000000 0.000000 0.000000 0.017444
    6 6.662322 -0.001452 0.000000 0.000000 -0.000001 0.348900
    7 -2.869899 1.399632 4.140401 -0.000100 -1.292340 -3.142292
    8 4.972048 0.000000 -0.000002 0.245764 0.935957 0.043038
    9 11.585358 0.000000 0.000000 0.000000 0.000000 -0.760226
    10 10.127057 -0.000001 0.000001 -1.368731 0.212917 0.203874
    11 2.162477 0.109716 -1.664490 0.065907 0.446504 0.247329
    12 0.928312 0.000000 0.000000 0.000000 0.000000 0.052314
    13 0.928313 0.000000 -0.000001 0.000000 0.000000 0.052330
    14 3.784085 -0.427338 -0.044205 -0.022653 0.056736 -0.367436
    15 1.189161 -0.000001 -0.000001 0.000000 0.000000 0.558416
    16 1.302900 -0.000001 0.000001 0.000000 0.000000 0.226787
    17 -2.869899 1.399667 -4.140396 0.000026 1.318451 -3.142315
    18 4.972047 0.000000 0.000000 0.541827 -0.757023 -0.610829
    19 11.585358 0.000000 0.000001 0.000000 0.000000 -0.231136
    20 10.127058 0.000000 0.000001 0.860308 0.091444 0.141313
    21 2.162477 0.109715 1.664489 -0.102103 -0.407481 0.466772
    22 0.928313 0.000000 0.000002 0.000000 0.000000 0.000000
    23 0.928311 0.000000 0.000001 0.000000 0.000000 0.043590
    24 3.784085 -0.427337 0.044204 -0.001340 -0.034864 0.122524
    25 1.189159 0.000000 0.000001 0.000000 0.000000 0.341959
    26 1.302900 0.000000 -0.000001 0.000000 0.000000 0.339295
    27 2.046984 0.000001 0.000000 -0.478134 0.354779 0.026087
    28 -0.000005 0.000007 3.713254 -6.263403 -3.101538 5.758066
    29 18.045723 0.000000 0.000000 0.000000 0.000000 -1.048368
    30 17.597597 0.000000 0.000000 0.083585 -0.018863 -0.146169
    31 0.000005 -0.000003 -3.713254 0.201985 2.955382 5.979421
    32 18.045721 0.000000 0.000000 0.000000 0.000000 -0.597420
    33 17.597597 0.000000 0.000000 0.459821 0.031566 0.221620
  time 73
    0 -5.417169 1.949429 -1.080589 0.072785 -0.050265 -2.499813
    1 -1.171915 0.000000 0.000000 -1.570795 -1.570787 0.000000
    2 1.293670 0.684478 -0.000001 -0.000004 -0.000001 0.138593
    3 5.309685 -0.003834 0.000000 0.000000 0.000000 -0.049553
    4 4.826790 -0.004591 0.000000 0.000000 0.000000 0.084323
    5 5.792767 -0.005304 0.000000 0.000000 0.000000 0.017444
    6 6.662322 -0.001452 0.000000 0.000000 -0.000001 0.348900
    7 -2.869899 1.399632 4.140401 -0.000100 -1.292340 -3.142292
    8 4.972048 0.000000 -0.000002 0.253337 0.941585 0.050056
    9 11.585358 0.000000 0.000000 0.000000 0.000000 -0.740228
    10 10.127057 -0.000001 0.000001 -1.422090 0.210200 0.198649
    11 2.162477 0.109716 -1.664490 0.065907 0.446504 0.247329
    12 0.928312 0.000000 0.000000 0.000000 0.000000 0.052314
    13 0.928313 0.000000 -0.000001 0.000000 0.000000 0.052330
    14 3.784085 -0.427338 -0.044205 -0.023181 0.056556 -0.376513
    15 1.189161 -0.000001 -0.000001 0.000000 0.000000 0.558416
    16 1.302900 -0.000001 0.000001 0.000000 0.000000 0.226787
    17 -2.869899 1.399667 -4.140396 0.000026 1.318451 -3.142315
    18 4.972047 0.000000 0.000000 0.528601 -0.770120 -0.600846
    19 11.585358 0.000000 0.000001 0.000000 0.000000 -0.223785
    20 10.127058 0.000000 0.000001 0.922858 0.089836 0.141813
    21 2.162477 0.109715 1.664489 -0.102103 -0.407481 0.466772
    22 0.928313 0.000000 0.000002 0.000000 0.000000 0.000000
    23 0.928311 0.000000 0.000001 0.000000 0.000000 0.043590
    24 3.784085 -0.427337 0.044204 -0.000741 -0.034864 0.104700
    25 1.189159 0.000000 0.000001 0.000000 0.000000 0.353837
    26 1.302900 0.000000 -0.000001 0.000000 0.000000 0.350809
    27 2.046984 0.000001 0.000000 -0.413553 0.349822 0.076514
    28 -0.000005 0.000007 3.713254 -6.274140 -3.113714 5.798423
    29 18.045723 0.000000 0.000000 0.000000 0.000000 -0.920397
    30 17.597597 0.000000 0.000000 0.128993 -0.000455 -0.105366
    31 0.000005 -0.000003 -3.713254 0.200835 2.964489 5.975107
    32 18.045721 0.000000 0.000000 0.000000 0.000000 -0.621822
    33 17.597597 0.000000 0.000000 0.395402 0.021211 0.251919
  time 74
    0 -6.237506 1.847864 -1.174342 0.075599 -0.042853 -2.564989
    1 -1.101600 0.000000 0.000000 -1.570795 -1.570787 0.000000
    2 1.293670 0.684478 -0.000001 -0.000004 -0.000001 0.131663
    3 5.309685 -0.003834 0.000000 0.000000 0.000000 -0.052185
    4 4.826790 -0.004591 0.000000 0.000000 0.000000 0.082537
    5 5.792767 -0.005304 0.000000 0.000000 0.000000 0.017444
    6 6.662322 -0.001452 0.000000 0.000000 -0.000001 0.348900
    7 -2.869899 1.399632 4.140401 -0.000100 -1.292340 -3.142292
    8 4.972048 0.000000 -0.000002 0.260910 0.947299 0.057075
    9 11.585358 0.000000 0.000000 0.000000 0.000000 -0.720159
    10 10.127057 -0.000001 0.000001 -1.472606 0.205892 0.192552
    11 2.162477 0.109716 -1.664490 0.065907 0.446504 0.247329
    12 0.928312 0.000000 0.000000 0.000000 0.000000 0.052314
    13 0.928313 0.000000 -0.000001 0.000000 0.000000 0.052330
    14 3.784085 -0.427338 -0.044205 -0.023648 0.056317 -0.385329
    15 1.189161 -0.000001 -0.000001 0.000000 0.000000 0.558416
    16 1.302900 -0.000001 0.000001 0.000000 0.000000 0.226787
    17 -2.869899 1.399667 -4.140396 0.000026 1.318451 -3.142315
    18 4.972047 0.000000 0.000000 0.515376 -0.783217 -0.590463
    19 11.585358 0.000000 0.000001 0.000000 0.000000 -0.216107
    20 10.127058 0.000000 0.000001 0.983025 0.088890 0.140112
    21 2.162477 0.109715 1.664489 -0.102103 -0.407481 0.466772
    22 0.928313 0.000000 0.000002 0.000000 0.000000 0.000000
    23 0.928311 0.000000 0.000001 0.000000 0.000000 0.043590
    24 3.784085 -0.427337 0.044204 -0.000106 -0.034888 0.086596
    25 1.189159 0.000000 0.000001 0.000000 0.000000 0.365849
    26 1.302900 0.000000 -0.000001 0.000000 0.000000 0.362528
    27 2.046984 0.000001 0.000000 -0.358708 0.343892 0.116722
    28 -0.000005 0.000007 3.713254 -0.001019 3.157154 5.837437
    29 18.045723 0.000000 0.000000 0.000000 0.000000 -0.796126
    30 17.597597 0.000000 0.000000 0.177037 0.012466 -0.066029
    31 0.000005 -0.000003 -3.713254 0.199972 2.972159 5.974244
    32 18.045721 0.000000 0.000000 0.000000 0.000000 -0.642997
    33 17.597597 0.000000 0.000000 0.334003 0.013401 0.281711
  time 75
    0 -7.061750 1.726766 -1.221218 0.077804 -0.035727 -2.625699
    1 -1.062536 0.000000 0.000000 -1.570795 -1.570787 0.000000
    2 1.293670 0.684478 -0.000001 -0.000004 -0.000001 0.127427
    3 5.309685 -0.003834 0.000000 0.000000 0.000000 -0.053174
    4 4.826790 -0.004591 0.000000 0.000000 0.000000 0.081015
    5 5.792767 -0.005304 0.000000 0.000000 0.000000 0.017444
    6 6.662322 -0.001452 0.000000 0.000000 -0.000001 0.348900
    7 -2.869899 1.399632 4.140401 -0.000100 -1.292340 -3.142292
    8 4.972048 0.000000 -0.000002 0.265214 0.952415 0.061668
    9 11.585358 0.000000 0.000000 0.000000 0.000000 -0.702408
    10 10.127057 -0.000001 0.000001 -1.519426 0.199803 0.185933
    11 2.162477 0.109716 -1.664490 0.065907 0.446504 0.247329
    12 0.928312 0.000000 0.000000 0.000000 0.000000 0.052314
    13 0.928313 0.000000 -0.000001 0.000000 0.000000 0.052330
    14 3.784085 -0.427338 -0.044205 -0.024127 0.056161 -0.393753
    15 1.189161 -0.000001 -0.000001 0.000000 0.000000 0.558416
    16 1.302900 -0.000001 0.000001 0.000000 0.000000 0.226787
    17 -2.869899 1.399667 -4.140396 0.000026 1.318451 -3.142315
    18 4.972047 0.000000 0.000000 0.503932 -0.794787 -0.581212
    19 11.585358 0.000000 0.000001 0.000000 0.000000 -0.210879
    20 10.127058 0.000000 0.000001 1.040106 0.088890 0.136061
    21 2.162477 0.109715 1.664489 -0.102103 -0.407481 0.466772
    22 0.928313 0.000000 0.000002 0.000000 0.000000 0.000000
    23 0.928311 0.000000 0.000001 0.000000 0.000000 0.043590
    24 3.784085 -0.427337 0.044204 0.000554 -0.034888 0.068269
    25 1.189159 0.000000 0.000001 0.000000 0.000000 0.377927
    26 1.302900 0.000000 -0.000001 0.000000 0.000000 0.374350
    27 2.046984 0.000001 0.000000 -0.312222 0.337667 0.147684
    28 -0.000005 0.000007 3.713254 -0.010032 3.145074 5.874535
    29 18.045723 0.000000 0.000000 0.000000 0.000000 -0.677925
    30 17.597597 0.000000 0.000000 0.225968 0.019602 -0.029259
    31 0.000005 -0.000003 -3.713254 0.199206 2.978390 5.976449
    32 18.045721 0.000000 0.000000 0.000000 0.000000 -0.660788
    33 17.597597 0.000000 0.000000 0.276563 0.008056 0.310347
  time 76
    0 -7.870369 1.605669 -1.314971 0.079304 -0.029076 -2.680233
    1 -1.046911 0.000000 0.000000 -1.570795 -1.570787 0.000000
    2 1.293670 0.684478 -0.000001 -0.000004 -0.000001 0.125820
    3 5.309685 -0.003834 0.000000 0.000000 0.000000 -0.052450
    4 4.826790 -0.004591 0.000000 0.000000 0.000000 0.079648
    5 5.792767 -0.005304 0.000000 0.000000 0.000000 0.017444
    6 6.662322 -0.001452 0.000000 0.000000 -0.000001 0.348900
    7 -2.869899 1.399632 4.140401 -0.000100 -1.292340 -3.142292
    8 4.972048 0.000000 -0.000002 0.263142 0.956764 0.061061
    9 11.585358 0.000000 0.000000 0.000000 0.000000 -0.689656
    10 10.127057 -0.000001 0.000001 -1.562075 0.192122 0.178733
    11 2.162477 0.109716 -1.664490 0.065907 0.446504 0.247329
    12 0.928312 0.000000 0.000000 0.000000 0.000000 0.052314
    13 0.928313 0.000000 -0.000001 0.000000 0.000000 0.052330
    14 3.784085 -0.427338 -0.044205 -0.024595 0.055933 -0.401831
    15 1.189161 -0.000001 -0.000001 0.000000 0.000000 0.558416
    16 1.302900 -0.000001 0.000001 0.000000 0.000000 0.226787
    17 -2.869899 1.399667 -4.140396 0.000026 1.318451 -3.142315
    18 4.972047 0.000000 0.000000 0.496991 -0.803545 -0.574823
    19 11.585358 0.000000 0.000001 0.000000 0.000000 -0.209654
    20 10.127058 0.000000 0.000001 1.093190 0.089836 0.129808
    21 2.162477 0.109715 1.664489 -0.102103 -0.407481 0.466772
    22 0.928313 0.000000 0.000002 0.000000 0.000000 0.000000
    23 0.928311 0.000000 0.000001 0.000000 0.000000 0.043590
    24 3.784085 -0.427337 0.044204 0.001177 -0.034864 0.049803
    25 1.189159 0.000000 0.000001 0.000000 0.000000 0.390171
    26 1.302900 0.000000 -0.000001 0.000000 0.000000 0.386378
    27 2.046984 0.000001 0.000000 -0.271422 0.331294 0.170981
    28 -0.000005 0.000007 3.713254 -0.017893 3.133473 5.908852
    29 18.045723 0.000000 0.000000 0.000000 0.000000 -0.568161
    30 17.597597 0.000000 0.000000 0.273682 0.021276 0.004025
    31 0.000005 -0.000003 -3.713254 0.198439 2.983279 5.981051
    32 18.045721 0.000000 0.000000 0.000000 0.000000 -0.675665
    33 17.597597 0.000000 0.000000 0.224793 0.004900 0.337506
  time 77
    0 -8.651643 1.519729 -1.361847 0.080383 -0.023375 -2.725932
    1 -1.070349 0.000000 0.000000 -1.570795 -1.570787 0.000000
    2 1.293670 0.684478 -0.000001 -0.000004 -0.000001 0.127059
    3 5.309685 -0.003834 0.000000 0.000000 0.000000 -0.049712
    4 4.826790 -0.004591 0.000000 0.000000 0.000000 0.078392
    5 5.792767 -0.005304 0.000000 0.000000 0.000000 0.017444
    6 6.662322 -0.001452 0.000000 0.000000 -0.000001 0.348900
    7 -2.869899 1.399632 4.140401 -0.000100 -1.292340 -3.142292
    8 4.972048 0.000000 -0.000002 0.251423 0.959749 0.052569
    9 11.585358 0.000000 0.000000 0.000000 0.000000 -0.684149
    10 10.127057 -0.000001 0.000001 -1.599417 0.182567 0.171011
    11 2.162477 0.109716 -1.664490 0.065907 0.446504 0.247329
    12 0.928312 0.000000 0.000000 0.000000 0.000000 0.052314
    13 0.928313 0.000000 -0.000001 0.000000 0.000000 0.052330
    14 3.784085 -0.427338 -0.044205 -0.025014 0.055777 -0.409474
    15 1.189161 -0.000001 -0.000001 0.000000 0.000000 0.558416
    16 1.302900 -0.000001 0.000001 0.000000 0.000000 0.226787
    17 -2.869899 1.399667 -4.140396 0.000026 1.318451 -3.142315
    18 4.972047 0.000000 0.000000 0.496897 -0.808206 -0.573159
    19 11.585358 0.000000 0.000001 0.000000 0.000000 -0.215208
    20 10.127058 0.000000 0.000001 1.141715 0.091727 0.121304
    21 2.162477 0.109715 1.664489 -0.102103 -0.407481 0.466772
    22 0.928313 0.000000 0.000002 0.000000 0.000000 0.000000
    23 0.928311 0.000000 0.000001 0.000000 0.000000 0.043590
    24 3.784085 -0.427337 0.044204 0.001812 -0.034852 0.031196
    25 1.189159 0.000000 0.000001 0.000000 0.000000 0.402416
    26 1.302900 0.000000 -0.000001 0.000000 0.000000 0.398303
    27 2.046984 0.000001 0.000000 -0.234026 0.324685 0.187283
    28 -0.000005 0.000007 3.713254 -0.024604 3.122927 5.939240
    29 18.045723 0.000000 0.000000 0.000000 0.000000 -0.470757
    30 17.597597 0.000000 0.000000 0.317419 0.018323 0.032726
    31 0.000005 -0.000003 -3.713254 0.198055 2.987210 5.987858
    32 18.045721 0.000000 0.000000 0.000000 0.000000 -0.687867
    33 17.597597 0.000000 0.000000 0.181310 0.003263 0.362679
  time 78
    0 -9.397759 1.449414 -1.455600 0.080946 -0.020524 -2.758710
    1 -1.136757 0.000000 0.000000 -1.570795 -1.570787 0.000000
    2 1.293670 0.684478 -0.000001 -0.000004 -0.000001 0.132751
    3 5.309685 -0.003834 0.000000 0.000000 0.000000 -0.043759
    4 4.826790 -0.004591 0.000000 0.000000 0.000000 0.077223
    5 5.792767 -0.005304 0.000000 0.000000 0.000000 0.017444
    6 6.662322 -0.001452 0.000000 0.000000 -0.000001 0.348900
    7 -2.869899 1.399632 4.140401 -0.000100 -1.292340 -3.142292
    8 4.972048 0.000000 -0.000002 0.227030 0.960516 0.033246
    9 11.585358 0.000000 0.000000 0.000000 0.000000 -0.688424
    10 10.127057 -0.000001 0.000001 -1.631451 0.171608 0.162824
    11 2.162477 0.109716 -1.664490 0.065907 0.446504 0.247329
    12 0.928312 0.000000 0.000000 0.000000 0.000000 0.052314
    13 0.928313 0.000000 -0.000001 0.000000 0.000000 0.052330
    14 3.784085 -0.427338 -0.044205 -0.025422 0.055550 -0.416509
    15 1.189161 -0.000001 -0.000001 0.000000 0.000000 0.558416
    16 1.302900 -0.000001 0.000001 0.000000 0.000000 0.226787
    17 -2.869899 1.399667 -4.140396 0.000026 1.318451 -3.142315
    18 4.972047 0.000000 0.000000 0.506277 -0.807402 -0.577951
    19 11.585358 0.000000 0.000001 0.000000 0.000000 -0.229339
    20 10.127058 0.000000 0.000001 1.184631 0.094848 0.110149
    21 2.162477 0.109715 1.664489 -0.102103 -0.407481 0.466772
    22 0.928313 0.000000 0.000002 0.000000 0.000000 0.000000
    23 0.928311 0.000000 0.000001 0.000000 0.000000 0.043590
    24 3.784085 -0.427337 0.044204 0.002459 -0.034816 0.012562
    25 1.189159 0.000000 0.000001 0.000000 0.000000 0.414760
    26 1.302900 0.000000 -0.000001 0.000000 0.000000 0.410331
    27 2.046984 0.000001 0.000000 -0.199172 0.317929 0.194461
    28 -0.000005 0.000007 3.713254 -0.029494 3.115065 5.962534
    29 18.045723 0.000000 0.000000 0.000000 0.000000 -0.396076
    30 17.597597 0.000000 0.000000 0.352919 0.012146 0.056795
    31 0.000005 -0.000003 -3.713254 0.198343 2.990853 5.997445
    32 18.045721 0.000000 0.000000 0.000000 0.000000 -0.697706
    33 17.597597 0.000000 0.000000 0.150174 0.002119 0.385634
  time 79
    0 -10.089186 1.414257 -1.502477 0.081227 -0.028886 -2.771441
    1 -1.293012 0.000000 0.000000 -1.570795 -1.570787 0.000000
    2 1.293670 0.684478 -0.000001 -0.000004 -0.000001 0.146277
    3 5.309685 -0.003834 0.000000 0.000000 0.000000 -0.032207
    4 4.826790 -0.004591 0.000000 0.000000 0.000000 0.076209
    5 5.792767 -0.005304 0.000000 0.000000 0.000000 0.017444
    6 6.662322 -0.001452 0.000000 0.000000 -0.000001 0.348900
    7 -2.869899 1.399632 4.140401 -0.000100 -1.292340 -3.142292
    8 4.972048 0.000000 -0.000002 0.186614 0.958470 0.000926
    9 11.585358 0.000000 0.000000 0.000000 0.000000 -0.705088
    10 10.127057 -0.000001 0.000001 -1.657231 0.159149 0.154579
    11 2.162477 0.109716 -1.664490 0.065907 0.446504 0.247329
    12 0.928312 0.000000 0.000000 0.000000 0.000000 0.052314
    13 0.928313 0.000000 -0.000001 0.000000 0.000000 0.052330
    14 3.784085 -0.427338 -0.044205 -0.025781 0.055394 -0.423110
    15 1.189161 -0.000001 -0.000001 0.000000 0.000000 0.558416
    16 1.302900 -0.000001 0.000001 0.000000 0.000000 0.226787
    17 -2.869899 1.399667 -4.140396 0.000026 1.318451 -3.142315
    18 4.972047 0.000000 0.000000 0.527100 -0.799608 -0.590663
    19 11.585358 0.000000 0.000001 0.000000 0.000000 -0.254333
    20 10.127058 0.000000 0.000001 1.221446 0.099009 0.096844
    21 2.162477 0.109715 1.664489 -0.102103 -0.407481 0.466772
    22 0.928313 0.000000 0.000002 0.000000 0.000000 0.000000
    23 0.928311 0.000000 0.000001 0.000000 0.000000 0.043590
    24 3.784085 -0.427337 0.044204 0.003130 -0.034768 -0.006128
    25 1.189159 0.000000 0.000001 0.000000 0.000000 0.427170
    26 1.302900 0.000000 -0.000001 0.000000 0.000000 0.422513
    27 2.046984 0.000001 0.000000 -0.169316 0.311615 0.185458
    28 -0.000005 0.000007 3.713254 -0.029590 3.119476 5.964163
    29 18.045723 0.000000 0.000000 0.000000 0.000000 -0.393264
    30 17.597597 0.000000 0.000000 0.369517 0.000161 0.090218
    31 0.000005 -0.000003 -3.713254 0.201027 2.995071 6.017098
    32 18.045721 0.000000 0.000000 0.000000 0.000000 -0.706129
    33 17.597597 0.000000 0.000000 0.137693 -0.000169 0.405818
  time 80
    0 -10.831397 1.383006 -1.549353 0.081227 -0.030881 -2.771821
    1 -1.617241 0.000000 0.000000 -1.570795 -1.570787 0.000000
    2 1.293670 0.684478 -0.000001 -0.000004 -0.000001 0.176261
    3 5.309685 -0.003834 0.000000 0.000000 0.000000 -0.010534
    4 4.826790 -0.004591 0.000000 0.000000 0.000000 0.076209
    5 5.792767 -0.005304 0.000000 0.000000 0.000000 0.017444
    6 6.662322 -0.001452 0.000000 0.000000 -0.000001 0.348900
    7 -2.869899 1.399632 4.140401 -0.000100 -1.292340 -3.142292
    8 4.972048 0.000000 -0.000002 0.132805 0.946275 -0.034774
    9 11.585358 0.000000 0.000000 0.000000 0.000000 -0.762834
    10 10.127057 -0.000001 0.000001 -1.676186 0.145754 0.145753
    11 2.162477 0.109716 -1.664490 0.065907 0.446504 0.247329
    12 0.928312 0.000000 0.000000 0.000000 0.000000 0.052314
    13 0.928313 0.000000 -0.000001 0.000000 0.000000 0.052330
    14 3.784085 -0.427338 -0.044205 -0.026117 0.055262 -0.429060
    15 1.189161 -0.000001 -0.000001 0.000000 0.000000 0.558416
    16 1.302900 -0.000001 0.000001 0.000000 0.000000 0.226787
    17 -2.869899 1.399667 -4.140396 0.000026 1.318451 -3.142315
    18 4.972047 0.000000 0.000000 0.561149 -0.780083 -0.605039
    19 11.585358 0.000000 0.000001 0.000000 0.000000 -0.313388
    20 10.127058 0.000000 0.000001 1.251109 0.104210 0.080887
    21 2.162477 0.109715 1.664489 -0.102103 -0.407481 0.466772
    22 0.928313 0.000000 0.000002 0.000000 0.000000 0.000000
    23 0.928311 0.000000 0.000001 0.000000 0.000000 0.043590
    24 3.784085 -0.427337 0.044204 0.003766 -0.034732 -0.024846
    25 1.189159 0.000000 0.000001 0.000000 0.000000 0.439548
    26 1.302900 0.000000 -0.000001 0.000000 0.000000 0.434592
    27 2.046984 0.000001 0.000000 -0.169316 0.311615 0.133754
    28 -0.000005 0.000007 3.713254 -0.027193 3.127146 5.961479
    29 18.045723 0.000000 0.000000 0.000000 0.000000 -0.425016
    30 17.597597 0.000000 0.000000 0.369162 -0.007788 0.117038
    31 0.000005 -0.000003 -3.713254 0.204094 3.001398 6.027644
    32 18.045721 0.000000 0.000000 0.000000 0.000000 -0.713686
    33 17.597597 0.000000 0.000000 0.137055 -0.005060 0.423093
  time 81
    0 -11.690798 1.363474 -1.596229 0.081227 -0.032686 -2.771916
    1 -2.148507 0.000000 0.000000 -1.570795 -1.570787 0.000000
    2 1.293670 0.684478 -0.000001 -0.000004 -0.000001 0.226668
    3 5.309685 -0.003834 0.000000 0.000000 0.000000 0.022797
    4 4.826790 -0.004591 0.000000 0.000000 0.000000 0.076209
    5 5.792767 -0.005304 0.000000 0.000000 0.000000 0.017444
    6 6.662322 -0.001452 0.000000 0.000000 -0.000001 0.348900
    7 -2.869899 1.399632 4.140401 -0.000100 -1.292340 -3.142292
    8 4.972048 0.000000 -0.000002 0.066879 0.923507 -0.069868
    9 11.585358 0.000000 0.000000 0.000000 0.000000 -0.868036
    10 10.127057 -0.000001 0.000001 -1.687654 0.131422 0.136579
    11 2.162477 0.109716 -1.664490 0.065907 0.446504 0.247329
    12 0.928312 0.000000 0.000000 0.000000 0.000000 0.052314
    13 0.928313 0.000000 -0.000001 0.000000 0.000000 0.052330
    14 3.784085 -0.427338 -0.044205 -0.026404 0.055130 -0.434315
    15 1.189161 -0.000001 -0.000001 0.000000 0.000000 0.558416
    16 1.302900 -0.000001 0.000001 0.000000 0.000000 0.226787
    17 -2.869899 1.399667 -4.140396 0.000026 1.318451 -3.142315
    18 4.972047 0.000000 0.000000 0.608330 -0.748988 -0.618749
    19 11.585358 0.000000 0.000001 0.000000 0.000000 -0.412792
    20 10.127058 0.000000 0.000001 1.272917 0.110073 0.062529
    21 2.162477 0.109715 1.664489 -0.102103 -0.407481 0.466772
    22 0.928313 0.000000 0.000002 0.000000 0.000000 0.000000
    23 0.928311 0.000000 0.000001 0.000000 0.000000 0.043590
    24 3.784085 -0.427337 0.044204 0.004425 -0.034624 -0.043564
    25 1.189159 0.000000 0.000001 0.000000 0.000000 0.451892
    26 1.302900 0.000000 -0.000001 0.000000 0.000000 0.446671
    27 2.046984 0.000001 0.000000 -0.169316 0.311615 0.049993
    28 -0.000005 0.000007 3.713254 -0.024317 3.136254 5.959850
    29 18.045723 0.000000 0.000000 0.000000 0.000000 -0.448553
    30 17.597597 0.000000 0.000000 0.369187 -0.017238 0.136798
    31 0.000005 -0.000003 -3.713254 0.207544 3.009547 6.035313
    32 18.045721 0.000000 0.000000 0.000000 0.000000 -0.721007
    33 17.597597 0.000000 0.000000 0.136485 -0.012220 0.437550
  time 82
    0 -12.608795 1.363474 -1.643106 0.081227 -0.034492 -2.772106
    1 -2.808683 0.000000 0.000000 -1.570795 -1.570787 0.000000
    2 1.293670 0.684478 -0.000001 -0.000004 -0.000001 0.291037
    3 5.309685 -0.003834 0.000000 0.000000 0.000000 0.064819
    4 4.826790 -0.004591 0.000000 0.000000 0.000000 0.076209
    5 5.792767 -0.005304 0.000000 0.000000 0.000000 0.017444
    6 6.662322 -0.001452 0.000000 0.000000 -0.000001 0.348900
    7 -2.869899 1.399632 4.140401 -0.000100 -1.292340 -3.142292
    8 4.972048 0.000000 -0.000002 -0.014751 0.898266 -0.116226
    9 11.585358 0.000000 0.000000 0.000000 0.000000 -0.989830
    10 10.127057 -0.000001 0.000001 -1.691066 0.116247 0.126708
    11 2.162477 0.109716 -1.664490 0.065907 0.446504 0.247329
    12 0.928312 0.000000 0.000000 0.000000 0.000000 0.052314
    13 0.928313 0.000000 -0.000001 0.000000 0.000000 0.052330
    14 3.784085 -0.427338 -0.044205 -0.026632 0.054986 -0.438831
    15 1.189161 -0.000001 -0.000001 0.000000 0.000000 0.558416
    16 1.302900 -0.000001 0.000001 0.000000 0.000000 0.226787
    17 -2.869899 1.399667 -4.140396 0.000026 1.318451 -3.142315
    18 4.972047 0.000000 0.000000 0.667798 -0.712027 -0.638383
    19 11.585358 0.000000 0.000001 0.000000 0.000000 -0.530166
    20 10.127058 0.000000 0.000001 1.286101 0.116787 0.041470
    21 2.162477 0.109715 1.664489 -0.102103 -0.407481 0.466772
    22 0.928313 0.000000 0.000002 0.000000 0.000000 0.000000
    23 0.928311 0.000000 0.000001 0.000000 0.000000 0.043590
    24 3.784085 -0.427337 0.044204 0.005060 -0.034564 -0.062227
    25 1.189159 0.000000 0.000001 0.000000 0.000000 0.464236
    26 1.302900 0.000000 -0.000001 0.000000 0.000000 0.458647
    27 2.046984 0.000001 0.000000 -0.169316 0.311615 -0.056397
    28 -0.000005 0.000007 3.713254 -0.021441 3.146225 5.958603
    29 18.045723 0.000000 0.000000 0.000000 0.000000 -0.466390
    30 17.597597 0.000000 0.000000 0.369517 -0.027574 0.151378
    31 0.000005 -0.000003 -3.713254 0.210994 3.018654 6.040586
    32 18.045721 0.000000 0.000000 0.000000 0.000000 -0.728013
    33 17.597597 0.000000 0.000000 0.135848 -0.020977 0.449882
  time 83
    0 -13.530698 1.363474 -1.689982 0.081227 -0.036392 -2.772201
    1 -3.484485 0.000000 0.000000 -1.570795 -1.570787 0.000000
    2 1.293670 0.684478 -0.000001 -0.000004 -0.000001 0.358419
    3 5.309685 -0.003834 0.000000 0.000000 0.000000 0.110214
    4 4.826790 -0.004591 0.000000 0.000000 0.000000 0.076209
    5 5.792767 -0.005304 0.000000 0.000000 0.000000 0.017444
    6 6.662322 -0.001452 0.000000 0.000000 -0.000001 0.348900
    7 -2.869899 1.399632 4.140401 -0.000100 -1.292340 -3.142292
    8 4.972048 0.000000 -0.000002 -0.116869 0.874304 -0.187366
    9 11.585358 0.000000 0.000000 0.000000 0.000000 -1.097351
    10 10.127057 -0.000001 0.000001 -1.685758 0.100791 0.116489
    11 2.162477 0.109716 -1.664490 0.065907 0.446504 0.247329
    12 0.928312 0.000000 0.000000 0.000000 0.000000 0.052314
    13 0.928313 0.000000 -0.000001 0.000000 0.000000 0.052330
    14 3.784085 -0.427338 -0.044205 -0.026836 0.054878 -0.442653
    15 1.189161 -0.000001 -0.000001 0.000000 0.000000 0.558416
    16 1.302900 -0.000001 0.000001 0.000000 0.000000 0.226787
    17 -2.869899 1.399667 -4.140396 0.000026 1.318451 -3.142315
    18 4.972047 0.000000 0.000000 0.736928 -0.672897 -0.670463
    19 11.585358 0.000000 0.000001 0.000000 0.000000 -0.642721
    20 10.127058 0.000000 0.000001 1.289817 0.123501 0.018010
    21 2.162477 0.109715 1.664489 -0.102103 -0.407481 0.466772
    22 0.928313 0.000000 0.000002 0.000000 0.000000 0.000000
    23 0.928311 0.000000 0.000001 0.000000 0.000000 0.043590
    24 3.784085 -0.427337 0.044204 0.005695 -0.034433 -0.080833
    25 1.189159 0.000000 0.000001 0.000000 0.000000 0.476547
    26 1.302900 0.000000 -0.000001 0.000000 0.000000 0.470727
    27 2.046984 0.000001 0.000000 -0.169316 0.311615 -0.169112
    28 -0.000005 0.000007 3.713254 -0.018756 3.156579 5.958220
    29 18.045723 0.000000 0.000000 0.000000 0.000000 -0.481638
    30 17.597597 0.000000 0.000000 0.370176 -0.038181 0.164215
    31 0.000005 -0.000003 -3.713254 0.214444 3.028241 6.045763
    32 18.045721 0.000000 0.000000 0.000000 0.000000 -0.734232
    33 17.597597 0.000000 0.000000 0.135244 -0.030129 0.461336
  time 84
    0 -14.390099 1.383006 -1.736859 0.081227 -0.038198 -2.772391
    1 -4.058722 0.000000 0.000000 -1.570795 -1.570787 0.000000
    2 1.293670 0.684478 -0.000001 -0.000004 -0.000001 0.417465
    3 5.309685 -0.003834 0.000000 0.000000 0.000000 0.153137
    4 4.826790 -0.004591 0.000000 0.000000 0.000000 0.076209
    5 5.792767 -0.005304 0.000000 0.000000 0.000000 0.017444
    6 6.662322 -0.001452 0.000000 0.000000 -0.000001 0.348900
    7 -2.869899 1.399632 4.140401 -0.000100 -1.292340 -3.142292
    8 4.972048 0.000000 -0.000002 -0.216834 0.849319 -0.257986
    9 11.585358 0.000000 0.000000 0.000000 0.000000 -1.198496
    10 10.127057 -0.000001 0.000001 -1.643109 0.069879 0.094135
    11 2.162477 0.109716 -1.664490 0.065907 0.446504 0.247329
    12 0.928312 0.000000 0.000000 0.000000 0.000000 0.052314
    13 0.928313 0.000000 -0.000001 0.000000 0.000000 0.052330
    14 3.784085 -0.427338 -0.044205 -0.027004 0.054842 -0.445649
    15 1.189161 -0.000001 -0.000001 0.000000 0.000000 0.558416
    16 1.302900 -0.000001 0.000001 0.000000 0.000000 0.226787
    17 -2.869899 1.399667 -4.140396 0.000026 1.318451 -3.142315
    18 4.972047 0.000000 0.000000 0.802962 -0.636017 -0.700945
    19 11.585358 0.000000 0.000001 0.000000 0.000000 -0.753152
    20 10.127058 0.000000 0.000001 1.242694 0.141563 -0.041216
    21 2.162477 0.109715 1.664489 -0.102103 -0.407481 0.466772
    22 0.928313 0.000000 0.000002 0.000000 0.000000 0.000000
    23 0.928311 0.000000 0.000001 0.000000 0.000000 0.043590
    24 3.784085 -0.427337 0.044204 0.006342 -0.034361 -0.099272
    25 1.189159 0.000000 0.000001 0.000000 0.000000 0.488725
    26 1.302900 0.000000 -0.000001 0.000000 0.000000 0.482600
    27 2.046984 0.000001 0.000000 -0.169316 0.311615 -0.271000
    28 -0.000005 0.000007 3.713254 -0.016359 -3.116590 5.959274
    29 18.045723 0.000000 0.000000 0.000000 0.000000 -0.496811
    30 17.597597 0.000000 0.000000 0.371062 -0.048271 0.178290
    31 0.000005 -0.000003 -3.713254 0.217703 3.037444 6.052857
    32 18.045721 0.000000 0.000000 0.000000 0.000000 -0.739033
    33 17.597597 0.000000 0.000000 0.134774 -0.038472 0.473253
  time 85
    0 -15.132309 1.398631 -1.783735 0.081227 -0.040003 -2.772486
    1 -4.468890 0.000000 0.000000 -1.570795 -1.570787 0.000000
    2 1.293670 0.684478 -0.000001 -0.000004 -0.000001 0.460288
    3 5.309685 -0.003834 0.000000 0.000000 0.000000 0.188694
    4 4.826790 -0.004591 0.000000 0.000000 0.000000 0.076209
    5 5.792767 -0.005304 0.000000 0.000000 0.000000 0.017444
    6 6.662322 -0.001452 0.000000 0.000000 -0.000001 0.348900
    7 -2.869899 1.399632 4.140401 -0.000100 -1.292340 -3.142292
    8 4.972048 0.000000 -0.000002 -0.295515 0.825443 -0.307116
    9 11.585358 0.000000 0.000000 0.000000 0.000000 -1.304350
    10 10.127057 -0.000001 0.000001 -1.542077 0.017142 0.049252
    11 2.162477 0.109716 -1.664490 0.065907 0.446504 0.247329
    12 0.928312 0.000000 0.000000 0.000000 0.000000 0.052314
    13 0.928313 0.000000 -0.000001 0.000000 0.000000 0.052330
    14 3.784085 -0.427338 -0.044205 -0.027147 0.054723 -0.447777
    15 1.189161 -0.000001 -0.000001 0.000000 0.000000 0.558416
    16 1.302900 -0.000001 0.000001 0.000000 0.000000 0.226787
    17 -2.869899 1.399667 -4.140396 0.000026 1.318451 -3.142315
    18 4.972047 0.000000 0.000000 0.855771 -0.609180 -0.718449
    19 11.585358 0.000000 0.000001 0.000000 0.000000 -0.870853
    20 10.127058 0.000000 0.000001 1.116751 0.166149 -0.156115
    21 2.162477 0.109715 1.664489 -0.102103 -0.407481 0.466772
    22 0.928313 0.000000 0.000002 0.000000 0.000000 0.000000
    23 0.928311 0.000000 0.000001 0.000000 0.000000 0.043590
    24 3.784085 -0.427337 0.044204 0.006965 -0.034193 -0.117627
    25 1.189159 0.000000 0.000001 0.000000 0.000000 0.500836
    26 1.302900 0.000000 -0.000001 0.000000 0.000000 0.494371
    27 2.046984 0.000001 0.000000 -0.169316 0.311615 -0.349408
    28 -0.000005 0.000007 3.713254 -0.014729 -3.107865 5.961479
    29 18.045723 0.000000 0.000000 0.000000 0.000000 -0.512576
    30 17.597597 0.000000 0.000000 0.372177 -0.057180 0.194245
    31 0.000005 -0.000003 -3.713254 0.220387 3.045689 6.062157
    32 18.045721 0.000000 0.000000 0.000000 0.000000 -0.742497
    33 17.597597 0.000000 0.000000 0.134506 -0.045178 0.485816
  time 86
    0 -15.694826 1.398631 -1.830612 0.081227 -0.041808 -2.772676
    1 -4.714992 0.000000 0.000000 -1.570795 -1.570787 0.000000
    2 1.293670 0.684478 -0.000001 -0.000004 -0.000001 0.484981
    3 5.309685 -0.003834 0.000000 0.000000 0.000000 0.214288
    4 4.826790 -0.004591 0.000000 0.000000 0.000000 0.076209
    5 5.792767 -0.005304 0.000000 0.000000 0.000000 0.017444
    6 6.662322 -0.001452 0.000000 0.000000 -0.000001 0.348900
    7 -2.869899 1.399632 4.140401 -0.000100 -1.292340 -3.142292
    8 4.972048 0.000000 -0.000002 -0.359288 0.806000 -0.355294
    9 11.585358 0.000000 0.000000 0.000000 0.000000 -1.388614
    10 10.127057 -0.000001 0.000001 -1.392426 -0.042996 -0.017347
    11 2.162477 0.109716 -1.664490 0.065907 0.446504 0.247329
    12 0.928312 0.000000 0.000000 0.000000 0.000000 0.052314
    13 0.928313 0.000000 -0.000001 0.000000 0.000000 0.052330
    14 3.784085 -0.427338 -0.044205 -0.027207 0.054723 -0.449080
    15 1.189161 -0.000001 -0.000001 0.000000 0.000000 0.558416
    16 1.302900 -0.000001 0.000001 0.000000 0.000000 0.226787
    17 -2.869899 1.399667 -4.140396 0.000026 1.318451 -3.142315
    18 4.972047 0.000000 0.000000 0.892164 -0.595762 -0.731561
    19 11.585358 0.000000 0.000001 0.000000 0.000000 -0.982345
    20 10.127058 0.000000 0.000001 0.934148 0.171634 -0.304779
    21 2.162477 0.109715 1.664489 -0.102103 -0.407481 0.466772
    22 0.928313 0.000000 0.000002 0.000000 0.000000 0.000000
    23 0.928311 0.000000 0.000001 0.000000 0.000000 0.043590
    24 3.784085 -0.427337 0.044204 0.007589 -0.034049 -0.135730
    25 1.189159 0.000000 0.000001 0.000000 0.000000 0.512847
    26 1.302900 0.000000 -0.000001 0.000000 0.000000 0.506142
    27 2.046984 0.000001 0.000000 -0.169316 0.311615 -0.399714
    28 -0.000005 0.000007 3.713254 -0.013771 -3.100867 5.963780
    29 18.045723 0.000000 0.000000 0.000000 0.000000 -0.528489
    30 17.597597 0.000000 0.000000 0.373368 -0.064095 0.210475
    31 0.000005 -0.000003 -3.713254 0.222495 3.051920 6.071648
    32 18.045721 0.000000 0.000000 0.000000 0.000000 -0.745882
    33 17.597597 0.000000 0.000000 0.134237 -0.049754 0.497964
  time 87
    0 -16.026868 1.414257 -1.877488 0.081227 -0.043614 -2.772771
    1 -4.832183 0.000000 0.000000 -1.570795 -1.570787 0.000000
    2 1.293670 0.684478 -0.000001 -0.000004 -0.000001 0.495344
    3 5.309685 -0.003834 0.000000 0.000000 0.000000 0.229585
    4 4.826790 -0.004591 0.000000 0.000000 0.000000 0.076209
    5 5.792767 -0.005304 0.000000 0.000000 0.000000 0.017444
    6 6.662322 -0.001452 0.000000 0.000000 -0.000001 0.348900
    7 -2.869899 1.399632 4.140401 -0.000100 -1.292340 -3.142292
    8 4.972048 0.000000 -0.000002 -0.413097 0.791077 -0.421842
    9 11.585358 0.000000 0.000000 0.000000 0.000000 -1.424985
    10 10.127057 -0.000001 0.000001 -1.205148 -0.095920 -0.103571
    11 2.162477 0.109716 -1.664490 0.065907 0.446504 0.247329
    12 0.928312 0.000000 0.000000 0.000000 0.000000 0.052314
    13 0.928313 0.000000 -0.000001 0.000000 0.000000 0.052330
    14 3.784085 -0.427338 -0.044205 -0.027207 0.054723 -0.449341
    15 1.189161 -0.000001 -0.000001 0.000000 0.000000 0.558416
    16 1.302900 -0.000001 0.000001 0.000000 0.000000 0.226787
    17 -2.869899 1.399667 -4.140396 0.000026 1.318451 -3.142315
    18 4.972047 0.000000 0.000000 0.907454 -0.597690 -0.747601
    19 11.585358 0.000000 0.000001 0.000000 0.000000 -1.074725
    20 10.127058 0.000000 0.000001 0.724618 0.141468 -0.457345
    21 2.162477 0.109715 1.664489 -0.102103 -0.407481 0.466772
    22 0.928313 0.000000 0.000002 0.000000 0.000000 0.000000
    23 0.928311 0.000000 0.000001 0.000000 0.000000 0.043590
    24 3.784085 -0.427337 0.044204 0.008200 -0.033965 -0.153694
    25 1.189159 0.000000 0.000001 0.000000 0.000000 0.524692
    26 1.302900 0.000000 -0.000001 0.000000 0.000000 0.517758
    27 2.046984 0.000001 0.000000 -0.169316 0.311615 -0.425323
    28 -0.000005 0.000007 3.713254 -0.012524 -3.096936 5.963876
    29 18.045723 0.000000 0.000000 0.000000 0.000000 -0.543514
    30 17.597597 0.000000 0.000000 0.373622 -0.068229 0.223633
    31 0.000005 -0.000003 -3.713254 0.225946 3.054317 6.077496
    32 18.045721 0.000000 0.000000 0.000000 0.000000 -0.751156
    33 17.597597 0.000000 0.000000 0.131654 -0.051943 0.507802
  time 88
    0 -16.179216 1.414257 -1.924364 0.081227 -0.045514 -2.772961
    1 -4.890778 0.000000 0.000000 -1.570795 -1.570787 0.000000
    2 1.293670 0.684478 -0.000001 -0.000004 -0.000001 0.499563
    3 5.309685 -0.003834 0.000000 0.000000 0.000000 0.239989
    4 4.826790 -0.004591 0.000000 0.000000 0.000000 0.076209
    5 5.792767 -0.005304 0.000000 0.000000 0.000000 0.017444
    6 6.662322 -0.001452 0.000000 0.000000 -0.000001 0.348900
    7 -2.869899 1.399632 4.140401 -0.000100 -1.292340 -3.142292
    8 4.972048 0.000000 -0.000002 -0.475914 0.772232 -0.529981
    9 11.585358 0.000000 0.000000 0.000000 0.000000 -1.405495
    10 10.127057 -0.000001 0.000001 -0.994081 -0.129174 -0.201349
    11 2.162477 0.109716 -1.664490 0.065907 0.446504 0.247329
    12 0.928312 0.000000 0.000000 0.000000 0.000000 0.052314
    13 0.928313 0.000000 -0.000001 0.000000 0.000000 0.052330
    14 3.784085 -0.427338 -0.044205 -0.027159 0.054723 -0.448602
    15 1.189161 -0.000001 -0.000001 0.000000 0.000000 0.558416
    16 1.302900 -0.000001 0.000001 0.000000 0.000000 0.226787
    17 -2.869899 1.399667 -4.140396 0.000026 1.318451 -3.142315
    18 4.972047 0.000000 0.000000 0.917021 -0.600904 -0.800179
    19 11.585358 0.000000 0.000001 0.000000 0.000000 -1.131493
    20 10.127058 0.000000 0.000001 0.520137 0.076881 -0.582649
    21 2.162477 0.109715 1.664489 -0.102103 -0.407481 0.466772
    22 0.928313 0.000000 0.000002 0.000000 0.000000 0.000000
    23 0.928311 0.000000 0.000001 0.000000 0.000000 0.043590
    24 3.784085 -0.427337 0.044204 0.008799 -0.033774 -0.171378
    25 1.189159 0.000000 0.000001 0.000000 0.000000 0.536404
    26 1.302900 0.000000 -0.000001 0.000000 0.000000 0.529272
    27 2.046984 0.000001 0.000000 -0.069450 0.311379 -0.440651
    28 -0.000005 0.000007 3.713254 -0.011661 -3.094922 5.960808
    29 18.045723 0.000000 0.000000 0.000000 0.000000 -0.558021
    30 17.597597 0.000000 0.000000 0.373672 -0.070321 0.233306
    31 0.000005 -0.000003 -3.713254 0.226904 3.055084 6.078263
    32 18.045721 0.000000 0.000000 0.000000 0.000000 -0.759500
    33 17.597597 0.000000 0.000000 0.130916 -0.053127 0.515330
  time 89
    0 -16.315939 1.414257 -1.971241 0.081227 -0.047319 -2.773056
    1 -4.933748 0.000000 0.000000 -1.570795 -1.570787 0.000000
    2 1.293670 0.684478 -0.000001 -0.000004 -0.000001 0.501806
    3 5.309685 -0.003834 0.000000 0.000000 0.000000 0.250287
    4 4.826790 -0.004591 0.000000 0.000000 0.000000 0.076209
    5 5.792767 -0.005304 0.000000 0.000000 0.000000 0.017444
    6 6.662322 -0.001452 0.000000 0.000000 -0.000001 0.348900
    7 -2.869899 1.399632 4.140401 -0.000100 -1.292340 -3.142292
    8 4.972048 0.000000 -0.000002 -0.552921 0.739913 -0.673821
    9 11.585358 0.000000 0.000000 0.000000 0.000000 -1.350576
    10 10.127057 -0.000001 0.000001 -0.776474 -0.136480 -0.298373
    11 2.162477 0.109716 -1.664490 0.065907 0.446504 0.247329
    12 0.928312 0.000000 0.000000 0.000000 0.000000 0.052314
    13 0.928313 0.000000 -0.000001 0.000000 0.000000 0.052330
    14 3.784085 -0.427338 -0.044205 -0.027100 0.054759 -0.446822
    15 1.189161 -0.000001 -0.000001 0.000000 0.000000 0.558416
    16 1.302900 -0.000001 0.000001 0.000000 0.000000 0.226787
    17 -2.869899 1.399667 -4.140396 0.000026 1.318451 -3.142315
    18 4.972047 0.000000 0.000000 0.932310 -0.595762 -0.888764
    19 11.585358 0.000000 0.000001 0.000000 0.000000 -1.161551
    20 10.127058 0.000000 0.000001 0.345037 -0.002931 -0.656481
    21 2.162477 0.109715 1.664489 -0.102103 -0.407481 0.466772
    22 0.928313 0.000000 0.000002 0.000000 0.000000 0.000000
    23 0.928311 0.000000 0.000001 0.000000 0.000000 0.043590
    24 3.784085 -0.427337 0.044204 0.009362 -0.033618 -0.188811
    25 1.189159 0.000000 0.000001 0.000000 0.000000 0.547917
    26 1.302900 0.000000 -0.000001 0.000000 0.000000 0.540374
    27 2.046984 0.000001 0.000000 0.107018 0.310966 -0.454825
    28 -0.000005 0.000007 3.713254 -0.010799 -3.092909 5.957261
    29 18.045723 0.000000 0.000000 0.000000 0.000000 -0.573564
    30 17.597597 0.000000 0.000000 0.373698 -0.072290 0.243439
    31 0.000005 -0.000003 -3.713254 0.227671 3.055563 6.078550
    32 18.045721 0.000000 0.000000 0.000000 0.000000 -0.768868
    33 17.597597 0.000000 0.000000 0.130211 -0.054192 0.523275
  time 90
    0 -16.433130 1.414257 -2.064994 0.081227 -0.049220 -2.773246
    1 -4.968906 0.000000 0.000000 -1.570795 -1.570787 0.000000
    2 1.293670 0.684478 -0.000001 -0.000004 -0.000001 0.502476
    3 5.309685 -0.003834 0.000000 0.000000 0.000000 0.260285
    4 4.826790 -0.004591 0.000000 0.000000 0.000000 0.076209
    5 5.792767 -0.005304 0.000000 0.000000 0.000000 0.017444
    6 6.662322 -0.001452 0.000000 0.000000 -0.000001 0.348900
    7 -2.869899 1.399632 4.140401 -0.000100 -1.292340 -3.142292
    8 4.972048 0.000000 -0.000002 -0.628333 0.693780 -0.827972
    9 11.585358 0.000000 0.000000 0.000000 0.000000 -1.275731
    10 10.127057 -0.000001 0.000001 -0.570715 -0.119432 -0.379662
    11 2.162477 0.109716 -1.664490 0.065907 0.446504 0.247329
    12 0.928312 0.000000 0.000000 0.000000 0.000000 0.052314
    13 0.928313 0.000000 -0.000001 0.000000 0.000000 0.052330
    14 3.784085 -0.427338 -0.044205 -0.026932 0.054854 -0.443912
    15 1.189161 -0.000001 -0.000001 0.000000 0.000000 0.558416
    16 1.302900 -0.000001 0.000001 0.000000 0.000000 0.226787
    17 -2.869899 1.399667 -4.140396 0.000026 1.318451 -3.142315
    18 4.972047 0.000000 0.000000 0.943941 -0.592949 -0.969696
    19 11.585358 0.000000 0.000001 0.000000 0.000000 -1.189404
    20 10.127058 0.000000 0.000001 0.217271 -0.071774 -0.666635
    21 2.162477 0.109715 1.664489 -0.102103 -0.407481 0.466772
    22 0.928313 0.000000 0.000002 0.000000 0.000000 0.000000
    23 0.928311 0.000000 0.000001 0.000000 0.000000 0.043590
    24 3.784085 -0.427337 0.044204 0.009950 -0.033450 -0.205937
    25 1.189159 0.000000 0.000001 0.000000 0.000000 0.559263
    26 1.302900 0.000000 -0.000001 0.000000 0.000000 0.551425
    27 2.046984 0.000001 0.000000 0.317349 0.310848 -0.467294
    28 -0.000005 0.000007 3.713254 -0.010032 -3.091183 5.953331
    29 18.045723 0.000000 0.000000 0.000000 0.000000 -0.589773
    30 17.597597 0.000000 0.000000 0.373723 -0.074136 0.253708
    31 0.000005 -0.000003 -3.713254 0.228437 3.055851 6.078359
    32 18.045721 0.000000 0.000000 0.000000 0.000000 -0.778944
    33 17.597597 0.000000 0.000000 0.129506 -0.055119 0.531496
  time 91
    0 -16.538602 1.414257 -2.111870 0.081227 -0.051025 -2.773341
    1 -4.996250 0.000000 0.000000 -1.570795 -1.570787 0.000000
    2 1.293670 0.684478 -0.000001 -0.000004 -0.000001 0.501923
    3 5.309685 -0.003834 0.000000 0.000000 0.000000 0.269876
    4 4.826790 -0.004591 0.000000 0.000000 0.000000 0.076209
    5 5.792767 -0.005304 0.000000 0.000000 0.000000 0.017444
    6 6.662322 -0.001452 0.000000 0.000000 -0.000001 0.348900
    7 -2.869899 1.399632 4.140401 -0.000100 -1.292340 -3.142292
    8 4.972048 0.000000 -0.000002 -0.690671 0.638437 -0.971465
    9 11.585358 0.000000 0.000000 0.000000 0.000000 -1.196757
    10 10.127057 -0.000001 0.000001 -0.394052 -0.087115 -0.433371
    11 2.162477 0.109716 -1.664490 0.065907 0.446504 0.247329
    12 0.928312 0.000000 0.000000 0.000000 0.000000 0.052314
    13 0.928313 0.000000 -0.000001 0.000000 0.000000 0.052330
    14 3.784085 -0.427338 -0.044205 -0.026692 0.054986 -0.439830
    15 1.189161 -0.000001 -0.000001 0.000000 0.000000 0.558416
    16 1.302900 -0.000001 0.000001 0.000000 0.000000 0.226787
    17 -2.869899 1.399667 -4.140396 0.000026 1.318451 -3.142315
    18 4.972047 0.000000 0.000000 0.953790 -0.590137 -1.049229
    19 11.585358 0.000000 0.000001 0.000000 0.000000 -1.217420
    20 10.127058 0.000000 0.000001 0.140275 -0.104872 -0.527525
    21 2.162477 0.109715 1.664489 -0.102103 -0.407481 0.466772
    22 0.928313 0.000000 0.000002 0.000000 0.000000 0.000000
    23 0.928311 0.000000 0.000001 0.000000 0.000000 0.043590
    24 3.784085 -0.427337 0.044204 0.010489 -0.033318 -0.222672
    25 1.189159 0.000000 0.000001 0.000000 0.000000 0.570342
    26 1.302900 0.000000 -0.000001 0.000000 0.000000 0.562425
    27 2.046984 0.000001 0.000000 0.500236 0.311143 -0.476905
    28 -0.000005 0.000007 3.713254 -0.009169 -3.089553 5.948922
    29 18.045723 0.000000 0.000000 0.000000 0.000000 -0.606204
    30 17.597597 0.000000 0.000000 0.373748 -0.075785 0.264024
    31 0.000005 -0.000003 -3.713254 0.229013 3.055946 6.077783
    32 18.045721 0.000000 0.000000 0.000000 0.000000 -0.789571
    33 17.597597 0.000000 0.000000 0.128835 -0.055908 0.539810
  time 92
    0 -16.632355 1.433788 -2.205623 0.081321 -0.052830 -2.773531
    1 -5.011876 0.000000 0.000000 -1.570795 -1.570787 0.000000
    2 1.293670 0.684478 -0.000001 -0.000004 -0.000001 0.500450
    3 5.309685 -0.003834 0.000000 0.000000 0.000000 0.279008
    4 4.826790 -0.004591 0.000000 0.000000 0.000000 0.076209
    5 5.792767 -0.005304 0.000000 0.000000 0.000000 0.017444
    6 6.662322 -0.001452 0.000000 0.000000 -0.000001 0.348900
    7 -2.869899 1.399632 4.140401 -0.000100 -1.292340 -3.142292
    8 4.972048 0.000000 -0.000002 -0.735233 0.582242 -1.088963
    9 11.585358 0.000000 0.000000 0.000000 0.000000 -1.129086
    10 10.127057 -0.000001 0.000001 -0.261081 -0.051520 -0.452938
    11 2.162477 0.109716 -1.664490 0.065907 0.446504 0.247329
    12 0.928312 0.000000 0.000000 0.000000 0.000000 0.052314
    13 0.928313 0.000000 -0.000001 0.000000 0.000000 0.052330
    14 3.784085 -0.427338 -0.044205 -0.026416 0.055130 -0.434575
    15 1.189161 -0.000001 -0.000001 0.000000 0.000000 0.558416
    16 1.302900 -0.000001 0.000001 0.000000 0.000000 0.226787
    17 -2.869899 1.399667 -4.140396 0.000026 1.318451 -3.142315
    18 4.972047 0.000000 0.000000 0.962701 -0.584673 -1.136550
    19 11.585358 0.000000 0.000001 0.000000 0.000000 -1.239719
    20 10.127058 0.000000 0.000001 0.101637 -0.100711 -0.256308
    21 2.162477 0.109715 1.664489 -0.102103 -0.407481 0.466772
    22 0.928313 0.000000 0.000002 0.000000 0.000000 0.000000
    23 0.928311 0.000000 0.000001 0.000000 0.000000 0.043590
    24 3.784085 -0.427337 0.044204 0.011052 -0.033126 -0.239071
    25 1.189159 0.000000 0.000001 0.000000 0.000000 0.581156
    26 1.302900 0.000000 -0.000001 0.000000 0.000000 0.572962
    27 2.046984 0.000001 0.000000 0.605013 0.311468 -0.483110
    28 -0.000005 0.000007 3.713254 -0.008306 -3.088019 5.944416
    29 18.045723 0.000000 0.000000 0.000000 0.000000 -0.622784
    30 17.597597 0.000000 0.000000 0.373748 -0.077310 0.274248
    31 0.000005 -0.000003 -3.713254 0.229683 3.055851 6.076825
    32 18.045721 0.000000 0.000000 0.000000 0.000000 -0.800591
    33 17.597597 0.000000 0.000000 0.128164 -0.056618 0.548170
  time 93
    0 -16.710482 1.433788 -2.252499 0.081321 -0.054731 -2.773721
    1 -5.023595 0.000000 0.000000 -1.570795 -1.570787 0.000000
    2 1.293670 0.684478 -0.000001 -0.000004 -0.000001 0.498240
    3 5.309685 -0.003834 0.000000 0.000000 0.000000 0.287645
    4 4.826790 -0.004591 0.000000 0.000000 0.000000 0.076209
    5 5.792767 -0.005304 0.000000 0.000000 0.000000 0.017444
    6 6.662322 -0.001452 0.000000 0.000000 -0.000001 0.348900
    7 -2.869899 1.399632 4.140401 -0.000100 -1.292340 -3.142292
    8 4.972048 0.000000 -0.000002 -0.768635 0.523147 -1.196930
    9 11.585358 0.000000 0.000000 0.000000 0.000000 -1.062936
    10 10.127057 -0.000001 0.000001 -0.173981 -0.015269 -0.408636
    11 2.162477 0.109716 -1.664490 0.065907 0.446504 0.247329
    12 0.928312 0.000000 0.000000 0.000000 0.000000 0.052314
    13 0.928313 0.000000 -0.000001 0.000000 0.000000 0.052330
    14 3.784085 -0.427338 -0.044205 -0.024427 0.056041 -0.398661
    15 1.189161 -0.000001 -0.000001 0.000000 0.000000 0.558416
    16 1.302900 -0.000001 0.000001 0.000000 0.000000 0.224383
    17 -2.869899 1.399667 -4.140396 0.000026 1.318451 -3.142315
    18 4.972047 0.000000 0.000000 0.966734 -0.590137 -1.195318
    19 11.585358 0.000000 0.000001 0.000000 0.000000 -1.269205
    20 10.127058 0.000000 0.000001 0.094063 -0.086148 0.003153
    21 2.162477 0.109715 1.664489 -0.102103 -0.407481 0.466772
    22 0.928313 0.000000 0.000002 0.000000 0.000000 0.000000
    23 0.928311 0.000000 0.000001 0.000000 0.000000 0.043590
    24 3.784085 -0.427337 0.044204 0.011591 -0.032959 -0.255107
    25 1.189159 0.000000 0.000001 0.000000 0.000000 0.591770
    26 1.302900 0.000000 -0.000001 0.000000 0.000000 0.583294
    27 2.046984 0.000001 0.000000 0.616000 0.311615 -0.486334
    28 -0.000005 0.000007 3.713254 -0.007347 -3.086677 5.939815
    29 18.045723 0.000000 0.000000 0.000000 0.000000 -0.639289
    30 17.597597 0.000000 0.000000 0.373723 -0.078713 0.284242
    31 0.000005 -0.000003 -3.713254 0.230163 3.055467 6.075578
    32 18.045721 0.000000 0.000000 0.000000 0.000000 -0.811848
    33 17.597597 0.000000 0.000000 0.127460 -0.057190 0.556438
  time 94
    0 -16.776890 1.433788 -2.346252 0.081321 -0.056536 -2.773816
    1 -5.031408 0.000000 0.000000 -1.570795 -1.570787 0.000000
    2 1.293670 0.684478 -0.000001 -0.000004 -0.000001 0.495495
    3 5.309685 -0.003834 0.000000 0.000000 0.000000 0.295788
    4 4.826790 -0.004591 0.000000 0.000000 0.000000 0.076209
    5 5.792767 -0.005304 0.000000 0.000000 0.000000 0.017444
    6 6.662322 -0.001452 0.000000 0.000000 -0.000001 0.348900
    7 -2.869899 1.399632 4.140401 -0.000100 -1.292340 -3.142292
    8 4.972048 0.000000 -0.000002 -0.794144 0.456634 -1.309488
    9 11.585358 0.000000 0.000000 0.000000 0.000000 -0.985773
    10 10.127057 -0.000001 0.000001 -0.118253 0.020046 -0.296980
    11 2.162477 0.109716 -1.664490 0.065907 0.446504 0.247329
    12 0.928312 0.000000 0.000000 0.000000 0.000000 0.052314
    13 0.928313 0.000000 -0.000001 0.000000 0.000000 0.052330
    14 3.784085 -0.427338 -0.044205 -0.019825 0.057791 -0.317799
    15 1.189161 -0.000001 -0.000001 0.000000 0.000000 0.558416
    16 1.302900 -0.000001 0.000001 0.000000 0.000000 0.219040
    17 -2.869899 1.399667 -4.140396 0.000026 1.318451 -3.142315
    18 4.972047 0.000000 0.000000 0.962888 -0.620590 -1.189794
    19 11.585358 0.000000 0.000001 0.000000 0.000000 -1.317968
    20 10.127058 0.000000 0.000001 0.093292 -0.087094 0.110600
    21 2.162477 0.109715 1.664489 -0.102103 -0.407481 0.466772
    22 0.928313 0.000000 0.000002 0.000000 0.000000 0.000000
    23 0.928311 0.000000 0.000001 0.000000 0.000000 0.043590
    24 3.784085 -0.427337 0.044204 0.012095 -0.032767 -0.270668
    25 1.189159 0.000000 0.000001 0.000000 0.000000 0.602085
    26 1.302900 0.000000 -0.000001 0.000000 0.000000 0.593317
    27 2.046984 0.000001 0.000000 0.547670 0.311969 -0.486455
    28 -0.000005 0.000007 3.713254 -0.006580 -3.085527 5.935022
    29 18.045723 0.000000 0.000000 0.000000 0.000000 -0.655646
    30 17.597597 0.000000 0.000000 0.373698 -0.079944 0.294008
    31 0.000005 -0.000003 -3.713254 0.230642 3.054988 6.074140
    32 18.045721 0.000000 0.000000 0.000000 0.000000 -0.823341
    33 17.597597 0.000000 0.000000 0.126822 -0.057683 0.564705
  time 95
    0 -16.835486 1.433788 -2.440005 0.081321 -0.058342 -2.774006
    1 -5.035314 0.000000 0.000000 -1.570795 -1.570787 0.000000
    2 1.293670 0.684478 -0.000001 -0.000004 -0.000001 0.492364
    3 5.309685 -0.003834 0.000000 0.000000 0.000000 0.303419
    4 4.826790 -0.004591 0.000000 0.000000 0.000000 0.076209
    5 5.792767 -0.005304 0.000000 0.000000 0.000000 0.017444
    6 6.662322 -0.001452 0.000000 0.000000 -0.000001 0.348900
    7 -2.869899 1.399632 4.140401 -0.000100 -1.292340 -3.142292
    8 4.972048 0.000000 -0.000002 -0.809689 0.389438 -1.413469
    9 11.585358 0.000000 0.000000 0.000000 0.000000 -0.909262
    10 10.127057 -0.000001 0.000001 -0.083660 0.050302 -0.153680
    11 2.162477 0.109716 -1.664490 0.065907 0.446504 0.247329
    12 0.928312 0.000000 0.000000 0.000000 0.000000 0.052314
    13 0.928313 0.000000 -0.000001 0.000000 0.000000 0.052330
    14 3.784085 -0.427338 -0.044205 -0.013749 0.059504 -0.214833
    15 1.189161 -0.000001 -0.000001 0.000000 0.000000 0.558416
    16 1.302900 -0.000001 0.000001 0.000000 0.000000 0.213751
    17 -2.869899 1.399667 -4.140396 0.000026 1.318451 -3.142315
    18 4.972047 0.000000 0.000000 0.934374 -0.710903 -1.074853
    19 11.585358 0.000000 0.000001 0.000000 0.000000 -1.417454
    20 10.127058 0.000000 0.000001 0.078426 -0.129742 -0.038114
    21 2.162477 0.109715 1.664489 -0.102103 -0.407481 0.466772
    22 0.928313 0.000000 0.000002 0.000000 0.000000 0.000000
    23 0.928311 0.000000 0.000001 0.000000 0.000000 0.043590
    24 3.784085 -0.427337 0.044204 0.012442 -0.032599 -0.281061
    25 1.189159 0.000000 0.000001 0.000000 0.000000 0.608772
    26 1.302900 0.000000 -0.000001 0.000000 0.000000 0.600307
    27 2.046984 0.000001 0.000000 0.421006 0.313120 -0.483779
    28 -0.000005 0.000007 3.713254 -0.005717 -3.084376 5.930133
    29 18.045723 0.000000 0.000000 0.000000 0.000000 -0.671781
    30 17.597597 0.000000 0.000000 0.373647 -0.081076 0.303452
    31 0.000005 -0.000003 -3.713254 0.231121 3.054413 6.072415
    32 18.045721 0.000000 0.000000 0.000000 0.000000 -0.834991
    33 17.597597 0.000000 0.000000 0.126151 -0.058058 0.572742
  time 96
    0 -16.882362 1.433788 -2.486882 0.081321 -0.060242 -2.774101
    1 -5.035314 0.000000 0.000000 -1.570795 -1.570787 0.000000
    2 1.293670 0.684478 -0.000001 -0.000004 -0.000001 0.488949
    3 5.309685 -0.003834 0.000000 0.000000 0.000000 0.310573
    4 4.826790 -0.004591 0.000000 0.000000 0.000000 0.076209
    5 5.792767 -0.005304 0.000000 0.000000 0.000000 0.017444
    6 6.662322 -0.001452 0.000000 0.000000 -0.000001 0.348900
    7 -2.869899 1.399632 4.140401 -0.000100 -1.292340 -3.142292
    8 4.972048 0.000000 -0.000002 -0.816624 0.328723 -1.497693
    9 11.585358 0.000000 0.000000 0.000000 0.000000 -0.845213
    10 10.127057 -0.000001 0.000001 -0.062430 0.074563 -0.013747
    11 2.162477 0.109716 -1.664490 0.065907 0.446504 0.247329
    12 0.928312 0.000000 0.000000 0.000000 0.000000 0.052314
    13 0.928313 0.000000 -0.000001 0.000000 0.000000 0.052330
    14 3.784085 -0.427338 -0.044205 -0.007613 0.060655 -0.112387
    15 1.189161 -0.000001 -0.000001 0.000000 0.000000 0.558416
    16 1.302900 -0.000001 0.000001 0.000000 0.000000 0.211294
    17 -2.869899 1.399667 -4.140396 0.000026 1.318451 -3.142315
    18 4.972047 0.000000 0.000000 0.854551 -0.835525 -0.854023
    19 11.585358 0.000000 0.000001 0.000000 0.000000 -1.551654
    20 10.127058 0.000000 0.000001 0.085368 -0.198679 -0.348348
    21 2.162477 0.109715 1.664489 -0.102103 -0.407481 0.466772
    22 0.928313 0.000000 0.000002 0.000000 0.000000 0.000000
    23 0.928311 0.000000 0.000001 0.000000 0.000000 0.043590
    24 3.784085 -0.427337 0.044204 0.012514 -0.032575 -0.283128
    25 1.189159 0.000000 0.000001 0.000000 0.000000 0.609804
    26 1.302900 0.000000 -0.000001 0.000000 0.000000 0.602055
    27 2.046984 0.000001 0.000000 0.260221 0.315598 -0.479582
    28 -0.000005 0.000007 3.713254 -0.004950 -3.083513 5.925340
    29 18.045723 0.000000 0.000000 0.000000 0.000000 -0.687695
    30 17.597597 0.000000 0.000000 0.373596 -0.082085 0.312668
    31 0.000005 -0.000003 -3.713254 0.231504 3.053646 6.070497
    32 18.045721 0.000000 0.000000 0.000000 0.000000 -0.846641
    33 17.597597 0.000000 0.000000 0.125514 -0.058393 0.580687
  time 97
    0 -16.921426 1.449414 -2.580634 0.081321 -0.062047 -2.774291
    1 -5.031408 0.000000 0.000000 -1.570795 -1.570787 0.000000
    2 1.293670 0.684478 -0.000001 -0.000004 -0.000001 0.485283
    3 5.309685 -0.003834 0.000000 0.000000 0.000000 0.317285
    4 4.826790 -0.004591 0.000000 0.000000 0.000000 0.076209
    5 5.792767 -0.005304 0.000000 0.000000 0.000000 0.017444
    6 6.662322 -0.001452 0.000000 0.000000 -0.000001 0.348900
    7 -2.869899 1.399632 4.140401 -0.000100 -1.292340 -3.142292
    8 4.972048 0.000000 -0.000002 -0.818537 0.281652 -1.551503
    9 11.585358 0.000000 0.000000 0.000000 0.000000 -0.805509
    10 10.127057 -0.000001 0.000001 -0.048403 0.091986 0.087864
    11 2.162477 0.109716 -1.664490 0.065907 0.446504 0.247329
    12 0.928312 0.000000 0.000000 0.000000 0.000000 0.052314
    13 0.928313 0.000000 -0.000001 0.000000 0.000000 0.052330
    14 3.784085 -0.427338 -0.044205 -0.002807 0.061062 -0.033219
    15 1.189161 -0.000001 -0.000001 0.000000 0.000000 0.558416
    16 1.302900 -0.000001 0.000001 0.000000 0.000000 0.214713
    17 -2.869899 1.399667 -4.140396 0.000026 1.318451 -3.142315
    18 4.972047 0.000000 0.000000 0.735708 -0.920454 -0.587069
    19 11.585358 0.000000 0.000001 0.000000 0.000000 -1.661922
    20 10.127058 0.000000 0.000001 0.138031 -0.234803 -0.661083
    21 2.162477 0.109715 1.664489 -0.102103 -0.407481 0.466772
    22 0.928313 0.000000 0.000002 0.000000 0.000000 0.000000
    23 0.928311 0.000000 0.000001 0.000000 0.000000 0.043590
    24 3.784085 -0.427337 0.044204 0.012370 -0.032635 -0.278910
    25 1.189159 0.000000 0.000001 0.000000 0.000000 0.606976
    26 1.302900 0.000000 -0.000001 0.000000 0.000000 0.599279
    27 2.046984 0.000001 0.000000 0.084615 0.319552 -0.475141
    28 -0.000005 0.000007 3.713254 -0.004087 -3.082650 5.920547
    29 18.045723 0.000000 0.000000 0.000000 0.000000 -0.703238
    30 17.597597 0.000000 0.000000 0.373495 -0.082971 0.321516
    31 0.000005 -0.000003 -3.713254 0.231792 3.052783 6.068484
    32 18.045721 0.000000 0.000000 0.000000 0.000000 -0.858370
    33 17.597597 0.000000 0.000000 0.124876 -0.058630 0.588400
  time 98
    0 -16.952677 1.449414 -2.674387 0.081321 -0.063948 -2.774481
    1 -5.023595 0.000000 0.000000 -1.570795 -1.570787 0.000000
    2 1.293670 0.684478 -0.000001 -0.000004 -0.000001 0.481499
    3 5.309685 -0.003834 0.000000 0.000000 0.000000 0.323556
    4 4.826790 -0.004591 0.000000 0.000000 0.000000 0.076209
    5 5.792767 -0.005304 0.000000 0.000000 0.000000 0.017444
    6 6.662322 -0.001452 0.000000 0.000000 -0.000001 0.348900
    7 -2.869899 1.399632 4.140401 -0.000100 -1.292340 -3.142292
    8 4.972048 0.000000 -0.000002 -0.820211 0.255047 -1.563721
    9 11.585358 0.000000 0.000000 0.000000 0.000000 -0.801741
    10 10.127057 -0.000001 0.000001 -0.036650 0.100791 0.116489
    11 2.162477 0.109716 -1.664490 0.065907 0.446504 0.247329
    12 0.928312 0.000000 0.000000 0.000000 0.000000 0.052314
    13 0.928313 0.000000 -0.000001 0.000000 0.000000 0.052330
    14 3.784085 -0.427338 -0.044205 -0.000805 0.061074 -0.000041
    15 1.189161 -0.000001 -0.000001 0.000000 0.000000 0.558416
    16 1.302900 -0.000001 0.000001 0.000000 0.000000 0.226787
    17 -2.869899 1.399667 -4.140396 0.000026 1.318451 -3.142315
    18 4.972047 0.000000 0.000000 0.680836 -0.920052 -0.417552
    19 11.585358 0.000000 0.000001 0.000000 0.000000 -1.688713
    20 10.127058 0.000000 0.000001 0.212853 -0.191303 -0.801293
    21 2.162477 0.109715 1.664489 -0.102103 -0.407481 0.466772
    22 0.928313 0.000000 0.000002 0.000000 0.000000 0.000000
    23 0.928311 0.000000 0.000001 0.000000 0.000000 0.043590
    24 3.784085 -0.427337 0.044204 0.012095 -0.032767 -0.270668
    25 1.189159 0.000000 0.000001 0.000000 0.000000 0.602085
    26 1.302900 0.000000 -0.000001 0.000000 0.000000 0.593317
    27 2.046984 0.000001 0.000000 -0.090474 0.324597 -0.471309
    28 -0.000005 0.000007 3.713254 -0.003416 -3.081883 5.915658
    29 18.045723 0.000000 0.000000 0.000000 0.000000 -0.718485
    30 17.597597 0.000000 0.000000 0.373419 -0.083783 0.330135
    31 0.000005 -0.000003 -3.713254 0.232175 3.051920 6.066279
    32 18.045721 0.000000 0.000000 0.000000 0.000000 -0.870020
    33 17.597597 0.000000 0.000000 0.124239 -0.058827 0.595975
  time 99
    0 -16.980022 1.449414 -2.721264 0.081321 -0.065753 -2.774671
    1 -5.019688 0.000000 0.000000 -1.570795 -1.570787 0.000000
    2 1.293670 0.684478 -0.000001 -0.000004 -0.000001 0.477565
    3 5.309685 -0.003834 0.000000 0.000000 0.000000 0.329473
    4 4.826790 -0.004591 0.000000 0.000000 0.000000 0.076209
    5 5.792767 -0.005304 0.000000 0.000000 0.000000 0.017444
    6 6.662322 -0.001452 0.000000 0.000000 -0.000001 0.348900
    7 -2.869899 1.399632 4.140401 -0.000100 -1.292340 -3.142292
    8 4.972048 0.000000 -0.000002 -0.824516 0.249078 -1.531920
    9 11.585358 0.000000 0.000000 0.000000 0.000000 -0.839779
    10 10.127057 -0.000001 0.000001 -0.030395 0.102571 0.064929
    11 2.162477 0.109716 -1.664490 0.065907 0.446504 0.247329
    12 0.928312 0.000000 0.000000 0.000000 0.000000 0.052314
    13 0.928313 0.000000 -0.000001 0.000000 0.000000 0.052330
    14 3.784085 -0.427338 -0.044205 -0.000805 0.061074 -0.000041
    15 1.189161 -0.000001 -0.000001 0.000000 0.000000 0.558625
    16 1.302900 -0.000001 0.000001 0.000000 0.000000 0.245913
    17 -2.869899 1.399667 -4.140396 0.000026 1.318451 -3.142315
    18 4.972047 0.000000 0.000000 0.800992 -0.789404 -0.471662
    19 11.585358 0.000000 0.000001 0.000000 0.000000 -1.553941
    20 10.127058 0.000000 0.000001 0.358501 -0.028558 -0.560489
    21 2.162477 0.109715 1.664489 -0.102103 -0.407481 0.466772
    22 0.928313 0.000000 0.000002 0.000000 0.000000 0.000000
    23 0.928311 0.000000 0.000001 0.000000 0.000000 0.043590
    24 3.784085 -0.427337 0.044204 0.011783 -0.032851 -0.260946
    25 1.189159 0.000000 0.000001 0.000000 0.000000 0.596661
    26 1.302900 0.000000 -0.000001 0.000000 0.000000 0.585607
    27 2.046984 0.000001 0.000000 -0.253715 0.330085 -0.468511
    28 -0.000005 0.000007 3.713254 -0.002649 -3.081212 5.910865
    29 18.045723 0.000000 0.000000 0.000000 0.000000 -0.733436
    30 17.597597 0.000000 0.000000 0.373343 -0.084472 0.338434
    31 0.000005 -0.000003 -3.713254 0.232367 3.050866 6.063978
    32 18.045721 0.000000 0.000000 0.000000 0.000000 -0.881671
    33 17.597597 0.000000 0.000000 0.123601 -0.058945 0.603457
  time 100
    0 -16.999554 1.449414 -2.818923 0.081321 -0.067558 -2.774766
    1 -5.007969 0.000000 0.000000 -1.570795 -1.570787 0.000000
    2 1.293670 0.684478 -0.000001 -0.000004 -0.000001 0.473514
    3 5.309685 -0.003834 0.000000 0.000000 0.000000 0.335019
    4 4.826790 -0.004591 0.000000 0.000000 0.000000 0.076209
    5 5.792767 -0.005304 0.000000 0.000000 0.000000 0.017444
    6 6.662322 -0.001452 0.000000 0.000000 -0.000001 0.348900
    7 -2.869899 1.399632 4.140401 -0.000100 -1.292340 -3.142292
    8 4.972048 0.000000 -0.000002 -0.831053 0.258117 -1.467885
    9 11.585358 0.000000 0.000000 0.000000 0.000000 -0.910059
    10 10.127057 -0.000001 0.000001 -0.035039 0.100323 -0.038598
    11 2.162477 0.109716 -1.664490 0.065907 0.446504 0.247329
    12 0.928312 0.000000 0.000000 0.000000 0.000000 0.052314
    13 0.928313 0.000000 -0.000001 0.000000 0.000000 0.052330
    14 3.784085 -0.427338 -0.044205 -0.001069 0.061074 -0.004731
    15 1.189161 -0.000001 -0.000001 0.000000 0.000000 0.559210
    16 1.302900 -0.000001 0.000001 0.000000 0.000000 0.267870
    17 -2.869899 1.399667 -4.140396 0.000026 1.318451 -3.142315
    18 4.972047 0.000000 0.000000 0.967860 -0.551248 -0.595588
    19 11.585358 0.000000 0.000001 0.000000 0.000000 -1.306206
    20 10.127058 0.000000 0.000001 0.621536 0.120380 -0.067877
    21 2.162477 0.109715 1.664489 -0.102103 -0.407481 0.466772
    22 0.928313 0.000000 0.000002 0.000000 0.000000 0.000000
    23 0.928311 0.000000 0.000001 0.000000 0.000000 0.043590
    24 3.784085 -0.427337 0.044204 0.011448 -0.032959 -0.250972
    25 1.189159 0.000000 0.000001 0.000000 0.000000 0.591071
    26 1.302900 0.000000 -0.000001 0.000000 0.000000 0.577845
    27 2.046984 0.000001 0.000000 -0.396320 0.335425 -0.466929
    28 -0.000005 0.000007 3.713254 -0.001882 -3.080637 5.906072
    29 18.045723 0.000000 0.000000 0.000000 0.000000 -0.748165
    30 17.597597 0.000000 0.000000 0.373242 -0.085136 0.346549
    31 0.000005 -0.000003 -3.713254 0.232655 3.049811 6.061677
    32 18.045721 0.000000 0.000000 0.000000 0.000000 -0.893321
    33 17.597597 0.000000 0.000000 0.122964 -0.059044 0.610755
  time 101
    0 -17.015179 1.449414 -2.912676 0.081321 -0.069459 -2.774956
    1 -5.000157 0.000000 0.000000 -1.570795 -1.570787 0.000000
    2 1.293670 0.684478 -0.000001 -0.000004 -0.000001 0.469412
    3 5.309685 -0.003834 0.000000 0.000000 0.000000 0.340248
    4 4.826790 -0.004591 0.000000 0.000000 0.000000 0.076209
    5 5.792767 -0.005304 0.000000 0.000000 0.000000 0.017444
    6 6.662322 -0.001452 0.000000 0.000000 -0.000001 0.348900
    7 -2.869899 1.399632 4.140401 -0.000100 -1.292340 -3.142292
    8 4.972048 0.000000 -0.000002 -0.837351 0.278582 -1.381408
    9 11.585358 0.000000 0.000000 0.000000 0.000000 -1.001423
    10 10.127057 -0.000001 0.000001 -0.046886 0.093953 -0.176034
    11 2.162477 0.109716 -1.664490 0.065907 0.446504 0.247329
    12 0.928312 0.000000 0.000000 0.000000 0.000000 0.052314
    13 0.928313 0.000000 -0.000001 0.000000 0.000000 0.052330
    14 3.784085 -0.427338 -0.044205 -0.001632 0.061074 -0.013764
    15 1.189161 -0.000001 -0.000001 0.000000 0.000000 0.560087
    16 1.302900 -0.000001 0.000001 0.000000 0.000000 0.292285
    17 -2.869899 1.399667 -4.140396 0.000026 1.318451 -3.142315
    18 4.972047 0.000000 0.000000 1.079949 -0.315262 -0.666669
    19 11.585358 0.000000 0.000001 0.000000 0.000000 -1.077339
    20 10.127058 0.000000 0.000001 0.838499 0.169459 0.289377
    21 2.162477 0.109715 1.664489 -0.102103 -0.407481 0.466772
    22 0.928313 0.000000 0.000002 0.000000 0.000000 0.000000
    23 0.928311 0.000000 0.000001 0.000000 0.000000 0.043590
    24 3.784085 -0.427337 0.044204 0.011124 -0.033114 -0.240747
    25 1.189159 0.000000 0.000001 0.000000 0.000000 0.585348
    26 1.302900 0.000000 -0.000001 0.000000 0.000000 0.569518
    27 2.046984 0.000001 0.000000 -0.512299 0.340086 -0.466260
    28 -0.000005 0.000007 3.713254 -0.001115 -3.080158 5.901375
    29 18.045723 0.000000 0.000000 0.000000 0.000000 -0.762523
    30 17.597597 0.000000 0.000000 0.373140 -0.085727 0.354388
    31 0.000005 -0.000003 -3.713254 0.232942 3.048661 6.059281
    32 18.045721 0.000000 0.000000 0.000000 0.000000 -0.904814
    33 17.597597 0.000000 0.000000 0.122326 -0.059103 0.617914
  time 102
    0 -17.026898 1.449414 -3.006429 0.081415 -0.071264 -2.775051
    1 -4.984531 0.000000 0.000000 -1.570795 -1.570787 0.000000
    2 1.293670 0.684478 -0.000001 -0.000004 -0.000001 0.465177
    3 5.309685 -0.003834 0.000000 0.000000 0.000000 0.345211
    4 4.826790 -0.004591 0.000000 0.000000 0.000000 0.076209
    5 5.792767 -0.005304 0.000000 0.000000 0.000000 0.017444
    6 6.662322 -0.001452 0.000000 0.000000 -0.000001 0.348900
    7 -2.869899 1.399632 4.140401 -0.000100 -1.292340 -3.142292
    8 4.972048 0.000000 -0.000002 -0.841815 0.306893 -1.282107
    9 11.585358 0.000000 0.000000 0.000000 0.000000 -1.102713
    10 10.127057 -0.000001 0.000001 -0.062145 0.083181 -0.329205
    11 2.162477 0.109716 -1.664490 0.065907 0.446504 0.247329
    12 0.928312 0.000000 0.000000 0.000000 0.000000 0.052314
    13 0.928313 0.000000 -0.000001 0.000000 0.000000 0.052330
    14 3.784085 -0.427338 -0.044205 -0.002423 0.061074 -0.026705
    15 1.189161 -0.000001 -0.000001 0.000000 0.000000 0.561174
    16 1.302900 -0.000001 0.000001 0.000000 0.000000 0.318837
    17 -2.869899 1.399667 -4.140396 0.000026 1.318451 -3.142315
    18 4.972047 0.000000 0.000000 1.128443 -0.180676 -0.706669
    19 11.585358 0.000000 0.000001 0.000000 0.000000 -0.986429
    20 10.127058 0.000000 0.000001 0.880013 0.273385 0.283624
    21 2.162477 0.109715 1.664489 -0.102103 -0.407481 0.466772
    22 0.928313 0.000000 0.000002 0.000000 0.000000 0.000000
    23 0.928311 0.000000 0.000001 0.000000 0.000000 0.043590
    24 3.784085 -0.427337 0.044204 0.010765 -0.033186 -0.230327
    25 1.189159 0.000000 0.000001 0.000000 0.000000 0.579459
    26 1.302900 0.000000 -0.000001 0.000000 0.000000 0.560986
    27 2.046984 0.000001 0.000000 -0.597775 0.343627 -0.466200
    28 -0.000005 0.000007 3.713254 -0.000444 -3.079678 5.896774
    29 18.045723 0.000000 0.000000 0.000000 0.000000 -0.776660
    30 17.597597 0.000000 0.000000 0.373039 -0.086293 0.362091
    31 0.000005 -0.000003 -3.713254 0.233134 3.047510 6.056980
    32 18.045721 0.000000 0.000000 0.000000 0.000000 -0.916149
    33 17.597597 0.000000 0.000000 0.121689 -0.059103 0.624935
  time 103
    0 -17.034711 1.449414 -3.053305 0.081415 -0.073165 -2.775241
    1 -4.972812 0.000000 0.000000 -1.570795 -1.570787 0.000000
    2 1.293670 0.684478 -0.000001 -0.000004 -0.000001 0.460874
    3 5.309685 -0.003834 0.000000 0.000000 0.000000 0.349910
    4 4.826790 -0.004591 0.000000 0.000000 0.000000 0.076209
    5 5.792767 -0.005304 0.000000 0.000000 0.000000 0.017444
    6 6.662322 -0.001452 0.000000 0.000000 -0.000001 0.348900
    7 -2.869899 1.399632 4.140401 -0.000100 -1.292340 -3.142292
    8 4.972048 0.000000 -0.000002 -0.842452 0.339127 -1.179253
    9 11.585358 0.000000 0.000000 0.000000 0.000000 -1.202771
    10 10.127057 -0.000001 0.000001 -0.077025 0.069130 -0.479763
    11 2.162477 0.109716 -1.664490 0.065907 0.446504 0.247329
    12 0.928312 0.000000 0.000000 0.000000 0.000000 0.052314
    13 0.928313 0.000000 -0.000001 0.000000 0.000000 0.052330
    14 3.784085 -0.427338 -0.044205 -0.003418 0.061002 -0.043034
    15 1.189161 -0.000001 -0.000001 0.000000 0.000000 0.562386
    16 1.302900 -0.000001 0.000001 0.000000 0.000000 0.347045
    17 -2.869899 1.399667 -4.140396 0.000026 1.318451 -3.142315
    18 4.972047 0.000000 0.000000 1.087453 -0.264079 -0.725571
    19 11.585358 0.000000 0.000001 0.000000 0.000000 -1.205577
    20 10.127058 0.000000 0.000001 0.805822 0.412394 0.101046
    21 2.162477 0.109715 1.664489 -0.102103 -0.407481 0.466772
    22 0.928313 0.000000 0.000002 0.000000 0.000000 0.000000
    23 0.928311 0.000000 0.000001 0.000000 0.000000 0.043590
    24 3.784085 -0.427337 0.044204 0.010417 -0.033342 -0.219682
    25 1.189159 0.000000 0.000001 0.000000 0.000000 0.573437
    26 1.302900 0.000000 -0.000001 0.000000 0.000000 0.552402
    27 2.046984 0.000001 0.000000 -0.650552 0.345987 -0.466443
    28 -0.000005 0.000007 3.713254 0.000227 -3.079295 5.892365
    29 18.045723 0.000000 0.000000 0.000000 0.000000 -0.790501
    30 17.597597 0.000000 0.000000 0.372912 -0.086810 0.369610
    31 0.000005 -0.000003 -3.713254 0.233421 3.046264 6.054679
    32 18.045721 0.000000 0.000000 0.000000 0.000000 -0.927327
    33 17.597597 0.000000 0.000000 0.120984 -0.059103 0.631909
  time 104
    0 -17.046430 1.449414 -3.147058 0.081415 -0.075065 -2.775336
    1 -4.957187 0.000000 0.000000 -1.570795 -1.570787 0.000000
    2 1.293670 0.684478 -0.000001 -0.000004 -0.000001 0.456438
    3 5.309685 -0.003834 0.000000 0.000000 0.000000 0.354396
    4 4.826790 -0.004591 0.000000 0.000000 0.000000 0.076209
    5 5.792767 -0.005304 0.000000 0.000000 0.000000 0.017444
    6 6.662322 -0.001452 0.000000 0.000000 -0.000001 0.348900
    7 -2.869899 1.399632 4.140401 -0.000100 -1.292340 -3.142292
    8 4.972048 0.000000 -0.000002 -0.839025 0.371275 -1.082724
    9 11.585358 0.000000 0.000000 0.000000 0.000000 -1.290439
    10 10.127057 -0.000001 0.000001 -0.089157 0.054611 -0.610057
    11 2.162477 0.109716 -1.664490 0.065907 0.446504 0.247329
    12 0.928312 0.000000 0.000000 0.000000 0.000000 0.052314
    13 0.928313 0.000000 -0.000001 0.000000 0.000000 0.052330
    14 3.784085 -0.427338 -0.044205 -0.004580 0.060967 -0.062272
    15 1.189161 -0.000001 -0.000001 0.000000 0.000000 0.563765
    16 1.302900 -0.000001 0.000001 0.000000 0.000000 0.376482
    17 -2.869899 1.399667 -4.140396 0.000026 1.318451 -3.142315
    18 4.972047 0.000000 0.000000 1.030048 -0.388781 -0.732759
    19 11.585358 0.000000 0.000001 0.000000 0.000000 -1.467115
    20 10.127058 0.000000 0.000001 0.736118 0.475185 -0.027410
    21 2.162477 0.109715 1.664489 -0.102103 -0.407481 0.466772
    22 0.928313 0.000000 0.000002 0.000000 0.000000 0.000000
    23 0.928311 0.000000 0.000001 0.000000 0.000000 0.043590
    24 3.784085 -0.427337 0.044204 0.010057 -0.033414 -0.208843
    25 1.189159 0.000000 0.000001 0.000000 0.000000 0.567315
    26 1.302900 0.000000 -0.000001 0.000000 0.000000 0.543304
    27 2.046984 0.000001 0.000000 -0.678642 0.348849 -0.466200
    28 -0.000005 0.000007 3.713254 0.000994 -3.078815 5.887955
    29 18.045723 0.000000 0.000000 0.000000 0.000000 -0.804120
    30 17.597597 0.000000 0.000000 0.372786 -0.087326 0.377037
    31 0.000005 -0.000003 -3.713254 0.233613 3.045113 6.052378
    32 18.045721 0.000000 0.000000 0.000000 0.000000 -0.938427
    33 17.597597 0.000000 0.000000 0.120347 -0.059083 0.638745
  time 105
    0 -17.054243 1.449414 -3.240811 0.081415 -0.076870 -2.775526
    1 -4.941561 0.000000 0.000000 -1.570795 -1.570787 0.000000
    2 1.293670 0.684478 -0.000001 -0.000004 -0.000001 0.451884
    3 5.309685 -0.003834 0.000000 0.000000 0.000000 0.358724
    4 4.826790 -0.004591 0.000000 0.000000 0.000000 0.076209
    5 5.792767 -0.005304 0.000000 0.000000 0.000000 0.017444
    6 6.662322 -0.001452 0.000000 0.000000 -0.000001 0.348900
    7 -2.869899 1.399632 4.140401 -0.000100 -1.292340 -3.142292
    8 4.972048 0.000000 -0.000002 -0.833285 0.398563 -1.002919
    9 11.585358 0.000000 0.000000 0.000000 0.000000 -1.354488
    10 10.127057 -0.000001 0.000001 -0.097023 0.042902 -0.702320
    11 2.162477 0.109716 -1.664490 0.065907 0.446504 0.247329
    12 0.928312 0.000000 0.000000 0.000000 0.000000 0.052314
    13 0.928313 0.000000 -0.000001 0.000000 0.000000 0.052330
    14 3.784085 -0.427338 -0.044205 -0.005899 0.060835 -0.083943
    15 1.189161 -0.000001 -0.000001 0.000000 0.000000 0.565102
    16 1.302900 -0.000001 0.000001 0.000000 0.000000 0.406721
    17 -2.869899 1.399667 -4.140396 0.000026 1.318451 -3.142315
    18 4.972047 0.000000 0.000000 0.971330 -0.510832 -0.730895
    19 11.585358 0.000000 0.000001 0.000000 0.000000 -1.713217
    20 10.127058 0.000000 0.000001 0.740115 0.468282 -0.018906
    21 2.162477 0.109715 1.664489 -0.102103 -0.407481 0.466772
    22 0.928313 0.000000 0.000002 0.000000 0.000000 0.000000
    23 0.928311 0.000000 0.000001 0.000000 0.000000 0.043590
    24 3.784085 -0.427337 0.044204 0.009698 -0.033558 -0.197863
    25 1.189159 0.000000 0.000001 0.000000 0.000000 0.561059
    26 1.302900 0.000000 -0.000001 0.000000 0.000000 0.534309
    27 2.046984 0.000001 0.000000 -0.693032 0.353333 -0.465105
    28 -0.000005 0.000007 3.713254 0.001569 -3.078432 5.883833
    29 18.045723 0.000000 0.000000 0.000000 0.000000 -0.817442
    30 17.597597 0.000000 0.000000 0.372634 -0.087843 0.384372
    31 0.000005 -0.000003 -3.713254 0.233805 3.043963 6.050365
    32 18.045721 0.000000 0.000000 0.000000 0.000000 -0.949211
    33 17.597597 0.000000 0.000000 0.119709 -0.059024 0.645627
  time 106
    0 -17.062055 1.449414 -3.287687 0.081415 -0.078771 -2.775716
    1 -4.925936 0.000000 0.000000 -1.570795 -1.570787 0.000000
    2 1.293670 0.684478 -0.000001 -0.000004 -0.000001 0.447180
    3 5.309685 -0.003834 0.000000 0.000000 0.000000 0.362840
    4 4.826790 -0.004591 0.000000 0.000000 0.000000 0.076209
    5 5.792767 -0.005304 0.000000 0.000000 0.000000 0.017444
    6 6.662322 -0.001452 0.000000 0.000000 -0.000001 0.348900
    7 -2.869899 1.399632 4.140401 -0.000100 -1.292340 -3.142292
    8 4.972048 0.000000 -0.000002 -0.827306 0.418005 -0.950669
    9 11.585358 0.000000 0.000000 0.000000 0.000000 -1.383977
    10 10.127057 -0.000001 0.000001 -0.099866 0.038125 -0.738667
    11 2.162477 0.109716 -1.664490 0.065907 0.446504 0.247329
    12 0.928312 0.000000 0.000000 0.000000 0.000000 0.052314
    13 0.928313 0.000000 -0.000001 0.000000 0.000000 0.052330
    14 3.784085 -0.427338 -0.044205 -0.007313 0.060703 -0.107524
    15 1.189161 -0.000001 -0.000001 0.000000 0.000000 0.566565
    16 1.302900 -0.000001 0.000001 0.000000 0.000000 0.437333
    17 -2.869899 1.399667 -4.140396 0.000026 1.318451 -3.142315
    18 4.972047 0.000000 0.000000 0.924431 -0.604761 -0.720579
    19 11.585358 0.000000 0.000001 0.000000 0.000000 -1.846845
    20 10.127058 0.000000 0.000001 0.753439 0.442749 0.011657
    21 2.162477 0.109715 1.664489 -0.102103 -0.407481 0.466772
    22 0.928313 0.000000 0.000002 0.000000 0.000000 0.000000
    23 0.928311 0.000000 0.000001 0.000000 0.000000 0.043590
    24 3.784085 -0.427337 0.044204 0.009314 -0.033642 -0.186744
    25 1.189159 0.000000 0.000001 0.000000 0.000000 0.554738
    26 1.302900 0.000000 -0.000001 0.000000 0.000000 0.524851
    27 2.046984 0.000001 0.000000 -0.696522 0.358703 -0.463462
    28 -0.000005 0.000007 3.713254 0.002336 -3.078048 5.879903
    29 18.045723 0.000000 0.000000 0.000000 0.000000 -0.830469
    30 17.597597 0.000000 0.000000 0.372507 -0.088360 0.391616
    31 0.000005 -0.000003 -3.713254 0.234092 3.042813 6.048543
    32 18.045721 0.000000 0.000000 0.000000 0.000000 -0.959838
    33 17.597597 0.000000 0.000000 0.119038 -0.058985 0.652371
  time 107
    0 -17.073775 1.449414 -3.381440 0.081415 -0.080576 -2.775811
    1 -4.906404 0.000000 0.000000 -1.570795 -1.570787 0.000000
    2 1.293670 0.684478 -0.000001 -0.000004 -0.000001 0.442292
    3 5.309685 -0.003834 0.000000 0.000000 0.000000 0.366814
    4 4.826790 -0.004591 0.000000 0.000000 0.000000 0.076209
    5 5.792767 -0.005304 0.000000 0.000000 0.000000 0.017444
    6 6.662322 -0.001452 0.000000 0.000000 -0.000001 0.348900
    7 -2.869899 1.399632 4.140401 -0.000100 -1.292340 -3.142292
    8 4.972048 0.000000 -0.000002 -0.823958 0.425424 -0.964793
    9 11.585358 0.000000 0.000000 0.000000 0.000000 -1.311958
    10 10.127057 -0.000001 0.000001 -0.099392 0.039342 -0.726068
    11 2.162477 0.109716 -1.664490 0.065907 0.446504 0.247329
    12 0.928312 0.000000 0.000000 0.000000 0.000000 0.052314
    13 0.928313 0.000000 -0.000001 0.000000 0.000000 0.052330
    14 3.784085 -0.427338 -0.044205 -0.008835 0.060451 -0.132538
    15 1.189161 -0.000001 -0.000001 0.000000 0.000000 0.567861
    16 1.302900 -0.000001 0.000001 0.000000 0.000000 0.467838
    17 -2.869899 1.399667 -4.140396 0.000026 1.318451 -3.142315
    18 4.972047 0.000000 0.000000 0.907547 -0.644132 -0.712326
    19 11.585358 0.000000 0.000001 0.000000 0.000000 -1.787545
    20 10.127058 0.000000 0.000001 0.771882 0.403978 0.056276
    21 2.162477 0.109715 1.664489 -0.102103 -0.407481 0.466772
    22 0.928313 0.000000 0.000002 0.000000 0.000000 0.000000
    23 0.928311 0.000000 0.000001 0.000000 0.000000 0.043590
    24 3.784085 -0.427337 0.044204 0.008943 -0.033774 -0.175457
    25 1.189159 0.000000 0.000001 0.000000 0.000000 0.548283
    26 1.302900 0.000000 -0.000001 0.000000 0.000000 0.515496
    27 2.046984 0.000001 0.000000 -0.691438 0.364397 -0.461212
    28 -0.000005 0.000007 3.713254 -6.279989 -3.077665 5.876260
    29 18.045723 0.000000 0.000000 0.000000 0.000000 -0.843199
    30 17.597597 0.000000 0.000000 0.372329 -0.088901 0.398860
    31 0.000005 -0.000003 -3.713254 0.234380 3.041662 6.047009
    32 18.045721 0.000000 0.000000 0.000000 0.000000 -0.970071
    33 17.597597 0.000000 0.000000 0.118401 -0.058906 0.659068
  time 108
    0 -17.089400 1.449414 -3.475193 0.081415 -0.082476 -2.776001
    1 -4.886872 0.000000 0.000000 -1.570795 -1.570787 0.000000
    2 1.293670 0.684478 -0.000001 -0.000004 -0.000001 0.437186
    3 5.309685 -0.003834 0.000000 0.000000 0.000000 0.370612
    4 4.826790 -0.004591 0.000000 0.000000 0.000000 0.076209
    5 5.792767 -0.005304 0.000000 0.000000 0.000000 0.017444
    6 6.662322 -0.001452 0.000000 0.000000 -0.000001 0.348900
    7 -2.869899 1.399632 4.140401 -0.000100 -1.292340 -3.142292
    8 4.972048 0.000000 -0.000002 -0.823241 0.422780 -1.041652
    9 11.585358 0.000000 0.000000 0.000000 0.000000 -1.143431
    10 10.127057 -0.000001 0.000001 -0.097781 0.043370 -0.686411
    11 2.162477 0.109716 -1.664490 0.065907 0.446504 0.247329
    12 0.928312 0.000000 0.000000 0.000000 0.000000 0.052314
    13 0.928313 0.000000 -0.000001 0.000000 0.000000 0.052330
    14 3.784085 -0.427338 -0.044205 -0.010393 0.060200 -0.158551
    15 1.189161 -0.000001 -0.000001 0.000000 0.000000 0.569031
    16 1.302900 -0.000001 0.000001 0.000000 0.000000 0.498023
    17 -2.869899 1.399667 -4.140396 0.000026 1.318451 -3.142315
    18 4.972047 0.000000 0.000000 0.900700 -0.666309 -0.704406
    19 11.585358 0.000000 0.000001 0.000000 0.000000 -1.662248
    20 10.127058 0.000000 0.000001 0.790535 0.357358 0.106698
    21 2.162477 0.109715 1.664489 -0.102103 -0.407481 0.466772
    22 0.928313 0.000000 0.000002 0.000000 0.000000 0.000000
    23 0.928311 0.000000 0.000001 0.000000 0.000000 0.043590
    24 3.784085 -0.427337 0.044204 0.008535 -0.033833 -0.164087
    25 1.189159 0.000000 0.000001 0.000000 0.000000 0.541795
    26 1.302900 0.000000 -0.000001 0.000000 0.000000 0.505936
    27 2.046984 0.000001 0.000000 -0.679547 0.369855 -0.458596
    28 -0.000005 0.000007 3.713254 -6.279222 -3.077186 5.872905
    29 18.045723 0.000000 0.000000 0.000000 0.000000 -0.855560
    30 17.597597 0.000000 0.000000 0.372177 -0.089541 0.406058
    31 0.000005 -0.000003 -3.713254 0.234667 3.040704 6.045763
    32 18.045721 0.000000 0.000000 0.000000 0.000000 -0.979990
    33 17.597597 0.000000 0.000000 0.117730 -0.058846 0.665811
  time 109
    0 -17.108932 1.449414 -3.522069 0.081415 -0.084377 -2.776096
    1 -4.863434 0.000000 0.000000 -1.570795 -1.570787 0.000000
    2 1.293670 0.684478 -0.000001 -0.000004 -0.000001 0.431862
    3 5.309685 -0.003834 0.000000 0.000000 0.000000 0.374215
    4 4.826790 -0.004591 0.000000 0.000000 0.000000 0.076209
    5 5.792767 -0.005304 0.000000 0.000000 0.000000 0.017444
    6 6.662322 -0.001452 0.000000 0.000000 -0.000001 0.348900
    7 -2.869899 1.399632 4.140401 -0.000100 -1.292340 -3.142292
    8 4.972048 0.000000 -0.000002 -0.823799 0.415020 -1.127869
    9 11.585358 0.000000 0.000000 0.000000 0.000000 -0.974543
    10 10.127057 -0.000001 0.000001 -0.094938 0.049272 -0.624980
    11 2.162477 0.109716 -1.664490 0.065907 0.446504 0.247329
    12 0.928312 0.000000 0.000000 0.000000 0.000000 0.052314
    13 0.928313 0.000000 -0.000001 0.000000 0.000000 0.052330
    14 3.784085 -0.427338 -0.044205 -0.012011 0.059888 -0.185041
    15 1.189161 -0.000001 -0.000001 0.000000 0.000000 0.569908
    16 1.302900 -0.000001 0.000001 0.000000 0.000000 0.527193
    17 -2.869899 1.399667 -4.140396 0.000026 1.318451 -3.142315
    18 4.972047 0.000000 0.000000 0.897792 -0.680691 -0.696619
    19 11.585358 0.000000 0.000001 0.000000 0.000000 -1.519554
    20 10.127058 0.000000 0.000001 0.806733 0.309319 0.156119
    21 2.162477 0.109715 1.664489 -0.102103 -0.407481 0.466772
    22 0.928313 0.000000 0.000002 0.000000 0.000000 0.000000
    23 0.928311 0.000000 0.000001 0.000000 0.000000 0.043590
    24 3.784085 -0.427337 0.044204 0.008152 -0.033965 -0.152604
    25 1.189159 0.000000 0.000001 0.000000 0.000000 0.535240
    26 1.302900 0.000000 -0.000001 0.000000 0.000000 0.496118
    27 2.046984 0.000001 0.000000 -0.662141 0.374871 -0.455554
    28 -0.000005 0.000007 3.713254 -6.278455 -3.076706 5.870029
    29 18.045723 0.000000 0.000000 0.000000 0.000000 -0.867476
    30 17.597597 0.000000 0.000000 0.372000 -0.090206 0.413256
    31 0.000005 -0.000003 -3.713254 0.235051 3.039745 6.044996
    32 18.045721 0.000000 0.000000 0.000000 0.000000 -0.989436
    33 17.597597 0.000000 0.000000 0.117059 -0.058807 0.672462
  time 110
    0 -17.132370 1.449414 -3.615822 0.081415 -0.086277 -2.776286
    1 -4.836089 0.000000 0.000000 -1.570795 -1.570787 0.000000
    2 1.293670 0.684478 -0.000001 -0.000004 -0.000001 0.426237
    3 5.309685 -0.003834 0.000000 0.000000 0.000000 0.377642
    4 4.826790 -0.004591 0.000000 0.000000 0.000000 0.076209
    5 5.792767 -0.005304 0.000000 0.000000 0.000000 0.017444
    6 6.662322 -0.001452 0.000000 0.000000 -0.000001 0.348900
    7 -2.869899 1.399632 4.140401 -0.000100 -1.292340 -3.142292
    8 4.972048 0.000000 -0.000002 -0.824994 0.406664 -1.170588
    9 11.585358 0.000000 0.000000 0.000000 0.000000 -0.901727
    10 10.127057 -0.000001 0.000001 -0.090768 0.056578 -0.547000
    11 2.162477 0.109716 -1.664490 0.065907 0.446504 0.247329
    12 0.928312 0.000000 0.000000 0.000000 0.000000 0.052314
    13 0.928313 0.000000 -0.000001 0.000000 0.000000 0.052330
    14 3.784085 -0.427338 -0.044205 -0.013593 0.059600 -0.211576
    15 1.189161 -0.000001 -0.000001 0.000000 0.000000 0.570577
    16 1.302900 -0.000001 0.000001 0.000000 0.000000 0.555134
    17 -2.869899 1.399667 -4.140396 0.000026 1.318451 -3.142315
    18 4.972047 0.000000 0.000000 0.892633 -0.695315 -0.687501
    19 11.585358 0.000000 0.000001 0.000000 0.000000 -1.408878
    20 10.127058 0.000000 0.000001 0.818865 0.266009 0.198838
    21 2.162477 0.109715 1.664489 -0.102103 -0.407481 0.466772
    22 0.928313 0.000000 0.000002 0.000000 0.000000 0.000000
    23 0.928311 0.000000 0.000001 0.000000 0.000000 0.043590
    24 3.784085 -0.427337 0.044204 0.007780 -0.034013 -0.141010
    25 1.189159 0.000000 0.000001 0.000000 0.000000 0.528652
    26 1.302900 0.000000 -0.000001 0.000000 0.000000 0.486455
    27 2.046984 0.000001 0.000000 -0.640126 0.379090 -0.452148
    28 -0.000005 0.000007 3.713254 -6.277688 -3.076131 5.867537
    29 18.045723 0.000000 0.000000 0.000000 0.000000 -0.878949
    30 17.597597 0.000000 0.000000 0.371823 -0.090895 0.420454
    31 0.000005 -0.000003 -3.713254 0.235434 3.038978 6.044708
    32 18.045721 0.000000 0.000000 0.000000 0.000000 -0.998252
    33 17.597597 0.000000 0.000000 0.116354 -0.058748 0.679113
  time 111
    0 -17.163621 1.449414 -3.662699 0.081508 -0.088082 -2.776381
    1 -4.808744 0.000000 0.000000 -1.570795 -1.570787 0.000000
    2 1.293670 0.684478 -0.000001 -0.000004 -0.000001 0.420361
    3 5.309685 -0.003834 0.000000 0.000000 0.000000 0.380821
    4 4.826790 -0.004591 0.000000 0.000000 0.000000 0.076209
    5 5.792767 -0.005304 0.000000 0.000000 0.000000 0.017444
    6 6.662322 -0.001452 0.000000 0.000000 -0.000001 0.348900
    7 -2.869899 1.399632 4.140401 -0.000100 -1.292340 -3.142292
    8 4.972048 0.000000 -0.000002 -0.829538 0.395493 -1.135061
    9 11.585358 0.000000 0.000000 0.000000 0.000000 -0.987222
    10 10.127057 -0.000001 0.000001 -0.085366 0.064446 -0.457118
    11 2.162477 0.109716 -1.664490 0.065907 0.446504 0.247329
    12 0.928312 0.000000 0.000000 0.000000 0.000000 0.052314
    13 0.928313 0.000000 -0.000001 0.000000 0.000000 0.052330
    14 3.784085 -0.427338 -0.044205 -0.015115 0.059229 -0.237632
    15 1.189161 -0.000001 -0.000001 0.000000 0.000000 0.570911
    16 1.302900 -0.000001 0.000001 0.000000 0.000000 0.581312
    17 -2.869899 1.399667 -4.140396 0.000026 1.318451 -3.142315
    18 4.972047 0.000000 0.000000 0.885598 -0.705921 -0.678117
    19 11.585358 0.000000 0.000001 0.000000 0.000000 -1.372693
    20 10.127058 0.000000 0.000001 0.826368 0.234235 0.229151
    21 2.162477 0.109715 1.664489 -0.102103 -0.407481 0.466772
    22 0.928313 0.000000 0.000002 0.000000 0.000000 0.000000
    23 0.928311 0.000000 0.000001 0.000000 0.000000 0.043590
    24 3.784085 -0.427337 0.044204 0.007349 -0.034145 -0.129388
    25 1.189159 0.000000 0.000001 0.000000 0.000000 0.521964
    26 1.302900 0.000000 -0.000001 0.000000 0.000000 0.476638
    27 2.046984 0.000001 0.000000 -0.614319 0.382306 -0.448377
    28 -0.000005 0.000007 3.713254 -6.276921 -3.075556 5.865812
    29 18.045723 0.000000 0.000000 0.000000 0.000000 -0.889829
    30 17.597597 0.000000 0.000000 0.371620 -0.091707 0.427652
    31 0.000005 -0.000003 -3.713254 0.235913 3.038307 6.044996
    32 18.045721 0.000000 0.000000 0.000000 0.000000 -1.006439
    33 17.597597 0.000000 0.000000 0.115683 -0.058689 0.685626
  time 112
    0 -17.198778 1.449414 -3.756452 0.081508 -0.089983 -2.776571
    1 -4.777494 0.000000 0.000000 -1.570795 -1.570787 0.000000
    2 1.293670 0.684478 -0.000001 -0.000004 -0.000001 0.414117
    3 5.309685 -0.003834 0.000000 0.000000 0.000000 0.383683
    4 4.826790 -0.004591 0.000000 0.000000 0.000000 0.076209
    5 5.792767 -0.005304 0.000000 0.000000 0.000000 0.017444
    6 6.662322 -0.001452 0.000000 0.000000 -0.000001 0.348900
    7 -2.869899 1.399632 4.140401 -0.000100 -1.292340 -3.142292
    8 4.972048 0.000000 -0.000002 -0.837351 0.380229 -1.056643
    9 11.585358 0.000000 0.000000 0.000000 0.000000 -1.167341
    10 10.127057 -0.000001 0.000001 -0.078826 0.072596 -0.360908
    11 2.162477 0.109716 -1.664490 0.065907 0.446504 0.247329
    12 0.928312 0.000000 0.000000 0.000000 0.000000 0.052314
    13 0.928313 0.000000 -0.000001 0.000000 0.000000 0.052330
    14 3.784085 -0.427338 -0.044205 -0.016625 0.058821 -0.262733
    15 1.189161 -0.000001 -0.000001 0.000000 0.000000 0.570911
    16 1.302900 -0.000001 0.000001 0.000000 0.000000 0.605299
    17 -2.869899 1.399667 -4.140396 0.000026 1.318451 -3.142315
    18 4.972047 0.000000 0.000000 0.879783 -0.709215 -0.669664
    19 11.585358 0.000000 0.000001 0.000000 0.000000 -1.375144
    20 10.127058 0.000000 0.000001 0.829173 0.221186 0.241506
    21 2.162477 0.109715 1.664489 -0.102103 -0.407481 0.466772
    22 0.928313 0.000000 0.000002 0.000000 0.000000 0.000000
    23 0.928311 0.000000 0.000001 0.000000 0.000000 0.043590
    24 3.784085 -0.427337 0.044204 0.006965 -0.034193 -0.117738
    25 1.189159 0.000000 0.000001 0.000000 0.000000 0.515310
    26 1.302900 0.000000 -0.000001 0.000000 0.000000 0.466717
    27 2.046984 0.000001 0.000000 -0.585195 0.384253 -0.444362
    28 -0.000005 0.000007 3.713254 -6.276058 -3.074789 5.864565
    29 18.045723 0.000000 0.000000 0.000000 0.000000 -0.899969
    30 17.597597 0.000000 0.000000 0.371392 -0.092593 0.434758
    31 0.000005 -0.000003 -3.713254 0.236488 3.037828 6.046051
    32 18.045721 0.000000 0.000000 0.000000 0.000000 -1.013760
    33 17.597597 0.000000 0.000000 0.114979 -0.058630 0.692092
  time 113
    0 -17.245655 1.468946 -3.803328 0.081508 -0.091883 -2.776666
    1 -4.742336 0.000000 0.000000 -1.570795 -1.570787 0.000000
    2 1.293670 0.684478 -0.000001 -0.000004 -0.000001 0.407571
    3 5.309685 -0.003834 0.000000 0.000000 0.000000 0.386173
    4 4.826790 -0.004591 0.000000 0.000000 0.000000 0.076209
    5 5.792767 -0.005304 0.000000 0.000000 0.000000 0.017444
    6 6.662322 -0.001452 0.000000 0.000000 -0.000001 0.348900
    7 -2.869899 1.399632 4.140401 -0.000100 -1.292340 -3.142292
    8 4.972048 0.000000 -0.000002 -0.843010 0.366585 -0.987322
    9 11.585358 0.000000 0.000000 0.000000 0.000000 -1.349634
    10 10.127057 -0.000001 0.000001 -0.071339 0.079809 -0.263129
    11 2.162477 0.109716 -1.664490 0.065907 0.446504 0.247329
    12 0.928312 0.000000 0.000000 0.000000 0.000000 0.052314
    13 0.928313 0.000000 -0.000001 0.000000 0.000000 0.052330
    14 3.784085 -0.427338 -0.044205 -0.017991 0.058414 -0.286488
    15 1.189161 -0.000001 -0.000001 0.000000 0.000000 0.570284
    16 1.302900 -0.000001 0.000001 0.000000 0.000000 0.626829
    17 -2.869899 1.399667 -4.140396 0.000026 1.318451 -3.142315
    18 4.972047 0.000000 0.000000 0.873311 -0.712188 -0.660679
    19 11.585358 0.000000 0.000001 0.000000 0.000000 -1.376777
    20 10.127058 0.000000 0.000001 0.824615 0.239058 0.227400
    21 2.162477 0.109715 1.664489 -0.102103 -0.407481 0.466772
    22 0.928313 0.000000 0.000002 0.000000 0.000000 0.000000
    23 0.928311 0.000000 0.000001 0.000000 0.000000 0.043590
    24 3.784085 -0.427337 0.044204 0.006558 -0.034325 -0.106033
    25 1.189159 0.000000 0.000001 0.000000 0.000000 0.508655
    26 1.302900 0.000000 -0.000001 0.000000 0.000000 0.456951
    27 2.046984 0.000001 0.000000 -0.553185 0.384754 -0.440165
    28 -0.000005 0.000007 3.713254 -6.275291 -3.074022 5.864278
    29 18.045723 0.000000 0.000000 0.000000 0.000000 -0.909221
    30 17.597597 0.000000 0.000000 0.371164 -0.093602 0.441819
    31 0.000005 -0.000003 -3.713254 0.237159 3.037540 6.047968
    32 18.045721 0.000000 0.000000 0.000000 0.000000 -1.020057
    33 17.597597 0.000000 0.000000 0.114240 -0.058590 0.698374
  time 114
    0 -17.300344 1.468946 -3.850204 0.081508 -0.093784 -2.776856
    1 -4.707179 0.000000 0.000000 -1.570795 -1.570787 0.000000
    2 1.293670 0.684478 -0.000001 -0.000004 -0.000001 0.400674
    3 5.309685 -0.003834 0.000000 0.000000 0.000000 0.388187
    4 4.826790 -0.004591 0.000000 0.000000 0.000000 0.076209
    5 5.792767 -0.005304 0.000000 0.000000 0.000000 0.017444
    6 6.662322 -0.001452 0.000000 0.000000 -0.000001 0.348900
    7 -2.869899 1.399632 4.140401 -0.000100 -1.292340 -3.142292
    8 4.972048 0.000000 -0.000002 -0.840061 0.359848 -0.979090
    9 11.585358 0.000000 0.000000 0.000000 0.000000 -1.441432
    10 10.127057 -0.000001 0.000001 -0.063567 0.086178 -0.169415
    11 2.162477 0.109716 -1.664490 0.065907 0.446504 0.247329
    12 0.928312 0.000000 0.000000 0.000000 0.000000 0.052314
    13 0.928313 0.000000 -0.000001 0.000000 0.000000 0.052330
    14 3.784085 -0.427338 -0.044205 -0.019250 0.058018 -0.308245
    15 1.189161 -0.000001 -0.000001 0.000000 0.000000 0.569198
    16 1.302900 -0.000001 0.000001 0.000000 0.000000 0.645207
    17 -2.869899 1.399667 -4.140396 0.000026 1.318451 -3.142315
    18 4.972047 0.000000 0.000000 0.866745 -0.714840 -0.650496
    19 11.585358 0.000000 0.000001 0.000000 0.000000 -1.381923
    20 10.127058 0.000000 0.000001 0.811431 0.285773 0.188383
    21 2.162477 0.109715 1.664489 -0.102103 -0.407481 0.466772
    22 0.928313 0.000000 0.000002 0.000000 0.000000 0.000000
    23 0.928311 0.000000 0.000001 0.000000 0.000000 0.043590
    24 3.784085 -0.427337 0.044204 0.006174 -0.034373 -0.094299
    25 1.189159 0.000000 0.000001 0.000000 0.000000 0.502000
    26 1.302900 0.000000 -0.000001 0.000000 0.000000 0.447134
    27 2.046984 0.000001 0.000000 -0.518546 0.383486 -0.435846
    28 -0.000005 0.000007 3.713254 -6.274428 -3.073159 5.864949
    29 18.045723 0.000000 0.000000 0.000000 0.000000 -0.917436
    30 17.597597 0.000000 0.000000 0.370910 -0.094709 0.448787
    31 0.000005 -0.000003 -3.713254 0.237926 3.037540 6.050844
    32 18.045721 0.000000 0.000000 0.000000 0.000000 -1.025095
    33 17.597597 0.000000 0.000000 0.113502 -0.058551 0.704378
  time 115
    0 -17.366752 1.468946 -3.897081 0.081508 -0.095779 -2.777046
    1 -4.664209 0.000000 0.000000 -1.570795 -1.570787 0.000000
    2 1.293670 0.684478 -0.000001 -0.000004 -0.000001 0.393425
    3 5.309685 -0.003834 0.000000 0.000000 0.000000 0.389565
    4 4.826790 -0.004591 0.000000 0.000000 0.000000 0.076209
    5 5.792767 -0.005304 0.000000 0.000000 0.000000 0.017444
    6 6.662322 -0.001452 0.000000 0.000000 -0.000001 0.348900
    7 -2.869899 1.399632 4.140401 -0.000100 -1.292340 -3.142292
    8 4.972048 0.000000 -0.000002 -0.823799 0.360957 -1.077352
    9 11.585358 0.000000 0.000000 0.000000 0.000000 -1.393468
    10 10.127057 -0.000001 0.000001 -0.055985 0.091424 -0.084526
    11 2.162477 0.109716 -1.664490 0.065907 0.446504 0.247329
    12 0.928312 0.000000 0.000000 0.000000 0.000000 0.052314
    13 0.928313 0.000000 -0.000001 0.000000 0.000000 0.052330
    14 3.784085 -0.427338 -0.044205 -0.020400 0.057635 -0.327787
    15 1.189161 -0.000001 -0.000001 0.000000 0.000000 0.567568
    16 1.302900 -0.000001 0.000001 0.000000 0.000000 0.660273
    17 -2.869899 1.399667 -4.140396 0.000026 1.318451 -3.142315
    18 4.972047 0.000000 0.000000 0.859522 -0.717491 -0.639182
    19 11.585358 0.000000 0.000001 0.000000 0.000000 -1.388948
    20 10.127058 0.000000 0.000001 0.791797 0.345348 0.134160
    21 2.162477 0.109715 1.664489 -0.102103 -0.407481 0.466772
    22 0.928313 0.000000 0.000002 0.000000 0.000000 0.000000
    23 0.928311 0.000000 0.000001 0.000000 0.000000 0.043590
    24 3.784085 -0.427337 0.044204 0.005767 -0.034409 -0.082621
    25 1.189159 0.000000 0.000001 0.000000 0.000000 0.495346
    26 1.302900 0.000000 -0.000001 0.000000 0.000000 0.437265
    27 2.046984 0.000001 0.000000 -0.481581 0.380152 -0.431588
    28 -0.000005 0.000007 3.713254 -6.273661 -3.072200 5.866770
    29 18.045723 0.000000 0.000000 0.000000 0.000000 -0.924172
    30 17.597597 0.000000 0.000000 0.370657 -0.095964 0.455527
    31 0.000005 -0.000003 -3.713254 0.238884 3.037828 6.054871
    32 18.045721 0.000000 0.000000 0.000000 0.000000 -1.028637
    33 17.597597 0.000000 0.000000 0.112764 -0.058531 0.710060
  time 116
    0 -17.440973 1.468946 -3.943957 0.081508 -0.097584 -2.777141
    1 -4.617332 0.000000 0.000000 -1.570795 -1.570787 0.000000
    2 1.293670 0.684478 -0.000001 -0.000004 -0.000001 0.385858
    3 5.309685 -0.003834 0.000000 0.000000 0.000000 0.390112
    4 4.826790 -0.004591 0.000000 0.000000 0.000000 0.076209
    5 5.792767 -0.005304 0.000000 0.000000 0.000000 0.017444
    6 6.662322 -0.001452 0.000000 0.000000 -0.000001 0.348900
    7 -2.869899 1.399632 4.140401 -0.000100 -1.292340 -3.142292
    8 4.972048 0.000000 -0.000002 -0.800920 0.371275 -1.244761
    9 11.585358 0.000000 0.000000 0.000000 0.000000 -1.263342
    10 10.127057 -0.000001 0.000001 -0.049351 0.095171 -0.013979
    11 2.162477 0.109716 -1.664490 0.065907 0.446504 0.247329
    12 0.928312 0.000000 0.000000 0.000000 0.000000 0.052314
    13 0.928313 0.000000 -0.000001 0.000000 0.000000 0.052330
    14 3.784085 -0.427338 -0.044205 -0.021347 0.057251 -0.344290
    15 1.189161 -0.000001 -0.000001 0.000000 0.000000 0.565269
    16 1.302900 -0.000001 0.000001 0.000000 0.000000 0.671439
    17 -2.869899 1.399667 -4.140396 0.000026 1.318451 -3.142315
    18 4.972047 0.000000 0.000000 0.852019 -0.720143 -0.626669
    19 11.585358 0.000000 0.000001 0.000000 0.000000 -1.395727
    20 10.127058 0.000000 0.000001 0.769287 0.402370 0.075635
    21 2.162477 0.109715 1.664489 -0.102103 -0.407481 0.466772
    22 0.928313 0.000000 0.000002 0.000000 0.000000 0.000000
    23 0.928311 0.000000 0.000001 0.000000 0.000000 0.043590
    24 3.784085 -0.427337 0.044204 0.005371 -0.034529 -0.070943
    25 1.189159 0.000000 0.000001 0.000000 0.000000 0.488691
    26 1.302900 0.000000 -0.000001 0.000000 0.000000 0.427653
    27 2.046984 0.000001 0.000000 -0.442505 0.374369 -0.427573
    28 -0.000005 0.000007 3.713254 -6.272894 -3.071146 5.869934
    29 18.045723 0.000000 0.000000 0.000000 0.000000 -0.929353
    30 17.597597 0.000000 0.000000 0.370353 -0.097343 0.461945
    31 0.000005 -0.000003 -3.713254 0.239939 3.038403 6.060335
    32 18.045721 0.000000 0.000000 0.000000 0.000000 -1.030291
    33 17.597597 0.000000 0.000000 0.112026 -0.058491 0.715279
  time 117
    0 -17.530820 1.484571 -3.943957 0.081602 -0.099485 -2.777331
    1 -4.566550 0.000000 0.000000 -1.570795 -1.570787 0.000000
    2 1.293670 0.684478 -0.000001 -0.000004 -0.000001 0.378040
    3 5.309685 -0.003834 0.000000 0.000000 0.000000 0.389635
    4 4.826790 -0.004591 0.000000 0.000000 0.000000 0.076209
    5 5.792767 -0.005304 0.000000 0.000000 0.000000 0.017444
    6 6.662322 -0.001452 0.000000 0.000000 -0.000001 0.348900
    7 -2.869899 1.399632 4.140401 -0.000100 -1.292340 -3.142292
    8 4.972048 0.000000 -0.000002 -0.781469 0.391741 -1.408876
    9 11.585358 0.000000 0.000000 0.000000 0.000000 -1.118580
    10 10.127057 -0.000001 0.000001 -0.044422 0.097513 0.037175
    11 2.162477 0.109716 -1.664490 0.065907 0.446504 0.247329
    12 0.928312 0.000000 0.000000 0.000000 0.000000 0.052314
    13 0.928313 0.000000 -0.000001 0.000000 0.000000 0.052330
    14 3.784085 -0.427338 -0.044205 -0.022078 0.056988 -0.357622
    15 1.189161 -0.000001 -0.000001 0.000000 0.000000 0.562219
    16 1.302900 -0.000001 0.000001 0.000000 0.000000 0.678384
    17 -2.869899 1.399667 -4.140396 0.000026 1.318451 -3.142315
    18 4.972047 0.000000 0.000000 0.843952 -0.723116 -0.613159
    19 11.585358 0.000000 0.000001 0.000000 0.000000 -1.400383
    20 10.127058 0.000000 0.000001 0.751686 0.442182 0.026163
    21 2.162477 0.109715 1.664489 -0.102103 -0.407481 0.466772
    22 0.928313 0.000000 0.000002 0.000000 0.000000 0.000000
    23 0.928311 0.000000 0.000001 0.000000 0.000000 0.043590
    24 3.784085 -0.427337 0.044204 0.004952 -0.034588 -0.059321
    25 1.189159 0.000000 0.000001 0.000000 0.000000 0.482070
    26 1.302900 0.000000 -0.000001 0.000000 0.000000 0.417990
    27 2.046984 0.000001 0.000000 -0.401705 0.365577 -0.424167
    28 -0.000005 0.000007 3.713254 -6.272127 -3.069899 5.874727
    29 18.045723 0.000000 0.000000 0.000000 0.000000 -0.932387
    30 17.597597 0.000000 0.000000 0.370049 -0.098819 0.467906
    31 0.000005 -0.000003 -3.713254 0.241184 3.039361 6.067238
    32 18.045721 0.000000 0.000000 0.000000 0.000000 -1.029661
    33 17.597597 0.000000 0.000000 0.111288 -0.058491 0.719759
  time 118
    0 -17.632385 1.484571 -3.943957 0.081602 -0.101480 -2.777426
    1 -4.507954 0.000000 0.000000 -1.570795 -1.570787 0.000000
    2 1.293670 0.684478 -0.000001 -0.000004 -0.000001 0.369987
    3 5.309685 -0.003834 0.000000 0.000000 0.000000 0.387851
    4 4.826790 -0.004591 0.000000 0.000000 0.000000 0.076209
    5 5.792767 -0.005304 0.000000 0.000000 0.000000 0.017444
    6 6.662322 -0.001452 0.000000 0.000000 -0.000001 0.348900
    7 -2.869899 1.399632 4.140401 -0.000100 -1.292340 -3.142292
    8 4.972048 0.000000 -0.000002 -0.770707 0.418090 -1.495873
    9 11.585358 0.000000 0.000000 0.000000 0.000000 -1.026926
    10 10.127057 -0.000001 0.000001 -0.041863 0.098824 0.063826
    11 2.162477 0.109716 -1.664490 0.065907 0.446504 0.247329
    12 0.928312 0.000000 0.000000 0.000000 0.000000 0.052314
    13 0.928313 0.000000 -0.000001 0.000000 0.000000 0.052330
    14 3.784085 -0.427338 -0.044205 -0.022641 0.056736 -0.367089
    15 1.189161 -0.000001 -0.000001 0.000000 0.000000 0.558416
    16 1.302900 -0.000001 0.000001 0.000000 0.000000 0.680574
    17 -2.869899 1.399667 -4.140396 0.000026 1.318451 -3.142315
    18 4.972047 0.000000 0.000000 0.835322 -0.726410 -0.598783
    19 11.585358 0.000000 0.000001 0.000000 0.000000 -1.401281
    20 10.127058 0.000000 0.000001 0.748951 0.451544 0.001253
    21 2.162477 0.109715 1.664489 -0.102103 -0.407481 0.466772
    22 0.928313 0.000000 0.000002 0.000000 0.000000 0.000000
    23 0.928311 0.000000 0.000001 0.000000 0.000000 0.043590
    24 3.784085 -0.427337 0.044204 0.004556 -0.034600 -0.047755
    25 1.189159 0.000000 0.000001 0.000000 0.000000 0.475582
    26 1.302900 0.000000 -0.000001 0.000000 0.000000 0.408532
    27 2.046984 0.000001 0.000000 -0.359570 0.353186 -0.421734
    28 -0.000005 0.000007 3.713254 -6.271360 -3.068557 5.881341
    29 18.045723 0.000000 0.000000 0.000000 0.000000 -0.932905
    30 17.597597 0.000000 0.000000 0.369669 -0.100443 0.473132
    31 0.000005 -0.000003 -3.713254 0.242622 3.040799 6.076058
    32 18.045721 0.000000 0.000000 0.000000 0.000000 -1.026276
    33 17.597597 0.000000 0.000000 0.110516 -0.058531 0.723408
  time 119
    0 -17.698794 1.504103 -3.943957 0.081602 -0.103380 -2.777616
    1 -4.445452 0.000000 0.000000 -1.570795 -1.570787 0.000000
    2 1.293670 0.684478 -0.000001 -0.000004 -0.000001 0.361868
    3 5.309685 -0.003834 0.000000 0.000000 0.000000 0.384424
    4 4.826790 -0.004591 0.000000 0.000000 0.000000 0.076209
    5 5.792767 -0.005304 0.000000 0.000000 0.000000 0.017444
    6 6.662322 -0.001452 0.000000 0.000000 -0.000001 0.348900
    7 -2.869899 1.399632 4.140401 -0.000100 -1.292340 -3.142292
    8 4.972048 0.000000 -0.000002 -0.764728 0.448959 -1.470398
    9 11.585358 0.000000 0.000000 0.000000 0.000000 -1.012798
    10 10.127057 -0.000001 0.000001 -0.029542 0.097887 -0.020308
    11 2.162477 0.109716 -1.664490 0.065907 0.446504 0.247329
    12 0.928312 0.000000 0.000000 0.000000 0.000000 0.052314
    13 0.928313 0.000000 -0.000001 0.000000 0.000000 0.052330
    14 3.784085 -0.427338 -0.044205 -0.022917 0.056676 -0.371649
    15 1.189161 -0.000001 -0.000001 0.000000 0.000000 0.552732
    16 1.302900 -0.000001 0.000001 0.000000 0.000000 0.672988
    17 -2.869899 1.399667 -4.140396 0.000026 1.318451 -3.142315
    18 4.972047 0.000000 0.000000 0.825474 -0.728097 -0.591595
    19 11.585358 0.000000 0.000001 0.000000 0.000000 -1.361258
    20 10.127058 0.000000 0.000001 0.759189 0.438116 -0.004600
    21 2.162477 0.109715 1.664489 -0.102103 -0.407481 0.466772
    22 0.928313 0.000000 0.000002 0.000000 0.000000 0.000000
    23 0.928311 0.000000 0.000001 0.000000 0.000000 0.043590
    24 3.784085 -0.427337 0.044204 0.004161 -0.034660 -0.036245
    25 1.189159 0.000000 0.000001 0.000000 0.000000 0.469061
    26 1.302900 0.000000 -0.000001 0.000000 0.000000 0.399023
    27 2.046984 0.000001 0.000000 -0.316659 0.336428 -0.420821
    28 -0.000005 0.000007 3.713254 -6.270881 -3.067406 5.888530
    29 18.045723 0.000000 0.000000 0.000000 0.000000 -0.930241
    30 17.597597 0.000000 0.000000 0.369289 -0.101797 0.475837
    31 0.000005 -0.000003 -3.713254 0.244060 3.042333 6.084590
    32 18.045721 0.000000 0.000000 0.000000 0.000000 -1.020923
    33 17.597597 0.000000 0.000000 0.109745 -0.058610 0.724794
  time 120
    0 -17.538632 1.519729 -3.897081 0.081602 -0.105281 -2.777806
    1 -4.359512 0.000000 0.000000 -1.570795 -1.570787 0.000000
    2 1.293670 0.684478 -0.000001 -0.000004 -0.000001 0.351807
    3 5.309685 -0.003834 0.000000 0.000000 0.000000 0.377589
    4 4.826790 -0.004591 0.000000 0.013486 -0.001031 0.076209
    5 5.792767 -0.005304 0.000000 0.000000 0.000000 0.017444
    6 6.662322 -0.001452 0.000000 0.000000 -0.000001 0.348900
    7 -2.869899 1.399632 4.140401 -0.000100 -1.292340 -3.142292
    8 4.972048 0.000000 -0.000002 -0.752691 0.491596 -1.375949
    9 11.585358 0.000000 0.000000 0.000000 0.000000 -1.038084
    10 10.127057 -0.000001 0.000001 -0.015326 0.095827 -0.223704
    11 2.162477 0.109716 -1.664490 0.065907 0.446504 0.247329
    12 0.928312 0.000000 0.000000 0.000000 0.000000 0.052314
    13 0.928313 0.000000 -0.000001 0.000000 0.000000 0.052330
    14 3.784085 -0.427338 -0.044205 -0.022857 0.056700 -0.370954
    15 1.189161 -0.000001 -0.000001 0.000000 0.000000 0.544541
    16 1.302900 -0.000001 0.000001 0.000000 0.000000 0.652153
    17 -2.869899 1.399667 -4.140396 0.000026 1.318451 -3.142315
    18 4.972047 0.000000 0.000000 0.809340 -0.732115 -0.581012
    19 11.585358 0.000000 0.000001 0.000000 0.000000 -1.280967
    20 10.127058 0.000000 0.000001 0.772653 0.419108 -0.007701
    21 2.162477 0.109715 1.664489 -0.102103 -0.407481 0.466772
    22 0.928313 0.000000 0.000002 0.000000 0.000000 0.000000
    23 0.928311 0.000000 0.000001 0.000000 0.000000 0.043590
    24 3.784085 -0.427337 0.044204 0.003766 -0.034732 -0.024874
    25 1.189159 0.000000 0.000001 0.000000 0.000000 0.462706
    26 1.302900 0.000000 -0.000001 0.000000 0.000000 0.389822
    27 2.046984 0.000001 0.000000 -0.283830 0.314123 -0.422525
    28 -0.000005 0.000007 3.713254 -6.271456 -3.069420 5.891981
    29 18.045723 0.000000 0.000000 0.000000 0.000000 -0.923283
    30 17.597597 0.000000 0.000000 0.368934 -0.099804 0.470335
    31 0.000005 -0.000003 -3.713254 0.244060 3.040895 6.086412
    32 18.045721 0.000000 0.000000 0.000000 0.000000 -1.016043
    33 17.597597 0.000000 0.000000 0.109275 -0.057308 0.719528
  time 121
    0 -17.312063 1.519729 -3.756452 0.081602 -0.107371 -2.777901
    1 -4.222789 0.000000 0.000000 -1.570795 -1.570787 0.000000
    2 1.293670 0.684478 -0.000001 -0.000004 -0.000001 0.337728
    3 5.309685 -0.003834 0.000000 0.000000 0.000000 0.364606
    4 4.826790 -0.004591 0.000000 0.036108 -0.002768 0.076165
    5 5.792767 -0.005304 0.000000 0.000000 0.000000 0.017444
    6 6.662322 -0.001452 0.000000 0.000000 -0.000001 0.348900
    7 -2.869899 1.399632 4.140401 -0.000100 -1.292340 -3.142292
    8 4.972048 0.000000 -0.000002 -0.723754 0.545915 -1.251346
    9 11.585358 0.000000 0.000000 0.000000 0.000000 -1.076122
    10 10.127057 -0.000001 0.000001 -0.027362 0.087115 -0.434416
    11 2.162477 0.109716 -1.664490 0.065907 0.446504 0.247329
    12 0.928312 0.000000 0.000000 0.000000 0.000000 0.052314
    13 0.928313 0.000000 -0.000001 0.000000 0.000000 0.052330
    14 3.784085 -0.427338 -0.044205 -0.022557 0.056808 -0.365917
    15 1.189161 -0.000001 -0.000001 0.000000 0.000000 0.534218
    16 1.302900 -0.000001 0.000001 0.000000 0.000000 0.620525
    17 -2.869899 1.399667 -4.140396 0.000026 1.318451 -3.142315
    18 4.972047 0.000000 0.000000 0.783358 -0.742962 -0.551462
    19 11.585358 0.000000 0.000001 0.000000 0.000000 -1.198307
    20 10.127058 0.000000 0.000001 0.788852 0.395184 -0.008602
    21 2.162477 0.109715 1.664489 -0.102103 -0.407481 0.466772
    22 0.928313 0.000000 0.000002 0.000000 0.000000 0.000000
    23 0.928311 0.000000 0.000001 0.000000 0.000000 0.043590
    24 3.784085 -0.427337 0.044204 0.003370 -0.034768 -0.013643
    25 1.189159 0.000000 0.000001 0.000000 0.000000 0.456384
    26 1.302900 0.000000 -0.000001 0.000000 0.000000 0.380930
    27 2.046984 0.000001 0.000000 -0.253414 0.287069 -0.419544
    28 -0.000005 0.000007 3.713254 -6.272990 -3.072200 5.899746
    29 18.045723 0.000000 0.000000 0.000000 0.000000 -0.906778
    30 17.597597 0.000000 0.000000 0.368605 -0.096703 0.459653
    31 0.000005 -0.000003 -3.713254 0.244060 3.039457 6.091205
    32 18.045721 0.000000 0.000000 0.000000 0.000000 -1.002897
    33 17.597597 0.000000 0.000000 0.109006 -0.055257 0.708812
  time 122
    0 -17.034711 1.519729 -3.522069 0.081602 -0.109272 -2.778091
    1 -4.035283 -0.007813 0.000000 -1.570795 -1.570787 0.000000
    2 1.293670 0.684478 -0.000001 -0.000004 -0.000001 0.319647
    3 5.309685 -0.003834 0.000000 0.000000 0.000000 0.344134
    4 4.826790 -0.004591 0.000000 0.069144 -0.005321 0.076033
    5 5.792767 -0.005304 0.000000 0.000000 0.000000 0.017444
    6 6.662322 -0.001452 0.000000 0.000000 -0.000001 0.348900
    7 -2.869899 1.399632 4.140401 -0.000100 -1.292340 -3.142292
    8 4.972048 0.000000 -0.000002 -0.674090 0.603134 -1.134368
    9 11.585358 0.000000 0.000000 0.000000 0.000000 -1.100539
    10 10.127057 -0.000001 0.000001 -0.090294 0.057421 -0.538639
    11 2.162477 0.109716 -1.664490 0.065907 0.446504 0.247329
    12 0.928312 0.000000 0.000000 0.000000 0.000000 0.052314
    13 0.928313 0.000000 -0.000001 0.000000 0.000000 0.052330
    14 3.784085 -0.427338 -0.044205 -0.022078 0.056988 -0.357231
    15 1.189161 -0.000001 -0.000001 0.000000 0.000000 0.522182
    16 1.302900 -0.000001 0.000001 0.000000 0.000000 0.580404
    17 -2.869899 1.399667 -4.140396 0.000026 1.318451 -3.142315
    18 4.972047 0.000000 0.000000 0.749028 -0.759916 -0.505805
    19 11.585358 0.000000 0.000001 0.000000 0.000000 -1.113850
    20 10.127058 0.000000 0.000001 0.807154 0.367098 -0.007701
    21 2.162477 0.109715 1.664489 -0.102103 -0.407481 0.466772
    22 0.928313 0.000000 0.000002 0.000000 0.000000 0.000000
    23 0.928311 0.000000 0.000001 0.000000 0.000000 0.043590
    24 3.784085 -0.427337 0.044204 0.002987 -0.034768 -0.002468
    25 1.189159 0.000000 0.000001 0.000000 0.000000 0.450162
    26 1.302900 0.000000 -0.000001 0.000000 0.000000 0.372140
    27 2.046984 0.000001 0.000000 -0.227392 0.257270 -0.410055
    28 -0.000005 0.000007 3.713254 -6.275291 -3.075939 5.914316
    29 18.045723 0.000000 0.000000 0.000000 0.000000 -0.877468
    30 17.597597 0.000000 0.000000 0.368376 -0.092593 0.442781
    31 0.000005 -0.000003 -3.713254 0.244156 3.038690 6.101367
    32 18.045721 0.000000 0.000000 0.000000 0.000000 -0.978022
    33 17.597597 0.000000 0.000000 0.108939 -0.052456 0.691677
  time 123
    0 -16.714389 1.535354 -3.240811 0.081696 -0.111267 -2.778281
    1 -3.789182 -0.007813 0.000000 -1.570795 -1.570787 0.000000
    2 1.293670 0.684478 -0.000001 -0.000004 -0.000001 0.297934
    3 5.309685 -0.003834 0.000000 0.000000 0.000000 0.315837
    4 4.826790 -0.004591 0.000000 0.112272 -0.008629 0.075724
    5 5.792767 -0.005304 0.000000 0.000000 0.000000 0.017444
    6 6.662322 -0.001452 0.000000 0.000000 -0.000001 0.348900
    7 -2.869899 1.399632 4.140401 -0.000100 -1.292340 -3.142292
    8 4.972048 0.000000 -0.000002 -0.601628 0.656430 -1.012971
    9 11.585358 0.000000 0.000000 0.000000 0.000000 -1.115609
    10 10.127057 -0.000001 0.000001 -0.207816 0.007681 -0.531846
    11 2.162477 0.109716 -1.664490 0.065907 0.446504 0.247329
    12 0.928312 0.000000 0.000000 0.000000 0.000000 0.052314
    13 0.928313 0.000000 -0.000001 0.000000 0.000000 0.052330
    14 3.784085 -0.427338 -0.044205 -0.021431 0.057251 -0.345723
    15 1.189161 -0.000001 -0.000001 0.000000 0.000000 0.509143
    16 1.302900 -0.000001 0.000001 0.000000 0.000000 0.533978
    17 -2.869899 1.399667 -4.140396 0.000026 1.318451 -3.142315
    18 4.972047 0.000000 0.000000 0.707569 -0.781530 -0.447369
    19 11.585358 0.000000 0.000001 0.000000 0.000000 -1.028495
    20 10.127058 0.000000 0.000001 0.826789 0.335703 -0.005650
    21 2.162477 0.109715 1.664489 -0.102103 -0.407481 0.466772
    22 0.928313 0.000000 0.000002 0.000000 0.000000 0.000000
    23 0.928311 0.000000 0.000001 0.000000 0.000000 0.043590
    24 3.784085 -0.427337 0.044204 0.002603 -0.034816 0.008483
    25 1.189159 0.000000 0.000001 0.000000 0.000000 0.444040
    26 1.302900 0.000000 -0.000001 0.000000 0.000000 0.363556
    27 2.046984 0.000001 0.000000 -0.205807 0.226941 -0.393448
    28 -0.000005 0.000007 3.713254 -6.278551 -3.080349 5.936939
    29 18.045723 0.000000 0.000000 0.000000 0.000000 -0.833356
    30 17.597597 0.000000 0.000000 0.368224 -0.087696 0.419262
    31 0.000005 -0.000003 -3.713254 0.244539 3.038882 6.117953
    32 18.045721 0.000000 0.000000 0.000000 0.000000 -0.939843
    33 17.597597 0.000000 0.000000 0.109073 -0.048965 0.667520
  time 124
    0 -16.362815 1.535354 -2.865799 0.081696 -0.113262 -2.778376
    1 -3.496204 -0.019532 0.000000 -1.570795 -1.570787 0.000000
    2 1.293670 0.684478 -0.000001 -0.000004 -0.000001 0.273543
    3 5.309685 -0.003834 0.000000 0.000000 0.000000 0.280615
    4 4.826790 -0.004591 0.000000 0.163486 -0.012560 0.075195
    5 5.792767 -0.005304 0.000000 0.000000 0.000000 0.017444
    6 6.662322 -0.001452 0.000000 0.000000 -0.000001 0.348900
    7 -2.869899 1.399632 4.140401 -0.000100 -1.292340 -3.142292
    8 4.972048 0.000000 -0.000002 -0.518563 0.700005 -0.919822
    9 11.585358 0.000000 0.000000 0.000000 0.000000 -1.079600
    10 10.127057 -0.000001 0.000001 -0.360312 -0.048991 -0.488821
    11 2.162477 0.109716 -1.664490 0.065907 0.446504 0.247329
    12 0.928312 0.000000 0.000000 0.000000 0.000000 0.052314
    13 0.928313 0.000000 -0.000001 0.000000 0.000000 0.052330
    14 3.784085 -0.427338 -0.044205 -0.020652 0.057503 -0.332087
    15 1.189161 -0.000001 -0.000001 0.000000 0.000000 0.495352
    16 1.302900 -0.000001 0.000001 0.000000 0.000000 0.483759
    17 -2.869899 1.399667 -4.140396 0.000026 1.318451 -3.142315
    18 4.972047 0.000000 0.000000 0.660013 -0.806679 -0.378950
    19 11.585358 0.000000 0.000001 0.000000 0.000000 -0.942322
    20 10.127058 0.000000 0.000001 0.847545 0.301849 -0.002699
    21 2.162477 0.109715 1.664489 -0.102103 -0.407481 0.466772
    22 0.928313 0.000000 0.000002 0.000000 0.000000 0.000000
    23 0.928311 0.000000 0.000001 0.000000 0.000000 0.043590
    24 3.784085 -0.427337 0.044204 0.002231 -0.034828 0.019323
    25 1.189159 0.000000 0.000001 0.000000 0.000000 0.438050
    26 1.302900 0.000000 -0.000001 0.000000 0.000000 0.355178
    27 2.046984 0.000001 0.000000 -0.186247 0.198204 -0.370820
    28 -0.000005 0.000007 3.713254 0.000610 -3.085431 5.967902
    29 18.045723 0.000000 0.000000 0.000000 0.000000 -0.774070
    30 17.597597 0.000000 0.000000 0.368199 -0.082158 0.388865
    31 0.000005 -0.000003 -3.713254 0.245402 3.040224 6.141345
    32 18.045721 0.000000 0.000000 0.000000 0.000000 -0.888047
    33 17.597597 0.000000 0.000000 0.109375 -0.044902 0.636759
  time 125
    0 -15.991710 1.535354 -2.440005 0.081696 -0.115353 -2.778566
    1 -3.160257 -0.019532 0.000000 -1.570795 -1.570787 0.000000
    2 1.293670 0.684478 -0.000001 -0.000004 -0.000001 0.247678
    3 5.309685 -0.003834 0.000000 0.000000 0.000000 0.240431
    4 4.826790 -0.004591 0.000000 0.219202 -0.016766 0.074379
    5 5.792767 -0.005304 0.000000 0.000000 0.000000 0.017444
    6 6.662322 -0.001452 0.000000 0.000000 -0.000001 0.348900
    7 -2.869899 1.399632 4.140401 -0.000100 -1.292340 -3.142292
    8 4.972048 0.000000 -0.000002 -0.440280 0.741192 -0.881869
    9 11.585358 0.000000 0.000000 0.000000 0.000000 -0.978890
    10 10.127057 -0.000001 0.000001 -0.538207 -0.099761 -0.413513
    11 2.162477 0.109716 -1.664490 0.065907 0.446504 0.247329
    12 0.928312 0.000000 0.000000 0.000000 0.000000 0.052314
    13 0.928313 0.000000 -0.000001 0.000000 0.000000 0.052330
    14 3.784085 -0.427338 -0.044205 -0.019777 0.057803 -0.317234
    15 1.189161 -0.000001 -0.000001 0.000000 0.000000 0.481310
    16 1.302900 -0.000001 0.000001 0.000000 0.000000 0.431937
    17 -2.869899 1.399667 -4.140396 0.000026 1.318451 -3.142315
    18 4.972047 0.000000 0.000000 0.607486 -0.833918 -0.303477
    19 11.585358 0.000000 0.000001 0.000000 0.000000 -0.856068
    20 10.127058 0.000000 0.000001 0.868582 0.266103 0.000552
    21 2.162477 0.109715 1.664489 -0.102103 -0.407481 0.466772
    22 0.928313 0.000000 0.000002 0.000000 0.000000 0.000000
    23 0.928311 0.000000 0.000001 0.000000 0.000000 0.043590
    24 3.784085 -0.427337 0.044204 0.001860 -0.034852 0.029967
    25 1.189159 0.000000 0.000001 0.000000 0.000000 0.432228
    26 1.302900 0.000000 -0.000001 0.000000 0.000000 0.347108
    27 2.046984 0.000001 0.000000 -0.165008 0.172359 -0.344664
    28 -0.000005 0.000007 3.713254 -0.003416 -3.090800 6.006725
    29 18.045723 0.000000 0.000000 0.000000 0.000000 -0.700647
    30 17.597597 0.000000 0.000000 0.368326 -0.076351 0.352096
    31 0.000005 -0.000003 -3.713254 0.246647 3.042813 6.170968
    32 18.045721 0.000000 0.000000 0.000000 0.000000 -0.824600
    33 17.597597 0.000000 0.000000 0.109879 -0.040484 0.600455
  time 126
    0 -15.616699 1.535354 -1.971241 0.081696 -0.117348 -2.778756
    1 -2.804777 -0.031251 0.000000 -1.570795 -1.570787 0.000000
    2 1.293670 0.684478 -0.000001 -0.000004 -0.000001 0.221779
    3 5.309685 -0.003834 0.000000 0.000000 0.000000 0.197985
    4 4.826790 -0.004591 0.000000 0.275071 -0.020961 0.073321
    5 5.792767 -0.005304 0.000000 0.000000 0.000000 0.017444
    6 6.662322 -0.001452 0.000000 0.000000 -0.000001 0.348900
    7 -2.869899 1.399632 4.140401 -0.000100 -1.292340 -3.142292
    8 4.972048 0.000000 -0.000002 -0.356657 0.779139 -0.846515
    9 11.585358 0.000000 0.000000 0.000000 0.000000 -0.865863
    10 10.127057 -0.000001 0.000001 -0.730034 -0.132921 -0.314573
    11 2.162477 0.109716 -1.664490 0.065907 0.446504 0.247329
    12 0.928312 0.000000 0.000000 0.000000 0.000000 0.052314
    13 0.928313 0.000000 -0.000001 0.000000 0.000000 0.052330
    14 3.784085 -0.427338 -0.044205 -0.018878 0.058090 -0.301818
    15 1.189161 -0.000001 -0.000001 0.000000 0.000000 0.467561
    16 1.302900 -0.000001 0.000001 0.000000 0.000000 0.380863
    17 -2.869899 1.399667 -4.140396 0.000026 1.318451 -3.142315
    18 4.972047 0.000000 0.000000 0.551582 -0.861879 -0.224209
    19 11.585358 0.000000 0.000001 0.000000 0.000000 -0.770223
    20 10.127058 0.000000 0.000001 0.889900 0.229223 0.003854
    21 2.162477 0.109715 1.664489 -0.102103 -0.407481 0.466772
    22 0.928313 0.000000 0.000002 0.000000 0.000000 0.000000
    23 0.928311 0.000000 0.000001 0.000000 0.000000 0.043590
    24 3.784085 -0.427337 0.044204 0.001488 -0.034864 0.040388
    25 1.189159 0.000000 0.000001 0.000000 0.000000 0.426472
    26 1.302900 0.000000 -0.000001 0.000000 0.000000 0.339398
    27 2.046984 0.000001 0.000000 -0.137693 0.149612 -0.319177
    28 -0.000005 0.000007 3.713254 -0.007635 -3.096456 6.051683
    29 18.045723 0.000000 0.000000 0.000000 0.000000 -0.615456
    30 17.597597 0.000000 0.000000 0.368630 -0.070518 0.309825
    31 0.000005 -0.000003 -3.713254 0.248085 3.046456 6.204906
    32 18.045721 0.000000 0.000000 0.000000 0.000000 -0.752809
    33 17.597597 0.000000 0.000000 0.110550 -0.036026 0.560271
  time 127
    0 -15.241687 1.535354 -1.549353 0.081696 -0.119534 -2.778946
    1 -2.457110 -0.039064 0.000000 -1.570795 -1.570787 0.000000
    2 1.293670 0.684478 -0.000001 -0.000004 -0.000001 0.197388
    3 5.309685 -0.003834 0.000000 0.000000 0.000000 0.156299
    4 4.826790 -0.004591 0.000000 0.326515 -0.024736 0.072152
    5 5.792767 -0.005304 0.000000 0.000000 0.000000 0.017444
    6 6.662322 -0.001452 0.000000 0.000000 -0.000001 0.348900
    7 -2.869899 1.399632 4.140401 -0.000100 -1.292340 -3.142292
    8 4.972048 0.000000 -0.000002 -0.271201 0.812993 -0.812028
    9 11.585358 0.000000 0.000000 0.000000 0.000000 -0.744720
    10 10.127057 -0.000001 0.000001 -0.921198 -0.142569 -0.205530
    11 2.162477 0.109716 -1.664490 0.065907 0.446504 0.247329
    12 0.928312 0.000000 0.000000 0.000000 0.000000 0.052314
    13 0.928313 0.000000 -0.000001 0.000000 0.000000 0.052330
    14 3.784085 -0.427338 -0.044205 -0.017991 0.058414 -0.286618
    15 1.189161 -0.000001 -0.000001 0.000000 0.000000 0.454438
    16 1.302900 -0.000001 0.000001 0.000000 0.000000 0.332941
    17 -2.869899 1.399667 -4.140396 0.000026 1.318451 -3.142315
    18 4.972047 0.000000 0.000000 0.493802 -0.889359 -0.144809
    19 11.585358 0.000000 0.000001 0.000000 0.000000 -0.685194
    20 10.127058 0.000000 0.000001 0.910797 0.192343 0.007155
    21 2.162477 0.109715 1.664489 -0.102103 -0.407481 0.466772
    22 0.928313 0.000000 0.000002 0.000000 0.000000 0.000000
    23 0.928311 0.000000 0.000001 0.000000 0.000000 0.043590
    24 3.784085 -0.427337 0.044204 0.001153 -0.034864 0.050613
    25 1.189159 0.000000 0.000001 0.000000 0.000000 0.420948
    26 1.302900 0.000000 -0.000001 0.000000 0.000000 0.332048
    27 2.046984 0.000001 0.000000 -0.100211 0.128783 -0.298981
    28 -0.000005 0.000007 3.713254 -0.011566 -3.102113 6.100763
    29 18.045723 0.000000 0.000000 0.000000 0.000000 -0.521679
    30 17.597597 0.000000 0.000000 0.369061 -0.064932 0.263107
    31 0.000005 -0.000003 -3.713254 0.249810 3.050770 6.240666
    32 18.045721 0.000000 0.000000 0.000000 0.000000 -0.677555
    33 17.597597 0.000000 0.000000 0.111288 -0.031707 0.518563
  time 128
    0 -14.878395 1.535354 -1.174342 0.081790 -0.121529 -2.779041
    1 -2.136788 -0.039064 0.000000 -1.570795 -1.570787 0.000000
    2 1.293670 0.684478 -0.000001 -0.000004 -0.000001 0.175809
    3 5.309685 -0.003834 0.000000 0.000000 0.000000 0.118198
    4 4.826790 -0.004591 0.000000 0.369642 -0.027876 0.071006
    5 5.792767 -0.005304 0.000000 0.000000 0.000000 0.017444
    6 6.662322 -0.001452 0.000000 0.000000 -0.000001 0.348900
    7 -2.869899 1.399632 4.140401 -0.000100 -1.292340 -3.142292
    8 4.972048 0.000000 -0.000002 -0.187658 0.841986 -0.778061
    9 11.585358 0.000000 0.000000 0.000000 0.000000 -0.619521
    10 10.127057 -0.000001 0.000001 -1.095586 -0.129830 -0.101306
    11 2.162477 0.109716 -1.664490 0.065907 0.446504 0.247329
    12 0.928312 0.000000 0.000000 0.000000 0.000000 0.052314
    13 0.928313 0.000000 -0.000001 0.000000 0.000000 0.052330
    14 3.784085 -0.427338 -0.044205 -0.017200 0.058665 -0.272591
    15 1.189161 -0.000001 -0.000001 0.000000 0.000000 0.442569
    16 1.302900 -0.000001 0.000001 0.000000 0.000000 0.290309
    17 -2.869899 1.399667 -4.140396 0.000026 1.318451 -3.142315
    18 4.972047 0.000000 0.000000 0.436679 -0.915071 -0.069135
    19 11.585358 0.000000 0.000001 0.000000 0.000000 -0.601636
    20 10.127058 0.000000 0.000001 0.930923 0.155936 0.010106
    21 2.162477 0.109715 1.664489 -0.102103 -0.407481 0.466772
    22 0.928313 0.000000 0.000002 0.000000 0.000000 0.000000
    23 0.928311 0.000000 0.000001 0.000000 0.000000 0.043590
    24 3.784085 -0.427337 0.044204 0.000805 -0.034864 0.060587
    25 1.189159 0.000000 0.000001 0.000000 0.000000 0.415591
    26 1.302900 0.000000 -0.000001 0.000000 0.000000 0.325006
    27 2.046984 0.000001 0.000000 -0.050407 0.108101 -0.288397
    28 -0.000005 0.000007 3.713254 -0.015113 -3.107674 6.151664
    29 18.045723 0.000000 0.000000 0.000000 0.000000 -0.423314
    30 17.597597 0.000000 0.000000 0.369618 -0.059764 0.213455
    31 0.000005 -0.000003 -3.713254 0.251344 3.055084 -0.008007
    32 18.045721 0.000000 0.000000 0.000000 0.000000 -0.604819
    33 17.597597 0.000000 0.000000 0.112060 -0.027821 0.478149
  time 129
    0 -14.546354 1.535354 -0.893083 0.081790 -0.123524 -2.779231
    1 -1.867248 -0.042970 0.000000 -1.570795 -1.570787 0.000000
    2 1.293670 0.684478 -0.000001 -0.000004 -0.000001 0.157963
    3 5.309685 -0.003834 0.000000 0.000000 0.000000 0.085892
    4 4.826790 -0.004591 0.000000 0.401877 -0.030177 0.070057
    5 5.792767 -0.005304 0.000000 0.000000 0.000000 0.017444
    6 6.662322 -0.001452 0.000000 0.000000 -0.000001 0.348900
    7 -2.869899 1.399632 4.140401 -0.000100 -1.292340 -3.142292
    8 4.972048 0.000000 -0.000002 -0.109694 0.865521 -0.744268
    9 11.585358 0.000000 0.000000 0.000000 0.000000 -0.494611
    10 10.127057 -0.000001 0.000001 -1.238130 -0.103695 -0.015140
    11 2.162477 0.109716 -1.664490 0.065907 0.446504 0.247329
    12 0.928312 0.000000 0.000000 0.000000 0.000000 0.052314
    13 0.928313 0.000000 -0.000001 0.000000 0.000000 0.052330
    14 3.784085 -0.427338 -0.044205 -0.016469 0.058845 -0.260431
    15 1.189161 -0.000001 -0.000001 0.000000 0.000000 0.432372
    16 1.302900 -0.000001 0.000001 0.000000 0.000000 0.255422
    17 -2.869899 1.399667 -4.140396 0.000026 1.318451 -3.142315
    18 4.972047 0.000000 0.000000 0.382932 -0.937729 -0.001981
    19 11.585358 0.000000 0.000001 0.000000 0.000000 -0.520446
    20 10.127058 0.000000 0.000001 0.950137 0.120853 0.012708
    21 2.162477 0.109715 1.664489 -0.102103 -0.407481 0.466772
    22 0.928313 0.000000 0.000002 0.000000 0.000000 0.000000
    23 0.928311 0.000000 0.000001 0.000000 0.000000 0.043590
    24 3.784085 -0.427337 0.044204 0.000470 -0.034888 0.070281
    25 1.189159 0.000000 0.000001 0.000000 0.000000 0.410401
    26 1.302900 0.000000 -0.000001 0.000000 0.000000 0.318375
    27 2.046984 0.000001 0.000000 0.011589 0.086563 -0.290709
    28 -0.000005 0.000007 3.713254 -0.017989 -3.112851 6.201798
    29 18.045723 0.000000 0.000000 0.000000 0.000000 -0.324430
    30 17.597597 0.000000 0.000000 0.370201 -0.055186 0.162794
    31 0.000005 -0.000003 -3.713254 0.252494 3.058918 0.021712
    32 18.045721 0.000000 0.000000 0.000000 0.000000 -0.541136
    33 17.597597 0.000000 0.000000 0.112831 -0.024429 0.442076
  time 130
    0 -14.249470 1.535354 -0.705577 0.081790 -0.125235 -2.779326
    1 -1.652398 -0.042970 0.000000 -1.570795 -1.570787 0.000000
    2 1.293670 0.684478 -0.000001 -0.000004 -0.000001 0.144336
    3 5.309685 -0.003834 0.000000 0.000000 0.000000 0.060597
    4 4.826790 -0.004591 0.000000 0.422459 -0.031627 0.069418
    5 5.792767 -0.005304 0.000000 0.000000 0.000000 0.017444
    6 6.662322 -0.001452 0.000000 0.000000 -0.000001 0.348900
    7 -2.869899 1.399632 4.140401 -0.000100 -1.292340 -3.142292
    8 4.972048 0.000000 -0.000002 -0.042094 0.882832 -0.711427
    9 11.585358 0.000000 0.000000 0.000000 0.000000 -0.373977
    10 10.127057 -0.000001 0.000001 -1.337360 -0.076530 0.043968
    11 2.162477 0.109716 -1.664490 0.065907 0.446504 0.247329
    12 0.928312 0.000000 0.000000 0.000000 0.000000 0.052314
    13 0.928313 0.000000 -0.000001 0.000000 0.000000 0.052330
    14 3.784085 -0.427338 -0.044205 -0.015894 0.058977 -0.250921
    15 1.189161 -0.000001 -0.000001 0.000000 0.000000 0.424306
    16 1.302900 -0.000001 0.000001 0.000000 0.000000 0.230580
    17 -2.869899 1.399667 -4.140396 0.000026 1.318451 -3.142315
    18 4.972047 0.000000 0.000000 0.336502 -0.956450 0.051263
    19 11.585358 0.000000 0.000001 0.000000 0.000000 -0.441380
    20 10.127058 0.000000 0.000001 0.968018 0.088134 0.014658
    21 2.162477 0.109715 1.664489 -0.102103 -0.407481 0.466772
    22 0.928313 0.000000 0.000002 0.000000 0.000000 0.000000
    23 0.928311 0.000000 0.000001 0.000000 0.000000 0.043590
    24 3.784085 -0.427337 0.044204 0.000134 -0.034888 0.079724
    25 1.189159 0.000000 0.000001 0.000000 0.000000 0.405443
    26 1.302900 0.000000 -0.000001 0.000000 0.000000 0.312156
    27 2.046984 0.000001 0.000000 0.082504 0.064878 -0.306767
    28 -0.000005 0.000007 3.713254 -0.020194 -3.117549 6.249536
    29 18.045723 0.000000 0.000000 0.000000 0.000000 -0.228285
    30 17.597597 0.000000 0.000000 0.370708 -0.051224 0.112775
    31 0.000005 -0.000003 -3.713254 0.253261 3.061507 0.044050
    32 18.045721 0.000000 0.000000 0.000000 0.000000 -0.491701
    33 17.597597 0.000000 0.000000 0.113502 -0.021747 0.413255
  time 131
    0 -13.999462 1.535354 -0.564948 0.081790 -0.125330 -2.779421
    1 -1.503956 -0.050783 0.000000 -1.570795 -1.570787 0.000000
    2 1.293670 0.684478 -0.000001 -0.000004 -0.000001 0.134776
    3 5.309685 -0.003834 0.000000 0.000000 0.000000 0.042580
    4 4.826790 -0.004591 0.000000 0.432625 -0.032334 0.069109
    5 5.792767 -0.005304 0.000000 0.000000 0.000000 0.017444
    6 6.662322 -0.001452 0.000000 0.000000 -0.000001 0.348900
    7 -2.869899 1.399632 4.140401 -0.000100 -1.292340 -3.142292
    8 4.972048 0.000000 -0.000002 0.010678 0.892894 -0.680406
    9 11.585358 0.000000 0.000000 0.000000 0.000000 -0.262036
    10 10.127057 -0.000001 0.000001 -1.383232 -0.061824 0.069574
    11 2.162477 0.109716 -1.664490 0.065907 0.446504 0.247329
    12 0.928312 0.000000 0.000000 0.000000 0.000000 0.052314
    13 0.928313 0.000000 -0.000001 0.000000 0.000000 0.052330
    14 3.784085 -0.427338 -0.044205 -0.015522 0.059109 -0.244711
    15 1.189161 -0.000001 -0.000001 0.000000 0.000000 0.418790
    16 1.302900 -0.000001 0.000001 0.000000 0.000000 0.218079
    17 -2.869899 1.399667 -4.140396 0.000026 1.318451 -3.142315
    18 4.972047 0.000000 0.000000 0.301140 -0.970672 0.084940
    19 11.585358 0.000000 0.000001 0.000000 0.000000 -0.365418
    20 10.127058 0.000000 0.000001 0.984217 0.058535 0.016059
    21 2.162477 0.109715 1.664489 -0.102103 -0.407481 0.466772
    22 0.928313 0.000000 0.000002 0.000000 0.000000 0.000000
    23 0.928311 0.000000 0.000001 0.000000 0.000000 0.043590
    24 3.784085 -0.427337 0.044204 -0.000189 -0.034888 0.088859
    25 1.189159 0.000000 0.000001 0.000000 0.000000 0.400685
    26 1.302900 0.000000 -0.000001 0.000000 0.000000 0.306450
    27 2.046984 0.000001 0.000000 0.155055 0.045878 -0.334870
    28 -0.000005 0.000007 3.713254 -0.021728 -3.121671 0.010347
    29 18.045723 0.000000 0.000000 0.000000 0.000000 -0.135323
    30 17.597597 0.000000 0.000000 0.371012 -0.048050 0.063672
    31 0.000005 -0.000003 -3.713254 0.253356 3.062657 0.056513
    32 18.045721 0.000000 0.000000 0.000000 0.000000 -0.459348
    33 17.597597 0.000000 0.000000 0.114274 -0.019695 0.393070
  time 132
    0 -13.811956 1.535354 -0.518072 0.081696 -0.115828 -2.778566
    1 -1.406297 -0.050783 0.000000 -1.570795 -1.570787 0.000000
    2 1.293670 0.684478 -0.000001 -0.000004 -0.000001 0.128750
    3 5.309685 -0.003834 0.000000 0.000000 0.000000 0.031064
    4 4.826790 -0.004591 0.000000 0.435181 -0.032526 0.069021
    5 5.792767 -0.005304 0.000000 0.000000 0.000000 0.017444
    6 6.662322 -0.001452 0.000000 0.000000 -0.000001 0.348900
    7 -2.869899 1.399632 4.140401 -0.000100 -1.292340 -3.142292
    8 4.972048 0.000000 -0.000002 0.046631 0.899716 -0.652245
    9 11.585358 0.000000 0.000000 0.000000 0.000000 -0.228418
    10 10.127057 -0.000001 0.000001 -1.398776 -0.057234 0.076019
    11 2.162477 0.109716 -1.664490 0.065907 0.446504 0.247329
    12 0.928312 0.000000 0.000000 0.000000 0.000000 0.052314
    13 0.928313 0.000000 -0.000001 0.000000 0.000000 0.052330
    14 3.784085 -0.427338 -0.044205 -0.015307 0.059145 -0.240672
    15 1.189161 -0.000001 -0.000001 0.000000 0.000000 0.414778
    16 1.302900 -0.000001 0.000001 0.000000 0.000000 0.212736
    17 -2.869899 1.399667 -4.140396 0.000026 1.318451 -3.142315
    18 4.972047 0.000000 0.000000 0.281348 -0.979109 0.093127
    19 11.585358 0.000000 0.000001 0.000000 0.000000 -0.293131
    20 10.127058 0.000000 0.000001 0.998592 0.032719 0.016909
    21 2.162477 0.109715 1.664489 -0.102103 -0.407481 0.466772
    22 0.928313 0.000000 0.000002 0.000000 0.000000 0.000000
    23 0.928311 0.000000 0.000001 0.000000 0.000000 0.043590
    24 3.784085 -0.427337 0.044204 -0.000477 -0.034888 0.097715
    25 1.189159 0.000000 0.000001 0.000000 0.000000 0.396094
    26 1.302900 0.000000 -0.000001 0.000000 0.000000 0.301053
    27 2.046984 0.000001 0.000000 0.217353 0.034194 -0.369847
    28 -0.000005 0.000007 3.713254 -0.023070 3.157730 0.064699
    29 18.045723 0.000000 0.000000 0.000000 0.000000 -0.001874
    30 17.597597 0.000000 0.000000 0.371037 -0.045761 -0.005923
    31 0.000005 -0.000003 -3.713254 0.251535 3.062945 0.052199
    32 18.045721 0.000000 0.000000 0.000000 0.000000 -0.442424
    33 17.597597 0.000000 0.000000 0.116455 -0.018610 0.381246
  time 133
    0 -13.663514 1.535354 -0.471195 0.081931 -0.112882 -2.779991
    1 -1.343795 -0.050783 0.000000 -1.570795 -1.570787 0.000000
    2 1.293670 0.684478 -0.000001 -0.000004 -0.000001 0.124866
    3 5.309685 -0.003834 0.000000 0.000000 0.000000 0.022991
    4 4.826790 -0.004591 0.000000 0.433407 -0.032394 0.069065
    5 5.792767 -0.005304 0.000000 0.000000 0.000000 0.017444
    6 6.662322 -0.001452 0.000000 0.000000 -0.000001 0.348900
    7 -2.869899 1.399632 4.140401 -0.000100 -1.292340 -3.142292
    8 4.972048 0.000000 -0.000002 0.072220 0.903724 -0.624257
    9 11.585358 0.000000 0.000000 0.000000 0.000000 -0.241097
    10 10.127057 -0.000001 0.000001 -1.413371 -0.052737 0.082058
    11 2.162477 0.109716 -1.664490 0.065907 0.446504 0.247329
    12 0.928312 0.000000 0.000000 0.000000 0.000000 0.052314
    13 0.928313 0.000000 -0.000001 0.000000 0.000000 0.052330
    14 3.784085 -0.427338 -0.044205 -0.015055 0.059241 -0.236546
    15 1.189161 -0.000001 -0.000001 0.000000 0.000000 0.410807
    16 1.302900 -0.000001 0.000001 0.000000 0.000000 0.207661
    17 -2.869899 1.399667 -4.140396 0.000026 1.318451 -3.142315
    18 4.972047 0.000000 0.000000 0.273844 -0.982082 0.088268
    19 11.585358 0.000000 0.000001 0.000000 0.000000 -0.246982
    20 10.127058 0.000000 0.000001 1.010584 0.011726 0.017410
    21 2.162477 0.109715 1.664489 -0.102103 -0.407481 0.466772
    22 0.928313 0.000000 0.000002 0.000000 0.000000 0.000000
    23 0.928311 0.000000 0.000001 0.000000 0.000000 0.043590
    24 3.784085 -0.427337 0.044204 -0.000789 -0.034864 0.106208
    25 1.189159 0.000000 0.000001 0.000000 0.000000 0.391768
    26 1.302900 0.000000 -0.000001 0.000000 0.000000 0.296170
    27 2.046984 0.000001 0.000000 0.265692 0.034047 -0.421247
    28 -0.000005 0.000007 3.713254 -0.023166 3.155812 0.059906
    29 18.045723 0.000000 0.000000 0.000000 0.000000 -0.001874
    30 17.597597 0.000000 0.000000 0.369491 -0.043866 -0.007849
    31 0.000005 -0.000003 -3.713254 0.250960 3.061986 0.051048
    32 18.045721 0.000000 0.000000 0.000000 0.000000 -0.433371
    33 17.597597 0.000000 0.000000 0.115415 -0.017328 0.373717
  time 134
    0 -13.526791 1.535354 -0.424319 0.082118 -0.110127 -2.781512
    1 -1.293012 -0.050783 0.000000 -1.570699 -1.570451 0.000000
    2 1.293670 0.684478 -0.000001 -0.000004 -0.000001 0.122070
    3 5.309685 -0.003834 0.000000 0.000000 0.000000 0.016050
    4 4.826790 -0.004591 0.000000 0.428581 -0.032059 0.069242
    5 5.792767 -0.005304 0.000000 0.000000 0.000000 0.017444
    6 6.662322 -0.001452 0.000000 0.000000 -0.000001 0.348900
    7 -2.869899 1.399632 4.140401 -0.000100 -1.292340 -3.142292
    8 4.972048 0.000000 -0.000002 0.096215 0.906794 -0.596702
    9 11.585358 0.000000 0.000000 0.000000 0.000000 -0.254573
    10 10.127057 -0.000001 0.000001 -1.427019 -0.048335 0.087516
    11 2.162477 0.109716 -1.664490 0.065907 0.446504 0.247329
    12 0.928312 0.000000 0.000000 0.000000 0.000000 0.052314
    13 0.928313 0.000000 -0.000001 0.000000 0.000000 0.052330
    14 3.784085 -0.427338 -0.044205 -0.014839 0.059265 -0.232508
    15 1.189161 -0.000001 -0.000001 0.000000 0.000000 0.407004
    16 1.302900 -0.000001 0.000001 0.000000 0.000000 0.202906
    17 -2.869899 1.399667 -4.140396 0.000026 1.318451 -3.142315
    18 4.972047 0.000000 0.000000 0.271593 -0.981520 0.085273
    19 11.585358 0.000000 0.000001 0.000000 0.000000 -0.234648
    20 10.127058 0.000000 0.000001 1.020050 -0.003688 0.017310
    21 2.162477 0.109715 1.664489 -0.102103 -0.407481 0.466772
    22 0.928313 0.000000 0.000002 0.000000 0.000000 0.000000
    23 0.928311 0.000000 0.000001 0.000000 0.000000 0.043590
    24 3.784085 -0.427337 0.044204 -0.001076 -0.034864 0.114450
    25 1.189159 0.000000 0.000001 0.000000 0.000000 0.387709
    26 1.302900 0.000000 -0.000001 0.000000 0.000000 0.291750
    27 2.046984 0.000001 0.000000 0.271250 0.055496 -0.488341
    28 -0.000005 0.000007 3.713254 -0.023262 3.153991 0.055113
    29 18.045723 0.000000 0.000000 0.000000 0.000000 -0.001874
    30 17.597597 0.000000 0.000000 0.367870 -0.042143 -0.009820
    31 0.000005 -0.000003 -3.713254 0.250481 3.060836 0.048939
    32 18.045721 0.000000 0.000000 0.000000 0.000000 -0.426365
    33 17.597597 0.000000 0.000000 0.114173 -0.016204 0.367113
  time 135
    0 -13.397881 1.535354 -0.424319 0.082212 -0.107371 -2.783127
    1 -1.250042 -0.042970 0.000000 -1.570795 -1.570787 0.000000
    2 1.293670 0.684478 -0.000001 -0.000004 -0.000001 0.120111
    3 5.309685 -0.003834 0.000000 0.000000 0.000000 0.010044
    4 4.826790 -0.004591 0.000000 0.421295 -0.031543 0.069484
    5 5.792767 -0.005304 0.000000 0.000000 0.000000 0.017444
    6 6.662322 -0.001452 0.000000 0.000000 -0.000001 0.348900
    7 -2.869899 1.399632 4.140401 -0.000100 -1.292340 -3.142292
    8 4.972048 0.000000 -0.000002 0.118137 0.909352 -0.569494
    9 11.585358 0.000000 0.000000 0.000000 0.000000 -0.268774
    10 10.127057 -0.000001 0.000001 -1.439719 -0.044120 0.092509
    11 2.162477 0.109716 -1.664490 0.065907 0.446504 0.247329
    12 0.928312 0.000000 0.000000 0.000000 0.000000 0.052314
    13 0.928313 0.000000 -0.000001 0.000000 0.000000 0.052330
    14 3.784085 -0.427338 -0.044205 -0.014588 0.059361 -0.228599
    15 1.189161 -0.000001 -0.000001 0.000000 0.000000 0.403243
    16 1.302900 -0.000001 0.000001 0.000000 0.000000 0.198525
    17 -2.869899 1.399667 -4.140396 0.000026 1.318451 -3.142315
    18 4.972047 0.000000 0.000000 0.271499 -0.979752 0.081546
    19 11.585358 0.000000 0.000001 0.000000 0.000000 -0.234403
    20 10.127058 0.000000 0.000001 1.026642 -0.012861 0.016759
    21 2.162477 0.109715 1.664489 -0.102103 -0.407481 0.466772
    22 0.928313 0.000000 0.000002 0.000000 0.000000 0.000000
    23 0.928311 0.000000 0.000001 0.000000 0.000000 0.043590
    24 3.784085 -0.427337 0.044204 -0.001328 -0.034864 0.122189
    25 1.189159 0.000000 0.000001 0.000000 0.000000 0.383916
    26 1.302900 0.000000 -0.000001 0.000000 0.000000 0.287843
    27 2.046984 0.000001 0.000000 0.226099 0.091608 -0.552576
    28 -0.000005 0.000007 3.713254 -0.023358 3.152361 0.050320
    29 18.045723 0.000000 0.000000 0.000000 0.000000 -0.001874
    30 17.597597 0.000000 0.000000 0.366197 -0.040617 -0.011929
    31 0.000005 -0.000003 -3.713254 0.249906 3.059589 0.045967
    32 18.045721 0.000000 0.000000 0.000000 0.000000 -0.421012
    33 17.597597 0.000000 0.000000 0.112898 -0.015218 0.361339
  time 136
    0 -13.276784 1.535354 -0.377442 0.082400 -0.104426 -2.784647
    1 -1.222698 -0.042970 0.000000 -1.570795 -1.570787 0.000000
    2 1.293670 0.684478 -0.000001 -0.000004 -0.000001 0.118872
    3 5.309685 -0.003834 0.000000 0.000000 0.000000 0.004833
    4 4.826790 -0.004591 0.000000 0.412101 -0.030908 0.069749
    5 5.792767 -0.005304 0.000000 0.000000 0.000000 0.017444
    6 6.662322 -0.001452 0.000000 0.000000 -0.000001 0.348900
    7 -2.869899 1.399632 4.140401 -0.000100 -1.292340 -3.142292
    8 4.972048 0.000000 -0.000002 0.137827 0.911143 -0.542979
    9 11.585358 0.000000 0.000000 0.000000 0.000000 -0.283772
    10 10.127057 -0.000001 0.000001 -1.451566 -0.040092 0.096980
    11 2.162477 0.109716 -1.664490 0.065907 0.446504 0.247329
    12 0.928312 0.000000 0.000000 0.000000 0.000000 0.052314
    13 0.928313 0.000000 -0.000001 0.000000 0.000000 0.052330
    14 3.784085 -0.427338 -0.044205 -0.014360 0.059373 -0.224647
    15 1.189161 -0.000001 -0.000001 0.000000 0.000000 0.399440
    16 1.302900 -0.000001 0.000001 0.000000 0.000000 0.194358
    17 -2.869899 1.399667 -4.140396 0.000026 1.318451 -3.142315
    18 4.972047 0.000000 0.000000 0.272625 -0.977582 0.074957
    19 11.585358 0.000000 0.000001 0.000000 0.000000 -0.233505
    20 10.127058 0.000000 0.000001 1.031410 -0.018345 0.015859
    21 2.162477 0.109715 1.664489 -0.102103 -0.407481 0.466772
    22 0.928313 0.000000 0.000002 0.000000 0.000000 0.000000
    23 0.928311 0.000000 0.000001 0.000000 0.000000 0.043590
    24 3.784085 -0.427337 0.044204 -0.001580 -0.034864 0.129732
    25 1.189159 0.000000 0.000001 0.000000 0.000000 0.380256
    26 1.302900 0.000000 -0.000001 0.000000 0.000000 0.284399
    27 2.046984 0.000001 0.000000 0.172461 0.123472 -0.602152
    28 -0.000005 0.000007 3.713254 -0.023454 3.150827 0.045431
    29 18.045723 0.000000 0.000000 0.000000 0.000000 -0.001874
    30 17.597597 0.000000 0.000000 0.364449 -0.039141 -0.013992
    31 0.000005 -0.000003 -3.713254 0.249235 3.058247 0.042324
    32 18.045721 0.000000 0.000000 0.000000 0.000000 -0.417234
    33 17.597597 0.000000 0.000000 0.111556 -0.014311 0.356397
  time 137
    0 -13.163499 1.535354 -0.377442 0.082587 -0.101670 -2.786357
    1 -1.199259 -0.042970 0.000000 -1.570795 -1.570787 0.000000
    2 1.293670 0.684478 -0.000001 -0.000004 -0.000001 0.118253
    3 5.309685 -0.003834 0.000000 0.000000 0.000000 -0.000024
    4 4.826790 -0.004591 0.000000 0.401381 -0.030141 0.070102
    5 5.792767 -0.005304 0.000000 0.000000 0.000000 0.017444
    6 6.662322 -0.001452 0.000000 0.000000 -0.000001 0.348900
    7 -2.869899 1.399632 4.140401 -0.000100 -1.292340 -3.142292
    8 4.972048 0.000000 -0.000002 0.155524 0.912422 -0.517070
    9 11.585358 0.000000 0.000000 0.000000 0.000000 -0.299060
    10 10.127057 -0.000001 0.000001 -1.462465 -0.036157 0.101044
    11 2.162477 0.109716 -1.664490 0.065907 0.446504 0.247329
    12 0.928312 0.000000 0.000000 0.000000 0.000000 0.052314
    13 0.928313 0.000000 -0.000001 0.000000 0.000000 0.052330
    14 3.784085 -0.427338 -0.044205 -0.014120 0.059468 -0.220782
    15 1.189161 -0.000001 -0.000001 0.000000 0.000000 0.395804
    16 1.302900 -0.000001 0.000001 0.000000 0.000000 0.190512
    17 -2.869899 1.399667 -4.140396 0.000026 1.318451 -3.142315
    18 4.972047 0.000000 0.000000 0.275627 -0.974449 0.065307
    19 11.585358 0.000000 0.000001 0.000000 0.000000 -0.232606
    20 10.127058 0.000000 0.000001 1.036039 -0.023357 0.015159
    21 2.162477 0.109715 1.664489 -0.102103 -0.407481 0.466772
    22 0.928313 0.000000 0.000002 0.000000 0.000000 0.000000
    23 0.928311 0.000000 0.000001 0.000000 0.000000 0.043590
    24 3.784085 -0.427337 0.044204 -0.001843 -0.034852 0.137219
    25 1.189159 0.000000 0.000001 0.000000 0.000000 0.376729
    26 1.302900 0.000000 -0.000001 0.000000 0.000000 0.281058
    27 2.046984 0.000001 0.000000 0.153375 0.140643 -0.630559
    28 -0.000005 0.000007 3.713254 -0.023550 3.149389 0.040542
    29 18.045723 0.000000 0.000000 0.000000 0.000000 -0.001874
    30 17.597597 0.000000 0.000000 0.362675 -0.037812 -0.016147
    31 0.000005 -0.000003 -3.713254 0.248564 3.056905 0.038010
    32 18.045721 0.000000 0.000000 0.000000 0.000000 -0.414715
    33 17.597597 0.000000 0.000000 0.110147 -0.013502 0.352148
  time 138
    0 -13.058027 1.535354 -0.377442 0.082775 -0.098915 -2.788067
    1 -1.179728 -0.039064 0.000000 -1.570795 -1.570787 0.000000
    2 1.293670 0.684478 -0.000001 -0.000004 -0.000001 0.118102
    3 5.309685 -0.003834 0.000000 0.000000 0.000000 -0.003469
    4 4.826790 -0.004591 0.000000 0.389498 -0.029290 0.070454
    5 5.792767 -0.005304 0.000000 0.000000 0.000000 0.017444
    6 6.662322 -0.001452 0.000000 0.000000 -0.000001 0.348900
    7 -2.869899 1.399632 4.140401 -0.000100 -1.292340 -3.142292
    8 4.972048 0.000000 -0.000002 0.171228 0.913189 -0.491855
    9 11.585358 0.000000 0.000000 0.000000 0.000000 -0.315144
    10 10.127057 -0.000001 0.000001 -1.472606 -0.032411 0.104935
    11 2.162477 0.109716 -1.664490 0.065907 0.446504 0.247329
    12 0.928312 0.000000 0.000000 0.000000 0.000000 0.052314
    13 0.928313 0.000000 -0.000001 0.000000 0.000000 0.052330
    14 3.784085 -0.427338 -0.044205 -0.013904 0.059492 -0.216961
    15 1.189161 -0.000001 -0.000001 0.000000 0.000000 0.392210
    16 1.302900 -0.000001 0.000001 0.000000 0.000000 0.186986
    17 -2.869899 1.399667 -4.140396 0.000026 1.318451 -3.142315
    18 4.972047 0.000000 0.000000 0.280410 -0.970512 0.052595
    19 11.585358 0.000000 0.000001 0.000000 0.000000 -0.231708
    20 10.127058 0.000000 0.000001 1.040667 -0.028180 0.014308
    21 2.162477 0.109715 1.664489 -0.102103 -0.407481 0.466772
    22 0.928313 0.000000 0.000002 0.000000 0.000000 0.000000
    23 0.928311 0.000000 0.000001 0.000000 0.000000 0.043590
    24 3.784085 -0.427337 0.044204 -0.002107 -0.034828 0.144567
    25 1.189159 0.000000 0.000001 0.000000 0.000000 0.373235
    26 1.302900 0.000000 -0.000001 0.000000 0.000000 0.277872
    27 2.046984 0.000001 0.000000 0.164835 0.144537 -0.625206
    28 -0.000005 0.000007 3.713254 -0.023550 3.148142 0.035749
    29 18.045723 0.000000 0.000000 0.000000 0.000000 -0.001874
    30 17.597597 0.000000 0.000000 0.360825 -0.036557 -0.018210
    31 0.000005 -0.000003 -3.713254 0.247989 3.055467 0.033217
    32 18.045721 0.000000 0.000000 0.000000 0.000000 -0.413219
    33 17.597597 0.000000 0.000000 0.108671 -0.012772 0.348499
  time 139
    0 -12.960368 1.535354 -0.330566 0.082962 -0.096159 -2.789872
    1 -1.168008 -0.042970 0.000000 -1.570795 -1.570787 0.000000
    2 1.293670 0.684478 -0.000001 -0.000004 -0.000001 0.118320
    3 5.309685 -0.003834 0.000000 0.000000 0.000000 -0.006807
    4 4.826790 -0.004591 0.000000 0.376756 -0.028391 0.070807
    5 5.792767 -0.005304 0.000000 0.000000 0.000000 0.017444
    6 6.662322 -0.001452 0.000000 0.000000 -0.000001 0.348900
    7 -2.869899 1.399632 4.140401 -0.000100 -1.292340 -3.142292
    8 4.972048 0.000000 -0.000002 0.185179 0.913701 -0.467246
    9 11.585358 0.000000 0.000000 0.000000 0.000000 -0.331591
    10 10.127057 -0.000001 0.000001 -1.481894 -0.028945 0.108186
    11 2.162477 0.109716 -1.664490 0.065907 0.446504 0.247329
    12 0.928312 0.000000 0.000000 0.000000 0.000000 0.052314
    13 0.928313 0.000000 -0.000001 0.000000 0.000000 0.052330
    14 3.784085 -0.427338 -0.044205 -0.013689 0.059552 -0.213269
    15 1.189161 -0.000001 -0.000001 0.000000 0.000000 0.388616
    16 1.302900 -0.000001 0.000001 0.000000 0.000000 0.183727
    17 -2.869899 1.399667 -4.140396 0.000026 1.318451 -3.142315
    18 4.972047 0.000000 0.000000 0.286789 -0.965851 0.037220
    19 11.585358 0.000000 0.000001 0.000000 0.000000 -0.231054
    20 10.127058 0.000000 0.000001 1.044874 -0.032530 0.013608
    21 2.162477 0.109715 1.664489 -0.102103 -0.407481 0.466772
    22 0.928313 0.000000 0.000002 0.000000 0.000000 0.000000
    23 0.928311 0.000000 0.000001 0.000000 0.000000 0.043590
    24 3.784085 -0.427337 0.044204 -0.002347 -0.034828 0.151802
    25 1.189159 0.000000 0.000001 0.000000 0.000000 0.369808
    26 1.302900 0.000000 -0.000001 0.000000 0.000000 0.274839
    27 2.046984 0.000001 0.000000 0.177243 0.148196 -0.620583
    28 -0.000005 0.000007 3.713254 -0.023646 3.146896 0.030956
    29 18.045723 0.000000 0.000000 0.000000 0.000000 -0.001874
    30 17.597597 0.000000 0.000000 0.358925 -0.035376 -0.020319
    31 0.000005 -0.000003 -3.713254 0.247223 3.054029 0.027944
    32 18.045721 0.000000 0.000000 0.000000 0.000000 -0.412747
    33 17.597597 0.000000 0.000000 0.107094 -0.012121 0.345358
  time 140
    0 -12.870521 1.535354 -0.330566 0.083056 -0.093213 -2.791677
    1 -1.160196 -0.039064 0.000000 -1.570795 -1.570787 0.000000
    2 1.293670 0.684478 -0.000001 -0.000004 -0.000001 0.118872
    3 5.309685 -0.003834 0.000000 0.000000 0.000000 -0.009704
    4 4.826790 -0.004591 0.000000 0.363385 -0.027421 0.071182
    5 5.792767 -0.005304 0.000000 0.000000 0.000000 0.017444
    6 6.662322 -0.001452 0.000000 0.000000 -0.000001 0.348900
    7 -2.869899 1.399632 4.140401 -0.000100 -1.292340 -3.142292
    8 4.972048 0.000000 -0.000002 0.197216 0.914127 -0.443331
    9 11.585358 0.000000 0.000000 0.000000 0.000000 -0.348401
    10 10.127057 -0.000001 0.000001 -1.490424 -0.025573 0.111031
    11 2.162477 0.109716 -1.664490 0.065907 0.446504 0.247329
    12 0.928312 0.000000 0.000000 0.000000 0.000000 0.052314
    13 0.928313 0.000000 -0.000001 0.000000 0.000000 0.052330
    14 3.784085 -0.427338 -0.044205 -0.013473 0.059624 -0.209491
    15 1.189161 -0.000001 -0.000001 0.000000 0.000000 0.385189
    16 1.302900 -0.000001 0.000001 0.000000 0.000000 0.180735
    17 -2.869899 1.399667 -4.140396 0.000026 1.318451 -3.142315
    18 4.972047 0.000000 0.000000 0.294574 -0.960468 0.019517
    19 11.585358 0.000000 0.000001 0.000000 0.000000 -0.230646
    20 10.127058 0.000000 0.000001 1.049152 -0.036596 0.012758
    21 2.162477 0.109715 1.664489 -0.102103 -0.407481 0.466772
    22 0.928313 0.000000 0.000002 0.000000 0.000000 0.000000
    23 0.928311 0.000000 0.000001 0.000000 0.000000 0.043590
    24 3.784085 -0.427337 0.044204 -0.002610 -0.034816 0.158982
    25 1.189159 0.000000 0.000001 0.000000 0.000000 0.366448
    26 1.302900 0.000000 -0.000001 0.000000 0.000000 0.271909
    27 2.046984 0.000001 0.000000 0.190426 0.151589 -0.616386
    28 -0.000005 0.000007 3.713254 -0.023741 3.145745 0.026163
    29 18.045723 0.000000 0.000000 0.000000 0.000000 -0.001874
    30 17.597597 0.000000 0.000000 0.356948 -0.034317 -0.022291
    31 0.000005 -0.000003 -3.713254 0.246552 3.052495 0.022479
    32 18.045721 0.000000 0.000000 0.000000 0.000000 -0.413062
    33 17.597597 0.000000 0.000000 0.105450 -0.011490 0.342725
  time 141
    0 -12.784581 1.535354 -0.330566 0.083244 -0.090458 -2.793578
    1 -1.156289 -0.039064 0.000000 -1.570795 -1.570787 0.000000
    2 1.293670 0.684478 -0.000001 -0.000004 -0.000001 0.119676
    3 5.309685 -0.003834 0.000000 0.000000 0.000000 -0.012195
    4 4.826790 -0.004591 0.000000 0.349537 -0.026426 0.071557
    5 5.792767 -0.005304 0.000000 0.000000 0.000000 0.017444
    6 6.662322 -0.001452 0.000000 0.000000 -0.000001 0.348900
    7 -2.869899 1.399632 4.140401 -0.000100 -1.292340 -3.142292
    8 4.972048 0.000000 -0.000002 0.207420 0.914298 -0.420022
    9 11.585358 0.000000 0.000000 0.000000 0.000000 -0.365572
    10 10.127057 -0.000001 0.000001 -1.498196 -0.022200 0.113760
    11 2.162477 0.109716 -1.664490 0.065907 0.446504 0.247329
    12 0.928312 0.000000 0.000000 0.000000 0.000000 0.052314
    13 0.928313 0.000000 -0.000001 0.000000 0.000000 0.052330
    14 3.784085 -0.427338 -0.044205 -0.013233 0.059648 -0.205800
    15 1.189161 -0.000001 -0.000001 0.000000 0.000000 0.381720
    16 1.302900 -0.000001 0.000001 0.000000 0.000000 0.178010
    17 -2.869899 1.399667 -4.140396 0.000026 1.318451 -3.142315
    18 4.972047 0.000000 0.000000 0.303485 -0.954281 -0.000517
    19 11.585358 0.000000 0.000001 0.000000 0.000000 -0.230319
    20 10.127058 0.000000 0.000001 1.053149 -0.040473 0.012057
    21 2.162477 0.109715 1.664489 -0.102103 -0.407481 0.466772
    22 0.928313 0.000000 0.000002 0.000000 0.000000 0.000000
    23 0.928311 0.000000 0.000001 0.000000 0.000000 0.043590
    24 3.784085 -0.427337 0.044204 -0.002850 -0.034792 0.166079
    25 1.189159 0.000000 0.000001 0.000000 0.000000 0.363154
    26 1.302900 0.000000 -0.000001 0.000000 0.000000 0.269082
    27 2.046984 0.000001 0.000000 0.204041 0.154775 -0.612736
    28 -0.000005 0.000007 3.713254 -0.023837 3.144691 0.021562
    29 18.045723 0.000000 0.000000 0.000000 0.000000 -0.001874
    30 17.597597 0.000000 0.000000 0.354896 -0.033308 -0.024308
    31 0.000005 -0.000003 -3.713254 0.245881 3.050961 0.016631
    32 18.045721 0.000000 0.000000 0.000000 0.000000 -0.414006
    33 17.597597 0.000000 0.000000 0.103739 -0.010918 0.340416
  time 142
    0 -12.702547 1.535354 -0.330566 0.083431 -0.087702 -2.795478
    1 -1.156289 -0.039064 0.000000 -1.570795 -1.570787 0.000000
    2 1.293670 0.684478 -0.000001 -0.000004 -0.000001 0.120664
    3 5.309685 -0.003834 0.000000 0.000000 0.000000 -0.014367
    4 4.826790 -0.004591 0.000000 0.335403 -0.025395 0.071910
    5 5.792767 -0.005304 0.000000 0.000000 0.000000 0.017444
    6 6.662322 -0.001452 0.000000 0.000000 -0.000001 0.348900
    7 -2.869899 1.399632 4.140401 -0.000100 -1.292340 -3.142292
    8 4.972048 0.000000 -0.000002 0.215949 0.914383 -0.397406
    9 11.585358 0.000000 0.000000 0.000000 0.000000 -0.382961
    10 10.127057 -0.000001 0.000001 -1.505209 -0.019296 0.115909
    11 2.162477 0.109716 -1.664490 0.065907 0.446504 0.247329
    12 0.928312 0.000000 0.000000 0.000000 0.000000 0.052314
    13 0.928313 0.000000 -0.000001 0.000000 0.000000 0.052330
    14 3.784085 -0.427338 -0.044205 -0.013018 0.059684 -0.202195
    15 1.189161 -0.000001 -0.000001 0.000000 0.000000 0.378335
    16 1.302900 -0.000001 0.000001 0.000000 0.000000 0.175499
    17 -2.869899 1.399667 -4.140396 0.000026 1.318451 -3.142315
    18 4.972047 0.000000 0.000000 0.313334 -0.947692 -0.022347
    19 11.585358 0.000000 0.000001 0.000000 0.000000 -0.230238
    20 10.127058 0.000000 0.000001 1.056935 -0.044067 0.011357
    21 2.162477 0.109715 1.664489 -0.102103 -0.407481 0.466772
    22 0.928313 0.000000 0.000002 0.000000 0.000000 0.000000
    23 0.928311 0.000000 0.000001 0.000000 0.000000 0.043590
    24 3.784085 -0.427337 0.044204 -0.003090 -0.034768 0.173063
    25 1.189159 0.000000 0.000001 0.000000 0.000000 0.359960
    26 1.302900 0.000000 -0.000001 0.000000 0.000000 0.266409
    27 2.046984 0.000001 0.000000 0.218086 0.157755 -0.609451
    28 -0.000005 0.000007 3.713254 -0.023933 3.143636 0.016865
    29 18.045723 0.000000 0.000000 0.000000 0.000000 -0.001874
    30 17.597597 0.000000 0.000000 0.352767 -0.032349 -0.026279
    31 0.000005 -0.000003 -3.713254 0.245114 3.049428 0.010592
    32 18.045721 0.000000 0.000000 0.000000 0.000000 -0.415502
    33 17.597597 0.000000 0.000000 0.101961 -0.010366 0.338476
  time 143
    0 -12.624420 1.535354 -0.330566 0.083619 -0.084947 -2.797568
    1 -1.160196 -0.031251 0.000000 -1.570795 -1.570787 0.000000
    2 1.293670 0.684478 -0.000001 -0.000004 -0.000001 0.121802
    3 5.309685 -0.003834 0.000000 0.000000 0.000000 -0.016240
    4 4.826790 -0.004591 0.000000 0.321059 -0.024353 0.072262
    5 5.792767 -0.005304 0.000000 0.000000 0.000000 0.017444
    6 6.662322 -0.001452 0.000000 0.000000 -0.000001 0.348900
    7 -2.869899 1.399632 4.140401 -0.000100 -1.292340 -3.142292
    8 4.972048 0.000000 -0.000002 0.223044 0.914383 -0.375484
    9 11.585358 0.000000 0.000000 0.000000 0.000000 -0.400567
    10 10.127057 -0.000001 0.000001 -1.511465 -0.016486 0.117825
    11 2.162477 0.109716 -1.664490 0.065907 0.446504 0.247329
    12 0.928312 0.000000 0.000000 0.000000 0.000000 0.052314
    13 0.928313 0.000000 -0.000001 0.000000 0.000000 0.052330
    14 3.784085 -0.427338 -0.044205 -0.012814 0.059756 -0.198591
    15 1.189161 -0.000001 -0.000001 0.000000 0.000000 0.375117
    16 1.302900 -0.000001 0.000001 0.000000 0.000000 0.173256
    17 -2.869899 1.399667 -4.140396 0.000026 1.318451 -3.142315
    18 4.972047 0.000000 0.000000 0.324120 -0.940381 -0.045774
    19 11.585358 0.000000 0.000001 0.000000 0.000000 -0.229992
    20 10.127058 0.000000 0.000001 1.060792 -0.047188 0.010657
    21 2.162477 0.109715 1.664489 -0.102103 -0.407481 0.466772
    22 0.928313 0.000000 0.000002 0.000000 0.000000 0.000000
    23 0.928311 0.000000 0.000001 0.000000 0.000000 0.043590
    24 3.784085 -0.427337 0.044204 -0.003317 -0.034768 0.179963
    25 1.189159 0.000000 0.000001 0.000000 0.000000 0.356799
    26 1.302900 0.000000 -0.000001 0.000000 0.000000 0.264096
    27 2.046984 0.000001 0.000000 0.232389 0.160587 -0.606471
    28 -0.000005 0.000007 3.713254 -0.024029 3.142677 0.012264
    29 18.045723 0.000000 0.000000 0.000000 0.000000 -0.001874
    30 17.597597 0.000000 0.000000 0.350563 -0.031463 -0.028159
    31 0.000005 -0.000003 -3.713254 0.244347 3.047894 0.004360
    32 18.045721 0.000000 0.000000 0.000000 0.000000 -0.417470
    33 17.597597 0.000000 0.000000 0.100015 -0.009853 0.336767
  time 144
    0 -12.550199 1.535354 -0.330566 0.083806 -0.082096 -2.799658
    1 -1.164102 -0.035157 0.000000 -1.570795 -1.570787 0.000000
    2 1.293670 0.684478 -0.000001 -0.000004 -0.000001 0.123058
    3 5.309685 -0.003834 0.000000 0.000000 0.000000 -0.017865
    4 4.826790 -0.004591 0.000000 0.306639 -0.023286 0.072615
    5 5.792767 -0.005304 0.000000 0.000000 0.000000 0.017444
    6 6.662322 -0.001452 0.000000 0.000000 -0.000001 0.348900
    7 -2.869899 1.399632 4.140401 -0.000100 -1.292340 -3.142292
    8 4.972048 0.000000 -0.000002 0.228624 0.914383 -0.354081
    9 11.585358 0.000000 0.000000 0.000000 0.000000 -0.418246
    10 10.127057 -0.000001 0.000001 -1.517056 -0.013863 0.119276
    11 2.162477 0.109716 -1.664490 0.065907 0.446504 0.247329
    12 0.928312 0.000000 0.000000 0.000000 0.000000 0.052314
    13 0.928313 0.000000 -0.000001 0.000000 0.000000 0.052330
    14 3.784085 -0.427338 -0.044205 -0.012586 0.059780 -0.195117
    15 1.189161 -0.000001 -0.000001 0.000000 0.000000 0.371816
    16 1.302900 -0.000001 0.000001 0.000000 0.000000 0.171279
    17 -2.869899 1.399667 -4.140396 0.000026 1.318451 -3.142315
    18 4.972047 0.000000 0.000000 0.335376 -0.932747 -0.070666
    19 11.585358 0.000000 0.000001 0.000000 0.000000 -0.229992
    20 10.127058 0.000000 0.000001 1.064369 -0.050119 0.010006
    21 2.162477 0.109715 1.664489 -0.102103 -0.407481 0.466772
    22 0.928313 0.000000 0.000002 0.000000 0.000000 0.000000
    23 0.928311 0.000000 0.000001 0.000000 0.000000 0.043590
    24 3.784085 -0.427337 0.044204 -0.003557 -0.034756 0.186752
    25 1.189159 0.000000 0.000001 0.000000 0.000000 0.353738
    26 1.302900 0.000000 -0.000001 0.000000 0.000000 0.261680
    27 2.046984 0.000001 0.000000 0.246736 0.163302 -0.603855
    28 -0.000005 0.000007 3.713254 -0.024029 3.141814 0.007662
    29 18.045723 0.000000 0.000000 0.000000 0.000000 -0.001874
    30 17.597597 0.000000 0.000000 0.348206 -0.030577 -0.030085
    31 0.000005 -0.000003 -3.713254 0.243676 3.046264 -0.001967
    32 18.045721 0.000000 0.000000 0.000000 0.000000 -0.419753
    33 17.597597 0.000000 0.000000 0.098001 -0.009340 0.335335
  time 145
    0 -12.475978 1.535354 -0.330566 0.083994 -0.079341 -2.802033
    1 -1.168008 -0.031251 0.000000 -1.570795 -1.570787 0.000000
    2 1.293670 0.684478 -0.000001 -0.000004 -0.000001 0.124414
    3 5.309685 -0.003834 0.000000 0.000000 0.000000 -0.019295
    4 4.826790 -0.004591 0.000000 0.292181 -0.022231 0.072946
    5 5.792767 -0.005304 0.000000 0.000000 0.000000 0.017444
    6 6.662322 -0.001452 0.000000 0.000000 -0.000001 0.348900
    7 -2.869899 1.399632 4.140401 -0.000100 -1.292340 -3.142292
    8 4.972048 0.000000 -0.000002 0.232690 0.914639 -0.333372
    9 11.585358 0.000000 0.000000 0.000000 0.000000 -0.435997
    10 10.127057 -0.000001 0.000001 -1.521985 -0.011334 0.120612
    11 2.162477 0.109716 -1.664490 0.065907 0.446504 0.247329
    12 0.928312 0.000000 0.000000 0.000000 0.000000 0.052314
    13 0.928313 0.000000 -0.000001 0.000000 0.000000 0.052330
    14 3.784085 -0.427338 -0.044205 -0.012382 0.059816 -0.191599
    15 1.189161 -0.000001 -0.000001 0.000000 0.000000 0.368598
    16 1.302900 -0.000001 0.000001 0.000000 0.000000 0.169516
    17 -2.869899 1.399667 -4.140396 0.000026 1.318451 -3.142315
    18 4.972047 0.000000 0.000000 0.347289 -0.924632 -0.096689
    19 11.585358 0.000000 0.000001 0.000000 0.000000 -0.229992
    20 10.127058 0.000000 0.000001 1.067805 -0.052861 0.009406
    21 2.162477 0.109715 1.664489 -0.102103 -0.407481 0.466772
    22 0.928313 0.000000 0.000002 0.000000 0.000000 0.000000
    23 0.928311 0.000000 0.000001 0.000000 0.000000 0.043590
    24 3.784085 -0.427337 0.044204 -0.003797 -0.034732 0.193513
    25 1.189159 0.000000 0.000001 0.000000 0.000000 0.350710
    26 1.302900 0.000000 -0.000001 0.000000 0.000000 0.259470
    27 2.046984 0.000001 0.000000 0.261212 0.165839 -0.601422
    28 -0.000005 0.000007 3.713254 -0.024125 3.140952 0.003157
    29 18.045723 0.000000 0.000000 0.000000 0.000000 -0.001874
    30 17.597597 0.000000 0.000000 0.345774 -0.029765 -0.031873
    31 0.000005 -0.000003 -3.713254 0.242910 3.044730 -0.008486
    32 18.045721 0.000000 0.000000 0.000000 0.000000 -0.422429
    33 17.597597 0.000000 0.000000 0.095888 -0.008847 0.334088
  time 146
    0 -12.405663 1.535354 -0.330566 0.084229 -0.076585 -2.804314
    1 -1.175821 -0.027345 0.000000 -1.570795 -1.570787 0.000000
    2 1.293670 0.684478 -0.000001 -0.000004 -0.000001 0.125853
    3 5.309685 -0.003834 0.000000 0.000000 0.000000 -0.020532
    4 4.826790 -0.004591 0.000000 0.277703 -0.021141 0.073254
    5 5.792767 -0.005304 0.000000 0.000000 0.000000 0.017444
    6 6.662322 -0.001452 0.000000 0.000000 -0.000001 0.348900
    7 -2.869899 1.399632 4.140401 -0.000100 -1.292340 -3.142292
    8 4.972048 0.000000 -0.000002 0.235799 0.914809 -0.313269
    9 11.585358 0.000000 0.000000 0.000000 0.000000 -0.453820
    10 10.127057 -0.000001 0.000001 -1.526155 -0.009180 0.121425
    11 2.162477 0.109716 -1.664490 0.065907 0.446504 0.247329
    12 0.928312 0.000000 0.000000 0.000000 0.000000 0.052314
    13 0.928313 0.000000 -0.000001 0.000000 0.000000 0.052330
    14 3.784085 -0.427338 -0.044205 -0.012179 0.059888 -0.188168
    15 1.189161 -0.000001 -0.000001 0.000000 0.000000 0.365505
    16 1.302900 -0.000001 0.000001 0.000000 0.000000 0.168020
    17 -2.869899 1.399667 -4.140396 0.000026 1.318451 -3.142315
    18 4.972047 0.000000 0.000000 0.359389 -0.916356 -0.123511
    19 11.585358 0.000000 0.000001 0.000000 0.000000 -0.230238
    20 10.127058 0.000000 0.000001 1.071171 -0.055131 0.008756
    21 2.162477 0.109715 1.664489 -0.102103 -0.407481 0.466772
    22 0.928313 0.000000 0.000002 0.000000 0.000000 0.000000
    23 0.928311 0.000000 0.000001 0.000000 0.000000 0.043590
    24 3.784085 -0.427337 0.044204 -0.004036 -0.034660 0.200162
    25 1.189159 0.000000 0.000001 0.000000 0.000000 0.347749
    26 1.302900 0.000000 -0.000001 0.000000 0.000000 0.257311
    27 2.046984 0.000001 0.000000 0.198785 0.153064 -0.545216
    28 -0.000005 0.000007 3.713254 -0.024125 3.140089 -0.001348
    29 18.045723 0.000000 0.000000 0.000000 0.000000 -0.001874
    30 17.597597 0.000000 0.000000 0.343214 -0.028977 -0.033707
    31 0.000005 -0.000003 -3.713254 0.242143 3.043100 -0.015101
    32 18.045721 0.000000 0.000000 0.000000 0.000000 -0.425420
    33 17.597597 0.000000 0.000000 0.093606 -0.008354 0.332980
  time 147
    0 -12.335349 1.535354 -0.330566 0.084416 -0.073830 -2.806784
    1 -1.183634 -0.031251 0.000000 -1.570795 -1.570787 0.000000
    2 1.293670 0.684478 -0.000001 -0.000004 -0.000001 0.127327
    3 5.309685 -0.003834 0.000000 0.000000 0.000000 -0.021574
    4 4.826790 -0.004591 0.000000 0.263264 -0.020074 0.073563
    5 5.792767 -0.005304 0.000000 0.000000 0.000000 0.017444
    6 6.662322 -0.001452 0.000000 0.000000 -0.000001 0.348900
    7 -2.869899 1.399632 4.140401 -0.000100 -1.292340 -3.142292
    8 4.972048 0.000000 -0.000002 0.237473 0.915151 -0.293686
    9 11.585358 0.000000 0.000000 0.000000 0.000000 -0.471499
    10 10.127057 -0.000001 0.000001 -1.529756 -0.007025 0.122295
    11 2.162477 0.109716 -1.664490 0.065907 0.446504 0.247329
    12 0.928312 0.000000 0.000000 0.000000 0.000000 0.052314
    13 0.928313 0.000000 -0.000001 0.000000 0.000000 0.052330
    14 3.784085 -0.427338 -0.044205 -0.011963 0.059912 -0.184694
    15 1.189161 -0.000001 -0.000001 0.000000 0.000000 0.362371
    16 1.302900 -0.000001 0.000001 0.000000 0.000000 0.166684
    17 -2.869899 1.399667 -4.140396 0.000026 1.318451 -3.142315
    18 4.972047 0.000000 0.000000 0.371770 -0.907598 -0.151131
    19 11.585358 0.000000 0.000001 0.000000 0.000000 -0.230564
    20 10.127058 0.000000 0.000001 1.074256 -0.057306 0.008206
    21 2.162477 0.109715 1.664489 -0.102103 -0.407481 0.466772
    22 0.928313 0.000000 0.000002 0.000000 0.000000 0.000000
    23 0.928311 0.000000 0.000001 0.000000 0.000000 0.043590
    24 3.784085 -0.427337 0.044204 -0.004252 -0.034636 0.206728
    25 1.189159 0.000000 0.000001 0.000000 0.000000 0.344854
    26 1.302900 0.000000 -0.000001 0.000000 0.000000 0.255461
    27 2.046984 0.000001 0.000000 0.096764 0.136748 -0.462550
    28 -0.000005 0.000007 3.713254 -0.024221 3.139226 -0.005854
    29 18.045723 0.000000 0.000000 0.000000 0.000000 -0.001874
    30 17.597597 0.000000 0.000000 0.340503 -0.028214 -0.035495
    31 0.000005 -0.000003 -3.713254 0.241376 3.041375 -0.021908
    32 18.045721 0.000000 0.000000 0.000000 0.000000 -0.428569
    33 17.597597 0.000000 0.000000 0.091224 -0.007861 0.331963
  time 148
    0 -12.268940 1.535354 -0.330566 0.084698 -0.070979 -2.809444
    1 -1.191447 -0.027345 0.000000 -1.570795 -1.570787 0.000000
    2 1.293670 0.684478 -0.000001 -0.000004 -0.000001 0.128833
    3 5.309685 -0.003834 0.000000 0.000000 0.000000 -0.022528
    4 4.826790 -0.004591 0.000000 0.248882 -0.019008 0.073850
    5 5.792767 -0.005304 0.000000 0.000000 0.000000 0.017444
    6 6.662322 -0.001452 0.000000 0.000000 -0.000001 0.348900
    7 -2.869899 1.399632 4.140401 -0.000100 -1.292340 -3.142292
    8 4.972048 0.000000 -0.000002 0.238111 0.915492 -0.274796
    9 11.585358 0.000000 0.000000 0.000000 0.000000 -0.489033
    10 10.127057 -0.000001 0.000001 -1.532789 -0.005152 0.122528
    11 2.162477 0.109716 -1.664490 0.065907 0.446504 0.247329
    12 0.928312 0.000000 0.000000 0.000000 0.000000 0.052314
    13 0.928313 0.000000 -0.000001 0.000000 0.000000 0.052330
    14 3.784085 -0.427338 -0.044205 -0.011759 0.059948 -0.181394
    15 1.189161 -0.000001 -0.000001 0.000000 0.000000 0.359278
    16 1.302900 -0.000001 0.000001 0.000000 0.000000 0.165616
    17 -2.869899 1.399667 -4.140396 0.000026 1.318451 -3.142315
    18 4.972047 0.000000 0.000000 0.384245 -0.898679 -0.179284
    19 11.585358 0.000000 0.000001 0.000000 0.000000 -0.231054
    20 10.127058 0.000000 0.000001 1.077271 -0.059103 0.007555
    21 2.162477 0.109715 1.664489 -0.102103 -0.407481 0.466772
    22 0.928313 0.000000 0.000002 0.000000 0.000000 0.000000
    23 0.928311 0.000000 0.000001 0.000000 0.000000 0.043590
    24 3.784085 -0.427337 0.044204 -0.004492 -0.034600 0.213209
    25 1.189159 0.000000 0.000001 0.000000 0.000000 0.341959
    26 1.302900 0.000000 -0.000001 0.000000 0.000000 0.253559
    27 2.046984 0.000001 0.000000 -0.031623 0.126688 -0.361027
    28 -0.000005 0.000007 3.713254 -0.024221 3.138363 -0.010263
    29 18.045723 0.000000 0.000000 0.000000 0.000000 -0.001874
    30 17.597597 0.000000 0.000000 0.337665 -0.027427 -0.037329
    31 0.000005 -0.000003 -3.713254 0.240609 3.039745 6.254375
    32 18.045721 0.000000 0.000000 0.000000 0.000000 -0.431954
    33 17.597597 0.000000 0.000000 0.088674 -0.007368 0.331040
  time 149
    0 -12.198626 1.535354 -0.330566 0.084885 -0.068224 -2.812199
    1 -1.199259 -0.027345 0.000000 -1.570795 -1.570787 0.000000
    2 1.293670 0.684478 -0.000001 -0.000004 -0.000001 0.130374
    3 5.309685 -0.003834 0.000000 0.000000 0.000000 -0.023340
    4 4.826790 -0.004591 0.000000 0.234576 -0.017929 0.074114
    5 5.792767 -0.005304 0.000000 0.000000 0.000000 0.017444
    6 6.662322 -0.001452 0.000000 0.000000 -0.000001 0.348900
    7 -2.869899 1.399632 4.140401 -0.000100 -1.292340 -3.142292
    8 4.972048 0.000000 -0.000002 0.238031 0.916089 -0.256253
    9 11.585358 0.000000 0.000000 0.000000 0.000000 -0.506349
    10 10.127057 -0.000001 0.000001 -1.535159 -0.003279 0.122818
    11 2.162477 0.109716 -1.664490 0.065907 0.446504 0.247329
    12 0.928312 0.000000 0.000000 0.000000 0.000000 0.052314
    13 0.928313 0.000000 -0.000001 0.000000 0.000000 0.052330
    14 3.784085 -0.427338 -0.044205 -0.011579 0.060032 -0.178006
    15 1.189161 -0.000001 -0.000001 0.000000 0.000000 0.356311
    16 1.302900 -0.000001 0.000001 0.000000 0.000000 0.164708
    17 -2.869899 1.399667 -4.140396 0.000026 1.318451 -3.142315
    18 4.972047 0.000000 0.000000 0.396533 -0.889680 -0.207703
    19 11.585358 0.000000 0.000001 0.000000 0.000000 -0.231708
    20 10.127058 0.000000 0.000001 1.080357 -0.060805 0.007005
    21 2.162477 0.109715 1.664489 -0.102103 -0.407481 0.466772
    22 0.928313 0.000000 0.000002 0.000000 0.000000 0.000000
    23 0.928311 0.000000 0.000001 0.000000 0.000000 0.043590
    24 3.784085 -0.427337 0.044204 -0.004708 -0.034588 0.219663
    25 1.189159 0.000000 0.000001 0.000000 0.000000 0.339198
    26 1.302900 0.000000 -0.000001 0.000000 0.000000 0.251811
    27 2.046984 0.000001 0.000000 -0.168928 0.129845 -0.252569
    28 -0.000005 0.000007 3.713254 -0.024317 3.137596 -0.014769
    29 18.045723 0.000000 0.000000 0.000000 0.000000 -0.001874
    30 17.597597 0.000000 0.000000 0.334649 -0.026688 -0.039117
    31 0.000005 -0.000003 -3.713254 0.239843 3.037923 6.247376
    32 18.045721 0.000000 0.000000 0.000000 0.000000 -0.435418
    33 17.597597 0.000000 0.000000 0.085889 -0.006875 0.330162
  time 150
    0 -12.128311 1.535354 -0.330566 0.085073 -0.065468 -2.815239
    1 -1.210978 -0.019532 0.000000 -1.570795 -1.570787 0.000000
    2 1.293670 0.684478 -0.000001 -0.000004 -0.000001 0.131914
    3 5.309685 -0.003834 0.000000 0.000000 0.000000 -0.024065
    4 4.826790 -0.004591 0.000000 0.220290 -0.016862 0.074335
    5 5.792767 -0.005304 0.000000 0.000000 0.000000 0.017444
    6 6.662322 -0.001452 0.000000 0.000000 -0.000001 0.348900
    7 -2.869899 1.399632 4.140401 -0.000100 -1.292340 -3.142292
    8 4.972048 0.000000 -0.000002 0.236915 0.916771 -0.238403
    9 11.585358 0.000000 0.000000 0.000000 0.000000 -0.523375
    10 10.127057 -0.000001 0.000001 -1.537054 -0.001686 0.122528
    11 2.162477 0.109716 -1.664490 0.065907 0.446504 0.247329
    12 0.928312 0.000000 0.000000 0.000000 0.000000 0.052314
    13 0.928313 0.000000 -0.000001 0.000000 0.000000 0.052330
    14 3.784085 -0.427338 -0.044205 -0.011376 0.060032 -0.174662
    15 1.189161 -0.000001 -0.000001 0.000000 0.000000 0.353344
    16 1.302900 -0.000001 0.000001 0.000000 0.000000 0.164013
    17 -2.869899 1.399667 -4.140396 0.000026 1.318451 -3.142315
    18 4.972047 0.000000 0.000000 0.408727 -0.880761 -0.236123
    19 11.585358 0.000000 0.000001 0.000000 0.000000 -0.232280
    20 10.127058 0.000000 0.000001 1.083022 -0.062129 0.006505
    21 2.162477 0.109715 1.664489 -0.102103 -0.407481 0.466772
    22 0.928313 0.000000 0.000002 0.000000 0.000000 0.000000
    23 0.928311 0.000000 0.000001 0.000000 0.000000 0.043590
    24 3.784085 -0.427337 0.044204 -0.004923 -0.034588 0.226004
    25 1.189159 0.000000 0.000001 0.000000 0.000000 0.336469
    26 1.302900 0.000000 -0.000001 0.000000 0.000000 0.250218
    27 2.046984 0.000001 0.000000 -0.296367 0.146986 -0.150255
    28 -0.000005 0.000007 3.713254 -0.024317 3.136733 -0.019178
    29 18.045723 0.000000 0.000000 0.000000 0.000000 -0.001874
    30 17.597597 0.000000 0.000000 0.331457 -0.025950 -0.040950
    31 0.000005 -0.000003 -3.713254 0.239076 3.036198 6.240282
    32 18.045721 0.000000 0.000000 0.000000 0.000000 -0.439196
    33 17.597597 0.000000 0.000000 0.082970 -0.006362 0.329285
  time 151
    0 -12.054090 1.535354 -0.330566 0.085354 -0.062712 -2.818375
    1 -1.218791 -0.019532 0.000000 -1.570795 -1.570787 0.000000
    2 1.293670 0.684478 -0.000001 -0.000004 -0.000001 0.133454
    3 5.309685 -0.003834 0.000000 0.000000 0.000000 -0.024700
    4 4.826790 -0.004591 0.000000 0.206079 -0.015784 0.074577
    5 5.792767 -0.005304 0.000000 0.000000 0.000000 0.017444
    6 6.662322 -0.001452 0.000000 0.000000 -0.000001 0.348900
    7 -2.869899 1.399632 4.140401 -0.000100 -1.292340 -3.142292
    8 4.972048 0.000000 -0.000002 0.235241 0.917794 -0.220986
    9 11.585358 0.000000 0.000000 0.000000 0.000000 -0.540040
    10 10.127057 -0.000001 0.000001 -1.538286 -0.000187 0.122295
    11 2.162477 0.109716 -1.664490 0.065907 0.446504 0.247329
    12 0.928312 0.000000 0.000000 0.000000 0.000000 0.052314
    13 0.928313 0.000000 -0.000001 0.000000 0.000000 0.052330
    14 3.784085 -0.427338 -0.044205 -0.011184 0.060068 -0.171362
    15 1.189161 -0.000001 -0.000001 0.000000 0.000000 0.350418
    16 1.302900 -0.000001 0.000001 0.000000 0.000000 0.163532
    17 -2.869899 1.399667 -4.140396 0.000026 1.318451 -3.142315
    18 4.972047 0.000000 0.000000 0.420545 -0.871601 -0.264675
    19 11.585358 0.000000 0.000001 0.000000 0.000000 -0.232933
    20 10.127058 0.000000 0.000001 1.085756 -0.063358 0.006005
    21 2.162477 0.109715 1.664489 -0.102103 -0.407481 0.466772
    22 0.928313 0.000000 0.000002 0.000000 0.000000 0.000000
    23 0.928311 0.000000 0.000001 0.000000 0.000000 0.043590
    24 3.784085 -0.427337 0.044204 -0.005139 -0.034564 0.232262
    25 1.189159 0.000000 0.000001 0.000000 0.000000 0.333741
    26 1.302900 0.000000 -0.000001 0.000000 0.000000 0.248779
    27 2.046984 0.000001 0.000000 -0.398862 0.172595 -0.064487
    28 -0.000005 0.000007 3.713254 -0.024317 3.135966 -0.023684
    29 18.045723 0.000000 0.000000 0.000000 0.000000 -0.001874
    30 17.597597 0.000000 0.000000 0.328036 -0.025187 -0.042876
    31 0.000005 -0.000003 -3.713254 0.238309 3.034281 6.232996
    32 18.045721 0.000000 0.000000 0.000000 0.000000 -0.443053
    33 17.597597 0.000000 0.000000 0.079749 -0.005810 0.328361
  time 152
    0 -11.979869 1.535354 -0.377442 0.085542 -0.059957 -2.821795
    1 -1.230510 -0.019532 0.000000 -1.570795 -1.570787 0.000000
    2 1.293670 0.684478 -0.000001 -0.000004 -0.000001 0.134994
    3 5.309685 -0.003834 0.000000 0.000000 0.000000 -0.025248
    4 4.826790 -0.004591 0.000000 0.191888 -0.014705 0.074820
    5 5.792767 -0.005304 0.000000 0.000000 0.000000 0.017444
    6 6.662322 -0.001452 0.000000 0.000000 -0.000001 0.348900
    7 -2.869899 1.399632 4.140401 -0.000100 -1.292340 -3.142292
    8 4.972048 0.000000 -0.000002 0.232610 0.918903 -0.204089
    9 11.585358 0.000000 0.000000 0.000000 0.000000 -0.556342
    10 10.127057 -0.000001 0.000001 -1.539044 0.000937 0.121715
    11 2.162477 0.109716 -1.664490 0.065907 0.446504 0.247329
    12 0.928312 0.000000 0.000000 0.000000 0.000000 0.052314
    13 0.928313 0.000000 -0.000001 0.000000 0.000000 0.052330
    14 3.784085 -0.427338 -0.044205 -0.010968 0.060140 -0.168192
    15 1.189161 -0.000001 -0.000001 0.000000 0.000000 0.347493
    16 1.302900 -0.000001 0.000001 0.000000 0.000000 0.163265
    17 -2.869899 1.399667 -4.140396 0.000026 1.318451 -3.142315
    18 4.972047 0.000000 0.000000 0.432176 -0.862763 -0.292894
    19 11.585358 0.000000 0.000001 0.000000 0.000000 -0.233750
    20 10.127058 0.000000 0.000001 1.088491 -0.064209 0.005604
    21 2.162477 0.109715 1.664489 -0.102103 -0.407481 0.466772
    22 0.928313 0.000000 0.000002 0.000000 0.000000 0.000000
    23 0.928311 0.000000 0.000001 0.000000 0.000000 0.043590
    24 3.784085 -0.427337 0.044204 -0.005355 -0.034529 0.238493
    25 1.189159 0.000000 0.000001 0.000000 0.000000 0.331179
    26 1.302900 0.000000 -0.000001 0.000000 0.000000 0.247340
    27 2.046984 0.000001 0.000000 -0.467924 0.198853 -0.000556
    28 -0.000005 0.000007 3.713254 -0.024317 3.135103 6.254904
    29 18.045723 0.000000 0.000000 0.000000 0.000000 -0.001874
    30 17.597597 0.000000 0.000000 0.324387 -0.024400 -0.044802
    31 0.000005 -0.000003 -3.713254 0.237542 3.032363 6.225614
    32 18.045721 0.000000 0.000000 0.000000 0.000000 -0.446989
    33 17.597597 0.000000 0.000000 0.076327 -0.005238 0.327437
  time 153
    0 -11.901742 1.535354 -0.377442 0.086198 -0.056726 -2.829396
    1 -1.238323 -0.019532 0.000000 -1.570795 -1.570787 0.000000
    2 1.293670 0.684478 -0.000001 -0.000004 -0.000001 0.136501
    3 5.309685 -0.003834 0.000000 0.000000 0.000000 -0.025743
    4 4.826790 -0.004591 0.000000 0.177773 -0.013638 0.075018
    5 5.792767 -0.005304 0.000000 0.000000 0.000000 0.017444
    6 6.662322 -0.001452 0.000000 0.000000 -0.000001 0.348900
    7 -2.869899 1.399632 4.140401 -0.000100 -1.292340 -3.142292
    8 4.972048 0.000000 -0.000002 0.229740 0.920182 -0.187626
    9 11.585358 0.000000 0.000000 0.000000 0.000000 -0.572137
    10 10.127057 -0.000001 0.000001 -1.539329 0.002061 0.120902
    11 2.162477 0.109716 -1.664490 0.065907 0.446504 0.247329
    12 0.928312 0.000000 0.000000 0.000000 0.000000 0.052314
    13 0.928313 0.000000 -0.000001 0.000000 0.000000 0.052330
    14 3.784085 -0.427338 -0.044205 -0.010800 0.060164 -0.164978
    15 1.189161 -0.000001 -0.000001 0.000000 0.000000 0.344693
    16 1.302900 -0.000001 0.000001 0.000000 0.000000 0.163052
    17 -2.869899 1.399667 -4.140396 0.000026 1.318451 -3.142315
    18 4.972047 0.000000 0.000000 0.443432 -0.854085 -0.320648
    19 11.585358 0.000000 0.000001 0.000000 0.000000 -0.234648
    20 10.127058 0.000000 0.000001 1.090946 -0.064966 0.005204
    21 2.162477 0.109715 1.664489 -0.102103 -0.407481 0.466772
    22 0.928313 0.000000 0.000002 0.000000 0.000000 0.000000
    23 0.928311 0.000000 0.000001 0.000000 0.000000 0.043590
    24 3.784085 -0.427337 0.044204 -0.005570 -0.034457 0.244639
    25 1.189159 0.000000 0.000001 0.000000 0.000000 0.328550
    26 1.302900 0.000000 -0.000001 0.000000 0.000000 0.245900
    27 2.046984 0.000001 0.000000 -0.502347 0.219329 0.040990
    28 -0.000005 0.000007 3.713254 -0.024508 3.134144 6.250686
    29 18.045723 0.000000 0.000000 0.000000 0.000000 -0.001874
    30 17.597597 0.000000 0.000000 0.316684 -0.023661 -0.046360
    31 0.000005 -0.000003 -3.713254 0.236872 3.029295 6.216986
    32 18.045721 0.000000 0.000000 0.000000 0.000000 -0.451791
    33 17.597597 0.000000 0.000000 0.068342 -0.004173 0.326421
  time 154
    0 -11.823614 1.535354 -0.377442 0.086808 -0.053686 -2.836901
    1 -1.250042 -0.019532 0.000000 -1.570795 -1.570787 0.000000
    2 1.293670 0.684478 -0.000001 -0.000004 -0.000001 0.138007
    3 5.309685 -0.003834 0.000000 0.000000 0.000000 -0.026184
    4 4.826790 -0.004591 0.000000 0.163639 -0.012572 0.075195
    5 5.792767 -0.005304 0.000000 0.000000 0.000000 0.017444
    6 6.662322 -0.001452 0.000000 0.000000 -0.000001 0.348900
    7 -2.869899 1.399632 4.140401 -0.000100 -1.292340 -3.142292
    8 4.972048 0.000000 -0.000002 0.226392 0.921802 -0.171682
    9 11.585358 0.000000 0.000000 0.000000 0.000000 -0.587352
    10 10.127057 -0.000001 0.000001 -1.539044 0.002998 0.120031
    11 2.162477 0.109716 -1.664490 0.065907 0.446504 0.247329
    12 0.928312 0.000000 0.000000 0.000000 0.000000 0.052314
    13 0.928313 0.000000 -0.000001 0.000000 0.000000 0.052330
    14 3.784085 -0.427338 -0.044205 -0.010597 0.060164 -0.161764
    15 1.189161 -0.000001 -0.000001 0.000000 0.000000 0.341893
    16 1.302900 -0.000001 0.000001 0.000000 0.000000 0.163158
    17 -2.869899 1.399667 -4.140396 0.000026 1.318451 -3.142315
    18 4.972047 0.000000 0.000000 0.454125 -0.845649 -0.347936
    19 11.585358 0.000000 0.000001 0.000000 0.000000 -0.235792
    20 10.127058 0.000000 0.000001 1.093260 -0.065438 0.004754
    21 2.162477 0.109715 1.664489 -0.102103 -0.407481 0.466772
    22 0.928313 0.000000 0.000002 0.000000 0.000000 0.000000
    23 0.928311 0.000000 0.000001 0.000000 0.000000 0.043590
    24 3.784085 -0.427337 0.044204 -0.005774 -0.034409 0.250729
    25 1.189159 0.000000 0.000001 0.000000 0.000000 0.326022
    26 1.302900 0.000000 -0.000001 0.000000 0.000000 0.244718
    27 2.046984 0.000001 0.000000 -0.514453 0.237503 0.067268
    28 -0.000005 0.000007 3.713254 -0.024413 3.133186 6.246277
    29 18.045723 0.000000 0.000000 0.000000 0.000000 -0.001874
    30 17.597597 0.000000 0.000000 0.308702 -0.022898 -0.047965
    31 0.000005 -0.000003 -3.713254 0.236297 3.026324 6.208262
    32 18.045721 0.000000 0.000000 0.000000 0.000000 -0.456514
    33 17.597597 0.000000 0.000000 0.060290 -0.003147 0.325220
  time 155
    0 -11.733768 1.535354 -0.377442 0.086996 -0.051025 -2.840511
    1 -1.261761 -0.011719 0.000000 -1.570795 -1.570787 0.000000
    2 1.293670 0.684478 -0.000001 -0.000004 -0.000001 0.139481
    3 5.309685 -0.003834 0.000000 0.000000 0.000000 -0.026555
    4 4.826790 -0.004591 0.000000 0.149581 -0.011505 0.075371
    5 5.792767 -0.005304 0.000000 0.000000 0.000000 0.017444
    6 6.662322 -0.001452 0.000000 0.000000 -0.000001 0.348900
    7 -2.869899 1.399632 4.140401 -0.000100 -1.292340 -3.142292
    8 4.972048 0.000000 -0.000002 0.222486 0.923507 -0.156171
    9 11.585358 0.000000 0.000000 0.000000 0.000000 -0.602060
    10 10.127057 -0.000001 0.000001 -1.538381 0.003841 0.118696
    11 2.162477 0.109716 -1.664490 0.065907 0.446504 0.247329
    12 0.928312 0.000000 0.000000 0.000000 0.000000 0.052314
    13 0.928313 0.000000 -0.000001 0.000000 0.000000 0.052330
    14 3.784085 -0.427338 -0.044205 -0.010393 0.060200 -0.158594
    15 1.189161 -0.000001 -0.000001 0.000000 0.000000 0.339135
    16 1.302900 -0.000001 0.000001 0.000000 0.000000 0.163372
    17 -2.869899 1.399667 -4.140396 0.000026 1.318451 -3.142315
    18 4.972047 0.000000 0.000000 0.464255 -0.837694 -0.374558
    19 11.585358 0.000000 0.000001 0.000000 0.000000 -0.236690
    20 10.127058 0.000000 0.000001 1.095574 -0.065722 0.004354
    21 2.162477 0.109715 1.664489 -0.102103 -0.407481 0.466772
    22 0.928313 0.000000 0.000002 0.000000 0.000000 0.000000
    23 0.928311 0.000000 0.000001 0.000000 0.000000 0.043590
    24 3.784085 -0.427337 0.044204 -0.005990 -0.034373 0.256736
    25 1.189159 0.000000 0.000001 0.000000 0.000000 0.323526
    26 1.302900 0.000000 -0.000001 0.000000 0.000000 0.243639
    27 2.046984 0.000001 0.000000 -0.515746 0.257565 0.085578
    28 -0.000005 0.000007 3.713254 -0.024413 3.132227 6.241580
    29 18.045723 0.000000 0.000000 0.000000 0.000000 -0.001874
    30 17.597597 0.000000 0.000000 0.304825 -0.022037 -0.050212
    31 0.000005 -0.000003 -3.713254 0.235434 3.024310 6.200400
    32 18.045721 0.000000 0.000000 0.000000 0.000000 -0.460686
    33 17.597597 0.000000 0.000000 0.056599 -0.002595 0.323973
  time 156
    0 -11.643921 1.535354 -0.377442 0.087277 -0.048460 -2.844597
    1 -1.269574 -0.011719 0.000000 -1.570795 -1.570787 0.000000
    2 1.293670 0.684478 -0.000001 -0.000004 -0.000001 0.140920
    3 5.309685 -0.003834 0.000000 0.000000 0.000000 -0.026908
    4 4.826790 -0.004591 0.000000 0.135561 -0.010415 0.075503
    5 5.792767 -0.005304 0.000000 0.000000 0.000000 0.017444
    6 6.662322 -0.001452 0.000000 0.000000 -0.000001 0.348900
    7 -2.869899 1.399632 4.140401 -0.000100 -1.292340 -3.142292
    8 4.972048 0.000000 -0.000002 0.218500 0.925298 -0.141094
    9 11.585358 0.000000 0.000000 0.000000 0.000000 -0.615971
    10 10.127057 -0.000001 0.000001 -1.537149 0.004684 0.117360
    11 2.162477 0.109716 -1.664490 0.065907 0.446504 0.247329
    12 0.928312 0.000000 0.000000 0.000000 0.000000 0.052314
    13 0.928313 0.000000 -0.000001 0.000000 0.000000 0.052330
    14 3.784085 -0.427338 -0.044205 -0.010237 0.060271 -0.155467
    15 1.189161 -0.000001 -0.000001 0.000000 0.000000 0.336418
    16 1.302900 -0.000001 0.000001 0.000000 0.000000 0.163746
    17 -2.869899 1.399667 -4.140396 0.000026 1.318451 -3.142315
    18 4.972047 0.000000 0.000000 0.473823 -0.830141 -0.400381
    19 11.585358 0.000000 0.000001 0.000000 0.000000 -0.237834
    20 10.127058 0.000000 0.000001 1.097748 -0.065911 0.004054
    21 2.162477 0.109715 1.664489 -0.102103 -0.407481 0.466772
    22 0.928313 0.000000 0.000002 0.000000 0.000000 0.000000
    23 0.928311 0.000000 0.000001 0.000000 0.000000 0.043590
    24 3.784085 -0.427337 0.044204 -0.006182 -0.034373 0.262714
    25 1.189159 0.000000 0.000001 0.000000 0.000000 0.321064
    26 1.302900 0.000000 -0.000001 0.000000 0.000000 0.242559
    27 2.046984 0.000001 0.000000 -0.508551 0.277686 0.098412
    28 -0.000005 0.000007 3.713254 -0.024413 3.131364 6.236787
    29 18.045723 0.000000 0.000000 0.000000 0.000000 -0.001874
    30 17.597597 0.000000 0.000000 0.300492 -0.021151 -0.052550
    31 0.000005 -0.000003 -3.713254 0.234667 3.022105 6.192347
    32 18.045721 0.000000 0.000000 0.000000 0.000000 -0.464937
    33 17.597597 0.000000 0.000000 0.052371 -0.001984 0.322633
  time 157
    0 -11.546262 1.535354 -0.377442 0.087558 -0.045799 -2.849157
    1 -1.281293 -0.007813 0.000000 -1.570795 -1.570787 0.000000
    2 1.293670 0.684478 -0.000001 -0.000004 -0.000001 0.142276
    3 5.309685 -0.003834 0.000000 0.000000 0.000000 -0.027226
    4 4.826790 -0.004591 0.000000 0.121580 -0.009348 0.075658
    5 5.792767 -0.005304 0.000000 0.000000 0.000000 0.017444
    6 6.662322 -0.001452 0.000000 0.000000 -0.000001 0.348900
    7 -2.869899 1.399632 4.140401 -0.000100 -1.292340 -3.142292
    8 4.972048 0.000000 -0.000002 0.214196 0.927515 -0.126364
    9 11.585358 0.000000 0.000000 0.000000 0.000000 -0.629157
    10 10.127057 -0.000001 0.000001 -1.535633 0.005246 0.115909
    11 2.162477 0.109716 -1.664490 0.065907 0.446504 0.247329
    12 0.928312 0.000000 0.000000 0.000000 0.000000 0.052314
    13 0.928313 0.000000 -0.000001 0.000000 0.000000 0.052330
    14 3.784085 -0.427338 -0.044205 -0.010033 0.060295 -0.152384
    15 1.189161 -0.000001 -0.000001 0.000000 0.000000 0.333702
    16 1.302900 -0.000001 0.000001 0.000000 0.000000 0.164227
    17 -2.869899 1.399667 -4.140396 0.000026 1.318451 -3.142315
    18 4.972047 0.000000 0.000000 0.482828 -0.823070 -0.425206
    19 11.585358 0.000000 0.000001 0.000000 0.000000 -0.239059
    20 10.127058 0.000000 0.000001 1.099711 -0.065911 0.003654
    21 2.162477 0.109715 1.664489 -0.102103 -0.407481 0.466772
    22 0.928313 0.000000 0.000002 0.000000 0.000000 0.000000
    23 0.928311 0.000000 0.000001 0.000000 0.000000 0.043590
    24 3.784085 -0.427337 0.044204 -0.006409 -0.034337 0.268637
    25 1.189159 0.000000 0.000001 0.000000 0.000000 0.318635
    26 1.302900 0.000000 -0.000001 0.000000 0.000000 0.241686
    27 2.046984 0.000001 0.000000 -0.494635 0.296805 0.107841
    28 -0.000005 0.000007 3.713254 -0.024413 3.130405 6.231994
    29 18.045723 0.000000 0.000000 0.000000 0.000000 -0.001874
    30 17.597597 0.000000 0.000000 0.295626 -0.020241 -0.054980
    31 0.000005 -0.000003 -3.713254 0.233805 3.019805 6.184103
    32 18.045721 0.000000 0.000000 0.000000 0.000000 -0.469345
    33 17.597597 0.000000 0.000000 0.047540 -0.001293 0.321109
  time 158
    0 -11.440790 1.519729 -0.424319 0.087840 -0.043234 -2.854288
    1 -1.289106 -0.007813 0.000000 -1.570795 -1.570787 0.000000
    2 1.293670 0.684478 -0.000001 -0.000004 -0.000001 0.143565
    3 5.309685 -0.003834 0.000000 0.000000 0.000000 -0.027562
    4 4.826790 -0.004591 0.000000 0.107675 -0.008281 0.075768
    5 5.792767 -0.005304 0.000000 0.000000 0.000000 0.017444
    6 6.662322 -0.001452 0.000000 0.000000 -0.000001 0.348900
    7 -2.869899 1.399632 4.140401 -0.000100 -1.292340 -3.142292
    8 4.972048 0.000000 -0.000002 0.210130 0.929903 -0.112153
    9 11.585358 0.000000 0.000000 0.000000 0.000000 -0.641547
    10 10.127057 -0.000001 0.000001 -1.533642 0.005808 0.113992
    11 2.162477 0.109716 -1.664490 0.065907 0.446504 0.247329
    12 0.928312 0.000000 0.000000 0.000000 0.000000 0.052314
    13 0.928313 0.000000 -0.000001 0.000000 0.000000 0.052330
    14 3.784085 -0.427338 -0.044205 -0.009866 0.060295 -0.149301
    15 1.189161 -0.000001 -0.000001 0.000000 0.000000 0.331069
    16 1.302900 -0.000001 0.000001 0.000000 0.000000 0.164868
    17 -2.869899 1.399667 -4.140396 0.000026 1.318451 -3.142315
    18 4.972047 0.000000 0.000000 0.491082 -0.816642 -0.448967
    19 11.585358 0.000000 0.000001 0.000000 0.000000 -0.240284
    20 10.127058 0.000000 0.000001 1.101745 -0.065722 0.003454
    21 2.162477 0.109715 1.664489 -0.102103 -0.407481 0.466772
    22 0.928313 0.000000 0.000002 0.000000 0.000000 0.000000
    23 0.928311 0.000000 0.000001 0.000000 0.000000 0.043590
    24 3.784085 -0.427337 0.044204 -0.006589 -0.034265 0.274532
    25 1.189159 0.000000 0.000001 0.000000 0.000000 0.316239
    26 1.302900 0.000000 -0.000001 0.000000 0.000000 0.240709
    27 2.046984 0.000001 0.000000 -0.475291 0.314094 0.115201
    28 -0.000005 0.000007 3.713254 -0.024413 3.129351 6.227105
    29 18.045723 0.000000 0.000000 0.000000 0.000000 -0.001874
    30 17.597597 0.000000 0.000000 0.290153 -0.019281 -0.057547
    31 0.000005 -0.000003 -3.713254 0.233038 3.017312 6.175474
    32 18.045721 0.000000 0.000000 0.000000 0.000000 -0.473911
    33 17.597597 0.000000 0.000000 0.042105 -0.000563 0.319308
  time 159
    0 -11.331412 1.519729 -0.424319 0.088215 -0.040668 -2.860273
    1 -1.296919 -0.007813 0.000000 -1.570795 -1.570787 0.000000
    2 1.293670 0.684478 -0.000001 -0.000004 -0.000001 0.144771
    3 5.309685 -0.003834 0.000000 0.000000 0.000000 -0.027862
    4 4.826790 -0.004591 0.000000 0.093846 -0.007227 0.075900
    5 5.792767 -0.005304 0.000000 0.000000 0.000000 0.017444
    6 6.662322 -0.001452 0.000000 0.000000 -0.000001 0.348900
    7 -2.869899 1.399632 4.140401 -0.000100 -1.292340 -3.142292
    8 4.972048 0.000000 -0.000002 0.205746 0.932205 -0.098289
    9 11.585358 0.000000 0.000000 0.000000 0.000000 -0.652995
    10 10.127057 -0.000001 0.000001 -1.531273 0.006089 0.112076
    11 2.162477 0.109716 -1.664490 0.065907 0.446504 0.247329
    12 0.928312 0.000000 0.000000 0.000000 0.000000 0.052314
    13 0.928313 0.000000 -0.000001 0.000000 0.000000 0.052330
    14 3.784085 -0.427338 -0.044205 -0.009662 0.060319 -0.146348
    15 1.189161 -0.000001 -0.000001 0.000000 0.000000 0.328436
    16 1.302900 -0.000001 0.000001 0.000000 0.000000 0.165669
    17 -2.869899 1.399667 -4.140396 0.000026 1.318451 -3.142315
    18 4.972047 0.000000 0.000000 0.498679 -0.810857 -0.471396
    19 11.585358 0.000000 0.000001 0.000000 0.000000 -0.241673
    20 10.127058 0.000000 0.000001 1.103638 -0.065249 0.003153
    21 2.162477 0.109715 1.664489 -0.102103 -0.407481 0.466772
    22 0.928313 0.000000 0.000002 0.000000 0.000000 0.000000
    23 0.928311 0.000000 0.000001 0.000000 0.000000 0.043590
    24 3.784085 -0.427337 0.044204 -0.006805 -0.034229 0.280315
    25 1.189159 0.000000 0.000001 0.000000 0.000000 0.313910
    26 1.302900 0.000000 -0.000001 0.000000 0.000000 0.239938
    27 2.046984 0.000001 0.000000 -0.451509 0.329111 0.121527
    28 -0.000005 0.000007 3.713254 -0.024413 3.128200 6.222216
    29 18.045723 0.000000 0.000000 0.000000 0.000000 -0.001874
    30 17.597597 0.000000 0.000000 0.283996 -0.018247 -0.060160
    31 0.000005 -0.000003 -3.713254 0.232271 3.014532 6.166654
    32 18.045721 0.000000 0.000000 0.000000 0.000000 -0.478555
    33 17.597597 0.000000 0.000000 0.035797 0.000265 0.317322
  time 160
    0 -11.210314 1.519729 -0.424319 0.088637 -0.038103 -2.866924
    1 -1.304731 -0.007813 0.000000 -1.570795 -1.570787 0.000000
    2 1.293670 0.684478 -0.000001 -0.000004 -0.000001 0.145842
    3 5.309685 -0.003834 0.000000 0.000000 0.000000 -0.028163
    4 4.826790 -0.004591 0.000000 0.080246 -0.006184 0.075988
    5 5.792767 -0.005304 0.000000 0.000000 0.000000 0.017444
    6 6.662322 -0.001452 0.000000 0.000000 -0.000001 0.348900
    7 -2.869899 1.399632 4.140401 -0.000100 -1.292340 -3.142292
    8 4.972048 0.000000 -0.000002 0.201839 0.934934 -0.084858
    9 11.585358 0.000000 0.000000 0.000000 0.000000 -0.663573
    10 10.127057 -0.000001 0.000001 -1.528524 0.006370 0.110218
    11 2.162477 0.109716 -1.664490 0.065907 0.446504 0.247329
    12 0.928312 0.000000 0.000000 0.000000 0.000000 0.052314
    13 0.928313 0.000000 -0.000001 0.000000 0.000000 0.052330
    14 3.784085 -0.427338 -0.044205 -0.009494 0.060391 -0.143177
    15 1.189161 -0.000001 -0.000001 0.000000 0.000000 0.325887
    16 1.302900 -0.000001 0.000001 0.000000 0.000000 0.166631
    17 -2.869899 1.399667 -4.140396 0.000026 1.318451 -3.142315
    18 4.972047 0.000000 0.000000 0.505433 -0.806036 -0.492627
    19 11.585358 0.000000 0.000001 0.000000 0.000000 -0.243225
    20 10.127058 0.000000 0.000001 1.105461 -0.064776 0.002953
    21 2.162477 0.109715 1.664489 -0.102103 -0.407481 0.466772
    22 0.928313 0.000000 0.000002 0.000000 0.000000 0.000000
    23 0.928311 0.000000 0.000001 0.000000 0.000000 0.043590
    24 3.784085 -0.427337 0.044204 -0.006997 -0.034193 0.286098
    25 1.189159 0.000000 0.000001 0.000000 0.000000 0.311581
    26 1.302900 0.000000 -0.000001 0.000000 0.000000 0.239218
    27 2.046984 0.000001 0.000000 -0.424108 0.341532 0.127428
    28 -0.000005 0.000007 3.713254 -0.024508 3.127050 6.217232
    29 18.045723 0.000000 0.000000 0.000000 0.000000 -0.001874
    30 17.597597 0.000000 0.000000 0.276951 -0.017189 -0.062957
    31 0.000005 -0.000003 -3.713254 0.231504 3.011560 6.157547
    32 18.045721 0.000000 0.000000 0.000000 0.000000 -0.483200
    33 17.597597 0.000000 0.000000 0.028516 0.001192 0.315059
  time 161
    0 -11.081404 1.504103 -0.424319 0.089200 -0.035632 -2.874714
    1 -1.308638 -0.007813 0.000000 -1.570795 -1.570787 0.000000
    2 1.293670 0.684478 -0.000001 -0.000004 -0.000001 0.146763
    3 5.309685 -0.003834 0.000000 0.000000 0.000000 -0.028516
    4 4.826790 -0.004591 0.000000 0.066875 -0.005153 0.076033
    5 5.792767 -0.005304 0.000000 0.000000 0.000000 0.017444
    6 6.662322 -0.001452 0.000000 0.000000 -0.000001 0.348900
    7 -2.869899 1.399632 4.140401 -0.000100 -1.292340 -3.142292
    8 4.972048 0.000000 -0.000002 0.197933 0.937833 -0.071687
    9 11.585358 0.000000 0.000000 0.000000 0.000000 -0.673137
    10 10.127057 -0.000001 0.000001 -1.525397 0.006651 0.107954
    11 2.162477 0.109716 -1.664490 0.065907 0.446504 0.247329
    12 0.928312 0.000000 0.000000 0.000000 0.000000 0.052314
    13 0.928313 0.000000 -0.000001 0.000000 0.000000 0.052330
    14 3.784085 -0.427338 -0.044205 -0.009302 0.060415 -0.140224
    15 1.189161 -0.000001 -0.000001 0.000000 0.000000 0.323296
    16 1.302900 -0.000001 0.000001 0.000000 0.000000 0.167646
    17 -2.869899 1.399667 -4.140396 0.000026 1.318451 -3.142315
    18 4.972047 0.000000 0.000000 0.511436 -0.801778 -0.512261
    19 11.585358 0.000000 0.000001 0.000000 0.000000 -0.244531
    20 10.127058 0.000000 0.000001 1.107214 -0.064209 0.002603
    21 2.162477 0.109715 1.664489 -0.102103 -0.407481 0.466772
    22 0.928313 0.000000 0.000002 0.000000 0.000000 0.000000
    23 0.928311 0.000000 0.000001 0.000000 0.000000 0.043590
    24 3.784085 -0.427337 0.044204 -0.007176 -0.034169 0.291825
    25 1.189159 0.000000 0.000001 0.000000 0.000000 0.309285
    26 1.302900 0.000000 -0.000001 0.000000 0.000000 0.238550
    27 2.046984 0.000001 0.000000 -0.393692 0.350944 0.133511
    28 -0.000005 0.000007 3.713254 -0.024508 3.125899 6.212343
    29 18.045723 0.000000 0.000000 0.000000 0.000000 -0.001874
    30 17.597597 0.000000 0.000000 0.268893 -0.016082 -0.065800
    31 0.000005 -0.000003 -3.713254 0.230834 3.008396 6.148056
    32 18.045721 0.000000 0.000000 0.000000 0.000000 -0.487923
    33 17.597597 0.000000 0.000000 0.020028 0.002158 0.312472
  time 162
    0 -10.944681 1.504103 -0.424319 0.089669 -0.033162 -2.883740
    1 -1.316450 0.000000 0.000000 -1.570795 -1.570787 0.000000
    2 1.293670 0.684478 -0.000001 -0.000004 -0.000001 0.147483
    3 5.309685 -0.003834 0.000000 0.000000 0.000000 -0.028887
    4 4.826790 -0.004591 0.000000 0.053828 -0.004147 0.076099
    5 5.792767 -0.005304 0.000000 0.000000 0.000000 0.017444
    6 6.662322 -0.001452 0.000000 0.000000 -0.000001 0.348900
    7 -2.869899 1.399632 4.140401 -0.000100 -1.292340 -3.142292
    8 4.972048 0.000000 -0.000002 0.194585 0.940988 -0.058863
    9 11.585358 0.000000 0.000000 0.000000 0.000000 -0.681541
    10 10.127057 -0.000001 0.000001 -1.521985 0.006744 0.105689
    11 2.162477 0.109716 -1.664490 0.065907 0.446504 0.247329
    12 0.928312 0.000000 0.000000 0.000000 0.000000 0.052314
    13 0.928313 0.000000 -0.000001 0.000000 0.000000 0.052330
    14 3.784085 -0.427338 -0.044205 -0.009135 0.060427 -0.137271
    15 1.189161 -0.000001 -0.000001 0.000000 0.000000 0.320746
    16 1.302900 -0.000001 0.000001 0.000000 0.000000 0.168768
    17 -2.869899 1.399667 -4.140396 0.000026 1.318451 -3.142315
    18 4.972047 0.000000 0.000000 0.516595 -0.798724 -0.530231
    19 11.585358 0.000000 0.000001 0.000000 0.000000 -0.246002
    20 10.127058 0.000000 0.000001 1.108897 -0.063358 0.002503
    21 2.162477 0.109715 1.664489 -0.102103 -0.407481 0.466772
    22 0.928313 0.000000 0.000002 0.000000 0.000000 0.000000
    23 0.928311 0.000000 0.000001 0.000000 0.000000 0.043590
    24 3.784085 -0.427337 0.044204 -0.007392 -0.034145 0.297497
    25 1.189159 0.000000 0.000001 0.000000 0.000000 0.307056
    26 1.302900 0.000000 -0.000001 0.000000 0.000000 0.238036
    27 2.046984 0.000001 0.000000 -0.360561 0.357021 0.140080
    28 -0.000005 0.000007 3.713254 -0.024508 3.124557 6.207454
    29 18.045723 0.000000 0.000000 0.000000 0.000000 -0.001874
    30 17.597597 0.000000 0.000000 0.259695 -0.014950 -0.068734
    31 0.000005 -0.000003 -3.713254 0.230163 3.004849 6.138277
    32 18.045721 0.000000 0.000000 0.000000 0.000000 -0.492724
    33 17.597597 0.000000 0.000000 0.010264 0.003283 0.309516
  time 163
    0 -10.796239 1.484571 -0.471195 0.090325 -0.030881 -2.893811
    1 -1.316450 0.000000 0.000000 -1.570795 -1.570787 0.000000
    2 1.293670 0.684478 -0.000001 -0.000004 -0.000001 0.148002
    3 5.309685 -0.003834 0.000000 0.000000 0.000000 -0.029311
    4 4.826790 -0.004591 0.000000 0.041277 -0.003176 0.076165
    5 5.792767 -0.005304 0.000000 0.000000 0.000000 0.017444
    6 6.662322 -0.001452 0.000000 0.000000 -0.000001 0.348900
    7 -2.869899 1.399632 4.140401 -0.000100 -1.292340 -3.142292
    8 4.972048 0.000000 -0.000002 0.191715 0.944144 -0.046385
    9 11.585358 0.000000 0.000000 0.000000 0.000000 -0.688786
    10 10.127057 -0.000001 0.000001 -1.518288 0.006744 0.103251
    11 2.162477 0.109716 -1.664490 0.065907 0.446504 0.247329
    12 0.928312 0.000000 0.000000 0.000000 0.000000 0.052314
    13 0.928313 0.000000 -0.000001 0.000000 0.000000 0.052330
    14 3.784085 -0.427338 -0.044205 -0.008931 0.060427 -0.134275
    15 1.189161 -0.000001 -0.000001 0.000000 0.000000 0.318197
    16 1.302900 -0.000001 0.000001 0.000000 0.000000 0.170050
    17 -2.869899 1.399667 -4.140396 0.000026 1.318451 -3.142315
    18 4.972047 0.000000 0.000000 0.520628 -0.796635 -0.546537
    19 11.585358 0.000000 0.000001 0.000000 0.000000 -0.247554
    20 10.127058 0.000000 0.000001 1.110510 -0.062318 0.002303
    21 2.162477 0.109715 1.664489 -0.102103 -0.407481 0.466772
    22 0.928313 0.000000 0.000002 0.000000 0.000000 0.000000
    23 0.928311 0.000000 0.000001 0.000000 0.000000 0.043590
    24 3.784085 -0.427337 0.044204 -0.007572 -0.034109 0.303168
    25 1.189159 0.000000 0.000001 0.000000 0.000000 0.304827
    26 1.302900 0.000000 -0.000001 0.000000 0.000000 0.237419
    27 2.046984 0.000001 0.000000 -0.325233 0.359204 0.147380
    28 -0.000005 0.000007 3.713254 -0.024796 3.123215 6.202757
    29 18.045723 0.000000 0.000000 0.000000 0.000000 -0.001874
    30 17.597597 0.000000 0.000000 0.249458 -0.013719 -0.071760
    31 0.000005 -0.000003 -3.713254 0.229683 3.001111 6.128211
    32 18.045721 0.000000 0.000000 0.000000 0.000000 -0.497605
    33 17.597597 0.000000 0.000000 -0.000976 0.004486 0.306144
  time 164
    0 -10.636078 1.468946 -0.471195 0.091029 -0.028791 -2.904832
    1 -1.316450 0.000000 0.000000 -1.570795 -1.570787 0.000000
    2 1.293670 0.684478 -0.000001 -0.000004 -0.000001 0.148186
    3 5.309685 -0.003834 0.000000 0.000000 0.000000 -0.029823
    4 4.826790 -0.004591 0.000000 0.029413 -0.002253 0.076187
    5 5.792767 -0.005304 0.000000 0.000000 0.000000 0.017444
    6 6.662322 -0.001452 0.000000 0.000000 -0.000001 0.348900
    7 -2.869899 1.399632 4.140401 -0.000100 -1.292340 -3.142292
    8 4.972048 0.000000 -0.000002 0.189324 0.947384 -0.034254
    9 11.585358 0.000000 0.000000 0.000000 0.000000 -0.694873
    10 10.127057 -0.000001 0.000001 -1.514308 0.006744 0.100522
    11 2.162477 0.109716 -1.664490 0.065907 0.446504 0.247329
    12 0.928312 0.000000 0.000000 0.000000 0.000000 0.052314
    13 0.928313 0.000000 -0.000001 0.000000 0.000000 0.052330
    14 3.784085 -0.427338 -0.044205 -0.008775 0.060463 -0.131365
    15 1.189161 -0.000001 -0.000001 0.000000 0.000000 0.315648
    16 1.302900 -0.000001 0.000001 0.000000 0.000000 0.171439
    17 -2.869899 1.399667 -4.140396 0.000026 1.318451 -3.142315
    18 4.972047 0.000000 0.000000 0.523911 -0.795430 -0.560846
    19 11.585358 0.000000 0.000001 0.000000 0.000000 -0.249269
    20 10.127058 0.000000 0.000001 1.112123 -0.061278 0.002103
    21 2.162477 0.109715 1.664489 -0.102103 -0.407481 0.466772
    22 0.928313 0.000000 0.000002 0.000000 0.000000 0.000000
    23 0.928311 0.000000 0.000001 0.000000 0.000000 0.043590
    24 3.784085 -0.427337 0.044204 -0.007752 -0.034013 0.308783
    25 1.189159 0.000000 0.000001 0.000000 0.000000 0.302631
    26 1.302900 0.000000 -0.000001 0.000000 0.000000 0.237008
    27 2.046984 0.000001 0.000000 -0.287966 0.356903 0.155470
    28 -0.000005 0.000007 3.713254 -0.025084 3.121777 6.197964
    29 18.045723 0.000000 0.000000 0.000000 0.000000 -0.001874
    30 17.597597 0.000000 0.000000 0.238359 -0.012464 -0.074969
    31 0.000005 -0.000003 -3.713254 0.229204 2.997084 6.118049
    32 18.045721 0.000000 0.000000 0.000000 0.000000 -0.502328
    33 17.597597 0.000000 0.000000 -0.013188 0.005709 0.302403
  time 165
    0 -10.468104 1.449414 -0.471195 0.091592 -0.026985 -2.914238
    1 -1.312544 0.000000 0.000000 -1.570795 -1.570787 0.000000
    2 1.293670 0.684478 -0.000001 -0.000004 -0.000001 0.148035
    3 5.309685 -0.003834 0.000000 0.000000 0.000000 -0.030441
    4 4.826790 -0.004591 0.000000 0.018350 -0.001402 0.076209
    5 5.792767 -0.005304 0.000000 0.000000 0.000000 0.017444
    6 6.662322 -0.001452 0.000000 0.000000 -0.000001 0.348900
    7 -2.869899 1.399632 4.140401 -0.000100 -1.292340 -3.142292
    8 4.972048 0.000000 -0.000002 0.187650 0.951051 -0.022297
    9 11.585358 0.000000 0.000000 0.000000 0.000000 -0.699654
    10 10.127057 -0.000001 0.000001 -1.509948 0.006651 0.097793
    11 2.162477 0.109716 -1.664490 0.065907 0.446504 0.247329
    12 0.928312 0.000000 0.000000 0.000000 0.000000 0.052314
    13 0.928313 0.000000 -0.000001 0.000000 0.000000 0.052330
    14 3.784085 -0.427338 -0.044205 -0.008595 0.060523 -0.128369
    15 1.189161 -0.000001 -0.000001 0.000000 0.000000 0.313224
    16 1.302900 -0.000001 0.000001 0.000000 0.000000 0.172882
    17 -2.869899 1.399667 -4.140396 0.000026 1.318451 -3.142315
    18 4.972047 0.000000 0.000000 0.526162 -0.795671 -0.573092
    19 11.585358 0.000000 0.000001 0.000000 0.000000 -0.250821
    20 10.127058 0.000000 0.000001 1.113525 -0.060048 0.002003
    21 2.162477 0.109715 1.664489 -0.102103 -0.407481 0.466772
    22 0.928313 0.000000 0.000002 0.000000 0.000000 0.000000
    23 0.928311 0.000000 0.000001 0.000000 0.000000 0.043590
    24 3.784085 -0.427337 0.044204 -0.007943 -0.033977 0.314315
    25 1.189159 0.000000 0.000001 0.000000 0.000000 0.300468
    26 1.302900 0.000000 -0.000001 0.000000 0.000000 0.236648
    27 2.046984 0.000001 0.000000 -0.249235 0.349114 0.164533
    28 -0.000005 0.000007 3.713254 -0.025275 3.120243 6.193075
    29 18.045723 0.000000 0.000000 0.000000 0.000000 -0.001874
    30 17.597597 0.000000 0.000000 0.228882 -0.011061 -0.078545
    31 0.000005 -0.000003 -3.713254 0.228629 2.993345 6.108174
    32 18.045721 0.000000 0.000000 0.000000 0.000000 -0.506658
    33 17.597597 0.000000 0.000000 -0.023589 0.006853 0.298338
  time 166
    0 -10.284505 1.433788 -0.471195 0.090935 -0.026130 -2.905307
    1 -1.304731 0.000000 0.000000 -1.570795 -1.570787 0.000000
    2 1.293670 0.684478 -0.000001 -0.000004 -0.000001 0.147416
    3 5.309685 -0.003834 0.000000 0.000000 0.000000 -0.031218
    4 4.826790 -0.004591 0.000000 0.008431 -0.000647 0.076209
    5 5.792767 -0.005304 0.000000 0.000000 0.000000 0.017444
    6 6.662322 -0.001452 0.000000 0.000000 -0.000001 0.348900
    7 -2.869899 1.399632 4.140401 -0.000100 -1.292340 -3.142292
    8 4.972048 0.000000 -0.000002 0.186693 0.954803 -0.010599
    9 11.585358 0.000000 0.000000 0.000000 0.000000 -0.703132
    10 10.127057 -0.000001 0.000001 -1.505494 0.006557 0.095064
    11 2.162477 0.109716 -1.664490 0.065907 0.446504 0.247329
    12 0.928312 0.000000 0.000000 0.000000 0.000000 0.052314
    13 0.928313 0.000000 -0.000001 0.000000 0.000000 0.052330
    14 3.784085 -0.427338 -0.044205 -0.008404 0.060547 -0.125503
    15 1.189161 -0.000001 -0.000001 0.000000 0.000000 0.310716
    16 1.302900 -0.000001 0.000001 0.000000 0.000000 0.174431
    17 -2.869899 1.399667 -4.140396 0.000026 1.318451 -3.142315
    18 4.972047 0.000000 0.000000 0.527194 -0.796957 -0.583076
    19 11.585358 0.000000 0.000001 0.000000 0.000000 -0.252536
    20 10.127058 0.000000 0.000001 1.115068 -0.058913 0.001903
    21 2.162477 0.109715 1.664489 -0.102103 -0.407481 0.466772
    22 0.928313 0.000000 0.000002 0.000000 0.000000 0.000000
    23 0.928311 0.000000 0.000001 0.000000 0.000000 0.043590
    24 3.784085 -0.427337 0.044204 -0.008135 -0.033977 0.319847
    25 1.189159 0.000000 0.000001 0.000000 0.000000 0.298305
    26 1.302900 0.000000 -0.000001 0.000000 0.000000 0.236288
    27 2.046984 0.000001 0.000000 -0.209426 0.334599 0.174509
    28 -0.000005 0.000007 3.713254 -0.025180 3.118325 6.185886
    29 18.045723 0.000000 0.000000 0.000000 0.000000 -0.001874
    30 17.597597 0.000000 0.000000 0.237269 -0.008674 -0.084276
    31 0.000005 -0.000003 -3.713254 0.226712 2.992866 6.101751
    32 18.045721 0.000000 0.000000 0.000000 0.000000 -0.509255
    33 17.597597 0.000000 0.000000 -0.013624 0.007010 0.295336
  time 167
    0 -10.089186 1.414257 -0.471195 0.081227 -0.028886 -2.771441
    1 -1.293012 0.000000 0.000000 -1.570795 -1.570787 0.000000
    2 1.293670 0.684478 -0.000001 -0.000004 -0.000001 0.146277
    3 5.309685 -0.003834 0.000000 0.000000 0.000000 -0.032207
    4 4.826790 -0.004591 0.000000 0.000000 0.000000 0.076209
    5 5.792767 -0.005304 0.000000 0.000000 0.000000 0.017444
    6 6.662322 -0.001452 0.000000 0.000000 -0.000001 0.348900
    7 -2.869899 1.399632 4.140401 -0.000100 -1.292340 -3.142292
    8 4.972048 0.000000 -0.000002 0.186614 0.958470 0.000926
    9 11.585358 0.000000 0.000000 0.000000 0.000000 -0.705088
    10 10.127057 -0.000001 0.000001 -1.500755 0.006276 0.092219
    11 2.162477 0.109716 -1.664490 0.065907 0.446504 0.247329
    12 0.928312 0.000000 0.000000 0.000000 0.000000 0.052314
    13 0.928313 0.000000 -0.000001 0.000000 0.000000 0.052330
    14 3.784085 -0.427338 -0.044205 -0.008248 0.060559 -0.122549
    15 1.189161 -0.000001 -0.000001 0.000000 0.000000 0.308251
    16 1.302900 -0.000001 0.000001 0.000000 0.000000 0.176034
    17 -2.869899 1.399667 -4.140396 0.000026 1.318451 -3.142315
    18 4.972047 0.000000 0.000000 0.527100 -0.799608 -0.590663
    19 11.585358 0.000000 0.000001 0.000000 0.000000 -0.254333
    20 10.127058 0.000000 0.000001 1.116330 -0.057495 0.001803
    21 2.162477 0.109715 1.664489 -0.102103 -0.407481 0.466772
    22 0.928313 0.000000 0.000002 0.000000 0.000000 0.000000
    23 0.928311 0.000000 0.000001 0.000000 0.000000 0.043590
    24 3.784085 -0.427337 0.044204 -0.008339 -0.033917 0.325406
    25 1.189159 0.000000 0.000001 0.000000 0.000000 0.296209
    26 1.302900 0.000000 -0.000001 0.000000 0.000000 0.235877
    27 2.046984 0.000001 0.000000 -0.169316 0.311615 0.185458
    28 -0.000005 0.000007 3.713254 -0.024700 3.112477 6.162784
    29 18.045723 0.000000 0.000000 0.000000 0.000000 -0.001874
    30 17.597597 0.000000 0.000000 0.369365 0.001687 -0.102706
    31 0.000005 -0.000003 -3.713254 0.214444 3.015778 6.116131
    32 18.045721 0.000000 0.000000 0.000000 0.000000 -0.500518
    33 17.597597 0.000000 0.000000 0.137726 -0.000169 0.300417
  time 168
    0 -9.874336 1.383006 -0.471195 0.077991 -0.029646 -2.728117
    1 -1.273480 0.000000 0.000000 -1.570795 -1.570787 0.000000
    2 1.293670 0.684478 -0.000001 -0.000004 -0.000001 0.144587
    3 5.309685 -0.003834 0.000000 0.000000 0.000000 -0.033214
    4 4.826790 -0.004591 0.000000 0.000000 0.000000 0.074842
    5 5.792767 -0.005304 0.000000 0.000000 0.000000 0.017444
    6 6.662322 -0.001452 0.000000 0.000000 -0.000001 0.348900
    7 -2.869899 1.399632 4.140401 -0.000100 -1.292340 -3.142292
    8 4.972048 0.000000 -0.000002 0.186534 0.962477 0.011237
    9 11.585358 0.000000 0.000000 0.000000 0.000000 -0.704654
    10 10.127057 -0.000001 0.000001 -1.495826 0.006089 0.089257
    11 2.162477 0.109716 -1.664490 0.065907 0.446504 0.247329
    12 0.928312 0.000000 0.000000 0.000000 0.000000 0.052314
    13 0.928313 0.000000 -0.000001 0.000000 0.000000 0.052330
    14 3.784085 -0.427338 -0.044205 -0.008080 0.060559 -0.119683
    15 1.189161 -0.000001 -0.000001 0.000000 0.000000 0.305868
    16 1.302900 -0.000001 0.000001 0.000000 0.000000 0.177743
    17 -2.869899 1.399667 -4.140396 0.000026 1.318451 -3.142315
    18 4.972047 0.000000 0.000000 0.525506 -0.804108 -0.595322
    19 11.585358 0.000000 0.000001 0.000000 0.000000 -0.256375
    20 10.127058 0.000000 0.000001 1.117593 -0.055982 0.001703
    21 2.162477 0.109715 1.664489 -0.102103 -0.407481 0.466772
    22 0.928313 0.000000 0.000002 0.000000 0.000000 0.000000
    23 0.928311 0.000000 0.000001 0.000000 0.000000 0.043590
    24 3.784085 -0.427337 0.044204 -0.008519 -0.033845 0.330854
    25 1.189159 0.000000 0.000001 0.000000 0.000000 0.294080
    26 1.302900 0.000000 -0.000001 0.000000 0.000000 0.235569
    27 2.046984 0.000001 0.000000 -0.132523 0.281699 0.195069
    28 -0.000005 0.000007 3.713254 -0.025563 3.116120 6.085904
    29 18.045723 0.000000 0.000000 0.000000 0.000000 -0.152642
    30 17.597597 0.000000 0.000000 0.367414 0.030037 -0.114352
    31 0.000005 -0.000003 -3.713254 0.206777 3.021243 6.115364
    32 18.045721 0.000000 0.000000 0.000000 0.000000 -0.500360
    33 17.597597 0.000000 0.000000 0.189564 -0.001057 0.299170
  time 169
    0 -9.632141 1.328317 -0.518072 0.074896 -0.030311 -2.687169
    1 -1.250042 0.000000 0.000000 -1.570795 -1.570787 0.000000
    2 1.293670 0.684478 -0.000001 -0.000004 -0.000001 0.142561
    3 5.309685 -0.003834 0.000000 0.000000 0.000000 -0.034062
    4 4.826790 -0.004591 0.000000 0.000000 0.000000 0.073210
    5 5.792767 -0.005304 0.000000 0.000000 0.000000 0.017444
    6 6.662322 -0.001452 0.000000 0.000000 -0.000001 0.348900
    7 -2.869899 1.399632 4.140401 -0.000100 -1.292340 -3.142292
    8 4.972048 0.000000 -0.000002 0.185258 0.967168 0.019469
    9 11.585358 0.000000 0.000000 0.000000 0.000000 -0.700886
    10 10.127057 -0.000001 0.000001 -1.490614 0.005808 0.086180
    11 2.162477 0.109716 -1.664490 0.065907 0.446504 0.247329
    12 0.928312 0.000000 0.000000 0.000000 0.000000 0.052314
    13 0.928313 0.000000 -0.000001 0.000000 0.000000 0.052330
    14 3.784085 -0.427338 -0.044205 -0.007888 0.060583 -0.116730
    15 1.189161 -0.000001 -0.000001 0.000000 0.000000 0.303445
    16 1.302900 -0.000001 0.000001 0.000000 0.000000 0.179506
    17 -2.869899 1.399667 -4.140396 0.000026 1.318451 -3.142315
    18 4.972047 0.000000 0.000000 0.522411 -0.810536 -0.596986
    19 11.585358 0.000000 0.000001 0.000000 0.000000 -0.258335
    20 10.127058 0.000000 0.000001 1.118925 -0.054374 0.001603
    21 2.162477 0.109715 1.664489 -0.102103 -0.407481 0.466772
    22 0.928313 0.000000 0.000002 0.000000 0.000000 0.000000
    23 0.928311 0.000000 0.000001 0.000000 0.000000 0.043590
    24 3.784085 -0.427337 0.044204 -0.008710 -0.033785 0.336358
    25 1.189159 0.000000 0.000001 0.000000 0.000000 0.292050
    26 1.302900 0.000000 -0.000001 0.000000 0.000000 0.235466
    27 2.046984 0.000001 0.000000 -0.090474 0.241132 0.202430
    28 -0.000005 0.000007 3.713254 -0.026234 3.120243 6.006725
    29 18.045723 0.000000 0.000000 0.000000 0.000000 -0.311034
    30 17.597597 0.000000 0.000000 0.354085 0.058043 -0.126043
    31 0.000005 -0.000003 -3.713254 0.199014 3.025365 6.113543
    32 18.045721 0.000000 0.000000 0.000000 0.000000 -0.500675
    33 17.597597 0.000000 0.000000 0.238683 -0.001017 0.297276
  time 170
    0 -9.362602 1.297066 -0.518072 0.071848 -0.030691 -2.646315
    1 -1.222698 0.000000 0.000000 -1.570795 -1.570787 0.000000
    2 1.293670 0.684478 -0.000001 -0.000004 -0.000001 0.140150
    3 5.309685 -0.003834 0.000000 0.000000 0.000000 -0.034786
    4 4.826790 -0.004591 0.000000 0.000000 0.000000 0.071358
    5 5.792767 -0.005304 0.000000 0.000000 0.000000 0.017444
    6 6.662322 -0.001452 0.000000 0.000000 -0.000001 0.348900
    7 -2.869899 1.399632 4.140401 -0.000100 -1.292340 -3.142292
    8 4.972048 0.000000 -0.000002 0.182947 0.971943 0.025968
    9 11.585358 0.000000 0.000000 0.000000 0.000000 -0.693931
    10 10.127057 -0.000001 0.000001 -1.485401 0.005433 0.082870
    11 2.162477 0.109716 -1.664490 0.065907 0.446504 0.247329
    12 0.928312 0.000000 0.000000 0.000000 0.000000 0.052314
    13 0.928313 0.000000 -0.000001 0.000000 0.000000 0.052330
    14 3.784085 -0.427338 -0.044205 -0.007720 0.060607 -0.113951
    15 1.189161 -0.000001 -0.000001 0.000000 0.000000 0.300979
    16 1.302900 -0.000001 0.000001 0.000000 0.000000 0.181323
    17 -2.869899 1.399667 -4.140396 0.000026 1.318451 -3.142315
    18 4.972047 0.000000 0.000000 0.517721 -0.818973 -0.595788
    19 11.585358 0.000000 0.000001 0.000000 0.000000 -0.260867
    20 10.127058 0.000000 0.000001 1.120187 -0.052861 0.001603
    21 2.162477 0.109715 1.664489 -0.102103 -0.407481 0.466772
    22 0.928313 0.000000 0.000002 0.000000 0.000000 0.000000
    23 0.928311 0.000000 0.000001 0.000000 0.000000 0.043590
    24 3.784085 -0.427337 0.044204 -0.008866 -0.033774 0.341750
    25 1.189159 0.000000 0.000001 0.000000 0.000000 0.289954
    26 1.302900 0.000000 -0.000001 0.000000 0.000000 0.235158
    27 2.046984 0.000001 0.000000 -0.044677 0.192569 0.206992
    28 -0.000005 0.000007 3.713254 -0.026522 3.124461 5.929366
    29 18.045723 0.000000 0.000000 0.000000 0.000000 -0.465946
    30 17.597597 0.000000 0.000000 0.338501 0.084079 -0.138238
    31 0.000005 -0.000003 -3.713254 0.191059 3.028624 6.111146
    32 18.045721 0.000000 0.000000 0.000000 0.000000 -0.501147
    33 17.597597 0.000000 0.000000 0.287735 -0.000130 0.294967
  time 171
    0 -9.065718 1.242376 -0.518072 0.068799 -0.031071 -2.605557
    1 -1.195353 0.000000 0.000000 -1.570795 -1.570787 0.000000
    2 1.293670 0.684478 -0.000001 -0.000004 -0.000001 0.137355
    3 5.309685 -0.003834 0.000000 0.000000 0.000000 -0.035387
    4 4.826790 -0.004591 0.000000 0.000000 0.000000 0.069242
    5 5.792767 -0.005304 0.000000 0.000000 0.000000 0.017444
    6 6.662322 -0.001452 0.000000 0.000000 -0.000001 0.348900
    7 -2.869899 1.399632 4.140401 -0.000100 -1.292340 -3.142292
    8 4.972048 0.000000 -0.000002 0.179598 0.977230 0.030560
    9 11.585358 0.000000 0.000000 0.000000 0.000000 -0.684222
    10 10.127057 -0.000001 0.000001 -1.479904 0.005152 0.079793
    11 2.162477 0.109716 -1.664490 0.065907 0.446504 0.247329
    12 0.928312 0.000000 0.000000 0.000000 0.000000 0.052314
    13 0.928313 0.000000 -0.000001 0.000000 0.000000 0.052330
    14 3.784085 -0.427338 -0.044205 -0.007553 0.060655 -0.111041
    15 1.189161 -0.000001 -0.000001 0.000000 0.000000 0.298597
    16 1.302900 -0.000001 0.000001 0.000000 0.000000 0.183193
    17 -2.869899 1.399667 -4.140396 0.000026 1.318451 -3.142315
    18 4.972047 0.000000 0.000000 0.511436 -0.829097 -0.591661
    19 11.585358 0.000000 0.000001 0.000000 0.000000 -0.263726
    20 10.127058 0.000000 0.000001 1.121449 -0.051159 0.001403
    21 2.162477 0.109715 1.664489 -0.102103 -0.407481 0.466772
    22 0.928313 0.000000 0.000002 0.000000 0.000000 0.000000
    23 0.928311 0.000000 0.000001 0.000000 0.000000 0.043590
    24 3.784085 -0.427337 0.044204 -0.009070 -0.033738 0.347169
    25 1.189159 0.000000 0.000001 0.000000 0.000000 0.287924
    26 1.302900 0.000000 -0.000001 0.000000 0.000000 0.235106
    27 2.046984 0.000001 0.000000 0.004136 0.137634 0.208330
    28 -0.000005 0.000007 3.713254 -0.026618 3.128392 5.854596
    29 18.045723 0.000000 0.000000 0.000000 0.000000 -0.615382
    30 17.597597 0.000000 0.000000 0.321802 0.107951 -0.151029
    31 0.000005 -0.000003 -3.713254 0.182817 3.031021 6.108462
    32 18.045721 0.000000 0.000000 0.000000 0.000000 -0.501777
    33 17.597597 0.000000 0.000000 0.336687 0.001646 0.292426
  time 172
    0 -8.753208 1.175968 -0.518072 0.065610 -0.031261 -2.564799
    1 -1.164102 0.000000 0.000000 -1.570795 -1.570787 0.000000
    2 1.293670 0.684478 -0.000001 -0.000004 -0.000001 0.134190
    3 5.309685 -0.003834 0.000000 0.000000 0.000000 -0.035864
    4 4.826790 -0.004591 0.000000 0.000000 0.000000 0.066905
    5 5.792767 -0.005304 0.000000 0.000000 0.000000 0.017444
    6 6.662322 -0.001452 0.000000 0.000000 -0.000001 0.348900
    7 -2.869899 1.399632 4.140401 -0.000100 -1.292340 -3.142292
    8 4.972048 0.000000 -0.000002 0.175373 0.982943 0.033420
    9 11.585358 0.000000 0.000000 0.000000 0.000000 -0.671832
    10 10.127057 -0.000001 0.000001 -1.474407 0.004871 0.076542
    11 2.162477 0.109716 -1.664490 0.065907 0.446504 0.247329
    12 0.928312 0.000000 0.000000 0.000000 0.000000 0.052314
    13 0.928313 0.000000 -0.000001 0.000000 0.000000 0.052330
    14 3.784085 -0.427338 -0.044205 -0.007361 0.060679 -0.108218
    15 1.189161 -0.000001 -0.000001 0.000000 0.000000 0.296215
    16 1.302900 -0.000001 0.000001 0.000000 0.000000 0.185062
    17 -2.869899 1.399667 -4.140396 0.000026 1.318451 -3.142315
    18 4.972047 0.000000 0.000000 0.503745 -0.840828 -0.584806
    19 11.585358 0.000000 0.000001 0.000000 0.000000 -0.266667
    20 10.127058 0.000000 0.000001 1.122642 -0.049457 0.001403
    21 2.162477 0.109715 1.664489 -0.102103 -0.407481 0.466772
    22 0.928313 0.000000 0.000002 0.000000 0.000000 0.000000
    23 0.928311 0.000000 0.000001 0.000000 0.000000 0.043590
    24 3.784085 -0.427337 0.044204 -0.009238 -0.033654 0.352561
    25 1.189159 0.000000 0.000001 0.000000 0.000000 0.285862
    26 1.302900 0.000000 -0.000001 0.000000 0.000000 0.234798
    27 2.046984 0.000001 0.000000 0.056309 0.077388 0.206018
    28 -0.000005 0.000007 3.713254 -0.026426 3.132131 5.783469
    29 18.045723 0.000000 0.000000 0.000000 0.000000 -0.757194
    30 17.597597 0.000000 0.000000 0.304571 0.129484 -0.164233
    31 0.000005 -0.000003 -3.713254 0.174478 3.032555 6.105490
    32 18.045721 0.000000 0.000000 0.000000 0.000000 -0.502328
    33 17.597597 0.000000 0.000000 0.385572 0.004348 0.289655
  time 173
    0 -8.417260 1.125185 -0.518072 0.062562 -0.031356 -2.524135
    1 -1.132851 0.000000 0.000000 -1.570795 -1.570787 0.000000
    2 1.293670 0.684478 -0.000001 -0.000004 -0.000001 0.130658
    3 5.309685 -0.003834 0.000000 0.000000 0.000000 -0.036199
    4 4.826790 -0.004591 0.000000 0.000000 0.000000 0.064325
    5 5.792767 -0.005304 0.000000 0.000000 0.000000 0.017444
    6 6.662322 -0.001452 0.000000 0.000000 -0.000001 0.348900
    7 -2.869899 1.399632 4.140401 -0.000100 -1.292340 -3.142292
    8 4.972048 0.000000 -0.000002 0.170112 0.988656 0.034893
    9 11.585358 0.000000 0.000000 0.000000 0.000000 -0.657197
    10 10.127057 -0.000001 0.000001 -1.468720 0.004403 0.073290
    11 2.162477 0.109716 -1.664490 0.065907 0.446504 0.247329
    12 0.928312 0.000000 0.000000 0.000000 0.000000 0.052314
    13 0.928313 0.000000 -0.000001 0.000000 0.000000 0.052330
    14 3.784085 -0.427338 -0.044205 -0.007205 0.060703 -0.105396
    15 1.189161 -0.000001 -0.000001 0.000000 0.000000 0.293874
    16 1.302900 -0.000001 0.000001 0.000000 0.000000 0.187039
    17 -2.869899 1.399667 -4.140396 0.000026 1.318451 -3.142315
    18 4.972047 0.000000 0.000000 0.494552 -0.853925 -0.575422
    19 11.585358 0.000000 0.000001 0.000000 0.000000 -0.269607
    20 10.127058 0.000000 0.000001 1.123764 -0.047566 0.001403
    21 2.162477 0.109715 1.664489 -0.102103 -0.407481 0.466772
    22 0.928313 0.000000 0.000002 0.000000 0.000000 0.000000
    23 0.928311 0.000000 0.000001 0.000000 0.000000 0.043590
    24 3.784085 -0.427337 0.044204 -0.009430 -0.033606 0.357953
    25 1.189159 0.000000 0.000001 0.000000 0.000000 0.283832
    26 1.302900 0.000000 -0.000001 0.000000 0.000000 0.234798
    27 2.046984 0.000001 0.000000 0.111886 0.012598 0.199510
    28 -0.000005 0.000007 3.713254 -0.026042 3.135487 5.717709
    29 18.045723 0.000000 0.000000 0.000000 0.000000 -0.888200
    30 17.597597 0.000000 0.000000 0.287492 0.148286 -0.177529
    31 0.000005 -0.000003 -3.713254 0.165948 3.033226 6.102709
    32 18.045721 0.000000 0.000000 0.000000 0.000000 -0.502800
    33 17.597597 0.000000 0.000000 0.434456 0.008036 0.286838
  time 174
    0 -8.065687 1.054871 -0.564948 0.059466 -0.031356 -2.483567
    1 -1.097694 0.000000 0.000000 -1.570795 -1.570787 0.000000
    2 1.293670 0.684478 -0.000001 -0.000004 -0.000001 0.126808
    3 5.309685 -0.003834 0.000000 0.000000 0.000000 -0.036429
    4 4.826790 -0.004591 0.000000 0.000000 0.000000 0.061525
    5 5.792767 -0.005304 0.000000 0.000000 0.000000 0.017444
    6 6.662322 -0.001452 0.000000 0.000000 -0.000001 0.348900
    7 -2.869899 1.399632 4.140401 -0.000100 -1.292340 -3.142292
    8 4.972048 0.000000 -0.000002 0.164054 0.994711 0.034979
    9 11.585358 0.000000 0.000000 0.000000 0.000000 -0.640388
    10 10.127057 -0.000001 0.000001 -1.462939 0.004122 0.069922
    11 2.162477 0.109716 -1.664490 0.065907 0.446504 0.247329
    12 0.928312 0.000000 0.000000 0.000000 0.000000 0.052314
    13 0.928313 0.000000 -0.000001 0.000000 0.000000 0.052330
    14 3.784085 -0.427338 -0.044205 -0.007025 0.060703 -0.102486
    15 1.189161 -0.000001 -0.000001 0.000000 0.000000 0.291492
    16 1.302900 -0.000001 0.000001 0.000000 0.000000 0.188962
    17 -2.869899 1.399667 -4.140396 0.000026 1.318451 -3.142315
    18 4.972047 0.000000 0.000000 0.483859 -0.868146 -0.563508
    19 11.585358 0.000000 0.000001 0.000000 0.000000 -0.273119
    20 10.127058 0.000000 0.000001 1.124956 -0.045674 0.001403
    21 2.162477 0.109715 1.664489 -0.102103 -0.407481 0.466772
    22 0.928313 0.000000 0.000002 0.000000 0.000000 0.000000
    23 0.928311 0.000000 0.000001 0.000000 0.000000 0.043590
    24 3.784085 -0.427337 0.044204 -0.009609 -0.033558 0.363317
    25 1.189159 0.000000 0.000001 0.000000 0.000000 0.281836
    26 1.302900 0.000000 -0.000001 0.000000 0.000000 0.234695
    27 2.046984 0.000001 0.000000 0.171599 -0.055968 0.188196
    28 -0.000005 0.000007 3.713254 -0.025467 3.138363 5.660289
    29 18.045723 0.000000 0.000000 0.000000 0.000000 -1.002405
    30 17.597597 0.000000 0.000000 0.271630 0.163765 -0.189632
    31 0.000005 -0.000003 -3.713254 0.157323 3.033034 6.100121
    32 18.045721 0.000000 0.000000 0.000000 0.000000 -0.503037
    33 17.597597 0.000000 0.000000 0.483173 0.012632 0.284066
  time 175
    0 -7.702395 0.984556 -0.564948 0.056324 -0.031166 -2.442999
    1 -1.058630 0.000000 0.000000 -1.570795 -1.570787 0.000000
    2 1.293670 0.684478 -0.000001 -0.000004 -0.000001 0.122589
    3 5.309685 -0.003834 0.000000 0.000000 0.000000 -0.036500
    4 4.826790 -0.004591 0.000000 0.000000 0.000000 0.058504
    5 5.792767 -0.005304 0.000000 0.000000 0.000000 0.017444
    6 6.662322 -0.001452 0.000000 0.000000 -0.000001 0.348900
    7 -2.869899 1.399632 4.140401 -0.000100 -1.292340 -3.142292
    8 4.972048 0.000000 -0.000002 0.157198 1.001021 0.033680
    9 11.585358 0.000000 0.000000 0.000000 0.000000 -0.621695
    10 10.127057 -0.000001 0.000001 -1.457158 0.003747 0.066555
    11 2.162477 0.109716 -1.664490 0.065907 0.446504 0.247329
    12 0.928312 0.000000 0.000000 0.000000 0.000000 0.052314
    13 0.928313 0.000000 -0.000001 0.000000 0.000000 0.052330
    14 3.784085 -0.427338 -0.044205 -0.006834 0.060715 -0.099663
    15 1.189161 -0.000001 -0.000001 0.000000 0.000000 0.289110
    16 1.302900 -0.000001 0.000001 0.000000 0.000000 0.190939
    17 -2.869899 1.399667 -4.140396 0.000026 1.318451 -3.142315
    18 4.972047 0.000000 0.000000 0.471666 -0.883252 -0.549332
    19 11.585358 0.000000 0.000001 0.000000 0.000000 -0.276387
    20 10.127058 0.000000 0.000001 1.126078 -0.043689 0.001403
    21 2.162477 0.109715 1.664489 -0.102103 -0.407481 0.466772
    22 0.928313 0.000000 0.000002 0.000000 0.000000 0.000000
    23 0.928311 0.000000 0.000001 0.000000 0.000000 0.043590
    24 3.784085 -0.427337 0.044204 -0.009789 -0.033546 0.368681
    25 1.189159 0.000000 0.000001 0.000000 0.000000 0.279806
    26 1.302900 0.000000 -0.000001 0.000000 0.000000 0.234644
    27 2.046984 0.000001 0.000000 0.235965 -0.127366 0.171346
    28 -0.000005 0.000007 3.713254 -0.024796 3.140664 5.620700
    29 18.045723 0.000000 0.000000 0.000000 0.000000 -1.083377
    30 17.597597 0.000000 0.000000 0.258276 0.172773 -0.194813
    31 0.000005 -0.000003 -3.713254 0.148505 3.032171 6.098012
    32 18.045721 0.000000 0.000000 0.000000 0.000000 -0.502879
    33 17.597597 0.000000 0.000000 0.531823 0.018134 0.281341
  time 176
    0 -7.323477 0.918148 -0.564948 0.053276 -0.030976 -2.402620
    1 -1.015660 0.000000 0.000000 -1.570795 -1.570787 0.000000
    2 1.293670 0.684478 -0.000001 -0.000004 -0.000001 0.118019
    3 5.309685 -0.003834 0.000000 0.000000 0.000000 -0.036464
    4 4.826790 -0.004591 0.000000 0.000000 0.000000 0.055285
    5 5.792767 -0.005304 0.000000 0.000000 0.000000 0.017444
    6 6.662322 -0.001452 0.000000 0.000000 -0.000001 0.348900
    7 -2.869899 1.399632 4.140401 -0.000100 -1.292340 -3.142292
    8 4.972048 0.000000 -0.000002 0.149545 1.007331 0.031340
    9 11.585358 0.000000 0.000000 0.000000 0.000000 -0.601408
    10 10.127057 -0.000001 0.000001 -1.451282 0.003466 0.063013
    11 2.162477 0.109716 -1.664490 0.065907 0.446504 0.247329
    12 0.928312 0.000000 0.000000 0.000000 0.000000 0.052314
    13 0.928313 0.000000 -0.000001 0.000000 0.000000 0.052330
    14 3.784085 -0.427338 -0.044205 -0.006678 0.060739 -0.096884
    15 1.189161 -0.000001 -0.000001 0.000000 0.000000 0.286728
    16 1.302900 -0.000001 0.000001 0.000000 0.000000 0.192969
    17 -2.869899 1.399667 -4.140396 0.000026 1.318451 -3.142315
    18 4.972047 0.000000 0.000000 0.457783 -0.899322 -0.532627
    19 11.585358 0.000000 0.000001 0.000000 0.000000 -0.280144
    20 10.127058 0.000000 0.000001 1.126989 -0.041797 0.001403
    21 2.162477 0.109715 1.664489 -0.102103 -0.407481 0.466772
    22 0.928313 0.000000 0.000002 0.000000 0.000000 0.000000
    23 0.928311 0.000000 0.000001 0.000000 0.000000 0.043590
    24 3.784085 -0.427337 0.044204 -0.009969 -0.033450 0.374045
    25 1.189159 0.000000 0.000001 0.000000 0.000000 0.277810
    26 1.302900 0.000000 -0.000001 0.000000 0.000000 0.234438
    27 2.046984 0.000001 0.000000 0.305199 -0.200004 0.148657
    28 -0.000005 0.000007 3.713254 -0.022112 3.143828 5.647636
    29 18.045723 0.000000 0.000000 0.000000 0.000000 -1.053105
    30 17.597597 0.000000 0.000000 0.245961 0.155054 -0.153092
    31 0.000005 -0.000003 -3.713254 0.139592 3.030446 6.096382
    32 18.045721 0.000000 0.000000 0.000000 0.000000 -0.502171
    33 17.597597 0.000000 0.000000 0.580338 0.024545 0.278893
  time 177
    0 -6.932840 0.832208 -0.564948 0.050181 -0.030501 -2.362242
    1 -0.972690 0.000000 0.000000 -1.570795 -1.570787 0.000000
    2 1.293670 0.684478 -0.000001 -0.000004 -0.000001 0.113147
    3 5.309685 -0.003834 0.000000 0.000000 0.000000 -0.036323
    4 4.826790 -0.004591 0.000000 0.000000 0.000000 0.051824
    5 5.792767 -0.005304 0.000000 0.000000 0.000000 0.017444
    6 6.662322 -0.001452 0.000000 0.000000 -0.000001 0.348900
    7 -2.869899 1.399632 4.140401 -0.000100 -1.292340 -3.142292
    8 4.972048 0.000000 -0.000002 0.141494 1.013812 0.027961
    9 11.585358 0.000000 0.000000 0.000000 0.000000 -0.579744
    10 10.127057 -0.000001 0.000001 -1.445405 0.003185 0.059761
    11 2.162477 0.109716 -1.664490 0.065907 0.446504 0.247329
    12 0.928312 0.000000 0.000000 0.000000 0.000000 0.052314
    13 0.928313 0.000000 -0.000001 0.000000 0.000000 0.052330
    14 3.784085 -0.427338 -0.044205 -0.006522 0.060799 -0.093974
    15 1.189161 -0.000001 -0.000001 0.000000 0.000000 0.284346
    16 1.302900 -0.000001 0.000001 0.000000 0.000000 0.194999
    17 -2.869899 1.399667 -4.140396 0.000026 1.318451 -3.142315
    18 4.972047 0.000000 0.000000 0.442400 -0.916035 -0.513792
    19 11.585358 0.000000 0.000001 0.000000 0.000000 -0.283738
    20 10.127058 0.000000 0.000001 1.128111 -0.039906 0.001403
    21 2.162477 0.109715 1.664489 -0.102103 -0.407481 0.466772
    22 0.928313 0.000000 0.000002 0.000000 0.000000 0.000000
    23 0.928311 0.000000 0.000001 0.000000 0.000000 0.043590
    24 3.784085 -0.427337 0.044204 -0.010137 -0.033390 0.379353
    25 1.189159 0.000000 0.000001 0.000000 0.000000 0.275813
    26 1.302900 0.000000 -0.000001 0.000000 0.000000 0.234438
    27 2.046984 0.000001 0.000000 0.378828 -0.271284 0.120128
    28 -0.000005 0.000007 3.713254 -0.020290 3.145745 5.682625
    29 18.045723 0.000000 0.000000 0.000000 0.000000 -1.001961
    30 17.597597 0.000000 0.000000 0.239322 0.137458 -0.114672
    31 0.000005 -0.000003 -3.713254 0.130678 3.028145 6.095615
    32 18.045721 0.000000 0.000000 0.000000 0.000000 -0.500911
    33 17.597597 0.000000 0.000000 0.628720 0.031685 0.276676
  time 178
    0 -6.538297 0.761893 -0.611824 0.047226 -0.030026 -2.322054
    1 -0.925814 0.000000 0.000000 -1.570795 -1.570787 0.000000
    2 1.293670 0.684478 -0.000001 -0.000004 -0.000001 0.108008
    3 5.309685 -0.003834 0.000000 0.000000 0.000000 -0.036076
    4 4.826790 -0.004591 0.000000 0.000000 0.000000 0.048186
    5 5.792767 -0.005304 0.000000 0.000000 0.000000 0.017444
    6 6.662322 -0.001452 0.000000 0.000000 -0.000001 0.348900
    7 -2.869899 1.399632 4.140401 -0.000100 -1.292340 -3.142292
    8 4.972048 0.000000 -0.000002 0.132565 1.020378 0.023715
    9 11.585358 0.000000 0.000000 0.000000 0.000000 -0.556921
    10 10.127057 -0.000001 0.000001 -1.439529 0.002904 0.056394
    11 2.162477 0.109716 -1.664490 0.065907 0.446504 0.247329
    12 0.928312 0.000000 0.000000 0.000000 0.000000 0.052314
    13 0.928313 0.000000 -0.000001 0.000000 0.000000 0.052330
    14 3.784085 -0.427338 -0.044205 -0.006318 0.060811 -0.091151
    15 1.189161 -0.000001 -0.000001 0.000000 0.000000 0.282005
    16 1.302900 -0.000001 0.000001 0.000000 0.000000 0.197029
    17 -2.869899 1.399667 -4.140396 0.000026 1.318451 -3.142315
    18 4.972047 0.000000 0.000000 0.425610 -0.933229 -0.492827
    19 11.585358 0.000000 0.000001 0.000000 0.000000 -0.287577
    20 10.127058 0.000000 0.000001 1.129163 -0.038015 0.001403
    21 2.162477 0.109715 1.664489 -0.102103 -0.407481 0.466772
    22 0.928313 0.000000 0.000002 0.000000 0.000000 0.000000
    23 0.928311 0.000000 0.000001 0.000000 0.000000 0.043590
    24 3.784085 -0.427337 0.044204 -0.010328 -0.033378 0.384745
    25 1.189159 0.000000 0.000001 0.000000 0.000000 0.273817
    26 1.302900 0.000000 -0.000001 0.000000 0.000000 0.234438
    27 2.046984 0.000001 0.000000 0.454654 -0.337549 0.087220
    28 -0.000005 0.000007 3.713254 -0.018660 3.147567 5.717709
    29 18.045723 0.000000 0.000000 0.000000 0.000000 -0.950299
    30 17.597597 0.000000 0.000000 0.231948 0.120329 -0.076803
    31 0.000005 -0.000003 -3.713254 0.121765 3.025269 6.095807
    32 18.045721 0.000000 0.000000 0.000000 0.000000 -0.498864
    33 17.597597 0.000000 0.000000 0.676900 0.039554 0.274783
  time 179
    0 -6.135941 0.675953 -0.611824 0.044225 -0.029361 -2.281960
    1 -0.878937 0.000000 0.000000 -1.570795 -1.570787 0.000000
    2 1.293670 0.684478 -0.000001 -0.000004 -0.000001 0.102567
    3 5.309685 -0.003834 0.000000 0.000000 0.000000 -0.035723
    4 4.826790 -0.004591 0.000000 0.000000 0.000000 0.044393
    5 5.792767 -0.005304 0.000000 0.000000 0.000000 0.017444
    6 6.662322 -0.001452 0.000000 0.000000 -0.000001 0.348900
    7 -2.869899 1.399632 4.140401 -0.000100 -1.292340 -3.142292
    8 4.972048 0.000000 -0.000002 0.123159 1.027030 0.018689
    9 11.585358 0.000000 0.000000 0.000000 0.000000 -0.533229
    10 10.127057 -0.000001 0.000001 -1.433748 0.002623 0.052852
    11 2.162477 0.109716 -1.664490 0.065907 0.446504 0.247329
    12 0.928312 0.000000 0.000000 0.000000 0.000000 0.052314
    13 0.928313 0.000000 -0.000001 0.000000 0.000000 0.052330
    14 3.784085 -0.427338 -0.044205 -0.006150 0.060811 -0.088285
    15 1.189161 -0.000001 -0.000001 0.000000 0.000000 0.279623
    16 1.302900 -0.000001 0.000001 0.000000 0.000000 0.199006
    17 -2.869899 1.399667 -4.140396 0.000026 1.318451 -3.142315
    18 4.972047 0.000000 0.000000 0.406945 -0.950424 -0.469732
    19 11.585358 0.000000 0.000001 0.000000 0.000000 -0.291416
    20 10.127058 0.000000 0.000001 1.130285 -0.036124 0.001403
    21 2.162477 0.109715 1.664489 -0.102103 -0.407481 0.466772
    22 0.928313 0.000000 0.000002 0.000000 0.000000 0.000000
    23 0.928311 0.000000 0.000001 0.000000 0.000000 0.043590
    24 3.784085 -0.427337 0.044204 -0.010496 -0.033318 0.390053
    25 1.189159 0.000000 0.000001 0.000000 0.000000 0.271820
    26 1.302900 0.000000 -0.000001 0.000000 0.000000 0.234387
    27 2.046984 0.000001 0.000000 0.527421 -0.393694 0.054008
    28 -0.000005 0.000007 3.713254 -0.017030 3.149389 5.752314
    29 18.045723 0.000000 0.000000 0.000000 0.000000 -0.899303
    30 17.597597 0.000000 0.000000 0.223586 0.103743 -0.039392
    31 0.000005 -0.000003 -3.713254 0.112948 3.021818 6.096957
    32 18.045721 0.000000 0.000000 0.000000 0.000000 -0.495952
    33 17.597597 0.000000 0.000000 0.724912 0.048055 0.273212
  time 180
    0 -5.729678 0.590013 -0.611824 0.041270 -0.028601 -2.241962
    1 -0.828154 0.000000 0.000000 -1.570795 -1.570787 0.000000
    2 1.293670 0.684478 -0.000001 -0.000004 -0.000001 0.096875
    3 5.309685 -0.003834 0.000000 0.000000 0.000000 -0.035263
    4 4.826790 -0.004591 0.000000 0.000000 0.000000 0.040447
    5 5.792767 -0.005304 0.000000 0.000000 0.000000 0.017444
    6 6.662322 -0.001452 0.000000 0.000000 -0.000001 0.348900
    7 -2.869899 1.399632 4.140401 -0.000100 -1.292340 -3.142292
    8 4.972048 0.000000 -0.000002 0.113194 1.033510 0.013057
    9 11.585358 0.000000 0.000000 0.000000 0.000000 -0.508957
    10 10.127057 -0.000001 0.000001 -1.427872 0.002342 0.049542
    11 2.162477 0.109716 -1.664490 0.065907 0.446504 0.247329
    12 0.928312 0.000000 0.000000 0.000000 0.000000 0.052314
    13 0.928313 0.000000 -0.000001 0.000000 0.000000 0.052330
    14 3.784085 -0.427338 -0.044205 -0.005995 0.060835 -0.085419
    15 1.189161 -0.000001 -0.000001 0.000000 0.000000 0.277241
    16 1.302900 -0.000001 0.000001 0.000000 0.000000 0.200983
    17 -2.869899 1.399667 -4.140396 0.000026 1.318451 -3.142315
    18 4.972047 0.000000 0.000000 0.386965 -0.967860 -0.444840
    19 11.585358 0.000000 0.000001 0.000000 0.000000 -0.295418
    20 10.127058 0.000000 0.000001 1.131407 -0.034043 0.001403
    21 2.162477 0.109715 1.664489 -0.102103 -0.407481 0.466772
    22 0.928313 0.000000 0.000002 0.000000 0.000000 0.000000
    23 0.928311 0.000000 0.000001 0.000000 0.000000 0.043590
    24 3.784085 -0.427337 0.044204 -0.010688 -0.033222 0.395417
    25 1.189159 0.000000 0.000001 0.000000 0.000000 0.269824
    26 1.302900 0.000000 -0.000001 0.000000 0.000000 0.234335
    27 2.046984 0.000001 0.000000 0.586875 -0.433111 0.028885
    28 -0.000005 0.000007 3.713254 -0.010703 -3.114673 5.901280
    29 18.045723 0.000000 0.000000 0.000000 0.000000 -0.729735
    30 17.597597 0.000000 0.000000 0.045195 0.021497 0.023969
    31 0.000005 -0.000003 -3.713254 0.104226 3.017983 6.099450
    32 18.045721 0.000000 0.000000 0.000000 0.000000 -0.491937
    33 17.597597 0.000000 0.000000 0.772656 0.057049 0.272011
  time 181
    0 -5.323416 0.504073 -0.611824 0.038316 -0.027745 -2.202154
    1 -0.777371 0.000000 0.000000 -1.570795 -1.570787 0.000000
    2 1.293670 0.684478 -0.000001 -0.000004 -0.000001 0.090999
    3 5.309685 -0.003834 0.000000 0.000000 0.000000 -0.034733
    4 4.826790 -0.004591 0.000000 0.000000 0.000000 0.036368
    5 5.792767 -0.005304 0.000000 0.000000 0.000000 0.017444
    6 6.662322 -0.001452 0.000000 0.000000 -0.000001 0.348900
    7 -2.869899 1.399632 4.140401 -0.000100 -1.292340 -3.142292
    8 4.972048 0.000000 -0.000002 0.102990 1.040077 0.006991
    9 11.585358 0.000000 0.000000 0.000000 0.000000 -0.484178
    10 10.127057 -0.000001 0.000001 -1.422090 0.002248 0.046233
    11 2.162477 0.109716 -1.664490 0.065907 0.446504 0.247329
    12 0.928312 0.000000 0.000000 0.000000 0.000000 0.052314
    13 0.928313 0.000000 -0.000001 0.000000 0.000000 0.052330
    14 3.784085 -0.427338 -0.044205 -0.005791 0.060835 -0.082640
    15 1.189161 -0.000001 -0.000001 0.000000 0.000000 0.274943
    16 1.302900 -0.000001 0.000001 0.000000 0.000000 0.202960
    17 -2.869899 1.399667 -4.140396 0.000026 1.318451 -3.142315
    18 4.972047 0.000000 0.000000 0.365392 -0.985135 -0.418151
    19 11.585358 0.000000 0.000001 0.000000 0.000000 -0.299339
    20 10.127058 0.000000 0.000001 1.132529 -0.032152 0.001403
    21 2.162477 0.109715 1.664489 -0.102103 -0.407481 0.466772
    22 0.928313 0.000000 0.000002 0.000000 0.000000 0.000000
    23 0.928311 0.000000 0.000001 0.000000 0.000000 0.043590
    24 3.784085 -0.427337 0.044204 -0.010856 -0.033162 0.400754
    25 1.189159 0.000000 0.000001 0.000000 0.000000 0.267828
    26 1.302900 0.000000 -0.000001 0.000000 0.000000 0.234181
    27 2.046984 0.000001 0.000000 0.640514 -0.459221 0.014895
    28 -0.000005 0.000007 3.713254 -0.007059 -3.094539 6.051491
    29 18.045723 0.000000 0.000000 0.000000 0.000000 -0.559871
    30 17.597597 0.000000 0.000000 -0.149413 -0.047262 0.094986
    31 0.000005 -0.000003 -3.713254 0.095888 3.013765 6.103189
    32 18.045721 0.000000 0.000000 0.000000 0.000000 -0.486821
    33 17.597597 0.000000 0.000000 0.820131 0.066378 0.271226
  time 182
    0 -4.917154 0.418133 -0.658701 0.035549 -0.026795 -2.162630
    1 -0.726589 0.000000 0.000000 -1.570795 -1.570787 0.000000
    2 1.293670 0.684478 -0.000001 -0.000004 -0.000001 0.084972
    3 5.309685 -0.003834 0.000000 0.000000 0.000000 -0.034168
    4 4.826790 -0.004591 0.000000 0.000000 0.000000 0.032179
    5 5.792767 -0.005304 0.000000 0.000000 0.000000 0.017444
    6 6.662322 -0.001452 0.000000 0.000000 -0.000001 0.348900
    7 -2.869899 1.399632 4.140401 -0.000100 -1.292340 -3.142292
    8 4.972048 0.000000 -0.000002 0.092468 1.046387 0.000579
    9 11.585358 0.000000 0.000000 0.000000 0.000000 -0.459327
    10 10.127057 -0.000001 0.000001 -1.416404 0.001967 0.042923
    11 2.162477 0.109716 -1.664490 0.065907 0.446504 0.247329
    12 0.928312 0.000000 0.000000 0.000000 0.000000 0.052314
    13 0.928313 0.000000 -0.000001 0.000000 0.000000 0.052330
    14 3.784085 -0.427338 -0.044205 -0.005623 0.060835 -0.079730
    15 1.189161 -0.000001 -0.000001 0.000000 0.000000 0.272519
    16 1.302900 -0.000001 0.000001 0.000000 0.000000 0.204883
    17 -2.869899 1.399667 -4.140396 0.000026 1.318451 -3.142315
    18 4.972047 0.000000 0.000000 0.342317 -1.002169 -0.389799
    19 11.585358 0.000000 0.000001 0.000000 0.000000 -0.303423
    20 10.127058 0.000000 0.000001 1.133581 -0.030261 0.001403
    21 2.162477 0.109715 1.664489 -0.102103 -0.407481 0.466772
    22 0.928313 0.000000 0.000002 0.000000 0.000000 0.000000
    23 0.928311 0.000000 0.000001 0.000000 0.000000 0.043590
    24 3.784085 -0.427337 0.044204 -0.011035 -0.033150 0.406118
    25 1.189159 0.000000 0.000001 0.000000 0.000000 0.265798
    26 1.302900 0.000000 -0.000001 0.000000 0.000000 0.234130
    27 2.046984 0.000001 0.000000 0.677479 -0.463647 0.026695
    28 -0.000005 0.000007 3.713254 -0.006484 -3.075843 6.188186
    29 18.045723 0.000000 0.000000 0.000000 0.000000 -0.405698
    30 17.597597 0.000000 0.000000 -0.336875 -0.093873 0.166049
    31 0.000005 -0.000003 -3.713254 0.087837 3.009355 6.108366
    32 18.045721 0.000000 0.000000 0.000000 0.000000 -0.480444
    33 17.597597 0.000000 0.000000 0.867237 0.075944 0.270718
  time 183
    0 -4.510891 0.332192 -0.658701 0.032641 -0.025655 -2.123107
    1 -0.671900 0.000000 0.000000 -1.570795 -1.570787 0.000000
    2 1.293670 0.684478 -0.000001 -0.000004 -0.000001 0.078845
    3 5.309685 -0.003834 0.000000 0.000000 0.000000 -0.033532
    4 4.826790 -0.004591 0.000000 0.000000 0.000000 0.027923
    5 5.792767 -0.005304 0.000000 0.000000 0.000000 0.017444
    6 6.662322 -0.001452 0.000000 0.000000 -0.000001 0.348900
    7 -2.869899 1.399632 4.140401 -0.000100 -1.292340 -3.142292
    8 4.972048 0.000000 -0.000002 0.081786 1.052697 -0.006006
    9 11.585358 0.000000 0.000000 0.000000 0.000000 -0.434475
    10 10.127057 -0.000001 0.000001 -1.410907 0.001780 0.039613
    11 2.162477 0.109716 -1.664490 0.065907 0.446504 0.247329
    12 0.928312 0.000000 0.000000 0.000000 0.000000 0.052314
    13 0.928313 0.000000 -0.000001 0.000000 0.000000 0.052330
    14 3.784085 -0.427338 -0.044205 -0.005479 0.060847 -0.076907
    15 1.189161 -0.000001 -0.000001 0.000000 0.000000 0.270137
    16 1.302900 -0.000001 0.000001 0.000000 0.000000 0.206806
    17 -2.869899 1.399667 -4.140396 0.000026 1.318451 -3.142315
    18 4.972047 0.000000 0.000000 0.317836 -1.018641 -0.360115
    19 11.585358 0.000000 0.000001 0.000000 0.000000 -0.307262
    20 10.127058 0.000000 0.000001 1.134703 -0.028369 0.001403
    21 2.162477 0.109715 1.664489 -0.102103 -0.407481 0.466772
    22 0.928313 0.000000 0.000002 0.000000 0.000000 0.000000
    23 0.928311 0.000000 0.000001 0.000000 0.000000 0.043590
    24 3.784085 -0.427337 0.044204 -0.011215 -0.033054 0.411482
    25 1.189159 0.000000 0.000001 0.000000 0.000000 0.263802
    26 1.302900 0.000000 -0.000001 0.000000 0.000000 0.234027
    27 2.046984 0.000001 0.000000 0.666880 -0.436504 0.072256
    28 -0.000005 0.000007 3.713254 -0.007922 -3.060791 0.016482
    29 18.045723 0.000000 0.000000 0.000000 0.000000 -0.279577
    30 17.597597 0.000000 0.000000 -0.494412 -0.117916 0.228217
    31 0.000005 -0.000003 -3.713254 0.080170 3.004754 6.115077
    32 18.045721 0.000000 0.000000 0.000000 0.000000 -0.472573
    33 17.597597 0.000000 0.000000 0.913975 0.085609 0.270441
  time 184
    0 -4.112441 0.246252 -0.658701 0.029968 -0.024515 -2.083869
    1 -0.621117 0.000000 0.000000 -1.570795 -1.570787 0.000000
    2 1.293670 0.684478 -0.000001 -0.000004 -0.000001 0.072701
    3 5.309685 -0.003834 0.000000 0.000000 0.000000 -0.032879
    4 4.826790 -0.004591 0.000000 0.000000 0.000000 0.023690
    5 5.792767 -0.005304 0.000000 0.000000 0.000000 0.017444
    6 6.662322 -0.001452 0.000000 0.000000 -0.000001 0.348900
    7 -2.869899 1.399632 4.140401 -0.000100 -1.292340 -3.142292
    8 4.972048 0.000000 -0.000002 0.071024 1.058837 -0.012505
    9 11.585358 0.000000 0.000000 0.000000 0.000000 -0.410058
    10 10.127057 -0.000001 0.000001 -1.405410 0.001780 0.036362
    11 2.162477 0.109716 -1.664490 0.065907 0.446504 0.247329
    12 0.928312 0.000000 0.000000 0.000000 0.000000 0.052314
    13 0.928313 0.000000 -0.000001 0.000000 0.000000 0.052330
    14 3.784085 -0.427338 -0.044205 -0.005312 0.060871 -0.074085
    15 1.189161 -0.000001 -0.000001 0.000000 0.000000 0.267754
    16 1.302900 -0.000001 0.000001 0.000000 0.000000 0.208676
    17 -2.869899 1.399667 -4.140396 0.000026 1.318451 -3.142315
    18 4.972047 0.000000 0.000000 0.292229 -1.034631 -0.329367
    19 11.585358 0.000000 0.000001 0.000000 0.000000 -0.311101
    20 10.127058 0.000000 0.000001 1.135825 -0.026667 0.001403
    21 2.162477 0.109715 1.664489 -0.102103 -0.407481 0.466772
    22 0.928313 0.000000 0.000002 0.000000 0.000000 0.000000
    23 0.928311 0.000000 0.000001 0.000000 0.000000 0.043590
    24 3.784085 -0.427337 0.044204 -0.011383 -0.032983 0.416846
    25 1.189159 0.000000 0.000001 0.000000 0.000000 0.261772
    26 1.302900 0.000000 -0.000001 0.000000 0.000000 0.233975
    27 2.046984 0.000001 0.000000 0.605013 -0.385669 0.128705
    28 -0.000005 0.000007 3.713254 -0.008018 -3.059545 0.041405
    29 18.045723 0.000000 0.000000 0.000000 0.000000 -0.241164
    30 17.597597 0.000000 0.000000 -0.505460 -0.112084 0.257147
    31 0.000005 -0.000003 -3.713254 0.073269 3.000152 6.123417
    32 18.045721 0.000000 0.000000 0.000000 0.000000 -0.463126
    33 17.597597 0.000000 0.000000 0.960175 0.095214 0.270348
  time 185
    0 -3.721805 0.175938 -0.658701 0.027295 -0.023185 -2.044916
    1 -0.566428 0.000000 0.000000 -1.570795 -1.570787 0.000000
    2 1.293670 0.684478 -0.000001 -0.000004 -0.000001 0.066607
    3 5.309685 -0.003834 0.000000 0.000000 0.000000 -0.032225
    4 4.826790 -0.004591 0.000000 0.000000 0.000000 0.019479
    5 5.792767 -0.005304 0.000000 0.000000 0.000000 0.017444
    6 6.662322 -0.001452 0.000000 0.000000 -0.000001 0.348900
    7 -2.869899 1.399632 4.140401 -0.000100 -1.292340 -3.142292
    8 4.972048 0.000000 -0.000002 0.060501 1.064891 -0.018917
    9 11.585358 0.000000 0.000000 0.000000 0.000000 -0.386149
    10 10.127057 -0.000001 0.000001 -1.400102 0.001780 0.033284
    11 2.162477 0.109716 -1.664490 0.065907 0.446504 0.247329
    12 0.928312 0.000000 0.000000 0.000000 0.000000 0.052314
    13 0.928313 0.000000 -0.000001 0.000000 0.000000 0.052330
    14 3.784085 -0.427338 -0.044205 -0.005108 0.060871 -0.071175
    15 1.189161 -0.000001 -0.000001 0.000000 0.000000 0.265331
    16 1.302900 -0.000001 0.000001 0.000000 0.000000 0.210492
    17 -2.869899 1.399667 -4.140396 0.000026 1.318451 -3.142315
    18 4.972047 0.000000 0.000000 0.265684 -1.049817 -0.297686
    19 11.585358 0.000000 0.000001 0.000000 0.000000 -0.314940
    20 10.127058 0.000000 0.000001 1.137087 -0.024776 0.001403
    21 2.162477 0.109715 1.664489 -0.102103 -0.407481 0.466772
    22 0.928313 0.000000 0.000002 0.000000 0.000000 0.000000
    23 0.928311 0.000000 0.000001 0.000000 0.000000 0.043590
    24 3.784085 -0.427337 0.044204 -0.011563 -0.032959 0.422210
    25 1.189159 0.000000 0.000001 0.000000 0.000000 0.259776
    26 1.302900 0.000000 -0.000001 0.000000 0.000000 0.233770
    27 2.046984 0.000001 0.000000 0.513333 -0.330203 0.168001
    28 -0.000005 0.000007 3.713254 -0.007826 -3.062325 0.012935
    29 18.045723 0.000000 0.000000 0.000000 0.000000 -0.276543
    30 17.597597 0.000000 0.000000 -0.464714 -0.106448 0.265262
    31 0.000005 -0.000003 -3.713254 0.067039 2.995550 6.133292
    32 18.045721 0.000000 0.000000 0.000000 0.000000 -0.451948
    33 17.597597 0.000000 0.000000 1.005705 0.104602 0.270348
  time 186
    0 -3.338980 0.089997 -0.658701 0.024621 -0.021759 -2.006153
    1 -0.515645 0.000000 0.000000 -1.570795 -1.570787 0.000000
    2 1.293670 0.684478 -0.000001 -0.000004 -0.000001 0.060647
    3 5.309685 -0.003834 0.000000 0.000000 0.000000 -0.031607
    4 4.826790 -0.004591 0.000000 0.000000 0.000000 0.015334
    5 5.792767 -0.005304 0.000000 0.000000 0.000000 0.017444
    6 6.662322 -0.001452 0.000000 0.000000 -0.000001 0.348900
    7 -2.869899 1.399632 4.140401 -0.000100 -1.292340 -3.142292
    8 4.972048 0.000000 -0.000002 0.049740 1.070604 -0.024983
    9 11.585358 0.000000 0.000000 0.000000 0.000000 -0.363109
    10 10.127057 -0.000001 0.000001 -1.394984 0.001780 0.030265
    11 2.162477 0.109716 -1.664490 0.065907 0.446504 0.247329
    12 0.928312 0.000000 0.000000 0.000000 0.000000 0.052314
    13 0.928313 0.000000 -0.000001 0.000000 0.000000 0.052330
    14 3.784085 -0.427338 -0.044205 -0.004952 0.060931 -0.068352
    15 1.189161 -0.000001 -0.000001 0.000000 0.000000 0.262990
    16 1.302900 -0.000001 0.000001 0.000000 0.000000 0.212255
    17 -2.869899 1.399667 -4.140396 0.000026 1.318451 -3.142315
    18 4.972047 0.000000 0.000000 0.238389 -1.064199 -0.265740
    19 11.585358 0.000000 0.000001 0.000000 0.000000 -0.318778
    20 10.127058 0.000000 0.000001 1.138209 -0.022979 0.001403
    21 2.162477 0.109715 1.664489 -0.102103 -0.407481 0.466772
    22 0.928313 0.000000 0.000002 0.000000 0.000000 0.000000
    23 0.928311 0.000000 0.000001 0.000000 0.000000 0.043590
    24 3.784085 -0.427337 0.044204 -0.011755 -0.032899 0.427629
    25 1.189159 0.000000 0.000001 0.000000 0.000000 0.257746
    26 1.302900 0.000000 -0.000001 0.000000 0.000000 0.233667
    27 2.046984 0.000001 0.000000 0.394467 -0.268422 0.192332
    28 -0.000005 0.000007 3.713254 -0.007826 -3.065489 -0.011222
    29 18.045723 0.000000 0.000000 0.000000 0.000000 -0.304520
    30 17.597597 0.000000 0.000000 -0.424398 -0.100443 0.270442
    31 0.000005 -0.000003 -3.713254 0.056497 2.973980 6.133867
    32 18.045721 0.000000 0.000000 0.000000 0.000000 -0.457774
    33 17.597597 0.000000 0.000000 1.102333 0.129868 0.277369
  time 187
    0 -2.967875 0.004057 -0.658701 0.022136 -0.020334 -1.967769
    1 -0.464862 0.000000 0.000000 -1.570795 -1.570787 0.000000
    2 1.293670 0.684478 -0.000001 -0.000004 -0.000001 0.054955
    3 5.309685 -0.003834 0.000000 0.000000 0.000000 -0.031042
    4 4.826790 -0.004591 0.000000 0.000000 0.000000 0.011409
    5 5.792767 -0.005304 0.000000 0.000000 0.000000 0.017444
    6 6.662322 -0.001452 0.000000 0.000000 -0.000001 0.348900
    7 -2.869899 1.399632 4.140401 -0.000100 -1.292340 -3.142292
    8 4.972048 0.000000 -0.000002 0.039376 1.076233 -0.030442
    9 11.585358 0.000000 0.000000 0.000000 0.000000 -0.341155
    10 10.127057 -0.000001 0.000001 -1.389961 0.001780 0.027188
    11 2.162477 0.109716 -1.664490 0.065907 0.446504 0.247329
    12 0.928312 0.000000 0.000000 0.000000 0.000000 0.052314
    13 0.928313 0.000000 -0.000001 0.000000 0.000000 0.052330
    14 3.784085 -0.427338 -0.044205 -0.004748 0.060943 -0.065356
    15 1.189161 -0.000001 -0.000001 0.000000 0.000000 0.260483
    16 1.302900 -0.000001 0.000001 0.000000 0.000000 0.213912
    17 -2.869899 1.399667 -4.140396 0.000026 1.318451 -3.142315
    18 4.972047 0.000000 0.000000 0.210624 -1.077617 -0.233793
    19 11.585358 0.000000 0.000001 0.000000 0.000000 -0.322372
    20 10.127058 0.000000 0.000001 1.139401 -0.021466 0.001403
    21 2.162477 0.109715 1.664489 -0.102103 -0.407481 0.466772
    22 0.928313 0.000000 0.000002 0.000000 0.000000 0.000000
    23 0.928311 0.000000 0.000001 0.000000 0.000000 0.043590
    24 3.784085 -0.427337 0.044204 -0.011922 -0.032791 0.433021
    25 1.189159 0.000000 0.000001 0.000000 0.000000 0.255650
    26 1.302900 0.000000 -0.000001 0.000000 0.000000 0.233564
    27 2.046984 0.000001 0.000000 0.250441 -0.193956 0.206870
    28 -0.000005 0.000007 3.713254 -0.007635 -3.069036 6.251166
    29 18.045723 0.000000 0.000000 0.000000 0.000000 -0.326947
    30 17.597597 0.000000 0.000000 -0.385071 -0.094168 0.273606
    31 0.000005 -0.000003 -3.713254 0.045187 2.975993 6.110571
    32 18.045721 0.000000 0.000000 0.000000 0.000000 -0.503588
    33 17.597597 0.000000 0.000000 0.836806 0.151051 0.288639
  time 188
    0 -2.612396 -0.058445 -0.658701 0.019603 -0.018719 -1.929766
    1 -0.421892 0.000000 0.000000 -1.570795 -1.570787 0.000000
    2 1.293670 0.684478 -0.000001 -0.000004 -0.000001 0.049665
    3 5.309685 -0.003834 0.000000 0.000000 0.000000 -0.030618
    4 4.826790 -0.004591 0.000000 0.000000 0.000000 0.007727
    5 5.792767 -0.005304 0.000000 0.000000 0.000000 0.017444
    6 6.662322 -0.001452 0.000000 0.000000 -0.000001 0.348900
    7 -2.869899 1.399632 4.140401 -0.000100 -1.292340 -3.142292
    8 4.972048 0.000000 -0.000002 0.029252 1.081520 -0.035294
    9 11.585358 0.000000 0.000000 0.000000 0.000000 -0.320578
    10 10.127057 -0.000001 0.000001 -1.385317 0.001967 0.024227
    11 2.162477 0.109716 -1.664490 0.065907 0.446504 0.247329
    12 0.928312 0.000000 0.000000 0.000000 0.000000 0.052314
    13 0.928313 0.000000 -0.000001 0.000000 0.000000 0.052330
    14 3.784085 -0.427338 -0.044205 -0.004580 0.060967 -0.062533
    15 1.189161 -0.000001 -0.000001 0.000000 0.000000 0.258017
    16 1.302900 -0.000001 0.000001 0.000000 0.000000 0.215568
    17 -2.869899 1.399667 -4.140396 0.000026 1.318451 -3.142315
    18 4.972047 0.000000 0.000000 0.182860 -1.089911 -0.202312
    19 11.585358 0.000000 0.000001 0.000000 0.000000 -0.325885
    20 10.127058 0.000000 0.000001 1.140663 -0.019858 0.001403
    21 2.162477 0.109715 1.664489 -0.102103 -0.407481 0.466772
    22 0.928313 0.000000 0.000002 0.000000 0.000000 0.000000
    23 0.928311 0.000000 0.000001 0.000000 0.000000 0.043590
    24 3.784085 -0.427337 0.044204 -0.012102 -0.032767 0.438497
    25 1.189159 0.000000 0.000001 0.000000 0.000000 0.253587
    26 1.302900 0.000000 -0.000001 0.000000 0.000000 0.233359
    27 2.046984 0.000001 0.000000 0.097324 -0.115919 0.207539
    28 -0.000005 0.000007 3.713254 -0.006388 -3.072967 6.233240
    29 18.045723 0.000000 0.000000 0.000000 0.000000 -0.344710
    30 17.597597 0.000000 0.000000 -0.347417 -0.087646 0.275165
    31 0.000005 -0.000003 -3.713254 0.034740 2.980883 6.086699
    32 18.045721 0.000000 0.000000 0.000000 0.000000 -0.549795
    33 17.597597 0.000000 0.000000 0.554671 0.165509 0.293119
  time 189
    0 -2.268635 -0.144385 -0.658701 0.017305 -0.017198 -1.892333
    1 -0.378922 0.000000 0.000000 -1.570795 -1.570787 0.000000
    2 1.293670 0.684478 -0.000001 -0.000004 -0.000001 0.044927
    3 5.309685 -0.003834 0.000000 0.000000 0.000000 -0.030353
    4 4.826790 -0.004591 0.000000 0.000000 0.000000 0.004420
    5 5.792767 -0.005304 0.000000 0.000000 0.000000 0.017444
    6 6.662322 -0.001452 0.000000 0.000000 -0.000001 0.348900
    7 -2.869899 1.399632 4.140401 -0.000100 -1.292340 -3.142292
    8 4.972048 0.000000 -0.000002 0.019686 1.086465 -0.039367
    9 11.585358 0.000000 0.000000 0.000000 0.000000 -0.301378
    10 10.127057 -0.000001 0.000001 -1.380768 0.002061 0.021381
    11 2.162477 0.109716 -1.664490 0.065907 0.446504 0.247329
    12 0.928312 0.000000 0.000000 0.000000 0.000000 0.052314
    13 0.928313 0.000000 -0.000001 0.000000 0.000000 0.052330
    14 3.784085 -0.427338 -0.044205 -0.004425 0.060967 -0.059536
    15 1.189161 -0.000001 -0.000001 0.000000 0.000000 0.255635
    16 1.302900 -0.000001 0.000001 0.000000 0.000000 0.217064
    17 -2.869899 1.399667 -4.140396 0.000026 1.318451 -3.142315
    18 4.972047 0.000000 0.000000 0.155564 -1.100999 -0.171963
    19 11.585358 0.000000 0.000001 0.000000 0.000000 -0.329233
    20 10.127058 0.000000 0.000001 1.141856 -0.018345 0.001403
    21 2.162477 0.109715 1.664489 -0.102103 -0.407481 0.466772
    22 0.928313 0.000000 0.000002 0.000000 0.000000 0.000000
    23 0.928311 0.000000 0.000001 0.000000 0.000000 0.043590
    24 3.784085 -0.427337 0.044204 -0.012282 -0.032719 0.443945
    25 1.189159 0.000000 0.000001 0.000000 0.000000 0.251524
    26 1.302900 0.000000 -0.000001 0.000000 0.000000 0.232947
    27 2.046984 0.000001 0.000000 -0.061264 -0.038886 0.193427
    28 -0.000005 0.000007 3.713254 -0.003416 -3.077377 6.217998
    29 18.045723 0.000000 0.000000 0.000000 0.000000 -0.358477
    30 17.597597 0.000000 0.000000 -0.312347 -0.081002 0.275531
    31 0.000005 -0.000003 -3.713254 0.026594 2.987497 6.069539
    32 18.045721 0.000000 0.000000 0.000000 0.000000 -0.582384
    33 17.597597 0.000000 0.000000 0.348497 0.169927 0.291410
  time 190
    0 -1.948313 -0.214699 -0.658701 0.015007 -0.015488 -1.855375
    1 -0.335952 0.000000 0.000000 -1.570795 -1.570787 0.000000
    2 1.293670 0.684478 -0.000001 -0.000004 -0.000001 0.040257
    3 5.309685 -0.003834 0.000000 0.000000 0.000000 -0.030123
    4 4.826790 -0.004591 0.000000 0.000000 0.000000 0.001135
    5 5.792767 -0.005304 0.000000 0.000000 0.000000 0.017444
    6 6.662322 -0.001452 0.000000 0.000000 -0.000001 0.348900
    7 -2.869899 1.399632 4.140401 -0.000100 -1.292340 -3.142292
    8 4.972048 0.000000 -0.000002 0.010280 1.091411 -0.043093
    9 11.585358 0.000000 0.000000 0.000000 0.000000 -0.283482
    10 10.127057 -0.000001 0.000001 -1.376408 0.002342 0.018885
    11 2.162477 0.109716 -1.664490 0.065907 0.446504 0.247329
    12 0.928312 0.000000 0.000000 0.000000 0.000000 0.052314
    13 0.928313 0.000000 -0.000001 0.000000 0.000000 0.052330
    14 3.784085 -0.427338 -0.044205 -0.004209 0.060967 -0.056670
    15 1.189161 -0.000001 -0.000001 0.000000 0.000000 0.253086
    16 1.302900 -0.000001 0.000001 0.000000 0.000000 0.218560
    17 -2.869899 1.399667 -4.140396 0.000026 1.318451 -3.142315
    18 4.972047 0.000000 0.000000 0.128175 -1.111284 -0.141947
    19 11.585358 0.000000 0.000001 0.000000 0.000000 -0.332419
    20 10.127058 0.000000 0.000001 1.143258 -0.016832 0.001253
    21 2.162477 0.109715 1.664489 -0.102103 -0.407481 0.466772
    22 0.928313 0.000000 0.000002 0.000000 0.000000 0.000000
    23 0.928311 0.000000 0.000001 0.000000 0.000000 0.043590
    24 3.784085 -0.427337 0.044204 -0.012462 -0.032599 0.449449
    25 1.189159 0.000000 0.000001 0.000000 0.000000 0.249361
    26 1.302900 0.000000 -0.000001 0.000000 0.000000 0.232793
    27 2.046984 0.000001 0.000000 -0.224850 0.033221 0.164959
    28 -0.000005 0.000007 3.713254 -0.002362 -3.081500 6.205728
    29 18.045723 0.000000 0.000000 0.000000 0.000000 -0.367507
    30 17.597597 0.000000 0.000000 -0.276314 -0.074652 0.274019
    31 0.000005 -0.000003 -3.713254 0.020268 2.996030 6.058897
    32 18.045721 0.000000 0.000000 0.000000 0.000000 -0.601277
    33 17.597597 0.000000 0.000000 0.220599 0.167185 0.286052
  time 191
    0 -1.643616 -0.265482 -0.611824 0.012803 -0.013778 -1.819082
    1 -0.292982 0.000000 0.000000 -1.570795 -1.570787 0.000000
    2 1.293670 0.684478 -0.000001 -0.000004 -0.000001 0.035335
    3 5.309685 -0.003834 0.000000 0.000000 0.000000 -0.029823
    4 4.826790 -0.004591 0.000000 0.000000 0.000000 -0.002305
    5 5.792767 -0.005304 0.000000 0.000000 0.000000 0.017444
    6 6.662322 -0.001452 0.000000 0.000000 -0.000001 0.348900
    7 -2.869899 1.399632 4.140401 -0.000100 -1.292340 -3.142292
    8 4.972048 0.000000 -0.000002 0.000474 1.095760 -0.047512
    9 11.585358 0.000000 0.000000 0.000000 0.000000 -0.265224
    10 10.127057 -0.000001 0.000001 -1.372428 0.002623 0.016214
    11 2.162477 0.109716 -1.664490 0.065907 0.446504 0.247329
    12 0.928312 0.000000 0.000000 0.000000 0.000000 0.052314
    13 0.928313 0.000000 -0.000001 0.000000 0.000000 0.052330
    14 3.784085 -0.427338 -0.044205 -0.004053 0.060967 -0.053674
    15 1.189161 -0.000001 -0.000001 0.000000 0.000000 0.250578
    16 1.302900 -0.000001 0.000001 0.000000 0.000000 0.219895
    17 -2.869899 1.399667 -4.140396 0.000026 1.318451 -3.142315
    18 4.972047 0.000000 0.000000 0.099754 -1.120846 -0.110932
    19 11.585358 0.000000 0.000001 0.000000 0.000000 -0.335686
    20 10.127058 0.000000 0.000001 1.144731 -0.015414 0.001253
    21 2.162477 0.109715 1.664489 -0.102103 -0.407481 0.466772
    22 0.928313 0.000000 0.000002 0.000000 0.000000 0.000000
    23 0.928311 0.000000 0.000001 0.000000 0.000000 0.043590
    24 3.784085 -0.427337 0.044204 -0.012641 -0.032563 0.454980
    25 1.189159 0.000000 0.000001 0.000000 0.000000 0.247299
    26 1.302900 0.000000 -0.000001 0.000000 0.000000 0.232331
    27 2.046984 0.000001 0.000000 -0.387660 0.094618 0.124508
    28 -0.000005 0.000007 3.713254 -0.001595 -3.085527 6.197101
    29 18.045723 0.000000 0.000000 0.000000 0.000000 -0.370467
    30 17.597597 0.000000 0.000000 -0.240838 -0.068549 0.270259
    31 0.000005 -0.000003 -3.713254 0.015380 3.006958 6.054391
    32 18.045721 0.000000 0.000000 0.000000 0.000000 -0.607653
    33 17.597597 0.000000 0.000000 0.174801 0.159296 0.278108
  time 192
    0 -1.362358 -0.335797 -0.564948 0.010787 -0.011972 -1.783644
    1 -0.250012 0.000000 0.000000 -1.570795 -1.570787 0.000000
    2 1.293670 0.684478 -0.000001 -0.000004 -0.000001 0.030262
    3 5.309685 -0.003834 0.000000 0.000000 0.000000 -0.029470
    4 4.826790 -0.004591 0.000000 0.000000 0.000000 -0.005855
    5 5.792767 -0.005304 0.000000 0.000000 0.000000 0.017444
    6 6.662322 -0.001452 0.000000 0.000000 -0.000001 0.348900
    7 -2.869899 1.399632 4.140401 -0.000100 -1.292340 -3.142292
    8 4.972048 0.000000 -0.000002 -0.009650 1.099939 -0.052451
    9 11.585358 0.000000 0.000000 0.000000 0.000000 -0.247256
    10 10.127057 -0.000001 0.000001 -1.368731 0.002998 0.013717
    11 2.162477 0.109716 -1.664490 0.065907 0.446504 0.247329
    12 0.928312 0.000000 0.000000 0.000000 0.000000 0.052314
    13 0.928313 0.000000 -0.000001 0.000000 0.000000 0.052330
    14 3.784085 -0.427338 -0.044205 -0.003849 0.060967 -0.050764
    15 1.189161 -0.000001 -0.000001 0.000000 0.000000 0.248112
    16 1.302900 -0.000001 0.000001 0.000000 0.000000 0.221177
    17 -2.869899 1.399667 -4.140396 0.000026 1.318451 -3.142315
    18 4.972047 0.000000 0.000000 0.070208 -1.129764 -0.078919
    19 11.585358 0.000000 0.000001 0.000000 0.000000 -0.338872
    20 10.127058 0.000000 0.000001 1.145993 -0.014185 0.001203
    21 2.162477 0.109715 1.664489 -0.102103 -0.407481 0.466772
    22 0.928313 0.000000 0.000002 0.000000 0.000000 0.000000
    23 0.928311 0.000000 0.000001 0.000000 0.000000 0.043590
    24 3.784085 -0.427337 0.044204 -0.012821 -0.032443 0.460512
    25 1.189159 0.000000 0.000001 0.000000 0.000000 0.245103
    26 1.302900 0.000000 -0.000001 0.000000 0.000000 0.231919
    27 2.046984 0.000001 0.000000 -0.527163 0.135480 0.080651
    28 -0.000005 0.000007 3.713254 -0.001115 -3.089170 6.192404
    29 18.045723 0.000000 0.000000 0.000000 0.000000 -0.366693
    30 17.597597 0.000000 0.000000 -0.206123 -0.062864 0.263703
    31 0.000005 -0.000003 -3.713254 0.011738 3.017983 6.052666
    32 18.045721 0.000000 0.000000 0.000000 0.000000 -0.608125
    33 17.597597 0.000000 0.000000 0.169936 0.150302 0.269887
  time 193
    0 -1.108444 -0.386580 -0.518072 0.008911 -0.010167 -1.749061
    1 -0.203135 0.000000 0.000000 -1.570795 -1.570787 0.000000
    2 1.293670 0.684478 -0.000001 -0.000004 -0.000001 0.025307
    3 5.309685 -0.003834 0.000000 0.000000 0.000000 -0.029046
    4 4.826790 -0.004591 0.000000 0.000000 0.000000 -0.009272
    5 5.792767 -0.005304 0.000000 0.000000 0.000000 0.017444
    6 6.662322 -0.001452 0.000000 0.000000 -0.000001 0.348900
    7 -2.869899 1.399632 4.140401 -0.000100 -1.292340 -3.142292
    8 4.972048 0.000000 -0.000002 -0.020252 1.103946 -0.057650
    9 11.585358 0.000000 0.000000 0.000000 0.000000 -0.229360
    10 10.127057 -0.000001 0.000001 -1.365319 0.003466 0.011511
    11 2.162477 0.109716 -1.664490 0.065907 0.446504 0.247329
    12 0.928312 0.000000 0.000000 0.000000 0.000000 0.052314
    13 0.928313 0.000000 -0.000001 0.000000 0.000000 0.052330
    14 3.784085 -0.427338 -0.044205 -0.003694 0.060979 -0.047724
    15 1.189161 -0.000001 -0.000001 0.000000 0.000000 0.245480
    16 1.302900 -0.000001 0.000001 0.000000 0.000000 0.222299
    17 -2.869899 1.399667 -4.140396 0.000026 1.318451 -3.142315
    18 4.972047 0.000000 0.000000 0.039629 -1.138040 -0.045841
    19 11.585358 0.000000 0.000001 0.000000 0.000000 -0.341812
    20 10.127058 0.000000 0.000001 1.147606 -0.013050 0.001053
    21 2.162477 0.109715 1.664489 -0.102103 -0.407481 0.466772
    22 0.928313 0.000000 0.000002 0.000000 0.000000 0.000000
    23 0.928311 0.000000 0.000001 0.000000 0.000000 0.043590
    24 3.784085 -0.427337 0.044204 -0.012989 -0.032395 0.466099
    25 1.189159 0.000000 0.000001 0.000000 0.000000 0.242973
    26 1.302900 0.000000 -0.000001 0.000000 0.000000 0.231508
    27 2.046984 0.000001 0.000000 -0.627287 0.147989 0.036671
    28 -0.000005 0.000007 3.713254 -0.000828 -3.092526 6.191829
    29 18.045723 0.000000 0.000000 0.000000 0.000000 -0.355886
    30 17.597597 0.000000 0.000000 -0.172421 -0.057623 0.254075
    31 0.000005 -0.000003 -3.713254 0.008575 3.029104 6.052474
    32 18.045721 0.000000 0.000000 0.000000 0.000000 -0.605606
    33 17.597597 0.000000 0.000000 0.182316 0.140933 0.261434
  time 194
    0 -0.877968 -0.437362 -0.471195 0.007082 -0.008362 -1.715904
    1 -0.164072 0.000000 0.000000 -1.570795 -1.570787 0.000000
    2 1.293670 0.684478 -0.000001 -0.000004 -0.000001 0.020569
    3 5.309685 -0.003834 0.000000 0.000000 0.000000 -0.028586
    4 4.826790 -0.004591 0.000000 0.000000 0.000000 -0.012557
    5 5.792767 -0.005304 0.000000 0.000000 0.000000 0.017444
    6 6.662322 -0.001452 0.000000 0.000000 -0.000001 0.348900
    7 -2.869899 1.399632 4.140401 -0.000100 -1.292340 -3.142292
    8 4.972048 0.000000 -0.000002 -0.030854 1.107869 -0.063369
    9 11.585358 0.000000 0.000000 0.000000 0.000000 -0.211464
    10 10.127057 -0.000001 0.000001 -1.362287 0.004028 0.009304
    11 2.162477 0.109716 -1.664490 0.065907 0.446504 0.247329
    12 0.928312 0.000000 0.000000 0.000000 0.000000 0.052314
    13 0.928313 0.000000 -0.000001 0.000000 0.000000 0.052330
    14 3.784085 -0.427338 -0.044205 -0.003526 0.060979 -0.044728
    15 1.189161 -0.000001 -0.000001 0.000000 0.000000 0.242972
    16 1.302900 -0.000001 0.000001 0.000000 0.000000 0.223368
    17 -2.869899 1.399667 -4.140396 0.000026 1.318451 -3.142315
    18 4.972047 0.000000 0.000000 0.008019 -1.145834 -0.011831
    19 11.585358 0.000000 0.000001 0.000000 0.000000 -0.345079
    20 10.127058 0.000000 0.000001 1.149219 -0.012104 0.000902
    21 2.162477 0.109715 1.664489 -0.102103 -0.407481 0.466772
    22 0.928313 0.000000 0.000002 0.000000 0.000000 0.000000
    23 0.928311 0.000000 0.000001 0.000000 0.000000 0.043590
    24 3.784085 -0.427337 0.044204 -0.013169 -0.032347 0.471715
    25 1.189159 0.000000 0.000001 0.000000 0.000000 0.240711
    26 1.302900 0.000000 -0.000001 0.000000 0.000000 0.231148
    27 2.046984 0.000001 0.000000 -0.679719 0.130169 -0.003841
    28 -0.000005 0.000007 3.713254 -0.000540 -3.095498 6.195280
    29 18.045723 0.000000 0.000000 0.000000 0.000000 -0.337827
    30 17.597597 0.000000 0.000000 -0.139911 -0.052971 0.241330
    31 0.000005 -0.000003 -3.713254 0.005413 3.041854 6.053720
    32 18.045721 0.000000 0.000000 0.000000 0.000000 -0.600096
    33 17.597597 0.000000 0.000000 0.207111 0.130125 0.251550
  time 195
    0 -0.678743 -0.472520 -0.377442 0.005440 -0.006651 -1.684171
    1 -0.125008 0.000000 0.000000 -1.570795 -1.570787 0.000000
    2 1.293670 0.684478 -0.000001 -0.000004 -0.000001 0.016200
    3 5.309685 -0.003834 0.000000 0.000000 0.000000 -0.028092
    4 4.826790 -0.004591 0.000000 0.000000 0.000000 -0.015600
    5 5.792767 -0.005304 0.000000 0.000000 0.000000 0.017444
    6 6.662322 -0.001452 0.000000 0.000000 -0.000001 0.348900
    7 -2.869899 1.399632 4.140401 -0.000100 -1.292340 -3.142292
    8 4.972048 0.000000 -0.000002 -0.041616 1.111621 -0.069348
    9 11.585358 0.000000 0.000000 0.000000 0.000000 -0.193568
    10 10.127057 -0.000001 0.000001 -1.359538 0.004590 0.007330
    11 2.162477 0.109716 -1.664490 0.065907 0.446504 0.247329
    12 0.928312 0.000000 0.000000 0.000000 0.000000 0.052314
    13 0.928313 0.000000 -0.000001 0.000000 0.000000 0.052330
    14 3.784085 -0.427338 -0.044205 -0.003334 0.061002 -0.041731
    15 1.189161 -0.000001 -0.000001 0.000000 0.000000 0.240339
    16 1.302900 -0.000001 0.000001 0.000000 0.000000 0.224276
    17 -2.869899 1.399667 -4.140396 0.000026 1.318451 -3.142315
    18 4.972047 0.000000 0.000000 -0.024716 -1.153146 0.023244
    19 11.585358 0.000000 0.000001 0.000000 0.000000 -0.348020
    20 10.127058 0.000000 0.000001 1.150761 -0.011159 0.000902
    21 2.162477 0.109715 1.664489 -0.102103 -0.407481 0.466772
    22 0.928313 0.000000 0.000002 0.000000 0.000000 0.000000
    23 0.928311 0.000000 0.000001 0.000000 0.000000 0.043590
    24 3.784085 -0.427337 0.044204 -0.013372 -0.032239 0.477386
    25 1.189159 0.000000 0.000001 0.000000 0.000000 0.238481
    26 1.302900 0.000000 -0.000001 0.000000 0.000000 0.230480
    27 2.046984 0.000001 0.000000 -0.685535 0.096152 -0.027503
    28 -0.000005 0.000007 3.713254 -0.000540 -3.097895 6.202469
    29 18.045723 0.000000 0.000000 0.000000 0.000000 -0.313180
    30 17.597597 0.000000 0.000000 -0.108920 -0.048935 0.225604
    31 0.000005 -0.000003 -3.713254 0.001962 3.057193 6.057171
    32 18.045721 0.000000 0.000000 0.000000 0.000000 -0.589469
    33 17.597597 0.000000 0.000000 0.242508 0.116890 0.239171
  time 196
    0 -0.514675 -0.507677 -0.283689 0.003893 -0.004941 -1.654433
    1 -0.093757 0.000000 0.000000 -1.570795 -1.570787 0.000000
    2 1.293670 0.684478 -0.000001 -0.000004 -0.000001 0.012199
    3 5.309685 -0.003834 0.000000 0.000000 0.000000 -0.027615
    4 4.826790 -0.004591 0.000000 0.000000 0.000000 -0.018356
    5 5.792767 -0.005304 0.000000 0.000000 0.000000 0.017444
    6 6.662322 -0.001452 0.000000 0.000000 -0.000001 0.348900
    7 -2.869899 1.399632 4.140401 -0.000100 -1.292340 -3.142292
    8 4.972048 0.000000 -0.000002 -0.052617 1.115203 -0.075413
    9 11.585358 0.000000 0.000000 0.000000 0.000000 -0.175672
    10 10.127057 -0.000001 0.000001 -1.357169 0.005246 0.005414
    11 2.162477 0.109716 -1.664490 0.065907 0.446504 0.247329
    12 0.928312 0.000000 0.000000 0.000000 0.000000 0.052314
    13 0.928313 0.000000 -0.000001 0.000000 0.000000 0.052330
    14 3.784085 -0.427338 -0.044205 -0.003154 0.061062 -0.038648
    15 1.189161 -0.000001 -0.000001 0.000000 0.000000 0.237706
    16 1.302900 -0.000001 0.000001 0.000000 0.000000 0.225077
    17 -2.869899 1.399667 -4.140396 0.000026 1.318451 -3.142315
    18 4.972047 0.000000 0.000000 -0.058202 -1.159815 0.059383
    19 11.585358 0.000000 0.000001 0.000000 0.000000 -0.351042
    20 10.127058 0.000000 0.000001 1.152444 -0.010402 0.000752
    21 2.162477 0.109715 1.664489 -0.102103 -0.407481 0.466772
    22 0.928313 0.000000 0.000002 0.000000 0.000000 0.000000
    23 0.928311 0.000000 0.000001 0.000000 0.000000 0.043590
    24 3.784085 -0.427337 0.044204 -0.013552 -0.032168 0.483085
    25 1.189159 0.000000 0.000001 0.000000 0.000000 0.236252
    26 1.302900 0.000000 -0.000001 0.000000 0.000000 0.229966
    27 2.046984 0.000001 0.000000 -0.677910 0.069274 -0.029632
    28 -0.000005 0.000007 3.713254 -0.000540 -3.099716 6.212726
    29 18.045723 0.000000 0.000000 0.000000 0.000000 -0.283056
    30 17.597597 0.000000 0.000000 -0.079906 -0.045687 0.207495
    31 0.000005 -0.000003 -3.713254 -0.001296 3.072723 6.064362
    32 18.045721 0.000000 0.000000 0.000000 0.000000 -0.571206
    33 17.597597 0.000000 0.000000 0.265927 0.102531 0.225269
  time 197
    0 -0.377953 -0.542834 -0.189937 0.002579 -0.003326 -1.627451
    1 -0.062506 0.000000 0.000000 -1.570795 -1.570787 0.000000
    2 1.293670 0.684478 -0.000001 -0.000004 -0.000001 0.008666
    3 5.309685 -0.003834 0.000000 0.000000 0.000000 -0.027138
    4 4.826790 -0.004591 0.000000 0.000000 0.000000 -0.020759
    5 5.792767 -0.005304 0.000000 0.000000 0.000000 0.017444
    6 6.662322 -0.001452 0.000000 0.000000 -0.000001 0.348900
    7 -2.869899 1.399632 4.140401 -0.000100 -1.292340 -3.142292
    8 4.972048 0.000000 -0.000002 -0.063857 1.118614 -0.081739
    9 11.585358 0.000000 0.000000 0.000000 0.000000 -0.157848
    10 10.127057 -0.000001 0.000001 -1.355273 0.005995 0.003788
    11 2.162477 0.109716 -1.664490 0.065907 0.446504 0.247329
    12 0.928312 0.000000 0.000000 0.000000 0.000000 0.052314
    13 0.928313 0.000000 -0.000001 0.000000 0.000000 0.052330
    14 3.784085 -0.427338 -0.044205 -0.002963 0.061062 -0.035564
    15 1.189161 -0.000001 -0.000001 0.000000 0.000000 0.234990
    16 1.302900 -0.000001 0.000001 0.000000 0.000000 0.225718
    17 -2.869899 1.399667 -4.140396 0.000026 1.318451 -3.142315
    18 4.972047 0.000000 0.000000 -0.093096 -1.165841 0.096588
    19 11.585358 0.000000 0.000001 0.000000 0.000000 -0.354228
    20 10.127058 0.000000 0.000001 1.154338 -0.009740 0.000552
    21 2.162477 0.109715 1.664489 -0.102103 -0.407481 0.466772
    22 0.928313 0.000000 0.000002 0.000000 0.000000 0.000000
    23 0.928311 0.000000 0.000001 0.000000 0.000000 0.043590
    24 3.784085 -0.427337 0.044204 -0.013732 -0.032132 0.488813
    25 1.189159 0.000000 0.000001 0.000000 0.000000 0.233956
    26 1.302900 0.000000 -0.000001 0.000000 0.000000 0.229298
    27 2.046984 0.000001 0.000000 -0.655937 0.051985 -0.002016
    28 -0.000005 0.000007 3.713254 -0.000540 -3.100867 6.225188
    29 18.045723 0.000000 0.000000 0.000000 0.000000 -0.249453
    30 17.597597 0.000000 0.000000 -0.053452 -0.043177 0.188010
    31 0.000005 -0.000003 -3.713254 0.000621 3.086432 6.126964
    32 18.045721 0.000000 0.000000 0.000000 0.000000 -0.440219
    33 17.597597 0.000000 0.000000 0.181511 0.074741 0.196909
  time 198
    0 -0.280293 -0.558460 -0.096184 0.001407 -0.001900 -1.603699
    1 -0.035161 0.000000 0.000000 -1.570795 -1.570787 0.000000
    2 1.293670 0.684478 -0.000001 -0.000004 -0.000001 0.005620
    3 5.309685 -0.003834 0.000000 0.000000 0.000000 -0.026732
    4 4.826790 -0.004591 0.000000 0.000000 0.000000 -0.022876
    5 5.792767 -0.005304 0.000000 0.000000 0.000000 0.017444
    6 6.662322 -0.001452 0.000000 0.000000 -0.000001 0.348900
    7 -2.869899 1.399632 4.140401 -0.000100 -1.292340 -3.142292
    8 4.972048 0.000000 -0.000002 -0.075097 1.122280 -0.088151
    9 11.585358 0.000000 0.000000 0.000000 0.000000 -0.139952
    10 10.127057 -0.000001 0.000001 -1.353662 0.006838 0.002337
    11 2.162477 0.109716 -1.664490 0.065907 0.446504 0.247329
    12 0.928312 0.000000 0.000000 0.000000 0.000000 0.052314
    13 0.928313 0.000000 -0.000001 0.000000 0.000000 0.052330
    14 3.784085 -0.427338 -0.044205 -0.002747 0.061062 -0.032481
    15 1.189161 -0.000001 -0.000001 0.000000 0.000000 0.232399
    16 1.302900 -0.000001 0.000001 0.000000 0.000000 0.226253
    17 -2.869899 1.399667 -4.140396 0.000026 1.318451 -3.142315
    18 4.972047 0.000000 0.000000 -0.128551 -1.171546 0.134924
    19 11.585358 0.000000 0.000001 0.000000 0.000000 -0.357168
    20 10.127058 0.000000 0.000001 1.156091 -0.009267 0.000352
    21 2.162477 0.109715 1.664489 -0.102103 -0.407481 0.466772
    22 0.928313 0.000000 0.000002 0.000000 0.000000 0.000000
    23 0.928311 0.000000 0.000001 0.000000 0.000000 0.043590
    24 3.784085 -0.427337 0.044204 -0.013924 -0.032000 0.494596
    25 1.189159 0.000000 0.000001 0.000000 0.000000 0.231627
    26 1.302900 0.000000 -0.000001 0.000000 0.000000 0.228527
    27 2.046984 0.000001 0.000000 -0.608503 0.033368 0.049020
    28 -0.000005 0.000007 3.713254 -0.000732 -3.101346 6.238704
    29 18.045723 0.000000 0.000000 0.000000 0.000000 -0.214962
    30 17.597597 0.000000 0.000000 -0.030317 -0.041553 0.168387
    31 0.000005 -0.000003 -3.713254 0.001675 3.098511 6.182089
    32 18.045721 0.000000 0.000000 0.000000 0.000000 -0.324740
    33 17.597597 0.000000 0.000000 0.105551 0.052670 0.172614
  time 199
    0 -0.217791 -0.577992 -0.049307 0.000563 -0.000760 -1.584223
    1 -0.011723 0.000000 0.000000 -1.570795 -1.570787 0.000000
    2 1.293670 0.684478 -0.000001 -0.000004 -0.000001 0.002975
    3 5.309685 -0.003834 0.000000 0.000000 0.000000 -0.026396
    4 4.826790 -0.004591 0.000000 0.000000 0.000000 -0.024684
    5 5.792767 -0.005304 0.000000 0.000000 0.000000 0.017444
    6 6.662322 -0.001452 0.000000 0.000000 -0.000001 0.348900
    7 -2.869899 1.399632 4.140401 -0.000100 -1.292340 -3.142292
    8 4.972048 0.000000 -0.000002 -0.086656 1.125691 -0.094563
    9 11.585358 0.000000 0.000000 0.000000 0.000000 -0.122056
    10 10.127057 -0.000001 0.000001 -1.352619 0.007775 0.001059
    11 2.162477 0.109716 -1.664490 0.065907 0.446504 0.247329
    12 0.928312 0.000000 0.000000 0.000000 0.000000 0.052314
    13 0.928313 0.000000 -0.000001 0.000000 0.000000 0.052330
    14 3.784085 -0.427338 -0.044205 -0.002579 0.061074 -0.029354
    15 1.189161 -0.000001 -0.000001 0.000000 0.000000 0.229557
    16 1.302900 -0.000001 0.000001 0.000000 0.000000 0.226627
    17 -2.869899 1.399667 -4.140396 0.000026 1.318451 -3.142315
    18 4.972047 0.000000 0.000000 -0.165508 -1.176688 0.174324
    19 11.585358 0.000000 0.000001 0.000000 0.000000 -0.360108
    20 10.127058 0.000000 0.000001 1.157984 -0.008889 0.000152
    21 2.162477 0.109715 1.664489 -0.102103 -0.407481 0.466772
    22 0.928313 0.000000 0.000002 0.000000 0.000000 0.000000
    23 0.928311 0.000000 0.000001 0.000000 0.000000 0.043590
    24 3.784085 -0.427337 0.044204 -0.014104 -0.031952 0.500435
    25 1.189159 0.000000 0.000001 0.000000 0.000000 0.229265
    26 1.302900 0.000000 -0.000001 0.000000 0.000000 0.227705
    27 2.046984 0.000001 0.000000 -0.557450 0.014516 0.102549
    28 -0.000005 0.000007 3.713254 -0.000828 -3.101250 6.251453
    29 18.045723 0.000000 0.000000 0.000000 0.000000 -0.183062
    30 17.597597 0.000000 0.000000 -0.011363 -0.040765 0.150461
    31 0.000005 -0.000003 -3.713254 0.001962 3.108482 6.227436
    32 18.045721 0.000000 0.000000 0.000000 0.000000 -0.229727
    33 17.597597 0.000000 0.000000 0.041803 0.036339 0.153031
  time 200
    0 -0.198260 -0.577992 -0.002431 0.000000 0.000000 -1.570922
    1 -0.000004 0.000000 0.000000 -1.570795 -1.570787 0.000000
    2 1.293670 0.684478 -0.000001 -0.000004 -0.000001 0.000798
    3 5.309685 -0.003834 0.000000 0.000000 0.000000 -0.026184
    4 4.826790 -0.004591 0.000000 0.000000 0.000000 -0.026183
    5 5.792767 -0.005304 0.000000 0.000000 0.000000 0.017444
    6 6.662322 -0.001452 0.000000 0.000000 -0.000001 0.348900
    7 -2.869899 1.399632 4.140401 -0.000100 -1.292340 -3.142292
    8 4.972048 0.000000 -0.000002 -0.098056 1.129358 -0.100802
    9 11.585358 0.000000 0.000000 0.000000 0.000000 -0.104160
    10 10.127057 -0.000001 0.000001 -1.351956 0.008805 -0.000044
    11 2.162477 0.109716 -1.664490 0.065907 0.446504 0.247329
    12 0.928312 0.000000 0.000000 0.000000 0.000000 0.052314
    13 0.928313 0.000000 -0.000001 0.000000 0.000000 0.052330
    14 3.784085 -0.427338 -0.044205 -0.002387 0.061074 -0.026184
    15 1.189161 -0.000001 -0.000001 0.000000 0.000000 0.226840
    16 1.302900 -0.000001 0.000001 0.000000 0.000000 0.226787
    17 -2.869899 1.399667 -4.140396 0.000026 1.318451 -3.142315
    18 4.972047 0.000000 0.000000 -0.203403 -1.181108 0.215056
    19 11.585358 0.000000 0.000001 0.000000 0.000000 -0.363376
    20 10.127058 0.000000 0.000001 1.159948 -0.008889 -0.000048
    21 2.162477 0.109715 1.664489 -0.102103 -0.407481 0.466772
    22 0.928313 0.000000 0.000002 0.000000 0.000000 0.000000
    23 0.928311 0.000000 0.000001 0.000000 0.000000 0.043590
    24 3.784085 -0.427337 0.044204 -0.014295 -0.031844 0.506329
    25 1.189159 0.000000 0.000001 0.000000 0.000000 0.226869
    26 1.302900 0.000000 -0.000001 0.000000 0.000000 0.226728
    27 2.046984 0.000001 0.000000 -0.523587 0.000000 0.138864
    28 -0.000005 0.000007 3.713254 -0.000828 -3.100675 -0.021095
    29 18.045723 0.000000 0.000000 0.000000 0.000000 -0.157675
    30 17.597597 0.000000 0.000000 0.001586 -0.040839 0.136432
    31 0.000005 -0.000003 -3.713254 0.001962 3.115288 6.258497
    32 18.045721 0.000000 0.000000 0.000000 0.000000 -0.164549
    33 17.597597 0.000000 0.000000 -0.002586 0.026182 0.139821
end
