version 1
nodes
  0 "Bip01" -1
  1 "Bip01 Pelvis" 0
  2 "Bip01 Spine" 1
  3 "Bip01 Spine1" 2
  4 "Bip01 Spine2" 3
  5 "Bip01 Spine3" 4
  6 "Bip01 Neck" 5
  7 "Bip01 L Arm" 6
  8 "Bip01 L Arm1" 7
  9 "Bip01 L Arm2" 8
  10 "Bip01 L Hand" 9
  11 "Bip01 L Finger0" 10
  12 "Bip01 L Finger01" 11
  13 "Bip01 L Finger02" 12
  14 "Bip01 L Finger1" 10
  15 "Bip01 L Finger11" 14
  16 "Bip01 L Finger12" 15
  17 "Bip01 R Arm" 6
  18 "Bip01 R Arm1" 17
  19 "Bip01 R Arm2" 18
  20 "Bip01 R Hand" 19
  21 "Bip01 R Finger0" 20
  22 "Bip01 R Finger01" 21
  23 "Bip01 R Finger02" 22
  24 "Bip01 R Finger1" 20
  25 "Bip01 R Finger11" 24
  26 "Bip01 R Finger12" 25
  27 "Bip01 Head" 6
  28 "Bip01 L Leg" 1
  29 "Bip01 L Leg1" 28
  30 "Bip01 L Foot" 29
  31 "Bip01 R Leg" 1
  32 "Bip01 R Leg1" 31
  33 "Bip01 R Foot" 32
end
skeleton
  time 0
    0 -0.000151 0.368164 39.526119 0.000000 0.000000 -1.570795
    1 -0.000004 0.000000 0.000000 -1.570795 -1.570451 0.000000
    2 1.293670 0.684478 -0.000001 -0.000004 -0.000001 0.114185
    3 5.309685 -0.003834 0.000000 0.000000 0.000000 -0.069778
    4 4.826790 -0.004591 0.000000 0.000000 0.000000 -0.095944
    5 5.792767 -0.005304 0.000000 0.000000 0.000000 0.017444
    6 6.662322 -0.001452 0.000000 0.000000 -0.000001 0.471000
    7 -2.869899 1.399632 4.140401 -0.725899 -1.306119 -2.905046
    8 4.972048 0.000000 -0.000002 0.230697 1.265796 0.056122
    9 11.585358 0.000000 0.000000 0.000000 0.000000 -0.243633
    10 10.127057 -0.000001 0.000001 -1.569752 0.000000 -0.069778
    11 2.162477 0.109716 -1.664490 0.112442 0.458341 0.151066
    12 0.928312 0.000000 0.000000 0.000000 0.000000 0.000000
    13 0.928313 0.000000 -0.000001 0.000000 0.000000 0.000000
    14 3.784085 -0.427338 -0.044205 -0.001045 -0.043611 0.000046
    15 1.189161 -0.000001 -0.000001 0.000000 0.000000 0.331445
    16 1.302900 -0.000001 0.000001 0.000000 0.000000 0.000000
    17 -2.869899 1.399667 -4.140396 0.725877 1.306121 -2.905067
    18 4.972047 0.000000 0.000000 -0.230698 -1.265796 0.056122
    19 11.585358 0.000000 0.000001 0.000000 0.000000 -0.243633
    20 10.127058 0.000000 0.000001 1.569752 0.000000 -0.069778
    21 2.162477 0.109715 1.664489 -0.112442 -0.458341 0.151066
    22 0.928313 0.000000 0.000002 0.000000 0.000000 0.000000
    23 0.928311 0.000000 0.000001 0.000000 0.000000 0.000000
    24 3.784085 -0.427337 0.044204 0.001045 0.043611 0.000046
    25 1.189159 0.000000 0.000001 0.000000 0.000000 0.331445
    26 1.302900 0.000000 -0.000001 0.000000 0.000000 0.000000
    27 2.046984 0.000001 0.000000 0.000000 0.000000 -0.157798
    28 -0.000005 0.000007 3.713254 -3.139066 0.017358 3.117144
    29 18.045723 0.000000 0.000000 0.000000 0.000000 -0.127551
    30 17.597597 0.000000 0.000000 -0.002950 0.017289 0.103055
    31 0.000005 -0.000003 -3.713254 3.139069 -0.017355 3.117144
    32 18.045721 0.000000 0.000000 0.000000 0.000000 -0.127551
    33 17.597597 0.000000 0.000000 0.002950 -0.017289 0.103055
end
triangles
HEV_leg_&_glove.bmp
  32 -3.230135 -1.476313 5.528051 -0.080002 -0.555711 -0.827517 0.529412 0.228963
  32 -2.151047 -0.802208 5.475603 0.603705 -0.539304 -0.587105 0.619608 0.228963
  32 -3.243674 -1.866429 5.799024 0.073596 -0.941952 -0.327583 0.525490 0.234834
HEV_leg_&_glove.bmp
  32 -3.243674 -1.866429 5.799024 0.073596 -0.941952 -0.327583 0.525490 0.234834
  32 -2.151047 -0.802208 5.475603 0.603705 -0.539304 -0.587105 0.619608 0.228963
  32 -2.324427 -1.294325 5.753380 0.806882 -0.572488 -0.145597 0.607843 0.234834
HEV_leg_&_glove.bmp
  32 -2.151047 -0.802208 5.475603 0.603705 -0.539304 -0.587105 0.619608 0.228963
  32 -2.148860 -0.398983 7.015734 0.960878 -0.276794 0.009900 0.650980 0.264188
  32 -2.324427 -1.294325 5.753380 0.806882 -0.572488 -0.145597 0.607843 0.234834
HEV_leg_&_glove.bmp
  32 -2.324427 -1.294325 5.753380 0.806882 -0.572488 -0.145597 0.607843 0.234834
  32 -2.148860 -0.398983 7.015734 0.960878 -0.276794 0.009900 0.650980 0.264188
  32 -2.336997 -1.043347 7.016016 0.770983 -0.636587 -0.018500 0.631373 0.264188
HEV_leg_&_glove.bmp
  32 -2.148860 -0.398983 7.015734 0.960878 -0.276794 0.009900 0.650980 0.264188
  32 -1.965536 -0.990164 10.396341 0.924288 -0.381295 0.017500 0.615686 0.342466
  32 -2.336997 -1.043347 7.016016 0.770983 -0.636587 -0.018500 0.631373 0.264188
HEV_leg_&_glove.bmp
  32 -2.336997 -1.043347 7.016016 0.770983 -0.636587 -0.018500 0.631373 0.264188
  32 -1.965536 -0.990164 10.396341 0.924288 -0.381295 0.017500 0.615686 0.342466
  32 -2.179645 -1.456504 10.133122 0.830006 -0.553704 0.067100 0.603922 0.336595
HEV_leg_&_glove.bmp
  32 -1.965536 -0.990164 10.396341 0.924288 -0.381295 0.017500 0.615686 0.342466
  32 -2.873176 -1.899759 11.563486 0.619300 -0.673000 0.404400 0.549020 0.365949
  32 -2.179645 -1.456504 10.133122 0.830006 -0.553704 0.067100 0.603922 0.336595
HEV_leg_&_glove.bmp
  32 -2.179645 -1.456504 10.133122 0.830006 -0.553704 0.067100 0.603922 0.336595
  32 -2.873176 -1.899759 11.563486 0.619300 -0.673000 0.404400 0.549020 0.365949
  32 -2.944663 -2.226708 11.126114 0.380098 -0.905095 0.190599 0.545098 0.356164
HEV_leg_&_glove.bmp
  32 -2.873176 -1.899759 11.563486 0.619300 -0.673000 0.404400 0.549020 0.365949
  32 -3.813369 -1.904591 11.567125 -0.307898 -0.787295 0.534196 0.482353 0.365949
  32 -2.944663 -2.226708 11.126114 0.380098 -0.905095 0.190599 0.545098 0.356164
HEV_leg_&_glove.bmp
  32 -2.944663 -2.226708 11.126114 0.380098 -0.905095 0.190599 0.545098 0.356164
  32 -3.813369 -1.904591 11.567125 -0.307898 -0.787295 0.534196 0.482353 0.365949
  32 -3.734832 -2.241045 11.131315 -0.523090 -0.845084 0.110498 0.490196 0.356164
HEV_leg_&_glove.bmp
  32 -3.813369 -1.904591 11.567125 -0.307898 -0.787295 0.534196 0.482353 0.365949
  32 -4.685915 -1.013280 10.398010 -0.883433 -0.455317 0.110604 0.427451 0.342466
  32 -3.734832 -2.241045 11.131315 -0.523090 -0.845084 0.110498 0.490196 0.356164
HEV_leg_&_glove.bmp
  32 -3.734832 -2.241045 11.131315 -0.523090 -0.845084 0.110498 0.490196 0.356164
  32 -4.685915 -1.013280 10.398010 -0.883433 -0.455317 0.110604 0.427451 0.342466
  32 -4.479920 -1.477351 10.132107 -0.872045 -0.487325 -0.045302 0.439216 0.334638
HEV_leg_&_glove.bmp
  32 -4.685915 -1.013280 10.398010 -0.883433 -0.455317 0.110604 0.427451 0.342466
  32 -4.379051 -0.439518 7.013866 -0.959601 -0.273800 -0.064800 0.403922 0.264188
  32 -4.479920 -1.477351 10.132107 -0.872045 -0.487325 -0.045302 0.439216 0.334638
HEV_leg_&_glove.bmp
  32 -4.479920 -1.477351 10.132107 -0.872045 -0.487325 -0.045302 0.439216 0.334638
  32 -4.379051 -0.439518 7.013866 -0.959601 -0.273800 -0.064800 0.403922 0.264188
  32 -4.207290 -1.072875 7.021404 -0.771464 -0.636270 -0.001700 0.423529 0.264188
HEV_leg_&_glove.bmp
  32 -4.379051 -0.439518 7.013866 -0.959601 -0.273800 -0.064800 0.403922 0.264188
  32 -4.361457 -0.833770 5.485058 -0.866309 -0.418304 -0.273003 0.431373 0.228963
  32 -4.207290 -1.072875 7.021404 -0.771464 -0.636270 -0.001700 0.423529 0.264188
HEV_leg_&_glove.bmp
  32 -4.207290 -1.072875 7.021404 -0.771464 -0.636270 -0.001700 0.423529 0.264188
  32 -4.361457 -0.833770 5.485058 -0.866309 -0.418304 -0.273003 0.431373 0.228963
  32 -4.204720 -1.323883 5.758595 -0.604780 -0.674777 -0.422986 0.447059 0.234834
HEV_leg_&_glove.bmp
  32 -4.361457 -0.833770 5.485058 -0.866309 -0.418304 -0.273003 0.431373 0.228963
  32 -3.230135 -1.476313 5.528051 -0.080002 -0.555711 -0.827517 0.529412 0.228963
  32 -4.204720 -1.323883 5.758595 -0.604780 -0.674777 -0.422986 0.447059 0.234834
HEV_leg_&_glove.bmp
  32 -4.204720 -1.323883 5.758595 -0.604780 -0.674777 -0.422986 0.447059 0.234834
  32 -3.230135 -1.476313 5.528051 -0.080002 -0.555711 -0.827517 0.529412 0.228963
  32 -3.243674 -1.866429 5.799024 0.073596 -0.941952 -0.327583 0.525490 0.234834
HEV_leg_&_glove.bmp
  29 4.675532 -1.013242 10.398169 0.928859 -0.370384 -0.006100 0.619608 0.342466
  29 3.802991 -1.904554 11.567286 0.620519 -0.675621 0.398112 0.549020 0.365949
  29 4.469537 -1.477313 10.132266 0.830703 -0.554502 0.049600 0.603922 0.334638
HEV_leg_&_glove.bmp
  29 4.469537 -1.477313 10.132266 0.830703 -0.554502 0.049600 0.603922 0.334638
  29 3.802991 -1.904554 11.567286 0.620519 -0.675621 0.398112 0.549020 0.365949
  29 3.734236 -2.249952 11.120326 0.367107 -0.912219 0.181904 0.545098 0.356164
HEV_leg_&_glove.bmp
  29 3.802991 -1.904554 11.567286 0.620519 -0.675621 0.398112 0.549020 0.365949
  29 2.862798 -1.899724 11.563650 -0.312118 -0.784244 0.536230 0.482353 0.365949
  29 3.734236 -2.249952 11.120326 0.367107 -0.912219 0.181904 0.545098 0.356164
HEV_leg_&_glove.bmp
  29 3.734236 -2.249952 11.120326 0.367107 -0.912219 0.181904 0.545098 0.356164
  29 2.862798 -1.899724 11.563650 -0.312118 -0.784244 0.536230 0.482353 0.365949
  29 2.934284 -2.226673 11.126277 -0.532510 -0.837715 0.121102 0.486275 0.356164
HEV_leg_&_glove.bmp
  29 2.862798 -1.899724 11.563650 -0.312118 -0.784244 0.536230 0.482353 0.365949
  29 1.965151 -0.990160 10.396334 -0.879382 -0.458590 0.127997 0.427451 0.342466
  29 2.934284 -2.226673 11.126277 -0.532510 -0.837715 0.121102 0.486275 0.356164
HEV_leg_&_glove.bmp
  29 2.934284 -2.226673 11.126277 -0.532510 -0.837715 0.121102 0.486275 0.356164
  29 1.965151 -0.990160 10.396334 -0.879382 -0.458590 0.127997 0.427451 0.342466
  29 2.169263 -1.456470 10.133287 -0.869757 -0.492976 -0.022299 0.443137 0.336595
HEV_leg_&_glove.bmp
  29 1.965151 -0.990160 10.396334 -0.879382 -0.458590 0.127997 0.427451 0.342466
  29 2.148633 -0.400012 7.025672 -0.955085 -0.293195 -0.042999 0.403922 0.264188
  29 2.169263 -1.456470 10.133287 -0.869757 -0.492976 -0.022299 0.443137 0.336595
HEV_leg_&_glove.bmp
  29 2.169263 -1.456470 10.133287 -0.869757 -0.492976 -0.022299 0.443137 0.336595
  29 2.148633 -0.400012 7.025672 -0.955085 -0.293195 -0.042999 0.403922 0.264188
  29 2.326604 -1.043313 7.016182 -0.775584 -0.631186 0.008600 0.423529 0.264188
HEV_leg_&_glove.bmp
  29 2.148633 -0.400012 7.025672 -0.955085 -0.293195 -0.042999 0.403922 0.264188
  29 2.150648 -0.802204 5.475596 -0.862392 -0.434495 -0.259797 0.431373 0.228963
  29 2.326604 -1.043313 7.016182 -0.775584 -0.631186 0.008600 0.423529 0.264188
HEV_leg_&_glove.bmp
  29 2.326604 -1.043313 7.016182 -0.775584 -0.631186 0.008600 0.423529 0.264188
  29 2.150648 -0.802204 5.475596 -0.862392 -0.434495 -0.259797 0.431373 0.228963
  29 2.334028 -1.294350 5.753199 -0.620119 -0.670120 -0.407912 0.447059 0.234834
HEV_leg_&_glove.bmp
  29 2.150648 -0.802204 5.475596 -0.862392 -0.434495 -0.259797 0.431373 0.228963
  29 3.239736 -1.476337 5.527868 -0.110900 -0.557700 -0.822601 0.525490 0.228963
  29 2.334028 -1.294350 5.753199 -0.620119 -0.670120 -0.407912 0.447059 0.234834
HEV_leg_&_glove.bmp
  29 2.334028 -1.294350 5.753199 -0.620119 -0.670120 -0.407912 0.447059 0.234834
  29 3.239736 -1.476337 5.527868 -0.110900 -0.557700 -0.822601 0.525490 0.228963
  29 3.253276 -1.866453 5.798840 0.034198 -0.942947 -0.331182 0.525490 0.234834
HEV_leg_&_glove.bmp
  29 3.239736 -1.476337 5.527868 -0.110900 -0.557700 -0.822601 0.525490 0.228963
  29 4.361058 -0.833762 5.485044 0.590207 -0.530906 -0.608107 0.619608 0.228963
  29 3.253276 -1.866453 5.798840 0.034198 -0.942947 -0.331182 0.525490 0.234834
HEV_leg_&_glove.bmp
  29 3.253276 -1.866453 5.798840 0.034198 -0.942947 -0.331182 0.525490 0.234834
  29 4.361058 -0.833762 5.485044 0.590207 -0.530906 -0.608107 0.619608 0.228963
  29 4.204322 -1.323875 5.758581 0.806210 -0.571207 -0.154102 0.607843 0.234834
HEV_leg_&_glove.bmp
  29 4.361058 -0.833762 5.485044 0.590207 -0.530906 -0.608107 0.619608 0.228963
  29 4.368657 -0.439480 7.014025 0.967454 -0.253014 -0.004100 0.650980 0.264188
  29 4.204322 -1.323875 5.758581 0.806210 -0.571207 -0.154102 0.607843 0.234834
HEV_leg_&_glove.bmp
  29 4.204322 -1.323875 5.758581 0.806210 -0.571207 -0.154102 0.607843 0.234834
  29 4.368657 -0.439480 7.014025 0.967454 -0.253014 -0.004100 0.650980 0.264188
  29 4.206896 -1.072867 7.021391 0.764717 -0.643515 -0.033101 0.631373 0.264188
HEV_leg_&_glove.bmp
  29 4.368657 -0.439480 7.014025 0.967454 -0.253014 -0.004100 0.650980 0.264188
  29 4.675532 -1.013242 10.398169 0.928859 -0.370384 -0.006100 0.619608 0.342466
  29 4.206896 -1.072867 7.021391 0.764717 -0.643515 -0.033101 0.631373 0.264188
HEV_leg_&_glove.bmp
  29 4.206896 -1.072867 7.021391 0.764717 -0.643515 -0.033101 0.631373 0.264188
  29 4.675532 -1.013242 10.398169 0.928859 -0.370384 -0.006100 0.619608 0.342466
  29 4.469537 -1.477313 10.132266 0.830703 -0.554502 0.049600 0.603922 0.334638
HEV_leg_&_glove.bmp
  31 -3.461966 2.828473 21.673327 -0.153905 0.979336 0.131205 0.992157 0.612524
  31 -1.621042 1.945597 21.786601 0.634810 0.764711 0.110602 0.843137 0.616438
  32 -3.452249 3.072439 19.913002 0.066297 0.982952 0.171492 0.992157 0.573386
HEV_leg_&_glove.bmp
  32 -3.452249 3.072439 19.913002 0.066297 0.982952 0.171492 0.992157 0.573386
  31 -1.621042 1.945597 21.786601 0.634810 0.764711 0.110602 0.843137 0.616438
  32 -1.548496 2.150943 19.869763 0.835423 0.543515 0.081602 0.850980 0.573386
HEV_leg_&_glove.bmp
  31 -1.621042 1.945597 21.786601 0.634810 0.764711 0.110602 0.843137 0.616438
  31 -0.838635 -0.147632 22.010718 0.989129 0.126603 0.074802 0.709804 0.620352
  32 -1.548496 2.150943 19.869763 0.835423 0.543515 0.081602 0.850980 0.573386
HEV_leg_&_glove.bmp
  32 -1.548496 2.150943 19.869763 0.835423 0.543515 0.081602 0.850980 0.573386
  31 -0.838635 -0.147632 22.010718 0.989129 0.126603 0.074802 0.709804 0.620352
  31 -0.724327 -0.191100 20.613134 0.996650 -0.066504 0.047602 0.709804 0.589041
HEV_leg_&_glove.bmp
  31 -0.838635 -0.147632 22.010718 0.989129 0.126603 0.074802 0.709804 0.620352
  31 -1.616779 -2.274240 22.258568 0.824290 -0.555694 0.108399 0.600000 0.628180
  31 -0.724327 -0.191100 20.613134 0.996650 -0.066504 0.047602 0.709804 0.589041
HEV_leg_&_glove.bmp
  31 -0.724327 -0.191100 20.613134 0.996650 -0.066504 0.047602 0.709804 0.589041
  31 -1.616779 -2.274240 22.258568 0.824290 -0.555694 0.108399 0.600000 0.628180
  31 -1.548539 -2.502622 20.664554 0.705765 -0.708066 -0.023199 0.600000 0.592955
HEV_leg_&_glove.bmp
  31 -1.616779 -2.274240 22.258568 0.824290 -0.555694 0.108399 0.600000 0.628180
  31 -3.466181 -3.156776 22.357784 0.160007 -0.973345 0.164308 0.505882 0.628180
  31 -1.548539 -2.502622 20.664554 0.705765 -0.708066 -0.023199 0.600000 0.592955
HEV_leg_&_glove.bmp
  31 -1.548539 -2.502622 20.664554 0.705765 -0.708066 -0.023199 0.600000 0.592955
  31 -3.466181 -3.156776 22.357784 0.160007 -0.973345 0.164308 0.505882 0.628180
  31 -3.466538 -3.457030 20.694280 -0.096301 -0.995312 0.008900 0.505882 0.592955
HEV_leg_&_glove.bmp
  31 -3.466181 -3.156776 22.357784 0.160007 -0.973345 0.164308 0.505882 0.628180
  31 -5.337422 -2.283504 22.264225 -0.644131 -0.752436 0.137607 0.411765 0.628180
  31 -3.466538 -3.457030 20.694280 -0.096301 -0.995312 0.008900 0.505882 0.592955
HEV_leg_&_glove.bmp
  31 -3.466538 -3.457030 20.694280 -0.096301 -0.995312 0.008900 0.505882 0.592955
  31 -5.337422 -2.283504 22.264225 -0.644131 -0.752436 0.137607 0.411765 0.628180
  31 -5.419184 -2.502330 20.667376 -0.783868 -0.619974 -0.034399 0.411765 0.592955
HEV_leg_&_glove.bmp
  31 -5.337422 -2.283504 22.264225 -0.644131 -0.752436 0.137607 0.411765 0.628180
  31 -6.099735 -0.160465 22.029735 -0.990212 -0.110701 0.085001 0.294118 0.620352
  31 -5.419184 -2.502330 20.667376 -0.783868 -0.619974 -0.034399 0.411765 0.592955
HEV_leg_&_glove.bmp
  31 -5.419184 -2.502330 20.667376 -0.783868 -0.619974 -0.034399 0.411765 0.592955
  31 -6.099735 -0.160465 22.029735 -0.990212 -0.110701 0.085001 0.294118 0.620352
  31 -6.235266 -0.184916 20.617347 -0.995830 0.078903 0.045801 0.294118 0.589041
HEV_leg_&_glove.bmp
  31 -6.099735 -0.160465 22.029735 -0.990212 -0.110701 0.085001 0.294118 0.620352
  31 -5.341363 1.945849 21.772024 -0.817187 0.569191 0.090699 0.145098 0.616438
  31 -6.235266 -0.184916 20.617347 -0.995830 0.078903 0.045801 0.294118 0.589041
HEV_leg_&_glove.bmp
  31 -6.235266 -0.184916 20.617347 -0.995830 0.078903 0.045801 0.294118 0.589041
  31 -5.341363 1.945849 21.772024 -0.817187 0.569191 0.090699 0.145098 0.616438
  32 -5.409011 2.153278 19.864765 -0.764607 0.640106 0.075101 0.137255 0.573386
HEV_leg_&_glove.bmp
  31 -5.341363 1.945849 21.772024 -0.817187 0.569191 0.090699 0.145098 0.616438
  31 -3.461966 2.828473 21.673327 -0.153905 0.979336 0.131205 0.000000 0.612524
  32 -5.409011 2.153278 19.864765 -0.764607 0.640106 0.075101 0.137255 0.573386
HEV_leg_&_glove.bmp
  32 -5.409011 2.153278 19.864765 -0.764607 0.640106 0.075101 0.137255 0.573386
  31 -3.461966 2.828473 21.673327 -0.153905 0.979336 0.131205 0.000000 0.612524
  32 -3.452249 3.072439 19.913002 0.066297 0.982952 0.171492 0.000000 0.573386
HEV_leg_&_glove.bmp
  29 3.471929 3.082334 19.913677 -0.065796 0.982951 0.171692 0.992157 0.573386
  29 1.538182 2.160922 19.870962 -0.836491 0.541795 0.082099 0.850980 0.573386
  28 1.620537 1.955357 21.776359 -0.634781 0.764678 0.110997 0.843137 0.616438
HEV_leg_&_glove.bmp
  28 1.620537 1.955357 21.776359 -0.634781 0.764678 0.110997 0.843137 0.616438
  29 1.538182 2.160922 19.870962 -0.836491 0.541795 0.082099 0.850980 0.573386
  28 0.838431 -0.157386 22.020954 -0.989467 0.123996 0.074698 0.709804 0.620352
HEV_leg_&_glove.bmp
  29 1.538182 2.160922 19.870962 -0.836491 0.541795 0.082099 0.850980 0.573386
  28 0.743993 -0.181160 20.612545 -0.996604 -0.066400 0.048700 0.709804 0.589041
  28 0.838431 -0.157386 22.020954 -0.989467 0.123996 0.074698 0.709804 0.620352
HEV_leg_&_glove.bmp
  28 0.838431 -0.157386 22.020954 -0.989467 0.123996 0.074698 0.709804 0.620352
  28 0.743993 -0.181160 20.612545 -0.996604 -0.066400 0.048700 0.709804 0.589041
  28 1.616580 -2.283992 22.268802 -0.825194 -0.553796 0.111199 0.600000 0.628180
HEV_leg_&_glove.bmp
  28 0.743993 -0.181160 20.612545 -0.996604 -0.066400 0.048700 0.709804 0.589041
  28 1.548386 -2.492380 20.674303 -0.707036 -0.706835 -0.022001 0.600000 0.592955
  28 1.616580 -2.283992 22.268802 -0.825194 -0.553796 0.111199 0.600000 0.628180
HEV_leg_&_glove.bmp
  28 1.616580 -2.283992 22.268802 -0.825194 -0.553796 0.111199 0.600000 0.628180
  28 1.548386 -2.492380 20.674303 -0.707036 -0.706835 -0.022001 0.600000 0.592955
  28 3.465984 -3.166524 22.368012 -0.160695 -0.973065 0.165294 0.505882 0.628180
HEV_leg_&_glove.bmp
  28 1.548386 -2.492380 20.674303 -0.707036 -0.706835 -0.022001 0.600000 0.592955
  28 3.466362 -3.456781 20.704266 0.095498 -0.995382 0.009700 0.505882 0.592955
  28 3.465984 -3.166524 22.368012 -0.160695 -0.973065 0.165294 0.505882 0.628180
HEV_leg_&_glove.bmp
  28 3.465984 -3.166524 22.368012 -0.160695 -0.973065 0.165294 0.505882 0.628180
  28 3.466362 -3.456781 20.704266 0.095498 -0.995382 0.009700 0.505882 0.592955
  28 5.337074 -2.283493 22.264210 0.642586 -0.753185 0.140697 0.411765 0.628180
HEV_leg_&_glove.bmp
  28 3.466362 -3.456781 20.704266 0.095498 -0.995382 0.009700 0.505882 0.592955
  28 5.409007 -2.502048 20.677530 0.783886 -0.619989 -0.033700 0.411765 0.592955
  28 5.337074 -2.283493 22.264210 0.642586 -0.753185 0.140697 0.411765 0.628180
HEV_leg_&_glove.bmp
  28 5.337074 -2.283493 22.264210 0.642586 -0.753185 0.140697 0.411765 0.628180
  28 5.409007 -2.502048 20.677530 0.783886 -0.619989 -0.033700 0.411765 0.592955
  28 6.109182 -0.170720 22.019790 0.990523 -0.109503 0.082902 0.294118 0.620352
HEV_leg_&_glove.bmp
  28 5.409007 -2.502048 20.677530 0.783886 -0.619989 -0.033700 0.411765 0.592955
  28 6.214913 -0.184845 20.617676 0.995705 0.080000 0.046600 0.294118 0.589041
  28 6.109182 -0.170720 22.019790 0.990523 -0.109503 0.082902 0.294118 0.620352
HEV_leg_&_glove.bmp
  28 6.109182 -0.170720 22.019790 0.990523 -0.109503 0.082902 0.294118 0.620352
  28 6.214913 -0.184845 20.617676 0.995705 0.080000 0.046600 0.294118 0.589041
  28 5.331181 1.946130 21.782178 0.817425 0.568817 0.090903 0.145098 0.616438
HEV_leg_&_glove.bmp
  28 6.214913 -0.184845 20.617676 0.995705 0.080000 0.046600 0.294118 0.589041
  29 5.408864 2.162202 19.875725 0.765102 0.639301 0.076900 0.137255 0.573386
  28 5.331181 1.946130 21.782178 0.817425 0.568817 0.090903 0.145098 0.616438
HEV_leg_&_glove.bmp
  28 5.331181 1.946130 21.782178 0.817425 0.568817 0.090903 0.145098 0.616438
  29 5.408864 2.162202 19.875725 0.765102 0.639301 0.076900 0.137255 0.573386
  28 3.461806 2.838718 21.683072 0.154994 0.979058 0.131994 0.000000 0.612524
HEV_leg_&_glove.bmp
  29 5.408864 2.162202 19.875725 0.765102 0.639301 0.076900 0.137255 0.573386
  29 3.471929 3.082334 19.913677 -0.065796 0.982951 0.171692 0.000000 0.573386
  28 3.461806 2.838718 21.683072 0.154994 0.979058 0.131994 0.000000 0.612524
HEV_leg_&_glove.bmp
  30 1.882570 3.610002 5.588005 -0.670892 0.739392 0.056599 0.058824 0.152642
  30 1.702565 3.750741 3.448054 -0.904266 0.425684 0.033099 0.050980 0.078278
  30 1.332570 2.280498 4.147547 -0.995979 0.074799 0.049299 0.117647 0.105675
HEV_leg_&_glove.bmp
  30 1.332570 2.280498 4.147547 -0.995979 0.074799 0.049299 0.117647 0.105675
  30 1.702565 3.750741 3.448054 -0.904266 0.425684 0.033099 0.050980 0.078278
  30 1.362567 2.390875 3.057585 -0.994888 0.098799 -0.020900 0.113725 0.068493
HEV_leg_&_glove.bmp
  30 1.702565 3.750741 3.448054 -0.904266 0.425684 0.033099 0.050980 0.078278
  30 1.392565 2.461196 2.127609 -0.992733 0.116004 0.032001 0.117647 0.033268
  30 1.362567 2.390875 3.057585 -0.994888 0.098799 -0.020900 0.113725 0.068493
HEV_leg_&_glove.bmp
  30 1.362567 2.390875 3.057585 -0.994888 0.098799 -0.020900 0.113725 0.068493
  30 1.392565 2.461196 2.127609 -0.992733 0.116004 0.032001 0.117647 0.033268
  30 1.452570 0.720979 2.757008 -0.991081 -0.036399 0.128197 0.196078 0.066536
HEV_leg_&_glove.bmp
  30 1.392565 2.461196 2.127609 -0.992733 0.116004 0.032001 0.117647 0.033268
  30 1.062576 -4.108542 1.365341 -0.979798 -0.139299 0.143500 0.423529 0.035225
  30 1.452570 0.720979 2.757008 -0.991081 -0.036399 0.128197 0.196078 0.066536
HEV_leg_&_glove.bmp
  30 1.452570 0.720979 2.757008 -0.991081 -0.036399 0.128197 0.196078 0.066536
  30 1.062576 -4.108542 1.365341 -0.979798 -0.139299 0.143500 0.423529 0.035225
  30 1.132577 -4.138749 1.965330 -0.916004 -0.126500 0.380702 0.419608 0.058708
HEV_leg_&_glove.bmp
  30 1.062576 -4.108542 1.365341 -0.979798 -0.139299 0.143500 0.423529 0.035225
  30 1.522580 -5.198820 2.174963 -0.840791 -0.315396 0.439995 0.470588 0.072407
  30 1.132577 -4.138749 1.965330 -0.916004 -0.126500 0.380702 0.419608 0.058708
HEV_leg_&_glove.bmp
  30 1.132577 -4.138749 1.965330 -0.916004 -0.126500 0.380702 0.419608 0.058708
  30 1.522580 -5.198820 2.174963 -0.840791 -0.315396 0.439995 0.470588 0.072407
  30 1.572579 -4.458910 2.435219 -0.554618 -0.216207 0.803526 0.435294 0.080235
HEV_leg_&_glove.bmp
  30 1.522580 -5.198820 2.174963 -0.840791 -0.315396 0.439995 0.470588 0.072407
  30 2.172581 -5.219033 2.794955 -0.516391 -0.109798 0.849285 0.466667 0.097847
  30 1.572579 -4.458910 2.435219 -0.554618 -0.216207 0.803526 0.435294 0.080235
HEV_leg_&_glove.bmp
  30 1.572579 -4.458910 2.435219 -0.554618 -0.216207 0.803526 0.435294 0.080235
  30 2.172581 -5.219033 2.794955 -0.516391 -0.109798 0.849285 0.466667 0.097847
  30 2.262579 -4.049034 2.795359 -0.305997 -0.273197 0.911992 0.419608 0.093933
HEV_leg_&_glove.bmp
  30 2.172581 -5.219033 2.794955 -0.516391 -0.109798 0.849285 0.466667 0.097847
  30 3.262580 -4.339094 2.975257 -0.005400 -0.220611 0.975347 0.427451 0.127202
  30 2.262579 -4.049034 2.795359 -0.305997 -0.273197 0.911992 0.419608 0.093933
HEV_leg_&_glove.bmp
  30 2.262579 -4.049034 2.795359 -0.305997 -0.273197 0.911992 0.419608 0.093933
  30 3.262580 -4.339094 2.975257 -0.005400 -0.220611 0.975347 0.427451 0.127202
  30 3.262579 -3.819180 3.225436 -0.009800 -0.462684 0.886469 0.400000 0.129159
HEV_leg_&_glove.bmp
  30 3.262580 -4.339094 2.975257 -0.005400 -0.220611 0.975347 0.427451 0.127202
  30 4.292579 -4.099026 2.785338 0.253393 -0.280593 0.925775 0.423529 0.095890
  30 3.262579 -3.819180 3.225436 -0.009800 -0.462684 0.886469 0.400000 0.129159
HEV_leg_&_glove.bmp
  30 3.262579 -3.819180 3.225436 -0.009800 -0.462684 0.886469 0.400000 0.129159
  30 4.292579 -4.099026 2.785338 0.253393 -0.280593 0.925775 0.423529 0.095890
  30 4.162578 -3.729109 3.025466 0.320305 -0.432907 0.842613 0.396078 0.097847
HEV_leg_&_glove.bmp
  30 4.292579 -4.099026 2.785338 0.253393 -0.280593 0.925775 0.423529 0.095890
  30 4.432578 -3.439112 3.035565 0.259199 -0.350199 0.900098 0.380392 0.095890
  30 4.162578 -3.729109 3.025466 0.320305 -0.432907 0.842613 0.396078 0.097847
HEV_leg_&_glove.bmp
  33 -5.912981 -2.708551 1.385833 -0.960513 -0.008500 0.278104 0.356863 0.029354
  33 -5.592980 -1.478868 2.306257 -0.960513 -0.008500 0.278104 0.298039 0.058708
  33 -5.772981 -1.418582 1.476278 -0.991320 0.094502 0.091402 0.298039 0.025440
HEV_leg_&_glove.bmp
  33 -5.772981 -1.418582 1.476278 -0.991320 0.094502 0.091402 0.298039 0.025440
  33 -5.592980 -1.478868 2.306257 -0.960513 -0.008500 0.278104 0.298039 0.058708
  33 -5.362980 2.340869 3.067576 -0.987159 0.156994 0.029499 0.117647 0.070450
HEV_leg_&_glove.bmp
  33 -5.592980 -1.478868 2.306257 -0.960513 -0.008500 0.278104 0.298039 0.058708
  33 -5.322979 2.210489 4.167531 -0.980733 0.111504 0.160405 0.117647 0.107632
  33 -5.362980 2.340869 3.067576 -0.987159 0.156994 0.029499 0.117647 0.070450
HEV_leg_&_glove.bmp
  33 -5.362980 2.340869 3.067576 -0.987159 0.156994 0.029499 0.117647 0.070450
  33 -5.322979 2.210489 4.167531 -0.980733 0.111504 0.160405 0.117647 0.107632
  33 -4.972979 3.700741 3.438046 -0.887886 0.456393 0.057999 0.054902 0.078278
HEV_leg_&_glove.bmp
  33 -5.322979 2.210489 4.167531 -0.980733 0.111504 0.160405 0.117647 0.107632
  33 -4.772977 3.569995 5.598001 -0.691269 0.720069 0.060397 0.058824 0.152642
  33 -4.972979 3.700741 3.438046 -0.887886 0.456393 0.057999 0.054902 0.078278
HEV_leg_&_glove.bmp
  33 -4.972979 3.700741 3.438046 -0.887886 0.456393 0.057999 0.054902 0.078278
  33 -4.772977 3.569995 5.598001 -0.691269 0.720069 0.060397 0.058824 0.152642
  33 -4.312979 4.360665 3.658273 -0.498083 0.861471 0.098897 0.003922 0.082192
HEV_leg_&_glove.bmp
  33 -4.772977 3.569995 5.598001 -0.691269 0.720069 0.060397 0.058824 0.152642
  33 -3.332977 4.329995 5.598262 -0.015099 0.999852 0.008200 0.007843 0.152642
  33 -4.312979 4.360665 3.658273 -0.498083 0.861471 0.098897 0.003922 0.082192
HEV_leg_&_glove.bmp
  33 -4.312979 4.360665 3.658273 -0.498083 0.861471 0.098897 0.003922 0.082192
  33 -3.332977 4.329995 5.598262 -0.015099 0.999852 0.008200 0.007843 0.152642
  33 -2.392979 4.390665 3.658282 0.468202 0.878303 0.096800 0.003922 0.082192
HEV_leg_&_glove.bmp
  33 -3.332977 4.329995 5.598262 -0.015099 0.999852 0.008200 0.007843 0.152642
  33 -1.882977 3.609999 5.588012 0.670893 0.739391 0.056599 0.058824 0.152642
  33 -2.392979 4.390665 3.658282 0.468202 0.878303 0.096800 0.003922 0.082192
HEV_leg_&_glove.bmp
  33 -2.392979 4.390665 3.658282 0.468202 0.878303 0.096800 0.003922 0.082192
  33 -1.882977 3.609999 5.588012 0.670893 0.739391 0.056599 0.058824 0.152642
  33 -1.702979 3.750738 3.448060 0.903279 0.427790 0.032899 0.050980 0.078278
HEV_leg_&_glove.bmp
  33 -1.882977 3.609999 5.588012 0.670893 0.739391 0.056599 0.058824 0.152642
  33 -1.332979 2.280496 4.147552 0.995798 0.074900 0.052700 0.117647 0.105675
  33 -1.702979 3.750738 3.448060 0.903279 0.427790 0.032899 0.050980 0.078278
HEV_leg_&_glove.bmp
  33 -1.702979 3.750738 3.448060 0.903279 0.427790 0.032899 0.050980 0.078278
  33 -1.332979 2.280496 4.147552 0.995798 0.074900 0.052700 0.117647 0.105675
  33 -1.352980 2.390872 3.057590 0.994799 0.099500 -0.021800 0.113725 0.068493
HEV_leg_&_glove.bmp
  33 -1.332979 2.280496 4.147552 0.995798 0.074900 0.052700 0.117647 0.105675
  33 -1.452980 0.720976 2.757013 0.991333 -0.037501 0.125904 0.196078 0.066536
  33 -1.352980 2.390872 3.057590 0.994799 0.099500 -0.021800 0.113725 0.068493
HEV_leg_&_glove.bmp
  33 -1.352980 2.390872 3.057590 0.994799 0.099500 -0.021800 0.113725 0.068493
  33 -1.452980 0.720976 2.757013 0.991333 -0.037501 0.125904 0.196078 0.066536
  33 -1.392981 2.461194 2.127614 0.992723 0.117402 0.026801 0.117647 0.033268
HEV_leg_&_glove.bmp
  33 -1.452980 0.720976 2.757013 0.991333 -0.037501 0.125904 0.196078 0.066536
  33 -1.072981 -4.108547 1.375345 0.979681 -0.137197 0.146297 0.423529 0.035225
  33 -1.392981 2.461194 2.127614 0.992723 0.117402 0.026801 0.117647 0.033268
HEV_leg_&_glove.bmp
  29 3.361092 -2.370643 14.432349 -0.044300 -0.667390 0.743389 0.505882 0.434442
  29 1.559117 -1.665227 15.370791 -0.277903 -0.757208 0.591106 0.400000 0.452055
  29 3.354619 -2.709749 14.115702 0.014999 -0.970163 0.241991 0.513725 0.424658
HEV_leg_&_glove.bmp
  29 3.354619 -2.709749 14.115702 0.014999 -0.970163 0.241991 0.513725 0.424658
  29 1.559117 -1.665227 15.370791 -0.277903 -0.757208 0.591106 0.400000 0.452055
  29 1.810179 -2.113096 14.927867 -0.641492 -0.759390 0.108698 0.415686 0.442270
HEV_leg_&_glove.bmp
  29 1.559117 -1.665227 15.370791 -0.277903 -0.757208 0.591106 0.400000 0.452055
  29 1.688825 -1.358209 12.987218 -0.844379 -0.474788 -0.248194 0.400000 0.395303
  29 1.810179 -2.113096 14.927867 -0.641492 -0.759390 0.108698 0.415686 0.442270
HEV_leg_&_glove.bmp
  29 1.810179 -2.113096 14.927867 -0.641492 -0.759390 0.108698 0.415686 0.442270
  29 1.688825 -1.358209 12.987218 -0.844379 -0.474788 -0.248194 0.400000 0.395303
  29 1.939952 -1.847083 13.133294 -0.677770 -0.681269 -0.276588 0.419608 0.399217
HEV_leg_&_glove.bmp
  29 1.688825 -1.358209 12.987218 -0.844379 -0.474788 -0.248194 0.400000 0.395303
  29 2.849539 -1.981790 11.967616 -0.508913 -0.574214 -0.641316 0.482353 0.371820
  29 1.939952 -1.847083 13.133294 -0.677770 -0.681269 -0.276588 0.419608 0.399217
HEV_leg_&_glove.bmp
  29 1.939952 -1.847083 13.133294 -0.677770 -0.681269 -0.276588 0.419608 0.399217
  29 2.849539 -1.981790 11.967616 -0.508913 -0.574214 -0.641316 0.482353 0.371820
  29 2.923530 -2.385127 12.266355 -0.277498 -0.807192 -0.520995 0.486275 0.379648
HEV_leg_&_glove.bmp
  29 2.849539 -1.981790 11.967616 -0.508913 -0.574214 -0.641316 0.482353 0.371820
  29 3.819559 -1.985676 11.960788 0.241792 -0.615080 -0.750475 0.549020 0.371820
  29 2.923530 -2.385127 12.266355 -0.277498 -0.807192 -0.520995 0.486275 0.379648
HEV_leg_&_glove.bmp
  29 2.923530 -2.385127 12.266355 -0.277498 -0.807192 -0.520995 0.486275 0.379648
  29 3.819559 -1.985676 11.960788 0.241792 -0.615080 -0.750475 0.549020 0.371820
  29 3.743742 -2.389604 12.272066 0.416313 -0.785025 -0.458715 0.545098 0.379648
HEV_leg_&_glove.bmp
  29 3.819559 -1.985676 11.960788 0.241792 -0.615080 -0.750475 0.549020 0.371820
  29 5.029109 -1.383144 12.978160 0.759422 -0.517415 -0.394411 0.631373 0.395303
  29 3.743742 -2.389604 12.272066 0.416313 -0.785025 -0.458715 0.545098 0.379648
HEV_leg_&_glove.bmp
  29 3.743742 -2.389604 12.272066 0.416313 -0.785025 -0.458715 0.545098 0.379648
  29 5.029109 -1.383144 12.978160 0.759422 -0.517415 -0.394411 0.631373 0.395303
  29 4.770361 -1.860571 13.134085 0.704922 -0.674821 -0.218407 0.615686 0.399217
HEV_leg_&_glove.bmp
  29 5.029109 -1.383144 12.978160 0.759422 -0.517415 -0.394411 0.631373 0.395303
  29 5.249563 -1.682278 15.366657 0.704203 -0.683404 0.192501 0.623529 0.452055
  29 4.770361 -1.860571 13.134085 0.704922 -0.674821 -0.218407 0.615686 0.399217
HEV_leg_&_glove.bmp
  29 4.770361 -1.860571 13.134085 0.704922 -0.674821 -0.218407 0.615686 0.399217
  29 5.249563 -1.682278 15.366657 0.704203 -0.683404 0.192501 0.623529 0.452055
  29 4.960492 -2.137473 14.922094 0.342900 -0.861101 0.375400 0.607843 0.442270
HEV_leg_&_glove.bmp
  29 5.249563 -1.682278 15.366657 0.704203 -0.683404 0.192501 0.623529 0.452055
  29 3.361092 -2.370643 14.432349 -0.044300 -0.667390 0.743389 0.505882 0.434442
  29 4.960492 -2.137473 14.922094 0.342900 -0.861101 0.375400 0.607843 0.442270
HEV_leg_&_glove.bmp
  29 4.960492 -2.137473 14.922094 0.342900 -0.861101 0.375400 0.607843 0.442270
  29 3.361092 -2.370643 14.432349 -0.044300 -0.667390 0.743389 0.505882 0.434442
  29 3.354619 -2.709749 14.115702 0.014999 -0.970163 0.241991 0.513725 0.424658
HEV_leg_&_glove.bmp
  32 -3.371292 -2.369647 14.422242 -0.043802 -0.668930 0.742033 0.505882 0.434442
  32 -5.260146 -1.673404 15.377477 -0.274396 -0.764588 0.583191 0.400000 0.452055
  32 -3.364987 -2.709785 14.115539 0.023000 -0.969827 0.242707 0.513725 0.424658
HEV_leg_&_glove.bmp
  32 -3.364987 -2.709785 14.115539 0.023000 -0.969827 0.242707 0.513725 0.424658
  32 -5.260146 -1.673404 15.377477 -0.274396 -0.764588 0.583191 0.400000 0.452055
  32 -4.970954 -2.117619 14.924001 -0.630090 -0.771987 0.083799 0.415686 0.442270
HEV_leg_&_glove.bmp
  32 -5.260146 -1.673404 15.377477 -0.274396 -0.764588 0.583191 0.400000 0.452055
  32 -5.039747 -1.364323 12.990012 -0.826223 -0.491713 -0.274908 0.400000 0.395303
  32 -4.970954 -2.117619 14.924001 -0.630090 -0.771987 0.083799 0.415686 0.442270
HEV_leg_&_glove.bmp
  32 -4.970954 -2.117619 14.924001 -0.630090 -0.771987 0.083799 0.415686 0.442270
  32 -5.039747 -1.364323 12.990012 -0.826223 -0.491713 -0.274908 0.400000 0.395303
  32 -4.770736 -1.860581 13.134100 -0.659895 -0.691195 -0.294598 0.415686 0.399217
HEV_leg_&_glove.bmp
  32 -5.039747 -1.364323 12.990012 -0.826223 -0.491713 -0.274908 0.400000 0.395303
  32 -3.820106 -1.986716 11.970746 -0.491378 -0.583074 -0.646971 0.482353 0.371820
  32 -4.770736 -1.860581 13.134100 -0.659895 -0.691195 -0.294598 0.415686 0.399217
HEV_leg_&_glove.bmp
  32 -4.770736 -1.860581 13.134100 -0.659895 -0.691195 -0.294598 0.415686 0.399217
  32 -3.820106 -1.986716 11.970746 -0.491378 -0.583074 -0.646971 0.482353 0.371820
  32 -3.754117 -2.389641 12.271905 -0.263114 -0.808743 -0.526028 0.486275 0.379648
HEV_leg_&_glove.bmp
  32 -3.820106 -1.986716 11.970746 -0.491378 -0.583074 -0.646971 0.482353 0.371820
  32 -2.859916 -1.981825 11.967453 0.256406 -0.611414 -0.748618 0.549020 0.371820
  32 -3.754117 -2.389641 12.271905 -0.263114 -0.808743 -0.526028 0.486275 0.379648
HEV_leg_&_glove.bmp
  32 -3.754117 -2.389641 12.271905 -0.263114 -0.808743 -0.526028 0.486275 0.379648
  32 -2.859916 -1.981825 11.967453 0.256406 -0.611414 -0.748618 0.549020 0.371820
  32 -2.934074 -2.386195 12.276136 0.434014 -0.779825 -0.451115 0.545098 0.379648
HEV_leg_&_glove.bmp
  32 -2.859916 -1.981825 11.967453 0.256406 -0.611414 -0.748618 0.549020 0.371820
  32 -1.689202 -1.358213 12.987224 0.780409 -0.499506 -0.376105 0.631373 0.395303
  32 -2.934074 -2.386195 12.276136 0.434014 -0.779825 -0.451115 0.545098 0.379648
HEV_leg_&_glove.bmp
  32 -2.934074 -2.386195 12.276136 0.434014 -0.779825 -0.451115 0.545098 0.379648
  32 -1.689202 -1.358213 12.987224 0.780409 -0.499506 -0.376105 0.631373 0.395303
  32 -1.940496 -1.848120 13.143245 0.721627 -0.664425 -0.194407 0.611765 0.399217
HEV_leg_&_glove.bmp
  32 -1.689202 -1.358213 12.987224 0.780409 -0.499506 -0.376105 0.631373 0.395303
  32 -1.559486 -1.665231 15.370796 0.712608 -0.666108 0.220203 0.623529 0.452055
  32 -1.940496 -1.848120 13.143245 0.721627 -0.664425 -0.194407 0.611765 0.399217
HEV_leg_&_glove.bmp
  32 -1.940496 -1.848120 13.143245 0.721627 -0.664425 -0.194407 0.611765 0.399217
  32 -1.559486 -1.665231 15.370796 0.712608 -0.666108 0.220203 0.623529 0.452055
  32 -1.830546 -2.113159 14.927528 0.347813 -0.853732 0.387514 0.607843 0.442270
HEV_leg_&_glove.bmp
  32 -1.559486 -1.665231 15.370796 0.712608 -0.666108 0.220203 0.623529 0.452055
  32 -3.371292 -2.369647 14.422242 -0.043802 -0.668930 0.742033 0.505882 0.434442
  32 -1.830546 -2.113159 14.927528 0.347813 -0.853732 0.387514 0.607843 0.442270
HEV_leg_&_glove.bmp
  32 -1.830546 -2.113159 14.927528 0.347813 -0.853732 0.387514 0.607843 0.442270
  32 -3.371292 -2.369647 14.422242 -0.043802 -0.668930 0.742033 0.505882 0.434442
  32 -3.364987 -2.709785 14.115539 0.023000 -0.969827 0.242707 0.513725 0.424658
HEV_leg_&_glove.bmp
  32 -5.409011 2.153278 19.864765 -0.764607 0.640106 0.075101 0.137255 0.573386
  32 -6.206468 0.097699 18.903746 -0.995273 -0.062898 -0.073998 0.278431 0.549902
  31 -6.235266 -0.184916 20.617347 -0.995830 0.078903 0.045801 0.294118 0.589041
HEV_leg_&_glove.bmp
  31 -6.235266 -0.184916 20.617347 -0.995830 0.078903 0.045801 0.294118 0.589041
  32 -6.206468 0.097699 18.903746 -0.995273 -0.062898 -0.073998 0.278431 0.549902
  31 -5.419184 -2.502330 20.667376 -0.783868 -0.619974 -0.034399 0.411765 0.592955
HEV_leg_&_glove.bmp
  32 -6.206468 0.097699 18.903746 -0.995273 -0.062898 -0.073998 0.278431 0.549902
  32 -5.415179 -2.051166 18.623669 -0.657802 -0.723002 -0.211101 0.403922 0.542074
  31 -5.419184 -2.502330 20.667376 -0.783868 -0.619974 -0.034399 0.411765 0.592955
HEV_leg_&_glove.bmp
  31 -5.419184 -2.502330 20.667376 -0.783868 -0.619974 -0.034399 0.411765 0.592955
  32 -5.415179 -2.051166 18.623669 -0.657802 -0.723002 -0.211101 0.403922 0.542074
  32 -3.470344 -2.945423 18.513570 0.001500 -0.960405 -0.278602 0.505882 0.538160
HEV_leg_&_glove.bmp
  32 -5.415179 -2.051166 18.623669 -0.657802 -0.723002 -0.211101 0.403922 0.542074
  32 -3.416091 -2.305774 17.002244 0.002900 -0.932553 -0.361021 0.505882 0.504892
  32 -3.470344 -2.945423 18.513570 0.001500 -0.960405 -0.278602 0.505882 0.538160
HEV_leg_&_glove.bmp
  32 -3.470344 -2.945423 18.513570 0.001500 -0.960405 -0.278602 0.505882 0.538160
  32 -3.416091 -2.305774 17.002244 0.002900 -0.932553 -0.361021 0.505882 0.504892
  32 -1.554496 -2.052468 18.618722 0.681676 -0.707776 -0.185394 0.607843 0.542074
HEV_leg_&_glove.bmp
  32 -3.416091 -2.305774 17.002244 0.002900 -0.932553 -0.361021 0.505882 0.504892
  32 -1.322078 -1.270135 16.612423 0.851988 -0.483193 -0.201597 0.647059 0.495108
  32 -1.554496 -2.052468 18.618722 0.681676 -0.707776 -0.185394 0.607843 0.542074
HEV_leg_&_glove.bmp
  32 -1.554496 -2.052468 18.618722 0.681676 -0.707776 -0.185394 0.607843 0.542074
  32 -1.322078 -1.270135 16.612423 0.851988 -0.483193 -0.201597 0.647059 0.495108
  32 -0.735648 0.093255 18.905711 0.996237 -0.071003 -0.049702 0.725490 0.549902
HEV_leg_&_glove.bmp
  32 -1.322078 -1.270135 16.612423 0.851988 -0.483193 -0.201597 0.647059 0.495108
  32 -1.038098 1.038227 17.148539 0.968834 0.240108 -0.060902 0.780392 0.506849
  32 -0.735648 0.093255 18.905711 0.996237 -0.071003 -0.049702 0.725490 0.549902
HEV_leg_&_glove.bmp
  32 -0.735648 0.093255 18.905711 0.996237 -0.071003 -0.049702 0.725490 0.549902
  32 -1.038098 1.038227 17.148539 0.968834 0.240108 -0.060902 0.780392 0.506849
  32 -1.548496 2.150943 19.869763 0.835423 0.543515 0.081602 0.850980 0.573386
HEV_leg_&_glove.bmp
  32 -1.038098 1.038227 17.148539 0.968834 0.240108 -0.060902 0.780392 0.506849
  32 -1.869852 2.846348 17.513209 0.611904 0.779204 0.135701 0.890196 0.514677
  32 -1.548496 2.150943 19.869763 0.835423 0.543515 0.081602 0.850980 0.573386
HEV_leg_&_glove.bmp
  32 -1.548496 2.150943 19.869763 0.835423 0.543515 0.081602 0.850980 0.573386
  32 -1.869852 2.846348 17.513209 0.611904 0.779204 0.135701 0.890196 0.514677
  32 -3.452249 3.072439 19.913002 0.066297 0.982952 0.171492 0.992157 0.573386
HEV_leg_&_glove.bmp
  32 -1.869852 2.846348 17.513209 0.611904 0.779204 0.135701 0.890196 0.514677
  32 -3.414003 3.510947 17.626378 -0.001200 0.982092 0.188399 0.992157 0.518591
  32 -3.452249 3.072439 19.913002 0.066297 0.982952 0.171492 0.992157 0.573386
HEV_leg_&_glove.bmp
  29 3.403679 3.520930 17.627572 0.000100 0.982093 0.188399 0.992157 0.518591
  29 1.859699 2.855295 17.524353 -0.611381 0.779476 0.136496 0.890196 0.514677
  29 3.471929 3.082334 19.913677 -0.065796 0.982951 0.171692 0.992157 0.573386
HEV_leg_&_glove.bmp
  29 3.471929 3.082334 19.913677 -0.065796 0.982951 0.171692 0.992157 0.573386
  29 1.859699 2.855295 17.524353 -0.611381 0.779476 0.136496 0.890196 0.514677
  29 1.538182 2.160922 19.870962 -0.836491 0.541795 0.082099 0.850980 0.573386
HEV_leg_&_glove.bmp
  29 1.859699 2.855295 17.524353 -0.611381 0.779476 0.136496 0.890196 0.514677
  29 1.037945 1.047144 17.159512 -0.969525 0.237906 -0.058501 0.780392 0.506849
  29 1.538182 2.160922 19.870962 -0.836491 0.541795 0.082099 0.850980 0.573386
HEV_leg_&_glove.bmp
  29 1.538182 2.160922 19.870962 -0.836491 0.541795 0.082099 0.850980 0.573386
  29 1.037945 1.047144 17.159512 -0.969525 0.237906 -0.058501 0.780392 0.506849
  29 0.745332 0.103174 18.906566 -0.996342 -0.070703 -0.048002 0.725490 0.549902
HEV_leg_&_glove.bmp
  29 1.037945 1.047144 17.159512 -0.969525 0.237906 -0.058501 0.780392 0.506849
  29 1.321928 -1.261218 16.623395 -0.852984 -0.482390 -0.199296 0.647059 0.495108
  29 0.745332 0.103174 18.906566 -0.996342 -0.070703 -0.048002 0.725490 0.549902
HEV_leg_&_glove.bmp
  29 0.745332 0.103174 18.906566 -0.996342 -0.070703 -0.048002 0.725490 0.549902
  29 1.321928 -1.261218 16.623395 -0.852984 -0.482390 -0.199296 0.647059 0.495108
  29 1.534357 -2.043491 18.630039 -0.682096 -0.707396 -0.185299 0.607843 0.542074
HEV_leg_&_glove.bmp
  29 1.321928 -1.261218 16.623395 -0.852984 -0.482390 -0.199296 0.647059 0.495108
  29 3.415897 -2.306800 17.012178 -0.002000 -0.932213 -0.361905 0.505882 0.504892
  29 1.534357 -2.043491 18.630039 -0.682096 -0.707396 -0.185299 0.607843 0.542074
HEV_leg_&_glove.bmp
  29 1.534357 -2.043491 18.630039 -0.682096 -0.707396 -0.185299 0.607843 0.542074
  29 3.415897 -2.306800 17.012178 -0.002000 -0.932213 -0.361905 0.505882 0.504892
  29 3.470034 -2.935469 18.514591 -0.000500 -0.960177 -0.279393 0.505882 0.538160
HEV_leg_&_glove.bmp
  29 3.415897 -2.306800 17.012178 -0.002000 -0.932213 -0.361905 0.505882 0.504892
  29 5.404991 -2.052158 18.633771 0.656705 -0.723706 -0.212102 0.403922 0.542074
  29 3.470034 -2.935469 18.514591 -0.000500 -0.960177 -0.279393 0.505882 0.538160
HEV_leg_&_glove.bmp
  29 3.470034 -2.935469 18.514591 -0.000500 -0.960177 -0.279393 0.505882 0.538160
  29 5.404991 -2.052158 18.633771 0.656705 -0.723706 -0.212102 0.403922 0.542074
  28 5.409007 -2.502048 20.677530 0.783886 -0.619989 -0.033700 0.411765 0.592955
HEV_leg_&_glove.bmp
  29 5.404991 -2.052158 18.633771 0.656705 -0.723706 -0.212102 0.403922 0.542074
  29 6.226272 0.096620 18.913326 0.995214 -0.064401 -0.073501 0.278431 0.549902
  28 5.409007 -2.502048 20.677530 0.783886 -0.619989 -0.033700 0.411765 0.592955
HEV_leg_&_glove.bmp
  28 5.409007 -2.502048 20.677530 0.783886 -0.619989 -0.033700 0.411765 0.592955
  29 6.226272 0.096620 18.913326 0.995214 -0.064401 -0.073501 0.278431 0.549902
  28 6.214913 -0.184845 20.617676 0.995705 0.080000 0.046600 0.294118 0.589041
HEV_leg_&_glove.bmp
  29 6.226272 0.096620 18.913326 0.995214 -0.064401 -0.073501 0.278431 0.549902
  29 5.408864 2.162202 19.875725 0.765102 0.639301 0.076900 0.137255 0.573386
  28 6.214913 -0.184845 20.617676 0.995705 0.080000 0.046600 0.294118 0.589041
HEV_leg_&_glove.bmp
  30 5.172579 -5.758596 1.544763 0.782758 -0.592069 0.191690 0.498039 0.050881
  30 5.782576 -4.188536 1.375304 0.958994 -0.235099 0.158299 0.427451 0.037182
  30 5.252580 -5.438814 2.174873 0.791277 -0.493086 0.361589 0.478431 0.074364
HEV_leg_&_glove.bmp
  30 5.252580 -5.438814 2.174873 0.791277 -0.493086 0.361589 0.478431 0.074364
  30 5.782576 -4.188536 1.375304 0.958994 -0.235099 0.158299 0.427451 0.037182
  30 5.652577 -4.198744 1.975301 0.934671 -0.118197 0.335290 0.423529 0.060665
HEV_leg_&_glove.bmp
  30 5.782576 -4.188536 1.375304 0.958994 -0.235099 0.158299 0.427451 0.037182
  30 5.912573 -2.708536 1.375815 0.959586 -0.008200 0.281296 0.356863 0.029354
  30 5.652577 -4.198744 1.975301 0.934671 -0.118197 0.335290 0.423529 0.060665
HEV_leg_&_glove.bmp
  30 5.652577 -4.198744 1.975301 0.934671 -0.118197 0.335290 0.423529 0.060665
  30 5.912573 -2.708536 1.375815 0.959586 -0.008200 0.281296 0.356863 0.029354
  30 5.582573 -1.478851 2.286240 0.959586 -0.008200 0.281296 0.298039 0.058708
HEV_leg_&_glove.bmp
  30 5.912573 -2.708536 1.375815 0.959586 -0.008200 0.281296 0.356863 0.029354
  30 5.782571 -1.418571 1.476260 0.990537 0.094003 0.100004 0.298039 0.025440
  30 5.582573 -1.478851 2.286240 0.959586 -0.008200 0.281296 0.298039 0.058708
HEV_leg_&_glove.bmp
  30 5.582573 -1.478851 2.286240 0.959586 -0.008200 0.281296 0.298039 0.058708
  30 5.782571 -1.418571 1.476260 0.990537 0.094003 0.100004 0.298039 0.025440
  30 5.362567 2.340882 3.057560 0.987068 0.157695 0.028799 0.117647 0.070450
HEV_leg_&_glove.bmp
  30 5.782571 -1.418571 1.476260 0.990537 0.094003 0.100004 0.298039 0.025440
  30 4.972563 3.701120 2.368030 0.911813 0.405805 -0.062601 0.058824 0.035225
  30 5.362567 2.340882 3.057560 0.987068 0.157695 0.028799 0.117647 0.070450
HEV_leg_&_glove.bmp
  30 5.362567 2.340882 3.057560 0.987068 0.157695 0.028799 0.117647 0.070450
  30 4.972563 3.701120 2.368030 0.911813 0.405805 -0.062601 0.058824 0.035225
  30 4.972566 3.700750 3.438030 0.887418 0.457709 0.054701 0.054902 0.078278
HEV_leg_&_glove.bmp
  30 4.972563 3.701120 2.368030 0.911813 0.405805 -0.062601 0.058824 0.035225
  30 4.312565 4.360673 3.658259 0.497401 0.862002 0.097700 0.003922 0.082192
  30 4.972566 3.700750 3.438030 0.887418 0.457709 0.054701 0.054902 0.078278
HEV_leg_&_glove.bmp
  30 4.972566 3.700750 3.438030 0.887418 0.457709 0.054701 0.054902 0.078278
  30 4.312565 4.360673 3.658259 0.497401 0.862002 0.097700 0.003922 0.082192
  30 4.782570 3.560004 5.597982 0.689530 0.721931 0.058003 0.058824 0.152642
HEV_leg_&_glove.bmp
  30 4.312565 4.360673 3.658259 0.497401 0.862002 0.097700 0.003922 0.082192
  30 3.332569 4.330005 5.588251 0.014000 0.999871 0.007900 0.007843 0.152642
  30 4.782570 3.560004 5.597982 0.689530 0.721931 0.058003 0.058824 0.152642
HEV_leg_&_glove.bmp
  30 4.782570 3.560004 5.597982 0.689530 0.721931 0.058003 0.058824 0.152642
  30 3.332569 4.330005 5.588251 0.014000 0.999871 0.007900 0.007843 0.152642
  29 3.338464 4.775679 7.281449 0.011000 0.995790 -0.090999 0.003922 0.219178
HEV_leg_&_glove.bmp
  30 3.332569 4.330005 5.588251 0.014000 0.999871 0.007900 0.007843 0.152642
  30 1.882570 3.610002 5.588005 -0.670892 0.739392 0.056599 0.058824 0.152642
  29 3.338464 4.775679 7.281449 0.011000 0.995790 -0.090999 0.003922 0.219178
HEV_leg_&_glove.bmp
  31 -6.228340 -3.113903 29.391918 -0.825916 -0.561211 -0.053901 0.411765 0.804305
  31 -6.501292 -2.365453 30.589674 -0.949373 -0.313891 -0.012800 0.388235 0.827789
  31 -6.457693 -2.398166 29.230619 -0.946083 -0.316294 -0.069899 0.388235 0.800391
HEV_leg_&_glove.bmp
  31 -6.228340 -3.113903 29.391918 -0.825916 -0.561211 -0.053901 0.411765 0.804305
  31 -6.527679 -2.312840 31.528362 -0.949373 -0.313891 -0.012800 0.380392 0.855186
  31 -6.501292 -2.365453 30.589674 -0.949373 -0.313891 -0.012800 0.388235 0.827789
HEV_leg_&_glove.bmp
  31 -6.228340 -3.113903 29.391918 -0.825916 -0.561211 -0.053901 0.411765 0.804305
  31 -6.551653 -2.269588 32.907512 -0.949373 -0.313891 -0.012800 0.380392 0.884540
  31 -6.527679 -2.312840 31.528362 -0.949373 -0.313891 -0.012800 0.380392 0.855186
HEV_leg_&_glove.bmp
  31 -6.228340 -3.113903 29.391918 -0.825916 -0.561211 -0.053901 0.411765 0.804305
  31 -6.578785 -2.196017 33.885700 -0.912735 -0.408515 0.005500 0.372549 0.909980
  31 -6.551653 -2.269588 32.907512 -0.949373 -0.313891 -0.012800 0.380392 0.884540
HEV_leg_&_glove.bmp
  31 -6.228340 -3.113903 29.391918 -0.825916 -0.561211 -0.053901 0.411765 0.804305
  31 -6.020602 -3.009017 37.026363 -0.698301 -0.643501 0.313500 0.411765 0.988258
  31 -6.578785 -2.196017 33.885700 -0.912735 -0.408515 0.005500 0.372549 0.909980
HEV_leg_&_glove.bmp
  31 -6.228340 -3.113903 29.391918 -0.825916 -0.561211 -0.053901 0.411765 0.804305
  31 -4.071033 -4.213997 29.175771 -0.466726 -0.883949 -0.028302 0.490196 0.800391
  31 -6.020602 -3.009017 37.026363 -0.698301 -0.643501 0.313500 0.411765 0.988258
HEV_leg_&_glove.bmp
  31 -6.228340 -3.113903 29.391918 -0.825916 -0.561211 -0.053901 0.411765 0.804305
  31 -4.068343 -3.940688 27.238377 -0.455305 -0.882508 -0.117801 0.490196 0.753425
  31 -4.071033 -4.213997 29.175771 -0.466726 -0.883949 -0.028302 0.490196 0.800391
HEV_leg_&_glove.bmp
  31 -6.228340 -3.113903 29.391918 -0.825916 -0.561211 -0.053901 0.411765 0.804305
  31 -4.618939 -3.510936 26.037936 -0.455305 -0.882508 -0.117801 0.466667 0.722114
  31 -4.068343 -3.940688 27.238377 -0.455305 -0.882508 -0.117801 0.490196 0.753425
HEV_leg_&_glove.bmp
  31 -6.228340 -3.113903 29.391918 -0.825916 -0.561211 -0.053901 0.411765 0.804305
  31 -5.938408 -2.742193 25.286181 -0.819981 -0.561287 -0.112197 0.411765 0.706458
  31 -4.618939 -3.510936 26.037936 -0.455305 -0.882508 -0.117801 0.466667 0.722114
HEV_leg_&_glove.bmp
  31 -6.228340 -3.113903 29.391918 -0.825916 -0.561211 -0.053901 0.411765 0.804305
  31 -6.186943 -2.523856 26.897318 -0.935998 -0.338999 -0.094800 0.396078 0.741683
  31 -5.938408 -2.742193 25.286181 -0.819981 -0.561287 -0.112197 0.411765 0.706458
HEV_leg_&_glove.bmp
  31 -6.228340 -3.113903 29.391918 -0.825916 -0.561211 -0.053901 0.411765 0.804305
  31 -6.350921 -2.471020 28.273806 -0.946083 -0.316294 -0.069899 0.388235 0.772994
  31 -6.186943 -2.523856 26.897318 -0.935998 -0.338999 -0.094800 0.396078 0.741683
HEV_leg_&_glove.bmp
  31 -6.228340 -3.113903 29.391918 -0.825916 -0.561211 -0.053901 0.411765 0.804305
  31 -6.457693 -2.398166 29.230619 -0.946083 -0.316294 -0.069899 0.388235 0.800391
  31 -6.350921 -2.471020 28.273806 -0.946083 -0.316294 -0.069899 0.388235 0.772994
HEV_leg_&_glove.bmp
  28 6.228163 -3.123646 29.402138 0.827768 -0.558379 -0.054898 0.411765 0.804305
  28 4.060859 -4.223715 29.186170 0.466799 -0.883898 -0.028700 0.490196 0.800391
  28 4.058163 -3.950405 27.248776 0.454294 -0.883189 -0.116599 0.490196 0.753425
HEV_leg_&_glove.bmp
  28 6.228163 -3.123646 29.402138 0.827768 -0.558379 -0.054898 0.411765 0.804305
  28 6.010301 -3.008974 37.026519 0.698492 -0.643393 0.313296 0.411765 0.988258
  28 4.060859 -4.223715 29.186170 0.466799 -0.883898 -0.028700 0.490196 0.800391
HEV_leg_&_glove.bmp
  28 6.228163 -3.123646 29.402138 0.827768 -0.558379 -0.054898 0.411765 0.804305
  28 6.578471 -2.196003 33.885682 0.916638 -0.399717 0.000500 0.372549 0.909980
  28 6.010301 -3.008974 37.026519 0.698492 -0.643393 0.313296 0.411765 0.988258
HEV_leg_&_glove.bmp
  28 6.228163 -3.123646 29.402138 0.827768 -0.558379 -0.054898 0.411765 0.804305
  28 6.521316 -2.279483 32.908254 0.948900 -0.315400 -0.010600 0.380392 0.884540
  28 6.578471 -2.196003 33.885682 0.916638 -0.399717 0.000500 0.372549 0.909980
HEV_leg_&_glove.bmp
  28 6.228163 -3.123646 29.402138 0.827768 -0.558379 -0.054898 0.411765 0.804305
  28 6.507510 -2.322523 31.538927 0.948900 -0.315400 -0.010600 0.380392 0.855186
  28 6.521316 -2.279483 32.908254 0.948900 -0.315400 -0.010600 0.380392 0.884540
HEV_leg_&_glove.bmp
  28 6.228163 -3.123646 29.402138 0.827768 -0.558379 -0.054898 0.411765 0.804305
  28 6.471147 -2.365110 30.600171 0.948900 -0.315400 -0.010600 0.388235 0.827789
  28 6.507510 -2.322523 31.538927 0.948900 -0.315400 -0.010600 0.380392 0.855186
HEV_leg_&_glove.bmp
  28 6.228163 -3.123646 29.402138 0.827768 -0.558379 -0.054898 0.411765 0.804305
  28 6.437319 -2.418088 29.231430 0.944133 -0.321512 -0.072403 0.388235 0.800391
  28 6.471147 -2.365110 30.600171 0.948900 -0.315400 -0.010600 0.388235 0.827789
HEV_leg_&_glove.bmp
  28 6.228163 -3.123646 29.402138 0.827768 -0.558379 -0.054898 0.411765 0.804305
  28 6.340741 -2.480733 28.284198 0.944133 -0.321512 -0.072403 0.388235 0.772994
  28 6.437319 -2.418088 29.231430 0.944133 -0.321512 -0.072403 0.388235 0.800391
HEV_leg_&_glove.bmp
  28 6.228163 -3.123646 29.402138 0.827768 -0.558379 -0.054898 0.411765 0.804305
  28 6.186783 -2.523602 26.907296 0.944133 -0.321512 -0.072403 0.396078 0.741683
  28 6.340741 -2.480733 28.284198 0.944133 -0.321512 -0.072403 0.388235 0.772994
HEV_leg_&_glove.bmp
  28 6.228163 -3.123646 29.402138 0.827768 -0.558379 -0.054898 0.411765 0.804305
  28 5.938219 -2.751936 25.296402 0.823994 -0.555996 -0.109099 0.411765 0.706458
  28 6.186783 -2.523602 26.907296 0.944133 -0.321512 -0.072403 0.396078 0.741683
HEV_leg_&_glove.bmp
  28 6.228163 -3.123646 29.402138 0.827768 -0.558379 -0.054898 0.411765 0.804305
  28 4.618804 -3.500688 26.047678 0.454294 -0.883189 -0.116599 0.466667 0.722114
  28 5.938219 -2.751936 25.296402 0.823994 -0.555996 -0.109099 0.411765 0.706458
HEV_leg_&_glove.bmp
  28 6.228163 -3.123646 29.402138 0.827768 -0.558379 -0.054898 0.411765 0.804305
  28 4.058163 -3.950405 27.248776 0.454294 -0.883189 -0.116599 0.490196 0.753425
  28 4.618804 -3.500688 26.047678 0.454294 -0.883189 -0.116599 0.466667 0.722114
HEV_leg_&_glove.bmp
  28 3.653966 -3.599117 36.781531 -0.225292 -0.396486 0.889968 0.505882 0.984344
  28 1.383441 -2.760792 36.050417 -0.558405 -0.341303 0.756106 0.600000 0.964775
  28 3.414175 -4.339310 36.343337 -0.495700 -0.645899 0.580599 0.513725 0.972603
HEV_leg_&_glove.bmp
  28 3.414175 -4.339310 36.343337 -0.495700 -0.645899 0.580599 0.513725 0.972603
  28 1.383441 -2.760792 36.050417 -0.558405 -0.341303 0.756106 0.600000 0.964775
  28 1.064224 -3.141338 35.584922 -0.736988 -0.559790 0.378793 0.600000 0.953033
HEV_leg_&_glove.bmp
  28 1.383441 -2.760792 36.050417 -0.558405 -0.341303 0.756106 0.600000 0.964775
  28 0.493645 -0.128109 35.622232 -0.767755 -0.022099 0.640362 0.717647 0.956947
  28 1.064224 -3.141338 35.584922 -0.736988 -0.559790 0.378793 0.600000 0.953033
HEV_leg_&_glove.bmp
  28 1.064224 -3.141338 35.584922 -0.736988 -0.559790 0.378793 0.600000 0.953033
  28 0.493645 -0.128109 35.622232 -0.767755 -0.022099 0.640362 0.717647 0.956947
  28 0.044365 -0.129830 35.089836 -0.941365 -0.000800 0.337388 0.717647 0.941292
HEV_leg_&_glove.bmp
  28 0.493645 -0.128109 35.622232 -0.767755 -0.022099 0.640362 0.717647 0.956947
  28 1.402675 2.541831 35.682142 -0.605904 0.377802 0.700104 0.858824 0.956947
  28 0.044365 -0.129830 35.089836 -0.941365 -0.000800 0.337388 0.717647 0.941292
HEV_leg_&_glove.bmp
  28 0.044365 -0.129830 35.089836 -0.941365 -0.000800 0.337388 0.717647 0.941292
  28 1.402675 2.541831 35.682142 -0.605904 0.377802 0.700104 0.858824 0.956947
  28 1.084458 2.899862 35.148802 -0.809723 0.517315 0.277008 0.866667 0.945205
HEV_leg_&_glove.bmp
  28 1.402675 2.541831 35.682142 -0.605904 0.377802 0.700104 0.858824 0.956947
  28 3.408690 4.218344 35.726943 -0.505413 0.767821 0.393711 0.992157 0.956947
  28 1.084458 2.899862 35.148802 -0.809723 0.517315 0.277008 0.866667 0.945205
HEV_leg_&_glove.bmp
  28 1.084458 2.899862 35.148802 -0.809723 0.517315 0.277008 0.866667 0.945205
  28 3.408690 4.218344 35.726943 -0.505413 0.767821 0.393711 0.992157 0.956947
  28 1.175627 2.704427 28.308912 -0.756513 0.651712 -0.054401 0.858824 0.776908
HEV_leg_&_glove.bmp
  28 3.408690 4.218344 35.726943 -0.505413 0.767821 0.393711 0.992157 0.956947
  28 3.553574 3.934322 28.538102 -0.440911 0.894023 -0.079502 0.992157 0.784736
  28 1.175627 2.704427 28.308912 -0.756513 0.651712 -0.054401 0.858824 0.776908
HEV_leg_&_glove.bmp
  28 1.175627 2.704427 28.308912 -0.756513 0.651712 -0.054401 0.858824 0.776908
  28 3.553574 3.934322 28.538102 -0.440911 0.894023 -0.079502 0.992157 0.784736
  28 1.359982 2.242129 22.854447 -0.592840 0.799955 -0.092806 0.850980 0.647750
HEV_leg_&_glove.bmp
  28 3.553574 3.934322 28.538102 -0.440911 0.894023 -0.079502 0.992157 0.784736
  28 3.537133 3.738194 27.042454 -0.145901 0.982709 -0.114001 0.992157 0.745597
  28 1.359982 2.242129 22.854447 -0.592840 0.799955 -0.092806 0.850980 0.647750
HEV_leg_&_glove.bmp
  28 1.359982 2.242129 22.854447 -0.592840 0.799955 -0.092806 0.850980 0.647750
  28 3.537133 3.738194 27.042454 -0.145901 0.982709 -0.114001 0.992157 0.745597
  28 3.461340 3.244449 22.743772 0.240903 0.964111 -0.111601 0.992157 0.643836
HEV_leg_&_glove.bmp
  31 -3.537503 3.748183 27.042222 0.149403 0.982321 -0.112802 0.992157 0.745597
  31 -3.553889 3.924317 28.538354 0.442521 0.893342 -0.078204 0.992157 0.784736
  31 -1.350511 2.242396 22.864619 0.593985 0.799279 -0.091298 0.850980 0.647750
HEV_leg_&_glove.bmp
  31 -1.350511 2.242396 22.864619 0.593985 0.799279 -0.091298 0.850980 0.647750
  31 -3.553889 3.924317 28.538354 0.442521 0.893342 -0.078204 0.992157 0.784736
  31 -1.175941 2.694427 28.309157 0.755883 0.652485 -0.053899 0.858824 0.776908
HEV_leg_&_glove.bmp
  31 -3.553889 3.924317 28.538354 0.442521 0.893342 -0.078204 0.992157 0.784736
  31 -3.418861 4.228062 35.716543 0.505406 0.769208 0.391004 0.992157 0.956947
  31 -1.175941 2.694427 28.309157 0.755883 0.652485 -0.053899 0.858824 0.776908
HEV_leg_&_glove.bmp
  31 -1.175941 2.694427 28.309157 0.755883 0.652485 -0.053899 0.858824 0.776908
  31 -3.418861 4.228062 35.716543 0.505406 0.769208 0.391004 0.992157 0.956947
  31 -1.074580 2.889650 35.139223 0.809941 0.518726 0.273714 0.866667 0.945205
HEV_leg_&_glove.bmp
  31 -3.418861 4.228062 35.716543 0.505406 0.769208 0.391004 0.992157 0.956947
  31 -1.402794 2.531588 35.672391 0.610468 0.381580 0.694064 0.858824 0.956947
  31 -1.074580 2.889650 35.139223 0.809941 0.518726 0.273714 0.866667 0.945205
HEV_leg_&_glove.bmp
  31 -1.074580 2.889650 35.139223 0.809941 0.518726 0.273714 0.866667 0.945205
  31 -1.402794 2.531588 35.672391 0.610468 0.381580 0.694064 0.858824 0.956947
  31 -0.064651 -0.139887 35.089731 0.943103 -0.000500 0.332501 0.717647 0.941292
HEV_leg_&_glove.bmp
  31 -1.402794 2.531588 35.672391 0.610468 0.381580 0.694064 0.858824 0.956947
  31 -0.483786 -0.128323 35.612410 0.772315 -0.023301 0.634812 0.717647 0.956947
  31 -0.064651 -0.139887 35.089731 0.943103 -0.000500 0.332501 0.717647 0.941292
HEV_leg_&_glove.bmp
  31 -0.064651 -0.139887 35.089731 0.943103 -0.000500 0.332501 0.717647 0.941292
  31 -0.483786 -0.128323 35.612410 0.772315 -0.023301 0.634812 0.717647 0.956947
  31 -1.084502 -3.151397 35.584820 0.737106 -0.560505 0.377503 0.600000 0.953033
HEV_leg_&_glove.bmp
  31 -0.483786 -0.128323 35.612410 0.772315 -0.023301 0.634812 0.717647 0.956947
  31 -1.403520 -2.781090 36.040562 0.559800 -0.345200 0.753300 0.600000 0.964775
  31 -1.084502 -3.151397 35.584820 0.737106 -0.560505 0.377503 0.600000 0.953033
HEV_leg_&_glove.bmp
  31 -1.084502 -3.151397 35.584820 0.737106 -0.560505 0.377503 0.600000 0.953033
  31 -1.403520 -2.781090 36.040562 0.559800 -0.345200 0.753300 0.600000 0.964775
  31 -3.414477 -4.339318 36.343345 0.496580 -0.648375 0.577077 0.513725 0.972603
HEV_leg_&_glove.bmp
  31 -1.403520 -2.781090 36.040562 0.559800 -0.345200 0.753300 0.600000 0.964775
  31 -3.654070 -3.609363 36.771787 0.224091 -0.406885 0.885566 0.505882 0.984344
  31 -3.414477 -4.339318 36.343345 0.496580 -0.648375 0.577077 0.513725 0.972603
HEV_leg_&_glove.bmp
  31 -3.454404 3.164583 22.335651 0.000700 0.894327 -0.447413 0.992157 0.632094
  31 -1.403260 2.182355 22.454970 0.602283 0.676380 -0.423988 0.850980 0.636008
  31 -3.461966 2.828473 21.673327 0.000700 0.894327 -0.447413 0.992157 0.612524
HEV_leg_&_glove.bmp
  31 -3.461966 2.828473 21.673327 0.000700 0.894327 -0.447413 0.992157 0.612524
  31 -1.403260 2.182355 22.454970 0.602283 0.676380 -0.423988 0.850980 0.636008
  31 -1.621042 1.945597 21.786601 0.770782 0.488489 -0.408991 0.843137 0.616438
HEV_leg_&_glove.bmp
  31 -1.403260 2.182355 22.454970 0.602283 0.676380 -0.423988 0.850980 0.636008
  31 -0.540779 -0.149846 22.716251 0.920330 0.073302 -0.384213 0.709804 0.639922
  31 -1.621042 1.945597 21.786601 0.770782 0.488489 -0.408991 0.843137 0.616438
HEV_leg_&_glove.bmp
  31 -1.621042 1.945597 21.786601 0.770782 0.488489 -0.408991 0.843137 0.616438
  31 -0.540779 -0.149846 22.716251 0.920330 0.073302 -0.384213 0.709804 0.639922
  31 -0.838635 -0.147632 22.010718 0.913464 -0.149694 -0.378385 0.709804 0.620352
HEV_leg_&_glove.bmp
  31 -0.540779 -0.149846 22.716251 0.920330 0.073302 -0.384213 0.709804 0.639922
  31 -1.418476 -2.516436 22.978164 0.741384 -0.548188 -0.387092 0.600000 0.647750
  31 -0.838635 -0.147632 22.010718 0.913464 -0.149694 -0.378385 0.709804 0.620352
HEV_leg_&_glove.bmp
  31 -0.838635 -0.147632 22.010718 0.913464 -0.149694 -0.378385 0.709804 0.620352
  31 -1.418476 -2.516436 22.978164 0.741384 -0.548188 -0.387092 0.600000 0.647750
  31 -1.616779 -2.274240 22.258568 0.569780 -0.719275 -0.397486 0.600000 0.628180
HEV_leg_&_glove.bmp
  31 -1.418476 -2.516436 22.978164 0.741384 -0.548188 -0.387092 0.600000 0.647750
  31 -3.467942 -3.499049 23.096327 0.134803 -0.901518 -0.411209 0.505882 0.651663
  31 -1.616779 -2.274240 22.258568 0.569780 -0.719275 -0.397486 0.600000 0.628180
HEV_leg_&_glove.bmp
  31 -1.616779 -2.274240 22.258568 0.569780 -0.719275 -0.397486 0.600000 0.628180
  31 -3.467942 -3.499049 23.096327 0.134803 -0.901518 -0.411209 0.505882 0.651663
  31 -3.466181 -3.156776 22.357784 -0.134602 -0.901914 -0.410406 0.505882 0.628180
HEV_leg_&_glove.bmp
  31 -3.467942 -3.499049 23.096327 0.134803 -0.901518 -0.411209 0.505882 0.651663
  31 -5.549428 -2.516428 22.996483 -0.659312 -0.638011 -0.397807 0.411765 0.647750
  31 -3.466181 -3.156776 22.357784 -0.134602 -0.901914 -0.410406 0.505882 0.628180
HEV_leg_&_glove.bmp
  31 -3.466181 -3.156776 22.357784 -0.134602 -0.901914 -0.410406 0.505882 0.628180
  31 -5.549428 -2.516428 22.996483 -0.659312 -0.638011 -0.397807 0.411765 0.647750
  31 -5.337422 -2.283504 22.264225 -0.659312 -0.638011 -0.397807 0.411765 0.628180
HEV_leg_&_glove.bmp
  31 -5.549428 -2.516428 22.996483 -0.659312 -0.638011 -0.397807 0.411765 0.647750
  31 -6.099735 -0.160465 22.029735 -0.921196 -0.039400 -0.387098 0.294118 0.620352
  31 -5.337422 -2.283504 22.264225 -0.659312 -0.638011 -0.397807 0.411765 0.628180
HEV_leg_&_glove.bmp
  28 6.109182 -0.170720 22.019790 0.922877 -0.040199 -0.382991 0.294118 0.620352
  28 5.539060 -2.526384 22.996882 0.660222 -0.639422 -0.394013 0.411765 0.647750
  28 5.337074 -2.283493 22.264210 0.660222 -0.639422 -0.394013 0.411765 0.628180
HEV_leg_&_glove.bmp
  28 5.337074 -2.283493 22.264210 0.660222 -0.639422 -0.394013 0.411765 0.628180
  28 5.539060 -2.526384 22.996882 0.660222 -0.639422 -0.394013 0.411765 0.647750
  28 3.465984 -3.166524 22.368012 0.134000 -0.902005 -0.410403 0.505882 0.628180
HEV_leg_&_glove.bmp
  28 5.539060 -2.526384 22.996882 0.660222 -0.639422 -0.394013 0.411765 0.647750
  28 3.457749 -3.508768 23.106728 -0.135099 -0.900794 -0.412697 0.505882 0.651663
  28 3.465984 -3.166524 22.368012 0.134000 -0.902005 -0.410403 0.505882 0.628180
HEV_leg_&_glove.bmp
  28 3.465984 -3.166524 22.368012 0.134000 -0.902005 -0.410403 0.505882 0.628180
  28 3.457749 -3.508768 23.106728 -0.135099 -0.900794 -0.412697 0.505882 0.651663
  28 1.616580 -2.283992 22.268802 -0.568088 -0.717884 -0.402391 0.600000 0.628180
HEV_leg_&_glove.bmp
  28 3.457749 -3.508768 23.106728 -0.135099 -0.900794 -0.412697 0.505882 0.651663
  28 1.398308 -2.516133 22.988503 -0.739907 -0.546404 -0.392403 0.600000 0.647750
  28 1.616580 -2.283992 22.268802 -0.568088 -0.717884 -0.402391 0.600000 0.628180
HEV_leg_&_glove.bmp
  28 1.616580 -2.283992 22.268802 -0.568088 -0.717884 -0.402391 0.600000 0.628180
  28 1.398308 -2.516133 22.988503 -0.739907 -0.546404 -0.392403 0.600000 0.647750
  28 0.838431 -0.157386 22.020954 -0.911879 -0.150196 -0.381991 0.709804 0.620352
HEV_leg_&_glove.bmp
  28 1.398308 -2.516133 22.988503 -0.739907 -0.546404 -0.392403 0.600000 0.647750
  28 0.550602 -0.149632 22.726073 -0.922577 0.073798 -0.378690 0.709804 0.639922
  28 0.838431 -0.157386 22.020954 -0.911879 -0.150196 -0.381991 0.709804 0.620352
HEV_leg_&_glove.bmp
  28 0.838431 -0.157386 22.020954 -0.911879 -0.150196 -0.381991 0.709804 0.620352
  28 0.550602 -0.149632 22.726073 -0.922577 0.073798 -0.378690 0.709804 0.639922
  28 1.620537 1.955357 21.776359 -0.773702 0.490902 -0.400501 0.843137 0.616438
HEV_leg_&_glove.bmp
  28 0.550602 -0.149632 22.726073 -0.922577 0.073798 -0.378690 0.709804 0.639922
  28 1.413077 2.182570 22.464789 -0.603988 0.680487 -0.414892 0.850980 0.636008
  28 1.620537 1.955357 21.776359 -0.773702 0.490902 -0.400501 0.843137 0.616438
HEV_leg_&_glove.bmp
  28 1.620537 1.955357 21.776359 -0.773702 0.490902 -0.400501 0.843137 0.616438
  28 1.413077 2.182570 22.464789 -0.603988 0.680487 -0.414892 0.850980 0.636008
  28 3.461806 2.838718 21.683072 -0.000400 0.895385 -0.445293 0.992157 0.612524
HEV_leg_&_glove.bmp
  28 1.413077 2.182570 22.464789 -0.603988 0.680487 -0.414892 0.850980 0.636008
  28 3.464219 3.164802 22.345464 -0.000400 0.895385 -0.445293 0.992157 0.632094
  28 3.461806 2.838718 21.683072 -0.000400 0.895385 -0.445293 0.992157 0.612524
HEV_leg_&_glove.bmp
  31 -6.219326 2.739127 29.030873 -0.835888 0.545192 -0.063699 0.137255 0.796477
  31 -6.497609 1.939021 29.065340 -0.943488 0.322096 -0.077999 0.184314 0.800391
  31 -6.521583 1.982272 30.444490 -0.944922 0.326308 -0.025401 0.176471 0.827789
HEV_leg_&_glove.bmp
  31 -6.219326 2.739127 29.030873 -0.835888 0.545192 -0.063699 0.137255 0.796477
  31 -6.421179 1.866561 28.127999 -0.943488 0.322096 -0.077999 0.184314 0.772994
  31 -6.497609 1.939021 29.065340 -0.943488 0.322096 -0.077999 0.184314 0.800391
HEV_leg_&_glove.bmp
  31 -6.219326 2.739127 29.030873 -0.835888 0.545192 -0.063699 0.137255 0.796477
  31 -6.297368 1.813848 26.760815 -0.943488 0.322096 -0.077999 0.184314 0.741683
  31 -6.421179 1.866561 28.127999 -0.943488 0.322096 -0.077999 0.184314 0.772994
HEV_leg_&_glove.bmp
  31 -6.219326 2.739127 29.030873 -0.835888 0.545192 -0.063699 0.137255 0.796477
  31 -5.943724 2.429446 25.291470 -0.826137 0.553825 -0.103805 0.145098 0.702544
  31 -6.297368 1.813848 26.760815 -0.943488 0.322096 -0.077999 0.184314 0.741683
HEV_leg_&_glove.bmp
  31 -6.219326 2.739127 29.030873 -0.835888 0.545192 -0.063699 0.137255 0.796477
  31 -4.618938 3.171492 26.056917 -0.449493 0.886386 -0.110798 0.058824 0.722114
  31 -5.943724 2.429446 25.291470 -0.826137 0.553825 -0.103805 0.145098 0.702544
HEV_leg_&_glove.bmp
  31 -6.219326 2.739127 29.030873 -0.835888 0.545192 -0.063699 0.137255 0.796477
  31 -4.056087 3.796498 28.682782 -0.452287 0.889176 -0.069298 0.019608 0.788650
  31 -4.618938 3.171492 26.056917 -0.449493 0.886386 -0.110798 0.058824 0.722114
HEV_leg_&_glove.bmp
  31 -6.219326 2.739127 29.030873 -0.835888 0.545192 -0.063699 0.137255 0.796477
  31 -6.000880 3.042297 36.590693 -0.598705 0.707707 0.375104 0.121569 0.980431
  31 -4.056087 3.796498 28.682782 -0.452287 0.889176 -0.069298 0.019608 0.788650
HEV_leg_&_glove.bmp
  31 -6.219326 2.739127 29.030873 -0.835888 0.545192 -0.063699 0.137255 0.796477
  31 -6.548885 2.141617 33.731626 -0.907714 0.419007 -0.022100 0.176471 0.909980
  31 -6.000880 3.042297 36.590693 -0.598705 0.707707 0.375104 0.121569 0.980431
HEV_leg_&_glove.bmp
  31 -6.219326 2.739127 29.030873 -0.835888 0.545192 -0.063699 0.137255 0.796477
  31 -6.537773 2.024677 31.373596 -0.944922 0.326308 -0.025401 0.176471 0.855186
  31 -6.548885 2.141617 33.731626 -0.907714 0.419007 -0.022100 0.176471 0.909980
HEV_leg_&_glove.bmp
  31 -6.219326 2.739127 29.030873 -0.835888 0.545192 -0.063699 0.137255 0.796477
  31 -6.521583 1.982272 30.444490 -0.944922 0.326308 -0.025401 0.176471 0.827789
  31 -6.537773 2.024677 31.373596 -0.944922 0.326308 -0.025401 0.176471 0.855186
HEV_leg_&_glove.bmp
  28 6.229110 2.719358 29.041162 0.838944 0.540628 -0.062403 0.137255 0.796477
  28 6.538738 2.141901 33.741776 0.909061 0.416082 -0.021999 0.176471 0.909980
  28 6.527594 2.014964 31.383988 0.938932 0.343111 -0.026101 0.176471 0.855186
HEV_leg_&_glove.bmp
  28 6.229110 2.719358 29.041162 0.838944 0.540628 -0.062403 0.137255 0.796477
  28 6.020511 3.022257 36.590813 0.600182 0.705878 0.376189 0.121569 0.980431
  28 6.538738 2.141901 33.741776 0.909061 0.416082 -0.021999 0.176471 0.909980
HEV_leg_&_glove.bmp
  28 6.229110 2.719358 29.041162 0.838944 0.540628 -0.062403 0.137255 0.796477
  28 4.075943 3.806686 28.692179 0.451813 0.889425 -0.069202 0.019608 0.788650
  28 6.020511 3.022257 36.590813 0.600182 0.705878 0.376189 0.121569 0.980431
HEV_leg_&_glove.bmp
  28 6.229110 2.719358 29.041162 0.838944 0.540628 -0.062403 0.137255 0.796477
  28 4.618591 3.171502 26.056904 0.449493 0.886386 -0.110798 0.058824 0.722114
  28 4.075943 3.806686 28.692179 0.451813 0.889425 -0.069202 0.019608 0.788650
HEV_leg_&_glove.bmp
  28 6.229110 2.719358 29.041162 0.838944 0.540628 -0.062403 0.137255 0.796477
  28 5.943376 2.429458 25.291453 0.826688 0.552891 -0.104398 0.145098 0.702544
  28 4.618591 3.171502 26.056904 0.449493 0.886386 -0.110798 0.058824 0.722114
HEV_leg_&_glove.bmp
  28 6.229110 2.719358 29.041162 0.838944 0.540628 -0.062403 0.137255 0.796477
  28 6.317023 1.813802 26.760451 0.942273 0.322691 -0.089397 0.184314 0.741683
  28 5.943376 2.429458 25.291453 0.826688 0.552891 -0.104398 0.145098 0.702544
HEV_leg_&_glove.bmp
  28 6.229110 2.719358 29.041162 0.838944 0.540628 -0.062403 0.137255 0.796477
  28 6.430789 1.846551 28.128291 0.942273 0.322691 -0.089397 0.184314 0.772994
  28 6.317023 1.813802 26.760451 0.942273 0.322691 -0.089397 0.184314 0.741683
HEV_leg_&_glove.bmp
  28 6.229110 2.719358 29.041162 0.838944 0.540628 -0.062403 0.137255 0.796477
  28 6.497422 1.929278 29.075559 0.942273 0.322691 -0.089397 0.184314 0.800391
  28 6.430789 1.846551 28.128291 0.942273 0.322691 -0.089397 0.184314 0.772994
HEV_leg_&_glove.bmp
  28 6.229110 2.719358 29.041162 0.838944 0.540628 -0.062403 0.137255 0.796477
  28 6.521400 1.972530 30.454709 0.938932 0.343111 -0.026101 0.176471 0.827789
  28 6.497422 1.929278 29.075559 0.942273 0.322691 -0.089397 0.184314 0.800391
HEV_leg_&_glove.bmp
  28 6.229110 2.719358 29.041162 0.838944 0.540628 -0.062403 0.137255 0.796477
  28 6.527594 2.014964 31.383988 0.938932 0.343111 -0.026101 0.176471 0.855186
  28 6.521400 1.972530 30.454709 0.938932 0.343111 -0.026101 0.176471 0.827789
HEV_leg_&_glove.bmp
  32 -3.371685 5.117804 9.699511 -0.005400 0.989519 -0.144303 0.992157 0.324853
  32 -1.506355 4.011337 9.596192 0.762127 0.634322 -0.129605 0.909804 0.324853
  32 -3.338653 4.766759 7.270483 -0.011199 0.995861 -0.090196 0.992157 0.268102
HEV_leg_&_glove.bmp
  32 -3.338653 4.766759 7.270483 -0.011199 0.995861 -0.090196 0.992157 0.268102
  32 -1.506355 4.011337 9.596192 0.762127 0.634322 -0.129605 0.909804 0.324853
  32 -1.854923 3.843180 6.646748 0.843224 0.535415 0.048001 0.913725 0.252446
HEV_leg_&_glove.bmp
  32 -1.506355 4.011337 9.596192 0.762127 0.634322 -0.129605 0.909804 0.324853
  32 -1.071310 1.626920 6.822081 0.998132 -0.010401 -0.060202 0.811765 0.256360
  32 -1.854923 3.843180 6.646748 0.843224 0.535415 0.048001 0.913725 0.252446
HEV_leg_&_glove.bmp
  32 -1.854923 3.843180 6.646748 0.843224 0.535415 0.048001 0.913725 0.252446
  32 -1.071310 1.626920 6.822081 0.998132 -0.010401 -0.060202 0.811765 0.256360
  32 -1.074105 1.608890 5.251550 0.983738 -0.044502 0.174007 0.811765 0.217221
HEV_leg_&_glove.bmp
  32 -1.071310 1.626920 6.822081 0.998132 -0.010401 -0.060202 0.811765 0.256360
  32 -1.791463 -0.578195 5.464751 0.817118 -0.547712 0.179804 0.662745 0.225049
  32 -1.074105 1.608890 5.251550 0.983738 -0.044502 0.174007 0.811765 0.217221
HEV_leg_&_glove.bmp
  32 -1.074105 1.608890 5.251550 0.983738 -0.044502 0.174007 0.811765 0.217221
  32 -1.791463 -0.578195 5.464751 0.817118 -0.547712 0.179804 0.662745 0.225049
  33 -1.622979 -1.059462 4.026398 0.797518 -0.543913 0.261006 0.647059 0.185910
HEV_leg_&_glove.bmp
  32 -1.791463 -0.578195 5.464751 0.817118 -0.547712 0.179804 0.662745 0.225049
  32 -2.151047 -0.802208 5.475603 0.528387 -0.783382 0.327292 0.627451 0.227006
  33 -1.622979 -1.059462 4.026398 0.797518 -0.543913 0.261006 0.647059 0.185910
HEV_leg_&_glove.bmp
  33 -1.622979 -1.059462 4.026398 0.797518 -0.543913 0.261006 0.647059 0.185910
  32 -2.151047 -0.802208 5.475603 0.528387 -0.783382 0.327292 0.627451 0.227006
  33 -3.322978 -2.169673 4.636017 0.046299 -0.821386 0.568490 0.521569 0.201566
HEV_leg_&_glove.bmp
  32 -2.151047 -0.802208 5.475603 0.528387 -0.783382 0.327292 0.627451 0.227006
  32 -3.230135 -1.476313 5.528051 0.026599 -0.788087 0.614989 0.521569 0.225049
  33 -3.322978 -2.169673 4.636017 0.046299 -0.821386 0.568490 0.521569 0.201566
HEV_leg_&_glove.bmp
  33 -3.322978 -2.169673 4.636017 0.046299 -0.821386 0.568490 0.521569 0.201566
  32 -3.230135 -1.476313 5.528051 0.026599 -0.788087 0.614989 0.521569 0.225049
  32 -4.361457 -0.833770 5.485058 -0.463005 -0.756608 0.461705 0.423529 0.227006
HEV_leg_&_glove.bmp
  33 -1.452980 0.720976 2.757013 0.991333 -0.037501 0.125904 0.196078 0.066536
  33 -1.152980 -4.138754 1.975334 0.918548 -0.126507 0.374520 0.419608 0.058708
  33 -1.072981 -4.108547 1.375345 0.979681 -0.137197 0.146297 0.423529 0.035225
HEV_leg_&_glove.bmp
  33 -1.072981 -4.108547 1.375345 0.979681 -0.137197 0.146297 0.423529 0.035225
  33 -1.152980 -4.138754 1.975334 0.918548 -0.126507 0.374520 0.419608 0.058708
  33 -1.542980 -5.198826 2.184969 0.841719 -0.312607 0.440210 0.470588 0.072407
HEV_leg_&_glove.bmp
  33 -1.152980 -4.138754 1.975334 0.918548 -0.126507 0.374520 0.419608 0.058708
  33 -1.572980 -4.458917 2.445224 0.555189 -0.218596 0.802484 0.435294 0.080235
  33 -1.542980 -5.198826 2.184969 0.841719 -0.312607 0.440210 0.470588 0.072407
HEV_leg_&_glove.bmp
  33 -1.542980 -5.198826 2.184969 0.841719 -0.312607 0.440210 0.470588 0.072407
  33 -1.572980 -4.458917 2.445224 0.555189 -0.218596 0.802484 0.435294 0.080235
  33 -2.192980 -5.229041 2.804959 0.515388 -0.109898 0.849881 0.466667 0.097847
HEV_leg_&_glove.bmp
  33 -1.572980 -4.458917 2.445224 0.555189 -0.218596 0.802484 0.435294 0.080235
  33 -2.272980 -4.059041 2.805363 0.305409 -0.273408 0.912126 0.419608 0.093933
  33 -2.192980 -5.229041 2.804959 0.515388 -0.109898 0.849881 0.466667 0.097847
HEV_leg_&_glove.bmp
  33 -2.192980 -5.229041 2.804959 0.515388 -0.109898 0.849881 0.466667 0.097847
  33 -2.272980 -4.059041 2.805363 0.305409 -0.273408 0.912126 0.419608 0.093933
  33 -3.262979 -4.339103 2.985267 0.007400 -0.220608 0.975334 0.427451 0.127202
HEV_leg_&_glove.bmp
  33 -2.272980 -4.059041 2.805363 0.305409 -0.273408 0.912126 0.419608 0.093933
  33 -3.272979 -3.819190 3.235447 0.024001 -0.442719 0.896339 0.400000 0.129159
  33 -3.262979 -4.339103 2.985267 0.007400 -0.220608 0.975334 0.427451 0.127202
HEV_leg_&_glove.bmp
  33 -3.262979 -4.339103 2.985267 0.007400 -0.220608 0.975334 0.427451 0.127202
  33 -3.272979 -3.819190 3.235447 0.024001 -0.442719 0.896339 0.400000 0.129159
  33 -4.302980 -4.109038 2.795348 -0.253005 -0.280805 0.925817 0.423529 0.095890
HEV_leg_&_glove.bmp
  33 -3.272979 -3.819190 3.235447 0.024001 -0.442719 0.896339 0.400000 0.129159
  33 -4.172980 -3.729120 3.035479 -0.319016 -0.433022 0.843042 0.396078 0.097847
  33 -4.302980 -4.109038 2.795348 -0.253005 -0.280805 0.925817 0.423529 0.095890
HEV_leg_&_glove.bmp
  33 -4.302980 -4.109038 2.795348 -0.253005 -0.280805 0.925817 0.423529 0.095890
  33 -4.172980 -3.729120 3.035479 -0.319016 -0.433022 0.843042 0.396078 0.097847
  33 -4.452979 -3.439124 3.045579 -0.259209 -0.350111 0.900129 0.380392 0.095890
HEV_leg_&_glove.bmp
  33 -5.912981 -2.708551 1.385833 -0.960513 -0.008500 0.278104 0.356863 0.029354
  33 -5.652980 -4.198754 1.975318 -0.933090 -0.114899 0.340796 0.423529 0.060665
  33 -5.592980 -1.478868 2.306257 -0.960513 -0.008500 0.278104 0.298039 0.058708
HEV_leg_&_glove.bmp
  33 -5.592980 -1.478868 2.306257 -0.960513 -0.008500 0.278104 0.298039 0.058708
  33 -5.652980 -4.198754 1.975318 -0.933090 -0.114899 0.340796 0.423529 0.060665
  33 -4.992979 -1.039362 3.736409 -0.654995 -0.228698 0.720194 0.270588 0.105675
HEV_leg_&_glove.bmp
  33 -5.652980 -4.198754 1.975318 -0.933090 -0.114899 0.340796 0.423529 0.060665
  33 -5.342980 -4.708917 2.445141 -0.478514 -0.264408 0.837325 0.447059 0.080235
  33 -4.992979 -1.039362 3.736409 -0.654995 -0.228698 0.720194 0.270588 0.105675
HEV_leg_&_glove.bmp
  33 -4.992979 -1.039362 3.736409 -0.654995 -0.228698 0.720194 0.270588 0.105675
  33 -5.342980 -4.708917 2.445141 -0.478514 -0.264408 0.837325 0.447059 0.080235
  33 -4.712979 -2.339238 3.375959 -0.233411 -0.320214 0.918141 0.329412 0.101761
HEV_leg_&_glove.bmp
  33 -5.342980 -4.708917 2.445141 -0.478514 -0.264408 0.837325 0.447059 0.080235
  33 -4.452979 -3.439124 3.045579 -0.259209 -0.350111 0.900129 0.380392 0.095890
  33 -4.712979 -2.339238 3.375959 -0.233411 -0.320214 0.918141 0.329412 0.101761
HEV_leg_&_glove.bmp
  33 -4.712979 -2.339238 3.375959 -0.233411 -0.320214 0.918141 0.329412 0.101761
  33 -4.452979 -3.439124 3.045579 -0.259209 -0.350111 0.900129 0.380392 0.095890
  33 -4.392979 -2.629235 3.365859 -0.322790 -0.331089 0.886672 0.341176 0.103718
HEV_leg_&_glove.bmp
  33 -4.452979 -3.439124 3.045579 -0.259209 -0.350111 0.900129 0.380392 0.095890
  33 -4.282979 -3.179179 3.205669 -0.328005 -0.362605 0.872313 0.368627 0.099804
  33 -4.392979 -2.629235 3.365859 -0.322790 -0.331089 0.886672 0.341176 0.103718
HEV_leg_&_glove.bmp
  33 -4.392979 -2.629235 3.365859 -0.322790 -0.331089 0.886672 0.341176 0.103718
  33 -4.282979 -3.179179 3.205669 -0.328005 -0.362605 0.872313 0.368627 0.099804
  33 -3.302979 -2.789366 3.745803 0.029600 -0.406898 0.912994 0.349020 0.131115
HEV_leg_&_glove.bmp
  33 -4.282979 -3.179179 3.205669 -0.328005 -0.362605 0.872313 0.368627 0.099804
  33 -3.282979 -3.309276 3.485623 0.024001 -0.442719 0.896339 0.376471 0.129159
  33 -3.302979 -2.789366 3.745803 0.029600 -0.406898 0.912994 0.349020 0.131115
HEV_leg_&_glove.bmp
  33 -3.302979 -2.789366 3.745803 0.029600 -0.406898 0.912994 0.349020 0.131115
  33 -3.282979 -3.309276 3.485623 0.024001 -0.442719 0.896339 0.376471 0.129159
  33 -2.412979 -3.179179 3.205667 0.345677 -0.338578 0.875141 0.368627 0.099804
HEV_leg_&_glove.bmp
  29 3.338464 4.775679 7.281449 0.011000 0.995790 -0.090999 0.992157 0.268102
  29 1.844519 3.843213 6.646914 -0.843398 0.535299 0.046200 0.913725 0.252446
  29 1.505789 4.012373 9.586241 -0.762986 0.633188 -0.130097 0.909804 0.324853
HEV_leg_&_glove.bmp
  29 1.505789 4.012373 9.586241 -0.762986 0.633188 -0.130097 0.909804 0.324853
  29 1.844519 3.843213 6.646914 -0.843398 0.535299 0.046200 0.913725 0.252446
  29 1.081124 1.635806 6.832881 -0.998221 -0.010400 -0.058701 0.811765 0.256360
HEV_leg_&_glove.bmp
  29 1.844519 3.843213 6.646914 -0.843398 0.535299 0.046200 0.913725 0.252446
  29 1.073701 1.608892 5.251545 -0.983611 -0.043400 0.175002 0.811765 0.217221
  29 1.081124 1.635806 6.832881 -0.998221 -0.010400 -0.058701 0.811765 0.256360
HEV_leg_&_glove.bmp
  29 1.081124 1.635806 6.832881 -0.998221 -0.010400 -0.058701 0.811765 0.256360
  29 1.073701 1.608892 5.251545 -0.983611 -0.043400 0.175002 0.811765 0.217221
  29 1.791064 -0.578192 5.464744 -0.816905 -0.547603 0.181101 0.662745 0.225049
HEV_leg_&_glove.bmp
  29 1.073701 1.608892 5.251545 -0.983611 -0.043400 0.175002 0.811765 0.217221
  30 1.622576 -1.059456 4.016393 -0.797116 -0.544310 0.261405 0.647059 0.185910
  29 1.791064 -0.578192 5.464744 -0.816905 -0.547603 0.181101 0.662745 0.225049
HEV_leg_&_glove.bmp
  29 1.791064 -0.578192 5.464744 -0.816905 -0.547603 0.181101 0.662745 0.225049
  30 1.622576 -1.059456 4.016393 -0.797116 -0.544310 0.261405 0.647059 0.185910
  29 2.150648 -0.802204 5.475596 -0.526819 -0.783927 0.328511 0.627451 0.227006
HEV_leg_&_glove.bmp
  30 1.622576 -1.059456 4.016393 -0.797116 -0.544310 0.261405 0.647059 0.185910
  30 3.312579 -2.169667 4.636006 -0.044300 -0.821288 0.568792 0.521569 0.201566
  29 2.150648 -0.802204 5.475596 -0.526819 -0.783927 0.328511 0.627451 0.227006
HEV_leg_&_glove.bmp
  29 2.150648 -0.802204 5.475596 -0.526819 -0.783927 0.328511 0.627451 0.227006
  30 3.312579 -2.169667 4.636006 -0.044300 -0.821288 0.568792 0.521569 0.201566
  29 3.239736 -1.476337 5.527868 -0.022800 -0.787804 0.615503 0.521569 0.225049
HEV_leg_&_glove.bmp
  30 3.312579 -2.169667 4.636006 -0.044300 -0.821288 0.568792 0.521569 0.201566
  29 4.361058 -0.833762 5.485044 0.464807 -0.756111 0.460707 0.423529 0.227006
  29 3.239736 -1.476337 5.527868 -0.022800 -0.787804 0.615503 0.521569 0.225049
HEV_leg_&_glove.bmp
  29 3.410981 5.479347 12.511601 0.070702 0.909518 0.409608 0.992157 0.393346
  29 1.174053 4.189959 12.928533 -0.670123 0.705124 0.231808 0.905882 0.405088
  29 3.417740 4.997949 12.984371 -0.119297 0.740586 0.661287 0.992157 0.405088
HEV_leg_&_glove.bmp
  29 3.417740 4.997949 12.984371 -0.119297 0.740586 0.661287 0.992157 0.405088
  29 1.174053 4.189959 12.928533 -0.670123 0.705124 0.231808 0.905882 0.405088
  29 1.401449 3.959674 13.393463 -0.528003 0.582904 0.617604 0.905882 0.416830
HEV_leg_&_glove.bmp
  29 1.174053 4.189959 12.928533 -0.670123 0.705124 0.231808 0.905882 0.405088
  29 0.082903 1.438237 13.918241 -0.926446 0.178309 0.331517 0.788235 0.428571
  29 1.401449 3.959674 13.393463 -0.528003 0.582904 0.617604 0.905882 0.416830
HEV_leg_&_glove.bmp
  29 1.401449 3.959674 13.393463 -0.528003 0.582904 0.617604 0.905882 0.416830
  29 0.082903 1.438237 13.918241 -0.926446 0.178309 0.331517 0.788235 0.428571
  29 0.559243 1.469304 14.275362 -0.624405 0.392703 0.675206 0.796078 0.436399
HEV_leg_&_glove.bmp
  29 0.082903 1.438237 13.918241 -0.926446 0.178309 0.331517 0.788235 0.428571
  29 1.078449 -1.525589 16.469362 -0.807590 -0.478594 0.344596 0.647059 0.479452
  29 0.559243 1.469304 14.275362 -0.624405 0.392703 0.675206 0.796078 0.436399
HEV_leg_&_glove.bmp
  29 0.559243 1.469304 14.275362 -0.624405 0.392703 0.675206 0.796078 0.436399
  29 1.078449 -1.525589 16.469362 -0.807590 -0.478594 0.344596 0.647059 0.479452
  29 1.321928 -1.261218 16.623395 -0.472714 -0.067502 0.878627 0.647059 0.495108
HEV_leg_&_glove.bmp
  29 1.078449 -1.525589 16.469362 -0.807590 -0.478594 0.344596 0.647059 0.479452
  29 3.402191 -2.795834 16.881190 -0.000800 -0.825094 0.564996 0.505882 0.493151
  29 1.321928 -1.261218 16.623395 -0.472714 -0.067502 0.878627 0.647059 0.495108
HEV_leg_&_glove.bmp
  29 1.321928 -1.261218 16.623395 -0.472714 -0.067502 0.878627 0.647059 0.495108
  29 3.402191 -2.795834 16.881190 -0.000800 -0.825094 0.564996 0.505882 0.493151
  29 3.415897 -2.306800 17.012178 -0.001800 -0.259087 0.965852 0.505882 0.504892
HEV_leg_&_glove.bmp
  29 3.402191 -2.795834 16.881190 -0.000800 -0.825094 0.564996 0.505882 0.493151
  29 5.542677 -1.271947 16.631019 0.524987 0.041899 0.850078 0.380392 0.495108
  29 3.415897 -2.306800 17.012178 -0.001800 -0.259087 0.965852 0.505882 0.504892
HEV_leg_&_glove.bmp
  29 3.417740 4.997949 12.984371 -0.119297 0.740586 0.661287 0.000000 0.405088
  29 5.452056 3.950478 13.394081 0.438215 0.655622 0.614921 0.082353 0.416830
  29 3.410981 5.479347 12.511601 0.070702 0.909518 0.409608 0.000000 0.393346
HEV_leg_&_glove.bmp
  29 3.410981 5.479347 12.511601 0.070702 0.909518 0.409608 0.000000 0.393346
  29 5.452056 3.950478 13.394081 0.438215 0.655622 0.614921 0.082353 0.416830
  29 5.684589 4.179409 12.921197 0.730622 0.650519 0.207406 0.082353 0.405088
HEV_leg_&_glove.bmp
  29 5.452056 3.950478 13.394081 0.438215 0.655622 0.614921 0.082353 0.416830
  29 6.310020 1.472935 14.268540 0.619717 0.448112 0.644318 0.200000 0.436399
  29 5.684589 4.179409 12.921197 0.730622 0.650519 0.207406 0.082353 0.405088
HEV_leg_&_glove.bmp
  29 5.684589 4.179409 12.921197 0.730622 0.650519 0.207406 0.082353 0.405088
  29 6.310020 1.472935 14.268540 0.619717 0.448112 0.644318 0.200000 0.436399
  29 6.773827 1.427091 13.914023 0.939512 0.134501 0.315004 0.207843 0.428571
HEV_leg_&_glove.bmp
  29 6.310020 1.472935 14.268540 0.619717 0.448112 0.644318 0.200000 0.436399
  29 5.542677 -1.271947 16.631019 0.524987 0.041899 0.850078 0.380392 0.495108
  29 6.773827 1.427091 13.914023 0.939512 0.134501 0.315004 0.207843 0.428571
HEV_leg_&_glove.bmp
  29 6.773827 1.427091 13.914023 0.939512 0.134501 0.315004 0.207843 0.428571
  29 5.542677 -1.271947 16.631019 0.524987 0.041899 0.850078 0.380392 0.495108
  29 5.778909 -1.546644 16.457710 0.747586 -0.632989 0.201096 0.372549 0.479452
HEV_leg_&_glove.bmp
  29 5.542677 -1.271947 16.631019 0.524987 0.041899 0.850078 0.380392 0.495108
  29 3.402191 -2.795834 16.881190 -0.000800 -0.825094 0.564996 0.505882 0.493151
  29 5.778909 -1.546644 16.457710 0.747586 -0.632989 0.201096 0.372549 0.479452
HEV_leg_&_glove.bmp
  29 5.778909 -1.546644 16.457710 0.747586 -0.632989 0.201096 0.372549 0.479452
  29 3.402191 -2.795834 16.881190 -0.000800 -0.825094 0.564996 0.505882 0.493151
  29 5.249563 -1.682278 15.366657 0.466999 -0.872798 -0.141900 0.400000 0.452055
HEV_leg_&_glove.bmp
  29 3.402191 -2.795834 16.881190 -0.000800 -0.825094 0.564996 0.505882 0.493151
  29 3.361092 -2.370643 14.432349 -0.006001 -0.985425 -0.170004 0.505882 0.434442
  29 5.249563 -1.682278 15.366657 0.466999 -0.872798 -0.141900 0.400000 0.452055
HEV_leg_&_glove.bmp
  32 -5.543043 -1.271958 16.631036 -0.515810 0.052101 0.855117 0.380392 0.495108
  32 -3.412383 -2.794838 16.871083 0.001400 -0.823381 0.567487 0.505882 0.493151
  32 -3.416091 -2.305774 17.002244 0.001800 -0.259087 0.965852 0.505882 0.504892
HEV_leg_&_glove.bmp
  32 -3.416091 -2.305774 17.002244 0.001800 -0.259087 0.965852 0.505882 0.504892
  32 -3.412383 -2.794838 16.871083 0.001400 -0.823381 0.567487 0.505882 0.493151
  32 -1.322078 -1.270135 16.612423 0.472792 -0.067499 0.878585 0.647059 0.495108
HEV_leg_&_glove.bmp
  32 -3.412383 -2.794838 16.871083 0.001400 -0.823381 0.567487 0.505882 0.493151
  32 -1.088598 -1.534535 16.458217 0.807629 -0.478517 0.344612 0.647059 0.479452
  32 -1.322078 -1.270135 16.612423 0.472792 -0.067499 0.878585 0.647059 0.495108
HEV_leg_&_glove.bmp
  32 -1.322078 -1.270135 16.612423 0.472792 -0.067499 0.878585 0.647059 0.495108
  32 -1.088598 -1.534535 16.458217 0.807629 -0.478517 0.344612 0.647059 0.479452
  32 -0.559405 1.460389 14.264387 0.624430 0.392618 0.675232 0.796078 0.436399
HEV_leg_&_glove.bmp
  32 -1.088598 -1.534535 16.458217 0.807629 -0.478517 0.344612 0.647059 0.479452
  32 -0.083066 1.429323 13.907265 0.926281 0.178096 0.332093 0.788235 0.428571
  32 -0.559405 1.460389 14.264387 0.624430 0.392618 0.675232 0.796078 0.436399
HEV_leg_&_glove.bmp
  32 -0.559405 1.460389 14.264387 0.624430 0.392618 0.675232 0.796078 0.436399
  32 -0.083066 1.429323 13.907265 0.926281 0.178096 0.332093 0.788235 0.428571
  32 -1.401787 3.949725 13.392436 0.528004 0.582904 0.617604 0.905882 0.416830
HEV_leg_&_glove.bmp
  32 -0.083066 1.429323 13.907265 0.926281 0.178096 0.332093 0.788235 0.428571
  32 -1.174224 4.181042 12.917560 0.669887 0.705286 0.231996 0.905882 0.405088
  32 -1.401787 3.949725 13.392436 0.528004 0.582904 0.617604 0.905882 0.416830
HEV_leg_&_glove.bmp
  32 -1.401787 3.949725 13.392436 0.528004 0.582904 0.617604 0.905882 0.416830
  32 -1.174224 4.181042 12.917560 0.669887 0.705286 0.231996 0.905882 0.405088
  32 -3.418081 4.987996 12.983350 0.119002 0.740612 0.661311 0.992157 0.405088
HEV_leg_&_glove.bmp
  32 -1.174224 4.181042 12.917560 0.669887 0.705286 0.231996 0.905882 0.405088
  32 -3.421323 5.469364 12.510408 -0.070396 0.909057 0.410681 0.992157 0.393346
  32 -3.418081 4.987996 12.983350 0.119002 0.740612 0.661311 0.992157 0.405088
HEV_leg_&_glove.bmp
  32 -3.371292 -2.369647 14.422242 0.004500 -0.985433 -0.170006 0.505882 0.434442
  32 -3.412383 -2.794838 16.871083 0.001400 -0.823381 0.567487 0.505882 0.493151
  32 -5.260146 -1.673404 15.377477 -0.470316 -0.871128 -0.141205 0.400000 0.452055
HEV_leg_&_glove.bmp
  32 -5.260146 -1.673404 15.377477 -0.470316 -0.871128 -0.141205 0.400000 0.452055
  32 -3.412383 -2.794838 16.871083 0.001400 -0.823381 0.567487 0.505882 0.493151
  32 -5.789320 -1.536738 16.458587 -0.749184 -0.629286 0.206695 0.372549 0.479452
HEV_leg_&_glove.bmp
  32 -3.412383 -2.794838 16.871083 0.001400 -0.823381 0.567487 0.505882 0.493151
  32 -5.543043 -1.271958 16.631036 -0.515810 0.052101 0.855117 0.380392 0.495108
  32 -5.789320 -1.536738 16.458587 -0.749184 -0.629286 0.206695 0.372549 0.479452
HEV_leg_&_glove.bmp
  32 -5.789320 -1.536738 16.458587 -0.749184 -0.629286 0.206695 0.372549 0.479452
  32 -5.543043 -1.271958 16.631036 -0.515810 0.052101 0.855117 0.380392 0.495108
  32 -6.764160 1.417161 13.913185 -0.937029 0.139205 0.320310 0.207843 0.428571
HEV_leg_&_glove.bmp
  32 -5.543043 -1.271958 16.631036 -0.515810 0.052101 0.855117 0.380392 0.495108
  32 -6.290354 1.463035 14.267873 -0.611210 0.450408 0.650811 0.200000 0.436399
  32 -6.764160 1.417161 13.913185 -0.937029 0.139205 0.320310 0.207843 0.428571
HEV_leg_&_glove.bmp
  32 -6.764160 1.417161 13.913185 -0.937029 0.139205 0.320310 0.207843 0.428571
  32 -6.290354 1.463035 14.267873 -0.611210 0.450408 0.650811 0.200000 0.436399
  32 -5.684929 4.169452 12.920183 -0.728898 0.651199 0.211300 0.082353 0.405088
HEV_leg_&_glove.bmp
  32 -6.290354 1.463035 14.267873 -0.611210 0.450408 0.650811 0.200000 0.436399
  32 -5.442443 3.950497 13.394271 -0.434083 0.654175 0.619376 0.082353 0.416830
  32 -5.684929 4.169452 12.920183 -0.728898 0.651199 0.211300 0.082353 0.405088
HEV_leg_&_glove.bmp
  32 -5.684929 4.169452 12.920183 -0.728898 0.651199 0.211300 0.082353 0.405088
  32 -5.442443 3.950497 13.394271 -0.434083 0.654175 0.619376 0.082353 0.416830
  32 -3.421323 5.469364 12.510408 -0.070396 0.909057 0.410681 0.000000 0.393346
HEV_leg_&_glove.bmp
  32 -5.442443 3.950497 13.394271 -0.434083 0.654175 0.619376 0.082353 0.416830
  32 -3.418081 4.987996 12.983350 0.119002 0.740612 0.661311 0.000000 0.405088
  32 -3.421323 5.469364 12.510408 -0.070396 0.909057 0.410681 0.000000 0.393346
HEV_leg_&_glove.bmp
  30 5.582573 -1.478851 2.286240 0.959586 -0.008200 0.281296 0.298039 0.058708
  30 4.992575 -1.039353 3.736393 0.654677 -0.228092 0.720675 0.270588 0.105675
  30 5.652577 -4.198744 1.975301 0.934671 -0.118197 0.335290 0.423529 0.060665
HEV_leg_&_glove.bmp
  30 5.652577 -4.198744 1.975301 0.934671 -0.118197 0.335290 0.423529 0.060665
  30 4.992575 -1.039353 3.736393 0.654677 -0.228092 0.720675 0.270588 0.105675
  30 5.342579 -4.708903 2.435125 0.478211 -0.265606 0.837119 0.447059 0.080235
HEV_leg_&_glove.bmp
  30 4.992575 -1.039353 3.736393 0.654677 -0.228092 0.720675 0.270588 0.105675
  30 4.702577 -2.339226 3.365945 0.232902 -0.320103 0.918309 0.329412 0.101761
  30 5.342579 -4.708903 2.435125 0.478211 -0.265606 0.837119 0.447059 0.080235
HEV_leg_&_glove.bmp
  30 5.342579 -4.708903 2.435125 0.478211 -0.265606 0.837119 0.447059 0.080235
  30 4.702577 -2.339226 3.365945 0.232902 -0.320103 0.918309 0.329412 0.101761
  30 4.432578 -3.439112 3.035565 0.259199 -0.350199 0.900098 0.380392 0.095890
HEV_leg_&_glove.bmp
  30 4.702577 -2.339226 3.365945 0.232902 -0.320103 0.918309 0.329412 0.101761
  30 4.372577 -2.629226 3.365845 0.323402 -0.331203 0.886406 0.341176 0.103718
  30 4.432578 -3.439112 3.035565 0.259199 -0.350199 0.900098 0.380392 0.095890
HEV_leg_&_glove.bmp
  30 4.432578 -3.439112 3.035565 0.259199 -0.350199 0.900098 0.380392 0.095890
  30 4.372577 -2.629226 3.365845 0.323402 -0.331203 0.886406 0.341176 0.103718
  30 4.272578 -3.179168 3.195655 0.323402 -0.331203 0.886406 0.368627 0.099804
HEV_leg_&_glove.bmp
  30 4.372577 -2.629226 3.365845 0.323402 -0.331203 0.886406 0.341176 0.103718
  30 3.282578 -2.789360 3.745792 -0.030602 -0.406718 0.913041 0.349020 0.131115
  30 4.272578 -3.179168 3.195655 0.323402 -0.331203 0.886406 0.368627 0.099804
HEV_leg_&_glove.bmp
  30 4.272578 -3.179168 3.195655 0.323402 -0.331203 0.886406 0.368627 0.099804
  30 3.282578 -2.789360 3.745792 -0.030602 -0.406718 0.913041 0.349020 0.131115
  30 3.282579 -3.309266 3.475613 -0.009800 -0.462684 0.886469 0.376471 0.129159
HEV_leg_&_glove.bmp
  30 3.282578 -2.789360 3.745792 -0.030602 -0.406718 0.913041 0.349020 0.131115
  30 2.402578 -3.179171 3.195659 -0.345594 -0.338294 0.875284 0.368627 0.099804
  30 3.282579 -3.309266 3.475613 -0.009800 -0.462684 0.886469 0.376471 0.129159
HEV_leg_&_glove.bmp
  33 -3.272979 -3.819190 3.235447 0.024001 -0.442719 0.896339 0.400000 0.129159
  33 -2.272980 -4.059041 2.805363 0.305409 -0.273408 0.912126 0.419608 0.093933
  33 -2.472979 -3.729120 3.035477 0.325884 -0.421079 0.846458 0.396078 0.097847
HEV_leg_&_glove.bmp
  33 -2.472979 -3.729120 3.035477 0.325884 -0.421079 0.846458 0.396078 0.097847
  33 -2.272980 -4.059041 2.805363 0.305409 -0.273408 0.912126 0.419608 0.093933
  33 -2.202979 -3.439124 3.045577 0.313596 -0.334496 0.888690 0.380392 0.095890
HEV_leg_&_glove.bmp
  33 -2.272980 -4.059041 2.805363 0.305409 -0.273408 0.912126 0.419608 0.093933
  33 -1.572980 -4.458917 2.445224 0.555189 -0.218596 0.802484 0.435294 0.080235
  33 -2.202979 -3.439124 3.045577 0.313596 -0.334496 0.888690 0.380392 0.095890
HEV_leg_&_glove.bmp
  33 -2.202979 -3.439124 3.045577 0.313596 -0.334496 0.888690 0.380392 0.095890
  33 -1.572980 -4.458917 2.445224 0.555189 -0.218596 0.802484 0.435294 0.080235
  33 -2.062979 -2.339238 3.375957 0.332598 -0.303799 0.892796 0.329412 0.101761
HEV_leg_&_glove.bmp
  33 -1.572980 -4.458917 2.445224 0.555189 -0.218596 0.802484 0.435294 0.080235
  33 -1.862979 -0.799366 3.746489 0.715315 -0.207405 0.667314 0.258824 0.103718
  33 -2.062979 -2.339238 3.375957 0.332598 -0.303799 0.892796 0.329412 0.101761
HEV_leg_&_glove.bmp
  33 -2.062979 -2.339238 3.375957 0.332598 -0.303799 0.892796 0.329412 0.101761
  33 -1.862979 -0.799366 3.746489 0.715315 -0.207405 0.667314 0.258824 0.103718
  33 -2.282979 -2.079290 3.526047 0.416599 -0.315200 0.852698 0.317647 0.105675
HEV_leg_&_glove.bmp
  33 -1.862979 -0.799366 3.746489 0.715315 -0.207405 0.667314 0.258824 0.103718
  33 -3.332978 -1.769535 4.236155 0.029600 -0.406898 0.912994 0.298039 0.133072
  33 -2.282979 -2.079290 3.526047 0.416599 -0.315200 0.852698 0.317647 0.105675
HEV_leg_&_glove.bmp
  33 -2.282979 -2.079290 3.526047 0.416599 -0.315200 0.852698 0.317647 0.105675
  33 -3.332978 -1.769535 4.236155 0.029600 -0.406898 0.912994 0.298039 0.133072
  33 -3.312979 -2.279449 3.985979 0.024001 -0.442719 0.896339 0.325490 0.133072
HEV_leg_&_glove.bmp
  33 -3.332978 -1.769535 4.236155 0.029600 -0.406898 0.912994 0.298039 0.133072
  33 -4.492979 -2.079290 3.526049 -0.363396 -0.368196 0.855789 0.317647 0.105675
  33 -3.312979 -2.279449 3.985979 0.024001 -0.442719 0.896339 0.325490 0.133072
HEV_leg_&_glove.bmp
  30 4.492576 -2.079278 3.516035 0.363587 -0.367587 0.855970 0.317647 0.105675
  30 3.322577 -1.759522 4.216148 -0.030602 -0.406718 0.913041 0.298039 0.133072
  30 3.302578 -2.279443 3.985968 -0.009800 -0.462684 0.886469 0.325490 0.133072
HEV_leg_&_glove.bmp
  30 3.302578 -2.279443 3.985968 -0.009800 -0.462684 0.886469 0.325490 0.133072
  30 3.322577 -1.759522 4.216148 -0.030602 -0.406718 0.913041 0.298039 0.133072
  30 2.282576 -2.079282 3.516039 -0.418183 -0.315087 0.851964 0.317647 0.105675
HEV_leg_&_glove.bmp
  30 3.322577 -1.759522 4.216148 -0.030602 -0.406718 0.913041 0.298039 0.133072
  30 1.872575 -0.799362 3.746482 -0.713518 -0.208105 0.669017 0.258824 0.103718
  30 2.282576 -2.079282 3.516039 -0.418183 -0.315087 0.851964 0.317647 0.105675
HEV_leg_&_glove.bmp
  30 2.282576 -2.079282 3.516039 -0.418183 -0.315087 0.851964 0.317647 0.105675
  30 1.872575 -0.799362 3.746482 -0.713518 -0.208105 0.669017 0.258824 0.103718
  30 2.052577 -2.339234 3.375950 -0.332986 -0.302887 0.892961 0.329412 0.101761
HEV_leg_&_glove.bmp
  30 1.872575 -0.799362 3.746482 -0.713518 -0.208105 0.669017 0.258824 0.103718
  30 1.572579 -4.458910 2.435219 -0.554618 -0.216207 0.803526 0.435294 0.080235
  30 2.052577 -2.339234 3.375950 -0.332986 -0.302887 0.892961 0.329412 0.101761
HEV_leg_&_glove.bmp
  30 2.052577 -2.339234 3.375950 -0.332986 -0.302887 0.892961 0.329412 0.101761
  30 1.572579 -4.458910 2.435219 -0.554618 -0.216207 0.803526 0.435294 0.080235
  30 2.202578 -3.439116 3.035570 -0.345594 -0.338294 0.875284 0.380392 0.095890
HEV_leg_&_glove.bmp
  30 1.572579 -4.458910 2.435219 -0.554618 -0.216207 0.803526 0.435294 0.080235
  30 2.262579 -4.049034 2.795359 -0.305997 -0.273197 0.911992 0.419608 0.093933
  30 2.202578 -3.439116 3.035570 -0.345594 -0.338294 0.875284 0.380392 0.095890
HEV_leg_&_glove.bmp
  30 2.202578 -3.439116 3.035570 -0.345594 -0.338294 0.875284 0.380392 0.095890
  30 2.262579 -4.049034 2.795359 -0.305997 -0.273197 0.911992 0.419608 0.093933
  30 2.462579 -3.729112 3.025469 -0.324893 -0.420391 0.847181 0.396078 0.097847
HEV_leg_&_glove.bmp
  30 2.262579 -4.049034 2.795359 -0.305997 -0.273197 0.911992 0.419608 0.093933
  30 3.262579 -3.819180 3.225436 -0.009800 -0.462684 0.886469 0.400000 0.129159
  30 2.462579 -3.729112 3.025469 -0.324893 -0.420391 0.847181 0.396078 0.097847
HEV_leg_&_glove.bmp
  28 7.060493 0.060676 37.084346 0.833489 0.038499 0.551193 0.278431 0.992172
  28 6.010301 -3.008974 37.026519 0.698492 -0.643393 0.313296 0.411765 0.988258
  28 6.592277 -2.152963 35.255009 0.910214 -0.401507 0.101502 0.372549 0.941292
HEV_leg_&_glove.bmp
  28 7.060493 0.060676 37.084346 0.833489 0.038499 0.551193 0.278431 0.992172
  28 5.696441 -2.650907 37.323469 0.293086 -0.357683 0.886658 0.411765 0.996086
  28 6.010301 -3.008974 37.026519 0.698492 -0.643393 0.313296 0.411765 0.988258
HEV_leg_&_glove.bmp
  28 7.060493 0.060676 37.084346 0.833489 0.038499 0.551193 0.278431 0.992172
  28 6.615520 0.038997 37.382724 0.541395 0.057599 0.838793 0.278431 1.000000
  28 5.696441 -2.650907 37.323469 0.293086 -0.357683 0.886658 0.411765 0.996086
HEV_leg_&_glove.bmp
  28 7.060493 0.060676 37.084346 0.833489 0.038499 0.551193 0.278431 0.992172
  28 5.695330 2.651292 36.935549 0.357100 0.446200 0.820600 0.121569 0.988258
  28 6.615520 0.038997 37.382724 0.541395 0.057599 0.838793 0.278431 1.000000
HEV_leg_&_glove.bmp
  28 7.060493 0.060676 37.084346 0.833489 0.038499 0.551193 0.278431 0.992172
  28 6.020511 3.022257 36.590813 0.600182 0.705878 0.376189 0.121569 0.980431
  28 5.695330 2.651292 36.935549 0.357100 0.446200 0.820600 0.121569 0.988258
HEV_leg_&_glove.bmp
  28 7.060493 0.060676 37.084346 0.833489 0.038499 0.551193 0.278431 0.992172
  28 6.572541 2.184882 35.110757 0.901490 0.425095 0.081299 0.176471 0.941292
  28 6.020511 3.022257 36.590813 0.600182 0.705878 0.376189 0.121569 0.980431
HEV_leg_&_glove.bmp
  28 7.060493 0.060676 37.084346 0.833489 0.038499 0.551193 0.278431 0.992172
  28 7.327616 0.004253 35.190234 0.989591 0.007700 0.143699 0.278431 0.941292
  28 6.572541 2.184882 35.110757 0.901490 0.425095 0.081299 0.176471 0.941292
HEV_leg_&_glove.bmp
  28 7.060493 0.060676 37.084346 0.833489 0.038499 0.551193 0.278431 0.992172
  28 6.592277 -2.152963 35.255009 0.910214 -0.401507 0.101502 0.372549 0.941292
  28 7.327616 0.004253 35.190234 0.989591 0.007700 0.143699 0.278431 0.941292
HEV_leg_&_glove.bmp
  31 -7.070651 0.070388 37.073956 -0.833101 0.038200 0.551800 0.278431 0.992172
  31 -5.705643 2.651250 36.935392 -0.356812 0.446015 0.820827 0.121569 0.988258
  31 -6.000880 3.042297 36.590693 -0.598705 0.707707 0.375104 0.121569 0.980431
HEV_leg_&_glove.bmp
  31 -7.070651 0.070388 37.073956 -0.833101 0.038200 0.551800 0.278431 0.992172
  31 -6.615531 0.058495 37.362268 -0.533179 0.057198 0.844067 0.278431 1.000000
  31 -5.705643 2.651250 36.935392 -0.356812 0.446015 0.820827 0.121569 0.988258
HEV_leg_&_glove.bmp
  31 -7.070651 0.070388 37.073956 -0.833101 0.038200 0.551800 0.278431 0.992172
  31 -5.696620 -2.631166 37.313007 -0.292800 -0.359300 0.886099 0.411765 0.996086
  31 -6.615531 0.058495 37.362268 -0.533179 0.057198 0.844067 0.278431 1.000000
HEV_leg_&_glove.bmp
  31 -7.070651 0.070388 37.073956 -0.833101 0.038200 0.551800 0.278431 0.992172
  31 -6.020602 -3.009017 37.026363 -0.698301 -0.643501 0.313500 0.411765 0.988258
  31 -5.696620 -2.631166 37.313007 -0.292800 -0.359300 0.886099 0.411765 0.996086
HEV_leg_&_glove.bmp
  31 -7.070651 0.070388 37.073956 -0.833101 0.038200 0.551800 0.278431 0.992172
  31 -6.602412 -2.153248 35.244859 -0.910006 -0.402503 0.099401 0.372549 0.941292
  31 -6.020602 -3.009017 37.026363 -0.698301 -0.643501 0.313500 0.411765 0.988258
HEV_leg_&_glove.bmp
  31 -7.070651 0.070388 37.073956 -0.833101 0.038200 0.551800 0.278431 0.992172
  31 -7.337582 0.003726 35.170090 -0.990319 0.005500 0.138703 0.278431 0.941292
  31 -6.602412 -2.153248 35.244859 -0.910006 -0.402503 0.099401 0.372549 0.941292
HEV_leg_&_glove.bmp
  31 -7.070651 0.070388 37.073956 -0.833101 0.038200 0.551800 0.278431 0.992172
  31 -6.572711 2.194624 35.100539 -0.900453 0.427325 0.081105 0.176471 0.941292
  31 -7.337582 0.003726 35.170090 -0.990319 0.005500 0.138703 0.278431 0.941292
HEV_leg_&_glove.bmp
  31 -7.070651 0.070388 37.073956 -0.833101 0.038200 0.551800 0.278431 0.992172
  31 -6.000880 3.042297 36.590693 -0.598705 0.707707 0.375104 0.121569 0.980431
  31 -6.572711 2.194624 35.100539 -0.900453 0.427325 0.081105 0.176471 0.941292
HEV_leg_&_glove.bmp
  31 -3.414477 -4.339318 36.343345 0.496580 -0.648375 0.577077 0.513725 0.972603
  31 -3.568352 -4.345861 29.047615 0.440306 -0.896813 -0.043101 0.505882 0.796477
  31 -1.084502 -3.151397 35.584820 0.737106 -0.560505 0.377503 0.600000 0.953033
HEV_leg_&_glove.bmp
  31 -1.084502 -3.151397 35.584820 0.737106 -0.560505 0.377503 0.600000 0.953033
  31 -3.568352 -4.345861 29.047615 0.440306 -0.896813 -0.043101 0.505882 0.796477
  31 -1.184980 -3.148607 28.669960 0.703608 -0.707308 -0.068201 0.592157 0.784736
HEV_leg_&_glove.bmp
  31 -3.568352 -4.345861 29.047615 0.440306 -0.896813 -0.043101 0.505882 0.796477
  31 -3.534452 -4.074150 27.040771 0.157707 -0.978744 -0.131106 0.505882 0.745597
  31 -1.184980 -3.148607 28.669960 0.703608 -0.707308 -0.068201 0.592157 0.784736
HEV_leg_&_glove.bmp
  31 -1.184980 -3.148607 28.669960 0.703608 -0.707308 -0.068201 0.592157 0.784736
  31 -3.534452 -4.074150 27.040771 0.157707 -0.978744 -0.131106 0.505882 0.745597
  31 -3.464658 -3.579354 23.498496 0.002900 -0.990869 -0.134796 0.505882 0.663405
HEV_leg_&_glove.bmp
  31 -3.534452 -4.074150 27.040771 0.157707 -0.978744 -0.131106 0.505882 0.745597
  31 -4.202133 -3.559115 25.656163 -0.455305 -0.882508 -0.117801 0.482353 0.714286
  31 -3.464658 -3.579354 23.498496 0.002900 -0.990869 -0.134796 0.505882 0.663405
HEV_leg_&_glove.bmp
  31 -3.464658 -3.579354 23.498496 0.002900 -0.990869 -0.134796 0.505882 0.663405
  31 -4.202133 -3.559115 25.656163 -0.455305 -0.882508 -0.117801 0.482353 0.714286
  31 -5.606012 -2.577156 23.387136 -0.737417 -0.667115 -0.105702 0.411765 0.659491
HEV_leg_&_glove.bmp
  31 -4.202133 -3.559115 25.656163 -0.455305 -0.882508 -0.117801 0.482353 0.714286
  31 -5.689721 -2.703791 24.779349 -0.737417 -0.667115 -0.105702 0.411765 0.690802
  31 -5.606012 -2.577156 23.387136 -0.737417 -0.667115 -0.105702 0.411765 0.659491
HEV_leg_&_glove.bmp
  31 -5.606012 -2.577156 23.387136 -0.737417 -0.667115 -0.105702 0.411765 0.659491
  31 -5.689721 -2.703791 24.779349 -0.737417 -0.667115 -0.105702 0.411765 0.690802
  31 -6.594114 -0.159842 24.592269 -0.996675 -0.005500 -0.081298 0.294118 0.686888
HEV_leg_&_glove.bmp
  29 3.371118 5.118843 9.689554 0.005301 0.989534 -0.144205 0.000000 0.324853
  29 5.246180 3.985228 9.580211 0.771726 0.615420 -0.160305 0.070588 0.324853
  29 3.338464 4.775679 7.281449 0.011000 0.995790 -0.090999 0.000000 0.268102
HEV_leg_&_glove.bmp
  29 3.338464 4.775679 7.281449 0.011000 0.995790 -0.090999 0.000000 0.268102
  29 5.246180 3.985228 9.580211 0.771726 0.615420 -0.160305 0.070588 0.324853
  29 4.814813 3.809420 6.643220 0.857019 0.513911 0.037601 0.058824 0.252446
HEV_leg_&_glove.bmp
  29 5.246180 3.985228 9.580211 0.771726 0.615420 -0.160305 0.070588 0.324853
  29 5.531556 1.564722 6.830336 0.993877 0.020399 -0.108597 0.176471 0.256360
  29 4.814813 3.809420 6.643220 0.857019 0.513911 0.037601 0.058824 0.252446
HEV_leg_&_glove.bmp
  29 4.814813 3.809420 6.643220 0.857019 0.513911 0.037601 0.058824 0.252446
  29 5.531556 1.564722 6.830336 0.993877 0.020399 -0.108597 0.176471 0.256360
  29 5.534178 1.547725 5.249860 0.971418 -0.100602 0.215004 0.176471 0.217221
HEV_leg_&_glove.bmp
  29 5.531556 1.564722 6.830336 0.993877 0.020399 -0.108597 0.176471 0.256360
  29 4.739177 -0.208701 7.001529 0.778882 -0.623886 -0.064099 0.356863 0.260274
  29 5.534178 1.547725 5.249860 0.971418 -0.100602 0.215004 0.176471 0.217221
HEV_leg_&_glove.bmp
  29 5.534178 1.547725 5.249860 0.971418 -0.100602 0.215004 0.176471 0.217221
  29 4.739177 -0.208701 7.001529 0.778882 -0.623886 -0.064099 0.356863 0.260274
  29 4.741313 -0.621873 5.460365 0.692586 -0.649988 0.312794 0.388235 0.225049
HEV_leg_&_glove.bmp
  29 4.739177 -0.208701 7.001529 0.778882 -0.623886 -0.064099 0.356863 0.260274
  29 4.368657 -0.439480 7.014025 0.502893 -0.860090 0.085699 0.400000 0.260274
  29 4.741313 -0.621873 5.460365 0.692586 -0.649988 0.312794 0.388235 0.225049
HEV_leg_&_glove.bmp
  29 4.741313 -0.621873 5.460365 0.692586 -0.649988 0.312794 0.388235 0.225049
  29 4.368657 -0.439480 7.014025 0.502893 -0.860090 0.085699 0.400000 0.260274
  29 4.361058 -0.833762 5.485044 0.464807 -0.756111 0.460707 0.423529 0.227006
HEV_leg_&_glove.bmp
  33 -5.152977 3.780012 5.548073 -0.876013 0.361006 0.319805 0.074510 0.225049
  32 -4.815002 3.800497 6.632259 -0.857568 0.513081 0.036399 0.058824 0.252446
  32 -3.338653 4.766759 7.270483 -0.011199 0.995861 -0.090196 0.000000 0.268102
HEV_leg_&_glove.bmp
  32 -3.338653 4.766759 7.270483 -0.011199 0.995861 -0.090196 0.000000 0.268102
  32 -4.815002 3.800497 6.632259 -0.857568 0.513081 0.036399 0.058824 0.252446
  32 -5.246746 3.984186 9.590172 -0.771713 0.615411 -0.160403 0.070588 0.324853
HEV_leg_&_glove.bmp
  32 -4.815002 3.800497 6.632259 -0.857568 0.513081 0.036399 0.058824 0.252446
  32 -5.531739 1.555798 6.819376 -0.993604 0.020200 -0.111100 0.176471 0.256360
  32 -5.246746 3.984186 9.590172 -0.771713 0.615411 -0.160403 0.070588 0.324853
HEV_leg_&_glove.bmp
  32 -5.246746 3.984186 9.590172 -0.771713 0.615411 -0.160403 0.070588 0.324853
  32 -5.531739 1.555798 6.819376 -0.993604 0.020200 -0.111100 0.176471 0.256360
  32 -6.146304 1.496382 9.980211 -0.964295 -0.182299 -0.192099 0.192157 0.332681
HEV_leg_&_glove.bmp
  32 -5.531739 1.555798 6.819376 -0.993604 0.020200 -0.111100 0.176471 0.256360
  32 -4.749355 -0.217653 6.990393 -0.779301 -0.623301 -0.064700 0.356863 0.260274
  32 -6.146304 1.496382 9.980211 -0.964295 -0.182299 -0.192099 0.192157 0.332681
HEV_leg_&_glove.bmp
  32 -6.146304 1.496382 9.980211 -0.964295 -0.182299 -0.192099 0.192157 0.332681
  32 -4.749355 -0.217653 6.990393 -0.779301 -0.623301 -0.064700 0.356863 0.260274
  32 -5.255885 -0.800072 10.933338 -0.657802 -0.723002 -0.211101 0.368627 0.350294
HEV_leg_&_glove.bmp
  32 -4.749355 -0.217653 6.990393 -0.779301 -0.623301 -0.064700 0.356863 0.260274
  32 -4.685915 -1.013280 10.398010 -0.498997 -0.841494 -0.207099 0.427451 0.344423
  32 -5.255885 -0.800072 10.933338 -0.657802 -0.723002 -0.211101 0.368627 0.350294
HEV_leg_&_glove.bmp
  32 -5.255885 -0.800072 10.933338 -0.657802 -0.723002 -0.211101 0.368627 0.350294
  32 -4.685915 -1.013280 10.398010 -0.498997 -0.841494 -0.207099 0.427451 0.344423
  32 -3.813369 -1.904591 11.567125 -0.520381 -0.819370 -0.240491 0.482353 0.365949
HEV_leg_&_glove.bmp
  32 -3.338653 4.766759 7.270483 0.006500 0.594887 -0.803783 0.992157 0.268102
  33 -1.502977 3.820009 5.558084 -0.113593 0.645162 -0.755555 0.905882 0.225049
  33 -1.882977 3.609999 5.588012 -0.404503 0.568705 -0.716206 0.913725 0.213307
HEV_leg_&_glove.bmp
  33 -1.882977 3.609999 5.588012 -0.404503 0.568705 -0.716206 0.913725 0.213307
  33 -1.502977 3.820009 5.558084 -0.113593 0.645162 -0.755555 0.905882 0.225049
  33 -1.332979 2.280496 4.147552 0.269300 0.476700 -0.836800 0.850980 0.189824
HEV_leg_&_glove.bmp
  33 -1.502977 3.820009 5.558084 -0.113593 0.645162 -0.755555 0.905882 0.225049
  33 -0.842978 2.240372 4.507537 0.649510 0.192003 -0.735711 0.835294 0.197652
  33 -1.332979 2.280496 4.147552 0.269300 0.476700 -0.836800 0.850980 0.189824
HEV_leg_&_glove.bmp
  33 -1.332979 2.280496 4.147552 0.269300 0.476700 -0.836800 0.850980 0.189824
  33 -0.842978 2.240372 4.507537 0.649510 0.192003 -0.735711 0.835294 0.197652
  33 -1.862979 -0.799366 3.746489 0.550285 -0.263893 -0.792179 0.647059 0.178082
HEV_leg_&_glove.bmp
  33 -0.842978 2.240372 4.507537 0.649510 0.192003 -0.735711 0.835294 0.197652
  33 -1.622979 -1.059462 4.026398 0.410093 -0.519992 -0.749288 0.647059 0.185910
  33 -1.862979 -0.799366 3.746489 0.550285 -0.263893 -0.792179 0.647059 0.178082
HEV_leg_&_glove.bmp
  33 -1.862979 -0.799366 3.746489 0.550285 -0.263893 -0.792179 0.647059 0.178082
  33 -1.622979 -1.059462 4.026398 0.410093 -0.519992 -0.749288 0.647059 0.185910
  33 -3.332978 -1.769535 4.236155 0.051297 -0.701963 -0.710363 0.521569 0.189824
HEV_leg_&_glove.bmp
  33 -1.622979 -1.059462 4.026398 0.410093 -0.519992 -0.749288 0.647059 0.185910
  33 -3.322978 -2.169673 4.636017 0.051297 -0.701963 -0.710363 0.521569 0.201566
  33 -3.332978 -1.769535 4.236155 0.051297 -0.701963 -0.710363 0.521569 0.189824
HEV_leg_&_glove.bmp
  33 -3.332978 -1.769535 4.236155 0.051297 -0.701963 -0.710363 0.521569 0.189824
  33 -3.322978 -2.169673 4.636017 0.051297 -0.701963 -0.710363 0.521569 0.201566
  33 -5.242979 -1.309459 4.016316 -0.438212 -0.394610 -0.807622 0.396078 0.185910
HEV_leg_&_glove.bmp
  28 1.064224 -3.141338 35.584922 -0.736988 -0.559790 0.378793 0.600000 0.953033
  28 1.174655 -3.148574 28.670131 -0.703823 -0.707123 -0.067902 0.592157 0.784736
  28 3.558178 -4.355579 29.058016 -0.440790 -0.896580 -0.042999 0.505882 0.796477
HEV_leg_&_glove.bmp
  28 3.558178 -4.355579 29.058016 -0.440790 -0.896580 -0.042999 0.505882 0.796477
  28 1.174655 -3.148574 28.670131 -0.703823 -0.707123 -0.067902 0.592157 0.784736
  28 3.514298 -4.073842 27.051103 -0.158406 -0.978738 -0.130305 0.505882 0.745597
HEV_leg_&_glove.bmp
  28 1.174655 -3.148574 28.670131 -0.703823 -0.707123 -0.067902 0.592157 0.784736
  28 3.444294 -3.589285 23.499074 -0.003300 -0.990895 -0.134599 0.505882 0.663405
  28 3.514298 -4.073842 27.051103 -0.158406 -0.978738 -0.130305 0.505882 0.745597
HEV_leg_&_glove.bmp
  28 3.514298 -4.073842 27.051103 -0.158406 -0.978738 -0.130305 0.505882 0.745597
  28 3.444294 -3.589285 23.499074 -0.003300 -0.990895 -0.134599 0.505882 0.663405
  28 4.201971 -3.558865 25.666147 0.454294 -0.883189 -0.116599 0.482353 0.714286
HEV_leg_&_glove.bmp
  28 3.444294 -3.589285 23.499074 -0.003300 -0.990895 -0.134599 0.505882 0.663405
  28 5.585671 -2.577086 23.387466 0.736799 -0.667300 -0.108800 0.411765 0.659491
  28 4.201971 -3.558865 25.666147 0.454294 -0.883189 -0.116599 0.482353 0.714286
HEV_leg_&_glove.bmp
  28 4.201971 -3.558865 25.666147 0.454294 -0.883189 -0.116599 0.482353 0.714286
  28 5.585671 -2.577086 23.387466 0.736799 -0.667300 -0.108800 0.411765 0.659491
  28 5.689382 -2.703779 24.779333 0.736799 -0.667300 -0.108800 0.411765 0.690802
HEV_leg_&_glove.bmp
  28 5.585671 -2.577086 23.387466 0.736799 -0.667300 -0.108800 0.411765 0.659491
  28 6.593943 -0.159588 24.602246 0.996520 -0.006400 -0.083102 0.294118 0.686888
  28 5.689382 -2.703779 24.779333 0.736799 -0.667300 -0.108800 0.411765 0.690802
HEV_leg_&_glove.bmp
  29 1.788927 -0.165020 7.005908 -0.737007 -0.675606 -0.019400 0.694118 0.260274
  29 1.791064 -0.578192 5.464744 -0.816905 -0.547603 0.181101 0.662745 0.225049
  29 2.150648 -0.802204 5.475596 -0.526819 -0.783927 0.328511 0.627451 0.227006
HEV_leg_&_glove.bmp
  29 1.788927 -0.165020 7.005908 -0.737007 -0.675606 -0.019400 0.694118 0.260274
  29 1.081124 1.635806 6.832881 -0.998221 -0.010400 -0.058701 0.811765 0.256360
  29 1.791064 -0.578192 5.464744 -0.816905 -0.547603 0.181101 0.662745 0.225049
HEV_leg_&_glove.bmp
  29 1.788927 -0.165020 7.005908 -0.737007 -0.675606 -0.019400 0.694118 0.260274
  29 0.585005 1.544003 9.968999 -0.976374 -0.152096 -0.153496 0.800000 0.332681
  29 1.081124 1.635806 6.832881 -0.998221 -0.010400 -0.058701 0.811765 0.256360
HEV_leg_&_glove.bmp
  29 1.788927 -0.165020 7.005908 -0.737007 -0.675606 -0.019400 0.694118 0.260274
  29 1.424955 -0.771620 10.930963 -0.682096 -0.707396 -0.185299 0.666667 0.350294
  29 0.585005 1.544003 9.968999 -0.976374 -0.152096 -0.153496 0.800000 0.332681
HEV_leg_&_glove.bmp
  29 1.788927 -0.165020 7.005908 -0.737007 -0.675606 -0.019400 0.694118 0.260274
  29 1.965151 -0.990160 10.396334 -0.525588 -0.829480 -0.188996 0.619608 0.344423
  29 1.424955 -0.771620 10.930963 -0.682096 -0.707396 -0.185299 0.666667 0.350294
HEV_leg_&_glove.bmp
  29 1.788927 -0.165020 7.005908 -0.737007 -0.675606 -0.019400 0.694118 0.260274
  29 2.148633 -0.400012 7.025672 -0.535585 -0.844276 0.018599 0.650980 0.260274
  29 1.965151 -0.990160 10.396334 -0.525588 -0.829480 -0.188996 0.619608 0.344423
HEV_leg_&_glove.bmp
  29 1.788927 -0.165020 7.005908 -0.737007 -0.675606 -0.019400 0.694118 0.260274
  29 2.150648 -0.802204 5.475596 -0.526819 -0.783927 0.328511 0.627451 0.227006
  29 2.148633 -0.400012 7.025672 -0.535585 -0.844276 0.018599 0.650980 0.260274
HEV_leg_&_glove.bmp
  32 -1.789107 -0.173937 6.994937 0.736200 -0.676500 -0.018900 0.694118 0.260274
  32 -1.791463 -0.578195 5.464751 0.817118 -0.547712 0.179804 0.662745 0.225049
  32 -1.071310 1.626920 6.822081 0.998132 -0.010401 -0.060202 0.811765 0.256360
HEV_leg_&_glove.bmp
  32 -1.789107 -0.173937 6.994937 0.736200 -0.676500 -0.018900 0.694118 0.260274
  32 -2.151047 -0.802208 5.475603 0.528387 -0.783382 0.327292 0.627451 0.227006
  32 -1.791463 -0.578195 5.464751 0.817118 -0.547712 0.179804 0.662745 0.225049
HEV_leg_&_glove.bmp
  32 -1.789107 -0.173937 6.994937 0.736200 -0.676500 -0.018900 0.694118 0.260274
  32 -2.148860 -0.398983 7.015734 0.535581 -0.844270 0.018999 0.650980 0.260274
  32 -2.151047 -0.802208 5.475603 0.528387 -0.783382 0.327292 0.627451 0.227006
HEV_leg_&_glove.bmp
  32 -1.789107 -0.173937 6.994937 0.736200 -0.676500 -0.018900 0.694118 0.260274
  32 -1.965536 -0.990164 10.396341 0.525588 -0.829481 -0.188996 0.619608 0.344423
  32 -2.148860 -0.398983 7.015734 0.535581 -0.844270 0.018999 0.650980 0.260274
HEV_leg_&_glove.bmp
  32 -1.789107 -0.173937 6.994937 0.736200 -0.676500 -0.018900 0.694118 0.260274
  32 -1.425339 -0.771623 10.930968 0.681676 -0.707776 -0.185394 0.666667 0.350294
  32 -1.965536 -0.990164 10.396341 0.525588 -0.829481 -0.188996 0.619608 0.344423
HEV_leg_&_glove.bmp
  32 -1.789107 -0.173937 6.994937 0.736200 -0.676500 -0.018900 0.694118 0.260274
  32 -0.575397 1.544031 9.969175 0.976265 -0.153695 -0.152595 0.800000 0.332681
  32 -1.425339 -0.771623 10.930968 0.681676 -0.707776 -0.185394 0.666667 0.350294
HEV_leg_&_glove.bmp
  32 -1.789107 -0.173937 6.994937 0.736200 -0.676500 -0.018900 0.694118 0.260274
  32 -1.071310 1.626920 6.822081 0.998132 -0.010401 -0.060202 0.811765 0.256360
  32 -0.575397 1.544031 9.969175 0.976265 -0.153695 -0.152595 0.800000 0.332681
HEV_leg_&_glove.bmp
  32 -5.524584 1.547744 5.250050 -0.971191 -0.101299 0.215698 0.176471 0.217221
  32 -4.751711 -0.621911 5.460207 -0.692921 -0.649720 0.312609 0.388235 0.225049
  32 -4.749355 -0.217653 6.990393 -0.779301 -0.623301 -0.064700 0.356863 0.260274
HEV_leg_&_glove.bmp
  32 -5.524584 1.547744 5.250050 -0.971191 -0.101299 0.215698 0.176471 0.217221
  33 -5.242979 -1.309459 4.016316 -0.736495 -0.511896 0.442197 0.396078 0.185910
  32 -4.751711 -0.621911 5.460207 -0.692921 -0.649720 0.312609 0.388235 0.225049
HEV_leg_&_glove.bmp
  32 -5.524584 1.547744 5.250050 -0.971191 -0.101299 0.215698 0.176471 0.217221
  33 -5.812978 2.170371 4.507518 -0.945905 -0.047800 0.320902 0.152941 0.201566
  33 -5.242979 -1.309459 4.016316 -0.736495 -0.511896 0.442197 0.396078 0.185910
HEV_leg_&_glove.bmp
  32 -5.524584 1.547744 5.250050 -0.971191 -0.101299 0.215698 0.176471 0.217221
  33 -5.152977 3.780012 5.548073 -0.876013 0.361006 0.319805 0.074510 0.225049
  33 -5.812978 2.170371 4.507518 -0.945905 -0.047800 0.320902 0.152941 0.201566
HEV_leg_&_glove.bmp
  32 -5.524584 1.547744 5.250050 -0.971191 -0.101299 0.215698 0.176471 0.217221
  32 -4.815002 3.800497 6.632259 -0.857568 0.513081 0.036399 0.058824 0.252446
  33 -5.152977 3.780012 5.548073 -0.876013 0.361006 0.319805 0.074510 0.225049
HEV_leg_&_glove.bmp
  32 -5.524584 1.547744 5.250050 -0.971191 -0.101299 0.215698 0.176471 0.217221
  32 -5.531739 1.555798 6.819376 -0.993604 0.020200 -0.111100 0.176471 0.256360
  32 -4.815002 3.800497 6.632259 -0.857568 0.513081 0.036399 0.058824 0.252446
HEV_leg_&_glove.bmp
  32 -5.524584 1.547744 5.250050 -0.971191 -0.101299 0.215698 0.176471 0.217221
  32 -4.749355 -0.217653 6.990393 -0.779301 -0.623301 -0.064700 0.356863 0.260274
  32 -5.531739 1.555798 6.819376 -0.993604 0.020200 -0.111100 0.176471 0.256360
HEV_leg_&_glove.bmp
  29 3.378366 5.217820 10.091862 0.011000 0.995790 -0.090999 0.000000 0.338552
  29 5.684589 4.179409 12.921197 0.730622 0.650519 0.207406 0.082353 0.405088
  29 5.293329 4.064195 9.979762 0.771726 0.615420 -0.160305 0.070588 0.336595
HEV_leg_&_glove.bmp
  29 5.293329 4.064195 9.979762 0.771726 0.615420 -0.160305 0.070588 0.336595
  29 5.684589 4.179409 12.921197 0.730622 0.650519 0.207406 0.082353 0.405088
  29 6.212560 1.506709 10.362229 0.985135 0.081703 -0.151105 0.192157 0.346380
HEV_leg_&_glove.bmp
  29 5.684589 4.179409 12.921197 0.730622 0.650519 0.207406 0.082353 0.405088
  29 6.773827 1.427091 13.914023 0.939512 0.134501 0.315004 0.207843 0.428571
  29 6.212560 1.506709 10.362229 0.985135 0.081703 -0.151105 0.192157 0.346380
HEV_leg_&_glove.bmp
  29 6.212560 1.506709 10.362229 0.985135 0.081703 -0.151105 0.192157 0.346380
  29 6.773827 1.427091 13.914023 0.939512 0.134501 0.315004 0.207843 0.428571
  29 5.302206 -0.851433 11.329403 0.755184 -0.636087 -0.158397 0.368627 0.362035
HEV_leg_&_glove.bmp
  29 6.773827 1.427091 13.914023 0.939512 0.134501 0.315004 0.207843 0.428571
  29 5.778909 -1.546644 16.457710 0.747586 -0.632989 0.201096 0.372549 0.479452
  29 5.302206 -0.851433 11.329403 0.755184 -0.636087 -0.158397 0.368627 0.362035
HEV_leg_&_glove.bmp
  29 5.302206 -0.851433 11.329403 0.755184 -0.636087 -0.158397 0.368627 0.362035
  29 5.778909 -1.546644 16.457710 0.747586 -0.632989 0.201096 0.372549 0.479452
  29 5.029109 -1.383144 12.978160 0.550314 -0.819522 -0.159804 0.400000 0.395303
HEV_leg_&_glove.bmp
  29 5.778909 -1.546644 16.457710 0.747586 -0.632989 0.201096 0.372549 0.479452
  29 5.249563 -1.682278 15.366657 0.466999 -0.872798 -0.141900 0.400000 0.452055
  29 5.029109 -1.383144 12.978160 0.550314 -0.819522 -0.159804 0.400000 0.395303
HEV_leg_&_glove.bmp
  32 -3.378932 5.216781 10.101818 -0.011199 0.995861 -0.090196 0.992157 0.338552
  32 -1.174224 4.181042 12.917560 0.669887 0.705286 0.231996 0.905882 0.405088
  32 -1.463516 4.090568 9.997299 0.762127 0.634322 -0.129605 0.909804 0.336595
HEV_leg_&_glove.bmp
  32 -1.463516 4.090568 9.997299 0.762127 0.634322 -0.129605 0.909804 0.336595
  32 -1.174224 4.181042 12.917560 0.669887 0.705286 0.231996 0.905882 0.405088
  32 -0.512400 1.552663 10.373349 0.988109 0.101601 -0.115401 0.800000 0.346380
HEV_leg_&_glove.bmp
  32 -1.174224 4.181042 12.917560 0.669887 0.705286 0.231996 0.905882 0.405088
  32 -0.083066 1.429323 13.907265 0.926281 0.178096 0.332093 0.788235 0.428571
  32 -0.512400 1.552663 10.373349 0.988109 0.101601 -0.115401 0.800000 0.346380
HEV_leg_&_glove.bmp
  32 -0.512400 1.552663 10.373349 0.988109 0.101601 -0.115401 0.800000 0.346380
  32 -0.083066 1.429323 13.907265 0.926281 0.178096 0.332093 0.788235 0.428571
  32 -1.382056 -0.822729 11.328605 0.774574 -0.617579 -0.136496 0.666667 0.362035
HEV_leg_&_glove.bmp
  32 -0.083066 1.429323 13.907265 0.926281 0.178096 0.332093 0.788235 0.428571
  32 -1.088598 -1.534535 16.458217 0.807629 -0.478517 0.344612 0.647059 0.479452
  32 -1.382056 -0.822729 11.328605 0.774574 -0.617579 -0.136496 0.666667 0.362035
HEV_leg_&_glove.bmp
  32 -1.382056 -0.822729 11.328605 0.774574 -0.617579 -0.136496 0.666667 0.362035
  32 -1.088598 -1.534535 16.458217 0.807629 -0.478517 0.344612 0.647059 0.479452
  32 -1.689202 -1.358213 12.987224 0.567101 -0.810802 -0.144900 0.631373 0.395303
HEV_leg_&_glove.bmp
  32 -1.088598 -1.534535 16.458217 0.807629 -0.478517 0.344612 0.647059 0.479452
  32 -1.559486 -1.665231 15.370796 0.474822 -0.870942 -0.126506 0.623529 0.452055
  32 -1.689202 -1.358213 12.987224 0.567101 -0.810802 -0.144900 0.631373 0.395303
HEV_leg_&_glove.bmp
  29 1.559117 -1.665227 15.370791 -0.474782 -0.870966 -0.126495 0.623529 0.452055
  29 1.078449 -1.525589 16.469362 -0.807590 -0.478594 0.344596 0.647059 0.479452
  29 1.688825 -1.358209 12.987218 -0.567102 -0.810802 -0.144900 0.631373 0.395303
HEV_leg_&_glove.bmp
  29 1.688825 -1.358209 12.987218 -0.567102 -0.810802 -0.144900 0.631373 0.395303
  29 1.078449 -1.525589 16.469362 -0.807590 -0.478594 0.344596 0.647059 0.479452
  29 1.381674 -0.822726 11.328600 -0.774726 -0.617320 -0.136805 0.666667 0.362035
HEV_leg_&_glove.bmp
  29 1.078449 -1.525589 16.469362 -0.807590 -0.478594 0.344596 0.647059 0.479452
  29 0.082903 1.438237 13.918241 -0.926446 0.178309 0.331517 0.788235 0.428571
  29 1.381674 -0.822726 11.328600 -0.774726 -0.617320 -0.136805 0.666667 0.362035
HEV_leg_&_glove.bmp
  29 1.381674 -0.822726 11.328600 -0.774726 -0.617320 -0.136805 0.666667 0.362035
  29 0.082903 1.438237 13.918241 -0.926446 0.178309 0.331517 0.788235 0.428571
  29 0.512010 1.552664 10.373346 -0.988044 0.101205 -0.116305 0.800000 0.346380
HEV_leg_&_glove.bmp
  29 0.082903 1.438237 13.918241 -0.926446 0.178309 0.331517 0.788235 0.428571
  29 1.174053 4.189959 12.928533 -0.670123 0.705124 0.231808 0.905882 0.405088
  29 0.512010 1.552664 10.373346 -0.988044 0.101205 -0.116305 0.800000 0.346380
HEV_leg_&_glove.bmp
  29 0.512010 1.552664 10.373346 -0.988044 0.101205 -0.116305 0.800000 0.346380
  29 1.174053 4.189959 12.928533 -0.670123 0.705124 0.231808 0.905882 0.405088
  29 1.462951 4.091604 9.987349 -0.762986 0.633188 -0.130097 0.909804 0.336595
HEV_leg_&_glove.bmp
  29 1.174053 4.189959 12.928533 -0.670123 0.705124 0.231808 0.905882 0.405088
  29 3.378366 5.217820 10.091862 0.011000 0.995790 -0.090999 0.992157 0.338552
  29 1.462951 4.091604 9.987349 -0.762986 0.633188 -0.130097 0.909804 0.336595
HEV_leg_&_glove.bmp
  32 -5.260146 -1.673404 15.377477 -0.470316 -0.871128 -0.141205 0.400000 0.452055
  32 -5.789320 -1.536738 16.458587 -0.749184 -0.629286 0.206695 0.372549 0.479452
  32 -5.039747 -1.364323 12.990012 -0.553198 -0.817697 -0.159199 0.400000 0.395303
HEV_leg_&_glove.bmp
  32 -5.039747 -1.364323 12.990012 -0.553198 -0.817697 -0.159199 0.400000 0.395303
  32 -5.789320 -1.536738 16.458587 -0.749184 -0.629286 0.206695 0.372549 0.479452
  32 -5.312756 -0.852505 11.339192 -0.755747 -0.635540 -0.157910 0.368627 0.362035
HEV_leg_&_glove.bmp
  32 -5.789320 -1.536738 16.458587 -0.749184 -0.629286 0.206695 0.372549 0.479452
  32 -6.764160 1.417161 13.913185 -0.937029 0.139205 0.320310 0.207843 0.428571
  32 -5.312756 -0.852505 11.339192 -0.755747 -0.635540 -0.157910 0.368627 0.362035
HEV_leg_&_glove.bmp
  32 -5.312756 -0.852505 11.339192 -0.755747 -0.635540 -0.157910 0.368627 0.362035
  32 -6.764160 1.417161 13.913185 -0.937029 0.139205 0.320310 0.207843 0.428571
  32 -6.212949 1.506697 10.362248 -0.985170 0.081298 -0.151095 0.192157 0.346380
HEV_leg_&_glove.bmp
  32 -6.764160 1.417161 13.913185 -0.937029 0.139205 0.320310 0.207843 0.428571
  32 -5.684929 4.169452 12.920183 -0.728898 0.651199 0.211300 0.082353 0.405088
  32 -6.212949 1.506697 10.362248 -0.985170 0.081298 -0.151095 0.192157 0.346380
HEV_leg_&_glove.bmp
  32 -6.212949 1.506697 10.362248 -0.985170 0.081298 -0.151095 0.192157 0.346380
  32 -5.684929 4.169452 12.920183 -0.728898 0.651199 0.211300 0.082353 0.405088
  32 -5.293724 4.064185 9.979779 -0.771713 0.615411 -0.160403 0.070588 0.336595
HEV_leg_&_glove.bmp
  32 -5.684929 4.169452 12.920183 -0.728898 0.651199 0.211300 0.082353 0.405088
  32 -3.378932 5.216781 10.101818 -0.011199 0.995861 -0.090196 0.000000 0.338552
  32 -5.293724 4.064185 9.979779 -0.771713 0.615411 -0.160403 0.070588 0.336595
HEV_leg_&_glove.bmp
  29 3.415897 -2.306800 17.012178 -0.002000 -0.932213 -0.361905 0.505882 0.504892
  29 5.542677 -1.271947 16.631019 0.846309 -0.475006 -0.241103 0.380392 0.495108
  29 5.404991 -2.052158 18.633771 0.656705 -0.723706 -0.212102 0.403922 0.542074
HEV_leg_&_glove.bmp
  29 5.404991 -2.052158 18.633771 0.656705 -0.723706 -0.212102 0.403922 0.542074
  29 5.542677 -1.271947 16.631019 0.846309 -0.475006 -0.241103 0.380392 0.495108
  29 6.226272 0.096620 18.913326 0.995214 -0.064401 -0.073501 0.278431 0.549902
HEV_leg_&_glove.bmp
  29 5.542677 -1.271947 16.631019 0.846309 -0.475006 -0.241103 0.380392 0.495108
  29 5.808704 1.054690 17.159690 0.961594 0.253098 -0.106199 0.215686 0.506849
  29 6.226272 0.096620 18.913326 0.995214 -0.064401 -0.073501 0.278431 0.549902
HEV_leg_&_glove.bmp
  29 6.226272 0.096620 18.913326 0.995214 -0.064401 -0.073501 0.278431 0.549902
  29 5.808704 1.054690 17.159690 0.961594 0.253098 -0.106199 0.215686 0.506849
  29 5.408864 2.162202 19.875725 0.765102 0.639301 0.076900 0.137255 0.573386
HEV_leg_&_glove.bmp
  29 5.808704 1.054690 17.159690 0.961594 0.253098 -0.106199 0.215686 0.506849
  29 4.990278 2.849838 17.530934 0.610101 0.784901 0.108200 0.090196 0.514677
  29 5.408864 2.162202 19.875725 0.765102 0.639301 0.076900 0.137255 0.573386
HEV_leg_&_glove.bmp
  29 5.408864 2.162202 19.875725 0.765102 0.639301 0.076900 0.137255 0.573386
  29 4.990278 2.849838 17.530934 0.610101 0.784901 0.108200 0.090196 0.514677
  29 3.471929 3.082334 19.913677 -0.065796 0.982951 0.171692 0.000000 0.573386
HEV_leg_&_glove.bmp
  29 4.990278 2.849838 17.530934 0.610101 0.784901 0.108200 0.090196 0.514677
  29 3.403679 3.520930 17.627572 0.000100 0.982093 0.188399 0.000000 0.518591
  29 3.471929 3.082334 19.913677 -0.065796 0.982951 0.171692 0.000000 0.573386
HEV_leg_&_glove.bmp
  32 -3.414003 3.510947 17.626378 -0.001200 0.982092 0.188399 0.000000 0.518591
  32 -4.970267 2.842006 17.510374 -0.610731 0.784341 0.108706 0.090196 0.514677
  32 -3.452249 3.072439 19.913002 0.066297 0.982952 0.171492 0.000000 0.573386
HEV_leg_&_glove.bmp
  32 -3.452249 3.072439 19.913002 0.066297 0.982952 0.171492 0.000000 0.573386
  32 -4.970267 2.842006 17.510374 -0.610731 0.784341 0.108706 0.090196 0.514677
  32 -5.409011 2.153278 19.864765 -0.764607 0.640106 0.075101 0.137255 0.573386
HEV_leg_&_glove.bmp
  32 -4.970267 2.842006 17.510374 -0.610731 0.784341 0.108706 0.090196 0.514677
  32 -5.808857 1.045764 17.148731 -0.961382 0.254195 -0.105498 0.215686 0.506849
  32 -5.409011 2.153278 19.864765 -0.764607 0.640106 0.075101 0.137255 0.573386
HEV_leg_&_glove.bmp
  32 -5.409011 2.153278 19.864765 -0.764607 0.640106 0.075101 0.137255 0.573386
  32 -5.808857 1.045764 17.148731 -0.961382 0.254195 -0.105498 0.215686 0.506849
  32 -6.206468 0.097699 18.903746 -0.995273 -0.062898 -0.073998 0.278431 0.549902
HEV_leg_&_glove.bmp
  32 -5.808857 1.045764 17.148731 -0.961382 0.254195 -0.105498 0.215686 0.506849
  32 -5.543043 -1.271958 16.631036 -0.847888 -0.472693 -0.240097 0.380392 0.495108
  32 -6.206468 0.097699 18.903746 -0.995273 -0.062898 -0.073998 0.278431 0.549902
HEV_leg_&_glove.bmp
  32 -6.206468 0.097699 18.903746 -0.995273 -0.062898 -0.073998 0.278431 0.549902
  32 -5.543043 -1.271958 16.631036 -0.847888 -0.472693 -0.240097 0.380392 0.495108
  32 -5.415179 -2.051166 18.623669 -0.657802 -0.723002 -0.211101 0.403922 0.542074
HEV_leg_&_glove.bmp
  32 -5.543043 -1.271958 16.631036 -0.847888 -0.472693 -0.240097 0.380392 0.495108
  32 -3.416091 -2.305774 17.002244 0.002900 -0.932553 -0.361021 0.505882 0.504892
  32 -5.415179 -2.051166 18.623669 -0.657802 -0.723002 -0.211101 0.403922 0.542074
HEV_leg_&_glove.bmp
  30 1.882570 3.610002 5.588005 0.412102 0.563102 -0.716302 0.913725 0.213307
  30 1.332570 2.280498 4.147547 -0.266287 0.476178 -0.838061 0.850980 0.189824
  30 1.512569 3.820012 5.558078 0.119704 0.642919 -0.756522 0.905882 0.225049
HEV_leg_&_glove.bmp
  30 1.512569 3.820012 5.558078 0.119704 0.642919 -0.756522 0.905882 0.225049
  30 1.332570 2.280498 4.147547 -0.266287 0.476178 -0.838061 0.850980 0.189824
  30 0.842570 2.240373 4.507534 -0.645096 0.193499 -0.739195 0.835294 0.197652
HEV_leg_&_glove.bmp
  30 1.332570 2.280498 4.147547 -0.266287 0.476178 -0.838061 0.850980 0.189824
  30 1.872575 -0.799362 3.746482 -0.545091 -0.261695 -0.796487 0.647059 0.178082
  30 0.842570 2.240373 4.507534 -0.645096 0.193499 -0.739195 0.835294 0.197652
HEV_leg_&_glove.bmp
  30 0.842570 2.240373 4.507534 -0.645096 0.193499 -0.739195 0.835294 0.197652
  30 1.872575 -0.799362 3.746482 -0.545091 -0.261695 -0.796487 0.647059 0.178082
  30 1.622576 -1.059456 4.016393 -0.405306 -0.516908 -0.754012 0.647059 0.185910
HEV_leg_&_glove.bmp
  30 1.872575 -0.799362 3.746482 -0.545091 -0.261695 -0.796487 0.647059 0.178082
  30 3.322577 -1.759522 4.216148 -0.050898 -0.701273 -0.711073 0.521569 0.189824
  30 1.622576 -1.059456 4.016393 -0.405306 -0.516908 -0.754012 0.647059 0.185910
HEV_leg_&_glove.bmp
  30 1.622576 -1.059456 4.016393 -0.405306 -0.516908 -0.754012 0.647059 0.185910
  30 3.322577 -1.759522 4.216148 -0.050898 -0.701273 -0.711073 0.521569 0.189824
  30 3.312579 -2.169667 4.636006 -0.050898 -0.701273 -0.711073 0.521569 0.201566
HEV_leg_&_glove.bmp
  30 3.322577 -1.759522 4.216148 -0.050898 -0.701273 -0.711073 0.521569 0.189824
  30 5.232576 -1.309453 4.026299 0.440005 -0.395705 -0.806110 0.396078 0.185910
  30 3.312579 -2.169667 4.636006 -0.050898 -0.701273 -0.711073 0.521569 0.201566
HEV_leg_&_glove.bmp
  31 -0.157854 -0.222944 28.347142 0.999127 -0.006900 -0.041201 0.717647 0.780822
  31 -0.477880 -0.149757 23.127523 0.992165 0.109696 -0.059798 0.709804 0.651663
  31 -1.175941 2.694427 28.309157 0.755883 0.652485 -0.053899 0.858824 0.776908
HEV_leg_&_glove.bmp
  31 -0.157854 -0.222944 28.347142 0.999127 -0.006900 -0.041201 0.717647 0.780822
  31 -1.365250 -2.576600 23.380715 0.820809 -0.564707 -0.085901 0.600000 0.659491
  31 -0.477880 -0.149757 23.127523 0.992165 0.109696 -0.059798 0.709804 0.651663
HEV_leg_&_glove.bmp
  31 -0.157854 -0.222944 28.347142 0.999127 -0.006900 -0.041201 0.717647 0.780822
  31 -1.184980 -3.148607 28.669960 0.703608 -0.707308 -0.068201 0.592157 0.784736
  31 -1.365250 -2.576600 23.380715 0.820809 -0.564707 -0.085901 0.600000 0.659491
HEV_leg_&_glove.bmp
  31 -0.157854 -0.222944 28.347142 0.999127 -0.006900 -0.041201 0.717647 0.780822
  31 -0.064651 -0.139887 35.089731 0.943103 -0.000500 0.332501 0.717647 0.941292
  31 -1.184980 -3.148607 28.669960 0.703608 -0.707308 -0.068201 0.592157 0.784736
HEV_leg_&_glove.bmp
  31 -0.157854 -0.222944 28.347142 0.999127 -0.006900 -0.041201 0.717647 0.780822
  31 -1.074580 2.889650 35.139223 0.809941 0.518726 0.273714 0.866667 0.945205
  31 -0.064651 -0.139887 35.089731 0.943103 -0.000500 0.332501 0.717647 0.941292
HEV_leg_&_glove.bmp
  31 -0.157854 -0.222944 28.347142 0.999127 -0.006900 -0.041201 0.717647 0.780822
  31 -1.175941 2.694427 28.309157 0.755883 0.652485 -0.053899 0.858824 0.776908
  31 -1.074580 2.889650 35.139223 0.809941 0.518726 0.273714 0.866667 0.945205
HEV_leg_&_glove.bmp
  28 0.177716 -0.212764 28.356551 -0.999120 -0.007300 -0.041301 0.717647 0.780822
  28 0.477358 -0.149996 23.117527 -0.992117 0.109802 -0.060401 0.709804 0.651663
  28 1.344910 -2.576538 23.381058 -0.821596 -0.563697 -0.085000 0.600000 0.659491
HEV_leg_&_glove.bmp
  28 0.177716 -0.212764 28.356551 -0.999120 -0.007300 -0.041301 0.717647 0.780822
  28 1.175627 2.704427 28.308912 -0.756513 0.651712 -0.054401 0.858824 0.776908
  28 0.477358 -0.149996 23.117527 -0.992117 0.109802 -0.060401 0.709804 0.651663
HEV_leg_&_glove.bmp
  28 0.177716 -0.212764 28.356551 -0.999120 -0.007300 -0.041301 0.717647 0.780822
  28 1.084458 2.899862 35.148802 -0.809723 0.517315 0.277008 0.866667 0.945205
  28 1.175627 2.704427 28.308912 -0.756513 0.651712 -0.054401 0.858824 0.776908
HEV_leg_&_glove.bmp
  28 0.177716 -0.212764 28.356551 -0.999120 -0.007300 -0.041301 0.717647 0.780822
  28 0.044365 -0.129830 35.089836 -0.941365 -0.000800 0.337388 0.717647 0.941292
  28 1.084458 2.899862 35.148802 -0.809723 0.517315 0.277008 0.866667 0.945205
HEV_leg_&_glove.bmp
  28 0.177716 -0.212764 28.356551 -0.999120 -0.007300 -0.041301 0.717647 0.780822
  28 1.174655 -3.148574 28.670131 -0.703823 -0.707123 -0.067902 0.592157 0.784736
  28 0.044365 -0.129830 35.089836 -0.941365 -0.000800 0.337388 0.717647 0.941292
HEV_leg_&_glove.bmp
  28 0.177716 -0.212764 28.356551 -0.999120 -0.007300 -0.041301 0.717647 0.780822
  28 1.344910 -2.576538 23.381058 -0.821596 -0.563697 -0.085000 0.600000 0.659491
  28 1.174655 -3.148574 28.670131 -0.703823 -0.707123 -0.067902 0.592157 0.784736
HEV_leg_&_glove.bmp
  31 -5.606012 -2.577156 23.387136 -0.737417 -0.667115 -0.105702 0.411765 0.659491
  31 -6.594114 -0.159842 24.592269 -0.996675 -0.005500 -0.081298 0.294118 0.686888
  31 -6.478718 -0.155012 23.123507 -0.996675 -0.005500 -0.081298 0.294118 0.651663
HEV_leg_&_glove.bmp
  31 -6.478718 -0.155012 23.123507 -0.996675 -0.005500 -0.081298 0.294118 0.651663
  31 -6.594114 -0.159842 24.592269 -0.996675 -0.005500 -0.081298 0.294118 0.686888
  31 -5.590926 2.241358 22.851048 -0.835888 0.545192 -0.063699 0.137255 0.647750
HEV_leg_&_glove.bmp
  31 -6.594114 -0.159842 24.592269 -0.996675 -0.005500 -0.081298 0.294118 0.686888
  31 -5.684886 2.407895 24.786259 -0.644274 0.758070 -0.101196 0.137255 0.690802
  31 -5.590926 2.241358 22.851048 -0.835888 0.545192 -0.063699 0.137255 0.647750
HEV_leg_&_glove.bmp
  31 -5.590926 2.241358 22.851048 -0.835888 0.545192 -0.063699 0.137255 0.647750
  31 -5.684886 2.407895 24.786259 -0.644274 0.758070 -0.101196 0.137255 0.690802
  31 -3.451871 3.244712 22.753948 -0.239806 0.964327 -0.112103 0.000000 0.643836
HEV_leg_&_glove.bmp
  31 -5.684886 2.407895 24.786259 -0.644274 0.758070 -0.101196 0.137255 0.690802
  31 -4.202062 3.232798 25.652496 -0.449493 0.886386 -0.110798 0.035294 0.714286
  31 -3.451871 3.244712 22.753948 -0.239806 0.964327 -0.112103 0.000000 0.643836
HEV_leg_&_glove.bmp
  31 -3.451871 3.244712 22.753948 -0.239806 0.964327 -0.112103 0.000000 0.643836
  31 -4.202062 3.232798 25.652496 -0.449493 0.886386 -0.110798 0.035294 0.714286
  31 -3.537503 3.748183 27.042222 0.149403 0.982321 -0.112802 0.000000 0.745597
HEV_leg_&_glove.bmp
  33 -5.272980 -5.438827 2.184889 -0.790270 -0.489281 0.368886 0.478431 0.074364
  33 -5.792981 -4.188551 1.385322 -0.958506 -0.229501 0.169101 0.427451 0.037182
  33 -5.192981 -5.748606 1.544782 -0.782758 -0.592068 0.191690 0.498039 0.050881
HEV_leg_&_glove.bmp
  33 -5.272980 -5.438827 2.184889 -0.790270 -0.489281 0.368886 0.478431 0.074364
  33 -5.652980 -4.198754 1.975318 -0.933090 -0.114899 0.340796 0.423529 0.060665
  33 -5.792981 -4.188551 1.385322 -0.958506 -0.229501 0.169101 0.427451 0.037182
HEV_leg_&_glove.bmp
  33 -5.272980 -5.438827 2.184889 -0.790270 -0.489281 0.368886 0.478431 0.074364
  33 -5.342980 -4.708917 2.445141 -0.478514 -0.264408 0.837325 0.447059 0.080235
  33 -5.652980 -4.198754 1.975318 -0.933090 -0.114899 0.340796 0.423529 0.060665
HEV_leg_&_glove.bmp
  33 -5.272980 -5.438827 2.184889 -0.790270 -0.489281 0.368886 0.478431 0.074364
  33 -4.302980 -6.008944 2.524691 -0.533024 -0.508923 0.675931 0.505882 0.090020
  33 -5.342980 -4.708917 2.445141 -0.478514 -0.264408 0.837325 0.447059 0.080235
HEV_leg_&_glove.bmp
  33 -5.272980 -5.438827 2.184889 -0.790270 -0.489281 0.368886 0.478431 0.074364
  33 -4.302981 -6.318674 1.744584 -0.554502 -0.773603 0.306701 0.521569 0.060665
  33 -4.302980 -6.008944 2.524691 -0.533024 -0.508923 0.675931 0.505882 0.090020
HEV_leg_&_glove.bmp
  33 -5.272980 -5.438827 2.184889 -0.790270 -0.489281 0.368886 0.478431 0.074364
  33 -5.192981 -5.748606 1.544782 -0.782758 -0.592068 0.191690 0.498039 0.050881
  33 -4.302981 -6.318674 1.744584 -0.554502 -0.773603 0.306701 0.521569 0.060665
HEV_leg_&_glove.bmp
  30 5.172579 -5.758596 1.544763 0.782758 -0.592069 0.191690 0.498039 0.050881
  30 5.252580 -5.438814 2.174873 0.791277 -0.493086 0.361589 0.478431 0.074364
  30 4.282581 -6.318663 1.734571 0.556297 -0.773696 0.303198 0.521569 0.060665
HEV_leg_&_glove.bmp
  30 4.282581 -6.318663 1.734571 0.556297 -0.773696 0.303198 0.521569 0.060665
  30 5.252580 -5.438814 2.174873 0.791277 -0.493086 0.361589 0.478431 0.074364
  30 4.292582 -6.008936 2.524678 0.534886 -0.509687 0.673882 0.505882 0.090020
HEV_leg_&_glove.bmp
  30 5.252580 -5.438814 2.174873 0.791277 -0.493086 0.361589 0.478431 0.074364
  30 5.342579 -4.708903 2.435125 0.478211 -0.265606 0.837119 0.447059 0.080235
  30 4.292582 -6.008936 2.524678 0.534886 -0.509687 0.673882 0.505882 0.090020
HEV_leg_&_glove.bmp
  30 4.292582 -6.008936 2.524678 0.534886 -0.509687 0.673882 0.505882 0.090020
  30 5.342579 -4.708903 2.435125 0.478211 -0.265606 0.837119 0.447059 0.080235
  30 4.332581 -5.259026 2.784937 0.327592 -0.103998 0.939078 0.470588 0.097847
HEV_leg_&_glove.bmp
  30 5.342579 -4.708903 2.435125 0.478211 -0.265606 0.837119 0.447059 0.080235
  30 4.292579 -4.099026 2.785338 0.253393 -0.280593 0.925775 0.423529 0.095890
  30 4.332581 -5.259026 2.784937 0.327592 -0.103998 0.939078 0.470588 0.097847
HEV_leg_&_glove.bmp
  30 4.332581 -5.259026 2.784937 0.327592 -0.103998 0.939078 0.470588 0.097847
  30 4.292579 -4.099026 2.785338 0.253393 -0.280593 0.925775 0.423529 0.095890
  30 3.262580 -4.339094 2.975257 -0.005400 -0.220611 0.975347 0.427451 0.127202
HEV_leg_&_glove.bmp
  33 -3.332978 -1.769535 4.236155 0.051297 -0.701963 -0.710363 0.521569 0.189824
  33 -5.242979 -1.309459 4.016316 -0.438212 -0.394610 -0.807622 0.396078 0.185910
  33 -4.992979 -1.039362 3.736409 -0.504424 -0.400919 -0.764736 0.396078 0.178082
HEV_leg_&_glove.bmp
  33 -4.992979 -1.039362 3.736409 -0.504424 -0.400919 -0.764736 0.396078 0.178082
  33 -5.242979 -1.309459 4.016316 -0.438212 -0.394610 -0.807622 0.396078 0.185910
  33 -5.322979 2.210489 4.167531 -0.644889 0.273696 -0.713588 0.129412 0.189824
HEV_leg_&_glove.bmp
  33 -5.242979 -1.309459 4.016316 -0.438212 -0.394610 -0.807622 0.396078 0.185910
  33 -5.812978 2.170371 4.507518 -0.255489 0.447782 -0.856865 0.152941 0.201566
  33 -5.322979 2.210489 4.167531 -0.644889 0.273696 -0.713588 0.129412 0.189824
HEV_leg_&_glove.bmp
  33 -5.322979 2.210489 4.167531 -0.644889 0.273696 -0.713588 0.129412 0.189824
  33 -5.812978 2.170371 4.507518 -0.255489 0.447782 -0.856865 0.152941 0.201566
  33 -4.772977 3.569995 5.598001 0.118794 0.614069 -0.780261 0.058824 0.213307
HEV_leg_&_glove.bmp
  33 -5.812978 2.170371 4.507518 -0.255489 0.447782 -0.856865 0.152941 0.201566
  33 -5.152977 3.780012 5.548073 0.377500 0.471300 -0.797101 0.074510 0.225049
  33 -4.772977 3.569995 5.598001 0.118794 0.614069 -0.780261 0.058824 0.213307
HEV_leg_&_glove.bmp
  33 -4.772977 3.569995 5.598001 0.118794 0.614069 -0.780261 0.058824 0.213307
  33 -5.152977 3.780012 5.548073 0.377500 0.471300 -0.797101 0.074510 0.225049
  32 -3.338653 4.766759 7.270483 0.006500 0.594887 -0.803783 0.000000 0.268102
HEV_leg_&_glove.bmp
  28 6.478344 -0.164996 23.123730 0.996520 -0.006400 -0.083102 0.294118 0.651663
  28 5.600544 2.231343 22.851101 0.838944 0.540628 -0.062403 0.137255 0.647750
  28 6.593943 -0.159588 24.602246 0.996520 -0.006400 -0.083102 0.294118 0.686888
HEV_leg_&_glove.bmp
  28 6.593943 -0.159588 24.602246 0.996520 -0.006400 -0.083102 0.294118 0.686888
  28 5.600544 2.231343 22.851101 0.838944 0.540628 -0.062403 0.137255 0.647750
  28 5.704484 2.387854 24.786380 0.644701 0.757800 -0.100500 0.137255 0.690802
HEV_leg_&_glove.bmp
  28 5.600544 2.231343 22.851101 0.838944 0.540628 -0.062403 0.137255 0.647750
  28 3.461340 3.244449 22.743772 0.240903 0.964111 -0.111601 0.000000 0.643836
  28 5.704484 2.387854 24.786380 0.644701 0.757800 -0.100500 0.137255 0.690802
HEV_leg_&_glove.bmp
  28 5.704484 2.387854 24.786380 0.644701 0.757800 -0.100500 0.137255 0.690802
  28 3.461340 3.244449 22.743772 0.240903 0.964111 -0.111601 0.000000 0.643836
  28 4.191889 3.233078 25.662653 0.449493 0.886386 -0.110798 0.035294 0.714286
HEV_leg_&_glove.bmp
  28 3.461340 3.244449 22.743772 0.240903 0.964111 -0.111601 0.000000 0.643836
  28 3.537133 3.738194 27.042454 -0.145901 0.982709 -0.114001 0.000000 0.745597
  28 4.191889 3.233078 25.662653 0.449493 0.886386 -0.110798 0.035294 0.714286
HEV_leg_&_glove.bmp
  33 -3.322978 -2.169673 4.636017 0.046299 -0.821386 0.568490 0.521569 0.201566
  32 -4.361457 -0.833770 5.485058 -0.463005 -0.756608 0.461705 0.423529 0.227006
  33 -5.242979 -1.309459 4.016316 -0.736495 -0.511896 0.442197 0.396078 0.185910
HEV_leg_&_glove.bmp
  33 -5.242979 -1.309459 4.016316 -0.736495 -0.511896 0.442197 0.396078 0.185910
  32 -4.361457 -0.833770 5.485058 -0.463005 -0.756608 0.461705 0.423529 0.227006
  32 -4.751711 -0.621911 5.460207 -0.692921 -0.649720 0.312609 0.388235 0.225049
HEV_leg_&_glove.bmp
  32 -4.361457 -0.833770 5.485058 -0.463005 -0.756608 0.461705 0.423529 0.227006
  32 -4.379051 -0.439518 7.013866 -0.502075 -0.860558 0.085796 0.400000 0.260274
  32 -4.751711 -0.621911 5.460207 -0.692921 -0.649720 0.312609 0.388235 0.225049
HEV_leg_&_glove.bmp
  32 -4.751711 -0.621911 5.460207 -0.692921 -0.649720 0.312609 0.388235 0.225049
  32 -4.379051 -0.439518 7.013866 -0.502075 -0.860558 0.085796 0.400000 0.260274
  32 -4.749355 -0.217653 6.990393 -0.779301 -0.623301 -0.064700 0.356863 0.260274
HEV_leg_&_glove.bmp
  32 -4.379051 -0.439518 7.013866 -0.502075 -0.860558 0.085796 0.400000 0.260274
  32 -4.685915 -1.013280 10.398010 -0.498997 -0.841494 -0.207099 0.427451 0.344423
  32 -4.749355 -0.217653 6.990393 -0.779301 -0.623301 -0.064700 0.356863 0.260274
HEV_leg_&_glove.bmp
  29 5.246180 3.985228 9.580211 0.771726 0.615420 -0.160305 0.070588 0.324853
  29 6.145698 1.487480 9.969216 0.964311 -0.182002 -0.192302 0.192157 0.332681
  29 5.531556 1.564722 6.830336 0.993877 0.020399 -0.108597 0.176471 0.256360
HEV_leg_&_glove.bmp
  29 5.531556 1.564722 6.830336 0.993877 0.020399 -0.108597 0.176471 0.256360
  29 6.145698 1.487480 9.969216 0.964311 -0.182002 -0.192302 0.192157 0.332681
  29 4.739177 -0.208701 7.001529 0.778882 -0.623886 -0.064099 0.356863 0.260274
HEV_leg_&_glove.bmp
  29 6.145698 1.487480 9.969216 0.964311 -0.182002 -0.192302 0.192157 0.332681
  29 5.255333 -0.799029 10.923377 0.656705 -0.723706 -0.212102 0.368627 0.350294
  29 4.739177 -0.208701 7.001529 0.778882 -0.623886 -0.064099 0.356863 0.260274
HEV_leg_&_glove.bmp
  29 4.739177 -0.208701 7.001529 0.778882 -0.623886 -0.064099 0.356863 0.260274
  29 5.255333 -0.799029 10.923377 0.656705 -0.723706 -0.212102 0.368627 0.350294
  29 4.675532 -1.013242 10.398169 0.497513 -0.842124 -0.208106 0.427451 0.344423
HEV_leg_&_glove.bmp
  29 5.255333 -0.799029 10.923377 0.656705 -0.723706 -0.212102 0.368627 0.350294
  29 3.802991 -1.904554 11.567286 0.518082 -0.820473 -0.241692 0.482353 0.365949
  29 4.675532 -1.013242 10.398169 0.497513 -0.842124 -0.208106 0.427451 0.344423
HEV_leg_&_glove.bmp
  32 -4.204720 -1.323883 5.758595 -0.604780 -0.674777 -0.422986 0.447059 0.234834
  32 -3.243674 -1.866429 5.799024 0.073596 -0.941952 -0.327583 0.525490 0.234834
  32 -4.207290 -1.072875 7.021404 -0.771464 -0.636270 -0.001700 0.423529 0.264188
HEV_leg_&_glove.bmp
  32 -4.207290 -1.072875 7.021404 -0.771464 -0.636270 -0.001700 0.423529 0.264188
  32 -3.243674 -1.866429 5.799024 0.073596 -0.941952 -0.327583 0.525490 0.234834
  32 -3.246488 -1.637380 7.079659 0.015100 -0.998922 -0.043901 0.529412 0.264188
HEV_leg_&_glove.bmp
  32 -3.243674 -1.866429 5.799024 0.073596 -0.941952 -0.327583 0.525490 0.234834
  32 -2.336997 -1.043347 7.016016 0.770983 -0.636587 -0.018500 0.631373 0.264188
  32 -3.246488 -1.637380 7.079659 0.015100 -0.998922 -0.043901 0.529412 0.264188
HEV_leg_&_glove.bmp
  32 -3.246488 -1.637380 7.079659 0.015100 -0.998922 -0.043901 0.529412 0.264188
  32 -2.336997 -1.043347 7.016016 0.770983 -0.636587 -0.018500 0.631373 0.264188
  32 -2.944663 -2.226708 11.126114 0.380098 -0.905095 0.190599 0.545098 0.356164
HEV_leg_&_glove.bmp
  32 -2.336997 -1.043347 7.016016 0.770983 -0.636587 -0.018500 0.631373 0.264188
  32 -2.179645 -1.456504 10.133122 0.830006 -0.553704 0.067100 0.603922 0.336595
  32 -2.944663 -2.226708 11.126114 0.380098 -0.905095 0.190599 0.545098 0.356164
HEV_leg_&_glove.bmp
  29 3.246095 -1.637373 7.079649 -0.015501 -0.998911 -0.044001 0.525490 0.266145
  29 4.206896 -1.072867 7.021391 0.764717 -0.643515 -0.033101 0.631373 0.264188
  29 3.734236 -2.249952 11.120326 0.367107 -0.912219 0.181904 0.545098 0.356164
HEV_leg_&_glove.bmp
  29 3.246095 -1.637373 7.079649 -0.015501 -0.998911 -0.044001 0.525490 0.266145
  29 3.253276 -1.866453 5.798840 0.034198 -0.942947 -0.331182 0.525490 0.234834
  29 4.206896 -1.072867 7.021391 0.764717 -0.643515 -0.033101 0.631373 0.264188
HEV_leg_&_glove.bmp
  29 3.246095 -1.637373 7.079649 -0.015501 -0.998911 -0.044001 0.525490 0.266145
  29 2.326604 -1.043313 7.016182 -0.775584 -0.631186 0.008600 0.423529 0.264188
  29 3.253276 -1.866453 5.798840 0.034198 -0.942947 -0.331182 0.525490 0.234834
HEV_leg_&_glove.bmp
  29 3.246095 -1.637373 7.079649 -0.015501 -0.998911 -0.044001 0.525490 0.266145
  29 2.934284 -2.226673 11.126277 -0.532510 -0.837715 0.121102 0.486275 0.356164
  29 2.326604 -1.043313 7.016182 -0.775584 -0.631186 0.008600 0.423529 0.264188
HEV_leg_&_glove.bmp
  29 3.246095 -1.637373 7.079649 -0.015501 -0.998911 -0.044001 0.525490 0.266145
  29 3.734236 -2.249952 11.120326 0.367107 -0.912219 0.181904 0.545098 0.356164
  29 2.934284 -2.226673 11.126277 -0.532510 -0.837715 0.121102 0.486275 0.356164
HEV_leg_&_glove.bmp
  32 -3.364987 -2.709785 14.115539 0.023000 -0.969827 0.242707 0.513725 0.424658
  32 -1.940496 -1.848120 13.143245 0.721627 -0.664425 -0.194407 0.611765 0.399217
  32 -1.830546 -2.113159 14.927528 0.347813 -0.853732 0.387514 0.607843 0.442270
HEV_leg_&_glove.bmp
  32 -3.364987 -2.709785 14.115539 0.023000 -0.969827 0.242707 0.513725 0.424658
  32 -2.934074 -2.386195 12.276136 0.434014 -0.779825 -0.451115 0.545098 0.379648
  32 -1.940496 -1.848120 13.143245 0.721627 -0.664425 -0.194407 0.611765 0.399217
HEV_leg_&_glove.bmp
  32 -3.364987 -2.709785 14.115539 0.023000 -0.969827 0.242707 0.513725 0.424658
  32 -3.754117 -2.389641 12.271905 -0.263114 -0.808743 -0.526028 0.486275 0.379648
  32 -2.934074 -2.386195 12.276136 0.434014 -0.779825 -0.451115 0.545098 0.379648
HEV_leg_&_glove.bmp
  32 -3.364987 -2.709785 14.115539 0.023000 -0.969827 0.242707 0.513725 0.424658
  32 -4.770736 -1.860581 13.134100 -0.659895 -0.691195 -0.294598 0.415686 0.399217
  32 -3.754117 -2.389641 12.271905 -0.263114 -0.808743 -0.526028 0.486275 0.379648
HEV_leg_&_glove.bmp
  32 -3.364987 -2.709785 14.115539 0.023000 -0.969827 0.242707 0.513725 0.424658
  32 -4.970954 -2.117619 14.924001 -0.630090 -0.771987 0.083799 0.415686 0.442270
  32 -4.770736 -1.860581 13.134100 -0.659895 -0.691195 -0.294598 0.415686 0.399217
HEV_leg_&_glove.bmp
  29 3.354619 -2.709749 14.115702 0.014999 -0.970163 0.241991 0.513725 0.424658
  29 4.770361 -1.860571 13.134085 0.704922 -0.674821 -0.218407 0.615686 0.399217
  29 4.960492 -2.137473 14.922094 0.342900 -0.861101 0.375400 0.607843 0.442270
HEV_leg_&_glove.bmp
  29 3.354619 -2.709749 14.115702 0.014999 -0.970163 0.241991 0.513725 0.424658
  29 3.743742 -2.389604 12.272066 0.416313 -0.785025 -0.458715 0.545098 0.379648
  29 4.770361 -1.860571 13.134085 0.704922 -0.674821 -0.218407 0.615686 0.399217
HEV_leg_&_glove.bmp
  29 3.354619 -2.709749 14.115702 0.014999 -0.970163 0.241991 0.513725 0.424658
  29 2.923530 -2.385127 12.266355 -0.277498 -0.807192 -0.520995 0.486275 0.379648
  29 3.743742 -2.389604 12.272066 0.416313 -0.785025 -0.458715 0.545098 0.379648
HEV_leg_&_glove.bmp
  29 3.354619 -2.709749 14.115702 0.014999 -0.970163 0.241991 0.513725 0.424658
  29 1.939952 -1.847083 13.133294 -0.677770 -0.681269 -0.276588 0.419608 0.399217
  29 2.923530 -2.385127 12.266355 -0.277498 -0.807192 -0.520995 0.486275 0.379648
HEV_leg_&_glove.bmp
  29 3.354619 -2.709749 14.115702 0.014999 -0.970163 0.241991 0.513725 0.424658
  29 1.810179 -2.113096 14.927867 -0.641492 -0.759390 0.108698 0.415686 0.442270
  29 1.939952 -1.847083 13.133294 -0.677770 -0.681269 -0.276588 0.419608 0.399217
HEV_leg_&_glove.bmp
  31 -6.297368 1.813848 26.760815 -0.928485 -0.365494 -0.065799 0.184314 0.741683
  31 -6.227976 1.490088 27.430116 -0.881943 -0.048802 -0.468823 0.200000 0.759295
  31 -6.421179 1.866561 28.127999 -0.967645 -0.042502 -0.248711 0.184314 0.772994
HEV_leg_&_glove.bmp
  31 -6.421179 1.866561 28.127999 -0.967645 -0.042502 -0.248711 0.184314 0.772994
  31 -6.227976 1.490088 27.430116 -0.881943 -0.048802 -0.468823 0.200000 0.759295
  31 -7.126637 -0.163967 28.204720 -0.814390 -0.024699 -0.579793 0.286275 0.772994
HEV_leg_&_glove.bmp
  31 -6.227976 1.490088 27.430116 -0.881943 -0.048802 -0.468823 0.200000 0.759295
  31 -6.120164 -2.086876 27.588252 -0.866800 -0.007400 -0.498600 0.380392 0.759295
  31 -7.126637 -0.163967 28.204720 -0.814390 -0.024699 -0.579793 0.286275 0.772994
HEV_leg_&_glove.bmp
  31 -7.126637 -0.163967 28.204720 -0.814390 -0.024699 -0.579793 0.286275 0.772994
  31 -6.120164 -2.086876 27.588252 -0.866800 -0.007400 -0.498600 0.380392 0.759295
  31 -6.350921 -2.471020 28.273806 -0.954467 0.017700 -0.297790 0.388235 0.772994
HEV_leg_&_glove.bmp
  31 -6.120164 -2.086876 27.588252 -0.866800 -0.007400 -0.498600 0.380392 0.759295
  31 -6.186943 -2.523856 26.897318 -0.934407 0.336303 -0.117401 0.396078 0.741683
  31 -6.350921 -2.471020 28.273806 -0.954467 0.017700 -0.297790 0.388235 0.772994
HEV_leg_&_glove.bmp
  28 6.507510 -2.322523 31.538927 0.938932 0.343111 -0.026101 0.380392 0.855186
  28 6.380492 -1.915599 32.221627 0.899175 -0.000700 -0.437588 0.372549 0.870841
  28 6.521316 -2.279483 32.908254 0.978362 0.017099 -0.206192 0.380392 0.884540
HEV_leg_&_glove.bmp
  28 6.521316 -2.279483 32.908254 0.978362 0.017099 -0.206192 0.380392 0.884540
  28 6.380492 -1.915599 32.221627 0.899175 -0.000700 -0.437588 0.372549 0.870841
  28 7.286751 -0.082367 32.841995 0.840431 -0.020801 -0.541520 0.278431 0.882583
HEV_leg_&_glove.bmp
  28 6.380492 -1.915599 32.221627 0.899175 -0.000700 -0.437588 0.372549 0.870841
  28 6.388486 1.661900 32.075216 0.899175 -0.000700 -0.437588 0.192157 0.870841
  28 7.286751 -0.082367 32.841995 0.840431 -0.020801 -0.541520 0.278431 0.882583
HEV_leg_&_glove.bmp
  28 7.286751 -0.082367 32.841995 0.840431 -0.020801 -0.541520 0.278431 0.882583
  28 6.388486 1.661900 32.075216 0.899175 -0.000700 -0.437588 0.192157 0.870841
  28 6.551423 2.067971 32.752901 0.978662 -0.029199 -0.203392 0.176471 0.882583
HEV_leg_&_glove.bmp
  28 6.388486 1.661900 32.075216 0.899175 -0.000700 -0.437588 0.192157 0.870841
  28 6.527594 2.014964 31.383988 0.948900 -0.315400 -0.010600 0.176471 0.855186
  28 6.551423 2.067971 32.752901 0.978662 -0.029199 -0.203392 0.176471 0.882583
HEV_leg_&_glove.bmp
  28 6.578471 -2.196003 33.885682 0.938932 0.343111 -0.026101 0.372549 0.909980
  28 6.441379 -1.819041 34.569279 0.899175 -0.000700 -0.437588 0.364706 0.927593
  28 6.592277 -2.152963 35.255009 0.978362 0.017099 -0.206192 0.372549 0.941292
HEV_leg_&_glove.bmp
  28 6.592277 -2.152963 35.255009 0.978362 0.017099 -0.206192 0.372549 0.941292
  28 6.441379 -1.819041 34.569279 0.899175 -0.000700 -0.437588 0.364706 0.927593
  28 7.327616 0.004253 35.190234 0.840431 -0.020801 -0.541520 0.278431 0.941292
HEV_leg_&_glove.bmp
  28 6.441379 -1.819041 34.569279 0.899175 -0.000700 -0.437588 0.364706 0.927593
  28 6.409527 1.748820 34.433796 0.899175 -0.000700 -0.437588 0.192157 0.927593
  28 7.327616 0.004253 35.190234 0.840431 -0.020801 -0.541520 0.278431 0.941292
HEV_leg_&_glove.bmp
  28 7.327616 0.004253 35.190234 0.840431 -0.020801 -0.541520 0.278431 0.941292
  28 6.409527 1.748820 34.433796 0.899175 -0.000700 -0.437588 0.192157 0.927593
  28 6.572541 2.184882 35.110757 0.978662 -0.029199 -0.203392 0.176471 0.941292
HEV_leg_&_glove.bmp
  28 6.409527 1.748820 34.433796 0.899175 -0.000700 -0.437588 0.192157 0.927593
  28 6.538738 2.141901 33.741776 0.948900 -0.315400 -0.010600 0.176471 0.909980
  28 6.572541 2.184882 35.110757 0.978662 -0.029199 -0.203392 0.176471 0.941292
HEV_leg_&_glove.bmp
  28 6.437319 -2.418088 29.231430 0.938932 0.343111 -0.026101 0.388235 0.800391
  28 6.320325 -2.001196 29.913716 0.899175 -0.000700 -0.437588 0.380392 0.814090
  28 6.471147 -2.365110 30.600171 0.978362 0.017099 -0.206192 0.388235 0.827789
HEV_leg_&_glove.bmp
  28 6.471147 -2.365110 30.600171 0.978362 0.017099 -0.206192 0.388235 0.827789
  28 6.320325 -2.001196 29.913716 0.899175 -0.000700 -0.437588 0.380392 0.814090
  28 7.256481 -0.138302 30.522845 0.840431 -0.020801 -0.541520 0.286275 0.827789
HEV_leg_&_glove.bmp
  28 6.320325 -2.001196 29.913716 0.899175 -0.000700 -0.437588 0.380392 0.814090
  28 6.368312 1.576185 29.766613 0.899607 -0.037301 -0.435104 0.192157 0.814090
  28 7.256481 -0.138302 30.522845 0.840431 -0.020801 -0.541520 0.286275 0.827789
HEV_leg_&_glove.bmp
  28 7.256481 -0.138302 30.522845 0.840431 -0.020801 -0.541520 0.286275 0.827789
  28 6.368312 1.576185 29.766613 0.899607 -0.037301 -0.435104 0.192157 0.814090
  28 6.521400 1.972530 30.454709 0.978662 -0.029199 -0.203392 0.176471 0.827789
HEV_leg_&_glove.bmp
  28 6.368312 1.576185 29.766613 0.899607 -0.037301 -0.435104 0.192157 0.814090
  28 6.497422 1.929278 29.075559 0.935876 -0.352291 -0.005200 0.184314 0.800391
  28 6.521400 1.972530 30.454709 0.978662 -0.029199 -0.203392 0.176471 0.827789
HEV_leg_&_glove.bmp
  31 -6.537773 2.024677 31.373596 -0.949373 -0.313891 -0.012800 0.176471 0.855186
  31 -6.408661 1.671584 32.064651 -0.895518 -0.003700 -0.445009 0.192157 0.870841
  31 -6.561920 2.068169 32.762742 -0.979262 -0.029799 -0.200392 0.176471 0.882583
HEV_leg_&_glove.bmp
  31 -6.561920 2.068169 32.762742 -0.979262 -0.029799 -0.200392 0.176471 0.882583
  31 -6.408661 1.671584 32.064651 -0.895518 -0.003700 -0.445009 0.192157 0.870841
  31 -7.286750 -0.072867 32.821782 -0.839587 -0.021699 -0.542792 0.278431 0.882583
HEV_leg_&_glove.bmp
  31 -6.408661 1.671584 32.064651 -0.895518 -0.003700 -0.445009 0.192157 0.870841
  31 -6.390661 -1.905886 32.211235 -0.895518 -0.003700 -0.445009 0.372549 0.870841
  31 -7.286750 -0.072867 32.821782 -0.839587 -0.021699 -0.542792 0.278431 0.882583
HEV_leg_&_glove.bmp
  31 -7.286750 -0.072867 32.821782 -0.839587 -0.021699 -0.542792 0.278431 0.882583
  31 -6.390661 -1.905886 32.211235 -0.895518 -0.003700 -0.445009 0.372549 0.870841
  31 -6.551653 -2.269588 32.907512 -0.975287 0.015500 -0.220397 0.380392 0.884540
HEV_leg_&_glove.bmp
  31 -6.390661 -1.905886 32.211235 -0.895518 -0.003700 -0.445009 0.372549 0.870841
  31 -6.527679 -2.312840 31.528362 -0.944922 0.326308 -0.025401 0.380392 0.855186
  31 -6.551653 -2.269588 32.907512 -0.975287 0.015500 -0.220397 0.380392 0.884540
HEV_leg_&_glove.bmp
  31 -6.548885 2.141617 33.731626 -0.949373 -0.313891 -0.012800 0.176471 0.909980
  31 -6.419523 1.758292 34.413408 -0.895518 -0.003700 -0.445009 0.192157 0.927593
  31 -6.572711 2.194624 35.100539 -0.979262 -0.029799 -0.200392 0.176471 0.941292
HEV_leg_&_glove.bmp
  31 -6.572711 2.194624 35.100539 -0.979262 -0.029799 -0.200392 0.176471 0.941292
  31 -6.419523 1.758292 34.413408 -0.895518 -0.003700 -0.445009 0.192157 0.927593
  31 -7.337582 0.003726 35.170090 -0.839587 -0.021699 -0.542792 0.278431 0.941292
HEV_leg_&_glove.bmp
  31 -6.419523 1.758292 34.413408 -0.895518 -0.003700 -0.445009 0.192157 0.927593
  31 -6.451516 -1.819325 34.559129 -0.895518 -0.003700 -0.445009 0.364706 0.927593
  31 -7.337582 0.003726 35.170090 -0.839587 -0.021699 -0.542792 0.278431 0.941292
HEV_leg_&_glove.bmp
  31 -7.337582 0.003726 35.170090 -0.839587 -0.021699 -0.542792 0.278431 0.941292
  31 -6.451516 -1.819325 34.559129 -0.895518 -0.003700 -0.445009 0.364706 0.927593
  31 -6.602412 -2.153248 35.244859 -0.975287 0.015500 -0.220397 0.372549 0.941292
HEV_leg_&_glove.bmp
  31 -6.451516 -1.819325 34.559129 -0.895518 -0.003700 -0.445009 0.364706 0.927593
  31 -6.578785 -2.196017 33.885700 -0.928009 0.371704 -0.025200 0.372549 0.909980
  31 -6.602412 -2.153248 35.244859 -0.975287 0.015500 -0.220397 0.372549 0.941292
HEV_leg_&_glove.bmp
  28 6.186783 -2.523602 26.907296 0.942273 0.322691 -0.089397 0.396078 0.741683
  28 6.119955 -2.106616 27.598714 0.868980 -0.016000 -0.494589 0.380392 0.759295
  28 6.340741 -2.480733 28.284198 0.956589 0.005000 -0.291397 0.388235 0.772994
HEV_leg_&_glove.bmp
  28 6.340741 -2.480733 28.284198 0.956589 0.005000 -0.291397 0.388235 0.772994
  28 6.119955 -2.106616 27.598714 0.868980 -0.016000 -0.494589 0.380392 0.759295
  28 7.116130 -0.164164 28.194878 0.816392 -0.026400 -0.576894 0.286275 0.772994
HEV_leg_&_glove.bmp
  28 6.119955 -2.106616 27.598714 0.868980 -0.016000 -0.494589 0.380392 0.759295
  28 6.237808 1.490312 27.439921 0.881845 -0.049603 -0.468924 0.200000 0.759295
  28 7.116130 -0.164164 28.194878 0.816392 -0.026400 -0.576894 0.286275 0.772994
HEV_leg_&_glove.bmp
  28 7.116130 -0.164164 28.194878 0.816392 -0.026400 -0.576894 0.286275 0.772994
  28 6.237808 1.490312 27.439921 0.881845 -0.049603 -0.468924 0.200000 0.759295
  28 6.430789 1.846551 28.128291 0.967725 -0.043601 -0.248207 0.184314 0.772994
HEV_leg_&_glove.bmp
  28 6.237808 1.490312 27.439921 0.881845 -0.049603 -0.468924 0.200000 0.759295
  28 6.317023 1.813802 26.760451 0.928437 -0.365615 -0.065803 0.184314 0.741683
  28 6.430789 1.846551 28.128291 0.967725 -0.043601 -0.248207 0.184314 0.772994
HEV_leg_&_glove.bmp
  31 -6.497609 1.939021 29.065340 -0.935876 -0.352291 -0.005200 0.184314 0.800391
  31 -6.368670 1.586169 29.766389 -0.900713 -0.038500 -0.432706 0.192157 0.814090
  31 -6.521583 1.982272 30.444490 -0.979262 -0.029799 -0.200392 0.176471 0.827789
HEV_leg_&_glove.bmp
  31 -6.521583 1.982272 30.444490 -0.979262 -0.029799 -0.200392 0.176471 0.827789
  31 -6.368670 1.586169 29.766389 -0.900713 -0.038500 -0.432706 0.192157 0.814090
  31 -7.246637 -0.138529 30.513043 -0.839587 -0.021699 -0.542792 0.286275 0.827789
HEV_leg_&_glove.bmp
  31 -6.368670 1.586169 29.766389 -0.900713 -0.038500 -0.432706 0.192157 0.814090
  31 -6.330500 -1.991483 29.903324 -0.895518 -0.003700 -0.445009 0.380392 0.814090
  31 -7.246637 -0.138529 30.513043 -0.839587 -0.021699 -0.542792 0.286275 0.827789
HEV_leg_&_glove.bmp
  31 -7.246637 -0.138529 30.513043 -0.839587 -0.021699 -0.542792 0.286275 0.827789
  31 -6.330500 -1.991483 29.903324 -0.895518 -0.003700 -0.445009 0.380392 0.814090
  31 -6.501292 -2.365453 30.589674 -0.975287 0.015500 -0.220397 0.388235 0.827789
HEV_leg_&_glove.bmp
  31 -6.330500 -1.991483 29.903324 -0.895518 -0.003700 -0.445009 0.380392 0.814090
  31 -6.457693 -2.398166 29.230619 -0.944922 0.326308 -0.025401 0.388235 0.800391
  31 -6.501292 -2.365453 30.589674 -0.975287 0.015500 -0.220397 0.388235 0.827789
HEV_leg_&_glove.bmp
  30 4.992575 -1.039353 3.736393 0.503473 -0.401878 -0.764859 0.396078 0.178082
  30 5.332570 2.210499 4.167515 0.649292 0.271596 -0.710391 0.129412 0.189824
  30 5.232576 -1.309453 4.026299 0.440005 -0.395705 -0.806110 0.396078 0.185910
HEV_leg_&_glove.bmp
  30 5.232576 -1.309453 4.026299 0.440005 -0.395705 -0.806110 0.396078 0.185910
  30 5.332570 2.210499 4.167515 0.649292 0.271596 -0.710391 0.129412 0.189824
  30 5.812571 2.170379 4.517500 0.259296 0.446892 -0.856185 0.152941 0.201566
HEV_leg_&_glove.bmp
  30 5.332570 2.210499 4.167515 0.649292 0.271596 -0.710391 0.129412 0.189824
  30 4.782570 3.560004 5.597982 -0.121799 0.611396 -0.781895 0.058824 0.213307
  30 5.812571 2.170379 4.517500 0.259296 0.446892 -0.856185 0.152941 0.201566
HEV_leg_&_glove.bmp
  30 5.812571 2.170379 4.517500 0.259296 0.446892 -0.856185 0.152941 0.201566
  30 4.782570 3.560004 5.597982 -0.121799 0.611396 -0.781895 0.058824 0.213307
  30 5.152570 3.780022 5.548057 -0.384207 0.465309 -0.797416 0.074510 0.225049
HEV_leg_&_glove.bmp
  30 4.782570 3.560004 5.597982 -0.121799 0.611396 -0.781895 0.058824 0.213307
  29 3.338464 4.775679 7.281449 -0.006300 0.588778 -0.808270 0.000000 0.268102
  30 5.152570 3.780022 5.548057 -0.384207 0.465309 -0.797416 0.074510 0.225049
HEV_leg_&_glove.bmp
  31 -6.852728 -0.158526 25.087968 -0.996675 -0.005500 -0.081298 0.286275 0.698630
  31 -6.297368 1.813848 26.760815 -0.943488 0.322096 -0.077999 0.184314 0.741683
  31 -5.943724 2.429446 25.291470 -0.826137 0.553825 -0.103805 0.145098 0.702544
HEV_leg_&_glove.bmp
  31 -6.852728 -0.158526 25.087968 -0.996675 -0.005500 -0.081298 0.286275 0.698630
  31 -7.012803 -0.156968 26.825919 -0.996675 -0.005500 -0.081298 0.286275 0.741683
  31 -6.297368 1.813848 26.760815 -0.943488 0.322096 -0.077999 0.184314 0.741683
HEV_leg_&_glove.bmp
  31 -6.852728 -0.158526 25.087968 -0.996675 -0.005500 -0.081298 0.286275 0.698630
  31 -6.186943 -2.523856 26.897318 -0.935998 -0.338999 -0.094800 0.396078 0.741683
  31 -7.012803 -0.156968 26.825919 -0.996675 -0.005500 -0.081298 0.286275 0.741683
HEV_leg_&_glove.bmp
  31 -6.852728 -0.158526 25.087968 -0.996675 -0.005500 -0.081298 0.286275 0.698630
  31 -5.938408 -2.742193 25.286181 -0.819981 -0.561287 -0.112197 0.411765 0.706458
  31 -6.186943 -2.523856 26.897318 -0.935998 -0.338999 -0.094800 0.396078 0.741683
HEV_leg_&_glove.bmp
  28 6.578471 -2.196003 33.885682 0.916638 -0.399717 0.000500 0.372549 0.909980
  28 7.286751 -0.082367 32.841995 0.999846 0.001200 -0.017501 0.278431 0.882583
  28 7.303638 -0.038999 33.811084 0.999846 0.001200 -0.017501 0.278431 0.909980
HEV_leg_&_glove.bmp
  28 7.303638 -0.038999 33.811084 0.999846 0.001200 -0.017501 0.278431 0.909980
  28 7.286751 -0.082367 32.841995 0.999846 0.001200 -0.017501 0.278431 0.882583
  28 6.538738 2.141901 33.741776 0.909061 0.416082 -0.021999 0.176471 0.909980
HEV_leg_&_glove.bmp
  28 7.286751 -0.082367 32.841995 0.999846 0.001200 -0.017501 0.278431 0.882583
  28 6.551423 2.067971 32.752901 0.938932 0.343111 -0.026101 0.176471 0.882583
  28 6.538738 2.141901 33.741776 0.909061 0.416082 -0.021999 0.176471 0.909980
HEV_leg_&_glove.bmp
  28 6.538738 2.141901 33.741776 0.909061 0.416082 -0.021999 0.176471 0.909980
  28 6.551423 2.067971 32.752901 0.938932 0.343111 -0.026101 0.176471 0.882583
  28 6.527594 2.014964 31.383988 0.938932 0.343111 -0.026101 0.176471 0.855186
HEV_leg_&_glove.bmp
  28 6.852384 -0.158512 25.087949 0.996520 -0.006400 -0.083102 0.286275 0.698630
  28 6.186783 -2.523602 26.907296 0.944133 -0.321512 -0.072403 0.396078 0.741683
  28 5.938219 -2.751936 25.296402 0.823994 -0.555996 -0.109099 0.411765 0.706458
HEV_leg_&_glove.bmp
  28 6.852384 -0.158512 25.087949 0.996520 -0.006400 -0.083102 0.286275 0.698630
  28 6.992442 -0.166892 26.826487 0.996520 -0.006400 -0.083102 0.286275 0.741683
  28 6.186783 -2.523602 26.907296 0.944133 -0.321512 -0.072403 0.396078 0.741683
HEV_leg_&_glove.bmp
  28 6.852384 -0.158512 25.087949 0.996520 -0.006400 -0.083102 0.286275 0.698630
  28 6.317023 1.813802 26.760451 0.942273 0.322691 -0.089397 0.184314 0.741683
  28 6.992442 -0.166892 26.826487 0.996520 -0.006400 -0.083102 0.286275 0.741683
HEV_leg_&_glove.bmp
  28 6.852384 -0.158512 25.087949 0.996520 -0.006400 -0.083102 0.286275 0.698630
  28 5.943376 2.429458 25.291453 0.826688 0.552891 -0.104398 0.145098 0.702544
  28 6.317023 1.813802 26.760451 0.942273 0.322691 -0.089397 0.184314 0.741683
HEV_leg_&_glove.bmp
  28 7.116130 -0.164164 28.194878 0.996520 -0.006400 -0.083102 0.286275 0.772994
  28 6.437319 -2.418088 29.231430 0.944133 -0.321512 -0.072403 0.388235 0.800391
  28 6.340741 -2.480733 28.284198 0.944133 -0.321512 -0.072403 0.388235 0.772994
HEV_leg_&_glove.bmp
  28 7.116130 -0.164164 28.194878 0.996520 -0.006400 -0.083102 0.286275 0.772994
  28 7.202682 -0.181225 29.154210 0.996520 -0.006400 -0.083102 0.286275 0.800391
  28 6.437319 -2.418088 29.231430 0.944133 -0.321512 -0.072403 0.388235 0.800391
HEV_leg_&_glove.bmp
  28 7.116130 -0.164164 28.194878 0.996520 -0.006400 -0.083102 0.286275 0.772994
  28 6.497422 1.929278 29.075559 0.942273 0.322691 -0.089397 0.184314 0.800391
  28 7.202682 -0.181225 29.154210 0.996520 -0.006400 -0.083102 0.286275 0.800391
HEV_leg_&_glove.bmp
  28 7.116130 -0.164164 28.194878 0.996520 -0.006400 -0.083102 0.286275 0.772994
  28 6.430789 1.846551 28.128291 0.942273 0.322691 -0.089397 0.184314 0.772994
  28 6.497422 1.929278 29.075559 0.942273 0.322691 -0.089397 0.184314 0.800391
HEV_leg_&_glove.bmp
  31 -7.126637 -0.163967 28.204720 -0.996675 -0.005500 -0.081298 0.286275 0.772994
  31 -6.497609 1.939021 29.065340 -0.943488 0.322096 -0.077999 0.184314 0.800391
  31 -6.421179 1.866561 28.127999 -0.943488 0.322096 -0.077999 0.184314 0.772994
HEV_leg_&_glove.bmp
  31 -7.126637 -0.163967 28.204720 -0.996675 -0.005500 -0.081298 0.286275 0.772994
  31 -7.213037 -0.171272 29.153816 -0.996675 -0.005500 -0.081298 0.286275 0.800391
  31 -6.497609 1.939021 29.065340 -0.943488 0.322096 -0.077999 0.184314 0.800391
HEV_leg_&_glove.bmp
  31 -7.126637 -0.163967 28.204720 -0.996675 -0.005500 -0.081298 0.286275 0.772994
  31 -6.457693 -2.398166 29.230619 -0.946083 -0.316294 -0.069899 0.388235 0.800391
  31 -7.213037 -0.171272 29.153816 -0.996675 -0.005500 -0.081298 0.286275 0.800391
HEV_leg_&_glove.bmp
  31 -7.126637 -0.163967 28.204720 -0.996675 -0.005500 -0.081298 0.286275 0.772994
  31 -6.350921 -2.471020 28.273806 -0.946083 -0.316294 -0.069899 0.388235 0.772994
  31 -6.457693 -2.398166 29.230619 -0.946083 -0.316294 -0.069899 0.388235 0.800391
HEV_leg_&_glove.bmp
  31 -7.246637 -0.138529 30.513043 -0.999847 0.000600 -0.017501 0.286275 0.827789
  31 -6.537773 2.024677 31.373596 -0.944922 0.326308 -0.025401 0.176471 0.855186
  31 -6.521583 1.982272 30.444490 -0.944922 0.326308 -0.025401 0.176471 0.827789
HEV_leg_&_glove.bmp
  31 -7.246637 -0.138529 30.513043 -0.999847 0.000600 -0.017501 0.286275 0.827789
  31 -7.272999 -0.095913 31.451972 -0.999847 0.000600 -0.017501 0.286275 0.855186
  31 -6.537773 2.024677 31.373596 -0.944922 0.326308 -0.025401 0.176471 0.855186
HEV_leg_&_glove.bmp
  31 -7.246637 -0.138529 30.513043 -0.999847 0.000600 -0.017501 0.286275 0.827789
  31 -6.527679 -2.312840 31.528362 -0.949373 -0.313891 -0.012800 0.380392 0.855186
  31 -7.272999 -0.095913 31.451972 -0.999847 0.000600 -0.017501 0.286275 0.855186
HEV_leg_&_glove.bmp
  31 -7.246637 -0.138529 30.513043 -0.999847 0.000600 -0.017501 0.286275 0.827789
  31 -6.501292 -2.365453 30.589674 -0.949373 -0.313891 -0.012800 0.388235 0.827789
  31 -6.527679 -2.312840 31.528362 -0.949373 -0.313891 -0.012800 0.380392 0.855186
HEV_leg_&_glove.bmp
  31 -7.286750 -0.072867 32.821782 -0.999847 0.000600 -0.017501 0.278431 0.882583
  31 -6.548885 2.141617 33.731626 -0.907714 0.419007 -0.022100 0.176471 0.909980
  31 -6.561920 2.068169 32.762742 -0.928009 0.371704 -0.025200 0.176471 0.882583
HEV_leg_&_glove.bmp
  31 -7.286750 -0.072867 32.821782 -0.999847 0.000600 -0.017501 0.278431 0.882583
  31 -7.313955 -0.039044 33.810932 -0.999847 0.000600 -0.017501 0.278431 0.909980
  31 -6.548885 2.141617 33.731626 -0.907714 0.419007 -0.022100 0.176471 0.909980
HEV_leg_&_glove.bmp
  31 -7.286750 -0.072867 32.821782 -0.999847 0.000600 -0.017501 0.278431 0.882583
  31 -6.578785 -2.196017 33.885700 -0.912735 -0.408515 0.005500 0.372549 0.909980
  31 -7.313955 -0.039044 33.810932 -0.999847 0.000600 -0.017501 0.278431 0.909980
HEV_leg_&_glove.bmp
  31 -7.286750 -0.072867 32.821782 -0.999847 0.000600 -0.017501 0.278431 0.882583
  31 -6.551653 -2.269588 32.907512 -0.949373 -0.313891 -0.012800 0.380392 0.884540
  31 -6.578785 -2.196017 33.885700 -0.912735 -0.408515 0.005500 0.372549 0.909980
HEV_leg_&_glove.bmp
  28 7.256481 -0.138302 30.522845 0.999846 0.001200 -0.017501 0.286275 0.827789
  28 6.507510 -2.322523 31.538927 0.948900 -0.315400 -0.010600 0.380392 0.855186
  28 6.471147 -2.365110 30.600171 0.948900 -0.315400 -0.010600 0.388235 0.827789
HEV_leg_&_glove.bmp
  28 7.256481 -0.138302 30.522845 0.999846 0.001200 -0.017501 0.286275 0.827789
  28 7.262799 -0.115622 31.462603 0.999846 0.001200 -0.017501 0.286275 0.855186
  28 6.507510 -2.322523 31.538927 0.948900 -0.315400 -0.010600 0.380392 0.855186
HEV_leg_&_glove.bmp
  28 7.256481 -0.138302 30.522845 0.999846 0.001200 -0.017501 0.286275 0.827789
  28 6.527594 2.014964 31.383988 0.938932 0.343111 -0.026101 0.176471 0.855186
  28 7.262799 -0.115622 31.462603 0.999846 0.001200 -0.017501 0.286275 0.855186
HEV_leg_&_glove.bmp
  28 7.256481 -0.138302 30.522845 0.999846 0.001200 -0.017501 0.286275 0.827789
  28 6.521400 1.972530 30.454709 0.938932 0.343111 -0.026101 0.176471 0.827789
  28 6.527594 2.014964 31.383988 0.938932 0.343111 -0.026101 0.176471 0.855186
HEV_leg_&_glove.bmp
  28 5.543508 2.181863 22.453108 0.693125 0.588721 -0.415915 0.137255 0.636008
  28 3.461806 2.838718 21.683072 -0.000400 0.895385 -0.445293 0.000000 0.612524
  28 3.464219 3.164802 22.345464 -0.000400 0.895385 -0.445293 0.000000 0.632094
HEV_leg_&_glove.bmp
  28 5.543508 2.181863 22.453108 0.693125 0.588721 -0.415915 0.137255 0.636008
  28 5.331181 1.946130 21.782178 0.693125 0.588721 -0.415915 0.145098 0.616438
  28 3.461806 2.838718 21.683072 -0.000400 0.895385 -0.445293 0.000000 0.612524
HEV_leg_&_glove.bmp
  28 5.543508 2.181863 22.453108 0.693125 0.588721 -0.415915 0.137255 0.636008
  28 6.109182 -0.170720 22.019790 0.922877 -0.040199 -0.382991 0.294118 0.620352
  28 5.331181 1.946130 21.782178 0.693125 0.588721 -0.415915 0.145098 0.616438
HEV_leg_&_glove.bmp
  28 5.543508 2.181863 22.453108 0.693125 0.588721 -0.415915 0.137255 0.636008
  28 6.401437 -0.164432 22.724876 0.922877 -0.040199 -0.382991 0.294118 0.639922
  28 6.109182 -0.170720 22.019790 0.922877 -0.040199 -0.382991 0.294118 0.620352
HEV_leg_&_glove.bmp
  31 -5.533692 2.181640 22.443301 -0.693106 0.589105 -0.415403 0.137255 0.636008
  31 -6.099735 -0.160465 22.029735 -0.921196 -0.039400 -0.387098 0.294118 0.620352
  31 -6.411638 -0.154718 22.714484 -0.921196 -0.039400 -0.387098 0.294118 0.639922
HEV_leg_&_glove.bmp
  31 -5.533692 2.181640 22.443301 -0.693106 0.589105 -0.415403 0.137255 0.636008
  31 -5.341363 1.945849 21.772024 -0.693106 0.589105 -0.415403 0.145098 0.616438
  31 -6.099735 -0.160465 22.029735 -0.921196 -0.039400 -0.387098 0.294118 0.620352
HEV_leg_&_glove.bmp
  31 -5.533692 2.181640 22.443301 -0.693106 0.589105 -0.415403 0.137255 0.636008
  31 -3.461966 2.828473 21.673327 0.000700 0.894327 -0.447413 0.000000 0.612524
  31 -5.341363 1.945849 21.772024 -0.693106 0.589105 -0.415403 0.145098 0.616438
HEV_leg_&_glove.bmp
  31 -5.533692 2.181640 22.443301 -0.693106 0.589105 -0.415403 0.137255 0.636008
  31 -3.454404 3.164583 22.335651 0.000700 0.894327 -0.447413 0.000000 0.632094
  31 -3.461966 2.828473 21.673327 0.000700 0.894327 -0.447413 0.000000 0.612524
HEV_leg_&_glove.bmp
  29 3.338464 4.775679 7.281449 0.011000 0.995790 -0.090999 0.992157 0.268102
  30 1.512569 3.820012 5.558078 -0.869696 0.384499 0.309499 0.905882 0.225049
  29 1.844519 3.843213 6.646914 -0.843398 0.535299 0.046200 0.913725 0.252446
HEV_leg_&_glove.bmp
  29 1.844519 3.843213 6.646914 -0.843398 0.535299 0.046200 0.913725 0.252446
  30 1.512569 3.820012 5.558078 -0.869696 0.384499 0.309499 0.905882 0.225049
  29 1.073701 1.608892 5.251545 -0.983611 -0.043400 0.175002 0.811765 0.217221
HEV_leg_&_glove.bmp
  30 1.512569 3.820012 5.558078 -0.869696 0.384499 0.309499 0.905882 0.225049
  30 0.842570 2.240373 4.507534 -0.963518 -0.063901 0.259905 0.835294 0.197652
  29 1.073701 1.608892 5.251545 -0.983611 -0.043400 0.175002 0.811765 0.217221
HEV_leg_&_glove.bmp
  29 1.073701 1.608892 5.251545 -0.983611 -0.043400 0.175002 0.811765 0.217221
  30 0.842570 2.240373 4.507534 -0.963518 -0.063901 0.259905 0.835294 0.197652
  30 1.622576 -1.059456 4.016393 -0.797116 -0.544310 0.261405 0.647059 0.185910
HEV_leg_&_glove.bmp
  30 5.232576 -1.309453 4.026299 0.737731 -0.512422 0.439519 0.396078 0.185910
  29 4.361058 -0.833762 5.485044 0.464807 -0.756111 0.460707 0.423529 0.227006
  30 3.312579 -2.169667 4.636006 -0.044300 -0.821288 0.568792 0.521569 0.201566
HEV_leg_&_glove.bmp
  30 5.232576 -1.309453 4.026299 0.737731 -0.512422 0.439519 0.396078 0.185910
  29 4.741313 -0.621873 5.460365 0.692586 -0.649988 0.312794 0.388235 0.225049
  29 4.361058 -0.833762 5.485044 0.464807 -0.756111 0.460707 0.423529 0.227006
HEV_leg_&_glove.bmp
  30 5.232576 -1.309453 4.026299 0.737731 -0.512422 0.439519 0.396078 0.185910
  29 5.534178 1.547725 5.249860 0.971418 -0.100602 0.215004 0.176471 0.217221
  29 4.741313 -0.621873 5.460365 0.692586 -0.649988 0.312794 0.388235 0.225049
HEV_leg_&_glove.bmp
  30 5.232576 -1.309453 4.026299 0.737731 -0.512422 0.439519 0.396078 0.185910
  30 5.812571 2.170379 4.517500 0.949031 -0.044602 0.312010 0.152941 0.201566
  29 5.534178 1.547725 5.249860 0.971418 -0.100602 0.215004 0.176471 0.217221
HEV_leg_&_glove.bmp
  31 -1.548539 -2.502622 20.664554 0.705765 -0.708066 -0.023199 0.600000 0.592955
  32 -0.735648 0.093255 18.905711 0.996237 -0.071003 -0.049702 0.725490 0.549902
  31 -0.724327 -0.191100 20.613134 0.996650 -0.066504 0.047602 0.709804 0.589041
HEV_leg_&_glove.bmp
  31 -1.548539 -2.502622 20.664554 0.705765 -0.708066 -0.023199 0.600000 0.592955
  32 -1.554496 -2.052468 18.618722 0.681676 -0.707776 -0.185394 0.607843 0.542074
  32 -0.735648 0.093255 18.905711 0.996237 -0.071003 -0.049702 0.725490 0.549902
HEV_leg_&_glove.bmp
  31 -1.548539 -2.502622 20.664554 0.705765 -0.708066 -0.023199 0.600000 0.592955
  32 -3.470344 -2.945423 18.513570 0.001500 -0.960405 -0.278602 0.505882 0.538160
  32 -1.554496 -2.052468 18.618722 0.681676 -0.707776 -0.185394 0.607843 0.542074
HEV_leg_&_glove.bmp
  31 -1.548539 -2.502622 20.664554 0.705765 -0.708066 -0.023199 0.600000 0.592955
  31 -3.466538 -3.457030 20.694280 -0.096301 -0.995312 0.008900 0.505882 0.592955
  32 -3.470344 -2.945423 18.513570 0.001500 -0.960405 -0.278602 0.505882 0.538160
HEV_leg_&_glove.bmp
  28 1.548386 -2.492380 20.674303 -0.707036 -0.706835 -0.022001 0.600000 0.592955
  29 3.470034 -2.935469 18.514591 -0.000500 -0.960177 -0.279393 0.505882 0.538160
  28 3.466362 -3.456781 20.704266 0.095498 -0.995382 0.009700 0.505882 0.592955
HEV_leg_&_glove.bmp
  28 1.548386 -2.492380 20.674303 -0.707036 -0.706835 -0.022001 0.600000 0.592955
  29 1.534357 -2.043491 18.630039 -0.682096 -0.707396 -0.185299 0.607843 0.542074
  29 3.470034 -2.935469 18.514591 -0.000500 -0.960177 -0.279393 0.505882 0.538160
HEV_leg_&_glove.bmp
  28 1.548386 -2.492380 20.674303 -0.707036 -0.706835 -0.022001 0.600000 0.592955
  29 0.745332 0.103174 18.906566 -0.996342 -0.070703 -0.048002 0.725490 0.549902
  29 1.534357 -2.043491 18.630039 -0.682096 -0.707396 -0.185299 0.607843 0.542074
HEV_leg_&_glove.bmp
  28 1.548386 -2.492380 20.674303 -0.707036 -0.706835 -0.022001 0.600000 0.592955
  28 0.743993 -0.181160 20.612545 -0.996604 -0.066400 0.048700 0.709804 0.589041
  29 0.745332 0.103174 18.906566 -0.996342 -0.070703 -0.048002 0.725490 0.549902
HEV_leg_&_glove.bmp
  30 1.572579 -4.458910 2.435219 -0.554618 -0.216207 0.803526 0.435294 0.080235
  30 1.872575 -0.799362 3.746482 -0.713518 -0.208105 0.669017 0.258824 0.103718
  30 1.132577 -4.138749 1.965330 -0.916004 -0.126500 0.380702 0.419608 0.058708
HEV_leg_&_glove.bmp
  30 1.132577 -4.138749 1.965330 -0.916004 -0.126500 0.380702 0.419608 0.058708
  30 1.872575 -0.799362 3.746482 -0.713518 -0.208105 0.669017 0.258824 0.103718
  30 1.452570 0.720979 2.757008 -0.991081 -0.036399 0.128197 0.196078 0.066536
HEV_leg_&_glove.bmp
  30 1.872575 -0.799362 3.746482 -0.713518 -0.208105 0.669017 0.258824 0.103718
  30 1.332570 2.280498 4.147547 -0.995979 0.074799 0.049299 0.117647 0.105675
  30 1.452570 0.720979 2.757008 -0.991081 -0.036399 0.128197 0.196078 0.066536
HEV_leg_&_glove.bmp
  30 1.452570 0.720979 2.757008 -0.991081 -0.036399 0.128197 0.196078 0.066536
  30 1.332570 2.280498 4.147547 -0.995979 0.074799 0.049299 0.117647 0.105675
  30 1.362567 2.390875 3.057585 -0.994888 0.098799 -0.020900 0.113725 0.068493
HEV_leg_&_glove.bmp
  30 3.332569 4.330005 5.588251 0.014000 0.999871 0.007900 0.007843 0.152642
  30 2.392565 4.390669 3.658273 -0.468201 0.878304 0.096800 0.003922 0.082192
  30 1.882570 3.610002 5.588005 -0.670892 0.739392 0.056599 0.058824 0.152642
HEV_leg_&_glove.bmp
  30 1.882570 3.610002 5.588005 -0.670892 0.739392 0.056599 0.058824 0.152642
  30 2.392565 4.390669 3.658273 -0.468201 0.878304 0.096800 0.003922 0.082192
  30 1.702565 3.750741 3.448054 -0.904266 0.425684 0.033099 0.050980 0.078278
HEV_leg_&_glove.bmp
  30 2.392565 4.390669 3.658273 -0.468201 0.878304 0.096800 0.003922 0.082192
  30 1.702563 3.751110 2.378054 -0.861594 0.507597 0.000200 0.054902 0.035225
  30 1.702565 3.750741 3.448054 -0.904266 0.425684 0.033099 0.050980 0.078278
HEV_leg_&_glove.bmp
  30 1.702565 3.750741 3.448054 -0.904266 0.425684 0.033099 0.050980 0.078278
  30 1.702563 3.751110 2.378054 -0.861594 0.507597 0.000200 0.054902 0.035225
  30 1.392565 2.461196 2.127609 -0.992733 0.116004 0.032001 0.117647 0.033268
HEV_leg_&_glove.bmp
  30 5.332570 2.210499 4.167515 0.981410 0.112901 0.155202 0.117647 0.107632
  30 4.972566 3.700750 3.438030 0.887418 0.457709 0.054701 0.054902 0.078278
  30 4.782570 3.560004 5.597982 0.689530 0.721931 0.058003 0.058824 0.152642
HEV_leg_&_glove.bmp
  30 5.332570 2.210499 4.167515 0.981410 0.112901 0.155202 0.117647 0.107632
  30 5.362567 2.340882 3.057560 0.987068 0.157695 0.028799 0.117647 0.070450
  30 4.972566 3.700750 3.438030 0.887418 0.457709 0.054701 0.054902 0.078278
HEV_leg_&_glove.bmp
  30 5.332570 2.210499 4.167515 0.981410 0.112901 0.155202 0.117647 0.107632
  30 5.582573 -1.478851 2.286240 0.959586 -0.008200 0.281296 0.298039 0.058708
  30 5.362567 2.340882 3.057560 0.987068 0.157695 0.028799 0.117647 0.070450
HEV_leg_&_glove.bmp
  30 5.332570 2.210499 4.167515 0.981410 0.112901 0.155202 0.117647 0.107632
  30 4.992575 -1.039353 3.736393 0.654677 -0.228092 0.720675 0.270588 0.105675
  30 5.582573 -1.478851 2.286240 0.959586 -0.008200 0.281296 0.298039 0.058708
HEV_leg_&_glove.bmp
  28 3.653966 -3.599117 36.781531 -0.225292 -0.396486 0.889968 0.505882 0.984344
  28 3.887580 -4.196396 36.511750 0.210498 -0.710294 0.671694 0.490196 0.976517
  28 5.696441 -2.650907 37.323469 0.293086 -0.357683 0.886658 0.411765 0.996086
HEV_leg_&_glove.bmp
  28 5.696441 -2.650907 37.323469 0.293086 -0.357683 0.886658 0.411765 0.996086
  28 3.887580 -4.196396 36.511750 0.210498 -0.710294 0.671694 0.490196 0.976517
  28 6.010301 -3.008974 37.026519 0.698492 -0.643393 0.313296 0.411765 0.988258
HEV_leg_&_glove.bmp
  28 3.887580 -4.196396 36.511750 0.210498 -0.710294 0.671694 0.490196 0.976517
  28 4.060859 -4.223715 29.186170 0.466799 -0.883898 -0.028700 0.490196 0.800391
  28 6.010301 -3.008974 37.026519 0.698492 -0.643393 0.313296 0.411765 0.988258
HEV_leg_&_glove.bmp
  31 -4.056087 3.796498 28.682782 -0.452287 0.889176 -0.069298 0.019608 0.788650
  31 -6.000880 3.042297 36.590693 -0.598705 0.707707 0.375104 0.121569 0.980431
  31 -3.891881 4.081542 35.911951 -0.250193 0.827776 0.502186 0.011765 0.960861
HEV_leg_&_glove.bmp
  31 -3.891881 4.081542 35.911951 -0.250193 0.827776 0.502186 0.011765 0.960861
  31 -6.000880 3.042297 36.590693 -0.598705 0.707707 0.375104 0.121569 0.980431
  31 -3.645809 3.499922 36.240381 0.138492 0.546166 0.826149 0.003922 0.972603
HEV_leg_&_glove.bmp
  31 -6.000880 3.042297 36.590693 -0.598705 0.707707 0.375104 0.121569 0.980431
  31 -5.705643 2.651250 36.935392 -0.356812 0.446015 0.820827 0.121569 0.988258
  31 -3.645809 3.499922 36.240381 0.138492 0.546166 0.826149 0.003922 0.972603
HEV_leg_&_glove.bmp
  28 5.695330 2.651292 36.935549 0.357100 0.446200 0.820600 0.121569 0.988258
  28 6.020511 3.022257 36.590813 0.600182 0.705878 0.376189 0.121569 0.980431
  28 3.655490 3.499901 36.240199 -0.138196 0.544684 0.827177 0.003922 0.972603
HEV_leg_&_glove.bmp
  28 3.655490 3.499901 36.240199 -0.138196 0.544684 0.827177 0.003922 0.972603
  28 6.020511 3.022257 36.590813 0.600182 0.705878 0.376189 0.121569 0.980431
  28 3.891735 4.081792 35.921936 0.248903 0.827910 0.502606 0.011765 0.960861
HEV_leg_&_glove.bmp
  28 6.020511 3.022257 36.590813 0.600182 0.705878 0.376189 0.121569 0.980431
  28 4.075943 3.806686 28.692179 0.451813 0.889425 -0.069202 0.019608 0.788650
  28 3.891735 4.081792 35.921936 0.248903 0.827910 0.502606 0.011765 0.960861
HEV_leg_&_glove.bmp
  31 -4.071033 -4.213997 29.175771 -0.466726 -0.883949 -0.028302 0.490196 0.800391
  31 -3.897906 -4.186437 36.511346 -0.213600 -0.712098 0.668798 0.490196 0.976517
  31 -6.020602 -3.009017 37.026363 -0.698301 -0.643501 0.313500 0.411765 0.988258
HEV_leg_&_glove.bmp
  31 -6.020602 -3.009017 37.026363 -0.698301 -0.643501 0.313500 0.411765 0.988258
  31 -3.897906 -4.186437 36.511346 -0.213600 -0.712098 0.668798 0.490196 0.976517
  31 -5.696620 -2.631166 37.313007 -0.292800 -0.359300 0.886099 0.411765 0.996086
HEV_leg_&_glove.bmp
  31 -3.897906 -4.186437 36.511346 -0.213600 -0.712098 0.668798 0.490196 0.976517
  31 -3.654070 -3.609363 36.771787 0.224091 -0.406885 0.885566 0.505882 0.984344
  31 -5.696620 -2.631166 37.313007 -0.292800 -0.359300 0.886099 0.411765 0.996086
HEV_leg_&_glove.bmp
  32 -1.854923 3.843180 6.646748 0.843224 0.535415 0.048001 0.913725 0.252446
  32 -1.074105 1.608890 5.251550 0.983738 -0.044502 0.174007 0.811765 0.217221
  33 -1.502977 3.820009 5.558084 0.869962 0.380483 0.313686 0.905882 0.225049
HEV_leg_&_glove.bmp
  33 -1.502977 3.820009 5.558084 0.869962 0.380483 0.313686 0.905882 0.225049
  32 -1.074105 1.608890 5.251550 0.983738 -0.044502 0.174007 0.811765 0.217221
  33 -0.842978 2.240372 4.507537 0.963801 -0.065700 0.258400 0.835294 0.197652
HEV_leg_&_glove.bmp
  32 -1.074105 1.608890 5.251550 0.983738 -0.044502 0.174007 0.811765 0.217221
  33 -1.622979 -1.059462 4.026398 0.797518 -0.543913 0.261006 0.647059 0.185910
  33 -0.842978 2.240372 4.507537 0.963801 -0.065700 0.258400 0.835294 0.197652
HEV_leg_&_glove.bmp
  30 5.812571 2.170379 4.517500 0.949031 -0.044602 0.312010 0.152941 0.201566
  30 5.152570 3.780022 5.548057 0.875851 0.364021 0.316818 0.074510 0.225049
  29 5.534178 1.547725 5.249860 0.971418 -0.100602 0.215004 0.176471 0.217221
HEV_leg_&_glove.bmp
  29 5.534178 1.547725 5.249860 0.971418 -0.100602 0.215004 0.176471 0.217221
  30 5.152570 3.780022 5.548057 0.875851 0.364021 0.316818 0.074510 0.225049
  29 4.814813 3.809420 6.643220 0.857019 0.513911 0.037601 0.058824 0.252446
HEV_leg_&_glove.bmp
  30 5.152570 3.780022 5.548057 0.875851 0.364021 0.316818 0.074510 0.225049
  29 3.338464 4.775679 7.281449 0.011000 0.995790 -0.090999 0.000000 0.268102
  29 4.814813 3.809420 6.643220 0.857019 0.513911 0.037601 0.058824 0.252446
HEV_leg_&_glove.bmp
  31 -6.297368 1.813848 26.760815 -0.909235 0.324613 0.260610 0.184314 0.741683
  31 -7.012803 -0.156968 26.825919 -0.883218 0.012000 0.468809 0.286275 0.741683
  31 -6.227976 1.490088 27.430116 -0.819519 0.179504 0.544212 0.200000 0.759295
HEV_leg_&_glove.bmp
  31 -6.227976 1.490088 27.430116 -0.819519 0.179504 0.544212 0.200000 0.759295
  31 -7.012803 -0.156968 26.825919 -0.883218 0.012000 0.468809 0.286275 0.741683
  31 -6.120164 -2.086876 27.588252 -0.819402 -0.153800 0.552201 0.380392 0.759295
HEV_leg_&_glove.bmp
  31 -7.012803 -0.156968 26.825919 -0.883218 0.012000 0.468809 0.286275 0.741683
  31 -6.186943 -2.523856 26.897318 -0.910934 -0.305811 0.276910 0.396078 0.741683
  31 -6.120164 -2.086876 27.588252 -0.819402 -0.153800 0.552201 0.380392 0.759295
HEV_leg_&_glove.bmp
  28 6.578471 -2.196003 33.885682 0.897194 -0.294399 0.329198 0.372549 0.909980
  28 7.303638 -0.038999 33.811084 0.853924 0.022400 0.519915 0.278431 0.909980
  28 6.441379 -1.819041 34.569279 0.797086 -0.135398 0.588490 0.364706 0.927593
HEV_leg_&_glove.bmp
  28 6.441379 -1.819041 34.569279 0.797086 -0.135398 0.588490 0.364706 0.927593
  28 7.303638 -0.038999 33.811084 0.853924 0.022400 0.519915 0.278431 0.909980
  28 6.409527 1.748820 34.433796 0.784543 0.186910 0.591233 0.192157 0.927593
HEV_leg_&_glove.bmp
  28 7.303638 -0.038999 33.811084 0.853924 0.022400 0.519915 0.278431 0.909980
  28 6.538738 2.141901 33.741776 0.891903 0.312901 0.326501 0.176471 0.909980
  28 6.409527 1.748820 34.433796 0.784543 0.186910 0.591233 0.192157 0.927593
HEV_leg_&_glove.bmp
  28 6.437319 -2.418088 29.231430 0.897194 -0.294399 0.329198 0.388235 0.800391
  28 7.202682 -0.181225 29.154210 0.853924 0.022400 0.519915 0.286275 0.800391
  28 6.320325 -2.001196 29.913716 0.797086 -0.135398 0.588490 0.380392 0.814090
HEV_leg_&_glove.bmp
  28 6.320325 -2.001196 29.913716 0.797086 -0.135398 0.588490 0.380392 0.814090
  28 7.202682 -0.181225 29.154210 0.853924 0.022400 0.519915 0.286275 0.800391
  28 6.368312 1.576185 29.766613 0.784543 0.186910 0.591233 0.192157 0.814090
HEV_leg_&_glove.bmp
  28 7.202682 -0.181225 29.154210 0.853924 0.022400 0.519915 0.286275 0.800391
  28 6.497422 1.929278 29.075559 0.891903 0.312901 0.326501 0.184314 0.800391
  28 6.368312 1.576185 29.766613 0.784543 0.186910 0.591233 0.192157 0.814090
HEV_leg_&_glove.bmp
  31 -6.537773 2.024677 31.373596 -0.888781 0.316094 0.331893 0.176471 0.855186
  31 -7.272999 -0.095913 31.451972 -0.858379 0.015300 0.512788 0.286275 0.855186
  31 -6.408661 1.671584 32.064651 -0.793634 0.177508 0.581925 0.192157 0.870841
HEV_leg_&_glove.bmp
  31 -6.408661 1.671584 32.064651 -0.793634 0.177508 0.581925 0.192157 0.870841
  31 -7.272999 -0.095913 31.451972 -0.858379 0.015300 0.512788 0.286275 0.855186
  31 -6.390661 -1.905886 32.211235 -0.798302 -0.141900 0.585302 0.372549 0.870841
HEV_leg_&_glove.bmp
  31 -7.272999 -0.095913 31.451972 -0.858379 0.015300 0.512788 0.286275 0.855186
  31 -6.527679 -2.312840 31.528362 -0.896606 -0.295402 0.329902 0.380392 0.855186
  31 -6.390661 -1.905886 32.211235 -0.798302 -0.141900 0.585302 0.372549 0.870841
HEV_leg_&_glove.bmp
  28 6.507510 -2.322523 31.538927 0.897194 -0.294399 0.329198 0.380392 0.855186
  28 7.262799 -0.115622 31.462603 0.853924 0.022400 0.519915 0.286275 0.855186
  28 6.380492 -1.915599 32.221627 0.797086 -0.135398 0.588490 0.372549 0.870841
HEV_leg_&_glove.bmp
  28 6.380492 -1.915599 32.221627 0.797086 -0.135398 0.588490 0.372549 0.870841
  28 7.262799 -0.115622 31.462603 0.853924 0.022400 0.519915 0.286275 0.855186
  28 6.388486 1.661900 32.075216 0.784543 0.186910 0.591233 0.192157 0.870841
HEV_leg_&_glove.bmp
  28 7.262799 -0.115622 31.462603 0.853924 0.022400 0.519915 0.286275 0.855186
  28 6.527594 2.014964 31.383988 0.891903 0.312901 0.326501 0.176471 0.855186
  28 6.388486 1.661900 32.075216 0.784543 0.186910 0.591233 0.192157 0.870841
HEV_leg_&_glove.bmp
  31 -6.548885 2.141617 33.731626 -0.888781 0.316094 0.331893 0.176471 0.909980
  31 -7.313955 -0.039044 33.810932 -0.858379 0.015300 0.512788 0.278431 0.909980
  31 -6.419523 1.758292 34.413408 -0.793634 0.177508 0.581925 0.192157 0.927593
HEV_leg_&_glove.bmp
  31 -6.419523 1.758292 34.413408 -0.793634 0.177508 0.581925 0.192157 0.927593
  31 -7.313955 -0.039044 33.810932 -0.858379 0.015300 0.512788 0.278431 0.909980
  31 -6.451516 -1.819325 34.559129 -0.798302 -0.141900 0.585302 0.364706 0.927593
HEV_leg_&_glove.bmp
  31 -7.313955 -0.039044 33.810932 -0.858379 0.015300 0.512788 0.278431 0.909980
  31 -6.578785 -2.196017 33.885700 -0.896606 -0.295402 0.329902 0.372549 0.909980
  31 -6.451516 -1.819325 34.559129 -0.798302 -0.141900 0.585302 0.364706 0.927593
HEV_leg_&_glove.bmp
  28 6.186783 -2.523602 26.907296 0.914027 -0.307210 0.264908 0.396078 0.741683
  28 6.992442 -0.166892 26.826487 0.886612 0.010000 0.462406 0.286275 0.741683
  28 6.119955 -2.106616 27.598714 0.824400 -0.154900 0.544400 0.380392 0.759295
HEV_leg_&_glove.bmp
  28 6.119955 -2.106616 27.598714 0.824400 -0.154900 0.544400 0.380392 0.759295
  28 6.992442 -0.166892 26.826487 0.886612 0.010000 0.462406 0.286275 0.741683
  28 6.237808 1.490312 27.439921 0.822297 0.177099 0.540798 0.200000 0.759295
HEV_leg_&_glove.bmp
  28 6.992442 -0.166892 26.826487 0.886612 0.010000 0.462406 0.286275 0.741683
  28 6.317023 1.813802 26.760451 0.911109 0.320703 0.258902 0.184314 0.741683
  28 6.237808 1.490312 27.439921 0.822297 0.177099 0.540798 0.200000 0.759295
HEV_leg_&_glove.bmp
  31 -6.497609 1.939021 29.065340 -0.888781 0.316094 0.331893 0.184314 0.800391
  31 -7.213037 -0.171272 29.153816 -0.858379 0.015300 0.512788 0.286275 0.800391
  31 -6.368670 1.586169 29.766389 -0.793634 0.177508 0.581925 0.192157 0.814090
HEV_leg_&_glove.bmp
  31 -6.368670 1.586169 29.766389 -0.793634 0.177508 0.581925 0.192157 0.814090
  31 -7.213037 -0.171272 29.153816 -0.858379 0.015300 0.512788 0.286275 0.800391
  31 -6.330500 -1.991483 29.903324 -0.798302 -0.141900 0.585302 0.380392 0.814090
HEV_leg_&_glove.bmp
  31 -7.213037 -0.171272 29.153816 -0.858379 0.015300 0.512788 0.286275 0.800391
  31 -6.457693 -2.398166 29.230619 -0.896606 -0.295402 0.329902 0.388235 0.800391
  31 -6.330500 -1.991483 29.903324 -0.798302 -0.141900 0.585302 0.380392 0.814090
HEV_leg_&_glove.bmp
  32 -2.944663 -2.226708 11.126114 0.380098 -0.905095 0.190599 0.545098 0.356164
  32 -3.734832 -2.241045 11.131315 -0.523090 -0.845084 0.110498 0.490196 0.356164
  32 -3.246488 -1.637380 7.079659 0.015100 -0.998922 -0.043901 0.529412 0.264188
HEV_leg_&_glove.bmp
  32 -3.246488 -1.637380 7.079659 0.015100 -0.998922 -0.043901 0.529412 0.264188
  32 -3.734832 -2.241045 11.131315 -0.523090 -0.845084 0.110498 0.490196 0.356164
  32 -4.207290 -1.072875 7.021404 -0.771464 -0.636270 -0.001700 0.423529 0.264188
HEV_leg_&_glove.bmp
  32 -3.734832 -2.241045 11.131315 -0.523090 -0.845084 0.110498 0.490196 0.356164
  32 -4.479920 -1.477351 10.132107 -0.872045 -0.487325 -0.045302 0.439216 0.334638
  32 -4.207290 -1.072875 7.021404 -0.771464 -0.636270 -0.001700 0.423529 0.264188
HEV_leg_&_glove.bmp
  33 -4.312979 4.360665 3.658273 -0.498083 0.861471 0.098897 0.003922 0.082192
  33 -4.972980 3.701111 2.368046 -0.911926 0.405412 -0.063502 0.058824 0.035225
  33 -4.972979 3.700741 3.438046 -0.887886 0.456393 0.057999 0.054902 0.078278
HEV_leg_&_glove.bmp
  33 -4.972979 3.700741 3.438046 -0.887886 0.456393 0.057999 0.054902 0.078278
  33 -4.972980 3.701111 2.368046 -0.911926 0.405412 -0.063502 0.058824 0.035225
  33 -5.362980 2.340869 3.067576 -0.987159 0.156994 0.029499 0.117647 0.070450
HEV_leg_&_glove.bmp
  33 -4.972980 3.701111 2.368046 -0.911926 0.405412 -0.063502 0.058824 0.035225
  33 -5.772981 -1.418582 1.476278 -0.991320 0.094502 0.091402 0.298039 0.025440
  33 -5.362980 2.340869 3.067576 -0.987159 0.156994 0.029499 0.117647 0.070450
HEV_leg_&_glove.bmp
  33 -1.332979 2.280496 4.147552 0.995798 0.074900 0.052700 0.117647 0.105675
  33 -1.862979 -0.799366 3.746489 0.715315 -0.207405 0.667314 0.258824 0.103718
  33 -1.452980 0.720976 2.757013 0.991333 -0.037501 0.125904 0.196078 0.066536
HEV_leg_&_glove.bmp
  33 -1.452980 0.720976 2.757013 0.991333 -0.037501 0.125904 0.196078 0.066536
  33 -1.862979 -0.799366 3.746489 0.715315 -0.207405 0.667314 0.258824 0.103718
  33 -1.152980 -4.138754 1.975334 0.918548 -0.126507 0.374520 0.419608 0.058708
HEV_leg_&_glove.bmp
  33 -1.862979 -0.799366 3.746489 0.715315 -0.207405 0.667314 0.258824 0.103718
  33 -1.572980 -4.458917 2.445224 0.555189 -0.218596 0.802484 0.435294 0.080235
  33 -1.152980 -4.138754 1.975334 0.918548 -0.126507 0.374520 0.419608 0.058708
HEV_leg_&_glove.bmp
  33 -4.302980 -6.008944 2.524691 -0.533024 -0.508923 0.675931 0.505882 0.090020
  33 -4.352980 -5.269037 2.794947 -0.330312 -0.105704 0.937934 0.470588 0.097847
  33 -5.342980 -4.708917 2.445141 -0.478514 -0.264408 0.837325 0.447059 0.080235
HEV_leg_&_glove.bmp
  33 -5.342980 -4.708917 2.445141 -0.478514 -0.264408 0.837325 0.447059 0.080235
  33 -4.352980 -5.269037 2.794947 -0.330312 -0.105704 0.937934 0.470588 0.097847
  33 -4.302980 -4.109038 2.795348 -0.253005 -0.280805 0.925817 0.423529 0.095890
HEV_leg_&_glove.bmp
  33 -4.352980 -5.269037 2.794947 -0.330312 -0.105704 0.937934 0.470588 0.097847
  33 -3.262979 -4.339103 2.985267 0.007400 -0.220608 0.975334 0.427451 0.127202
  33 -4.302980 -4.109038 2.795348 -0.253005 -0.280805 0.925817 0.423529 0.095890
HEV_leg_&_glove.bmp
  33 -2.392979 4.390665 3.658282 0.468202 0.878303 0.096800 0.003922 0.082192
  33 -1.702979 3.750738 3.448060 0.903279 0.427790 0.032899 0.050980 0.078278
  33 -1.702980 3.751107 2.378060 0.861595 0.507597 0.000200 0.054902 0.035225
HEV_leg_&_glove.bmp
  33 -1.702980 3.751107 2.378060 0.861595 0.507597 0.000200 0.054902 0.035225
  33 -1.702979 3.750738 3.448060 0.903279 0.427790 0.032899 0.050980 0.078278
  33 -1.392981 2.461194 2.127614 0.992723 0.117402 0.026801 0.117647 0.033268
HEV_leg_&_glove.bmp
  33 -1.702979 3.750738 3.448060 0.903279 0.427790 0.032899 0.050980 0.078278
  33 -1.352980 2.390872 3.057590 0.994799 0.099500 -0.021800 0.113725 0.068493
  33 -1.392981 2.461194 2.127614 0.992723 0.117402 0.026801 0.117647 0.033268
HEV_leg_&_glove.bmp
  33 -1.072981 -4.108547 1.375345 0.979681 -0.137197 0.146297 0.423529 0.035225
  33 -1.542980 -5.198826 2.184969 0.841719 -0.312607 0.440210 0.470588 0.072407
  33 -1.532981 -5.508609 1.554862 0.848237 -0.480421 0.222910 0.486275 0.048924
HEV_leg_&_glove.bmp
  33 -1.532981 -5.508609 1.554862 0.848237 -0.480421 0.222910 0.486275 0.048924
  33 -1.542980 -5.198826 2.184969 0.841719 -0.312607 0.440210 0.470588 0.072407
  33 -2.172980 -5.968947 2.534703 0.775809 -0.474406 0.416005 0.501961 0.090020
HEV_leg_&_glove.bmp
  33 -1.542980 -5.198826 2.184969 0.841719 -0.312607 0.440210 0.470588 0.072407
  33 -2.192980 -5.229041 2.804959 0.515388 -0.109898 0.849881 0.466667 0.097847
  33 -2.172980 -5.968947 2.534703 0.775809 -0.474406 0.416005 0.501961 0.090020
HEV_leg_&_glove.bmp
  30 1.062576 -4.108542 1.365341 -0.979798 -0.139299 0.143500 0.423529 0.035225
  30 1.522579 -5.508603 1.544856 -0.847588 -0.483493 0.218697 0.486275 0.048924
  30 1.522580 -5.198820 2.174963 -0.840791 -0.315396 0.439995 0.470588 0.072407
HEV_leg_&_glove.bmp
  30 1.522580 -5.198820 2.174963 -0.840791 -0.315396 0.439995 0.470588 0.072407
  30 1.522579 -5.508603 1.544856 -0.847588 -0.483493 0.218697 0.486275 0.048924
  30 2.162582 -5.968940 2.524696 -0.774605 -0.477503 0.414703 0.501961 0.090020
HEV_leg_&_glove.bmp
  30 1.522579 -5.508603 1.544856 -0.847588 -0.483493 0.218697 0.486275 0.048924
  30 2.152581 -6.268668 1.734593 -0.772843 -0.590033 0.233613 0.521569 0.060665
  30 2.162582 -5.968940 2.524696 -0.774605 -0.477503 0.414703 0.501961 0.090020
HEV_leg_&_glove.bmp
  33 -2.062979 -2.339238 3.375957 0.332598 -0.303799 0.892796 0.329412 0.101761
  33 -2.342979 -2.629234 3.365857 0.332598 -0.303799 0.892796 0.341176 0.103718
  33 -2.202979 -3.439124 3.045577 0.313596 -0.334496 0.888690 0.380392 0.095890
HEV_leg_&_glove.bmp
  33 -2.202979 -3.439124 3.045577 0.313596 -0.334496 0.888690 0.380392 0.095890
  33 -2.342979 -2.629234 3.365857 0.332598 -0.303799 0.892796 0.341176 0.103718
  33 -2.412979 -3.179179 3.205667 0.345677 -0.338578 0.875141 0.368627 0.099804
HEV_leg_&_glove.bmp
  33 -2.342979 -2.629234 3.365857 0.332598 -0.303799 0.892796 0.341176 0.103718
  33 -3.302979 -2.789366 3.745803 0.029600 -0.406898 0.912994 0.349020 0.131115
  33 -2.412979 -3.179179 3.205667 0.345677 -0.338578 0.875141 0.368627 0.099804
HEV_leg_&_glove.bmp
  30 3.282578 -2.789360 3.745792 -0.030602 -0.406718 0.913041 0.349020 0.131115
  30 2.342577 -2.629227 3.355849 -0.332986 -0.302887 0.892961 0.341176 0.103718
  30 2.402578 -3.179171 3.195659 -0.345594 -0.338294 0.875284 0.368627 0.099804
HEV_leg_&_glove.bmp
  30 2.402578 -3.179171 3.195659 -0.345594 -0.338294 0.875284 0.368627 0.099804
  30 2.342577 -2.629227 3.355849 -0.332986 -0.302887 0.892961 0.341176 0.103718
  30 2.202578 -3.439116 3.035570 -0.345594 -0.338294 0.875284 0.380392 0.095890
HEV_leg_&_glove.bmp
  30 2.342577 -2.629227 3.355849 -0.332986 -0.302887 0.892961 0.341176 0.103718
  30 2.052577 -2.339234 3.375950 -0.332986 -0.302887 0.892961 0.329412 0.101761
  30 2.202578 -3.439116 3.035570 -0.345594 -0.338294 0.875284 0.380392 0.095890
HEV_leg_&_glove.bmp
  29 3.361092 -2.370643 14.432349 -0.006001 -0.985425 -0.170004 0.505882 0.434442
  29 3.402191 -2.795834 16.881190 -0.000800 -0.825094 0.564996 0.505882 0.493151
  29 1.559117 -1.665227 15.370791 -0.474782 -0.870966 -0.126495 0.623529 0.452055
HEV_leg_&_glove.bmp
  29 1.559117 -1.665227 15.370791 -0.474782 -0.870966 -0.126495 0.623529 0.452055
  29 3.402191 -2.795834 16.881190 -0.000800 -0.825094 0.564996 0.505882 0.493151
  29 1.078449 -1.525589 16.469362 -0.807590 -0.478594 0.344596 0.647059 0.479452
HEV_leg_&_glove.bmp
  32 -3.371292 -2.369647 14.422242 0.004500 -0.985433 -0.170006 0.505882 0.434442
  32 -1.559486 -1.665231 15.370796 0.474822 -0.870942 -0.126506 0.623529 0.452055
  32 -3.412383 -2.794838 16.871083 0.001400 -0.823381 0.567487 0.505882 0.493151
HEV_leg_&_glove.bmp
  32 -3.412383 -2.794838 16.871083 0.001400 -0.823381 0.567487 0.505882 0.493151
  32 -1.559486 -1.665231 15.370796 0.474822 -0.870942 -0.126506 0.623529 0.452055
  32 -1.088598 -1.534535 16.458217 0.807629 -0.478517 0.344612 0.647059 0.479452
HEV_leg_&_glove.bmp
  33 -1.882977 3.609999 5.588012 0.670893 0.739391 0.056599 0.058824 0.152642
  33 -3.332977 4.329995 5.598262 -0.015099 0.999852 0.008200 0.007843 0.152642
  32 -3.338653 4.766759 7.270483 -0.011199 0.995861 -0.090196 0.003922 0.219178
HEV_leg_&_glove.bmp
  32 -3.338653 4.766759 7.270483 -0.011199 0.995861 -0.090196 0.003922 0.219178
  33 -3.332977 4.329995 5.598262 -0.015099 0.999852 0.008200 0.007843 0.152642
  33 -4.772977 3.569995 5.598001 -0.691269 0.720069 0.060397 0.058824 0.152642
HEV_leg_&_glove.bmp
  33 -3.332978 -1.769535 4.236155 0.029600 -0.406898 0.912994 0.298039 0.133072
  33 -4.992979 -1.039362 3.736409 -0.654995 -0.228698 0.720194 0.270588 0.105675
  33 -4.492979 -2.079290 3.526049 -0.363396 -0.368196 0.855789 0.317647 0.105675
HEV_leg_&_glove.bmp
  33 -4.492979 -2.079290 3.526049 -0.363396 -0.368196 0.855789 0.317647 0.105675
  33 -4.992979 -1.039362 3.736409 -0.654995 -0.228698 0.720194 0.270588 0.105675
  33 -4.712979 -2.339238 3.375959 -0.233411 -0.320214 0.918141 0.329412 0.101761
HEV_leg_&_glove.bmp
  30 3.322577 -1.759522 4.216148 -0.030602 -0.406718 0.913041 0.298039 0.133072
  30 4.492576 -2.079278 3.516035 0.363587 -0.367587 0.855970 0.317647 0.105675
  30 4.992575 -1.039353 3.736393 0.654677 -0.228092 0.720675 0.270588 0.105675
HEV_leg_&_glove.bmp
  30 4.992575 -1.039353 3.736393 0.654677 -0.228092 0.720675 0.270588 0.105675
  30 4.492576 -2.079278 3.516035 0.363587 -0.367587 0.855970 0.317647 0.105675
  30 4.702577 -2.339226 3.365945 0.232902 -0.320103 0.918309 0.329412 0.101761
HEV_leg_&_glove.bmp
  28 5.585671 -2.577086 23.387466 0.736799 -0.667300 -0.108800 0.411765 0.659491
  28 6.478344 -0.164996 23.123730 0.996520 -0.006400 -0.083102 0.294118 0.651663
  28 6.593943 -0.159588 24.602246 0.996520 -0.006400 -0.083102 0.294118 0.686888
HEV_leg_&_glove.bmp
  31 -6.602412 -2.153248 35.244859 -0.910006 -0.402503 0.099401 0.372549 0.941292
  31 -6.578785 -2.196017 33.885700 -0.912735 -0.408515 0.005500 0.372549 0.909980
  31 -6.020602 -3.009017 37.026363 -0.698301 -0.643501 0.313500 0.411765 0.988258
HEV_leg_&_glove.bmp
  28 6.592277 -2.152963 35.255009 0.910214 -0.401507 0.101502 0.372549 0.941292
  28 6.010301 -3.008974 37.026519 0.698492 -0.643393 0.313296 0.411765 0.988258
  28 6.578471 -2.196003 33.885682 0.916638 -0.399717 0.000500 0.372549 0.909980
HEV_leg_&_glove.bmp
  28 3.414175 -4.339310 36.343337 -0.495700 -0.645899 0.580599 0.513725 0.972603
  28 1.064224 -3.141338 35.584922 -0.736988 -0.559790 0.378793 0.600000 0.953033
  28 3.558178 -4.355579 29.058016 -0.440790 -0.896580 -0.042999 0.505882 0.796477
HEV_leg_&_glove.bmp
  31 -6.572711 2.194624 35.100539 -0.900453 0.427325 0.081105 0.176471 0.941292
  31 -6.000880 3.042297 36.590693 -0.598705 0.707707 0.375104 0.121569 0.980431
  31 -6.548885 2.141617 33.731626 -0.907714 0.419007 -0.022100 0.176471 0.909980
HEV_leg_&_glove.bmp
  28 6.578471 -2.196003 33.885682 0.916638 -0.399717 0.000500 0.372549 0.909980
  28 6.521316 -2.279483 32.908254 0.948900 -0.315400 -0.010600 0.380392 0.884540
  28 7.286751 -0.082367 32.841995 0.999846 0.001200 -0.017501 0.278431 0.882583
HEV_leg_&_glove.bmp
  31 -1.184980 -3.148607 28.669960 0.703608 -0.707308 -0.068201 0.592157 0.784736
  31 -3.464658 -3.579354 23.498496 0.002900 -0.990869 -0.134796 0.505882 0.663405
  31 -1.365250 -2.576600 23.380715 0.820809 -0.564707 -0.085901 0.600000 0.659491
HEV_leg_&_glove.bmp
  31 -3.537503 3.748183 27.042222 0.149403 0.982321 -0.112802 0.992157 0.745597
  31 -1.350511 2.242396 22.864619 0.593985 0.799279 -0.091298 0.850980 0.647750
  31 -3.451871 3.244712 22.753948 -0.239806 0.964327 -0.112103 0.992157 0.643836
HEV_leg_&_glove.bmp
  31 -1.402794 2.531588 35.672391 0.610468 0.381580 0.694064 0.858824 0.956947
  31 -3.418861 4.228062 35.716543 0.505406 0.769208 0.391004 0.992157 0.956947
  31 -3.645809 3.499922 36.240381 0.138492 0.546166 0.826149 0.992157 0.972603
HEV_leg_&_glove.bmp
  28 1.064224 -3.141338 35.584922 -0.736988 -0.559790 0.378793 0.600000 0.953033
  28 0.044365 -0.129830 35.089836 -0.941365 -0.000800 0.337388 0.717647 0.941292
  28 1.174655 -3.148574 28.670131 -0.703823 -0.707123 -0.067902 0.592157 0.784736
HEV_leg_&_glove.bmp
  28 1.174655 -3.148574 28.670131 -0.703823 -0.707123 -0.067902 0.592157 0.784736
  28 1.344910 -2.576538 23.381058 -0.821596 -0.563697 -0.085000 0.600000 0.659491
  28 3.444294 -3.589285 23.499074 -0.003300 -0.990895 -0.134599 0.505882 0.663405
HEV_leg_&_glove.bmp
  28 1.402675 2.541831 35.682142 -0.605904 0.377802 0.700104 0.858824 0.956947
  28 3.655490 3.499901 36.240199 -0.138196 0.544684 0.827177 0.992157 0.972603
  28 3.408690 4.218344 35.726943 -0.505413 0.767821 0.393711 0.992157 0.956947
HEV_leg_&_glove.bmp
  31 -1.175941 2.694427 28.309157 0.755883 0.652485 -0.053899 0.858824 0.776908
  31 -0.477880 -0.149757 23.127523 0.992165 0.109696 -0.059798 0.709804 0.651663
  31 -1.350511 2.242396 22.864619 0.593985 0.799279 -0.091298 0.850980 0.647750
HEV_leg_&_glove.bmp
  28 1.175627 2.704427 28.308912 -0.756513 0.651712 -0.054401 0.858824 0.776908
  28 1.359982 2.242129 22.854447 -0.592840 0.799955 -0.092806 0.850980 0.647750
  28 0.477358 -0.149996 23.117527 -0.992117 0.109802 -0.060401 0.709804 0.651663
HEV_leg_&_glove.bmp
  28 4.075943 3.806686 28.692179 0.451813 0.889425 -0.069202 0.019608 0.788650
  28 4.618591 3.171502 26.056904 0.449493 0.886386 -0.110798 0.058824 0.722114
  28 4.060370 3.611763 27.246509 0.449493 0.886386 -0.110798 0.027451 0.753425
HEV_leg_&_glove.bmp
  31 -1.084502 -3.151397 35.584820 0.737106 -0.560505 0.377503 0.600000 0.953033
  31 -1.184980 -3.148607 28.669960 0.703608 -0.707308 -0.068201 0.592157 0.784736
  31 -0.064651 -0.139887 35.089731 0.943103 -0.000500 0.332501 0.717647 0.941292
HEV_leg_&_glove.bmp
  28 6.572541 2.184882 35.110757 0.901490 0.425095 0.081299 0.176471 0.941292
  28 6.538738 2.141901 33.741776 0.909061 0.416082 -0.021999 0.176471 0.909980
  28 6.020511 3.022257 36.590813 0.600182 0.705878 0.376189 0.121569 0.980431
HEV_leg_&_glove.bmp
  31 -4.056087 3.796498 28.682782 -0.452287 0.889176 -0.069298 0.019608 0.788650
  31 -4.060714 3.611754 27.246520 -0.449493 0.886386 -0.110798 0.027451 0.753425
  31 -4.618938 3.171492 26.056917 -0.449493 0.886386 -0.110798 0.058824 0.722114
HEV_leg_&_glove.bmp
  31 -6.561920 2.068169 32.762742 -0.928009 0.371704 -0.025200 0.176471 0.882583
  31 -6.548885 2.141617 33.731626 -0.907714 0.419007 -0.022100 0.176471 0.909980
  31 -6.537773 2.024677 31.373596 -0.944922 0.326308 -0.025401 0.176471 0.855186
HEV_leg_&_glove.bmp
  31 -5.549428 -2.516428 22.996483 -0.659312 -0.638011 -0.397807 0.411765 0.647750
  31 -6.411638 -0.154718 22.714484 -0.921196 -0.039400 -0.387098 0.294118 0.639922
  31 -6.099735 -0.160465 22.029735 -0.921196 -0.039400 -0.387098 0.294118 0.620352
HEV_leg_&_glove.bmp
  28 5.539060 -2.526384 22.996882 0.660222 -0.639422 -0.394013 0.411765 0.647750
  28 6.109182 -0.170720 22.019790 0.922877 -0.040199 -0.382991 0.294118 0.620352
  28 6.401437 -0.164432 22.724876 0.922877 -0.040199 -0.382991 0.294118 0.639922
HEV_leg_&_glove.bmp
  32 -1.854923 3.843180 6.646748 0.843224 0.535415 0.048001 0.913725 0.252446
  33 -1.502977 3.820009 5.558084 0.869962 0.380483 0.313686 0.905882 0.225049
  32 -3.338653 4.766759 7.270483 -0.011199 0.995861 -0.090196 0.992157 0.268102
HEV_leg_&_glove.bmp
  29 1.081124 1.635806 6.832881 -0.998221 -0.010400 -0.058701 0.811765 0.256360
  29 0.585005 1.544003 9.968999 -0.976374 -0.152096 -0.153496 0.800000 0.332681
  29 1.505789 4.012373 9.586241 -0.762986 0.633188 -0.130097 0.909804 0.324853
HEV_leg_&_glove.bmp
  32 -3.338653 4.766759 7.270483 -0.011199 0.995861 -0.090196 0.000000 0.268102
  32 -5.246746 3.984186 9.590172 -0.771713 0.615411 -0.160403 0.070588 0.324853
  32 -3.371685 5.117804 9.699511 -0.005400 0.989519 -0.144303 0.000000 0.324853
HEV_leg_&_glove.bmp
  29 3.338464 4.775679 7.281449 0.011000 0.995790 -0.090999 0.992157 0.268102
  29 1.505789 4.012373 9.586241 -0.762986 0.633188 -0.130097 0.909804 0.324853
  29 3.371118 5.118843 9.689554 0.005301 0.989534 -0.144205 0.992157 0.324853
HEV_leg_&_glove.bmp
  32 -1.071310 1.626920 6.822081 0.998132 -0.010401 -0.060202 0.811765 0.256360
  32 -1.506355 4.011337 9.596192 0.762127 0.634322 -0.129605 0.909804 0.324853
  32 -0.575397 1.544031 9.969175 0.976265 -0.153695 -0.152595 0.800000 0.332681
HEV_leg_&_glove.bmp
  29 4.368657 -0.439480 7.014025 0.502893 -0.860090 0.085699 0.400000 0.260274
  29 4.739177 -0.208701 7.001529 0.778882 -0.623886 -0.064099 0.356863 0.260274
  29 4.675532 -1.013242 10.398169 0.497513 -0.842124 -0.208106 0.427451 0.344423
HEV_leg_&_glove.bmp
  29 1.424955 -0.771620 10.930963 -0.682096 -0.707396 -0.185299 0.666667 0.350294
  29 1.965151 -0.990160 10.396334 -0.525588 -0.829480 -0.188996 0.619608 0.344423
  29 2.862798 -1.899724 11.563650 -0.542593 -0.811590 -0.216597 0.556863 0.365949
HEV_leg_&_glove.bmp
  32 -2.873176 -1.899759 11.563486 0.542593 -0.811590 -0.216597 0.556863 0.365949
  32 -1.965536 -0.990164 10.396341 0.525588 -0.829481 -0.188996 0.619608 0.344423
  32 -1.425339 -0.771623 10.930968 0.681676 -0.707776 -0.185394 0.666667 0.350294
HEV_leg_&_glove.bmp
  32 -3.421323 5.469364 12.510408 -0.070396 0.909057 0.410681 0.000000 0.393346
  32 -3.378932 5.216781 10.101818 -0.011199 0.995861 -0.090196 0.000000 0.338552
  32 -5.684929 4.169452 12.920183 -0.728898 0.651199 0.211300 0.082353 0.405088
HEV_leg_&_glove.bmp
  29 1.174053 4.189959 12.928533 -0.670123 0.705124 0.231808 0.905882 0.405088
  29 3.410981 5.479347 12.511601 0.070702 0.909518 0.409608 0.992157 0.393346
  29 3.378366 5.217820 10.091862 0.011000 0.995790 -0.090999 0.992157 0.338552
HEV_leg_&_glove.bmp
  32 -3.421323 5.469364 12.510408 -0.070396 0.909057 0.410681 0.992157 0.393346
  32 -1.174224 4.181042 12.917560 0.669887 0.705286 0.231996 0.905882 0.405088
  32 -3.378932 5.216781 10.101818 -0.011199 0.995861 -0.090196 0.992157 0.338552
HEV_leg_&_glove.bmp
  29 3.410981 5.479347 12.511601 0.070702 0.909518 0.409608 0.000000 0.393346
  29 5.684589 4.179409 12.921197 0.730622 0.650519 0.207406 0.082353 0.405088
  29 3.378366 5.217820 10.091862 0.011000 0.995790 -0.090999 0.000000 0.338552
HEV_leg_&_glove.bmp
  29 2.849539 -1.981790 11.967616 -0.567102 -0.810802 -0.144900 0.556863 0.371820
  29 1.688825 -1.358209 12.987218 -0.567102 -0.810802 -0.144900 0.631373 0.395303
  29 1.381674 -0.822726 11.328600 -0.774726 -0.617320 -0.136805 0.666667 0.362035
HEV_leg_&_glove.bmp
  29 5.302206 -0.851433 11.329403 0.755184 -0.636087 -0.158397 0.368627 0.362035
  29 5.029109 -1.383144 12.978160 0.550314 -0.819522 -0.159804 0.400000 0.395303
  29 3.819559 -1.985676 11.960788 0.550314 -0.819522 -0.159804 0.482353 0.371820
HEV_leg_&_glove.bmp
  32 -1.382056 -0.822729 11.328605 0.774574 -0.617579 -0.136496 0.666667 0.362035
  32 -1.689202 -1.358213 12.987224 0.567101 -0.810802 -0.144900 0.631373 0.395303
  32 -2.859916 -1.981825 11.967453 0.567101 -0.810802 -0.144900 0.556863 0.371820
HEV_leg_&_glove.bmp
  32 -3.820106 -1.986716 11.970746 -0.553198 -0.817697 -0.159199 0.482353 0.371820
  32 -5.039747 -1.364323 12.990012 -0.553198 -0.817697 -0.159199 0.400000 0.395303
  32 -5.312756 -0.852505 11.339192 -0.755747 -0.635540 -0.157910 0.368627 0.362035
HEV_leg_&_glove.bmp
  28 5.409007 -2.502048 20.677530 0.783886 -0.619989 -0.033700 0.411765 0.592955
  28 3.466362 -3.456781 20.704266 0.095498 -0.995382 0.009700 0.505882 0.592955
  29 3.470034 -2.935469 18.514591 -0.000500 -0.960177 -0.279393 0.505882 0.538160
HEV_leg_&_glove.bmp
  32 -0.735648 0.093255 18.905711 0.996237 -0.071003 -0.049702 0.725490 0.549902
  32 -1.548496 2.150943 19.869763 0.835423 0.543515 0.081602 0.850980 0.573386
  31 -0.724327 -0.191100 20.613134 0.996650 -0.066504 0.047602 0.709804 0.589041
HEV_leg_&_glove.bmp
  28 1.620537 1.955357 21.776359 -0.634781 0.764678 0.110997 0.843137 0.616438
  28 3.461806 2.838718 21.683072 0.154994 0.979058 0.131994 0.992157 0.612524
  29 3.471929 3.082334 19.913677 -0.065796 0.982951 0.171692 0.992157 0.573386
HEV_leg_&_glove.bmp
  31 -5.419184 -2.502330 20.667376 -0.783868 -0.619974 -0.034399 0.411765 0.592955
  32 -3.470344 -2.945423 18.513570 0.001500 -0.960405 -0.278602 0.505882 0.538160
  31 -3.466538 -3.457030 20.694280 -0.096301 -0.995312 0.008900 0.505882 0.592955
HEV_leg_&_glove.bmp
  29 0.745332 0.103174 18.906566 -0.996342 -0.070703 -0.048002 0.725490 0.549902
  28 0.743993 -0.181160 20.612545 -0.996604 -0.066400 0.048700 0.709804 0.589041
  29 1.538182 2.160922 19.870962 -0.836491 0.541795 0.082099 0.850980 0.573386
HEV_leg_&_glove.bmp
  32 -2.324427 -1.294325 5.753380 0.806882 -0.572488 -0.145597 0.607843 0.234834
  32 -2.336997 -1.043347 7.016016 0.770983 -0.636587 -0.018500 0.631373 0.264188
  32 -3.243674 -1.866429 5.799024 0.073596 -0.941952 -0.327583 0.525490 0.234834
HEV_leg_&_glove.bmp
  29 2.326604 -1.043313 7.016182 -0.775584 -0.631186 0.008600 0.423529 0.264188
  29 2.334028 -1.294350 5.753199 -0.620119 -0.670120 -0.407912 0.447059 0.234834
  29 3.253276 -1.866453 5.798840 0.034198 -0.942947 -0.331182 0.525490 0.234834
HEV_leg_&_glove.bmp
  29 4.204322 -1.323875 5.758581 0.806210 -0.571207 -0.154102 0.607843 0.234834
  29 4.206896 -1.072867 7.021391 0.764717 -0.643515 -0.033101 0.631373 0.264188
  29 3.253276 -1.866453 5.798840 0.034198 -0.942947 -0.331182 0.525490 0.234834
HEV_leg_&_glove.bmp
  29 4.469537 -1.477313 10.132266 0.830703 -0.554502 0.049600 0.603922 0.334638
  29 3.734236 -2.249952 11.120326 0.367107 -0.912219 0.181904 0.545098 0.356164
  29 4.206896 -1.072867 7.021391 0.764717 -0.643515 -0.033101 0.631373 0.264188
HEV_leg_&_glove.bmp
  29 2.326604 -1.043313 7.016182 -0.775584 -0.631186 0.008600 0.423529 0.264188
  29 2.934284 -2.226673 11.126277 -0.532510 -0.837715 0.121102 0.486275 0.356164
  29 2.169263 -1.456470 10.133287 -0.869757 -0.492976 -0.022299 0.443137 0.336595
HEV_leg_&_glove.bmp
  30 5.252580 -5.438814 2.174873 0.791277 -0.493086 0.361589 0.478431 0.074364
  30 5.652577 -4.198744 1.975301 0.934671 -0.118197 0.335290 0.423529 0.060665
  30 5.342579 -4.708903 2.435125 0.478211 -0.265606 0.837119 0.447059 0.080235
HEV_leg_&_glove.bmp
  33 -5.592980 -1.478868 2.306257 -0.960513 -0.008500 0.278104 0.298039 0.058708
  33 -4.992979 -1.039362 3.736409 -0.654995 -0.228698 0.720194 0.270588 0.105675
  33 -5.322979 2.210489 4.167531 -0.980733 0.111504 0.160405 0.117647 0.107632
HEV_leg_&_glove.bmp
  33 -5.792981 -4.188551 1.385322 -0.958506 -0.229501 0.169101 0.427451 0.037182
  33 -5.652980 -4.198754 1.975318 -0.933090 -0.114899 0.340796 0.423529 0.060665
  33 -5.912981 -2.708551 1.385833 -0.960513 -0.008500 0.278104 0.356863 0.029354
HEV_leg_&_glove.bmp
  33 -2.172981 -6.268675 1.744600 0.768485 -0.598289 0.226896 0.521569 0.060665
  33 -1.532981 -5.508609 1.554862 0.848237 -0.480421 0.222910 0.486275 0.048924
  33 -2.172980 -5.968947 2.534703 0.775809 -0.474406 0.416005 0.501961 0.090020
HEV_leg_&_glove.bmp
  30 2.162582 -5.968940 2.524696 -0.774605 -0.477503 0.414703 0.501961 0.090020
  30 2.172581 -5.219033 2.794955 -0.516391 -0.109798 0.849285 0.466667 0.097847
  30 1.522580 -5.198820 2.174963 -0.840791 -0.315396 0.439995 0.470588 0.072407
HEV_leg_&_glove.bmp
  30 2.392565 4.390669 3.658273 -0.468201 0.878304 0.096800 0.003922 0.082192
  30 3.332569 4.330005 5.588251 0.014000 0.999871 0.007900 0.007843 0.152642
  30 4.312565 4.360673 3.658259 0.497401 0.862002 0.097700 0.003922 0.082192
HEV_leg_&_glove.bmp
  33 -4.452979 -3.439124 3.045579 -0.259209 -0.350111 0.900129 0.380392 0.095890
  33 -5.342980 -4.708917 2.445141 -0.478514 -0.264408 0.837325 0.447059 0.080235
  33 -4.302980 -4.109038 2.795348 -0.253005 -0.280805 0.925817 0.423529 0.095890
HEV_leg_&_glove.bmp
  30 4.432578 -3.439112 3.035565 0.259199 -0.350199 0.900098 0.380392 0.095890
  30 4.292579 -4.099026 2.785338 0.253393 -0.280593 0.925775 0.423529 0.095890
  30 5.342579 -4.708903 2.435125 0.478211 -0.265606 0.837119 0.447059 0.080235
HEV_leg_&_glove.bmp
  30 4.992575 -1.039353 3.736393 0.503473 -0.401878 -0.764859 0.396078 0.178082
  30 5.232576 -1.309453 4.026299 0.440005 -0.395705 -0.806110 0.396078 0.185910
  30 3.322577 -1.759522 4.216148 -0.050898 -0.701273 -0.711073 0.521569 0.189824
HEV_leg_&_glove.bmp
  30 1.882570 3.610002 5.588005 0.412102 0.563102 -0.716302 0.913725 0.213307
  30 1.512569 3.820012 5.558078 0.119704 0.642919 -0.756522 0.905882 0.225049
  29 3.338464 4.775679 7.281449 -0.006300 0.588778 -0.808270 0.992157 0.268102
HEV_neck.bmp
  30 6.162571 -2.808083 0.065780 0.003800 -0.006700 -0.999970 0.372549 0.478431
  30 0.822574 -4.298090 0.055276 0.003800 -0.006700 -0.999970 0.623529 0.419608
  30 6.012568 -1.438077 0.046253 0.003800 -0.006700 -0.999970 0.380392 0.529412
HEV_neck.bmp
  30 6.012568 -1.438077 0.046253 0.003800 -0.006700 -0.999970 0.380392 0.529412
  30 0.822574 -4.298090 0.055276 0.003800 -0.006700 -0.999970 0.623529 0.419608
  30 5.132558 3.981921 0.048126 0.003800 -0.006700 -0.999970 0.423529 0.741176
HEV_neck.bmp
  30 0.822574 -4.298090 0.055276 0.003800 -0.006700 -0.999970 0.623529 0.419608
  30 1.182561 2.661910 0.057678 0.003800 -0.006700 -0.999970 0.603922 0.690196
  30 5.132558 3.981921 0.048126 0.003800 -0.006700 -0.999970 0.423529 0.741176
HEV_neck.bmp
  30 5.132558 3.981921 0.048126 0.003800 -0.006700 -0.999970 0.423529 0.741176
  30 1.182561 2.661910 0.057678 0.003800 -0.006700 -0.999970 0.603922 0.690196
  30 4.402556 5.051923 0.038497 0.003800 -0.006700 -0.999970 0.454902 0.780392
HEV_neck.bmp
  30 1.182561 2.661910 0.057678 0.003800 -0.006700 -0.999970 0.603922 0.690196
  30 1.512558 4.031907 0.068151 0.003800 -0.006700 -0.999970 0.588235 0.741176
  30 4.402556 5.051923 0.038497 0.003800 -0.006700 -0.999970 0.454902 0.780392
HEV_neck.bmp
  30 4.402556 5.051923 0.038497 0.003800 -0.006700 -0.999970 0.454902 0.780392
  30 1.512558 4.031907 0.068151 0.003800 -0.006700 -0.999970 0.588235 0.741176
  30 2.282556 5.081916 0.048512 0.003800 -0.006700 -0.999970 0.556863 0.784314
HEV_neck.bmp
  33 -1.512983 4.031905 0.068157 0.002000 -0.003900 -0.999990 0.592157 0.741176
  33 -1.172983 2.661905 0.067683 0.002000 -0.003900 -0.999990 0.607843 0.690196
  33 -4.392983 5.051912 0.048512 0.002000 -0.003900 -0.999990 0.454902 0.780392
HEV_neck.bmp
  33 -4.392983 5.051912 0.048512 0.002000 -0.003900 -0.999990 0.454902 0.780392
  33 -1.172983 2.661905 0.067683 0.002000 -0.003900 -0.999990 0.607843 0.690196
  33 -5.132983 3.981908 0.058143 0.002000 -0.003900 -0.999990 0.419608 0.741176
HEV_neck.bmp
  33 -1.172983 2.661905 0.067683 0.002000 -0.003900 -0.999990 0.607843 0.690196
  33 -0.822982 -4.298095 0.065279 0.002000 -0.003900 -0.999990 0.623529 0.419608
  33 -5.132983 3.981908 0.058143 0.002000 -0.003900 -0.999990 0.419608 0.741176
HEV_neck.bmp
  33 -5.132983 3.981908 0.058143 0.002000 -0.003900 -0.999990 0.419608 0.741176
  33 -0.822982 -4.298095 0.065279 0.002000 -0.003900 -0.999990 0.623529 0.419608
  33 -6.022982 -1.438091 0.056272 0.002000 -0.003900 -0.999990 0.380392 0.529412
HEV_neck.bmp
  33 -0.822982 -4.298095 0.065279 0.002000 -0.003900 -0.999990 0.623529 0.419608
  33 -6.162982 -2.808098 0.075799 0.002000 -0.003900 -0.999990 0.372549 0.478431
  33 -6.022982 -1.438091 0.056272 0.002000 -0.003900 -0.999990 0.380392 0.529412
HEV_neck.bmp
  33 -6.022982 -4.378098 0.075256 0.002000 -0.003900 -0.999990 0.380392 0.415686
  33 -4.382982 -6.788087 0.044422 0.002000 -0.003900 -0.999990 0.454902 0.321569
  33 -5.362982 -6.038091 0.054682 0.002000 -0.003900 -0.999990 0.411765 0.352941
HEV_neck.bmp
  33 -6.022982 -4.378098 0.075256 0.002000 -0.003900 -0.999990 0.380392 0.415686
  33 -2.032982 -6.738087 0.044437 0.002000 -0.003900 -0.999990 0.568627 0.325490
  33 -4.382982 -6.788087 0.044422 0.002000 -0.003900 -0.999990 0.454902 0.321569
HEV_neck.bmp
  33 -6.022982 -4.378098 0.075256 0.002000 -0.003900 -0.999990 0.380392 0.415686
  33 -1.332982 -5.778091 0.054768 0.002000 -0.003900 -0.999990 0.600000 0.360784
  33 -2.032982 -6.738087 0.044437 0.002000 -0.003900 -0.999990 0.568627 0.325490
HEV_neck.bmp
  33 -6.022982 -4.378098 0.075256 0.002000 -0.003900 -0.999990 0.380392 0.415686
  33 -0.822982 -4.298095 0.065279 0.002000 -0.003900 -0.999990 0.623529 0.419608
  33 -1.332982 -5.778091 0.054768 0.002000 -0.003900 -0.999990 0.600000 0.360784
HEV_neck.bmp
  33 -6.022982 -4.378098 0.075256 0.002000 -0.003900 -0.999990 0.380392 0.415686
  33 -6.162982 -2.808098 0.075799 0.002000 -0.003900 -0.999990 0.372549 0.478431
  33 -0.822982 -4.298095 0.065279 0.002000 -0.003900 -0.999990 0.623529 0.419608
HEV_neck.bmp
  30 6.012574 -4.378080 0.055238 0.003800 -0.006700 -0.999970 0.376471 0.415686
  30 0.822574 -4.298090 0.055276 0.003800 -0.006700 -0.999970 0.623529 0.419608
  30 6.162571 -2.808083 0.065780 0.003800 -0.006700 -0.999970 0.372549 0.478431
HEV_neck.bmp
  30 6.012574 -4.378080 0.055238 0.003800 -0.006700 -0.999970 0.376471 0.415686
  30 1.322577 -5.778089 0.054764 0.003800 -0.006700 -0.999970 0.600000 0.360784
  30 0.822574 -4.298090 0.055276 0.003800 -0.006700 -0.999970 0.623529 0.419608
HEV_neck.bmp
  30 6.012574 -4.378080 0.055238 0.003800 -0.006700 -0.999970 0.376471 0.415686
  30 2.012578 -6.738084 0.044431 0.003800 -0.006700 -0.999970 0.568627 0.325490
  30 1.322577 -5.778089 0.054764 0.003800 -0.006700 -0.999970 0.600000 0.360784
HEV_neck.bmp
  30 6.012574 -4.378080 0.055238 0.003800 -0.006700 -0.999970 0.376471 0.415686
  30 4.372578 -6.788080 0.044409 0.003800 -0.006700 -0.999970 0.454902 0.321569
  30 2.012578 -6.738084 0.044431 0.003800 -0.006700 -0.999970 0.568627 0.325490
HEV_neck.bmp
  30 6.012574 -4.378080 0.055238 0.003800 -0.006700 -0.999970 0.376471 0.415686
  30 5.352577 -6.038081 0.054666 0.003800 -0.006700 -0.999970 0.411765 0.352941
  30 4.372578 -6.788080 0.044409 0.003800 -0.006700 -0.999970 0.454902 0.321569
HEV_neck.bmp
  33 -1.512983 4.031905 0.068157 0.002000 -0.003900 -0.999990 0.592157 0.741176
  33 -4.392983 5.051912 0.048512 0.002000 -0.003900 -0.999990 0.454902 0.780392
  33 -2.272983 5.081912 0.048520 0.002000 -0.003900 -0.999990 0.556863 0.784314
PLAYER_Chrome1.bmp
  31 -3.645809 3.499922 36.240381 0.074203 0.960638 -0.267710 0.000000 0.000000
  31 -3.658104 3.668485 35.765897 0.296211 0.949333 0.105004 0.000000 0.000000
  31 -3.891881 4.081542 35.911951 0.859678 0.507487 0.058399 0.000000 0.000000
PLAYER_Chrome1.bmp
  31 -3.891881 4.081542 35.911951 0.859678 0.507487 0.058399 0.000000 0.000000
  31 -3.658104 3.668485 35.765897 0.296211 0.949333 0.105004 0.000000 0.000000
  31 -4.056087 3.796498 28.682782 0.837070 0.544880 -0.049198 0.000000 0.000000
PLAYER_Chrome1.bmp
  31 -3.658104 3.668485 35.765897 0.296211 0.949333 0.105004 0.000000 0.000000
  31 -3.812587 3.423699 28.545931 -0.070197 0.994968 -0.071498 0.000000 0.000000
  31 -4.056087 3.796498 28.682782 0.837070 0.544880 -0.049198 0.000000 0.000000
PLAYER_Chrome1.bmp
  31 -4.056087 3.796498 28.682782 0.837070 0.544880 -0.049198 0.000000 0.000000
  31 -3.812587 3.423699 28.545931 -0.070197 0.994968 -0.071498 0.000000 0.000000
  31 -4.060714 3.611754 27.246520 0.771877 0.596682 -0.219493 0.000000 0.000000
PLAYER_Chrome1.bmp
  31 -3.812587 3.423699 28.545931 -0.070197 0.994968 -0.071498 0.000000 0.000000
  31 -3.807066 3.248741 27.099604 -0.175991 0.944355 -0.277887 0.000000 0.000000
  31 -4.060714 3.611754 27.246520 0.771877 0.596682 -0.219493 0.000000 0.000000
PLAYER_Chrome1.bmp
  31 -4.060714 3.611754 27.246520 0.771877 0.596682 -0.219493 0.000000 0.000000
  31 -3.807066 3.248741 27.099604 -0.175991 0.944355 -0.277887 0.000000 0.000000
  31 -4.618938 3.171492 26.056917 0.470293 0.617091 -0.630891 0.000000 0.000000
PLAYER_Chrome1.bmp
  31 -3.807066 3.248741 27.099604 -0.175991 0.944355 -0.277887 0.000000 0.000000
  31 -4.365391 2.848466 25.909036 -0.355910 0.885326 -0.299209 0.000000 0.000000
  31 -4.618938 3.171492 26.056917 0.470293 0.617091 -0.630891 0.000000 0.000000
PLAYER_Chrome1.bmp
  31 -4.618938 3.171492 26.056917 0.470293 0.617091 -0.630891 0.000000 0.000000
  31 -4.365391 2.848466 25.909036 -0.355910 0.885326 -0.299209 0.000000 0.000000
  31 -5.943724 2.429446 25.291470 -0.001400 0.459809 -0.888017 0.000000 0.000000
PLAYER_Chrome1.bmp
  31 -4.365391 2.848466 25.909036 -0.355910 0.885326 -0.299209 0.000000 0.000000
  31 -5.700378 2.186367 25.141484 -0.745527 0.597922 -0.294411 0.000000 0.000000
  31 -5.943724 2.429446 25.291470 -0.001400 0.459809 -0.888017 0.000000 0.000000
PLAYER_Chrome1.bmp
  31 -5.943724 2.429446 25.291470 -0.001400 0.459809 -0.888017 0.000000 0.000000
  31 -5.700378 2.186367 25.141484 -0.745527 0.597922 -0.294411 0.000000 0.000000
  31 -6.852728 -0.158526 25.087968 -0.449004 0.072201 -0.890608 0.000000 0.000000
PLAYER_Chrome1.bmp
  31 -5.700378 2.186367 25.141484 -0.745527 0.597922 -0.294411 0.000000 0.000000
  31 -6.610013 -0.151678 24.931946 -0.854496 -0.107099 -0.508298 0.000000 0.000000
  31 -6.852728 -0.158526 25.087968 -0.449004 0.072201 -0.890608 0.000000 0.000000
PLAYER_Chrome1.bmp
  31 -6.852728 -0.158526 25.087968 -0.449004 0.072201 -0.890608 0.000000 0.000000
  31 -6.610013 -0.151678 24.931946 -0.854496 -0.107099 -0.508298 0.000000 0.000000
  31 -5.938408 -2.742193 25.286181 -0.227601 -0.353802 -0.907206 0.000000 0.000000
PLAYER_Chrome1.bmp
  31 -6.610013 -0.151678 24.931946 -0.854496 -0.107099 -0.508298 0.000000 0.000000
  31 -5.686724 -2.464913 25.143805 -0.552382 -0.747576 -0.368788 0.000000 0.000000
  31 -5.938408 -2.742193 25.286181 -0.227601 -0.353802 -0.907206 0.000000 0.000000
PLAYER_Chrome1.bmp
  31 -5.938408 -2.742193 25.286181 -0.227601 -0.353802 -0.907206 0.000000 0.000000
  31 -5.686724 -2.464913 25.143805 -0.552382 -0.747576 -0.368788 0.000000 0.000000
  31 -4.618939 -3.510936 26.037936 0.318602 -0.592105 -0.740206 0.000000 0.000000
PLAYER_Chrome1.bmp
  31 -5.686724 -2.464913 25.143805 -0.552382 -0.747576 -0.368788 0.000000 0.000000
  31 -4.377430 -3.163706 25.893697 -0.012101 -0.936030 -0.351711 0.000000 0.000000
  31 -4.618939 -3.510936 26.037936 0.318602 -0.592105 -0.740206 0.000000 0.000000
PLAYER_Chrome1.bmp
  31 -4.618939 -3.510936 26.037936 0.318602 -0.592105 -0.740206 0.000000 0.000000
  31 -4.377430 -3.163706 25.893697 -0.012101 -0.936030 -0.351711 0.000000 0.000000
  31 -4.068343 -3.940688 27.238377 0.692198 -0.623599 -0.363299 0.000000 0.000000
PLAYER_Chrome1.bmp
  31 -4.377430 -3.163706 25.893697 -0.012101 -0.936030 -0.351711 0.000000 0.000000
  31 -3.826910 -3.563467 27.093412 -0.083598 -0.993673 -0.074998 0.000000 0.000000
  31 -4.068343 -3.940688 27.238377 0.692198 -0.623599 -0.363299 0.000000 0.000000
PLAYER_Chrome1.bmp
  31 -4.068343 -3.940688 27.238377 0.692198 -0.623599 -0.363299 0.000000 0.000000
  31 -3.826910 -3.563467 27.093412 -0.083598 -0.993673 -0.074998 0.000000 0.000000
  31 -4.071033 -4.213997 29.175771 0.838602 -0.542102 -0.053600 0.000000 0.000000
PLAYER_Chrome1.bmp
  31 -3.826910 -3.563467 27.093412 -0.083598 -0.993673 -0.074998 0.000000 0.000000
  31 -3.829701 -3.796788 29.029841 -0.048000 -0.996285 -0.071499 0.000000 0.000000
  31 -4.071033 -4.213997 29.175771 0.838602 -0.542102 -0.053600 0.000000 0.000000
PLAYER_Chrome1.bmp
  31 -4.071033 -4.213997 29.175771 0.838602 -0.542102 -0.053600 0.000000 0.000000
  31 -3.829701 -3.796788 29.029841 -0.048000 -0.996285 -0.071499 0.000000 0.000000
  31 -3.897906 -4.186437 36.511346 0.862403 -0.504402 0.042900 0.000000 0.000000
PLAYER_Chrome1.bmp
  31 -3.829701 -3.796788 29.029841 -0.048000 -0.996285 -0.071499 0.000000 0.000000
  31 -3.656376 -3.779466 36.355662 -0.401694 -0.902286 0.156597 0.000000 0.000000
  31 -3.897906 -4.186437 36.511346 0.862403 -0.504402 0.042900 0.000000 0.000000
PLAYER_Chrome1.bmp
  31 -3.897906 -4.186437 36.511346 0.862403 -0.504402 0.042900 0.000000 0.000000
  31 -3.656376 -3.779466 36.355662 -0.401694 -0.902286 0.156597 0.000000 0.000000
  31 -3.654070 -3.609363 36.771787 -0.310390 -0.759274 -0.571980 0.000000 0.000000
PLAYER_Chrome1.bmp
  31 -3.656376 -3.779466 36.355662 -0.401694 -0.902286 0.156597 0.000000 0.000000
  31 -3.414477 -4.339318 36.343345 -0.904886 -0.411593 0.108498 0.000000 0.000000
  31 -3.654070 -3.609363 36.771787 -0.310390 -0.759274 -0.571980 0.000000 0.000000
PLAYER_Chrome1.bmp
  28 3.414175 -4.339310 36.343337 0.907510 -0.405505 0.109501 0.000000 0.000000
  28 3.646272 -3.769190 36.365580 0.409412 -0.898227 0.159905 0.000000 0.000000
  28 3.653966 -3.599117 36.781531 0.310890 -0.763775 -0.565682 0.000000 0.000000
PLAYER_Chrome1.bmp
  28 3.653966 -3.599117 36.781531 0.310890 -0.763775 -0.565682 0.000000 0.000000
  28 3.646272 -3.769190 36.365580 0.409412 -0.898227 0.159905 0.000000 0.000000
  28 3.887580 -4.196396 36.511750 -0.862604 -0.503902 0.044700 0.000000 0.000000
PLAYER_Chrome1.bmp
  28 3.646272 -3.769190 36.365580 0.409412 -0.898227 0.159905 0.000000 0.000000
  28 3.809553 -3.796480 29.040172 0.052598 -0.995966 -0.072698 0.000000 0.000000
  28 3.887580 -4.196396 36.511750 -0.862604 -0.503902 0.044700 0.000000 0.000000
PLAYER_Chrome1.bmp
  28 3.887580 -4.196396 36.511750 -0.862604 -0.503902 0.044700 0.000000 0.000000
  28 3.809553 -3.796480 29.040172 0.052598 -0.995966 -0.072698 0.000000 0.000000
  28 4.060859 -4.223715 29.186170 -0.838691 -0.541994 -0.053299 0.000000 0.000000
PLAYER_Chrome1.bmp
  28 3.809553 -3.796480 29.040172 0.052598 -0.995966 -0.072698 0.000000 0.000000
  28 3.806756 -3.563159 27.103744 0.052598 -0.995966 -0.072698 0.000000 0.000000
  28 4.060859 -4.223715 29.186170 -0.838691 -0.541994 -0.053299 0.000000 0.000000
PLAYER_Chrome1.bmp
  28 4.060859 -4.223715 29.186170 -0.838691 -0.541994 -0.053299 0.000000 0.000000
  28 3.806756 -3.563159 27.103744 0.052598 -0.995966 -0.072698 0.000000 0.000000
  28 4.058163 -3.950405 27.248776 -0.690674 -0.623776 -0.365886 0.000000 0.000000
PLAYER_Chrome1.bmp
  28 3.806756 -3.563159 27.103744 0.052598 -0.995966 -0.072698 0.000000 0.000000
  28 4.357221 -3.183391 25.904510 0.010699 -0.934962 -0.354586 0.000000 0.000000
  28 4.058163 -3.950405 27.248776 -0.690674 -0.623776 -0.365886 0.000000 0.000000
PLAYER_Chrome1.bmp
  28 4.058163 -3.950405 27.248776 -0.690674 -0.623776 -0.365886 0.000000 0.000000
  28 4.357221 -3.183391 25.904510 0.010699 -0.934962 -0.354586 0.000000 0.000000
  28 4.618804 -3.500688 26.047678 -0.317392 -0.591785 -0.740981 0.000000 0.000000
PLAYER_Chrome1.bmp
  28 4.357221 -3.183391 25.904510 0.010699 -0.934962 -0.354586 0.000000 0.000000
  28 5.666512 -2.484595 25.154614 0.549906 -0.747209 -0.373205 0.000000 0.000000
  28 4.618804 -3.500688 26.047678 -0.317392 -0.591785 -0.740981 0.000000 0.000000
PLAYER_Chrome1.bmp
  28 4.618804 -3.500688 26.047678 -0.317392 -0.591785 -0.740981 0.000000 0.000000
  28 5.666512 -2.484595 25.154614 0.549906 -0.747209 -0.373205 0.000000 0.000000
  28 5.938219 -2.751936 25.296402 0.227991 -0.352886 -0.907464 0.000000 0.000000
PLAYER_Chrome1.bmp
  28 5.666512 -2.484595 25.154614 0.549906 -0.747209 -0.373205 0.000000 0.000000
  28 6.599845 -0.151394 24.942096 0.854239 -0.105205 -0.509124 0.000000 0.000000
  28 5.938219 -2.751936 25.296402 0.227991 -0.352886 -0.907464 0.000000 0.000000
PLAYER_Chrome1.bmp
  28 5.938219 -2.751936 25.296402 0.227991 -0.352886 -0.907464 0.000000 0.000000
  28 6.599845 -0.151394 24.942096 0.854239 -0.105205 -0.509124 0.000000 0.000000
  28 6.852384 -0.158512 25.087949 0.446309 0.071501 -0.892018 0.000000 0.000000
PLAYER_Chrome1.bmp
  28 6.599845 -0.151394 24.942096 0.854239 -0.105205 -0.509124 0.000000 0.000000
  28 5.700229 2.196617 25.151223 0.747414 0.598011 -0.289405 0.000000 0.000000
  28 6.852384 -0.158512 25.087949 0.446309 0.071501 -0.892018 0.000000 0.000000
PLAYER_Chrome1.bmp
  28 6.852384 -0.158512 25.087949 0.446309 0.071501 -0.892018 0.000000 0.000000
  28 5.700229 2.196617 25.151223 0.747414 0.598011 -0.289405 0.000000 0.000000
  28 5.943376 2.429458 25.291453 0.000100 0.460087 -0.887874 0.000000 0.000000
PLAYER_Chrome1.bmp
  28 5.700229 2.196617 25.151223 0.747414 0.598011 -0.289405 0.000000 0.000000
  28 4.375018 2.838449 25.909092 0.361687 0.884467 -0.294789 0.000000 0.000000
  28 5.943376 2.429458 25.291453 0.000100 0.460087 -0.887874 0.000000 0.000000
PLAYER_Chrome1.bmp
  28 5.943376 2.429458 25.291453 0.000100 0.460087 -0.887874 0.000000 0.000000
  28 4.375018 2.838449 25.909092 0.361687 0.884467 -0.294789 0.000000 0.000000
  28 4.618591 3.171502 26.056904 -0.467510 0.621413 -0.628713 0.000000 0.000000
PLAYER_Chrome1.bmp
  28 4.375018 2.838449 25.909092 0.361687 0.884467 -0.294789 0.000000 0.000000
  28 3.816721 3.248719 27.099421 0.185604 0.943619 -0.274105 0.000000 0.000000
  28 4.618591 3.171502 26.056904 -0.467510 0.621413 -0.628713 0.000000 0.000000
PLAYER_Chrome1.bmp
  28 4.618591 3.171502 26.056904 -0.467510 0.621413 -0.628713 0.000000 0.000000
  28 3.816721 3.248719 27.099421 0.185604 0.943619 -0.274105 0.000000 0.000000
  28 4.060370 3.611763 27.246509 -0.766326 0.603021 -0.221608 0.000000 0.000000
PLAYER_Chrome1.bmp
  28 3.816721 3.248719 27.099421 0.185604 0.943619 -0.274105 0.000000 0.000000
  28 3.822245 3.423678 28.545748 0.075004 0.994448 -0.073803 0.000000 0.000000
  28 4.060370 3.611763 27.246509 -0.766326 0.603021 -0.221608 0.000000 0.000000
PLAYER_Chrome1.bmp
  28 4.060370 3.611763 27.246509 -0.766326 0.603021 -0.221608 0.000000 0.000000
  28 3.822245 3.423678 28.545748 0.075004 0.994448 -0.073803 0.000000 0.000000
  28 4.075943 3.806686 28.692179 -0.833532 0.550222 -0.049802 0.000000 0.000000
PLAYER_Chrome1.bmp
  28 3.822245 3.423678 28.545748 0.075004 0.994448 -0.073803 0.000000 0.000000
  28 3.657958 3.668734 35.775882 -0.302299 0.947599 0.103300 0.000000 0.000000
  28 4.075943 3.806686 28.692179 -0.833532 0.550222 -0.049802 0.000000 0.000000
PLAYER_Chrome1.bmp
  28 4.075943 3.806686 28.692179 -0.833532 0.550222 -0.049802 0.000000 0.000000
  28 3.657958 3.668734 35.775882 -0.302299 0.947599 0.103300 0.000000 0.000000
  28 3.891735 4.081792 35.921936 -0.868272 0.492985 0.055398 0.000000 0.000000
PLAYER_Chrome1.bmp
  28 3.657958 3.668734 35.775882 -0.302299 0.947599 0.103300 0.000000 0.000000
  28 3.655490 3.499901 36.240199 0.010800 0.935789 0.352396 0.000000 0.000000
  28 3.891735 4.081792 35.921936 -0.868272 0.492985 0.055398 0.000000 0.000000
PLAYER_Chrome1.bmp
  29 3.819559 -1.985676 11.960788 0.070799 -0.712792 -0.697793 0.000000 0.000000
  29 2.849539 -1.981790 11.967616 -0.162998 -0.700892 -0.694393 0.000000 0.000000
  29 2.895472 -1.701262 11.684253 -0.395984 -0.915662 0.068997 0.000000 0.000000
PLAYER_Chrome1.bmp
  29 2.895472 -1.701262 11.684253 -0.395984 -0.915662 0.068997 0.000000 0.000000
  29 2.849539 -1.981790 11.967616 -0.162998 -0.700892 -0.694393 0.000000 0.000000
  29 1.548131 -0.648212 11.092513 -0.811790 -0.582692 -0.038300 0.000000 0.000000
PLAYER_Chrome1.bmp
  29 2.849539 -1.981790 11.967616 -0.162998 -0.700892 -0.694393 0.000000 0.000000
  29 1.381674 -0.822726 11.328600 -0.435403 -0.553203 -0.710205 0.000000 0.000000
  29 1.548131 -0.648212 11.092513 -0.811790 -0.582692 -0.038300 0.000000 0.000000
PLAYER_Chrome1.bmp
  29 1.548131 -0.648212 11.092513 -0.811790 -0.582692 -0.038300 0.000000 0.000000
  29 1.381674 -0.822726 11.328600 -0.435403 -0.553203 -0.710205 0.000000 0.000000
  29 0.759033 1.518719 10.204742 -0.990839 -0.049102 -0.125805 0.000000 0.000000
PLAYER_Chrome1.bmp
  29 1.381674 -0.822726 11.328600 -0.435403 -0.553203 -0.710205 0.000000 0.000000
  29 0.512010 1.552664 10.373346 -0.569013 -0.107902 -0.815219 0.000000 0.000000
  29 0.759033 1.518719 10.204742 -0.990839 -0.049102 -0.125805 0.000000 0.000000
PLAYER_Chrome1.bmp
  29 0.759033 1.518719 10.204742 -0.990839 -0.049102 -0.125805 0.000000 0.000000
  29 0.512010 1.552664 10.373346 -0.569013 -0.107902 -0.815219 0.000000 0.000000
  29 1.629795 3.833908 9.847149 -0.775169 0.600876 -0.195092 0.000000 0.000000
PLAYER_Chrome1.bmp
  29 0.512010 1.552664 10.373346 -0.569013 -0.107902 -0.815219 0.000000 0.000000
  29 1.462951 4.091604 9.987349 -0.310899 0.291000 -0.904799 0.000000 0.000000
  29 1.629795 3.833908 9.847149 -0.775169 0.600876 -0.195092 0.000000 0.000000
PLAYER_Chrome1.bmp
  29 1.629795 3.833908 9.847149 -0.775169 0.600876 -0.195092 0.000000 0.000000
  29 1.462951 4.091604 9.987349 -0.310899 0.291000 -0.904799 0.000000 0.000000
  29 3.374812 4.871106 9.945314 0.083204 0.962846 -0.256912 0.000000 0.000000
PLAYER_Chrome1.bmp
  29 1.462951 4.091604 9.987349 -0.310899 0.291000 -0.904799 0.000000 0.000000
  29 3.378366 5.217820 10.091862 0.060201 0.385806 -0.920614 0.000000 0.000000
  29 3.374812 4.871106 9.945314 0.083204 0.962846 -0.256912 0.000000 0.000000
PLAYER_Chrome1.bmp
  29 3.374812 4.871106 9.945314 0.083204 0.962846 -0.256912 0.000000 0.000000
  29 3.378366 5.217820 10.091862 0.060201 0.385806 -0.920614 0.000000 0.000000
  29 5.130054 3.808502 9.835323 0.766794 0.598695 -0.231498 0.000000 0.000000
PLAYER_Chrome1.bmp
  29 3.378366 5.217820 10.091862 0.060201 0.385806 -0.920614 0.000000 0.000000
  29 5.293329 4.064195 9.979762 0.441514 0.180906 -0.878828 0.000000 0.000000
  29 5.130054 3.808502 9.835323 0.766794 0.598695 -0.231498 0.000000 0.000000
PLAYER_Chrome1.bmp
  29 5.130054 3.808502 9.835323 0.766794 0.598695 -0.231498 0.000000 0.000000
  29 5.293329 4.064195 9.979762 0.441514 0.180906 -0.878828 0.000000 0.000000
  29 5.969705 1.484152 10.203129 0.990148 -0.022501 -0.138207 0.000000 0.000000
PLAYER_Chrome1.bmp
  29 5.293329 4.064195 9.979762 0.441514 0.180906 -0.878828 0.000000 0.000000
  29 6.212560 1.506709 10.362229 0.546025 -0.309415 -0.778536 0.000000 0.000000
  29 5.969705 1.484152 10.203129 0.990148 -0.022501 -0.138207 0.000000 0.000000
PLAYER_Chrome1.bmp
  29 5.969705 1.484152 10.203129 0.990148 -0.022501 -0.138207 0.000000 0.000000
  29 6.212560 1.506709 10.362229 0.546025 -0.309415 -0.778536 0.000000 0.000000
  29 5.138545 -0.674915 11.089076 0.800508 -0.599306 -0.004400 0.000000 0.000000
PLAYER_Chrome1.bmp
  29 6.212560 1.506709 10.362229 0.546025 -0.309415 -0.778536 0.000000 0.000000
  29 5.302206 -0.851433 11.329403 0.323909 -0.628317 -0.707319 0.000000 0.000000
  29 5.138545 -0.674915 11.089076 0.800508 -0.599306 -0.004400 0.000000 0.000000
PLAYER_Chrome1.bmp
  29 5.138545 -0.674915 11.089076 0.800508 -0.599306 -0.004400 0.000000 0.000000
  29 5.302206 -0.851433 11.329403 0.323909 -0.628317 -0.707319 0.000000 0.000000
  29 3.775459 -1.714830 11.677950 0.283994 -0.952380 0.110998 0.000000 0.000000
PLAYER_Chrome1.bmp
  29 5.302206 -0.851433 11.329403 0.323909 -0.628317 -0.707319 0.000000 0.000000
  29 3.819559 -1.985676 11.960788 0.070799 -0.712792 -0.697793 0.000000 0.000000
  29 3.775459 -1.714830 11.677950 0.283994 -0.952380 0.110998 0.000000 0.000000
PLAYER_Chrome1.bmp
  29 3.775459 -1.714830 11.677950 0.283994 -0.952380 0.110998 0.000000 0.000000
  29 3.819559 -1.985676 11.960788 0.070799 -0.712792 -0.697793 0.000000 0.000000
  29 2.895472 -1.701262 11.684253 -0.395984 -0.915662 0.068997 0.000000 0.000000
PLAYER_Chrome1.bmp
  32 -3.786005 -1.715900 11.687735 -0.285587 -0.951857 0.111395 0.000000 0.000000
  32 -2.895852 -1.701268 11.684263 0.395205 -0.916013 0.068801 0.000000 0.000000
  32 -3.820106 -1.986716 11.970746 -0.072998 -0.712581 -0.697782 0.000000 0.000000
PLAYER_Chrome1.bmp
  32 -3.820106 -1.986716 11.970746 -0.072998 -0.712581 -0.697782 0.000000 0.000000
  32 -2.895852 -1.701268 11.684263 0.395205 -0.916013 0.068801 0.000000 0.000000
  32 -2.859916 -1.981825 11.967453 0.162305 -0.700924 -0.694524 0.000000 0.000000
PLAYER_Chrome1.bmp
  32 -2.895852 -1.701268 11.684263 0.395205 -0.916013 0.068801 0.000000 0.000000
  32 -1.548514 -0.648215 11.092518 0.811250 -0.583464 -0.037998 0.000000 0.000000
  32 -2.859916 -1.981825 11.967453 0.162305 -0.700924 -0.694524 0.000000 0.000000
PLAYER_Chrome1.bmp
  32 -2.859916 -1.981825 11.967453 0.162305 -0.700924 -0.694524 0.000000 0.000000
  32 -1.548514 -0.648215 11.092518 0.811250 -0.583464 -0.037998 0.000000 0.000000
  32 -1.382056 -0.822729 11.328605 0.434908 -0.553710 -0.710113 0.000000 0.000000
PLAYER_Chrome1.bmp
  32 -1.548514 -0.648215 11.092518 0.811250 -0.583464 -0.037998 0.000000 0.000000
  32 -0.749425 1.518746 10.204918 0.990866 -0.049099 -0.125596 0.000000 0.000000
  32 -1.382056 -0.822729 11.328605 0.434908 -0.553710 -0.710113 0.000000 0.000000
PLAYER_Chrome1.bmp
  32 -1.382056 -0.822729 11.328605 0.434908 -0.553710 -0.710113 0.000000 0.000000
  32 -0.749425 1.518746 10.204918 0.990866 -0.049099 -0.125596 0.000000 0.000000
  32 -0.512400 1.552663 10.373349 0.568320 -0.107704 -0.815728 0.000000 0.000000
PLAYER_Chrome1.bmp
  32 -0.749425 1.518746 10.204918 0.990866 -0.049099 -0.125596 0.000000 0.000000
  32 -1.630190 3.833905 9.847155 0.774517 0.601713 -0.195104 0.000000 0.000000
  32 -0.512400 1.552663 10.373349 0.568320 -0.107704 -0.815728 0.000000 0.000000
PLAYER_Chrome1.bmp
  32 -0.512400 1.552663 10.373349 0.568320 -0.107704 -0.815728 0.000000 0.000000
  32 -1.630190 3.833905 9.847155 0.774517 0.601713 -0.195104 0.000000 0.000000
  32 -1.463516 4.090568 9.997299 0.310582 0.291183 -0.904849 0.000000 0.000000
PLAYER_Chrome1.bmp
  32 -1.630190 3.833905 9.847155 0.774517 0.601713 -0.195104 0.000000 0.000000
  32 -3.375378 4.870066 9.955270 -0.083299 0.962789 -0.257097 0.000000 0.000000
  32 -1.463516 4.090568 9.997299 0.310582 0.291183 -0.904849 0.000000 0.000000
PLAYER_Chrome1.bmp
  32 -1.463516 4.090568 9.997299 0.310582 0.291183 -0.904849 0.000000 0.000000
  32 -3.375378 4.870066 9.955270 -0.083299 0.962789 -0.257097 0.000000 0.000000
  32 -3.378932 5.216781 10.101818 -0.060103 0.385517 -0.920741 0.000000 0.000000
PLAYER_Chrome1.bmp
  32 -3.375378 4.870066 9.955270 -0.083299 0.962789 -0.257097 0.000000 0.000000
  32 -5.130449 3.808492 9.835340 -0.766699 0.598700 -0.231800 0.000000 0.000000
  32 -3.378932 5.216781 10.101818 -0.060103 0.385517 -0.920741 0.000000 0.000000
PLAYER_Chrome1.bmp
  32 -3.378932 5.216781 10.101818 -0.060103 0.385517 -0.920741 0.000000 0.000000
  32 -5.130449 3.808492 9.835340 -0.766699 0.598700 -0.231800 0.000000 0.000000
  32 -5.293724 4.064185 9.979779 -0.441091 0.180697 -0.879083 0.000000 0.000000
PLAYER_Chrome1.bmp
  32 -5.130449 3.808492 9.835340 -0.766699 0.598700 -0.231800 0.000000 0.000000
  32 -5.970095 1.484140 10.203148 -0.990152 -0.022399 -0.138193 0.000000 0.000000
  32 -5.293724 4.064185 9.979779 -0.441091 0.180697 -0.879083 0.000000 0.000000
PLAYER_Chrome1.bmp
  32 -5.293724 4.064185 9.979779 -0.441091 0.180697 -0.879083 0.000000 0.000000
  32 -5.970095 1.484140 10.203148 -0.990152 -0.022399 -0.138193 0.000000 0.000000
  32 -6.212949 1.506697 10.362248 -0.545506 -0.310903 -0.778308 0.000000 0.000000
PLAYER_Chrome1.bmp
  32 -5.970095 1.484140 10.203148 -0.990152 -0.022399 -0.138193 0.000000 0.000000
  32 -5.138928 -0.674925 11.089093 -0.800211 -0.599708 -0.003700 0.000000 0.000000
  32 -6.212949 1.506697 10.362248 -0.545506 -0.310903 -0.778308 0.000000 0.000000
PLAYER_Chrome1.bmp
  32 -6.212949 1.506697 10.362248 -0.545506 -0.310903 -0.778308 0.000000 0.000000
  32 -5.138928 -0.674925 11.089093 -0.800211 -0.599708 -0.003700 0.000000 0.000000
  32 -5.312756 -0.852505 11.339192 -0.325611 -0.628221 -0.706623 0.000000 0.000000
PLAYER_Chrome1.bmp
  32 -5.138928 -0.674925 11.089093 -0.800211 -0.599708 -0.003700 0.000000 0.000000
  32 -3.786005 -1.715900 11.687735 -0.285587 -0.951857 0.111395 0.000000 0.000000
  32 -5.312756 -0.852505 11.339192 -0.325611 -0.628221 -0.706623 0.000000 0.000000
PLAYER_Chrome1.bmp
  32 -5.312756 -0.852505 11.339192 -0.325611 -0.628221 -0.706623 0.000000 0.000000
  32 -3.786005 -1.715900 11.687735 -0.285587 -0.951857 0.111395 0.000000 0.000000
  32 -3.820106 -1.986716 11.970746 -0.072998 -0.712581 -0.697782 0.000000 0.000000
PLAYER_Chrome1.bmp
  32 -2.895852 -1.701268 11.684263 0.395205 -0.916013 0.068801 0.000000 0.000000
  32 -3.786005 -1.715900 11.687735 -0.285587 -0.951857 0.111395 0.000000 0.000000
  32 -2.873176 -1.899759 11.563486 0.206496 -0.464091 0.861382 0.000000 0.000000
PLAYER_Chrome1.bmp
  32 -2.873176 -1.899759 11.563486 0.206496 -0.464091 0.861382 0.000000 0.000000
  32 -3.786005 -1.715900 11.687735 -0.285587 -0.951857 0.111395 0.000000 0.000000
  32 -3.813369 -1.904591 11.567125 -0.407207 -0.418307 0.811913 0.000000 0.000000
PLAYER_Chrome1.bmp
  32 -3.786005 -1.715900 11.687735 -0.285587 -0.951857 0.111395 0.000000 0.000000
  32 -5.138928 -0.674925 11.089093 -0.800211 -0.599708 -0.003700 0.000000 0.000000
  32 -3.813369 -1.904591 11.567125 -0.407207 -0.418307 0.811913 0.000000 0.000000
PLAYER_Chrome1.bmp
  32 -3.813369 -1.904591 11.567125 -0.407207 -0.418307 0.811913 0.000000 0.000000
  32 -5.138928 -0.674925 11.089093 -0.800211 -0.599708 -0.003700 0.000000 0.000000
  32 -5.255885 -0.800072 10.933338 -0.735462 -0.155992 0.659365 0.000000 0.000000
PLAYER_Chrome1.bmp
  32 -5.138928 -0.674925 11.089093 -0.800211 -0.599708 -0.003700 0.000000 0.000000
  32 -5.970095 1.484140 10.203148 -0.990152 -0.022399 -0.138193 0.000000 0.000000
  32 -5.255885 -0.800072 10.933338 -0.735462 -0.155992 0.659365 0.000000 0.000000
PLAYER_Chrome1.bmp
  32 -5.255885 -0.800072 10.933338 -0.735462 -0.155992 0.659365 0.000000 0.000000
  32 -5.970095 1.484140 10.203148 -0.990152 -0.022399 -0.138193 0.000000 0.000000
  32 -6.146304 1.496382 9.980211 -0.769422 0.222007 0.598918 0.000000 0.000000
PLAYER_Chrome1.bmp
  32 -5.970095 1.484140 10.203148 -0.990152 -0.022399 -0.138193 0.000000 0.000000
  32 -5.130449 3.808492 9.835340 -0.766699 0.598700 -0.231800 0.000000 0.000000
  32 -6.146304 1.496382 9.980211 -0.769422 0.222007 0.598918 0.000000 0.000000
PLAYER_Chrome1.bmp
  32 -6.146304 1.496382 9.980211 -0.769422 0.222007 0.598918 0.000000 0.000000
  32 -5.130449 3.808492 9.835340 -0.766699 0.598700 -0.231800 0.000000 0.000000
  32 -5.246746 3.984186 9.590172 -0.541584 0.559983 0.626981 0.000000 0.000000
PLAYER_Chrome1.bmp
  32 -5.130449 3.808492 9.835340 -0.766699 0.598700 -0.231800 0.000000 0.000000
  32 -3.375378 4.870066 9.955270 -0.083299 0.962789 -0.257097 0.000000 0.000000
  32 -5.246746 3.984186 9.590172 -0.541584 0.559983 0.626981 0.000000 0.000000
PLAYER_Chrome1.bmp
  32 -5.246746 3.984186 9.590172 -0.541584 0.559983 0.626981 0.000000 0.000000
  32 -3.375378 4.870066 9.955270 -0.083299 0.962789 -0.257097 0.000000 0.000000
  32 -3.371685 5.117804 9.699511 0.148201 0.707302 0.691202 0.000000 0.000000
PLAYER_Chrome1.bmp
  32 -3.375378 4.870066 9.955270 -0.083299 0.962789 -0.257097 0.000000 0.000000
  32 -1.630190 3.833905 9.847155 0.774517 0.601713 -0.195104 0.000000 0.000000
  32 -3.371685 5.117804 9.699511 0.148201 0.707302 0.691202 0.000000 0.000000
PLAYER_Chrome1.bmp
  32 -3.371685 5.117804 9.699511 0.148201 0.707302 0.691202 0.000000 0.000000
  32 -1.630190 3.833905 9.847155 0.774517 0.601713 -0.195104 0.000000 0.000000
  32 -1.506355 4.011337 9.596192 0.637673 0.469780 0.610475 0.000000 0.000000
PLAYER_Chrome1.bmp
  32 -1.630190 3.833905 9.847155 0.774517 0.601713 -0.195104 0.000000 0.000000
  32 -0.749425 1.518746 10.204918 0.990866 -0.049099 -0.125596 0.000000 0.000000
  32 -1.506355 4.011337 9.596192 0.637673 0.469780 0.610475 0.000000 0.000000
PLAYER_Chrome1.bmp
  32 -1.506355 4.011337 9.596192 0.637673 0.469780 0.610475 0.000000 0.000000
  32 -0.749425 1.518746 10.204918 0.990866 -0.049099 -0.125596 0.000000 0.000000
  32 -0.575397 1.544031 9.969175 0.783813 0.097401 0.613310 0.000000 0.000000
PLAYER_Chrome1.bmp
  32 -0.749425 1.518746 10.204918 0.990866 -0.049099 -0.125596 0.000000 0.000000
  32 -1.548514 -0.648215 11.092518 0.811250 -0.583464 -0.037998 0.000000 0.000000
  32 -0.575397 1.544031 9.969175 0.783813 0.097401 0.613310 0.000000 0.000000
PLAYER_Chrome1.bmp
  32 -0.575397 1.544031 9.969175 0.783813 0.097401 0.613310 0.000000 0.000000
  32 -1.548514 -0.648215 11.092518 0.811250 -0.583464 -0.037998 0.000000 0.000000
  32 -1.425339 -0.771623 10.930968 0.665610 -0.241604 0.706110 0.000000 0.000000
PLAYER_Chrome1.bmp
  32 -1.548514 -0.648215 11.092518 0.811250 -0.583464 -0.037998 0.000000 0.000000
  32 -2.895852 -1.701268 11.684263 0.395205 -0.916013 0.068801 0.000000 0.000000
  32 -1.425339 -0.771623 10.930968 0.665610 -0.241604 0.706110 0.000000 0.000000
PLAYER_Chrome1.bmp
  32 -1.425339 -0.771623 10.930968 0.665610 -0.241604 0.706110 0.000000 0.000000
  32 -2.895852 -1.701268 11.684263 0.395205 -0.916013 0.068801 0.000000 0.000000
  32 -2.873176 -1.899759 11.563486 0.206496 -0.464091 0.861382 0.000000 0.000000
PLAYER_Chrome1.bmp
  29 2.862798 -1.899724 11.563650 -0.205999 -0.464098 0.861497 0.000000 0.000000
  29 3.802991 -1.904554 11.567286 0.408006 -0.418306 0.811512 0.000000 0.000000
  29 3.775459 -1.714830 11.677950 0.283994 -0.952380 0.110998 0.000000 0.000000
PLAYER_Chrome1.bmp
  29 3.775459 -1.714830 11.677950 0.283994 -0.952380 0.110998 0.000000 0.000000
  29 3.802991 -1.904554 11.567286 0.408006 -0.418306 0.811512 0.000000 0.000000
  29 5.138545 -0.674915 11.089076 0.800508 -0.599306 -0.004400 0.000000 0.000000
PLAYER_Chrome1.bmp
  29 3.802991 -1.904554 11.567286 0.408006 -0.418306 0.811512 0.000000 0.000000
  29 5.255333 -0.799029 10.923377 0.735609 -0.156802 0.659008 0.000000 0.000000
  29 5.138545 -0.674915 11.089076 0.800508 -0.599306 -0.004400 0.000000 0.000000
PLAYER_Chrome1.bmp
  29 5.138545 -0.674915 11.089076 0.800508 -0.599306 -0.004400 0.000000 0.000000
  29 5.255333 -0.799029 10.923377 0.735609 -0.156802 0.659008 0.000000 0.000000
  29 5.969705 1.484152 10.203129 0.990148 -0.022501 -0.138207 0.000000 0.000000
PLAYER_Chrome1.bmp
  29 5.255333 -0.799029 10.923377 0.735609 -0.156802 0.659008 0.000000 0.000000
  29 6.145698 1.487480 9.969216 0.769486 0.221596 0.598989 0.000000 0.000000
  29 5.969705 1.484152 10.203129 0.990148 -0.022501 -0.138207 0.000000 0.000000
PLAYER_Chrome1.bmp
  29 5.969705 1.484152 10.203129 0.990148 -0.022501 -0.138207 0.000000 0.000000
  29 6.145698 1.487480 9.969216 0.769486 0.221596 0.598989 0.000000 0.000000
  29 5.130054 3.808502 9.835323 0.766794 0.598695 -0.231498 0.000000 0.000000
PLAYER_Chrome1.bmp
  29 6.145698 1.487480 9.969216 0.769486 0.221596 0.598989 0.000000 0.000000
  29 5.246180 3.985228 9.580211 0.541405 0.559905 0.627206 0.000000 0.000000
  29 5.130054 3.808502 9.835323 0.766794 0.598695 -0.231498 0.000000 0.000000
PLAYER_Chrome1.bmp
  29 5.130054 3.808502 9.835323 0.766794 0.598695 -0.231498 0.000000 0.000000
  29 5.246180 3.985228 9.580211 0.541405 0.559905 0.627206 0.000000 0.000000
  29 3.374812 4.871106 9.945314 0.083204 0.962846 -0.256912 0.000000 0.000000
PLAYER_Chrome1.bmp
  29 5.246180 3.985228 9.580211 0.541405 0.559905 0.627206 0.000000 0.000000
  29 3.371118 5.118843 9.689554 -0.148200 0.707302 0.691202 0.000000 0.000000
  29 3.374812 4.871106 9.945314 0.083204 0.962846 -0.256912 0.000000 0.000000
PLAYER_Chrome1.bmp
  29 3.374812 4.871106 9.945314 0.083204 0.962846 -0.256912 0.000000 0.000000
  29 3.371118 5.118843 9.689554 -0.148200 0.707302 0.691202 0.000000 0.000000
  29 1.629795 3.833908 9.847149 -0.775169 0.600876 -0.195092 0.000000 0.000000
PLAYER_Chrome1.bmp
  29 3.371118 5.118843 9.689554 -0.148200 0.707302 0.691202 0.000000 0.000000
  29 1.505789 4.012373 9.586241 -0.638474 0.469081 0.610175 0.000000 0.000000
  29 1.629795 3.833908 9.847149 -0.775169 0.600876 -0.195092 0.000000 0.000000
PLAYER_Chrome1.bmp
  29 1.629795 3.833908 9.847149 -0.775169 0.600876 -0.195092 0.000000 0.000000
  29 1.505789 4.012373 9.586241 -0.638474 0.469081 0.610175 0.000000 0.000000
  29 0.759033 1.518719 10.204742 -0.990839 -0.049102 -0.125805 0.000000 0.000000
PLAYER_Chrome1.bmp
  29 1.505789 4.012373 9.586241 -0.638474 0.469081 0.610175 0.000000 0.000000
  29 0.585005 1.544003 9.968999 -0.784398 0.097800 0.612499 0.000000 0.000000
  29 0.759033 1.518719 10.204742 -0.990839 -0.049102 -0.125805 0.000000 0.000000
PLAYER_Chrome1.bmp
  29 0.759033 1.518719 10.204742 -0.990839 -0.049102 -0.125805 0.000000 0.000000
  29 0.585005 1.544003 9.968999 -0.784398 0.097800 0.612499 0.000000 0.000000
  29 1.548131 -0.648212 11.092513 -0.811790 -0.582692 -0.038300 0.000000 0.000000
PLAYER_Chrome1.bmp
  29 0.585005 1.544003 9.968999 -0.784398 0.097800 0.612499 0.000000 0.000000
  29 1.424955 -0.771620 10.930963 -0.665801 -0.241100 0.706101 0.000000 0.000000
  29 1.548131 -0.648212 11.092513 -0.811790 -0.582692 -0.038300 0.000000 0.000000
PLAYER_Chrome1.bmp
  29 1.548131 -0.648212 11.092513 -0.811790 -0.582692 -0.038300 0.000000 0.000000
  29 1.424955 -0.771620 10.930963 -0.665801 -0.241100 0.706101 0.000000 0.000000
  29 2.895472 -1.701262 11.684253 -0.395984 -0.915662 0.068997 0.000000 0.000000
PLAYER_Chrome1.bmp
  29 1.424955 -0.771620 10.930963 -0.665801 -0.241100 0.706101 0.000000 0.000000
  29 2.862798 -1.899724 11.563650 -0.205999 -0.464098 0.861497 0.000000 0.000000
  29 2.895472 -1.701262 11.684253 -0.395984 -0.915662 0.068997 0.000000 0.000000
PLAYER_Chrome1.bmp
  29 2.895472 -1.701262 11.684253 -0.395984 -0.915662 0.068997 0.000000 0.000000
  29 2.862798 -1.899724 11.563650 -0.205999 -0.464098 0.861497 0.000000 0.000000
  29 3.775459 -1.714830 11.677950 0.283994 -0.952380 0.110998 0.000000 0.000000
PLAYER_Chrome1.bmp
  31 -5.606012 -2.577156 23.387136 -0.477387 -0.405989 -0.779279 0.000000 0.000000
  31 -6.478718 -0.155012 23.123507 -0.611382 -0.009600 -0.791277 0.000000 0.000000
  31 -6.225286 -0.159095 22.927918 -0.995893 0.002600 -0.090499 0.000000 0.000000
PLAYER_Chrome1.bmp
  31 -6.225286 -0.159095 22.927918 -0.995893 0.002600 -0.090499 0.000000 0.000000
  31 -6.478718 -0.155012 23.123507 -0.611382 -0.009600 -0.791277 0.000000 0.000000
  31 -5.407151 2.037369 22.669072 -0.739995 0.661196 -0.123399 0.000000 0.000000
PLAYER_Chrome1.bmp
  31 -6.478718 -0.155012 23.123507 -0.611382 -0.009600 -0.791277 0.000000 0.000000
  31 -5.590926 2.241358 22.851048 -0.393981 0.377182 -0.838160 0.000000 0.000000
  31 -5.407151 2.037369 22.669072 -0.739995 0.661196 -0.123399 0.000000 0.000000
PLAYER_Chrome1.bmp
  31 -5.407151 2.037369 22.669072 -0.739995 0.661196 -0.123399 0.000000 0.000000
  31 -5.590926 2.241358 22.851048 -0.393981 0.377182 -0.838160 0.000000 0.000000
  31 -3.458014 2.950431 22.580858 0.007900 0.988225 -0.152804 0.000000 0.000000
PLAYER_Chrome1.bmp
  31 -5.590926 2.241358 22.851048 -0.393981 0.377182 -0.838160 0.000000 0.000000
  31 -3.451871 3.244712 22.753948 0.093999 0.498995 -0.861492 0.000000 0.000000
  31 -3.458014 2.950431 22.580858 0.007900 0.988225 -0.152804 0.000000 0.000000
PLAYER_Chrome1.bmp
  31 -3.458014 2.950431 22.580858 0.007900 0.988225 -0.152804 0.000000 0.000000
  31 -3.451871 3.244712 22.753948 0.093999 0.498995 -0.861492 0.000000 0.000000
  31 -1.536506 2.037077 22.666250 0.749682 0.647884 -0.134997 0.000000 0.000000
PLAYER_Chrome1.bmp
  31 -3.451871 3.244712 22.753948 0.093999 0.498995 -0.861492 0.000000 0.000000
  31 -1.350511 2.242396 22.864619 0.508907 0.256203 -0.821811 0.000000 0.000000
  31 -1.536506 2.037077 22.666250 0.749682 0.647884 -0.134997 0.000000 0.000000
PLAYER_Chrome1.bmp
  31 -1.536506 2.037077 22.666250 0.749682 0.647884 -0.134997 0.000000 0.000000
  31 -1.350511 2.242396 22.864619 0.508907 0.256203 -0.821811 0.000000 0.000000
  31 -0.724570 -0.145074 22.933043 0.996241 -0.019901 -0.084304 0.000000 0.000000
PLAYER_Chrome1.bmp
  31 -1.350511 2.242396 22.864619 0.508907 0.256203 -0.821811 0.000000 0.000000
  31 -0.477880 -0.149757 23.127523 0.601072 -0.155793 -0.783863 0.000000 0.000000
  31 -0.724570 -0.145074 22.933043 0.996241 -0.019901 -0.084304 0.000000 0.000000
PLAYER_Chrome1.bmp
  31 -0.724570 -0.145074 22.933043 0.996241 -0.019901 -0.084304 0.000000 0.000000
  31 -0.477880 -0.149757 23.127523 0.601072 -0.155793 -0.783863 0.000000 0.000000
  31 -1.552306 -2.362044 23.172206 0.732296 -0.679997 -0.036700 0.000000 0.000000
PLAYER_Chrome1.bmp
  31 -0.477880 -0.149757 23.127523 0.601072 -0.155793 -0.783863 0.000000 0.000000
  31 -1.365250 -2.576600 23.380715 0.360796 -0.506395 -0.783192 0.000000 0.000000
  31 -1.552306 -2.362044 23.172206 0.732296 -0.679997 -0.036700 0.000000 0.000000
PLAYER_Chrome1.bmp
  31 -1.552306 -2.362044 23.172206 0.732296 -0.679997 -0.036700 0.000000 0.000000
  31 -1.365250 -2.576600 23.380715 0.360796 -0.506395 -0.783192 0.000000 0.000000
  31 -3.471596 -3.284774 23.271177 -0.021800 -0.999408 -0.026600 0.000000 0.000000
PLAYER_Chrome1.bmp
  31 -1.365250 -2.576600 23.380715 0.360796 -0.506395 -0.783192 0.000000 0.000000
  31 -3.464658 -3.579354 23.498496 -0.083100 -0.610300 -0.787800 0.000000 0.000000
  31 -3.471596 -3.284774 23.271177 -0.021800 -0.999408 -0.026600 0.000000 0.000000
PLAYER_Chrome1.bmp
  31 -3.471596 -3.284774 23.271177 -0.021800 -0.999408 -0.026600 0.000000 0.000000
  31 -3.464658 -3.579354 23.498496 -0.083100 -0.610300 -0.787800 0.000000 0.000000
  31 -5.423124 -2.361511 23.185023 -0.752126 -0.656523 -0.057302 0.000000 0.000000
PLAYER_Chrome1.bmp
  31 -3.464658 -3.579354 23.498496 -0.083100 -0.610300 -0.787800 0.000000 0.000000
  31 -5.606012 -2.577156 23.387136 -0.477387 -0.405989 -0.779279 0.000000 0.000000
  31 -5.423124 -2.361511 23.185023 -0.752126 -0.656523 -0.057302 0.000000 0.000000
PLAYER_Chrome1.bmp
  31 -5.423124 -2.361511 23.185023 -0.752126 -0.656523 -0.057302 0.000000 0.000000
  31 -5.606012 -2.577156 23.387136 -0.477387 -0.405989 -0.779279 0.000000 0.000000
  31 -6.225286 -0.159095 22.927918 -0.995893 0.002600 -0.090499 0.000000 0.000000
PLAYER_Chrome1.bmp
  31 -5.533692 2.181640 22.443301 -0.580306 0.467705 0.666707 0.000000 0.000000
  31 -6.411638 -0.154718 22.714484 -0.729232 -0.013700 0.684130 0.000000 0.000000
  31 -6.225286 -0.159095 22.927918 -0.995893 0.002600 -0.090499 0.000000 0.000000
PLAYER_Chrome1.bmp
  31 -6.225286 -0.159095 22.927918 -0.995893 0.002600 -0.090499 0.000000 0.000000
  31 -6.411638 -0.154718 22.714484 -0.729232 -0.013700 0.684130 0.000000 0.000000
  31 -5.423124 -2.361511 23.185023 -0.752126 -0.656523 -0.057302 0.000000 0.000000
PLAYER_Chrome1.bmp
  31 -6.411638 -0.154718 22.714484 -0.729232 -0.013700 0.684130 0.000000 0.000000
  31 -5.549428 -2.516428 22.996483 -0.468798 -0.476597 0.743696 0.000000 0.000000
  31 -5.423124 -2.361511 23.185023 -0.752126 -0.656523 -0.057302 0.000000 0.000000
PLAYER_Chrome1.bmp
  31 -5.423124 -2.361511 23.185023 -0.752126 -0.656523 -0.057302 0.000000 0.000000
  31 -5.549428 -2.516428 22.996483 -0.468798 -0.476597 0.743696 0.000000 0.000000
  31 -3.471596 -3.284774 23.271177 -0.021800 -0.999408 -0.026600 0.000000 0.000000
PLAYER_Chrome1.bmp
  31 -5.549428 -2.516428 22.996483 -0.468798 -0.476597 0.743696 0.000000 0.000000
  31 -3.467942 -3.499049 23.096327 0.115095 -0.625276 0.771870 0.000000 0.000000
  31 -3.471596 -3.284774 23.271177 -0.021800 -0.999408 -0.026600 0.000000 0.000000
PLAYER_Chrome1.bmp
  31 -3.471596 -3.284774 23.271177 -0.021800 -0.999408 -0.026600 0.000000 0.000000
  31 -3.467942 -3.499049 23.096327 0.115095 -0.625276 0.771870 0.000000 0.000000
  31 -1.552306 -2.362044 23.172206 0.732296 -0.679997 -0.036700 0.000000 0.000000
PLAYER_Chrome1.bmp
  31 -3.467942 -3.499049 23.096327 0.115095 -0.625276 0.771870 0.000000 0.000000
  31 -1.418476 -2.516436 22.978164 0.607685 -0.336892 0.719182 0.000000 0.000000
  31 -1.552306 -2.362044 23.172206 0.732296 -0.679997 -0.036700 0.000000 0.000000
PLAYER_Chrome1.bmp
  31 -1.552306 -2.362044 23.172206 0.732296 -0.679997 -0.036700 0.000000 0.000000
  31 -1.418476 -2.516436 22.978164 0.607685 -0.336892 0.719182 0.000000 0.000000
  31 -0.724570 -0.145074 22.933043 0.996241 -0.019901 -0.084304 0.000000 0.000000
PLAYER_Chrome1.bmp
  31 -1.418476 -2.516436 22.978164 0.607685 -0.336892 0.719182 0.000000 0.000000
  31 -0.540779 -0.149846 22.716251 0.723286 0.160297 0.671687 0.000000 0.000000
  31 -0.724570 -0.145074 22.933043 0.996241 -0.019901 -0.084304 0.000000 0.000000
PLAYER_Chrome1.bmp
  31 -0.724570 -0.145074 22.933043 0.996241 -0.019901 -0.084304 0.000000 0.000000
  31 -0.540779 -0.149846 22.716251 0.723286 0.160297 0.671687 0.000000 0.000000
  31 -1.536506 2.037077 22.666250 0.749682 0.647884 -0.134997 0.000000 0.000000
PLAYER_Chrome1.bmp
  31 -0.540779 -0.149846 22.716251 0.723286 0.160297 0.671687 0.000000 0.000000
  31 -1.403260 2.182355 22.454970 0.444707 0.595309 0.669210 0.000000 0.000000
  31 -1.536506 2.037077 22.666250 0.749682 0.647884 -0.134997 0.000000 0.000000
PLAYER_Chrome1.bmp
  31 -1.536506 2.037077 22.666250 0.749682 0.647884 -0.134997 0.000000 0.000000
  31 -1.403260 2.182355 22.454970 0.444707 0.595309 0.669210 0.000000 0.000000
  31 -3.458014 2.950431 22.580858 0.007900 0.988225 -0.152804 0.000000 0.000000
PLAYER_Chrome1.bmp
  31 -1.403260 2.182355 22.454970 0.444707 0.595309 0.669210 0.000000 0.000000
  31 -3.454404 3.164583 22.335651 -0.103102 0.728714 0.677013 0.000000 0.000000
  31 -3.458014 2.950431 22.580858 0.007900 0.988225 -0.152804 0.000000 0.000000
PLAYER_Chrome1.bmp
  31 -3.458014 2.950431 22.580858 0.007900 0.988225 -0.152804 0.000000 0.000000
  31 -3.454404 3.164583 22.335651 -0.103102 0.728714 0.677013 0.000000 0.000000
  31 -5.407151 2.037369 22.669072 -0.739995 0.661196 -0.123399 0.000000 0.000000
PLAYER_Chrome1.bmp
  31 -3.454404 3.164583 22.335651 -0.103102 0.728714 0.677013 0.000000 0.000000
  31 -5.533692 2.181640 22.443301 -0.580306 0.467705 0.666707 0.000000 0.000000
  31 -5.407151 2.037369 22.669072 -0.739995 0.661196 -0.123399 0.000000 0.000000
PLAYER_Chrome1.bmp
  31 -5.407151 2.037369 22.669072 -0.739995 0.661196 -0.123399 0.000000 0.000000
  31 -5.533692 2.181640 22.443301 -0.580306 0.467705 0.666707 0.000000 0.000000
  31 -6.225286 -0.159095 22.927918 -0.995893 0.002600 -0.090499 0.000000 0.000000
PLAYER_Chrome1.bmp
  28 1.531791 -2.362222 23.162554 -0.733595 -0.678595 -0.036700 0.000000 0.000000
  28 0.734045 -0.145342 22.922873 -0.996307 -0.017800 -0.084001 0.000000 0.000000
  28 1.398308 -2.516133 22.988503 -0.608404 -0.334902 0.719504 0.000000 0.000000
PLAYER_Chrome1.bmp
  28 1.398308 -2.516133 22.988503 -0.608404 -0.334902 0.719504 0.000000 0.000000
  28 0.734045 -0.145342 22.922873 -0.996307 -0.017800 -0.084001 0.000000 0.000000
  28 0.550602 -0.149632 22.726073 -0.723604 0.161301 0.671103 0.000000 0.000000
PLAYER_Chrome1.bmp
  28 0.734045 -0.145342 22.922873 -0.996307 -0.017800 -0.084001 0.000000 0.000000
  28 1.546150 2.037051 22.666074 -0.749784 0.647786 -0.134897 0.000000 0.000000
  28 0.550602 -0.149632 22.726073 -0.723604 0.161301 0.671103 0.000000 0.000000
PLAYER_Chrome1.bmp
  28 0.550602 -0.149632 22.726073 -0.723604 0.161301 0.671103 0.000000 0.000000
  28 1.546150 2.037051 22.666074 -0.749784 0.647786 -0.134897 0.000000 0.000000
  28 1.413077 2.182570 22.464789 -0.444987 0.595583 0.668781 0.000000 0.000000
PLAYER_Chrome1.bmp
  28 1.546150 2.037051 22.666074 -0.749784 0.647786 -0.134897 0.000000 0.000000
  28 3.467482 2.950168 22.570680 -0.008099 0.988178 -0.153096 0.000000 0.000000
  28 1.413077 2.182570 22.464789 -0.444987 0.595583 0.668781 0.000000 0.000000
PLAYER_Chrome1.bmp
  28 1.413077 2.182570 22.464789 -0.444987 0.595583 0.668781 0.000000 0.000000
  28 3.467482 2.950168 22.570680 -0.008099 0.988178 -0.153096 0.000000 0.000000
  28 3.464219 3.164802 22.345464 0.102905 0.728632 0.677130 0.000000 0.000000
PLAYER_Chrome1.bmp
  28 3.467482 2.950168 22.570680 -0.008099 0.988178 -0.153096 0.000000 0.000000
  28 5.416744 2.017356 22.669367 0.741304 0.659803 -0.123001 0.000000 0.000000
  28 3.464219 3.164802 22.345464 0.102905 0.728632 0.677130 0.000000 0.000000
PLAYER_Chrome1.bmp
  28 3.464219 3.164802 22.345464 0.102905 0.728632 0.677130 0.000000 0.000000
  28 5.416744 2.017356 22.669367 0.741304 0.659803 -0.123001 0.000000 0.000000
  28 5.543508 2.181863 22.453108 0.580998 0.465998 0.667298 0.000000 0.000000
PLAYER_Chrome1.bmp
  28 5.416744 2.017356 22.669367 0.741304 0.659803 -0.123001 0.000000 0.000000
  28 6.214739 -0.169291 22.918320 0.995932 0.000600 -0.090103 0.000000 0.000000
  28 5.543508 2.181863 22.453108 0.580998 0.465998 0.667298 0.000000 0.000000
PLAYER_Chrome1.bmp
  28 5.543508 2.181863 22.453108 0.580998 0.465998 0.667298 0.000000 0.000000
  28 6.214739 -0.169291 22.918320 0.995932 0.000600 -0.090103 0.000000 0.000000
  28 6.401437 -0.164432 22.724876 0.729800 -0.014800 0.683500 0.000000 0.000000
PLAYER_Chrome1.bmp
  28 6.214739 -0.169291 22.918320 0.995932 0.000600 -0.090103 0.000000 0.000000
  28 5.402584 -2.371679 23.175602 0.752161 -0.656466 -0.057497 0.000000 0.000000
  28 6.401437 -0.164432 22.724876 0.729800 -0.014800 0.683500 0.000000 0.000000
PLAYER_Chrome1.bmp
  28 6.401437 -0.164432 22.724876 0.729800 -0.014800 0.683500 0.000000 0.000000
  28 5.402584 -2.371679 23.175602 0.752161 -0.656466 -0.057497 0.000000 0.000000
  28 5.539060 -2.526384 22.996882 0.469194 -0.476994 0.743191 0.000000 0.000000
PLAYER_Chrome1.bmp
  28 5.402584 -2.371679 23.175602 0.752161 -0.656466 -0.057497 0.000000 0.000000
  28 3.451256 -3.284707 23.271514 0.022000 -0.999399 -0.026800 0.000000 0.000000
  28 5.539060 -2.526384 22.996882 0.469194 -0.476994 0.743191 0.000000 0.000000
PLAYER_Chrome1.bmp
  28 5.539060 -2.526384 22.996882 0.469194 -0.476994 0.743191 0.000000 0.000000
  28 3.451256 -3.284707 23.271514 0.022000 -0.999399 -0.026800 0.000000 0.000000
  28 3.457749 -3.508768 23.106728 -0.114997 -0.625283 0.771879 0.000000 0.000000
PLAYER_Chrome1.bmp
  28 3.451256 -3.284707 23.271514 0.022000 -0.999399 -0.026800 0.000000 0.000000
  28 1.531791 -2.362222 23.162554 -0.733595 -0.678595 -0.036700 0.000000 0.000000
  28 3.457749 -3.508768 23.106728 -0.114997 -0.625283 0.771879 0.000000 0.000000
PLAYER_Chrome1.bmp
  28 3.457749 -3.508768 23.106728 -0.114997 -0.625283 0.771879 0.000000 0.000000
  28 1.531791 -2.362222 23.162554 -0.733595 -0.678595 -0.036700 0.000000 0.000000
  28 1.398308 -2.516133 22.988503 -0.608404 -0.334902 0.719504 0.000000 0.000000
PLAYER_Chrome1.bmp
  28 0.734045 -0.145342 22.922873 -0.996307 -0.017800 -0.084001 0.000000 0.000000
  28 1.531791 -2.362222 23.162554 -0.733595 -0.678595 -0.036700 0.000000 0.000000
  28 0.477358 -0.149996 23.117527 -0.601809 -0.154202 -0.783612 0.000000 0.000000
PLAYER_Chrome1.bmp
  28 0.477358 -0.149996 23.117527 -0.601809 -0.154202 -0.783612 0.000000 0.000000
  28 1.531791 -2.362222 23.162554 -0.733595 -0.678595 -0.036700 0.000000 0.000000
  28 1.344910 -2.576538 23.381058 -0.361100 -0.505700 -0.783501 0.000000 0.000000
PLAYER_Chrome1.bmp
  28 1.531791 -2.362222 23.162554 -0.733595 -0.678595 -0.036700 0.000000 0.000000
  28 3.451256 -3.284707 23.271514 0.022000 -0.999399 -0.026800 0.000000 0.000000
  28 1.344910 -2.576538 23.381058 -0.361100 -0.505700 -0.783501 0.000000 0.000000
PLAYER_Chrome1.bmp
  28 1.344910 -2.576538 23.381058 -0.361100 -0.505700 -0.783501 0.000000 0.000000
  28 3.451256 -3.284707 23.271514 0.022000 -0.999399 -0.026800 0.000000 0.000000
  28 3.444294 -3.589285 23.499074 0.083195 -0.610468 -0.787659 0.000000 0.000000
PLAYER_Chrome1.bmp
  28 3.451256 -3.284707 23.271514 0.022000 -0.999399 -0.026800 0.000000 0.000000
  28 5.402584 -2.371679 23.175602 0.752161 -0.656466 -0.057497 0.000000 0.000000
  28 3.444294 -3.589285 23.499074 0.083195 -0.610468 -0.787659 0.000000 0.000000
PLAYER_Chrome1.bmp
  28 3.444294 -3.589285 23.499074 0.083195 -0.610468 -0.787659 0.000000 0.000000
  28 5.402584 -2.371679 23.175602 0.752161 -0.656466 -0.057497 0.000000 0.000000
  28 5.585671 -2.577086 23.387466 0.477920 -0.406217 -0.778833 0.000000 0.000000
PLAYER_Chrome1.bmp
  28 5.402584 -2.371679 23.175602 0.752161 -0.656466 -0.057497 0.000000 0.000000
  28 6.214739 -0.169291 22.918320 0.995932 0.000600 -0.090103 0.000000 0.000000
  28 5.585671 -2.577086 23.387466 0.477920 -0.406217 -0.778833 0.000000 0.000000
PLAYER_Chrome1.bmp
  28 5.585671 -2.577086 23.387466 0.477920 -0.406217 -0.778833 0.000000 0.000000
  28 6.214739 -0.169291 22.918320 0.995932 0.000600 -0.090103 0.000000 0.000000
  28 6.478344 -0.164996 23.123730 0.612164 -0.011099 -0.790653 0.000000 0.000000
PLAYER_Chrome1.bmp
  28 6.214739 -0.169291 22.918320 0.995932 0.000600 -0.090103 0.000000 0.000000
  28 5.416744 2.017356 22.669367 0.741304 0.659803 -0.123001 0.000000 0.000000
  28 6.478344 -0.164996 23.123730 0.612164 -0.011099 -0.790653 0.000000 0.000000
PLAYER_Chrome1.bmp
  28 6.478344 -0.164996 23.123730 0.612164 -0.011099 -0.790653 0.000000 0.000000
  28 5.416744 2.017356 22.669367 0.741304 0.659803 -0.123001 0.000000 0.000000
  28 5.600544 2.231343 22.851101 0.394302 0.376302 -0.838405 0.000000 0.000000
PLAYER_Chrome1.bmp
  28 5.416744 2.017356 22.669367 0.741304 0.659803 -0.123001 0.000000 0.000000
  28 3.467482 2.950168 22.570680 -0.008099 0.988178 -0.153096 0.000000 0.000000
  28 5.600544 2.231343 22.851101 0.394302 0.376302 -0.838405 0.000000 0.000000
PLAYER_Chrome1.bmp
  28 5.600544 2.231343 22.851101 0.394302 0.376302 -0.838405 0.000000 0.000000
  28 3.467482 2.950168 22.570680 -0.008099 0.988178 -0.153096 0.000000 0.000000
  28 3.461340 3.244449 22.743772 -0.094202 0.498911 -0.861518 0.000000 0.000000
PLAYER_Chrome1.bmp
  28 3.467482 2.950168 22.570680 -0.008099 0.988178 -0.153096 0.000000 0.000000
  28 1.546150 2.037051 22.666074 -0.749784 0.647786 -0.134897 0.000000 0.000000
  28 3.461340 3.244449 22.743772 -0.094202 0.498911 -0.861518 0.000000 0.000000
PLAYER_Chrome1.bmp
  28 3.461340 3.244449 22.743772 -0.094202 0.498911 -0.861518 0.000000 0.000000
  28 1.546150 2.037051 22.666074 -0.749784 0.647786 -0.134897 0.000000 0.000000
  28 1.359982 2.242129 22.854447 -0.509466 0.256583 -0.821346 0.000000 0.000000
PLAYER_Chrome1.bmp
  28 1.546150 2.037051 22.666074 -0.749784 0.647786 -0.134897 0.000000 0.000000
  28 0.734045 -0.145342 22.922873 -0.996307 -0.017800 -0.084001 0.000000 0.000000
  28 1.359982 2.242129 22.854447 -0.509466 0.256583 -0.821346 0.000000 0.000000
PLAYER_Chrome1.bmp
  28 1.359982 2.242129 22.854447 -0.509466 0.256583 -0.821346 0.000000 0.000000
  28 0.734045 -0.145342 22.922873 -0.996307 -0.017800 -0.084001 0.000000 0.000000
  28 0.477358 -0.149996 23.117527 -0.601809 -0.154202 -0.783612 0.000000 0.000000
PLAYER_Chrome1.bmp
  1 0.449850 -0.140539 35.785943 -0.814474 0.185394 -0.549783 0.000000 0.000000
  1 1.379844 2.519408 35.946862 -0.612581 0.777476 -0.142395 0.000000 0.000000
  28 1.392478 2.531622 35.672560 -0.825622 0.564215 0.003100 0.000000 0.000000
PLAYER_Chrome1.bmp
  28 1.392478 2.531622 35.672560 -0.825622 0.564215 0.003100 0.000000 0.000000
  1 1.379844 2.519408 35.946862 -0.612581 0.777476 -0.142395 0.000000 0.000000
  28 3.645614 3.480178 36.250850 -0.105197 0.873082 -0.476090 0.000000 0.000000
PLAYER_Chrome1.bmp
  1 1.379844 2.519408 35.946862 -0.612581 0.777476 -0.142395 0.000000 0.000000
  1 4.149840 3.939128 36.777352 0.255116 0.693242 -0.674041 0.000000 0.000000
  28 3.645614 3.480178 36.250850 -0.105197 0.873082 -0.476090 0.000000 0.000000
PLAYER_Chrome1.bmp
  28 3.645614 3.480178 36.250850 -0.105197 0.873082 -0.476090 0.000000 0.000000
  1 4.149840 3.939128 36.777352 0.255116 0.693242 -0.674041 0.000000 0.000000
  28 5.695330 2.651292 36.935549 0.623941 0.413927 -0.662844 0.000000 0.000000
PLAYER_Chrome1.bmp
  1 4.149840 3.939128 36.777352 0.255116 0.693242 -0.674041 0.000000 0.000000
  1 5.969842 2.908901 37.446997 0.733596 0.329798 -0.594197 0.000000 0.000000
  28 5.695330 2.651292 36.935549 0.623941 0.413927 -0.662844 0.000000 0.000000
PLAYER_Chrome1.bmp
  28 5.695330 2.651292 36.935549 0.623941 0.413927 -0.662844 0.000000 0.000000
  1 5.969842 2.908901 37.446997 0.733596 0.329798 -0.594197 0.000000 0.000000
  28 6.605546 0.049023 37.382655 0.803294 0.046099 -0.593796 0.000000 0.000000
PLAYER_Chrome1.bmp
  1 5.969842 2.908901 37.446997 0.733596 0.329798 -0.594197 0.000000 0.000000
  1 7.009850 0.048749 37.896009 0.788011 -0.106902 -0.606309 0.000000 0.000000
  28 6.605546 0.049023 37.382655 0.803294 0.046099 -0.593796 0.000000 0.000000
PLAYER_Chrome1.bmp
  28 6.605546 0.049023 37.382655 0.803294 0.046099 -0.593796 0.000000 0.000000
  1 7.009850 0.048749 37.896009 0.788011 -0.106902 -0.606309 0.000000 0.000000
  28 5.696441 -2.650907 37.323469 0.683867 -0.382882 -0.621070 0.000000 0.000000
PLAYER_Chrome1.bmp
  1 7.009850 0.048749 37.896009 0.788011 -0.106902 -0.606309 0.000000 0.000000
  1 5.979858 -2.981240 37.854963 0.581281 -0.463085 -0.669078 0.000000 0.000000
  28 5.696441 -2.650907 37.323469 0.683867 -0.382882 -0.621070 0.000000 0.000000
PLAYER_Chrome1.bmp
  28 5.696441 -2.650907 37.323469 0.683867 -0.382882 -0.621070 0.000000 0.000000
  1 5.979858 -2.981240 37.854963 0.581281 -0.463085 -0.669078 0.000000 0.000000
  28 3.653966 -3.599117 36.781531 0.310890 -0.763775 -0.565682 0.000000 0.000000
PLAYER_Chrome1.bmp
  1 5.979858 -2.981240 37.854963 0.581281 -0.463085 -0.669078 0.000000 0.000000
  1 3.619861 -4.431056 37.304462 -0.022300 -0.754788 -0.655590 0.000000 0.000000
  28 3.653966 -3.599117 36.781531 0.310890 -0.763775 -0.565682 0.000000 0.000000
PLAYER_Chrome1.bmp
  28 3.653966 -3.599117 36.781531 0.310890 -0.763775 -0.565682 0.000000 0.000000
  1 3.619861 -4.431056 37.304462 -0.022300 -0.754788 -0.655590 0.000000 0.000000
  28 1.383441 -2.760792 36.050417 -0.615488 -0.701486 -0.359293 0.000000 0.000000
PLAYER_Chrome1.bmp
  1 3.619861 -4.431056 37.304462 -0.022300 -0.754788 -0.655590 0.000000 0.000000
  1 1.369857 -2.770723 36.325035 -0.859622 -0.510313 -0.025101 0.000000 0.000000
  28 1.383441 -2.760792 36.050417 -0.615488 -0.701486 -0.359293 0.000000 0.000000
PLAYER_Chrome1.bmp
  28 1.383441 -2.760792 36.050417 -0.615488 -0.701486 -0.359293 0.000000 0.000000
  1 1.369857 -2.770723 36.325035 -0.859622 -0.510313 -0.025101 0.000000 0.000000
  28 0.493645 -0.128109 35.622232 -0.992180 -0.120097 -0.033999 0.000000 0.000000
PLAYER_Chrome1.bmp
  1 1.369857 -2.770723 36.325035 -0.859622 -0.510313 -0.025101 0.000000 0.000000
  1 0.449850 -0.140539 35.785943 -0.814474 0.185394 -0.549783 0.000000 0.000000
  28 0.493645 -0.128109 35.622232 -0.992180 -0.120097 -0.033999 0.000000 0.000000
PLAYER_Chrome1.bmp
  28 0.493645 -0.128109 35.622232 -0.992180 -0.120097 -0.033999 0.000000 0.000000
  1 0.449850 -0.140539 35.785943 -0.814474 0.185394 -0.549783 0.000000 0.000000
  28 1.392478 2.531622 35.672560 -0.825622 0.564215 0.003100 0.000000 0.000000
PLAYER_Chrome1.bmp
  1 -7.020150 0.058713 37.896012 -0.785684 -0.107098 -0.609287 0.000000 0.000000
  1 -5.980157 2.918871 37.447000 -0.733596 0.329798 -0.594197 0.000000 0.000000
  31 -6.615531 0.058495 37.362268 -0.803363 0.045198 -0.593772 0.000000 0.000000
PLAYER_Chrome1.bmp
  31 -6.615531 0.058495 37.362268 -0.803363 0.045198 -0.593772 0.000000 0.000000
  1 -5.980157 2.918871 37.447000 -0.733596 0.329798 -0.594197 0.000000 0.000000
  31 -5.705643 2.651250 36.935392 -0.624002 0.413902 -0.662802 0.000000 0.000000
PLAYER_Chrome1.bmp
  1 -5.980157 2.918871 37.447000 -0.733596 0.329798 -0.594197 0.000000 0.000000
  1 -4.150160 3.949107 36.777356 -0.255098 0.693294 -0.673994 0.000000 0.000000
  31 -5.705643 2.651250 36.935392 -0.624002 0.413902 -0.662802 0.000000 0.000000
PLAYER_Chrome1.bmp
  31 -5.705643 2.651250 36.935392 -0.624002 0.413902 -0.662802 0.000000 0.000000
  1 -4.150160 3.949107 36.777356 -0.255098 0.693294 -0.673994 0.000000 0.000000
  31 -3.645809 3.499922 36.240381 0.074203 0.960638 -0.267710 0.000000 0.000000
PLAYER_Chrome1.bmp
  1 -4.150160 3.949107 36.777356 -0.255098 0.693294 -0.673994 0.000000 0.000000
  1 -1.380156 2.529401 35.946865 0.612572 0.777464 -0.142493 0.000000 0.000000
  31 -3.645809 3.499922 36.240381 0.074203 0.960638 -0.267710 0.000000 0.000000
PLAYER_Chrome1.bmp
  31 -3.645809 3.499922 36.240381 0.074203 0.960638 -0.267710 0.000000 0.000000
  1 -1.380156 2.529401 35.946865 0.612572 0.777464 -0.142493 0.000000 0.000000
  31 -1.402794 2.531588 35.672391 0.824926 0.564718 0.024301 0.000000 0.000000
PLAYER_Chrome1.bmp
  1 -1.380156 2.529401 35.946865 0.612572 0.777464 -0.142493 0.000000 0.000000
  1 -0.470150 -0.130542 35.785947 0.830898 0.194299 -0.521399 0.000000 0.000000
  31 -1.402794 2.531588 35.672391 0.824926 0.564718 0.024301 0.000000 0.000000
PLAYER_Chrome1.bmp
  31 -1.402794 2.531588 35.672391 0.824926 0.564718 0.024301 0.000000 0.000000
  1 -0.470150 -0.130542 35.785947 0.830898 0.194299 -0.521399 0.000000 0.000000
  31 -0.483786 -0.128323 35.612410 0.993088 -0.117299 -0.004200 0.000000 0.000000
PLAYER_Chrome1.bmp
  1 -0.470150 -0.130542 35.785947 0.830898 0.194299 -0.521399 0.000000 0.000000
  1 -1.370143 -2.770730 36.325035 0.859390 -0.510794 -0.023200 0.000000 0.000000
  31 -0.483786 -0.128323 35.612410 0.993088 -0.117299 -0.004200 0.000000 0.000000
PLAYER_Chrome1.bmp
  31 -0.483786 -0.128323 35.612410 0.993088 -0.117299 -0.004200 0.000000 0.000000
  1 -1.370143 -2.770730 36.325035 0.859390 -0.510794 -0.023200 0.000000 0.000000
  31 -1.403520 -2.781090 36.040562 0.603995 -0.699695 -0.381597 0.000000 0.000000
PLAYER_Chrome1.bmp
  1 -1.370143 -2.770730 36.325035 0.859390 -0.510794 -0.023200 0.000000 0.000000
  1 -3.630139 -4.431075 37.304462 0.017100 -0.746013 -0.665712 0.000000 0.000000
  31 -1.403520 -2.781090 36.040562 0.603995 -0.699695 -0.381597 0.000000 0.000000
PLAYER_Chrome1.bmp
  31 -1.403520 -2.781090 36.040562 0.603995 -0.699695 -0.381597 0.000000 0.000000
  1 -3.630139 -4.431075 37.304462 0.017100 -0.746013 -0.665712 0.000000 0.000000
  31 -3.654070 -3.609363 36.771787 -0.310390 -0.759274 -0.571980 0.000000 0.000000
PLAYER_Chrome1.bmp
  1 -3.630139 -4.431075 37.304462 0.017100 -0.746013 -0.665712 0.000000 0.000000
  1 -5.980143 -2.981270 37.854963 -0.576620 -0.458216 -0.676423 0.000000 0.000000
  31 -3.654070 -3.609363 36.771787 -0.310390 -0.759274 -0.571980 0.000000 0.000000
PLAYER_Chrome1.bmp
  31 -3.654070 -3.609363 36.771787 -0.310390 -0.759274 -0.571980 0.000000 0.000000
  1 -5.980143 -2.981270 37.854963 -0.576620 -0.458216 -0.676423 0.000000 0.000000
  31 -5.696620 -2.631166 37.313007 -0.680306 -0.382003 -0.625506 0.000000 0.000000
PLAYER_Chrome1.bmp
  1 -5.980143 -2.981270 37.854963 -0.576620 -0.458216 -0.676423 0.000000 0.000000
  1 -7.020150 0.058713 37.896012 -0.785684 -0.107098 -0.609287 0.000000 0.000000
  31 -5.696620 -2.631166 37.313007 -0.680306 -0.382003 -0.625506 0.000000 0.000000
PLAYER_Chrome1.bmp
  31 -5.696620 -2.631166 37.313007 -0.680306 -0.382003 -0.625506 0.000000 0.000000
  1 -7.020150 0.058713 37.896012 -0.785684 -0.107098 -0.609287 0.000000 0.000000
  31 -6.615531 0.058495 37.362268 -0.803363 0.045198 -0.593772 0.000000 0.000000
PLAYER_Chrome1.bmp
  1 -0.000134 -6.302878 42.553816 0.000000 -0.823382 0.567488 0.000000 0.000000
  1 1.359866 -6.182878 42.563857 0.132105 -0.812132 0.568322 0.000000 0.000000
  1 -0.000134 -6.162961 42.793864 0.000000 -0.981180 0.193096 0.000000 0.000000
PLAYER_Chrome1.bmp
  1 -0.000134 -6.162961 42.793864 0.000000 -0.981180 0.193096 0.000000 0.000000
  1 1.359866 -6.182878 42.563857 0.132105 -0.812132 0.568322 0.000000 0.000000
  1 1.379865 -6.012954 42.783916 0.210894 -0.976172 -0.051099 0.000000 0.000000
PLAYER_Chrome1.bmp
  1 1.359866 -6.182878 42.563857 0.132105 -0.812132 0.568322 0.000000 0.000000
  1 2.289865 -5.912872 42.553951 0.615317 -0.721420 0.317709 0.000000 0.000000
  1 1.379865 -6.012954 42.783916 0.210894 -0.976172 -0.051099 0.000000 0.000000
PLAYER_Chrome1.bmp
  1 1.379865 -6.012954 42.783916 0.210894 -0.976172 -0.051099 0.000000 0.000000
  1 2.289865 -5.912872 42.553951 0.615317 -0.721420 0.317709 0.000000 0.000000
  1 2.479864 -5.612955 42.794054 0.431493 -0.895985 -0.104998 0.000000 0.000000
PLAYER_Chrome1.bmp
  1 2.289865 -5.912872 42.553951 0.615317 -0.721420 0.317709 0.000000 0.000000
  1 2.459864 -5.522530 41.564085 0.507784 -0.854574 -0.108897 0.000000 0.000000
  1 2.479864 -5.612955 42.794054 0.431493 -0.895985 -0.104998 0.000000 0.000000
PLAYER_Chrome1.bmp
  1 2.479864 -5.612955 42.794054 0.431493 -0.895985 -0.104998 0.000000 0.000000
  1 2.459864 -5.522530 41.564085 0.507784 -0.854574 -0.108897 0.000000 0.000000
  1 2.669864 -5.612602 41.774054 -0.371209 -0.920723 -0.120303 0.000000 0.000000
PLAYER_Chrome1.bmp
  1 2.459864 -5.522530 41.564085 0.507784 -0.854574 -0.108897 0.000000 0.000000
  1 2.429863 -5.161784 39.404210 0.300111 -0.911234 -0.282110 0.000000 0.000000
  1 2.669864 -5.612602 41.774054 -0.371209 -0.920723 -0.120303 0.000000 0.000000
PLAYER_Chrome1.bmp
  1 2.669864 -5.612602 41.774054 -0.371209 -0.920723 -0.120303 0.000000 0.000000
  1 2.429863 -5.161784 39.404210 0.300111 -0.911234 -0.282110 0.000000 0.000000
  1 2.629863 -5.201742 39.284196 -0.271702 -0.955206 -0.117301 0.000000 0.000000
PLAYER_Chrome1.bmp
  1 2.429863 -5.161784 39.404210 0.300111 -0.911234 -0.282110 0.000000 0.000000
  1 1.659862 -4.781185 37.664341 0.144404 -0.859327 -0.490616 0.000000 0.000000
  1 2.629863 -5.201742 39.284196 -0.271702 -0.955206 -0.117301 0.000000 0.000000
PLAYER_Chrome1.bmp
  1 2.629863 -5.201742 39.284196 -0.271702 -0.955206 -0.117301 0.000000 0.000000
  1 1.659862 -4.781185 37.664341 0.144404 -0.859327 -0.490616 0.000000 0.000000
  1 1.799862 -4.791105 37.434338 -0.228793 -0.964069 -0.134996 0.000000 0.000000
PLAYER_Chrome1.bmp
  1 1.659862 -4.781185 37.664341 0.144404 -0.859327 -0.490616 0.000000 0.000000
  1 0.599861 -4.430971 37.034462 -0.018401 -0.805635 -0.592126 0.000000 0.000000
  1 1.799862 -4.791105 37.434338 -0.228793 -0.964069 -0.134996 0.000000 0.000000
PLAYER_Chrome1.bmp
  1 1.799862 -4.791105 37.434338 -0.228793 -0.964069 -0.134996 0.000000 0.000000
  1 0.599861 -4.430971 37.034462 -0.018401 -0.805635 -0.592126 0.000000 0.000000
  1 0.659861 -4.420880 36.774465 -0.073104 -0.988348 -0.133507 0.000000 0.000000
PLAYER_Chrome1.bmp
  1 0.599861 -4.430971 37.034462 -0.018401 -0.805635 -0.592126 0.000000 0.000000
  1 -0.610139 -4.430974 37.034462 0.018099 -0.902369 -0.430585 0.000000 0.000000
  1 0.659861 -4.420880 36.774465 -0.073104 -0.988348 -0.133507 0.000000 0.000000
PLAYER_Chrome1.bmp
  1 0.659861 -4.420880 36.774465 -0.073104 -0.988348 -0.133507 0.000000 0.000000
  1 -0.610139 -4.430974 37.034462 0.018099 -0.902369 -0.430585 0.000000 0.000000
  1 -0.680139 -4.410884 36.774469 0.109602 -0.983722 -0.142403 0.000000 0.000000
PLAYER_Chrome1.bmp
  1 -0.610139 -4.430974 37.034462 0.018099 -0.902369 -0.430585 0.000000 0.000000
  1 -1.810138 -4.781115 37.434341 0.228707 -0.964131 -0.134704 0.000000 0.000000
  1 -0.680139 -4.410884 36.774469 0.109602 -0.983722 -0.142403 0.000000 0.000000
PLAYER_Chrome1.bmp
  30 1.322579 -5.778593 1.514764 -0.864627 -0.502415 -0.000200 0.000000 0.000000
  30 2.012578 -6.738084 0.044431 -0.465598 -0.884996 -0.000300 0.000000 0.000000
  30 2.012581 -6.738643 1.664431 -0.242091 -0.939463 0.242490 0.000000 0.000000
PLAYER_Chrome1.bmp
  30 2.012581 -6.738643 1.664431 -0.242091 -0.939463 0.242490 0.000000 0.000000
  30 2.012578 -6.738084 0.044431 -0.465598 -0.884996 -0.000300 0.000000 0.000000
  30 4.372582 -6.788639 1.664409 0.145495 -0.982571 0.115696 0.000000 0.000000
PLAYER_Chrome1.bmp
  30 2.012578 -6.738084 0.044431 -0.465598 -0.884996 -0.000300 0.000000 0.000000
  30 4.372578 -6.788080 0.044409 0.419077 -0.907951 -0.000300 0.000000 0.000000
  30 4.372582 -6.788639 1.664409 0.145495 -0.982571 0.115696 0.000000 0.000000
PLAYER_Chrome1.bmp
  30 4.372582 -6.788639 1.664409 0.145495 -0.982571 0.115696 0.000000 0.000000
  30 4.372578 -6.788080 0.044409 0.419077 -0.907951 -0.000300 0.000000 0.000000
  30 5.352580 -6.038585 1.514666 0.738572 -0.674175 -0.000200 0.000000 0.000000
PLAYER_Chrome1.bmp
  30 4.372578 -6.788080 0.044409 0.419077 -0.907951 -0.000300 0.000000 0.000000
  30 5.352577 -6.038081 0.054666 0.849305 -0.527903 -0.000200 0.000000 0.000000
  30 5.352580 -6.038585 1.514666 0.738572 -0.674175 -0.000200 0.000000 0.000000
PLAYER_Chrome1.bmp
  30 5.352580 -6.038585 1.514666 0.738572 -0.674175 -0.000200 0.000000 0.000000
  30 5.352577 -6.038081 0.054666 0.849305 -0.527903 -0.000200 0.000000 0.000000
  30 6.022576 -4.368522 1.335241 0.960433 -0.278510 -0.000100 0.000000 0.000000
PLAYER_Chrome1.bmp
  30 5.352577 -6.038081 0.054666 0.849305 -0.527903 -0.000200 0.000000 0.000000
  30 6.012574 -4.378080 0.055238 0.982907 -0.184102 -0.000100 0.000000 0.000000
  30 6.022576 -4.368522 1.335241 0.960433 -0.278510 -0.000100 0.000000 0.000000
PLAYER_Chrome1.bmp
  30 6.022576 -4.368522 1.335241 0.960433 -0.278510 -0.000100 0.000000 0.000000
  30 6.012574 -4.378080 0.055238 0.982907 -0.184102 -0.000100 0.000000 0.000000
  30 6.162573 -2.798526 1.345783 0.999735 -0.023001 0.000000 0.000000 0.000000
PLAYER_Chrome1.bmp
  30 6.012574 -4.378080 0.055238 0.982907 -0.184102 -0.000100 0.000000 0.000000
  30 6.162571 -2.808083 0.065780 0.999071 0.043098 0.000000 0.000000 0.000000
  30 6.162573 -2.798526 1.345783 0.999735 -0.023001 0.000000 0.000000 0.000000
PLAYER_Chrome1.bmp
  30 6.162573 -2.798526 1.345783 0.999735 -0.023001 0.000000 0.000000 0.000000
  30 6.162571 -2.808083 0.065780 0.999071 0.043098 0.000000 0.000000 0.000000
  30 6.012571 -1.438557 1.436253 0.992056 0.125794 0.000000 0.000000 0.000000
PLAYER_Chrome1.bmp
  30 6.162571 -2.808083 0.065780 0.999071 0.043098 0.000000 0.000000 0.000000
  30 6.012568 -1.438077 0.046253 0.992056 0.125794 0.000000 0.000000 0.000000
  30 6.012571 -1.438557 1.436253 0.992056 0.125794 0.000000 0.000000 0.000000
PLAYER_Chrome1.bmp
  30 6.012571 -1.438557 1.436253 0.992056 0.125794 0.000000 0.000000 0.000000
  30 6.012568 -1.438077 0.046253 0.992056 0.125794 0.000000 0.000000 0.000000
  30 5.132563 3.981117 2.378126 0.923504 0.383501 0.008200 0.000000 0.000000
PLAYER_Chrome1.bmp
  30 6.012568 -1.438077 0.046253 0.992056 0.125794 0.000000 0.000000 0.000000
  30 5.132558 3.981921 0.048126 0.923504 0.383501 0.008200 0.000000 0.000000
  30 5.132563 3.981117 2.378126 0.923504 0.383501 0.008200 0.000000 0.000000
PLAYER_Chrome1.bmp
  30 5.132563 3.981117 2.378126 0.923504 0.383501 0.008200 0.000000 0.000000
  30 5.132558 3.981921 0.048126 0.923504 0.383501 0.008200 0.000000 0.000000
  30 4.402556 5.051923 0.038497 0.460922 0.887241 0.018801 0.000000 0.000000
PLAYER_Chrome1.bmp
  33 -5.132983 3.981908 0.058143 -0.927674 0.373390 0.000100 0.000000 0.000000
  33 -6.022982 -1.438091 0.056272 -0.990095 0.140399 0.000000 0.000000 0.000000
  33 -5.132980 3.981104 2.388143 -0.927674 0.373390 0.000100 0.000000 0.000000
PLAYER_Chrome1.bmp
  33 -5.132980 3.981104 2.388143 -0.927674 0.373390 0.000100 0.000000 0.000000
  33 -6.022982 -1.438091 0.056272 -0.990095 0.140399 0.000000 0.000000 0.000000
  33 -6.022981 -1.438572 1.446272 -0.990095 0.140399 0.000000 0.000000 0.000000
PLAYER_Chrome1.bmp
  33 -6.022982 -1.438091 0.056272 -0.990095 0.140399 0.000000 0.000000 0.000000
  33 -6.162982 -2.808098 0.075799 -0.999266 0.038299 0.000000 0.000000 0.000000
  33 -6.022981 -1.438572 1.446272 -0.990095 0.140399 0.000000 0.000000 0.000000
PLAYER_Chrome1.bmp
  33 -6.022981 -1.438572 1.446272 -0.990095 0.140399 0.000000 0.000000 0.000000
  33 -6.162982 -2.808098 0.075799 -0.999266 0.038299 0.000000 0.000000 0.000000
  33 -6.162981 -2.808540 1.355798 -0.999677 -0.025399 0.000000 0.000000 0.000000
PLAYER_Chrome1.bmp
  33 -6.162982 -2.808098 0.075799 -0.999266 0.038299 0.000000 0.000000 0.000000
  33 -6.022982 -4.378098 0.075256 -0.982907 -0.184101 -0.000100 0.000000 0.000000
  33 -6.162981 -2.808540 1.355798 -0.999677 -0.025399 0.000000 0.000000 0.000000
PLAYER_Chrome1.bmp
  33 -6.162981 -2.808540 1.355798 -0.999677 -0.025399 0.000000 0.000000 0.000000
  33 -6.022982 -4.378098 0.075256 -0.982907 -0.184101 -0.000100 0.000000 0.000000
  33 -6.022981 -4.378540 1.355256 -0.960434 -0.278509 -0.000100 0.000000 0.000000
PLAYER_Chrome1.bmp
  33 -6.022982 -4.378098 0.075256 -0.982907 -0.184101 -0.000100 0.000000 0.000000
  33 -5.362982 -6.038091 0.054682 -0.849305 -0.527903 -0.000200 0.000000 0.000000
  33 -6.022981 -4.378540 1.355256 -0.960434 -0.278509 -0.000100 0.000000 0.000000
PLAYER_Chrome1.bmp
  33 -6.022981 -4.378540 1.355256 -0.960434 -0.278509 -0.000100 0.000000 0.000000
  33 -5.362982 -6.038091 0.054682 -0.849305 -0.527903 -0.000200 0.000000 0.000000
  33 -5.362981 -6.038599 1.524682 -0.738572 -0.674174 -0.000200 0.000000 0.000000
PLAYER_Chrome1.bmp
  33 -5.362982 -6.038091 0.054682 -0.849305 -0.527903 -0.000200 0.000000 0.000000
  33 -4.382982 -6.788087 0.044422 -0.418995 -0.907988 -0.000300 0.000000 0.000000
  33 -5.362981 -6.038599 1.524682 -0.738572 -0.674174 -0.000200 0.000000 0.000000
PLAYER_Chrome1.bmp
  33 -5.362981 -6.038599 1.524682 -0.738572 -0.674174 -0.000200 0.000000 0.000000
  33 -4.382982 -6.788087 0.044422 -0.418995 -0.907988 -0.000300 0.000000 0.000000
  33 -4.382981 -6.788650 1.674422 -0.145398 -0.982585 0.115698 0.000000 0.000000
PLAYER_Chrome1.bmp
  33 -4.382982 -6.788087 0.044422 -0.418995 -0.907988 -0.000300 0.000000 0.000000
  33 -2.032982 -6.738087 0.044437 0.462586 -0.886574 -0.000300 0.000000 0.000000
  33 -4.382981 -6.788650 1.674422 -0.145398 -0.982585 0.115698 0.000000 0.000000
PLAYER_Chrome1.bmp
  33 -4.382981 -6.788650 1.674422 -0.145398 -0.982585 0.115698 0.000000 0.000000
  33 -2.032982 -6.738087 0.044437 0.462586 -0.886574 -0.000300 0.000000 0.000000
  33 -2.032981 -6.738650 1.674437 0.240793 -0.939873 0.242193 0.000000 0.000000
PLAYER_Chrome1.bmp
  33 -2.032982 -6.738087 0.044437 0.462586 -0.886574 -0.000300 0.000000 0.000000
  33 -1.332981 -5.778599 1.524768 0.862299 -0.506400 -0.000200 0.000000 0.000000
  33 -2.032981 -6.738650 1.674437 0.240793 -0.939873 0.242193 0.000000 0.000000
PLAYER_Chrome1.bmp
  1 0.449850 -0.140539 35.785943 -0.814474 0.185394 -0.549783 0.000000 0.000000
  1 0.719840 3.999209 36.517373 0.123693 0.487972 -0.864051 0.000000 0.000000
  1 0.919847 1.179434 35.866399 -0.489788 0.161896 -0.856678 0.000000 0.000000
PLAYER_Chrome1.bmp
  1 0.919847 1.179434 35.866399 -0.489788 0.161896 -0.856678 0.000000 0.000000
  1 0.719840 3.999209 36.517373 0.123693 0.487972 -0.864051 0.000000 0.000000
  1 0.929839 4.119261 36.367414 -0.664977 0.477983 -0.573880 0.000000 0.000000
PLAYER_Chrome1.bmp
  1 0.719840 3.999209 36.517373 0.123693 0.487972 -0.864051 0.000000 0.000000
  1 0.749838 4.748853 37.547632 0.018300 0.874167 -0.485281 0.000000 0.000000
  1 0.929839 4.119261 36.367414 -0.664977 0.477983 -0.573880 0.000000 0.000000
PLAYER_Chrome1.bmp
  1 0.929839 4.119261 36.367414 -0.664977 0.477983 -0.573880 0.000000 0.000000
  1 0.749838 4.748853 37.547632 0.018300 0.874167 -0.485281 0.000000 0.000000
  1 0.969837 4.918889 37.447691 -0.654889 0.680789 -0.328095 0.000000 0.000000
PLAYER_Chrome1.bmp
  1 0.749838 4.748853 37.547632 0.018300 0.874167 -0.485281 0.000000 0.000000
  1 0.789836 5.348339 39.037839 0.000000 0.954879 -0.296994 0.000000 0.000000
  1 0.969837 4.918889 37.447691 -0.654889 0.680789 -0.328095 0.000000 0.000000
PLAYER_Chrome1.bmp
  1 0.969837 4.918889 37.447691 -0.654889 0.680789 -0.328095 0.000000 0.000000
  1 0.789836 5.348339 39.037839 0.000000 0.954879 -0.296994 0.000000 0.000000
  1 0.989836 5.478409 38.837884 -0.204504 0.918619 0.338107 0.000000 0.000000
PLAYER_Chrome1.bmp
  1 0.789836 5.348339 39.037839 0.000000 0.954879 -0.296994 0.000000 0.000000
  1 2.109837 5.118280 39.217759 0.292996 0.947986 -0.124398 0.000000 0.000000
  1 0.989836 5.478409 38.837884 -0.204504 0.918619 0.338107 0.000000 0.000000
PLAYER_Chrome1.bmp
  1 0.989836 5.478409 38.837884 -0.204504 0.918619 0.338107 0.000000 0.000000
  1 2.109837 5.118280 39.217759 0.292996 0.947986 -0.124398 0.000000 0.000000
  1 2.199837 5.228343 39.037797 0.001500 0.847806 0.530304 0.000000 0.000000
PLAYER_Chrome1.bmp
  1 2.109837 5.118280 39.217759 0.292996 0.947986 -0.124398 0.000000 0.000000
  1 3.159838 4.848110 39.717666 0.379301 0.925201 0.011600 0.000000 0.000000
  1 2.199837 5.228343 39.037797 0.001500 0.847806 0.530304 0.000000 0.000000
PLAYER_Chrome1.bmp
  1 2.199837 5.228343 39.037797 0.001500 0.847806 0.530304 0.000000 0.000000
  1 3.159838 4.848110 39.717666 0.379301 0.925201 0.011600 0.000000 0.000000
  1 3.299837 4.938159 39.577697 -0.101696 0.864872 0.491584 0.000000 0.000000
PLAYER_Chrome1.bmp
  1 3.159838 4.848110 39.717666 0.379301 0.925201 0.011600 0.000000 0.000000
  1 4.179839 4.337695 40.927490 0.346998 0.910895 0.223299 0.000000 0.000000
  1 3.299837 4.938159 39.577697 -0.101696 0.864872 0.491584 0.000000 0.000000
PLAYER_Chrome1.bmp
  1 3.299837 4.938159 39.577697 -0.101696 0.864872 0.491584 0.000000 0.000000
  1 4.179839 4.337695 40.927490 0.346998 0.910895 0.223299 0.000000 0.000000
  1 4.359839 4.397723 40.847511 -0.157697 0.898581 0.409492 0.000000 0.000000
PLAYER_Chrome1.bmp
  1 4.179839 4.337695 40.927490 0.346998 0.910895 0.223299 0.000000 0.000000
  1 4.829841 3.486788 43.557197 0.330209 0.710320 0.621617 0.000000 0.000000
  1 4.359839 4.397723 40.847511 -0.157697 0.898581 0.409492 0.000000 0.000000
PLAYER_Chrome1.bmp
  1 4.709841 3.406636 43.997168 0.603775 0.720070 -0.341986 0.000000 0.000000
  1 4.639841 3.416719 43.757172 0.613481 0.739576 0.276891 0.000000 0.000000
  1 2.449839 4.466648 43.947535 0.318997 0.844292 0.430596 0.000000 0.000000
PLAYER_Chrome1.bmp
  1 2.449839 4.466648 43.947535 0.318997 0.844292 0.430596 0.000000 0.000000
  1 4.639841 3.416719 43.757172 0.613481 0.739576 0.276891 0.000000 0.000000
  1 4.469840 3.696770 43.607269 0.667409 0.594708 0.448206 0.000000 0.000000
PLAYER_Chrome1.bmp
  1 4.639841 3.416719 43.757172 0.613481 0.739576 0.276891 0.000000 0.000000
  1 4.179839 4.337695 40.927490 0.346998 0.910895 0.223299 0.000000 0.000000
  1 4.469840 3.696770 43.607269 0.667409 0.594708 0.448206 0.000000 0.000000
PLAYER_Chrome1.bmp
  1 4.469840 3.696770 43.607269 0.667409 0.594708 0.448206 0.000000 0.000000
  1 4.179839 4.337695 40.927490 0.346998 0.910895 0.223299 0.000000 0.000000
  1 4.039838 4.567677 40.977569 0.796903 0.546902 -0.256601 0.000000 0.000000
PLAYER_Chrome1.bmp
  1 4.179839 4.337695 40.927490 0.346998 0.910895 0.223299 0.000000 0.000000
  1 3.159838 4.848110 39.717666 0.379301 0.925201 0.011600 0.000000 0.000000
  1 4.039838 4.567677 40.977569 0.796903 0.546902 -0.256601 0.000000 0.000000
PLAYER_Chrome1.bmp
  1 4.039838 4.567677 40.977569 0.796903 0.546902 -0.256601 0.000000 0.000000
  1 3.159838 4.848110 39.717666 0.379301 0.925201 0.011600 0.000000 0.000000
  1 3.059837 5.078068 39.837746 0.575618 0.559418 -0.596419 0.000000 0.000000
PLAYER_Chrome1.bmp
  1 3.159838 4.848110 39.717666 0.379301 0.925201 0.011600 0.000000 0.000000
  1 2.109837 5.118280 39.217759 0.292996 0.947986 -0.124398 0.000000 0.000000
  1 3.059837 5.078068 39.837746 0.575618 0.559418 -0.596419 0.000000 0.000000
PLAYER_Chrome1.bmp
  1 3.059837 5.078068 39.837746 0.575618 0.559418 -0.596419 0.000000 0.000000
  1 2.109837 5.118280 39.217759 0.292996 0.947986 -0.124398 0.000000 0.000000
  1 2.039836 5.348232 39.357839 0.312016 0.495325 -0.810740 0.000000 0.000000
PLAYER_Chrome1.bmp
  1 2.109837 5.118280 39.217759 0.292996 0.947986 -0.124398 0.000000 0.000000
  1 0.789836 5.348339 39.037839 0.000000 0.954879 -0.296994 0.000000 0.000000
  1 2.039836 5.348232 39.357839 0.312016 0.495325 -0.810740 0.000000 0.000000
PLAYER_Chrome1.bmp
  1 2.039836 5.348232 39.357839 0.312016 0.495325 -0.810740 0.000000 0.000000
  1 0.789836 5.348339 39.037839 0.000000 0.954879 -0.296994 0.000000 0.000000
  1 0.909836 5.588298 39.157922 0.076902 0.472410 -0.878018 0.000000 0.000000
PLAYER_Chrome1.bmp
  1 0.789836 5.348339 39.037839 0.000000 0.954879 -0.296994 0.000000 0.000000
  1 -0.780164 5.348335 39.037839 0.018300 0.874167 -0.485281 0.000000 0.000000
  1 0.909836 5.588298 39.157922 0.076902 0.472410 -0.878018 0.000000 0.000000
PLAYER_Chrome1.bmp
  1 0.909836 5.588298 39.157922 0.076902 0.472410 -0.878018 0.000000 0.000000
  1 -0.780164 5.348335 39.037839 0.018300 0.874167 -0.485281 0.000000 0.000000
  1 -0.910164 5.588293 39.157922 -0.115197 0.454089 -0.883478 0.000000 0.000000
PLAYER_Chrome1.bmp
  1 -0.780164 5.348335 39.037839 0.018300 0.874167 -0.485281 0.000000 0.000000
  1 -2.030164 5.348221 39.357839 -0.311413 0.495221 -0.811035 0.000000 0.000000
  1 -0.910164 5.588293 39.157922 -0.115197 0.454089 -0.883478 0.000000 0.000000
PLAYER_Chrome1.bmp
  1 1.359865 -6.032474 41.393909 0.121902 -0.632010 0.765312 0.000000 0.000000
  1 2.279865 -5.762475 41.404002 0.459769 -0.704252 0.540963 0.000000 0.000000
  1 1.319865 -5.882515 41.513961 0.205606 -0.968727 0.138904 0.000000 0.000000
PLAYER_Chrome1.bmp
  1 1.319865 -5.882515 41.513961 0.205606 -0.968727 0.138904 0.000000 0.000000
  1 2.279865 -5.762475 41.404002 0.459769 -0.704252 0.540963 0.000000 0.000000
  1 2.459864 -5.522530 41.564085 0.507784 -0.854574 -0.108897 0.000000 0.000000
PLAYER_Chrome1.bmp
  1 2.279865 -5.762475 41.404002 0.459769 -0.704252 0.540963 0.000000 0.000000
  1 2.259864 -5.421781 39.394120 0.803054 -0.554368 -0.218587 0.000000 0.000000
  1 2.459864 -5.522530 41.564085 0.507784 -0.854574 -0.108897 0.000000 0.000000
PLAYER_Chrome1.bmp
  1 2.459864 -5.522530 41.564085 0.507784 -0.854574 -0.108897 0.000000 0.000000
  1 2.259864 -5.421781 39.394120 0.803054 -0.554368 -0.218587 0.000000 0.000000
  1 2.429863 -5.161784 39.404210 0.300111 -0.911234 -0.282110 0.000000 0.000000
PLAYER_Chrome1.bmp
  1 2.259864 -5.421781 39.394120 0.803054 -0.554368 -0.218587 0.000000 0.000000
  1 1.539863 -5.051213 37.744248 0.633783 -0.503987 -0.586785 0.000000 0.000000
  1 2.429863 -5.161784 39.404210 0.300111 -0.911234 -0.282110 0.000000 0.000000
PLAYER_Chrome1.bmp
  1 2.429863 -5.161784 39.404210 0.300111 -0.911234 -0.282110 0.000000 0.000000
  1 1.539863 -5.051213 37.744248 0.633783 -0.503987 -0.586785 0.000000 0.000000
  1 1.659862 -4.781185 37.664341 0.144404 -0.859327 -0.490616 0.000000 0.000000
PLAYER_Chrome1.bmp
  1 1.539863 -5.051213 37.744248 0.633783 -0.503987 -0.586785 0.000000 0.000000
  1 0.569862 -4.721012 37.154362 0.240001 -0.433102 -0.868805 0.000000 0.000000
  1 1.659862 -4.781185 37.664341 0.144404 -0.859327 -0.490616 0.000000 0.000000
PLAYER_Chrome1.bmp
  1 1.659862 -4.781185 37.664341 0.144404 -0.859327 -0.490616 0.000000 0.000000
  1 0.569862 -4.721012 37.154362 0.240001 -0.433102 -0.868805 0.000000 0.000000
  1 0.599861 -4.430971 37.034462 -0.018401 -0.805635 -0.592126 0.000000 0.000000
PLAYER_Chrome1.bmp
  1 0.569862 -4.721012 37.154362 0.240001 -0.433102 -0.868805 0.000000 0.000000
  1 -0.580138 -4.731015 37.154358 -0.180098 -0.430396 -0.884491 0.000000 0.000000
  1 0.599861 -4.430971 37.034462 -0.018401 -0.805635 -0.592126 0.000000 0.000000
PLAYER_Chrome1.bmp
  1 0.599861 -4.430971 37.034462 -0.018401 -0.805635 -0.592126 0.000000 0.000000
  1 -0.580138 -4.731015 37.154358 -0.180098 -0.430396 -0.884491 0.000000 0.000000
  1 -0.610139 -4.430974 37.034462 0.018099 -0.902369 -0.430585 0.000000 0.000000
PLAYER_Chrome1.bmp
  1 -0.580138 -4.731015 37.154358 -0.180098 -0.430396 -0.884491 0.000000 0.000000
  1 -1.670138 -4.771194 37.664344 -0.144305 -0.859229 -0.490817 0.000000 0.000000
  1 -0.610139 -4.430974 37.034462 0.018099 -0.902369 -0.430585 0.000000 0.000000
PLAYER_Chrome1.bmp
  1 -0.610139 -4.430974 37.034462 0.018099 -0.902369 -0.430585 0.000000 0.000000
  1 -1.670138 -4.771194 37.664344 -0.144305 -0.859229 -0.490817 0.000000 0.000000
  1 -1.810138 -4.781115 37.434341 0.228707 -0.964131 -0.134704 0.000000 0.000000
PLAYER_Chrome1.bmp
  1 -1.670138 -4.771194 37.664344 -0.144305 -0.859229 -0.490817 0.000000 0.000000
  1 -2.650137 -5.211755 39.284192 0.270194 -0.954579 -0.125597 0.000000 0.000000
  1 -1.810138 -4.781115 37.434341 0.228707 -0.964131 -0.134704 0.000000 0.000000
PLAYER_Chrome1.bmp
  1 -4.830159 3.496764 43.557200 -0.330307 0.710015 0.621913 0.000000 0.000000
  1 -4.180161 4.347674 40.927493 -0.346885 0.911062 0.222791 0.000000 0.000000
  1 -4.360161 4.417701 40.847518 0.158006 0.898334 0.409915 0.000000 0.000000
PLAYER_Chrome1.bmp
  1 -4.360161 4.417701 40.847518 0.158006 0.898334 0.409915 0.000000 0.000000
  1 -4.180161 4.347674 40.927493 -0.346885 0.911062 0.222791 0.000000 0.000000
  1 -3.300163 4.948142 39.577701 0.101704 0.864736 0.491821 0.000000 0.000000
PLAYER_Chrome1.bmp
  1 -4.180161 4.347674 40.927493 -0.346885 0.911062 0.222791 0.000000 0.000000
  1 -3.160162 4.858094 39.717670 -0.378889 0.925374 0.011200 0.000000 0.000000
  1 -3.300163 4.948142 39.577701 0.101704 0.864736 0.491821 0.000000 0.000000
PLAYER_Chrome1.bmp
  1 -3.300163 4.948142 39.577701 0.101704 0.864736 0.491821 0.000000 0.000000
  1 -3.160162 4.858094 39.717670 -0.378889 0.925374 0.011200 0.000000 0.000000
  1 -2.190163 5.228331 39.037797 0.001500 0.847806 0.530304 0.000000 0.000000
PLAYER_Chrome1.bmp
  1 -3.160162 4.858094 39.717670 -0.378889 0.925374 0.011200 0.000000 0.000000
  1 -2.100163 5.118269 39.217759 -0.292500 0.948100 -0.124700 0.000000 0.000000
  1 -2.190163 5.228331 39.037797 0.001500 0.847806 0.530304 0.000000 0.000000
PLAYER_Chrome1.bmp
  1 -2.190163 5.228331 39.037797 0.001500 0.847806 0.530304 0.000000 0.000000
  1 -2.100163 5.118269 39.217759 -0.292500 0.948100 -0.124700 0.000000 0.000000
  1 -0.980164 5.478404 38.837884 0.204407 0.918529 0.338411 0.000000 0.000000
PLAYER_Chrome1.bmp
  1 -2.100163 5.118269 39.217759 -0.292500 0.948100 -0.124700 0.000000 0.000000
  1 -0.780164 5.348335 39.037839 0.018300 0.874167 -0.485281 0.000000 0.000000
  1 -0.980164 5.478404 38.837884 0.204407 0.918529 0.338411 0.000000 0.000000
PLAYER_Chrome1.bmp
  1 -0.980164 5.478404 38.837884 0.204407 0.918529 0.338411 0.000000 0.000000
  1 -0.780164 5.348335 39.037839 0.018300 0.874167 -0.485281 0.000000 0.000000
  1 -0.960163 4.918884 37.447691 0.655698 0.680298 -0.327499 0.000000 0.000000
PLAYER_Chrome1.bmp
  1 -0.780164 5.348335 39.037839 0.018300 0.874167 -0.485281 0.000000 0.000000
  1 -0.740162 4.758849 37.547635 -0.044499 0.873885 -0.484092 0.000000 0.000000
  1 -0.960163 4.918884 37.447691 0.655698 0.680298 -0.327499 0.000000 0.000000
PLAYER_Chrome1.bmp
  1 -0.960163 4.918884 37.447691 0.655698 0.680298 -0.327499 0.000000 0.000000
  1 -0.740162 4.758849 37.547635 -0.044499 0.873885 -0.484092 0.000000 0.000000
  1 -0.920161 4.129257 36.367418 0.665428 0.476820 -0.574324 0.000000 0.000000
PLAYER_Chrome1.bmp
  1 -0.740162 4.758849 37.547635 -0.044499 0.873885 -0.484092 0.000000 0.000000
  1 -0.710160 3.999205 36.517373 -0.123802 0.488008 -0.864015 0.000000 0.000000
  1 -0.920161 4.129257 36.367418 0.665428 0.476820 -0.574324 0.000000 0.000000
PLAYER_Chrome1.bmp
  1 -0.920161 4.129257 36.367418 0.665428 0.476820 -0.574324 0.000000 0.000000
  1 -0.710160 3.999205 36.517373 -0.123802 0.488008 -0.864015 0.000000 0.000000
  1 -0.920153 1.189429 35.866403 0.488889 0.160896 -0.857380 0.000000 0.000000
PLAYER_Chrome1.bmp
  1 -0.710160 3.999205 36.517373 -0.123802 0.488008 -0.864015 0.000000 0.000000
  1 -0.470150 -0.130542 35.785947 0.830898 0.194299 -0.521399 0.000000 0.000000
  1 -0.920153 1.189429 35.866403 0.488889 0.160896 -0.857380 0.000000 0.000000
PLAYER_Chrome1.bmp
  1 -4.040162 4.577657 40.977573 -0.796408 0.547105 -0.257702 0.000000 0.000000
  1 -4.180161 4.347674 40.927493 -0.346885 0.911062 0.222791 0.000000 0.000000
  1 -4.480159 3.706748 43.607272 -0.667600 0.595100 0.447400 0.000000 0.000000
PLAYER_Chrome1.bmp
  1 -4.480159 3.706748 43.607272 -0.667600 0.595100 0.447400 0.000000 0.000000
  1 -4.180161 4.347674 40.927493 -0.346885 0.911062 0.222791 0.000000 0.000000
  1 -4.650159 3.426692 43.767175 -0.613684 0.739481 0.276693 0.000000 0.000000
PLAYER_Chrome1.bmp
  1 -4.180161 4.347674 40.927493 -0.346885 0.911062 0.222791 0.000000 0.000000
  1 -4.830159 3.496764 43.557200 -0.330307 0.710015 0.621913 0.000000 0.000000
  1 -4.650159 3.426692 43.767175 -0.613684 0.739481 0.276693 0.000000 0.000000
PLAYER_Chrome1.bmp
  1 -4.650159 3.426692 43.767175 -0.613684 0.739481 0.276693 0.000000 0.000000
  1 -4.830159 3.496764 43.557200 -0.330307 0.710015 0.621913 0.000000 0.000000
  1 -5.380155 2.086756 43.576713 -0.902897 0.429299 0.021900 0.000000 0.000000
PLAYER_Chrome1.bmp
  1 -4.830159 3.496764 43.557200 -0.330307 0.710015 0.621913 0.000000 0.000000
  1 -5.530156 2.166821 43.386740 -0.647616 0.197905 0.735818 0.000000 0.000000
  1 -5.380155 2.086756 43.576713 -0.902897 0.429299 0.021900 0.000000 0.000000
PLAYER_Chrome1.bmp
  1 -5.380155 2.086756 43.576713 -0.902897 0.429299 0.021900 0.000000 0.000000
  1 -5.530156 2.166821 43.386740 -0.647616 0.197905 0.735818 0.000000 0.000000
  1 -6.170150 0.006830 43.355995 -0.996234 0.043502 0.075003 0.000000 0.000000
PLAYER_Chrome1.bmp
  1 -5.530156 2.166821 43.386740 -0.647616 0.197905 0.735818 0.000000 0.000000
  1 -6.400150 0.026891 43.176002 -0.646406 -0.131901 0.751506 0.000000 0.000000
  1 -6.170150 0.006830 43.355995 -0.996234 0.043502 0.075003 0.000000 0.000000
PLAYER_Chrome1.bmp
  1 -6.170150 0.006830 43.355995 -0.996234 0.043502 0.075003 0.000000 0.000000
  1 -6.400150 0.026891 43.176002 -0.646406 -0.131901 0.751506 0.000000 0.000000
  1 -5.290142 -2.983047 43.004962 -0.827988 -0.523292 -0.201497 0.000000 0.000000
PLAYER_Chrome1.bmp
  1 -6.400150 0.026891 43.176002 -0.646406 -0.131901 0.751506 0.000000 0.000000
  1 -5.470142 -3.062978 42.804935 -0.547886 -0.479087 0.685782 0.000000 0.000000
  1 -5.290142 -2.983047 43.004962 -0.827988 -0.523292 -0.201497 0.000000 0.000000
PLAYER_Chrome1.bmp
  1 -5.290142 -2.983047 43.004962 -0.827988 -0.523292 -0.201497 0.000000 0.000000
  1 -5.470142 -3.062978 42.804935 -0.547886 -0.479087 0.685782 0.000000 0.000000
  1 -2.510136 -5.612967 42.794054 -0.431604 -0.895908 -0.105201 0.000000 0.000000
PLAYER_Chrome1.bmp
  1 -5.470142 -3.062978 42.804935 -0.547886 -0.479087 0.685782 0.000000 0.000000
  1 -2.700136 -5.722881 42.544016 0.047798 -0.931656 0.360183 0.000000 0.000000
  1 -2.510136 -5.612967 42.794054 -0.431604 -0.895908 -0.105201 0.000000 0.000000
PLAYER_Chrome1.bmp
  1 -2.510136 -5.612967 42.794054 -0.431604 -0.895908 -0.105201 0.000000 0.000000
  1 -2.700136 -5.722881 42.544016 0.047798 -0.931656 0.360183 0.000000 0.000000
  1 -2.690136 -5.612615 41.774054 0.394177 -0.912548 -0.108994 0.000000 0.000000
PLAYER_Chrome1.bmp
  33 -4.302981 -6.318674 1.744584 -0.972514 -0.151402 0.176902 0.000000 0.000000
  33 -4.132980 -6.279006 2.704598 -0.907503 -0.194500 0.372301 0.000000 0.000000
  33 -4.302980 -6.008944 2.524691 -0.882729 -0.337711 0.326711 0.000000 0.000000
PLAYER_Chrome1.bmp
  33 -4.302980 -6.008944 2.524691 -0.882729 -0.337711 0.326711 0.000000 0.000000
  33 -4.132980 -6.279006 2.704598 -0.907503 -0.194500 0.372301 0.000000 0.000000
  33 -4.352980 -5.269037 2.794947 -0.735100 -0.029900 0.677299 0.000000 0.000000
PLAYER_Chrome1.bmp
  33 -4.132980 -6.279006 2.704598 -0.907503 -0.194500 0.372301 0.000000 0.000000
  33 -4.052979 -5.509138 3.084864 -0.610195 0.196898 0.767394 0.000000 0.000000
  33 -4.352980 -5.269037 2.794947 -0.735100 -0.029900 0.677299 0.000000 0.000000
PLAYER_Chrome1.bmp
  33 -4.352980 -5.269037 2.794947 -0.735100 -0.029900 0.677299 0.000000 0.000000
  33 -4.052979 -5.509138 3.084864 -0.610195 0.196898 0.767394 0.000000 0.000000
  33 -3.262979 -4.339103 2.985267 -0.180499 0.462797 0.867894 0.000000 0.000000
PLAYER_Chrome1.bmp
  33 -4.052979 -5.509138 3.084864 -0.610195 0.196898 0.767394 0.000000 0.000000
  33 -3.252979 -4.599155 3.135177 0.166700 0.474000 0.864601 0.000000 0.000000
  33 -3.262979 -4.339103 2.985267 -0.180499 0.462797 0.867894 0.000000 0.000000
PLAYER_Chrome1.bmp
  33 -3.262979 -4.339103 2.985267 -0.180499 0.462797 0.867894 0.000000 0.000000
  33 -3.252979 -4.599155 3.135177 0.166700 0.474000 0.864601 0.000000 0.000000
  33 -2.192980 -5.229041 2.804959 0.617377 0.229091 0.752571 0.000000 0.000000
PLAYER_Chrome1.bmp
  33 -3.252979 -4.599155 3.135177 0.166700 0.474000 0.864601 0.000000 0.000000
  33 -2.462979 -5.459138 3.084880 0.731479 0.022899 0.681480 0.000000 0.000000
  33 -2.192980 -5.229041 2.804959 0.617377 0.229091 0.752571 0.000000 0.000000
PLAYER_Chrome1.bmp
  33 -2.192980 -5.229041 2.804959 0.617377 0.229091 0.752571 0.000000 0.000000
  33 -2.462979 -5.459138 3.084880 0.731479 0.022899 0.681480 0.000000 0.000000
  33 -2.172980 -5.968947 2.534703 0.857723 -0.255007 0.446412 0.000000 0.000000
PLAYER_Chrome1.bmp
  33 -2.462979 -5.459138 3.084880 0.731479 0.022899 0.681480 0.000000 0.000000
  33 -2.332980 -6.239003 2.694610 0.946390 -0.101099 0.306797 0.000000 0.000000
  33 -2.172980 -5.968947 2.534703 0.857723 -0.255007 0.446412 0.000000 0.000000
PLAYER_Chrome1.bmp
  33 -2.172980 -5.968947 2.534703 0.857723 -0.255007 0.446412 0.000000 0.000000
  33 -2.332980 -6.239003 2.694610 0.946390 -0.101099 0.306797 0.000000 0.000000
  33 -2.172981 -6.268675 1.744600 0.982894 -0.080800 0.165499 0.000000 0.000000
PLAYER_Chrome1.bmp
  33 -2.332980 -6.239003 2.694610 0.946390 -0.101099 0.306797 0.000000 0.000000
  33 -2.032981 -6.738650 1.674437 0.952266 0.263990 0.153294 0.000000 0.000000
  33 -2.172981 -6.268675 1.744600 0.982894 -0.080800 0.165499 0.000000 0.000000
PLAYER_Chrome1.bmp
  30 2.012581 -6.738643 1.664431 -0.951093 0.262398 0.162999 0.000000 0.000000
  30 2.322583 -6.248999 2.694599 -0.944505 -0.099700 0.313002 0.000000 0.000000
  30 2.152581 -6.268668 1.734593 -0.981337 -0.078803 0.175407 0.000000 0.000000
PLAYER_Chrome1.bmp
  30 2.152581 -6.268668 1.734593 -0.981337 -0.078803 0.175407 0.000000 0.000000
  30 2.322583 -6.248999 2.694599 -0.944505 -0.099700 0.313002 0.000000 0.000000
  30 2.162582 -5.968940 2.524696 -0.854201 -0.257500 0.451701 0.000000 0.000000
PLAYER_Chrome1.bmp
  30 2.322583 -6.248999 2.694599 -0.944505 -0.099700 0.313002 0.000000 0.000000
  30 2.452582 -5.459130 3.074872 -0.727180 0.015100 0.686281 0.000000 0.000000
  30 2.162582 -5.968940 2.524696 -0.854201 -0.257500 0.451701 0.000000 0.000000
PLAYER_Chrome1.bmp
  30 2.162582 -5.968940 2.524696 -0.854201 -0.257500 0.451701 0.000000 0.000000
  30 2.452582 -5.459130 3.074872 -0.727180 0.015100 0.686281 0.000000 0.000000
  30 2.172581 -5.219033 2.794955 -0.615599 0.226200 0.754899 0.000000 0.000000
PLAYER_Chrome1.bmp
  30 2.452582 -5.459130 3.074872 -0.727180 0.015100 0.686281 0.000000 0.000000
  30 3.242580 -4.599145 3.125167 -0.171102 0.470206 0.865812 0.000000 0.000000
  30 2.172581 -5.219033 2.794955 -0.615599 0.226200 0.754899 0.000000 0.000000
PLAYER_Chrome1.bmp
  30 2.172581 -5.219033 2.794955 -0.615599 0.226200 0.754899 0.000000 0.000000
  30 3.242580 -4.599145 3.125167 -0.171102 0.470206 0.865812 0.000000 0.000000
  30 3.262580 -4.339094 2.975257 0.175206 0.462515 0.869128 0.000000 0.000000
PLAYER_Chrome1.bmp
  30 3.242580 -4.599145 3.125167 -0.171102 0.470206 0.865812 0.000000 0.000000
  30 4.032582 -5.509123 3.064851 0.604770 0.194190 0.772362 0.000000 0.000000
  30 3.262580 -4.339094 2.975257 0.175206 0.462515 0.869128 0.000000 0.000000
PLAYER_Chrome1.bmp
  30 3.262580 -4.339094 2.975257 0.175206 0.462515 0.869128 0.000000 0.000000
  30 4.032582 -5.509123 3.064851 0.604770 0.194190 0.772362 0.000000 0.000000
  30 4.332581 -5.259026 2.784937 0.731967 -0.025299 0.680870 0.000000 0.000000
PLAYER_Chrome1.bmp
  30 4.032582 -5.509123 3.064851 0.604770 0.194190 0.772362 0.000000 0.000000
  30 4.122583 -6.288995 2.694582 0.909116 -0.186804 0.372307 0.000000 0.000000
  30 4.332581 -5.259026 2.784937 0.731967 -0.025299 0.680870 0.000000 0.000000
PLAYER_Chrome1.bmp
  30 4.332581 -5.259026 2.784937 0.731967 -0.025299 0.680870 0.000000 0.000000
  30 4.122583 -6.288995 2.694582 0.909116 -0.186804 0.372307 0.000000 0.000000
  30 4.292582 -6.008936 2.524678 0.882598 -0.336900 0.327900 0.000000 0.000000
PLAYER_Chrome1.bmp
  30 4.122583 -6.288995 2.694582 0.909116 -0.186804 0.372307 0.000000 0.000000
  30 4.282581 -6.318663 1.734571 0.975502 -0.143201 0.167000 0.000000 0.000000
  30 4.292582 -6.008936 2.524678 0.882598 -0.336900 0.327900 0.000000 0.000000
PLAYER_Chrome1.bmp
  30 5.132563 3.981117 2.378126 0.923504 0.383501 0.008200 0.000000 0.000000
  30 4.402556 5.051923 0.038497 0.460922 0.887241 0.018801 0.000000 0.000000
  30 4.312563 4.990728 3.498477 0.460922 0.887241 0.018801 0.000000 0.000000
PLAYER_Chrome1.bmp
  30 4.312563 4.990728 3.498477 0.460922 0.887241 0.018801 0.000000 0.000000
  30 4.402556 5.051923 0.038497 0.460922 0.887241 0.018801 0.000000 0.000000
  30 2.392563 5.020725 3.498491 -0.268600 0.962901 0.026000 0.000000 0.000000
PLAYER_Chrome1.bmp
  30 4.402556 5.051923 0.038497 0.460922 0.887241 0.018801 0.000000 0.000000
  30 2.282556 5.081916 0.048512 -0.572304 0.819807 0.019600 0.000000 0.000000
  30 2.392563 5.020725 3.498491 -0.268600 0.962901 0.026000 0.000000 0.000000
PLAYER_Chrome1.bmp
  30 2.392563 5.020725 3.498491 -0.268600 0.962901 0.026000 0.000000 0.000000
  30 2.282556 5.081916 0.048512 -0.572304 0.819807 0.019600 0.000000 0.000000
  30 1.512563 4.031103 2.398151 -0.866288 0.499393 0.012300 0.000000 0.000000
PLAYER_Chrome1.bmp
  30 2.282556 5.081916 0.048512 -0.572304 0.819807 0.019600 0.000000 0.000000
  30 1.512558 4.031907 0.068151 -0.933139 0.359515 0.000100 0.000000 0.000000
  30 1.512563 4.031103 2.398151 -0.866288 0.499393 0.012300 0.000000 0.000000
PLAYER_Chrome1.bmp
  30 1.512563 4.031103 2.398151 -0.866288 0.499393 0.012300 0.000000 0.000000
  30 1.512558 4.031907 0.068151 -0.933139 0.359515 0.000100 0.000000 0.000000
  30 1.182565 2.671189 2.147682 -0.984764 0.173894 0.000100 0.000000 0.000000
PLAYER_Chrome1.bmp
  30 1.512558 4.031907 0.068151 -0.933139 0.359515 0.000100 0.000000 0.000000
  30 1.182561 2.661910 0.057678 -0.993617 0.112802 0.000000 0.000000 0.000000
  30 1.182565 2.671189 2.147682 -0.984764 0.173894 0.000100 0.000000 0.000000
PLAYER_Chrome1.bmp
  30 1.182565 2.671189 2.147682 -0.984764 0.173894 0.000100 0.000000 0.000000
  30 1.182561 2.661910 0.057678 -0.993617 0.112802 0.000000 0.000000 0.000000
  30 0.812576 -4.288532 1.335279 -0.990194 -0.139699 0.000000 0.000000 0.000000
PLAYER_Chrome1.bmp
  30 1.182561 2.661910 0.057678 -0.993617 0.112802 0.000000 0.000000 0.000000
  30 0.822574 -4.298090 0.055276 -0.990194 -0.139699 0.000000 0.000000 0.000000
  30 0.812576 -4.288532 1.335279 -0.990194 -0.139699 0.000000 0.000000 0.000000
PLAYER_Chrome1.bmp
  30 0.812576 -4.288532 1.335279 -0.990194 -0.139699 0.000000 0.000000 0.000000
  30 0.822574 -4.298090 0.055276 -0.990194 -0.139699 0.000000 0.000000 0.000000
  30 1.322577 -5.778089 0.054764 -0.909539 -0.415618 -0.000100 0.000000 0.000000
PLAYER_Chrome1.bmp
  31 -3.645809 3.499922 36.240381 0.074203 0.960638 -0.267710 0.000000 0.000000
  31 -3.418861 4.228062 35.716543 -0.901222 0.428710 0.063302 0.000000 0.000000
  31 -3.658104 3.668485 35.765897 0.296211 0.949333 0.105004 0.000000 0.000000
PLAYER_Chrome1.bmp
  31 -3.658104 3.668485 35.765897 0.296211 0.949333 0.105004 0.000000 0.000000
  31 -3.418861 4.228062 35.716543 -0.901222 0.428710 0.063302 0.000000 0.000000
  31 -3.812587 3.423699 28.545931 -0.070197 0.994968 -0.071498 0.000000 0.000000
PLAYER_Chrome1.bmp
  31 -3.418861 4.228062 35.716543 -0.901222 0.428710 0.063302 0.000000 0.000000
  31 -3.553889 3.924317 28.538354 -0.886213 0.461407 -0.041601 0.000000 0.000000
  31 -3.812587 3.423699 28.545931 -0.070197 0.994968 -0.071498 0.000000 0.000000
PLAYER_Chrome1.bmp
  31 -3.812587 3.423699 28.545931 -0.070197 0.994968 -0.071498 0.000000 0.000000
  31 -3.553889 3.924317 28.538354 -0.886213 0.461407 -0.041601 0.000000 0.000000
  31 -3.807066 3.248741 27.099604 -0.175991 0.944355 -0.277887 0.000000 0.000000
PLAYER_Chrome1.bmp
  31 -3.553889 3.924317 28.538354 -0.886213 0.461407 -0.041601 0.000000 0.000000
  31 -3.537503 3.748183 27.042222 -0.857041 0.500325 0.123106 0.000000 0.000000
  31 -3.807066 3.248741 27.099604 -0.175991 0.944355 -0.277887 0.000000 0.000000
PLAYER_Chrome1.bmp
  31 -3.807066 3.248741 27.099604 -0.175991 0.944355 -0.277887 0.000000 0.000000
  31 -3.537503 3.748183 27.042222 -0.857041 0.500325 0.123106 0.000000 0.000000
  31 -4.365391 2.848466 25.909036 -0.355910 0.885326 -0.299209 0.000000 0.000000
PLAYER_Chrome1.bmp
  31 -3.537503 3.748183 27.042222 -0.857041 0.500325 0.123106 0.000000 0.000000
  31 -4.202062 3.232798 25.652496 -0.694017 0.611315 0.380309 0.000000 0.000000
  31 -4.365391 2.848466 25.909036 -0.355910 0.885326 -0.299209 0.000000 0.000000
PLAYER_Chrome1.bmp
  31 -4.365391 2.848466 25.909036 -0.355910 0.885326 -0.299209 0.000000 0.000000
  31 -4.202062 3.232798 25.652496 -0.694017 0.611315 0.380309 0.000000 0.000000
  31 -5.700378 2.186367 25.141484 -0.745527 0.597922 -0.294411 0.000000 0.000000
PLAYER_Chrome1.bmp
  31 -4.202062 3.232798 25.652496 -0.694017 0.611315 0.380309 0.000000 0.000000
  31 -5.684886 2.407895 24.786259 -0.803606 0.520505 0.288603 0.000000 0.000000
  31 -5.700378 2.186367 25.141484 -0.745527 0.597922 -0.294411 0.000000 0.000000
PLAYER_Chrome1.bmp
  31 -5.700378 2.186367 25.141484 -0.745527 0.597922 -0.294411 0.000000 0.000000
  31 -5.684886 2.407895 24.786259 -0.803606 0.520505 0.288603 0.000000 0.000000
  31 -6.594114 -0.159842 24.592269 -0.991905 0.117801 0.047400 0.000000 0.000000
PLAYER_Chrome1.bmp
  28 5.704484 2.387854 24.786380 0.801615 0.513410 0.306306 0.000000 0.000000
  28 4.191889 3.233078 25.662653 0.694764 0.608668 0.383180 0.000000 0.000000
  28 5.700229 2.196617 25.151223 0.747414 0.598011 -0.289405 0.000000 0.000000
PLAYER_Chrome1.bmp
  28 5.700229 2.196617 25.151223 0.747414 0.598011 -0.289405 0.000000 0.000000
  28 4.191889 3.233078 25.662653 0.694764 0.608668 0.383180 0.000000 0.000000
  28 4.375018 2.838449 25.909092 0.361687 0.884467 -0.294789 0.000000 0.000000
PLAYER_Chrome1.bmp
  28 4.191889 3.233078 25.662653 0.694764 0.608668 0.383180 0.000000 0.000000
  28 3.537133 3.738194 27.042454 0.864123 0.486413 0.129203 0.000000 0.000000
  28 4.375018 2.838449 25.909092 0.361687 0.884467 -0.294789 0.000000 0.000000
PLAYER_Chrome1.bmp
  28 4.375018 2.838449 25.909092 0.361687 0.884467 -0.294789 0.000000 0.000000
  28 3.537133 3.738194 27.042454 0.864123 0.486413 0.129203 0.000000 0.000000
  28 3.816721 3.248719 27.099421 0.185604 0.943619 -0.274105 0.000000 0.000000
PLAYER_Chrome1.bmp
  28 3.537133 3.738194 27.042454 0.864123 0.486413 0.129203 0.000000 0.000000
  28 3.553574 3.934322 28.538102 0.889696 0.454798 -0.040000 0.000000 0.000000
  28 3.816721 3.248719 27.099421 0.185604 0.943619 -0.274105 0.000000 0.000000
PLAYER_Chrome1.bmp
  28 3.816721 3.248719 27.099421 0.185604 0.943619 -0.274105 0.000000 0.000000
  28 3.553574 3.934322 28.538102 0.889696 0.454798 -0.040000 0.000000 0.000000
  28 3.822245 3.423678 28.545748 0.075004 0.994448 -0.073803 0.000000 0.000000
PLAYER_Chrome1.bmp
  28 3.553574 3.934322 28.538102 0.889696 0.454798 -0.040000 0.000000 0.000000
  28 3.408690 4.218344 35.726943 0.896860 0.437629 0.064204 0.000000 0.000000
  28 3.822245 3.423678 28.545748 0.075004 0.994448 -0.073803 0.000000 0.000000
PLAYER_Chrome1.bmp
  28 3.822245 3.423678 28.545748 0.075004 0.994448 -0.073803 0.000000 0.000000
  28 3.408690 4.218344 35.726943 0.896860 0.437629 0.064204 0.000000 0.000000
  28 3.657958 3.668734 35.775882 -0.302299 0.947599 0.103300 0.000000 0.000000
PLAYER_Chrome1.bmp
  28 3.408690 4.218344 35.726943 0.896860 0.437629 0.064204 0.000000 0.000000
  28 3.655490 3.499901 36.240199 0.010800 0.935789 0.352396 0.000000 0.000000
  28 3.657958 3.668734 35.775882 -0.302299 0.947599 0.103300 0.000000 0.000000
PLAYER_Chrome1.bmp
  33 -0.822982 -4.298095 0.065279 0.990194 -0.139699 0.000000 0.000000 0.000000
  33 -1.172983 2.661905 0.067683 0.993355 0.115095 0.000000 0.000000 0.000000
  33 -0.822981 -4.288537 1.345282 0.990194 -0.139699 0.000000 0.000000 0.000000
PLAYER_Chrome1.bmp
  33 -0.822981 -4.288537 1.345282 0.990194 -0.139699 0.000000 0.000000 0.000000
  33 -1.172983 2.661905 0.067683 0.993355 0.115095 0.000000 0.000000 0.000000
  33 -1.172981 2.671187 2.147686 0.983939 0.178507 0.000100 0.000000 0.000000
PLAYER_Chrome1.bmp
  33 -1.172983 2.661905 0.067683 0.993355 0.115095 0.000000 0.000000 0.000000
  33 -1.512983 4.031905 0.068157 0.932215 0.361906 0.000100 0.000000 0.000000
  33 -1.172981 2.671187 2.147686 0.983939 0.178507 0.000100 0.000000 0.000000
PLAYER_Chrome1.bmp
  33 -1.172981 2.671187 2.147686 0.983939 0.178507 0.000100 0.000000 0.000000
  33 -1.512983 4.031905 0.068157 0.932215 0.361906 0.000100 0.000000 0.000000
  33 -1.512980 4.031100 2.398156 0.866502 0.499001 0.013100 0.000000 0.000000
PLAYER_Chrome1.bmp
  33 -1.512983 4.031905 0.068157 0.932215 0.361906 0.000100 0.000000 0.000000
  33 -2.272983 5.081912 0.048520 0.574590 0.818185 0.020500 0.000000 0.000000
  33 -1.512980 4.031100 2.398156 0.866502 0.499001 0.013100 0.000000 0.000000
PLAYER_Chrome1.bmp
  33 -1.512980 4.031100 2.398156 0.866502 0.499001 0.013100 0.000000 0.000000
  33 -2.272983 5.081912 0.048520 0.574590 0.818185 0.020500 0.000000 0.000000
  33 -2.392979 5.020724 3.488499 0.269203 0.962710 0.026800 0.000000 0.000000
PLAYER_Chrome1.bmp
  33 -2.272983 5.081912 0.048520 0.574590 0.818185 0.020500 0.000000 0.000000
  33 -4.392983 5.051912 0.048512 -0.459100 0.888200 0.018100 0.000000 0.000000
  33 -2.392979 5.020724 3.488499 0.269203 0.962710 0.026800 0.000000 0.000000
PLAYER_Chrome1.bmp
  33 -2.392979 5.020724 3.488499 0.269203 0.962710 0.026800 0.000000 0.000000
  33 -4.392983 5.051912 0.048512 -0.459100 0.888200 0.018100 0.000000 0.000000
  33 -4.312979 4.990720 3.498491 -0.459100 0.888200 0.018100 0.000000 0.000000
PLAYER_Chrome1.bmp
  33 -4.392983 5.051912 0.048512 -0.459100 0.888200 0.018100 0.000000 0.000000
  33 -5.132980 3.981104 2.388143 -0.927674 0.373390 0.000100 0.000000 0.000000
  33 -4.312979 4.990720 3.498491 -0.459100 0.888200 0.018100 0.000000 0.000000
PLAYER_Chrome1.bmp
  1 4.639841 3.416719 43.757172 0.613481 0.739576 0.276891 0.000000 0.000000
  1 5.359845 2.076783 43.576710 0.901699 0.431799 0.022100 0.000000 0.000000
  1 4.829841 3.486788 43.557197 0.330209 0.710320 0.621617 0.000000 0.000000
PLAYER_Chrome1.bmp
  1 4.829841 3.486788 43.557197 0.330209 0.710320 0.621617 0.000000 0.000000
  1 5.359845 2.076783 43.576710 0.901699 0.431799 0.022100 0.000000 0.000000
  1 5.529845 2.156849 43.386737 0.646790 0.200697 0.735788 0.000000 0.000000
PLAYER_Chrome1.bmp
  1 5.359845 2.076783 43.576710 0.901699 0.431799 0.022100 0.000000 0.000000
  1 6.169850 -0.003139 43.355991 0.996200 0.043600 0.075400 0.000000 0.000000
  1 5.529845 2.156849 43.386737 0.646790 0.200697 0.735788 0.000000 0.000000
PLAYER_Chrome1.bmp
  1 5.529845 2.156849 43.386737 0.646790 0.200697 0.735788 0.000000 0.000000
  1 6.169850 -0.003139 43.355991 0.996200 0.043600 0.075400 0.000000 0.000000
  1 6.389850 0.016924 43.175998 0.645883 -0.132897 0.751780 0.000000 0.000000
PLAYER_Chrome1.bmp
  1 6.169850 -0.003139 43.355991 0.996200 0.043600 0.075400 0.000000 0.000000
  1 5.259858 -2.993020 43.004959 0.826890 -0.525294 -0.200798 0.000000 0.000000
  1 6.389850 0.016924 43.175998 0.645883 -0.132897 0.751780 0.000000 0.000000
PLAYER_Chrome1.bmp
  1 6.389850 0.016924 43.175998 0.645883 -0.132897 0.751780 0.000000 0.000000
  1 5.259858 -2.993020 43.004959 0.826890 -0.525294 -0.200798 0.000000 0.000000
  1 5.449858 -3.072951 42.804931 0.547423 -0.480120 0.685429 0.000000 0.000000
PLAYER_Chrome1.bmp
  1 5.259858 -2.993020 43.004959 0.826890 -0.525294 -0.200798 0.000000 0.000000
  1 2.479864 -5.612955 42.794054 0.431493 -0.895985 -0.104998 0.000000 0.000000
  1 5.449858 -3.072951 42.804931 0.547423 -0.480120 0.685429 0.000000 0.000000
PLAYER_Chrome1.bmp
  1 5.449858 -3.072951 42.804931 0.547423 -0.480120 0.685429 0.000000 0.000000
  1 2.479864 -5.612955 42.794054 0.431493 -0.895985 -0.104998 0.000000 0.000000
  1 2.669865 -5.722868 42.544016 -0.048501 -0.931806 0.359702 0.000000 0.000000
PLAYER_Chrome1.bmp
  1 2.479864 -5.612955 42.794054 0.431493 -0.895985 -0.104998 0.000000 0.000000
  1 2.669864 -5.612602 41.774054 -0.371209 -0.920723 -0.120303 0.000000 0.000000
  1 2.669865 -5.722868 42.544016 -0.048501 -0.931806 0.359702 0.000000 0.000000
PLAYER_Chrome1.bmp
  1 -0.000134 -6.222581 41.693844 0.000000 -0.626291 -0.779589 0.000000 0.000000
  1 -1.390135 -6.092584 41.693889 -0.099500 -0.618199 -0.779699 0.000000 0.000000
  1 -0.000135 -6.012522 41.523916 0.000000 -0.922154 -0.386823 0.000000 0.000000
PLAYER_Chrome1.bmp
  1 -0.000135 -6.012522 41.523916 0.000000 -0.922154 -0.386823 0.000000 0.000000
  1 -1.390135 -6.092584 41.693889 -0.099500 -0.618199 -0.779699 0.000000 0.000000
  1 -1.350135 -5.882522 41.513961 -0.205496 -0.968780 0.138697 0.000000 0.000000
PLAYER_Chrome1.bmp
  1 -1.390135 -6.092584 41.693889 -0.099500 -0.618199 -0.779699 0.000000 0.000000
  1 -2.310135 -5.822583 41.683982 -0.455301 -0.615101 -0.643701 0.000000 0.000000
  1 -1.350135 -5.882522 41.513961 -0.205496 -0.968780 0.138697 0.000000 0.000000
PLAYER_Chrome1.bmp
  1 -1.350135 -5.882522 41.513961 -0.205496 -0.968780 0.138697 0.000000 0.000000
  1 -2.310135 -5.822583 41.683982 -0.455301 -0.615101 -0.643701 0.000000 0.000000
  1 -2.490136 -5.512542 41.564089 -0.330694 -0.936282 -0.118398 0.000000 0.000000
PLAYER_Chrome1.bmp
  1 -2.310135 -5.822583 41.683982 -0.455301 -0.615101 -0.643701 0.000000 0.000000
  1 -2.310135 -5.912884 42.553951 -0.615621 -0.721424 0.317110 0.000000 0.000000
  1 -2.490136 -5.512542 41.564089 -0.330694 -0.936282 -0.118398 0.000000 0.000000
PLAYER_Chrome1.bmp
  1 -2.490136 -5.512542 41.564089 -0.330694 -0.936282 -0.118398 0.000000 0.000000
  1 -2.310135 -5.912884 42.553951 -0.615621 -0.721424 0.317110 0.000000 0.000000
  1 -2.510136 -5.612967 42.794054 -0.431604 -0.895908 -0.105201 0.000000 0.000000
PLAYER_Chrome1.bmp
  1 -2.310135 -5.912884 42.553951 -0.615621 -0.721424 0.317110 0.000000 0.000000
  1 -1.410135 -6.012961 42.783916 -0.210893 -0.976167 -0.051198 0.000000 0.000000
  1 -2.510136 -5.612967 42.794054 -0.431604 -0.895908 -0.105201 0.000000 0.000000
PLAYER_Chrome1.bmp
  1 -2.510136 -5.612967 42.794054 -0.431604 -0.895908 -0.105201 0.000000 0.000000
  1 -1.410135 -6.012961 42.783916 -0.210893 -0.976167 -0.051198 0.000000 0.000000
  1 -1.520134 -6.203041 43.013850 -0.235697 -0.752891 -0.614493 0.000000 0.000000
PLAYER_Chrome1.bmp
  1 -1.410135 -6.012961 42.783916 -0.210893 -0.976167 -0.051198 0.000000 0.000000
  1 -0.000134 -6.363033 43.003795 0.017100 -0.746013 -0.665712 0.000000 0.000000
  1 -1.520134 -6.203041 43.013850 -0.235697 -0.752891 -0.614493 0.000000 0.000000
PLAYER_Chrome1.bmp
  30 3.302578 -2.599460 4.035858 -0.022401 -0.379507 0.924918 0.000000 0.000000
  30 4.372577 -2.629226 3.365845 0.381188 -0.685979 0.619781 0.000000 0.000000
  30 4.702577 -2.339226 3.365945 0.467298 -0.338099 0.816897 0.000000 0.000000
PLAYER_Chrome1.bmp
  30 3.302578 -2.599460 4.035858 -0.022401 -0.379507 0.924918 0.000000 0.000000
  30 3.282578 -2.789360 3.745792 -0.017899 -0.856357 0.516074 0.000000 0.000000
  30 4.372577 -2.629226 3.365845 0.381188 -0.685979 0.619781 0.000000 0.000000
PLAYER_Chrome1.bmp
  30 3.302578 -2.599460 4.035858 -0.022401 -0.379507 0.924918 0.000000 0.000000
  30 2.342577 -2.629227 3.355849 -0.419001 -0.669002 0.613901 0.000000 0.000000
  30 3.282578 -2.789360 3.745792 -0.017899 -0.856357 0.516074 0.000000 0.000000
PLAYER_Chrome1.bmp
  30 3.302578 -2.599460 4.035858 -0.022401 -0.379507 0.924918 0.000000 0.000000
  30 2.052577 -2.339234 3.375950 -0.507306 -0.299603 0.808009 0.000000 0.000000
  30 2.342577 -2.629227 3.355849 -0.419001 -0.669002 0.613901 0.000000 0.000000
PLAYER_Chrome1.bmp
  30 3.302578 -2.599460 4.035858 -0.022401 -0.379507 0.924918 0.000000 0.000000
  30 2.282576 -2.079282 3.516039 -0.431910 0.040201 0.901020 0.000000 0.000000
  30 2.052577 -2.339234 3.375950 -0.507306 -0.299603 0.808009 0.000000 0.000000
PLAYER_Chrome1.bmp
  30 3.302578 -2.599460 4.035858 -0.022401 -0.379507 0.924918 0.000000 0.000000
  30 3.302578 -2.279443 3.985968 -0.019500 0.224495 0.974280 0.000000 0.000000
  30 2.282576 -2.079282 3.516039 -0.431910 0.040201 0.901020 0.000000 0.000000
PLAYER_Chrome1.bmp
  30 3.302578 -2.599460 4.035858 -0.022401 -0.379507 0.924918 0.000000 0.000000
  30 4.492576 -2.079278 3.516035 0.402922 0.032702 0.914650 0.000000 0.000000
  30 3.302578 -2.279443 3.985968 -0.019500 0.224495 0.974280 0.000000 0.000000
PLAYER_Chrome1.bmp
  30 3.302578 -2.599460 4.035858 -0.022401 -0.379507 0.924918 0.000000 0.000000
  30 4.702577 -2.339226 3.365945 0.467298 -0.338099 0.816897 0.000000 0.000000
  30 4.492576 -2.079278 3.516035 0.402922 0.032702 0.914650 0.000000 0.000000
PLAYER_Chrome1.bmp
  30 3.272579 -3.619294 3.555505 -0.022401 -0.379507 0.924918 0.000000 0.000000
  30 2.402578 -3.179171 3.195659 -0.365803 0.018600 0.930507 0.000000 0.000000
  30 2.202578 -3.439116 3.035570 -0.448101 -0.300400 0.842001 0.000000 0.000000
PLAYER_Chrome1.bmp
  30 3.272579 -3.619294 3.555505 -0.022401 -0.379507 0.924918 0.000000 0.000000
  30 3.282579 -3.309266 3.475613 -0.019500 0.224495 0.974280 0.000000 0.000000
  30 2.402578 -3.179171 3.195659 -0.365803 0.018600 0.930507 0.000000 0.000000
PLAYER_Chrome1.bmp
  30 3.272579 -3.619294 3.555505 -0.022401 -0.379507 0.924918 0.000000 0.000000
  30 4.272578 -3.179168 3.195655 0.348010 -0.022201 0.937228 0.000000 0.000000
  30 3.282579 -3.309266 3.475613 -0.019500 0.224495 0.974280 0.000000 0.000000
PLAYER_Chrome1.bmp
  30 3.272579 -3.619294 3.555505 -0.022401 -0.379507 0.924918 0.000000 0.000000
  30 4.432578 -3.439112 3.035565 0.446497 -0.315298 0.837394 0.000000 0.000000
  30 4.272578 -3.179168 3.195655 0.348010 -0.022201 0.937228 0.000000 0.000000
PLAYER_Chrome1.bmp
  30 3.272579 -3.619294 3.555505 -0.022401 -0.379507 0.924918 0.000000 0.000000
  30 4.162578 -3.729109 3.025466 0.322707 -0.654414 0.683815 0.000000 0.000000
  30 4.432578 -3.439112 3.035565 0.446497 -0.315298 0.837394 0.000000 0.000000
PLAYER_Chrome1.bmp
  30 3.272579 -3.619294 3.555505 -0.022401 -0.379507 0.924918 0.000000 0.000000
  30 3.262579 -3.819180 3.225436 -0.017899 -0.856357 0.516074 0.000000 0.000000
  30 4.162578 -3.729109 3.025466 0.322707 -0.654414 0.683815 0.000000 0.000000
PLAYER_Chrome1.bmp
  30 3.272579 -3.619294 3.555505 -0.022401 -0.379507 0.924918 0.000000 0.000000
  30 2.462579 -3.729112 3.025469 -0.341209 -0.650217 0.678818 0.000000 0.000000
  30 3.262579 -3.819180 3.225436 -0.017899 -0.856357 0.516074 0.000000 0.000000
PLAYER_Chrome1.bmp
  30 3.272579 -3.619294 3.555505 -0.022401 -0.379507 0.924918 0.000000 0.000000
  30 2.202578 -3.439116 3.035570 -0.448101 -0.300400 0.842001 0.000000 0.000000
  30 2.462579 -3.729112 3.025469 -0.341209 -0.650217 0.678818 0.000000 0.000000
PLAYER_Chrome1.bmp
  33 -3.282979 -3.619303 3.565516 0.013000 -0.373100 0.927700 0.000000 0.000000
  33 -2.202979 -3.439124 3.045577 0.449405 -0.301504 0.840910 0.000000 0.000000
  33 -2.412979 -3.179179 3.205667 0.366801 0.019100 0.930103 0.000000 0.000000
PLAYER_Chrome1.bmp
  33 -3.282979 -3.619303 3.565516 0.013000 -0.373100 0.927700 0.000000 0.000000
  33 -2.472979 -3.729120 3.035477 0.342502 -0.650804 0.677604 0.000000 0.000000
  33 -2.202979 -3.439124 3.045577 0.449405 -0.301504 0.840910 0.000000 0.000000
PLAYER_Chrome1.bmp
  33 -3.282979 -3.619303 3.565516 0.013000 -0.373100 0.927700 0.000000 0.000000
  33 -3.272979 -3.819190 3.235447 0.009700 -0.856525 0.516015 0.000000 0.000000
  33 -2.472979 -3.729120 3.035477 0.342502 -0.650804 0.677604 0.000000 0.000000
PLAYER_Chrome1.bmp
  33 -3.282979 -3.619303 3.565516 0.013000 -0.373100 0.927700 0.000000 0.000000
  33 -4.172980 -3.729120 3.035479 -0.320984 -0.654267 0.684766 0.000000 0.000000
  33 -3.272979 -3.819190 3.235447 0.009700 -0.856525 0.516015 0.000000 0.000000
PLAYER_Chrome1.bmp
  33 -3.282979 -3.619303 3.565516 0.013000 -0.373100 0.927700 0.000000 0.000000
  33 -4.452979 -3.439124 3.045579 -0.446694 -0.315296 0.837289 0.000000 0.000000
  33 -4.172980 -3.729120 3.035479 -0.320984 -0.654267 0.684766 0.000000 0.000000
PLAYER_Chrome1.bmp
  33 -3.282979 -3.619303 3.565516 0.013000 -0.373100 0.927700 0.000000 0.000000
  33 -4.282979 -3.179179 3.205669 -0.346402 -0.023000 0.937804 0.000000 0.000000
  33 -4.452979 -3.439124 3.045579 -0.446694 -0.315296 0.837289 0.000000 0.000000
PLAYER_Chrome1.bmp
  33 -3.282979 -3.619303 3.565516 0.013000 -0.373100 0.927700 0.000000 0.000000
  33 -3.282979 -3.309276 3.485623 0.012100 0.224405 0.974421 0.000000 0.000000
  33 -4.282979 -3.179179 3.205669 -0.346402 -0.023000 0.937804 0.000000 0.000000
PLAYER_Chrome1.bmp
  33 -3.282979 -3.619303 3.565516 0.013000 -0.373100 0.927700 0.000000 0.000000
  33 -2.412979 -3.179179 3.205667 0.366801 0.019100 0.930103 0.000000 0.000000
  33 -3.282979 -3.309276 3.485623 0.012100 0.224405 0.974421 0.000000 0.000000
PLAYER_Chrome1.bmp
  33 -3.302979 -2.599469 4.045868 0.013000 -0.373100 0.927700 0.000000 0.000000
  33 -2.342979 -2.629234 3.365857 0.418095 -0.669393 0.614093 0.000000 0.000000
  33 -2.062979 -2.339238 3.375957 0.506208 -0.300905 0.808214 0.000000 0.000000
PLAYER_Chrome1.bmp
  33 -3.302979 -2.599469 4.045868 0.013000 -0.373100 0.927700 0.000000 0.000000
  33 -3.302979 -2.789366 3.745803 0.009700 -0.856525 0.516015 0.000000 0.000000
  33 -2.342979 -2.629234 3.365857 0.418095 -0.669393 0.614093 0.000000 0.000000
PLAYER_Chrome1.bmp
  33 -3.302979 -2.599469 4.045868 0.013000 -0.373100 0.927700 0.000000 0.000000
  33 -4.392979 -2.629235 3.365859 -0.380403 -0.686304 0.619904 0.000000 0.000000
  33 -3.302979 -2.789366 3.745803 0.009700 -0.856525 0.516015 0.000000 0.000000
PLAYER_Chrome1.bmp
  33 -3.302979 -2.599469 4.045868 0.013000 -0.373100 0.927700 0.000000 0.000000
  33 -4.712979 -2.339238 3.375959 -0.466614 -0.338010 0.817325 0.000000 0.000000
  33 -4.392979 -2.629235 3.365859 -0.380403 -0.686304 0.619904 0.000000 0.000000
PLAYER_Chrome1.bmp
  33 -3.302979 -2.599469 4.045868 0.013000 -0.373100 0.927700 0.000000 0.000000
  33 -4.492979 -2.079290 3.526049 -0.402484 0.032099 0.914864 0.000000 0.000000
  33 -4.712979 -2.339238 3.375959 -0.466614 -0.338010 0.817325 0.000000 0.000000
PLAYER_Chrome1.bmp
  33 -3.302979 -2.599469 4.045868 0.013000 -0.373100 0.927700 0.000000 0.000000
  33 -3.312979 -2.279449 3.985979 0.012100 0.224405 0.974421 0.000000 0.000000
  33 -4.492979 -2.079290 3.526049 -0.402484 0.032099 0.914864 0.000000 0.000000
PLAYER_Chrome1.bmp
  33 -3.302979 -2.599469 4.045868 0.013000 -0.373100 0.927700 0.000000 0.000000
  33 -2.282979 -2.079290 3.526047 0.431910 0.040201 0.901020 0.000000 0.000000
  33 -3.312979 -2.279449 3.985979 0.012100 0.224405 0.974421 0.000000 0.000000
PLAYER_Chrome1.bmp
  33 -3.302979 -2.599469 4.045868 0.013000 -0.373100 0.927700 0.000000 0.000000
  33 -2.062979 -2.339238 3.375957 0.506208 -0.300905 0.808214 0.000000 0.000000
  33 -2.282979 -2.079290 3.526047 0.431910 0.040201 0.901020 0.000000 0.000000
PLAYER_Chrome1.bmp
  4 3.859872 4.439759 51.572849 0.502906 0.861709 -0.067401 0.000000 0.000000
  4 3.269872 5.099178 50.958303 0.298004 0.954112 -0.029400 0.000000 0.000000
  4 3.119872 5.363954 51.044868 0.768077 0.567583 -0.296491 0.000000 0.000000
PLAYER_Chrome1.bmp
  4 3.119872 5.363954 51.044868 0.768077 0.567583 -0.296491 0.000000 0.000000
  4 3.269872 5.099178 50.958303 0.298004 0.954112 -0.029400 0.000000 0.000000
  4 2.869871 5.146837 50.325035 0.525494 0.559794 -0.640693 0.000000 0.000000
PLAYER_Chrome1.bmp
  4 3.269872 5.099178 50.958303 0.298004 0.954112 -0.029400 0.000000 0.000000
  4 3.019870 4.892047 50.237959 -0.240211 0.875243 -0.419820 0.000000 0.000000
  4 2.869871 5.146837 50.325035 0.525494 0.559794 -0.640693 0.000000 0.000000
PLAYER_Chrome1.bmp
  4 2.869871 5.146837 50.325035 0.525494 0.559794 -0.640693 0.000000 0.000000
  4 3.019870 4.892047 50.237959 -0.240211 0.875243 -0.419820 0.000000 0.000000
  4 -2.900129 5.146845 50.325044 -0.400015 0.525019 -0.751228 0.000000 0.000000
PLAYER_Chrome1.bmp
  4 3.019870 4.892047 50.237959 -0.240211 0.875243 -0.419820 0.000000 0.000000
  4 -3.040130 4.902554 50.247443 0.233592 0.972267 -0.011500 0.000000 0.000000
  4 -2.900129 5.146845 50.325044 -0.400015 0.525019 -0.751228 0.000000 0.000000
PLAYER_Chrome1.bmp
  4 -2.900129 5.146845 50.325044 -0.400015 0.525019 -0.751228 0.000000 0.000000
  4 -3.040130 4.902554 50.247443 0.233592 0.972267 -0.011500 0.000000 0.000000
  4 -3.280128 5.109685 50.967788 -0.298004 0.954112 -0.029400 0.000000 0.000000
PLAYER_Chrome1.bmp
  4 -3.040130 4.902554 50.247443 0.233592 0.972267 -0.011500 0.000000 0.000000
  4 -3.430128 5.364987 51.064852 0.824101 0.464700 0.323900 0.000000 0.000000
  4 -3.280128 5.109685 50.967788 -0.298004 0.954112 -0.029400 0.000000 0.000000
PLAYER_Chrome1.bmp
  4 -3.280128 5.109685 50.967788 -0.298004 0.954112 -0.029400 0.000000 0.000000
  4 -3.430128 5.364987 51.064852 0.824101 0.464700 0.323900 0.000000 0.000000
  4 -3.890128 4.449756 51.572349 -0.502905 0.861710 -0.067401 0.000000 0.000000
PLAYER_Chrome1.bmp
  30 6.012571 -1.438557 1.436253 0.126104 -0.084303 0.988428 0.000000 0.000000
  30 5.912573 -2.708536 1.375815 0.142498 -0.031800 0.989284 0.000000 0.000000
  30 6.162573 -2.798526 1.345783 0.142498 -0.031800 0.989284 0.000000 0.000000
PLAYER_Chrome1.bmp
  30 6.162573 -2.798526 1.345783 0.142498 -0.031800 0.989284 0.000000 0.000000
  30 5.912573 -2.708536 1.375815 0.142498 -0.031800 0.989284 0.000000 0.000000
  30 6.022576 -4.368522 1.335241 0.163994 -0.000400 0.986461 0.000000 0.000000
PLAYER_Chrome1.bmp
  30 5.912573 -2.708536 1.375815 0.142498 -0.031800 0.989284 0.000000 0.000000
  30 5.782576 -4.188536 1.375304 0.163994 -0.000400 0.986461 0.000000 0.000000
  30 6.022576 -4.368522 1.335241 0.163994 -0.000400 0.986461 0.000000 0.000000
PLAYER_Chrome1.bmp
  30 6.022576 -4.368522 1.335241 0.163994 -0.000400 0.986461 0.000000 0.000000
  30 5.782576 -4.188536 1.375304 0.163994 -0.000400 0.986461 0.000000 0.000000
  30 5.352580 -6.038585 1.514666 0.163994 -0.000400 0.986461 0.000000 0.000000
PLAYER_Chrome1.bmp
  30 5.782576 -4.188536 1.375304 0.163994 -0.000400 0.986461 0.000000 0.000000
  30 5.172579 -5.758596 1.544763 0.205307 -0.018001 0.978532 0.000000 0.000000
  30 5.352580 -6.038585 1.514666 0.163994 -0.000400 0.986461 0.000000 0.000000
PLAYER_Chrome1.bmp
  30 5.352580 -6.038585 1.514666 0.163994 -0.000400 0.986461 0.000000 0.000000
  30 5.172579 -5.758596 1.544763 0.205307 -0.018001 0.978532 0.000000 0.000000
  30 4.372582 -6.788639 1.664409 0.205307 -0.018001 0.978532 0.000000 0.000000
PLAYER_Chrome1.bmp
  30 5.172579 -5.758596 1.544763 0.205307 -0.018001 0.978532 0.000000 0.000000
  30 4.282581 -6.318663 1.734571 0.252987 -0.075096 0.964551 0.000000 0.000000
  30 4.372582 -6.788639 1.664409 0.205307 -0.018001 0.978532 0.000000 0.000000
PLAYER_Chrome1.bmp
  31 -5.686724 -2.464913 25.143805 -0.552382 -0.747576 -0.368788 0.000000 0.000000
  31 -4.202133 -3.559115 25.656163 -0.743589 -0.567491 0.353595 0.000000 0.000000
  31 -4.377430 -3.163706 25.893697 -0.012101 -0.936030 -0.351711 0.000000 0.000000
PLAYER_Chrome1.bmp
  31 -4.377430 -3.163706 25.893697 -0.012101 -0.936030 -0.351711 0.000000 0.000000
  31 -4.202133 -3.559115 25.656163 -0.743589 -0.567491 0.353595 0.000000 0.000000
  31 -3.826910 -3.563467 27.093412 -0.083598 -0.993673 -0.074998 0.000000 0.000000
PLAYER_Chrome1.bmp
  31 -4.202133 -3.559115 25.656163 -0.743589 -0.567491 0.353595 0.000000 0.000000
  31 -3.534452 -4.074150 27.040771 -0.884010 -0.466405 0.031500 0.000000 0.000000
  31 -3.826910 -3.563467 27.093412 -0.083598 -0.993673 -0.074998 0.000000 0.000000
PLAYER_Chrome1.bmp
  31 -3.826910 -3.563467 27.093412 -0.083598 -0.993673 -0.074998 0.000000 0.000000
  31 -3.534452 -4.074150 27.040771 -0.884010 -0.466405 0.031500 0.000000 0.000000
  31 -3.829701 -3.796788 29.029841 -0.048000 -0.996285 -0.071499 0.000000 0.000000
PLAYER_Chrome1.bmp
  31 -3.534452 -4.074150 27.040771 -0.884010 -0.466405 0.031500 0.000000 0.000000
  31 -3.568352 -4.345861 29.047615 -0.909783 -0.414992 -0.008700 0.000000 0.000000
  31 -3.829701 -3.796788 29.029841 -0.048000 -0.996285 -0.071499 0.000000 0.000000
PLAYER_Chrome1.bmp
  31 -3.829701 -3.796788 29.029841 -0.048000 -0.996285 -0.071499 0.000000 0.000000
  31 -3.568352 -4.345861 29.047615 -0.909783 -0.414992 -0.008700 0.000000 0.000000
  31 -3.656376 -3.779466 36.355662 -0.401694 -0.902286 0.156597 0.000000 0.000000
PLAYER_Chrome1.bmp
  31 -3.568352 -4.345861 29.047615 -0.909783 -0.414992 -0.008700 0.000000 0.000000
  31 -3.414477 -4.339318 36.343345 -0.904886 -0.411593 0.108498 0.000000 0.000000
  31 -3.656376 -3.779466 36.355662 -0.401694 -0.902286 0.156597 0.000000 0.000000
PLAYER_Chrome1.bmp
  28 3.414175 -4.339310 36.343337 0.907510 -0.405505 0.109501 0.000000 0.000000
  28 3.558178 -4.355579 29.058016 0.914792 -0.403797 -0.010200 0.000000 0.000000
  28 3.646272 -3.769190 36.365580 0.409412 -0.898227 0.159905 0.000000 0.000000
PLAYER_Chrome1.bmp
  28 3.646272 -3.769190 36.365580 0.409412 -0.898227 0.159905 0.000000 0.000000
  28 3.558178 -4.355579 29.058016 0.914792 -0.403797 -0.010200 0.000000 0.000000
  28 3.809553 -3.796480 29.040172 0.052598 -0.995966 -0.072698 0.000000 0.000000
PLAYER_Chrome1.bmp
  28 3.558178 -4.355579 29.058016 0.914792 -0.403797 -0.010200 0.000000 0.000000
  28 3.514298 -4.073842 27.051103 0.886362 -0.461981 0.030599 0.000000 0.000000
  28 3.809553 -3.796480 29.040172 0.052598 -0.995966 -0.072698 0.000000 0.000000
PLAYER_Chrome1.bmp
  28 3.809553 -3.796480 29.040172 0.052598 -0.995966 -0.072698 0.000000 0.000000
  28 3.514298 -4.073842 27.051103 0.886362 -0.461981 0.030599 0.000000 0.000000
  28 3.806756 -3.563159 27.103744 0.052598 -0.995966 -0.072698 0.000000 0.000000
PLAYER_Chrome1.bmp
  28 3.514298 -4.073842 27.051103 0.886362 -0.461981 0.030599 0.000000 0.000000
  28 4.201971 -3.558865 25.666147 0.740122 -0.575117 0.348510 0.000000 0.000000
  28 3.806756 -3.563159 27.103744 0.052598 -0.995966 -0.072698 0.000000 0.000000
PLAYER_Chrome1.bmp
  28 3.806756 -3.563159 27.103744 0.052598 -0.995966 -0.072698 0.000000 0.000000
  28 4.201971 -3.558865 25.666147 0.740122 -0.575117 0.348510 0.000000 0.000000
  28 4.357221 -3.183391 25.904510 0.010699 -0.934962 -0.354586 0.000000 0.000000
PLAYER_Chrome1.bmp
  28 4.201971 -3.558865 25.666147 0.740122 -0.575117 0.348510 0.000000 0.000000
  28 5.666512 -2.484595 25.154614 0.549906 -0.747209 -0.373205 0.000000 0.000000
  28 4.357221 -3.183391 25.904510 0.010699 -0.934962 -0.354586 0.000000 0.000000
PLAYER_Chrome1.bmp
  33 -4.302981 -6.318674 1.744584 -0.255712 -0.079904 0.963445 0.000000 0.000000
  33 -5.192981 -5.748606 1.544782 -0.209493 -0.021799 0.977567 0.000000 0.000000
  33 -4.382981 -6.788650 1.674422 -0.209493 -0.021799 0.977567 0.000000 0.000000
PLAYER_Chrome1.bmp
  33 -4.382981 -6.788650 1.674422 -0.209493 -0.021799 0.977567 0.000000 0.000000
  33 -5.192981 -5.748606 1.544782 -0.209493 -0.021799 0.977567 0.000000 0.000000
  33 -5.362981 -6.038599 1.524682 -0.187593 0.012999 0.982161 0.000000 0.000000
PLAYER_Chrome1.bmp
  33 -5.192981 -5.748606 1.544782 -0.209493 -0.021799 0.977567 0.000000 0.000000
  33 -5.792981 -4.188551 1.385322 -0.187593 0.012999 0.982161 0.000000 0.000000
  33 -5.362981 -6.038599 1.524682 -0.187593 0.012999 0.982161 0.000000 0.000000
PLAYER_Chrome1.bmp
  33 -5.362981 -6.038599 1.524682 -0.187593 0.012999 0.982161 0.000000 0.000000
  33 -5.792981 -4.188551 1.385322 -0.187593 0.012999 0.982161 0.000000 0.000000
  33 -6.022981 -4.378540 1.355256 -0.187593 0.012999 0.982161 0.000000 0.000000
PLAYER_Chrome1.bmp
  33 -5.792981 -4.188551 1.385322 -0.187593 0.012999 0.982161 0.000000 0.000000
  33 -5.912981 -2.708551 1.385833 -0.142706 -0.032101 0.989244 0.000000 0.000000
  33 -6.022981 -4.378540 1.355256 -0.187593 0.012999 0.982161 0.000000 0.000000
PLAYER_Chrome1.bmp
  33 -6.022981 -4.378540 1.355256 -0.187593 0.012999 0.982161 0.000000 0.000000
  33 -5.912981 -2.708551 1.385833 -0.142706 -0.032101 0.989244 0.000000 0.000000
  33 -6.162981 -2.808540 1.355798 -0.142706 -0.032101 0.989244 0.000000 0.000000
PLAYER_Chrome1.bmp
  33 -5.912981 -2.708551 1.385833 -0.142706 -0.032101 0.989244 0.000000 0.000000
  33 -6.022981 -1.438572 1.446272 -0.122600 -0.085100 0.988801 0.000000 0.000000
  33 -6.162981 -2.808540 1.355798 -0.142706 -0.032101 0.989244 0.000000 0.000000
PLAYER_Chrome1.bmp
  1 -2.450161 4.476635 43.947538 -0.319100 0.844301 0.430501 0.000000 0.000000
  1 -0.000163 5.096679 43.837752 0.000000 0.534790 0.844985 0.000000 0.000000
  1 -2.530162 4.696687 43.797614 -0.205701 0.496003 0.843604 0.000000 0.000000
PLAYER_Chrome1.bmp
  1 -2.450161 4.476635 43.947538 -0.319100 0.844301 0.430501 0.000000 0.000000
  1 -0.000162 4.856627 43.987669 0.000000 0.994609 0.103701 0.000000 0.000000
  1 -0.000163 5.096679 43.837752 0.000000 0.534790 0.844985 0.000000 0.000000
PLAYER_Chrome1.bmp
  1 -2.450161 4.476635 43.947538 -0.319100 0.844301 0.430501 0.000000 0.000000
  1 -2.530162 4.536552 44.187559 -0.232208 0.919934 -0.315912 0.000000 0.000000
  1 -0.000162 4.856627 43.987669 0.000000 0.994609 0.103701 0.000000 0.000000
PLAYER_Chrome1.bmp
  1 -2.450161 4.476635 43.947538 -0.319100 0.844301 0.430501 0.000000 0.000000
  1 -4.710159 3.416612 43.997172 -0.603928 0.719833 -0.342216 0.000000 0.000000
  1 -2.530162 4.536552 44.187559 -0.232208 0.919934 -0.315912 0.000000 0.000000
PLAYER_Chrome1.bmp
  1 -2.450161 4.476635 43.947538 -0.319100 0.844301 0.430501 0.000000 0.000000
  1 -4.650159 3.426692 43.767175 -0.613684 0.739481 0.276693 0.000000 0.000000
  1 -4.710159 3.416612 43.997172 -0.603928 0.719833 -0.342216 0.000000 0.000000
PLAYER_Chrome1.bmp
  1 -2.450161 4.476635 43.947538 -0.319100 0.844301 0.430501 0.000000 0.000000
  1 -4.480159 3.706748 43.607272 -0.667600 0.595100 0.447400 0.000000 0.000000
  1 -4.650159 3.426692 43.767175 -0.613684 0.739481 0.276693 0.000000 0.000000
PLAYER_Chrome1.bmp
  1 -2.450161 4.476635 43.947538 -0.319100 0.844301 0.430501 0.000000 0.000000
  1 -2.530162 4.696687 43.797614 -0.205701 0.496003 0.843604 0.000000 0.000000
  1 -4.480159 3.706748 43.607272 -0.667600 0.595100 0.447400 0.000000 0.000000
PLAYER_Chrome1.bmp
  1 -0.780164 5.348335 39.037839 0.018300 0.874167 -0.485281 0.000000 0.000000
  1 0.789836 5.348339 39.037839 0.000000 0.954879 -0.296994 0.000000 0.000000
  1 -0.580164 5.478405 38.837884 -0.422507 0.892816 0.156103 0.000000 0.000000
PLAYER_Chrome1.bmp
  1 -0.580164 5.478405 38.837884 -0.422507 0.892816 0.156103 0.000000 0.000000
  1 0.789836 5.348339 39.037839 0.000000 0.954879 -0.296994 0.000000 0.000000
  1 0.589836 5.478408 38.837884 0.550697 0.834695 -0.004000 0.000000 0.000000
PLAYER_Chrome1.bmp
  1 0.789836 5.348339 39.037839 0.000000 0.954879 -0.296994 0.000000 0.000000
  1 0.749838 4.748853 37.547632 0.018300 0.874167 -0.485281 0.000000 0.000000
  1 0.589836 5.478408 38.837884 0.550697 0.834695 -0.004000 0.000000 0.000000
PLAYER_Chrome1.bmp
  1 0.589836 5.478408 38.837884 0.550697 0.834695 -0.004000 0.000000 0.000000
  1 0.749838 4.748853 37.547632 0.018300 0.874167 -0.485281 0.000000 0.000000
  1 0.579837 4.918888 37.447691 0.742717 0.564912 -0.359508 0.000000 0.000000
PLAYER_Chrome1.bmp
  1 0.749838 4.748853 37.547632 0.018300 0.874167 -0.485281 0.000000 0.000000
  1 0.719840 3.999209 36.517373 0.123693 0.487972 -0.864051 0.000000 0.000000
  1 0.579837 4.918888 37.447691 0.742717 0.564912 -0.359508 0.000000 0.000000
PLAYER_Chrome1.bmp
  1 0.579837 4.918888 37.447691 0.742717 0.564912 -0.359508 0.000000 0.000000
  1 0.719840 3.999209 36.517373 0.123693 0.487972 -0.864051 0.000000 0.000000
  1 0.559839 4.129260 36.367418 0.733596 0.329798 -0.594197 0.000000 0.000000
PLAYER_Chrome1.bmp
  1 0.719840 3.999209 36.517373 0.123693 0.487972 -0.864051 0.000000 0.000000
  1 0.449850 -0.140539 35.785943 -0.814474 0.185394 -0.549783 0.000000 0.000000
  1 0.559839 4.129260 36.367418 0.733596 0.329798 -0.594197 0.000000 0.000000
PLAYER_Chrome1.bmp
  1 -1.390134 -6.182885 42.563857 -0.132105 -0.812132 0.568322 0.000000 0.000000
  1 -0.000134 -6.162961 42.793864 0.000000 -0.981180 0.193096 0.000000 0.000000
  1 -1.410135 -6.012961 42.783916 -0.210893 -0.976167 -0.051198 0.000000 0.000000
PLAYER_Chrome1.bmp
  1 -1.410135 -6.012961 42.783916 -0.210893 -0.976167 -0.051198 0.000000 0.000000
  1 -0.000134 -6.162961 42.793864 0.000000 -0.981180 0.193096 0.000000 0.000000
  1 -0.000134 -6.363033 43.003795 0.017100 -0.746013 -0.665712 0.000000 0.000000
PLAYER_Chrome1.bmp
  1 -0.000134 -6.162961 42.793864 0.000000 -0.981180 0.193096 0.000000 0.000000
  1 1.379865 -6.012954 42.783916 0.210894 -0.976172 -0.051099 0.000000 0.000000
  1 -0.000134 -6.363033 43.003795 0.017100 -0.746013 -0.665712 0.000000 0.000000
PLAYER_Chrome1.bmp
  1 -0.000134 -6.363033 43.003795 0.017100 -0.746013 -0.665712 0.000000 0.000000
  1 1.379865 -6.012954 42.783916 0.210894 -0.976172 -0.051099 0.000000 0.000000
  1 1.489866 -6.203033 43.013850 0.235803 -0.753009 -0.614308 0.000000 0.000000
PLAYER_Chrome1.bmp
  1 1.379865 -6.012954 42.783916 0.210894 -0.976172 -0.051099 0.000000 0.000000
  1 2.479864 -5.612955 42.794054 0.431493 -0.895985 -0.104998 0.000000 0.000000
  1 1.489866 -6.203033 43.013850 0.235803 -0.753009 -0.614308 0.000000 0.000000
PLAYER_Chrome1.bmp
  1 1.489866 -6.203033 43.013850 0.235803 -0.753009 -0.614308 0.000000 0.000000
  1 2.479864 -5.612955 42.794054 0.431493 -0.895985 -0.104998 0.000000 0.000000
  1 2.529864 -5.723027 43.004016 0.500502 -0.744103 -0.442502 0.000000 0.000000
PLAYER_Chrome1.bmp
  1 2.479864 -5.612955 42.794054 0.431493 -0.895985 -0.104998 0.000000 0.000000
  1 3.259863 -5.073042 43.054241 0.611628 -0.647130 -0.455121 0.000000 0.000000
  1 2.529864 -5.723027 43.004016 0.500502 -0.744103 -0.442502 0.000000 0.000000
PLAYER_Chrome1.bmp
  1 -4.710159 3.416612 43.997172 -0.603928 0.719833 -0.342216 0.000000 0.000000
  1 -5.380155 2.086756 43.576713 -0.902897 0.429299 0.021900 0.000000 0.000000
  1 -5.530156 2.146679 43.796734 -0.670581 0.412189 -0.616783 0.000000 0.000000
PLAYER_Chrome1.bmp
  1 -5.530156 2.146679 43.796734 -0.670581 0.412189 -0.616783 0.000000 0.000000
  1 -5.380155 2.086756 43.576713 -0.902897 0.429299 0.021900 0.000000 0.000000
  1 -6.330150 0.006753 43.575995 -0.774727 0.183706 -0.605021 0.000000 0.000000
PLAYER_Chrome1.bmp
  1 -5.380155 2.086756 43.576713 -0.902897 0.429299 0.021900 0.000000 0.000000
  1 -6.170150 0.006830 43.355995 -0.996234 0.043502 0.075003 0.000000 0.000000
  1 -6.330150 0.006753 43.575995 -0.774727 0.183706 -0.605021 0.000000 0.000000
PLAYER_Chrome1.bmp
  1 -6.330150 0.006753 43.575995 -0.774727 0.183706 -0.605021 0.000000 0.000000
  1 -6.170150 0.006830 43.355995 -0.996234 0.043502 0.075003 0.000000 0.000000
  1 -5.760145 -2.163148 43.295245 -0.736000 -0.149800 -0.660200 0.000000 0.000000
PLAYER_Chrome1.bmp
  1 -6.170150 0.006830 43.355995 -0.996234 0.043502 0.075003 0.000000 0.000000
  1 -5.290142 -2.983047 43.004962 -0.827988 -0.523292 -0.201497 0.000000 0.000000
  1 -5.760145 -2.163148 43.295245 -0.736000 -0.149800 -0.660200 0.000000 0.000000
PLAYER_Chrome1.bmp
  1 -5.760145 -2.163148 43.295245 -0.736000 -0.149800 -0.660200 0.000000 0.000000
  1 -5.290142 -2.983047 43.004962 -0.827988 -0.523292 -0.201497 0.000000 0.000000
  1 -5.430142 -3.073116 43.204931 -0.668403 -0.380002 -0.639403 0.000000 0.000000
PLAYER_Chrome1.bmp
  1 -5.290142 -2.983047 43.004962 -0.827988 -0.523292 -0.201497 0.000000 0.000000
  1 -4.730141 -3.743097 43.154700 -0.539198 -0.526897 -0.656997 0.000000 0.000000
  1 -5.430142 -3.073116 43.204931 -0.668403 -0.380002 -0.639403 0.000000 0.000000
PLAYER_Chrome1.bmp
  1 4.699859 -3.753073 43.154696 0.539587 -0.527387 -0.656284 0.000000 0.000000
  1 5.259858 -2.993020 43.004959 0.826890 -0.525294 -0.200798 0.000000 0.000000
  1 5.409858 -3.083089 43.204928 0.667980 -0.381788 -0.638781 0.000000 0.000000
PLAYER_Chrome1.bmp
  1 5.409858 -3.083089 43.204928 0.667980 -0.381788 -0.638781 0.000000 0.000000
  1 5.259858 -2.993020 43.004959 0.826890 -0.525294 -0.200798 0.000000 0.000000
  1 5.749855 -2.173119 43.295242 0.735613 -0.153803 -0.659711 0.000000 0.000000
PLAYER_Chrome1.bmp
  1 5.259858 -2.993020 43.004959 0.826890 -0.525294 -0.200798 0.000000 0.000000
  1 6.169850 -0.003139 43.355991 0.996200 0.043600 0.075400 0.000000 0.000000
  1 5.749855 -2.173119 43.295242 0.735613 -0.153803 -0.659711 0.000000 0.000000
PLAYER_Chrome1.bmp
  1 5.749855 -2.173119 43.295242 0.735613 -0.153803 -0.659711 0.000000 0.000000
  1 6.169850 -0.003139 43.355991 0.996200 0.043600 0.075400 0.000000 0.000000
  1 6.329850 -0.003214 43.575991 0.774085 0.185196 -0.605388 0.000000 0.000000
PLAYER_Chrome1.bmp
  1 6.169850 -0.003139 43.355991 0.996200 0.043600 0.075400 0.000000 0.000000
  1 5.359845 2.076783 43.576710 0.901699 0.431799 0.022100 0.000000 0.000000
  1 6.329850 -0.003214 43.575991 0.774085 0.185196 -0.605388 0.000000 0.000000
PLAYER_Chrome1.bmp
  1 6.329850 -0.003214 43.575991 0.774085 0.185196 -0.605388 0.000000 0.000000
  1 5.359845 2.076783 43.576710 0.901699 0.431799 0.022100 0.000000 0.000000
  1 5.529845 2.136707 43.796730 0.669587 0.414391 -0.616387 0.000000 0.000000
PLAYER_Chrome1.bmp
  1 5.359845 2.076783 43.576710 0.901699 0.431799 0.022100 0.000000 0.000000
  1 4.709841 3.406636 43.997168 0.603775 0.720070 -0.341986 0.000000 0.000000
  1 5.529845 2.136707 43.796730 0.669587 0.414391 -0.616387 0.000000 0.000000
PLAYER_Chrome1.bmp
  30 1.322579 -5.778593 1.514764 -0.199095 0.042099 0.979076 0.000000 0.000000
  30 1.062576 -4.108542 1.365341 -0.138707 -0.031002 0.989848 0.000000 0.000000
  30 0.812576 -4.288532 1.335279 -0.138707 -0.031002 0.989848 0.000000 0.000000
PLAYER_Chrome1.bmp
  30 0.812576 -4.288532 1.335279 -0.138707 -0.031002 0.989848 0.000000 0.000000
  30 1.062576 -4.108542 1.365341 -0.138707 -0.031002 0.989848 0.000000 0.000000
  30 1.182565 2.671189 2.147682 -0.082497 -0.124695 0.988760 0.000000 0.000000
PLAYER_Chrome1.bmp
  30 1.062576 -4.108542 1.365341 -0.138707 -0.031002 0.989848 0.000000 0.000000
  30 1.392565 2.461196 2.127609 -0.082497 -0.124695 0.988760 0.000000 0.000000
  30 1.182565 2.671189 2.147682 -0.082497 -0.124695 0.988760 0.000000 0.000000
PLAYER_Chrome1.bmp
  30 1.182565 2.671189 2.147682 -0.082497 -0.124695 0.988760 0.000000 0.000000
  30 1.392565 2.461196 2.127609 -0.082497 -0.124695 0.988760 0.000000 0.000000
  30 1.512563 4.031103 2.398151 -0.475093 -0.182097 0.860887 0.000000 0.000000
PLAYER_Chrome1.bmp
  30 1.392565 2.461196 2.127609 -0.082497 -0.124695 0.988760 0.000000 0.000000
  30 1.702563 3.751110 2.378054 -0.414390 -0.341792 0.843480 0.000000 0.000000
  30 1.512563 4.031103 2.398151 -0.475093 -0.182097 0.860887 0.000000 0.000000
PLAYER_Chrome1.bmp
  30 1.512563 4.031103 2.398151 -0.475093 -0.182097 0.860887 0.000000 0.000000
  30 1.702563 3.751110 2.378054 -0.414390 -0.341792 0.843480 0.000000 0.000000
  30 2.392565 4.390669 3.658273 -0.431910 0.040201 0.901020 0.000000 0.000000
PLAYER_Chrome1.bmp
  32 -1.743706 3.509015 17.624382 0.688311 0.716811 0.111402 0.000000 0.000000
  32 -3.418081 4.987996 12.983350 0.000800 0.993013 0.118002 0.000000 0.000000
  32 -3.410257 4.537151 17.813440 0.000800 0.993013 0.118002 0.000000 0.000000
PLAYER_Chrome1.bmp
  32 -3.410257 4.537151 17.813440 0.000800 0.993013 0.118002 0.000000 0.000000
  32 -3.418081 4.987996 12.983350 0.000800 0.993013 0.118002 0.000000 0.000000
  32 -5.104297 3.512821 17.628028 -0.687406 0.717507 0.112501 0.000000 0.000000
PLAYER_Chrome1.bmp
  32 -3.418081 4.987996 12.983350 0.000800 0.993013 0.118002 0.000000 0.000000
  32 -5.442443 3.950497 13.394271 -0.821556 0.547771 0.158092 0.000000 0.000000
  32 -5.104297 3.512821 17.628028 -0.687406 0.717507 0.112501 0.000000 0.000000
PLAYER_Chrome1.bmp
  32 -5.104297 3.512821 17.628028 -0.687406 0.717507 0.112501 0.000000 0.000000
  32 -5.442443 3.950497 13.394271 -0.821556 0.547771 0.158092 0.000000 0.000000
  32 -5.808857 1.045764 17.148731 -0.973190 0.167898 0.157198 0.000000 0.000000
PLAYER_Chrome1.bmp
  32 -5.442443 3.950497 13.394271 -0.821556 0.547771 0.158092 0.000000 0.000000
  32 -6.290354 1.463035 14.267873 -0.975371 0.122397 0.183495 0.000000 0.000000
  32 -5.808857 1.045764 17.148731 -0.973190 0.167898 0.157198 0.000000 0.000000
PLAYER_Chrome1.bmp
  32 -5.808857 1.045764 17.148731 -0.973190 0.167898 0.157198 0.000000 0.000000
  32 -6.290354 1.463035 14.267873 -0.975371 0.122397 0.183495 0.000000 0.000000
  32 -5.543043 -1.271958 16.631036 -0.978779 -0.144397 0.145397 0.000000 0.000000
PLAYER_Chrome1.bmp
  29 1.321928 -1.261218 16.623395 -0.978432 -0.151705 0.140205 0.000000 0.000000
  29 1.037945 1.047144 17.159512 -0.974214 0.164803 0.154102 0.000000 0.000000
  29 0.559243 1.469304 14.275362 -0.976754 0.117495 0.179292 0.000000 0.000000
PLAYER_Chrome1.bmp
  29 0.559243 1.469304 14.275362 -0.976754 0.117495 0.179292 0.000000 0.000000
  29 1.037945 1.047144 17.159512 -0.974214 0.164803 0.154102 0.000000 0.000000
  29 1.401449 3.959674 13.393463 -0.822279 0.547086 0.156696 0.000000 0.000000
PLAYER_Chrome1.bmp
  29 1.037945 1.047144 17.159512 -0.974214 0.164803 0.154102 0.000000 0.000000
  29 1.733551 3.517962 17.635526 -0.688310 0.716811 0.111402 0.000000 0.000000
  29 1.401449 3.959674 13.393463 -0.822279 0.547086 0.156696 0.000000 0.000000
PLAYER_Chrome1.bmp
  29 1.401449 3.959674 13.393463 -0.822279 0.547086 0.156696 0.000000 0.000000
  29 1.733551 3.517962 17.635526 -0.688310 0.716811 0.111402 0.000000 0.000000
  29 3.417740 4.997949 12.984371 -0.001900 0.993023 0.117903 0.000000 0.000000
PLAYER_Chrome1.bmp
  29 1.733551 3.517962 17.635526 -0.688310 0.716811 0.111402 0.000000 0.000000
  29 3.400270 4.545069 17.834524 -0.001900 0.993023 0.117903 0.000000 0.000000
  29 3.417740 4.997949 12.984371 -0.001900 0.993023 0.117903 0.000000 0.000000
PLAYER_Chrome1.bmp
  29 3.417740 4.997949 12.984371 -0.001900 0.993023 0.117903 0.000000 0.000000
  29 3.400270 4.545069 17.834524 -0.001900 0.993023 0.117903 0.000000 0.000000
  29 5.104141 3.521745 17.638989 0.686275 0.718574 0.112596 0.000000 0.000000
PLAYER_Chrome1.bmp
  30 1.512563 4.031103 2.398151 -0.475093 -0.182097 0.860887 0.000000 0.000000
  30 2.392565 4.390669 3.658273 -0.431910 0.040201 0.901020 0.000000 0.000000
  30 2.392563 5.020725 3.498491 -0.468197 0.214099 0.857294 0.000000 0.000000
PLAYER_Chrome1.bmp
  30 2.392563 5.020725 3.498491 -0.468197 0.214099 0.857294 0.000000 0.000000
  30 2.392565 4.390669 3.658273 -0.431910 0.040201 0.901020 0.000000 0.000000
  30 4.312563 4.990728 3.498477 0.320299 0.229499 0.919097 0.000000 0.000000
PLAYER_Chrome1.bmp
  30 2.392565 4.390669 3.658273 -0.431910 0.040201 0.901020 0.000000 0.000000
  30 4.312565 4.360673 3.658259 0.598798 -0.025400 0.800497 0.000000 0.000000
  30 4.312563 4.990728 3.498477 0.320299 0.229499 0.919097 0.000000 0.000000
PLAYER_Chrome1.bmp
  30 4.312563 4.990728 3.498477 0.320299 0.229499 0.919097 0.000000 0.000000
  30 4.312565 4.360673 3.658259 0.598798 -0.025400 0.800497 0.000000 0.000000
  30 5.132563 3.981117 2.378126 0.499102 -0.170001 0.849704 0.000000 0.000000
PLAYER_Chrome1.bmp
  30 4.312565 4.360673 3.658259 0.598798 -0.025400 0.800497 0.000000 0.000000
  30 4.972563 3.701120 2.368030 0.446497 -0.315298 0.837394 0.000000 0.000000
  30 5.132563 3.981117 2.378126 0.499102 -0.170001 0.849704 0.000000 0.000000
PLAYER_Chrome1.bmp
  30 5.132563 3.981117 2.378126 0.499102 -0.170001 0.849704 0.000000 0.000000
  30 4.972563 3.701120 2.368030 0.446497 -0.315298 0.837394 0.000000 0.000000
  30 5.782571 -1.418571 1.476260 0.126104 -0.084303 0.988428 0.000000 0.000000
PLAYER_Chrome1.bmp
  4 3.859872 4.439759 51.572849 0.502906 0.861709 -0.067401 0.000000 0.000000
  4 3.419872 5.354479 51.055366 -0.824101 0.464701 0.323900 0.000000 0.000000
  4 3.269872 5.099178 50.958303 0.298004 0.954112 -0.029400 0.000000 0.000000
PLAYER_Chrome1.bmp
  4 3.269872 5.099178 50.958303 0.298004 0.954112 -0.029400 0.000000 0.000000
  4 3.419872 5.354479 51.055366 -0.824101 0.464701 0.323900 0.000000 0.000000
  4 3.019870 4.892047 50.237959 -0.240211 0.875243 -0.419820 0.000000 0.000000
PLAYER_Chrome1.bmp
  4 3.419872 5.354479 51.055366 -0.824101 0.464701 0.323900 0.000000 0.000000
  4 3.169870 5.042115 50.040020 -0.272299 0.864297 0.422899 0.000000 0.000000
  4 3.019870 4.892047 50.237959 -0.240211 0.875243 -0.419820 0.000000 0.000000
PLAYER_Chrome1.bmp
  4 3.019870 4.892047 50.237959 -0.240211 0.875243 -0.419820 0.000000 0.000000
  4 3.169870 5.042115 50.040020 -0.272299 0.864297 0.422899 0.000000 0.000000
  4 -3.040130 4.902554 50.247443 0.233592 0.972267 -0.011500 0.000000 0.000000
PLAYER_Chrome1.bmp
  4 3.169870 5.042115 50.040020 -0.272299 0.864297 0.422899 0.000000 0.000000
  4 -3.190130 5.051599 50.029531 0.415202 0.854004 0.313502 0.000000 0.000000
  4 -3.040130 4.902554 50.247443 0.233592 0.972267 -0.011500 0.000000 0.000000
PLAYER_Chrome1.bmp
  4 -3.040130 4.902554 50.247443 0.233592 0.972267 -0.011500 0.000000 0.000000
  4 -3.190130 5.051599 50.029531 0.415202 0.854004 0.313502 0.000000 0.000000
  4 -3.430128 5.364987 51.064852 0.824101 0.464700 0.323900 0.000000 0.000000
PLAYER_Chrome1.bmp
  1 -2.450137 -5.151796 39.404213 -0.514097 -0.814195 -0.269798 0.000000 0.000000
  1 -2.310135 -5.762487 41.404002 -0.593815 -0.708618 0.381110 0.000000 0.000000
  1 -2.490136 -5.512542 41.564089 -0.330694 -0.936282 -0.118398 0.000000 0.000000
PLAYER_Chrome1.bmp
  1 -2.450137 -5.151796 39.404213 -0.514097 -0.814195 -0.269798 0.000000 0.000000
  1 -2.270136 -5.411793 39.394123 -0.786411 -0.551507 -0.278204 0.000000 0.000000
  1 -2.310135 -5.762487 41.404002 -0.593815 -0.708618 0.381110 0.000000 0.000000
PLAYER_Chrome1.bmp
  1 -2.450137 -5.151796 39.404213 -0.514097 -0.814195 -0.269798 0.000000 0.000000
  1 -1.550137 -5.041221 37.744251 -0.633697 -0.503498 -0.587297 0.000000 0.000000
  1 -2.270136 -5.411793 39.394123 -0.786411 -0.551507 -0.278204 0.000000 0.000000
PLAYER_Chrome1.bmp
  1 -2.450137 -5.151796 39.404213 -0.514097 -0.814195 -0.269798 0.000000 0.000000
  1 -1.670138 -4.771194 37.664344 -0.144305 -0.859229 -0.490817 0.000000 0.000000
  1 -1.550137 -5.041221 37.744251 -0.633697 -0.503498 -0.587297 0.000000 0.000000
PLAYER_Chrome1.bmp
  1 -2.450137 -5.151796 39.404213 -0.514097 -0.814195 -0.269798 0.000000 0.000000
  1 -2.650137 -5.211755 39.284192 0.270194 -0.954579 -0.125597 0.000000 0.000000
  1 -1.670138 -4.771194 37.664344 -0.144305 -0.859229 -0.490817 0.000000 0.000000
PLAYER_Chrome1.bmp
  1 -2.450137 -5.151796 39.404213 -0.514097 -0.814195 -0.269798 0.000000 0.000000
  1 -2.490136 -5.512542 41.564089 -0.330694 -0.936282 -0.118398 0.000000 0.000000
  1 -2.650137 -5.211755 39.284192 0.270194 -0.954579 -0.125597 0.000000 0.000000
PLAYER_Chrome1.bmp
  33 -1.172981 2.671187 2.147686 0.079000 -0.125001 0.989006 0.000000 0.000000
  33 -1.072981 -4.108547 1.375345 0.136006 -0.030301 0.990245 0.000000 0.000000
  33 -0.822981 -4.288537 1.345282 0.136006 -0.030301 0.990245 0.000000 0.000000
PLAYER_Chrome1.bmp
  33 -0.822981 -4.288537 1.345282 0.136006 -0.030301 0.990245 0.000000 0.000000
  33 -1.072981 -4.108547 1.375345 0.136006 -0.030301 0.990245 0.000000 0.000000
  33 -1.332981 -5.778599 1.524768 0.196993 0.042898 0.979466 0.000000 0.000000
PLAYER_Chrome1.bmp
  33 -1.072981 -4.108547 1.375345 0.136006 -0.030301 0.990245 0.000000 0.000000
  33 -1.532981 -5.508609 1.554862 0.236993 0.016499 0.971371 0.000000 0.000000
  33 -1.332981 -5.778599 1.524768 0.196993 0.042898 0.979466 0.000000 0.000000
PLAYER_Chrome1.bmp
  33 -1.332981 -5.778599 1.524768 0.196993 0.042898 0.979466 0.000000 0.000000
  33 -1.532981 -5.508609 1.554862 0.236993 0.016499 0.971371 0.000000 0.000000
  33 -2.032981 -6.738650 1.674437 0.236993 0.016499 0.971371 0.000000 0.000000
PLAYER_Chrome1.bmp
  33 -1.532981 -5.508609 1.554862 0.236993 0.016499 0.971371 0.000000 0.000000
  33 -2.172981 -6.268675 1.744600 0.314093 -0.028000 0.948979 0.000000 0.000000
  33 -2.032981 -6.738650 1.674437 0.236993 0.016499 0.971371 0.000000 0.000000
PLAYER_Chrome1.bmp
  28 4.201971 -3.558865 25.666147 0.740122 -0.575117 0.348510 0.000000 0.000000
  28 5.689382 -2.703779 24.779333 0.859872 -0.463586 0.213793 0.000000 0.000000
  28 5.666512 -2.484595 25.154614 0.549906 -0.747209 -0.373205 0.000000 0.000000
PLAYER_Chrome1.bmp
  28 5.666512 -2.484595 25.154614 0.549906 -0.747209 -0.373205 0.000000 0.000000
  28 5.689382 -2.703779 24.779333 0.859872 -0.463586 0.213793 0.000000 0.000000
  28 6.599845 -0.151394 24.942096 0.854239 -0.105205 -0.509124 0.000000 0.000000
PLAYER_Chrome1.bmp
  28 5.689382 -2.703779 24.779333 0.859872 -0.463586 0.213793 0.000000 0.000000
  28 6.593943 -0.159588 24.602246 0.991614 0.116901 0.055101 0.000000 0.000000
  28 6.599845 -0.151394 24.942096 0.854239 -0.105205 -0.509124 0.000000 0.000000
PLAYER_Chrome1.bmp
  28 6.599845 -0.151394 24.942096 0.854239 -0.105205 -0.509124 0.000000 0.000000
  28 6.593943 -0.159588 24.602246 0.991614 0.116901 0.055101 0.000000 0.000000
  28 5.700229 2.196617 25.151223 0.747414 0.598011 -0.289405 0.000000 0.000000
PLAYER_Chrome1.bmp
  28 6.593943 -0.159588 24.602246 0.991614 0.116901 0.055101 0.000000 0.000000
  28 5.704484 2.387854 24.786380 0.801615 0.513410 0.306306 0.000000 0.000000
  28 5.700229 2.196617 25.151223 0.747414 0.598011 -0.289405 0.000000 0.000000
PLAYER_Chrome1.bmp
  33 -2.392979 5.020724 3.488499 0.468197 0.214098 0.857294 0.000000 0.000000
  33 -4.312979 4.990720 3.498491 -0.320299 0.229499 0.919097 0.000000 0.000000
  33 -2.392979 4.390665 3.658282 0.431910 0.040201 0.901020 0.000000 0.000000
PLAYER_Chrome1.bmp
  33 -2.392979 4.390665 3.658282 0.431910 0.040201 0.901020 0.000000 0.000000
  33 -4.312979 4.990720 3.498491 -0.320299 0.229499 0.919097 0.000000 0.000000
  33 -4.312979 4.360665 3.658273 -0.598798 -0.025400 0.800497 0.000000 0.000000
PLAYER_Chrome1.bmp
  33 -4.312979 4.990720 3.498491 -0.320299 0.229499 0.919097 0.000000 0.000000
  33 -5.132980 3.981104 2.388143 -0.498105 -0.170402 0.850209 0.000000 0.000000
  33 -4.312979 4.360665 3.658273 -0.598798 -0.025400 0.800497 0.000000 0.000000
PLAYER_Chrome1.bmp
  33 -4.312979 4.360665 3.658273 -0.598798 -0.025400 0.800497 0.000000 0.000000
  33 -5.132980 3.981104 2.388143 -0.498105 -0.170402 0.850209 0.000000 0.000000
  33 -4.972980 3.701111 2.368046 -0.446694 -0.315296 0.837289 0.000000 0.000000
PLAYER_Chrome1.bmp
  33 -5.132980 3.981104 2.388143 -0.498105 -0.170402 0.850209 0.000000 0.000000
  33 -5.772981 -1.418582 1.476278 -0.122600 -0.085100 0.988801 0.000000 0.000000
  33 -4.972980 3.701111 2.368046 -0.446694 -0.315296 0.837289 0.000000 0.000000
PLAYER_Chrome1.bmp
  30 4.372582 -6.788639 1.664409 0.145495 -0.982571 0.115696 0.000000 0.000000
  30 4.122583 -6.288995 2.694582 -0.016900 -0.784896 0.619397 0.000000 0.000000
  30 2.012581 -6.738643 1.664431 -0.242091 -0.939463 0.242490 0.000000 0.000000
PLAYER_Chrome1.bmp
  30 2.012581 -6.738643 1.664431 -0.242091 -0.939463 0.242490 0.000000 0.000000
  30 4.122583 -6.288995 2.694582 -0.016900 -0.784896 0.619397 0.000000 0.000000
  30 2.322583 -6.248999 2.694599 -0.015100 -0.622988 0.782085 0.000000 0.000000
PLAYER_Chrome1.bmp
  30 4.122583 -6.288995 2.694582 -0.016900 -0.784896 0.619397 0.000000 0.000000
  30 4.032582 -5.509123 3.064851 -0.008500 -0.317686 0.948158 0.000000 0.000000
  30 2.322583 -6.248999 2.694599 -0.015100 -0.622988 0.782085 0.000000 0.000000
PLAYER_Chrome1.bmp
  30 2.322583 -6.248999 2.694599 -0.015100 -0.622988 0.782085 0.000000 0.000000
  30 4.032582 -5.509123 3.064851 -0.008500 -0.317686 0.948158 0.000000 0.000000
  30 2.452582 -5.459130 3.074872 -0.007800 -0.251201 0.967904 0.000000 0.000000
PLAYER_Chrome1.bmp
  30 4.032582 -5.509123 3.064851 -0.008500 -0.317686 0.948158 0.000000 0.000000
  30 3.242580 -4.599145 3.125167 -0.001700 -0.056201 0.998418 0.000000 0.000000
  30 2.452582 -5.459130 3.074872 -0.007800 -0.251201 0.967904 0.000000 0.000000
PLAYER_Chrome1.bmp
  33 -3.252979 -4.599155 3.135177 0.001700 -0.056101 0.998424 0.000000 0.000000
  33 -4.052979 -5.509138 3.084864 0.008500 -0.317686 0.948158 0.000000 0.000000
  33 -2.462979 -5.459138 3.084880 0.007800 -0.251201 0.967903 0.000000 0.000000
PLAYER_Chrome1.bmp
  33 -2.462979 -5.459138 3.084880 0.007800 -0.251201 0.967903 0.000000 0.000000
  33 -4.052979 -5.509138 3.084864 0.008500 -0.317686 0.948158 0.000000 0.000000
  33 -2.332980 -6.239003 2.694610 0.015100 -0.623098 0.781998 0.000000 0.000000
PLAYER_Chrome1.bmp
  33 -4.052979 -5.509138 3.084864 0.008500 -0.317686 0.948158 0.000000 0.000000
  33 -4.132980 -6.279006 2.704598 0.017000 -0.784895 0.619396 0.000000 0.000000
  33 -2.332980 -6.239003 2.694610 0.015100 -0.623098 0.781998 0.000000 0.000000
PLAYER_Chrome1.bmp
  33 -2.332980 -6.239003 2.694610 0.015100 -0.623098 0.781998 0.000000 0.000000
  33 -4.132980 -6.279006 2.704598 0.017000 -0.784895 0.619396 0.000000 0.000000
  33 -2.032981 -6.738650 1.674437 0.240793 -0.939873 0.242193 0.000000 0.000000
PLAYER_Chrome1.bmp
  33 -4.132980 -6.279006 2.704598 0.017000 -0.784895 0.619396 0.000000 0.000000
  33 -4.382981 -6.788650 1.674422 -0.145398 -0.982585 0.115698 0.000000 0.000000
  33 -2.032981 -6.738650 1.674437 0.240793 -0.939873 0.242193 0.000000 0.000000
PLAYER_Chrome1.bmp
  1 -0.470150 -0.130542 35.785947 0.830898 0.194299 -0.521399 0.000000 0.000000
  1 -0.710160 3.999205 36.517373 -0.123802 0.488008 -0.864015 0.000000 0.000000
  1 -0.550161 4.129258 36.367418 -0.733596 0.329798 -0.594197 0.000000 0.000000
PLAYER_Chrome1.bmp
  1 -0.550161 4.129258 36.367418 -0.733596 0.329798 -0.594197 0.000000 0.000000
  1 -0.710160 3.999205 36.517373 -0.123802 0.488008 -0.864015 0.000000 0.000000
  1 -0.570163 4.918885 37.447691 -0.742357 0.565467 -0.359379 0.000000 0.000000
PLAYER_Chrome1.bmp
  1 -0.710160 3.999205 36.517373 -0.123802 0.488008 -0.864015 0.000000 0.000000
  1 -0.740162 4.758849 37.547635 -0.044499 0.873885 -0.484092 0.000000 0.000000
  1 -0.570163 4.918885 37.447691 -0.742357 0.565467 -0.359379 0.000000 0.000000
PLAYER_Chrome1.bmp
  1 -0.570163 4.918885 37.447691 -0.742357 0.565467 -0.359379 0.000000 0.000000
  1 -0.740162 4.758849 37.547635 -0.044499 0.873885 -0.484092 0.000000 0.000000
  1 -0.580164 5.478405 38.837884 -0.422507 0.892816 0.156103 0.000000 0.000000
PLAYER_Chrome1.bmp
  1 -0.740162 4.758849 37.547635 -0.044499 0.873885 -0.484092 0.000000 0.000000
  1 -0.780164 5.348335 39.037839 0.018300 0.874167 -0.485281 0.000000 0.000000
  1 -0.580164 5.478405 38.837884 -0.422507 0.892816 0.156103 0.000000 0.000000
PLAYER_Chrome1.bmp
  1 1.319865 -5.882515 41.513961 0.205606 -0.968727 0.138904 0.000000 0.000000
  1 -0.000134 -6.162481 41.403864 0.000000 -0.646888 0.762585 0.000000 0.000000
  1 1.359865 -6.032474 41.393909 0.121902 -0.632010 0.765312 0.000000 0.000000
PLAYER_Chrome1.bmp
  1 1.319865 -5.882515 41.513961 0.205606 -0.968727 0.138904 0.000000 0.000000
  1 -0.000135 -6.012522 41.523916 0.000000 -0.922154 -0.386823 0.000000 0.000000
  1 -0.000134 -6.162481 41.403864 0.000000 -0.646888 0.762585 0.000000 0.000000
PLAYER_Chrome1.bmp
  1 1.319865 -5.882515 41.513961 0.205606 -0.968727 0.138904 0.000000 0.000000
  1 1.359865 -6.092578 41.693889 0.099503 -0.618419 -0.779524 0.000000 0.000000
  1 -0.000135 -6.012522 41.523916 0.000000 -0.922154 -0.386823 0.000000 0.000000
PLAYER_Chrome1.bmp
  1 1.319865 -5.882515 41.513961 0.205606 -0.968727 0.138904 0.000000 0.000000
  1 2.279865 -5.822572 41.683982 0.455386 -0.615582 -0.643181 0.000000 0.000000
  1 1.359865 -6.092578 41.693889 0.099503 -0.618419 -0.779524 0.000000 0.000000
PLAYER_Chrome1.bmp
  1 1.319865 -5.882515 41.513961 0.205606 -0.968727 0.138904 0.000000 0.000000
  1 2.459864 -5.522530 41.564085 0.507784 -0.854574 -0.108897 0.000000 0.000000
  1 2.279865 -5.822572 41.683982 0.455386 -0.615582 -0.643181 0.000000 0.000000
PLAYER_Chrome1.bmp
  1 2.449839 4.466648 43.947535 0.318997 0.844292 0.430596 0.000000 0.000000
  1 2.519838 4.526568 44.177556 0.232202 0.920008 -0.315703 0.000000 0.000000
  1 4.709841 3.406636 43.997168 0.603775 0.720070 -0.341986 0.000000 0.000000
PLAYER_Chrome1.bmp
  1 2.449839 4.466648 43.947535 0.318997 0.844292 0.430596 0.000000 0.000000
  1 -0.000162 4.856627 43.987669 0.000000 0.994609 0.103701 0.000000 0.000000
  1 2.519838 4.526568 44.177556 0.232202 0.920008 -0.315703 0.000000 0.000000
PLAYER_Chrome1.bmp
  1 2.449839 4.466648 43.947535 0.318997 0.844292 0.430596 0.000000 0.000000
  1 -0.000163 5.096679 43.837752 0.000000 0.534790 0.844985 0.000000 0.000000
  1 -0.000162 4.856627 43.987669 0.000000 0.994609 0.103701 0.000000 0.000000
PLAYER_Chrome1.bmp
  1 2.449839 4.466648 43.947535 0.318997 0.844292 0.430596 0.000000 0.000000
  1 2.519838 4.686700 43.797611 0.205595 0.496088 0.843580 0.000000 0.000000
  1 -0.000163 5.096679 43.837752 0.000000 0.534790 0.844985 0.000000 0.000000
PLAYER_Chrome1.bmp
  1 2.449839 4.466648 43.947535 0.318997 0.844292 0.430596 0.000000 0.000000
  1 4.469840 3.696770 43.607269 0.667409 0.594708 0.448206 0.000000 0.000000
  1 2.519838 4.686700 43.797611 0.205595 0.496088 0.843580 0.000000 0.000000
PLAYER_Chrome1.bmp
  1 -0.780164 5.348335 39.037839 0.018300 0.874167 -0.485281 0.000000 0.000000
  1 -2.100163 5.118269 39.217759 -0.292500 0.948100 -0.124700 0.000000 0.000000
  1 -2.030164 5.348221 39.357839 -0.311413 0.495221 -0.811035 0.000000 0.000000
PLAYER_Chrome1.bmp
  1 -2.030164 5.348221 39.357839 -0.311413 0.495221 -0.811035 0.000000 0.000000
  1 -2.100163 5.118269 39.217759 -0.292500 0.948100 -0.124700 0.000000 0.000000
  1 -3.060163 5.088053 39.837749 -0.574810 0.559510 -0.597111 0.000000 0.000000
PLAYER_Chrome1.bmp
  1 -2.100163 5.118269 39.217759 -0.292500 0.948100 -0.124700 0.000000 0.000000
  1 -3.160162 4.858094 39.717670 -0.378889 0.925374 0.011200 0.000000 0.000000
  1 -3.060163 5.088053 39.837749 -0.574810 0.559510 -0.597111 0.000000 0.000000
PLAYER_Chrome1.bmp
  1 -3.060163 5.088053 39.837749 -0.574810 0.559510 -0.597111 0.000000 0.000000
  1 -3.160162 4.858094 39.717670 -0.378889 0.925374 0.011200 0.000000 0.000000
  1 -4.040162 4.577657 40.977573 -0.796408 0.547105 -0.257702 0.000000 0.000000
PLAYER_Chrome1.bmp
  1 -3.160162 4.858094 39.717670 -0.378889 0.925374 0.011200 0.000000 0.000000
  1 -4.180161 4.347674 40.927493 -0.346885 0.911062 0.222791 0.000000 0.000000
  1 -4.040162 4.577657 40.977573 -0.796408 0.547105 -0.257702 0.000000 0.000000
PLAYER_Chrome1.bmp
  33 -1.512980 4.031100 2.398156 0.474097 -0.182299 0.861394 0.000000 0.000000
  33 -1.392981 2.461194 2.127614 0.079000 -0.125001 0.989006 0.000000 0.000000
  33 -1.172981 2.671187 2.147686 0.079000 -0.125001 0.989006 0.000000 0.000000
PLAYER_Chrome1.bmp
  33 -1.512980 4.031100 2.398156 0.474097 -0.182299 0.861394 0.000000 0.000000
  33 -1.702980 3.751107 2.378060 0.414390 -0.341792 0.843480 0.000000 0.000000
  33 -1.392981 2.461194 2.127614 0.079000 -0.125001 0.989006 0.000000 0.000000
PLAYER_Chrome1.bmp
  33 -1.512980 4.031100 2.398156 0.474097 -0.182299 0.861394 0.000000 0.000000
  33 -2.392979 4.390665 3.658282 0.431910 0.040201 0.901020 0.000000 0.000000
  33 -1.702980 3.751107 2.378060 0.414390 -0.341792 0.843480 0.000000 0.000000
PLAYER_Chrome1.bmp
  33 -1.512980 4.031100 2.398156 0.474097 -0.182299 0.861394 0.000000 0.000000
  33 -2.392979 5.020724 3.488499 0.468197 0.214098 0.857294 0.000000 0.000000
  33 -2.392979 4.390665 3.658282 0.431910 0.040201 0.901020 0.000000 0.000000
PLAYER_Chrome1.bmp
  29 5.808704 1.054690 17.159690 0.062000 -0.169399 0.983595 0.000000 0.000000
  29 5.104141 3.521745 17.638989 0.020201 -0.172306 0.984836 0.000000 0.000000
  29 4.990278 2.849838 17.530934 0.062000 -0.169399 0.983595 0.000000 0.000000
PLAYER_Chrome1.bmp
  29 4.990278 2.849838 17.530934 0.062000 -0.169399 0.983595 0.000000 0.000000
  29 5.104141 3.521745 17.638989 0.020201 -0.172306 0.984836 0.000000 0.000000
  29 3.403679 3.520930 17.627572 0.020201 -0.172306 0.984836 0.000000 0.000000
PLAYER_Chrome1.bmp
  29 5.104141 3.521745 17.638989 0.020201 -0.172306 0.984836 0.000000 0.000000
  29 3.400270 4.545069 17.834524 0.020201 -0.172306 0.984836 0.000000 0.000000
  29 3.403679 3.520930 17.627572 0.020201 -0.172306 0.984836 0.000000 0.000000
PLAYER_Chrome1.bmp
  29 3.403679 3.520930 17.627572 0.020201 -0.172306 0.984836 0.000000 0.000000
  29 3.400270 4.545069 17.834524 0.020201 -0.172306 0.984836 0.000000 0.000000
  29 1.733551 3.517962 17.635526 -0.025299 -0.167994 0.985463 0.000000 0.000000
PLAYER_Chrome1.bmp
  32 -1.038098 1.038227 17.148539 0.074103 -0.164207 0.983639 0.000000 0.000000
  32 -1.743706 3.509015 17.624382 0.025201 -0.168108 0.985446 0.000000 0.000000
  32 -1.869852 2.846348 17.513209 0.025201 -0.168108 0.985446 0.000000 0.000000
PLAYER_Chrome1.bmp
  32 -1.869852 2.846348 17.513209 0.025201 -0.168108 0.985446 0.000000 0.000000
  32 -1.743706 3.509015 17.624382 0.025201 -0.168108 0.985446 0.000000 0.000000
  32 -3.414003 3.510947 17.626378 0.025201 -0.168108 0.985446 0.000000 0.000000
PLAYER_Chrome1.bmp
  32 -1.743706 3.509015 17.624382 0.025201 -0.168108 0.985446 0.000000 0.000000
  32 -3.410257 4.537151 17.813440 0.025201 -0.168108 0.985446 0.000000 0.000000
  32 -3.414003 3.510947 17.626378 0.025201 -0.168108 0.985446 0.000000 0.000000
PLAYER_Chrome1.bmp
  32 -3.414003 3.510947 17.626378 0.025201 -0.168108 0.985446 0.000000 0.000000
  32 -3.410257 4.537151 17.813440 0.025201 -0.168108 0.985446 0.000000 0.000000
  32 -5.104297 3.512821 17.628028 -0.020101 -0.172307 0.984838 0.000000 0.000000
PLAYER_Chrome1.bmp
  1 -1.350135 -5.882522 41.513961 -0.205496 -0.968780 0.138697 0.000000 0.000000
  1 -0.000134 -6.162481 41.403864 0.000000 -0.646888 0.762585 0.000000 0.000000
  1 -0.000135 -6.012522 41.523916 0.000000 -0.922154 -0.386823 0.000000 0.000000
PLAYER_Chrome1.bmp
  1 -1.350135 -5.882522 41.513961 -0.205496 -0.968780 0.138697 0.000000 0.000000
  1 -1.390135 -6.032481 41.393909 -0.121904 -0.632119 0.765223 0.000000 0.000000
  1 -0.000134 -6.162481 41.403864 0.000000 -0.646888 0.762585 0.000000 0.000000
PLAYER_Chrome1.bmp
  1 -1.350135 -5.882522 41.513961 -0.205496 -0.968780 0.138697 0.000000 0.000000
  1 -2.310135 -5.762487 41.404002 -0.593815 -0.708618 0.381110 0.000000 0.000000
  1 -1.390135 -6.032481 41.393909 -0.121904 -0.632119 0.765223 0.000000 0.000000
PLAYER_Chrome1.bmp
  1 -1.350135 -5.882522 41.513961 -0.205496 -0.968780 0.138697 0.000000 0.000000
  1 -2.490136 -5.512542 41.564089 -0.330694 -0.936282 -0.118398 0.000000 0.000000
  1 -2.310135 -5.762487 41.404002 -0.593815 -0.708618 0.381110 0.000000 0.000000
PLAYER_Chrome1.bmp
  1 -2.510136 -5.612967 42.794054 -0.431604 -0.895908 -0.105201 0.000000 0.000000
  1 -4.010139 -4.413078 43.104468 -0.571306 -0.573205 -0.587406 0.000000 0.000000
  1 -5.290142 -2.983047 43.004962 -0.827988 -0.523292 -0.201497 0.000000 0.000000
PLAYER_Chrome1.bmp
  1 -2.510136 -5.612967 42.794054 -0.431604 -0.895908 -0.105201 0.000000 0.000000
  1 -3.290137 -5.063059 43.054244 -0.611505 -0.646905 -0.455604 0.000000 0.000000
  1 -4.010139 -4.413078 43.104468 -0.571306 -0.573205 -0.587406 0.000000 0.000000
PLAYER_Chrome1.bmp
  1 -2.510136 -5.612967 42.794054 -0.431604 -0.895908 -0.105201 0.000000 0.000000
  1 -2.550136 -5.713040 43.004020 -0.500413 -0.743919 -0.442912 0.000000 0.000000
  1 -3.290137 -5.063059 43.054244 -0.611505 -0.646905 -0.455604 0.000000 0.000000
PLAYER_Chrome1.bmp
  1 -2.510136 -5.612967 42.794054 -0.431604 -0.895908 -0.105201 0.000000 0.000000
  1 -1.520134 -6.203041 43.013850 -0.235697 -0.752891 -0.614493 0.000000 0.000000
  1 -2.550136 -5.713040 43.004020 -0.500413 -0.743919 -0.442912 0.000000 0.000000
PLAYER_Chrome1.bmp
  30 2.152581 -6.268668 1.734593 -0.317403 -0.026900 0.947909 0.000000 0.000000
  30 1.522579 -5.508603 1.544856 -0.238099 0.016800 0.971096 0.000000 0.000000
  30 2.012581 -6.738643 1.664431 -0.238099 0.016800 0.971096 0.000000 0.000000
PLAYER_Chrome1.bmp
  30 2.012581 -6.738643 1.664431 -0.238099 0.016800 0.971096 0.000000 0.000000
  30 1.522579 -5.508603 1.544856 -0.238099 0.016800 0.971096 0.000000 0.000000
  30 1.322579 -5.778593 1.514764 -0.199095 0.042099 0.979076 0.000000 0.000000
PLAYER_Chrome1.bmp
  30 1.522579 -5.508603 1.544856 -0.238099 0.016800 0.971096 0.000000 0.000000
  30 1.062576 -4.108542 1.365341 -0.138707 -0.031002 0.989848 0.000000 0.000000
  30 1.322579 -5.778593 1.514764 -0.199095 0.042099 0.979076 0.000000 0.000000
PLAYER_Chrome1.bmp
  29 6.310020 1.472935 14.268540 0.975658 0.120395 0.183292 0.000000 0.000000
  29 5.452056 3.950478 13.394081 0.821233 0.548222 0.158206 0.000000 0.000000
  29 5.808704 1.054690 17.159690 0.973411 0.166702 0.157102 0.000000 0.000000
PLAYER_Chrome1.bmp
  29 5.808704 1.054690 17.159690 0.973411 0.166702 0.157102 0.000000 0.000000
  29 5.452056 3.950478 13.394081 0.821233 0.548222 0.158206 0.000000 0.000000
  29 5.104141 3.521745 17.638989 0.686275 0.718574 0.112596 0.000000 0.000000
PLAYER_Chrome1.bmp
  29 5.452056 3.950478 13.394081 0.821233 0.548222 0.158206 0.000000 0.000000
  29 3.417740 4.997949 12.984371 -0.001900 0.993023 0.117903 0.000000 0.000000
  29 5.104141 3.521745 17.638989 0.686275 0.718574 0.112596 0.000000 0.000000
PLAYER_Chrome1.bmp
  32 -0.559405 1.460389 14.264387 0.976755 0.117494 0.179292 0.000000 0.000000
  32 -1.401787 3.949725 13.392436 0.822279 0.547086 0.156696 0.000000 0.000000
  32 -1.038098 1.038227 17.148539 0.974214 0.164802 0.154102 0.000000 0.000000
PLAYER_Chrome1.bmp
  32 -1.038098 1.038227 17.148539 0.974214 0.164802 0.154102 0.000000 0.000000
  32 -1.401787 3.949725 13.392436 0.822279 0.547086 0.156696 0.000000 0.000000
  32 -1.743706 3.509015 17.624382 0.688311 0.716811 0.111402 0.000000 0.000000
PLAYER_Chrome1.bmp
  32 -1.401787 3.949725 13.392436 0.822279 0.547086 0.156696 0.000000 0.000000
  32 -3.418081 4.987996 12.983350 0.000800 0.993013 0.118002 0.000000 0.000000
  32 -1.743706 3.509015 17.624382 0.688311 0.716811 0.111402 0.000000 0.000000
PLAYER_Chrome1.bmp
  33 -2.032982 -6.738087 0.044437 0.462586 -0.886574 -0.000300 0.000000 0.000000
  33 -1.332982 -5.778091 0.054768 0.908588 -0.417694 -0.000100 0.000000 0.000000
  33 -1.332981 -5.778599 1.524768 0.862299 -0.506400 -0.000200 0.000000 0.000000
PLAYER_Chrome1.bmp
  33 -1.332981 -5.778599 1.524768 0.862299 -0.506400 -0.000200 0.000000 0.000000
  33 -1.332982 -5.778091 0.054768 0.908588 -0.417694 -0.000100 0.000000 0.000000
  33 -0.822981 -4.288537 1.345282 0.990194 -0.139699 0.000000 0.000000 0.000000
PLAYER_Chrome1.bmp
  33 -1.332982 -5.778091 0.054768 0.908588 -0.417694 -0.000100 0.000000 0.000000
  33 -0.822982 -4.298095 0.065279 0.990194 -0.139699 0.000000 0.000000 0.000000
  33 -0.822981 -4.288537 1.345282 0.990194 -0.139699 0.000000 0.000000 0.000000
PLAYER_Chrome1.bmp
  31 -5.686724 -2.464913 25.143805 -0.552382 -0.747576 -0.368788 0.000000 0.000000
  31 -6.610013 -0.151678 24.931946 -0.854496 -0.107099 -0.508298 0.000000 0.000000
  31 -5.689721 -2.703791 24.779349 -0.858919 -0.463110 0.218605 0.000000 0.000000
PLAYER_Chrome1.bmp
  31 -5.689721 -2.703791 24.779349 -0.858919 -0.463110 0.218605 0.000000 0.000000
  31 -6.610013 -0.151678 24.931946 -0.854496 -0.107099 -0.508298 0.000000 0.000000
  31 -6.594114 -0.159842 24.592269 -0.991905 0.117801 0.047400 0.000000 0.000000
PLAYER_Chrome1.bmp
  31 -6.610013 -0.151678 24.931946 -0.854496 -0.107099 -0.508298 0.000000 0.000000
  31 -5.700378 2.186367 25.141484 -0.745527 0.597922 -0.294411 0.000000 0.000000
  31 -6.594114 -0.159842 24.592269 -0.991905 0.117801 0.047400 0.000000 0.000000
PLAYER_Chrome1.bmp
  1 4.699859 -3.753073 43.154696 0.539587 -0.527387 -0.656284 0.000000 0.000000
  1 3.979861 -4.413058 43.104468 0.571611 -0.573511 -0.586811 0.000000 0.000000
  1 5.259858 -2.993020 43.004959 0.826890 -0.525294 -0.200798 0.000000 0.000000
PLAYER_Chrome1.bmp
  1 5.259858 -2.993020 43.004959 0.826890 -0.525294 -0.200798 0.000000 0.000000
  1 3.979861 -4.413058 43.104468 0.571611 -0.573511 -0.586811 0.000000 0.000000
  1 2.479864 -5.612955 42.794054 0.431493 -0.895985 -0.104998 0.000000 0.000000
PLAYER_Chrome1.bmp
  1 3.979861 -4.413058 43.104468 0.571611 -0.573511 -0.586811 0.000000 0.000000
  1 3.259863 -5.073042 43.054241 0.611628 -0.647130 -0.455121 0.000000 0.000000
  1 2.479864 -5.612955 42.794054 0.431493 -0.895985 -0.104998 0.000000 0.000000
PLAYER_Chrome1.bmp
  30 0.812576 -4.288532 1.335279 -0.990194 -0.139699 0.000000 0.000000 0.000000
  30 1.322577 -5.778089 0.054764 -0.909539 -0.415618 -0.000100 0.000000 0.000000
  30 1.322579 -5.778593 1.514764 -0.864627 -0.502415 -0.000200 0.000000 0.000000
PLAYER_Chrome1.bmp
  30 1.322579 -5.778593 1.514764 -0.864627 -0.502415 -0.000200 0.000000 0.000000
  30 1.322577 -5.778089 0.054764 -0.909539 -0.415618 -0.000100 0.000000 0.000000
  30 2.012578 -6.738084 0.044431 -0.465598 -0.884996 -0.000300 0.000000 0.000000
PLAYER_Chrome1.bmp
  30 5.132563 3.981117 2.378126 0.499102 -0.170001 0.849704 0.000000 0.000000
  30 5.782571 -1.418571 1.476260 0.126104 -0.084303 0.988428 0.000000 0.000000
  30 6.012571 -1.438557 1.436253 0.126104 -0.084303 0.988428 0.000000 0.000000
PLAYER_Chrome1.bmp
  30 6.012571 -1.438557 1.436253 0.126104 -0.084303 0.988428 0.000000 0.000000
  30 5.782571 -1.418571 1.476260 0.126104 -0.084303 0.988428 0.000000 0.000000
  30 5.912573 -2.708536 1.375815 0.142498 -0.031800 0.989284 0.000000 0.000000
PLAYER_Chrome1.bmp
  32 -3.414003 3.510947 17.626378 0.025201 -0.168108 0.985446 0.000000 0.000000
  32 -5.104297 3.512821 17.628028 -0.020101 -0.172307 0.984838 0.000000 0.000000
  32 -4.970267 2.842006 17.510374 -0.020101 -0.172307 0.984838 0.000000 0.000000
PLAYER_Chrome1.bmp
  32 -4.970267 2.842006 17.510374 -0.020101 -0.172307 0.984838 0.000000 0.000000
  32 -5.104297 3.512821 17.628028 -0.020101 -0.172307 0.984838 0.000000 0.000000
  32 -5.808857 1.045764 17.148731 -0.061900 -0.169400 0.983602 0.000000 0.000000
PLAYER_Chrome1.bmp
  29 3.403679 3.520930 17.627572 0.020201 -0.172306 0.984836 0.000000 0.000000
  29 1.733551 3.517962 17.635526 -0.025299 -0.167994 0.985463 0.000000 0.000000
  29 1.859699 2.855295 17.524353 -0.025299 -0.167994 0.985463 0.000000 0.000000
PLAYER_Chrome1.bmp
  29 1.859699 2.855295 17.524353 -0.025299 -0.167994 0.985463 0.000000 0.000000
  29 1.733551 3.517962 17.635526 -0.025299 -0.167994 0.985463 0.000000 0.000000
  29 1.037945 1.047144 17.159512 -0.074501 -0.164202 0.983609 0.000000 0.000000
PLAYER_Chrome1.bmp
  33 -5.132980 3.981104 2.388143 -0.498105 -0.170402 0.850209 0.000000 0.000000
  33 -6.022981 -1.438572 1.446272 -0.122600 -0.085100 0.988801 0.000000 0.000000
  33 -5.772981 -1.418582 1.476278 -0.122600 -0.085100 0.988801 0.000000 0.000000
PLAYER_Chrome1.bmp
  33 -5.772981 -1.418582 1.476278 -0.122600 -0.085100 0.988801 0.000000 0.000000
  33 -6.022981 -1.438572 1.446272 -0.122600 -0.085100 0.988801 0.000000 0.000000
  33 -5.912981 -2.708551 1.385833 -0.142706 -0.032101 0.989244 0.000000 0.000000
PLAYER_Chrome1.bmp
  4 -3.890128 4.449756 51.572349 -0.502905 0.861710 -0.067401 0.000000 0.000000
  4 -3.130128 5.364986 51.064851 -0.768013 0.567610 -0.296605 0.000000 0.000000
  4 -3.280128 5.109685 50.967788 -0.298004 0.954112 -0.029400 0.000000 0.000000
PLAYER_Chrome1.bmp
  4 -3.280128 5.109685 50.967788 -0.298004 0.954112 -0.029400 0.000000 0.000000
  4 -3.130128 5.364986 51.064851 -0.768013 0.567610 -0.296605 0.000000 0.000000
  4 -2.900129 5.146845 50.325044 -0.400015 0.525019 -0.751228 0.000000 0.000000
PLAYER_Chrome1.bmp
  1 -2.510136 -5.612967 42.794054 -0.431604 -0.895908 -0.105201 0.000000 0.000000
  1 -2.690136 -5.612615 41.774054 0.394177 -0.912548 -0.108994 0.000000 0.000000
  1 -2.490136 -5.512542 41.564089 -0.330694 -0.936282 -0.118398 0.000000 0.000000
PLAYER_Chrome1.bmp
  1 -2.490136 -5.512542 41.564089 -0.330694 -0.936282 -0.118398 0.000000 0.000000
  1 -2.690136 -5.612615 41.774054 0.394177 -0.912548 -0.108994 0.000000 0.000000
  1 -2.650137 -5.211755 39.284192 0.270194 -0.954579 -0.125597 0.000000 0.000000
PLAYER_Chrome1.bmp
  1 -2.530162 4.536552 44.187559 -0.232208 0.919934 -0.315912 0.000000 0.000000
  1 -0.000163 4.936548 44.217697 0.000000 0.954879 -0.296994 0.000000 0.000000
  1 -0.000162 4.856627 43.987669 0.000000 0.994609 0.103701 0.000000 0.000000
PLAYER_Chrome1.bmp
  1 -0.000162 4.856627 43.987669 0.000000 0.994609 0.103701 0.000000 0.000000
  1 -0.000163 4.936548 44.217697 0.000000 0.954879 -0.296994 0.000000 0.000000
  1 2.519838 4.526568 44.177556 0.232202 0.920008 -0.315703 0.000000 0.000000
PLAYER_Chrome1.bmp
  33 -1.392981 2.461194 2.127614 0.079000 -0.125001 0.989006 0.000000 0.000000
  33 -1.072981 -4.108547 1.375345 0.136006 -0.030301 0.990245 0.000000 0.000000
  33 -1.172981 2.671187 2.147686 0.079000 -0.125001 0.989006 0.000000 0.000000
PLAYER_Chrome1.bmp
  30 4.282581 -6.318663 1.734571 0.975502 -0.143201 0.167000 0.000000 0.000000
  30 4.122583 -6.288995 2.694582 0.909116 -0.186804 0.372307 0.000000 0.000000
  30 4.372582 -6.788639 1.664409 0.973481 0.166296 0.157097 0.000000 0.000000
PLAYER_Chrome1.bmp
  29 5.808704 1.054690 17.159690 0.973411 0.166702 0.157102 0.000000 0.000000
  29 5.542677 -1.271947 16.631019 0.978270 -0.148396 0.144796 0.000000 0.000000
  29 6.310020 1.472935 14.268540 0.975658 0.120395 0.183292 0.000000 0.000000
PLAYER_Chrome1.bmp
  31 -5.689721 -2.703791 24.779349 -0.858919 -0.463110 0.218605 0.000000 0.000000
  31 -4.202133 -3.559115 25.656163 -0.743589 -0.567491 0.353595 0.000000 0.000000
  31 -5.686724 -2.464913 25.143805 -0.552382 -0.747576 -0.368788 0.000000 0.000000
PLAYER_Chrome1.bmp
  33 -4.132980 -6.279006 2.704598 -0.907503 -0.194500 0.372301 0.000000 0.000000
  33 -4.302981 -6.318674 1.744584 -0.972514 -0.151402 0.176902 0.000000 0.000000
  33 -4.382981 -6.788650 1.674422 -0.975118 0.144403 0.168203 0.000000 0.000000
PLAYER_Chrome1.bmp
  32 -1.038098 1.038227 17.148539 0.974214 0.164802 0.154102 0.000000 0.000000
  32 -1.322078 -1.270135 16.612423 0.978432 -0.151705 0.140204 0.000000 0.000000
  32 -0.559405 1.460389 14.264387 0.976755 0.117494 0.179292 0.000000 0.000000
PLAYER_Chrome1.bmp
  33 -5.132980 3.981104 2.388143 -0.927674 0.373390 0.000100 0.000000 0.000000
  33 -4.392983 5.051912 0.048512 -0.459100 0.888200 0.018100 0.000000 0.000000
  33 -5.132983 3.981908 0.058143 -0.927674 0.373390 0.000100 0.000000 0.000000
PLAYER_Chrome1.bmp
  1 -0.000135 -6.012522 41.523916 0.000000 -0.922154 -0.386823 0.000000 0.000000
  1 1.359865 -6.092578 41.693889 0.099503 -0.618419 -0.779524 0.000000 0.000000
  1 -0.000134 -6.222581 41.693844 0.000000 -0.626291 -0.779589 0.000000 0.000000
PLAYER_Chrome1.bmp
  1 -1.390134 -6.182885 42.563857 -0.132105 -0.812132 0.568322 0.000000 0.000000
  1 -1.410135 -6.012961 42.783916 -0.210893 -0.976167 -0.051198 0.000000 0.000000
  1 -2.310135 -5.912884 42.553951 -0.615621 -0.721424 0.317110 0.000000 0.000000
PLAYER_Chrome1.bmp
  1 -0.000134 -6.162961 42.793864 0.000000 -0.981180 0.193096 0.000000 0.000000
  1 -1.390134 -6.182885 42.563857 -0.132105 -0.812132 0.568322 0.000000 0.000000
  1 -0.000134 -6.302878 42.553816 0.000000 -0.823382 0.567488 0.000000 0.000000
PLAYER_Chrome1.bmp
  1 2.459864 -5.522530 41.564085 0.507784 -0.854574 -0.108897 0.000000 0.000000
  1 2.289865 -5.912872 42.553951 0.615317 -0.721420 0.317709 0.000000 0.000000
  1 2.279865 -5.822572 41.683982 0.455386 -0.615582 -0.643181 0.000000 0.000000
PLAYER_Chrome1.bmp
  1 -1.670138 -4.771194 37.664344 -0.144305 -0.859229 -0.490817 0.000000 0.000000
  1 -0.580138 -4.731015 37.154358 -0.180098 -0.430396 -0.884491 0.000000 0.000000
  1 -1.550137 -5.041221 37.744251 -0.633697 -0.503498 -0.587297 0.000000 0.000000
PLAYER_Chrome1.bmp
  1 -5.290142 -2.983047 43.004962 -0.827988 -0.523292 -0.201497 0.000000 0.000000
  1 -4.010139 -4.413078 43.104468 -0.571306 -0.573205 -0.587406 0.000000 0.000000
  1 -4.730141 -3.743097 43.154700 -0.539198 -0.526897 -0.656997 0.000000 0.000000
PLAYER_Chrome1.bmp
  1 -4.650159 3.426692 43.767175 -0.613684 0.739481 0.276693 0.000000 0.000000
  1 -5.380155 2.086756 43.576713 -0.902897 0.429299 0.021900 0.000000 0.000000
  1 -4.710159 3.416612 43.997172 -0.603928 0.719833 -0.342216 0.000000 0.000000
PLAYER_Chrome1.bmp
  1 4.829841 3.486788 43.557197 0.330209 0.710320 0.621617 0.000000 0.000000
  1 4.179839 4.337695 40.927490 0.346998 0.910895 0.223299 0.000000 0.000000
  1 4.639841 3.416719 43.757172 0.613481 0.739576 0.276891 0.000000 0.000000
PLAYER_Chrome1.bmp
  1 5.359845 2.076783 43.576710 0.901699 0.431799 0.022100 0.000000 0.000000
  1 4.639841 3.416719 43.757172 0.613481 0.739576 0.276891 0.000000 0.000000
  1 4.709841 3.406636 43.997168 0.603775 0.720070 -0.341986 0.000000 0.000000
HEV_torso.bmp
  1 -6.960150 0.018333 38.995998 0.004300 -0.080098 0.996778 0.498759 0.135447
  1 -5.900143 -2.991567 38.714959 0.036999 -0.160296 0.986375 0.429280 0.118156
  1 -6.560150 -0.031662 38.985981 0.004300 -0.080098 0.996778 0.496278 0.135447
HEV_torso.bmp
  1 -6.560150 -0.031662 38.985981 0.004300 -0.080098 0.996778 0.496278 0.135447
  1 -5.900143 -2.991567 38.714959 0.036999 -0.160296 0.986375 0.429280 0.118156
  1 -5.560143 -2.881566 38.714997 0.093897 -0.199594 0.975369 0.434243 0.118156
HEV_torso.bmp
  1 -5.900143 -2.991567 38.714959 0.036999 -0.160296 0.986375 0.429280 0.118156
  1 -3.900139 -4.351351 38.104490 0.165904 -0.280107 0.945524 0.382134 0.097983
  1 -5.560143 -2.881566 38.714997 0.093897 -0.199594 0.975369 0.434243 0.118156
HEV_torso.bmp
  1 -5.560143 -2.881566 38.714997 0.093897 -0.199594 0.975369 0.434243 0.118156
  1 -3.900139 -4.351351 38.104490 0.165904 -0.280107 0.945524 0.382134 0.097983
  1 -3.660140 -4.171347 38.094552 0.231307 -0.271508 0.934227 0.387097 0.097983
HEV_torso.bmp
  1 -3.900139 -4.351351 38.104490 0.165904 -0.280107 0.945524 0.382134 0.097983
  1 -2.680138 -4.731186 37.634358 -0.112304 0.032801 0.993132 0.339950 0.083573
  1 -3.660140 -4.171347 38.094552 0.231307 -0.271508 0.934227 0.387097 0.097983
HEV_torso.bmp
  1 -3.660140 -4.171347 38.094552 0.231307 -0.271508 0.934227 0.387097 0.097983
  1 -2.680138 -4.731186 37.634358 -0.112304 0.032801 0.993132 0.339950 0.083573
  1 -2.500139 -4.541182 37.624424 -0.680922 0.690723 0.243408 0.344913 0.083573
HEV_torso.bmp
  1 -2.680138 -4.731186 37.634358 -0.112304 0.032801 0.993132 0.339950 0.083573
  1 -3.370138 -4.791747 39.254337 -0.692694 0.707494 -0.140099 0.362283 0.161383
  1 -2.500139 -4.541182 37.624424 -0.680922 0.690723 0.243408 0.344913 0.083573
HEV_torso.bmp
  1 -2.500139 -4.541182 37.624424 -0.680922 0.690723 0.243408 0.344913 0.083573
  1 -3.370138 -4.791747 39.254337 -0.692694 0.707494 -0.140099 0.362283 0.161383
  1 -3.160139 -4.581746 39.254410 -0.694131 0.719832 -0.004800 0.367246 0.161383
HEV_torso.bmp
  1 -3.370138 -4.791747 39.254337 -0.692694 0.707494 -0.140099 0.362283 0.161383
  1 -3.260137 -5.142707 42.034216 -0.655925 0.666926 -0.353514 0.367246 0.265130
  1 -3.160139 -4.581746 39.254410 -0.694131 0.719832 -0.004800 0.367246 0.161383
HEV_torso.bmp
  1 -3.160139 -4.581746 39.254410 -0.694131 0.719832 -0.004800 0.367246 0.161383
  1 -3.260137 -5.142707 42.034216 -0.655925 0.666926 -0.353514 0.367246 0.265130
  1 -3.050138 -4.932706 42.034289 -0.348804 0.347704 -0.870309 0.369727 0.265130
HEV_torso.bmp
  1 -3.260137 -5.142707 42.034216 -0.655925 0.666926 -0.353514 0.367246 0.265130
  1 -5.550143 -3.042751 42.144941 -0.010700 0.079498 -0.996778 0.419355 0.268012
  1 -3.050138 -4.932706 42.034289 -0.348804 0.347704 -0.870309 0.369727 0.265130
HEV_torso.bmp
  1 -3.050138 -4.932706 42.034289 -0.348804 0.347704 -0.870309 0.369727 0.265130
  1 -5.550143 -3.042751 42.144941 -0.010700 0.079498 -0.996778 0.419355 0.268012
  1 -5.230143 -2.932750 42.144979 -0.010700 0.079498 -0.996778 0.421836 0.268012
HEV_torso.bmp
  1 -5.550143 -3.042751 42.144941 -0.010700 0.079498 -0.996778 0.419355 0.268012
  1 -6.520150 0.017143 42.445998 0.000100 0.126004 -0.992030 0.498759 0.282421
  1 -5.230143 -2.932750 42.144979 -0.010700 0.079498 -0.996778 0.421836 0.268012
HEV_torso.bmp
  1 -5.230143 -2.932750 42.144979 -0.010700 0.079498 -0.996778 0.421836 0.268012
  1 -6.520150 0.017143 42.445998 0.000100 0.126004 -0.992030 0.498759 0.282421
  1 -6.150150 -0.022852 42.435984 0.035401 0.147504 -0.988428 0.498759 0.282421
HEV_torso.bmp
  1 -6.520150 0.017143 42.445998 0.000100 0.126004 -0.992030 0.498759 0.282421
  1 -5.760156 2.217007 42.846758 -0.137400 -0.242399 -0.960398 0.558313 0.296830
  1 -6.150150 -0.022852 42.435984 0.035401 0.147504 -0.988428 0.498759 0.282421
HEV_torso.bmp
  1 -6.150150 -0.022852 42.435984 0.035401 0.147504 -0.988428 0.498759 0.282421
  1 -5.760156 2.217007 42.846758 -0.137400 -0.242399 -0.960398 0.558313 0.296830
  1 -5.440155 2.067008 42.846706 -0.341402 -0.704403 -0.622303 0.555831 0.296830
HEV_torso.bmp
  1 -5.760156 2.217007 42.846758 -0.137400 -0.242399 -0.960398 0.558313 0.296830
  1 -5.760157 2.527439 41.596865 -0.418503 -0.855006 -0.306302 0.565757 0.247839
  1 -5.440155 2.067008 42.846706 -0.341402 -0.704403 -0.622303 0.555831 0.296830
HEV_torso.bmp
  1 -5.440155 2.067008 42.846706 -0.341402 -0.704403 -0.622303 0.555831 0.296830
  1 -5.760157 2.527439 41.596865 -0.418503 -0.855006 -0.306302 0.565757 0.247839
  1 -5.420156 2.357436 41.606806 -0.444701 -0.807901 -0.386701 0.563275 0.247839
HEV_torso.bmp
  1 -5.760157 2.527439 41.596865 -0.418503 -0.855006 -0.306302 0.565757 0.247839
  1 -5.460158 3.287947 40.127128 -0.417803 -0.701705 -0.577105 0.578164 0.190202
  1 -5.420156 2.357436 41.606806 -0.444701 -0.807901 -0.386701 0.563275 0.247839
HEV_torso.bmp
  1 -5.420156 2.357436 41.606806 -0.444701 -0.807901 -0.386701 0.563275 0.247839
  1 -5.460158 3.287947 40.127128 -0.417803 -0.701705 -0.577105 0.578164 0.190202
  1 -5.130158 3.077948 40.127055 -0.432482 -0.608474 -0.665371 0.575682 0.190202
HEV_torso.bmp
  1 -5.460158 3.287947 40.127128 -0.417803 -0.701705 -0.577105 0.578164 0.190202
  1 -4.840161 4.138249 39.257421 -0.567397 -0.747596 -0.345198 0.595533 0.155620
  1 -5.130158 3.077948 40.127055 -0.432482 -0.608474 -0.665371 0.575682 0.190202
HEV_torso.bmp
  1 -5.130158 3.077948 40.127055 -0.432482 -0.608474 -0.665371 0.575682 0.190202
  1 -4.840161 4.138249 39.257421 -0.567397 -0.747596 -0.345198 0.595533 0.155620
  1 -4.550160 3.888253 39.247335 -0.338893 -0.412892 0.845383 0.590571 0.155620
HEV_torso.bmp
  1 -4.840161 4.138249 39.257421 -0.567397 -0.747596 -0.345198 0.595533 0.155620
  1 -6.370155 2.048300 39.096699 -0.027399 -0.050098 0.998368 0.553350 0.146974
  1 -4.550160 3.888253 39.247335 -0.338893 -0.412892 0.845383 0.590571 0.155620
HEV_torso.bmp
  1 -4.550160 3.888253 39.247335 -0.338893 -0.412892 0.845383 0.590571 0.155620
  1 -6.370155 2.048300 39.096699 -0.027399 -0.050098 0.998368 0.553350 0.146974
  1 -6.010155 1.908298 39.106651 0.004300 -0.080098 0.996778 0.550868 0.146974
HEV_torso.bmp
  1 -6.370155 2.048300 39.096699 -0.027399 -0.050098 0.998368 0.553350 0.146974
  1 -6.960150 0.018333 38.995998 0.004300 -0.080098 0.996778 0.498759 0.135447
  1 -6.010155 1.908298 39.106651 0.004300 -0.080098 0.996778 0.550868 0.146974
HEV_torso.bmp
  1 -6.010155 1.908298 39.106651 0.004300 -0.080098 0.996778 0.550868 0.146974
  1 -6.960150 0.018333 38.995998 0.004300 -0.080098 0.996778 0.498759 0.135447
  1 -6.560150 -0.031662 38.985981 0.004300 -0.080098 0.996778 0.496278 0.135447
HEV_torso.bmp
  1 5.759844 2.517468 41.596861 0.443801 -0.807002 -0.389601 0.565757 0.247839
  1 5.759845 2.207040 42.836754 0.341995 -0.705889 -0.620290 0.558313 0.296830
  1 5.419844 2.347463 41.606803 0.419582 -0.857063 -0.298987 0.563275 0.247839
HEV_torso.bmp
  1 5.419844 2.347463 41.606803 0.419582 -0.857063 -0.298987 0.563275 0.247839
  1 5.759845 2.207040 42.836754 0.341995 -0.705889 -0.620290 0.558313 0.296830
  1 5.429845 2.057035 42.846703 0.139701 -0.244202 -0.959609 0.555831 0.296830
HEV_torso.bmp
  1 5.759845 2.207040 42.836754 0.341995 -0.705889 -0.620290 0.558313 0.296830
  1 6.519850 0.007176 42.445995 -0.034300 0.145901 -0.988704 0.498759 0.282421
  1 5.429845 2.057035 42.846703 0.139701 -0.244202 -0.959609 0.555831 0.296830
HEV_torso.bmp
  1 5.429845 2.057035 42.846703 0.139701 -0.244202 -0.959609 0.555831 0.296830
  1 6.519850 0.007176 42.445995 -0.034300 0.145901 -0.988704 0.498759 0.282421
  1 6.149850 -0.032821 42.435981 0.000100 0.126004 -0.992030 0.498759 0.282421
HEV_torso.bmp
  1 6.519850 0.007176 42.445995 -0.034300 0.145901 -0.988704 0.498759 0.282421
  1 5.529858 -3.052723 42.144938 -0.010700 0.079498 -0.996778 0.419355 0.268012
  1 6.149850 -0.032821 42.435981 0.000100 0.126004 -0.992030 0.498759 0.282421
HEV_torso.bmp
  1 6.149850 -0.032821 42.435981 0.000100 0.126004 -0.992030 0.498759 0.282421
  1 5.529858 -3.052723 42.144938 -0.010700 0.079498 -0.996778 0.419355 0.268012
  1 5.209857 -2.942723 42.144976 0.023900 0.052901 -0.998314 0.421836 0.268012
HEV_torso.bmp
  1 5.529858 -3.052723 42.144938 -0.010700 0.079498 -0.996778 0.419355 0.268012
  1 3.229863 -5.142690 42.034216 0.350115 0.347815 -0.869738 0.367246 0.265130
  1 5.209857 -2.942723 42.144976 0.023900 0.052901 -0.998314 0.421836 0.268012
HEV_torso.bmp
  1 5.209857 -2.942723 42.144976 0.023900 0.052901 -0.998314 0.421836 0.268012
  1 3.229863 -5.142690 42.034216 0.350115 0.347815 -0.869738 0.367246 0.265130
  1 3.019862 -4.942691 42.034286 0.656496 0.666796 -0.352698 0.369727 0.265130
HEV_torso.bmp
  1 3.229863 -5.142690 42.034216 0.350115 0.347815 -0.869738 0.367246 0.265130
  1 3.349862 -4.791730 39.254337 0.694423 0.719524 -0.007900 0.362283 0.161383
  1 3.019862 -4.942691 42.034286 0.656496 0.666796 -0.352698 0.369727 0.265130
HEV_torso.bmp
  1 3.019862 -4.942691 42.034286 0.656496 0.666796 -0.352698 0.369727 0.265130
  1 3.349862 -4.791730 39.254337 0.694423 0.719524 -0.007900 0.362283 0.161383
  1 3.129862 -4.591731 39.254407 0.692785 0.707385 -0.140197 0.367246 0.161383
HEV_torso.bmp
  1 3.349862 -4.791730 39.254337 0.694423 0.719524 -0.007900 0.362283 0.161383
  1 2.659862 -4.741172 37.634355 0.680694 0.689493 0.247498 0.339950 0.083573
  1 3.129862 -4.591731 39.254407 0.692785 0.707385 -0.140197 0.367246 0.161383
HEV_torso.bmp
  1 3.129862 -4.591731 39.254407 0.692785 0.707385 -0.140197 0.367246 0.161383
  1 2.659862 -4.741172 37.634355 0.680694 0.689493 0.247498 0.339950 0.083573
  1 2.479861 -4.551169 37.624420 0.113996 0.031999 0.992966 0.344913 0.083573
HEV_torso.bmp
  1 2.659862 -4.741172 37.634355 0.680694 0.689493 0.247498 0.339950 0.083573
  1 3.879861 -4.361332 38.104486 -0.228604 -0.269704 0.935414 0.382134 0.097983
  1 2.479861 -4.551169 37.624420 0.113996 0.031999 0.992966 0.344913 0.083573
HEV_torso.bmp
  1 2.479861 -4.551169 37.624420 0.113996 0.031999 0.992966 0.344913 0.083573
  1 3.879861 -4.361332 38.104486 -0.228604 -0.269704 0.935414 0.382134 0.097983
  1 3.639861 -4.181329 38.094548 -0.168600 -0.286599 0.943099 0.387097 0.097983
HEV_torso.bmp
  1 3.879861 -4.361332 38.104486 -0.228604 -0.269704 0.935414 0.382134 0.097983
  1 5.879858 -3.001537 38.714956 -0.092502 -0.199504 0.975521 0.429280 0.118156
  1 3.639861 -4.181329 38.094548 -0.168600 -0.286599 0.943099 0.387097 0.097983
HEV_torso.bmp
  1 3.639861 -4.181329 38.094548 -0.168600 -0.286599 0.943099 0.387097 0.097983
  1 5.879858 -3.001537 38.714956 -0.092502 -0.199504 0.975521 0.429280 0.118156
  1 5.549857 -2.891538 38.714994 -0.037801 -0.165303 0.985518 0.434243 0.118156
HEV_torso.bmp
  1 5.879858 -3.001537 38.714956 -0.092502 -0.199504 0.975521 0.429280 0.118156
  1 6.949850 0.008369 38.995995 0.004300 -0.080098 0.996778 0.498759 0.135447
  1 5.549857 -2.891538 38.714994 -0.037801 -0.165303 0.985518 0.434243 0.118156
HEV_torso.bmp
  1 5.549857 -2.891538 38.714994 -0.037801 -0.165303 0.985518 0.434243 0.118156
  1 6.949850 0.008369 38.995995 0.004300 -0.080098 0.996778 0.498759 0.135447
  1 6.559850 -0.041636 39.005978 0.004300 -0.080098 0.996778 0.496278 0.135447
HEV_torso.bmp
  1 6.949850 0.008369 38.995995 0.004300 -0.080098 0.996778 0.498759 0.135447
  1 6.359845 2.038332 39.096696 0.004300 -0.080098 0.996778 0.553350 0.146974
  1 6.559850 -0.041636 39.005978 0.004300 -0.080098 0.996778 0.496278 0.135447
HEV_torso.bmp
  1 6.559850 -0.041636 39.005978 0.004300 -0.080098 0.996778 0.496278 0.135447
  1 6.359845 2.038332 39.096696 0.004300 -0.080098 0.996778 0.553350 0.146974
  1 5.999845 1.898332 39.096648 0.027701 -0.050801 0.998325 0.550868 0.146974
HEV_torso.bmp
  1 6.359845 2.038332 39.096696 0.004300 -0.080098 0.996778 0.553350 0.146974
  1 4.839840 4.128273 39.257418 0.336202 -0.409702 0.848005 0.595533 0.155620
  1 5.999845 1.898332 39.096648 0.027701 -0.050801 0.998325 0.550868 0.146974
HEV_torso.bmp
  1 5.999845 1.898332 39.096648 0.027701 -0.050801 0.998325 0.550868 0.146974
  1 4.839840 4.128273 39.257418 0.336202 -0.409702 0.848005 0.595533 0.155620
  1 4.549840 3.878276 39.247331 0.566171 -0.748762 -0.344682 0.590571 0.155620
HEV_torso.bmp
  1 4.839840 4.128273 39.257418 0.336202 -0.409702 0.848005 0.595533 0.155620
  1 5.449841 3.277975 40.127124 0.429294 -0.604992 -0.670591 0.578164 0.190202
  1 4.549840 3.878276 39.247331 0.566171 -0.748762 -0.344682 0.590571 0.155620
HEV_torso.bmp
  1 4.549840 3.878276 39.247331 0.566171 -0.748762 -0.344682 0.590571 0.155620
  1 5.449841 3.277975 40.127124 0.429294 -0.604992 -0.670591 0.578164 0.190202
  1 5.129842 3.067974 40.127052 0.420314 -0.705823 -0.570219 0.575682 0.190202
HEV_torso.bmp
  1 5.449841 3.277975 40.127124 0.429294 -0.604992 -0.670591 0.578164 0.190202
  1 5.759844 2.517468 41.596861 0.443801 -0.807002 -0.389601 0.565757 0.247839
  1 5.129842 3.067974 40.127052 0.420314 -0.705823 -0.570219 0.575682 0.190202
HEV_torso.bmp
  1 5.129842 3.067974 40.127052 0.420314 -0.705823 -0.570219 0.575682 0.190202
  1 5.759844 2.517468 41.596861 0.443801 -0.807002 -0.389601 0.565757 0.247839
  1 5.419844 2.347463 41.606803 0.419582 -0.857063 -0.298987 0.563275 0.247839
HEV_torso.bmp
  1 -0.000163 5.157011 42.877773 0.000500 -0.034800 -0.999394 0.744417 0.293948
  1 1.689837 4.997012 42.887718 0.000500 -0.034800 -0.999394 0.687345 0.293948
  1 -0.000163 4.957011 42.877704 0.000500 -0.034800 -0.999394 0.744417 0.293948
HEV_torso.bmp
  1 -0.000163 4.957011 42.877704 0.000500 -0.034800 -0.999394 0.744417 0.293948
  1 1.689837 4.997012 42.887718 0.000500 -0.034800 -0.999394 0.687345 0.293948
  1 1.649838 4.787012 42.887645 0.000500 -0.034800 -0.999394 0.687345 0.293948
HEV_torso.bmp
  1 1.689837 4.997012 42.887718 0.000500 -0.034800 -0.999394 0.687345 0.293948
  1 3.389839 4.437020 42.877524 -0.295911 0.125505 -0.946935 0.627792 0.293948
  1 1.649838 4.787012 42.887645 0.000500 -0.034800 -0.999394 0.687345 0.293948
HEV_torso.bmp
  1 1.649838 4.787012 42.887645 0.000500 -0.034800 -0.999394 0.687345 0.293948
  1 3.389839 4.437020 42.877524 -0.295911 0.125505 -0.946935 0.627792 0.293948
  1 3.299839 4.237016 42.887455 -0.591974 0.263788 -0.761566 0.632754 0.293948
HEV_torso.bmp
  1 3.389839 4.437020 42.877524 -0.295911 0.125505 -0.946935 0.627792 0.293948
  1 3.729839 4.417204 42.347517 -0.896617 0.406108 -0.176503 0.617866 0.273775
  1 3.299839 4.237016 42.887455 -0.591974 0.263788 -0.761566 0.632754 0.293948
HEV_torso.bmp
  1 3.299839 4.237016 42.887455 -0.591974 0.263788 -0.761566 0.632754 0.293948
  1 3.729839 4.417204 42.347517 -0.896617 0.406108 -0.176503 0.617866 0.273775
  1 3.629839 4.207203 42.347445 -0.884778 0.401190 0.237094 0.620347 0.273775
HEV_torso.bmp
  1 3.729839 4.417204 42.347517 -0.896617 0.406108 -0.176503 0.617866 0.273775
  1 3.389838 4.577399 41.777573 -0.562898 0.251299 0.787397 0.627792 0.250720
  1 3.629839 4.207203 42.347445 -0.884778 0.401190 0.237094 0.620347 0.273775
HEV_torso.bmp
  1 3.629839 4.207203 42.347445 -0.884778 0.401190 0.237094 0.620347 0.273775
  1 3.389838 4.577399 41.777573 -0.562898 0.251299 0.787397 0.627792 0.250720
  1 3.299839 4.377399 41.777504 -0.285302 0.121501 0.950705 0.632754 0.250720
HEV_torso.bmp
  1 3.389838 4.577399 41.777573 -0.562898 0.251299 0.787397 0.627792 0.250720
  1 1.689837 5.157392 41.787773 0.000000 0.000000 1.000000 0.687345 0.250720
  1 3.299839 4.377399 41.777504 -0.285302 0.121501 0.950705 0.632754 0.250720
HEV_torso.bmp
  1 3.299839 4.377399 41.777504 -0.285302 0.121501 0.950705 0.632754 0.250720
  1 1.689837 5.157392 41.787773 0.000000 0.000000 1.000000 0.687345 0.250720
  1 1.649837 4.957392 41.787704 0.000000 0.000000 1.000000 0.687345 0.250720
HEV_torso.bmp
  1 1.689837 5.157392 41.787773 0.000000 0.000000 1.000000 0.687345 0.250720
  1 -0.000164 5.327391 41.777832 0.000000 0.000000 1.000000 0.744417 0.250720
  1 1.649837 4.957392 41.787704 0.000000 0.000000 1.000000 0.687345 0.250720
HEV_torso.bmp
  1 1.649837 4.957392 41.787704 0.000000 0.000000 1.000000 0.687345 0.250720
  1 -0.000164 5.327391 41.777832 0.000000 0.000000 1.000000 0.744417 0.250720
  1 -0.000163 5.127391 41.777763 0.000000 0.000000 1.000000 0.744417 0.250720
HEV_torso.bmp
  1 -0.000164 5.327391 41.777832 0.000000 0.000000 1.000000 0.744417 0.250720
  1 -1.690163 5.157383 41.787773 0.000000 0.000000 1.000000 0.801489 0.250720
  1 -0.000163 5.127391 41.777763 0.000000 0.000000 1.000000 0.744417 0.250720
HEV_torso.bmp
  1 -0.000163 5.127391 41.777763 0.000000 0.000000 1.000000 0.744417 0.250720
  1 -1.690163 5.157383 41.787773 0.000000 0.000000 1.000000 0.801489 0.250720
  1 -1.650163 4.957383 41.787704 0.000000 0.000000 1.000000 0.801489 0.250720
HEV_torso.bmp
  1 -1.690163 5.157383 41.787773 0.000000 0.000000 1.000000 0.801489 0.250720
  1 -3.390162 4.587382 41.777576 0.282798 0.120399 0.951593 0.861042 0.250720
  1 -1.650163 4.957383 41.787704 0.000000 0.000000 1.000000 0.801489 0.250720
HEV_torso.bmp
  1 -1.650163 4.957383 41.787704 0.000000 0.000000 1.000000 0.801489 0.250720
  1 -3.390162 4.587382 41.777576 0.282798 0.120399 0.951593 0.861042 0.250720
  1 -3.310161 4.387382 41.777507 0.562816 0.251407 0.787422 0.856079 0.250720
HEV_torso.bmp
  1 -3.390162 4.587382 41.777576 0.282798 0.120399 0.951593 0.861042 0.250720
  1 -3.730161 4.417185 42.347517 0.885407 0.401503 0.234202 0.870968 0.273775
  1 -3.310161 4.387382 41.777507 0.562816 0.251407 0.787422 0.856079 0.250720
HEV_torso.bmp
  1 -3.310161 4.387382 41.777507 0.562816 0.251407 0.787422 0.856079 0.250720
  1 -3.730161 4.417185 42.347517 0.885407 0.401503 0.234202 0.870968 0.273775
  1 -3.640161 4.217185 42.347448 0.896213 0.405906 -0.179003 0.868486 0.273775
HEV_torso.bmp
  1 -3.730161 4.417185 42.347517 0.885407 0.401503 0.234202 0.870968 0.273775
  1 -3.400161 4.447002 42.877528 0.592019 0.263808 -0.761524 0.861042 0.293948
  1 -3.640161 4.217185 42.347448 0.896213 0.405906 -0.179003 0.868486 0.273775
HEV_torso.bmp
  1 -3.640161 4.217185 42.347448 0.896213 0.405906 -0.179003 0.868486 0.273775
  1 -3.400161 4.447002 42.877528 0.592019 0.263808 -0.761524 0.861042 0.293948
  1 -3.310161 4.246999 42.887459 0.298609 0.126704 -0.945928 0.856079 0.293948
HEV_torso.bmp
  1 -3.400161 4.447002 42.877528 0.592019 0.263808 -0.761524 0.861042 0.293948
  1 -1.690163 4.997003 42.887718 0.000500 -0.034800 -0.999394 0.801489 0.293948
  1 -3.310161 4.246999 42.887459 0.298609 0.126704 -0.945928 0.856079 0.293948
HEV_torso.bmp
  1 -3.310161 4.246999 42.887459 0.298609 0.126704 -0.945928 0.856079 0.293948
  1 -1.690163 4.997003 42.887718 0.000500 -0.034800 -0.999394 0.801489 0.293948
  1 -1.650162 4.797003 42.887649 0.000500 -0.034800 -0.999394 0.801489 0.293948
HEV_torso.bmp
  1 -1.690163 4.997003 42.887718 0.000500 -0.034800 -0.999394 0.801489 0.293948
  1 -0.000163 5.157011 42.877773 0.000500 -0.034800 -0.999394 0.744417 0.293948
  1 -1.650162 4.797003 42.887649 0.000500 -0.034800 -0.999394 0.801489 0.293948
HEV_torso.bmp
  1 -1.650162 4.797003 42.887649 0.000500 -0.034800 -0.999394 0.801489 0.293948
  1 -0.000163 5.157011 42.877773 0.000500 -0.034800 -0.999394 0.744417 0.293948
  1 -0.000163 4.957011 42.877704 0.000500 -0.034800 -0.999394 0.744417 0.293948
HEV_torso.bmp
  1 -1.690163 4.997003 42.887718 -0.188203 0.977417 0.096102 0.801489 0.293948
  1 -0.000163 5.096679 43.837752 0.000000 0.991748 0.128206 0.744417 0.325648
  1 -0.000163 5.157011 42.877773 0.000000 0.997476 0.070998 0.744417 0.293948
HEV_torso.bmp
  1 -0.000163 5.157011 42.877773 0.000000 0.997476 0.070998 0.744417 0.293948
  1 -0.000163 5.096679 43.837752 0.000000 0.991748 0.128206 0.744417 0.325648
  1 1.689837 4.997012 42.887718 0.188102 0.977407 0.096401 0.687345 0.293948
HEV_torso.bmp
  1 -0.000163 5.096679 43.837752 0.000000 0.991748 0.128206 0.744417 0.325648
  1 2.519838 4.686700 43.797611 0.312494 0.939681 0.139097 0.657568 0.325648
  1 1.689837 4.997012 42.887718 0.188102 0.977407 0.096401 0.687345 0.293948
HEV_torso.bmp
  1 1.689837 4.997012 42.887718 0.188102 0.977407 0.096401 0.687345 0.293948
  1 2.519838 4.686700 43.797611 0.312494 0.939681 0.139097 0.657568 0.325648
  1 3.389839 4.437020 42.877524 0.405023 0.900950 0.155709 0.627792 0.293948
HEV_torso.bmp
  1 2.519838 4.686700 43.797611 0.312494 0.939681 0.139097 0.657568 0.325648
  1 4.469840 3.696770 43.607269 0.454414 0.864826 0.213506 0.593052 0.319885
  1 3.389839 4.437020 42.877524 0.405023 0.900950 0.155709 0.627792 0.293948
HEV_torso.bmp
  1 3.389839 4.437020 42.877524 0.405023 0.900950 0.155709 0.627792 0.293948
  1 4.469840 3.696770 43.607269 0.454414 0.864826 0.213506 0.593052 0.319885
  1 3.729839 4.417204 42.347517 0.378110 0.902822 0.204805 0.617866 0.273775
HEV_torso.bmp
  1 4.469840 3.696770 43.607269 0.454414 0.864826 0.213506 0.593052 0.319885
  1 4.039838 4.567677 40.977569 0.318990 0.928170 0.191694 0.605459 0.221902
  1 3.729839 4.417204 42.347517 0.378110 0.902822 0.204805 0.617866 0.273775
HEV_torso.bmp
  1 3.729839 4.417204 42.347517 0.378110 0.902822 0.204805 0.617866 0.273775
  1 4.039838 4.567677 40.977569 0.318990 0.928170 0.191694 0.605459 0.221902
  1 3.389838 4.577399 41.777573 0.264612 0.947043 0.181908 0.627792 0.250720
HEV_torso.bmp
  1 4.039838 4.567677 40.977569 0.318990 0.928170 0.191694 0.605459 0.221902
  1 3.059837 5.078068 39.837746 0.264612 0.947043 0.181908 0.640199 0.175793
  1 3.389838 4.577399 41.777573 0.264612 0.947043 0.181908 0.627792 0.250720
HEV_torso.bmp
  1 3.389838 4.577399 41.777573 0.264612 0.947043 0.181908 0.627792 0.250720
  1 3.059837 5.078068 39.837746 0.264612 0.947043 0.181908 0.640199 0.175793
  1 1.689837 5.157392 41.787773 0.200806 0.970628 0.132504 0.687345 0.250720
HEV_torso.bmp
  1 3.059837 5.078068 39.837746 0.264612 0.947043 0.181908 0.640199 0.175793
  1 2.039836 5.348232 39.357839 0.188102 0.977407 0.096401 0.674938 0.155620
  1 1.689837 5.157392 41.787773 0.200806 0.970628 0.132504 0.687345 0.250720
HEV_torso.bmp
  1 1.689837 5.157392 41.787773 0.200806 0.970628 0.132504 0.687345 0.250720
  1 2.039836 5.348232 39.357839 0.188102 0.977407 0.096401 0.674938 0.155620
  1 0.909836 5.588298 39.157922 0.096304 0.988836 0.113704 0.712159 0.149856
HEV_torso.bmp
  4 -3.220133 4.517001 48.194482 0.324808 0.272006 0.905821 0.853598 0.495677
  4 -3.540132 4.673950 48.717136 0.981200 0.055300 0.184900 0.866005 0.524496
  4 -3.220133 4.270910 48.277183 0.649482 0.218594 0.728279 0.848635 0.498559
HEV_torso.bmp
  4 -3.220133 4.270910 48.277183 0.649482 0.218594 0.728279 0.848635 0.498559
  4 -3.540132 4.673950 48.717136 0.981200 0.055300 0.184900 0.866005 0.524496
  4 -3.530132 4.417873 48.800348 0.981215 -0.055701 -0.184703 0.861042 0.524496
HEV_torso.bmp
  4 -3.540132 4.673950 48.717136 0.981200 0.055300 0.184900 0.866005 0.524496
  4 -3.220131 4.820913 49.240301 0.649529 -0.218610 -0.728232 0.853598 0.553314
  4 -3.530132 4.417873 48.800348 0.981215 -0.055701 -0.184703 0.861042 0.524496
HEV_torso.bmp
  4 -3.530132 4.417873 48.800348 0.981215 -0.055701 -0.184703 0.861042 0.524496
  4 -3.220131 4.820913 49.240301 0.649529 -0.218610 -0.728232 0.853598 0.553314
  4 -3.220131 4.574822 49.323002 0.324706 -0.271805 -0.905918 0.848635 0.547550
HEV_torso.bmp
  4 -3.220131 4.820913 49.240301 0.649529 -0.218610 -0.728232 0.853598 0.553314
  4 3.189869 4.810405 49.230817 -0.324707 -0.271805 -0.905918 0.637717 0.553314
  4 -3.220131 4.574822 49.323002 0.324706 -0.271805 -0.905918 0.848635 0.547550
HEV_torso.bmp
  4 -3.220131 4.574822 49.323002 0.324706 -0.271805 -0.905918 0.848635 0.547550
  4 3.189869 4.810405 49.230817 -0.324707 -0.271805 -0.905918 0.637717 0.553314
  4 3.189869 4.564826 49.323504 -0.649496 -0.218498 -0.728295 0.642680 0.547550
HEV_torso.bmp
  4 3.189869 4.810405 49.230817 -0.324707 -0.271805 -0.905918 0.637717 0.553314
  4 3.509868 4.663442 48.707651 -0.981189 -0.055499 -0.184898 0.622829 0.524496
  4 3.189869 4.564826 49.323504 -0.649496 -0.218498 -0.728295 0.642680 0.547550
HEV_torso.bmp
  4 3.189869 4.564826 49.323504 -0.649496 -0.218498 -0.728295 0.642680 0.547550
  4 3.509868 4.663442 48.707651 -0.981189 -0.055499 -0.184898 0.622829 0.524496
  4 3.509868 4.407876 48.800850 -0.981189 0.055500 0.184898 0.627792 0.524496
HEV_torso.bmp
  4 3.509868 4.663442 48.707651 -0.981189 -0.055499 -0.184898 0.622829 0.524496
  4 3.189867 4.517504 48.204459 -0.649496 0.218499 0.728295 0.637717 0.495677
  4 3.509868 4.407876 48.800850 -0.981189 0.055500 0.184898 0.627792 0.524496
HEV_torso.bmp
  4 3.509868 4.407876 48.800850 -0.981189 0.055500 0.184898 0.627792 0.524496
  4 3.189867 4.517504 48.204459 -0.649496 0.218499 0.728295 0.637717 0.495677
  4 3.189867 4.260403 48.267698 -0.324698 0.271898 0.905893 0.642680 0.498559
HEV_torso.bmp
  4 3.189867 4.517504 48.204459 -0.649496 0.218499 0.728295 0.637717 0.495677
  4 -3.220133 4.517001 48.194482 0.324808 0.272006 0.905821 0.853598 0.495677
  4 3.189867 4.260403 48.267698 -0.324698 0.271898 0.905893 0.642680 0.498559
HEV_torso.bmp
  4 3.189867 4.260403 48.267698 -0.324698 0.271898 0.905893 0.642680 0.498559
  4 -3.220133 4.517001 48.194482 0.324808 0.272006 0.905821 0.853598 0.495677
  4 -3.220133 4.270910 48.277183 0.649482 0.218594 0.728279 0.848635 0.498559
HEV_torso.bmp
  1 -0.000134 -6.363033 43.003795 -0.013600 -0.387489 -0.921774 0.255583 0.296830
  1 1.489866 -6.203033 43.013850 0.371394 -0.529792 -0.762488 0.312655 0.296830
  1 -0.000133 -6.713085 43.153674 -0.011701 -0.807525 -0.589718 0.255583 0.302594
HEV_torso.bmp
  1 -0.000133 -6.713085 43.153674 -0.011701 -0.807525 -0.589718 0.255583 0.302594
  1 1.489866 -6.203033 43.013850 0.371394 -0.529792 -0.762488 0.312655 0.296830
  1 1.259867 -6.573085 43.163723 0.468322 -0.834640 -0.289914 0.305211 0.302594
HEV_torso.bmp
  1 1.489866 -6.203033 43.013850 0.371394 -0.529792 -0.762488 0.312655 0.296830
  1 1.499866 -6.323534 44.463809 0.715659 -0.612166 0.336281 0.312655 0.354467
  1 1.259867 -6.573085 43.163723 0.468322 -0.834640 -0.289914 0.305211 0.302594
HEV_torso.bmp
  1 1.259867 -6.573085 43.163723 0.468322 -0.834640 -0.289914 0.305211 0.302594
  1 1.499866 -6.323534 44.463809 0.715659 -0.612166 0.336281 0.312655 0.354467
  1 1.269867 -6.663479 44.303692 0.336412 -0.763028 0.551920 0.305211 0.348703
HEV_torso.bmp
  1 1.499866 -6.323534 44.463809 0.715659 -0.612166 0.336281 0.312655 0.354467
  1 -0.000134 -6.483534 44.453753 0.013700 -0.404801 0.914302 0.255583 0.354467
  1 1.269867 -6.663479 44.303692 0.336412 -0.763028 0.551920 0.305211 0.348703
HEV_torso.bmp
  1 1.269867 -6.663479 44.303692 0.336412 -0.763028 0.551920 0.305211 0.348703
  1 -0.000134 -6.483534 44.453753 0.013700 -0.404801 0.914302 0.255583 0.354467
  1 -0.000133 -6.803486 44.313643 0.013000 -0.859899 0.510299 0.255583 0.348703
HEV_torso.bmp
  1 -0.000134 -6.483534 44.453753 0.013700 -0.404801 0.914302 0.255583 0.354467
  1 -1.530134 -6.323541 44.463809 -0.384393 -0.556490 0.736587 0.198511 0.354467
  1 -0.000133 -6.803486 44.313643 0.013000 -0.859899 0.510299 0.255583 0.348703
HEV_torso.bmp
  1 -0.000133 -6.803486 44.313643 0.013000 -0.859899 0.510299 0.255583 0.348703
  1 -1.530134 -6.323541 44.463809 -0.384393 -0.556490 0.736587 0.198511 0.354467
  1 -1.300133 -6.663486 44.303692 -0.480997 -0.862294 0.158399 0.208437 0.348703
HEV_torso.bmp
  1 -1.530134 -6.323541 44.463809 -0.384393 -0.556490 0.736587 0.198511 0.354467
  1 -1.520134 -6.203041 43.013850 -0.694698 -0.588498 -0.413599 0.198511 0.296830
  1 -1.300133 -6.663486 44.303692 -0.480997 -0.862294 0.158399 0.208437 0.348703
HEV_torso.bmp
  1 -1.300133 -6.663486 44.303692 -0.480997 -0.862294 0.158399 0.208437 0.348703
  1 -1.520134 -6.203041 43.013850 -0.694698 -0.588498 -0.413599 0.198511 0.296830
  1 -1.290133 -6.573092 43.163723 -0.341402 -0.704403 -0.622303 0.208437 0.302594
HEV_torso.bmp
  1 -1.520134 -6.203041 43.013850 -0.694698 -0.588498 -0.413599 0.198511 0.296830
  1 -0.000134 -6.363033 43.003795 -0.013600 -0.387489 -0.921774 0.255583 0.296830
  1 -1.290133 -6.573092 43.163723 -0.341402 -0.704403 -0.622303 0.208437 0.302594
HEV_torso.bmp
  1 -1.290133 -6.573092 43.163723 -0.341402 -0.704403 -0.622303 0.208437 0.302594
  1 -0.000134 -6.363033 43.003795 -0.013600 -0.387489 -0.921774 0.255583 0.296830
  1 -0.000133 -6.713085 43.153674 -0.011701 -0.807525 -0.589718 0.255583 0.302594
HEV_torso.bmp
  4 3.029864 4.120392 46.903075 0.000000 0.999429 -0.033801 0.645161 0.449568
  4 2.789866 4.313955 47.554024 0.000000 0.960115 -0.279604 0.655087 0.475504
  4 3.799864 4.119880 46.893087 0.267796 0.886487 -0.377394 0.620347 0.449568
HEV_torso.bmp
  4 3.799864 4.119880 46.893087 0.267796 0.886487 -0.377394 0.620347 0.449568
  4 2.789866 4.313955 47.554024 0.000000 0.960115 -0.279604 0.655087 0.475504
  4 3.189867 4.517504 48.204459 0.000000 0.960115 -0.279604 0.637717 0.495677
HEV_torso.bmp
  4 2.789866 4.313955 47.554024 0.000000 0.960115 -0.279604 0.655087 0.475504
  4 -2.810134 4.323949 47.553520 0.000000 0.960115 -0.279604 0.836228 0.475504
  4 3.189867 4.517504 48.204459 0.000000 0.960115 -0.279604 0.637717 0.495677
HEV_torso.bmp
  4 3.189867 4.517504 48.204459 0.000000 0.960115 -0.279604 0.637717 0.495677
  4 -2.810134 4.323949 47.553520 0.000000 0.960115 -0.279604 0.836228 0.475504
  4 -3.220133 4.517001 48.194482 0.000000 0.960115 -0.279604 0.853598 0.495677
HEV_torso.bmp
  4 -2.810134 4.323949 47.553520 0.000000 0.960115 -0.279604 0.836228 0.475504
  4 -3.810136 4.129877 46.892586 -0.267796 0.886487 -0.377394 0.873449 0.449568
  4 -3.220133 4.517001 48.194482 0.000000 0.960115 -0.279604 0.853598 0.495677
HEV_torso.bmp
  4 -3.220133 4.517001 48.194482 0.000000 0.960115 -0.279604 0.853598 0.495677
  4 -3.810136 4.129877 46.892586 -0.267796 0.886487 -0.377394 0.873449 0.449568
  4 -3.540132 4.673950 48.717136 -0.263908 0.931530 -0.250208 0.866005 0.524496
HEV_torso.bmp
  4 -3.810136 4.129877 46.892586 -0.267796 0.886487 -0.377394 0.873449 0.449568
  4 -4.500135 3.925499 47.593964 -0.789076 0.551684 -0.270192 0.883375 0.481268
  4 -3.540132 4.673950 48.717136 -0.263908 0.931530 -0.250208 0.866005 0.524496
HEV_torso.bmp
  4 -3.540132 4.673950 48.717136 -0.263908 0.931530 -0.250208 0.866005 0.524496
  4 -4.500135 3.925499 47.593964 -0.789076 0.551684 -0.270192 0.883375 0.481268
  4 -4.500131 4.533058 49.875865 -0.787630 0.613724 -0.054602 0.883375 0.561960
HEV_torso.bmp
  4 -4.500135 3.925499 47.593964 -0.789076 0.551684 -0.270192 0.883375 0.481268
  4 -4.690133 3.592544 48.912729 -0.965771 0.245993 -0.082298 0.903226 0.521614
  4 -4.500131 4.533058 49.875865 -0.787630 0.613724 -0.054602 0.883375 0.561960
HEV_torso.bmp
  4 -4.500131 4.533058 49.875865 -0.787630 0.613724 -0.054602 0.883375 0.561960
  4 -4.690133 3.592544 48.912729 -0.965771 0.245993 -0.082298 0.903226 0.521614
  4 -4.710131 3.880310 50.229729 -0.910327 0.384211 0.153905 0.903226 0.579251
HEV_torso.bmp
  1 -1.690163 4.997003 42.887718 -0.188203 0.977417 0.096102 0.801489 0.293948
  1 -3.400161 4.447002 42.877528 -0.405083 0.901064 0.154894 0.861042 0.293948
  1 -2.530162 4.696687 43.797614 -0.312708 0.939726 0.138304 0.831266 0.325648
HEV_torso.bmp
  1 -2.530162 4.696687 43.797614 -0.312708 0.939726 0.138304 0.831266 0.325648
  1 -3.400161 4.447002 42.877528 -0.405083 0.901064 0.154894 0.861042 0.293948
  1 -4.480159 3.706748 43.607272 -0.454412 0.865024 0.212706 0.898263 0.319885
HEV_torso.bmp
  1 -3.400161 4.447002 42.877528 -0.405083 0.901064 0.154894 0.861042 0.293948
  1 -3.730161 4.417185 42.347517 -0.378285 0.902865 0.204292 0.870968 0.273775
  1 -4.480159 3.706748 43.607272 -0.454412 0.865024 0.212706 0.898263 0.319885
HEV_torso.bmp
  1 -4.480159 3.706748 43.607272 -0.454412 0.865024 0.212706 0.898263 0.319885
  1 -3.730161 4.417185 42.347517 -0.378285 0.902865 0.204292 0.870968 0.273775
  1 -4.040162 4.577657 40.977573 -0.319398 0.928193 0.190899 0.883375 0.221902
HEV_torso.bmp
  1 -3.730161 4.417185 42.347517 -0.378285 0.902865 0.204292 0.870968 0.273775
  1 -3.390162 4.587382 41.777576 -0.264590 0.947167 0.181294 0.861042 0.250720
  1 -4.040162 4.577657 40.977573 -0.319398 0.928193 0.190899 0.883375 0.221902
HEV_torso.bmp
  1 -4.040162 4.577657 40.977573 -0.319398 0.928193 0.190899 0.883375 0.221902
  1 -3.390162 4.587382 41.777576 -0.264590 0.947167 0.181294 0.861042 0.250720
  1 -3.060163 5.088053 39.837749 -0.264590 0.947167 0.181294 0.848635 0.175793
HEV_torso.bmp
  1 -3.390162 4.587382 41.777576 -0.264590 0.947167 0.181294 0.861042 0.250720
  1 -1.690163 5.157383 41.787773 -0.200196 0.970783 0.132298 0.801489 0.250720
  1 -3.060163 5.088053 39.837749 -0.264590 0.947167 0.181294 0.848635 0.175793
HEV_torso.bmp
  1 -3.060163 5.088053 39.837749 -0.264590 0.947167 0.181294 0.848635 0.175793
  1 -1.690163 5.157383 41.787773 -0.200196 0.970783 0.132298 0.801489 0.250720
  1 -2.030164 5.348221 39.357839 -0.188203 0.977417 0.096102 0.813896 0.155620
HEV_torso.bmp
  1 -1.690163 5.157383 41.787773 -0.200196 0.970783 0.132298 0.801489 0.250720
  1 -0.910164 5.588293 39.157922 -0.096097 0.988869 0.113596 0.776675 0.149856
  1 -2.030164 5.348221 39.357839 -0.188203 0.977417 0.096102 0.813896 0.155620
HEV_torso.bmp
  1 -4.620140 -3.773615 44.654689 -0.517697 -0.569596 0.638396 0.017370 0.786744
  3 -4.760148 -2.974534 45.262137 -0.581376 -0.444981 0.681171 0.017370 0.789625
  1 -5.290142 -3.073637 44.714931 -0.599483 -0.421388 0.680480 0.014888 0.789625
HEV_torso.bmp
  1 -5.290142 -3.073637 44.714931 -0.599483 -0.421388 0.680480 0.014888 0.789625
  3 -4.760148 -2.974534 45.262137 -0.581376 -0.444981 0.681171 0.017370 0.789625
  1 -5.570145 -2.153673 44.815249 -0.615909 -0.233203 0.752511 0.012407 0.795389
HEV_torso.bmp
  3 -4.760148 -2.974534 45.262137 -0.581376 -0.444981 0.681171 0.017370 0.789625
  4 -5.450143 0.014836 45.531369 -0.591998 -0.144399 0.792898 0.012407 0.812680
  1 -5.570145 -2.153673 44.815249 -0.615909 -0.233203 0.752511 0.012407 0.795389
HEV_torso.bmp
  1 -5.570145 -2.153673 44.815249 -0.615909 -0.233203 0.752511 0.012407 0.795389
  4 -5.450143 0.014836 45.531369 -0.591998 -0.144399 0.792898 0.012407 0.812680
  1 -6.070150 0.046233 45.086008 -0.618276 -0.030499 0.785369 0.009926 0.812680
HEV_torso.bmp
  4 -5.450143 0.014836 45.531369 -0.591998 -0.144399 0.792898 0.012407 0.812680
  4 -4.870140 1.788127 45.941167 -0.628322 0.156606 0.762027 0.014888 0.824207
  1 -6.070150 0.046233 45.086008 -0.618276 -0.030499 0.785369 0.009926 0.812680
HEV_torso.bmp
  1 -6.070150 0.046233 45.086008 -0.618276 -0.030499 0.785369 0.009926 0.812680
  4 -4.870140 1.788127 45.941167 -0.628322 0.156606 0.762027 0.014888 0.824207
  1 -5.360155 2.066131 45.386706 -0.653709 0.317305 0.687010 0.012407 0.824207
HEV_torso.bmp
  4 -4.870140 1.788127 45.941167 -0.628322 0.156606 0.762027 0.014888 0.824207
  4 -3.390137 3.570892 46.340465 -0.295402 0.633305 0.715306 0.024814 0.835735
  1 -5.360155 2.066131 45.386706 -0.653709 0.317305 0.687010 0.012407 0.824207
HEV_torso.bmp
  1 -5.360155 2.066131 45.386706 -0.653709 0.317305 0.687010 0.012407 0.824207
  4 -3.390137 3.570892 46.340465 -0.295402 0.633305 0.715306 0.024814 0.835735
  1 -3.680160 3.866000 45.777327 -0.408605 0.699909 0.585807 0.022333 0.838617
HEV_torso.bmp
  4 -3.390137 3.570892 46.340465 -0.295402 0.633305 0.715306 0.024814 0.835735
  1 -1.840161 4.105995 45.807411 -0.109499 0.828092 0.549794 0.032258 0.838617
  1 -3.680160 3.866000 45.777327 -0.408605 0.699909 0.585807 0.022333 0.838617
HEV_torso.bmp
  4 6.029858 -0.004924 46.123138 0.666892 0.104499 -0.737791 0.506203 0.414986
  4 5.899856 -2.694277 47.572650 0.614600 -0.413300 -0.671900 0.459057 0.461095
  4 5.419857 0.004834 45.531865 0.675674 -0.154294 -0.720873 0.506203 0.400576
HEV_torso.bmp
  4 5.419857 0.004834 45.531865 0.675674 -0.154294 -0.720873 0.506203 0.400576
  4 5.899856 -2.694277 47.572650 0.614600 -0.413300 -0.671900 0.459057 0.461095
  4 5.259856 -2.712944 47.012873 0.614600 -0.413300 -0.671900 0.439206 0.443804
HEV_torso.bmp
  4 5.899856 -2.694277 47.572650 0.614600 -0.413300 -0.671900 0.459057 0.461095
  4 4.569854 -5.629171 48.333826 0.518023 -0.551625 -0.653729 0.399504 0.507205
  4 5.259856 -2.712944 47.012873 0.614600 -0.413300 -0.671900 0.439206 0.443804
HEV_torso.bmp
  4 5.259856 -2.712944 47.012873 0.614600 -0.413300 -0.671900 0.439206 0.443804
  4 4.569854 -5.629171 48.333826 0.518023 -0.551625 -0.653729 0.399504 0.507205
  4 4.109853 -5.348743 47.748710 0.383377 -0.618563 -0.685859 0.389578 0.487032
HEV_torso.bmp
  4 4.569854 -5.629171 48.333826 0.518023 -0.551625 -0.653729 0.399504 0.507205
  4 1.809852 -7.087007 48.608787 0.178199 -0.664098 -0.726098 0.320099 0.512968
  4 4.109853 -5.348743 47.748710 0.383377 -0.618563 -0.685859 0.389578 0.487032
HEV_torso.bmp
  4 4.109853 -5.348743 47.748710 0.383377 -0.618563 -0.685859 0.389578 0.487032
  4 1.809852 -7.087007 48.608787 0.178199 -0.664098 -0.726098 0.320099 0.512968
  4 2.169852 -6.180476 47.931512 0.064898 -0.609686 -0.789982 0.334988 0.492795
HEV_torso.bmp
  4 1.809852 -7.087007 48.608787 0.178199 -0.664098 -0.726098 0.320099 0.512968
  4 -1.840148 -7.096990 48.609304 -0.133599 -0.649196 -0.748796 0.196030 0.512968
  4 2.169852 -6.180476 47.931512 0.064898 -0.609686 -0.789982 0.334988 0.492795
HEV_torso.bmp
  4 2.169852 -6.180476 47.931512 0.064898 -0.609686 -0.789982 0.334988 0.492795
  4 -1.840148 -7.096990 48.609304 -0.133599 -0.649196 -0.748796 0.196030 0.512968
  4 -2.200148 -6.170484 47.931007 -0.097403 -0.616221 -0.781527 0.186104 0.492795
HEV_torso.bmp
  4 -1.840148 -7.096990 48.609304 -0.133599 -0.649196 -0.748796 0.196030 0.512968
  4 -4.140147 -5.348732 47.748722 -0.383377 -0.618563 -0.685859 0.131514 0.487032
  4 -2.200148 -6.170484 47.931007 -0.097403 -0.616221 -0.781527 0.186104 0.492795
HEV_torso.bmp
  4 4.629864 3.284278 47.586752 0.893674 0.238493 -0.380089 0.583127 0.466859
  4 4.469865 3.916012 47.604450 0.789077 0.551683 -0.270192 0.602978 0.481268
  4 4.659866 3.582544 48.913227 0.962220 0.262305 -0.073001 0.583127 0.521614
HEV_torso.bmp
  4 4.659866 3.582544 48.913227 0.962220 0.262305 -0.073001 0.583127 0.521614
  4 4.469865 3.916012 47.604450 0.789077 0.551683 -0.270192 0.602978 0.481268
  4 4.469869 4.522548 49.866377 0.787631 0.613724 -0.054602 0.602978 0.561960
HEV_torso.bmp
  4 4.469865 3.916012 47.604450 0.789077 0.551683 -0.270192 0.602978 0.481268
  4 3.509868 4.663442 48.707651 0.264002 0.931505 -0.250201 0.622829 0.524496
  4 4.469869 4.522548 49.866377 0.787631 0.613724 -0.054602 0.602978 0.561960
HEV_torso.bmp
  4 4.469869 4.522548 49.866377 0.787631 0.613724 -0.054602 0.602978 0.561960
  4 3.509868 4.663442 48.707651 0.264002 0.931505 -0.250201 0.622829 0.524496
  4 3.419872 5.354479 51.055366 0.343687 0.933364 -0.103496 0.632754 0.608069
HEV_torso.bmp
  4 3.509868 4.663442 48.707651 0.264002 0.931505 -0.250201 0.622829 0.524496
  4 3.189869 4.810405 49.230817 0.000000 0.960115 -0.279604 0.637717 0.553314
  4 3.419872 5.354479 51.055366 0.343687 0.933364 -0.103496 0.632754 0.608069
HEV_torso.bmp
  4 3.419872 5.354479 51.055366 0.343687 0.933364 -0.103496 0.632754 0.608069
  4 3.189869 4.810405 49.230817 0.000000 0.960115 -0.279604 0.637717 0.553314
  4 3.169870 5.042115 50.040020 0.000000 0.960115 -0.279604 0.640199 0.570605
HEV_torso.bmp
  4 3.189869 4.810405 49.230817 0.000000 0.960115 -0.279604 0.637717 0.553314
  4 -3.220131 4.820913 49.240301 0.000000 0.960115 -0.279604 0.853598 0.553314
  4 3.169870 5.042115 50.040020 0.000000 0.960115 -0.279604 0.640199 0.570605
HEV_torso.bmp
  4 3.169870 5.042115 50.040020 0.000000 0.960115 -0.279604 0.640199 0.570605
  4 -3.220131 4.820913 49.240301 0.000000 0.960115 -0.279604 0.853598 0.553314
  4 -3.190130 5.051599 50.029531 0.000000 0.960115 -0.279604 0.848635 0.570605
HEV_torso.bmp
  4 -3.220131 4.820913 49.240301 0.000000 0.960115 -0.279604 0.853598 0.553314
  4 -3.430128 5.364987 51.064852 -0.344697 0.930792 -0.121699 0.856079 0.608069
  4 -3.190130 5.051599 50.029531 0.000000 0.960115 -0.279604 0.848635 0.570605
HEV_torso.bmp
  1 1.119864 -5.641829 39.524044 0.116802 -0.965121 -0.234305 0.295285 0.170029
  1 -0.770137 -5.261261 37.864175 -0.068402 -0.914827 -0.398012 0.230769 0.097983
  1 0.759863 -5.261257 37.864175 0.068600 -0.877902 -0.473901 0.282878 0.097983
HEV_torso.bmp
  1 1.119864 -5.641829 39.524044 0.116802 -0.965121 -0.234305 0.295285 0.170029
  1 -1.130136 -5.641835 39.524044 -0.133207 -0.962748 -0.235312 0.218362 0.170029
  1 -0.770137 -5.261261 37.864175 -0.068402 -0.914827 -0.398012 0.230769 0.097983
HEV_torso.bmp
  1 1.119864 -5.641829 39.524044 0.116802 -0.965121 -0.234305 0.295285 0.170029
  1 -0.000134 -6.162481 41.403864 0.000000 -0.974033 -0.226408 0.255583 0.239193
  1 -1.130136 -5.641835 39.524044 -0.133207 -0.962748 -0.235312 0.218362 0.170029
HEV_torso.bmp
  1 1.119864 -5.641829 39.524044 0.116802 -0.965121 -0.234305 0.295285 0.170029
  1 1.359865 -6.032474 41.393909 0.185192 -0.958762 -0.215591 0.292804 0.239193
  1 -0.000134 -6.162481 41.403864 0.000000 -0.974033 -0.226408 0.255583 0.239193
HEV_torso.bmp
  1 1.119864 -5.641829 39.524044 0.116802 -0.965121 -0.234305 0.295285 0.170029
  1 2.279865 -5.762475 41.404002 0.228007 -0.953932 -0.195006 0.332506 0.239193
  1 1.359865 -6.032474 41.393909 0.185192 -0.958762 -0.215591 0.292804 0.239193
HEV_torso.bmp
  1 1.119864 -5.641829 39.524044 0.116802 -0.965121 -0.234305 0.295285 0.170029
  1 2.259864 -5.421781 39.394120 0.185192 -0.958762 -0.215591 0.332506 0.164265
  1 2.279865 -5.762475 41.404002 0.228007 -0.953932 -0.195006 0.332506 0.239193
HEV_torso.bmp
  1 1.119864 -5.641829 39.524044 0.116802 -0.965121 -0.234305 0.295285 0.170029
  1 1.539863 -5.051213 37.744248 0.168898 -0.902892 -0.395297 0.307692 0.095101
  1 2.259864 -5.421781 39.394120 0.185192 -0.958762 -0.215591 0.332506 0.164265
HEV_torso.bmp
  1 1.119864 -5.641829 39.524044 0.116802 -0.965121 -0.234305 0.295285 0.170029
  1 0.759863 -5.261257 37.864175 0.068600 -0.877902 -0.473901 0.282878 0.097983
  1 1.539863 -5.051213 37.744248 0.168898 -0.902892 -0.395297 0.307692 0.095101
HEV_torso.bmp
  4 -0.400144 -6.382646 50.825652 0.741887 -0.569590 0.353794 0.508685 0.974063
  4 -1.210144 -6.373170 50.815155 -0.385793 -0.639288 0.665188 0.441687 0.974063
  4 -0.490144 -6.559076 50.704522 0.231395 -0.890481 0.391791 0.503722 0.968300
HEV_torso.bmp
  4 -0.490144 -6.559076 50.704522 0.231395 -0.890481 0.391791 0.503722 0.968300
  4 -1.210144 -6.373170 50.815155 -0.385793 -0.639288 0.665188 0.441687 0.974063
  4 -1.100144 -6.558563 50.714509 -0.594477 -0.791369 0.142594 0.446650 0.968300
HEV_torso.bmp
  4 -1.210144 -6.373170 50.815155 -0.385793 -0.639288 0.665188 0.441687 0.974063
  4 -1.080145 -6.290416 49.889708 -0.594477 -0.791369 0.142594 0.441687 0.899135
  4 -1.100144 -6.558563 50.714509 -0.594477 -0.791369 0.142594 0.446650 0.968300
HEV_torso.bmp
  4 -1.100144 -6.558563 50.714509 -0.594477 -0.791369 0.142594 0.446650 0.968300
  4 -1.080145 -6.290416 49.889708 -0.594477 -0.791369 0.142594 0.441687 0.899135
  4 -1.000145 -6.494513 50.010309 -0.218104 -0.830213 -0.513008 0.446650 0.904899
HEV_torso.bmp
  4 -1.080145 -6.290416 49.889708 -0.594477 -0.791369 0.142594 0.441687 0.899135
  4 -0.360145 -6.300404 49.890219 0.344510 -0.938627 -0.017101 0.508685 0.899135
  4 -1.000145 -6.494513 50.010309 -0.218104 -0.830213 -0.513008 0.446650 0.904899
HEV_torso.bmp
  4 -1.000145 -6.494513 50.010309 -0.218104 -0.830213 -0.513008 0.446650 0.904899
  4 -0.360145 -6.300404 49.890219 0.344510 -0.938627 -0.017101 0.508685 0.899135
  4 -0.460145 -6.504501 50.010820 0.581002 -0.753904 -0.306701 0.503722 0.904899
HEV_torso.bmp
  4 -0.360145 -6.300404 49.890219 0.344510 -0.938627 -0.017101 0.508685 0.899135
  4 -0.400144 -6.382646 50.825652 0.741887 -0.569590 0.353794 0.508685 0.974063
  4 -0.460145 -6.504501 50.010820 0.581002 -0.753904 -0.306701 0.503722 0.904899
HEV_torso.bmp
  4 -0.460145 -6.504501 50.010820 0.581002 -0.753904 -0.306701 0.503722 0.904899
  4 -0.400144 -6.382646 50.825652 0.741887 -0.569590 0.353794 0.508685 0.974063
  4 -0.490144 -6.559076 50.704522 0.231395 -0.890481 0.391791 0.503722 0.968300
HEV_torso.bmp
  4 1.189856 -6.383160 50.815663 0.771600 -0.595400 0.223900 0.508685 0.974063
  4 0.379856 -6.382647 50.825651 -0.371001 -0.608601 0.701401 0.441687 0.974063
  4 1.079856 -6.568553 50.715018 0.232501 -0.905806 0.354202 0.503722 0.968300
HEV_torso.bmp
  4 1.079856 -6.568553 50.715018 0.232501 -0.905806 0.354202 0.503722 0.968300
  4 0.379856 -6.382647 50.825651 -0.371001 -0.608601 0.701401 0.441687 0.974063
  4 0.469856 -6.569064 50.705032 -0.584811 -0.771715 0.249905 0.446650 0.968300
HEV_torso.bmp
  4 0.379856 -6.382647 50.825651 -0.371001 -0.608601 0.701401 0.441687 0.974063
  4 0.339855 -6.300917 49.880231 -0.584811 -0.771715 0.249905 0.441687 0.899135
  4 0.469856 -6.569064 50.705032 -0.584811 -0.771715 0.249905 0.446650 0.968300
HEV_torso.bmp
  4 0.469856 -6.569064 50.705032 -0.584811 -0.771715 0.249905 0.446650 0.968300
  4 0.339855 -6.300917 49.880231 -0.584811 -0.771715 0.249905 0.441687 0.899135
  4 0.439855 -6.495026 50.000320 -0.225490 -0.847862 -0.479879 0.446650 0.904899
HEV_torso.bmp
  4 0.339855 -6.300917 49.880231 -0.584811 -0.771715 0.249905 0.441687 0.899135
  4 1.059855 -6.300918 49.880230 0.374993 -0.810985 -0.449092 0.508685 0.899135
  4 0.439855 -6.495026 50.000320 -0.225490 -0.847862 -0.479879 0.446650 0.904899
HEV_torso.bmp
  4 0.439855 -6.495026 50.000320 -0.225490 -0.847862 -0.479879 0.446650 0.904899
  4 1.059855 -6.300918 49.880230 0.374993 -0.810985 -0.449092 0.508685 0.899135
  4 0.979855 -6.505014 50.000831 0.555097 -0.726696 -0.404698 0.503722 0.904899
HEV_torso.bmp
  4 1.059855 -6.300918 49.880230 0.374993 -0.810985 -0.449092 0.508685 0.899135
  4 1.189856 -6.383160 50.815663 0.771600 -0.595400 0.223900 0.508685 0.974063
  4 0.979855 -6.505014 50.000831 0.555097 -0.726696 -0.404698 0.503722 0.904899
HEV_torso.bmp
  4 0.979855 -6.505014 50.000831 0.555097 -0.726696 -0.404698 0.503722 0.904899
  4 1.189856 -6.383160 50.815663 0.771600 -0.595400 0.223900 0.508685 0.974063
  4 1.079856 -6.568553 50.715018 0.232501 -0.905806 0.354202 0.503722 0.968300
HEV_torso.bmp
  1 -4.730141 -3.743097 43.154700 -0.897610 0.302504 -0.320604 0.220844 0.293948
  1 -4.010139 -4.413078 43.104468 -0.081600 -0.633899 -0.769099 0.200993 0.293948
  1 -4.870140 -3.993149 43.304613 -0.790286 -0.422593 -0.443692 0.218362 0.305476
HEV_torso.bmp
  1 -4.870140 -3.993149 43.304613 -0.790286 -0.422593 -0.443692 0.218362 0.305476
  1 -4.010139 -4.413078 43.104468 -0.081600 -0.633899 -0.769099 0.200993 0.293948
  1 -4.260139 -4.563130 43.254417 -0.002300 -0.941895 -0.335898 0.203474 0.305476
HEV_torso.bmp
  1 -4.010139 -4.413078 43.104468 -0.081600 -0.633899 -0.769099 0.200993 0.293948
  1 -3.940139 -4.463592 44.594451 0.313898 -0.890596 0.329099 0.200993 0.354467
  1 -4.260139 -4.563130 43.254417 -0.002300 -0.941895 -0.335898 0.203474 0.305476
HEV_torso.bmp
  1 -4.260139 -4.563130 43.254417 -0.002300 -0.941895 -0.335898 0.203474 0.305476
  1 -3.940139 -4.463592 44.594451 0.313898 -0.890596 0.329099 0.200993 0.354467
  1 -4.200138 -4.603541 44.444403 -0.379410 -0.801620 0.462011 0.203474 0.342939
HEV_torso.bmp
  1 -3.940139 -4.463592 44.594451 0.313898 -0.890596 0.329099 0.200993 0.354467
  1 -4.620140 -3.773615 44.654689 -0.614966 -0.106294 0.781357 0.220844 0.354467
  1 -4.200138 -4.603541 44.444403 -0.379410 -0.801620 0.462011 0.203474 0.342939
HEV_torso.bmp
  1 -4.200138 -4.603541 44.444403 -0.379410 -0.801620 0.462011 0.203474 0.342939
  1 -4.620140 -3.773615 44.654689 -0.614966 -0.106294 0.781357 0.220844 0.354467
  1 -4.780140 -4.033564 44.504600 -0.930599 -0.023300 0.365299 0.218362 0.342939
HEV_torso.bmp
  1 -4.620140 -3.773615 44.654689 -0.614966 -0.106294 0.781357 0.220844 0.354467
  1 -4.730141 -3.743097 43.154700 -0.897610 0.302504 -0.320604 0.220844 0.293948
  1 -4.780140 -4.033564 44.504600 -0.930599 -0.023300 0.365299 0.218362 0.342939
HEV_torso.bmp
  1 -4.780140 -4.033564 44.504600 -0.930599 -0.023300 0.365299 0.218362 0.342939
  1 -4.730141 -3.743097 43.154700 -0.897610 0.302504 -0.320604 0.220844 0.293948
  1 -4.870140 -3.993149 43.304613 -0.790286 -0.422593 -0.443692 0.218362 0.305476
HEV_torso.bmp
  1 2.529864 -5.723027 43.004016 -0.286804 -0.856010 -0.430105 0.200993 0.293948
  1 3.259863 -5.073042 43.054241 0.657318 -0.047401 -0.752121 0.220844 0.293948
  1 2.779865 -5.883078 43.153961 0.269500 -0.730401 -0.627601 0.203474 0.305476
HEV_torso.bmp
  1 2.779865 -5.883078 43.153961 0.269500 -0.730401 -0.627601 0.203474 0.305476
  1 3.259863 -5.073042 43.054241 0.657318 -0.047401 -0.752121 0.220844 0.293948
  1 3.409864 -5.333094 43.204151 0.946559 -0.210591 -0.244289 0.218362 0.305476
HEV_torso.bmp
  1 3.259863 -5.073042 43.054241 0.657318 -0.047401 -0.752121 0.220844 0.293948
  1 3.229863 -5.153547 44.514213 0.856819 0.270106 0.439209 0.220844 0.354467
  1 3.409864 -5.333094 43.204151 0.946559 -0.210591 -0.244289 0.218362 0.305476
HEV_torso.bmp
  1 3.409864 -5.333094 43.204151 0.946559 -0.210591 -0.244289 0.218362 0.305476
  1 3.229863 -5.153547 44.514213 0.856819 0.270106 0.439209 0.220844 0.354467
  1 3.379864 -5.393495 44.364130 0.712329 -0.316313 0.626525 0.218362 0.342939
HEV_torso.bmp
  1 3.229863 -5.153547 44.514213 0.856819 0.270106 0.439209 0.220844 0.354467
  1 2.529865 -5.833527 44.453978 0.020800 -0.683993 0.729192 0.200993 0.354467
  1 3.379864 -5.393495 44.364130 0.712329 -0.316313 0.626525 0.218362 0.342939
HEV_torso.bmp
  1 3.379864 -5.393495 44.364130 0.712329 -0.316313 0.626525 0.218362 0.342939
  1 2.529865 -5.833527 44.453978 0.020800 -0.683993 0.729192 0.200993 0.354467
  1 2.789865 -5.973479 44.313930 0.172098 -0.967990 0.182698 0.203474 0.342939
HEV_torso.bmp
  1 2.529865 -5.833527 44.453978 0.020800 -0.683993 0.729192 0.200993 0.354467
  1 2.529864 -5.723027 43.004016 -0.286804 -0.856010 -0.430105 0.200993 0.293948
  1 2.789865 -5.973479 44.313930 0.172098 -0.967990 0.182698 0.203474 0.342939
HEV_torso.bmp
  1 2.789865 -5.973479 44.313930 0.172098 -0.967990 0.182698 0.203474 0.342939
  1 2.529864 -5.723027 43.004016 -0.286804 -0.856010 -0.430105 0.200993 0.293948
  1 2.779865 -5.883078 43.153961 0.269500 -0.730401 -0.627601 0.203474 0.305476
HEV_torso.bmp
  1 -3.260137 -5.143563 44.514216 -0.614966 -0.106294 0.781357 0.220844 0.354467
  1 -3.290137 -5.063059 43.054244 -0.897610 0.302504 -0.320604 0.220844 0.293948
  1 -3.410137 -5.383512 44.364134 -0.942886 -0.027299 0.331995 0.218362 0.342939
HEV_torso.bmp
  1 -3.410137 -5.383512 44.364134 -0.942886 -0.027299 0.331995 0.218362 0.342939
  1 -3.290137 -5.063059 43.054244 -0.897610 0.302504 -0.320604 0.220844 0.293948
  1 -3.430137 -5.323111 43.204154 -0.767693 -0.417796 -0.485895 0.218362 0.305476
HEV_torso.bmp
  1 -3.290137 -5.063059 43.054244 -0.897610 0.302504 -0.320604 0.220844 0.293948
  1 -2.550136 -5.713040 43.004020 -0.081600 -0.633899 -0.769099 0.200993 0.293948
  1 -3.430137 -5.323111 43.204154 -0.767693 -0.417796 -0.485895 0.218362 0.305476
HEV_torso.bmp
  1 -3.430137 -5.323111 43.204154 -0.767693 -0.417796 -0.485895 0.218362 0.305476
  1 -2.550136 -5.713040 43.004020 -0.081600 -0.633899 -0.769099 0.200993 0.293948
  1 -2.810135 -5.883092 43.153961 -0.002300 -0.941895 -0.335898 0.203474 0.305476
HEV_torso.bmp
  1 -2.550136 -5.713040 43.004020 -0.081600 -0.633899 -0.769099 0.200993 0.293948
  1 -2.560135 -5.823541 44.453981 0.313898 -0.890596 0.329099 0.200993 0.354467
  1 -2.810135 -5.883092 43.153961 -0.002300 -0.941895 -0.335898 0.203474 0.305476
HEV_torso.bmp
  1 -2.810135 -5.883092 43.153961 -0.002300 -0.941895 -0.335898 0.203474 0.305476
  1 -2.560135 -5.823541 44.453981 0.313898 -0.890596 0.329099 0.200993 0.354467
  1 -2.820135 -5.963493 44.313933 -0.379410 -0.801620 0.462011 0.203474 0.342939
HEV_torso.bmp
  1 -2.560135 -5.823541 44.453981 0.313898 -0.890596 0.329099 0.200993 0.354467
  1 -3.260137 -5.143563 44.514216 -0.614966 -0.106294 0.781357 0.220844 0.354467
  1 -2.820135 -5.963493 44.313933 -0.379410 -0.801620 0.462011 0.203474 0.342939
HEV_torso.bmp
  1 -2.820135 -5.963493 44.313933 -0.379410 -0.801620 0.462011 0.203474 0.342939
  1 -3.260137 -5.143563 44.514216 -0.614966 -0.106294 0.781357 0.220844 0.354467
  1 -3.410137 -5.383512 44.364134 -0.942886 -0.027299 0.331995 0.218362 0.342939
HEV_torso.bmp
  1 3.979861 -4.413058 43.104468 -0.286804 -0.856010 -0.430105 0.200993 0.293948
  1 4.699859 -3.753073 43.154696 0.657318 -0.047401 -0.752121 0.220844 0.293948
  1 4.229862 -4.573109 43.254413 0.269500 -0.730401 -0.627601 0.203474 0.305476
HEV_torso.bmp
  1 4.229862 -4.573109 43.254413 0.269500 -0.730401 -0.627601 0.203474 0.305476
  1 4.699859 -3.753073 43.154696 0.657318 -0.047401 -0.752121 0.220844 0.293948
  1 4.839860 -4.003125 43.304610 0.958772 -0.209694 -0.191794 0.218362 0.305476
HEV_torso.bmp
  1 4.699859 -3.753073 43.154696 0.657318 -0.047401 -0.752121 0.220844 0.293948
  1 4.589860 -3.783592 44.654686 0.856819 0.270106 0.439209 0.220844 0.354467
  1 4.839860 -4.003125 43.304610 0.958772 -0.209694 -0.191794 0.218362 0.305476
HEV_torso.bmp
  1 4.839860 -4.003125 43.304610 0.958772 -0.209694 -0.191794 0.218362 0.305476
  1 4.589860 -3.783592 44.654686 0.856819 0.270106 0.439209 0.220844 0.354467
  1 4.759860 -4.033539 44.504600 0.712329 -0.316313 0.626525 0.218362 0.342939
HEV_torso.bmp
  1 4.589860 -3.783592 44.654686 0.856819 0.270106 0.439209 0.220844 0.354467
  1 3.909861 -4.473573 44.594448 0.020800 -0.683993 0.729192 0.200993 0.354467
  1 4.759860 -4.033539 44.504600 0.712329 -0.316313 0.626525 0.218362 0.342939
HEV_torso.bmp
  1 4.759860 -4.033539 44.504600 0.712329 -0.316313 0.626525 0.218362 0.342939
  1 3.909861 -4.473573 44.594448 0.020800 -0.683993 0.729192 0.200993 0.354467
  1 4.169862 -4.613520 44.444399 0.176805 -0.958928 0.221806 0.203474 0.342939
HEV_torso.bmp
  1 3.909861 -4.473573 44.594448 0.020800 -0.683993 0.729192 0.200993 0.354467
  1 3.979861 -4.413058 43.104468 -0.286804 -0.856010 -0.430105 0.200993 0.293948
  1 4.169862 -4.613520 44.444399 0.176805 -0.958928 0.221806 0.203474 0.342939
HEV_torso.bmp
  1 4.169862 -4.613520 44.444399 0.176805 -0.958928 0.221806 0.203474 0.342939
  1 3.979861 -4.413058 43.104468 -0.286804 -0.856010 -0.430105 0.200993 0.293948
  1 4.229862 -4.573109 43.254413 0.269500 -0.730401 -0.627601 0.203474 0.305476
HEV_torso.bmp
  1 5.259858 -3.083611 44.714928 0.461801 -0.591901 0.660601 0.200993 0.354467
  1 5.409858 -3.083089 43.204928 0.322297 -0.889793 -0.323098 0.200993 0.293948
  1 5.509858 -3.073562 44.574931 0.644305 -0.718306 0.262502 0.203474 0.342939
HEV_torso.bmp
  1 5.509858 -3.073562 44.574931 0.644305 -0.718306 0.262502 0.203474 0.342939
  1 5.409858 -3.083089 43.204928 0.322297 -0.889793 -0.323098 0.200993 0.293948
  1 5.609858 -3.063140 43.354935 0.708926 -0.522419 -0.473817 0.203474 0.305476
HEV_torso.bmp
  1 5.409858 -3.083089 43.204928 0.322297 -0.889793 -0.323098 0.200993 0.293948
  1 5.749855 -2.173119 43.295242 0.737678 0.230793 -0.634481 0.220844 0.293948
  1 5.609858 -3.063140 43.354935 0.708926 -0.522419 -0.473817 0.203474 0.305476
HEV_torso.bmp
  1 5.609858 -3.063140 43.354935 0.708926 -0.522419 -0.473817 0.203474 0.305476
  1 5.749855 -2.173119 43.295242 0.737678 0.230793 -0.634481 0.220844 0.293948
  1 5.899856 -2.293164 43.425201 0.965808 0.232802 -0.114101 0.218362 0.305476
HEV_torso.bmp
  1 5.749855 -2.173119 43.295242 0.737678 0.230793 -0.634481 0.220844 0.293948
  1 5.549856 -2.163644 44.815245 0.695625 0.595121 0.402414 0.220844 0.354467
  1 5.899856 -2.293164 43.425201 0.965808 0.232802 -0.114101 0.218362 0.305476
HEV_torso.bmp
  1 5.899856 -2.293164 43.425201 0.965808 0.232802 -0.114101 0.218362 0.305476
  1 5.549856 -2.163644 44.815245 0.695625 0.595121 0.402414 0.220844 0.354467
  1 5.729856 -2.283589 44.655204 0.813491 0.018200 0.581293 0.218362 0.342939
HEV_torso.bmp
  1 5.549856 -2.163644 44.815245 0.695625 0.595121 0.402414 0.220844 0.354467
  1 5.259858 -3.083611 44.714928 0.461801 -0.591901 0.660601 0.200993 0.354467
  1 5.729856 -2.283589 44.655204 0.813491 0.018200 0.581293 0.218362 0.342939
HEV_torso.bmp
  1 5.729856 -2.283589 44.655204 0.813491 0.018200 0.581293 0.218362 0.342939
  1 5.259858 -3.083611 44.714928 0.461801 -0.591901 0.660601 0.200993 0.354467
  1 5.509858 -3.073562 44.574931 0.644305 -0.718306 0.262502 0.203474 0.342939
HEV_torso.bmp
  1 -5.570145 -2.153673 44.815249 -0.684467 0.147993 0.713865 0.220844 0.354467
  1 -5.760145 -2.163148 43.295245 -0.718680 0.639083 -0.273993 0.220844 0.293948
  1 -5.760145 -2.273618 44.655207 -0.856843 0.373019 0.355918 0.218362 0.342939
HEV_torso.bmp
  1 -5.760145 -2.273618 44.655207 -0.856843 0.373019 0.355918 0.218362 0.342939
  1 -5.760145 -2.163148 43.295245 -0.718680 0.639083 -0.273993 0.220844 0.293948
  1 -5.920144 -2.283194 43.425204 -0.942418 -0.022100 -0.333706 0.218362 0.305476
HEV_torso.bmp
  1 -5.760145 -2.163148 43.295245 -0.718680 0.639083 -0.273993 0.220844 0.293948
  1 -5.430142 -3.073116 43.204931 -0.536598 -0.532998 -0.654198 0.200993 0.293948
  1 -5.920144 -2.283194 43.425204 -0.942418 -0.022100 -0.333706 0.218362 0.305476
HEV_torso.bmp
  1 -5.920144 -2.283194 43.425204 -0.942418 -0.022100 -0.333706 0.218362 0.305476
  1 -5.430142 -3.073116 43.204931 -0.536598 -0.532998 -0.654198 0.200993 0.293948
  1 -5.640142 -3.053169 43.354938 -0.552290 -0.803385 -0.222596 0.203474 0.305476
HEV_torso.bmp
  1 -5.430142 -3.073116 43.204931 -0.536598 -0.532998 -0.654198 0.200993 0.293948
  1 -5.290142 -3.073637 44.714931 -0.279294 -0.900580 0.333093 0.200993 0.354467
  1 -5.640142 -3.053169 43.354938 -0.552290 -0.803385 -0.222596 0.203474 0.305476
HEV_torso.bmp
  1 -5.640142 -3.053169 43.354938 -0.552290 -0.803385 -0.222596 0.203474 0.305476
  1 -5.290142 -3.073637 44.714931 -0.279294 -0.900580 0.333093 0.200993 0.354467
  1 -5.530143 -3.063590 44.574935 -0.734026 -0.510117 0.448315 0.203474 0.342939
HEV_torso.bmp
  1 -5.290142 -3.073637 44.714931 -0.279294 -0.900580 0.333093 0.200993 0.354467
  1 -5.570145 -2.153673 44.815249 -0.684467 0.147993 0.713865 0.220844 0.354467
  1 -5.530143 -3.063590 44.574935 -0.734026 -0.510117 0.448315 0.203474 0.342939
HEV_torso.bmp
  1 -5.530143 -3.063590 44.574935 -0.734026 -0.510117 0.448315 0.203474 0.342939
  1 -5.570145 -2.153673 44.815249 -0.684467 0.147993 0.713865 0.220844 0.354467
  1 -5.760145 -2.273618 44.655207 -0.856843 0.373019 0.355918 0.218362 0.342939
HEV_torso.bmp
  4 -0.360145 -6.300404 49.890219 -0.742903 -0.521002 -0.420301 0.441687 0.899135
  4 0.339855 -6.300917 49.880231 0.363515 -0.566524 -0.739532 0.508685 0.899135
  4 -0.270145 -6.495025 50.000321 -0.218104 -0.830213 -0.513008 0.446650 0.904899
HEV_torso.bmp
  4 -0.270145 -6.495025 50.000321 -0.218104 -0.830213 -0.513008 0.446650 0.904899
  4 0.339855 -6.300917 49.880231 0.363515 -0.566524 -0.739532 0.508685 0.899135
  4 0.249855 -6.505013 50.000832 0.569417 -0.740622 -0.356711 0.503722 0.904899
HEV_torso.bmp
  4 0.339855 -6.300917 49.880231 0.363515 -0.566524 -0.739532 0.508685 0.899135
  4 0.379856 -6.382647 50.825651 0.758691 -0.583493 0.289696 0.508685 0.974063
  4 0.249855 -6.505013 50.000832 0.569417 -0.740622 -0.356711 0.503722 0.904899
HEV_torso.bmp
  4 0.249855 -6.505013 50.000832 0.569417 -0.740622 -0.356711 0.503722 0.904899
  4 0.379856 -6.382647 50.825651 0.758691 -0.583493 0.289696 0.508685 0.974063
  4 0.279856 -6.559077 50.704520 0.231395 -0.890481 0.391791 0.503722 0.968300
HEV_torso.bmp
  4 0.379856 -6.382647 50.825651 0.758691 -0.583493 0.289696 0.508685 0.974063
  4 -0.400144 -6.382646 50.825652 -0.385793 -0.639288 0.665188 0.441687 0.974063
  4 0.279856 -6.559077 50.704520 0.231395 -0.890481 0.391791 0.503722 0.968300
HEV_torso.bmp
  4 0.279856 -6.559077 50.704520 0.231395 -0.890481 0.391791 0.503722 0.968300
  4 -0.400144 -6.382646 50.825652 -0.385793 -0.639288 0.665188 0.441687 0.974063
  4 -0.300144 -6.569063 50.705033 -0.591398 -0.782097 0.196399 0.446650 0.968300
HEV_torso.bmp
  4 -0.400144 -6.382646 50.825652 -0.385793 -0.639288 0.665188 0.441687 0.974063
  4 -0.360145 -6.300404 49.890219 -0.742903 -0.521002 -0.420301 0.441687 0.899135
  4 -0.300144 -6.569063 50.705033 -0.591398 -0.782097 0.196399 0.446650 0.968300
HEV_torso.bmp
  4 -0.300144 -6.569063 50.705033 -0.591398 -0.782097 0.196399 0.446650 0.968300
  4 -0.360145 -6.300404 49.890219 -0.742903 -0.521002 -0.420301 0.441687 0.899135
  4 -0.270145 -6.495025 50.000321 -0.218104 -0.830213 -0.513008 0.446650 0.904899
HEV_torso.bmp
  4 -1.210144 -6.373170 50.815155 -0.663026 -0.580623 -0.472518 0.441687 0.804035
  4 -0.400144 -6.382646 50.825652 0.351588 -0.604079 -0.715175 0.508685 0.804035
  4 -1.120144 -6.577267 50.935756 -0.218104 -0.830213 -0.513008 0.446650 0.809798
HEV_torso.bmp
  4 -1.120144 -6.577267 50.935756 -0.218104 -0.830213 -0.513008 0.446650 0.809798
  4 -0.400144 -6.382646 50.825652 0.351588 -0.604079 -0.715175 0.508685 0.804035
  4 -0.520144 -6.576756 50.945742 0.581002 -0.753904 -0.306701 0.503722 0.809798
HEV_torso.bmp
  4 -0.400144 -6.382646 50.825652 0.351588 -0.604079 -0.715175 0.508685 0.804035
  4 -0.450143 -6.455925 51.740601 0.720896 -0.599397 0.347898 0.508685 0.876081
  4 -0.520144 -6.576756 50.945742 0.581002 -0.753904 -0.306701 0.503722 0.809798
HEV_torso.bmp
  4 -0.520144 -6.576756 50.945742 0.581002 -0.753904 -0.306701 0.503722 0.809798
  4 -0.450143 -6.455925 51.740601 0.720896 -0.599397 0.347898 0.508685 0.876081
  4 -0.550143 -6.641829 51.629968 0.231395 -0.890481 0.391791 0.503722 0.870317
HEV_torso.bmp
  4 -0.450143 -6.455925 51.740601 0.720896 -0.599397 0.347898 0.508685 0.876081
  4 -1.350143 -6.455412 51.750589 -0.385793 -0.639288 0.665188 0.441687 0.876081
  4 -0.550143 -6.641829 51.629968 0.231395 -0.890481 0.391791 0.503722 0.870317
HEV_torso.bmp
  4 -0.550143 -6.641829 51.629968 0.231395 -0.890481 0.391791 0.503722 0.870317
  4 -1.350143 -6.455412 51.750589 -0.385793 -0.639288 0.665188 0.441687 0.876081
  4 -1.220143 -6.641829 51.629969 -0.594477 -0.791369 0.142594 0.446650 0.870317
HEV_torso.bmp
  4 -1.350143 -6.455412 51.750589 -0.385793 -0.639288 0.665188 0.441687 0.876081
  4 -1.210144 -6.373170 50.815155 -0.663026 -0.580623 -0.472518 0.441687 0.804035
  4 -1.220143 -6.641829 51.629969 -0.594477 -0.791369 0.142594 0.446650 0.870317
HEV_torso.bmp
  4 -1.220143 -6.641829 51.629969 -0.594477 -0.791369 0.142594 0.446650 0.870317
  4 -1.210144 -6.373170 50.815155 -0.663026 -0.580623 -0.472518 0.441687 0.804035
  4 -1.120144 -6.577267 50.935756 -0.218104 -0.830213 -0.513008 0.446650 0.809798
HEV_torso.bmp
  4 0.379856 -6.382647 50.825651 -0.725513 -0.587211 -0.358907 0.441687 0.804035
  4 1.189856 -6.383160 50.815663 0.363515 -0.566524 -0.739532 0.508685 0.804035
  4 0.499856 -6.577269 50.935754 -0.225490 -0.847862 -0.479879 0.446650 0.809798
HEV_torso.bmp
  4 0.499856 -6.577269 50.935754 -0.225490 -0.847862 -0.479879 0.446650 0.809798
  4 1.189856 -6.383160 50.815663 0.363515 -0.566524 -0.739532 0.508685 0.804035
  4 1.099856 -6.577270 50.935753 0.555097 -0.726696 -0.404698 0.503722 0.809798
HEV_torso.bmp
  4 1.189856 -6.383160 50.815663 0.363515 -0.566524 -0.739532 0.508685 0.804035
  4 1.329858 -6.455416 51.750585 0.748278 -0.625282 0.221593 0.508685 0.876081
  4 1.099856 -6.577270 50.935753 0.555097 -0.726696 -0.404698 0.503722 0.809798
HEV_torso.bmp
  4 1.099856 -6.577270 50.935753 0.555097 -0.726696 -0.404698 0.503722 0.809798
  4 1.329858 -6.455416 51.750585 0.748278 -0.625282 0.221593 0.508685 0.876081
  4 1.199857 -6.652331 51.620491 0.232501 -0.905806 0.354202 0.503722 0.870317
HEV_torso.bmp
  4 1.329858 -6.455416 51.750585 0.748278 -0.625282 0.221593 0.508685 0.876081
  4 0.429857 -6.455415 51.750586 -0.371001 -0.608601 0.701401 0.441687 0.876081
  4 1.199857 -6.652331 51.620491 0.232501 -0.905806 0.354202 0.503722 0.870317
HEV_torso.bmp
  4 1.199857 -6.652331 51.620491 0.232501 -0.905806 0.354202 0.503722 0.870317
  4 0.429857 -6.455415 51.750586 -0.371001 -0.608601 0.701401 0.441687 0.876081
  4 0.529857 -6.652330 51.620492 -0.584811 -0.771715 0.249905 0.446650 0.870317
HEV_torso.bmp
  4 0.429857 -6.455415 51.750586 -0.371001 -0.608601 0.701401 0.441687 0.876081
  4 0.379856 -6.382647 50.825651 -0.725513 -0.587211 -0.358907 0.441687 0.804035
  4 0.529857 -6.652330 51.620492 -0.584811 -0.771715 0.249905 0.446650 0.870317
HEV_torso.bmp
  4 0.529857 -6.652330 51.620492 -0.584811 -0.771715 0.249905 0.446650 0.870317
  4 0.379856 -6.382647 50.825651 -0.725513 -0.587211 -0.358907 0.441687 0.804035
  4 0.499856 -6.577269 50.935754 -0.225490 -0.847862 -0.479879 0.446650 0.809798
HEV_torso.bmp
  4 0.429857 -6.455415 51.750586 -0.001200 -0.996093 -0.088299 0.508685 0.876081
  4 -0.450143 -6.455925 51.740601 -0.385793 -0.639288 0.665188 0.441687 0.876081
  4 0.319857 -6.642342 51.619980 0.231395 -0.890481 0.391791 0.503722 0.870317
HEV_torso.bmp
  4 0.319857 -6.642342 51.619980 0.231395 -0.890481 0.391791 0.503722 0.870317
  4 -0.450143 -6.455925 51.740601 -0.385793 -0.639288 0.665188 0.441687 0.876081
  4 -0.340143 -6.641830 51.629968 -0.591398 -0.782097 0.196399 0.446650 0.870317
HEV_torso.bmp
  4 -0.450143 -6.455925 51.740601 -0.385793 -0.639288 0.665188 0.441687 0.876081
  4 -0.400144 -6.382646 50.825652 -0.705833 -0.571526 -0.418519 0.441687 0.804035
  4 -0.340143 -6.641830 51.629968 -0.591398 -0.782097 0.196399 0.446650 0.870317
HEV_torso.bmp
  4 -0.340143 -6.641830 51.629968 -0.591398 -0.782097 0.196399 0.446650 0.870317
  4 -0.400144 -6.382646 50.825652 -0.705833 -0.571526 -0.418519 0.441687 0.804035
  4 -0.300144 -6.576756 50.945742 -0.218104 -0.830213 -0.513008 0.446650 0.809798
HEV_torso.bmp
  4 -0.400144 -6.382646 50.825652 -0.705833 -0.571526 -0.418519 0.441687 0.804035
  4 0.379856 -6.382647 50.825651 0.351588 -0.604079 -0.715175 0.508685 0.804035
  4 -0.300144 -6.576756 50.945742 -0.218104 -0.830213 -0.513008 0.446650 0.809798
HEV_torso.bmp
  4 -0.300144 -6.576756 50.945742 -0.218104 -0.830213 -0.513008 0.446650 0.809798
  4 0.379856 -6.382647 50.825651 0.351588 -0.604079 -0.715175 0.508685 0.804035
  4 0.279856 -6.576757 50.945741 0.569417 -0.740622 -0.356711 0.503722 0.809798
HEV_torso.bmp
  4 0.379856 -6.382647 50.825651 0.351588 -0.604079 -0.715175 0.508685 0.804035
  4 0.429857 -6.455415 51.750586 -0.001200 -0.996093 -0.088299 0.508685 0.876081
  4 0.279856 -6.576757 50.945741 0.569417 -0.740622 -0.356711 0.503722 0.809798
HEV_torso.bmp
  4 0.279856 -6.576757 50.945741 0.569417 -0.740622 -0.356711 0.503722 0.809798
  4 0.429857 -6.455415 51.750586 -0.001200 -0.996093 -0.088299 0.508685 0.876081
  4 0.319857 -6.642342 51.619980 0.231395 -0.890481 0.391791 0.503722 0.870317
HEV_torso.bmp
  1 -4.330162 4.648675 38.027597 -0.372290 0.890576 -0.261293 0.890819 0.109510
  1 -0.960163 4.918884 37.447691 -0.182204 0.890920 -0.416009 0.779156 0.080692
  1 -0.920161 4.129257 36.367418 -0.027101 0.579917 -0.814224 0.779156 0.034582
HEV_torso.bmp
  1 -4.330162 4.648675 38.027597 -0.372290 0.890576 -0.261293 0.890819 0.109510
  1 -2.190163 5.228331 39.037797 -0.212496 0.950882 -0.225096 0.818859 0.138329
  1 -0.960163 4.918884 37.447691 -0.182204 0.890920 -0.416009 0.779156 0.080692
HEV_torso.bmp
  1 -4.330162 4.648675 38.027597 -0.372290 0.890576 -0.261293 0.890819 0.109510
  1 -3.300163 4.948142 39.577701 -0.406418 0.912842 0.039302 0.856079 0.155620
  1 -2.190163 5.228331 39.037797 -0.212496 0.950882 -0.225096 0.818859 0.138329
HEV_torso.bmp
  1 -4.330162 4.648675 38.027597 -0.372290 0.890576 -0.261293 0.890819 0.109510
  1 -4.840161 4.138249 39.257421 -0.659279 0.748577 0.070598 0.900744 0.152738
  1 -3.300163 4.948142 39.577701 -0.406418 0.912842 0.039302 0.856079 0.155620
HEV_torso.bmp
  1 -4.330162 4.648675 38.027597 -0.372290 0.890576 -0.261293 0.890819 0.109510
  1 -5.980157 2.918871 37.447000 -0.836140 0.542826 -0.078804 0.935484 0.092219
  1 -4.840161 4.138249 39.257421 -0.659279 0.748577 0.070598 0.900744 0.152738
HEV_torso.bmp
  1 -4.330162 4.648675 38.027597 -0.372290 0.890576 -0.261293 0.890819 0.109510
  1 -4.150160 3.949107 36.777356 -0.291103 0.666308 -0.686508 0.885856 0.063401
  1 -5.980157 2.918871 37.447000 -0.836140 0.542826 -0.078804 0.935484 0.092219
HEV_torso.bmp
  1 -4.330162 4.648675 38.027597 -0.372290 0.890576 -0.261293 0.890819 0.109510
  1 -0.920161 4.129257 36.367418 -0.027101 0.579917 -0.814224 0.779156 0.034582
  1 -4.150160 3.949107 36.777356 -0.291103 0.666308 -0.686508 0.885856 0.063401
HEV_torso.bmp
  1 4.329838 4.628693 38.037590 0.373194 0.890285 -0.260996 0.595533 0.109510
  1 5.969842 2.908901 37.446997 0.836537 0.542024 -0.080104 0.550868 0.092219
  1 4.149840 3.939128 36.777352 0.291298 0.664894 -0.687794 0.600496 0.063401
HEV_torso.bmp
  1 4.329838 4.628693 38.037590 0.373194 0.890285 -0.260996 0.595533 0.109510
  1 4.839840 4.128273 39.257418 0.659964 0.747859 0.071796 0.588089 0.152738
  1 5.969842 2.908901 37.446997 0.836537 0.542024 -0.080104 0.550868 0.092219
HEV_torso.bmp
  1 4.329838 4.628693 38.037590 0.373194 0.890285 -0.260996 0.595533 0.109510
  1 3.299837 4.938159 39.577697 0.407006 0.912514 0.040801 0.627792 0.155620
  1 4.839840 4.128273 39.257418 0.659964 0.747859 0.071796 0.588089 0.152738
HEV_torso.bmp
  1 4.329838 4.628693 38.037590 0.373194 0.890285 -0.260996 0.595533 0.109510
  1 2.199837 5.228343 39.037797 0.212700 0.951001 -0.224400 0.667494 0.138329
  1 3.299837 4.938159 39.577697 0.407006 0.912514 0.040801 0.627792 0.155620
HEV_torso.bmp
  1 4.329838 4.628693 38.037590 0.373194 0.890285 -0.260996 0.595533 0.109510
  1 0.969837 4.918889 37.447691 0.182405 0.890924 -0.415911 0.707196 0.080692
  1 2.199837 5.228343 39.037797 0.212700 0.951001 -0.224400 0.667494 0.138329
HEV_torso.bmp
  1 4.329838 4.628693 38.037590 0.373194 0.890285 -0.260996 0.595533 0.109510
  1 0.929839 4.119261 36.367414 0.026800 0.579695 -0.814393 0.707196 0.034582
  1 0.969837 4.918889 37.447691 0.182405 0.890924 -0.415911 0.707196 0.080692
HEV_torso.bmp
  1 4.329838 4.628693 38.037590 0.373194 0.890285 -0.260996 0.595533 0.109510
  1 4.149840 3.939128 36.777352 0.291298 0.664894 -0.687794 0.600496 0.063401
  1 0.929839 4.119261 36.367414 0.026800 0.579695 -0.814393 0.707196 0.034582
HEV_torso.bmp
  1 -5.470142 -3.062978 42.804935 -0.784695 -0.616096 0.068400 0.079404 0.293948
  1 -3.260137 -5.142707 42.034216 -0.670286 -0.741185 -0.036899 0.141439 0.256484
  1 -2.700136 -5.722881 42.544016 -0.676493 -0.732792 -0.073299 0.166253 0.282421
HEV_torso.bmp
  1 -2.700136 -5.722881 42.544016 -0.676493 -0.732792 -0.073299 0.166253 0.282421
  1 -3.260137 -5.142707 42.034216 -0.670286 -0.741185 -0.036899 0.141439 0.256484
  1 -2.690136 -5.612615 41.774054 -0.605631 -0.788340 -0.108306 0.166253 0.250720
HEV_torso.bmp
  1 -3.260137 -5.142707 42.034216 -0.670286 -0.741185 -0.036899 0.141439 0.256484
  1 -3.370138 -4.791747 39.254337 -0.548613 -0.822419 -0.150503 0.148883 0.149856
  1 -2.690136 -5.612615 41.774054 -0.605631 -0.788340 -0.108306 0.166253 0.250720
HEV_torso.bmp
  1 -2.690136 -5.612615 41.774054 -0.605631 -0.788340 -0.108306 0.166253 0.250720
  1 -3.370138 -4.791747 39.254337 -0.548613 -0.822419 -0.150503 0.148883 0.149856
  1 -2.650137 -5.211755 39.284192 -0.371212 -0.902229 -0.219507 0.166253 0.152738
HEV_torso.bmp
  1 -3.370138 -4.791747 39.254337 -0.548613 -0.822419 -0.150503 0.148883 0.149856
  1 -2.680138 -4.731186 37.634358 -0.248102 -0.895908 -0.368503 0.168734 0.083573
  1 -2.650137 -5.211755 39.284192 -0.371212 -0.902229 -0.219507 0.166253 0.152738
HEV_torso.bmp
  1 -2.650137 -5.211755 39.284192 -0.371212 -0.902229 -0.219507 0.166253 0.152738
  1 -2.680138 -4.731186 37.634358 -0.248102 -0.895908 -0.368503 0.168734 0.083573
  1 -1.810138 -4.781115 37.434341 -0.156706 -0.846431 -0.508919 0.196030 0.080692
HEV_torso.bmp
  1 -2.680138 -4.731186 37.634358 -0.248102 -0.895908 -0.368503 0.168734 0.083573
  1 -0.680139 -4.410884 36.774469 -0.117798 -0.551092 -0.826088 0.238213 0.046110
  1 -1.810138 -4.781115 37.434341 -0.156706 -0.846431 -0.508919 0.196030 0.080692
HEV_torso.bmp
  1 0.659861 -4.420880 36.774465 0.094502 -0.495210 -0.863618 0.275434 0.046110
  1 2.659862 -4.741172 37.634355 0.249192 -0.895570 -0.368588 0.342432 0.083573
  1 1.799862 -4.791105 37.434338 0.157199 -0.846293 -0.508996 0.315136 0.080692
HEV_torso.bmp
  1 1.799862 -4.791105 37.434338 0.157199 -0.846293 -0.508996 0.315136 0.080692
  1 2.659862 -4.741172 37.634355 0.249192 -0.895570 -0.368588 0.342432 0.083573
  1 2.629863 -5.201742 39.284196 0.373819 -0.901346 -0.218711 0.344913 0.152738
HEV_torso.bmp
  1 2.659862 -4.741172 37.634355 0.249192 -0.895570 -0.368588 0.342432 0.083573
  1 3.349862 -4.791730 39.254337 0.550481 -0.821372 -0.149395 0.362283 0.149856
  1 2.629863 -5.201742 39.284196 0.373819 -0.901346 -0.218711 0.344913 0.152738
HEV_torso.bmp
  1 2.629863 -5.201742 39.284196 0.373819 -0.901346 -0.218711 0.344913 0.152738
  1 3.349862 -4.791730 39.254337 0.550481 -0.821372 -0.149395 0.362283 0.149856
  1 2.669864 -5.612602 41.774054 0.606128 -0.788136 -0.107005 0.344913 0.250720
HEV_torso.bmp
  1 3.349862 -4.791730 39.254337 0.550481 -0.821372 -0.149395 0.362283 0.149856
  1 3.229863 -5.142690 42.034216 0.669899 -0.741599 -0.035600 0.367246 0.256484
  1 2.669864 -5.612602 41.774054 0.606128 -0.788136 -0.107005 0.344913 0.250720
HEV_torso.bmp
  1 2.669864 -5.612602 41.774054 0.606128 -0.788136 -0.107005 0.344913 0.250720
  1 3.229863 -5.142690 42.034216 0.669899 -0.741599 -0.035600 0.367246 0.256484
  1 2.669865 -5.722868 42.544016 0.676007 -0.733408 -0.071601 0.344913 0.282421
HEV_torso.bmp
  1 3.229863 -5.142690 42.034216 0.669899 -0.741599 -0.035600 0.367246 0.256484
  1 5.449858 -3.072951 42.804931 0.794188 -0.605391 0.052599 0.431762 0.293948
  1 2.669865 -5.722868 42.544016 0.676007 -0.733408 -0.071601 0.344913 0.282421
HEV_torso.bmp
  1 1.539863 -5.051213 37.744248 0.168898 -0.902892 -0.395297 0.307692 0.095101
  1 0.759863 -5.261257 37.864175 0.068600 -0.877902 -0.473901 0.282878 0.097983
  1 0.569862 -4.721012 37.154362 0.059598 -0.789782 -0.610486 0.272953 0.060519
HEV_torso.bmp
  1 0.569862 -4.721012 37.154362 0.059598 -0.789782 -0.610486 0.272953 0.060519
  1 0.759863 -5.261257 37.864175 0.068600 -0.877902 -0.473901 0.282878 0.097983
  1 -0.580138 -4.731015 37.154358 -0.039599 -0.793272 -0.607579 0.238213 0.060519
HEV_torso.bmp
  1 0.759863 -5.261257 37.864175 0.068600 -0.877902 -0.473901 0.282878 0.097983
  1 -0.770137 -5.261261 37.864175 -0.068402 -0.914827 -0.398012 0.230769 0.097983
  1 -0.580138 -4.731015 37.154358 -0.039599 -0.793272 -0.607579 0.238213 0.060519
HEV_torso.bmp
  1 -0.580138 -4.731015 37.154358 -0.039599 -0.793272 -0.607579 0.238213 0.060519
  1 -0.770137 -5.261261 37.864175 -0.068402 -0.914827 -0.398012 0.230769 0.097983
  1 -1.550137 -5.041221 37.744251 -0.168398 -0.902987 -0.395294 0.203474 0.095101
HEV_torso.bmp
  1 -0.770137 -5.261261 37.864175 -0.068402 -0.914827 -0.398012 0.230769 0.097983
  1 -1.130136 -5.641835 39.524044 -0.133207 -0.962748 -0.235312 0.218362 0.170029
  1 -1.550137 -5.041221 37.744251 -0.168398 -0.902987 -0.395294 0.203474 0.095101
HEV_torso.bmp
  1 -1.550137 -5.041221 37.744251 -0.168398 -0.902987 -0.395294 0.203474 0.095101
  1 -1.130136 -5.641835 39.524044 -0.133207 -0.962748 -0.235312 0.218362 0.170029
  1 -2.270136 -5.411793 39.394123 -0.172107 -0.959036 -0.225009 0.178660 0.164265
HEV_torso.bmp
  1 -1.130136 -5.641835 39.524044 -0.133207 -0.962748 -0.235312 0.218362 0.170029
  1 -2.310135 -5.762487 41.404002 -0.227692 -0.953763 -0.196193 0.176179 0.239193
  1 -2.270136 -5.411793 39.394123 -0.172107 -0.959036 -0.225009 0.178660 0.164265
HEV_torso.bmp
  1 -2.310135 -5.822583 41.683982 -0.279205 -0.954915 -0.100902 0.176179 0.256484
  1 -1.390135 -6.092584 41.693889 -0.158104 -0.982025 -0.103103 0.215881 0.256484
  1 -1.390134 -6.182885 42.563857 -0.219105 -0.970323 -0.102302 0.215881 0.285303
HEV_torso.bmp
  1 -1.390134 -6.182885 42.563857 -0.219105 -0.970323 -0.102302 0.215881 0.285303
  1 -1.390135 -6.092584 41.693889 -0.158104 -0.982025 -0.103103 0.215881 0.256484
  1 -0.000134 -6.302878 42.553816 -0.032302 -0.994042 -0.104104 0.255583 0.285303
HEV_torso.bmp
  1 -1.390135 -6.092584 41.693889 -0.158104 -0.982025 -0.103103 0.215881 0.256484
  1 -0.000134 -6.222581 41.693844 0.032298 -0.994053 -0.103995 0.255583 0.256484
  1 -0.000134 -6.302878 42.553816 -0.032302 -0.994042 -0.104104 0.255583 0.285303
HEV_torso.bmp
  1 -0.000134 -6.302878 42.553816 -0.032302 -0.994042 -0.104104 0.255583 0.285303
  1 -0.000134 -6.222581 41.693844 0.032298 -0.994053 -0.103995 0.255583 0.256484
  1 1.359866 -6.182878 42.563857 0.157897 -0.982080 -0.102898 0.292804 0.285303
HEV_torso.bmp
  1 -0.000134 -6.222581 41.693844 0.032298 -0.994053 -0.103995 0.255583 0.256484
  1 1.359865 -6.092578 41.693889 0.219207 -0.970332 -0.102003 0.292804 0.256484
  1 1.359866 -6.182878 42.563857 0.157897 -0.982080 -0.102898 0.292804 0.285303
HEV_torso.bmp
  1 1.359866 -6.182878 42.563857 0.157897 -0.982080 -0.102898 0.292804 0.285303
  1 1.359865 -6.092578 41.693889 0.219207 -0.970332 -0.102003 0.292804 0.256484
  1 2.289865 -5.912872 42.553951 0.279308 -0.954927 -0.100503 0.332506 0.285303
HEV_torso.bmp
  1 1.359865 -6.092578 41.693889 0.219207 -0.970332 -0.102003 0.292804 0.256484
  1 2.279865 -5.822572 41.683982 0.279308 -0.954927 -0.100503 0.332506 0.256484
  1 2.289865 -5.912872 42.553951 0.279308 -0.954927 -0.100503 0.332506 0.285303
HEV_torso.bmp
  1 3.129862 -4.591731 39.254407 0.501224 -0.859942 -0.096305 0.382134 0.155620
  1 5.549857 -2.891538 38.714994 0.692588 -0.721288 -0.008100 0.434243 0.129683
  1 3.019862 -4.942691 42.034286 0.620716 -0.783921 -0.013400 0.379653 0.253602
HEV_torso.bmp
  1 3.019862 -4.942691 42.034286 0.620716 -0.783921 -0.013400 0.379653 0.253602
  1 5.549857 -2.891538 38.714994 0.692588 -0.721288 -0.008100 0.434243 0.129683
  1 5.209857 -2.942723 42.144976 0.874490 -0.477395 0.085799 0.426799 0.256484
HEV_torso.bmp
  1 5.549857 -2.891538 38.714994 0.692588 -0.721288 -0.008100 0.434243 0.129683
  1 6.559850 -0.041636 39.005978 0.985085 -0.134198 0.107698 0.496278 0.146974
  1 5.209857 -2.942723 42.144976 0.874490 -0.477395 0.085799 0.426799 0.256484
HEV_torso.bmp
  1 5.209857 -2.942723 42.144976 0.874490 -0.477395 0.085799 0.426799 0.256484
  1 6.559850 -0.041636 39.005978 0.985085 -0.134198 0.107698 0.496278 0.146974
  1 6.149850 -0.032821 42.435981 0.981043 0.155607 0.115505 0.496278 0.268012
HEV_torso.bmp
  1 6.559850 -0.041636 39.005978 0.985085 -0.134198 0.107698 0.496278 0.146974
  1 5.999845 1.898332 39.096648 0.894018 0.437908 0.094702 0.543424 0.155620
  1 6.149850 -0.032821 42.435981 0.981043 0.155607 0.115505 0.496278 0.268012
HEV_torso.bmp
  1 6.149850 -0.032821 42.435981 0.981043 0.155607 0.115505 0.496278 0.268012
  1 5.999845 1.898332 39.096648 0.894018 0.437908 0.094702 0.543424 0.155620
  1 5.419844 2.347463 41.606803 0.910934 0.388214 0.139605 0.550868 0.242075
HEV_torso.bmp
  1 5.999845 1.898332 39.096648 0.894018 0.437908 0.094702 0.543424 0.155620
  1 5.129842 3.067974 40.127052 0.823797 0.564298 0.054100 0.563275 0.193084
  1 5.419844 2.347463 41.606803 0.910934 0.388214 0.139605 0.550868 0.242075
HEV_torso.bmp
  1 -5.130158 3.077948 40.127055 -0.824526 0.563318 0.053202 0.563275 0.193084
  1 -6.010155 1.908298 39.106651 -0.894781 0.436391 0.094498 0.543424 0.155620
  1 -5.420156 2.357436 41.606806 -0.912193 0.387197 0.134099 0.550868 0.242075
HEV_torso.bmp
  1 -5.420156 2.357436 41.606806 -0.912193 0.387197 0.134099 0.550868 0.242075
  1 -6.010155 1.908298 39.106651 -0.894781 0.436391 0.094498 0.543424 0.155620
  1 -6.150150 -0.022852 42.435984 -0.981259 0.154394 0.115295 0.496278 0.268012
HEV_torso.bmp
  1 -6.010155 1.908298 39.106651 -0.894781 0.436391 0.094498 0.543424 0.155620
  1 -6.560150 -0.031662 38.985981 -0.985287 -0.132298 0.108199 0.496278 0.146974
  1 -6.150150 -0.022852 42.435984 -0.981259 0.154394 0.115295 0.496278 0.268012
HEV_torso.bmp
  1 -6.150150 -0.022852 42.435984 -0.981259 0.154394 0.115295 0.496278 0.268012
  1 -6.560150 -0.031662 38.985981 -0.985287 -0.132298 0.108199 0.496278 0.146974
  1 -5.230143 -2.932750 42.144979 -0.875532 -0.475517 0.085603 0.426799 0.256484
HEV_torso.bmp
  1 -6.560150 -0.031662 38.985981 -0.985287 -0.132298 0.108199 0.496278 0.146974
  1 -5.560143 -2.881566 38.714997 -0.692583 -0.721282 -0.009000 0.434243 0.129683
  1 -5.230143 -2.932750 42.144979 -0.875532 -0.475517 0.085603 0.426799 0.256484
HEV_torso.bmp
  1 -5.230143 -2.932750 42.144979 -0.875532 -0.475517 0.085603 0.426799 0.256484
  1 -5.560143 -2.881566 38.714997 -0.692583 -0.721282 -0.009000 0.434243 0.129683
  1 -3.050138 -4.932706 42.034289 -0.620711 -0.783913 -0.014100 0.379653 0.253602
HEV_torso.bmp
  1 -5.560143 -2.881566 38.714997 -0.692583 -0.721282 -0.009000 0.434243 0.129683
  1 -3.160139 -4.581746 39.254410 -0.501111 -0.859918 -0.097102 0.382134 0.155620
  1 -3.050138 -4.932706 42.034289 -0.620711 -0.783913 -0.014100 0.379653 0.253602
HEV_torso.bmp
  4 -4.140147 -5.348732 47.748722 -0.677510 -0.683010 -0.272904 0.141439 0.463977
  3 -2.390151 -5.505284 44.998651 -0.279602 -0.921105 -0.270902 0.188586 0.374640
  4 -2.200148 -6.170484 47.931007 -0.185806 -0.961429 -0.202806 0.191067 0.469741
HEV_torso.bmp
  4 -2.200148 -6.170484 47.931007 -0.185806 -0.961429 -0.202806 0.191067 0.469741
  3 -2.390151 -5.505284 44.998651 -0.279602 -0.921105 -0.270902 0.188586 0.374640
  4 2.169852 -6.180476 47.931512 0.123597 -0.970182 -0.208496 0.327543 0.469741
HEV_torso.bmp
  3 -2.390151 -5.505284 44.998651 -0.279602 -0.921105 -0.270902 0.188586 0.374640
  3 2.339849 -5.505290 44.998644 0.373023 -0.883154 -0.284417 0.332506 0.374640
  4 2.169852 -6.180476 47.931512 0.123597 -0.970182 -0.208496 0.327543 0.469741
HEV_torso.bmp
  4 2.169852 -6.180476 47.931512 0.123597 -0.970182 -0.208496 0.327543 0.469741
  3 2.339849 -5.505290 44.998644 0.373023 -0.883154 -0.284417 0.332506 0.374640
  4 4.109853 -5.348743 47.748710 0.677464 -0.683064 -0.272886 0.377171 0.463977
HEV_torso.bmp
  3 2.339849 -5.505290 44.998644 0.373023 -0.883154 -0.284417 0.332506 0.374640
  3 4.729853 -2.984984 45.271666 0.859561 -0.420581 -0.290287 0.404467 0.383285
  4 4.109853 -5.348743 47.748710 0.677464 -0.683064 -0.272886 0.377171 0.463977
HEV_torso.bmp
  4 4.109853 -5.348743 47.748710 0.677464 -0.683064 -0.272886 0.377171 0.463977
  3 4.729853 -2.984984 45.271666 0.859561 -0.420581 -0.290287 0.404467 0.383285
  4 5.259856 -2.712944 47.012873 0.921617 -0.316506 -0.224604 0.424318 0.429395
HEV_torso.bmp
  3 4.729853 -2.984984 45.271666 0.859561 -0.420581 -0.290287 0.404467 0.383285
  4 5.419857 0.004834 45.531865 0.947903 -0.195001 -0.251901 0.481390 0.391931
  4 5.259856 -2.712944 47.012873 0.921617 -0.316506 -0.224604 0.424318 0.429395
HEV_torso.bmp
  1 -0.000161 4.295992 45.827476 0.000000 0.735175 0.677877 0.042184 0.841499
  4 3.379863 3.560385 46.330980 0.239483 0.699750 0.673052 0.059553 0.835735
  1 1.819840 4.106004 45.807411 0.109505 0.827139 0.551226 0.052109 0.838617
HEV_torso.bmp
  1 1.819840 4.106004 45.807411 0.109505 0.827139 0.551226 0.052109 0.838617
  4 3.379863 3.560385 46.330980 0.239483 0.699750 0.673052 0.059553 0.835735
  1 3.659840 3.846019 45.777321 0.485023 0.581527 0.653130 0.062035 0.838617
HEV_torso.bmp
  4 3.379863 3.560385 46.330980 0.239483 0.699750 0.673052 0.059553 0.835735
  4 4.839860 1.778127 45.941665 0.660597 0.295598 0.690097 0.066998 0.824207
  1 3.659840 3.846019 45.777321 0.485023 0.581527 0.653130 0.062035 0.838617
HEV_torso.bmp
  1 3.659840 3.846019 45.777321 0.485023 0.581527 0.653130 0.062035 0.838617
  4 4.839860 1.778127 45.941665 0.660597 0.295598 0.690097 0.066998 0.824207
  1 5.339845 2.056158 45.386703 0.620314 0.174404 0.764718 0.069479 0.824207
HEV_torso.bmp
  4 4.839860 1.778127 45.941665 0.660597 0.295598 0.690097 0.066998 0.824207
  4 5.419857 0.004834 45.531865 0.619977 -0.073497 0.781170 0.071960 0.812680
  1 5.339845 2.056158 45.386703 0.620314 0.174404 0.764718 0.069479 0.824207
HEV_torso.bmp
  1 5.339845 2.056158 45.386703 0.620314 0.174404 0.764718 0.069479 0.824207
  4 5.419857 0.004834 45.531865 0.619977 -0.073497 0.781170 0.071960 0.812680
  1 6.039850 0.036263 45.086005 0.569299 -0.077200 0.818498 0.074442 0.812680
HEV_torso.bmp
  4 5.419857 0.004834 45.531865 0.619977 -0.073497 0.781170 0.071960 0.812680
  1 5.549856 -2.163644 44.815245 0.609899 -0.232200 0.757698 0.071960 0.795389
  1 6.039850 0.036263 45.086005 0.569299 -0.077200 0.818498 0.074442 0.812680
HEV_torso.bmp
  1 3.619861 -4.431056 37.304462 0.312111 -0.837830 -0.447916 0.382134 0.080692
  1 0.659861 -4.420880 36.774465 0.094502 -0.495210 -0.863618 0.275434 0.046110
  1 1.369857 -2.770723 36.325035 0.055300 -0.262698 -0.963292 0.292804 0.031700
HEV_torso.bmp
  1 1.369857 -2.770723 36.325035 0.055300 -0.262698 -0.963292 0.292804 0.031700
  1 0.659861 -4.420880 36.774465 0.094502 -0.495210 -0.863618 0.275434 0.046110
  1 -1.370143 -2.770730 36.325035 -0.032999 -0.250489 -0.967557 0.220844 0.031700
HEV_torso.bmp
  1 0.659861 -4.420880 36.774465 0.094502 -0.495210 -0.863618 0.275434 0.046110
  1 -0.680139 -4.410884 36.774469 -0.117798 -0.551092 -0.826088 0.238213 0.046110
  1 -1.370143 -2.770730 36.325035 -0.032999 -0.250489 -0.967557 0.220844 0.031700
HEV_torso.bmp
  1 -1.370143 -2.770730 36.325035 -0.032999 -0.250489 -0.967557 0.220844 0.031700
  1 -0.680139 -4.410884 36.774469 -0.117798 -0.551092 -0.826088 0.238213 0.046110
  1 -3.630139 -4.431075 37.304462 -0.311814 -0.837938 -0.447920 0.131514 0.080692
HEV_torso.bmp
  1 -0.680139 -4.410884 36.774469 -0.117798 -0.551092 -0.826088 0.238213 0.046110
  1 -2.680138 -4.731186 37.634358 -0.248102 -0.895908 -0.368503 0.168734 0.083573
  1 -3.630139 -4.431075 37.304462 -0.311814 -0.837938 -0.447920 0.131514 0.080692
HEV_torso.bmp
  1 -3.630139 -4.431075 37.304462 -0.311814 -0.837938 -0.447920 0.131514 0.080692
  1 -2.680138 -4.731186 37.634358 -0.248102 -0.895908 -0.368503 0.168734 0.083573
  1 -3.900139 -4.351351 38.104490 -0.470491 -0.882084 -0.023800 0.121588 0.103746
HEV_torso.bmp
  1 4.839840 4.128273 39.257418 0.659964 0.747859 0.071796 0.588089 0.152738
  1 4.359839 4.397723 40.847511 0.703613 0.705613 0.083902 0.595533 0.204611
  1 5.449841 3.277975 40.127124 0.756881 0.639183 0.136296 0.573201 0.187320
HEV_torso.bmp
  1 5.449841 3.277975 40.127124 0.756881 0.639183 0.136296 0.573201 0.187320
  1 4.359839 4.397723 40.847511 0.703613 0.705613 0.083902 0.595533 0.204611
  1 5.759844 2.517468 41.596861 0.795476 0.593782 0.120996 0.560794 0.242075
HEV_torso.bmp
  1 4.359839 4.397723 40.847511 0.703613 0.705613 0.083902 0.595533 0.204611
  1 4.829841 3.486788 43.557197 0.829412 0.521607 0.200003 0.578164 0.319885
  1 5.759844 2.517468 41.596861 0.795476 0.593782 0.120996 0.560794 0.242075
HEV_torso.bmp
  1 5.759844 2.517468 41.596861 0.795476 0.593782 0.120996 0.560794 0.242075
  1 4.829841 3.486788 43.557197 0.829412 0.521607 0.200003 0.578164 0.319885
  1 5.759845 2.207040 42.836754 0.880547 0.387920 0.272314 0.560794 0.291066
HEV_torso.bmp
  1 4.829841 3.486788 43.557197 0.829412 0.521607 0.200003 0.578164 0.319885
  1 5.529845 2.156849 43.386737 0.849860 0.348783 0.395081 0.555831 0.317003
  1 5.759845 2.207040 42.836754 0.880547 0.387920 0.272314 0.560794 0.291066
HEV_torso.bmp
  1 5.759845 2.207040 42.836754 0.880547 0.387920 0.272314 0.560794 0.291066
  1 5.529845 2.156849 43.386737 0.849860 0.348783 0.395081 0.555831 0.317003
  1 6.389850 0.016924 43.175998 0.974938 -0.005500 0.222409 0.501241 0.302594
HEV_torso.bmp
  1 4.189841 3.626328 44.887245 0.731902 0.624201 0.273301 0.595533 0.368876
  1 5.339845 2.056158 45.386703 0.829412 0.521607 0.200003 0.568238 0.391931
  1 4.709841 3.406636 43.997168 0.792206 0.577204 0.198102 0.578164 0.331412
HEV_torso.bmp
  1 4.709841 3.406636 43.997168 0.792206 0.577204 0.198102 0.578164 0.331412
  1 5.339845 2.056158 45.386703 0.829412 0.521607 0.200003 0.568238 0.391931
  1 5.529845 2.136707 43.796730 0.910934 0.388214 0.139605 0.555831 0.328530
HEV_torso.bmp
  1 5.339845 2.056158 45.386703 0.829412 0.521607 0.200003 0.568238 0.391931
  1 6.039850 0.036263 45.086005 0.976858 0.136208 0.164910 0.501241 0.374640
  1 5.529845 2.136707 43.796730 0.910934 0.388214 0.139605 0.555831 0.328530
HEV_torso.bmp
  1 5.529845 2.136707 43.796730 0.910934 0.388214 0.139605 0.555831 0.328530
  1 6.039850 0.036263 45.086005 0.976858 0.136208 0.164910 0.501241 0.374640
  1 6.329850 -0.003214 43.575991 0.984058 -0.064097 0.165893 0.501241 0.319885
HEV_torso.bmp
  1 6.039850 0.036263 45.086005 0.976858 0.136208 0.164910 0.501241 0.374640
  1 5.549856 -2.163644 44.815245 0.953958 -0.256489 0.155493 0.454094 0.368876
  1 6.329850 -0.003214 43.575991 0.984058 -0.064097 0.165893 0.501241 0.319885
HEV_torso.bmp
  1 6.329850 -0.003214 43.575991 0.984058 -0.064097 0.165893 0.501241 0.319885
  1 5.549856 -2.163644 44.815245 0.953958 -0.256489 0.155493 0.454094 0.368876
  1 5.749855 -2.173119 43.295242 0.953958 -0.256489 0.155493 0.454094 0.311239
HEV_torso.bmp
  3 -2.390151 -5.505284 44.998651 -0.358389 -0.625681 0.692879 0.029777 0.772334
  1 -0.000134 -6.493534 44.453750 0.000000 -0.553592 0.832788 0.042184 0.766571
  3 2.339849 -5.505290 44.998644 0.355690 -0.622882 0.696780 0.054591 0.772334
HEV_torso.bmp
  3 -2.390151 -5.505284 44.998651 -0.358389 -0.625681 0.692879 0.029777 0.772334
  1 -1.530134 -6.323541 44.463809 -0.214798 -0.681493 0.699592 0.034739 0.766571
  1 -0.000134 -6.493534 44.453750 0.000000 -0.553592 0.832788 0.042184 0.766571
HEV_torso.bmp
  3 -2.390151 -5.505284 44.998651 -0.358389 -0.625681 0.692879 0.029777 0.772334
  1 -2.560135 -5.823541 44.453981 -0.455986 -0.685678 0.567382 0.027295 0.772334
  1 -1.530134 -6.323541 44.463809 -0.214798 -0.681493 0.699592 0.034739 0.766571
HEV_torso.bmp
  3 -2.390151 -5.505284 44.998651 -0.358389 -0.625681 0.692879 0.029777 0.772334
  1 -3.260137 -5.143563 44.514216 -0.552026 -0.612829 0.565427 0.024814 0.775216
  1 -2.560135 -5.823541 44.453981 -0.455986 -0.685678 0.567382 0.027295 0.772334
HEV_torso.bmp
  3 -2.390151 -5.505284 44.998651 -0.358389 -0.625681 0.692879 0.029777 0.772334
  1 -3.940139 -4.463592 44.594451 -0.535090 -0.585189 0.609289 0.019851 0.780980
  1 -3.260137 -5.143563 44.514216 -0.552026 -0.612829 0.565427 0.024814 0.775216
HEV_torso.bmp
  3 -2.390151 -5.505284 44.998651 -0.358389 -0.625681 0.692879 0.029777 0.772334
  3 -4.760148 -2.974534 45.262137 -0.581376 -0.444981 0.681171 0.017370 0.789625
  1 -3.940139 -4.463592 44.594451 -0.535090 -0.585189 0.609289 0.019851 0.780980
HEV_torso.bmp
  4 -2.400144 -7.371136 51.857588 0.280201 -0.345001 -0.895802 0.037221 0.786744
  4 -5.380144 -5.865862 50.358605 0.152094 -0.239690 -0.958862 0.027295 0.792507
  4 -5.120143 -5.655625 50.357845 0.208597 -0.256796 -0.943686 0.027295 0.792507
HEV_torso.bmp
  4 -5.120143 -5.655625 50.357845 0.208597 -0.256796 -0.943686 0.027295 0.792507
  4 -5.380144 -5.865862 50.358605 0.152094 -0.239690 -0.958862 0.027295 0.792507
  4 -6.620141 -2.747106 49.668117 0.068000 -0.178999 -0.981496 0.024814 0.804035
HEV_torso.bmp
  4 -5.380144 -5.865862 50.358605 0.152094 -0.239690 -0.958862 0.027295 0.792507
  4 -6.950141 -2.807027 49.671188 -0.010700 -0.178805 -0.983826 0.022333 0.804035
  4 -6.620141 -2.747106 49.668117 0.068000 -0.178999 -0.981496 0.024814 0.804035
HEV_torso.bmp
  4 -6.620141 -2.747106 49.668117 0.068000 -0.178999 -0.981496 0.024814 0.804035
  4 -6.950141 -2.807027 49.671188 -0.010700 -0.178805 -0.983826 0.022333 0.804035
  4 -6.770138 0.031828 49.185289 0.000000 -0.102503 -0.994733 0.022333 0.809798
HEV_torso.bmp
  4 -6.950141 -2.807027 49.671188 -0.010700 -0.178805 -0.983826 0.022333 0.804035
  4 -7.110138 0.112236 49.191183 0.000000 -0.102503 -0.994733 0.022333 0.809798
  4 -6.770138 0.031828 49.185289 0.000000 -0.102503 -0.994733 0.022333 0.809798
HEV_torso.bmp
  4 -6.770138 0.031828 49.185289 0.000000 -0.102503 -0.994733 0.022333 0.809798
  4 -7.110138 0.112236 49.191183 0.000000 -0.102503 -0.994733 0.022333 0.809798
  4 -6.340135 2.505509 48.998467 -0.029199 -0.061798 -0.997661 0.024814 0.821326
HEV_torso.bmp
  4 1.469854 -6.518036 49.160396 -0.001200 -0.996093 -0.088299 0.305211 0.538905
  4 -1.210146 -6.570296 49.703786 -0.001200 -0.996093 -0.088299 0.220844 0.561960
  4 -1.500146 -6.518032 49.160400 -0.001200 -0.996093 -0.088299 0.205955 0.538905
HEV_torso.bmp
  4 1.469854 -6.518036 49.160396 -0.001200 -0.996093 -0.088299 0.305211 0.538905
  4 1.169854 -6.579775 49.714281 -0.001200 -0.996093 -0.088299 0.295285 0.561960
  4 -1.210146 -6.570296 49.703786 -0.001200 -0.996093 -0.088299 0.220844 0.561960
HEV_torso.bmp
  4 1.469854 -6.518036 49.160396 -0.001200 -0.996093 -0.088299 0.305211 0.538905
  4 1.469857 -6.764498 51.776434 -0.001200 -0.996093 -0.088299 0.305211 0.642651
  4 1.169854 -6.579775 49.714281 -0.001200 -0.996093 -0.088299 0.295285 0.561960
HEV_torso.bmp
  4 1.469854 -6.518036 49.160396 -0.001200 -0.996093 -0.088299 0.305211 0.538905
  4 1.609858 -6.831884 52.610975 -0.001200 -0.996093 -0.088299 0.310174 0.674352
  4 1.469857 -6.764498 51.776434 -0.001200 -0.996093 -0.088299 0.305211 0.642651
HEV_torso.bmp
  4 1.469854 -6.518036 49.160396 -0.001200 -0.996093 -0.088299 0.305211 0.538905
  4 1.829859 -6.884660 53.144374 -0.001200 -0.996093 -0.088299 0.315136 0.694524
  4 1.609858 -6.831884 52.610975 -0.001200 -0.996093 -0.088299 0.310174 0.674352
HEV_torso.bmp
  4 1.469854 -6.518036 49.160396 -0.001200 -0.996093 -0.088299 0.305211 0.538905
  4 2.399861 -7.002774 54.552261 -0.001200 -0.996093 -0.088299 0.334988 0.749280
  4 1.829859 -6.884660 53.144374 -0.001200 -0.996093 -0.088299 0.315136 0.694524
HEV_torso.bmp
  1 0.659861 -4.420880 36.774465 0.094502 -0.495210 -0.863618 0.275434 0.046110
  1 3.619861 -4.431056 37.304462 0.312111 -0.837830 -0.447916 0.382134 0.080692
  1 2.659862 -4.741172 37.634355 0.249192 -0.895570 -0.368588 0.342432 0.083573
HEV_torso.bmp
  1 2.659862 -4.741172 37.634355 0.249192 -0.895570 -0.368588 0.342432 0.083573
  1 3.619861 -4.431056 37.304462 0.312111 -0.837830 -0.447916 0.382134 0.080692
  1 3.879861 -4.361332 38.104486 0.470689 -0.881981 -0.023700 0.389578 0.103746
HEV_torso.bmp
  1 3.619861 -4.431056 37.304462 0.312111 -0.837830 -0.447916 0.382134 0.080692
  1 5.979858 -2.981240 37.854963 0.786907 -0.616806 0.018100 0.451613 0.097983
  1 3.879861 -4.361332 38.104486 0.470689 -0.881981 -0.023700 0.389578 0.103746
HEV_torso.bmp
  1 3.879861 -4.361332 38.104486 0.470689 -0.881981 -0.023700 0.389578 0.103746
  1 5.979858 -2.981240 37.854963 0.786907 -0.616806 0.018100 0.451613 0.097983
  1 5.879858 -3.001537 38.714956 0.794188 -0.605391 0.052599 0.449132 0.123919
HEV_torso.bmp
  1 5.979858 -2.981240 37.854963 0.786907 -0.616806 0.018100 0.451613 0.097983
  1 6.949850 0.008369 38.995995 0.999553 -0.010200 0.028099 0.501241 0.138329
  1 5.879858 -3.001537 38.714956 0.794188 -0.605391 0.052599 0.449132 0.123919
HEV_torso.bmp
  1 -5.530156 2.166821 43.386740 -0.851969 0.346787 0.392286 0.928040 0.317003
  1 -4.830159 3.496764 43.557200 -0.830123 0.521315 0.197806 0.908189 0.319885
  1 -5.760156 2.217007 42.846758 -0.882128 0.385513 0.270609 0.928040 0.291066
HEV_torso.bmp
  1 -5.760156 2.217007 42.846758 -0.882128 0.385513 0.270609 0.928040 0.291066
  1 -4.830159 3.496764 43.557200 -0.830123 0.521315 0.197806 0.908189 0.319885
  1 -5.760157 2.527439 41.596865 -0.795927 0.593420 0.119804 0.925558 0.242075
HEV_torso.bmp
  1 -4.830159 3.496764 43.557200 -0.830123 0.521315 0.197806 0.908189 0.319885
  1 -4.360161 4.417701 40.847518 -0.703642 0.705643 0.083405 0.893300 0.204611
  1 -5.760157 2.527439 41.596865 -0.795927 0.593420 0.119804 0.925558 0.242075
HEV_torso.bmp
  1 -5.760157 2.527439 41.596865 -0.795927 0.593420 0.119804 0.925558 0.242075
  1 -4.360161 4.417701 40.847518 -0.703642 0.705643 0.083405 0.893300 0.204611
  1 -5.460158 3.287947 40.127128 -0.756929 0.639124 0.136305 0.915633 0.187320
HEV_torso.bmp
  1 -4.360161 4.417701 40.847518 -0.703642 0.705643 0.083405 0.893300 0.204611
  1 -4.840161 4.138249 39.257421 -0.659279 0.748577 0.070598 0.900744 0.152738
  1 -5.460158 3.287947 40.127128 -0.756929 0.639124 0.136305 0.915633 0.187320
HEV_torso.bmp
  1 -4.710159 3.416612 43.997172 -0.792622 0.577316 0.196105 0.585608 0.337176
  1 -5.530156 2.146679 43.796734 -0.912193 0.387197 0.134099 0.555831 0.331412
  1 -5.360155 2.066131 45.386706 -0.830123 0.521315 0.197806 0.570720 0.389049
HEV_torso.bmp
  1 -5.360155 2.066131 45.386706 -0.830123 0.521315 0.197806 0.570720 0.389049
  1 -5.530156 2.146679 43.796734 -0.912193 0.387197 0.134099 0.555831 0.331412
  1 -6.070150 0.046233 45.086008 -0.978453 0.135494 0.155793 0.506203 0.374640
HEV_torso.bmp
  1 -5.530156 2.146679 43.796734 -0.912193 0.387197 0.134099 0.555831 0.331412
  1 -6.330150 0.006753 43.575995 -0.985698 -0.063000 0.156300 0.506203 0.319885
  1 -6.070150 0.046233 45.086008 -0.978453 0.135494 0.155793 0.506203 0.374640
HEV_torso.bmp
  1 -6.070150 0.046233 45.086008 -0.978453 0.135494 0.155793 0.506203 0.374640
  1 -6.330150 0.006753 43.575995 -0.985698 -0.063000 0.156300 0.506203 0.319885
  1 -5.570145 -2.153673 44.815249 -0.955722 -0.267606 0.122403 0.454094 0.365994
HEV_torso.bmp
  1 -6.330150 0.006753 43.575995 -0.985698 -0.063000 0.156300 0.506203 0.319885
  1 -5.760145 -2.163148 43.295245 -0.955722 -0.267606 0.122403 0.454094 0.311239
  1 -5.570145 -2.153673 44.815249 -0.955722 -0.267606 0.122403 0.454094 0.365994
HEV_torso.bmp
  1 0.449850 -0.140539 35.785943 0.000500 -0.034800 -0.999394 0.724566 0.028818
  1 -0.550161 4.129258 36.367418 0.000200 0.511994 -0.858989 0.761787 0.034582
  1 0.559839 4.129260 36.367418 0.000200 0.511994 -0.858989 0.724566 0.034582
HEV_torso.bmp
  1 0.559839 4.129260 36.367418 0.000200 0.511994 -0.858989 0.724566 0.034582
  1 -0.550161 4.129258 36.367418 0.000200 0.511994 -0.858989 0.761787 0.034582
  1 0.579837 4.918888 37.447691 0.000000 0.852700 -0.522400 0.724566 0.077810
HEV_torso.bmp
  1 -0.550161 4.129258 36.367418 0.000200 0.511994 -0.858989 0.761787 0.034582
  1 -0.570163 4.918885 37.447691 0.000000 0.893425 -0.449213 0.764268 0.077810
  1 0.579837 4.918888 37.447691 0.000000 0.852700 -0.522400 0.724566 0.077810
HEV_torso.bmp
  1 0.579837 4.918888 37.447691 0.000000 0.852700 -0.522400 0.724566 0.077810
  1 -0.570163 4.918885 37.447691 0.000000 0.893425 -0.449213 0.764268 0.077810
  1 0.589836 5.478408 38.837884 0.000000 0.927675 -0.373390 0.724566 0.135447
HEV_torso.bmp
  1 -0.570163 4.918885 37.447691 0.000000 0.893425 -0.449213 0.764268 0.077810
  1 -0.580164 5.478405 38.837884 0.000000 0.927675 -0.373390 0.761787 0.135447
  1 0.589836 5.478408 38.837884 0.000000 0.927675 -0.373390 0.724566 0.135447
HEV_torso.bmp
  4 4.659866 3.582544 48.913227 0.614695 0.767693 -0.181098 0.583127 0.521614
  4 6.019865 2.305243 48.998696 0.794537 0.563226 -0.226910 0.548387 0.524496
  4 4.629864 3.284278 47.586752 0.719382 0.667582 -0.191895 0.583127 0.466859
HEV_torso.bmp
  4 4.629864 3.284278 47.586752 0.719382 0.667582 -0.191895 0.583127 0.466859
  4 6.019865 2.305243 48.998696 0.794537 0.563226 -0.226910 0.548387 0.524496
  4 5.409861 2.057477 46.508112 0.848447 0.479970 -0.223086 0.563275 0.432277
HEV_torso.bmp
  4 6.019865 2.305243 48.998696 0.794537 0.563226 -0.226910 0.548387 0.524496
  4 6.729862 0.021823 49.185781 0.971233 0.079103 -0.224608 0.506203 0.536023
  4 5.409861 2.057477 46.508112 0.848447 0.479970 -0.223086 0.563275 0.432277
HEV_torso.bmp
  4 5.409861 2.057477 46.508112 0.848447 0.479970 -0.223086 0.563275 0.432277
  4 6.729862 0.021823 49.185781 0.971233 0.079103 -0.224608 0.506203 0.536023
  4 6.029858 -0.004924 46.123138 0.971233 0.079103 -0.224608 0.506203 0.414986
HEV_torso.bmp
  4 6.729862 0.021823 49.185781 0.971233 0.079103 -0.224608 0.506203 0.536023
  4 5.899856 -2.694277 47.572650 0.912995 -0.308898 -0.266499 0.459057 0.461095
  4 6.029858 -0.004924 46.123138 0.971233 0.079103 -0.224608 0.506203 0.414986
HEV_torso.bmp
  4 3.419872 5.354479 51.055366 0.648373 0.711271 -0.271489 0.632754 0.608069
  4 6.409869 2.700518 51.241407 0.761241 0.626833 -0.166109 0.573201 0.619597
  4 4.679869 3.880810 50.239703 0.614695 0.767693 -0.181098 0.583127 0.579251
HEV_torso.bmp
  4 4.679869 3.880810 50.239703 0.614695 0.767693 -0.181098 0.583127 0.579251
  4 6.409869 2.700518 51.241407 0.761241 0.626833 -0.166109 0.573201 0.619597
  4 6.319865 2.495505 48.998960 0.808822 0.579315 -0.101003 0.548387 0.524496
HEV_torso.bmp
  4 6.409869 2.700518 51.241407 0.761241 0.626833 -0.166109 0.573201 0.619597
  4 7.189866 0.047072 51.437438 0.990266 0.123496 -0.064198 0.506203 0.628242
  4 6.319865 2.495505 48.998960 0.808822 0.579315 -0.101003 0.548387 0.524496
HEV_torso.bmp
  4 6.319865 2.495505 48.998960 0.808822 0.579315 -0.101003 0.548387 0.524496
  4 7.189866 0.047072 51.437438 0.990266 0.123496 -0.064198 0.506203 0.628242
  4 7.079862 0.101718 49.181687 0.990266 0.123496 -0.064198 0.506203 0.536023
HEV_torso.bmp
  4 7.189866 0.047072 51.437438 0.990266 0.123496 -0.064198 0.506203 0.628242
  4 6.909859 -2.816521 49.681666 0.959837 -0.267811 -0.083603 0.471464 0.556196
  4 7.079862 0.101718 49.181687 0.990266 0.123496 -0.064198 0.506203 0.536023
HEV_torso.bmp
  3 4.729853 -2.984984 45.271666 0.576477 -0.442583 0.686873 0.066998 0.789625
  1 5.549856 -2.163644 44.815245 0.609899 -0.232200 0.757698 0.071960 0.795389
  4 5.419857 0.004834 45.531865 0.619977 -0.073497 0.781170 0.071960 0.812680
HEV_torso.bmp
  3 4.729853 -2.984984 45.271666 0.576477 -0.442583 0.686873 0.066998 0.789625
  1 5.259858 -3.083611 44.714928 0.594280 -0.419186 0.686377 0.069479 0.789625
  1 5.549856 -2.163644 44.815245 0.609899 -0.232200 0.757698 0.071960 0.795389
HEV_torso.bmp
  3 4.729853 -2.984984 45.271666 0.576477 -0.442583 0.686873 0.066998 0.789625
  1 4.589860 -3.783592 44.654686 0.514082 -0.566580 0.643977 0.066998 0.786744
  1 5.259858 -3.083611 44.714928 0.594280 -0.419186 0.686377 0.069479 0.789625
HEV_torso.bmp
  3 4.729853 -2.984984 45.271666 0.576477 -0.442583 0.686873 0.066998 0.789625
  1 3.909861 -4.473573 44.594448 0.531173 -0.582071 0.615669 0.062035 0.780980
  1 4.589860 -3.783592 44.654686 0.514082 -0.566580 0.643977 0.066998 0.786744
HEV_torso.bmp
  3 4.729853 -2.984984 45.271666 0.576477 -0.442583 0.686873 0.066998 0.789625
  3 2.339849 -5.505290 44.998644 0.355690 -0.622882 0.696780 0.054591 0.772334
  1 3.909861 -4.473573 44.594448 0.531173 -0.582071 0.615669 0.062035 0.780980
HEV_torso.bmp
  4 5.079856 -5.665114 50.368329 -0.208597 -0.256796 -0.943686 0.059553 0.792507
  4 6.579859 -2.757111 49.668610 -0.068000 -0.178999 -0.981496 0.064516 0.804035
  4 5.339856 -5.875863 50.359101 -0.152094 -0.239690 -0.958862 0.059553 0.792507
HEV_torso.bmp
  4 5.339856 -5.875863 50.359101 -0.152094 -0.239690 -0.958862 0.059553 0.792507
  4 6.579859 -2.757111 49.668610 -0.068000 -0.178999 -0.981496 0.064516 0.804035
  4 6.909859 -2.816521 49.681666 -0.010700 -0.178805 -0.983826 0.064516 0.804035
HEV_torso.bmp
  4 6.579859 -2.757111 49.668610 -0.068000 -0.178999 -0.981496 0.064516 0.804035
  4 6.729862 0.021823 49.185781 0.000000 -0.102503 -0.994733 0.064516 0.809798
  4 6.909859 -2.816521 49.681666 -0.010700 -0.178805 -0.983826 0.064516 0.804035
HEV_torso.bmp
  4 6.909859 -2.816521 49.681666 -0.010700 -0.178805 -0.983826 0.064516 0.804035
  4 6.729862 0.021823 49.185781 0.000000 -0.102503 -0.994733 0.064516 0.809798
  4 7.079862 0.101718 49.181687 0.000000 -0.102503 -0.994733 0.064516 0.809798
HEV_torso.bmp
  4 6.729862 0.021823 49.185781 0.000000 -0.102503 -0.994733 0.064516 0.809798
  4 6.319865 2.495505 48.998960 0.029199 -0.061798 -0.997661 0.062035 0.821326
  4 7.079862 0.101718 49.181687 0.000000 -0.102503 -0.994733 0.064516 0.809798
HEV_torso.bmp
  4 -1.840148 -7.096990 48.609304 -0.133599 -0.649196 -0.748796 0.196030 0.512968
  4 -4.600146 -5.618660 48.343314 -0.518023 -0.551625 -0.653729 0.116625 0.507205
  4 -4.140147 -5.348732 47.748722 -0.383377 -0.618563 -0.685859 0.131514 0.487032
HEV_torso.bmp
  4 -4.140147 -5.348732 47.748722 -0.383377 -0.618563 -0.685859 0.131514 0.487032
  4 -4.600146 -5.618660 48.343314 -0.518023 -0.551625 -0.653729 0.116625 0.507205
  4 -5.280145 -2.702943 47.012376 -0.600793 -0.431895 -0.672692 0.076923 0.449568
HEV_torso.bmp
  4 -4.600146 -5.618660 48.343314 -0.518023 -0.551625 -0.653729 0.116625 0.507205
  4 -5.920144 -2.684786 47.562168 -0.600793 -0.431895 -0.672692 0.062035 0.466859
  4 -5.280145 -2.702943 47.012376 -0.600793 -0.431895 -0.672692 0.076923 0.449568
HEV_torso.bmp
  4 -5.280145 -2.702943 47.012376 -0.600793 -0.431895 -0.672692 0.076923 0.449568
  4 -5.920144 -2.684786 47.562168 -0.600793 -0.431895 -0.672692 0.062035 0.466859
  4 -5.450143 0.014836 45.531369 -0.675674 -0.154294 -0.720873 0.014888 0.400576
HEV_torso.bmp
  4 -5.920144 -2.684786 47.562168 -0.600793 -0.431895 -0.672692 0.062035 0.466859
  4 -6.060142 0.015066 46.122133 -0.666892 0.104499 -0.737791 0.014888 0.414986
  4 -5.450143 0.014836 45.531369 -0.675674 -0.154294 -0.720873 0.014888 0.400576
HEV_torso.bmp
  4 5.419857 0.004834 45.531865 0.675674 -0.154294 -0.720873 0.506203 0.394813
  4 4.839860 1.778127 45.941665 0.569494 0.409395 -0.712792 0.570720 0.412104
  4 6.029858 -0.004924 46.123138 0.666892 0.104499 -0.737791 0.506203 0.414986
HEV_torso.bmp
  4 6.029858 -0.004924 46.123138 0.666892 0.104499 -0.737791 0.506203 0.414986
  4 4.839860 1.778127 45.941665 0.569494 0.409395 -0.712792 0.570720 0.412104
  4 5.409861 2.057477 46.508112 0.491291 0.445592 -0.748386 0.563275 0.432277
HEV_torso.bmp
  4 4.839860 1.778127 45.941665 0.569494 0.409395 -0.712792 0.570720 0.412104
  4 3.379863 3.560385 46.330980 0.195502 0.640906 -0.742307 0.635236 0.429395
  4 5.409861 2.057477 46.508112 0.491291 0.445592 -0.748386 0.563275 0.432277
HEV_torso.bmp
  4 5.409861 2.057477 46.508112 0.491291 0.445592 -0.748386 0.563275 0.432277
  4 3.379863 3.560385 46.330980 0.195502 0.640906 -0.742307 0.635236 0.429395
  4 3.799864 4.119880 46.893087 0.213508 0.607322 -0.765228 0.620347 0.449568
HEV_torso.bmp
  4 3.379863 3.560385 46.330980 0.195502 0.640906 -0.742307 0.635236 0.429395
  4 3.029864 4.120392 46.903075 0.000000 0.707407 -0.706807 0.645161 0.449568
  4 3.799864 4.119880 46.893087 0.213508 0.607322 -0.765228 0.620347 0.449568
HEV_torso.bmp
  4 -3.050136 4.130388 46.902572 0.000000 0.707407 -0.706807 0.848635 0.449568
  4 -3.390137 3.570892 46.340465 -0.224410 0.624328 -0.748234 0.858561 0.429395
  4 -3.810136 4.129877 46.892586 -0.224410 0.624328 -0.748234 0.873449 0.449568
HEV_torso.bmp
  4 -3.810136 4.129877 46.892586 -0.224410 0.624328 -0.748234 0.873449 0.449568
  4 -3.390137 3.570892 46.340465 -0.224410 0.624328 -0.748234 0.858561 0.429395
  4 -5.440139 2.067990 46.517603 -0.491291 0.445592 -0.748386 0.933002 0.432277
HEV_torso.bmp
  4 -3.390137 3.570892 46.340465 -0.224410 0.624328 -0.748234 0.858561 0.429395
  4 -4.870140 1.788127 45.941167 -0.569494 0.409395 -0.712792 0.925558 0.412104
  4 -5.440139 2.067990 46.517603 -0.491291 0.445592 -0.748386 0.933002 0.432277
HEV_torso.bmp
  4 -5.440139 2.067990 46.517603 -0.491291 0.445592 -0.748386 0.933002 0.432277
  4 -4.870140 1.788127 45.941167 -0.569494 0.409395 -0.712792 0.925558 0.412104
  4 -6.060142 0.015066 46.122133 -0.666892 0.104499 -0.737791 0.990074 0.414986
HEV_torso.bmp
  4 -4.870140 1.788127 45.941167 -0.569494 0.409395 -0.712792 0.925558 0.412104
  4 -5.450143 0.014836 45.531369 -0.675674 -0.154294 -0.720873 0.990074 0.394813
  4 -6.060142 0.015066 46.122133 -0.666892 0.104499 -0.737791 0.990074 0.414986
HEV_torso.bmp
  1 5.759845 2.207040 42.836754 0.880547 0.387920 0.272314 0.560794 0.291066
  1 6.389850 0.016924 43.175998 0.974938 -0.005500 0.222409 0.501241 0.302594
  1 6.519850 0.007176 42.445995 0.985245 -0.012301 0.170708 0.501241 0.279539
HEV_torso.bmp
  1 6.519850 0.007176 42.445995 0.985245 -0.012301 0.170708 0.501241 0.279539
  1 6.389850 0.016924 43.175998 0.974938 -0.005500 0.222409 0.501241 0.302594
  1 5.529858 -3.052723 42.144938 0.876053 -0.466129 0.123508 0.436725 0.265130
HEV_torso.bmp
  1 6.389850 0.016924 43.175998 0.974938 -0.005500 0.222409 0.501241 0.302594
  1 5.449858 -3.072951 42.804931 0.794188 -0.605391 0.052599 0.431762 0.293948
  1 5.529858 -3.052723 42.144938 0.876053 -0.466129 0.123508 0.436725 0.265130
HEV_torso.bmp
  1 5.529858 -3.052723 42.144938 0.876053 -0.466129 0.123508 0.436725 0.265130
  1 5.449858 -3.072951 42.804931 0.794188 -0.605391 0.052599 0.431762 0.293948
  1 3.229863 -5.142690 42.034216 0.669899 -0.741599 -0.035600 0.367246 0.256484
HEV_torso.bmp
  1 -5.980143 -2.981270 37.854963 -0.787159 -0.616467 0.018699 0.062035 0.097983
  1 -6.960150 0.018333 38.995998 -0.999490 -0.009800 0.030400 0.012407 0.138329
  1 -7.020150 0.058713 37.896012 -0.999490 -0.009800 0.030400 0.012407 0.103746
HEV_torso.bmp
  1 -5.980143 -2.981270 37.854963 -0.787159 -0.616467 0.018699 0.062035 0.097983
  1 -5.900143 -2.991567 38.714959 -0.784695 -0.616096 0.068400 0.064516 0.123919
  1 -6.960150 0.018333 38.995998 -0.999490 -0.009800 0.030400 0.012407 0.138329
HEV_torso.bmp
  1 -5.980143 -2.981270 37.854963 -0.787159 -0.616467 0.018699 0.062035 0.097983
  1 -3.900139 -4.351351 38.104490 -0.470491 -0.882084 -0.023800 0.121588 0.103746
  1 -5.900143 -2.991567 38.714959 -0.784695 -0.616096 0.068400 0.064516 0.123919
HEV_torso.bmp
  1 -5.980143 -2.981270 37.854963 -0.787159 -0.616467 0.018699 0.062035 0.097983
  1 -3.630139 -4.431075 37.304462 -0.311814 -0.837938 -0.447920 0.131514 0.080692
  1 -3.900139 -4.351351 38.104490 -0.470491 -0.882084 -0.023800 0.121588 0.103746
HEV_torso.bmp
  4 -5.120143 -5.655625 50.357845 -0.679781 -0.702680 -0.210094 0.089330 0.579251
  4 -1.840148 -7.096990 48.609304 -0.459307 -0.876313 -0.145302 0.196030 0.512968
  4 -2.400144 -7.371136 51.857588 -0.466809 -0.878617 -0.100602 0.178660 0.642651
HEV_torso.bmp
  4 -5.120143 -5.655625 50.357845 -0.679781 -0.702680 -0.210094 0.089330 0.579251
  4 -4.600146 -5.618660 48.343314 -0.679781 -0.702680 -0.210094 0.116625 0.507205
  4 -1.840148 -7.096990 48.609304 -0.459307 -0.876313 -0.145302 0.196030 0.512968
HEV_torso.bmp
  4 -5.120143 -5.655625 50.357845 -0.679781 -0.702680 -0.210094 0.089330 0.579251
  4 -5.920144 -2.684786 47.562168 -0.912995 -0.308898 -0.266499 0.062035 0.466859
  4 -4.600146 -5.618660 48.343314 -0.679781 -0.702680 -0.210094 0.116625 0.507205
HEV_torso.bmp
  4 -5.120143 -5.655625 50.357845 -0.679781 -0.702680 -0.210094 0.089330 0.579251
  4 -6.620141 -2.747106 49.668117 -0.901788 -0.305496 -0.305696 0.049628 0.559078
  4 -5.920144 -2.684786 47.562168 -0.912995 -0.308898 -0.266499 0.062035 0.466859
HEV_torso.bmp
  4 5.079856 -5.665114 50.368329 0.679780 -0.702680 -0.210094 0.426799 0.585014
  4 5.899856 -2.694277 47.572650 0.912995 -0.308898 -0.266499 0.459057 0.461095
  4 6.579859 -2.757111 49.668610 0.901788 -0.305496 -0.305696 0.471464 0.556196
HEV_torso.bmp
  4 5.079856 -5.665114 50.368329 0.679780 -0.702680 -0.210094 0.426799 0.585014
  4 4.569854 -5.629171 48.333826 0.679780 -0.702680 -0.210094 0.399504 0.507205
  4 5.899856 -2.694277 47.572650 0.912995 -0.308898 -0.266499 0.459057 0.461095
HEV_torso.bmp
  4 5.079856 -5.665114 50.368329 0.679780 -0.702680 -0.210094 0.426799 0.585014
  4 1.809852 -7.087007 48.608787 0.459307 -0.876313 -0.145302 0.320099 0.512968
  4 4.569854 -5.629171 48.333826 0.679780 -0.702680 -0.210094 0.399504 0.507205
HEV_torso.bmp
  4 5.079856 -5.665114 50.368329 0.679780 -0.702680 -0.210094 0.426799 0.585014
  4 2.369856 -7.371142 51.857581 0.466809 -0.878617 -0.100602 0.339950 0.642651
  4 1.809852 -7.087007 48.608787 0.459307 -0.876313 -0.145302 0.320099 0.512968
HEV_torso.bmp
  4 -5.440139 2.067990 46.517603 -0.848447 0.479970 -0.223086 0.933002 0.432277
  4 -4.660136 3.294790 47.596240 -0.719333 0.667631 -0.191909 0.903226 0.466859
  4 -3.810136 4.129877 46.892586 -0.761206 0.626905 -0.166001 0.873449 0.449568
HEV_torso.bmp
  4 -5.440139 2.067990 46.517603 -0.848447 0.479970 -0.223086 0.933002 0.432277
  4 -6.050135 2.315757 49.008188 -0.794518 0.563213 -0.227005 0.947891 0.524496
  4 -4.660136 3.294790 47.596240 -0.719333 0.667631 -0.191909 0.903226 0.466859
HEV_torso.bmp
  4 -5.440139 2.067990 46.517603 -0.848447 0.479970 -0.223086 0.933002 0.432277
  4 -6.770138 0.031828 49.185289 -0.962891 0.081799 -0.257197 0.990074 0.538905
  4 -6.050135 2.315757 49.008188 -0.794518 0.563213 -0.227005 0.947891 0.524496
HEV_torso.bmp
  4 -5.440139 2.067990 46.517603 -0.848447 0.479970 -0.223086 0.933002 0.432277
  4 -6.060142 0.015066 46.122133 -0.962891 0.081799 -0.257197 0.990074 0.414986
  4 -6.770138 0.031828 49.185289 -0.962891 0.081799 -0.257197 0.990074 0.538905
HEV_torso.bmp
  4 -2.400144 -7.371136 51.857588 -0.466809 -0.878617 -0.100602 0.178660 0.642651
  4 -5.630141 -5.702066 52.382875 -0.701111 -0.708310 -0.082101 0.062035 0.662824
  4 -5.380144 -5.865862 50.358605 -0.701487 -0.711986 -0.031499 0.089330 0.579251
HEV_torso.bmp
  4 -5.380144 -5.865862 50.358605 -0.701487 -0.711986 -0.031499 0.089330 0.579251
  4 -5.630141 -5.702066 52.382875 -0.701111 -0.708310 -0.082101 0.062035 0.662824
  4 -6.950141 -2.807027 49.671188 -0.959144 -0.262712 -0.105005 0.049628 0.559078
HEV_torso.bmp
  4 -5.630141 -5.702066 52.382875 -0.701111 -0.708310 -0.082101 0.062035 0.662824
  4 -7.170138 -2.809939 51.764079 -0.959144 -0.262712 -0.105005 0.039702 0.645533
  4 -6.950141 -2.807027 49.671188 -0.959144 -0.262712 -0.105005 0.049628 0.559078
HEV_torso.bmp
  4 -6.950141 -2.807027 49.671188 -0.959144 -0.262712 -0.105005 0.049628 0.559078
  4 -7.170138 -2.809939 51.764079 -0.959144 -0.262712 -0.105005 0.039702 0.645533
  4 -7.210134 0.056566 51.426960 -0.990266 0.123496 -0.064198 0.014888 0.628242
HEV_torso.bmp
  4 -6.340135 2.505509 48.998467 -0.808830 0.579321 -0.100904 0.947891 0.524496
  4 -4.710131 3.880310 50.229729 -0.614695 0.767694 -0.181098 0.903226 0.579251
  4 -4.690133 3.592544 48.912729 -0.614695 0.767694 -0.181098 0.903226 0.521614
HEV_torso.bmp
  4 -6.340135 2.505509 48.998467 -0.808830 0.579321 -0.100904 0.947891 0.524496
  4 -6.440131 2.710522 51.240914 -0.761206 0.626905 -0.166001 0.923077 0.619597
  4 -4.710131 3.880310 50.229729 -0.614695 0.767694 -0.181098 0.903226 0.579251
HEV_torso.bmp
  4 -6.340135 2.505509 48.998467 -0.808830 0.579321 -0.100904 0.947891 0.524496
  4 -7.210134 0.056566 51.426960 -0.990266 0.123496 -0.064198 0.990074 0.628242
  4 -6.440131 2.710522 51.240914 -0.761206 0.626905 -0.166001 0.923077 0.619597
HEV_torso.bmp
  4 -6.340135 2.505509 48.998467 -0.808830 0.579321 -0.100904 0.947891 0.524496
  4 -7.110138 0.112236 49.191183 -0.990266 0.123496 -0.064198 0.990074 0.538905
  4 -7.210134 0.056566 51.426960 -0.990266 0.123496 -0.064198 0.990074 0.628242
HEV_torso.bmp
  3 2.339849 -5.505290 44.998644 0.355690 -0.622882 0.696780 0.054591 0.772334
  1 3.229863 -5.153547 44.514213 0.548029 -0.609532 0.572830 0.059553 0.775216
  1 3.909861 -4.473573 44.594448 0.531173 -0.582071 0.615669 0.062035 0.780980
HEV_torso.bmp
  3 2.339849 -5.505290 44.998644 0.355690 -0.622882 0.696780 0.054591 0.772334
  1 2.529865 -5.833527 44.453978 0.453203 -0.682506 0.573405 0.054591 0.772334
  1 3.229863 -5.153547 44.514213 0.548029 -0.609532 0.572830 0.059553 0.775216
HEV_torso.bmp
  3 2.339849 -5.505290 44.998644 0.355690 -0.622882 0.696780 0.054591 0.772334
  1 1.499866 -6.323534 44.463809 0.213900 -0.679400 0.701900 0.049628 0.766571
  1 2.529865 -5.833527 44.453978 0.453203 -0.682506 0.573405 0.054591 0.772334
HEV_torso.bmp
  3 2.339849 -5.505290 44.998644 0.355690 -0.622882 0.696780 0.054591 0.772334
  1 -0.000134 -6.493534 44.453750 0.000000 -0.553592 0.832788 0.042184 0.766571
  1 1.499866 -6.323534 44.463809 0.213900 -0.679400 0.701900 0.049628 0.766571
HEV_torso.bmp
  4 1.169854 -6.579775 49.714281 0.000000 -0.528587 0.848879 0.295285 0.561960
  4 -1.080145 -6.290416 49.889708 -0.594477 -0.791369 0.142594 0.225806 0.567723
  4 -1.210146 -6.570296 49.703786 0.000000 -0.528587 0.848879 0.220844 0.561960
HEV_torso.bmp
  4 1.169854 -6.579775 49.714281 0.000000 -0.528587 0.848879 0.295285 0.561960
  4 -0.360145 -6.300404 49.890219 0.344510 -0.938627 -0.017101 0.248139 0.567723
  4 -1.080145 -6.290416 49.889708 -0.594477 -0.791369 0.142594 0.225806 0.567723
HEV_torso.bmp
  4 1.169854 -6.579775 49.714281 0.000000 -0.528587 0.848879 0.295285 0.561960
  4 0.339855 -6.300917 49.880231 -0.584811 -0.771715 0.249905 0.270471 0.567723
  4 -0.360145 -6.300404 49.890219 0.344510 -0.938627 -0.017101 0.248139 0.567723
HEV_torso.bmp
  4 1.169854 -6.579775 49.714281 0.000000 -0.528587 0.848879 0.295285 0.561960
  4 1.059855 -6.300918 49.880230 0.374993 -0.810985 -0.449092 0.292804 0.567723
  4 0.339855 -6.300917 49.880231 -0.584811 -0.771715 0.249905 0.270471 0.567723
HEV_torso.bmp
  1 1.269867 -6.663479 44.303692 0.336412 -0.763028 0.551920 0.305211 0.348703
  1 -0.000133 -6.803486 44.313643 0.013000 -0.859899 0.510299 0.255583 0.348703
  1 1.259867 -6.573085 43.163723 0.468322 -0.834640 -0.289914 0.305211 0.302594
HEV_torso.bmp
  1 1.259867 -6.573085 43.163723 0.468322 -0.834640 -0.289914 0.305211 0.302594
  1 -0.000133 -6.803486 44.313643 0.013000 -0.859899 0.510299 0.255583 0.348703
  1 -0.000133 -6.713085 43.153674 -0.011701 -0.807525 -0.589718 0.255583 0.302594
HEV_torso.bmp
  1 -0.000133 -6.803486 44.313643 0.013000 -0.859899 0.510299 0.255583 0.348703
  1 -1.300133 -6.663486 44.303692 -0.480997 -0.862294 0.158399 0.208437 0.348703
  1 -0.000133 -6.713085 43.153674 -0.011701 -0.807525 -0.589718 0.255583 0.302594
HEV_torso.bmp
  1 -0.000133 -6.713085 43.153674 -0.011701 -0.807525 -0.589718 0.255583 0.302594
  1 -1.300133 -6.663486 44.303692 -0.480997 -0.862294 0.158399 0.208437 0.348703
  1 -1.290133 -6.573092 43.163723 -0.341402 -0.704403 -0.622303 0.208437 0.302594
HEV_torso.bmp
  4 -1.210146 -6.570296 49.703786 0.884665 -0.457982 0.087296 0.220844 0.561960
  4 -1.480141 -6.538166 52.676036 0.884665 -0.457982 0.087296 0.210918 0.677233
  4 -1.660141 -6.851094 52.822240 0.884665 -0.457982 0.087296 0.205955 0.682997
HEV_torso.bmp
  4 -1.210146 -6.570296 49.703786 0.884665 -0.457982 0.087296 0.220844 0.561960
  4 -1.350143 -6.455412 51.750589 0.884665 -0.457982 0.087296 0.215881 0.639769
  4 -1.480141 -6.538166 52.676036 0.884665 -0.457982 0.087296 0.210918 0.677233
HEV_torso.bmp
  4 -1.210146 -6.570296 49.703786 0.884665 -0.457982 0.087296 0.220844 0.561960
  4 -1.210144 -6.373170 50.815155 0.884665 -0.457982 0.087296 0.220844 0.605187
  4 -1.350143 -6.455412 51.750589 0.884665 -0.457982 0.087296 0.215881 0.639769
HEV_torso.bmp
  4 -1.210146 -6.570296 49.703786 0.884665 -0.457982 0.087296 0.220844 0.561960
  4 -1.080145 -6.290416 49.889708 0.884665 -0.457982 0.087296 0.225806 0.567723
  4 -1.210144 -6.373170 50.815155 0.884665 -0.457982 0.087296 0.220844 0.605187
HEV_torso.bmp
  4 7.149862 -2.820457 51.754583 0.959837 -0.267811 -0.083603 0.481390 0.645533
  4 5.599859 -5.712580 52.373384 0.701110 -0.708310 -0.082101 0.454094 0.662824
  4 6.909859 -2.816521 49.681666 0.959837 -0.267811 -0.083603 0.471464 0.556196
HEV_torso.bmp
  4 6.909859 -2.816521 49.681666 0.959837 -0.267811 -0.083603 0.471464 0.556196
  4 5.599859 -5.712580 52.373384 0.701110 -0.708310 -0.082101 0.454094 0.662824
  4 5.339856 -5.875863 50.359101 0.701486 -0.711986 -0.031499 0.426799 0.585014
HEV_torso.bmp
  4 5.599859 -5.712580 52.373384 0.701110 -0.708310 -0.082101 0.454094 0.662824
  4 2.369856 -7.371142 51.857581 0.466809 -0.878617 -0.100602 0.339950 0.642651
  4 5.339856 -5.875863 50.359101 0.701486 -0.711986 -0.031499 0.426799 0.585014
HEV_torso.bmp
  1 -6.520150 0.017143 42.445998 -0.985244 -0.012400 0.170708 0.012407 0.279539
  1 -5.550143 -3.042751 42.144941 -0.877674 -0.463286 0.122696 0.076923 0.265130
  1 -6.400150 0.026891 43.176002 -0.975234 -0.005500 0.221108 0.012407 0.302594
HEV_torso.bmp
  1 -6.400150 0.026891 43.176002 -0.975234 -0.005500 0.221108 0.012407 0.302594
  1 -5.550143 -3.042751 42.144941 -0.877674 -0.463286 0.122696 0.076923 0.265130
  1 -5.470142 -3.062978 42.804935 -0.784695 -0.616096 0.068400 0.079404 0.293948
HEV_torso.bmp
  1 -5.550143 -3.042751 42.144941 -0.877674 -0.463286 0.122696 0.076923 0.265130
  1 -3.260137 -5.142707 42.034216 -0.670286 -0.741185 -0.036899 0.141439 0.256484
  1 -5.470142 -3.062978 42.804935 -0.784695 -0.616096 0.068400 0.079404 0.293948
HEV_torso.bmp
  1 6.359845 2.038332 39.096696 0.898844 0.437973 0.016099 0.540943 0.144092
  1 6.949850 0.008369 38.995995 0.999553 -0.010200 0.028099 0.501241 0.138329
  1 5.969842 2.908901 37.446997 0.836537 0.542024 -0.080104 0.550868 0.092219
HEV_torso.bmp
  1 5.969842 2.908901 37.446997 0.836537 0.542024 -0.080104 0.550868 0.092219
  1 6.949850 0.008369 38.995995 0.999553 -0.010200 0.028099 0.501241 0.138329
  1 7.009850 0.048749 37.896009 0.999553 -0.010200 0.028099 0.501241 0.103746
HEV_torso.bmp
  1 6.949850 0.008369 38.995995 0.999553 -0.010200 0.028099 0.501241 0.138329
  1 5.979858 -2.981240 37.854963 0.786907 -0.616806 0.018100 0.451613 0.097983
  1 7.009850 0.048749 37.896009 0.999553 -0.010200 0.028099 0.501241 0.103746
HEV_torso.bmp
  1 -4.840161 4.138249 39.257421 -0.659279 0.748577 0.070598 0.900744 0.152738
  1 -5.980157 2.918871 37.447000 -0.836140 0.542826 -0.078804 0.935484 0.092219
  1 -6.370155 2.048300 39.096699 -0.899257 0.437079 0.017299 0.947891 0.144092
HEV_torso.bmp
  1 -6.370155 2.048300 39.096699 -0.899257 0.437079 0.017299 0.947891 0.144092
  1 -5.980157 2.918871 37.447000 -0.836140 0.542826 -0.078804 0.935484 0.092219
  1 -6.960150 0.018333 38.995998 -0.999490 -0.009800 0.030400 0.987593 0.138329
HEV_torso.bmp
  1 -5.980157 2.918871 37.447000 -0.836140 0.542826 -0.078804 0.935484 0.092219
  1 -7.020150 0.058713 37.896012 -0.999490 -0.009800 0.030400 0.987593 0.103746
  1 -6.960150 0.018333 38.995998 -0.999490 -0.009800 0.030400 0.987593 0.138329
HEV_torso.bmp
  1 -1.690163 5.157383 41.787773 -0.200196 0.970783 0.132298 0.801489 0.250720
  1 -0.000164 5.327391 41.777832 0.000000 0.991748 0.128206 0.744417 0.250720
  1 -0.910164 5.588293 39.157922 -0.096097 0.988869 0.113596 0.776675 0.149856
HEV_torso.bmp
  1 -0.910164 5.588293 39.157922 -0.096097 0.988869 0.113596 0.776675 0.149856
  1 -0.000164 5.327391 41.777832 0.000000 0.991748 0.128206 0.744417 0.250720
  1 0.909836 5.588298 39.157922 0.096304 0.988836 0.113704 0.712159 0.149856
HEV_torso.bmp
  1 -0.000164 5.327391 41.777832 0.000000 0.991748 0.128206 0.744417 0.250720
  1 1.689837 5.157392 41.787773 0.200806 0.970628 0.132504 0.687345 0.250720
  1 0.909836 5.588298 39.157922 0.096304 0.988836 0.113704 0.712159 0.149856
HEV_torso.bmp
  4 -5.450143 0.014836 45.531369 -0.947903 -0.195000 -0.251901 0.037221 0.391931
  3 -4.760148 -2.974534 45.262137 -0.859561 -0.420581 -0.290287 0.114144 0.383285
  4 -5.280145 -2.702943 47.012376 -0.921617 -0.316506 -0.224604 0.096774 0.429395
HEV_torso.bmp
  4 -5.280145 -2.702943 47.012376 -0.921617 -0.316506 -0.224604 0.096774 0.429395
  3 -4.760148 -2.974534 45.262137 -0.859561 -0.420581 -0.290287 0.114144 0.383285
  4 -4.140147 -5.348732 47.748722 -0.677510 -0.683010 -0.272904 0.141439 0.463977
HEV_torso.bmp
  3 -4.760148 -2.974534 45.262137 -0.859561 -0.420581 -0.290287 0.114144 0.383285
  3 -2.390151 -5.505284 44.998651 -0.279602 -0.921105 -0.270902 0.188586 0.374640
  4 -4.140147 -5.348732 47.748722 -0.677510 -0.683010 -0.272904 0.141439 0.463977
HEV_torso.bmp
  4 1.169854 -6.579775 49.714281 -0.907359 -0.409481 0.094996 0.295285 0.561960
  4 1.469857 -6.764498 51.776434 -0.907359 -0.409481 0.094996 0.305211 0.642651
  4 1.059855 -6.300918 49.880230 -0.907359 -0.409481 0.094996 0.292804 0.567723
HEV_torso.bmp
  4 1.059855 -6.300918 49.880230 -0.907359 -0.409481 0.094996 0.292804 0.567723
  4 1.469857 -6.764498 51.776434 -0.907359 -0.409481 0.094996 0.305211 0.642651
  4 1.189856 -6.383160 50.815663 -0.907359 -0.409481 0.094996 0.295285 0.605187
HEV_torso.bmp
  4 1.469857 -6.764498 51.776434 -0.907359 -0.409481 0.094996 0.305211 0.642651
  4 1.329858 -6.455416 51.750585 -0.907359 -0.409481 0.094996 0.300248 0.639769
  4 1.189856 -6.383160 50.815663 -0.907359 -0.409481 0.094996 0.295285 0.605187
HEV_torso.bmp
  4 4.629864 3.284278 47.586752 0.893674 0.238493 -0.380089 0.583127 0.466859
  4 3.799864 4.119880 46.893087 0.267796 0.886487 -0.377394 0.620347 0.449568
  4 4.469865 3.916012 47.604450 0.789077 0.551683 -0.270192 0.602978 0.481268
HEV_torso.bmp
  4 4.469865 3.916012 47.604450 0.789077 0.551683 -0.270192 0.602978 0.481268
  4 3.799864 4.119880 46.893087 0.267796 0.886487 -0.377394 0.620347 0.449568
  4 3.509868 4.663442 48.707651 0.264002 0.931505 -0.250201 0.622829 0.524496
HEV_torso.bmp
  4 3.799864 4.119880 46.893087 0.267796 0.886487 -0.377394 0.620347 0.449568
  4 3.189867 4.517504 48.204459 0.000000 0.960115 -0.279604 0.637717 0.495677
  4 3.509868 4.663442 48.707651 0.264002 0.931505 -0.250201 0.622829 0.524496
HEV_torso.bmp
  4 -4.710131 3.880310 50.229729 -0.910327 0.384211 0.153905 0.903226 0.579251
  4 -3.430128 5.364987 51.064852 -0.344697 0.930792 -0.121699 0.856079 0.608069
  4 -4.500131 4.533058 49.875865 -0.787630 0.613724 -0.054602 0.883375 0.561960
HEV_torso.bmp
  4 -4.500131 4.533058 49.875865 -0.787630 0.613724 -0.054602 0.883375 0.561960
  4 -3.430128 5.364987 51.064852 -0.344697 0.930792 -0.121699 0.856079 0.608069
  4 -3.540132 4.673950 48.717136 -0.263908 0.931530 -0.250208 0.866005 0.524496
HEV_torso.bmp
  4 -3.430128 5.364987 51.064852 -0.344697 0.930792 -0.121699 0.856079 0.608069
  4 -3.220131 4.820913 49.240301 0.000000 0.960115 -0.279604 0.853598 0.553314
  4 -3.540132 4.673950 48.717136 -0.263908 0.931530 -0.250208 0.866005 0.524496
HEV_torso.bmp
  4 -1.210146 -6.570296 49.703786 -0.001200 -0.996093 -0.088299 0.220844 0.561960
  4 -1.660141 -6.851094 52.822240 -0.001200 -0.996093 -0.088299 0.205955 0.682997
  4 -1.500146 -6.518032 49.160400 -0.001200 -0.996093 -0.088299 0.205955 0.538905
HEV_torso.bmp
  4 -1.500146 -6.518032 49.160400 -0.001200 -0.996093 -0.088299 0.205955 0.538905
  4 -1.660141 -6.851094 52.822240 -0.001200 -0.996093 -0.088299 0.205955 0.682997
  4 -2.430139 -7.002768 54.552268 -0.001200 -0.996093 -0.088299 0.181141 0.749280
HEV_torso.bmp
  4 -2.430139 -7.002768 54.552268 0.809070 -0.581178 0.087397 0.181141 0.749280
  4 -2.400144 -7.371136 51.857588 0.809070 -0.581178 0.087397 0.178660 0.642651
  4 -1.500146 -6.518032 49.160400 0.809070 -0.581178 0.087397 0.205955 0.538905
HEV_torso.bmp
  4 -1.500146 -6.518032 49.160400 0.809070 -0.581178 0.087397 0.205955 0.538905
  4 -2.400144 -7.371136 51.857588 0.809070 -0.581178 0.087397 0.178660 0.642651
  4 -1.840148 -7.096990 48.609304 0.809070 -0.581178 0.087397 0.196030 0.512968
HEV_torso.bmp
  4 1.809852 -7.087007 48.608787 -0.809814 -0.580110 0.087601 0.320099 0.512968
  4 2.369856 -7.371142 51.857581 -0.809814 -0.580110 0.087601 0.339950 0.642651
  4 1.469854 -6.518036 49.160396 -0.809814 -0.580110 0.087601 0.305211 0.538905
HEV_torso.bmp
  4 1.469854 -6.518036 49.160396 -0.809814 -0.580110 0.087601 0.305211 0.538905
  4 2.369856 -7.371142 51.857581 -0.809814 -0.580110 0.087601 0.339950 0.642651
  4 2.399861 -7.002774 54.552261 -0.809814 -0.580110 0.087601 0.334988 0.749280
HEV_torso.bmp
  1 0.919847 1.179434 35.866399 -0.313398 0.163199 -0.935493 0.707196 0.028818
  1 0.929839 4.119261 36.367414 0.026800 0.579695 -0.814393 0.707196 0.034582
  1 1.379844 2.519408 35.946862 -0.092295 0.234388 -0.967752 0.697270 0.034582
HEV_torso.bmp
  1 1.379844 2.519408 35.946862 -0.092295 0.234388 -0.967752 0.697270 0.034582
  1 0.929839 4.119261 36.367414 0.026800 0.579695 -0.814393 0.707196 0.034582
  1 4.149840 3.939128 36.777352 0.291298 0.664894 -0.687794 0.600496 0.063401
HEV_torso.bmp
  1 -0.470150 -0.130542 35.785947 0.000500 -0.034800 -0.999394 0.240695 0.023055
  1 0.449850 -0.140539 35.785943 0.000500 -0.034800 -0.999394 0.270471 0.023055
  1 -1.370143 -2.770730 36.325035 -0.032999 -0.250489 -0.967557 0.220844 0.031700
HEV_torso.bmp
  1 -1.370143 -2.770730 36.325035 -0.032999 -0.250489 -0.967557 0.220844 0.031700
  1 0.449850 -0.140539 35.785943 0.000500 -0.034800 -0.999394 0.270471 0.023055
  1 1.369857 -2.770723 36.325035 0.055300 -0.262698 -0.963292 0.292804 0.031700
HEV_torso.bmp
  1 -5.530156 2.166821 43.386740 -0.851969 0.346787 0.392286 0.928040 0.317003
  1 -5.760156 2.217007 42.846758 -0.882128 0.385513 0.270609 0.928040 0.291066
  1 -6.400150 0.026891 43.176002 -0.975234 -0.005500 0.221108 0.987593 0.302594
HEV_torso.bmp
  1 -6.400150 0.026891 43.176002 -0.975234 -0.005500 0.221108 0.987593 0.302594
  1 -5.760156 2.217007 42.846758 -0.882128 0.385513 0.270609 0.928040 0.291066
  1 -6.520150 0.017143 42.445998 -0.985244 -0.012400 0.170708 0.987593 0.279539
HEV_torso.bmp
  1 -0.920153 1.189429 35.866403 0.311594 0.162697 -0.936183 0.779156 0.028818
  1 -1.380156 2.529401 35.946865 0.091601 0.234403 -0.967814 0.791563 0.034582
  1 -0.920161 4.129257 36.367418 -0.027101 0.579917 -0.814224 0.779156 0.034582
HEV_torso.bmp
  1 -0.920161 4.129257 36.367418 -0.027101 0.579917 -0.814224 0.779156 0.034582
  1 -1.380156 2.529401 35.946865 0.091601 0.234403 -0.967814 0.791563 0.034582
  1 -4.150160 3.949107 36.777356 -0.291103 0.666308 -0.686508 0.885856 0.063401
HEV_torso.bmp
  1 -3.680160 3.866000 45.777327 -0.732309 0.624508 0.271503 0.617866 0.403458
  1 -4.200159 3.636306 44.887248 -0.732309 0.624508 0.271503 0.598015 0.368876
  1 -5.360155 2.066131 45.386706 -0.830123 0.521315 0.197806 0.570720 0.389049
HEV_torso.bmp
  1 -5.360155 2.066131 45.386706 -0.830123 0.521315 0.197806 0.570720 0.389049
  1 -4.200159 3.636306 44.887248 -0.732309 0.624508 0.271503 0.598015 0.368876
  1 -4.710159 3.416612 43.997172 -0.792622 0.577316 0.196105 0.585608 0.337176
HEV_torso.bmp
  1 -0.000134 -6.162481 41.403864 0.000000 -0.974033 -0.226408 0.255583 0.239193
  1 -1.390135 -6.032481 41.393909 -0.172107 -0.959036 -0.225009 0.215881 0.239193
  1 -1.130136 -5.641835 39.524044 -0.133207 -0.962748 -0.235312 0.218362 0.170029
HEV_torso.bmp
  1 -1.130136 -5.641835 39.524044 -0.133207 -0.962748 -0.235312 0.218362 0.170029
  1 -1.390135 -6.032481 41.393909 -0.172107 -0.959036 -0.225009 0.215881 0.239193
  1 -2.310135 -5.762487 41.404002 -0.227692 -0.953763 -0.196193 0.176179 0.239193
HEV_torso.bmp
  1 2.529864 -5.723027 43.004016 0.425103 -0.902107 -0.074101 0.198511 0.296830
  1 2.529865 -5.833527 44.453978 0.425103 -0.902107 -0.074101 0.198511 0.354467
  1 1.489866 -6.203033 43.013850 0.425103 -0.902107 -0.074101 0.168734 0.296830
HEV_torso.bmp
  1 1.489866 -6.203033 43.013850 0.425103 -0.902107 -0.074101 0.168734 0.296830
  1 2.529865 -5.833527 44.453978 0.425103 -0.902107 -0.074101 0.198511 0.354467
  1 1.499866 -6.323534 44.463809 0.425103 -0.902107 -0.074101 0.168734 0.354467
HEV_torso.bmp
  1 3.229863 -5.153547 44.514213 0.692588 -0.721288 -0.008100 0.168734 0.354467
  1 3.259863 -5.073042 43.054241 0.692588 -0.721288 -0.008100 0.168734 0.296830
  1 3.909861 -4.473573 44.594448 0.692588 -0.721288 -0.008100 0.198511 0.354467
HEV_torso.bmp
  1 3.909861 -4.473573 44.594448 0.692588 -0.721288 -0.008100 0.198511 0.354467
  1 3.259863 -5.073042 43.054241 0.692588 -0.721288 -0.008100 0.168734 0.296830
  1 3.979861 -4.413058 43.104468 0.692588 -0.721288 -0.008100 0.198511 0.296830
HEV_torso.bmp
  1 4.589860 -3.783592 44.654686 0.704602 -0.707902 0.049100 0.168734 0.354467
  1 4.699859 -3.753073 43.154696 0.704602 -0.707902 0.049100 0.168734 0.296830
  1 5.259858 -3.083611 44.714928 0.704602 -0.707902 0.049100 0.198511 0.354467
HEV_torso.bmp
  1 5.259858 -3.083611 44.714928 0.704602 -0.707902 0.049100 0.198511 0.354467
  1 4.699859 -3.753073 43.154696 0.704602 -0.707902 0.049100 0.168734 0.296830
  1 5.409858 -3.083089 43.204928 0.704602 -0.707902 0.049100 0.198511 0.296830
HEV_torso.bmp
  1 -2.550136 -5.713040 43.004020 -0.421303 -0.904105 -0.071400 0.317618 0.296830
  1 -1.520134 -6.203041 43.013850 -0.421303 -0.904105 -0.071400 0.347395 0.296830
  1 -2.560135 -5.823541 44.453981 -0.421303 -0.904105 -0.071400 0.317618 0.357349
HEV_torso.bmp
  1 -2.560135 -5.823541 44.453981 -0.421303 -0.904105 -0.071400 0.317618 0.357349
  1 -1.520134 -6.203041 43.013850 -0.421303 -0.904105 -0.071400 0.347395 0.296830
  1 -1.530134 -6.323541 44.463809 -0.421303 -0.904105 -0.071400 0.347395 0.357349
HEV_torso.bmp
  1 -4.010139 -4.413078 43.104468 -0.692583 -0.721282 -0.009000 0.317618 0.296830
  1 -3.290137 -5.063059 43.054244 -0.692583 -0.721282 -0.009000 0.347395 0.296830
  1 -3.940139 -4.463592 44.594451 -0.692583 -0.721282 -0.009000 0.317618 0.357349
HEV_torso.bmp
  1 -3.940139 -4.463592 44.594451 -0.692583 -0.721282 -0.009000 0.317618 0.357349
  1 -3.290137 -5.063059 43.054244 -0.692583 -0.721282 -0.009000 0.347395 0.296830
  1 -3.260137 -5.143563 44.514216 -0.692583 -0.721282 -0.009000 0.347395 0.357349
HEV_torso.bmp
  1 -5.430142 -3.073116 43.204931 -0.690940 -0.720541 0.058503 0.317618 0.296830
  1 -4.730141 -3.743097 43.154700 -0.690940 -0.720541 0.058503 0.347395 0.296830
  1 -5.290142 -3.073637 44.714931 -0.690940 -0.720541 0.058503 0.317618 0.357349
HEV_torso.bmp
  1 -5.290142 -3.073637 44.714931 -0.690940 -0.720541 0.058503 0.317618 0.357349
  1 -4.730141 -3.743097 43.154700 -0.690940 -0.720541 0.058503 0.347395 0.296830
  1 -4.620140 -3.773615 44.654689 -0.718205 -0.694804 0.037800 0.347395 0.357349
HEV_torso.bmp
  1 5.549857 -2.891538 38.714994 0.692588 -0.721288 -0.008100 0.434243 0.129683
  1 3.129862 -4.591731 39.254407 0.501224 -0.859942 -0.096305 0.382134 0.155620
  1 3.639861 -4.181329 38.094548 0.468810 -0.877119 -0.104302 0.397022 0.115274
HEV_torso.bmp
  1 3.639861 -4.181329 38.094548 0.468810 -0.877119 -0.104302 0.397022 0.115274
  1 3.129862 -4.591731 39.254407 0.501224 -0.859942 -0.096305 0.382134 0.155620
  1 2.479861 -4.551169 37.624420 0.358088 -0.918469 -0.167894 0.357320 0.097983
HEV_torso.bmp
  1 -2.500139 -4.541182 37.624424 -0.357685 -0.918461 -0.168793 0.357320 0.097983
  1 -3.160139 -4.581746 39.254410 -0.501111 -0.859918 -0.097102 0.382134 0.155620
  1 -3.660140 -4.171347 38.094552 -0.468605 -0.877109 -0.105301 0.397022 0.115274
HEV_torso.bmp
  1 -3.660140 -4.171347 38.094552 -0.468605 -0.877109 -0.105301 0.397022 0.115274
  1 -3.160139 -4.581746 39.254410 -0.501111 -0.859918 -0.097102 0.382134 0.155620
  1 -5.560143 -2.881566 38.714997 -0.692583 -0.721282 -0.009000 0.434243 0.129683
HEV_torso.bmp
  4 -6.620141 -2.747106 49.668117 -0.901788 -0.305496 -0.305696 0.049628 0.559078
  4 -6.770138 0.031828 49.185289 -0.962891 0.081799 -0.257197 0.014888 0.538905
  4 -5.920144 -2.684786 47.562168 -0.912995 -0.308898 -0.266499 0.062035 0.466859
HEV_torso.bmp
  4 -5.920144 -2.684786 47.562168 -0.912995 -0.308898 -0.266499 0.062035 0.466859
  4 -6.770138 0.031828 49.185289 -0.962891 0.081799 -0.257197 0.014888 0.538905
  4 -6.060142 0.015066 46.122133 -0.962891 0.081799 -0.257197 0.014888 0.414986
HEV_torso.bmp
  4 2.869871 5.146837 50.325035 0.000000 0.960115 -0.279604 0.647643 0.579251
  4 -2.900129 5.146845 50.325044 0.000000 0.960115 -0.279604 0.841191 0.579251
  4 3.119872 5.363954 51.044868 0.303306 0.896117 -0.324006 0.637717 0.613833
HEV_torso.bmp
  4 3.119872 5.363954 51.044868 0.303306 0.896117 -0.324006 0.637717 0.613833
  4 -2.900129 5.146845 50.325044 0.000000 0.960115 -0.279604 0.841191 0.579251
  4 -3.130128 5.364986 51.064851 -0.461796 0.823594 -0.329298 0.848635 0.613833
HEV_torso.bmp
  4 -2.810134 4.323949 47.553520 0.000000 0.000000 -1.000000 0.034739 0.827089
  4 2.789866 4.313955 47.554024 0.000000 0.000000 -1.000000 0.052109 0.827089
  4 -2.810135 4.073765 47.556326 0.000000 0.000000 -1.000000 0.034739 0.827089
HEV_torso.bmp
  4 -2.810135 4.073765 47.556326 0.000000 0.000000 -1.000000 0.034739 0.827089
  4 2.789866 4.313955 47.554024 0.000000 0.000000 -1.000000 0.052109 0.827089
  4 2.789865 4.063259 47.546842 0.000000 0.000000 -1.000000 0.052109 0.827089
HEV_torso.bmp
  4 -1.100144 -6.558563 50.714509 -0.594477 -0.791369 0.142594 0.446650 0.968300
  4 -1.000145 -6.494513 50.010309 -0.218104 -0.830213 -0.513008 0.446650 0.904899
  4 -0.490144 -6.559076 50.704522 0.231395 -0.890481 0.391791 0.503722 0.968300
HEV_torso.bmp
  4 -0.490144 -6.559076 50.704522 0.231395 -0.890481 0.391791 0.503722 0.968300
  4 -1.000145 -6.494513 50.010309 -0.218104 -0.830213 -0.513008 0.446650 0.904899
  4 -0.460145 -6.504501 50.010820 0.581002 -0.753904 -0.306701 0.503722 0.904899
HEV_torso.bmp
  4 0.469856 -6.569064 50.705032 -0.584811 -0.771715 0.249905 0.446650 0.968300
  4 0.439855 -6.495026 50.000320 -0.225490 -0.847862 -0.479879 0.446650 0.904899
  4 1.079856 -6.568553 50.715018 0.232501 -0.905806 0.354202 0.503722 0.968300
HEV_torso.bmp
  4 1.079856 -6.568553 50.715018 0.232501 -0.905806 0.354202 0.503722 0.968300
  4 0.439855 -6.495026 50.000320 -0.225490 -0.847862 -0.479879 0.446650 0.904899
  4 0.979855 -6.505014 50.000831 0.555097 -0.726696 -0.404698 0.503722 0.904899
HEV_torso.bmp
  1 -1.840161 4.105995 45.807411 -0.109499 0.828092 0.549794 0.032258 0.838617
  4 -3.390137 3.570892 46.340465 -0.295402 0.633305 0.715306 0.024814 0.835735
  1 -0.000161 4.295992 45.827476 0.000000 0.735175 0.677877 0.042184 0.841499
HEV_torso.bmp
  1 -0.000161 4.295992 45.827476 0.000000 0.735175 0.677877 0.042184 0.841499
  4 -3.390137 3.570892 46.340465 -0.295402 0.633305 0.715306 0.024814 0.835735
  4 3.379863 3.560385 46.330980 0.239483 0.699750 0.673052 0.059553 0.835735
HEV_torso.bmp
  4 -1.500146 -6.518032 49.160400 0.000000 -0.702693 0.711493 0.205955 0.538905
  4 -1.840148 -7.096990 48.609304 0.000000 -0.702693 0.711493 0.196030 0.512968
  4 1.469854 -6.518036 49.160396 0.000000 -0.702693 0.711493 0.305211 0.538905
HEV_torso.bmp
  4 1.469854 -6.518036 49.160396 0.000000 -0.702693 0.711493 0.305211 0.538905
  4 -1.840148 -7.096990 48.609304 0.000000 -0.702693 0.711493 0.196030 0.512968
  4 1.809852 -7.087007 48.608787 0.000000 -0.702693 0.711493 0.320099 0.512968
HEV_torso.bmp
  4 -2.630127 4.955487 51.866855 0.000000 0.893083 0.449892 0.828784 0.642651
  4 2.619873 4.955480 51.866847 0.000000 0.893083 0.449892 0.655087 0.642651
  4 -3.130128 5.364986 51.064851 0.000000 0.893083 0.449892 0.848635 0.613833
HEV_torso.bmp
  4 -3.130128 5.364986 51.064851 0.000000 0.893083 0.449892 0.848635 0.613833
  4 2.619873 4.955480 51.866847 0.000000 0.893083 0.449892 0.655087 0.642651
  4 3.119872 5.363954 51.044868 0.000000 0.893083 0.449892 0.637717 0.613833
HEV_torso.bmp
  4 -6.770138 0.031828 49.185289 0.000000 -0.102503 -0.994733 0.022333 0.809798
  4 -6.340135 2.505509 48.998467 -0.029199 -0.061798 -0.997661 0.024814 0.821326
  4 -6.050135 2.315757 49.008188 -0.029199 -0.061798 -0.997661 0.024814 0.821326
HEV_torso.bmp
  4 -6.050135 2.315757 49.008188 -0.029199 -0.061798 -0.997661 0.024814 0.821326
  4 -6.340135 2.505509 48.998467 -0.029199 -0.061798 -0.997661 0.024814 0.821326
  4 -4.690133 3.592544 48.912729 -0.029199 -0.061798 -0.997661 0.029777 0.821326
HEV_torso.bmp
  4 6.729862 0.021823 49.185781 0.000000 -0.102503 -0.994733 0.064516 0.809798
  4 6.019865 2.305243 48.998696 0.029199 -0.061798 -0.997661 0.062035 0.821326
  4 6.319865 2.495505 48.998960 0.029199 -0.061798 -0.997661 0.062035 0.821326
HEV_torso.bmp
  4 6.319865 2.495505 48.998960 0.029199 -0.061798 -0.997661 0.062035 0.821326
  4 6.019865 2.305243 48.998696 0.029199 -0.061798 -0.997661 0.062035 0.821326
  4 4.659866 3.582544 48.913227 0.029199 -0.061798 -0.997661 0.057072 0.821326
HEV_torso.bmp
  4 2.789865 4.063259 47.546842 0.000000 0.995805 0.091501 0.655087 0.475504
  4 3.029864 4.120392 46.903075 0.000000 0.999429 -0.033801 0.645161 0.449568
  4 -2.810135 4.073765 47.556326 0.000000 0.995805 0.091501 0.836228 0.475504
HEV_torso.bmp
  4 -2.810135 4.073765 47.556326 0.000000 0.995805 0.091501 0.836228 0.475504
  4 3.029864 4.120392 46.903075 0.000000 0.999429 -0.033801 0.645161 0.449568
  4 -3.050136 4.130388 46.902572 -0.001400 0.995542 -0.094304 0.848635 0.449568
HEV_torso.bmp
  1 -4.260139 -4.563130 43.254417 -0.002300 -0.941895 -0.335898 0.203474 0.305476
  1 -4.200138 -4.603541 44.444403 -0.379410 -0.801620 0.462011 0.203474 0.342939
  1 -4.870140 -3.993149 43.304613 -0.790286 -0.422593 -0.443692 0.218362 0.305476
HEV_torso.bmp
  1 -4.870140 -3.993149 43.304613 -0.790286 -0.422593 -0.443692 0.218362 0.305476
  1 -4.200138 -4.603541 44.444403 -0.379410 -0.801620 0.462011 0.203474 0.342939
  1 -4.780140 -4.033564 44.504600 -0.930599 -0.023300 0.365299 0.218362 0.342939
HEV_torso.bmp
  1 2.779865 -5.883078 43.153961 0.269500 -0.730401 -0.627601 0.203474 0.305476
  1 3.409864 -5.333094 43.204151 0.946559 -0.210591 -0.244289 0.218362 0.305476
  1 2.789865 -5.973479 44.313930 0.172098 -0.967990 0.182698 0.203474 0.342939
HEV_torso.bmp
  1 2.789865 -5.973479 44.313930 0.172098 -0.967990 0.182698 0.203474 0.342939
  1 3.409864 -5.333094 43.204151 0.946559 -0.210591 -0.244289 0.218362 0.305476
  1 3.379864 -5.393495 44.364130 0.712329 -0.316313 0.626525 0.218362 0.342939
HEV_torso.bmp
  1 -3.410137 -5.383512 44.364134 -0.942886 -0.027299 0.331995 0.218362 0.342939
  1 -3.430137 -5.323111 43.204154 -0.767693 -0.417796 -0.485895 0.218362 0.305476
  1 -2.820135 -5.963493 44.313933 -0.379410 -0.801620 0.462011 0.203474 0.342939
HEV_torso.bmp
  1 -2.820135 -5.963493 44.313933 -0.379410 -0.801620 0.462011 0.203474 0.342939
  1 -3.430137 -5.323111 43.204154 -0.767693 -0.417796 -0.485895 0.218362 0.305476
  1 -2.810135 -5.883092 43.153961 -0.002300 -0.941895 -0.335898 0.203474 0.305476
HEV_torso.bmp
  1 4.229862 -4.573109 43.254413 0.269500 -0.730401 -0.627601 0.203474 0.305476
  1 4.839860 -4.003125 43.304610 0.958772 -0.209694 -0.191794 0.218362 0.305476
  1 4.169862 -4.613520 44.444399 0.176805 -0.958928 0.221806 0.203474 0.342939
HEV_torso.bmp
  1 4.169862 -4.613520 44.444399 0.176805 -0.958928 0.221806 0.203474 0.342939
  1 4.839860 -4.003125 43.304610 0.958772 -0.209694 -0.191794 0.218362 0.305476
  1 4.759860 -4.033539 44.504600 0.712329 -0.316313 0.626525 0.218362 0.342939
HEV_torso.bmp
  1 5.609858 -3.063140 43.354935 0.708926 -0.522419 -0.473817 0.203474 0.305476
  1 5.899856 -2.293164 43.425201 0.965808 0.232802 -0.114101 0.218362 0.305476
  1 5.509858 -3.073562 44.574931 0.644305 -0.718306 0.262502 0.203474 0.342939
HEV_torso.bmp
  1 5.509858 -3.073562 44.574931 0.644305 -0.718306 0.262502 0.203474 0.342939
  1 5.899856 -2.293164 43.425201 0.965808 0.232802 -0.114101 0.218362 0.305476
  1 5.729856 -2.283589 44.655204 0.813491 0.018200 0.581293 0.218362 0.342939
HEV_torso.bmp
  1 -5.760145 -2.273618 44.655207 -0.856843 0.373019 0.355918 0.218362 0.342939
  1 -5.920144 -2.283194 43.425204 -0.942418 -0.022100 -0.333706 0.218362 0.305476
  1 -5.530143 -3.063590 44.574935 -0.734026 -0.510117 0.448315 0.203474 0.342939
HEV_torso.bmp
  1 -5.530143 -3.063590 44.574935 -0.734026 -0.510117 0.448315 0.203474 0.342939
  1 -5.920144 -2.283194 43.425204 -0.942418 -0.022100 -0.333706 0.218362 0.305476
  1 -5.640142 -3.053169 43.354938 -0.552290 -0.803385 -0.222596 0.203474 0.305476
HEV_torso.bmp
  4 -5.530116 6.066540 58.698958 0.551585 0.828576 0.095997 0.933002 0.907781
  4 -4.660117 5.534693 58.285629 0.551585 0.828576 0.095997 0.900744 0.887608
  4 -3.130128 5.364986 51.064851 0.551585 0.828576 0.095997 0.848635 0.613833
HEV_torso.bmp
  4 -3.130128 5.364986 51.064851 0.551585 0.828576 0.095997 0.848635 0.613833
  4 -4.660117 5.534693 58.285629 0.551585 0.828576 0.095997 0.900744 0.887608
  4 -2.630127 4.955487 51.866855 0.551585 0.828576 0.095997 0.828784 0.642651
HEV_torso.bmp
  4 -3.390137 3.570892 46.340465 -0.224410 0.624328 -0.748234 0.858561 0.429395
  4 -3.050136 4.130388 46.902572 0.000000 0.707407 -0.706807 0.848635 0.449568
  4 3.379863 3.560385 46.330980 0.195502 0.640906 -0.742307 0.635236 0.429395
HEV_torso.bmp
  4 3.379863 3.560385 46.330980 0.195502 0.640906 -0.742307 0.635236 0.429395
  4 -3.050136 4.130388 46.902572 0.000000 0.707407 -0.706807 0.848635 0.449568
  4 3.029864 4.120392 46.903075 0.000000 0.707407 -0.706807 0.645161 0.449568
HEV_torso.bmp
  4 3.419872 5.354479 51.055366 0.343687 0.933364 -0.103496 0.632754 0.608069
  4 4.679869 3.880810 50.239703 0.910306 0.384302 0.153801 0.583127 0.579251
  4 4.469869 4.522548 49.866377 0.787631 0.613724 -0.054602 0.602978 0.561960
HEV_torso.bmp
  4 4.469869 4.522548 49.866377 0.787631 0.613724 -0.054602 0.602978 0.561960
  4 4.679869 3.880810 50.239703 0.910306 0.384302 0.153801 0.583127 0.579251
  4 4.659866 3.582544 48.913227 0.962220 0.262305 -0.073001 0.583127 0.521614
HEV_torso.bmp
  4 -3.810136 4.129877 46.892586 -0.267796 0.886487 -0.377394 0.873449 0.449568
  4 -4.660136 3.294790 47.596240 -0.893683 0.238296 -0.380193 0.903226 0.466859
  4 -4.500135 3.925499 47.593964 -0.789076 0.551684 -0.270192 0.883375 0.481268
HEV_torso.bmp
  4 -4.500135 3.925499 47.593964 -0.789076 0.551684 -0.270192 0.883375 0.481268
  4 -4.660136 3.294790 47.596240 -0.893683 0.238296 -0.380193 0.903226 0.466859
  4 -4.690133 3.592544 48.912729 -0.965771 0.245993 -0.082298 0.903226 0.521614
HEV_torso.bmp
  4 0.249855 -6.505013 50.000832 0.569417 -0.740622 -0.356711 0.503722 0.904899
  4 0.279856 -6.559077 50.704520 0.231395 -0.890481 0.391791 0.503722 0.968300
  4 -0.270145 -6.495025 50.000321 -0.218104 -0.830213 -0.513008 0.446650 0.904899
HEV_torso.bmp
  4 -0.270145 -6.495025 50.000321 -0.218104 -0.830213 -0.513008 0.446650 0.904899
  4 0.279856 -6.559077 50.704520 0.231395 -0.890481 0.391791 0.503722 0.968300
  4 -0.300144 -6.569063 50.705033 -0.591398 -0.782097 0.196399 0.446650 0.968300
HEV_torso.bmp
  4 -0.520144 -6.576756 50.945742 0.581002 -0.753904 -0.306701 0.503722 0.809798
  4 -0.550143 -6.641829 51.629968 0.231395 -0.890481 0.391791 0.503722 0.870317
  4 -1.120144 -6.577267 50.935756 -0.218104 -0.830213 -0.513008 0.446650 0.809798
HEV_torso.bmp
  4 -1.120144 -6.577267 50.935756 -0.218104 -0.830213 -0.513008 0.446650 0.809798
  4 -0.550143 -6.641829 51.629968 0.231395 -0.890481 0.391791 0.503722 0.870317
  4 -1.220143 -6.641829 51.629969 -0.594477 -0.791369 0.142594 0.446650 0.870317
HEV_torso.bmp
  4 1.099856 -6.577270 50.935753 0.555097 -0.726696 -0.404698 0.503722 0.809798
  4 1.199857 -6.652331 51.620491 0.232501 -0.905806 0.354202 0.503722 0.870317
  4 0.499856 -6.577269 50.935754 -0.225490 -0.847862 -0.479879 0.446650 0.809798
HEV_torso.bmp
  4 0.499856 -6.577269 50.935754 -0.225490 -0.847862 -0.479879 0.446650 0.809798
  4 1.199857 -6.652331 51.620491 0.232501 -0.905806 0.354202 0.503722 0.870317
  4 0.529857 -6.652330 51.620492 -0.584811 -0.771715 0.249905 0.446650 0.870317
HEV_torso.bmp
  4 -0.340143 -6.641830 51.629968 -0.591398 -0.782097 0.196399 0.446650 0.870317
  4 -0.300144 -6.576756 50.945742 -0.218104 -0.830213 -0.513008 0.446650 0.809798
  4 0.319857 -6.642342 51.619980 0.231395 -0.890481 0.391791 0.503722 0.870317
HEV_torso.bmp
  4 0.319857 -6.642342 51.619980 0.231395 -0.890481 0.391791 0.503722 0.870317
  4 -0.300144 -6.576756 50.945742 -0.218104 -0.830213 -0.513008 0.446650 0.809798
  4 0.279856 -6.576757 50.945741 0.569417 -0.740622 -0.356711 0.503722 0.809798
HEV_torso.bmp
  4 -3.430128 5.364987 51.064852 -0.481803 0.584004 0.653304 0.856079 0.608069
  4 -6.440131 2.710522 51.240914 -0.633073 0.443181 0.634673 0.923077 0.619597
  4 -3.890128 4.449756 51.572349 -0.481803 0.584004 0.653304 0.868486 0.628242
HEV_torso.bmp
  4 3.859872 4.439759 51.572849 0.814112 0.489707 -0.312104 0.625310 0.628242
  4 3.119872 5.363954 51.044868 0.303306 0.896117 -0.324006 0.637717 0.613833
  4 4.369878 5.710758 54.882147 0.796118 0.525711 -0.299707 0.600496 0.757925
HEV_torso.bmp
  4 3.119872 5.363954 51.044868 -0.539508 0.835913 0.100902 0.637717 0.613833
  4 2.619873 4.955480 51.866847 -0.539508 0.835913 0.100902 0.655087 0.642651
  4 4.369878 5.710758 54.882147 -0.539508 0.835913 0.100902 0.600496 0.757925
HEV_torso.bmp
  4 -3.130128 5.364986 51.064851 -0.461796 0.823594 -0.329298 0.848635 0.613833
  4 -3.890128 4.449756 51.572349 -0.795105 0.524603 -0.304302 0.868486 0.628242
  4 -5.530116 6.066540 58.698958 -0.795105 0.524603 -0.304302 0.933002 0.907781
HEV_torso.bmp
  1 5.969842 2.908901 37.446997 0.836537 0.542024 -0.080104 0.550868 0.092219
  1 4.839840 4.128273 39.257418 0.659964 0.747859 0.071796 0.588089 0.152738
  1 6.359845 2.038332 39.096696 0.898844 0.437973 0.016099 0.540943 0.144092
HEV_torso.bmp
  1 4.839840 4.128273 39.257418 0.659964 0.747859 0.071796 0.588089 0.152738
  1 3.299837 4.938159 39.577697 0.407006 0.912514 0.040801 0.627792 0.155620
  1 4.359839 4.397723 40.847511 0.703613 0.705613 0.083902 0.595533 0.204611
HEV_torso.bmp
  1 -4.840161 4.138249 39.257421 -0.659279 0.748577 0.070598 0.900744 0.152738
  1 -4.360161 4.417701 40.847518 -0.703642 0.705643 0.083405 0.893300 0.204611
  1 -3.300163 4.948142 39.577701 -0.406418 0.912842 0.039302 0.856079 0.155620
HEV_torso.bmp
  1 -0.980164 5.478404 38.837884 -0.247198 0.897794 -0.364498 0.779156 0.132565
  1 -0.960163 4.918884 37.447691 -0.182204 0.890920 -0.416009 0.779156 0.080692
  1 -2.190163 5.228331 39.037797 -0.212496 0.950882 -0.225096 0.818859 0.138329
HEV_torso.bmp
  1 2.199837 5.228343 39.037797 0.212700 0.951001 -0.224400 0.667494 0.138329
  1 0.969837 4.918889 37.447691 0.182405 0.890924 -0.415911 0.707196 0.080692
  1 0.989836 5.478409 38.837884 0.247704 0.897814 -0.364106 0.707196 0.132565
HEV_torso.bmp
  1 0.449850 -0.140539 35.785943 0.000500 -0.034800 -0.999394 0.724566 0.028818
  1 -0.470150 -0.130542 35.785947 0.000500 -0.034800 -0.999394 0.759305 0.028818
  1 -0.550161 4.129258 36.367418 0.000200 0.511994 -0.858989 0.761787 0.034582
HEV_torso.bmp
  1 -2.310135 -5.912884 42.553951 -0.279205 -0.954915 -0.100902 0.176179 0.285303
  1 -2.310135 -5.822583 41.683982 -0.279205 -0.954915 -0.100902 0.176179 0.256484
  1 -1.390134 -6.182885 42.563857 -0.219105 -0.970323 -0.102302 0.215881 0.285303
HEV_torso.bmp
  1 -0.000163 5.096679 43.837752 0.000000 0.991748 0.128206 0.744417 0.325648
  1 -1.690163 4.997003 42.887718 -0.188203 0.977417 0.096102 0.801489 0.293948
  1 -2.530162 4.696687 43.797614 -0.312708 0.939726 0.138304 0.831266 0.325648
HEV_torso.bmp
  1 5.419844 2.347463 41.606803 0.910934 0.388214 0.139605 0.550868 0.242075
  1 5.429845 2.057035 42.846703 0.948290 0.310297 0.066799 0.545906 0.282421
  1 6.149850 -0.032821 42.435981 0.981043 0.155607 0.115505 0.496278 0.268012
HEV_torso.bmp
  1 4.549840 3.878276 39.247331 0.807683 0.589487 0.012400 0.575682 0.161383
  1 5.129842 3.067974 40.127052 0.823797 0.564298 0.054100 0.563275 0.193084
  1 5.999845 1.898332 39.096648 0.894018 0.437908 0.094702 0.543424 0.155620
HEV_torso.bmp
  1 -4.550160 3.888253 39.247335 -0.808248 0.588735 0.011201 0.575682 0.161383
  1 -6.010155 1.908298 39.106651 -0.894781 0.436391 0.094498 0.543424 0.155620
  1 -5.130158 3.077948 40.127055 -0.824526 0.563318 0.053202 0.563275 0.193084
HEV_torso.bmp
  1 -6.150150 -0.022852 42.435984 -0.981259 0.154394 0.115295 0.496278 0.268012
  1 -5.440155 2.067008 42.846706 -0.949868 0.305990 0.064198 0.545906 0.282421
  1 -5.420156 2.357436 41.606806 -0.912193 0.387197 0.134099 0.550868 0.242075
HEV_torso.bmp
  1 3.659840 3.846019 45.777321 0.731902 0.624201 0.273301 0.615385 0.406340
  1 5.339845 2.056158 45.386703 0.829412 0.521607 0.200003 0.568238 0.391931
  1 4.189841 3.626328 44.887245 0.731902 0.624201 0.273301 0.595533 0.368876
HEV_torso.bmp
  4 5.899856 -2.694277 47.572650 0.912995 -0.308898 -0.266499 0.459057 0.461095
  4 6.729862 0.021823 49.185781 0.971233 0.079103 -0.224608 0.506203 0.536023
  4 6.579859 -2.757111 49.668610 0.901788 -0.305496 -0.305696 0.471464 0.556196
HEV_torso.bmp
  4 3.799864 4.119880 46.893087 0.761241 0.626833 -0.166109 0.620347 0.449568
  4 4.629864 3.284278 47.586752 0.719382 0.667582 -0.191895 0.583127 0.466859
  4 5.409861 2.057477 46.508112 0.848447 0.479970 -0.223086 0.563275 0.432277
HEV_torso.bmp
  4 -4.690133 3.592544 48.912729 -0.614695 0.767694 -0.181098 0.903226 0.521614
  4 -4.660136 3.294790 47.596240 -0.719333 0.667631 -0.191909 0.903226 0.466859
  4 -6.050135 2.315757 49.008188 -0.794518 0.563213 -0.227005 0.947891 0.524496
HEV_torso.bmp
  4 7.189866 0.047072 51.437438 0.990266 0.123496 -0.064198 0.506203 0.628242
  4 7.149862 -2.820457 51.754583 0.959837 -0.267811 -0.083603 0.481390 0.645533
  4 6.909859 -2.816521 49.681666 0.959837 -0.267811 -0.083603 0.471464 0.556196
HEV_torso.bmp
  4 -7.210134 0.056566 51.426960 -0.990266 0.123496 -0.064198 0.014888 0.628242
  4 -7.110138 0.112236 49.191183 -0.990266 0.123496 -0.064198 0.014888 0.538905
  4 -6.950141 -2.807027 49.671188 -0.959144 -0.262712 -0.105005 0.049628 0.559078
HEV_torso.bmp
  4 4.659866 3.582544 48.913227 0.614695 0.767693 -0.181098 0.583127 0.521614
  4 4.679869 3.880810 50.239703 0.614695 0.767693 -0.181098 0.583127 0.579251
  4 6.319865 2.495505 48.998960 0.808822 0.579315 -0.101003 0.548387 0.524496
HEV_torso.bmp
  4 -2.810134 4.323949 47.553520 0.936111 0.000000 -0.351704 0.034739 0.827089
  4 -2.810135 4.073765 47.556326 0.936111 0.000000 -0.351704 0.034739 0.827089
  4 -3.050136 4.130388 46.902572 0.936111 0.000000 -0.351704 0.034739 0.827089
HEV_torso.bmp
  4 2.789865 4.063259 47.546842 -0.936078 0.000000 -0.351792 0.052109 0.827089
  4 2.789866 4.313955 47.554024 -0.936078 0.000000 -0.351792 0.052109 0.827089
  4 3.029864 4.120392 46.903075 -0.936078 0.000000 -0.351792 0.052109 0.827089
HEV_torso.bmp
  4 -3.430128 5.364987 51.064852 -0.648315 0.711317 -0.271506 0.856079 0.608069
  4 -4.710131 3.880310 50.229729 -0.614695 0.767694 -0.181098 0.903226 0.579251
  4 -6.440131 2.710522 51.240914 -0.761206 0.626905 -0.166001 0.923077 0.619597
HEV_torso.bmp
  1 -3.940139 -4.463592 44.594451 -0.535090 -0.585189 0.609289 0.019851 0.780980
  3 -4.760148 -2.974534 45.262137 -0.581376 -0.444981 0.681171 0.017370 0.789625
  1 -4.620140 -3.773615 44.654689 -0.517697 -0.569596 0.638396 0.017370 0.786744
HEV_torso.bmp
  4 5.339856 -5.875863 50.359101 -0.152094 -0.239690 -0.958862 0.059553 0.792507
  4 2.369856 -7.371142 51.857581 -0.280201 -0.345001 -0.895802 0.049628 0.786744
  4 5.079856 -5.665114 50.368329 -0.208597 -0.256796 -0.943686 0.059553 0.792507
HEV_torso.bmp
  4 3.419872 5.354479 51.055366 0.481800 0.583899 0.653399 0.632754 0.608069
  4 3.859872 4.439759 51.572849 0.481800 0.583899 0.653399 0.625310 0.628242
  4 6.409869 2.700518 51.241407 0.633073 0.443181 0.634673 0.573201 0.619597
HEV_torso.bmp
  4 -3.810136 4.129877 46.892586 -0.267796 0.886487 -0.377394 0.873449 0.449568
  4 -2.810134 4.323949 47.553520 0.000000 0.960115 -0.279604 0.836228 0.475504
  4 -3.050136 4.130388 46.902572 -0.001400 0.995542 -0.094304 0.848635 0.449568
Chrome_50Gry1.bmp
  1 1.649838 4.787012 42.887645 0.251205 0.936019 0.246505 0.000000 0.000000
  1 1.649837 4.977202 42.337711 0.201208 0.970339 0.134005 0.000000 0.000000
  1 -0.000163 4.957011 42.877704 0.000000 0.930020 0.367508 0.000000 0.000000
Chrome_50Gry1.bmp
  1 -0.000163 4.957011 42.877704 0.000000 0.930020 0.367508 0.000000 0.000000
  1 1.649837 4.977202 42.337711 0.201208 0.970339 0.134005 0.000000 0.000000
  1 -0.000163 5.227198 42.337797 0.000100 0.991116 0.133002 0.000000 0.000000
Chrome_50Gry1.bmp
  1 1.649837 4.977202 42.337711 0.201208 0.970339 0.134005 0.000000 0.000000
  1 -0.000163 5.127391 41.777763 0.000200 0.994430 -0.105403 0.000000 0.000000
  1 -0.000163 5.227198 42.337797 0.000100 0.991116 0.133002 0.000000 0.000000
Chrome_50Gry1.bmp
  1 -0.000163 5.227198 42.337797 0.000100 0.991116 0.133002 0.000000 0.000000
  1 -0.000163 5.127391 41.777763 0.000200 0.994430 -0.105403 0.000000 0.000000
  1 -1.650163 4.977193 42.337711 -0.201003 0.970615 0.132302 0.000000 0.000000
Chrome_50Gry1.bmp
  1 -0.000163 5.127391 41.777763 0.000200 0.994430 -0.105403 0.000000 0.000000
  1 -1.650163 4.957383 41.787704 -0.260911 0.965242 0.015301 0.000000 0.000000
  1 -1.650163 4.977193 42.337711 -0.201003 0.970615 0.132302 0.000000 0.000000
Chrome_50Gry1.bmp
  1 -1.650163 4.977193 42.337711 -0.201003 0.970615 0.132302 0.000000 0.000000
  1 -1.650163 4.957383 41.787704 -0.260911 0.965242 0.015301 0.000000 0.000000
  1 -3.640161 4.217185 42.347448 -0.335096 0.933490 0.127699 0.000000 0.000000
Chrome_50Gry1.bmp
  1 -1.650163 4.957383 41.787704 -0.260911 0.965242 0.015301 0.000000 0.000000
  1 -3.310161 4.387382 41.777507 -0.335096 0.933490 0.127699 0.000000 0.000000
  1 -3.640161 4.217185 42.347448 -0.335096 0.933490 0.127699 0.000000 0.000000
Chrome_50Gry1.bmp
  1 2.349838 4.626399 44.667590 0.266599 0.912796 0.309399 0.000000 0.000000
  1 -0.000163 4.976383 44.697711 0.000000 0.930020 0.367508 0.000000 0.000000
  1 -0.000162 4.626269 45.027590 0.000000 0.706106 0.708106 0.000000 0.000000
Chrome_50Gry1.bmp
  1 2.349838 4.626399 44.667590 0.266599 0.912796 0.309399 0.000000 0.000000
  1 -0.000163 4.936548 44.217697 0.000200 0.994430 -0.105403 0.000000 0.000000
  1 -0.000163 4.976383 44.697711 0.000000 0.930020 0.367508 0.000000 0.000000
Chrome_50Gry1.bmp
  1 2.349838 4.626399 44.667590 0.266599 0.912796 0.309399 0.000000 0.000000
  1 2.519838 4.526568 44.177556 0.319609 0.946027 -0.053701 0.000000 0.000000
  1 -0.000163 4.936548 44.217697 0.000200 0.994430 -0.105403 0.000000 0.000000
Chrome_50Gry1.bmp
  1 2.349838 4.626399 44.667590 0.266599 0.912796 0.309399 0.000000 0.000000
  1 4.709841 3.406636 43.997168 0.460721 0.887140 0.026801 0.000000 0.000000
  1 2.519838 4.526568 44.177556 0.319609 0.946027 -0.053701 0.000000 0.000000
Chrome_50Gry1.bmp
  1 2.349838 4.626399 44.667590 0.266599 0.912796 0.309399 0.000000 0.000000
  1 4.189841 3.626328 44.887245 0.388923 0.824947 0.410124 0.000000 0.000000
  1 4.709841 3.406636 43.997168 0.460721 0.887140 0.026801 0.000000 0.000000
Chrome_50Gry1.bmp
  1 2.349838 4.626399 44.667590 0.266599 0.912796 0.309399 0.000000 0.000000
  1 2.169839 4.326281 45.007486 0.183006 0.687523 0.702724 0.000000 0.000000
  1 4.189841 3.626328 44.887245 0.388923 0.824947 0.410124 0.000000 0.000000
Chrome_50Gry1.bmp
  1 2.349838 4.626399 44.667590 0.266599 0.912796 0.309399 0.000000 0.000000
  1 -0.000162 4.626269 45.027590 0.000000 0.706106 0.708106 0.000000 0.000000
  1 2.169839 4.326281 45.007486 0.183006 0.687523 0.702724 0.000000 0.000000
Chrome_50Gry1.bmp
  1 -2.350162 4.626387 44.667590 -0.266709 0.912930 0.308910 0.000000 0.000000
  1 -4.710159 3.416612 43.997172 -0.460812 0.887123 0.025801 0.000000 0.000000
  1 -4.200159 3.636306 44.887248 -0.389091 0.825281 0.409291 0.000000 0.000000
Chrome_50Gry1.bmp
  1 -2.350162 4.626387 44.667590 -0.266709 0.912930 0.308910 0.000000 0.000000
  1 -2.530162 4.536552 44.187559 -0.319505 0.946016 -0.054501 0.000000 0.000000
  1 -4.710159 3.416612 43.997172 -0.460812 0.887123 0.025801 0.000000 0.000000
Chrome_50Gry1.bmp
  1 -2.350162 4.626387 44.667590 -0.266709 0.912930 0.308910 0.000000 0.000000
  1 -0.000163 4.936548 44.217697 0.000200 0.994430 -0.105403 0.000000 0.000000
  1 -2.530162 4.536552 44.187559 -0.319505 0.946016 -0.054501 0.000000 0.000000
Chrome_50Gry1.bmp
  1 -2.350162 4.626387 44.667590 -0.266709 0.912930 0.308910 0.000000 0.000000
  1 -0.000163 4.976383 44.697711 0.000000 0.930020 0.367508 0.000000 0.000000
  1 -0.000163 4.936548 44.217697 0.000200 0.994430 -0.105403 0.000000 0.000000
Chrome_50Gry1.bmp
  1 -2.350162 4.626387 44.667590 -0.266709 0.912930 0.308910 0.000000 0.000000
  1 -0.000162 4.626269 45.027590 0.000000 0.706106 0.708106 0.000000 0.000000
  1 -0.000163 4.976383 44.697711 0.000000 0.930020 0.367508 0.000000 0.000000
Chrome_50Gry1.bmp
  1 -2.350162 4.626387 44.667590 -0.266709 0.912930 0.308910 0.000000 0.000000
  1 -2.180161 4.326270 45.007486 -0.183007 0.687725 0.702526 0.000000 0.000000
  1 -0.000162 4.626269 45.027590 0.000000 0.706106 0.708106 0.000000 0.000000
Chrome_50Gry1.bmp
  1 -2.350162 4.626387 44.667590 -0.266709 0.912930 0.308910 0.000000 0.000000
  1 -4.200159 3.636306 44.887248 -0.389091 0.825281 0.409291 0.000000 0.000000
  1 -2.180161 4.326270 45.007486 -0.183007 0.687725 0.702526 0.000000 0.000000
Chrome_50Gry1.bmp
  1 -2.010161 4.416112 45.467517 -0.186099 0.942294 0.278298 0.000000 0.000000
  1 -3.680160 3.866000 45.777327 -0.236295 0.906383 0.350193 0.000000 0.000000
  1 -1.840161 4.105995 45.807411 -0.098399 0.719493 0.687493 0.000000 0.000000
Chrome_50Gry1.bmp
  1 -2.010161 4.416112 45.467517 -0.186099 0.942294 0.278298 0.000000 0.000000
  1 -4.200159 3.636306 44.887248 -0.319505 0.946016 -0.054501 0.000000 0.000000
  1 -3.680160 3.866000 45.777327 -0.236295 0.906383 0.350193 0.000000 0.000000
Chrome_50Gry1.bmp
  1 -2.010161 4.416112 45.467517 -0.186099 0.942294 0.278298 0.000000 0.000000
  1 -2.180161 4.326270 45.007486 -0.226491 0.969061 -0.098096 0.000000 0.000000
  1 -4.200159 3.636306 44.887248 -0.319505 0.946016 -0.054501 0.000000 0.000000
Chrome_50Gry1.bmp
  1 -2.010161 4.416112 45.467517 -0.186099 0.942294 0.278298 0.000000 0.000000
  1 -0.000162 4.626269 45.027590 0.000200 0.994430 -0.105403 0.000000 0.000000
  1 -2.180161 4.326270 45.007486 -0.226491 0.969061 -0.098096 0.000000 0.000000
Chrome_50Gry1.bmp
  1 -2.010161 4.416112 45.467517 -0.186099 0.942294 0.278298 0.000000 0.000000
  1 -0.000162 4.656106 45.497600 0.000000 0.930020 0.367508 0.000000 0.000000
  1 -0.000162 4.626269 45.027590 0.000200 0.994430 -0.105403 0.000000 0.000000
Chrome_50Gry1.bmp
  1 -2.010161 4.416112 45.467517 -0.186099 0.942294 0.278298 0.000000 0.000000
  1 -0.000161 4.295992 45.827476 0.000000 0.706106 0.708106 0.000000 0.000000
  1 -0.000162 4.656106 45.497600 0.000000 0.930020 0.367508 0.000000 0.000000
Chrome_50Gry1.bmp
  1 -2.010161 4.416112 45.467517 -0.186099 0.942294 0.278298 0.000000 0.000000
  1 -1.840161 4.105995 45.807411 -0.098399 0.719493 0.687493 0.000000 0.000000
  1 -0.000161 4.295992 45.827476 0.000000 0.706106 0.708106 0.000000 0.000000
Chrome_50Gry1.bmp
  1 1.999839 4.416122 45.467517 0.185999 0.942195 0.278699 0.000000 0.000000
  1 -0.000162 4.626269 45.027590 0.000200 0.994430 -0.105403 0.000000 0.000000
  1 -0.000162 4.656106 45.497600 0.000000 0.930020 0.367508 0.000000 0.000000
Chrome_50Gry1.bmp
  1 1.999839 4.416122 45.467517 0.185999 0.942195 0.278699 0.000000 0.000000
  1 2.169839 4.326281 45.007486 0.226500 0.969099 -0.097700 0.000000 0.000000
  1 -0.000162 4.626269 45.027590 0.000200 0.994430 -0.105403 0.000000 0.000000
Chrome_50Gry1.bmp
  1 1.999839 4.416122 45.467517 0.185999 0.942195 0.278699 0.000000 0.000000
  1 4.189841 3.626328 44.887245 0.319609 0.946027 -0.053701 0.000000 0.000000
  1 2.169839 4.326281 45.007486 0.226500 0.969099 -0.097700 0.000000 0.000000
Chrome_50Gry1.bmp
  1 1.999839 4.416122 45.467517 0.185999 0.942195 0.278699 0.000000 0.000000
  1 3.659840 3.846019 45.777321 0.236289 0.906156 0.350783 0.000000 0.000000
  1 4.189841 3.626328 44.887245 0.319609 0.946027 -0.053701 0.000000 0.000000
Chrome_50Gry1.bmp
  1 1.999839 4.416122 45.467517 0.185999 0.942195 0.278699 0.000000 0.000000
  1 1.819840 4.106004 45.807411 0.098400 0.719395 0.687596 0.000000 0.000000
  1 3.659840 3.846019 45.777321 0.236289 0.906156 0.350783 0.000000 0.000000
Chrome_50Gry1.bmp
  1 1.999839 4.416122 45.467517 0.185999 0.942195 0.278699 0.000000 0.000000
  1 -0.000161 4.295992 45.827476 0.000000 0.706106 0.708106 0.000000 0.000000
  1 1.819840 4.106004 45.807411 0.098400 0.719395 0.687596 0.000000 0.000000
Chrome_50Gry1.bmp
  1 1.999839 4.416122 45.467517 0.185999 0.942195 0.278699 0.000000 0.000000
  1 -0.000162 4.656106 45.497600 0.000000 0.930020 0.367508 0.000000 0.000000
  1 -0.000161 4.295992 45.827476 0.000000 0.706106 0.708106 0.000000 0.000000
Chrome_50Gry1.bmp
  4 -0.000132 4.782266 48.681542 0.000000 0.959324 -0.282307 0.000000 0.000000
  4 -3.220131 4.574822 49.323002 -0.057300 0.996612 0.059001 0.000000 0.000000
  4 3.189869 4.564826 49.323504 0.057301 0.996618 0.058901 0.000000 0.000000
Chrome_50Gry1.bmp
  4 -0.000132 4.782266 48.681542 0.000000 0.959324 -0.282307 0.000000 0.000000
  4 -3.530132 4.417873 48.800348 -0.110301 0.953612 -0.280103 0.000000 0.000000
  4 -3.220131 4.574822 49.323002 -0.057300 0.996612 0.059001 0.000000 0.000000
Chrome_50Gry1.bmp
  4 -0.000132 4.782266 48.681542 0.000000 0.959324 -0.282307 0.000000 0.000000
  4 -3.220133 4.270910 48.277183 -0.057399 0.805292 -0.590094 0.000000 0.000000
  4 -3.530132 4.417873 48.800348 -0.110301 0.953612 -0.280103 0.000000 0.000000
Chrome_50Gry1.bmp
  4 -0.000132 4.782266 48.681542 0.000000 0.959324 -0.282307 0.000000 0.000000
  4 3.189867 4.260403 48.267698 0.057398 0.805374 -0.589981 0.000000 0.000000
  4 -3.220133 4.270910 48.277183 -0.057399 0.805292 -0.590094 0.000000 0.000000
Chrome_50Gry1.bmp
  4 -0.000132 4.782266 48.681542 0.000000 0.959324 -0.282307 0.000000 0.000000
  4 3.509868 4.407876 48.800850 0.110305 0.953639 -0.280011 0.000000 0.000000
  4 3.189867 4.260403 48.267698 0.057398 0.805374 -0.589981 0.000000 0.000000
Chrome_50Gry1.bmp
  4 -0.000132 4.782266 48.681542 0.000000 0.959324 -0.282307 0.000000 0.000000
  4 3.189869 4.564826 49.323504 0.057301 0.996618 0.058901 0.000000 0.000000
  4 3.509868 4.407876 48.800850 0.110305 0.953639 -0.280011 0.000000 0.000000
Chrome_50Gry1.bmp
  1 -3.310161 4.246999 42.887459 -0.335096 0.933490 0.127699 0.000000 0.000000
  1 -1.650162 4.797003 42.887649 -0.251307 0.936227 0.245607 0.000000 0.000000
  1 -3.640161 4.217185 42.347448 -0.335096 0.933490 0.127699 0.000000 0.000000
Chrome_50Gry1.bmp
  1 -3.640161 4.217185 42.347448 -0.335096 0.933490 0.127699 0.000000 0.000000
  1 -1.650162 4.797003 42.887649 -0.251307 0.936227 0.245607 0.000000 0.000000
  1 -1.650163 4.977193 42.337711 -0.201003 0.970615 0.132302 0.000000 0.000000
Chrome_50Gry1.bmp
  1 -1.650162 4.797003 42.887649 -0.251307 0.936227 0.245607 0.000000 0.000000
  1 -0.000163 4.957011 42.877704 0.000000 0.930020 0.367508 0.000000 0.000000
  1 -1.650163 4.977193 42.337711 -0.201003 0.970615 0.132302 0.000000 0.000000
Chrome_50Gry1.bmp
  1 -1.650163 4.977193 42.337711 -0.201003 0.970615 0.132302 0.000000 0.000000
  1 -0.000163 4.957011 42.877704 0.000000 0.930020 0.367508 0.000000 0.000000
  1 -0.000163 5.227198 42.337797 0.000100 0.991116 0.133002 0.000000 0.000000
Chrome_50Gry1.bmp
  1 3.299839 4.237016 42.887455 0.335503 0.933206 0.128701 0.000000 0.000000
  1 3.629839 4.207203 42.347445 0.335503 0.933206 0.128701 0.000000 0.000000
  1 1.649838 4.787012 42.887645 0.251205 0.936019 0.246505 0.000000 0.000000
Chrome_50Gry1.bmp
  1 1.649838 4.787012 42.887645 0.251205 0.936019 0.246505 0.000000 0.000000
  1 3.629839 4.207203 42.347445 0.335503 0.933206 0.128701 0.000000 0.000000
  1 1.649837 4.977202 42.337711 0.201208 0.970339 0.134005 0.000000 0.000000
Chrome_50Gry1.bmp
  1 3.629839 4.207203 42.347445 0.335503 0.933206 0.128701 0.000000 0.000000
  1 1.649837 4.957392 41.787704 0.261585 0.965044 0.016199 0.000000 0.000000
  1 1.649837 4.977202 42.337711 0.201208 0.970339 0.134005 0.000000 0.000000
Chrome_50Gry1.bmp
  1 1.649837 4.977202 42.337711 0.201208 0.970339 0.134005 0.000000 0.000000
  1 1.649837 4.957392 41.787704 0.261585 0.965044 0.016199 0.000000 0.000000
  1 -0.000163 5.127391 41.777763 0.000200 0.994430 -0.105403 0.000000 0.000000
Chrome_50Gry1.bmp
  1 3.299839 4.377399 41.777504 0.335503 0.933206 0.128701 0.000000 0.000000
  1 1.649837 4.957392 41.787704 0.261585 0.965044 0.016199 0.000000 0.000000
  1 3.629839 4.207203 42.347445 0.335503 0.933206 0.128701 0.000000 0.000000
end
