version 1
nodes
  0 "Bip01" -1
  1 "Bip01 Pelvis" 0
  2 "Bip01 Spine" 1
  3 "Bip01 Spine1" 2
  4 "Bip01 Spine2" 3
  5 "Bip01 Spine3" 4
  6 "Bip01 Neck" 5
  7 "Bip01 L Arm" 6
  8 "Bip01 L Arm1" 7
  9 "Bip01 L Arm2" 8
  10 "Bip01 L Hand" 9
  11 "Bip01 L Finger0" 10
  12 "Bip01 L Finger01" 11
  13 "Bip01 L Finger02" 12
  14 "Bip01 L Finger1" 10
  15 "Bip01 L Finger11" 14
  16 "Bip01 L Finger12" 15
  17 "Bip01 R Arm" 6
  18 "Bip01 R Arm1" 17
  19 "Bip01 R Arm2" 18
  20 "Bip01 R Hand" 19
  21 "Bip01 R Finger0" 20
  22 "Bip01 R Finger01" 21
  23 "Bip01 R Finger02" 22
  24 "Bip01 R Finger1" 20
  25 "Bip01 R Finger11" 24
  26 "Bip01 R Finger12" 25
  27 "Bip01 Head" 6
  28 "Bip01 L Leg" 1
  29 "Bip01 L Leg1" 28
  30 "Bip01 L Foot" 29
  31 "Bip01 R Leg" 1
  32 "Bip01 R Leg1" 31
  33 "Bip01 R Foot" 32
end
skeleton
  time 0
    0 -0.000151 0.368164 39.526119 0.000000 0.000000 -1.570795
    1 -0.000004 0.000000 0.000000 -1.570795 -1.570451 0.000000
    2 1.293670 0.684478 -0.000001 -0.000004 -0.000001 0.114185
    3 5.309685 -0.003834 0.000000 0.000000 0.000000 -0.069778
    4 4.826790 -0.004591 0.000000 0.000000 0.000000 -0.095944
    5 5.792767 -0.005304 0.000000 0.000000 0.000000 0.017444
    6 6.662322 -0.001452 0.000000 0.000000 -0.000001 0.471000
    7 -2.869899 1.399632 4.140401 -0.725899 -1.306119 -2.905046
    8 4.972048 0.000000 -0.000002 0.230697 1.265796 0.056122
    9 11.585358 0.000000 0.000000 0.000000 0.000000 -0.243633
    10 10.127057 -0.000001 0.000001 -1.569752 0.000000 -0.069778
    11 2.162477 0.109716 -1.664490 0.112442 0.458341 0.151066
    12 0.928312 0.000000 0.000000 0.000000 0.000000 0.000000
    13 0.928313 0.000000 -0.000001 0.000000 0.000000 0.000000
    14 3.784085 -0.427338 -0.044205 -0.001045 -0.043611 0.000046
    15 1.189161 -0.000001 -0.000001 0.000000 0.000000 0.331445
    16 1.302900 -0.000001 0.000001 0.000000 0.000000 0.000000
    17 -2.869899 1.399667 -4.140396 0.725877 1.306121 -2.905067
    18 4.972047 0.000000 0.000000 -0.230698 -1.265796 0.056122
    19 11.585358 0.000000 0.000001 0.000000 0.000000 -0.243633
    20 10.127058 0.000000 0.000001 1.569752 0.000000 -0.069778
    21 2.162477 0.109715 1.664489 -0.112442 -0.458341 0.151066
    22 0.928313 0.000000 0.000002 0.000000 0.000000 0.000000
    23 0.928311 0.000000 0.000001 0.000000 0.000000 0.000000
    24 3.784085 -0.427337 0.044204 0.001045 0.043611 0.000046
    25 1.189159 0.000000 0.000001 0.000000 0.000000 0.331445
    26 1.302900 0.000000 -0.000001 0.000000 0.000000 0.000000
    27 2.046984 0.000001 0.000000 0.000000 0.000000 -0.157798
    28 -0.000005 0.000007 3.713254 -3.139066 0.017358 3.117144
    29 18.045723 0.000000 0.000000 0.000000 0.000000 -0.127551
    30 17.597597 0.000000 0.000000 -0.002950 0.017289 0.103055
    31 0.000005 -0.000003 -3.713254 3.139069 -0.017355 3.117144
    32 18.045721 0.000000 0.000000 0.000000 0.000000 -0.127551
    33 17.597597 0.000000 0.000000 0.002950 -0.017289 0.103055
end
triangles
HEV_leg_&_glove.bmp
  24 -11.956534 -2.019188 34.462596 -0.994882 0.023400 -0.098298 0.709804 0.011742
  24 -11.954817 -3.214810 34.679589 -0.994076 -0.016700 -0.107397 0.854902 0.000000
  20 -12.065827 -1.783174 36.714883 -0.985276 0.170796 -0.007700 0.760784 0.162427
HEV_leg_&_glove.bmp
  20 -12.065827 -1.783174 36.714883 -0.985276 0.170796 -0.007700 0.760784 0.162427
  24 -11.954817 -3.214810 34.679589 -0.994076 -0.016700 -0.107397 0.854902 0.000000
  20 -12.101292 -3.305770 37.245491 -0.990358 -0.069397 0.119895 0.937255 0.162427
HEV_leg_&_glove.bmp
  24 -11.954817 -3.214810 34.679589 -0.994076 -0.016700 -0.107397 0.854902 0.000000
  24 -11.997036 -4.328919 35.159879 -0.995183 -0.046699 -0.086198 0.992157 0.009785
  20 -12.101292 -3.305770 37.245491 -0.990358 -0.069397 0.119895 0.937255 0.162427
HEV_leg_&_glove.bmp
  14 11.987757 -4.331532 35.149265 0.995183 -0.046699 -0.086199 0.992157 0.009785
  14 11.944569 -3.214762 34.678566 0.994076 -0.016700 -0.107397 0.854902 0.000000
  10 12.092001 -3.308789 37.234997 0.990358 -0.069397 0.119895 0.937255 0.162427
HEV_leg_&_glove.bmp
  10 12.092001 -3.308789 37.234997 0.990358 -0.069397 0.119895 0.937255 0.162427
  14 11.944569 -3.214762 34.678566 0.994076 -0.016700 -0.107397 0.854902 0.000000
  10 12.055577 -1.783114 36.713855 0.985276 0.170796 -0.007700 0.760784 0.162427
HEV_leg_&_glove.bmp
  14 11.944569 -3.214762 34.678566 0.994076 -0.016700 -0.107397 0.854902 0.000000
  14 11.946280 -2.019140 34.461572 0.994882 0.023399 -0.098298 0.709804 0.011742
  10 12.055577 -1.783114 36.713855 0.985276 0.170796 -0.007700 0.760784 0.162427
HEV_leg_&_glove.bmp
  24 -11.873844 -3.338270 34.184411 -0.968767 -0.221992 -0.110496 0.674510 0.152642
  24 -11.768015 -3.744463 33.035365 -0.798106 0.533504 -0.280002 0.674510 0.105675
  24 -11.894135 -4.180184 34.482687 -0.981678 -0.049899 -0.183896 0.725490 0.152642
HEV_leg_&_glove.bmp
  24 -11.894135 -4.180184 34.482687 -0.981678 -0.049899 -0.183896 0.725490 0.152642
  24 -11.768015 -3.744463 33.035365 -0.798106 0.533504 -0.280002 0.674510 0.105675
  24 -11.781652 -4.429488 33.299854 -0.523493 -0.842988 0.123798 0.725490 0.105675
HEV_leg_&_glove.bmp
  22 -11.286062 -5.813415 35.490201 -0.671310 -0.727310 0.142702 0.674510 0.152642
  23 -10.975621 -6.312805 34.455847 -0.293400 -0.955300 0.036300 0.674510 0.105675
  22 -10.413554 -5.714625 35.416913 0.772212 -0.579009 0.261604 0.725490 0.152642
HEV_leg_&_glove.bmp
  22 -10.413554 -5.714625 35.416913 0.772212 -0.579009 0.261604 0.725490 0.152642
  23 -10.975621 -6.312805 34.455847 -0.293400 -0.955300 0.036300 0.674510 0.105675
  23 -10.454157 -6.295420 34.429907 0.740603 -0.660903 -0.121301 0.725490 0.105675
HEV_leg_&_glove.bmp
  21 -11.617610 -5.302699 36.539598 -0.625780 -0.683178 0.376388 0.674510 0.152642
  22 -11.286062 -5.813415 35.490201 -0.671310 -0.727310 0.142702 0.674510 0.105675
  21 -10.388920 -5.215912 36.509785 0.640488 -0.639588 0.425092 0.725490 0.152642
HEV_leg_&_glove.bmp
  21 -10.388920 -5.215912 36.509785 0.640488 -0.639588 0.425092 0.725490 0.152642
  22 -11.286062 -5.813415 35.490201 -0.671310 -0.727310 0.142702 0.674510 0.105675
  22 -10.413554 -5.714625 35.416913 0.772212 -0.579009 0.261604 0.725490 0.105675
HEV_leg_&_glove.bmp
  24 -11.893844 -2.501316 33.985393 -0.974107 -0.186501 -0.127801 0.674510 0.152642
  24 -11.772128 -2.859957 32.894539 -0.798106 0.533504 -0.280002 0.674510 0.105675
  24 -11.873844 -3.338270 34.184411 -0.968767 -0.221992 -0.110496 0.725490 0.152642
HEV_leg_&_glove.bmp
  24 -11.873844 -3.338270 34.184411 -0.968767 -0.221992 -0.110496 0.725490 0.152642
  24 -11.772128 -2.859957 32.894539 -0.798106 0.533504 -0.280002 0.674510 0.105675
  24 -11.794261 -3.537361 33.074353 -0.523493 -0.842988 0.123798 0.725490 0.105675
HEV_leg_&_glove.bmp
  24 -11.794261 -3.537361 33.074353 -0.523493 -0.842988 0.123798 0.725490 0.152642
  24 -11.772128 -2.859957 32.894539 -0.798106 0.533504 -0.280002 0.674510 0.152642
  25 -11.601981 -3.824556 31.934387 -0.665601 -0.746100 0.017600 0.725490 0.105675
HEV_leg_&_glove.bmp
  25 -11.601981 -3.824556 31.934387 -0.665601 -0.746100 0.017600 0.725490 0.105675
  24 -11.772128 -2.859957 32.894539 -0.798106 0.533504 -0.280002 0.674510 0.152642
  25 -11.586257 -3.171528 31.742016 -0.696398 0.631898 -0.340199 0.674510 0.105675
HEV_leg_&_glove.bmp
  24 -11.737698 -5.248451 33.637446 -0.544699 -0.821998 0.166200 0.725490 0.105675
  24 -11.906277 -4.881826 34.762064 -0.711317 -0.692516 0.120203 0.725490 0.152642
  24 -11.731288 -4.587019 33.401084 -0.883265 0.373085 -0.283989 0.674510 0.105675
HEV_leg_&_glove.bmp
  24 -11.731288 -4.587019 33.401084 -0.883265 0.373085 -0.283989 0.674510 0.105675
  24 -11.906277 -4.881826 34.762064 -0.711317 -0.692516 0.120203 0.725490 0.152642
  24 -11.894135 -4.180184 34.482687 -0.981678 -0.049899 -0.183896 0.674510 0.152642
HEV_leg_&_glove.bmp
  24 -11.737698 -5.248451 33.637446 -0.544699 -0.821998 0.166200 0.725490 0.152642
  24 -11.731288 -4.587019 33.401084 -0.883265 0.373085 -0.283989 0.674510 0.152642
  25 -11.570019 -5.585072 32.584358 -0.669312 -0.734913 0.109202 0.725490 0.105675
HEV_leg_&_glove.bmp
  25 -11.570019 -5.585072 32.584358 -0.669312 -0.734913 0.109202 0.725490 0.105675
  24 -11.731288 -4.587019 33.401084 -0.883265 0.373085 -0.283989 0.674510 0.152642
  25 -11.565956 -4.970246 32.367397 -0.696398 0.631898 -0.340199 0.674510 0.105675
HEV_leg_&_glove.bmp
  24 -11.781157 -2.653499 33.004963 -0.540006 -0.841609 0.009400 0.725490 0.105675
  24 -11.893844 -2.501316 33.985393 -0.974107 -0.186501 -0.127801 0.725490 0.152642
  24 -11.780480 -1.942497 32.911814 -0.798106 0.533504 -0.280002 0.674510 0.105675
HEV_leg_&_glove.bmp
  24 -11.780480 -1.942497 32.911814 -0.798106 0.533504 -0.280002 0.674510 0.105675
  24 -11.893844 -2.501316 33.985393 -0.974107 -0.186501 -0.127801 0.725490 0.152642
  24 -11.892942 -1.685937 33.894529 -0.765595 0.622696 -0.161599 0.674510 0.152642
HEV_leg_&_glove.bmp
  24 -11.781157 -2.653499 33.004963 -0.540006 -0.841609 0.009400 0.725490 0.152642
  24 -11.780480 -1.942497 32.911814 -0.798106 0.533504 -0.280002 0.674510 0.152642
  25 -11.571377 -2.772567 32.022031 -0.668730 -0.740333 -0.068603 0.725490 0.105675
HEV_leg_&_glove.bmp
  25 -11.571377 -2.772567 32.022031 -0.668730 -0.740333 -0.068603 0.725490 0.105675
  24 -11.780480 -1.942497 32.911814 -0.798106 0.533504 -0.280002 0.674510 0.152642
  25 -11.568413 -2.122418 31.933722 -0.706338 0.643835 -0.294216 0.674510 0.105675
HEV_leg_&_glove.bmp
  25 -11.568764 -4.149118 31.731518 -0.696398 0.631898 -0.340199 0.674510 0.105675
  25 -11.577360 -4.789124 31.932811 -0.652906 -0.754207 0.069901 0.725490 0.105675
  24 -11.768015 -3.744463 33.035365 -0.798106 0.533504 -0.280002 0.674510 0.152642
HEV_leg_&_glove.bmp
  24 -11.768015 -3.744463 33.035365 -0.798106 0.533504 -0.280002 0.674510 0.152642
  25 -11.577360 -4.789124 31.932811 -0.652906 -0.754207 0.069901 0.725490 0.105675
  24 -11.781652 -4.429488 33.299854 -0.523493 -0.842988 0.123798 0.725490 0.152642
HEV_leg_&_glove.bmp
  14 11.873546 -3.338222 34.184386 0.968767 -0.221993 -0.110496 0.674510 0.152642
  14 11.883892 -4.180136 34.481664 0.981678 -0.049899 -0.183896 0.725490 0.152642
  14 11.758728 -3.747078 33.024751 0.798106 0.533503 -0.280002 0.674510 0.105675
HEV_leg_&_glove.bmp
  14 11.758728 -3.747078 33.024751 0.798106 0.533503 -0.280002 0.674510 0.105675
  14 11.883892 -4.180136 34.481664 0.981678 -0.049899 -0.183896 0.725490 0.152642
  14 11.770444 -4.426780 33.308422 0.523493 -0.842988 0.123798 0.725490 0.105675
HEV_leg_&_glove.bmp
  12 11.275866 -5.812091 35.489829 0.671309 -0.727310 0.142702 0.674510 0.152642
  12 10.402716 -5.720244 35.409371 -0.772212 -0.579009 0.261604 0.725490 0.152642
  13 10.965424 -6.311484 34.455474 0.293400 -0.955300 0.036300 0.674510 0.105675
HEV_leg_&_glove.bmp
  13 10.965424 -6.311484 34.455474 0.293400 -0.955300 0.036300 0.674510 0.105675
  12 10.402716 -5.720244 35.409371 -0.772212 -0.579009 0.261604 0.725490 0.152642
  13 10.443960 -6.294102 34.429536 -0.740604 -0.660903 -0.121300 0.725490 0.105675
HEV_leg_&_glove.bmp
  11 11.607414 -5.301375 36.539225 0.625780 -0.683178 0.376388 0.674510 0.152642
  11 10.377566 -5.221682 36.516375 -0.640488 -0.639587 0.425092 0.725490 0.152642
  12 11.275866 -5.812091 35.489829 0.671309 -0.727310 0.142702 0.674510 0.105675
HEV_leg_&_glove.bmp
  12 11.275866 -5.812091 35.489829 0.671309 -0.727310 0.142702 0.674510 0.105675
  11 10.377566 -5.221682 36.516375 -0.640488 -0.639587 0.425092 0.725490 0.152642
  12 10.402716 -5.720244 35.409371 -0.772212 -0.579009 0.261604 0.725490 0.105675
HEV_leg_&_glove.bmp
  14 11.884554 -2.503930 33.974778 0.974107 -0.186501 -0.127801 0.674510 0.152642
  14 11.873546 -3.338222 34.184386 0.968767 -0.221993 -0.110496 0.725490 0.152642
  14 11.772786 -2.862573 32.884923 0.798106 0.533503 -0.280002 0.674510 0.105675
HEV_leg_&_glove.bmp
  14 11.772786 -2.862573 32.884923 0.798106 0.533503 -0.280002 0.674510 0.105675
  14 11.873546 -3.338222 34.184386 0.968767 -0.221993 -0.110496 0.725490 0.152642
  14 11.783049 -3.534653 33.082921 0.523493 -0.842988 0.123798 0.725490 0.105675
HEV_leg_&_glove.bmp
  14 11.783049 -3.534653 33.082921 0.523493 -0.842988 0.123798 0.725490 0.152642
  15 11.589630 -3.826162 31.927145 0.665601 -0.746101 0.017600 0.725490 0.105675
  14 11.772786 -2.862573 32.884923 0.798106 0.533503 -0.280002 0.674510 0.152642
HEV_leg_&_glove.bmp
  14 11.772786 -2.862573 32.884923 0.798106 0.533503 -0.280002 0.674510 0.152642
  15 11.589630 -3.826162 31.927145 0.665601 -0.746101 0.017600 0.725490 0.105675
  15 11.585952 -3.171483 31.741990 0.696398 0.631898 -0.340199 0.674510 0.105675
HEV_leg_&_glove.bmp
  14 11.727457 -5.248404 33.636423 0.544699 -0.821998 0.166200 0.725490 0.105675
  14 11.721044 -4.586973 33.400061 0.883265 0.373085 -0.283989 0.674510 0.105675
  14 11.896038 -4.881778 34.761041 0.711317 -0.692517 0.120203 0.725490 0.152642
HEV_leg_&_glove.bmp
  14 11.896038 -4.881778 34.761041 0.711317 -0.692517 0.120203 0.725490 0.152642
  14 11.721044 -4.586973 33.400061 0.883265 0.373085 -0.283989 0.674510 0.105675
  14 11.883892 -4.180136 34.481664 0.981678 -0.049899 -0.183896 0.674510 0.152642
HEV_leg_&_glove.bmp
  14 11.727457 -5.248404 33.636423 0.544699 -0.821998 0.166200 0.725490 0.152642
  15 11.560007 -5.584161 32.586510 0.669312 -0.734913 0.109202 0.725490 0.105675
  14 11.721044 -4.586973 33.400061 0.883265 0.373085 -0.283989 0.674510 0.152642
HEV_leg_&_glove.bmp
  14 11.721044 -4.586973 33.400061 0.883265 0.373085 -0.283989 0.674510 0.152642
  15 11.560007 -5.584161 32.586510 0.669312 -0.734913 0.109202 0.725490 0.105675
  15 11.555940 -4.969334 32.369549 0.696398 0.631898 -0.340199 0.674510 0.105675
HEV_leg_&_glove.bmp
  14 11.770902 -2.653452 33.003940 0.540006 -0.841609 0.009400 0.725490 0.105675
  14 11.770221 -1.942451 32.910791 0.798106 0.533503 -0.280002 0.674510 0.105675
  14 11.884554 -2.503930 33.974778 0.974107 -0.186501 -0.127801 0.725490 0.152642
HEV_leg_&_glove.bmp
  14 11.884554 -2.503930 33.974778 0.974107 -0.186501 -0.127801 0.725490 0.152642
  14 11.770221 -1.942451 32.910791 0.798106 0.533503 -0.280002 0.674510 0.105675
  14 11.882685 -1.685889 33.893506 0.765595 0.622696 -0.161599 0.674510 0.152642
HEV_leg_&_glove.bmp
  14 11.770902 -2.653452 33.003940 0.540006 -0.841609 0.009400 0.725490 0.152642
  15 11.561349 -2.771655 32.024182 0.668730 -0.740333 -0.068603 0.725490 0.105675
  14 11.770221 -1.942451 32.910791 0.798106 0.533503 -0.280002 0.674510 0.152642
HEV_leg_&_glove.bmp
  14 11.770221 -1.942451 32.910791 0.798106 0.533503 -0.280002 0.674510 0.152642
  15 11.561349 -2.771655 32.024182 0.668730 -0.740333 -0.068603 0.725490 0.105675
  15 11.558382 -2.121507 31.935873 0.706339 0.643834 -0.294216 0.674510 0.105675
HEV_leg_&_glove.bmp
  15 11.558743 -4.148207 31.733669 0.696398 0.631898 -0.340199 0.674510 0.105675
  14 11.758728 -3.747078 33.024751 0.798106 0.533503 -0.280002 0.674510 0.152642
  15 11.567343 -4.788213 31.934963 0.652906 -0.754207 0.069901 0.725490 0.105675
HEV_leg_&_glove.bmp
  15 11.567343 -4.788213 31.934963 0.652906 -0.754207 0.069901 0.725490 0.105675
  14 11.758728 -3.747078 33.024751 0.798106 0.533503 -0.280002 0.674510 0.152642
  14 11.770444 -4.426780 33.308422 0.523493 -0.842988 0.123798 0.725490 0.152642
PLAYER_Chrome1.bmp
  27 -0.000109 -7.144184 69.870309 -0.005500 -0.641718 -0.766921 0.000000 0.000000
  27 -0.950108 -6.946678 70.124656 -0.325296 -0.653992 -0.682991 0.000000 0.000000
  27 -0.000109 -6.838936 69.604181 -0.004600 -0.679999 -0.733199 0.000000 0.000000
PLAYER_Chrome1.bmp
  27 -0.000109 -6.838936 69.604181 -0.004600 -0.679999 -0.733199 0.000000 0.000000
  27 -0.950108 -6.946678 70.124656 -0.325296 -0.653992 -0.682991 0.000000 0.000000
  27 -0.900108 -6.655137 69.833788 -0.325799 -0.699998 -0.635498 0.000000 0.000000
PLAYER_Chrome1.bmp
  27 -0.950108 -6.946678 70.124656 -0.325296 -0.653992 -0.682991 0.000000 0.000000
  27 -2.030107 -6.475686 70.259816 -0.452624 -0.649534 -0.610932 0.000000 0.000000
  27 -0.900108 -6.655137 69.833788 -0.325799 -0.699998 -0.635498 0.000000 0.000000
PLAYER_Chrome1.bmp
  27 -0.900108 -6.655137 69.833788 -0.325799 -0.699998 -0.635498 0.000000 0.000000
  27 -2.030107 -6.475686 70.259816 -0.452624 -0.649534 -0.610932 0.000000 0.000000
  27 -1.900108 -6.274749 69.922141 -0.570904 -0.637304 -0.517603 0.000000 0.000000
PLAYER_Chrome1.bmp
  27 -2.030107 -6.475686 70.259816 -0.452624 -0.649534 -0.610932 0.000000 0.000000
  27 -2.820106 -5.448196 70.232159 -0.727194 -0.506595 -0.463196 0.000000 0.000000
  27 -1.900108 -6.274749 69.922141 -0.570904 -0.637304 -0.517603 0.000000 0.000000
PLAYER_Chrome1.bmp
  27 -1.900108 -6.274749 69.922141 -0.570904 -0.637304 -0.517603 0.000000 0.000000
  27 -2.820106 -5.448196 70.232159 -0.727194 -0.506595 -0.463196 0.000000 0.000000
  27 -2.650107 -5.436826 69.902506 -0.793339 -0.475923 -0.379619 0.000000 0.000000
PLAYER_Chrome1.bmp
  27 -2.820106 -5.448196 70.232159 -0.727194 -0.506595 -0.463196 0.000000 0.000000
  27 -3.220106 -4.419200 70.090493 -0.851623 -0.318208 -0.416511 0.000000 0.000000
  27 -2.650107 -5.436826 69.902506 -0.793339 -0.475923 -0.379619 0.000000 0.000000
PLAYER_Chrome1.bmp
  27 -2.650107 -5.436826 69.902506 -0.793339 -0.475923 -0.379619 0.000000 0.000000
  27 -3.220106 -4.419200 70.090493 -0.851623 -0.318208 -0.416511 0.000000 0.000000
  27 -3.020106 -4.596061 69.800457 -0.883820 -0.242105 -0.400309 0.000000 0.000000
PLAYER_Chrome1.bmp
  27 -3.220106 -4.419200 70.090493 -0.851623 -0.318208 -0.416511 0.000000 0.000000
  27 -3.610103 -0.026977 69.395025 -0.955690 -0.199898 -0.216098 0.000000 0.000000
  27 -3.020106 -4.596061 69.800457 -0.883820 -0.242105 -0.400309 0.000000 0.000000
PLAYER_Chrome1.bmp
  27 -3.020106 -4.596061 69.800457 -0.883820 -0.242105 -0.400309 0.000000 0.000000
  27 -3.610103 -0.026977 69.395025 -0.955690 -0.199898 -0.216098 0.000000 0.000000
  27 -3.380105 -1.004817 69.249667 -0.967103 -0.248301 0.055300 0.000000 0.000000
PLAYER_Chrome1.bmp
  27 -3.610103 -0.026977 69.395025 -0.955690 -0.199898 -0.216098 0.000000 0.000000
  27 -3.410108 -2.015833 68.096044 -0.911899 -0.277699 0.302199 0.000000 0.000000
  27 -3.380105 -1.004817 69.249667 -0.967103 -0.248301 0.055300 0.000000 0.000000
PLAYER_Chrome1.bmp
  27 -3.380105 -1.004817 69.249667 -0.967103 -0.248301 0.055300 0.000000 0.000000
  27 -3.410108 -2.015833 68.096044 -0.911899 -0.277699 0.302199 0.000000 0.000000
  27 -3.190108 -2.603842 68.187396 -0.895096 -0.286198 0.341898 0.000000 0.000000
PLAYER_Chrome1.bmp
  27 -3.410108 -2.015833 68.096044 -0.911899 -0.277699 0.302199 0.000000 0.000000
  27 -3.200112 -3.854075 67.214813 -0.895096 -0.286198 0.341898 0.000000 0.000000
  27 -3.190108 -2.603842 68.187396 -0.895096 -0.286198 0.341898 0.000000 0.000000
PLAYER_Chrome1.bmp
  27 -3.190108 -2.603842 68.187396 -0.895096 -0.286198 0.341898 0.000000 0.000000
  27 -3.200112 -3.854075 67.214813 -0.895096 -0.286198 0.341898 0.000000 0.000000
  27 -3.000111 -4.124970 67.469991 -0.863473 -0.360589 0.352689 0.000000 0.000000
PLAYER_Chrome1.bmp
  27 -3.200112 -3.854075 67.214813 -0.895096 -0.286198 0.341898 0.000000 0.000000
  27 -2.830114 -5.074723 66.791705 -0.835837 -0.427418 0.344515 0.000000 0.000000
  27 -3.000111 -4.124970 67.469991 -0.863473 -0.360589 0.352689 0.000000 0.000000
PLAYER_Chrome1.bmp
  27 -3.000111 -4.124970 67.469991 -0.863473 -0.360589 0.352689 0.000000 0.000000
  27 -2.830114 -5.074723 66.791705 -0.835837 -0.427418 0.344515 0.000000 0.000000
  27 -2.640113 -5.152040 67.133644 -0.791619 -0.475911 0.383209 0.000000 0.000000
PLAYER_Chrome1.bmp
  27 -2.830114 -5.074723 66.791705 -0.835837 -0.427418 0.344515 0.000000 0.000000
  27 -2.470115 -5.696917 66.748405 -0.755080 -0.498386 0.425988 0.000000 0.000000
  27 -2.640113 -5.152040 67.133644 -0.791619 -0.475911 0.383209 0.000000 0.000000
PLAYER_Chrome1.bmp
  27 -2.640113 -5.152040 67.133644 -0.791619 -0.475911 0.383209 0.000000 0.000000
  27 -2.470115 -5.696917 66.748405 -0.755080 -0.498386 0.425988 0.000000 0.000000
  27 -2.320114 -5.647856 67.084994 -0.741402 -0.532401 0.408501 0.000000 0.000000
PLAYER_Chrome1.bmp
  27 -2.470115 -5.696917 66.748405 -0.755080 -0.498386 0.425988 0.000000 0.000000
  27 -1.880114 -6.163064 67.176430 -0.639974 -0.579076 0.505079 0.000000 0.000000
  27 -2.320114 -5.647856 67.084994 -0.741402 -0.532401 0.408501 0.000000 0.000000
PLAYER_Chrome1.bmp
  27 1.159893 -7.884406 70.927129 0.288401 -0.571702 -0.768103 0.000000 0.000000
  27 2.079893 -6.479785 70.237824 0.470318 -0.504420 -0.724128 0.000000 0.000000
  27 2.379894 -7.372125 70.990903 0.462810 -0.474111 -0.749017 0.000000 0.000000
PLAYER_Chrome1.bmp
  27 2.379894 -7.372125 70.990903 0.462810 -0.474111 -0.749017 0.000000 0.000000
  27 2.079893 -6.479785 70.237824 0.470318 -0.504420 -0.724128 0.000000 0.000000
  27 3.229895 -5.950458 71.003532 0.674609 -0.389406 -0.627109 0.000000 0.000000
PLAYER_Chrome1.bmp
  27 2.079893 -6.479785 70.237824 0.470318 -0.504420 -0.724128 0.000000 0.000000
  27 2.849894 -5.450959 70.241757 0.722391 -0.385595 -0.573993 0.000000 0.000000
  27 3.229895 -5.950458 71.003532 0.674609 -0.389406 -0.627109 0.000000 0.000000
PLAYER_Chrome1.bmp
  27 3.229895 -5.950458 71.003532 0.674609 -0.389406 -0.627109 0.000000 0.000000
  27 2.849894 -5.450959 70.241757 0.722391 -0.385595 -0.573993 0.000000 0.000000
  27 3.719896 -4.510735 70.844481 0.780940 -0.299115 -0.548328 0.000000 0.000000
PLAYER_Chrome1.bmp
  27 2.849894 -5.450959 70.241757 0.722391 -0.385595 -0.573993 0.000000 0.000000
  27 3.239894 -4.421965 70.100090 0.771374 -0.249392 -0.585480 0.000000 0.000000
  27 3.719896 -4.510735 70.844481 0.780940 -0.299115 -0.548328 0.000000 0.000000
PLAYER_Chrome1.bmp
  27 3.719896 -4.510735 70.844481 0.780940 -0.299115 -0.548328 0.000000 0.000000
  27 3.239894 -4.421965 70.100090 0.771374 -0.249392 -0.585480 0.000000 0.000000
  27 4.109897 -2.162795 70.457086 0.792189 -0.154898 -0.590291 0.000000 0.000000
PLAYER_Chrome1.bmp
  27 3.239894 -4.421965 70.100090 0.771374 -0.249392 -0.585480 0.000000 0.000000
  27 3.609897 -0.039354 69.401862 0.791126 -0.054502 -0.609220 0.000000 0.000000
  27 4.109897 -2.162795 70.457086 0.792189 -0.154898 -0.590291 0.000000 0.000000
PLAYER_Chrome1.bmp
  27 4.109897 -2.162795 70.457086 0.792189 -0.154898 -0.590291 0.000000 0.000000
  27 3.609897 -0.039354 69.401862 0.791126 -0.054502 -0.609220 0.000000 0.000000
  27 3.999898 0.215488 69.963961 0.811997 0.020600 -0.583298 0.000000 0.000000
PLAYER_Chrome1.bmp
  27 3.609897 -0.039354 69.401862 0.791126 -0.054502 -0.609220 0.000000 0.000000
  27 2.909897 1.597464 68.664754 0.780909 0.109301 -0.615007 0.000000 0.000000
  27 3.999898 0.215488 69.963961 0.811997 0.020600 -0.583298 0.000000 0.000000
PLAYER_Chrome1.bmp
  27 3.999898 0.215488 69.963961 0.811997 0.020600 -0.583298 0.000000 0.000000
  27 2.909897 1.597464 68.664754 0.780909 0.109301 -0.615007 0.000000 0.000000
  27 3.339898 1.926443 69.258530 0.764799 0.232900 -0.600699 0.000000 0.000000
PLAYER_Chrome1.bmp
  27 2.909897 1.597464 68.664754 0.780909 0.109301 -0.615007 0.000000 0.000000
  27 2.359896 2.316367 68.226031 0.692689 0.415693 -0.589390 0.000000 0.000000
  27 3.339898 1.926443 69.258530 0.764799 0.232900 -0.600699 0.000000 0.000000
PLAYER_Chrome1.bmp
  27 3.339898 1.926443 69.258530 0.764799 0.232900 -0.600699 0.000000 0.000000
  27 2.359896 2.316367 68.226031 0.692689 0.415693 -0.589390 0.000000 0.000000
  27 2.559898 2.661812 68.834937 0.615899 0.577199 -0.536199 0.000000 0.000000
PLAYER_Chrome1.bmp
  27 2.359896 2.316367 68.226031 0.692689 0.415693 -0.589390 0.000000 0.000000
  27 1.369896 2.875877 67.835201 0.328710 0.762023 -0.557917 0.000000 0.000000
  27 2.559898 2.661812 68.834937 0.615899 0.577199 -0.536199 0.000000 0.000000
PLAYER_Chrome1.bmp
  27 2.559898 2.661812 68.834937 0.615899 0.577199 -0.536199 0.000000 0.000000
  27 1.369896 2.875877 67.835201 0.328710 0.762023 -0.557917 0.000000 0.000000
  27 1.429897 3.265287 68.435917 0.328710 0.762023 -0.557917 0.000000 0.000000
PLAYER_Chrome1.bmp
  27 1.369896 2.875877 67.835201 0.328710 0.762023 -0.557917 0.000000 0.000000
  27 -0.000103 3.369768 68.361866 0.027801 0.837438 -0.545825 0.000000 0.000000
  27 1.429897 3.265287 68.435917 0.328710 0.762023 -0.557917 0.000000 0.000000
PLAYER_Chrome1.bmp
  27 1.159893 -7.884406 70.927129 0.160291 -0.839256 0.519573 0.000000 0.000000
  27 -0.000101 -6.855005 72.814282 -0.005900 -0.818362 0.574673 0.000000 0.000000
  27 -0.000108 -8.086006 70.650804 0.000200 -0.866310 0.499506 0.000000 0.000000
PLAYER_Chrome1.bmp
  27 -0.000108 -8.086006 70.650804 0.000200 -0.866310 0.499506 0.000000 0.000000
  27 -0.000101 -6.855005 72.814282 -0.005900 -0.818362 0.574673 0.000000 0.000000
  27 -1.170107 -7.881646 70.917522 -0.170100 -0.832797 0.526798 0.000000 0.000000
PLAYER_Chrome1.bmp
  27 -0.000101 -6.855005 72.814282 -0.005900 -0.818362 0.574673 0.000000 0.000000
  27 -1.000101 -6.694274 72.797986 -0.230099 -0.757294 0.611196 0.000000 0.000000
  27 -1.170107 -7.881646 70.917522 -0.170100 -0.832797 0.526798 0.000000 0.000000
PLAYER_Chrome1.bmp
  27 -1.170107 -7.881646 70.917522 -0.170100 -0.832797 0.526798 0.000000 0.000000
  27 -1.000101 -6.694274 72.797986 -0.230099 -0.757294 0.611196 0.000000 0.000000
  27 -2.320106 -7.369363 70.981302 -0.500104 -0.699705 0.510204 0.000000 0.000000
PLAYER_Chrome1.bmp
  27 -1.000101 -6.694274 72.797986 -0.230099 -0.757294 0.611196 0.000000 0.000000
  27 -2.050101 -6.232726 72.784786 -0.565297 -0.573096 0.593296 0.000000 0.000000
  27 -2.320106 -7.369363 70.981302 -0.500104 -0.699705 0.510204 0.000000 0.000000
PLAYER_Chrome1.bmp
  27 -2.320106 -7.369363 70.981302 -0.500104 -0.699705 0.510204 0.000000 0.000000
  27 -2.050101 -6.232726 72.784786 -0.565297 -0.573096 0.593296 0.000000 0.000000
  27 -3.180105 -5.918858 71.002209 -0.835837 -0.427418 0.344515 0.000000 0.000000
PLAYER_Chrome1.bmp
  27 -2.050101 -6.232726 72.784786 -0.565297 -0.573096 0.593296 0.000000 0.000000
  27 -3.020100 -4.919379 72.631087 -0.804093 -0.378196 0.458696 0.000000 0.000000
  27 -3.180105 -5.918858 71.002209 -0.835837 -0.427418 0.344515 0.000000 0.000000
PLAYER_Chrome1.bmp
  27 -3.180105 -5.918858 71.002209 -0.835837 -0.427418 0.344515 0.000000 0.000000
  27 -3.020100 -4.919379 72.631087 -0.804093 -0.378196 0.458696 0.000000 0.000000
  27 -3.680104 -4.501116 70.847256 -0.933720 -0.288406 0.212105 0.000000 0.000000
PLAYER_Chrome1.bmp
  27 -3.020100 -4.919379 72.631087 -0.804093 -0.378196 0.458696 0.000000 0.000000
  27 -3.650099 -3.525126 72.594237 -0.916322 -0.154804 0.369309 0.000000 0.000000
  27 -3.680104 -4.501116 70.847256 -0.933720 -0.288406 0.212105 0.000000 0.000000
PLAYER_Chrome1.bmp
  27 -3.680104 -4.501116 70.847256 -0.933720 -0.288406 0.212105 0.000000 0.000000
  27 -3.650099 -3.525126 72.594237 -0.916322 -0.154804 0.369309 0.000000 0.000000
  27 -4.130103 -2.155933 70.469476 -0.977607 -0.010000 0.210201 0.000000 0.000000
PLAYER_Chrome1.bmp
  27 -3.650099 -3.525126 72.594237 -0.916322 -0.154804 0.369309 0.000000 0.000000
  27 -3.510097 -1.172089 72.551624 -0.898777 0.103598 0.425989 0.000000 0.000000
  27 -4.130103 -2.155933 70.469476 -0.977607 -0.010000 0.210201 0.000000 0.000000
PLAYER_Chrome1.bmp
  27 -4.130103 -2.155933 70.469476 -0.977607 -0.010000 0.210201 0.000000 0.000000
  27 -3.510097 -1.172089 72.551624 -0.898777 0.103598 0.425989 0.000000 0.000000
  27 -4.080102 0.222349 69.976350 -0.913732 0.304511 0.269010 0.000000 0.000000
PLAYER_Chrome1.bmp
  27 -3.510097 -1.172089 72.551624 -0.898777 0.103598 0.425989 0.000000 0.000000
  27 -3.250096 0.061350 72.603871 -0.853497 0.256499 0.453598 0.000000 0.000000
  27 -4.080102 0.222349 69.976350 -0.913732 0.304511 0.269010 0.000000 0.000000
PLAYER_Chrome1.bmp
  27 -4.080102 0.222349 69.976350 -0.913732 0.304511 0.269010 0.000000 0.000000
  27 -3.250096 0.061350 72.603871 -0.853497 0.256499 0.453598 0.000000 0.000000
  27 -2.450094 1.788013 72.568776 -0.761160 0.587569 0.274586 0.000000 0.000000
PLAYER_Chrome1.bmp
  27 -3.250096 0.061350 72.603871 -0.853497 0.256499 0.453598 0.000000 0.000000
  27 -3.000095 0.245063 72.906277 -0.807490 0.267397 0.525793 0.000000 0.000000
  27 -2.450094 1.788013 72.568776 -0.761160 0.587569 0.274586 0.000000 0.000000
PLAYER_Chrome1.bmp
  27 -3.020095 -0.789532 73.139969 -0.757110 0.110302 0.643908 0.000000 0.000000
  27 -3.380098 -3.241280 73.019008 -0.726433 -0.091404 0.681131 0.000000 0.000000
  27 -2.630096 -2.846353 73.600498 -0.608761 -0.002400 0.793350 0.000000 0.000000
PLAYER_Chrome1.bmp
  27 -2.630096 -2.846353 73.600498 -0.608761 -0.002400 0.793350 0.000000 0.000000
  27 -3.380098 -3.241280 73.019008 -0.726433 -0.091404 0.681131 0.000000 0.000000
  27 -2.230096 -3.863062 73.808112 -0.574409 -0.183603 0.797712 0.000000 0.000000
PLAYER_Chrome1.bmp
  27 -3.380098 -3.241280 73.019008 -0.726433 -0.091404 0.681131 0.000000 0.000000
  27 -2.780098 -4.399496 73.248436 -0.628286 -0.322293 0.708084 0.000000 0.000000
  27 -2.230096 -3.863062 73.808112 -0.574409 -0.183603 0.797712 0.000000 0.000000
PLAYER_Chrome1.bmp
  27 -2.230096 -3.863062 73.808112 -0.574409 -0.183603 0.797712 0.000000 0.000000
  27 -2.780098 -4.399496 73.248436 -0.628286 -0.322293 0.708084 0.000000 0.000000
  27 -1.390097 -4.767101 73.985635 -0.440613 -0.341209 0.830323 0.000000 0.000000
PLAYER_Chrome1.bmp
  27 -2.780098 -4.399496 73.248436 -0.628286 -0.322293 0.708084 0.000000 0.000000
  27 -1.760099 -5.589306 73.479199 -0.411309 -0.449210 0.793117 0.000000 0.000000
  27 -1.390097 -4.767101 73.985635 -0.440613 -0.341209 0.830323 0.000000 0.000000
PLAYER_Chrome1.bmp
  27 -1.390097 -4.767101 73.985635 -0.440613 -0.341209 0.830323 0.000000 0.000000
  27 -1.760099 -5.589306 73.479199 -0.411309 -0.449210 0.793117 0.000000 0.000000
  27 -0.730097 -5.238261 73.996078 -0.233010 -0.470219 0.851235 0.000000 0.000000
PLAYER_Chrome1.bmp
  27 -1.760099 -5.589306 73.479199 -0.411309 -0.449210 0.793117 0.000000 0.000000
  27 -0.870099 -6.067320 73.477272 -0.215506 -0.592616 0.776121 0.000000 0.000000
  27 -0.730097 -5.238261 73.996078 -0.233010 -0.470219 0.851235 0.000000 0.000000
PLAYER_Chrome1.bmp
  27 -0.730097 -5.238261 73.996078 -0.233010 -0.470219 0.851235 0.000000 0.000000
  27 -0.870099 -6.067320 73.477272 -0.215506 -0.592616 0.776121 0.000000 0.000000
  27 -0.000097 -5.408604 74.009616 -0.009400 -0.524599 0.851298 0.000000 0.000000
PLAYER_Chrome1.bmp
  27 -0.870099 -6.067320 73.477272 -0.215506 -0.592616 0.776121 0.000000 0.000000
  27 -0.000099 -6.225293 73.483955 -0.009400 -0.668896 0.743296 0.000000 0.000000
  27 -0.000097 -5.408604 74.009616 -0.009400 -0.524599 0.851298 0.000000 0.000000
PLAYER_Chrome1.bmp
  27 -0.000097 -5.408604 74.009616 -0.009400 -0.524599 0.851298 0.000000 0.000000
  27 -0.000099 -6.225293 73.483955 -0.009400 -0.668896 0.743296 0.000000 0.000000
  27 0.919901 -6.060468 73.489638 0.198305 -0.596514 0.777719 0.000000 0.000000
PLAYER_Chrome1.bmp
  27 -0.000099 -6.225293 73.483955 -0.009400 -0.668896 0.743296 0.000000 0.000000
  27 1.089899 -6.713500 72.792464 0.218000 -0.763102 0.608401 0.000000 0.000000
  27 0.919901 -6.060468 73.489638 0.198305 -0.596514 0.777719 0.000000 0.000000
PLAYER_Chrome1.bmp
  27 0.919901 -6.060468 73.489638 0.198305 -0.596514 0.777719 0.000000 0.000000
  27 1.089899 -6.713500 72.792464 0.218000 -0.763102 0.608401 0.000000 0.000000
  27 2.179899 -6.242342 72.782017 0.575801 -0.568901 0.587201 0.000000 0.000000
PLAYER_Chrome1.bmp
  27 1.089899 -6.713500 72.792464 0.218000 -0.763102 0.608401 0.000000 0.000000
  27 2.379894 -7.372125 70.990903 0.497507 -0.712011 0.495507 0.000000 0.000000
  27 2.179899 -6.242342 72.782017 0.575801 -0.568901 0.587201 0.000000 0.000000
PLAYER_Chrome1.bmp
  27 2.179899 -6.242342 72.782017 0.575801 -0.568901 0.587201 0.000000 0.000000
  27 2.379894 -7.372125 70.990903 0.497507 -0.712011 0.495507 0.000000 0.000000
  27 3.229895 -5.950458 71.003532 0.838299 -0.416100 0.352300 0.000000 0.000000
PLAYER_Chrome1.bmp
  18 -8.750674 1.969093 49.314071 0.515200 0.745299 -0.423200 0.000000 0.000000
  18 -9.882052 2.389109 49.256881 -0.033701 0.964123 -0.263306 0.000000 0.000000
  18 -9.859090 2.519030 49.485777 -0.063903 0.865550 -0.496729 0.000000 0.000000
PLAYER_Chrome1.bmp
  18 -9.859090 2.519030 49.485777 -0.063903 0.865550 -0.496729 0.000000 0.000000
  18 -9.882052 2.389109 49.256881 -0.033701 0.964123 -0.263306 0.000000 0.000000
  18 -10.963542 1.948989 49.596397 -0.641491 0.714090 -0.280296 0.000000 0.000000
PLAYER_Chrome1.bmp
  18 -9.882052 2.389109 49.256881 -0.033701 0.964123 -0.263306 0.000000 0.000000
  18 -11.046204 1.789066 49.373482 -0.665684 0.744682 0.048099 0.000000 0.000000
  18 -10.963542 1.948989 49.596397 -0.641491 0.714090 -0.280296 0.000000 0.000000
PLAYER_Chrome1.bmp
  18 -10.963542 1.948989 49.596397 -0.641491 0.714090 -0.280296 0.000000 0.000000
  18 -11.046204 1.789066 49.373482 -0.665684 0.744682 0.048099 0.000000 0.000000
  18 -10.661142 2.238053 52.309863 -0.820772 0.547181 0.164094 0.000000 0.000000
PLAYER_Chrome1.bmp
  18 -11.046204 1.789066 49.373482 -0.665684 0.744682 0.048099 0.000000 0.000000
  18 -10.738712 2.098008 52.438200 -0.424792 0.904784 0.030299 0.000000 0.000000
  18 -10.661142 2.238053 52.309863 -0.820772 0.547181 0.164094 0.000000 0.000000
PLAYER_Chrome1.bmp
  18 -10.661142 2.238053 52.309863 -0.820772 0.547181 0.164094 0.000000 0.000000
  18 -10.738712 2.098008 52.438200 -0.424792 0.904784 0.030299 0.000000 0.000000
  18 -9.969431 2.597888 52.793345 -0.535599 0.743299 0.400799 0.000000 0.000000
PLAYER_Chrome1.bmp
  18 -10.738712 2.098008 52.438200 -0.424792 0.904784 0.030299 0.000000 0.000000
  18 -10.000213 2.477821 52.987346 -0.398785 0.916966 -0.012000 0.000000 0.000000
  18 -9.969431 2.597888 52.793345 -0.535599 0.743299 0.400799 0.000000 0.000000
PLAYER_Chrome1.bmp
  18 -9.969431 2.597888 52.793345 -0.535599 0.743299 0.400799 0.000000 0.000000
  18 -10.000213 2.477821 52.987346 -0.398785 0.916966 -0.012000 0.000000 0.000000
  18 -9.379419 2.937934 52.663911 -0.075097 0.871462 0.484679 0.000000 0.000000
PLAYER_Chrome1.bmp
  18 -10.000213 2.477821 52.987346 -0.398785 0.916966 -0.012000 0.000000 0.000000
  18 -9.361448 2.837873 52.842977 -0.032600 0.996901 -0.071600 0.000000 0.000000
  18 -9.379419 2.937934 52.663911 -0.075097 0.871462 0.484679 0.000000 0.000000
PLAYER_Chrome1.bmp
  18 -9.379419 2.937934 52.663911 -0.075097 0.871462 0.484679 0.000000 0.000000
  18 -9.361448 2.837873 52.842977 -0.032600 0.996901 -0.071600 0.000000 0.000000
  18 -8.778455 2.637978 52.543207 0.610984 0.716381 0.336891 0.000000 0.000000
PLAYER_Chrome1.bmp
  18 -9.361448 2.837873 52.842977 -0.032600 0.996901 -0.071600 0.000000 0.000000
  18 -8.720685 2.507917 52.718270 0.333703 0.890108 -0.310403 0.000000 0.000000
  18 -8.778455 2.637978 52.543207 0.610984 0.716381 0.336891 0.000000 0.000000
PLAYER_Chrome1.bmp
  18 -8.778455 2.637978 52.543207 0.610984 0.716381 0.336891 0.000000 0.000000
  18 -8.720685 2.507917 52.718270 0.333703 0.890108 -0.310403 0.000000 0.000000
  18 -8.156727 2.118157 52.028386 0.450229 0.890157 -0.070105 0.000000 0.000000
PLAYER_Chrome1.bmp
  18 -8.720685 2.507917 52.718270 0.333703 0.890108 -0.310403 0.000000 0.000000
  18 -7.906944 2.148128 52.113886 -0.003300 0.933986 -0.357295 0.000000 0.000000
  18 -8.156727 2.118157 52.028386 0.450229 0.890157 -0.070105 0.000000 0.000000
PLAYER_Chrome1.bmp
  18 -8.156727 2.118157 52.028386 0.450229 0.890157 -0.070105 0.000000 0.000000
  18 -7.906944 2.148128 52.113886 -0.003300 0.933986 -0.357295 0.000000 0.000000
  18 -8.472072 1.829103 49.286068 0.432497 0.804195 -0.407697 0.000000 0.000000
PLAYER_Chrome1.bmp
  27 1.369896 2.875877 67.835201 0.328710 0.762023 -0.557917 0.000000 0.000000
  27 -0.000104 2.980358 67.761150 -0.028101 0.837234 -0.546122 0.000000 0.000000
  27 -0.000103 3.369768 68.361866 0.027801 0.837438 -0.545825 0.000000 0.000000
PLAYER_Chrome1.bmp
  27 -0.000103 3.369768 68.361866 0.027801 0.837438 -0.545825 0.000000 0.000000
  27 -0.000104 2.980358 67.761150 -0.028101 0.837234 -0.546122 0.000000 0.000000
  27 -1.410102 3.268048 68.426311 -0.243808 0.802125 -0.545117 0.000000 0.000000
PLAYER_Chrome1.bmp
  27 -0.000104 2.980358 67.761150 -0.028101 0.837234 -0.546122 0.000000 0.000000
  27 -1.340104 2.875879 67.835208 -0.410499 0.730998 -0.545099 0.000000 0.000000
  27 -1.410102 3.268048 68.426311 -0.243808 0.802125 -0.545117 0.000000 0.000000
PLAYER_Chrome1.bmp
  27 -1.410102 3.268048 68.426311 -0.243808 0.802125 -0.545117 0.000000 0.000000
  27 -1.340104 2.875879 67.835208 -0.410499 0.730998 -0.545099 0.000000 0.000000
  27 -2.510102 2.664575 68.825337 -0.640397 0.574898 -0.509298 0.000000 0.000000
PLAYER_Chrome1.bmp
  27 -1.340104 2.875879 67.835208 -0.410499 0.730998 -0.545099 0.000000 0.000000
  27 -2.340104 2.323225 68.238412 -0.726802 0.457501 -0.512301 0.000000 0.000000
  27 -2.510102 2.664575 68.825337 -0.640397 0.574898 -0.509298 0.000000 0.000000
PLAYER_Chrome1.bmp
  27 -2.510102 2.664575 68.825337 -0.640397 0.574898 -0.509298 0.000000 0.000000
  27 -2.340104 2.323225 68.238412 -0.726802 0.457501 -0.512301 0.000000 0.000000
  27 -3.150102 1.926449 69.258546 -0.808881 0.327693 -0.488189 0.000000 0.000000
PLAYER_Chrome1.bmp
  27 -2.340104 2.323225 68.238412 -0.726802 0.457501 -0.512301 0.000000 0.000000
  27 -2.910104 1.607081 68.667526 -0.808264 0.207691 -0.550975 0.000000 0.000000
  27 -3.150102 1.926449 69.258546 -0.808881 0.327693 -0.488189 0.000000 0.000000
PLAYER_Chrome1.bmp
  27 -3.150102 1.926449 69.258546 -0.808881 0.327693 -0.488189 0.000000 0.000000
  27 -2.910104 1.607081 68.667526 -0.808264 0.207691 -0.550975 0.000000 0.000000
  27 -4.080102 0.222349 69.976350 -0.809364 0.062497 -0.583973 0.000000 0.000000
PLAYER_Chrome1.bmp
  27 -2.910104 1.607081 68.667526 -0.808264 0.207691 -0.550975 0.000000 0.000000
  27 -3.610103 -0.026977 69.395025 -0.758386 -0.079098 -0.646988 0.000000 0.000000
  27 -4.080102 0.222349 69.976350 -0.809364 0.062497 -0.583973 0.000000 0.000000
PLAYER_Chrome1.bmp
  27 -4.080102 0.222349 69.976350 -0.809364 0.062497 -0.583973 0.000000 0.000000
  27 -3.610103 -0.026977 69.395025 -0.758386 -0.079098 -0.646988 0.000000 0.000000
  27 -4.130103 -2.155933 70.469476 -0.775686 -0.172497 -0.607089 0.000000 0.000000
PLAYER_Chrome1.bmp
  27 -3.610103 -0.026977 69.395025 -0.758386 -0.079098 -0.646988 0.000000 0.000000
  27 -3.220106 -4.419200 70.090493 -0.766395 -0.277798 -0.579196 0.000000 0.000000
  27 -4.130103 -2.155933 70.469476 -0.775686 -0.172497 -0.607089 0.000000 0.000000
PLAYER_Chrome1.bmp
  27 -4.130103 -2.155933 70.469476 -0.775686 -0.172497 -0.607089 0.000000 0.000000
  27 -3.220106 -4.419200 70.090493 -0.766395 -0.277798 -0.579196 0.000000 0.000000
  27 -3.680104 -4.501116 70.847256 -0.803420 -0.286207 -0.522113 0.000000 0.000000
PLAYER_Chrome1.bmp
  27 -3.220106 -4.419200 70.090493 -0.766395 -0.277798 -0.579196 0.000000 0.000000
  27 -3.180105 -5.918858 71.002209 -0.742178 -0.369289 -0.559283 0.000000 0.000000
  27 -3.680104 -4.501116 70.847256 -0.803420 -0.286207 -0.522113 0.000000 0.000000
PLAYER_Chrome1.bmp
  18 -8.987820 -2.582616 54.260899 -0.944463 -0.297588 0.139395 0.000000 0.000000
  18 -9.033510 -2.362701 54.506764 -0.063001 -0.998011 -0.002200 0.000000 0.000000
  18 -9.778577 -2.480866 49.184517 -0.511692 -0.716988 -0.473392 0.000000 0.000000
PLAYER_Chrome1.bmp
  18 -9.778577 -2.480866 49.184517 -0.511692 -0.716988 -0.473392 0.000000 0.000000
  18 -9.033510 -2.362701 54.506764 -0.063001 -0.998011 -0.002200 0.000000 0.000000
  18 -9.888061 -2.330835 49.095052 0.017500 -0.990622 0.135503 0.000000 0.000000
PLAYER_Chrome1.bmp
  18 -9.033510 -2.362701 54.506764 -0.063001 -0.998011 -0.002200 0.000000 0.000000
  18 -9.958676 -2.480869 49.192537 0.319598 -0.730596 -0.603396 0.000000 0.000000
  18 -9.888061 -2.330835 49.095052 0.017500 -0.990622 0.135503 0.000000 0.000000
PLAYER_Chrome1.bmp
  18 -9.888061 -2.330835 49.095052 0.017500 -0.990622 0.135503 0.000000 0.000000
  18 -9.958676 -2.480869 49.192537 0.319598 -0.730596 -0.603396 0.000000 0.000000
  18 -11.170620 -1.680887 49.234014 -0.732900 -0.680300 -0.007000 0.000000 0.000000
PLAYER_Chrome1.bmp
  18 -9.958676 -2.480869 49.192537 0.319598 -0.730596 -0.603396 0.000000 0.000000
  18 -11.226293 -1.790937 49.380265 -0.753601 -0.329300 -0.568900 0.000000 0.000000
  18 -11.170620 -1.680887 49.234014 -0.732900 -0.680300 -0.007000 0.000000 0.000000
PLAYER_Chrome1.bmp
  18 -11.170620 -1.680887 49.234014 -0.732900 -0.680300 -0.007000 0.000000 0.000000
  18 -11.226293 -1.790937 49.380265 -0.753601 -0.329300 -0.568900 0.000000 0.000000
  18 -11.425262 -1.070980 49.500979 -0.944455 -0.328184 0.017299 0.000000 0.000000
PLAYER_Chrome1.bmp
  18 -11.226293 -1.790937 49.380265 -0.753601 -0.329300 -0.568900 0.000000 0.000000
  18 -11.500835 -1.251031 49.649203 -0.939491 0.066799 -0.335997 0.000000 0.000000
  18 -11.425262 -1.070980 49.500979 -0.944455 -0.328184 0.017299 0.000000 0.000000
PLAYER_Chrome1.bmp
  18 -11.425262 -1.070980 49.500979 -0.944455 -0.328184 0.017299 0.000000 0.000000
  18 -11.500835 -1.251031 49.649203 -0.939491 0.066799 -0.335997 0.000000 0.000000
  18 -11.499638 -0.441243 50.262425 -0.982419 -0.186103 0.014800 0.000000 0.000000
PLAYER_Chrome1.bmp
  18 -11.500835 -1.251031 49.649203 -0.939491 0.066799 -0.335997 0.000000 0.000000
  18 -11.565261 -0.641294 50.409644 -0.946252 0.271486 -0.175791 0.000000 0.000000
  18 -11.499638 -0.441243 50.262425 -0.982419 -0.186103 0.014800 0.000000 0.000000
PLAYER_Chrome1.bmp
  18 -11.499638 -0.441243 50.262425 -0.982419 -0.186103 0.014800 0.000000 0.000000
  18 -11.565261 -0.641294 50.409644 -0.946252 0.271486 -0.175791 0.000000 0.000000
  18 -11.554844 0.048221 51.815866 -0.999402 0.016500 0.030400 0.000000 0.000000
PLAYER_Chrome1.bmp
  18 -11.565261 -0.641294 50.409644 -0.946252 0.271486 -0.175791 0.000000 0.000000
  18 -11.655342 -0.181780 51.815820 -0.844525 0.535516 -0.000500 0.000000 0.000000
  18 -11.554844 0.048221 51.815866 -0.999402 0.016500 0.030400 0.000000 0.000000
PLAYER_Chrome1.bmp
  18 -11.554844 0.048221 51.815866 -0.999402 0.016500 0.030400 0.000000 0.000000
  18 -11.655342 -0.181780 51.815820 -0.844525 0.535516 -0.000500 0.000000 0.000000
  18 -11.014507 0.177158 54.897361 -0.987535 -0.012500 0.156905 0.000000 0.000000
PLAYER_Chrome1.bmp
  18 -11.655342 -0.181780 51.815820 -0.844525 0.535516 -0.000500 0.000000 0.000000
  18 -11.265321 -0.012775 54.701357 -0.665684 0.744682 0.048099 0.000000 0.000000
  18 -11.014507 0.177158 54.897361 -0.987535 -0.012500 0.156905 0.000000 0.000000
PLAYER_Chrome1.bmp
  8 7.906664 2.148164 52.113869 0.003300 0.933986 -0.357295 0.000000 0.000000
  8 8.710454 2.507957 52.717251 -0.333703 0.890108 -0.310403 0.000000 0.000000
  8 8.156447 2.118194 52.028367 -0.450229 0.890157 -0.070105 0.000000 0.000000
PLAYER_Chrome1.bmp
  8 8.156447 2.118194 52.028367 -0.450229 0.890157 -0.070105 0.000000 0.000000
  8 8.710454 2.507957 52.717251 -0.333703 0.890108 -0.310403 0.000000 0.000000
  8 8.778174 2.628018 52.543184 -0.610984 0.716382 0.336891 0.000000 0.000000
PLAYER_Chrome1.bmp
  8 8.710454 2.507957 52.717251 -0.333703 0.890108 -0.310403 0.000000 0.000000
  8 9.361166 2.827915 52.842951 0.032600 0.996901 -0.071600 0.000000 0.000000
  8 8.778174 2.628018 52.543184 -0.610984 0.716382 0.336891 0.000000 0.000000
PLAYER_Chrome1.bmp
  8 8.778174 2.628018 52.543184 -0.610984 0.716382 0.336891 0.000000 0.000000
  8 9.361166 2.827915 52.842951 0.032600 0.996901 -0.071600 0.000000 0.000000
  8 9.380134 2.927981 52.653935 0.075097 0.871462 0.484679 0.000000 0.000000
PLAYER_Chrome1.bmp
  8 9.361166 2.827915 52.842951 0.032600 0.996901 -0.071600 0.000000 0.000000
  8 9.999933 2.477867 52.987323 0.398785 0.916966 -0.012000 0.000000 0.000000
  8 9.380134 2.927981 52.653935 0.075097 0.871462 0.484679 0.000000 0.000000
PLAYER_Chrome1.bmp
  8 9.380134 2.927981 52.653935 0.075097 0.871462 0.484679 0.000000 0.000000
  8 9.999933 2.477867 52.987323 0.398785 0.916966 -0.012000 0.000000 0.000000
  8 9.969150 2.597934 52.793321 0.535600 0.743299 0.400799 0.000000 0.000000
PLAYER_Chrome1.bmp
  8 9.999933 2.477867 52.987323 0.398785 0.916966 -0.012000 0.000000 0.000000
  8 10.737434 2.088054 52.448122 0.424793 0.904783 0.030299 0.000000 0.000000
  8 9.969150 2.597934 52.793321 0.535600 0.743299 0.400799 0.000000 0.000000
PLAYER_Chrome1.bmp
  8 9.969150 2.597934 52.793321 0.535600 0.743299 0.400799 0.000000 0.000000
  8 10.737434 2.088054 52.448122 0.424793 0.904783 0.030299 0.000000 0.000000
  8 10.660862 2.238102 52.309838 0.820772 0.547181 0.164094 0.000000 0.000000
PLAYER_Chrome1.bmp
  8 10.737434 2.088054 52.448122 0.424793 0.904783 0.030299 0.000000 0.000000
  8 11.044920 1.789112 49.383405 0.665684 0.744682 0.048099 0.000000 0.000000
  8 10.660862 2.238102 52.309838 0.820772 0.547181 0.164094 0.000000 0.000000
PLAYER_Chrome1.bmp
  8 10.660862 2.238102 52.309838 0.820772 0.547181 0.164094 0.000000 0.000000
  8 11.044920 1.789112 49.383405 0.665684 0.744682 0.048099 0.000000 0.000000
  8 10.963256 1.949039 49.596371 0.641491 0.714089 -0.280296 0.000000 0.000000
PLAYER_Chrome1.bmp
  8 11.044920 1.789112 49.383405 0.665684 0.744682 0.048099 0.000000 0.000000
  8 9.881762 2.389154 49.256858 0.033701 0.964123 -0.263307 0.000000 0.000000
  8 10.963256 1.949039 49.596371 0.641491 0.714089 -0.280296 0.000000 0.000000
PLAYER_Chrome1.bmp
  8 10.963256 1.949039 49.596371 0.641491 0.714089 -0.280296 0.000000 0.000000
  8 9.881762 2.389154 49.256858 0.033701 0.964123 -0.263307 0.000000 0.000000
  8 9.858800 2.519075 49.485754 0.063904 0.865550 -0.496729 0.000000 0.000000
PLAYER_Chrome1.bmp
  8 9.881762 2.389154 49.256858 0.033701 0.964123 -0.263307 0.000000 0.000000
  8 8.750387 1.969132 49.314050 -0.515200 0.745299 -0.423200 0.000000 0.000000
  8 9.858800 2.519075 49.485754 0.063904 0.865550 -0.496729 0.000000 0.000000
PLAYER_Chrome1.bmp
  8 9.186569 -2.602581 54.280839 -0.867276 -0.476487 -0.144196 0.000000 0.000000
  8 9.023308 -2.372659 54.505743 0.063001 -0.998011 -0.002200 0.000000 0.000000
  8 9.947462 -2.490827 49.201464 -0.319598 -0.730596 -0.603396 0.000000 0.000000
PLAYER_Chrome1.bmp
  8 9.947462 -2.490827 49.201464 -0.319598 -0.730596 -0.603396 0.000000 0.000000
  8 9.023308 -2.372659 54.505743 0.063001 -0.998011 -0.002200 0.000000 0.000000
  8 9.877845 -2.340790 49.094028 -0.017501 -0.990622 0.135503 0.000000 0.000000
PLAYER_Chrome1.bmp
  8 9.023308 -2.372659 54.505743 0.063001 -0.998011 -0.002200 0.000000 0.000000
  8 9.768361 -2.490822 49.183494 0.511691 -0.716988 -0.473392 0.000000 0.000000
  8 9.877845 -2.340790 49.094028 -0.017501 -0.990622 0.135503 0.000000 0.000000
PLAYER_Chrome1.bmp
  8 9.877845 -2.340790 49.094028 -0.017501 -0.990622 0.135503 0.000000 0.000000
  8 9.768361 -2.490822 49.183494 0.511691 -0.716988 -0.473392 0.000000 0.000000
  8 8.591326 -1.680724 48.894823 -0.717398 -0.671898 -0.184099 0.000000 0.000000
PLAYER_Chrome1.bmp
  8 9.768361 -2.490822 49.183494 0.511691 -0.716988 -0.473392 0.000000 0.000000
  8 8.506701 -1.790774 49.037047 -0.622221 -0.372712 -0.688423 0.000000 0.000000
  8 8.591326 -1.680724 48.894823 -0.717398 -0.671898 -0.184099 0.000000 0.000000
PLAYER_Chrome1.bmp
  8 8.591326 -1.680724 48.894823 -0.717398 -0.671898 -0.184099 0.000000 0.000000
  8 8.506701 -1.790774 49.037047 -0.622221 -0.372712 -0.688423 0.000000 0.000000
  8 8.270861 -1.060790 49.083989 -0.913899 -0.333599 -0.231300 0.000000 0.000000
PLAYER_Chrome1.bmp
  8 8.506701 -1.790774 49.037047 -0.622221 -0.372712 -0.688423 0.000000 0.000000
  8 8.175287 -1.250842 49.235137 -0.830899 0.019000 -0.556099 0.000000 0.000000
  8 8.270861 -1.060790 49.083989 -0.913899 -0.333599 -0.231300 0.000000 0.000000
PLAYER_Chrome1.bmp
  8 8.270861 -1.060790 49.083989 -0.913899 -0.333599 -0.231300 0.000000 0.000000
  8 8.175287 -1.250842 49.235137 -0.830899 0.019000 -0.556099 0.000000 0.000000
  8 7.990029 -0.421031 49.779648 -0.945059 -0.206291 -0.253589 0.000000 0.000000
PLAYER_Chrome1.bmp
  8 8.175287 -1.250842 49.235137 -0.830899 0.019000 -0.556099 0.000000 0.000000
  8 7.884505 -0.621083 49.929794 -0.857453 0.259516 -0.444327 0.000000 0.000000
  8 7.990029 -0.421031 49.779648 -0.945059 -0.206291 -0.253589 0.000000 0.000000
PLAYER_Chrome1.bmp
  8 7.990029 -0.421031 49.779648 -0.945059 -0.206291 -0.253589 0.000000 0.000000
  8 7.884505 -0.621083 49.929794 -0.857453 0.259516 -0.444327 0.000000 0.000000
  8 7.514922 0.098475 51.209538 -0.961179 0.004200 -0.275894 0.000000 0.000000
PLAYER_Chrome1.bmp
  8 7.884505 -0.621083 49.929794 -0.857453 0.259516 -0.444327 0.000000 0.000000
  8 7.403476 -0.131528 51.218377 -0.814493 0.514096 -0.268898 0.000000 0.000000
  8 7.514922 0.098475 51.209538 -0.961179 0.004200 -0.275894 0.000000 0.000000
PLAYER_Chrome1.bmp
  8 7.514922 0.098475 51.209538 -0.961179 0.004200 -0.275894 0.000000 0.000000
  8 7.403476 -0.131528 51.218377 -0.814493 0.514096 -0.268898 0.000000 0.000000
  8 7.003511 0.167476 54.102961 -0.982922 -0.013800 -0.183504 0.000000 0.000000
PLAYER_Chrome1.bmp
  8 7.403476 -0.131528 51.218377 -0.814493 0.514096 -0.268898 0.000000 0.000000
  8 6.890168 -0.022430 53.830218 -0.737512 0.653010 -0.172203 0.000000 0.000000
  8 7.003511 0.167476 54.102961 -0.982922 -0.013800 -0.183504 0.000000 0.000000
PLAYER_Chrome1.bmp
  18 -7.906944 2.148128 52.113886 -0.003300 0.933986 -0.357295 0.000000 0.000000
  18 -8.720685 2.507917 52.718270 0.333703 0.890108 -0.310403 0.000000 0.000000
  18 -8.563414 2.607861 52.883428 0.124999 0.803891 -0.581494 0.000000 0.000000
PLAYER_Chrome1.bmp
  18 -8.563414 2.607861 52.883428 0.124999 0.803891 -0.581494 0.000000 0.000000
  18 -8.720685 2.507917 52.718270 0.333703 0.890108 -0.310403 0.000000 0.000000
  18 -9.324576 2.967815 53.010176 -0.007900 0.772889 -0.634492 0.000000 0.000000
PLAYER_Chrome1.bmp
  18 -8.720685 2.507917 52.718270 0.333703 0.890108 -0.310403 0.000000 0.000000
  18 -9.361448 2.837873 52.842977 -0.032600 0.996901 -0.071600 0.000000 0.000000
  18 -9.324576 2.967815 53.010176 -0.007900 0.772889 -0.634492 0.000000 0.000000
PLAYER_Chrome1.bmp
  18 -9.324576 2.967815 53.010176 -0.007900 0.772889 -0.634492 0.000000 0.000000
  18 -9.361448 2.837873 52.842977 -0.032600 0.996901 -0.071600 0.000000 0.000000
  18 -10.071793 2.577756 53.175466 -0.380295 0.789889 -0.481093 0.000000 0.000000
PLAYER_Chrome1.bmp
  18 -9.361448 2.837873 52.842977 -0.032600 0.996901 -0.071600 0.000000 0.000000
  18 -10.000213 2.477821 52.987346 -0.398785 0.916966 -0.012000 0.000000 0.000000
  18 -10.071793 2.577756 53.175466 -0.380295 0.789889 -0.481093 0.000000 0.000000
PLAYER_Chrome1.bmp
  18 -10.071793 2.577756 53.175466 -0.380295 0.789889 -0.481093 0.000000 0.000000
  18 -10.000213 2.477821 52.987346 -0.398785 0.916966 -0.012000 0.000000 0.000000
  18 -10.925733 2.127960 52.577579 -0.091704 0.941044 -0.325616 0.000000 0.000000
PLAYER_Chrome1.bmp
  18 -10.000213 2.477821 52.987346 -0.398785 0.916966 -0.012000 0.000000 0.000000
  18 -10.738712 2.098008 52.438200 -0.424792 0.904784 0.030299 0.000000 0.000000
  18 -10.925733 2.127960 52.577579 -0.091704 0.941044 -0.325616 0.000000 0.000000
PLAYER_Chrome1.bmp
  18 -10.925733 2.127960 52.577579 -0.091704 0.941044 -0.325616 0.000000 0.000000
  18 -10.738712 2.098008 52.438200 -0.424792 0.904784 0.030299 0.000000 0.000000
  18 -11.241145 1.818975 49.634257 -0.516684 0.796876 -0.313091 0.000000 0.000000
PLAYER_Chrome1.bmp
  18 -10.738712 2.098008 52.438200 -0.424792 0.904784 0.030299 0.000000 0.000000
  18 -11.046204 1.789066 49.373482 -0.665684 0.744682 0.048099 0.000000 0.000000
  18 -11.241145 1.818975 49.634257 -0.516684 0.796876 -0.313091 0.000000 0.000000
PLAYER_Chrome1.bmp
  18 -11.241145 1.818975 49.634257 -0.516684 0.796876 -0.313091 0.000000 0.000000
  18 -11.046204 1.789066 49.373482 -0.665684 0.744682 0.048099 0.000000 0.000000
  18 -11.725797 0.039051 49.410915 -0.972148 0.198310 0.124906 0.000000 0.000000
PLAYER_Chrome1.bmp
  18 -11.046204 1.789066 49.373482 -0.665684 0.744682 0.048099 0.000000 0.000000
  18 -11.277119 1.759133 49.175536 -0.652409 0.497507 0.571708 0.000000 0.000000
  18 -11.725797 0.039051 49.410915 -0.972148 0.198310 0.124906 0.000000 0.000000
PLAYER_Chrome1.bmp
  18 -11.725797 0.039051 49.410915 -0.972148 0.198310 0.124906 0.000000 0.000000
  18 -11.277119 1.759133 49.175536 -0.652409 0.497507 0.571708 0.000000 0.000000
  18 -11.847262 0.159122 49.202039 -0.882040 -0.331215 0.335115 0.000000 0.000000
PLAYER_Chrome1.bmp
  5 3.379873 -4.150554 60.576221 0.369197 -0.725994 0.580195 0.000000 0.000000
  4 5.839874 -3.166029 60.253401 0.466703 -0.685104 0.559304 0.000000 0.000000
  5 4.229877 -2.758810 61.789952 0.406577 -0.681962 0.607966 0.000000 0.000000
PLAYER_Chrome1.bmp
  5 4.229877 -2.758810 61.789952 0.406577 -0.681962 0.607966 0.000000 0.000000
  4 5.839874 -3.166029 60.253401 0.466703 -0.685104 0.559304 0.000000 0.000000
  5 4.619880 -1.308786 62.951687 0.546109 -0.502708 0.670111 0.000000 0.000000
PLAYER_Chrome1.bmp
  4 5.839874 -3.166029 60.253401 0.466703 -0.685104 0.559304 0.000000 0.000000
  5 6.089882 0.191917 62.650878 0.643664 -0.219488 0.733159 0.000000 0.000000
  5 4.619880 -1.308786 62.951687 0.546109 -0.502708 0.670111 0.000000 0.000000
PLAYER_Chrome1.bmp
  5 4.619880 -1.308786 62.951687 0.546109 -0.502708 0.670111 0.000000 0.000000
  5 6.089882 0.191917 62.650878 0.643664 -0.219488 0.733159 0.000000 0.000000
  5 4.319885 0.532028 64.130247 0.644206 0.031400 0.764207 0.000000 0.000000
PLAYER_Chrome1.bmp
  5 6.089882 0.191917 62.650878 0.643664 -0.219488 0.733159 0.000000 0.000000
  4 4.709886 3.159385 62.933246 0.584902 0.342801 0.735103 0.000000 0.000000
  5 4.319885 0.532028 64.130247 0.644206 0.031400 0.764207 0.000000 0.000000
PLAYER_Chrome1.bmp
  5 4.319885 0.532028 64.130247 0.644206 0.031400 0.764207 0.000000 0.000000
  4 4.709886 3.159385 62.933246 0.584902 0.342801 0.735103 0.000000 0.000000
  5 2.959888 1.918249 64.883906 0.474871 0.457071 0.752053 0.000000 0.000000
PLAYER_Chrome1.bmp
  4 4.709886 3.159385 62.933246 0.584902 0.342801 0.735103 0.000000 0.000000
  4 2.789888 4.236932 63.248525 0.326296 0.617392 0.715791 0.000000 0.000000
  5 2.959888 1.918249 64.883906 0.474871 0.457071 0.752053 0.000000 0.000000
PLAYER_Chrome1.bmp
  5 2.959888 1.918249 64.883906 0.474871 0.457071 0.752053 0.000000 0.000000
  4 2.789888 4.236932 63.248525 0.326296 0.617392 0.715791 0.000000 0.000000
  5 1.279889 2.459084 65.195838 0.290704 0.541107 0.789110 0.000000 0.000000
PLAYER_Chrome1.bmp
  4 2.789888 4.236932 63.248525 0.326296 0.617392 0.715791 0.000000 0.000000
  5 -0.000110 4.010309 64.613167 0.000400 0.643091 0.765789 0.000000 0.000000
  5 1.279889 2.459084 65.195838 0.290704 0.541107 0.789110 0.000000 0.000000
PLAYER_Chrome1.bmp
  5 1.279889 2.459084 65.195838 0.290704 0.541107 0.789110 0.000000 0.000000
  5 -0.000110 4.010309 64.613167 0.000400 0.643091 0.765789 0.000000 0.000000
  5 -0.010111 2.706035 65.397622 0.000200 0.512995 0.858392 0.000000 0.000000
PLAYER_Chrome1.bmp
  5 -0.000110 4.010309 64.613167 0.000400 0.643091 0.765789 0.000000 0.000000
  5 -1.310111 2.459087 65.195841 -0.289894 0.541289 0.789283 0.000000 0.000000
  5 -0.010111 2.706035 65.397622 0.000200 0.512995 0.858392 0.000000 0.000000
PLAYER_Chrome1.bmp
  7 8.192151 3.660159 59.117397 0.296316 0.874046 0.385020 0.000000 0.000000
  7 7.987438 2.494783 61.427221 0.352491 0.615084 0.705281 0.000000 0.000000
  7 8.801749 2.448556 60.930270 0.472789 0.494588 0.729283 0.000000 0.000000
PLAYER_Chrome1.bmp
  7 8.801749 2.448556 60.930270 0.472789 0.494588 0.729283 0.000000 0.000000
  7 7.987438 2.494783 61.427221 0.352491 0.615084 0.705281 0.000000 0.000000
  7 8.170724 0.244319 62.109950 0.415783 -0.001300 0.909463 0.000000 0.000000
PLAYER_Chrome1.bmp
  7 7.987438 2.494783 61.427221 0.352491 0.615084 0.705281 0.000000 0.000000
  7 6.984011 2.532387 61.758159 0.398115 0.551920 0.732727 0.000000 0.000000
  7 8.170724 0.244319 62.109950 0.415783 -0.001300 0.909463 0.000000 0.000000
PLAYER_Chrome1.bmp
  7 8.170724 0.244319 62.109950 0.415783 -0.001300 0.909463 0.000000 0.000000
  7 6.984011 2.532387 61.758159 0.398115 0.551920 0.732727 0.000000 0.000000
  7 7.203067 0.245667 62.385157 0.254610 -0.003800 0.967036 0.000000 0.000000
PLAYER_Chrome1.bmp
  7 6.984011 2.532387 61.758159 0.398115 0.551920 0.732727 0.000000 0.000000
  5 6.089882 0.191917 62.650878 0.132202 -0.100501 0.986115 0.000000 0.000000
  7 7.203067 0.245667 62.385157 0.254610 -0.003800 0.967036 0.000000 0.000000
PLAYER_Chrome1.bmp
  7 7.203067 0.245667 62.385157 0.254610 -0.003800 0.967036 0.000000 0.000000
  5 6.089882 0.191917 62.650878 0.132202 -0.100501 0.986115 0.000000 0.000000
  7 6.977957 -1.990726 61.737955 0.134103 -0.560511 0.817217 0.000000 0.000000
PLAYER_Chrome1.bmp
  5 6.089882 0.191917 62.650878 0.132202 -0.100501 0.986115 0.000000 0.000000
  4 5.839874 -3.166029 60.253401 0.131996 -0.849875 0.510185 0.000000 0.000000
  7 6.977957 -1.990726 61.737955 0.134103 -0.560511 0.817217 0.000000 0.000000
PLAYER_Chrome1.bmp
  7 6.977957 -1.990726 61.737955 0.134103 -0.560511 0.817217 0.000000 0.000000
  4 5.839874 -3.166029 60.253401 0.131996 -0.849875 0.510185 0.000000 0.000000
  7 8.157211 -3.180579 59.213730 0.324808 -0.875321 0.358209 0.000000 0.000000
PLAYER_Chrome1.bmp
  4 5.839874 -3.166029 60.253401 0.131996 -0.849875 0.510185 0.000000 0.000000
  4 6.299864 -4.810549 54.930576 0.699119 -0.713619 -0.044501 0.000000 0.000000
  7 8.157211 -3.180579 59.213730 0.324808 -0.875321 0.358209 0.000000 0.000000
PLAYER_Chrome1.bmp
  7 8.157211 -3.180579 59.213730 0.324808 -0.875321 0.358209 0.000000 0.000000
  4 6.299864 -4.810549 54.930576 0.699119 -0.713619 -0.044501 0.000000 0.000000
  7 7.692558 -3.517016 57.142666 0.790318 -0.592213 -0.157103 0.000000 0.000000
PLAYER_Chrome1.bmp
  4 6.299864 -4.810549 54.930576 0.699119 -0.713619 -0.044501 0.000000 0.000000
  7 7.233161 -3.181130 55.095146 0.927063 -0.277589 -0.251990 0.000000 0.000000
  7 7.692558 -3.517016 57.142666 0.790318 -0.592213 -0.157103 0.000000 0.000000
PLAYER_Chrome1.bmp
  18 -7.413697 -0.131561 51.219392 0.814493 0.514096 -0.268898 0.000000 0.000000
  18 -7.525145 0.098441 51.210552 0.961179 0.004200 -0.275894 0.000000 0.000000
  18 -7.013727 0.177444 54.103978 0.982922 -0.013800 -0.183504 0.000000 0.000000
PLAYER_Chrome1.bmp
  18 -7.013727 0.177444 54.103978 0.982922 -0.013800 -0.183504 0.000000 0.000000
  18 -7.525145 0.098441 51.210552 0.961179 0.004200 -0.275894 0.000000 0.000000
  18 -7.413698 0.248439 51.219523 0.815311 -0.570908 -0.096601 0.000000 0.000000
PLAYER_Chrome1.bmp
  18 -7.525145 0.098441 51.210552 0.961179 0.004200 -0.275894 0.000000 0.000000
  18 -8.000253 -0.411066 49.780667 0.945059 -0.206291 -0.253589 0.000000 0.000000
  18 -7.413698 0.248439 51.219523 0.815311 -0.570908 -0.096601 0.000000 0.000000
PLAYER_Chrome1.bmp
  18 -7.413698 0.248439 51.219523 0.815311 -0.570908 -0.096601 0.000000 0.000000
  18 -8.000253 -0.411066 49.780667 0.945059 -0.206291 -0.253589 0.000000 0.000000
  18 -7.935628 -0.311012 49.623463 0.841252 -0.534870 0.078796 0.000000 0.000000
PLAYER_Chrome1.bmp
  18 -8.000253 -0.411066 49.780667 0.945059 -0.206291 -0.253589 0.000000 0.000000
  18 -8.281084 -1.050827 49.085008 0.913899 -0.333600 -0.231300 0.000000 0.000000
  18 -7.935628 -0.311012 49.623463 0.841252 -0.534870 0.078796 0.000000 0.000000
PLAYER_Chrome1.bmp
  18 -7.935628 -0.311012 49.623463 0.841252 -0.534870 0.078796 0.000000 0.000000
  18 -8.281084 -1.050827 49.085008 0.913899 -0.333600 -0.231300 0.000000 0.000000
  18 -8.235360 -1.050777 48.939717 0.802390 -0.504393 0.318996 0.000000 0.000000
PLAYER_Chrome1.bmp
  18 -8.281084 -1.050827 49.085008 0.913899 -0.333600 -0.231300 0.000000 0.000000
  18 -8.601547 -1.680762 48.895840 0.717398 -0.671898 -0.184099 0.000000 0.000000
  18 -8.235360 -1.050777 48.939717 0.802390 -0.504393 0.318996 0.000000 0.000000
PLAYER_Chrome1.bmp
  18 -8.235360 -1.050777 48.939717 0.802390 -0.504393 0.318996 0.000000 0.000000
  18 -8.601547 -1.680762 48.895840 0.717398 -0.671898 -0.184099 0.000000 0.000000
  18 -8.566771 -1.780709 48.741564 0.544785 -0.639383 0.542585 0.000000 0.000000
PLAYER_Chrome1.bmp
  18 -8.601547 -1.680762 48.895840 0.717398 -0.671898 -0.184099 0.000000 0.000000
  18 -9.888061 -2.330835 49.095052 0.017500 -0.990622 0.135503 0.000000 0.000000
  18 -8.566771 -1.780709 48.741564 0.544785 -0.639383 0.542585 0.000000 0.000000
PLAYER_Chrome1.bmp
  18 -8.566771 -1.780709 48.741564 0.544785 -0.639383 0.542585 0.000000 0.000000
  18 -9.888061 -2.330835 49.095052 0.017500 -0.990622 0.135503 0.000000 0.000000
  18 -9.927928 -2.480767 48.897996 0.084502 -0.806025 0.585818 0.000000 0.000000
PLAYER_Chrome1.bmp
  18 -9.888061 -2.330835 49.095052 0.017500 -0.990622 0.135503 0.000000 0.000000
  18 -11.276144 -1.790835 49.083761 -0.362288 -0.631778 0.685277 0.000000 0.000000
  18 -9.927928 -2.480767 48.897996 0.084502 -0.806025 0.585818 0.000000 0.000000
PLAYER_Chrome1.bmp
  17 -7.273975 -3.173953 55.096765 -0.927051 -0.277515 -0.252114 0.000000 0.000000
  4 -6.330136 -4.800545 54.930083 -0.699113 -0.713613 -0.044701 0.000000 0.000000
  17 -7.735321 -3.509158 57.154068 -0.790302 -0.592102 -0.157600 0.000000 0.000000
PLAYER_Chrome1.bmp
  17 -7.735321 -3.509158 57.154068 -0.790302 -0.592102 -0.157600 0.000000 0.000000
  4 -6.330136 -4.800545 54.930083 -0.699113 -0.713613 -0.044701 0.000000 0.000000
  17 -8.203972 -3.162616 59.203184 -0.324892 -0.875378 0.357991 0.000000 0.000000
PLAYER_Chrome1.bmp
  4 -6.330136 -4.800545 54.930083 -0.699113 -0.713613 -0.044701 0.000000 0.000000
  4 -5.870126 -3.156538 60.242920 -0.130404 -0.850224 0.510014 0.000000 0.000000
  17 -8.203972 -3.162616 59.203184 -0.324892 -0.875378 0.357991 0.000000 0.000000
PLAYER_Chrome1.bmp
  17 -8.203972 -3.162616 59.203184 -0.324892 -0.875378 0.357991 0.000000 0.000000
  4 -5.870126 -3.156538 60.242920 -0.130404 -0.850224 0.510014 0.000000 0.000000
  17 -7.017021 -1.973708 61.739233 -0.133201 -0.560602 0.817303 0.000000 0.000000
PLAYER_Chrome1.bmp
  4 -5.870126 -3.156538 60.242920 -0.130404 -0.850224 0.510014 0.000000 0.000000
  5 -6.130118 0.201590 62.640564 -0.130694 -0.100096 0.986357 0.000000 0.000000
  17 -7.017021 -1.973708 61.739233 -0.133201 -0.560602 0.817303 0.000000 0.000000
PLAYER_Chrome1.bmp
  17 -7.017021 -1.973708 61.739233 -0.133201 -0.560602 0.817303 0.000000 0.000000
  5 -6.130118 0.201590 62.640564 -0.130694 -0.100096 0.986357 0.000000 0.000000
  17 -7.251790 0.264317 62.384391 -0.254491 -0.003800 0.967068 0.000000 0.000000
PLAYER_Chrome1.bmp
  5 -6.130118 0.201590 62.640564 -0.130694 -0.100096 0.986357 0.000000 0.000000
  17 -7.021136 2.548722 61.749655 -0.398001 0.551902 0.732802 0.000000 0.000000
  17 -7.251790 0.264317 62.384391 -0.254491 -0.003800 0.967068 0.000000 0.000000
PLAYER_Chrome1.bmp
  17 -7.251790 0.264317 62.384391 -0.254491 -0.003800 0.967068 0.000000 0.000000
  17 -7.021136 2.548722 61.749655 -0.398001 0.551902 0.732802 0.000000 0.000000
  17 -8.217491 0.262282 62.099404 -0.416107 -0.001400 0.909315 0.000000 0.000000
PLAYER_Chrome1.bmp
  17 -7.021136 2.548722 61.749655 -0.398001 0.551902 0.732802 0.000000 0.000000
  17 -8.024564 2.511114 61.418720 -0.352491 0.615084 0.705281 0.000000 0.000000
  17 -8.217491 0.262282 62.099404 -0.416107 -0.001400 0.909315 0.000000 0.000000
PLAYER_Chrome1.bmp
  17 -8.217491 0.262282 62.099404 -0.416107 -0.001400 0.909315 0.000000 0.000000
  17 -8.024564 2.511114 61.418720 -0.352491 0.615084 0.705281 0.000000 0.000000
  17 -8.840832 2.465568 60.931553 -0.472789 0.494588 0.729283 0.000000 0.000000
PLAYER_Chrome1.bmp
  17 -8.024564 2.511114 61.418720 -0.352491 0.615084 0.705281 0.000000 0.000000
  17 -8.231244 3.677173 59.118679 -0.296395 0.873987 0.385094 0.000000 0.000000
  17 -8.840832 2.465568 60.931553 -0.472789 0.494588 0.729283 0.000000 0.000000
PLAYER_Chrome1.bmp
  8 9.918710 -2.490719 48.887022 -0.084503 -0.806025 0.585818 0.000000 0.000000
  8 11.266923 -1.810780 49.072780 0.362288 -0.631778 0.685277 0.000000 0.000000
  8 9.877845 -2.340790 49.094028 -0.017501 -0.990622 0.135503 0.000000 0.000000
PLAYER_Chrome1.bmp
  8 9.877845 -2.340790 49.094028 -0.017501 -0.990622 0.135503 0.000000 0.000000
  8 11.266923 -1.810780 49.072780 0.362288 -0.631778 0.685277 0.000000 0.000000
  8 11.170351 -1.690836 49.233985 0.732900 -0.680300 -0.007000 0.000000 0.000000
PLAYER_Chrome1.bmp
  8 11.266923 -1.810780 49.072780 0.362288 -0.631778 0.685277 0.000000 0.000000
  8 11.549416 -1.060880 49.362688 0.644181 -0.516785 0.563883 0.000000 0.000000
  8 11.170351 -1.690836 49.233985 0.732900 -0.680300 -0.007000 0.000000 0.000000
PLAYER_Chrome1.bmp
  8 11.170351 -1.690836 49.233985 0.732900 -0.680300 -0.007000 0.000000 0.000000
  8 11.549416 -1.060880 49.362688 0.644181 -0.516785 0.563883 0.000000 0.000000
  8 11.414042 -1.080931 49.509902 0.944455 -0.328184 0.017299 0.000000 0.000000
PLAYER_Chrome1.bmp
  8 11.549416 -1.060880 49.362688 0.644181 -0.516785 0.563883 0.000000 0.000000
  8 11.615837 -0.351135 50.103262 0.757927 -0.560520 0.333712 0.000000 0.000000
  8 11.414042 -1.080931 49.509902 0.944455 -0.328184 0.017299 0.000000 0.000000
PLAYER_Chrome1.bmp
  8 11.414042 -1.080931 49.509902 0.944455 -0.328184 0.017299 0.000000 0.000000
  8 11.615837 -0.351135 50.103262 0.757927 -0.560520 0.333712 0.000000 0.000000
  8 11.499366 -0.451190 50.262395 0.982419 -0.186104 0.014800 0.000000 0.000000
PLAYER_Chrome1.bmp
  8 11.615837 -0.351135 50.103262 0.757927 -0.560520 0.333712 0.000000 0.000000
  8 11.645121 0.188275 51.814922 0.797922 -0.582116 0.156404 0.000000 0.000000
  8 11.499366 -0.451190 50.262395 0.982419 -0.186104 0.014800 0.000000 0.000000
PLAYER_Chrome1.bmp
  8 11.499366 -0.451190 50.262395 0.982419 -0.186104 0.014800 0.000000 0.000000
  8 11.645121 0.188275 51.814922 0.797922 -0.582116 0.156404 0.000000 0.000000
  8 11.554573 0.038274 51.815836 0.999402 0.016500 0.030400 0.000000 0.000000
PLAYER_Chrome1.bmp
  8 11.645121 0.188275 51.814922 0.797922 -0.582116 0.156404 0.000000 0.000000
  8 11.013245 0.157206 54.907279 0.987535 -0.012501 0.156905 0.000000 0.000000
  8 11.554573 0.038274 51.815836 0.999402 0.016500 0.030400 0.000000 0.000000
PLAYER_Chrome1.bmp
  8 11.554573 0.038274 51.815836 0.999402 0.016500 0.030400 0.000000 0.000000
  8 11.013245 0.157206 54.907279 0.987535 -0.012501 0.156905 0.000000 0.000000
  8 11.655072 -0.191726 51.815789 0.844525 0.535516 -0.000500 0.000000 0.000000
PLAYER_Chrome1.bmp
  8 11.013245 0.157206 54.907279 0.987535 -0.012501 0.156905 0.000000 0.000000
  8 11.266056 -0.022719 54.691377 0.665684 0.744682 0.048099 0.000000 0.000000
  8 11.655072 -0.191726 51.815789 0.844525 0.535516 -0.000500 0.000000 0.000000
PLAYER_Chrome1.bmp
  8 8.563133 2.597900 52.883405 -0.124999 0.803891 -0.581494 0.000000 0.000000
  8 9.323296 2.967854 53.020104 0.007900 0.772889 -0.634492 0.000000 0.000000
  8 8.710454 2.507957 52.717251 -0.333703 0.890108 -0.310403 0.000000 0.000000
PLAYER_Chrome1.bmp
  8 8.710454 2.507957 52.717251 -0.333703 0.890108 -0.310403 0.000000 0.000000
  8 9.323296 2.967854 53.020104 0.007900 0.772889 -0.634492 0.000000 0.000000
  8 9.361166 2.827915 52.842951 0.032600 0.996901 -0.071600 0.000000 0.000000
PLAYER_Chrome1.bmp
  8 9.323296 2.967854 53.020104 0.007900 0.772889 -0.634492 0.000000 0.000000
  8 10.071513 2.557802 53.175436 0.380295 0.789889 -0.481094 0.000000 0.000000
  8 9.361166 2.827915 52.842951 0.032600 0.996901 -0.071600 0.000000 0.000000
PLAYER_Chrome1.bmp
  8 9.361166 2.827915 52.842951 0.032600 0.996901 -0.071600 0.000000 0.000000
  8 10.071513 2.557802 53.175436 0.380295 0.789889 -0.481094 0.000000 0.000000
  8 9.999933 2.477867 52.987323 0.398785 0.916966 -0.012000 0.000000 0.000000
PLAYER_Chrome1.bmp
  8 10.071513 2.557802 53.175436 0.380295 0.789889 -0.481094 0.000000 0.000000
  8 10.926452 2.118014 52.567599 0.091705 0.941044 -0.325616 0.000000 0.000000
  8 9.999933 2.477867 52.987323 0.398785 0.916966 -0.012000 0.000000 0.000000
PLAYER_Chrome1.bmp
  8 9.999933 2.477867 52.987323 0.398785 0.916966 -0.012000 0.000000 0.000000
  8 10.926452 2.118014 52.567599 0.091705 0.941044 -0.325616 0.000000 0.000000
  8 10.737434 2.088054 52.448122 0.424793 0.904783 0.030299 0.000000 0.000000
PLAYER_Chrome1.bmp
  8 10.926452 2.118014 52.567599 0.091705 0.941044 -0.325616 0.000000 0.000000
  8 11.230909 1.809027 49.633228 0.516685 0.796876 -0.313091 0.000000 0.000000
  8 10.737434 2.088054 52.448122 0.424793 0.904783 0.030299 0.000000 0.000000
PLAYER_Chrome1.bmp
  8 10.737434 2.088054 52.448122 0.424793 0.904783 0.030299 0.000000 0.000000
  8 11.230909 1.809027 49.633228 0.516685 0.796876 -0.313091 0.000000 0.000000
  8 11.044920 1.789112 49.383405 0.665684 0.744682 0.048099 0.000000 0.000000
PLAYER_Chrome1.bmp
  8 11.230909 1.809027 49.633228 0.516685 0.796876 -0.313091 0.000000 0.000000
  8 11.724521 0.039101 49.420837 0.972148 0.198310 0.124906 0.000000 0.000000
  8 11.044920 1.789112 49.383405 0.665684 0.744682 0.048099 0.000000 0.000000
PLAYER_Chrome1.bmp
  8 11.044920 1.789112 49.383405 0.665684 0.744682 0.048099 0.000000 0.000000
  8 11.724521 0.039101 49.420837 0.972148 0.198310 0.124906 0.000000 0.000000
  8 11.276832 1.759185 49.175509 0.652409 0.497507 0.571708 0.000000 0.000000
PLAYER_Chrome1.bmp
  8 11.724521 0.039101 49.420837 0.972148 0.198310 0.124906 0.000000 0.000000
  8 11.846983 0.149176 49.202008 0.882040 -0.331215 0.335115 0.000000 0.000000
  8 11.276832 1.759185 49.175509 0.652409 0.497507 0.571708 0.000000 0.000000
PLAYER_Chrome1.bmp
  27 -0.000097 -5.408604 74.009616 -0.009400 -0.524599 0.851298 0.000000 0.000000
  27 0.919901 -6.060468 73.489638 0.198305 -0.596514 0.777719 0.000000 0.000000
  27 0.749903 -5.241020 74.005686 0.213206 -0.464314 0.859625 0.000000 0.000000
PLAYER_Chrome1.bmp
  27 0.749903 -5.241020 74.005686 0.213206 -0.464314 0.859625 0.000000 0.000000
  27 0.919901 -6.060468 73.489638 0.198305 -0.596514 0.777719 0.000000 0.000000
  27 1.849901 -5.618146 73.470916 0.410102 -0.439602 0.799104 0.000000 0.000000
PLAYER_Chrome1.bmp
  27 0.919901 -6.060468 73.489638 0.198305 -0.596514 0.777719 0.000000 0.000000
  27 2.179899 -6.242342 72.782017 0.575801 -0.568901 0.587201 0.000000 0.000000
  27 1.849901 -5.618146 73.470916 0.410102 -0.439602 0.799104 0.000000 0.000000
PLAYER_Chrome1.bmp
  27 1.849901 -5.618146 73.470916 0.410102 -0.439602 0.799104 0.000000 0.000000
  27 2.179899 -6.242342 72.782017 0.575801 -0.568901 0.587201 0.000000 0.000000
  27 2.799902 -4.409113 73.245664 0.645501 -0.291601 0.705902 0.000000 0.000000
PLAYER_Chrome1.bmp
  27 2.179899 -6.242342 72.782017 0.575801 -0.568901 0.587201 0.000000 0.000000
  27 3.049900 -4.926239 72.618702 0.820909 -0.345604 0.454605 0.000000 0.000000
  27 2.799902 -4.409113 73.245664 0.645501 -0.291601 0.705902 0.000000 0.000000
PLAYER_Chrome1.bmp
  27 2.799902 -4.409113 73.245664 0.645501 -0.291601 0.705902 0.000000 0.000000
  27 3.049900 -4.926239 72.618702 0.820909 -0.345604 0.454605 0.000000 0.000000
  27 3.329902 -3.241286 73.018993 0.730097 -0.078700 0.678797 0.000000 0.000000
PLAYER_Chrome1.bmp
  27 3.049900 -4.926239 72.618702 0.820909 -0.345604 0.454605 0.000000 0.000000
  27 3.599901 -3.525132 72.594220 0.917915 -0.140402 0.371106 0.000000 0.000000
  27 3.329902 -3.241286 73.018993 0.730097 -0.078700 0.678797 0.000000 0.000000
PLAYER_Chrome1.bmp
  27 3.329902 -3.241286 73.018993 0.730097 -0.078700 0.678797 0.000000 0.000000
  27 3.599901 -3.525132 72.594220 0.917915 -0.140402 0.371106 0.000000 0.000000
  27 3.509903 -1.174853 72.561220 0.901735 0.091403 0.422516 0.000000 0.000000
PLAYER_Chrome1.bmp
  27 3.599901 -3.525132 72.594220 0.917915 -0.140402 0.371106 0.000000 0.000000
  27 4.109897 -2.162795 70.457086 0.977846 -0.002600 0.209310 0.000000 0.000000
  27 3.509903 -1.174853 72.561220 0.901735 0.091403 0.422516 0.000000 0.000000
PLAYER_Chrome1.bmp
  27 3.509903 -1.174853 72.561220 0.901735 0.091403 0.422516 0.000000 0.000000
  27 4.109897 -2.162795 70.457086 0.977846 -0.002600 0.209310 0.000000 0.000000
  27 3.999898 0.215488 69.963961 0.924667 0.282790 0.254991 0.000000 0.000000
PLAYER_Chrome1.bmp
  5 -0.000110 4.010309 64.613167 0.000400 0.643091 0.765789 0.000000 0.000000
  4 -2.800112 4.237451 63.258520 -0.325604 0.617507 0.716008 0.000000 0.000000
  5 -1.310111 2.459087 65.195841 -0.289894 0.541289 0.789283 0.000000 0.000000
PLAYER_Chrome1.bmp
  5 -1.310111 2.459087 65.195841 -0.289894 0.541289 0.789283 0.000000 0.000000
  4 -2.800112 4.237451 63.258520 -0.325604 0.617507 0.716008 0.000000 0.000000
  5 -2.990112 1.928251 64.883577 -0.474602 0.457102 0.752204 0.000000 0.000000
PLAYER_Chrome1.bmp
  4 -2.800112 4.237451 63.258520 -0.325604 0.617507 0.716008 0.000000 0.000000
  4 -4.730114 3.169384 62.932748 -0.584902 0.342801 0.735103 0.000000 0.000000
  5 -2.990112 1.928251 64.883577 -0.474602 0.457102 0.752204 0.000000 0.000000
PLAYER_Chrome1.bmp
  5 -2.990112 1.928251 64.883577 -0.474602 0.457102 0.752204 0.000000 0.000000
  4 -4.730114 3.169384 62.932748 -0.584902 0.342801 0.735103 0.000000 0.000000
  5 -4.340115 0.541697 64.119928 -0.644206 0.031400 0.764207 0.000000 0.000000
PLAYER_Chrome1.bmp
  4 -4.730114 3.169384 62.932748 -0.584902 0.342801 0.735103 0.000000 0.000000
  5 -6.130118 0.201590 62.640564 -0.643664 -0.219488 0.733159 0.000000 0.000000
  5 -4.340115 0.541697 64.119928 -0.644206 0.031400 0.764207 0.000000 0.000000
PLAYER_Chrome1.bmp
  5 -4.340115 0.541697 64.119928 -0.644206 0.031400 0.764207 0.000000 0.000000
  5 -6.130118 0.201590 62.640564 -0.643664 -0.219488 0.733159 0.000000 0.000000
  5 -4.650120 -1.308774 62.951701 -0.546109 -0.502708 0.670111 0.000000 0.000000
PLAYER_Chrome1.bmp
  5 -6.130118 0.201590 62.640564 -0.643664 -0.219488 0.733159 0.000000 0.000000
  4 -5.870126 -3.156538 60.242920 -0.466703 -0.685104 0.559303 0.000000 0.000000
  5 -4.650120 -1.308774 62.951701 -0.546109 -0.502708 0.670111 0.000000 0.000000
PLAYER_Chrome1.bmp
  5 -4.650120 -1.308774 62.951701 -0.546109 -0.502708 0.670111 0.000000 0.000000
  4 -5.870126 -3.156538 60.242920 -0.466703 -0.685104 0.559303 0.000000 0.000000
  5 -4.260123 -2.759473 61.769976 -0.406578 -0.681962 0.607966 0.000000 0.000000
PLAYER_Chrome1.bmp
  4 -5.870126 -3.156538 60.242920 -0.466703 -0.685104 0.559303 0.000000 0.000000
  5 -3.420127 -4.140551 60.575894 -0.369197 -0.725994 0.580195 0.000000 0.000000
  5 -4.260123 -2.759473 61.769976 -0.406578 -0.681962 0.607966 0.000000 0.000000
PLAYER_Chrome1.bmp
  8 7.003511 0.167476 54.102961 -0.982922 -0.013800 -0.183504 0.000000 0.000000
  8 7.403475 0.248472 51.218509 -0.815311 -0.570908 -0.096601 0.000000 0.000000
  8 7.514922 0.098475 51.209538 -0.961179 0.004200 -0.275894 0.000000 0.000000
PLAYER_Chrome1.bmp
  8 7.514922 0.098475 51.209538 -0.961179 0.004200 -0.275894 0.000000 0.000000
  8 7.403475 0.248472 51.218509 -0.815311 -0.570908 -0.096601 0.000000 0.000000
  8 7.990029 -0.421031 49.779648 -0.945059 -0.206291 -0.253589 0.000000 0.000000
PLAYER_Chrome1.bmp
  8 7.403475 0.248472 51.218509 -0.815311 -0.570908 -0.096601 0.000000 0.000000
  8 7.924405 -0.320980 49.632395 -0.841253 -0.534869 0.078796 0.000000 0.000000
  8 7.990029 -0.421031 49.779648 -0.945059 -0.206291 -0.253589 0.000000 0.000000
PLAYER_Chrome1.bmp
  8 7.990029 -0.421031 49.779648 -0.945059 -0.206291 -0.253589 0.000000 0.000000
  8 7.924405 -0.320980 49.632395 -0.841253 -0.534869 0.078796 0.000000 0.000000
  8 8.270861 -1.060790 49.083989 -0.913899 -0.333599 -0.231300 0.000000 0.000000
PLAYER_Chrome1.bmp
  8 7.924405 -0.320980 49.632395 -0.841253 -0.534869 0.078796 0.000000 0.000000
  8 8.225137 -1.050740 48.938701 -0.802390 -0.504393 0.318996 0.000000 0.000000
  8 8.270861 -1.060790 49.083989 -0.913899 -0.333599 -0.231300 0.000000 0.000000
PLAYER_Chrome1.bmp
  8 8.270861 -1.060790 49.083989 -0.913899 -0.333599 -0.231300 0.000000 0.000000
  8 8.225137 -1.050740 48.938701 -0.802390 -0.504393 0.318996 0.000000 0.000000
  8 8.591326 -1.680724 48.894823 -0.717398 -0.671898 -0.184099 0.000000 0.000000
PLAYER_Chrome1.bmp
  8 8.225137 -1.050740 48.938701 -0.802390 -0.504393 0.318996 0.000000 0.000000
  8 8.556551 -1.800671 48.740540 -0.544786 -0.639382 0.542585 0.000000 0.000000
  8 8.591326 -1.680724 48.894823 -0.717398 -0.671898 -0.184099 0.000000 0.000000
PLAYER_Chrome1.bmp
  8 8.591326 -1.680724 48.894823 -0.717398 -0.671898 -0.184099 0.000000 0.000000
  8 8.556551 -1.800671 48.740540 -0.544786 -0.639382 0.542585 0.000000 0.000000
  8 9.877845 -2.340790 49.094028 -0.017501 -0.990622 0.135503 0.000000 0.000000
PLAYER_Chrome1.bmp
  8 8.556551 -1.800671 48.740540 -0.544786 -0.639382 0.542585 0.000000 0.000000
  8 9.918710 -2.490719 48.887022 -0.084503 -0.806025 0.585818 0.000000 0.000000
  8 9.877845 -2.340790 49.094028 -0.017501 -0.990622 0.135503 0.000000 0.000000
PLAYER_Chrome1.bmp
  27 -2.780098 -4.399496 73.248436 -0.628286 -0.322293 0.708084 0.000000 0.000000
  27 -2.050101 -6.232726 72.784786 -0.565297 -0.573096 0.593296 0.000000 0.000000
  27 -1.760099 -5.589306 73.479199 -0.411309 -0.449210 0.793117 0.000000 0.000000
PLAYER_Chrome1.bmp
  27 -1.760099 -5.589306 73.479199 -0.411309 -0.449210 0.793117 0.000000 0.000000
  27 -2.050101 -6.232726 72.784786 -0.565297 -0.573096 0.593296 0.000000 0.000000
  27 -0.870099 -6.067320 73.477272 -0.215506 -0.592616 0.776121 0.000000 0.000000
PLAYER_Chrome1.bmp
  27 -2.050101 -6.232726 72.784786 -0.565297 -0.573096 0.593296 0.000000 0.000000
  27 -1.000101 -6.694274 72.797986 -0.230099 -0.757294 0.611196 0.000000 0.000000
  27 -0.870099 -6.067320 73.477272 -0.215506 -0.592616 0.776121 0.000000 0.000000
PLAYER_Chrome1.bmp
  27 -0.870099 -6.067320 73.477272 -0.215506 -0.592616 0.776121 0.000000 0.000000
  27 -1.000101 -6.694274 72.797986 -0.230099 -0.757294 0.611196 0.000000 0.000000
  27 -0.000099 -6.225293 73.483955 -0.009400 -0.668896 0.743296 0.000000 0.000000
PLAYER_Chrome1.bmp
  27 -1.000101 -6.694274 72.797986 -0.230099 -0.757294 0.611196 0.000000 0.000000
  27 -0.000101 -6.855005 72.814282 -0.005900 -0.818362 0.574673 0.000000 0.000000
  27 -0.000099 -6.225293 73.483955 -0.009400 -0.668896 0.743296 0.000000 0.000000
PLAYER_Chrome1.bmp
  27 -0.000099 -6.225293 73.483955 -0.009400 -0.668896 0.743296 0.000000 0.000000
  27 -0.000101 -6.855005 72.814282 -0.005900 -0.818362 0.574673 0.000000 0.000000
  27 1.089899 -6.713500 72.792464 0.218000 -0.763102 0.608401 0.000000 0.000000
PLAYER_Chrome1.bmp
  27 -0.000101 -6.855005 72.814282 -0.005900 -0.818362 0.574673 0.000000 0.000000
  27 1.159893 -7.884406 70.927129 0.160291 -0.839256 0.519573 0.000000 0.000000
  27 1.089899 -6.713500 72.792464 0.218000 -0.763102 0.608401 0.000000 0.000000
PLAYER_Chrome1.bmp
  27 1.089899 -6.713500 72.792464 0.218000 -0.763102 0.608401 0.000000 0.000000
  27 1.159893 -7.884406 70.927129 0.160291 -0.839256 0.519573 0.000000 0.000000
  27 2.379894 -7.372125 70.990903 0.497507 -0.712011 0.495507 0.000000 0.000000
PLAYER_Chrome1.bmp
  27 -3.220106 -4.419200 70.090493 -0.766395 -0.277798 -0.579196 0.000000 0.000000
  27 -2.820106 -5.448196 70.232159 -0.663392 -0.402195 -0.630992 0.000000 0.000000
  27 -3.180105 -5.918858 71.002209 -0.742178 -0.369289 -0.559283 0.000000 0.000000
PLAYER_Chrome1.bmp
  27 -3.180105 -5.918858 71.002209 -0.742178 -0.369289 -0.559283 0.000000 0.000000
  27 -2.820106 -5.448196 70.232159 -0.663392 -0.402195 -0.630992 0.000000 0.000000
  27 -2.320106 -7.369363 70.981302 -0.522114 -0.472213 -0.710219 0.000000 0.000000
PLAYER_Chrome1.bmp
  27 -2.820106 -5.448196 70.232159 -0.663392 -0.402195 -0.630992 0.000000 0.000000
  27 -2.030107 -6.475686 70.259816 -0.387191 -0.517188 -0.763282 0.000000 0.000000
  27 -2.320106 -7.369363 70.981302 -0.522114 -0.472213 -0.710219 0.000000 0.000000
PLAYER_Chrome1.bmp
  27 -2.320106 -7.369363 70.981302 -0.522114 -0.472213 -0.710219 0.000000 0.000000
  27 -2.030107 -6.475686 70.259816 -0.387191 -0.517188 -0.763282 0.000000 0.000000
  27 -1.170107 -7.881646 70.917522 -0.294385 -0.562572 -0.772561 0.000000 0.000000
PLAYER_Chrome1.bmp
  27 -2.030107 -6.475686 70.259816 -0.387191 -0.517188 -0.763282 0.000000 0.000000
  27 -0.950108 -6.946678 70.124656 -0.294385 -0.562572 -0.772561 0.000000 0.000000
  27 -1.170107 -7.881646 70.917522 -0.294385 -0.562572 -0.772561 0.000000 0.000000
PLAYER_Chrome1.bmp
  27 -1.170107 -7.881646 70.917522 -0.294385 -0.562572 -0.772561 0.000000 0.000000
  27 -0.950108 -6.946678 70.124656 -0.294385 -0.562572 -0.772561 0.000000 0.000000
  27 -0.000108 -8.086006 70.650804 -0.005500 -0.641718 -0.766921 0.000000 0.000000
PLAYER_Chrome1.bmp
  27 -0.950108 -6.946678 70.124656 -0.294385 -0.562572 -0.772561 0.000000 0.000000
  27 -0.000109 -7.144184 69.870309 -0.005500 -0.641718 -0.766921 0.000000 0.000000
  27 -0.000108 -8.086006 70.650804 -0.005500 -0.641718 -0.766921 0.000000 0.000000
PLAYER_Chrome1.bmp
  27 -0.000108 -8.086006 70.650804 -0.005500 -0.641718 -0.766921 0.000000 0.000000
  27 -0.000109 -7.144184 69.870309 -0.005500 -0.641718 -0.766921 0.000000 0.000000
  27 0.979892 -6.939826 70.137022 0.288401 -0.571702 -0.768103 0.000000 0.000000
PLAYER_Chrome1.bmp
  27 -2.470115 -5.696917 66.748405 -0.755080 -0.498386 0.425988 0.000000 0.000000
  27 -2.010115 -6.322038 66.860317 -0.565297 -0.573096 0.593296 0.000000 0.000000
  27 -1.880114 -6.163064 67.176430 -0.639974 -0.579076 0.505079 0.000000 0.000000
PLAYER_Chrome1.bmp
  27 -1.880114 -6.163064 67.176430 -0.639974 -0.579076 0.505079 0.000000 0.000000
  27 -2.010115 -6.322038 66.860317 -0.565297 -0.573096 0.593296 0.000000 0.000000
  27 -0.930114 -6.546547 67.388894 -0.369005 -0.668309 0.645909 0.000000 0.000000
PLAYER_Chrome1.bmp
  27 -2.010115 -6.322038 66.860317 -0.565297 -0.573096 0.593296 0.000000 0.000000
  27 -1.000115 -6.801725 67.117999 -0.307396 -0.637591 0.706390 0.000000 0.000000
  27 -0.930114 -6.546547 67.388894 -0.369005 -0.668309 0.645909 0.000000 0.000000
PLAYER_Chrome1.bmp
  27 -0.930114 -6.546547 67.388894 -0.369005 -0.668309 0.645909 0.000000 0.000000
  27 -1.000115 -6.801725 67.117999 -0.307396 -0.637591 0.706390 0.000000 0.000000
  27 -0.000114 -6.817191 67.425667 -0.088298 -0.664582 0.741980 0.000000 0.000000
PLAYER_Chrome1.bmp
  27 -1.000115 -6.801725 67.117999 -0.307396 -0.637591 0.706390 0.000000 0.000000
  27 -0.000115 -7.128704 67.169816 0.071597 -0.666375 0.742172 0.000000 0.000000
  27 -0.000114 -6.817191 67.425667 -0.088298 -0.664582 0.741980 0.000000 0.000000
PLAYER_Chrome1.bmp
  27 -0.000114 -6.817191 67.425667 -0.088298 -0.664582 0.741980 0.000000 0.000000
  27 -0.000115 -7.128704 67.169816 0.071597 -0.666375 0.742172 0.000000 0.000000
  27 0.979886 -6.556161 67.386131 0.322199 -0.669898 0.668898 0.000000 0.000000
PLAYER_Chrome1.bmp
  27 -0.000115 -7.128704 67.169816 0.071597 -0.666375 0.742172 0.000000 0.000000
  27 1.039885 -6.804485 67.127606 0.322199 -0.669898 0.668898 0.000000 0.000000
  27 0.979886 -6.556161 67.386131 0.322199 -0.669898 0.668898 0.000000 0.000000
PLAYER_Chrome1.bmp
  27 0.979886 -6.556161 67.386131 0.322199 -0.669898 0.668898 0.000000 0.000000
  27 1.039885 -6.804485 67.127606 0.322199 -0.669898 0.668898 0.000000 0.000000
  27 2.099885 -6.334412 66.867161 0.532779 -0.602677 0.594077 0.000000 0.000000
PLAYER_Chrome1.bmp
  27 2.389886 -5.650619 67.094595 0.765415 -0.507810 0.395308 0.000000 0.000000
  27 2.889886 -5.091194 66.776563 0.838299 -0.416100 0.352300 0.000000 0.000000
  27 2.709887 -5.158898 67.121261 0.813329 -0.470517 0.342212 0.000000 0.000000
PLAYER_Chrome1.bmp
  27 2.709887 -5.158898 67.121261 0.813329 -0.470517 0.342212 0.000000 0.000000
  27 2.889886 -5.091194 66.776563 0.838299 -0.416100 0.352300 0.000000 0.000000
  27 3.059888 -4.124976 67.469976 0.867880 -0.346692 0.355792 0.000000 0.000000
PLAYER_Chrome1.bmp
  27 2.889886 -5.091194 66.776563 0.838299 -0.416100 0.352300 0.000000 0.000000
  27 3.259888 -3.863693 67.212039 0.881951 -0.301883 0.361980 0.000000 0.000000
  27 3.059888 -4.124976 67.469976 0.867880 -0.346692 0.355792 0.000000 0.000000
PLAYER_Chrome1.bmp
  27 3.059888 -4.124976 67.469976 0.867880 -0.346692 0.355792 0.000000 0.000000
  27 3.259888 -3.863693 67.212039 0.881951 -0.301883 0.361980 0.000000 0.000000
  27 3.209892 -2.613460 68.184623 0.881951 -0.301883 0.361980 0.000000 0.000000
PLAYER_Chrome1.bmp
  27 3.259888 -3.863693 67.212039 0.881951 -0.301883 0.361980 0.000000 0.000000
  27 3.429892 -2.015839 68.096028 0.909700 -0.272100 0.313700 0.000000 0.000000
  27 3.209892 -2.613460 68.184623 0.881951 -0.301883 0.361980 0.000000 0.000000
PLAYER_Chrome1.bmp
  27 3.209892 -2.613460 68.184623 0.881951 -0.301883 0.361980 0.000000 0.000000
  27 3.429892 -2.015839 68.096028 0.909700 -0.272100 0.313700 0.000000 0.000000
  27 3.389896 -1.004823 69.249651 0.970212 -0.225903 -0.087501 0.000000 0.000000
PLAYER_Chrome1.bmp
  27 3.429892 -2.015839 68.096028 0.909700 -0.272100 0.313700 0.000000 0.000000
  27 3.609897 -0.039354 69.401862 0.970212 -0.225903 -0.087501 0.000000 0.000000
  27 3.389896 -1.004823 69.249651 0.970212 -0.225903 -0.087501 0.000000 0.000000
PLAYER_Chrome1.bmp
  27 3.389896 -1.004823 69.249651 0.970212 -0.225903 -0.087501 0.000000 0.000000
  27 3.609897 -0.039354 69.401862 0.970212 -0.225903 -0.087501 0.000000 0.000000
  27 3.239894 -4.421965 70.100090 0.867047 -0.268915 -0.419422 0.000000 0.000000
PLAYER_Chrome1.bmp
  27 2.229904 -3.868583 73.827325 0.583095 -0.153899 0.797694 0.000000 0.000000
  27 3.329902 -3.241286 73.018993 0.730097 -0.078700 0.678797 0.000000 0.000000
  27 2.569904 -2.839504 73.612856 0.606921 0.007500 0.794727 0.000000 0.000000
PLAYER_Chrome1.bmp
  27 2.569904 -2.839504 73.612856 0.606921 0.007500 0.794727 0.000000 0.000000
  27 3.329902 -3.241286 73.018993 0.730097 -0.078700 0.678797 0.000000 0.000000
  27 3.009905 -0.789538 73.139954 0.746700 0.093900 0.658500 0.000000 0.000000
PLAYER_Chrome1.bmp
  27 3.329902 -3.241286 73.018993 0.730097 -0.078700 0.678797 0.000000 0.000000
  27 3.509903 -1.174853 72.561220 0.901735 0.091403 0.422516 0.000000 0.000000
  27 3.009905 -0.789538 73.139954 0.746700 0.093900 0.658500 0.000000 0.000000
PLAYER_Chrome1.bmp
  27 3.009905 -0.789538 73.139954 0.746700 0.093900 0.658500 0.000000 0.000000
  27 3.509903 -1.174853 72.561220 0.901735 0.091403 0.422516 0.000000 0.000000
  27 3.279904 0.017379 72.612047 0.859099 0.249100 0.447099 0.000000 0.000000
PLAYER_Chrome1.bmp
  27 3.509903 -1.174853 72.561220 0.901735 0.091403 0.422516 0.000000 0.000000
  27 3.999898 0.215488 69.963961 0.924667 0.282790 0.254991 0.000000 0.000000
  27 3.279904 0.017379 72.612047 0.859099 0.249100 0.447099 0.000000 0.000000
PLAYER_Chrome1.bmp
  27 3.279904 0.017379 72.612047 0.859099 0.249100 0.447099 0.000000 0.000000
  27 3.999898 0.215488 69.963961 0.924667 0.282790 0.254991 0.000000 0.000000
  27 2.459906 1.778396 72.566006 0.757746 0.589035 0.280817 0.000000 0.000000
PLAYER_Chrome1.bmp
  27 3.999898 0.215488 69.963961 0.924667 0.282790 0.254991 0.000000 0.000000
  27 3.339898 1.926443 69.258530 0.761861 0.608769 0.221289 0.000000 0.000000
  27 2.459906 1.778396 72.566006 0.757746 0.589035 0.280817 0.000000 0.000000
PLAYER_Chrome1.bmp
  27 2.459906 1.778396 72.566006 0.757746 0.589035 0.280817 0.000000 0.000000
  27 3.339898 1.926443 69.258530 0.761861 0.608769 0.221289 0.000000 0.000000
  27 2.559898 2.661812 68.834937 0.510004 0.836406 0.200801 0.000000 0.000000
PLAYER_Chrome1.bmp
  18 -8.713935 1.799174 49.079171 0.647204 0.749905 -0.137001 0.000000 0.000000
  18 -8.036363 0.059231 48.920133 0.970042 0.200288 -0.137492 0.000000 0.000000
  18 -8.566748 1.779256 48.843291 0.783402 0.511401 0.353201 0.000000 0.000000
PLAYER_Chrome1.bmp
  18 -8.713935 1.799174 49.079171 0.647204 0.749905 -0.137001 0.000000 0.000000
  18 -8.472072 1.829103 49.286068 0.432497 0.804195 -0.407697 0.000000 0.000000
  18 -8.036363 0.059231 48.920133 0.970042 0.200288 -0.137492 0.000000 0.000000
PLAYER_Chrome1.bmp
  18 -8.713935 1.799174 49.079171 0.647204 0.749905 -0.137001 0.000000 0.000000
  18 -8.156727 2.118157 52.028386 0.450229 0.890157 -0.070105 0.000000 0.000000
  18 -8.472072 1.829103 49.286068 0.432497 0.804195 -0.407697 0.000000 0.000000
PLAYER_Chrome1.bmp
  18 -8.713935 1.799174 49.079171 0.647204 0.749905 -0.137001 0.000000 0.000000
  18 -8.246312 2.258188 51.936921 0.841089 0.538093 -0.054999 0.000000 0.000000
  18 -8.156727 2.118157 52.028386 0.450229 0.890157 -0.070105 0.000000 0.000000
PLAYER_Chrome1.bmp
  18 -8.713935 1.799174 49.079171 0.647204 0.749905 -0.137001 0.000000 0.000000
  18 -8.750674 1.969093 49.314071 0.515200 0.745299 -0.423200 0.000000 0.000000
  18 -8.246312 2.258188 51.936921 0.841089 0.538093 -0.054999 0.000000 0.000000
PLAYER_Chrome1.bmp
  18 -8.713935 1.799174 49.079171 0.647204 0.749905 -0.137001 0.000000 0.000000
  18 -9.882052 2.389109 49.256881 -0.033701 0.964123 -0.263306 0.000000 0.000000
  18 -8.750674 1.969093 49.314071 0.515200 0.745299 -0.423200 0.000000 0.000000
PLAYER_Chrome1.bmp
  18 -8.713935 1.799174 49.079171 0.647204 0.749905 -0.137001 0.000000 0.000000
  18 -9.924914 2.459188 49.030051 0.036000 0.959003 0.281101 0.000000 0.000000
  18 -9.882052 2.389109 49.256881 -0.033701 0.964123 -0.263306 0.000000 0.000000
PLAYER_Chrome1.bmp
  18 -8.713935 1.799174 49.079171 0.647204 0.749905 -0.137001 0.000000 0.000000
  18 -8.566748 1.779256 48.843291 0.783402 0.511401 0.353201 0.000000 0.000000
  18 -9.924914 2.459188 49.030051 0.036000 0.959003 0.281101 0.000000 0.000000
PLAYER_Chrome1.bmp
  18 -9.888061 -2.330835 49.095052 0.017500 -0.990622 0.135503 0.000000 0.000000
  18 -8.601547 -1.680762 48.895840 0.717398 -0.671898 -0.184099 0.000000 0.000000
  18 -9.778577 -2.480866 49.184517 -0.511692 -0.716988 -0.473392 0.000000 0.000000
PLAYER_Chrome1.bmp
  18 -9.778577 -2.480866 49.184517 -0.511692 -0.716988 -0.473392 0.000000 0.000000
  18 -8.601547 -1.680762 48.895840 0.717398 -0.671898 -0.184099 0.000000 0.000000
  18 -8.516921 -1.790811 49.038064 0.622221 -0.372713 -0.688423 0.000000 0.000000
PLAYER_Chrome1.bmp
  18 -8.601547 -1.680762 48.895840 0.717398 -0.671898 -0.184099 0.000000 0.000000
  18 -8.281084 -1.050827 49.085008 0.913899 -0.333600 -0.231300 0.000000 0.000000
  18 -8.516921 -1.790811 49.038064 0.622221 -0.372713 -0.688423 0.000000 0.000000
PLAYER_Chrome1.bmp
  18 -8.516921 -1.790811 49.038064 0.622221 -0.372713 -0.688423 0.000000 0.000000
  18 -8.281084 -1.050827 49.085008 0.913899 -0.333600 -0.231300 0.000000 0.000000
  18 -8.185509 -1.250879 49.236153 0.830899 0.019000 -0.556099 0.000000 0.000000
PLAYER_Chrome1.bmp
  18 -8.281084 -1.050827 49.085008 0.913899 -0.333600 -0.231300 0.000000 0.000000
  18 -8.000253 -0.411066 49.780667 0.945059 -0.206291 -0.253589 0.000000 0.000000
  18 -8.185509 -1.250879 49.236153 0.830899 0.019000 -0.556099 0.000000 0.000000
PLAYER_Chrome1.bmp
  18 -8.185509 -1.250879 49.236153 0.830899 0.019000 -0.556099 0.000000 0.000000
  18 -8.000253 -0.411066 49.780667 0.945059 -0.206291 -0.253589 0.000000 0.000000
  18 -7.884778 -0.621117 49.929811 0.857453 0.259516 -0.444327 0.000000 0.000000
PLAYER_Chrome1.bmp
  18 -8.000253 -0.411066 49.780667 0.945059 -0.206291 -0.253589 0.000000 0.000000
  18 -7.525145 0.098441 51.210552 0.961179 0.004200 -0.275894 0.000000 0.000000
  18 -7.884778 -0.621117 49.929811 0.857453 0.259516 -0.444327 0.000000 0.000000
PLAYER_Chrome1.bmp
  18 -7.884778 -0.621117 49.929811 0.857453 0.259516 -0.444327 0.000000 0.000000
  18 -7.525145 0.098441 51.210552 0.961179 0.004200 -0.275894 0.000000 0.000000
  18 -7.413697 -0.131561 51.219392 0.814493 0.514096 -0.268898 0.000000 0.000000
PLAYER_Chrome1.bmp
  18 -11.014507 0.177158 54.897361 -0.987535 -0.012500 0.156905 0.000000 0.000000
  18 -11.655343 0.198220 51.815951 -0.797922 -0.582116 0.156404 0.000000 0.000000
  18 -11.554844 0.048221 51.815866 -0.999402 0.016500 0.030400 0.000000 0.000000
PLAYER_Chrome1.bmp
  18 -11.554844 0.048221 51.815866 -0.999402 0.016500 0.030400 0.000000 0.000000
  18 -11.655343 0.198220 51.815951 -0.797922 -0.582116 0.156404 0.000000 0.000000
  18 -11.499638 -0.441243 50.262425 -0.982419 -0.186103 0.014800 0.000000 0.000000
PLAYER_Chrome1.bmp
  18 -11.655343 0.198220 51.815951 -0.797922 -0.582116 0.156404 0.000000 0.000000
  18 -11.616111 -0.341188 50.103293 -0.757927 -0.560520 0.333712 0.000000 0.000000
  18 -11.499638 -0.441243 50.262425 -0.982419 -0.186103 0.014800 0.000000 0.000000
PLAYER_Chrome1.bmp
  18 -11.499638 -0.441243 50.262425 -0.982419 -0.186103 0.014800 0.000000 0.000000
  18 -11.616111 -0.341188 50.103293 -0.757927 -0.560520 0.333712 0.000000 0.000000
  18 -11.425262 -1.070980 49.500979 -0.944455 -0.328184 0.017299 0.000000 0.000000
PLAYER_Chrome1.bmp
  18 -11.616111 -0.341188 50.103293 -0.757927 -0.560520 0.333712 0.000000 0.000000
  18 -11.549688 -1.050932 49.362718 -0.644181 -0.516784 0.563883 0.000000 0.000000
  18 -11.425262 -1.070980 49.500979 -0.944455 -0.328184 0.017299 0.000000 0.000000
PLAYER_Chrome1.bmp
  18 -11.425262 -1.070980 49.500979 -0.944455 -0.328184 0.017299 0.000000 0.000000
  18 -11.549688 -1.050932 49.362718 -0.644181 -0.516784 0.563883 0.000000 0.000000
  18 -11.170620 -1.680887 49.234014 -0.732900 -0.680300 -0.007000 0.000000 0.000000
PLAYER_Chrome1.bmp
  18 -11.549688 -1.050932 49.362718 -0.644181 -0.516784 0.563883 0.000000 0.000000
  18 -11.276144 -1.790835 49.083761 -0.362288 -0.631778 0.685277 0.000000 0.000000
  18 -11.170620 -1.680887 49.234014 -0.732900 -0.680300 -0.007000 0.000000 0.000000
PLAYER_Chrome1.bmp
  18 -11.170620 -1.680887 49.234014 -0.732900 -0.680300 -0.007000 0.000000 0.000000
  18 -11.276144 -1.790835 49.083761 -0.362288 -0.631778 0.685277 0.000000 0.000000
  18 -9.888061 -2.330835 49.095052 0.017500 -0.990622 0.135503 0.000000 0.000000
PLAYER_Chrome1.bmp
  8 9.877845 -2.340790 49.094028 -0.017501 -0.990622 0.135503 0.000000 0.000000
  8 11.170351 -1.690836 49.233985 0.732900 -0.680300 -0.007000 0.000000 0.000000
  8 9.947462 -2.490827 49.201464 -0.319598 -0.730596 -0.603396 0.000000 0.000000
PLAYER_Chrome1.bmp
  8 9.947462 -2.490827 49.201464 -0.319598 -0.730596 -0.603396 0.000000 0.000000
  8 11.170351 -1.690836 49.233985 0.732900 -0.680300 -0.007000 0.000000 0.000000
  8 11.216074 -1.800886 49.379238 0.753601 -0.329300 -0.568900 0.000000 0.000000
PLAYER_Chrome1.bmp
  8 11.170351 -1.690836 49.233985 0.732900 -0.680300 -0.007000 0.000000 0.000000
  8 11.414042 -1.080931 49.509902 0.944455 -0.328184 0.017299 0.000000 0.000000
  8 11.216074 -1.800886 49.379238 0.753601 -0.329300 -0.568900 0.000000 0.000000
PLAYER_Chrome1.bmp
  8 11.216074 -1.800886 49.379238 0.753601 -0.329300 -0.568900 0.000000 0.000000
  8 11.414042 -1.080931 49.509902 0.944455 -0.328184 0.017299 0.000000 0.000000
  8 11.499567 -1.260982 49.659124 0.939491 0.066799 -0.335997 0.000000 0.000000
PLAYER_Chrome1.bmp
  8 11.414042 -1.080931 49.509902 0.944455 -0.328184 0.017299 0.000000 0.000000
  8 11.499366 -0.451190 50.262395 0.982419 -0.186104 0.014800 0.000000 0.000000
  8 11.499567 -1.260982 49.659124 0.939491 0.066799 -0.335997 0.000000 0.000000
PLAYER_Chrome1.bmp
  8 11.499567 -1.260982 49.659124 0.939491 0.066799 -0.335997 0.000000 0.000000
  8 11.499366 -0.451190 50.262395 0.982419 -0.186104 0.014800 0.000000 0.000000
  8 11.564990 -0.651241 50.409614 0.946252 0.271486 -0.175791 0.000000 0.000000
PLAYER_Chrome1.bmp
  8 11.499366 -0.451190 50.262395 0.982419 -0.186104 0.014800 0.000000 0.000000
  8 11.554573 0.038274 51.815836 0.999402 0.016500 0.030400 0.000000 0.000000
  8 11.564990 -0.651241 50.409614 0.946252 0.271486 -0.175791 0.000000 0.000000
PLAYER_Chrome1.bmp
  8 11.564990 -0.651241 50.409614 0.946252 0.271486 -0.175791 0.000000 0.000000
  8 11.554573 0.038274 51.815836 0.999402 0.016500 0.030400 0.000000 0.000000
  8 11.655072 -0.191726 51.815789 0.844525 0.535516 -0.000500 0.000000 0.000000
PLAYER_Chrome1.bmp
  8 8.713648 1.799213 49.079151 -0.647204 0.749905 -0.137001 0.000000 0.000000
  8 9.924623 2.459232 49.030028 -0.036000 0.959003 0.281101 0.000000 0.000000
  8 8.566461 1.769294 48.843268 -0.783402 0.511401 0.353201 0.000000 0.000000
PLAYER_Chrome1.bmp
  8 8.713648 1.799213 49.079151 -0.647204 0.749905 -0.137001 0.000000 0.000000
  8 9.881762 2.389154 49.256858 0.033701 0.964123 -0.263307 0.000000 0.000000
  8 9.924623 2.459232 49.030028 -0.036000 0.959003 0.281101 0.000000 0.000000
PLAYER_Chrome1.bmp
  8 8.713648 1.799213 49.079151 -0.647204 0.749905 -0.137001 0.000000 0.000000
  8 8.750387 1.969132 49.314050 -0.515200 0.745299 -0.423200 0.000000 0.000000
  8 9.881762 2.389154 49.256858 0.033701 0.964123 -0.263307 0.000000 0.000000
PLAYER_Chrome1.bmp
  8 8.713648 1.799213 49.079151 -0.647204 0.749905 -0.137001 0.000000 0.000000
  8 8.246030 2.258226 51.936902 -0.841089 0.538093 -0.054999 0.000000 0.000000
  8 8.750387 1.969132 49.314050 -0.515200 0.745299 -0.423200 0.000000 0.000000
PLAYER_Chrome1.bmp
  8 8.713648 1.799213 49.079151 -0.647204 0.749905 -0.137001 0.000000 0.000000
  8 8.156447 2.118194 52.028367 -0.450229 0.890157 -0.070105 0.000000 0.000000
  8 8.246030 2.258226 51.936902 -0.841089 0.538093 -0.054999 0.000000 0.000000
PLAYER_Chrome1.bmp
  8 8.713648 1.799213 49.079151 -0.647204 0.749905 -0.137001 0.000000 0.000000
  8 8.461836 1.829141 49.285051 -0.432497 0.804195 -0.407697 0.000000 0.000000
  8 8.156447 2.118194 52.028367 -0.450229 0.890157 -0.070105 0.000000 0.000000
PLAYER_Chrome1.bmp
  8 8.713648 1.799213 49.079151 -0.647204 0.749905 -0.137001 0.000000 0.000000
  8 8.025135 0.059263 48.929068 -0.970042 0.200288 -0.137492 0.000000 0.000000
  8 8.461836 1.829141 49.285051 -0.432497 0.804195 -0.407697 0.000000 0.000000
PLAYER_Chrome1.bmp
  8 8.713648 1.799213 49.079151 -0.647204 0.749905 -0.137001 0.000000 0.000000
  8 8.566461 1.769294 48.843268 -0.783402 0.511401 0.353201 0.000000 0.000000
  8 8.025135 0.059263 48.929068 -0.970042 0.200288 -0.137492 0.000000 0.000000
PLAYER_Chrome1.bmp
  27 -4.080102 0.222349 69.976350 -0.913732 0.304511 0.269010 0.000000 0.000000
  27 -2.450094 1.788013 72.568776 -0.761160 0.587569 0.274586 0.000000 0.000000
  27 -3.150102 1.926449 69.258546 -0.765406 0.615505 0.187902 0.000000 0.000000
PLAYER_Chrome1.bmp
  27 -3.150102 1.926449 69.258546 -0.765406 0.615505 0.187902 0.000000 0.000000
  27 -2.450094 1.788013 72.568776 -0.761160 0.587569 0.274586 0.000000 0.000000
  27 -2.510102 2.664575 68.825337 -0.545614 0.815721 0.192105 0.000000 0.000000
PLAYER_Chrome1.bmp
  27 -2.450094 1.788013 72.568776 -0.761160 0.587569 0.274586 0.000000 0.000000
  27 -1.400094 2.441968 72.465134 -0.375693 0.905083 0.199196 0.000000 0.000000
  27 -2.510102 2.664575 68.825337 -0.545614 0.815721 0.192105 0.000000 0.000000
PLAYER_Chrome1.bmp
  27 -2.510102 2.664575 68.825337 -0.545614 0.815721 0.192105 0.000000 0.000000
  27 -1.400094 2.441968 72.465134 -0.375693 0.905083 0.199196 0.000000 0.000000
  27 -1.410102 3.268048 68.426311 -0.227290 0.956860 0.180992 0.000000 0.000000
PLAYER_Chrome1.bmp
  27 -1.400094 2.441968 72.465134 -0.375693 0.905083 0.199196 0.000000 0.000000
  27 -0.000094 2.740109 72.405037 0.000700 0.983959 0.178393 0.000000 0.000000
  27 -1.410102 3.268048 68.426311 -0.227290 0.956860 0.180992 0.000000 0.000000
PLAYER_Chrome1.bmp
  27 -1.410102 3.268048 68.426311 -0.227290 0.956860 0.180992 0.000000 0.000000
  27 -0.000094 2.740109 72.405037 0.000700 0.983959 0.178393 0.000000 0.000000
  27 -0.000103 3.369768 68.361866 0.000700 0.983959 0.178393 0.000000 0.000000
PLAYER_Chrome1.bmp
  27 -0.000094 2.740109 72.405037 0.000700 0.983959 0.178393 0.000000 0.000000
  27 1.429897 3.265287 68.435917 0.224307 0.957028 0.183805 0.000000 0.000000
  27 -0.000103 3.369768 68.361866 0.000700 0.983959 0.178393 0.000000 0.000000
PLAYER_Chrome1.bmp
  7 7.987438 2.494783 61.427221 0.352491 0.615084 0.705281 0.000000 0.000000
  7 8.192151 3.660159 59.117397 0.296316 0.874046 0.385020 0.000000 0.000000
  7 6.984011 2.532387 61.758159 0.398115 0.551920 0.732727 0.000000 0.000000
PLAYER_Chrome1.bmp
  7 6.984011 2.532387 61.758159 0.398115 0.551920 0.732727 0.000000 0.000000
  7 8.192151 3.660159 59.117397 0.296316 0.874046 0.385020 0.000000 0.000000
  7 6.919925 3.889390 59.897585 0.511299 0.773998 0.373499 0.000000 0.000000
PLAYER_Chrome1.bmp
  7 8.192151 3.660159 59.117397 0.296316 0.874046 0.385020 0.000000 0.000000
  7 7.850550 3.915312 57.072401 0.479901 0.876901 0.027200 0.000000 0.000000
  7 6.919925 3.889390 59.897585 0.511299 0.773998 0.373499 0.000000 0.000000
PLAYER_Chrome1.bmp
  7 6.919925 3.889390 59.897585 0.511299 0.773998 0.373499 0.000000 0.000000
  7 7.850550 3.915312 57.072401 0.479901 0.876901 0.027200 0.000000 0.000000
  4 6.199883 5.169750 58.784941 0.565096 0.822593 0.063300 0.000000 0.000000
PLAYER_Chrome1.bmp
  7 7.850550 3.915312 57.072401 0.479901 0.876901 0.027200 0.000000 0.000000
  7 7.476473 3.483403 55.010334 0.725653 0.572162 -0.382175 0.000000 0.000000
  4 6.199883 5.169750 58.784941 0.565096 0.822593 0.063300 0.000000 0.000000
PLAYER_Chrome1.bmp
  4 6.199883 5.169750 58.784941 0.565096 0.822593 0.063300 0.000000 0.000000
  7 7.476473 3.483403 55.010334 0.725653 0.572162 -0.382175 0.000000 0.000000
  4 3.859872 4.439759 51.572849 0.502906 0.861709 -0.067401 0.000000 0.000000
PLAYER_Chrome1.bmp
  7 7.476473 3.483403 55.010334 0.725653 0.572162 -0.382175 0.000000 0.000000
  4 6.039869 2.329186 51.811155 0.760586 0.414992 -0.499290 0.000000 0.000000
  4 3.859872 4.439759 51.572849 0.502906 0.861709 -0.067401 0.000000 0.000000
PLAYER_Chrome1.bmp
  4 -6.070131 2.329202 51.811172 -0.760617 0.414909 -0.499311 0.000000 0.000000
  17 -7.517314 3.490579 55.011955 -0.725680 0.572185 -0.382090 0.000000 0.000000
  4 -3.890128 4.449756 51.572349 -0.502905 0.861710 -0.067401 0.000000 0.000000
PLAYER_Chrome1.bmp
  4 -3.890128 4.449756 51.572349 -0.502905 0.861710 -0.067401 0.000000 0.000000
  17 -7.517314 3.490579 55.011955 -0.725680 0.572185 -0.382090 0.000000 0.000000
  4 -6.220117 5.179754 58.784447 -0.565095 0.822594 0.063300 0.000000 0.000000
PLAYER_Chrome1.bmp
  17 -7.517314 3.490579 55.011955 -0.725680 0.572185 -0.382090 0.000000 0.000000
  17 -7.870346 3.929064 57.077771 -0.479976 0.876857 0.027299 0.000000 0.000000
  4 -6.220117 5.179754 58.784447 -0.565095 0.822594 0.063300 0.000000 0.000000
PLAYER_Chrome1.bmp
  4 -6.220117 5.179754 58.784447 -0.565095 0.822594 0.063300 0.000000 0.000000
  17 -7.870346 3.929064 57.077771 -0.479976 0.876857 0.027299 0.000000 0.000000
  17 -6.941450 3.893303 59.903293 -0.511298 0.773998 0.373499 0.000000 0.000000
PLAYER_Chrome1.bmp
  17 -7.870346 3.929064 57.077771 -0.479976 0.876857 0.027299 0.000000 0.000000
  17 -8.231244 3.677173 59.118679 -0.296395 0.873987 0.385094 0.000000 0.000000
  17 -6.941450 3.893303 59.903293 -0.511298 0.773998 0.373499 0.000000 0.000000
PLAYER_Chrome1.bmp
  17 -6.941450 3.893303 59.903293 -0.511298 0.773998 0.373499 0.000000 0.000000
  17 -8.231244 3.677173 59.118679 -0.296395 0.873987 0.385094 0.000000 0.000000
  17 -7.021136 2.548722 61.749655 -0.398001 0.551902 0.732802 0.000000 0.000000
PLAYER_Chrome1.bmp
  17 -8.231244 3.677173 59.118679 -0.296395 0.873987 0.385094 0.000000 0.000000
  17 -8.024564 2.511114 61.418720 -0.352491 0.615084 0.705281 0.000000 0.000000
  17 -7.021136 2.548722 61.749655 -0.398001 0.551902 0.732802 0.000000 0.000000
PLAYER_Chrome1.bmp
  27 3.389896 -1.004823 69.249651 0.970212 -0.225903 -0.087501 0.000000 0.000000
  27 3.239894 -4.421965 70.100090 0.867047 -0.268915 -0.419422 0.000000 0.000000
  27 3.039894 -4.596066 69.800443 0.867047 -0.268915 -0.419422 0.000000 0.000000
PLAYER_Chrome1.bmp
  27 3.039894 -4.596066 69.800443 0.867047 -0.268915 -0.419422 0.000000 0.000000
  27 3.239894 -4.421965 70.100090 0.867047 -0.268915 -0.419422 0.000000 0.000000
  27 2.669893 -5.446443 69.899735 0.794127 -0.459116 -0.398214 0.000000 0.000000
PLAYER_Chrome1.bmp
  27 3.239894 -4.421965 70.100090 0.867047 -0.268915 -0.419422 0.000000 0.000000
  27 2.849894 -5.450959 70.241757 0.730909 -0.491106 -0.473906 0.000000 0.000000
  27 2.669893 -5.446443 69.899735 0.794127 -0.459116 -0.398214 0.000000 0.000000
PLAYER_Chrome1.bmp
  27 2.669893 -5.446443 69.899735 0.794127 -0.459116 -0.398214 0.000000 0.000000
  27 2.849894 -5.450959 70.241757 0.730909 -0.491106 -0.473906 0.000000 0.000000
  27 1.949892 -6.306347 69.923469 0.517078 -0.647173 -0.560176 0.000000 0.000000
PLAYER_Chrome1.bmp
  27 2.849894 -5.450959 70.241757 0.730909 -0.491106 -0.473906 0.000000 0.000000
  27 2.079893 -6.479785 70.237824 0.517078 -0.647173 -0.560176 0.000000 0.000000
  27 1.949892 -6.306347 69.923469 0.517078 -0.647173 -0.560176 0.000000 0.000000
PLAYER_Chrome1.bmp
  27 1.949892 -6.306347 69.923469 0.517078 -0.647173 -0.560176 0.000000 0.000000
  27 2.079893 -6.479785 70.237824 0.517078 -0.647173 -0.560176 0.000000 0.000000
  27 0.979892 -6.939826 70.137022 0.316309 -0.681219 -0.660219 0.000000 0.000000
PLAYER_Chrome1.bmp
  17 -7.517314 3.490579 55.011955 -0.725680 0.572185 -0.382090 0.000000 0.000000
  4 -6.810133 -0.020542 52.071750 -0.951773 0.026099 -0.305691 0.000000 0.000000
  17 -7.092709 0.116987 53.053004 -0.963084 -0.032799 -0.267195 0.000000 0.000000
PLAYER_Chrome1.bmp
  17 -7.092709 0.116987 53.053004 -0.963084 -0.032799 -0.267195 0.000000 0.000000
  4 -6.810133 -0.020542 52.071750 -0.951773 0.026099 -0.305691 0.000000 0.000000
  17 -7.273975 -3.173953 55.096765 -0.927051 -0.277515 -0.252114 0.000000 0.000000
PLAYER_Chrome1.bmp
  4 -6.810133 -0.020542 52.071750 -0.951773 0.026099 -0.305691 0.000000 0.000000
  4 -6.740136 -2.618424 52.375079 -0.911279 -0.331792 -0.243894 0.000000 0.000000
  17 -7.273975 -3.173953 55.096765 -0.927051 -0.277515 -0.252114 0.000000 0.000000
PLAYER_Chrome1.bmp
  17 -7.273975 -3.173953 55.096765 -0.927051 -0.277515 -0.252114 0.000000 0.000000
  4 -6.740136 -2.618424 52.375079 -0.911279 -0.331792 -0.243894 0.000000 0.000000
  4 -6.330136 -4.800545 54.930083 -0.699113 -0.713613 -0.044701 0.000000 0.000000
PLAYER_Chrome1.bmp
  4 -6.740136 -2.618424 52.375079 -0.911279 -0.331792 -0.243894 0.000000 0.000000
  4 -5.510139 -5.231941 52.959575 -0.736079 -0.657981 -0.158896 0.000000 0.000000
  4 -6.330136 -4.800545 54.930083 -0.699113 -0.713613 -0.044701 0.000000 0.000000
PLAYER_Chrome1.bmp
  4 -6.330136 -4.800545 54.930083 -0.699113 -0.713613 -0.044701 0.000000 0.000000
  4 -5.510139 -5.231941 52.959575 -0.736079 -0.657981 -0.158896 0.000000 0.000000
  4 -3.540138 -6.762852 55.130752 -0.578782 -0.806973 0.117496 0.000000 0.000000
PLAYER_Chrome1.bmp
  27 -3.020100 -4.919379 72.631087 -0.804093 -0.378196 0.458696 0.000000 0.000000
  27 -3.380098 -3.241280 73.019008 -0.726433 -0.091404 0.681131 0.000000 0.000000
  27 -3.650099 -3.525126 72.594237 -0.916322 -0.154804 0.369309 0.000000 0.000000
PLAYER_Chrome1.bmp
  27 -3.650099 -3.525126 72.594237 -0.916322 -0.154804 0.369309 0.000000 0.000000
  27 -3.380098 -3.241280 73.019008 -0.726433 -0.091404 0.681131 0.000000 0.000000
  27 -3.510097 -1.172089 72.551624 -0.898777 0.103598 0.425989 0.000000 0.000000
PLAYER_Chrome1.bmp
  27 -3.380098 -3.241280 73.019008 -0.726433 -0.091404 0.681131 0.000000 0.000000
  27 -3.020095 -0.789532 73.139969 -0.757110 0.110302 0.643908 0.000000 0.000000
  27 -3.510097 -1.172089 72.551624 -0.898777 0.103598 0.425989 0.000000 0.000000
PLAYER_Chrome1.bmp
  27 -3.510097 -1.172089 72.551624 -0.898777 0.103598 0.425989 0.000000 0.000000
  27 -3.020095 -0.789532 73.139969 -0.757110 0.110302 0.643908 0.000000 0.000000
  27 -3.250096 0.061350 72.603871 -0.853497 0.256499 0.453598 0.000000 0.000000
PLAYER_Chrome1.bmp
  27 -3.020095 -0.789532 73.139969 -0.757110 0.110302 0.643908 0.000000 0.000000
  27 -3.000095 0.245063 72.906277 -0.807490 0.267397 0.525793 0.000000 0.000000
  27 -3.250096 0.061350 72.603871 -0.853497 0.256499 0.453598 0.000000 0.000000
PLAYER_Chrome1.bmp
  17 -8.217491 0.262282 62.099404 -0.416107 -0.001400 0.909315 0.000000 0.000000
  17 -7.017021 -1.973708 61.739233 -0.133201 -0.560602 0.817303 0.000000 0.000000
  17 -7.251790 0.264317 62.384391 -0.254491 -0.003800 0.967068 0.000000 0.000000
PLAYER_Chrome1.bmp
  17 -8.217491 0.262282 62.099404 -0.416107 -0.001400 0.909315 0.000000 0.000000
  17 -8.023595 -1.949264 61.423778 -0.337688 -0.609378 0.717374 0.000000 0.000000
  17 -7.017021 -1.973708 61.739233 -0.133201 -0.560602 0.817303 0.000000 0.000000
PLAYER_Chrome1.bmp
  17 -8.217491 0.262282 62.099404 -0.416107 -0.001400 0.909315 0.000000 0.000000
  17 -8.839317 -1.923600 60.941970 -0.460004 -0.491304 0.739606 0.000000 0.000000
  17 -8.023595 -1.949264 61.423778 -0.337688 -0.609378 0.717374 0.000000 0.000000
PLAYER_Chrome1.bmp
  17 -8.217491 0.262282 62.099404 -0.416107 -0.001400 0.909315 0.000000 0.000000
  17 -9.003817 0.261998 61.604843 -0.532395 0.002300 0.846493 0.000000 0.000000
  17 -8.839317 -1.923600 60.941970 -0.460004 -0.491304 0.739606 0.000000 0.000000
PLAYER_Chrome1.bmp
  17 -8.217491 0.262282 62.099404 -0.416107 -0.001400 0.909315 0.000000 0.000000
  17 -8.840832 2.465568 60.931553 -0.472789 0.494588 0.729283 0.000000 0.000000
  17 -9.003817 0.261998 61.604843 -0.532395 0.002300 0.846493 0.000000 0.000000
PLAYER_Chrome1.bmp
  7 8.801749 2.448556 60.930270 0.472789 0.494588 0.729283 0.000000 0.000000
  7 8.170724 0.244319 62.109950 0.415783 -0.001300 0.909463 0.000000 0.000000
  7 8.957048 0.244039 61.615386 0.532395 0.002900 0.846491 0.000000 0.000000
PLAYER_Chrome1.bmp
  7 8.957048 0.244039 61.615386 0.532395 0.002900 0.846491 0.000000 0.000000
  7 8.170724 0.244319 62.109950 0.415783 -0.001300 0.909463 0.000000 0.000000
  7 8.800250 -1.940611 60.940687 0.459101 -0.491101 0.740301 0.000000 0.000000
PLAYER_Chrome1.bmp
  7 8.170724 0.244319 62.109950 0.415783 -0.001300 0.909463 0.000000 0.000000
  7 7.974878 -1.967911 61.424542 0.336797 -0.609495 0.717694 0.000000 0.000000
  7 8.800250 -1.940611 60.940687 0.459101 -0.491101 0.740301 0.000000 0.000000
PLAYER_Chrome1.bmp
  7 8.800250 -1.940611 60.940687 0.459101 -0.491101 0.740301 0.000000 0.000000
  7 7.974878 -1.967911 61.424542 0.336797 -0.609495 0.717694 0.000000 0.000000
  7 8.157211 -3.180579 59.213730 0.324808 -0.875321 0.358209 0.000000 0.000000
PLAYER_Chrome1.bmp
  7 7.974878 -1.967911 61.424542 0.336797 -0.609495 0.717694 0.000000 0.000000
  7 6.977957 -1.990726 61.737955 0.134103 -0.560511 0.817217 0.000000 0.000000
  7 8.157211 -3.180579 59.213730 0.324808 -0.875321 0.358209 0.000000 0.000000
PLAYER_Chrome1.bmp
  7 7.063266 0.101599 53.049681 0.963084 -0.032800 -0.267195 0.000000 0.000000
  7 7.233161 -3.181130 55.095146 0.927063 -0.277589 -0.251990 0.000000 0.000000
  4 6.789866 -0.030547 52.072242 0.951773 0.026099 -0.305691 0.000000 0.000000
PLAYER_Chrome1.bmp
  4 6.789866 -0.030547 52.072242 0.951773 0.026099 -0.305691 0.000000 0.000000
  7 7.233161 -3.181130 55.095146 0.927063 -0.277589 -0.251990 0.000000 0.000000
  4 6.709863 -2.628429 52.375571 0.911279 -0.331792 -0.243894 0.000000 0.000000
PLAYER_Chrome1.bmp
  7 7.233161 -3.181130 55.095146 0.927063 -0.277589 -0.251990 0.000000 0.000000
  4 6.299864 -4.810549 54.930576 0.699119 -0.713619 -0.044501 0.000000 0.000000
  4 6.709863 -2.628429 52.375571 0.911279 -0.331792 -0.243894 0.000000 0.000000
PLAYER_Chrome1.bmp
  4 6.709863 -2.628429 52.375571 0.911279 -0.331792 -0.243894 0.000000 0.000000
  4 6.299864 -4.810549 54.930576 0.699119 -0.713619 -0.044501 0.000000 0.000000
  4 5.479861 -5.241431 52.970057 0.736079 -0.657982 -0.158896 0.000000 0.000000
PLAYER_Chrome1.bmp
  4 6.299864 -4.810549 54.930576 0.699119 -0.713619 -0.044501 0.000000 0.000000
  4 3.509862 -6.772848 55.131253 0.578781 -0.806974 0.117496 0.000000 0.000000
  4 5.479861 -5.241431 52.970057 0.736079 -0.657982 -0.158896 0.000000 0.000000
PLAYER_Chrome1.bmp
  17 -7.021136 2.548722 61.749655 -0.398001 0.551902 0.732802 0.000000 0.000000
  4 -5.720115 4.175081 60.868585 -0.514616 0.693423 0.504316 0.000000 0.000000
  17 -6.941450 3.893303 59.903293 -0.511298 0.773998 0.373499 0.000000 0.000000
PLAYER_Chrome1.bmp
  17 -7.021136 2.548722 61.749655 -0.398001 0.551902 0.732802 0.000000 0.000000
  4 -5.230114 3.666983 61.895929 -0.474398 0.682097 0.556498 0.000000 0.000000
  4 -5.720115 4.175081 60.868585 -0.514616 0.693423 0.504316 0.000000 0.000000
PLAYER_Chrome1.bmp
  17 -7.021136 2.548722 61.749655 -0.398001 0.551902 0.732802 0.000000 0.000000
  4 -4.730114 3.169384 62.932748 -0.505023 0.434720 0.745634 0.000000 0.000000
  4 -5.230114 3.666983 61.895929 -0.474398 0.682097 0.556498 0.000000 0.000000
PLAYER_Chrome1.bmp
  17 -7.021136 2.548722 61.749655 -0.398001 0.551902 0.732802 0.000000 0.000000
  5 -6.130118 0.201590 62.640564 -0.130694 -0.100096 0.986357 0.000000 0.000000
  4 -4.730114 3.169384 62.932748 -0.505023 0.434720 0.745634 0.000000 0.000000
PLAYER_Chrome1.bmp
  4 6.199883 5.169750 58.784941 0.565096 0.822593 0.063300 0.000000 0.000000
  4 5.699885 4.164568 60.859093 0.514690 0.693387 0.504290 0.000000 0.000000
  7 6.919925 3.889390 59.897585 0.511299 0.773998 0.373499 0.000000 0.000000
PLAYER_Chrome1.bmp
  7 6.919925 3.889390 59.897585 0.511299 0.773998 0.373499 0.000000 0.000000
  4 5.699885 4.164568 60.859093 0.514690 0.693387 0.504290 0.000000 0.000000
  7 6.984011 2.532387 61.758159 0.398115 0.551920 0.732727 0.000000 0.000000
PLAYER_Chrome1.bmp
  4 5.699885 4.164568 60.859093 0.514690 0.693387 0.504290 0.000000 0.000000
  4 5.199885 3.656983 61.896425 0.474398 0.682097 0.556498 0.000000 0.000000
  7 6.984011 2.532387 61.758159 0.398115 0.551920 0.732727 0.000000 0.000000
PLAYER_Chrome1.bmp
  7 6.984011 2.532387 61.758159 0.398115 0.551920 0.732727 0.000000 0.000000
  4 5.199885 3.656983 61.896425 0.474398 0.682097 0.556498 0.000000 0.000000
  4 4.709886 3.159385 62.933246 0.505113 0.434811 0.745520 0.000000 0.000000
PLAYER_Chrome1.bmp
  18 -8.199890 -0.400414 47.891161 0.885909 0.337603 -0.318103 0.000000 0.000000
  18 -8.354200 -0.200333 47.655457 0.971479 -0.091898 -0.218595 0.000000 0.000000
  18 -7.903950 -0.090844 49.137951 0.885909 0.337603 -0.318103 0.000000 0.000000
PLAYER_Chrome1.bmp
  18 -7.903950 -0.090844 49.137951 0.885909 0.337603 -0.318103 0.000000 0.000000
  18 -8.354200 -0.200333 47.655457 0.971479 -0.091898 -0.218595 0.000000 0.000000
  18 -8.036363 0.059231 48.920133 0.970042 0.200288 -0.137492 0.000000 0.000000
PLAYER_Chrome1.bmp
  18 -8.354200 -0.200333 47.655457 0.971479 -0.091898 -0.218595 0.000000 0.000000
  18 -7.996630 0.159302 48.715177 0.958507 -0.281102 0.047400 0.000000 0.000000
  18 -8.036363 0.059231 48.920133 0.970042 0.200288 -0.137492 0.000000 0.000000
PLAYER_Chrome1.bmp
  18 -8.036363 0.059231 48.920133 0.970042 0.200288 -0.137492 0.000000 0.000000
  18 -7.996630 0.159302 48.715177 0.958507 -0.281102 0.047400 0.000000 0.000000
  18 -8.566748 1.779256 48.843291 0.783402 0.511401 0.353201 0.000000 0.000000
PLAYER_Chrome1.bmp
  18 -11.914218 -0.000578 48.334333 -0.797922 -0.582116 0.156404 0.000000 0.000000
  18 -11.819776 -0.210488 48.073530 -0.993018 -0.084901 0.081901 0.000000 0.000000
  18 -11.847262 0.159122 49.202039 -0.882040 -0.331215 0.335115 0.000000 0.000000
PLAYER_Chrome1.bmp
  18 -11.847262 0.159122 49.202039 -0.882040 -0.331215 0.335115 0.000000 0.000000
  18 -11.819776 -0.210488 48.073530 -0.993018 -0.084901 0.081901 0.000000 0.000000
  18 -11.725797 0.039051 49.410915 -0.972148 0.198310 0.124906 0.000000 0.000000
PLAYER_Chrome1.bmp
  18 -11.819776 -0.210488 48.073530 -0.993018 -0.084901 0.081901 0.000000 0.000000
  18 -11.814282 -0.111026 49.630796 -0.919412 0.385605 -0.077401 0.000000 0.000000
  18 -11.725797 0.039051 49.410915 -0.972148 0.198310 0.124906 0.000000 0.000000
PLAYER_Chrome1.bmp
  18 -11.725797 0.039051 49.410915 -0.972148 0.198310 0.124906 0.000000 0.000000
  18 -11.814282 -0.111026 49.630796 -0.919412 0.385605 -0.077401 0.000000 0.000000
  18 -11.241145 1.818975 49.634257 -0.516684 0.796876 -0.313091 0.000000 0.000000
PLAYER_Chrome1.bmp
  8 8.189660 -0.010378 47.890279 -0.835435 -0.542722 -0.086604 0.000000 0.000000
  8 8.343969 -0.210297 47.654437 -0.971479 -0.091898 -0.218595 0.000000 0.000000
  8 7.986400 0.159337 48.714161 -0.958507 -0.281102 0.047400 0.000000 0.000000
PLAYER_Chrome1.bmp
  8 7.986400 0.159337 48.714161 -0.958507 -0.281102 0.047400 0.000000 0.000000
  8 8.343969 -0.210297 47.654437 -0.971479 -0.091898 -0.218595 0.000000 0.000000
  8 8.025135 0.059263 48.929068 -0.970042 0.200288 -0.137492 0.000000 0.000000
PLAYER_Chrome1.bmp
  8 8.343969 -0.210297 47.654437 -0.971479 -0.091898 -0.218595 0.000000 0.000000
  8 7.893722 -0.100809 49.136932 -0.885909 0.337603 -0.318103 0.000000 0.000000
  8 8.025135 0.059263 48.929068 -0.970042 0.200288 -0.137492 0.000000 0.000000
PLAYER_Chrome1.bmp
  8 8.025135 0.059263 48.929068 -0.970042 0.200288 -0.137492 0.000000 0.000000
  8 7.893722 -0.100809 49.136932 -0.885909 0.337603 -0.318103 0.000000 0.000000
  8 8.461836 1.829141 49.285051 -0.432497 0.804195 -0.407697 0.000000 0.000000
PLAYER_Chrome1.bmp
  8 11.819496 -0.210434 48.073502 0.993018 -0.084902 0.081901 0.000000 0.000000
  8 11.814005 -0.120972 49.630764 0.919412 0.385605 -0.077401 0.000000 0.000000
  8 11.903989 -0.410524 48.333166 0.913742 0.405818 -0.019701 0.000000 0.000000
PLAYER_Chrome1.bmp
  8 11.819496 -0.210434 48.073502 0.993018 -0.084902 0.081901 0.000000 0.000000
  8 11.724521 0.039101 49.420837 0.972148 0.198310 0.124906 0.000000 0.000000
  8 11.814005 -0.120972 49.630764 0.919412 0.385605 -0.077401 0.000000 0.000000
PLAYER_Chrome1.bmp
  8 11.819496 -0.210434 48.073502 0.993018 -0.084902 0.081901 0.000000 0.000000
  8 11.846983 0.149176 49.202008 0.882040 -0.331215 0.335115 0.000000 0.000000
  8 11.724521 0.039101 49.420837 0.972148 0.198310 0.124906 0.000000 0.000000
PLAYER_Chrome1.bmp
  8 11.819496 -0.210434 48.073502 0.993018 -0.084902 0.081901 0.000000 0.000000
  8 11.903988 -0.010524 48.333304 0.797922 -0.582116 0.156404 0.000000 0.000000
  8 11.846983 0.149176 49.202008 0.882040 -0.331215 0.335115 0.000000 0.000000
PLAYER_Chrome1.bmp
  27 3.599901 -3.525132 72.594220 0.917915 -0.140402 0.371106 0.000000 0.000000
  27 3.049900 -4.926239 72.618702 0.820909 -0.345604 0.454605 0.000000 0.000000
  27 3.719896 -4.510735 70.844481 0.939573 -0.258293 0.224694 0.000000 0.000000
PLAYER_Chrome1.bmp
  27 3.719896 -4.510735 70.844481 0.939573 -0.258293 0.224694 0.000000 0.000000
  27 3.049900 -4.926239 72.618702 0.820909 -0.345604 0.454605 0.000000 0.000000
  27 3.229895 -5.950458 71.003532 0.838299 -0.416100 0.352300 0.000000 0.000000
PLAYER_Chrome1.bmp
  27 3.049900 -4.926239 72.618702 0.820909 -0.345604 0.454605 0.000000 0.000000
  27 2.179899 -6.242342 72.782017 0.575801 -0.568901 0.587201 0.000000 0.000000
  27 3.229895 -5.950458 71.003532 0.838299 -0.416100 0.352300 0.000000 0.000000
PLAYER_Chrome1.bmp
  27 2.229904 -3.868583 73.827325 0.583095 -0.153899 0.797694 0.000000 0.000000
  27 1.459903 -4.767104 73.985628 0.442184 -0.313989 0.840169 0.000000 0.000000
  27 2.799902 -4.409113 73.245664 0.645501 -0.291601 0.705902 0.000000 0.000000
PLAYER_Chrome1.bmp
  27 2.799902 -4.409113 73.245664 0.645501 -0.291601 0.705902 0.000000 0.000000
  27 1.459903 -4.767104 73.985628 0.442184 -0.313989 0.840169 0.000000 0.000000
  27 1.849901 -5.618146 73.470916 0.410102 -0.439602 0.799104 0.000000 0.000000
PLAYER_Chrome1.bmp
  27 1.459903 -4.767104 73.985628 0.442184 -0.313989 0.840169 0.000000 0.000000
  27 0.749903 -5.241020 74.005686 0.213206 -0.464314 0.859625 0.000000 0.000000
  27 1.849901 -5.618146 73.470916 0.410102 -0.439602 0.799104 0.000000 0.000000
PLAYER_Chrome1.bmp
  27 2.389886 -5.650619 67.094595 0.765415 -0.507810 0.395308 0.000000 0.000000
  27 1.969886 -6.156214 67.188791 0.637191 -0.574192 0.514093 0.000000 0.000000
  27 2.549885 -5.706534 66.745634 0.748499 -0.471700 0.466099 0.000000 0.000000
PLAYER_Chrome1.bmp
  27 2.549885 -5.706534 66.745634 0.748499 -0.471700 0.466099 0.000000 0.000000
  27 1.969886 -6.156214 67.188791 0.637191 -0.574192 0.514093 0.000000 0.000000
  27 2.099885 -6.334412 66.867161 0.532779 -0.602677 0.594077 0.000000 0.000000
PLAYER_Chrome1.bmp
  27 1.969886 -6.156214 67.188791 0.637191 -0.574192 0.514093 0.000000 0.000000
  27 0.979886 -6.556161 67.386131 0.322199 -0.669898 0.668898 0.000000 0.000000
  27 2.099885 -6.334412 66.867161 0.532779 -0.602677 0.594077 0.000000 0.000000
PLAYER_Chrome1.bmp
  27 -0.000094 2.740109 72.405037 0.000700 0.983959 0.178393 0.000000 0.000000
  27 1.359906 2.441966 72.465128 0.365491 0.908276 0.203595 0.000000 0.000000
  27 1.429897 3.265287 68.435917 0.224307 0.957028 0.183805 0.000000 0.000000
PLAYER_Chrome1.bmp
  27 1.429897 3.265287 68.435917 0.224307 0.957028 0.183805 0.000000 0.000000
  27 1.359906 2.441966 72.465128 0.365491 0.908276 0.203595 0.000000 0.000000
  27 2.559898 2.661812 68.834937 0.510004 0.836406 0.200801 0.000000 0.000000
PLAYER_Chrome1.bmp
  27 1.359906 2.441966 72.465128 0.365491 0.908276 0.203595 0.000000 0.000000
  27 2.459906 1.778396 72.566006 0.757746 0.589035 0.280817 0.000000 0.000000
  27 2.559898 2.661812 68.834937 0.510004 0.836406 0.200801 0.000000 0.000000
PLAYER_Chrome1.bmp
  27 1.949892 -6.306347 69.923469 0.517078 -0.647173 -0.560176 0.000000 0.000000
  27 0.979892 -6.939826 70.137022 0.316309 -0.681219 -0.660219 0.000000 0.000000
  27 0.919892 -6.657897 69.843396 0.316309 -0.681219 -0.660219 0.000000 0.000000
PLAYER_Chrome1.bmp
  27 0.919892 -6.657897 69.843396 0.316309 -0.681219 -0.660219 0.000000 0.000000
  27 0.979892 -6.939826 70.137022 0.316309 -0.681219 -0.660219 0.000000 0.000000
  27 -0.000109 -6.838936 69.604181 -0.004600 -0.679999 -0.733199 0.000000 0.000000
PLAYER_Chrome1.bmp
  27 0.979892 -6.939826 70.137022 0.316309 -0.681219 -0.660219 0.000000 0.000000
  27 -0.000109 -7.144184 69.870309 -0.005500 -0.641718 -0.766921 0.000000 0.000000
  27 -0.000109 -6.838936 69.604181 -0.004600 -0.679999 -0.733199 0.000000 0.000000
PLAYER_Chrome1.bmp
  27 2.459906 1.778396 72.566006 0.757746 0.589035 0.280817 0.000000 0.000000
  27 3.019905 0.235446 72.903504 0.806325 0.260708 0.530916 0.000000 0.000000
  27 3.279904 0.017379 72.612047 0.859099 0.249100 0.447099 0.000000 0.000000
PLAYER_Chrome1.bmp
  27 3.279904 0.017379 72.612047 0.859099 0.249100 0.447099 0.000000 0.000000
  27 3.019905 0.235446 72.903504 0.806325 0.260708 0.530916 0.000000 0.000000
  27 3.009905 -0.789538 73.139954 0.746700 0.093900 0.658500 0.000000 0.000000
PLAYER_Chrome1.bmp
  27 -2.050101 -6.232726 72.784786 -0.565297 -0.573096 0.593296 0.000000 0.000000
  27 -2.780098 -4.399496 73.248436 -0.628286 -0.322293 0.708084 0.000000 0.000000
  27 -3.020100 -4.919379 72.631087 -0.804093 -0.378196 0.458696 0.000000 0.000000
PLAYER_Chrome1.bmp
  27 -3.020100 -4.919379 72.631087 -0.804093 -0.378196 0.458696 0.000000 0.000000
  27 -2.780098 -4.399496 73.248436 -0.628286 -0.322293 0.708084 0.000000 0.000000
  27 -3.380098 -3.241280 73.019008 -0.726433 -0.091404 0.681131 0.000000 0.000000
PLAYER_Chrome1.bmp
  27 -0.000108 -8.086006 70.650804 -0.005500 -0.641718 -0.766921 0.000000 0.000000
  27 0.979892 -6.939826 70.137022 0.288401 -0.571702 -0.768103 0.000000 0.000000
  27 1.159893 -7.884406 70.927129 0.288401 -0.571702 -0.768103 0.000000 0.000000
PLAYER_Chrome1.bmp
  27 1.159893 -7.884406 70.927129 0.288401 -0.571702 -0.768103 0.000000 0.000000
  27 0.979892 -6.939826 70.137022 0.288401 -0.571702 -0.768103 0.000000 0.000000
  27 2.079893 -6.479785 70.237824 0.470318 -0.504420 -0.724128 0.000000 0.000000
PLAYER_Chrome1.bmp
  18 -11.277119 1.759133 49.175536 -0.652409 0.497507 0.571708 0.000000 0.000000
  18 -11.046204 1.789066 49.373482 -0.665684 0.744682 0.048099 0.000000 0.000000
  18 -9.924914 2.459188 49.030051 0.036000 0.959003 0.281101 0.000000 0.000000
PLAYER_Chrome1.bmp
  18 -9.924914 2.459188 49.030051 0.036000 0.959003 0.281101 0.000000 0.000000
  18 -11.046204 1.789066 49.373482 -0.665684 0.744682 0.048099 0.000000 0.000000
  18 -9.882052 2.389109 49.256881 -0.033701 0.964123 -0.263306 0.000000 0.000000
PLAYER_Chrome1.bmp
  8 11.276832 1.759185 49.175509 0.652409 0.497507 0.571708 0.000000 0.000000
  8 9.924623 2.459232 49.030028 -0.036000 0.959003 0.281101 0.000000 0.000000
  8 11.044920 1.789112 49.383405 0.665684 0.744682 0.048099 0.000000 0.000000
PLAYER_Chrome1.bmp
  8 11.044920 1.789112 49.383405 0.665684 0.744682 0.048099 0.000000 0.000000
  8 9.924623 2.459232 49.030028 -0.036000 0.959003 0.281101 0.000000 0.000000
  8 9.881762 2.389154 49.256858 0.033701 0.964123 -0.263307 0.000000 0.000000
PLAYER_Chrome1.bmp
  4 -2.800112 4.237451 63.258520 -0.325604 0.617507 0.716008 0.000000 0.000000
  5 -0.000110 4.010309 64.613167 0.000400 0.643091 0.765789 0.000000 0.000000
  4 -0.000111 4.878902 63.465965 0.000400 0.799568 0.600576 0.000000 0.000000
PLAYER_Chrome1.bmp
  4 -0.000111 4.878902 63.465965 0.000400 0.799568 0.600576 0.000000 0.000000
  5 -0.000110 4.010309 64.613167 0.000400 0.643091 0.765789 0.000000 0.000000
  4 2.789888 4.236932 63.248525 0.326296 0.617392 0.715791 0.000000 0.000000
PLAYER_Chrome1.bmp
  7 7.974878 -1.967911 61.424542 0.336797 -0.609495 0.717694 0.000000 0.000000
  7 8.170724 0.244319 62.109950 0.415783 -0.001300 0.909463 0.000000 0.000000
  7 6.977957 -1.990726 61.737955 0.134103 -0.560511 0.817217 0.000000 0.000000
PLAYER_Chrome1.bmp
  7 6.977957 -1.990726 61.737955 0.134103 -0.560511 0.817217 0.000000 0.000000
  7 8.170724 0.244319 62.109950 0.415783 -0.001300 0.909463 0.000000 0.000000
  7 7.203067 0.245667 62.385157 0.254610 -0.003800 0.967036 0.000000 0.000000
PLAYER_Chrome1.bmp
  5 -3.420127 -4.140551 60.575894 -0.369197 -0.725994 0.580195 0.000000 0.000000
  4 -5.870126 -3.156538 60.242920 -0.466703 -0.685104 0.559303 0.000000 0.000000
  4 -2.570130 -5.524161 59.372925 -0.431699 -0.771597 0.467198 0.000000 0.000000
PLAYER_Chrome1.bmp
  4 -2.570130 -5.524161 59.372925 -0.431699 -0.771597 0.467198 0.000000 0.000000
  4 -5.870126 -3.156538 60.242920 -0.466703 -0.685104 0.559303 0.000000 0.000000
  4 -3.540138 -6.762852 55.130752 -0.486102 -0.802704 0.345502 0.000000 0.000000
PLAYER_Chrome1.bmp
  17 -8.839317 -1.923600 60.941970 -0.460004 -0.491304 0.739606 0.000000 0.000000
  17 -8.203972 -3.162616 59.203184 -0.324892 -0.875378 0.357991 0.000000 0.000000
  17 -8.023595 -1.949264 61.423778 -0.337688 -0.609378 0.717374 0.000000 0.000000
PLAYER_Chrome1.bmp
  17 -8.023595 -1.949264 61.423778 -0.337688 -0.609378 0.717374 0.000000 0.000000
  17 -8.203972 -3.162616 59.203184 -0.324892 -0.875378 0.357991 0.000000 0.000000
  17 -7.017021 -1.973708 61.739233 -0.133201 -0.560602 0.817303 0.000000 0.000000
PLAYER_Chrome1.bmp
  4 6.039869 2.329186 51.811155 0.760586 0.414992 -0.499290 0.000000 0.000000
  7 7.476473 3.483403 55.010334 0.725653 0.572162 -0.382175 0.000000 0.000000
  4 6.789866 -0.030547 52.072242 0.951773 0.026099 -0.305691 0.000000 0.000000
PLAYER_Chrome1.bmp
  4 6.789866 -0.030547 52.072242 0.951773 0.026099 -0.305691 0.000000 0.000000
  7 7.476473 3.483403 55.010334 0.725653 0.572162 -0.382175 0.000000 0.000000
  7 7.063266 0.101599 53.049681 0.963084 -0.032800 -0.267195 0.000000 0.000000
PLAYER_Chrome1.bmp
  4 3.509862 -6.772848 55.131253 0.486102 -0.802704 0.345502 0.000000 0.000000
  4 5.839874 -3.166029 60.253401 0.466703 -0.685104 0.559304 0.000000 0.000000
  4 2.539870 -5.524168 59.372917 0.431698 -0.771597 0.467198 0.000000 0.000000
PLAYER_Chrome1.bmp
  4 2.539870 -5.524168 59.372917 0.431698 -0.771597 0.467198 0.000000 0.000000
  4 5.839874 -3.166029 60.253401 0.466703 -0.685104 0.559304 0.000000 0.000000
  5 3.379873 -4.150554 60.576221 0.369197 -0.725994 0.580195 0.000000 0.000000
PLAYER_Chrome1.bmp
  27 4.109897 -2.162795 70.457086 0.977846 -0.002600 0.209310 0.000000 0.000000
  27 3.599901 -3.525132 72.594220 0.917915 -0.140402 0.371106 0.000000 0.000000
  27 3.719896 -4.510735 70.844481 0.939573 -0.258293 0.224694 0.000000 0.000000
PLAYER_Chrome1.bmp
  27 2.229904 -3.868583 73.827325 0.583095 -0.153899 0.797694 0.000000 0.000000
  27 2.799902 -4.409113 73.245664 0.645501 -0.291601 0.705902 0.000000 0.000000
  27 3.329902 -3.241286 73.018993 0.730097 -0.078700 0.678797 0.000000 0.000000
PLAYER_Chrome1.bmp
  27 2.389886 -5.650619 67.094595 0.765415 -0.507810 0.395308 0.000000 0.000000
  27 2.549885 -5.706534 66.745634 0.748499 -0.471700 0.466099 0.000000 0.000000
  27 2.889886 -5.091194 66.776563 0.838299 -0.416100 0.352300 0.000000 0.000000
PLAYER_Chrome1.bmp
  8 8.563133 2.597900 52.883405 -0.124999 0.803891 -0.581494 0.000000 0.000000
  8 8.710454 2.507957 52.717251 -0.333703 0.890108 -0.310403 0.000000 0.000000
  8 7.906664 2.148164 52.113869 0.003300 0.933986 -0.357295 0.000000 0.000000
PLAYER_Chrome1.bmp
  18 -7.996630 0.159302 48.715177 0.958507 -0.281102 0.047400 0.000000 0.000000
  18 -8.354200 -0.200333 47.655457 0.971479 -0.091898 -0.218595 0.000000 0.000000
  18 -8.199892 -0.000414 47.891299 0.835435 -0.542723 -0.086604 0.000000 0.000000
PLAYER_Chrome1.bmp
  18 -11.814282 -0.111026 49.630796 -0.919412 0.385605 -0.077401 0.000000 0.000000
  18 -11.819776 -0.210488 48.073530 -0.993018 -0.084901 0.081901 0.000000 0.000000
  18 -11.914217 -0.400578 48.334195 -0.913741 0.405818 -0.019701 0.000000 0.000000
PLAYER_Chrome1.bmp
  8 11.814005 -0.120972 49.630764 0.919412 0.385605 -0.077401 0.000000 0.000000
  8 11.724521 0.039101 49.420837 0.972148 0.198310 0.124906 0.000000 0.000000
  8 11.230909 1.809027 49.633228 0.516685 0.796876 -0.313091 0.000000 0.000000
PLAYER_Chrome1.bmp
  8 7.893722 -0.100809 49.136932 -0.885909 0.337603 -0.318103 0.000000 0.000000
  8 8.343969 -0.210297 47.654437 -0.971479 -0.091898 -0.218595 0.000000 0.000000
  8 8.189661 -0.410378 47.890141 -0.885909 0.337603 -0.318103 0.000000 0.000000
PLAYER_Chrome1.bmp
  4 6.299864 -4.810549 54.930576 0.699119 -0.713619 -0.044501 0.000000 0.000000
  4 5.839874 -3.166029 60.253401 0.131996 -0.849875 0.510185 0.000000 0.000000
  4 3.509862 -6.772848 55.131253 0.578781 -0.806974 0.117496 0.000000 0.000000
PLAYER_Chrome1.bmp
  4 -6.220117 5.179754 58.784447 -0.565095 0.822594 0.063300 0.000000 0.000000
  17 -6.941450 3.893303 59.903293 -0.511298 0.773998 0.373499 0.000000 0.000000
  4 -5.720115 4.175081 60.868585 -0.514616 0.693423 0.504316 0.000000 0.000000
PLAYER_Chrome1.bmp
  4 -6.330136 -4.800545 54.930083 -0.699113 -0.713613 -0.044701 0.000000 0.000000
  4 -3.540138 -6.762852 55.130752 -0.578782 -0.806973 0.117496 0.000000 0.000000
  4 -5.870126 -3.156538 60.242920 -0.130404 -0.850224 0.510014 0.000000 0.000000
PLAYER_Chrome1.bmp
  7 6.984011 2.532387 61.758159 0.398115 0.551920 0.732727 0.000000 0.000000
  4 4.709886 3.159385 62.933246 0.505113 0.434811 0.745520 0.000000 0.000000
  5 6.089882 0.191917 62.650878 0.132202 -0.100501 0.986115 0.000000 0.000000
PLAYER_Chrome1.bmp
  4 -6.810133 -0.020542 52.071750 -0.951773 0.026099 -0.305691 0.000000 0.000000
  17 -7.517314 3.490579 55.011955 -0.725680 0.572185 -0.382090 0.000000 0.000000
  4 -6.070131 2.329202 51.811172 -0.760617 0.414909 -0.499311 0.000000 0.000000
PLAYER_Chrome1.bmp
  18 -8.036363 0.059231 48.920133 0.970042 0.200288 -0.137492 0.000000 0.000000
  18 -8.472072 1.829103 49.286068 0.432497 0.804195 -0.407697 0.000000 0.000000
  18 -7.903950 -0.090844 49.137951 0.885909 0.337603 -0.318103 0.000000 0.000000
PLAYER_Chrome1.bmp
  18 -9.958676 -2.480869 49.192537 0.319598 -0.730596 -0.603396 0.000000 0.000000
  18 -9.033510 -2.362701 54.506764 -0.063001 -0.998011 -0.002200 0.000000 0.000000
  18 -9.196771 -2.582624 54.281864 0.867276 -0.476487 -0.144196 0.000000 0.000000
PLAYER_Chrome1.bmp
  18 -11.014507 0.177158 54.897361 -0.987535 -0.012500 0.156905 0.000000 0.000000
  18 -11.266321 0.367228 54.691538 -0.681299 -0.719599 0.134200 0.000000 0.000000
  18 -11.655343 0.198220 51.815951 -0.797922 -0.582116 0.156404 0.000000 0.000000
PLAYER_Chrome1.bmp
  18 -7.013727 0.177444 54.103978 0.982922 -0.013800 -0.183504 0.000000 0.000000
  18 -7.413698 0.248439 51.219523 0.815311 -0.570908 -0.096601 0.000000 0.000000
  18 -6.900384 0.367538 53.831365 0.778325 -0.614820 -0.127304 0.000000 0.000000
PLAYER_Chrome1.bmp
  18 -7.013727 0.177444 54.103978 0.982922 -0.013800 -0.183504 0.000000 0.000000
  18 -6.900383 -0.012462 53.831234 0.737512 0.653010 -0.172203 0.000000 0.000000
  18 -7.413697 -0.131561 51.219392 0.814493 0.514096 -0.268898 0.000000 0.000000
PLAYER_Chrome1.bmp
  18 -8.246312 2.258188 51.936921 0.841089 0.538093 -0.054999 0.000000 0.000000
  18 -8.778455 2.637978 52.543207 0.610984 0.716381 0.336891 0.000000 0.000000
  18 -8.156727 2.118157 52.028386 0.450229 0.890157 -0.070105 0.000000 0.000000
PLAYER_Chrome1.bmp
  8 9.023308 -2.372659 54.505743 0.063001 -0.998011 -0.002200 0.000000 0.000000
  8 8.977618 -2.602575 54.259874 0.944463 -0.297588 0.139395 0.000000 0.000000
  8 9.768361 -2.490822 49.183494 0.511691 -0.716988 -0.473392 0.000000 0.000000
PLAYER_Chrome1.bmp
  8 11.013245 0.157206 54.907279 0.987535 -0.012501 0.156905 0.000000 0.000000
  8 11.645121 0.188275 51.814922 0.797922 -0.582116 0.156404 0.000000 0.000000
  8 11.266056 0.357281 54.691508 0.681299 -0.719599 0.134200 0.000000 0.000000
PLAYER_Chrome1.bmp
  8 7.003511 0.167476 54.102961 -0.982922 -0.013800 -0.183504 0.000000 0.000000
  8 6.891165 0.357573 53.820399 -0.778325 -0.614820 -0.127304 0.000000 0.000000
  8 7.403475 0.248472 51.218509 -0.815311 -0.570908 -0.096601 0.000000 0.000000
PLAYER_Chrome1.bmp
  8 7.986400 0.159337 48.714161 -0.958507 -0.281102 0.047400 0.000000 0.000000
  8 8.025135 0.059263 48.929068 -0.970042 0.200288 -0.137492 0.000000 0.000000
  8 8.566461 1.769294 48.843268 -0.783402 0.511401 0.353201 0.000000 0.000000
PLAYER_Chrome1.bmp
  8 8.246030 2.258226 51.936902 -0.841089 0.538093 -0.054999 0.000000 0.000000
  8 8.156447 2.118194 52.028367 -0.450229 0.890157 -0.070105 0.000000 0.000000
  8 8.778174 2.628018 52.543184 -0.610984 0.716382 0.336891 0.000000 0.000000
PLAYER_Chrome1.bmp
  8 7.906664 2.148164 52.113869 0.003300 0.933986 -0.357295 0.000000 0.000000
  8 8.156447 2.118194 52.028367 -0.450229 0.890157 -0.070105 0.000000 0.000000
  8 8.461836 1.829141 49.285051 -0.432497 0.804195 -0.407697 0.000000 0.000000
visor_chrome.bmp
  27 -0.930114 -6.546547 67.388894 -0.301289 -0.952965 -0.032899 0.000000 0.000000
  27 -1.900108 -6.274749 69.922141 -0.574408 -0.817611 -0.039600 0.000000 0.000000
  27 -1.880114 -6.163064 67.176430 -0.574408 -0.817611 -0.039600 0.000000 0.000000
visor_chrome.bmp
  27 -1.880114 -6.163064 67.176430 -0.574408 -0.817611 -0.039600 0.000000 0.000000
  27 -1.900108 -6.274749 69.922141 -0.574408 -0.817611 -0.039600 0.000000 0.000000
  27 -2.320114 -5.647856 67.084994 -0.783491 -0.619793 -0.044699 0.000000 0.000000
visor_chrome.bmp
  27 -1.900108 -6.274749 69.922141 -0.574408 -0.817611 -0.039600 0.000000 0.000000
  27 -2.650107 -5.436826 69.902506 -0.839957 -0.540436 -0.049003 0.000000 0.000000
  27 -2.320114 -5.647856 67.084994 -0.783491 -0.619793 -0.044699 0.000000 0.000000
visor_chrome.bmp
  27 -2.320114 -5.647856 67.084994 -0.783491 -0.619793 -0.044699 0.000000 0.000000
  27 -2.650107 -5.436826 69.902506 -0.839957 -0.540436 -0.049003 0.000000 0.000000
  27 -2.640113 -5.152040 67.133644 -0.905157 -0.420880 -0.059597 0.000000 0.000000
visor_chrome.bmp
  27 -2.650107 -5.436826 69.902506 -0.839957 -0.540436 -0.049003 0.000000 0.000000
  27 -3.020106 -4.596061 69.800457 -0.970930 -0.235507 -0.042801 0.000000 0.000000
  27 -2.640113 -5.152040 67.133644 -0.905157 -0.420880 -0.059597 0.000000 0.000000
visor_chrome.bmp
  27 -2.640113 -5.152040 67.133644 -0.905157 -0.420880 -0.059597 0.000000 0.000000
  27 -3.020106 -4.596061 69.800457 -0.970930 -0.235507 -0.042801 0.000000 0.000000
  27 -3.000111 -4.124970 67.469991 -0.970930 -0.235507 -0.042801 0.000000 0.000000
visor_chrome.bmp
  27 -3.020106 -4.596061 69.800457 -0.970930 -0.235507 -0.042801 0.000000 0.000000
  27 -3.190108 -2.603842 68.187396 -0.994036 -0.105904 -0.026001 0.000000 0.000000
  27 -3.000111 -4.124970 67.469991 -0.970930 -0.235507 -0.042801 0.000000 0.000000
visor_chrome.bmp
  27 3.209892 -2.613460 68.184623 0.994923 -0.099102 -0.017500 0.000000 0.000000
  27 3.039894 -4.596066 69.800443 0.979744 -0.197809 -0.031201 0.000000 0.000000
  27 3.059888 -4.124976 67.469976 0.979744 -0.197809 -0.031201 0.000000 0.000000
visor_chrome.bmp
  27 3.059888 -4.124976 67.469976 0.979744 -0.197809 -0.031201 0.000000 0.000000
  27 3.039894 -4.596066 69.800443 0.979744 -0.197809 -0.031201 0.000000 0.000000
  27 2.709887 -5.158898 67.121261 0.908380 -0.416091 -0.041399 0.000000 0.000000
visor_chrome.bmp
  27 3.039894 -4.596066 69.800443 0.979744 -0.197809 -0.031201 0.000000 0.000000
  27 2.669893 -5.446443 69.899735 0.845315 -0.533210 -0.033601 0.000000 0.000000
  27 2.709887 -5.158898 67.121261 0.908380 -0.416091 -0.041399 0.000000 0.000000
visor_chrome.bmp
  27 2.709887 -5.158898 67.121261 0.908380 -0.416091 -0.041399 0.000000 0.000000
  27 2.669893 -5.446443 69.899735 0.845315 -0.533210 -0.033601 0.000000 0.000000
  27 2.389886 -5.650619 67.094595 0.789917 -0.612314 -0.033201 0.000000 0.000000
visor_chrome.bmp
  27 2.669893 -5.446443 69.899735 0.845315 -0.533210 -0.033601 0.000000 0.000000
  27 1.949892 -6.306347 69.923469 0.574123 -0.818033 -0.034701 0.000000 0.000000
  27 2.389886 -5.650619 67.094595 0.789917 -0.612314 -0.033201 0.000000 0.000000
visor_chrome.bmp
  27 2.389886 -5.650619 67.094595 0.789917 -0.612314 -0.033201 0.000000 0.000000
  27 1.949892 -6.306347 69.923469 0.574123 -0.818033 -0.034701 0.000000 0.000000
  27 1.969886 -6.156214 67.188791 0.574123 -0.818033 -0.034701 0.000000 0.000000
visor_chrome.bmp
  27 1.949892 -6.306347 69.923469 0.574123 -0.818033 -0.034701 0.000000 0.000000
  27 0.979886 -6.556161 67.386131 0.286907 -0.957424 -0.032001 0.000000 0.000000
  27 1.969886 -6.156214 67.188791 0.574123 -0.818033 -0.034701 0.000000 0.000000
visor_chrome.bmp
  27 -1.900108 -6.274749 69.922141 -0.574408 -0.817611 -0.039600 0.000000 0.000000
  27 -0.930114 -6.546547 67.388894 -0.301289 -0.952965 -0.032899 0.000000 0.000000
  27 -0.900108 -6.655137 69.833788 -0.301289 -0.952965 -0.032899 0.000000 0.000000
visor_chrome.bmp
  27 -0.900108 -6.655137 69.833788 -0.301289 -0.952965 -0.032899 0.000000 0.000000
  27 -0.930114 -6.546547 67.388894 -0.301289 -0.952965 -0.032899 0.000000 0.000000
  27 -0.000109 -6.838936 69.604181 -0.004700 -0.999661 -0.025599 0.000000 0.000000
visor_chrome.bmp
  27 -0.930114 -6.546547 67.388894 -0.301289 -0.952965 -0.032899 0.000000 0.000000
  27 -0.000114 -6.817191 67.425667 -0.004700 -0.999661 -0.025599 0.000000 0.000000
  27 -0.000109 -6.838936 69.604181 -0.004700 -0.999661 -0.025599 0.000000 0.000000
visor_chrome.bmp
  27 -0.000109 -6.838936 69.604181 -0.004700 -0.999661 -0.025599 0.000000 0.000000
  27 -0.000114 -6.817191 67.425667 -0.004700 -0.999661 -0.025599 0.000000 0.000000
  27 0.979886 -6.556161 67.386131 0.286907 -0.957424 -0.032001 0.000000 0.000000
visor_chrome.bmp
  27 1.949892 -6.306347 69.923469 0.574123 -0.818033 -0.034701 0.000000 0.000000
  27 0.919892 -6.657897 69.843396 0.286907 -0.957424 -0.032001 0.000000 0.000000
  27 0.979886 -6.556161 67.386131 0.286907 -0.957424 -0.032001 0.000000 0.000000
visor_chrome.bmp
  27 0.979886 -6.556161 67.386131 0.286907 -0.957424 -0.032001 0.000000 0.000000
  27 0.919892 -6.657897 69.843396 0.286907 -0.957424 -0.032001 0.000000 0.000000
  27 -0.000109 -6.838936 69.604181 -0.004700 -0.999661 -0.025599 0.000000 0.000000
visor_chrome.bmp
  27 -3.380105 -1.004817 69.249667 -0.994036 -0.105904 -0.026001 0.000000 0.000000
  27 -3.190108 -2.603842 68.187396 -0.994036 -0.105904 -0.026001 0.000000 0.000000
  27 -3.020106 -4.596061 69.800457 -0.970930 -0.235507 -0.042801 0.000000 0.000000
visor_chrome.bmp
  27 3.039894 -4.596066 69.800443 0.979744 -0.197809 -0.031201 0.000000 0.000000
  27 3.209892 -2.613460 68.184623 0.994923 -0.099102 -0.017500 0.000000 0.000000
  27 3.389896 -1.004823 69.249651 0.994923 -0.099102 -0.017500 0.000000 0.000000
HEV_helmet.bmp
  27 2.099885 -6.334412 66.867161 0.606713 -0.788517 -0.100702 0.629921 0.904762
  27 3.039885 -5.193748 66.372604 0.888604 -0.456802 0.041400 0.661417 0.857143
  27 2.549885 -5.706534 66.745634 0.789019 -0.485712 0.376209 0.645669 0.904762
HEV_helmet.bmp
  27 2.549885 -5.706534 66.745634 0.789019 -0.485712 0.376209 0.645669 0.904762
  27 3.039885 -5.193748 66.372604 0.888604 -0.456802 0.041400 0.661417 0.857143
  27 2.889886 -5.091194 66.776563 0.796564 -0.425581 0.429380 0.669291 0.904762
HEV_helmet.bmp
  27 3.039885 -5.193748 66.372604 0.888604 -0.456802 0.041400 0.661417 0.857143
  27 3.549887 -3.762973 66.824798 0.964465 -0.244391 0.100396 0.732283 0.873016
  27 2.889886 -5.091194 66.776563 0.796564 -0.425581 0.429380 0.669291 0.904762
HEV_helmet.bmp
  27 2.889886 -5.091194 66.776563 0.796564 -0.425581 0.429380 0.669291 0.904762
  27 3.549887 -3.762973 66.824798 0.964465 -0.244391 0.100396 0.732283 0.873016
  27 3.259888 -3.863693 67.212039 0.784108 -0.350604 0.512105 0.724409 0.920635
HEV_helmet.bmp
  27 3.549887 -3.762973 66.824798 0.964465 -0.244391 0.100396 0.732283 0.873016
  27 3.789892 -1.661110 67.802485 0.974176 -0.149396 0.169296 0.795276 0.920635
  27 3.259888 -3.863693 67.212039 0.784108 -0.350604 0.512105 0.724409 0.920635
HEV_helmet.bmp
  27 3.259888 -3.863693 67.212039 0.784108 -0.350604 0.512105 0.724409 0.920635
  27 3.789892 -1.661110 67.802485 0.974176 -0.149396 0.169296 0.795276 0.920635
  27 3.429892 -2.015839 68.096028 0.747518 -0.404710 0.526713 0.779528 0.952381
HEV_helmet.bmp
  27 3.789892 -1.661110 67.802485 0.974176 -0.149396 0.169296 0.795276 0.920635
  27 3.779894 -0.851611 68.606979 0.956328 -0.147404 0.252407 0.826772 0.952381
  27 3.429892 -2.015839 68.096028 0.747518 -0.404710 0.526713 0.779528 0.952381
HEV_helmet.bmp
  27 3.429892 -2.015839 68.096028 0.747518 -0.404710 0.526713 0.779528 0.952381
  27 3.779894 -0.851611 68.606979 0.956328 -0.147404 0.252407 0.826772 0.952381
  27 3.609897 -0.039354 69.401862 0.975163 0.059698 0.213292 0.858268 1.000000
HEV_helmet.bmp
  27 3.779894 -0.851611 68.606979 0.956328 -0.147404 0.252407 0.826772 0.952381
  27 3.569893 -0.027808 67.730196 0.981090 0.192098 -0.023700 0.858268 0.825397
  27 3.609897 -0.039354 69.401862 0.975163 0.059698 0.213292 0.858268 1.000000
HEV_helmet.bmp
  27 3.609897 -0.039354 69.401862 0.975163 0.059698 0.213292 0.858268 1.000000
  27 3.569893 -0.027808 67.730196 0.981090 0.192098 -0.023700 0.858268 0.825397
  27 2.909897 1.597464 68.664754 0.872315 0.484108 -0.068601 0.929134 0.936508
HEV_helmet.bmp
  27 3.569893 -0.027808 67.730196 0.981090 0.192098 -0.023700 0.858268 0.825397
  27 3.749889 -0.038245 66.062626 0.989674 0.142796 0.012400 0.866142 0.666667
  27 2.909897 1.597464 68.664754 0.872315 0.484108 -0.068601 0.929134 0.936508
HEV_helmet.bmp
  27 2.909897 1.597464 68.664754 0.872315 0.484108 -0.068601 0.929134 0.936508
  27 3.749889 -0.038245 66.062626 0.989674 0.142796 0.012400 0.866142 0.666667
  27 2.609891 1.378740 66.562884 0.706024 0.667422 -0.236808 0.921260 0.714286
HEV_helmet.bmp
  27 -3.610103 -0.026977 69.395025 -0.978746 0.054103 0.197809 0.133858 1.000000
  27 -3.760106 -0.851604 68.606997 -0.958193 -0.149599 0.243898 0.165354 0.960317
  27 -3.410108 -2.015833 68.096044 -0.761615 -0.422908 0.491010 0.212598 0.960317
HEV_helmet.bmp
  27 -3.410108 -2.015833 68.096044 -0.761615 -0.422908 0.491010 0.212598 0.960317
  27 -3.760106 -0.851604 68.606997 -0.958193 -0.149599 0.243898 0.165354 0.960317
  27 -3.770108 -1.655587 67.783279 -0.974644 -0.155907 0.160507 0.196850 0.936508
HEV_helmet.bmp
  27 -3.760106 -0.851604 68.606997 -0.958193 -0.149599 0.243898 0.165354 0.960317
  27 -3.550107 -0.027802 67.730213 -0.981638 0.187807 -0.033401 0.133858 0.857143
  27 -3.770108 -1.655587 67.783279 -0.974644 -0.155907 0.160507 0.196850 0.936508
HEV_helmet.bmp
  27 -3.770108 -1.655587 67.783279 -0.974644 -0.155907 0.160507 0.196850 0.936508
  27 -3.550107 -0.027802 67.730213 -0.981638 0.187807 -0.033401 0.133858 0.857143
  27 -3.550109 -1.020182 67.091714 -0.991683 -0.010200 -0.128298 0.173228 0.793651
HEV_helmet.bmp
  27 -3.550107 -0.027802 67.730213 -0.981638 0.187807 -0.033401 0.133858 0.857143
  27 -3.700111 -0.012161 66.080530 -0.991166 0.131996 0.012900 0.133858 0.666667
  27 -3.550109 -1.020182 67.091714 -0.991683 -0.010200 -0.128298 0.173228 0.793651
HEV_helmet.bmp
  27 -3.550109 -1.020182 67.091714 -0.991683 -0.010200 -0.128298 0.173228 0.793651
  27 -3.700111 -0.012161 66.080530 -0.991166 0.131996 0.012900 0.133858 0.666667
  27 -3.250115 -3.531184 65.944600 -0.972196 -0.172099 -0.158799 0.244094 0.714286
HEV_helmet.bmp
  27 -3.700111 -0.012161 66.080530 -0.991166 0.131996 0.012900 0.133858 0.666667
  27 -3.310117 -3.204198 64.696369 -0.957314 -0.283904 -0.054301 0.228346 0.563492
  27 -3.250115 -3.531184 65.944600 -0.972196 -0.172099 -0.158799 0.244094 0.714286
HEV_helmet.bmp
  27 -3.250115 -3.531184 65.944600 -0.972196 -0.172099 -0.158799 0.244094 0.714286
  27 -3.310117 -3.204198 64.696369 -0.957314 -0.283904 -0.054301 0.228346 0.563492
  27 -2.490118 -5.435458 65.148455 -0.878690 -0.450594 -0.157698 0.330709 0.650794
HEV_helmet.bmp
  27 -3.310117 -3.204198 64.696369 -0.957314 -0.283904 -0.054301 0.228346 0.563492
  27 -2.120122 -5.794856 63.536798 -0.541519 -0.827629 -0.147605 0.362205 0.428571
  27 -2.490118 -5.435458 65.148455 -0.878690 -0.450594 -0.157698 0.330709 0.650794
HEV_helmet.bmp
  27 -2.490118 -5.435458 65.148455 -0.878690 -0.450594 -0.157698 0.330709 0.650794
  27 -2.120122 -5.794856 63.536798 -0.541519 -0.827629 -0.147605 0.362205 0.428571
  27 -2.010115 -6.322038 66.860317 -0.597997 -0.799595 -0.055200 0.362205 0.904762
HEV_helmet.bmp
  27 -2.120122 -5.794856 63.536798 -0.541519 -0.827629 -0.147605 0.362205 0.428571
  27 -1.750115 -6.402946 66.743467 -0.316088 -0.933065 -0.171693 0.393701 0.880952
  27 -2.010115 -6.322038 66.860317 -0.597997 -0.799595 -0.055200 0.362205 0.904762
HEV_helmet.bmp
  27 -2.010115 -6.322038 66.860317 -0.597997 -0.799595 -0.055200 0.362205 0.904762
  27 -1.750115 -6.402946 66.743467 -0.316088 -0.933065 -0.171693 0.393701 0.880952
  27 -0.860115 -6.815264 66.947656 -0.326685 -0.922457 -0.205790 0.440945 0.912698
HEV_helmet.bmp
  5 4.619880 -1.308786 62.951687 0.892992 -0.286997 0.346697 0.811024 0.174603
  27 3.339883 -3.213816 64.693595 0.894689 -0.378195 0.237697 0.763780 0.555556
  5 4.229877 -2.758810 61.789952 0.841394 -0.510197 0.178199 0.748031 0.119048
HEV_helmet.bmp
  5 4.229877 -2.758810 61.789952 0.841394 -0.510197 0.178199 0.748031 0.119048
  27 3.339883 -3.213816 64.693595 0.894689 -0.378195 0.237697 0.763780 0.555556
  5 3.379873 -4.150554 60.576221 0.834295 -0.541497 0.103599 0.692913 0.071429
HEV_helmet.bmp
  27 3.339883 -3.213816 64.693595 0.894689 -0.378195 0.237697 0.763780 0.555556
  27 2.119878 -5.797618 63.546401 0.712068 -0.700569 0.046498 0.629921 0.428571
  5 3.379873 -4.150554 60.576221 0.834295 -0.541497 0.103599 0.692913 0.071429
HEV_helmet.bmp
  5 3.379873 -4.150554 60.576221 0.834295 -0.541497 0.103599 0.692913 0.071429
  27 2.119878 -5.797618 63.546401 0.712068 -0.700569 0.046498 0.629921 0.428571
  4 2.539870 -5.524168 59.372917 0.412512 -0.907227 -0.082302 0.637795 0.015873
HEV_helmet.bmp
  27 2.119878 -5.797618 63.546401 0.712068 -0.700569 0.046498 0.629921 0.428571
  27 -0.000124 -6.431676 63.073153 0.000100 -0.994483 -0.104898 0.496063 0.373016
  4 2.539870 -5.524168 59.372917 0.412512 -0.907227 -0.082302 0.637795 0.015873
HEV_helmet.bmp
  4 2.539870 -5.524168 59.372917 0.412512 -0.907227 -0.082302 0.637795 0.015873
  27 -0.000124 -6.431676 63.073153 0.000100 -0.994483 -0.104898 0.496063 0.373016
  4 -2.570130 -5.524161 59.372925 -0.411193 -0.908084 -0.079399 0.354331 0.015873
HEV_helmet.bmp
  27 -0.000124 -6.431676 63.073153 0.000100 -0.994483 -0.104898 0.496063 0.373016
  27 -2.120122 -5.794856 63.536798 -0.711623 -0.700522 0.053502 0.362205 0.428571
  4 -2.570130 -5.524161 59.372925 -0.411193 -0.908084 -0.079399 0.354331 0.015873
HEV_helmet.bmp
  4 -2.570130 -5.524161 59.372925 -0.411193 -0.908084 -0.079399 0.354331 0.015873
  27 -2.120122 -5.794856 63.536798 -0.711623 -0.700522 0.053502 0.362205 0.428571
  5 -3.420127 -4.140551 60.575894 -0.831651 -0.543533 0.113707 0.299213 0.071429
HEV_helmet.bmp
  27 -2.120122 -5.794856 63.536798 -0.711623 -0.700522 0.053502 0.362205 0.428571
  27 -3.310117 -3.204198 64.696369 -0.887696 -0.384098 0.253899 0.228346 0.563492
  5 -3.420127 -4.140551 60.575894 -0.831651 -0.543533 0.113707 0.299213 0.071429
HEV_helmet.bmp
  5 -3.420127 -4.140551 60.575894 -0.831651 -0.543533 0.113707 0.299213 0.071429
  27 -3.310117 -3.204198 64.696369 -0.887696 -0.384098 0.253899 0.228346 0.563492
  5 -4.260123 -2.759473 61.769976 -0.833483 -0.518189 0.191796 0.244094 0.119048
HEV_helmet.bmp
  27 -3.310117 -3.204198 64.696369 -0.887696 -0.384098 0.253899 0.228346 0.563492
  5 -4.650120 -1.308774 62.951701 -0.884358 -0.296586 0.360483 0.181102 0.174603
  5 -4.260123 -2.759473 61.769976 -0.833483 -0.518189 0.191796 0.244094 0.119048
HEV_helmet.bmp
  27 3.779894 -0.851611 68.606979 0.956328 -0.147404 0.252407 0.826772 0.952381
  27 3.789892 -1.661110 67.802485 0.974176 -0.149396 0.169296 0.795276 0.920635
  27 3.569893 -0.027808 67.730196 0.981090 0.192098 -0.023700 0.858268 0.825397
HEV_helmet.bmp
  27 3.569893 -0.027808 67.730196 0.981090 0.192098 -0.023700 0.858268 0.825397
  27 3.789892 -1.661110 67.802485 0.974176 -0.149396 0.169296 0.795276 0.920635
  27 3.579890 -1.027042 67.079327 0.992977 -0.005100 -0.118197 0.818898 0.785714
HEV_helmet.bmp
  27 3.789892 -1.661110 67.802485 0.974176 -0.149396 0.169296 0.795276 0.920635
  27 3.549887 -3.762973 66.824798 0.964465 -0.244391 0.100396 0.732283 0.873016
  27 3.579890 -1.027042 67.079327 0.992977 -0.005100 -0.118197 0.818898 0.785714
HEV_helmet.bmp
  27 3.579890 -1.027042 67.079327 0.992977 -0.005100 -0.118197 0.818898 0.785714
  27 3.549887 -3.762973 66.824798 0.964465 -0.244391 0.100396 0.732283 0.873016
  27 3.299885 -3.531190 65.944584 0.967656 -0.183992 -0.172592 0.740157 0.706349
HEV_helmet.bmp
  27 3.549887 -3.762973 66.824798 0.964465 -0.244391 0.100396 0.732283 0.873016
  27 3.039885 -5.193748 66.372604 0.888604 -0.456802 0.041400 0.661417 0.857143
  27 3.299885 -3.531190 65.944584 0.967656 -0.183992 -0.172592 0.740157 0.706349
HEV_helmet.bmp
  27 3.299885 -3.531190 65.944584 0.967656 -0.183992 -0.172592 0.740157 0.706349
  27 3.039885 -5.193748 66.372604 0.888604 -0.456802 0.041400 0.661417 0.857143
  27 2.439882 -5.438221 65.158055 0.880307 -0.442204 -0.171801 0.653543 0.650794
HEV_helmet.bmp
  27 3.039885 -5.193748 66.372604 0.888604 -0.456802 0.041400 0.661417 0.857143
  27 2.099885 -6.334412 66.867161 0.606713 -0.788517 -0.100702 0.629921 0.904762
  27 2.439882 -5.438221 65.158055 0.880307 -0.442204 -0.171801 0.653543 0.650794
HEV_helmet.bmp
  27 2.439882 -5.438221 65.158055 0.880307 -0.442204 -0.171801 0.653543 0.650794
  27 2.099885 -6.334412 66.867161 0.606713 -0.788517 -0.100702 0.629921 0.904762
  27 2.119878 -5.797618 63.546401 0.552994 -0.819591 -0.149898 0.629921 0.428571
HEV_helmet.bmp
  27 2.099885 -6.334412 66.867161 0.606713 -0.788517 -0.100702 0.629921 0.904762
  27 1.819885 -6.402949 66.743458 0.315915 -0.931844 -0.178508 0.598425 0.880952
  27 2.119878 -5.797618 63.546401 0.552994 -0.819591 -0.149898 0.629921 0.428571
HEV_helmet.bmp
  27 2.119878 -5.797618 63.546401 0.552994 -0.819591 -0.149898 0.629921 0.428571
  27 1.819885 -6.402949 66.743458 0.315915 -0.931844 -0.178508 0.598425 0.880952
  27 1.839878 -5.943556 63.837437 0.327004 -0.936011 -0.130202 0.598425 0.452381
HEV_helmet.bmp
  27 -1.820122 -5.943553 63.837446 -0.451786 -0.459686 -0.764577 0.393701 0.452381
  27 -0.910123 -6.220630 63.497843 -0.268697 -0.437394 -0.858189 0.440945 0.404762
  27 -0.750123 -7.003975 63.834845 -0.355890 -0.445187 -0.821676 0.448819 0.436508
HEV_helmet.bmp
  27 -0.750123 -7.003975 63.834845 -0.355890 -0.445187 -0.821676 0.448819 0.436508
  27 -0.910123 -6.220630 63.497843 -0.268697 -0.437394 -0.858189 0.440945 0.404762
  27 -0.000123 -7.242940 63.797480 -0.067197 -0.442078 -0.894456 0.496063 0.436508
HEV_helmet.bmp
  27 -0.910123 -6.220630 63.497843 -0.268697 -0.437394 -0.858189 0.440945 0.404762
  27 -0.000123 -6.495286 63.439832 0.057199 -0.440793 -0.895785 0.496063 0.396825
  27 -0.000123 -7.242940 63.797480 -0.067197 -0.442078 -0.894456 0.496063 0.436508
HEV_helmet.bmp
  27 -0.000123 -7.242940 63.797480 -0.067197 -0.442078 -0.894456 0.496063 0.436508
  27 -0.000123 -6.495286 63.439832 0.057199 -0.440793 -0.895785 0.496063 0.396825
  27 0.749877 -7.013589 63.832083 0.272502 -0.434404 -0.858508 0.543307 0.436508
HEV_helmet.bmp
  27 -0.000123 -6.495286 63.439832 0.057199 -0.440793 -0.895785 0.496063 0.396825
  27 0.909877 -6.220632 63.497839 0.355694 -0.438993 -0.825086 0.551181 0.404762
  27 0.749877 -7.013589 63.832083 0.272502 -0.434404 -0.858508 0.543307 0.436508
HEV_helmet.bmp
  27 0.749877 -7.013589 63.832083 0.272502 -0.434404 -0.858508 0.543307 0.436508
  27 0.909877 -6.220632 63.497839 0.355694 -0.438993 -0.825086 0.551181 0.404762
  27 1.519878 -6.776298 64.129055 0.434592 -0.442392 -0.784486 0.582677 0.476190
HEV_helmet.bmp
  27 0.909877 -6.220632 63.497839 0.355694 -0.438993 -0.825086 0.551181 0.404762
  27 1.839878 -5.943556 63.837437 0.434592 -0.442392 -0.784486 0.598425 0.452381
  27 1.519878 -6.776298 64.129055 0.434592 -0.442392 -0.784486 0.582677 0.476190
HEV_helmet.bmp
  27 1.819885 -6.402949 66.743458 0.450381 -0.659472 0.601875 0.598425 0.880952
  27 0.899885 -6.818024 66.957264 0.311690 -0.673380 0.670380 0.551181 0.920635
  27 0.749883 -7.392990 66.459355 0.382783 -0.668470 0.637672 0.543307 0.865079
HEV_helmet.bmp
  27 0.749883 -7.392990 66.459355 0.382783 -0.668470 0.637672 0.543307 0.865079
  27 0.899885 -6.818024 66.957264 0.311690 -0.673380 0.670380 0.551181 0.920635
  27 -0.000117 -7.632038 66.494794 0.076102 -0.694021 0.715922 0.496063 0.873016
HEV_helmet.bmp
  27 0.899885 -6.818024 66.957264 0.311690 -0.673380 0.670380 0.551181 0.920635
  27 -0.000115 -7.094183 67.013265 -0.096805 -0.691937 0.715438 0.496063 0.920635
  27 -0.000117 -7.632038 66.494794 0.076102 -0.694021 0.715922 0.496063 0.873016
HEV_helmet.bmp
  27 -0.000117 -7.632038 66.494794 0.076102 -0.694021 0.715922 0.496063 0.873016
  27 -0.000115 -7.094183 67.013265 -0.096805 -0.691937 0.715438 0.496063 0.920635
  27 -0.710117 -7.399843 66.446988 -0.327104 -0.668108 0.668308 0.456693 0.865079
HEV_helmet.bmp
  27 -0.000115 -7.094183 67.013265 -0.096805 -0.691937 0.715438 0.496063 0.920635
  27 -0.860115 -6.815264 66.947656 -0.390498 -0.663296 0.638396 0.440945 0.912698
  27 -0.710117 -7.399843 66.446988 -0.327104 -0.668108 0.668308 0.456693 0.865079
HEV_helmet.bmp
  27 -0.710117 -7.399843 66.446988 -0.327104 -0.668108 0.668308 0.456693 0.865079
  27 -0.860115 -6.815264 66.947656 -0.390498 -0.663296 0.638396 0.440945 0.912698
  27 -1.440117 -7.056230 66.264697 -0.453492 -0.652988 0.606589 0.409449 0.841270
HEV_helmet.bmp
  27 -0.860115 -6.815264 66.947656 -0.390498 -0.663296 0.638396 0.440945 0.912698
  27 -1.750115 -6.402946 66.743467 -0.453492 -0.652988 0.606589 0.393701 0.880952
  27 -1.440117 -7.056230 66.264697 -0.453492 -0.652988 0.606589 0.409449 0.841270
HEV_helmet.bmp
  27 -3.040115 -5.184131 66.375377 -0.885636 -0.446418 0.127905 0.322835 0.857143
  27 -2.470115 -5.696917 66.748405 -0.732003 -0.448102 0.513202 0.346457 0.904762
  27 -2.830114 -5.074723 66.791705 -0.761615 -0.422908 0.491010 0.314961 0.904762
HEV_helmet.bmp
  27 -3.040115 -5.184131 66.375377 -0.885636 -0.446418 0.127905 0.322835 0.857143
  27 -2.010115 -6.322038 66.860317 -0.597997 -0.799595 -0.055200 0.362205 0.904762
  27 -2.470115 -5.696917 66.748405 -0.732003 -0.448102 0.513202 0.346457 0.904762
HEV_helmet.bmp
  27 -3.040115 -5.184131 66.375377 -0.885636 -0.446418 0.127905 0.322835 0.857143
  27 -2.490118 -5.435458 65.148455 -0.878690 -0.450594 -0.157698 0.330709 0.650794
  27 -2.010115 -6.322038 66.860317 -0.597997 -0.799595 -0.055200 0.362205 0.904762
HEV_helmet.bmp
  27 -3.040115 -5.184131 66.375377 -0.885636 -0.446418 0.127905 0.322835 0.857143
  27 -3.250115 -3.531184 65.944600 -0.972196 -0.172099 -0.158799 0.244094 0.714286
  27 -2.490118 -5.435458 65.148455 -0.878690 -0.450594 -0.157698 0.330709 0.650794
HEV_helmet.bmp
  27 -3.040115 -5.184131 66.375377 -0.885636 -0.446418 0.127905 0.322835 0.857143
  27 -3.490113 -3.756113 66.837185 -0.962007 -0.246302 0.117801 0.251969 0.873016
  27 -3.250115 -3.531184 65.944600 -0.972196 -0.172099 -0.158799 0.244094 0.714286
HEV_helmet.bmp
  27 -3.040115 -5.184131 66.375377 -0.885636 -0.446418 0.127905 0.322835 0.857143
  27 -2.830114 -5.074723 66.791705 -0.761615 -0.422908 0.491010 0.314961 0.904762
  27 -3.490113 -3.756113 66.837185 -0.962007 -0.246302 0.117801 0.251969 0.873016
HEV_helmet.bmp
  27 -3.550107 -0.027802 67.730213 -0.981638 0.187807 -0.033401 0.133858 0.857143
  27 -2.910104 1.607081 68.667526 -0.877045 0.476325 -0.062503 0.062992 0.944444
  27 -3.700111 -0.012161 66.080530 -0.991166 0.131996 0.012900 0.133858 0.666667
HEV_helmet.bmp
  27 -3.700111 -0.012161 66.080530 -0.991166 0.131996 0.012900 0.133858 0.666667
  27 -2.910104 1.607081 68.667526 -0.877045 0.476325 -0.062503 0.062992 0.944444
  27 -2.670109 1.385598 66.575266 -0.712185 0.667286 -0.217995 0.070866 0.714286
HEV_helmet.bmp
  27 -2.910104 1.607081 68.667526 -0.877045 0.476325 -0.062503 0.062992 0.944444
  27 -2.340104 2.323225 68.238412 -0.642633 0.704736 -0.300615 0.031496 0.920635
  27 -2.670109 1.385598 66.575266 -0.712185 0.667286 -0.217995 0.070866 0.714286
HEV_helmet.bmp
  27 -2.670109 1.385598 66.575266 -0.712185 0.667286 -0.217995 0.070866 0.714286
  27 -2.340104 2.323225 68.238412 -0.642633 0.704736 -0.300615 0.031496 0.920635
  27 -1.240107 2.449778 66.891048 -0.314705 0.853414 -0.415507 0.023622 0.746032
HEV_helmet.bmp
  27 -2.340104 2.323225 68.238412 -0.642633 0.704736 -0.300615 0.031496 0.920635
  27 -1.340104 2.875879 67.835208 -0.314705 0.853414 -0.415507 0.007874 0.904762
  27 -1.240107 2.449778 66.891048 -0.314705 0.853414 -0.415507 0.023622 0.746032
HEV_helmet.bmp
  27 -1.240107 2.449778 66.891048 -0.314705 0.853414 -0.415507 0.023622 0.746032
  27 -1.340104 2.875879 67.835208 -0.314705 0.853414 -0.415507 0.007874 0.904762
  27 -0.000104 2.980358 67.761150 -0.020499 0.895853 -0.443877 0.000000 0.896825
HEV_helmet.bmp
  27 3.339883 -3.213816 64.693595 0.894689 -0.378195 0.237697 0.763780 0.555556
  5 4.319885 0.532028 64.130247 0.907496 0.182599 0.378298 0.881890 0.246032
  27 3.749889 -0.038245 66.062626 0.935681 0.150597 0.319094 0.866142 0.666667
HEV_helmet.bmp
  27 3.749889 -0.038245 66.062626 0.935681 0.150597 0.319094 0.866142 0.666667
  5 4.319885 0.532028 64.130247 0.907496 0.182599 0.378298 0.881890 0.246032
  27 2.609891 1.378740 66.562884 0.728284 0.584087 0.358392 0.921260 0.714286
HEV_helmet.bmp
  5 4.319885 0.532028 64.130247 0.907496 0.182599 0.378298 0.881890 0.246032
  5 2.959888 1.918249 64.883906 0.589824 0.768730 0.247310 0.944882 0.309524
  27 2.609891 1.378740 66.562884 0.728284 0.584087 0.358392 0.921260 0.714286
HEV_helmet.bmp
  27 2.609891 1.378740 66.562884 0.728284 0.584087 0.358392 0.921260 0.714286
  5 2.959888 1.918249 64.883906 0.589824 0.768730 0.247310 0.944882 0.309524
  27 1.249893 2.456629 66.903412 0.307201 0.942403 0.132300 0.960630 0.746032
HEV_helmet.bmp
  5 2.959888 1.918249 64.883906 0.589824 0.768730 0.247310 0.944882 0.309524
  5 1.279889 2.459084 65.195838 0.248886 0.968445 0.012999 0.968504 0.333333
  27 1.249893 2.456629 66.903412 0.307201 0.942403 0.132300 0.960630 0.746032
HEV_helmet.bmp
  27 1.249893 2.456629 66.903412 0.307201 0.942403 0.132300 0.960630 0.746032
  5 1.279889 2.459084 65.195838 0.248886 0.968445 0.012999 0.968504 0.333333
  5 -0.000111 2.706035 65.397622 0.000100 0.997483 0.070899 0.984252 0.349206
HEV_helmet.bmp
  27 -3.700111 -0.012161 66.080530 -0.932278 0.121597 0.340692 0.133858 0.666667
  27 -2.670109 1.385598 66.575266 -0.731679 0.579583 0.358790 0.070866 0.714286
  5 -4.340115 0.541697 64.119928 -0.905423 0.167404 0.390110 0.110236 0.253968
HEV_helmet.bmp
  5 -4.340115 0.541697 64.119928 -0.905423 0.167404 0.390110 0.110236 0.253968
  27 -2.670109 1.385598 66.575266 -0.731679 0.579583 0.358790 0.070866 0.714286
  5 -2.990112 1.928251 64.883577 -0.583325 0.775534 0.241411 0.047244 0.317460
HEV_helmet.bmp
  27 -2.670109 1.385598 66.575266 -0.731679 0.579583 0.358790 0.070866 0.714286
  27 -1.240107 2.449778 66.891048 -0.302288 0.944062 0.131795 0.023622 0.746032
  5 -2.990112 1.928251 64.883577 -0.583325 0.775534 0.241411 0.047244 0.317460
HEV_helmet.bmp
  5 -2.990112 1.928251 64.883577 -0.583325 0.775534 0.241411 0.047244 0.317460
  27 -1.240107 2.449778 66.891048 -0.302288 0.944062 0.131795 0.023622 0.746032
  5 -1.310111 2.459087 65.195841 -0.248591 0.968466 0.016599 0.023622 0.341270
HEV_helmet.bmp
  27 -1.240107 2.449778 66.891048 -0.302288 0.944062 0.131795 0.023622 0.746032
  5 -0.000111 2.706035 65.397622 0.000100 0.997483 0.070899 0.007874 0.357143
  5 -1.310111 2.459087 65.195841 -0.248591 0.968466 0.016599 0.023622 0.341270
HEV_helmet.bmp
  27 -0.000104 2.980358 67.761150 -0.020499 0.895853 -0.443877 0.992126 0.896825
  27 1.369896 2.875877 67.835201 0.247490 0.862463 -0.441481 0.984252 0.904762
  27 -0.000107 2.525336 66.881517 0.028200 0.895785 -0.443593 0.984252 0.746032
HEV_helmet.bmp
  27 -0.000107 2.525336 66.881517 0.028200 0.895785 -0.443593 0.984252 0.746032
  27 1.369896 2.875877 67.835201 0.247490 0.862463 -0.441481 0.984252 0.904762
  27 1.249893 2.456629 66.903412 0.396511 0.822923 -0.406911 0.960630 0.746032
HEV_helmet.bmp
  27 1.369896 2.875877 67.835201 0.247490 0.862463 -0.441481 0.984252 0.904762
  27 2.359896 2.316367 68.226031 0.651496 0.689296 -0.316898 0.960630 0.912698
  27 1.249893 2.456629 66.903412 0.396511 0.822923 -0.406911 0.960630 0.746032
HEV_helmet.bmp
  27 1.249893 2.456629 66.903412 0.396511 0.822923 -0.406911 0.960630 0.746032
  27 2.359896 2.316367 68.226031 0.651496 0.689296 -0.316898 0.960630 0.912698
  27 2.609891 1.378740 66.562884 0.706024 0.667422 -0.236808 0.921260 0.714286
HEV_helmet.bmp
  27 2.359896 2.316367 68.226031 0.651496 0.689296 -0.316898 0.960630 0.912698
  27 2.909897 1.597464 68.664754 0.872315 0.484108 -0.068601 0.929134 0.936508
  27 2.609891 1.378740 66.562884 0.706024 0.667422 -0.236808 0.921260 0.714286
HEV_helmet.bmp
  27 2.119878 -5.797618 63.546401 0.552994 -0.819591 -0.149898 0.629921 0.428571
  27 3.339883 -3.213816 64.693595 0.951676 -0.301992 -0.055799 0.763780 0.555556
  27 2.439882 -5.438221 65.158055 0.880307 -0.442204 -0.171801 0.653543 0.650794
HEV_helmet.bmp
  27 2.439882 -5.438221 65.158055 0.880307 -0.442204 -0.171801 0.653543 0.650794
  27 3.339883 -3.213816 64.693595 0.951676 -0.301992 -0.055799 0.763780 0.555556
  27 3.299885 -3.531190 65.944584 0.967656 -0.183992 -0.172592 0.740157 0.706349
HEV_helmet.bmp
  27 3.339883 -3.213816 64.693595 0.951676 -0.301992 -0.055799 0.763780 0.555556
  27 3.749889 -0.038245 66.062626 0.989674 0.142796 0.012400 0.866142 0.666667
  27 3.299885 -3.531190 65.944584 0.967656 -0.183992 -0.172592 0.740157 0.706349
HEV_helmet.bmp
  27 3.299885 -3.531190 65.944584 0.967656 -0.183992 -0.172592 0.740157 0.706349
  27 3.749889 -0.038245 66.062626 0.989674 0.142796 0.012400 0.866142 0.666667
  27 3.579890 -1.027042 67.079327 0.992977 -0.005100 -0.118197 0.818898 0.785714
HEV_helmet.bmp
  27 3.749889 -0.038245 66.062626 0.989674 0.142796 0.012400 0.866142 0.666667
  27 3.569893 -0.027808 67.730196 0.981090 0.192098 -0.023700 0.858268 0.825397
  27 3.579890 -1.027042 67.079327 0.992977 -0.005100 -0.118197 0.818898 0.785714
HEV_helmet.bmp
  27 -1.750115 -6.402946 66.743467 -0.316088 -0.933065 -0.171693 0.393701 0.880952
  27 -2.120122 -5.794856 63.536798 -0.541519 -0.827629 -0.147605 0.362205 0.428571
  27 -1.820122 -5.943553 63.837446 -0.335201 -0.933301 -0.128800 0.393701 0.452381
HEV_helmet.bmp
  27 -1.820122 -5.943553 63.837446 -0.335201 -0.933301 -0.128800 0.393701 0.452381
  27 -2.120122 -5.794856 63.536798 -0.541519 -0.827629 -0.147605 0.362205 0.428571
  27 -0.910123 -6.220630 63.497843 -0.316088 -0.933065 -0.171693 0.440945 0.404762
HEV_helmet.bmp
  27 -2.120122 -5.794856 63.536798 -0.541519 -0.827629 -0.147605 0.362205 0.428571
  27 -0.000124 -6.431676 63.073153 0.000000 -0.979136 -0.203207 0.496063 0.373016
  27 -0.910123 -6.220630 63.497843 -0.316088 -0.933065 -0.171693 0.440945 0.404762
HEV_helmet.bmp
  27 -0.910123 -6.220630 63.497843 -0.316088 -0.933065 -0.171693 0.440945 0.404762
  27 -0.000124 -6.431676 63.073153 0.000000 -0.979136 -0.203207 0.496063 0.373016
  27 -0.000123 -6.495286 63.439832 -0.004100 -0.989700 -0.143100 0.496063 0.396825
HEV_helmet.bmp
  27 -0.000124 -6.431676 63.073153 0.000000 -0.979136 -0.203207 0.496063 0.373016
  27 0.909877 -6.220632 63.497839 0.315915 -0.931844 -0.178508 0.551181 0.404762
  27 -0.000123 -6.495286 63.439832 -0.004100 -0.989700 -0.143100 0.496063 0.396825
HEV_helmet.bmp
  27 -3.410108 -2.015833 68.096044 -0.761615 -0.422908 0.491010 0.212598 0.960317
  27 -3.770108 -1.655587 67.783279 -0.974644 -0.155907 0.160507 0.196850 0.936508
  27 -3.200112 -3.854075 67.214813 -0.783518 -0.360908 0.505811 0.267717 0.920635
HEV_helmet.bmp
  27 -3.200112 -3.854075 67.214813 -0.783518 -0.360908 0.505811 0.267717 0.920635
  27 -3.770108 -1.655587 67.783279 -0.974644 -0.155907 0.160507 0.196850 0.936508
  27 -3.490113 -3.756113 66.837185 -0.962007 -0.246302 0.117801 0.251969 0.873016
HEV_helmet.bmp
  27 -3.770108 -1.655587 67.783279 -0.974644 -0.155907 0.160507 0.196850 0.936508
  27 -3.550109 -1.020182 67.091714 -0.991683 -0.010200 -0.128298 0.173228 0.793651
  27 -3.490113 -3.756113 66.837185 -0.962007 -0.246302 0.117801 0.251969 0.873016
HEV_helmet.bmp
  27 -3.490113 -3.756113 66.837185 -0.962007 -0.246302 0.117801 0.251969 0.873016
  27 -3.550109 -1.020182 67.091714 -0.991683 -0.010200 -0.128298 0.173228 0.793651
  27 -3.250115 -3.531184 65.944600 -0.972196 -0.172099 -0.158799 0.244094 0.714286
HEV_helmet.bmp
  27 -0.710117 -7.399843 66.446988 -0.335201 -0.933301 -0.128800 0.456693 0.865079
  27 -0.000123 -7.242940 63.797480 -0.004100 -0.989700 -0.143100 0.496063 0.436508
  27 -0.000117 -7.632038 66.494794 -0.004100 -0.989700 -0.143100 0.496063 0.873016
HEV_helmet.bmp
  27 -0.000117 -7.632038 66.494794 -0.004100 -0.989700 -0.143100 0.496063 0.873016
  27 -0.000123 -7.242940 63.797480 -0.004100 -0.989700 -0.143100 0.496063 0.436508
  27 0.749883 -7.392990 66.459355 0.327004 -0.936011 -0.130202 0.543307 0.865079
HEV_helmet.bmp
  27 -0.000123 -7.242940 63.797480 -0.004100 -0.989700 -0.143100 0.496063 0.436508
  27 0.749877 -7.013589 63.832083 0.327004 -0.936011 -0.130202 0.543307 0.436508
  27 0.749883 -7.392990 66.459355 0.327004 -0.936011 -0.130202 0.543307 0.865079
HEV_helmet.bmp
  27 0.749883 -7.392990 66.459355 0.327004 -0.936011 -0.130202 0.543307 0.865079
  27 0.749877 -7.013589 63.832083 0.327004 -0.936011 -0.130202 0.543307 0.436508
  27 1.519878 -6.776298 64.129055 0.361795 -0.923988 -0.123898 0.582677 0.476190
HEV_helmet.bmp
  27 0.899885 -6.818024 66.957264 0.315915 -0.931844 -0.178508 0.551181 0.920635
  27 -0.000115 -7.128704 67.169816 0.000000 -0.979136 -0.203207 0.496063 0.944444
  27 -0.000115 -7.094183 67.013265 0.000000 -0.979136 -0.203207 0.496063 0.920635
HEV_helmet.bmp
  27 -0.000115 -7.094183 67.013265 0.000000 -0.979136 -0.203207 0.496063 0.920635
  27 -0.000115 -7.128704 67.169816 0.000000 -0.979136 -0.203207 0.496063 0.944444
  27 -0.860115 -6.815264 66.947656 -0.326685 -0.922457 -0.205790 0.440945 0.912698
HEV_helmet.bmp
  27 -0.000115 -7.128704 67.169816 0.000000 -0.979136 -0.203207 0.496063 0.944444
  27 -1.000115 -6.801725 67.117999 -0.326685 -0.922457 -0.205790 0.433071 0.936508
  27 -0.860115 -6.815264 66.947656 -0.326685 -0.922457 -0.205790 0.440945 0.912698
HEV_helmet.bmp
  27 -0.860115 -6.815264 66.947656 -0.326685 -0.922457 -0.205790 0.440945 0.912698
  27 -1.000115 -6.801725 67.117999 -0.326685 -0.922457 -0.205790 0.433071 0.936508
  27 -2.010115 -6.322038 66.860317 -0.597997 -0.799595 -0.055200 0.362205 0.904762
HEV_helmet.bmp
  27 -0.000123 -7.242940 63.797480 -0.004100 -0.989700 -0.143100 0.496063 0.436508
  27 -0.710117 -7.399843 66.446988 -0.335201 -0.933301 -0.128800 0.456693 0.865079
  27 -0.750123 -7.003975 63.834845 -0.335201 -0.933301 -0.128800 0.448819 0.436508
HEV_helmet.bmp
  27 -0.750123 -7.003975 63.834845 -0.335201 -0.933301 -0.128800 0.448819 0.436508
  27 -0.710117 -7.399843 66.446988 -0.335201 -0.933301 -0.128800 0.456693 0.865079
  27 -1.500122 -6.776296 64.129062 -0.370503 -0.921008 -0.120301 0.409449 0.476190
HEV_helmet.bmp
  27 -0.710117 -7.399843 66.446988 -0.335201 -0.933301 -0.128800 0.456693 0.865079
  27 -1.440117 -7.056230 66.264697 -0.406280 -0.907754 -0.104495 0.409449 0.841270
  27 -1.500122 -6.776296 64.129062 -0.370503 -0.921008 -0.120301 0.409449 0.476190
HEV_helmet.bmp
  27 -0.000115 -7.128704 67.169816 0.000000 -0.979136 -0.203207 0.496063 0.944444
  27 0.899885 -6.818024 66.957264 0.315915 -0.931844 -0.178508 0.551181 0.920635
  27 1.039885 -6.804485 67.127606 0.315915 -0.931844 -0.178508 0.559055 0.936508
HEV_helmet.bmp
  27 1.039885 -6.804485 67.127606 0.315915 -0.931844 -0.178508 0.559055 0.936508
  27 0.899885 -6.818024 66.957264 0.315915 -0.931844 -0.178508 0.551181 0.920635
  27 2.099885 -6.334412 66.867161 0.606713 -0.788517 -0.100702 0.629921 0.904762
HEV_helmet.bmp
  27 0.899885 -6.818024 66.957264 0.315915 -0.931844 -0.178508 0.551181 0.920635
  27 1.819885 -6.402949 66.743458 0.315915 -0.931844 -0.178508 0.598425 0.880952
  27 2.099885 -6.334412 66.867161 0.606713 -0.788517 -0.100702 0.629921 0.904762
HEV_helmet.bmp
  27 -1.820122 -5.943553 63.837446 -0.919841 -0.391017 -0.031601 0.393701 0.452381
  27 -1.500122 -6.776296 64.129062 -0.919841 -0.391017 -0.031601 0.409449 0.476190
  27 -1.750115 -6.402946 66.743467 -0.919841 -0.391017 -0.031601 0.393701 0.880952
HEV_helmet.bmp
  27 -1.750115 -6.402946 66.743467 -0.919841 -0.391017 -0.031601 0.393701 0.880952
  27 -1.500122 -6.776296 64.129062 -0.919841 -0.391017 -0.031601 0.409449 0.476190
  27 -1.440117 -7.056230 66.264697 -0.919841 -0.391017 -0.031601 0.409449 0.841270
HEV_helmet.bmp
  27 1.519878 -6.776298 64.129055 0.928830 -0.368512 -0.038401 0.582677 0.476190
  27 1.839878 -5.943556 63.837437 0.928830 -0.368512 -0.038401 0.598425 0.452381
  27 1.499883 -7.065845 66.261931 0.928830 -0.368512 -0.038401 0.582677 0.849206
HEV_helmet.bmp
  27 1.499883 -7.065845 66.261931 0.928830 -0.368512 -0.038401 0.582677 0.849206
  27 1.839878 -5.943556 63.837437 0.928830 -0.368512 -0.038401 0.598425 0.452381
  27 1.819885 -6.402949 66.743458 0.911710 -0.406705 -0.058101 0.598425 0.880952
HEV_helmet.bmp
  27 -3.760106 -0.851604 68.606997 -0.958193 -0.149599 0.243898 0.165354 0.960317
  27 -3.610103 -0.026977 69.395025 -0.978746 0.054103 0.197809 0.133858 1.000000
  27 -3.550107 -0.027802 67.730213 -0.981638 0.187807 -0.033401 0.133858 0.857143
HEV_helmet.bmp
  27 -3.550107 -0.027802 67.730213 -0.981638 0.187807 -0.033401 0.133858 0.857143
  27 -3.610103 -0.026977 69.395025 -0.978746 0.054103 0.197809 0.133858 1.000000
  27 -2.910104 1.607081 68.667526 -0.877045 0.476325 -0.062503 0.062992 0.944444
HEV_helmet.bmp
  27 -3.700111 -0.012161 66.080530 -0.932278 0.121597 0.340692 0.133858 0.666667
  5 -4.340115 0.541697 64.119928 -0.905423 0.167404 0.390110 0.110236 0.253968
  27 -3.310117 -3.204198 64.696369 -0.887696 -0.384098 0.253899 0.228346 0.563492
HEV_helmet.bmp
  27 -3.310117 -3.204198 64.696369 -0.887696 -0.384098 0.253899 0.228346 0.563492
  5 -4.340115 0.541697 64.119928 -0.905423 0.167404 0.390110 0.110236 0.253968
  5 -4.650120 -1.308774 62.951701 -0.884358 -0.296586 0.360483 0.181102 0.174603
HEV_helmet.bmp
  27 1.839878 -5.943556 63.837437 0.327004 -0.936011 -0.130202 0.598425 0.452381
  27 0.909877 -6.220632 63.497839 0.315915 -0.931844 -0.178508 0.551181 0.404762
  27 2.119878 -5.797618 63.546401 0.552994 -0.819591 -0.149898 0.629921 0.428571
HEV_helmet.bmp
  27 2.119878 -5.797618 63.546401 0.552994 -0.819591 -0.149898 0.629921 0.428571
  27 0.909877 -6.220632 63.497839 0.315915 -0.931844 -0.178508 0.551181 0.404762
  27 -0.000124 -6.431676 63.073153 0.000000 -0.979136 -0.203207 0.496063 0.373016
HEV_helmet.bmp
  27 -1.820122 -5.943553 63.837446 -0.451786 -0.459686 -0.764577 0.393701 0.452381
  27 -0.750123 -7.003975 63.834845 -0.355890 -0.445187 -0.821676 0.448819 0.436508
  27 -1.500122 -6.776296 64.129062 -0.451786 -0.459686 -0.764577 0.409449 0.476190
HEV_helmet.bmp
  27 1.819885 -6.402949 66.743458 0.450381 -0.659472 0.601875 0.598425 0.880952
  27 0.749883 -7.392990 66.459355 0.382783 -0.668470 0.637672 0.543307 0.865079
  27 1.499883 -7.065845 66.261931 0.450381 -0.659472 0.601875 0.582677 0.849206
HEV_helmet.bmp
  27 -3.200112 -3.854075 67.214813 -0.783518 -0.360908 0.505811 0.267717 0.920635
  27 -3.490113 -3.756113 66.837185 -0.962007 -0.246302 0.117801 0.251969 0.873016
  27 -2.830114 -5.074723 66.791705 -0.761615 -0.422908 0.491010 0.314961 0.904762
HEV_helmet.bmp
  27 -0.000107 2.525336 66.881517 0.000000 0.991877 0.127197 0.007874 0.746032
  5 -0.000111 2.706035 65.397622 0.000100 0.997483 0.070899 0.007874 0.357143
  27 -1.240107 2.449778 66.891048 -0.302288 0.944062 0.131795 0.023622 0.746032
HEV_helmet.bmp
  27 3.339883 -3.213816 64.693595 0.894689 -0.378195 0.237697 0.763780 0.555556
  5 4.619880 -1.308786 62.951687 0.892992 -0.286997 0.346697 0.811024 0.174603
  5 4.319885 0.532028 64.130247 0.907496 0.182599 0.378298 0.881890 0.246032
HEV_helmet.bmp
  5 -0.000111 2.706035 65.397622 0.000100 0.997483 0.070899 0.984252 0.349206
  27 -0.000107 2.525336 66.881517 0.000000 0.991877 0.127197 0.984252 0.746032
  27 1.249893 2.456629 66.903412 0.307201 0.942403 0.132300 0.960630 0.746032
HEV_helmet.bmp
  27 -1.240107 2.449778 66.891048 -0.314705 0.853414 -0.415507 0.023622 0.746032
  27 -0.000104 2.980358 67.761150 -0.020499 0.895853 -0.443877 0.000000 0.896825
  27 -0.000107 2.525336 66.881517 0.028200 0.895785 -0.443593 0.007874 0.746032
HEV_helmet.bmp
  27 0.749883 -7.392990 66.459355 0.327004 -0.936011 -0.130202 0.543307 0.865079
  27 1.519878 -6.776298 64.129055 0.361795 -0.923988 -0.123898 0.582677 0.476190
  27 1.499883 -7.065845 66.261931 0.361795 -0.923988 -0.123898 0.582677 0.849206
HEV_helmet_top.bmp
  27 -1.410093 2.091082 72.999062 -0.402113 0.609519 0.683222 0.268156 0.921569
  27 -2.110093 1.347775 73.160291 -0.445688 0.387490 0.806978 0.156425 0.827451
  27 -1.410092 1.420324 73.378777 -0.310803 0.391704 0.866008 0.268156 0.839216
HEV_helmet_top.bmp
  27 -1.410092 1.420324 73.378777 -0.310803 0.391704 0.866008 0.268156 0.839216
  27 -2.110093 1.347775 73.160291 -0.445688 0.387490 0.806978 0.156425 0.827451
  27 -1.410093 0.594435 73.682764 -0.327409 0.253207 0.910324 0.268156 0.737255
HEV_helmet_top.bmp
  27 -2.110093 1.347775 73.160291 -0.445688 0.387490 0.806978 0.156425 0.827451
  27 -2.190093 0.428525 73.427083 -0.443101 0.187700 0.876602 0.145251 0.717647
  27 -1.410093 0.594435 73.682764 -0.327409 0.253207 0.910324 0.268156 0.737255
HEV_helmet_top.bmp
  27 -1.410093 0.594435 73.682764 -0.327409 0.253207 0.910324 0.268156 0.737255
  27 -2.190093 0.428525 73.427083 -0.443101 0.187700 0.876602 0.145251 0.717647
  27 -1.410093 -0.427706 73.836801 -0.336287 0.106096 0.935764 0.268156 0.615686
HEV_helmet_top.bmp
  27 -2.190093 0.428525 73.427083 -0.443101 0.187700 0.876602 0.145251 0.717647
  27 -2.630096 -2.846353 73.600498 -0.368799 0.088400 0.925296 0.072626 0.321569
  27 -1.410093 -0.427706 73.836801 -0.336287 0.106096 0.935764 0.268156 0.615686
HEV_helmet_top.bmp
  27 -1.410093 -0.427706 73.836801 -0.336287 0.106096 0.935764 0.268156 0.615686
  27 -2.630096 -2.846353 73.600498 -0.368799 0.088400 0.925296 0.072626 0.321569
  27 -1.410095 -2.785007 74.003033 -0.281388 0.042398 0.958657 0.268156 0.325490
HEV_helmet_top.bmp
  27 -2.630096 -2.846353 73.600498 -0.368799 0.088400 0.925296 0.072626 0.321569
  27 -2.230096 -3.863062 73.808112 -0.281388 0.042398 0.958657 0.139665 0.196078
  27 -1.410095 -2.785007 74.003033 -0.281388 0.042398 0.958657 0.268156 0.325490
HEV_helmet_top.bmp
  27 -1.410095 -2.785007 74.003033 -0.281388 0.042398 0.958657 0.268156 0.325490
  27 -2.230096 -3.863062 73.808112 -0.281388 0.042398 0.958657 0.139665 0.196078
  27 -1.390097 -4.767101 73.985635 -0.053199 0.034899 0.997974 0.273743 0.082353
HEV_helmet_top.bmp
  27 1.379907 1.420321 73.378770 0.289800 0.394500 0.872001 0.720670 0.839216
  27 1.379907 0.594433 73.682758 0.311199 0.252099 0.916297 0.720670 0.737255
  27 2.129907 1.345013 73.169893 0.433579 0.390181 0.812261 0.843575 0.827451
HEV_helmet_top.bmp
  27 2.129907 1.345013 73.169893 0.433579 0.390181 0.812261 0.843575 0.827451
  27 1.379907 0.594433 73.682758 0.311199 0.252099 0.916297 0.720670 0.737255
  27 2.189907 0.425762 73.436685 0.433096 0.179998 0.883192 0.854749 0.717647
HEV_helmet_top.bmp
  27 1.379907 0.594433 73.682758 0.311199 0.252099 0.916297 0.720670 0.737255
  27 1.379907 -0.427708 73.836795 0.331598 0.103799 0.937693 0.720670 0.615686
  27 2.189907 0.425762 73.436685 0.433096 0.179998 0.883192 0.854749 0.717647
HEV_helmet_top.bmp
  27 2.189907 0.425762 73.436685 0.433096 0.179998 0.883192 0.854749 0.717647
  27 1.379907 -0.427708 73.836795 0.331598 0.103799 0.937693 0.720670 0.615686
  27 2.569904 -2.839504 73.612856 0.368188 0.088097 0.925568 0.910615 0.317647
HEV_helmet_top.bmp
  27 1.379907 -0.427708 73.836795 0.331598 0.103799 0.937693 0.720670 0.615686
  27 1.379905 -2.785009 74.003027 0.286505 0.051101 0.956715 0.720670 0.325490
  27 2.569904 -2.839504 73.612856 0.368188 0.088097 0.925568 0.910615 0.317647
HEV_helmet_top.bmp
  27 2.569904 -2.839504 73.612856 0.368188 0.088097 0.925568 0.910615 0.317647
  27 1.379905 -2.785009 74.003027 0.286505 0.051101 0.956715 0.720670 0.325490
  27 2.229904 -3.868583 73.827325 0.286505 0.051101 0.956715 0.860335 0.192157
HEV_helmet_top.bmp
  27 1.379905 -2.785009 74.003027 0.286505 0.051101 0.956715 0.720670 0.325490
  27 1.459903 -4.767104 73.985628 0.052600 0.029000 0.998194 0.720670 0.082353
  27 2.229904 -3.868583 73.827325 0.286505 0.051101 0.956715 0.860335 0.192157
HEV_helmet_top.bmp
  27 -1.390097 -4.767101 73.985635 -0.053199 0.034899 0.997974 0.273743 0.082353
  27 1.379905 -2.757342 73.834105 0.000000 0.106996 0.994259 0.720670 0.329412
  27 -1.410095 -2.757340 73.834112 0.000000 0.106996 0.994259 0.268156 0.329412
HEV_helmet_top.bmp
  27 -1.410095 -2.757340 73.834112 0.000000 0.106996 0.994259 0.268156 0.329412
  27 1.379905 -2.757342 73.834105 0.000000 0.106996 0.994259 0.720670 0.329412
  27 -1.410094 -0.403966 73.500295 0.000000 0.169602 0.985513 0.268156 0.615686
HEV_helmet_top.bmp
  27 1.379905 -2.757342 73.834105 0.000000 0.106996 0.994259 0.720670 0.329412
  27 1.379906 -0.413581 73.497530 0.000000 0.169602 0.985513 0.720670 0.615686
  27 -1.410094 -0.403966 73.500295 0.000000 0.169602 0.985513 0.268156 0.615686
HEV_helmet_top.bmp
  27 -1.410094 -0.403966 73.500295 0.000000 0.169602 0.985513 0.268156 0.615686
  27 1.379906 -0.413581 73.497530 0.000000 0.169602 0.985513 0.720670 0.615686
  27 -1.410093 1.401436 73.082056 -0.018000 0.358693 0.933282 0.268156 0.835294
HEV_helmet_top.bmp
  27 1.379906 -0.413581 73.497530 0.000000 0.169602 0.985513 0.720670 0.615686
  27 1.379907 1.382209 73.076533 0.026000 0.401003 0.915708 0.720670 0.835294
  27 -1.410093 1.401436 73.082056 -0.018000 0.358693 0.933282 0.268156 0.835294
HEV_helmet_top.bmp
  27 -1.410093 1.401436 73.082056 -0.018000 0.358693 0.933282 0.268156 0.835294
  27 1.379907 1.382209 73.076533 0.026000 0.401003 0.915708 0.720670 0.835294
  27 -0.000094 2.740109 72.405037 0.000900 0.494490 0.869183 0.497207 1.000000
HEV_helmet_top.bmp
  27 1.379907 1.382209 73.076533 0.026000 0.401003 0.915708 0.720670 0.835294
  27 1.359906 2.441966 72.465128 0.252104 0.672009 0.696310 0.720670 0.960784
  27 -0.000094 2.740109 72.405037 0.000900 0.494490 0.869183 0.497207 1.000000
HEV_helmet_top.bmp
  27 1.379907 2.091080 72.999056 -0.999955 0.001100 0.009400 0.720670 0.921569
  27 1.379907 1.382209 73.076533 -0.999955 0.001100 0.009400 0.720670 0.835294
  27 1.379907 1.420321 73.378770 -0.999955 0.001100 0.009400 0.720670 0.839216
HEV_helmet_top.bmp
  27 1.379907 1.420321 73.378770 -0.999955 0.001100 0.009400 0.720670 0.839216
  27 1.379907 1.382209 73.076533 -0.999955 0.001100 0.009400 0.720670 0.835294
  27 1.379907 0.594433 73.682758 -0.999955 0.001100 0.009400 0.720670 0.737255
HEV_helmet_top.bmp
  27 1.379907 1.382209 73.076533 -0.999955 0.001100 0.009400 0.720670 0.835294
  27 1.379906 -0.413581 73.497530 -0.999955 0.001100 0.009400 0.720670 0.615686
  27 1.379907 0.594433 73.682758 -0.999955 0.001100 0.009400 0.720670 0.737255
HEV_helmet_top.bmp
  27 1.379907 0.594433 73.682758 -0.999955 0.001100 0.009400 0.720670 0.737255
  27 1.379906 -0.413581 73.497530 -0.999955 0.001100 0.009400 0.720670 0.615686
  27 1.379907 -0.427708 73.836795 -0.999955 0.001100 0.009400 0.720670 0.615686
HEV_helmet_top.bmp
  27 1.379906 -0.413581 73.497530 -0.999955 0.001100 0.009400 0.720670 0.615686
  27 1.379905 -2.757342 73.834105 -0.999955 0.001100 0.009400 0.720670 0.329412
  27 1.379907 -0.427708 73.836795 -0.999955 0.001100 0.009400 0.720670 0.615686
HEV_helmet_top.bmp
  27 1.379907 -0.427708 73.836795 -0.999955 0.001100 0.009400 0.720670 0.615686
  27 1.379905 -2.757342 73.834105 -0.999955 0.001100 0.009400 0.720670 0.329412
  27 1.379905 -2.785009 74.003027 -0.999955 0.001100 0.009400 0.720670 0.325490
HEV_helmet_top.bmp
  27 1.379905 -2.757342 73.834105 -0.999955 0.001100 0.009400 0.720670 0.329412
  27 1.459903 -4.767104 73.985628 -0.999156 -0.040198 -0.008400 0.720670 0.082353
  27 1.379905 -2.785009 74.003027 -0.999955 0.001100 0.009400 0.720670 0.325490
HEV_helmet_top.bmp
  27 -1.400094 2.441968 72.465134 -0.260086 0.667966 0.697264 0.273743 0.964706
  27 -2.450094 1.788013 72.568776 -0.519676 0.580274 0.627072 0.106145 0.882353
  27 -1.410093 2.091082 72.999062 -0.402113 0.609519 0.683222 0.268156 0.921569
HEV_helmet_top.bmp
  27 -1.410093 2.091082 72.999062 -0.402113 0.609519 0.683222 0.268156 0.921569
  27 -2.450094 1.788013 72.568776 -0.519676 0.580274 0.627072 0.106145 0.882353
  27 -2.110093 1.347775 73.160291 -0.445688 0.387490 0.806978 0.156425 0.827451
HEV_helmet_top.bmp
  27 -2.450094 1.788013 72.568776 -0.519676 0.580274 0.627072 0.106145 0.882353
  27 -3.000095 0.245063 72.906277 -0.595285 0.280993 0.752781 0.016760 0.698039
  27 -2.110093 1.347775 73.160291 -0.445688 0.387490 0.806978 0.156425 0.827451
HEV_helmet_top.bmp
  27 -2.110093 1.347775 73.160291 -0.445688 0.387490 0.806978 0.156425 0.827451
  27 -3.000095 0.245063 72.906277 -0.595285 0.280993 0.752781 0.016760 0.698039
  27 -2.190093 0.428525 73.427083 -0.443101 0.187700 0.876602 0.145251 0.717647
HEV_helmet_top.bmp
  27 -3.000095 0.245063 72.906277 -0.595285 0.280993 0.752781 0.016760 0.698039
  27 -3.020095 -0.789532 73.139969 -0.518215 0.151504 0.841724 0.011173 0.572549
  27 -2.190093 0.428525 73.427083 -0.443101 0.187700 0.876602 0.145251 0.717647
HEV_helmet_top.bmp
  27 -2.190093 0.428525 73.427083 -0.443101 0.187700 0.876602 0.145251 0.717647
  27 -3.020095 -0.789532 73.139969 -0.518215 0.151504 0.841724 0.011173 0.572549
  27 -2.630096 -2.846353 73.600498 -0.368799 0.088400 0.925296 0.072626 0.321569
HEV_helmet_top.bmp
  27 3.009905 -0.789538 73.139954 0.509899 0.139800 0.848799 0.983240 0.568627
  27 3.019905 0.235446 72.903504 0.590725 0.274812 0.758632 0.983240 0.694118
  27 2.189907 0.425762 73.436685 0.433096 0.179998 0.883192 0.854749 0.717647
HEV_helmet_top.bmp
  27 2.189907 0.425762 73.436685 0.433096 0.179998 0.883192 0.854749 0.717647
  27 3.019905 0.235446 72.903504 0.590725 0.274812 0.758632 0.983240 0.694118
  27 2.129907 1.345013 73.169893 0.433579 0.390181 0.812261 0.843575 0.827451
HEV_helmet_top.bmp
  27 3.019905 0.235446 72.903504 0.590725 0.274812 0.758632 0.983240 0.694118
  27 2.459906 1.778396 72.566006 0.510692 0.591991 0.623490 0.893855 0.882353
  27 2.129907 1.345013 73.169893 0.433579 0.390181 0.812261 0.843575 0.827451
HEV_helmet_top.bmp
  27 2.129907 1.345013 73.169893 0.433579 0.390181 0.812261 0.843575 0.827451
  27 2.459906 1.778396 72.566006 0.510692 0.591991 0.623490 0.893855 0.882353
  27 1.379907 2.091080 72.999056 0.384608 0.620612 0.683313 0.720670 0.921569
HEV_helmet_top.bmp
  27 2.459906 1.778396 72.566006 0.510692 0.591991 0.623490 0.893855 0.882353
  27 1.359906 2.441966 72.465128 0.252104 0.672009 0.696310 0.720670 0.960784
  27 1.379907 2.091080 72.999056 0.384608 0.620612 0.683313 0.720670 0.921569
HEV_helmet_top.bmp
  27 -1.410095 -2.785007 74.003033 0.999997 0.000300 0.002500 0.268156 0.325490
  27 -1.410094 -0.403966 73.500295 0.999997 0.000300 0.002500 0.268156 0.615686
  27 -1.410093 -0.427706 73.836801 0.999997 0.000300 0.002500 0.268156 0.615686
HEV_helmet_top.bmp
  27 -1.410093 -0.427706 73.836801 0.999997 0.000300 0.002500 0.268156 0.615686
  27 -1.410094 -0.403966 73.500295 0.999997 0.000300 0.002500 0.268156 0.615686
  27 -1.410093 0.594435 73.682764 0.999997 0.000300 0.002500 0.268156 0.737255
HEV_helmet_top.bmp
  27 -1.410094 -0.403966 73.500295 0.999997 0.000300 0.002500 0.268156 0.615686
  27 -1.410093 1.401436 73.082056 0.999997 0.000300 0.002500 0.268156 0.835294
  27 -1.410093 0.594435 73.682764 0.999997 0.000300 0.002500 0.268156 0.737255
HEV_helmet_top.bmp
  27 -1.410093 0.594435 73.682764 0.999997 0.000300 0.002500 0.268156 0.737255
  27 -1.410093 1.401436 73.082056 0.999997 0.000300 0.002500 0.268156 0.835294
  27 -1.410092 1.420324 73.378777 0.999997 0.000300 0.002500 0.268156 0.839216
HEV_helmet_top.bmp
  27 -1.410093 1.401436 73.082056 0.999997 0.000300 0.002500 0.268156 0.835294
  27 -1.410093 2.091082 72.999062 0.999997 0.000300 0.002500 0.268156 0.921569
  27 -1.410092 1.420324 73.378777 0.999997 0.000300 0.002500 0.268156 0.839216
HEV_helmet_top.bmp
  27 0.749903 -5.241020 74.005686 -0.004200 0.040100 0.999187 0.620112 0.023529
  27 1.459903 -4.767104 73.985628 0.052600 0.029000 0.998194 0.720670 0.082353
  27 -0.730097 -5.238261 73.996078 -0.004200 0.040100 0.999187 0.379888 0.023529
HEV_helmet_top.bmp
  27 -0.730097 -5.238261 73.996078 -0.004200 0.040100 0.999187 0.379888 0.023529
  27 1.459903 -4.767104 73.985628 0.052600 0.029000 0.998194 0.720670 0.082353
  27 -1.390097 -4.767101 73.985635 -0.053199 0.034899 0.997974 0.273743 0.082353
HEV_helmet_top.bmp
  27 1.459903 -4.767104 73.985628 0.052600 0.029000 0.998194 0.720670 0.082353
  27 1.379905 -2.757342 73.834105 0.000000 0.106996 0.994259 0.720670 0.329412
  27 -1.390097 -4.767101 73.985635 -0.053199 0.034899 0.997974 0.273743 0.082353
HEV_helmet_top.bmp
  27 -1.390097 -4.767101 73.985635 0.999997 0.000300 0.002500 0.273743 0.082353
  27 -1.410095 -2.757340 73.834112 0.999997 0.000300 0.002500 0.268156 0.329412
  27 -1.410095 -2.785007 74.003033 0.999997 0.000300 0.002500 0.268156 0.325490
HEV_helmet_top.bmp
  27 -1.410095 -2.785007 74.003033 0.999997 0.000300 0.002500 0.268156 0.325490
  27 -1.410095 -2.757340 73.834112 0.999997 0.000300 0.002500 0.268156 0.329412
  27 -1.410094 -0.403966 73.500295 0.999997 0.000300 0.002500 0.268156 0.615686
HEV_helmet_top.bmp
  27 1.379907 2.091080 72.999056 0.384608 0.620612 0.683313 0.720670 0.921569
  27 1.379907 1.420321 73.378770 0.289800 0.394500 0.872001 0.720670 0.839216
  27 2.129907 1.345013 73.169893 0.433579 0.390181 0.812261 0.843575 0.827451
HEV_helmet_top.bmp
  27 -0.000094 2.740109 72.405037 0.000900 0.494490 0.869183 0.497207 1.000000
  27 -1.400094 2.441968 72.465134 -0.260086 0.667966 0.697264 0.273743 0.964706
  27 -1.410093 1.401436 73.082056 -0.018000 0.358693 0.933282 0.268156 0.835294
HEV_helmet_top.bmp
  27 2.569904 -2.839504 73.612856 0.368188 0.088097 0.925568 0.910615 0.317647
  27 3.009905 -0.789538 73.139954 0.509899 0.139800 0.848799 0.983240 0.568627
  27 2.189907 0.425762 73.436685 0.433096 0.179998 0.883192 0.854749 0.717647
HEV_helmet_top.bmp
  27 -0.000097 -5.408604 74.009616 -0.004200 0.040100 0.999187 0.497207 0.003922
  27 0.749903 -5.241020 74.005686 -0.004200 0.040100 0.999187 0.620112 0.023529
  27 -0.730097 -5.238261 73.996078 -0.004200 0.040100 0.999187 0.379888 0.023529
HEV_helmet_top.bmp
  27 1.379907 2.091080 72.999056 -0.999955 0.001100 0.009400 0.720670 0.921569
  27 1.359906 2.441966 72.465128 -0.999955 0.001100 0.009400 0.720670 0.960784
  27 1.379907 1.382209 73.076533 -0.999955 0.001100 0.009400 0.720670 0.835294
HEV_helmet_top.bmp
  27 -1.400094 2.441968 72.465134 0.999997 0.000300 0.002500 0.273743 0.964706
  27 -1.410093 2.091082 72.999062 0.999997 0.000300 0.002500 0.268156 0.921569
  27 -1.410093 1.401436 73.082056 0.999997 0.000300 0.002500 0.268156 0.835294
HEV_torso.bmp
  18 -11.332280 0.857524 53.834007 -0.932688 0.341996 0.114598 0.099256 0.965418
  18 -11.178006 1.217478 53.969405 -0.932688 0.341996 0.114598 0.062035 0.982709
  18 -11.277640 1.087613 53.577349 -0.932688 0.341996 0.114598 0.074442 0.939481
HEV_torso.bmp
  18 -11.277640 1.087613 53.577349 -0.932688 0.341996 0.114598 0.074442 0.939481
  18 -11.178006 1.217478 53.969405 -0.932688 0.341996 0.114598 0.062035 0.982709
  18 -11.221900 1.217594 53.632102 -0.932688 0.341996 0.114598 0.062035 0.945245
HEV_torso.bmp
  18 -11.178006 1.217478 53.969405 -0.932688 0.341996 0.114598 0.062035 0.982709
  18 -11.064630 1.577538 53.797350 -0.932688 0.341996 0.114598 0.027295 0.965418
  18 -11.221900 1.217594 53.632102 -0.932688 0.341996 0.114598 0.062035 0.945245
HEV_torso.bmp
  18 -11.221900 1.217594 53.632102 -0.932688 0.341996 0.114598 0.062035 0.945245
  18 -11.064630 1.577538 53.797350 -0.932688 0.341996 0.114598 0.027295 0.965418
  18 -11.179138 1.337620 53.557502 -0.932688 0.341996 0.114598 0.049628 0.936599
HEV_torso.bmp
  18 -11.064630 1.577538 53.797350 -0.932688 0.341996 0.114598 0.027295 0.965418
  18 -11.061769 1.717666 53.425254 -0.932688 0.341996 0.114598 0.012407 0.925072
  18 -11.179138 1.337620 53.557502 -0.932688 0.341996 0.114598 0.049628 0.936599
HEV_torso.bmp
  18 -11.179138 1.337620 53.557502 -0.932688 0.341996 0.114598 0.049628 0.936599
  18 -11.061769 1.717666 53.425254 -0.932688 0.341996 0.114598 0.012407 0.925072
  18 -11.181169 1.387662 53.437120 -0.932688 0.341996 0.114598 0.044665 0.925072
HEV_torso.bmp
  18 -11.061769 1.717666 53.425254 -0.932688 0.341996 0.114598 0.012407 0.925072
  18 -11.160405 1.577798 53.043144 -0.932688 0.341996 0.114598 0.027295 0.881844
  18 -11.181169 1.387662 53.437120 -0.932688 0.341996 0.114598 0.044665 0.925072
HEV_torso.bmp
  18 -11.181169 1.387662 53.437120 -0.932688 0.341996 0.114598 0.044665 0.925072
  18 -11.160405 1.577798 53.043144 -0.932688 0.341996 0.114598 0.027295 0.881844
  18 -11.214047 1.337706 53.309749 -0.932688 0.341996 0.114598 0.049628 0.910663
HEV_torso.bmp
  18 -11.160405 1.577798 53.043144 -0.932688 0.341996 0.114598 0.027295 0.881844
  18 -11.315678 1.217848 52.897796 -0.932688 0.341996 0.114598 0.062035 0.867435
  18 -11.214047 1.337706 53.309749 -0.932688 0.341996 0.114598 0.049628 0.910663
HEV_torso.bmp
  18 -11.214047 1.337706 53.309749 -0.932688 0.341996 0.114598 0.049628 0.910663
  18 -11.315678 1.217848 52.897796 -0.932688 0.341996 0.114598 0.062035 0.867435
  18 -11.269787 1.217724 53.254999 -0.932688 0.341996 0.114598 0.062035 0.904899
HEV_torso.bmp
  18 -11.315678 1.217848 52.897796 -0.932688 0.341996 0.114598 0.062035 0.867435
  18 -11.418105 0.857785 53.078803 -0.932688 0.341996 0.114598 0.099256 0.884726
  18 -11.269787 1.217724 53.254999 -0.932688 0.341996 0.114598 0.062035 0.904899
HEV_torso.bmp
  18 -11.269787 1.217724 53.254999 -0.932688 0.341996 0.114598 0.062035 0.904899
  18 -11.418105 0.857785 53.078803 -0.932688 0.341996 0.114598 0.099256 0.884726
  18 -11.303597 1.087702 53.318648 -0.932688 0.341996 0.114598 0.074442 0.910663
HEV_torso.bmp
  18 -11.418105 0.857785 53.078803 -0.932688 0.341996 0.114598 0.099256 0.884726
  18 -11.429918 0.707653 53.461844 -0.932688 0.341996 0.114598 0.114144 0.925072
  18 -11.303597 1.087702 53.318648 -0.932688 0.341996 0.114598 0.074442 0.910663
HEV_torso.bmp
  18 -11.303597 1.087702 53.318648 -0.932688 0.341996 0.114598 0.074442 0.910663
  18 -11.429918 0.707653 53.461844 -0.932688 0.341996 0.114598 0.114144 0.925072
  18 -11.311516 1.037660 53.440028 -0.932688 0.341996 0.114598 0.079404 0.925072
HEV_torso.bmp
  18 -11.429918 0.707653 53.461844 -0.932688 0.341996 0.114598 0.114144 0.925072
  18 -11.332280 0.857524 53.834007 -0.932688 0.341996 0.114598 0.099256 0.965418
  18 -11.311516 1.037660 53.440028 -0.932688 0.341996 0.114598 0.079404 0.925072
HEV_torso.bmp
  18 -11.311516 1.037660 53.440028 -0.932688 0.341996 0.114598 0.079404 0.925072
  18 -11.332280 0.857524 53.834007 -0.932688 0.341996 0.114598 0.099256 0.965418
  18 -11.277640 1.087613 53.577349 -0.932688 0.341996 0.114598 0.074442 0.939481
HEV_torso.bmp
  18 -7.139388 1.217737 53.252627 0.915618 0.342106 -0.211204 0.062035 0.979827
  18 -7.046909 0.847800 53.072367 0.915618 0.342106 -0.211204 0.099256 0.965418
  18 -7.212134 1.207849 52.928266 0.915618 0.342106 -0.211204 0.062035 0.945245
HEV_torso.bmp
  18 -7.212134 1.207849 52.928266 0.915618 0.342106 -0.211204 0.062035 0.945245
  18 -7.046909 0.847800 53.072367 0.915618 0.342106 -0.211204 0.099256 0.965418
  18 -7.179322 1.087875 52.854580 0.915618 0.342106 -0.211204 0.074442 0.936599
HEV_torso.bmp
  18 -7.046909 0.847800 53.072367 0.915618 0.342106 -0.211204 0.099256 0.965418
  18 -7.074896 0.707931 52.693219 0.915618 0.342106 -0.211204 0.114144 0.925072
  18 -7.179322 1.087875 52.854580 0.915618 0.342106 -0.211204 0.074442 0.936599
HEV_torso.bmp
  18 -7.179322 1.087875 52.854580 0.915618 0.342106 -0.211204 0.074442 0.936599
  18 -7.074896 0.707931 52.693219 0.915618 0.342106 -0.211204 0.114144 0.925072
  18 -7.192300 1.027919 52.725210 0.915618 0.342106 -0.211204 0.079404 0.925072
HEV_torso.bmp
  18 -7.074896 0.707931 52.693219 0.915618 0.342106 -0.211204 0.114144 0.925072
  18 -7.222284 0.848057 52.326147 0.915618 0.342106 -0.211204 0.099256 0.884726
  18 -7.192300 1.027919 52.725210 0.915618 0.342106 -0.211204 0.079404 0.925072
HEV_torso.bmp
  18 -7.192300 1.027919 52.725210 0.915618 0.342106 -0.211204 0.079404 0.925072
  18 -7.222284 0.848057 52.326147 0.915618 0.342106 -0.211204 0.099256 0.884726
  18 -7.245079 1.077962 52.599870 0.915618 0.342106 -0.211204 0.074442 0.910663
HEV_torso.bmp
  18 -7.222284 0.848057 52.326147 0.915618 0.342106 -0.211204 0.099256 0.884726
  18 -7.374564 1.208096 52.210898 0.915618 0.342106 -0.211204 0.062035 0.867435
  18 -7.245079 1.077962 52.599870 0.915618 0.342106 -0.211204 0.074442 0.910663
HEV_torso.bmp
  18 -7.245079 1.077962 52.599870 0.915618 0.342106 -0.211204 0.074442 0.910663
  18 -7.374564 1.208096 52.210898 0.915618 0.342106 -0.211204 0.062035 0.867435
  18 -7.300820 1.217981 52.545210 0.915618 0.342106 -0.211204 0.062035 0.904899
HEV_torso.bmp
  18 -7.374564 1.208096 52.210898 0.915618 0.342106 -0.211204 0.062035 0.867435
  18 -7.466045 1.568030 52.401105 0.915618 0.342106 -0.211204 0.027295 0.881844
  18 -7.300820 1.217981 52.545210 0.915618 0.342106 -0.211204 0.062035 0.904899
HEV_torso.bmp
  18 -7.300820 1.217981 52.545210 0.915618 0.342106 -0.211204 0.062035 0.904899
  18 -7.466045 1.568030 52.401105 0.915618 0.342106 -0.211204 0.027295 0.881844
  18 -7.333632 1.337956 52.618894 0.915618 0.342106 -0.211204 0.049628 0.910663
HEV_torso.bmp
  18 -7.466045 1.568030 52.401105 0.915618 0.342106 -0.211204 0.027295 0.881844
  18 -7.438058 1.707900 52.780253 0.915618 0.342106 -0.211204 0.012407 0.925072
  18 -7.333632 1.337956 52.618894 0.915618 0.342106 -0.211204 0.049628 0.910663
HEV_torso.bmp
  18 -7.333632 1.337956 52.618894 0.915618 0.342106 -0.211204 0.049628 0.910663
  18 -7.438058 1.707900 52.780253 0.915618 0.342106 -0.211204 0.012407 0.925072
  18 -7.320654 1.377911 52.748259 0.915618 0.342106 -0.211204 0.044665 0.925072
HEV_torso.bmp
  18 -7.438058 1.707900 52.780253 0.915618 0.342106 -0.211204 0.012407 0.925072
  18 -7.301619 1.567776 53.138373 0.915618 0.342106 -0.211204 0.027295 0.965418
  18 -7.320654 1.377911 52.748259 0.915618 0.342106 -0.211204 0.044665 0.925072
HEV_torso.bmp
  18 -7.320654 1.377911 52.748259 0.915618 0.342106 -0.211204 0.044665 0.925072
  18 -7.301619 1.567776 53.138373 0.915618 0.342106 -0.211204 0.027295 0.965418
  18 -7.267875 1.327868 52.873599 0.915618 0.342106 -0.211204 0.049628 0.939481
HEV_torso.bmp
  18 -7.301619 1.567776 53.138373 0.915618 0.342106 -0.211204 0.027295 0.965418
  18 -7.139388 1.217737 53.252627 0.915618 0.342106 -0.211204 0.062035 0.979827
  18 -7.267875 1.327868 52.873599 0.915618 0.342106 -0.211204 0.049628 0.939481
HEV_torso.bmp
  18 -7.267875 1.327868 52.873599 0.915618 0.342106 -0.211204 0.049628 0.939481
  18 -7.139388 1.217737 53.252627 0.915618 0.342106 -0.211204 0.062035 0.979827
  18 -7.212134 1.207849 52.928266 0.915618 0.342106 -0.211204 0.062035 0.945245
HEV_torso.bmp
  4 3.859882 6.161598 57.232158 0.718525 0.689924 -0.087903 0.014888 0.922190
  4 3.579881 6.078404 56.585568 0.589696 0.619795 -0.517796 0.029777 0.884726
  4 3.389883 6.647375 57.137177 0.517214 0.820721 -0.242706 0.042184 0.925072
HEV_torso.bmp
  4 3.389883 6.647375 57.137177 0.517214 0.820721 -0.242706 0.042184 0.925072
  4 3.579881 6.078404 56.585568 0.589696 0.619795 -0.517796 0.029777 0.884726
  4 3.279882 6.614609 56.888528 0.410993 0.732288 -0.542991 0.049628 0.910663
HEV_torso.bmp
  4 3.579881 6.078404 56.585568 0.589696 0.619795 -0.517796 0.029777 0.884726
  4 2.929881 6.135009 56.322328 0.195502 0.640906 -0.742307 0.064516 0.870317
  4 3.279882 6.614609 56.888528 0.410993 0.732288 -0.542991 0.049628 0.910663
HEV_torso.bmp
  4 3.279882 6.614609 56.888528 0.410993 0.732288 -0.542991 0.049628 0.910663
  4 2.929881 6.135009 56.322328 0.195502 0.640906 -0.742307 0.064516 0.870317
  4 3.019882 6.639453 56.787125 0.131705 0.906732 -0.400614 0.062035 0.902017
HEV_torso.bmp
  4 2.929881 6.135009 56.322328 0.195502 0.640906 -0.742307 0.064516 0.870317
  4 2.309881 6.299141 56.594287 -0.233306 0.740621 -0.630118 0.099256 0.884726
  4 3.019882 6.639453 56.787125 0.131705 0.906732 -0.400614 0.062035 0.902017
HEV_torso.bmp
  4 3.019882 6.639453 56.787125 0.131705 0.906732 -0.400614 0.062035 0.902017
  4 2.309881 6.299141 56.594287 -0.233306 0.740621 -0.630118 0.099256 0.884726
  4 2.769882 6.704492 56.883924 -0.220011 0.862344 -0.456023 0.076923 0.910663
HEV_torso.bmp
  4 2.309881 6.299141 56.594287 -0.233306 0.740621 -0.630118 0.099256 0.884726
  4 2.069882 6.491680 57.225261 -0.445111 0.860821 -0.246706 0.111663 0.922190
  4 2.769882 6.704492 56.883924 -0.220011 0.862344 -0.456023 0.076923 0.910663
HEV_torso.bmp
  4 2.769882 6.704492 56.883924 -0.220011 0.862344 -0.456023 0.076923 0.910663
  4 2.069882 6.491680 57.225261 -0.445111 0.860821 -0.246706 0.111663 0.922190
  4 2.669883 6.788216 57.149988 -0.201597 0.968885 -0.143598 0.081886 0.925072
HEV_torso.bmp
  4 2.069882 6.491680 57.225261 -0.445111 0.860821 -0.246706 0.111663 0.922190
  4 2.349883 6.564375 57.862376 -0.316306 0.930819 0.183104 0.096774 0.959654
  4 2.669883 6.788216 57.149988 -0.201597 0.968885 -0.143598 0.081886 0.925072
HEV_torso.bmp
  4 2.669883 6.788216 57.149988 -0.201597 0.968885 -0.143598 0.081886 0.925072
  4 2.349883 6.564375 57.862376 -0.316306 0.930819 0.183104 0.096774 0.959654
  4 2.789883 6.810995 57.399149 -0.051798 0.994072 0.095597 0.074442 0.939481
HEV_torso.bmp
  4 2.349883 6.564375 57.862376 -0.316306 0.930819 0.183104 0.096774 0.959654
  4 2.999884 6.507770 58.125616 0.077999 0.909782 0.407692 0.062035 0.976945
  4 2.789883 6.810995 57.399149 -0.051798 0.994072 0.095597 0.074442 0.939481
HEV_torso.bmp
  4 2.789883 6.810995 57.399149 -0.051798 0.994072 0.095597 0.074442 0.939481
  4 2.999884 6.507770 58.125616 0.077999 0.909782 0.407692 0.062035 0.976945
  4 3.049883 6.786151 57.500553 0.221003 0.961111 0.165602 0.062035 0.945245
HEV_torso.bmp
  4 2.999884 6.507770 58.125616 0.077999 0.909782 0.407692 0.062035 0.976945
  4 3.619883 6.343639 57.853657 0.506688 0.809981 0.295293 0.027295 0.959654
  4 3.049883 6.786151 57.500553 0.221003 0.961111 0.165602 0.062035 0.945245
HEV_torso.bmp
  4 3.049883 6.786151 57.500553 0.221003 0.961111 0.165602 0.062035 0.945245
  4 3.619883 6.343639 57.853657 0.506688 0.809981 0.295293 0.027295 0.959654
  4 3.299883 6.720601 57.393766 0.456603 0.889305 0.025500 0.047146 0.939481
HEV_torso.bmp
  4 3.619883 6.343639 57.853657 0.506688 0.809981 0.295293 0.027295 0.959654
  4 3.859882 6.161598 57.232158 0.718525 0.689924 -0.087903 0.014888 0.922190
  4 3.299883 6.720601 57.393766 0.456603 0.889305 0.025500 0.047146 0.939481
HEV_torso.bmp
  4 3.299883 6.720601 57.393766 0.456603 0.889305 0.025500 0.047146 0.939481
  4 3.859882 6.161598 57.232158 0.718525 0.689924 -0.087903 0.014888 0.922190
  4 3.389883 6.647375 57.137177 0.517214 0.820721 -0.242706 0.042184 0.925072
HEV_torso.bmp
  8 11.176736 1.207527 53.979325 0.932688 0.341995 0.114598 0.062035 0.982709
  8 11.331012 0.847574 53.843927 0.932688 0.341995 0.114598 0.099256 0.965418
  8 11.277368 1.077666 53.577319 0.932688 0.341995 0.114598 0.074442 0.939481
HEV_torso.bmp
  8 11.277368 1.077666 53.577319 0.932688 0.341995 0.114598 0.074442 0.939481
  8 11.331012 0.847574 53.843927 0.932688 0.341995 0.114598 0.099256 0.965418
  8 11.301295 1.027714 53.438999 0.932688 0.341995 0.114598 0.079404 0.925072
HEV_torso.bmp
  8 11.331012 0.847574 53.843927 0.932688 0.341995 0.114598 0.099256 0.965418
  8 11.429648 0.697706 53.461814 0.932688 0.341995 0.114598 0.114144 0.925072
  8 11.301295 1.027714 53.438999 0.932688 0.341995 0.114598 0.079404 0.925072
HEV_torso.bmp
  8 11.301295 1.027714 53.438999 0.932688 0.341995 0.114598 0.079404 0.925072
  8 11.429648 0.697706 53.461814 0.932688 0.341995 0.114598 0.114144 0.925072
  8 11.303325 1.077755 53.318618 0.932688 0.341995 0.114598 0.074442 0.910663
HEV_torso.bmp
  8 11.429648 0.697706 53.461814 0.932688 0.341995 0.114598 0.114144 0.925072
  8 11.417834 0.847838 53.078772 0.932688 0.341995 0.114598 0.099256 0.884726
  8 11.303325 1.077755 53.318618 0.932688 0.341995 0.114598 0.074442 0.910663
HEV_torso.bmp
  8 11.303325 1.077755 53.318618 0.932688 0.341995 0.114598 0.074442 0.910663
  8 11.417834 0.847838 53.078772 0.932688 0.341995 0.114598 0.099256 0.884726
  8 11.269514 1.207777 53.254969 0.932688 0.341995 0.114598 0.062035 0.904899
HEV_torso.bmp
  8 11.417834 0.847838 53.078772 0.932688 0.341995 0.114598 0.099256 0.884726
  8 11.314406 1.207897 52.907716 0.932688 0.341995 0.114598 0.062035 0.867435
  8 11.269514 1.207777 53.254969 0.932688 0.341995 0.114598 0.062035 0.904899
HEV_torso.bmp
  8 11.269514 1.207777 53.254969 0.932688 0.341995 0.114598 0.062035 0.904899
  8 11.314406 1.207897 52.907716 0.932688 0.341995 0.114598 0.062035 0.867435
  8 11.204822 1.327762 53.298770 0.932688 0.341995 0.114598 0.049628 0.910663
HEV_torso.bmp
  8 11.314406 1.207897 52.907716 0.932688 0.341995 0.114598 0.062035 0.867435
  8 11.159131 1.567846 53.053064 0.932688 0.341995 0.114598 0.027295 0.881844
  8 11.204822 1.327762 53.298770 0.932688 0.341995 0.114598 0.049628 0.910663
HEV_torso.bmp
  8 11.204822 1.327762 53.298770 0.932688 0.341995 0.114598 0.049628 0.910663
  8 11.159131 1.567846 53.053064 0.932688 0.341995 0.114598 0.027295 0.881844
  8 11.180895 1.377714 53.437090 0.932688 0.341995 0.114598 0.044665 0.925072
HEV_torso.bmp
  8 11.159131 1.567846 53.053064 0.932688 0.341995 0.114598 0.027295 0.881844
  8 11.062492 1.707721 53.415274 0.932688 0.341995 0.114598 0.012407 0.925072
  8 11.180895 1.377714 53.437090 0.932688 0.341995 0.114598 0.044665 0.925072
HEV_torso.bmp
  8 11.180895 1.377714 53.437090 0.932688 0.341995 0.114598 0.044665 0.925072
  8 11.062492 1.707721 53.415274 0.932688 0.341995 0.114598 0.012407 0.925072
  8 11.188816 1.327672 53.558470 0.932688 0.341995 0.114598 0.049628 0.936599
HEV_torso.bmp
  8 11.062492 1.707721 53.415274 0.932688 0.341995 0.114598 0.012407 0.925072
  8 11.063358 1.567586 53.807270 0.932688 0.341995 0.114598 0.027295 0.965418
  8 11.188816 1.327672 53.558470 0.932688 0.341995 0.114598 0.049628 0.936599
HEV_torso.bmp
  8 11.188816 1.327672 53.558470 0.932688 0.341995 0.114598 0.049628 0.936599
  8 11.063358 1.567586 53.807270 0.932688 0.341995 0.114598 0.027295 0.965418
  8 11.222626 1.207650 53.622122 0.932688 0.341995 0.114598 0.062035 0.945245
HEV_torso.bmp
  8 11.063358 1.567586 53.807270 0.932688 0.341995 0.114598 0.027295 0.965418
  8 11.176736 1.207527 53.979325 0.932688 0.341995 0.114598 0.062035 0.982709
  8 11.222626 1.207650 53.622122 0.932688 0.341995 0.114598 0.062035 0.945245
HEV_torso.bmp
  8 11.222626 1.207650 53.622122 0.932688 0.341995 0.114598 0.062035 0.945245
  8 11.176736 1.207527 53.979325 0.932688 0.341995 0.114598 0.062035 0.982709
  8 11.277368 1.077666 53.577319 0.932688 0.341995 0.114598 0.074442 0.939481
HEV_torso.bmp
  8 7.035689 0.847828 53.081303 -0.915649 0.342018 -0.211211 0.099256 0.965418
  8 7.128167 1.207766 53.261560 -0.915649 0.342018 -0.211211 0.062035 0.979827
  8 7.211860 1.207881 52.928250 -0.915649 0.342018 -0.211211 0.062035 0.945245
HEV_torso.bmp
  8 7.211860 1.207881 52.928250 -0.915649 0.342018 -0.211211 0.062035 0.945245
  8 7.128167 1.207766 53.261560 -0.915649 0.342018 -0.211211 0.062035 0.979827
  8 7.256652 1.327897 52.882534 -0.915649 0.342018 -0.211211 0.049628 0.939481
HEV_torso.bmp
  8 7.128167 1.207766 53.261560 -0.915649 0.342018 -0.211211 0.062035 0.979827
  8 7.291393 1.567810 53.137358 -0.915649 0.342018 -0.211211 0.027295 0.965418
  8 7.256652 1.327897 52.882534 -0.915649 0.342018 -0.211211 0.049628 0.939481
HEV_torso.bmp
  8 7.256652 1.327897 52.882534 -0.915649 0.342018 -0.211211 0.049628 0.939481
  8 7.291393 1.567810 53.137358 -0.915649 0.342018 -0.211211 0.027295 0.965418
  8 7.320379 1.377944 52.748243 -0.915649 0.342018 -0.211211 0.044665 0.925072
HEV_torso.bmp
  8 7.291393 1.567810 53.137358 -0.915649 0.342018 -0.211211 0.027295 0.965418
  8 7.427832 1.707933 52.779238 -0.915649 0.342018 -0.211211 0.012407 0.925072
  8 7.320379 1.377944 52.748243 -0.915649 0.342018 -0.211211 0.044665 0.925072
HEV_torso.bmp
  8 7.320379 1.377944 52.748243 -0.915649 0.342018 -0.211211 0.044665 0.925072
  8 7.427832 1.707933 52.779238 -0.915649 0.342018 -0.211211 0.012407 0.925072
  8 7.323407 1.327989 52.617877 -0.915649 0.342018 -0.211211 0.049628 0.910663
HEV_torso.bmp
  8 7.427832 1.707933 52.779238 -0.915649 0.342018 -0.211211 0.012407 0.925072
  8 7.465768 1.568064 52.401088 -0.915649 0.342018 -0.211211 0.027295 0.881844
  8 7.323407 1.327989 52.617877 -0.915649 0.342018 -0.211211 0.049628 0.910663
HEV_torso.bmp
  8 7.323407 1.327989 52.617877 -0.915649 0.342018 -0.211211 0.049628 0.910663
  8 7.465768 1.568064 52.401088 -0.915649 0.342018 -0.211211 0.027295 0.881844
  8 7.290595 1.208014 52.544192 -0.915649 0.342018 -0.211211 0.062035 0.904899
HEV_torso.bmp
  8 7.465768 1.568064 52.401088 -0.915649 0.342018 -0.211211 0.027295 0.881844
  8 7.364339 1.208130 52.209884 -0.915649 0.342018 -0.211211 0.062035 0.867435
  8 7.290595 1.208014 52.544192 -0.915649 0.342018 -0.211211 0.062035 0.904899
HEV_torso.bmp
  8 7.290595 1.208014 52.544192 -0.915649 0.342018 -0.211211 0.062035 0.904899
  8 7.364339 1.208130 52.209884 -0.915649 0.342018 -0.211211 0.062035 0.867435
  8 7.244805 1.077995 52.599854 -0.915649 0.342018 -0.211211 0.074442 0.910663
HEV_torso.bmp
  8 7.364339 1.208130 52.209884 -0.915649 0.342018 -0.211211 0.062035 0.867435
  8 7.211062 0.848086 52.335083 -0.915649 0.342018 -0.211211 0.099256 0.884726
  8 7.244805 1.077995 52.599854 -0.915649 0.342018 -0.211211 0.074442 0.910663
HEV_torso.bmp
  8 7.244805 1.077995 52.599854 -0.915649 0.342018 -0.211211 0.074442 0.910663
  8 7.211062 0.848086 52.335083 -0.915649 0.342018 -0.211211 0.099256 0.884726
  8 7.182077 1.027952 52.724196 -0.915649 0.342018 -0.211211 0.079404 0.925072
HEV_torso.bmp
  8 7.211062 0.848086 52.335083 -0.915649 0.342018 -0.211211 0.099256 0.884726
  8 7.064674 0.697963 52.692202 -0.915649 0.342018 -0.211211 0.114144 0.925072
  8 7.182077 1.027952 52.724196 -0.915649 0.342018 -0.211211 0.079404 0.925072
HEV_torso.bmp
  8 7.182077 1.027952 52.724196 -0.915649 0.342018 -0.211211 0.079404 0.925072
  8 7.064674 0.697963 52.692202 -0.915649 0.342018 -0.211211 0.114144 0.925072
  8 7.169099 1.077907 52.853563 -0.915649 0.342018 -0.211211 0.074442 0.936599
HEV_torso.bmp
  8 7.064674 0.697963 52.692202 -0.915649 0.342018 -0.211211 0.114144 0.925072
  8 7.035689 0.847828 53.081303 -0.915649 0.342018 -0.211211 0.099256 0.965418
  8 7.169099 1.077907 52.853563 -0.915649 0.342018 -0.211211 0.074442 0.936599
HEV_torso.bmp
  8 7.169099 1.077907 52.853563 -0.915649 0.342018 -0.211211 0.074442 0.936599
  8 7.035689 0.847828 53.081303 -0.915649 0.342018 -0.211211 0.099256 0.965418
  8 7.211860 1.207881 52.928250 -0.915649 0.342018 -0.211211 0.062035 0.945245
HEV_torso.bmp
  18 -11.203894 0.717498 53.911529 -0.749492 -0.355296 0.558594 0.106700 0.976945
  18 -11.025726 1.167439 54.084761 -0.541599 0.120900 0.831898 0.062035 0.994236
  18 -11.332280 0.857524 53.834007 -0.681132 -0.215810 0.699632 0.099256 0.965418
HEV_torso.bmp
  18 -11.332280 0.857524 53.834007 -0.681132 -0.215810 0.699632 0.099256 0.965418
  18 -11.025726 1.167439 54.084761 -0.541599 0.120900 0.831898 0.062035 0.994236
  18 -11.178006 1.217478 53.969405 -0.470410 0.318107 0.823117 0.062035 0.982709
HEV_torso.bmp
  18 -11.025726 1.167439 54.084761 -0.541599 0.120900 0.831898 0.062035 0.994236
  18 -10.885496 1.607510 53.879889 -0.366807 0.654612 0.661012 0.017370 0.976945
  18 -11.178006 1.217478 53.969405 -0.470410 0.318107 0.823117 0.062035 0.982709
HEV_torso.bmp
  18 -11.178006 1.217478 53.969405 -0.470410 0.318107 0.823117 0.062035 0.982709
  18 -10.885496 1.607510 53.879889 -0.366807 0.654612 0.661012 0.017370 0.976945
  18 -11.064630 1.577538 53.797350 -0.334397 0.793993 0.507695 0.027295 0.965418
HEV_torso.bmp
  18 -10.885496 1.607510 53.879889 -0.366807 0.654612 0.661012 0.017370 0.976945
  18 -10.874715 1.787680 53.386409 -0.327710 0.933429 0.146004 0.000000 0.925072
  18 -11.064630 1.577538 53.797350 -0.334397 0.793993 0.507695 0.027295 0.965418
HEV_torso.bmp
  18 -11.064630 1.577538 53.797350 -0.334397 0.793993 0.507695 0.027295 0.965418
  18 -10.874715 1.787680 53.386409 -0.327710 0.933429 0.146004 0.000000 0.925072
  18 -11.061769 1.717666 53.425254 -0.353311 0.933429 -0.062302 0.012407 0.925072
HEV_torso.bmp
  18 -10.874715 1.787680 53.386409 -0.327710 0.933429 0.146004 0.000000 0.925072
  18 -11.000239 1.607835 52.936632 -0.447298 0.793996 -0.411698 0.017370 0.873199
  18 -11.061769 1.717666 53.425254 -0.353311 0.933429 -0.062302 0.012407 0.925072
HEV_torso.bmp
  18 -11.061769 1.717666 53.425254 -0.353311 0.933429 -0.062302 0.012407 0.925072
  18 -11.000239 1.607835 52.936632 -0.447298 0.793996 -0.411698 0.017370 0.873199
  18 -11.160405 1.577798 53.043144 -0.515900 0.654500 -0.552700 0.027295 0.881844
HEV_torso.bmp
  18 -11.000239 1.607835 52.936632 -0.447298 0.793996 -0.411698 0.017370 0.873199
  18 -11.189356 1.167898 52.754451 -0.655535 0.318017 -0.684937 0.062035 0.853026
  18 -11.160405 1.577798 53.043144 -0.515900 0.654500 -0.552700 0.027295 0.881844
HEV_torso.bmp
  18 -11.160405 1.577798 53.043144 -0.515900 0.654500 -0.552700 0.027295 0.881844
  18 -11.189356 1.167898 52.754451 -0.655535 0.318017 -0.684937 0.062035 0.853026
  18 -11.315678 1.217848 52.897796 -0.726667 0.120894 -0.676269 0.062035 0.867435
HEV_torso.bmp
  18 -11.189356 1.167898 52.754451 -0.655535 0.318017 -0.684937 0.062035 0.853026
  18 -11.318638 0.717823 52.968272 -0.830103 -0.215701 -0.514201 0.106700 0.873199
  18 -11.315678 1.217848 52.897796 -0.726667 0.120894 -0.676269 0.062035 0.867435
HEV_torso.bmp
  18 -11.315678 1.217848 52.897796 -0.726667 0.120894 -0.676269 0.062035 0.867435
  18 -11.318638 0.717823 52.968272 -0.830103 -0.215701 -0.514201 0.106700 0.873199
  18 -11.418105 0.857785 53.078803 -0.862367 -0.355286 -0.360686 0.099256 0.884726
HEV_torso.bmp
  18 -11.318638 0.717823 52.968272 -0.830103 -0.215701 -0.514201 0.106700 0.873199
  18 -11.331415 0.537660 53.441852 -0.869072 -0.494684 0.001100 0.124069 0.925072
  18 -11.418105 0.857785 53.078803 -0.862367 -0.355286 -0.360686 0.099256 0.884726
HEV_torso.bmp
  18 -11.418105 0.857785 53.078803 -0.862367 -0.355286 -0.360686 0.099256 0.884726
  18 -11.331415 0.537660 53.441852 -0.869072 -0.494684 0.001100 0.124069 0.925072
  18 -11.429918 0.707653 53.461844 -0.843489 -0.494693 0.209297 0.114144 0.925072
HEV_torso.bmp
  18 -11.331415 0.537660 53.441852 -0.869072 -0.494684 0.001100 0.124069 0.925072
  18 -11.203894 0.717498 53.911529 -0.749492 -0.355296 0.558594 0.106700 0.976945
  18 -11.429918 0.707653 53.461844 -0.843489 -0.494693 0.209297 0.114144 0.925072
HEV_torso.bmp
  18 -11.429918 0.707653 53.461844 -0.843489 -0.494693 0.209297 0.114144 0.925072
  18 -11.203894 0.717498 53.911529 -0.749492 -0.355296 0.558594 0.106700 0.976945
  18 -11.332280 0.857524 53.834007 -0.681132 -0.215810 0.699632 0.099256 0.965418
HEV_torso.bmp
  18 -7.242815 1.167678 53.423790 0.723669 0.318086 0.612474 0.062035 0.994236
  18 -7.136425 0.707762 53.181802 0.879504 -0.215501 0.424302 0.106700 0.976945
  18 -7.139388 1.217737 53.252627 0.793509 0.121001 0.596407 0.062035 0.979827
HEV_torso.bmp
  18 -7.139388 1.217737 53.252627 0.793509 0.121001 0.596407 0.062035 0.979827
  18 -7.136425 0.707762 53.181802 0.879504 -0.215501 0.424302 0.106700 0.976945
  18 -7.046909 0.847800 53.072367 0.895483 -0.354993 0.268495 0.099256 0.965418
HEV_torso.bmp
  18 -7.136425 0.707762 53.181802 0.879504 -0.215501 0.424302 0.106700 0.976945
  18 -7.172399 0.537920 52.723044 0.864304 -0.494502 -0.091900 0.124069 0.925072
  18 -7.046909 0.847800 53.072367 0.895483 -0.354993 0.268495 0.099256 0.965418
HEV_torso.bmp
  18 -7.046909 0.847800 53.072367 0.895483 -0.354993 0.268495 0.099256 0.965418
  18 -7.172399 0.537920 52.723044 0.864304 -0.494502 -0.091900 0.124069 0.925072
  18 -7.074896 0.707931 52.693219 0.817110 -0.494506 -0.296303 0.114144 0.925072
HEV_torso.bmp
  18 -7.172399 0.537920 52.723044 0.864304 -0.494502 -0.091900 0.124069 0.925072
  18 -7.347674 0.708073 52.278379 0.687036 -0.355119 -0.633933 0.106700 0.873199
  18 -7.074896 0.707931 52.693219 0.817110 -0.494506 -0.296303 0.114144 0.925072
HEV_torso.bmp
  18 -7.074896 0.707931 52.693219 0.817110 -0.494506 -0.296303 0.114144 0.925072
  18 -7.347674 0.708073 52.278379 0.687036 -0.355119 -0.633933 0.106700 0.873199
  18 -7.222284 0.848057 52.326147 0.604391 -0.215497 -0.766989 0.099256 0.884726
HEV_torso.bmp
  18 -7.347674 0.708073 52.278379 0.687036 -0.355119 -0.633933 0.106700 0.873199
  18 -7.545745 1.158132 52.107454 0.451711 0.121003 -0.883921 0.062035 0.853026
  18 -7.222284 0.848057 52.326147 0.604391 -0.215497 -0.766989 0.099256 0.884726
HEV_torso.bmp
  18 -7.222284 0.848057 52.326147 0.604391 -0.215497 -0.766989 0.099256 0.884726
  18 -7.545745 1.158132 52.107454 0.451711 0.121003 -0.883921 0.062035 0.853026
  18 -7.374564 1.208096 52.210898 0.381781 0.318184 -0.867757 0.062035 0.867435
HEV_torso.bmp
  18 -7.545745 1.158132 52.107454 0.451711 0.121003 -0.883921 0.062035 0.853026
  18 -7.663083 1.598051 52.340484 0.295689 0.654575 -0.695773 0.017370 0.873199
  18 -7.374564 1.208096 52.210898 0.381781 0.318184 -0.867757 0.062035 0.867435
HEV_torso.bmp
  18 -7.374564 1.208096 52.210898 0.381781 0.318184 -0.867757 0.062035 0.867435
  18 -7.663083 1.598051 52.340484 0.295689 0.654575 -0.695773 0.017370 0.873199
  18 -7.466045 1.568030 52.401105 0.279493 0.793981 -0.539887 0.027295 0.881844
HEV_torso.bmp
  18 -7.663083 1.598051 52.340484 0.295689 0.654575 -0.695773 0.017370 0.873199
  18 -7.615163 1.777886 52.818148 0.310702 0.933404 -0.179501 0.000000 0.925072
  18 -7.466045 1.568030 52.401105 0.279493 0.793981 -0.539887 0.027295 0.881844
HEV_torso.bmp
  18 -7.466045 1.568030 52.401105 0.279493 0.793981 -0.539887 0.027295 0.881844
  18 -7.615163 1.777886 52.818148 0.310702 0.933404 -0.179501 0.000000 0.925072
  18 -7.438058 1.707900 52.780253 0.357909 0.933422 0.025001 0.012407 0.925072
HEV_torso.bmp
  18 -7.615163 1.777886 52.818148 0.310702 0.933404 -0.179501 0.000000 0.925072
  18 -7.449837 1.607733 53.263811 0.488118 0.793930 0.362514 0.017370 0.976945
  18 -7.438058 1.707900 52.780253 0.357909 0.933422 0.025001 0.012407 0.925072
HEV_torso.bmp
  18 -7.438058 1.707900 52.780253 0.357909 0.933422 0.025001 0.012407 0.925072
  18 -7.449837 1.607733 53.263811 0.488118 0.793930 0.362514 0.017370 0.976945
  18 -7.301619 1.567776 53.138373 0.570991 0.654490 0.495592 0.027295 0.965418
HEV_torso.bmp
  18 -7.449837 1.607733 53.263811 0.488118 0.793930 0.362514 0.017370 0.976945
  18 -7.242815 1.167678 53.423790 0.723669 0.318086 0.612474 0.062035 0.994236
  18 -7.301619 1.567776 53.138373 0.570991 0.654490 0.495592 0.027295 0.965418
HEV_torso.bmp
  18 -7.301619 1.567776 53.138373 0.570991 0.654490 0.495592 0.027295 0.965418
  18 -7.242815 1.167678 53.423790 0.723669 0.318086 0.612474 0.062035 0.994236
  18 -7.139388 1.217737 53.252627 0.793509 0.121001 0.596407 0.062035 0.979827
HEV_torso.bmp
  8 11.026454 1.157494 54.074782 0.541599 0.120900 0.831898 0.062035 0.994236
  8 11.203626 0.707550 53.911499 0.749492 -0.355296 0.558594 0.106700 0.976945
  8 11.331012 0.847574 53.843927 0.681132 -0.215810 0.699632 0.099256 0.965418
HEV_torso.bmp
  8 11.331012 0.847574 53.843927 0.681132 -0.215810 0.699632 0.099256 0.965418
  8 11.203626 0.707550 53.911499 0.749492 -0.355296 0.558594 0.106700 0.976945
  8 11.429648 0.697706 53.461814 0.843489 -0.494693 0.209297 0.114144 0.925072
HEV_torso.bmp
  8 11.203626 0.707550 53.911499 0.749492 -0.355296 0.558594 0.106700 0.976945
  8 11.330148 0.527709 53.451772 0.869072 -0.494684 0.001100 0.124069 0.925072
  8 11.429648 0.697706 53.461814 0.843489 -0.494693 0.209297 0.114144 0.925072
HEV_torso.bmp
  8 11.429648 0.697706 53.461814 0.843489 -0.494693 0.209297 0.114144 0.925072
  8 11.330148 0.527709 53.451772 0.869072 -0.494684 0.001100 0.124069 0.925072
  8 11.417834 0.847838 53.078772 0.862367 -0.355287 -0.360686 0.099256 0.884726
HEV_torso.bmp
  8 11.330148 0.527709 53.451772 0.869072 -0.494684 0.001100 0.124069 0.925072
  8 11.317368 0.707873 52.978192 0.830103 -0.215701 -0.514201 0.106700 0.873199
  8 11.417834 0.847838 53.078772 0.862367 -0.355287 -0.360686 0.099256 0.884726
HEV_torso.bmp
  8 11.417834 0.847838 53.078772 0.862367 -0.355287 -0.360686 0.099256 0.884726
  8 11.317368 0.707873 52.978192 0.830103 -0.215701 -0.514201 0.106700 0.873199
  8 11.314406 1.207897 52.907716 0.726667 0.120894 -0.676269 0.062035 0.867435
HEV_torso.bmp
  8 11.317368 0.707873 52.978192 0.830103 -0.215701 -0.514201 0.106700 0.873199
  8 11.188083 1.157946 52.764372 0.655535 0.318017 -0.684937 0.062035 0.853026
  8 11.314406 1.207897 52.907716 0.726667 0.120894 -0.676269 0.062035 0.867435
HEV_torso.bmp
  8 11.314406 1.207897 52.907716 0.726667 0.120894 -0.676269 0.062035 0.867435
  8 11.188083 1.157946 52.764372 0.655535 0.318017 -0.684937 0.062035 0.853026
  8 11.159131 1.567846 53.053064 0.515900 0.654500 -0.552700 0.027295 0.881844
HEV_torso.bmp
  8 11.188083 1.157946 52.764372 0.655535 0.318017 -0.684937 0.062035 0.853026
  8 10.999964 1.597886 52.936603 0.447298 0.793996 -0.411698 0.017370 0.873199
  8 11.159131 1.567846 53.053064 0.515900 0.654500 -0.552700 0.027295 0.881844
HEV_torso.bmp
  8 11.159131 1.567846 53.053064 0.515900 0.654500 -0.552700 0.027295 0.881844
  8 10.999964 1.597886 52.936603 0.447298 0.793996 -0.411698 0.017370 0.873199
  8 11.062492 1.707721 53.415274 0.353311 0.933429 -0.062302 0.012407 0.925072
HEV_torso.bmp
  8 10.999964 1.597886 52.936603 0.447298 0.793996 -0.411698 0.017370 0.873199
  8 10.873442 1.777728 53.396330 0.327710 0.933429 0.146004 0.000000 0.925072
  8 11.062492 1.707721 53.415274 0.353311 0.933429 -0.062302 0.012407 0.925072
HEV_torso.bmp
  8 11.062492 1.707721 53.415274 0.353311 0.933429 -0.062302 0.012407 0.925072
  8 10.873442 1.777728 53.396330 0.327710 0.933429 0.146004 0.000000 0.925072
  8 11.063358 1.567586 53.807270 0.334397 0.793993 0.507695 0.027295 0.965418
HEV_torso.bmp
  8 10.873442 1.777728 53.396330 0.327710 0.933429 0.146004 0.000000 0.925072
  8 10.876271 1.597565 53.868912 0.366807 0.654612 0.661012 0.017370 0.976945
  8 11.063358 1.567586 53.807270 0.334397 0.793993 0.507695 0.027295 0.965418
HEV_torso.bmp
  8 11.063358 1.567586 53.807270 0.334397 0.793993 0.507695 0.027295 0.965418
  8 10.876271 1.597565 53.868912 0.366807 0.654612 0.661012 0.017370 0.976945
  8 11.176736 1.207527 53.979325 0.470410 0.318107 0.823117 0.062035 0.982709
HEV_torso.bmp
  8 10.876271 1.597565 53.868912 0.366807 0.654612 0.661012 0.017370 0.976945
  8 11.026454 1.157494 54.074782 0.541599 0.120900 0.831898 0.062035 0.994236
  8 11.176736 1.207527 53.979325 0.470410 0.318107 0.823117 0.062035 0.982709
HEV_torso.bmp
  8 11.176736 1.207527 53.979325 0.470410 0.318107 0.823117 0.062035 0.982709
  8 11.026454 1.157494 54.074782 0.541599 0.120900 0.831898 0.062035 0.994236
  8 11.331012 0.847574 53.843927 0.681132 -0.215810 0.699632 0.099256 0.965418
HEV_torso.bmp
  8 7.126205 0.707794 53.180788 -0.879504 -0.215501 0.424302 0.106700 0.976945
  8 7.242543 1.157711 53.423771 -0.723669 0.318087 0.612474 0.062035 0.994236
  8 7.128167 1.207766 53.261560 -0.793509 0.121002 0.596407 0.062035 0.979827
HEV_torso.bmp
  8 7.128167 1.207766 53.261560 -0.793509 0.121002 0.596407 0.062035 0.979827
  8 7.242543 1.157711 53.423771 -0.723669 0.318087 0.612474 0.062035 0.994236
  8 7.291393 1.567810 53.137358 -0.570991 0.654490 0.495592 0.027295 0.965418
HEV_torso.bmp
  8 7.242543 1.157711 53.423771 -0.723669 0.318087 0.612474 0.062035 0.994236
  8 7.449563 1.597766 53.263791 -0.488118 0.793930 0.362514 0.017370 0.976945
  8 7.291393 1.567810 53.137358 -0.570991 0.654490 0.495592 0.027295 0.965418
HEV_torso.bmp
  8 7.291393 1.567810 53.137358 -0.570991 0.654490 0.495592 0.027295 0.965418
  8 7.449563 1.597766 53.263791 -0.488118 0.793930 0.362514 0.017370 0.976945
  8 7.427832 1.707933 52.779238 -0.357908 0.933422 0.025001 0.012407 0.925072
HEV_torso.bmp
  8 7.449563 1.597766 53.263791 -0.488118 0.793930 0.362514 0.017370 0.976945
  8 7.614886 1.777920 52.818131 -0.310701 0.933405 -0.179501 0.000000 0.925072
  8 7.427832 1.707933 52.779238 -0.357908 0.933422 0.025001 0.012407 0.925072
HEV_torso.bmp
  8 7.427832 1.707933 52.779238 -0.357908 0.933422 0.025001 0.012407 0.925072
  8 7.614886 1.777920 52.818131 -0.310701 0.933405 -0.179501 0.000000 0.925072
  8 7.465768 1.568064 52.401088 -0.279493 0.793981 -0.539887 0.027295 0.881844
HEV_torso.bmp
  8 7.614886 1.777920 52.818131 -0.310701 0.933405 -0.179501 0.000000 0.925072
  8 7.652856 1.598086 52.339468 -0.295689 0.654575 -0.695773 0.017370 0.873199
  8 7.465768 1.568064 52.401088 -0.279493 0.793981 -0.539887 0.027295 0.881844
HEV_torso.bmp
  8 7.465768 1.568064 52.401088 -0.279493 0.793981 -0.539887 0.027295 0.881844
  8 7.652856 1.598086 52.339468 -0.295689 0.654575 -0.695773 0.017370 0.873199
  8 7.364339 1.208130 52.209884 -0.381781 0.318184 -0.867757 0.062035 0.867435
HEV_torso.bmp
  8 7.652856 1.598086 52.339468 -0.295689 0.654575 -0.695773 0.017370 0.873199
  8 7.534521 1.158162 52.116389 -0.451711 0.121003 -0.883921 0.062035 0.853026
  8 7.364339 1.208130 52.209884 -0.381781 0.318184 -0.867757 0.062035 0.867435
HEV_torso.bmp
  8 7.364339 1.208130 52.209884 -0.381781 0.318184 -0.867757 0.062035 0.867435
  8 7.534521 1.158162 52.116389 -0.451711 0.121003 -0.883921 0.062035 0.853026
  8 7.211062 0.848086 52.335083 -0.604392 -0.215497 -0.766989 0.099256 0.884726
HEV_torso.bmp
  8 7.534521 1.158162 52.116389 -0.451711 0.121003 -0.883921 0.062035 0.853026
  8 7.337451 0.708106 52.277365 -0.687037 -0.355119 -0.633933 0.106700 0.873199
  8 7.211062 0.848086 52.335083 -0.604392 -0.215497 -0.766989 0.099256 0.884726
HEV_torso.bmp
  8 7.211062 0.848086 52.335083 -0.604392 -0.215497 -0.766989 0.099256 0.884726
  8 7.337451 0.708106 52.277365 -0.687037 -0.355119 -0.633933 0.106700 0.873199
  8 7.064674 0.697963 52.692202 -0.817110 -0.494506 -0.296303 0.114144 0.925072
HEV_torso.bmp
  8 7.337451 0.708106 52.277365 -0.687037 -0.355119 -0.633933 0.106700 0.873199
  8 7.163176 0.527956 52.712076 -0.864304 -0.494502 -0.091900 0.124069 0.925072
  8 7.064674 0.697963 52.692202 -0.817110 -0.494506 -0.296303 0.114144 0.925072
HEV_torso.bmp
  8 7.064674 0.697963 52.692202 -0.817110 -0.494506 -0.296303 0.114144 0.925072
  8 7.163176 0.527956 52.712076 -0.864304 -0.494502 -0.091900 0.124069 0.925072
  8 7.035689 0.847828 53.081303 -0.895483 -0.354993 0.268495 0.099256 0.965418
HEV_torso.bmp
  8 7.163176 0.527956 52.712076 -0.864304 -0.494502 -0.091900 0.124069 0.925072
  8 7.126205 0.707794 53.180788 -0.879504 -0.215501 0.424302 0.106700 0.976945
  8 7.035689 0.847828 53.081303 -0.895483 -0.354993 0.268495 0.099256 0.965418
HEV_torso.bmp
  8 7.035689 0.847828 53.081303 -0.895483 -0.354993 0.268495 0.099256 0.965418
  8 7.126205 0.707794 53.180788 -0.879504 -0.215501 0.424302 0.106700 0.976945
  8 7.128167 1.207766 53.261560 -0.793509 0.121002 0.596407 0.062035 0.979827
HEV_torso.bmp
  4 1.119865 -6.946063 57.613372 0.000000 -0.961301 0.275500 0.300248 0.864553
  4 0.709863 -7.226931 56.626451 0.000000 -0.961301 0.275500 0.285360 0.827089
  4 1.299864 -7.128616 56.981885 0.000000 -0.961301 0.275500 0.305211 0.841499
HEV_torso.bmp
  4 1.299864 -7.128616 56.981885 0.000000 -0.961301 0.275500 0.305211 0.841499
  4 0.709863 -7.226931 56.626451 0.000000 -0.961301 0.275500 0.285360 0.827089
  4 1.119863 -7.312190 56.330426 0.000000 -0.961301 0.275500 0.300248 0.815562
HEV_torso.bmp
  4 0.709863 -7.226931 56.626451 0.000000 -0.961301 0.275500 0.285360 0.827089
  4 0.789863 -7.313213 56.310452 0.000000 -0.961301 0.275500 0.287841 0.815562
  4 1.119863 -7.312190 56.330426 0.000000 -0.961301 0.275500 0.300248 0.815562
HEV_torso.bmp
  4 1.119863 -7.312190 56.330426 0.000000 -0.961301 0.275500 0.300248 0.815562
  4 0.789863 -7.313213 56.310452 0.000000 -0.961301 0.275500 0.287841 0.815562
  4 0.629862 -7.455571 55.877169 0.000000 -0.961301 0.275500 0.282878 0.798271
HEV_torso.bmp
  4 0.789863 -7.313213 56.310452 0.000000 -0.961301 0.275500 0.287841 0.815562
  4 0.149863 -7.361347 56.152709 0.000000 -0.961301 0.275500 0.265509 0.809798
  4 0.629862 -7.455571 55.877169 0.000000 -0.961301 0.275500 0.282878 0.798271
HEV_torso.bmp
  4 0.629862 -7.455571 55.877169 0.000000 -0.961301 0.275500 0.282878 0.798271
  4 0.149863 -7.361347 56.152709 0.000000 -0.961301 0.275500 0.265509 0.809798
  4 -0.010138 -7.504728 55.699452 0.000000 -0.961301 0.275500 0.258065 0.792507
HEV_torso.bmp
  4 0.149863 -7.361347 56.152709 0.000000 -0.961301 0.275500 0.265509 0.809798
  4 -0.580137 -7.371845 56.143235 0.000000 -0.961301 0.275500 0.238213 0.809798
  4 -0.010138 -7.504728 55.699452 0.000000 -0.961301 0.275500 0.258065 0.792507
HEV_torso.bmp
  4 -0.010138 -7.504728 55.699452 0.000000 -0.961301 0.275500 0.258065 0.792507
  4 -0.580137 -7.371845 56.143235 0.000000 -0.961301 0.275500 0.238213 0.809798
  4 -0.670138 -7.446094 55.866672 0.000000 -0.961301 0.275500 0.235732 0.798271
HEV_torso.bmp
  4 -0.580137 -7.371845 56.143235 0.000000 -0.961301 0.275500 0.238213 0.809798
  4 -0.760137 -7.288120 56.409300 0.000000 -0.961301 0.275500 0.233251 0.818444
  4 -0.670138 -7.446094 55.866672 0.000000 -0.961301 0.275500 0.235732 0.798271
HEV_torso.bmp
  4 -0.670138 -7.446094 55.866672 0.000000 -0.961301 0.275500 0.235732 0.798271
  4 -0.760137 -7.288120 56.409300 0.000000 -0.961301 0.275500 0.233251 0.818444
  4 -1.160137 -7.312187 56.330429 0.000000 -0.961301 0.275500 0.218362 0.815562
HEV_torso.bmp
  4 -0.760137 -7.288120 56.409300 0.000000 -0.961301 0.275500 0.233251 0.818444
  4 -1.340136 -7.128612 56.981889 0.000000 -0.961301 0.275500 0.213400 0.841499
  4 -1.160137 -7.312187 56.330429 0.000000 -0.961301 0.275500 0.218362 0.815562
HEV_torso.bmp
  4 3.099885 7.158683 58.713079 0.190507 0.972634 -0.133005 0.642680 0.907781
  4 2.329884 7.094705 57.855230 -0.041398 0.988668 -0.144295 0.667494 0.873199
  4 0.819886 7.168673 58.712570 -0.041398 0.988668 -0.144295 0.714640 0.907781
HEV_torso.bmp
  4 0.819886 7.168673 58.712570 -0.041398 0.988668 -0.144295 0.714640 0.907781
  4 2.329884 7.094705 57.855230 -0.041398 0.988668 -0.144295 0.667494 0.873199
  4 0.949883 6.827654 57.137957 -0.144899 0.965894 -0.214599 0.709677 0.844380
HEV_torso.bmp
  4 2.329884 7.094705 57.855230 -0.041398 0.988668 -0.144295 0.667494 0.873199
  4 1.989883 6.997430 57.129257 -0.144899 0.965894 -0.214599 0.679901 0.844380
  4 0.949883 6.827654 57.137957 -0.144899 0.965894 -0.214599 0.709677 0.844380
HEV_torso.bmp
  4 0.949883 6.827654 57.137957 -0.144899 0.965894 -0.214599 0.709677 0.844380
  4 1.989883 6.997430 57.129257 -0.144899 0.965894 -0.214599 0.679901 0.844380
  4 1.419880 6.460768 55.644774 -0.105899 0.944591 -0.310697 0.697270 0.789625
HEV_torso.bmp
  4 1.989883 6.997430 57.129257 -0.144899 0.965894 -0.214599 0.679901 0.844380
  4 2.269882 6.778776 56.379463 0.000000 0.960115 -0.279604 0.669975 0.815562
  4 1.419880 6.460768 55.644774 -0.105899 0.944591 -0.310697 0.697270 0.789625
HEV_torso.bmp
  4 1.419880 6.460768 55.644774 -0.105899 0.944591 -0.310697 0.697270 0.789625
  4 2.269882 6.778776 56.379463 0.000000 0.960115 -0.279604 0.669975 0.815562
  4 2.859879 6.285642 54.962839 0.140796 0.941371 -0.306590 0.640199 0.760807
HEV_torso.bmp
  4 2.269882 6.778776 56.379463 0.000000 0.960115 -0.279604 0.669975 0.815562
  4 3.009881 6.583149 56.079078 0.237507 0.917926 -0.317809 0.645161 0.804035
  4 2.859879 6.285642 54.962839 0.140796 0.941371 -0.306590 0.640199 0.760807
HEV_torso.bmp
  4 2.859879 6.285642 54.962839 0.140796 0.941371 -0.306590 0.640199 0.760807
  4 3.009881 6.583149 56.079078 0.237507 0.917926 -0.317809 0.645161 0.804035
  4 4.369878 5.710758 54.882147 0.395490 0.864577 -0.309992 0.600496 0.757925
HEV_torso.bmp
  4 3.009881 6.583149 56.079078 0.237507 0.917926 -0.317809 0.645161 0.804035
  4 3.769881 6.518604 56.382777 0.325611 0.879128 -0.348011 0.620347 0.815562
  4 4.369878 5.710758 54.882147 0.395490 0.864577 -0.309992 0.600496 0.757925
HEV_torso.bmp
  4 4.369878 5.710758 54.882147 0.395490 0.864577 -0.309992 0.600496 0.757925
  4 3.769881 6.518604 56.382777 0.325611 0.879128 -0.348011 0.620347 0.815562
  4 4.109883 6.616390 57.118737 0.484322 0.848538 -0.213110 0.607940 0.844380
HEV_torso.bmp
  4 2.929861 -7.654253 55.126348 0.769474 -0.510583 0.383687 0.359801 0.769452
  4 5.599859 -5.712580 52.373384 0.802751 -0.413175 0.429974 0.454094 0.662824
  4 3.509862 -6.772848 55.131253 0.788822 -0.445513 0.423412 0.404467 0.804035
HEV_torso.bmp
  4 3.509862 -6.772848 55.131253 0.788822 -0.445513 0.423412 0.404467 0.804035
  4 5.599859 -5.712580 52.373384 0.802751 -0.413175 0.429974 0.454094 0.662824
  4 5.479861 -5.241431 52.970057 0.802185 -0.316494 0.506291 0.466501 0.706052
HEV_torso.bmp
  4 5.599859 -5.712580 52.373384 0.802751 -0.413175 0.429974 0.454094 0.662824
  4 7.149862 -2.820457 51.754583 0.817929 -0.174806 0.548119 0.481390 0.645533
  4 5.479861 -5.241431 52.970057 0.802185 -0.316494 0.506291 0.466501 0.706052
HEV_torso.bmp
  4 5.479861 -5.241431 52.970057 0.802185 -0.316494 0.506291 0.466501 0.706052
  4 7.149862 -2.820457 51.754583 0.817929 -0.174806 0.548119 0.481390 0.645533
  4 6.709863 -2.628429 52.375571 0.816651 -0.044203 0.575436 0.483871 0.682997
HEV_torso.bmp
  4 7.149862 -2.820457 51.754583 0.817929 -0.174806 0.548119 0.481390 0.645533
  4 7.189866 0.047072 51.437438 0.826536 0.121005 0.549724 0.506203 0.628242
  4 6.709863 -2.628429 52.375571 0.816651 -0.044203 0.575436 0.483871 0.682997
HEV_torso.bmp
  4 6.709863 -2.628429 52.375571 0.816651 -0.044203 0.575436 0.483871 0.682997
  4 7.189866 0.047072 51.437438 0.826536 0.121005 0.549724 0.506203 0.628242
  4 6.789866 -0.030547 52.072242 0.792292 0.202398 0.575594 0.506203 0.662824
HEV_torso.bmp
  4 7.189866 0.047072 51.437438 0.826536 0.121005 0.549724 0.506203 0.628242
  4 6.409869 2.700518 51.241407 0.633073 0.443181 0.634673 0.573201 0.619597
  4 6.789866 -0.030547 52.072242 0.792292 0.202398 0.575594 0.506203 0.662824
HEV_torso.bmp
  4 6.789866 -0.030547 52.072242 0.792292 0.202398 0.575594 0.506203 0.662824
  4 6.409869 2.700518 51.241407 0.633073 0.443181 0.634673 0.573201 0.619597
  4 6.039869 2.329186 51.811155 0.604316 0.439112 0.664818 0.565757 0.639769
HEV_torso.bmp
  4 6.409869 2.700518 51.241407 0.633073 0.443181 0.634673 0.573201 0.619597
  4 3.859872 4.439759 51.572849 0.481800 0.583899 0.653399 0.625310 0.628242
  4 6.039869 2.329186 51.811155 0.604316 0.439112 0.664818 0.565757 0.639769
HEV_torso.bmp
  4 1.059860 -6.965101 53.919507 -0.001200 -0.996093 -0.088299 0.292804 0.723343
  4 -2.430139 -7.002768 54.552268 -0.001200 -0.996093 -0.088299 0.181141 0.749280
  4 0.519860 -6.926423 53.697237 -0.001200 -0.996093 -0.088299 0.275434 0.714697
HEV_torso.bmp
  4 0.519860 -6.926423 53.697237 -0.001200 -0.996093 -0.088299 0.275434 0.714697
  4 -2.430139 -7.002768 54.552268 -0.001200 -0.996093 -0.088299 0.181141 0.749280
  4 0.289859 -6.884146 53.154363 -0.001200 -0.996093 -0.088299 0.267990 0.694524
HEV_torso.bmp
  4 -2.430139 -7.002768 54.552268 -0.001200 -0.996093 -0.088299 0.181141 0.749280
  4 -0.010142 -6.861084 52.822749 -0.001200 -0.996093 -0.088299 0.258065 0.682997
  4 0.289859 -6.884146 53.154363 -0.001200 -0.996093 -0.088299 0.267990 0.694524
HEV_torso.bmp
  4 0.289859 -6.884146 53.154363 -0.001200 -0.996093 -0.088299 0.267990 0.694524
  4 -0.010142 -6.861084 52.822749 -0.001200 -0.996093 -0.088299 0.258065 0.682997
  4 0.519858 -6.832394 52.600990 -0.001200 -0.996093 -0.088299 0.275434 0.674352
HEV_torso.bmp
  4 -0.010142 -6.861084 52.822749 -0.001200 -0.996093 -0.088299 0.258065 0.682997
  4 0.469857 -6.765009 51.766449 -0.001200 -0.996093 -0.088299 0.272953 0.642651
  4 0.519858 -6.832394 52.600990 -0.001200 -0.996093 -0.088299 0.275434 0.674352
HEV_torso.bmp
  4 0.519858 -6.832394 52.600990 -0.001200 -0.996093 -0.088299 0.275434 0.674352
  4 0.469857 -6.765009 51.766449 -0.001200 -0.996093 -0.088299 0.272953 0.642651
  4 1.059858 -6.813691 52.379742 -0.001200 -0.996093 -0.088299 0.292804 0.665706
HEV_torso.bmp
  4 0.469857 -6.765009 51.766449 -0.001200 -0.996093 -0.088299 0.272953 0.642651
  4 1.469857 -6.764498 51.776434 -0.001200 -0.996093 -0.088299 0.305211 0.642651
  4 1.059858 -6.813691 52.379742 -0.001200 -0.996093 -0.088299 0.292804 0.665706
HEV_torso.bmp
  4 1.059858 -6.813691 52.379742 -0.001200 -0.996093 -0.088299 0.292804 0.665706
  4 1.469857 -6.764498 51.776434 -0.001200 -0.996093 -0.088299 0.305211 0.642651
  4 1.609858 -6.831884 52.610975 -0.001200 -0.996093 -0.088299 0.310174 0.674352
HEV_torso.bmp
  4 -4.190115 6.266753 59.479734 -0.391812 0.840327 0.374612 0.062035 0.925072
  4 -3.690115 6.293131 59.408289 0.004900 0.939288 0.343096 0.014888 0.922190
  4 -3.860115 6.348201 59.115087 -0.146593 0.985957 0.079997 0.029777 0.884726
HEV_torso.bmp
  4 -4.190115 6.266753 59.479734 -0.391812 0.840327 0.374612 0.062035 0.925072
  4 -3.760114 6.127694 59.697134 -0.056799 0.793288 0.606191 0.027295 0.959654
  4 -3.690115 6.293131 59.408289 0.004900 0.939288 0.343096 0.014888 0.922190
HEV_torso.bmp
  4 -4.190115 6.266753 59.479734 -0.391812 0.840327 0.374612 0.062035 0.925072
  4 -4.030115 5.944084 59.826699 -0.295402 0.633305 0.715306 0.062035 0.976945
  4 -3.760114 6.127694 59.697134 -0.056799 0.793288 0.606191 0.027295 0.959654
HEV_torso.bmp
  4 -4.190115 6.266753 59.479734 -0.391812 0.840327 0.374612 0.062035 0.925072
  4 -4.360115 5.848062 59.711462 -0.571098 0.553398 0.606298 0.096774 0.959654
  4 -4.030115 5.944084 59.826699 -0.295402 0.633305 0.715306 0.062035 0.976945
HEV_torso.bmp
  4 -4.190115 6.266753 59.479734 -0.391812 0.840327 0.374612 0.062035 0.925072
  4 -4.530115 5.902620 59.408273 -0.722604 0.600104 0.343102 0.109181 0.922190
  4 -4.360115 5.848062 59.711462 -0.571098 0.553398 0.606298 0.096774 0.959654
HEV_torso.bmp
  4 -4.190115 6.266753 59.479734 -0.391812 0.840327 0.374612 0.062035 0.925072
  4 -4.460115 6.057558 59.109954 -0.661010 0.746111 0.079901 0.099256 0.884726
  4 -4.530115 5.902620 59.408273 -0.722604 0.600104 0.343102 0.109181 0.922190
HEV_torso.bmp
  4 -4.190115 6.266753 59.479734 -0.391812 0.840327 0.374612 0.062035 0.925072
  4 -4.190115 6.251667 58.989863 -0.422499 0.905899 -0.029000 0.064516 0.870317
  4 -4.460115 6.057558 59.109954 -0.661010 0.746111 0.079901 0.099256 0.884726
HEV_torso.bmp
  4 -4.190115 6.266753 59.479734 -0.391812 0.840327 0.374612 0.062035 0.925072
  4 -3.860115 6.348201 59.115087 -0.146593 0.985957 0.079997 0.029777 0.884726
  4 -4.190115 6.251667 58.989863 -0.422499 0.905899 -0.029000 0.064516 0.870317
HEV_torso.bmp
  4 -0.490141 -6.547642 52.686533 0.581002 -0.753904 -0.306701 0.508685 0.876081
  4 -1.480141 -6.538166 52.676036 -0.383611 -0.880624 0.278108 0.441687 0.876081
  4 -0.610142 -6.724583 52.555415 0.231395 -0.890481 0.391791 0.503722 0.870317
HEV_torso.bmp
  4 -0.610142 -6.724583 52.555415 0.231395 -0.890481 0.391791 0.503722 0.870317
  4 -1.480141 -6.538166 52.676036 -0.383611 -0.880624 0.278108 0.441687 0.876081
  4 -1.350142 -6.724582 52.555416 -0.553003 -0.821604 0.138401 0.446650 0.870317
HEV_torso.bmp
  4 -1.480141 -6.538166 52.676036 -0.383611 -0.880624 0.278108 0.441687 0.876081
  4 -1.350143 -6.455412 51.750589 -0.663026 -0.580623 -0.472518 0.441687 0.804035
  4 -1.350142 -6.724582 52.555416 -0.553003 -0.821604 0.138401 0.446650 0.870317
HEV_torso.bmp
  4 -1.350142 -6.724582 52.555416 -0.553003 -0.821604 0.138401 0.446650 0.870317
  4 -1.350143 -6.455412 51.750589 -0.663026 -0.580623 -0.472518 0.441687 0.804035
  4 -1.250143 -6.679994 51.862227 -0.218104 -0.830213 -0.513008 0.446650 0.809798
HEV_torso.bmp
  4 -1.350143 -6.455412 51.750589 -0.663026 -0.580623 -0.472518 0.441687 0.804035
  4 -0.450143 -6.455925 51.740601 0.351588 -0.604079 -0.715175 0.508685 0.804035
  4 -1.250143 -6.679994 51.862227 -0.218104 -0.830213 -0.513008 0.446650 0.809798
HEV_torso.bmp
  4 -1.250143 -6.679994 51.862227 -0.218104 -0.830213 -0.513008 0.446650 0.809798
  4 -0.450143 -6.455925 51.740601 0.351588 -0.604079 -0.715175 0.508685 0.804035
  4 -0.570143 -6.680507 51.852239 0.540680 -0.784072 -0.304789 0.503722 0.809798
HEV_torso.bmp
  4 -0.450143 -6.455925 51.740601 0.351588 -0.604079 -0.715175 0.508685 0.804035
  4 -0.490141 -6.547642 52.686533 0.581002 -0.753904 -0.306701 0.508685 0.876081
  4 -0.570143 -6.680507 51.852239 0.540680 -0.784072 -0.304789 0.503722 0.809798
HEV_torso.bmp
  4 -0.570143 -6.680507 51.852239 0.540680 -0.784072 -0.304789 0.503722 0.809798
  4 -0.490141 -6.547642 52.686533 0.581002 -0.753904 -0.306701 0.508685 0.876081
  4 -0.610142 -6.724583 52.555415 0.231395 -0.890481 0.391791 0.503722 0.870317
HEV_torso.bmp
  18 -7.486809 1.117894 52.794991 0.915618 0.342106 -0.211204 0.062035 0.925072
  18 -7.212134 1.207849 52.928266 0.372609 0.206504 -0.904720 0.062035 0.945245
  18 -7.179322 1.087875 52.854580 0.237205 0.736216 -0.633814 0.074442 0.936599
HEV_torso.bmp
  18 -7.486809 1.117894 52.794991 0.915618 0.342106 -0.211204 0.062035 0.925072
  18 -7.267875 1.327868 52.873599 0.613308 -0.323604 -0.720509 0.049628 0.939481
  18 -7.212134 1.207849 52.928266 0.372609 0.206504 -0.904720 0.062035 0.945245
HEV_torso.bmp
  18 -7.486809 1.117894 52.794991 0.915618 0.342106 -0.211204 0.062035 0.925072
  18 -7.320654 1.377911 52.748259 0.818071 -0.543281 -0.188693 0.044665 0.925072
  18 -7.267875 1.327868 52.873599 0.613308 -0.323604 -0.720509 0.049628 0.939481
HEV_torso.bmp
  18 -7.486809 1.117894 52.794991 0.915618 0.342106 -0.211204 0.062035 0.925072
  18 -7.333632 1.337956 52.618894 0.867017 -0.323706 0.378808 0.049628 0.910663
  18 -7.320654 1.377911 52.748259 0.818071 -0.543281 -0.188693 0.044665 0.925072
HEV_torso.bmp
  18 -7.486809 1.117894 52.794991 0.915618 0.342106 -0.211204 0.062035 0.925072
  18 -7.300820 1.217981 52.545210 0.731494 0.206598 0.649795 0.062035 0.904899
  18 -7.333632 1.337956 52.618894 0.867017 -0.323706 0.378808 0.049628 0.910663
HEV_torso.bmp
  18 -7.486809 1.117894 52.794991 0.915618 0.342106 -0.211204 0.062035 0.925072
  18 -7.245079 1.077962 52.599870 0.490901 0.736301 0.465701 0.074442 0.910663
  18 -7.300820 1.217981 52.545210 0.731494 0.206598 0.649795 0.062035 0.904899
HEV_torso.bmp
  18 -7.486809 1.117894 52.794991 0.915618 0.342106 -0.211204 0.062035 0.925072
  18 -7.192300 1.027919 52.725210 0.286318 0.955858 -0.066004 0.079404 0.925072
  18 -7.245079 1.077962 52.599870 0.490901 0.736301 0.465701 0.074442 0.910663
HEV_torso.bmp
  18 -7.486809 1.117894 52.794991 0.915618 0.342106 -0.211204 0.062035 0.925072
  18 -7.179322 1.087875 52.854580 0.237205 0.736216 -0.633814 0.074442 0.936599
  18 -7.192300 1.027919 52.725210 0.286318 0.955858 -0.066004 0.079404 0.925072
HEV_torso.bmp
  18 -11.012017 1.127668 53.420058 -0.932688 0.341996 0.114598 0.062035 0.925072
  18 -11.277640 1.087613 53.577349 -0.439692 0.736186 -0.514491 0.074442 0.939481
  18 -11.221900 1.217594 53.632102 -0.659604 0.206101 -0.722804 0.062035 0.945245
HEV_torso.bmp
  18 -11.012017 1.127668 53.420058 -0.932688 0.341996 0.114598 0.062035 0.925072
  18 -11.311516 1.037660 53.440028 -0.291589 0.955866 0.035999 0.079404 0.925072
  18 -11.277640 1.087613 53.577349 -0.439692 0.736186 -0.514491 0.074442 0.939481
HEV_torso.bmp
  18 -11.012017 1.127668 53.420058 -0.932688 0.341996 0.114598 0.062035 0.925072
  18 -11.303597 1.087702 53.318648 -0.301895 0.736288 0.605590 0.074442 0.910663
  18 -11.311516 1.037660 53.440028 -0.291589 0.955866 0.035999 0.079404 0.925072
HEV_torso.bmp
  18 -11.012017 1.127668 53.420058 -0.932688 0.341996 0.114598 0.062035 0.925072
  18 -11.269787 1.217724 53.254999 -0.464987 0.206594 0.860875 0.062035 0.904899
  18 -11.303597 1.087702 53.318648 -0.301895 0.736288 0.605590 0.074442 0.910663
HEV_torso.bmp
  18 -11.012017 1.127668 53.420058 -0.932688 0.341996 0.114598 0.062035 0.925072
  18 -11.214047 1.337706 53.309749 -0.685188 -0.323694 0.652488 0.049628 0.910663
  18 -11.269787 1.217724 53.254999 -0.464987 0.206594 0.860875 0.062035 0.904899
HEV_torso.bmp
  18 -11.012017 1.127668 53.420058 -0.932688 0.341996 0.114598 0.062035 0.925072
  18 -11.181169 1.387662 53.437120 -0.833314 -0.543308 0.102002 0.044665 0.925072
  18 -11.214047 1.337706 53.309749 -0.685188 -0.323694 0.652488 0.049628 0.910663
HEV_torso.bmp
  18 -11.012017 1.127668 53.420058 -0.932688 0.341996 0.114598 0.062035 0.925072
  18 -11.179138 1.337620 53.557502 -0.822526 -0.323710 -0.467615 0.049628 0.936599
  18 -11.181169 1.387662 53.437120 -0.833314 -0.543308 0.102002 0.044665 0.925072
HEV_torso.bmp
  18 -11.012017 1.127668 53.420058 -0.932688 0.341996 0.114598 0.062035 0.925072
  18 -11.221900 1.217594 53.632102 -0.659604 0.206101 -0.722804 0.062035 0.945245
  18 -11.179138 1.337620 53.557502 -0.822526 -0.323710 -0.467615 0.049628 0.936599
HEV_torso.bmp
  4 -3.110114 7.159203 58.723075 -0.311518 0.935053 -0.169210 0.853598 0.907781
  4 0.819886 7.168673 58.712570 0.000000 0.998749 0.050003 0.714640 0.907781
  4 0.439883 5.525211 58.296120 0.001200 0.247403 -0.968912 0.732010 0.887608
HEV_torso.bmp
  4 -3.110114 7.159203 58.723075 -0.311518 0.935053 -0.169210 0.853598 0.907781
  4 -2.950113 6.431358 60.542701 -0.269304 0.881214 0.388506 0.848635 0.976945
  4 0.819886 7.168673 58.712570 0.000000 0.998749 0.050003 0.714640 0.907781
HEV_torso.bmp
  4 -3.110114 7.159203 58.723075 -0.311518 0.935053 -0.169210 0.853598 0.907781
  4 -3.720114 6.538445 59.505865 -0.391812 0.840327 0.374612 0.873449 0.936599
  4 -2.950113 6.431358 60.542701 -0.269304 0.881214 0.388506 0.848635 0.976945
HEV_torso.bmp
  4 -3.110114 7.159203 58.723075 -0.311518 0.935053 -0.169210 0.853598 0.907781
  4 -3.920115 6.599920 59.142243 -0.391812 0.840327 0.374612 0.880893 0.922190
  4 -3.720114 6.538445 59.505865 -0.391812 0.840327 0.374612 0.873449 0.936599
HEV_torso.bmp
  4 -3.110114 7.159203 58.723075 -0.311518 0.935053 -0.169210 0.853598 0.907781
  4 -4.300115 6.492887 59.007544 -0.391812 0.840327 0.374612 0.893300 0.916427
  4 -3.920115 6.599920 59.142243 -0.391812 0.840327 0.374612 0.880893 0.922190
HEV_torso.bmp
  4 -3.110114 7.159203 58.723075 -0.311518 0.935053 -0.169210 0.853598 0.907781
  4 -5.530116 6.066540 58.698958 -0.409078 0.896752 0.168791 0.933002 0.907781
  4 -4.300115 6.492887 59.007544 -0.391812 0.840327 0.374612 0.893300 0.916427
HEV_torso.bmp
  4 -3.110114 7.159203 58.723075 -0.311518 0.935053 -0.169210 0.853598 0.907781
  4 -4.660117 5.534693 58.285629 -0.086998 0.327093 -0.940979 0.900744 0.887608
  4 -5.530116 6.066540 58.698958 -0.409078 0.896752 0.168791 0.933002 0.907781
HEV_torso.bmp
  4 -3.110114 7.159203 58.723075 -0.311518 0.935053 -0.169210 0.853598 0.907781
  4 0.439883 5.525211 58.296120 0.001200 0.247403 -0.968912 0.732010 0.887608
  4 -4.660117 5.534693 58.285629 -0.086998 0.327093 -0.940979 0.900744 0.887608
HEV_torso.bmp
  8 7.476585 1.117928 52.793977 -0.915649 0.342018 -0.211211 0.062035 0.925072
  8 7.169099 1.077907 52.853563 -0.237205 0.736216 -0.633814 0.074442 0.936599
  8 7.211860 1.207881 52.928250 -0.372609 0.206505 -0.904720 0.062035 0.945245
HEV_torso.bmp
  8 7.476585 1.117928 52.793977 -0.915649 0.342018 -0.211211 0.062035 0.925072
  8 7.182077 1.027952 52.724196 -0.286317 0.955859 -0.066004 0.079404 0.925072
  8 7.169099 1.077907 52.853563 -0.237205 0.736216 -0.633814 0.074442 0.936599
HEV_torso.bmp
  8 7.476585 1.117928 52.793977 -0.915649 0.342018 -0.211211 0.062035 0.925072
  8 7.244805 1.077995 52.599854 -0.490901 0.736301 0.465701 0.074442 0.910663
  8 7.182077 1.027952 52.724196 -0.286317 0.955859 -0.066004 0.079404 0.925072
HEV_torso.bmp
  8 7.476585 1.117928 52.793977 -0.915649 0.342018 -0.211211 0.062035 0.925072
  8 7.290595 1.208014 52.544192 -0.731494 0.206599 0.649795 0.062035 0.904899
  8 7.244805 1.077995 52.599854 -0.490901 0.736301 0.465701 0.074442 0.910663
HEV_torso.bmp
  8 7.476585 1.117928 52.793977 -0.915649 0.342018 -0.211211 0.062035 0.925072
  8 7.323407 1.327989 52.617877 -0.867017 -0.323706 0.378808 0.049628 0.910663
  8 7.290595 1.208014 52.544192 -0.731494 0.206599 0.649795 0.062035 0.904899
HEV_torso.bmp
  8 7.476585 1.117928 52.793977 -0.915649 0.342018 -0.211211 0.062035 0.925072
  8 7.320379 1.377944 52.748243 -0.818071 -0.543281 -0.188693 0.044665 0.925072
  8 7.323407 1.327989 52.617877 -0.867017 -0.323706 0.378808 0.049628 0.910663
HEV_torso.bmp
  8 7.476585 1.117928 52.793977 -0.915649 0.342018 -0.211211 0.062035 0.925072
  8 7.256652 1.327897 52.882534 -0.613308 -0.323604 -0.720509 0.049628 0.939481
  8 7.320379 1.377944 52.748243 -0.818071 -0.543281 -0.188693 0.044665 0.925072
HEV_torso.bmp
  8 7.476585 1.117928 52.793977 -0.915649 0.342018 -0.211211 0.062035 0.925072
  8 7.211860 1.207881 52.928250 -0.372609 0.206505 -0.904720 0.062035 0.945245
  8 7.256652 1.327897 52.882534 -0.613308 -0.323604 -0.720509 0.049628 0.939481
HEV_torso.bmp
  8 11.012743 1.117723 53.410079 0.932688 0.341995 0.114598 0.062035 0.925072
  8 11.222626 1.207650 53.622122 0.659604 0.206101 -0.722804 0.062035 0.945245
  8 11.277368 1.077666 53.577319 0.439692 0.736186 -0.514491 0.074442 0.939481
HEV_torso.bmp
  8 11.012743 1.117723 53.410079 0.932688 0.341995 0.114598 0.062035 0.925072
  8 11.188816 1.327672 53.558470 0.822526 -0.323710 -0.467614 0.049628 0.936599
  8 11.222626 1.207650 53.622122 0.659604 0.206101 -0.722804 0.062035 0.945245
HEV_torso.bmp
  8 11.012743 1.117723 53.410079 0.932688 0.341995 0.114598 0.062035 0.925072
  8 11.180895 1.377714 53.437090 0.833313 -0.543309 0.102002 0.044665 0.925072
  8 11.188816 1.327672 53.558470 0.822526 -0.323710 -0.467614 0.049628 0.936599
HEV_torso.bmp
  8 11.012743 1.117723 53.410079 0.932688 0.341995 0.114598 0.062035 0.925072
  8 11.204822 1.327762 53.298770 0.685187 -0.323694 0.652488 0.049628 0.910663
  8 11.180895 1.377714 53.437090 0.833313 -0.543309 0.102002 0.044665 0.925072
HEV_torso.bmp
  8 11.012743 1.117723 53.410079 0.932688 0.341995 0.114598 0.062035 0.925072
  8 11.269514 1.207777 53.254969 0.464987 0.206594 0.860875 0.062035 0.904899
  8 11.204822 1.327762 53.298770 0.685187 -0.323694 0.652488 0.049628 0.910663
HEV_torso.bmp
  8 11.012743 1.117723 53.410079 0.932688 0.341995 0.114598 0.062035 0.925072
  8 11.303325 1.077755 53.318618 0.301895 0.736288 0.605590 0.074442 0.910663
  8 11.269514 1.207777 53.254969 0.464987 0.206594 0.860875 0.062035 0.904899
HEV_torso.bmp
  8 11.012743 1.117723 53.410079 0.932688 0.341995 0.114598 0.062035 0.925072
  8 11.301295 1.027714 53.438999 0.291590 0.955866 0.035999 0.079404 0.925072
  8 11.303325 1.077755 53.318618 0.301895 0.736288 0.605590 0.074442 0.910663
HEV_torso.bmp
  8 11.012743 1.117723 53.410079 0.932688 0.341995 0.114598 0.062035 0.925072
  8 11.277368 1.077666 53.577319 0.439692 0.736186 -0.514491 0.074442 0.939481
  8 11.301295 1.027714 53.438999 0.291590 0.955866 0.035999 0.079404 0.925072
HEV_torso.bmp
  4 0.429857 -6.455415 51.750586 0.404877 -0.638964 -0.654063 0.508685 0.804035
  4 -0.000141 -6.548155 52.676545 0.640227 -0.476520 0.602526 0.508685 0.876081
  4 0.289857 -6.680508 51.852237 0.606003 -0.791804 -0.076200 0.503722 0.809798
HEV_torso.bmp
  4 0.289857 -6.680508 51.852237 0.606003 -0.791804 -0.076200 0.503722 0.809798
  4 -0.000141 -6.548155 52.676545 0.640227 -0.476520 0.602526 0.508685 0.876081
  4 -0.030142 -6.724072 52.565401 0.212701 -0.854003 0.474802 0.503722 0.870317
HEV_torso.bmp
  4 -0.000141 -6.548155 52.676545 0.640227 -0.476520 0.602526 0.508685 0.876081
  4 -0.490141 -6.547642 52.686533 -0.385793 -0.639288 0.665188 0.441687 0.876081
  4 -0.030142 -6.724072 52.565401 0.212701 -0.854003 0.474802 0.503722 0.870317
HEV_torso.bmp
  4 -0.030142 -6.724072 52.565401 0.212701 -0.854003 0.474802 0.503722 0.870317
  4 -0.490141 -6.547642 52.686533 -0.385793 -0.639288 0.665188 0.441687 0.876081
  4 -0.400142 -6.724584 52.555415 -0.591398 -0.782097 0.196399 0.446650 0.870317
HEV_torso.bmp
  4 -0.490141 -6.547642 52.686533 -0.385793 -0.639288 0.665188 0.441687 0.876081
  4 -0.450143 -6.455925 51.740601 -0.742903 -0.521002 -0.420301 0.441687 0.804035
  4 -0.400142 -6.724584 52.555415 -0.591398 -0.782097 0.196399 0.446650 0.870317
HEV_torso.bmp
  4 -0.400142 -6.724584 52.555415 -0.591398 -0.782097 0.196399 0.446650 0.870317
  4 -0.450143 -6.455925 51.740601 -0.742903 -0.521002 -0.420301 0.441687 0.804035
  4 -0.370143 -6.670520 51.851727 -0.218104 -0.830213 -0.513008 0.446650 0.809798
HEV_torso.bmp
  4 -0.450143 -6.455925 51.740601 -0.742903 -0.521002 -0.420301 0.441687 0.804035
  4 0.429857 -6.455415 51.750586 0.404877 -0.638964 -0.654063 0.508685 0.804035
  4 -0.370143 -6.670520 51.851727 -0.218104 -0.830213 -0.513008 0.446650 0.809798
HEV_torso.bmp
  4 -0.370143 -6.670520 51.851727 -0.218104 -0.830213 -0.513008 0.446650 0.809798
  4 0.429857 -6.455415 51.750586 0.404877 -0.638964 -0.654063 0.508685 0.804035
  4 0.289857 -6.680508 51.852237 0.606003 -0.791804 -0.076200 0.503722 0.809798
HEV_torso.bmp
  4 -1.160135 -6.945549 57.623362 0.000000 -0.961301 0.275500 0.218362 0.864553
  4 -0.560134 -6.873859 57.849990 0.000000 -0.961301 0.275500 0.240695 0.876081
  4 -0.670134 -6.812155 58.077130 0.000000 -0.961301 0.275500 0.235732 0.884726
HEV_torso.bmp
  4 -0.670134 -6.812155 58.077130 0.000000 -0.961301 0.275500 0.235732 0.884726
  4 -0.560134 -6.873859 57.849990 0.000000 -0.961301 0.275500 0.240695 0.876081
  4 -0.010134 -6.772985 58.255358 0.000000 -0.961301 0.275500 0.258065 0.890490
HEV_torso.bmp
  4 -0.560134 -6.873859 57.849990 0.000000 -0.961301 0.275500 0.240695 0.876081
  4 0.019866 -6.872837 57.869963 0.000000 -0.961301 0.275500 0.260546 0.876081
  4 -0.010134 -6.772985 58.255358 0.000000 -0.961301 0.275500 0.258065 0.890490
HEV_torso.bmp
  4 -0.010134 -6.772985 58.255358 0.000000 -0.961301 0.275500 0.258065 0.890490
  4 0.019866 -6.872837 57.869963 0.000000 -0.961301 0.275500 0.260546 0.876081
  4 0.629866 -6.812157 58.077128 0.000000 -0.961301 0.275500 0.282878 0.884726
HEV_torso.bmp
  4 0.019866 -6.872837 57.869963 0.000000 -0.961301 0.275500 0.260546 0.876081
  4 0.709863 -7.226931 56.626451 0.000000 -0.961301 0.275500 0.285360 0.827089
  4 0.629866 -6.812157 58.077128 0.000000 -0.961301 0.275500 0.282878 0.884726
HEV_torso.bmp
  4 0.629866 -6.812157 58.077128 0.000000 -0.961301 0.275500 0.282878 0.884726
  4 0.709863 -7.226931 56.626451 0.000000 -0.961301 0.275500 0.285360 0.827089
  4 1.119865 -6.946063 57.613372 0.000000 -0.961301 0.275500 0.300248 0.864553
HEV_torso.bmp
  4 3.019882 6.639453 56.787125 0.131705 0.906732 -0.400614 0.062035 0.902017
  4 3.389883 6.647375 57.137177 0.517214 0.820721 -0.242706 0.042184 0.925072
  4 3.279882 6.614609 56.888528 0.410993 0.732288 -0.542991 0.049628 0.910663
HEV_torso.bmp
  4 3.019882 6.639453 56.787125 0.131705 0.906732 -0.400614 0.062035 0.902017
  4 3.299883 6.720601 57.393766 0.456603 0.889305 0.025500 0.047146 0.939481
  4 3.389883 6.647375 57.137177 0.517214 0.820721 -0.242706 0.042184 0.925072
HEV_torso.bmp
  4 3.019882 6.639453 56.787125 0.131705 0.906732 -0.400614 0.062035 0.902017
  4 3.049883 6.786151 57.500553 0.221003 0.961111 0.165602 0.062035 0.945245
  4 3.299883 6.720601 57.393766 0.456603 0.889305 0.025500 0.047146 0.939481
HEV_torso.bmp
  4 3.019882 6.639453 56.787125 0.131705 0.906732 -0.400614 0.062035 0.902017
  4 2.789883 6.810995 57.399149 -0.051798 0.994072 0.095597 0.074442 0.939481
  4 3.049883 6.786151 57.500553 0.221003 0.961111 0.165602 0.062035 0.945245
HEV_torso.bmp
  4 3.019882 6.639453 56.787125 0.131705 0.906732 -0.400614 0.062035 0.902017
  4 2.669883 6.788216 57.149988 -0.201597 0.968885 -0.143598 0.081886 0.925072
  4 2.789883 6.810995 57.399149 -0.051798 0.994072 0.095597 0.074442 0.939481
HEV_torso.bmp
  4 3.019882 6.639453 56.787125 0.131705 0.906732 -0.400614 0.062035 0.902017
  4 2.769882 6.704492 56.883924 -0.220011 0.862344 -0.456023 0.076923 0.910663
  4 2.669883 6.788216 57.149988 -0.201597 0.968885 -0.143598 0.081886 0.925072
HEV_torso.bmp
  7 8.957048 0.244039 61.615386 0.973495 0.002100 -0.228699 0.064516 0.080692
  7 8.800250 -1.940611 60.940687 0.955001 -0.001000 -0.296600 0.032258 0.072046
  7 8.801749 2.448556 60.930270 0.955001 -0.001000 -0.296600 0.099256 0.072046
HEV_torso.bmp
  7 8.801749 2.448556 60.930270 0.955001 -0.001000 -0.296600 0.099256 0.072046
  7 8.800250 -1.940611 60.940687 0.955001 -0.001000 -0.296600 0.032258 0.072046
  7 8.192151 3.660159 59.117397 0.955001 -0.001000 -0.296600 0.126551 0.051873
HEV_torso.bmp
  7 8.800250 -1.940611 60.940687 0.955001 -0.001000 -0.296600 0.032258 0.072046
  7 8.157211 -3.180579 59.213730 0.973495 0.002100 -0.228699 0.007444 0.054755
  7 8.192151 3.660159 59.117397 0.955001 -0.001000 -0.296600 0.126551 0.051873
HEV_torso.bmp
  7 8.192151 3.660159 59.117397 0.955001 -0.001000 -0.296600 0.126551 0.051873
  7 8.157211 -3.180579 59.213730 0.973495 0.002100 -0.228699 0.007444 0.054755
  7 7.850550 3.915312 57.072401 0.983337 -0.018901 -0.180807 0.126551 0.002882
HEV_torso.bmp
  7 8.157211 -3.180579 59.213730 0.973495 0.002100 -0.228699 0.007444 0.054755
  7 7.692558 -3.517016 57.142666 0.977364 -0.042299 -0.207292 0.004963 0.005764
  7 7.850550 3.915312 57.072401 0.983337 -0.018901 -0.180807 0.126551 0.002882
HEV_torso.bmp
  4 2.329884 7.094705 57.855230 -0.041398 0.988668 -0.144295 0.667494 0.873199
  4 3.099885 7.158683 58.713079 0.190507 0.972634 -0.133005 0.642680 0.907781
  4 3.089885 7.021196 58.179415 0.169007 0.958736 -0.228609 0.642680 0.884726
HEV_torso.bmp
  4 3.089885 7.021196 58.179415 0.169007 0.958736 -0.228609 0.642680 0.884726
  4 3.099885 7.158683 58.713079 0.190507 0.972634 -0.133005 0.642680 0.907781
  4 3.819884 6.824545 57.859057 0.343687 0.933364 -0.103496 0.617866 0.873199
HEV_torso.bmp
  4 3.099885 7.158683 58.713079 0.190507 0.972634 -0.133005 0.642680 0.907781
  4 5.519884 6.056539 58.699453 0.485317 0.867429 -0.109704 0.558313 0.907781
  4 3.819884 6.824545 57.859057 0.343687 0.933364 -0.103496 0.617866 0.873199
HEV_torso.bmp
  4 3.819884 6.824545 57.859057 0.343687 0.933364 -0.103496 0.617866 0.873199
  4 5.519884 6.056539 58.699453 0.485317 0.867429 -0.109704 0.558313 0.907781
  4 4.109883 6.616390 57.118737 0.484322 0.848538 -0.213110 0.607940 0.844380
HEV_torso.bmp
  4 5.519884 6.056539 58.699453 0.485317 0.867429 -0.109704 0.558313 0.907781
  4 4.369878 5.710758 54.882147 0.395490 0.864577 -0.309992 0.600496 0.757925
  4 4.109883 6.616390 57.118737 0.484322 0.848538 -0.213110 0.607940 0.844380
HEV_torso.bmp
  4 2.929861 -7.654253 55.126348 0.082602 -0.974527 0.208506 0.359801 0.769452
  4 -0.010139 -7.589987 55.403428 0.000000 -0.961301 0.275500 0.258065 0.780980
  4 -2.960139 -7.654757 55.116370 -0.082603 -0.974527 0.208506 0.158809 0.769452
HEV_torso.bmp
  4 2.929861 -7.654253 55.126348 0.082602 -0.974527 0.208506 0.359801 0.769452
  4 0.789862 -7.529308 55.610593 0.000000 -0.961301 0.275500 0.287841 0.786744
  4 -0.010139 -7.589987 55.403428 0.000000 -0.961301 0.275500 0.258065 0.780980
HEV_torso.bmp
  4 2.929861 -7.654253 55.126348 0.082602 -0.974527 0.208506 0.359801 0.769452
  4 1.379863 -7.359814 56.182668 0.000000 -0.961301 0.275500 0.307692 0.809798
  4 0.789862 -7.529308 55.610593 0.000000 -0.961301 0.275500 0.287841 0.786744
HEV_torso.bmp
  4 2.929861 -7.654253 55.126348 0.082602 -0.974527 0.208506 0.359801 0.769452
  4 1.599864 -7.129128 56.971898 0.000000 -0.961301 0.275500 0.315136 0.841499
  4 1.379863 -7.359814 56.182668 0.000000 -0.961301 0.275500 0.307692 0.809798
HEV_torso.bmp
  4 2.929861 -7.654253 55.126348 0.082602 -0.974527 0.208506 0.359801 0.769452
  4 2.119868 -6.544348 59.004637 0.000000 -0.961301 0.275500 0.334988 0.916427
  4 1.599864 -7.129128 56.971898 0.000000 -0.961301 0.275500 0.315136 0.841499
HEV_torso.bmp
  4 -2.150132 -6.534867 58.994145 0.000000 -0.961301 0.275500 0.183623 0.919308
  4 -0.010133 -6.688238 58.541396 0.000000 -0.961301 0.275500 0.258065 0.902017
  4 2.119868 -6.544348 59.004637 0.000000 -0.961301 0.275500 0.334988 0.916427
HEV_torso.bmp
  4 -2.150132 -6.534867 58.994145 0.000000 -0.961301 0.275500 0.183623 0.919308
  4 -0.830133 -6.738418 58.343706 0.000000 -0.961301 0.275500 0.230769 0.893372
  4 -0.010133 -6.688238 58.541396 0.000000 -0.961301 0.275500 0.258065 0.902017
HEV_torso.bmp
  4 -2.150132 -6.534867 58.994145 0.000000 -0.961301 0.275500 0.183623 0.919308
  4 -1.420134 -6.898949 57.751145 0.000000 -0.961301 0.275500 0.210918 0.870317
  4 -0.830133 -6.738418 58.343706 0.000000 -0.961301 0.275500 0.230769 0.893372
HEV_torso.bmp
  4 -2.150132 -6.534867 58.994145 0.000000 -0.961301 0.275500 0.183623 0.919308
  4 -1.640136 -7.128612 56.981890 0.000000 -0.961301 0.275500 0.200993 0.841499
  4 -1.420134 -6.898949 57.751145 0.000000 -0.961301 0.275500 0.210918 0.870317
HEV_torso.bmp
  4 -2.150132 -6.534867 58.994145 0.000000 -0.961301 0.275500 0.183623 0.919308
  4 -2.960139 -7.654757 55.116370 -0.082603 -0.974527 0.208506 0.158809 0.769452
  4 -1.640136 -7.128612 56.981890 0.000000 -0.961301 0.275500 0.200993 0.841499
HEV_torso.bmp
  17 -7.735321 -3.509158 57.154068 -0.977275 -0.042399 -0.207694 0.004963 0.005764
  17 -8.203972 -3.162616 59.203184 -0.970192 -0.010800 -0.242098 0.007444 0.054755
  17 -7.870346 3.929064 57.077771 -0.983250 -0.018799 -0.181291 0.126551 0.002882
HEV_torso.bmp
  17 -7.870346 3.929064 57.077771 -0.983250 -0.018799 -0.181291 0.126551 0.002882
  17 -8.203972 -3.162616 59.203184 -0.970192 -0.010800 -0.242098 0.007444 0.054755
  17 -8.231244 3.677173 59.118679 -0.960697 -0.000300 -0.277599 0.126551 0.051873
HEV_torso.bmp
  17 -8.203972 -3.162616 59.203184 -0.970192 -0.010800 -0.242098 0.007444 0.054755
  17 -8.839317 -1.923600 60.941970 -0.960697 -0.000300 -0.277599 0.032258 0.072046
  17 -8.231244 3.677173 59.118679 -0.960697 -0.000300 -0.277599 0.126551 0.051873
HEV_torso.bmp
  17 -8.231244 3.677173 59.118679 -0.960697 -0.000300 -0.277599 0.126551 0.051873
  17 -8.839317 -1.923600 60.941970 -0.960697 -0.000300 -0.277599 0.032258 0.072046
  17 -8.840832 2.465568 60.931553 -0.960697 -0.000300 -0.277599 0.099256 0.072046
HEV_torso.bmp
  17 -8.839317 -1.923600 60.941970 -0.960697 -0.000300 -0.277599 0.032258 0.072046
  17 -9.003817 0.261998 61.604843 -0.970192 -0.010800 -0.242098 0.064516 0.080692
  17 -8.840832 2.465568 60.931553 -0.960697 -0.000300 -0.277599 0.099256 0.072046
HEV_torso.bmp
  4 5.699885 4.164568 60.859093 0.266695 0.445792 0.854484 0.555831 0.988473
  4 2.939887 6.421875 60.553192 0.134600 0.446700 0.884501 0.645161 0.979827
  4 2.949887 5.404729 61.025858 0.134600 0.446700 0.884501 0.645161 0.994236
HEV_torso.bmp
  4 2.949887 5.404729 61.025858 0.134600 0.446700 0.884501 0.645161 0.994236
  4 2.939887 6.421875 60.553192 0.134600 0.446700 0.884501 0.645161 0.979827
  4 -2.960113 5.415235 61.035341 -0.083900 0.438502 0.894805 0.848635 0.994236
HEV_torso.bmp
  4 2.939887 6.421875 60.553192 0.134600 0.446700 0.884501 0.645161 0.979827
  4 -2.950113 6.431358 60.542701 -0.179192 0.447280 0.876260 0.848635 0.976945
  4 -2.960113 5.415235 61.035341 -0.083900 0.438502 0.894805 0.848635 0.994236
HEV_torso.bmp
  4 -2.960113 5.415235 61.035341 -0.083900 0.438502 0.894805 0.848635 0.994236
  4 -2.950113 6.431358 60.542701 -0.179192 0.447280 0.876260 0.848635 0.976945
  4 -5.720115 4.175081 60.868585 -0.266695 0.445792 0.854484 0.940447 0.988473
HEV_torso.bmp
  4 -2.950113 6.431358 60.542701 -0.179192 0.447280 0.876260 0.848635 0.976945
  4 -5.090114 5.450351 60.352653 -0.266695 0.445792 0.854484 0.918114 0.971182
  4 -5.720115 4.175081 60.868585 -0.266695 0.445792 0.854484 0.940447 0.988473
HEV_torso.bmp
  4 -3.540138 -6.762852 55.130752 -0.788823 -0.445512 0.423412 0.116625 0.804035
  4 -5.510139 -5.231941 52.959575 -0.802185 -0.316494 0.506291 0.049628 0.706052
  4 -5.630141 -5.702066 52.382875 -0.802751 -0.413175 0.429974 0.062035 0.662824
HEV_torso.bmp
  4 -5.630141 -5.702066 52.382875 -0.802751 -0.413175 0.429974 0.062035 0.662824
  4 -5.510139 -5.231941 52.959575 -0.802185 -0.316494 0.506291 0.049628 0.706052
  4 -7.170138 -2.809939 51.764079 -0.817962 -0.174792 0.548075 0.039702 0.645533
HEV_torso.bmp
  4 -5.510139 -5.231941 52.959575 -0.802185 -0.316494 0.506291 0.049628 0.706052
  4 -6.740136 -2.618424 52.375079 -0.816685 -0.044199 0.575389 0.034739 0.682997
  4 -7.170138 -2.809939 51.764079 -0.817962 -0.174792 0.548075 0.039702 0.645533
HEV_torso.bmp
  4 -7.170138 -2.809939 51.764079 -0.817962 -0.174792 0.548075 0.039702 0.645533
  4 -6.740136 -2.618424 52.375079 -0.816685 -0.044199 0.575389 0.034739 0.682997
  4 -7.210134 0.056566 51.426960 -0.826558 0.121094 0.549672 0.014888 0.628242
HEV_torso.bmp
  4 -6.740136 -2.618424 52.375079 -0.816685 -0.044199 0.575389 0.034739 0.682997
  4 -6.810133 -0.020542 52.071750 -0.792338 0.202410 0.575527 0.014888 0.662824
  4 -7.210134 0.056566 51.426960 -0.826558 0.121094 0.549672 0.014888 0.628242
HEV_torso.bmp
  4 2.859879 6.285642 54.962839 -0.229594 0.371790 -0.899477 0.640199 0.760807
  4 1.159878 5.261846 55.305678 -0.680600 0.348800 -0.644300 0.712159 0.775216
  4 1.419880 6.460768 55.644774 -0.680600 0.348800 -0.644300 0.697270 0.789625
HEV_torso.bmp
  4 1.419880 6.460768 55.644774 -0.680600 0.348800 -0.644300 0.697270 0.789625
  4 1.159878 5.261846 55.305678 -0.680600 0.348800 -0.644300 0.712159 0.775216
  4 0.949883 6.827654 57.137957 -0.911422 0.298407 -0.283307 0.709677 0.844380
HEV_torso.bmp
  4 1.159878 5.261846 55.305678 -0.680600 0.348800 -0.644300 0.712159 0.775216
  4 0.519881 5.420278 57.029831 -0.939204 0.283301 -0.194001 0.727047 0.841499
  4 0.949883 6.827654 57.137957 -0.911422 0.298407 -0.283307 0.709677 0.844380
HEV_torso.bmp
  4 0.949883 6.827654 57.137957 -0.911422 0.298407 -0.283307 0.709677 0.844380
  4 0.519881 5.420278 57.029831 -0.939204 0.283301 -0.194001 0.727047 0.841499
  4 0.819886 7.168673 58.712570 -0.955381 0.273195 -0.112298 0.714640 0.907781
HEV_torso.bmp
  4 0.519881 5.420278 57.029831 -0.939204 0.283301 -0.194001 0.727047 0.841499
  4 0.439883 5.525211 58.296120 -0.965771 0.245993 -0.082298 0.732010 0.887608
  4 0.819886 7.168673 58.712570 -0.955381 0.273195 -0.112298 0.714640 0.907781
HEV_torso.bmp
  4 -4.690115 6.077003 59.489457 -0.391812 0.840327 0.374612 0.905707 0.936599
  4 -5.090114 5.450351 60.352653 -0.410972 0.812645 0.413172 0.918114 0.971182
  4 -4.500114 6.015528 59.853078 -0.410972 0.812645 0.413172 0.900744 0.951009
HEV_torso.bmp
  4 -4.500114 6.015528 59.853078 -0.410972 0.812645 0.413172 0.900744 0.951009
  4 -5.090114 5.450351 60.352653 -0.410972 0.812645 0.413172 0.918114 0.971182
  4 -4.130114 6.122560 59.987778 -0.410972 0.812645 0.413172 0.888337 0.956772
HEV_torso.bmp
  4 -5.090114 5.450351 60.352653 -0.410972 0.812645 0.413172 0.918114 0.971182
  4 -2.950113 6.431358 60.542701 -0.269304 0.881214 0.388506 0.848635 0.976945
  4 -4.130114 6.122560 59.987778 -0.410972 0.812645 0.413172 0.888337 0.956772
HEV_torso.bmp
  4 -4.130114 6.122560 59.987778 -0.410972 0.812645 0.413172 0.888337 0.956772
  4 -2.950113 6.431358 60.542701 -0.269304 0.881214 0.388506 0.848635 0.976945
  4 -3.800114 6.336131 59.856677 -0.391812 0.840327 0.374612 0.875931 0.951009
HEV_torso.bmp
  4 -2.950113 6.431358 60.542701 -0.269304 0.881214 0.388506 0.848635 0.976945
  4 -3.720114 6.538445 59.505865 -0.391812 0.840327 0.374612 0.873449 0.936599
  4 -3.800114 6.336131 59.856677 -0.391812 0.840327 0.374612 0.875931 0.951009
HEV_torso.bmp
  4 3.499877 5.188388 54.458323 -0.001400 0.995542 -0.094304 0.627792 0.740634
  4 2.619873 4.955480 51.866847 -0.001400 0.995542 -0.094304 0.655087 0.642651
  4 2.749877 5.190948 54.508259 -0.001400 0.995542 -0.094304 0.652605 0.743516
HEV_torso.bmp
  4 2.749877 5.190948 54.508259 -0.001400 0.995542 -0.094304 0.652605 0.743516
  4 2.619873 4.955480 51.866847 -0.001400 0.995542 -0.094304 0.655087 0.642651
  4 1.159878 5.261846 55.305678 -0.001400 0.995542 -0.094304 0.712159 0.775216
HEV_torso.bmp
  4 2.619873 4.955480 51.866847 -0.001400 0.995542 -0.094304 0.655087 0.642651
  4 -2.630127 4.955487 51.866855 -0.001400 0.995542 -0.094304 0.828784 0.642651
  4 1.159878 5.261846 55.305678 -0.001400 0.995542 -0.094304 0.712159 0.775216
HEV_torso.bmp
  4 1.159878 5.261846 55.305678 -0.001400 0.995542 -0.094304 0.712159 0.775216
  4 -2.630127 4.955487 51.866855 -0.001400 0.995542 -0.094304 0.828784 0.642651
  4 -4.660117 5.534693 58.285629 -0.001400 0.995542 -0.094304 0.900744 0.887608
HEV_torso.bmp
  4 -0.560135 -6.969617 57.544489 0.000000 -0.961301 0.275500 0.240695 0.861671
  4 -0.120135 -7.067933 57.189054 0.000000 -0.961301 0.275500 0.255583 0.850144
  4 -0.210135 -6.969617 57.544489 0.000000 -0.961301 0.275500 0.253102 0.861671
HEV_torso.bmp
  4 -0.560135 -6.969617 57.544489 0.000000 -0.961301 0.275500 0.240695 0.861671
  4 -1.340136 -7.128612 56.981889 0.000000 -0.961301 0.275500 0.213400 0.841499
  4 -0.120135 -7.067933 57.189054 0.000000 -0.961301 0.275500 0.255583 0.850144
HEV_torso.bmp
  4 -0.560135 -6.969617 57.544489 0.000000 -0.961301 0.275500 0.240695 0.861671
  4 -1.160135 -6.945549 57.623362 0.000000 -0.961301 0.275500 0.218362 0.864553
  4 -1.340136 -7.128612 56.981889 0.000000 -0.961301 0.275500 0.213400 0.841499
HEV_torso.bmp
  4 -0.560135 -6.969617 57.544489 0.000000 -0.961301 0.275500 0.240695 0.861671
  4 -0.560134 -6.873859 57.849990 0.000000 -0.961301 0.275500 0.240695 0.876081
  4 -1.160135 -6.945549 57.623362 0.000000 -0.961301 0.275500 0.218362 0.864553
HEV_torso.bmp
  4 2.939887 6.421875 60.553192 0.202091 0.897458 0.392082 0.645161 0.979827
  4 0.819886 7.168673 58.712570 0.000000 0.998749 0.050003 0.714640 0.907781
  4 -2.950113 6.431358 60.542701 -0.269304 0.881214 0.388506 0.848635 0.976945
HEV_torso.bmp
  4 2.939887 6.421875 60.553192 0.202091 0.897458 0.392082 0.645161 0.979827
  4 3.099885 7.158683 58.713079 0.202091 0.897458 0.392082 0.640199 0.907781
  4 0.819886 7.168673 58.712570 0.000000 0.998749 0.050003 0.714640 0.907781
HEV_torso.bmp
  4 2.939887 6.421875 60.553192 0.202091 0.897458 0.392082 0.645161 0.979827
  4 5.519884 6.056539 58.699453 0.395706 0.829611 0.393906 0.558313 0.907781
  4 3.099885 7.158683 58.713079 0.202091 0.897458 0.392082 0.640199 0.907781
HEV_torso.bmp
  4 2.939887 6.421875 60.553192 0.202091 0.897458 0.392082 0.645161 0.979827
  4 5.079886 5.440351 60.353150 0.395706 0.829611 0.393906 0.575682 0.971182
  4 5.519884 6.056539 58.699453 0.395706 0.829611 0.393906 0.558313 0.907781
HEV_torso.bmp
  4 1.829859 -6.884660 53.144374 -0.001200 -0.996093 -0.088299 0.315136 0.694524
  4 2.399861 -7.002774 54.552261 -0.001200 -0.996093 -0.088299 0.334988 0.749280
  4 1.609860 -6.936923 53.687761 -0.001200 -0.996093 -0.088299 0.310174 0.714697
HEV_torso.bmp
  4 1.609860 -6.936923 53.687761 -0.001200 -0.996093 -0.088299 0.310174 0.714697
  4 2.399861 -7.002774 54.552261 -0.001200 -0.996093 -0.088299 0.334988 0.749280
  4 1.059860 -6.965101 53.919507 -0.001200 -0.996093 -0.088299 0.292804 0.723343
HEV_torso.bmp
  4 2.399861 -7.002774 54.552261 -0.001200 -0.996093 -0.088299 0.334988 0.749280
  4 -2.430139 -7.002768 54.552268 -0.001200 -0.996093 -0.088299 0.181141 0.749280
  4 1.059860 -6.965101 53.919507 -0.001200 -0.996093 -0.088299 0.292804 0.723343
HEV_torso.bmp
  4 -3.890128 4.449756 51.572349 -0.481803 0.584004 0.653304 0.868486 0.628242
  4 -6.440131 2.710522 51.240914 -0.633073 0.443181 0.634673 0.923077 0.619597
  4 -6.070131 2.329202 51.811172 -0.604380 0.439085 0.664778 0.930521 0.639769
HEV_torso.bmp
  4 -6.070131 2.329202 51.811172 -0.604380 0.439085 0.664778 0.930521 0.639769
  4 -6.440131 2.710522 51.240914 -0.633073 0.443181 0.634673 0.923077 0.619597
  4 -6.810133 -0.020542 52.071750 -0.792338 0.202410 0.575527 0.990074 0.662824
HEV_torso.bmp
  4 -6.440131 2.710522 51.240914 -0.633073 0.443181 0.634673 0.923077 0.619597
  4 -7.210134 0.056566 51.426960 -0.826558 0.121094 0.549672 0.990074 0.628242
  4 -6.810133 -0.020542 52.071750 -0.792338 0.202410 0.575527 0.990074 0.662824
HEV_torso.bmp
  4 1.599864 -7.129128 56.971898 0.000000 -0.961301 0.275500 0.315136 0.841499
  4 2.119868 -6.544348 59.004637 0.000000 -0.961301 0.275500 0.334988 0.916427
  4 1.379866 -6.898952 57.751141 0.000000 -0.961301 0.275500 0.307692 0.870317
HEV_torso.bmp
  4 1.379866 -6.898952 57.751141 0.000000 -0.961301 0.275500 0.307692 0.870317
  4 2.119868 -6.544348 59.004637 0.000000 -0.961301 0.275500 0.334988 0.916427
  4 0.789867 -6.738932 58.333717 0.000000 -0.961301 0.275500 0.287841 0.893372
HEV_torso.bmp
  4 2.119868 -6.544348 59.004637 0.000000 -0.961301 0.275500 0.334988 0.916427
  4 -0.010133 -6.688238 58.541396 0.000000 -0.961301 0.275500 0.258065 0.902017
  4 0.789867 -6.738932 58.333717 0.000000 -0.961301 0.275500 0.287841 0.893372
HEV_torso.bmp
  4 -1.640136 -7.128612 56.981890 0.000000 -0.961301 0.275500 0.200993 0.841499
  4 -2.960139 -7.654757 55.116370 -0.082603 -0.974527 0.208506 0.158809 0.769452
  4 -1.420137 -7.349312 56.192147 0.000000 -0.961301 0.275500 0.210918 0.809798
HEV_torso.bmp
  4 -1.420137 -7.349312 56.192147 0.000000 -0.961301 0.275500 0.210918 0.809798
  4 -2.960139 -7.654757 55.116370 -0.082603 -0.974527 0.208506 0.158809 0.769452
  4 -0.830138 -7.529306 55.610595 0.000000 -0.961301 0.275500 0.230769 0.786744
HEV_torso.bmp
  4 -2.960139 -7.654757 55.116370 -0.082603 -0.974527 0.208506 0.158809 0.769452
  4 -0.010139 -7.589987 55.403428 0.000000 -0.961301 0.275500 0.258065 0.780980
  4 -0.830138 -7.529306 55.610595 0.000000 -0.961301 0.275500 0.230769 0.786744
HEV_torso.bmp
  17 -7.517314 3.490579 55.011955 -0.983250 -0.018799 -0.181291 0.588089 0.048991
  17 -7.092709 0.116987 53.053004 -0.983250 -0.018799 -0.181291 0.476427 0.095101
  17 -7.870346 3.929064 57.077771 -0.983250 -0.018799 -0.181291 0.588089 0.000000
HEV_torso.bmp
  17 -7.870346 3.929064 57.077771 -0.983250 -0.018799 -0.181291 0.588089 0.000000
  17 -7.092709 0.116987 53.053004 -0.983250 -0.018799 -0.181291 0.476427 0.095101
  17 -7.735321 -3.509158 57.154068 -0.977275 -0.042399 -0.207694 0.364764 0.000000
HEV_torso.bmp
  17 -7.092709 0.116987 53.053004 -0.983250 -0.018799 -0.181291 0.476427 0.095101
  17 -7.273975 -3.173953 55.096765 -0.968658 -0.087996 -0.232290 0.367246 0.048991
  17 -7.735321 -3.509158 57.154068 -0.977275 -0.042399 -0.207694 0.364764 0.000000
HEV_torso.bmp
  7 7.233161 -3.181130 55.095146 0.968811 -0.087601 -0.231802 0.367246 0.048991
  7 7.063266 0.101599 53.049681 0.983337 -0.018901 -0.180807 0.476427 0.095101
  7 7.692558 -3.517016 57.142666 0.977364 -0.042299 -0.207292 0.364764 0.000000
HEV_torso.bmp
  7 7.692558 -3.517016 57.142666 0.977364 -0.042299 -0.207292 0.364764 0.000000
  7 7.063266 0.101599 53.049681 0.983337 -0.018901 -0.180807 0.476427 0.095101
  7 7.850550 3.915312 57.072401 0.983337 -0.018901 -0.180807 0.588089 0.000000
HEV_torso.bmp
  7 7.063266 0.101599 53.049681 0.983337 -0.018901 -0.180807 0.476427 0.095101
  7 7.476473 3.483403 55.010334 0.983337 -0.018901 -0.180807 0.588089 0.048991
  7 7.850550 3.915312 57.072401 0.983337 -0.018901 -0.180807 0.588089 0.000000
HEV_torso.bmp
  4 -0.010142 -6.861084 52.822749 0.000000 -0.397501 -0.917602 0.258065 0.682997
  4 -1.660141 -6.851094 52.822240 0.000000 -0.397501 -0.917602 0.205955 0.682997
  4 -0.000141 -6.548155 52.676545 0.000000 -0.397501 -0.917602 0.258065 0.677233
HEV_torso.bmp
  4 -0.000141 -6.548155 52.676545 0.000000 -0.397501 -0.917602 0.258065 0.677233
  4 -1.660141 -6.851094 52.822240 0.000000 -0.397501 -0.917602 0.205955 0.682997
  4 -0.490141 -6.547642 52.686533 0.581002 -0.753904 -0.306701 0.243176 0.677233
HEV_torso.bmp
  4 -1.660141 -6.851094 52.822240 0.000000 -0.397501 -0.917602 0.205955 0.682997
  4 -1.480141 -6.538166 52.676036 -0.383611 -0.880624 0.278108 0.210918 0.677233
  4 -0.490141 -6.547642 52.686533 0.581002 -0.753904 -0.306701 0.243176 0.677233
HEV_torso.bmp
  4 3.499877 5.188388 54.458323 -0.044401 0.677021 -0.734623 0.627792 0.740634
  4 2.749877 5.190948 54.508259 -0.119399 0.495796 -0.860192 0.652605 0.743516
  4 4.369878 5.710758 54.882147 0.026001 0.535023 -0.844437 0.600496 0.757925
HEV_torso.bmp
  4 4.369878 5.710758 54.882147 0.026001 0.535023 -0.844437 0.600496 0.757925
  4 2.749877 5.190948 54.508259 -0.119399 0.495796 -0.860192 0.652605 0.743516
  4 2.859879 6.285642 54.962839 -0.229594 0.371790 -0.899477 0.640199 0.760807
HEV_torso.bmp
  4 2.749877 5.190948 54.508259 -0.119399 0.495796 -0.860192 0.652605 0.743516
  4 1.159878 5.261846 55.305678 -0.680600 0.348800 -0.644300 0.712159 0.775216
  4 2.859879 6.285642 54.962839 -0.229594 0.371790 -0.899477 0.640199 0.760807
HEV_torso.bmp
  4 -4.300115 6.492887 59.007544 -0.391812 0.840327 0.374612 0.893300 0.916427
  4 -5.530116 6.066540 58.698958 -0.409078 0.896752 0.168791 0.933002 0.907781
  4 -4.610115 6.279828 59.148632 -0.391812 0.840327 0.374612 0.903226 0.922190
HEV_torso.bmp
  4 -4.610115 6.279828 59.148632 -0.391812 0.840327 0.374612 0.903226 0.922190
  4 -5.530116 6.066540 58.698958 -0.409078 0.896752 0.168791 0.933002 0.907781
  4 -4.690115 6.077003 59.489457 -0.391812 0.840327 0.374612 0.905707 0.936599
HEV_torso.bmp
  4 -5.530116 6.066540 58.698958 -0.409078 0.896752 0.168791 0.933002 0.907781
  4 -5.090114 5.450351 60.352653 -0.410972 0.812645 0.413172 0.918114 0.971182
  4 -4.690115 6.077003 59.489457 -0.391812 0.840327 0.374612 0.905707 0.936599
HEV_torso.bmp
  4 -0.450143 -6.455925 51.740601 0.720896 -0.599397 0.347898 0.508685 0.876081
  4 -1.350143 -6.455412 51.750589 -0.385793 -0.639288 0.665188 0.441687 0.876081
  4 -0.550143 -6.641829 51.629968 0.231395 -0.890481 0.391791 0.503722 0.870317
HEV_torso.bmp
  4 -0.550143 -6.641829 51.629968 0.231395 -0.890481 0.391791 0.503722 0.870317
  4 -1.350143 -6.455412 51.750589 -0.385793 -0.639288 0.665188 0.441687 0.876081
  4 -1.220143 -6.641829 51.629969 -0.594477 -0.791369 0.142594 0.446650 0.870317
HEV_torso.bmp
  4 1.329858 -6.455416 51.750585 0.748278 -0.625282 0.221593 0.508685 0.876081
  4 0.429857 -6.455415 51.750586 -0.371001 -0.608601 0.701401 0.441687 0.876081
  4 1.199857 -6.652331 51.620491 0.232501 -0.905806 0.354202 0.503722 0.870317
HEV_torso.bmp
  4 1.199857 -6.652331 51.620491 0.232501 -0.905806 0.354202 0.503722 0.870317
  4 0.429857 -6.455415 51.750586 -0.371001 -0.608601 0.701401 0.441687 0.876081
  4 0.529857 -6.652330 51.620492 -0.584811 -0.771715 0.249905 0.446650 0.870317
HEV_torso.bmp
  4 0.429857 -6.455415 51.750586 -0.001200 -0.996093 -0.088299 0.508685 0.876081
  4 -0.450143 -6.455925 51.740601 -0.385793 -0.639288 0.665188 0.441687 0.876081
  4 0.319857 -6.642342 51.619980 0.231395 -0.890481 0.391791 0.503722 0.870317
HEV_torso.bmp
  4 0.319857 -6.642342 51.619980 0.231395 -0.890481 0.391791 0.503722 0.870317
  4 -0.450143 -6.455925 51.740601 -0.385793 -0.639288 0.665188 0.441687 0.876081
  4 -0.340143 -6.641830 51.629968 -0.591398 -0.782097 0.196399 0.446650 0.870317
HEV_torso.bmp
  4 -5.380144 -5.865862 50.358605 -0.701487 -0.711986 -0.031499 0.089330 0.579251
  4 -2.400144 -7.371136 51.857588 -0.466809 -0.878617 -0.100602 0.178660 0.642651
  4 -5.630141 -5.702066 52.382875 -0.701111 -0.708310 -0.082101 0.062035 0.662824
HEV_torso.bmp
  4 -5.630141 -5.702066 52.382875 -0.701111 -0.708310 -0.082101 0.062035 0.662824
  4 -2.400144 -7.371136 51.857588 -0.466809 -0.878617 -0.100602 0.178660 0.642651
  4 -2.960139 -7.654757 55.116370 -0.082603 -0.974527 0.208506 0.158809 0.769452
HEV_torso.bmp
  4 3.859872 4.439759 51.572849 0.814112 0.489707 -0.312104 0.625310 0.628242
  4 4.369878 5.710758 54.882147 0.796118 0.525711 -0.299707 0.600496 0.757925
  4 6.199883 5.169750 58.784941 0.796118 0.525711 -0.299707 0.535980 0.907781
HEV_torso.bmp
  4 6.199883 5.169750 58.784941 0.796118 0.525711 -0.299707 0.535980 0.907781
  4 4.369878 5.710758 54.882147 0.796118 0.525711 -0.299707 0.600496 0.757925
  4 5.519884 6.056539 58.699453 0.789077 0.551683 -0.270192 0.558313 0.907781
HEV_torso.bmp
  4 -5.720115 4.175081 60.868585 -0.733097 0.524398 0.433099 0.940447 0.988473
  4 -5.090114 5.450351 60.352653 -0.733097 0.524398 0.433099 0.918114 0.971182
  4 -6.220117 5.179754 58.784447 -0.733097 0.524398 0.433099 0.955335 0.907781
HEV_torso.bmp
  4 -6.220117 5.179754 58.784447 -0.733097 0.524398 0.433099 0.955335 0.907781
  4 -5.090114 5.450351 60.352653 -0.733097 0.524398 0.433099 0.918114 0.971182
  4 -5.530116 6.066540 58.698958 -0.707014 0.579811 0.404908 0.933002 0.907781
HEV_torso.bmp
  4 5.519884 6.056539 58.699453 0.720502 0.552401 0.419201 0.558313 0.907781
  4 5.079886 5.440351 60.353150 0.720502 0.552401 0.419201 0.575682 0.971182
  4 6.199883 5.169750 58.784941 0.720502 0.552401 0.419201 0.535980 0.907781
HEV_torso.bmp
  4 6.199883 5.169750 58.784941 0.720502 0.552401 0.419201 0.535980 0.907781
  4 5.079886 5.440351 60.353150 0.720502 0.552401 0.419201 0.575682 0.971182
  4 5.699885 4.164568 60.859093 0.720502 0.552401 0.419201 0.555831 0.988473
HEV_torso.bmp
  4 0.439883 5.525211 58.296120 -0.001400 0.995542 -0.094304 0.732010 0.887608
  4 0.519881 5.420278 57.029831 -0.001400 0.995542 -0.094304 0.727047 0.841499
  4 -4.660117 5.534693 58.285629 -0.001400 0.995542 -0.094304 0.900744 0.887608
HEV_torso.bmp
  4 -4.660117 5.534693 58.285629 -0.001400 0.995542 -0.094304 0.900744 0.887608
  4 0.519881 5.420278 57.029831 -0.001400 0.995542 -0.094304 0.727047 0.841499
  4 1.159878 5.261846 55.305678 -0.001400 0.995542 -0.094304 0.712159 0.775216
HEV_torso.bmp
  4 -1.350142 -6.724582 52.555416 -0.553003 -0.821604 0.138401 0.446650 0.870317
  4 -1.250143 -6.679994 51.862227 -0.218104 -0.830213 -0.513008 0.446650 0.809798
  4 -0.610142 -6.724583 52.555415 0.231395 -0.890481 0.391791 0.503722 0.870317
HEV_torso.bmp
  4 -0.610142 -6.724583 52.555415 0.231395 -0.890481 0.391791 0.503722 0.870317
  4 -1.250143 -6.679994 51.862227 -0.218104 -0.830213 -0.513008 0.446650 0.809798
  4 -0.570143 -6.680507 51.852239 0.540680 -0.784072 -0.304789 0.503722 0.809798
HEV_torso.bmp
  4 1.469857 -6.764498 51.776434 0.000000 -0.102503 -0.994733 0.305211 0.642651
  4 0.469857 -6.765009 51.766449 0.000000 -0.102503 -0.994733 0.272953 0.642651
  4 1.329858 -6.455416 51.750585 0.000000 -0.102503 -0.994733 0.300248 0.639769
HEV_torso.bmp
  4 1.329858 -6.455416 51.750585 0.000000 -0.102503 -0.994733 0.300248 0.639769
  4 0.469857 -6.765009 51.766449 0.000000 -0.102503 -0.994733 0.272953 0.642651
  4 0.429857 -6.455415 51.750586 0.000000 -0.102503 -0.994733 0.272953 0.639769
HEV_torso.bmp
  4 2.539870 -5.524168 59.372917 0.000000 -0.350992 0.936378 0.367246 0.971182
  4 -2.570130 -5.524161 59.372925 0.000000 -0.350992 0.936378 0.156328 0.971182
  4 2.119868 -6.544348 59.004637 0.000000 -0.350992 0.936378 0.334988 0.916427
HEV_torso.bmp
  4 2.119868 -6.544348 59.004637 0.000000 -0.350992 0.936378 0.334988 0.916427
  4 -2.570130 -5.524161 59.372925 0.000000 -0.350992 0.936378 0.156328 0.971182
  4 -2.150132 -6.534867 58.994145 0.000000 -0.350992 0.936378 0.183623 0.919308
HEV_torso.bmp
  4 2.399861 -7.002774 54.552261 0.000000 -0.654317 -0.756220 0.334988 0.749280
  4 2.929861 -7.654253 55.126348 0.000000 -0.654317 -0.756220 0.359801 0.769452
  4 -2.430139 -7.002768 54.552268 0.000000 -0.654317 -0.756220 0.181141 0.749280
HEV_torso.bmp
  4 -2.430139 -7.002768 54.552268 0.000000 -0.654317 -0.756220 0.181141 0.749280
  4 2.929861 -7.654253 55.126348 0.000000 -0.654317 -0.756220 0.359801 0.769452
  4 -2.960139 -7.654757 55.116370 0.000000 -0.654317 -0.756220 0.158809 0.769452
HEV_torso.bmp
  4 0.469857 -6.765009 51.766449 -0.883909 -0.162001 -0.438704 0.272953 0.642651
  4 -0.010142 -6.861084 52.822749 -0.883909 -0.162001 -0.438704 0.258065 0.682997
  4 0.429857 -6.455415 51.750586 -0.001200 -0.996093 -0.088299 0.272953 0.639769
HEV_torso.bmp
  4 0.429857 -6.455415 51.750586 -0.001200 -0.996093 -0.088299 0.272953 0.639769
  4 -0.010142 -6.861084 52.822749 -0.883909 -0.162001 -0.438704 0.258065 0.682997
  4 -0.000141 -6.548155 52.676545 -0.883909 -0.162001 -0.438704 0.258065 0.677233
HEV_torso.bmp
  4 3.509862 -6.772848 55.131253 0.786789 -0.520393 0.331895 0.404467 0.804035
  4 2.539870 -5.524168 59.372917 0.810457 -0.491074 0.319383 0.367246 0.971182
  4 2.929861 -7.654253 55.126348 0.810457 -0.491074 0.319383 0.359801 0.769452
HEV_torso.bmp
  4 2.929861 -7.654253 55.126348 0.810457 -0.491074 0.319383 0.359801 0.769452
  4 2.539870 -5.524168 59.372917 0.810457 -0.491074 0.319383 0.367246 0.971182
  4 2.119868 -6.544348 59.004637 0.832887 -0.460893 0.306395 0.334988 0.916427
HEV_torso.bmp
  4 -2.150132 -6.534867 58.994145 -0.832887 -0.460892 0.306395 0.183623 0.919308
  4 -2.570130 -5.524161 59.372925 -0.810457 -0.491074 0.319383 0.156328 0.971182
  4 -2.960139 -7.654757 55.116370 -0.810457 -0.491074 0.319383 0.158809 0.769452
HEV_torso.bmp
  4 -2.960139 -7.654757 55.116370 -0.810457 -0.491074 0.319383 0.158809 0.769452
  4 -2.570130 -5.524161 59.372925 -0.810457 -0.491074 0.319383 0.156328 0.971182
  4 -3.540138 -6.762852 55.130752 -0.786789 -0.520392 0.331895 0.116625 0.804035
HEV_torso.bmp
  4 0.289857 -6.680508 51.852237 0.606003 -0.791804 -0.076200 0.503722 0.809798
  4 -0.030142 -6.724072 52.565401 0.212701 -0.854003 0.474802 0.503722 0.870317
  4 -0.370143 -6.670520 51.851727 -0.218104 -0.830213 -0.513008 0.446650 0.809798
HEV_torso.bmp
  4 -0.370143 -6.670520 51.851727 -0.218104 -0.830213 -0.513008 0.446650 0.809798
  4 -0.030142 -6.724072 52.565401 0.212701 -0.854003 0.474802 0.503722 0.870317
  4 -0.400142 -6.724584 52.555415 -0.591398 -0.782097 0.196399 0.446650 0.870317
HEV_torso.bmp
  4 -5.120143 -5.655625 50.357845 0.208597 -0.256796 -0.943686 0.027295 0.792507
  4 -2.400144 -7.371136 51.857588 0.280201 -0.345001 -0.895802 0.037221 0.786744
  4 -5.380144 -5.865862 50.358605 0.152094 -0.239690 -0.958862 0.027295 0.792507
HEV_torso.bmp
  4 -2.430139 -7.002768 54.552268 -0.001200 -0.996093 -0.088299 0.181141 0.749280
  4 -1.660141 -6.851094 52.822240 -0.001200 -0.996093 -0.088299 0.205955 0.682997
  4 -0.010142 -6.861084 52.822749 -0.001200 -0.996093 -0.088299 0.258065 0.682997
HEV_torso.bmp
  4 2.369856 -7.371142 51.857581 0.466809 -0.878617 -0.100602 0.339950 0.642651
  4 5.599859 -5.712580 52.373384 0.701110 -0.708310 -0.082101 0.454094 0.662824
  4 2.929861 -7.654253 55.126348 0.082602 -0.974527 0.208506 0.359801 0.769452
HEV_torso.bmp
  4 -2.430139 -7.002768 54.552268 0.809070 -0.581178 0.087397 0.181141 0.749280
  4 -2.960139 -7.654757 55.116370 0.809070 -0.581178 0.087397 0.158809 0.769452
  4 -2.400144 -7.371136 51.857588 0.809070 -0.581178 0.087397 0.178660 0.642651
HEV_torso.bmp
  4 2.399861 -7.002774 54.552261 -0.809814 -0.580110 0.087601 0.334988 0.749280
  4 2.369856 -7.371142 51.857581 -0.809814 -0.580110 0.087601 0.339950 0.642651
  4 2.929861 -7.654253 55.126348 -0.809814 -0.580110 0.087601 0.359801 0.769452
HEV_torso.bmp
  4 2.619873 4.955480 51.866847 -0.539508 0.835913 0.100902 0.655087 0.642651
  4 3.499877 5.188388 54.458323 -0.539508 0.835913 0.100902 0.627792 0.740634
  4 4.369878 5.710758 54.882147 -0.539508 0.835913 0.100902 0.600496 0.757925
HEV_torso.bmp
  4 -3.890128 4.449756 51.572349 -0.795105 0.524603 -0.304302 0.868486 0.628242
  4 -6.220117 5.179754 58.784447 -0.773885 0.554389 -0.306194 0.955335 0.907781
  4 -5.530116 6.066540 58.698958 -0.795105 0.524603 -0.304302 0.933002 0.907781
HEV_torso.bmp
  4 -0.580137 -7.371845 56.143235 0.000000 -0.961301 0.275500 0.238213 0.809798
  4 0.149863 -7.361347 56.152709 0.000000 -0.961301 0.275500 0.265509 0.809798
  4 -0.010136 -7.177772 56.804170 0.000000 -0.961301 0.275500 0.258065 0.835735
HEV_torso.bmp
  4 -0.120135 -7.067933 57.189054 0.000000 -0.961301 0.275500 0.255583 0.850144
  4 -1.340136 -7.128612 56.981889 0.000000 -0.961301 0.275500 0.213400 0.841499
  4 -0.760137 -7.288120 56.409300 0.000000 -0.961301 0.275500 0.233251 0.818444
HEV_torso.bmp
  4 0.709863 -7.226931 56.626451 0.000000 -0.961301 0.275500 0.285360 0.827089
  4 0.019866 -6.872837 57.869963 0.000000 -0.961301 0.275500 0.260546 0.876081
  4 0.389863 -7.251509 56.537593 0.000000 -0.961301 0.275500 0.272953 0.824207
HEV_torso.bmp
  4 5.079886 5.440351 60.353150 0.266695 0.445792 0.854484 0.575682 0.971182
  4 2.939887 6.421875 60.553192 0.134600 0.446700 0.884501 0.645161 0.979827
  4 5.699885 4.164568 60.859093 0.266695 0.445792 0.854484 0.555831 0.988473
HEV_torso.bmp
  4 -3.540138 -6.762852 55.130752 -0.788823 -0.445512 0.423412 0.116625 0.804035
  4 -5.630141 -5.702066 52.382875 -0.802751 -0.413175 0.429974 0.062035 0.662824
  4 -2.960139 -7.654757 55.116370 -0.769474 -0.510582 0.383687 0.158809 0.769452
HEV_arm.bmp
  9 9.285443 -2.231105 38.570881 -0.974563 -0.161394 -0.155494 0.000000 0.086275
  9 9.790197 -0.860165 38.248471 -0.812583 0.488390 -0.318093 0.070866 0.086275
  9 9.472140 -2.447915 37.711731 -0.912793 0.013600 -0.408197 0.000000 0.011765
HEV_arm.bmp
  9 9.472140 -2.447915 37.711731 -0.912793 0.013600 -0.408197 0.000000 0.011765
  9 9.790197 -0.860165 38.248471 -0.812583 0.488390 -0.318093 0.070866 0.086275
  9 9.944876 -1.164324 37.407899 -0.644519 0.601418 -0.472114 0.070866 0.011765
HEV_arm.bmp
  9 9.790197 -0.860165 38.248471 -0.812583 0.488390 -0.318093 0.070866 0.086275
  9 10.960060 -0.270576 38.208409 -0.163101 0.915006 -0.369002 0.157480 0.082353
  9 9.944876 -1.164324 37.407899 -0.644519 0.601418 -0.472114 0.070866 0.011765
HEV_arm.bmp
  9 9.944876 -1.164324 37.407899 -0.644519 0.601418 -0.472114 0.070866 0.011765
  9 10.960060 -0.270576 38.208409 -0.163101 0.915006 -0.369002 0.157480 0.082353
  9 11.053588 -0.591735 37.376298 0.086903 0.863323 -0.497113 0.188976 0.011765
HEV_arm.bmp
  9 10.960060 -0.270576 38.208409 -0.163101 0.915006 -0.369002 0.157480 0.082353
  9 11.548171 -0.436007 38.557203 0.445082 0.848864 -0.285188 0.204724 0.094118
  9 11.053588 -0.591735 37.376298 0.086903 0.863323 -0.497113 0.188976 0.011765
HEV_arm.bmp
  9 11.053588 -0.591735 37.376298 0.086903 0.863323 -0.497113 0.188976 0.011765
  9 11.548171 -0.436007 38.557203 0.445082 0.848864 -0.285188 0.204724 0.094118
  9 12.156440 -1.098866 37.603092 0.734404 0.611103 -0.295302 0.338583 0.011765
HEV_arm.bmp
  9 11.548171 -0.436007 38.557203 0.445082 0.848864 -0.285188 0.204724 0.094118
  9 12.125724 -0.461790 39.512121 0.658883 0.715481 -0.232294 0.251969 0.117647
  9 12.156440 -1.098866 37.603092 0.734404 0.611103 -0.295302 0.338583 0.011765
HEV_arm.bmp
  9 12.156440 -1.098866 37.603092 0.734404 0.611103 -0.295302 0.338583 0.011765
  9 12.125724 -0.461790 39.512121 0.658883 0.715481 -0.232294 0.251969 0.117647
  9 12.651986 -1.514263 39.475384 0.947340 0.305813 -0.095004 0.440945 0.090196
HEV_arm.bmp
  9 12.125724 -0.461790 39.512121 0.658883 0.715481 -0.232294 0.251969 0.117647
  9 12.099109 1.449366 45.287220 0.546981 0.836071 0.042398 0.228346 0.443137
  9 12.651986 -1.514263 39.475384 0.947340 0.305813 -0.095004 0.440945 0.090196
HEV_arm.bmp
  9 12.651986 -1.514263 39.475384 0.947340 0.305813 -0.095004 0.440945 0.090196
  9 12.099109 1.449366 45.287220 0.546981 0.836071 0.042398 0.228346 0.443137
  9 12.783676 -0.249959 46.276848 0.892957 0.127594 0.431679 0.496063 0.458824
HEV_arm.bmp
  9 12.099109 1.449366 45.287220 0.546981 0.836071 0.042398 0.228346 0.443137
  9 11.914761 1.361464 45.622018 0.351485 0.703869 0.617273 0.228346 0.466667
  9 12.783676 -0.249959 46.276848 0.892957 0.127594 0.431679 0.496063 0.458824
HEV_arm.bmp
  9 12.783676 -0.249959 46.276848 0.892957 0.127594 0.431679 0.496063 0.458824
  9 11.914761 1.361464 45.622018 0.351485 0.703869 0.617273 0.228346 0.466667
  9 12.519685 -0.187318 46.503970 0.308489 0.291489 0.905466 0.496063 0.486275
HEV_arm.bmp
  9 11.914761 1.361464 45.622018 0.351485 0.703869 0.617273 0.228346 0.466667
  9 11.941855 -0.175185 46.453328 -0.124398 0.261395 0.957182 0.496063 0.486275
  9 12.519685 -0.187318 46.503970 0.308489 0.291489 0.905466 0.496063 0.486275
HEV_arm.bmp
  9 12.519685 -0.187318 46.503970 0.308489 0.291489 0.905466 0.496063 0.486275
  9 11.941855 -0.175185 46.453328 -0.124398 0.261395 0.957182 0.496063 0.486275
  9 11.898440 -1.744789 46.685186 0.100997 -0.225593 0.968972 0.763780 0.478431
HEV_arm.bmp
  9 11.941855 -0.175185 46.453328 -0.124398 0.261395 0.957182 0.496063 0.486275
  9 11.654275 -1.642838 46.614547 -0.275401 0.007000 0.961304 0.763780 0.478431
  9 11.898440 -1.744789 46.685186 0.100997 -0.225593 0.968972 0.763780 0.478431
HEV_arm.bmp
  9 11.898440 -1.744789 46.685186 0.100997 -0.225593 0.968972 0.763780 0.478431
  9 11.654275 -1.642838 46.614547 -0.275401 0.007000 0.961304 0.763780 0.478431
  9 10.346718 -2.580635 46.023506 -0.246297 -0.462194 0.851889 0.842520 0.450980
HEV_arm.bmp
  19 -9.482386 -2.447954 37.712750 0.912793 0.013600 -0.408197 0.000000 0.011765
  19 -9.954160 -1.161956 37.418577 0.644519 0.601418 -0.472114 0.070866 0.011765
  19 -9.799480 -0.857797 38.259148 0.812584 0.488390 -0.318093 0.070866 0.086275
HEV_arm.bmp
  19 -9.799480 -0.857797 38.259148 0.812584 0.488390 -0.318093 0.070866 0.086275
  19 -9.954160 -1.161956 37.418577 0.644519 0.601418 -0.472114 0.070866 0.011765
  19 -10.970315 -0.270622 38.209433 0.163101 0.915006 -0.369002 0.157480 0.082353
HEV_arm.bmp
  19 -9.954160 -1.161956 37.418577 0.644519 0.601418 -0.472114 0.070866 0.011765
  19 -11.064813 -0.594190 37.367664 -0.086902 0.863323 -0.497113 0.188976 0.011765
  19 -10.970315 -0.270622 38.209433 0.163101 0.915006 -0.369002 0.157480 0.082353
HEV_arm.bmp
  19 -10.970315 -0.270622 38.209433 0.163101 0.915006 -0.369002 0.157480 0.082353
  19 -11.064813 -0.594190 37.367664 -0.086902 0.863323 -0.497113 0.188976 0.011765
  19 -11.548475 -0.436056 38.557230 -0.445081 0.848864 -0.285188 0.204724 0.094118
HEV_arm.bmp
  19 -11.064813 -0.594190 37.367664 -0.086902 0.863323 -0.497113 0.188976 0.011765
  19 -12.156743 -1.098918 37.603120 -0.734404 0.611104 -0.295302 0.338583 0.011765
  19 -11.548475 -0.436056 38.557230 -0.445081 0.848864 -0.285188 0.204724 0.094118
HEV_arm.bmp
  19 -11.548475 -0.436056 38.557230 -0.445081 0.848864 -0.285188 0.204724 0.094118
  19 -12.156743 -1.098918 37.603120 -0.734404 0.611104 -0.295302 0.338583 0.011765
  19 -12.135975 -0.461843 39.513147 -0.658883 0.715481 -0.232294 0.251969 0.117647
HEV_arm.bmp
  19 -12.156743 -1.098918 37.603120 -0.734404 0.611104 -0.295302 0.338583 0.011765
  19 -12.651313 -1.511908 39.485071 -0.947340 0.305813 -0.095004 0.440945 0.090196
  19 -12.135975 -0.461843 39.513147 -0.658883 0.715481 -0.232294 0.251969 0.117647
HEV_arm.bmp
  19 -12.135975 -0.461843 39.513147 -0.658883 0.715481 -0.232294 0.251969 0.117647
  19 -12.651313 -1.511908 39.485071 -0.947340 0.305813 -0.095004 0.440945 0.090196
  19 -12.100372 1.446903 45.277592 -0.546981 0.836071 0.042398 0.228346 0.443137
HEV_arm.bmp
  19 -12.651313 -1.511908 39.485071 -0.947340 0.305813 -0.095004 0.440945 0.090196
  19 -12.783960 -0.250016 46.276878 -0.892957 0.127594 0.431679 0.496063 0.458824
  19 -12.100372 1.446903 45.277592 -0.546981 0.836071 0.042398 0.228346 0.443137
HEV_arm.bmp
  19 -12.100372 1.446903 45.277592 -0.546981 0.836071 0.042398 0.228346 0.443137
  19 -12.783960 -0.250016 46.276878 -0.892957 0.127594 0.431679 0.496063 0.458824
  19 -11.916023 1.359002 45.612389 -0.351485 0.703870 0.617273 0.228346 0.466667
HEV_arm.bmp
  19 -12.783960 -0.250016 46.276878 -0.892957 0.127594 0.431679 0.496063 0.458824
  19 -12.519000 -0.184965 46.513657 -0.308489 0.291489 0.905466 0.496063 0.486275
  19 -11.916023 1.359002 45.612389 -0.351485 0.703870 0.617273 0.228346 0.466667
HEV_arm.bmp
  19 -11.916023 1.359002 45.612389 -0.351485 0.703870 0.617273 0.228346 0.466667
  19 -12.519000 -0.184965 46.513657 -0.308489 0.291489 0.905466 0.496063 0.486275
  19 -11.941169 -0.172829 46.463012 0.124398 0.261395 0.957182 0.496063 0.486275
HEV_arm.bmp
  19 -12.519000 -0.184965 46.513657 -0.308489 0.291489 0.905466 0.496063 0.486275
  19 -11.908906 -1.735137 46.683814 -0.100997 -0.225593 0.968972 0.763780 0.478431
  19 -11.941169 -0.172829 46.463012 0.124398 0.261395 0.957182 0.496063 0.486275
HEV_arm.bmp
  19 -11.941169 -0.172829 46.463012 0.124398 0.261395 0.957182 0.496063 0.486275
  19 -11.908906 -1.735137 46.683814 -0.100997 -0.225593 0.968972 0.763780 0.478431
  19 -11.663532 -1.640482 46.625229 0.275401 0.007000 0.961304 0.763780 0.478431
HEV_arm.bmp
  19 -11.908906 -1.735137 46.683814 -0.100997 -0.225593 0.968972 0.763780 0.478431
  19 -10.356213 -2.568567 46.031787 0.246297 -0.462194 0.851889 0.842520 0.450980
  19 -11.663532 -1.640482 46.625229 0.275401 0.007000 0.961304 0.763780 0.478431
HEV_arm.bmp
  9 10.346718 -2.580635 46.023506 -0.185297 -0.856584 0.481591 0.244094 0.513725
  8 8.954285 -1.569925 46.579530 -0.782463 -0.615470 0.094596 0.385827 0.619608
  9 8.891954 -2.027304 45.698105 -0.718523 -0.597419 0.356111 0.385827 0.505882
HEV_arm.bmp
  9 8.891954 -2.027304 45.698105 -0.718523 -0.597419 0.356111 0.385827 0.505882
  8 8.954285 -1.569925 46.579530 -0.782463 -0.615470 0.094596 0.385827 0.619608
  9 8.288324 -0.592997 45.103717 -0.979376 -0.071698 0.188895 0.519685 0.501961
HEV_arm.bmp
  8 8.954285 -1.569925 46.579530 -0.782463 -0.615470 0.094596 0.385827 0.619608
  9 8.475088 -0.245140 45.946934 -0.991933 0.124604 0.023301 0.511811 0.588235
  9 8.288324 -0.592997 45.103717 -0.979376 -0.071698 0.188895 0.519685 0.501961
HEV_arm.bmp
  9 8.288324 -0.592997 45.103717 -0.979376 -0.071698 0.188895 0.519685 0.501961
  9 8.475088 -0.245140 45.946934 -0.991933 0.124604 0.023301 0.511811 0.588235
  9 8.909233 1.159002 44.625419 -0.825704 0.564103 0.000100 0.637795 0.509804
HEV_arm.bmp
  9 8.475088 -0.245140 45.946934 -0.991933 0.124604 0.023301 0.511811 0.588235
  9 8.993198 1.331675 45.791967 -0.685112 0.723613 -0.083702 0.637795 0.592157
  9 8.909233 1.159002 44.625419 -0.825704 0.564103 0.000100 0.637795 0.509804
HEV_arm.bmp
  9 8.909233 1.159002 44.625419 -0.825704 0.564103 0.000100 0.637795 0.509804
  9 8.993198 1.331675 45.791967 -0.685112 0.723613 -0.083702 0.637795 0.592157
  9 10.388243 1.804545 44.509218 -0.063100 0.997600 -0.028500 0.755906 0.513725
HEV_arm.bmp
  9 8.993198 1.331675 45.791967 -0.685112 0.723613 -0.083702 0.637795 0.592157
  9 10.232251 1.916235 45.863653 -0.095501 0.991811 -0.084801 0.755906 0.588235
  9 10.388243 1.804545 44.509218 -0.063100 0.997600 -0.028500 0.755906 0.513725
HEV_arm.bmp
  9 10.388243 1.804545 44.509218 -0.063100 0.997600 -0.028500 0.755906 0.513725
  9 10.232251 1.916235 45.863653 -0.095501 0.991811 -0.084801 0.755906 0.588235
  9 11.440683 1.377505 46.139987 0.647321 0.751324 0.128404 0.881890 0.588235
HEV_arm.bmp
  9 10.232251 1.916235 45.863653 -0.095501 0.991811 -0.084801 0.755906 0.588235
  8 10.163125 1.989949 46.953301 0.005200 0.991734 -0.128204 0.755906 0.670588
  9 11.440683 1.377505 46.139987 0.647321 0.751324 0.128404 0.881890 0.588235
HEV_arm.bmp
  9 11.440683 1.377505 46.139987 0.647321 0.751324 0.128404 0.881890 0.588235
  8 10.163125 1.989949 46.953301 0.005200 0.991734 -0.128204 0.755906 0.670588
  8 11.372040 1.419892 47.124651 0.772717 0.633514 -0.039601 0.881890 0.670588
HEV_arm.bmp
  8 10.163125 1.989949 46.953301 0.005200 0.991734 -0.128204 0.755906 0.670588
  8 10.071278 2.179633 47.868771 0.171408 0.969944 -0.172708 0.755906 0.725490
  8 11.372040 1.419892 47.124651 0.772717 0.633514 -0.039601 0.881890 0.670588
HEV_arm.bmp
  8 11.372040 1.419892 47.124651 0.772717 0.633514 -0.039601 0.881890 0.670588
  8 10.071278 2.179633 47.868771 0.171408 0.969944 -0.172708 0.755906 0.725490
  8 11.303088 1.559586 48.012250 0.772717 0.633514 -0.039601 0.881890 0.713725
HEV_arm.bmp
  19 -8.902180 -2.027342 45.699123 0.718523 -0.597419 0.356111 0.385827 0.505882
  19 -8.297591 -0.590624 45.114391 0.979376 -0.071698 0.188895 0.519685 0.501961
  18 -8.954562 -1.569964 46.579549 0.782462 -0.615471 0.094596 0.385827 0.619608
HEV_arm.bmp
  18 -8.954562 -1.569964 46.579549 0.782462 -0.615471 0.094596 0.385827 0.619608
  19 -8.297591 -0.590624 45.114391 0.979376 -0.071698 0.188895 0.519685 0.501961
  19 -8.485322 -0.245177 45.947951 0.991933 0.124604 0.023301 0.511811 0.588235
HEV_arm.bmp
  19 -8.297591 -0.590624 45.114391 0.979376 -0.071698 0.188895 0.519685 0.501961
  19 -8.909528 1.158964 44.625439 0.825705 0.564103 0.000100 0.637795 0.509804
  19 -8.485322 -0.245177 45.947951 0.991933 0.124604 0.023301 0.511811 0.588235
HEV_arm.bmp
  19 -8.485322 -0.245177 45.947951 0.991933 0.124604 0.023301 0.511811 0.588235
  19 -8.909528 1.158964 44.625439 0.825705 0.564103 0.000100 0.637795 0.509804
  19 -9.004410 1.329227 45.783329 0.685112 0.723613 -0.083702 0.637795 0.592157
HEV_arm.bmp
  19 -8.909528 1.158964 44.625439 0.825705 0.564103 0.000100 0.637795 0.509804
  19 -10.388542 1.804500 44.509243 0.063100 0.997600 -0.028500 0.755906 0.513725
  19 -9.004410 1.329227 45.783329 0.685112 0.723613 -0.083702 0.637795 0.592157
HEV_arm.bmp
  19 -9.004410 1.329227 45.783329 0.685112 0.723613 -0.083702 0.637795 0.592157
  19 -10.388542 1.804500 44.509243 0.063100 0.997600 -0.028500 0.755906 0.513725
  19 -10.241527 1.918599 45.874332 0.095501 0.991811 -0.084801 0.755906 0.588235
HEV_arm.bmp
  19 -10.388542 1.804500 44.509243 0.063100 0.997600 -0.028500 0.755906 0.513725
  19 -11.440006 1.379863 46.149671 -0.647321 0.751324 0.128404 0.881890 0.588235
  19 -10.241527 1.918599 45.874332 0.095501 0.991811 -0.084801 0.755906 0.588235
HEV_arm.bmp
  19 -10.241527 1.918599 45.874332 0.095501 0.991811 -0.084801 0.755906 0.588235
  19 -11.440006 1.379863 46.149671 -0.647321 0.751324 0.128404 0.881890 0.588235
  18 -10.163419 1.989904 46.953325 -0.005200 0.991734 -0.128204 0.755906 0.670588
HEV_arm.bmp
  19 -11.440006 1.379863 46.149671 -0.647321 0.751324 0.128404 0.881890 0.588235
  18 -11.372330 1.419841 47.124678 -0.760013 0.649612 -0.019600 0.881890 0.670588
  18 -10.163419 1.989904 46.953325 -0.005200 0.991734 -0.128204 0.755906 0.670588
HEV_arm.bmp
  18 -10.163419 1.989904 46.953325 -0.005200 0.991734 -0.128204 0.755906 0.670588
  18 -11.372330 1.419841 47.124678 -0.760013 0.649612 -0.019600 0.881890 0.670588
  18 -10.072569 2.189592 47.858848 -0.171408 0.969944 -0.172708 0.755906 0.725490
HEV_arm.bmp
  18 -11.372330 1.419841 47.124678 -0.760013 0.649612 -0.019600 0.881890 0.670588
  18 -11.304375 1.559538 48.002327 -0.760013 0.649612 -0.019600 0.881890 0.713725
  18 -10.072569 2.189592 47.858848 -0.171408 0.969944 -0.172708 0.755906 0.725490
HEV_arm.bmp
  19 -12.519000 -0.184965 46.513657 -0.308489 0.291489 0.905466 0.496063 0.486275
  19 -12.783960 -0.250016 46.276878 -0.892957 0.127594 0.431679 0.496063 0.458824
  19 -11.908906 -1.735137 46.683814 -0.100997 -0.225593 0.968972 0.763780 0.478431
HEV_arm.bmp
  19 -11.908906 -1.735137 46.683814 -0.100997 -0.225593 0.968972 0.763780 0.478431
  19 -12.783960 -0.250016 46.276878 -0.892957 0.127594 0.431679 0.496063 0.458824
  19 -12.088480 -1.991886 46.496643 -0.598299 -0.684398 0.416699 0.771654 0.450980
HEV_arm.bmp
  19 -12.783960 -0.250016 46.276878 -0.892957 0.127594 0.431679 0.496063 0.458824
  19 -12.655375 -2.426706 39.744743 -0.939614 -0.334005 0.074601 0.535433 0.090196
  19 -12.088480 -1.991886 46.496643 -0.598299 -0.684398 0.416699 0.771654 0.450980
HEV_arm.bmp
  19 -12.088480 -1.991886 46.496643 -0.598299 -0.684398 0.416699 0.771654 0.450980
  19 -12.655375 -2.426706 39.744743 -0.939614 -0.334005 0.074601 0.535433 0.090196
  19 -12.135067 -3.249944 40.322462 -0.643497 -0.748796 0.158799 0.740157 0.125490
HEV_arm.bmp
  19 -12.655375 -2.426706 39.744743 -0.939614 -0.334005 0.074601 0.535433 0.090196
  19 -12.161355 -3.678176 38.257340 -0.692183 -0.716782 -0.084298 0.645669 0.011765
  19 -12.135067 -3.249944 40.322462 -0.643497 -0.748796 0.158799 0.740157 0.125490
HEV_arm.bmp
  19 -12.135067 -3.249944 40.322462 -0.643497 -0.748796 0.158799 0.740157 0.125490
  19 -12.161355 -3.678176 38.257340 -0.692183 -0.716782 -0.084298 0.645669 0.011765
  19 -11.545721 -3.740959 39.484921 -0.444311 -0.876520 0.185204 0.803150 0.090196
HEV_arm.bmp
  19 -12.161355 -3.678176 38.257340 -0.692183 -0.716782 -0.084298 0.645669 0.011765
  19 -11.039783 -4.243533 38.316910 0.025101 -0.993931 -0.107103 0.811024 0.011765
  19 -11.545721 -3.740959 39.484921 -0.444311 -0.876520 0.185204 0.803150 0.090196
HEV_arm.bmp
  19 -11.545721 -3.740959 39.484921 -0.444311 -0.876520 0.185204 0.803150 0.090196
  19 -11.039783 -4.243533 38.316910 0.025101 -0.993931 -0.107103 0.811024 0.011765
  19 -10.947265 -4.075323 39.239053 -0.001000 -0.984869 0.173295 0.842520 0.082353
HEV_arm.bmp
  19 -11.039783 -4.243533 38.316910 0.025101 -0.993931 -0.107103 0.811024 0.011765
  19 -9.787136 -3.553591 38.982157 0.633971 -0.771765 0.049598 0.921260 0.086275
  19 -10.947265 -4.075323 39.239053 -0.001000 -0.984869 0.173295 0.842520 0.082353
HEV_arm.bmp
  19 -9.482386 -2.447954 37.712750 0.912793 0.013600 -0.408197 0.992126 0.011765
  19 -9.947854 -3.738805 38.081454 0.742975 -0.605379 -0.285490 0.921260 0.011765
  19 -9.681079 -2.459587 37.435287 0.794637 -0.237911 -0.558526 0.992126 0.000000
HEV_arm.bmp
  19 -9.681079 -2.459587 37.435287 0.794637 -0.237911 -0.558526 0.992126 0.000000
  19 -9.947854 -3.738805 38.081454 0.742975 -0.605379 -0.285490 0.921260 0.011765
  19 -10.099928 -3.624265 37.767840 0.465104 -0.735406 -0.492804 0.921260 0.000000
HEV_arm.bmp
  19 -9.947854 -3.738805 38.081454 0.742975 -0.605379 -0.285490 0.921260 0.011765
  19 -11.039783 -4.243533 38.316910 0.025101 -0.993931 -0.107103 0.811024 0.011765
  19 -10.099928 -3.624265 37.767840 0.465104 -0.735406 -0.492804 0.921260 0.000000
HEV_arm.bmp
  19 -10.099928 -3.624265 37.767840 0.465104 -0.735406 -0.492804 0.921260 0.000000
  19 -11.039783 -4.243533 38.316910 0.025101 -0.993931 -0.107103 0.811024 0.011765
  19 -11.083611 -4.080461 37.980329 -0.186898 -0.888592 -0.418896 0.811024 0.000000
HEV_arm.bmp
  19 -11.039783 -4.243533 38.316910 0.025101 -0.993931 -0.107103 0.811024 0.011765
  19 -12.161355 -3.678176 38.257340 -0.692183 -0.716782 -0.084298 0.645669 0.011765
  19 -11.083611 -4.080461 37.980329 -0.186898 -0.888592 -0.418896 0.811024 0.000000
HEV_arm.bmp
  19 -11.083611 -4.080461 37.980329 -0.186898 -0.888592 -0.418896 0.811024 0.000000
  19 -12.161355 -3.678176 38.257340 -0.692183 -0.716782 -0.084298 0.645669 0.011765
  19 -12.092590 -3.558810 37.941076 -0.756395 -0.553296 -0.348898 0.645669 0.000000
HEV_arm.bmp
  19 -12.161355 -3.678176 38.257340 -0.692183 -0.716782 -0.084298 0.645669 0.011765
  19 -12.622933 -2.360653 37.964634 -0.980064 -0.041998 -0.194193 0.488189 0.015686
  19 -12.092590 -3.558810 37.941076 -0.756395 -0.553296 -0.348898 0.645669 0.000000
HEV_arm.bmp
  19 -12.092590 -3.558810 37.941076 -0.756395 -0.553296 -0.348898 0.645669 0.000000
  19 -12.622933 -2.360653 37.964634 -0.980064 -0.041998 -0.194193 0.488189 0.015686
  19 -12.512206 -2.369865 37.665879 -0.940301 -0.074900 -0.332000 0.488189 0.003922
HEV_arm.bmp
  19 -12.622933 -2.360653 37.964634 -0.980064 -0.041998 -0.194193 0.488189 0.015686
  19 -12.092635 -1.234304 37.340517 -0.725812 0.527009 -0.442107 0.330709 0.000000
  19 -12.512206 -2.369865 37.665879 -0.940301 -0.074900 -0.332000 0.488189 0.003922
HEV_arm.bmp
  9 9.775930 -3.551141 38.990795 -0.633971 -0.771764 0.049598 0.921260 0.086275
  9 11.029548 -4.243487 38.315888 -0.025101 -0.993931 -0.107103 0.811024 0.011765
  9 10.937031 -4.075277 39.238031 0.001000 -0.984869 0.173295 0.842520 0.082353
HEV_arm.bmp
  9 10.937031 -4.075277 39.238031 0.001000 -0.984869 0.173295 0.842520 0.082353
  9 11.029548 -4.243487 38.315888 -0.025101 -0.993931 -0.107103 0.811024 0.011765
  9 11.535486 -3.740909 39.483897 0.444310 -0.876520 0.185204 0.803150 0.090196
HEV_arm.bmp
  9 11.029548 -4.243487 38.315888 -0.025101 -0.993931 -0.107103 0.811024 0.011765
  9 12.151117 -3.678124 38.256314 0.692183 -0.716782 -0.084298 0.645669 0.011765
  9 11.535486 -3.740909 39.483897 0.444310 -0.876520 0.185204 0.803150 0.090196
HEV_arm.bmp
  9 11.535486 -3.740909 39.483897 0.444310 -0.876520 0.185204 0.803150 0.090196
  9 12.151117 -3.678124 38.256314 0.692183 -0.716782 -0.084298 0.645669 0.011765
  9 12.124833 -3.249891 40.321436 0.643496 -0.748796 0.158799 0.740157 0.125490
HEV_arm.bmp
  9 12.151117 -3.678124 38.256314 0.692183 -0.716782 -0.084298 0.645669 0.011765
  9 12.645134 -2.426651 39.743716 0.939614 -0.334005 0.074601 0.535433 0.090196
  9 12.124833 -3.249891 40.321436 0.643496 -0.748796 0.158799 0.740157 0.125490
HEV_arm.bmp
  9 12.124833 -3.249891 40.321436 0.643496 -0.748796 0.158799 0.740157 0.125490
  9 12.645134 -2.426651 39.743716 0.939614 -0.334005 0.074601 0.535433 0.090196
  9 12.078255 -1.991832 46.495617 0.598298 -0.684398 0.416699 0.771654 0.450980
HEV_arm.bmp
  9 12.645134 -2.426651 39.743716 0.939614 -0.334005 0.074601 0.535433 0.090196
  9 12.783676 -0.249959 46.276848 0.892957 0.127594 0.431679 0.496063 0.458824
  9 12.078255 -1.991832 46.495617 0.598298 -0.684398 0.416699 0.771654 0.450980
HEV_arm.bmp
  9 12.078255 -1.991832 46.495617 0.598298 -0.684398 0.416699 0.771654 0.450980
  9 12.783676 -0.249959 46.276848 0.892957 0.127594 0.431679 0.496063 0.458824
  9 11.898440 -1.744789 46.685186 0.100997 -0.225593 0.968972 0.763780 0.478431
HEV_arm.bmp
  9 12.783676 -0.249959 46.276848 0.892957 0.127594 0.431679 0.496063 0.458824
  9 12.519685 -0.187318 46.503970 0.308489 0.291489 0.905466 0.496063 0.486275
  9 11.898440 -1.744789 46.685186 0.100997 -0.225593 0.968972 0.763780 0.478431
HEV_arm.bmp
  9 12.082382 -1.234253 37.339490 0.725812 0.527008 -0.442107 0.330709 0.000000
  9 12.621668 -2.358190 37.974262 0.980064 -0.041999 -0.194193 0.488189 0.015686
  9 12.501959 -2.369812 37.664852 0.940301 -0.074900 -0.332000 0.488189 0.003922
HEV_arm.bmp
  9 12.501959 -2.369812 37.664852 0.940301 -0.074900 -0.332000 0.488189 0.003922
  9 12.621668 -2.358190 37.974262 0.980064 -0.041999 -0.194193 0.488189 0.015686
  9 12.082351 -3.558758 37.940051 0.756395 -0.553297 -0.348898 0.645669 0.000000
HEV_arm.bmp
  9 12.621668 -2.358190 37.974262 0.980064 -0.041999 -0.194193 0.488189 0.015686
  9 12.151117 -3.678124 38.256314 0.692183 -0.716782 -0.084298 0.645669 0.011765
  9 12.082351 -3.558758 37.940051 0.756395 -0.553297 -0.348898 0.645669 0.000000
HEV_arm.bmp
  9 12.082351 -3.558758 37.940051 0.756395 -0.553297 -0.348898 0.645669 0.000000
  9 12.151117 -3.678124 38.256314 0.692183 -0.716782 -0.084298 0.645669 0.011765
  9 11.073374 -4.080415 37.979307 0.186898 -0.888592 -0.418896 0.811024 0.000000
HEV_arm.bmp
  9 12.151117 -3.678124 38.256314 0.692183 -0.716782 -0.084298 0.645669 0.011765
  9 11.029548 -4.243487 38.315888 -0.025101 -0.993931 -0.107103 0.811024 0.011765
  9 11.073374 -4.080415 37.979307 0.186898 -0.888592 -0.418896 0.811024 0.000000
HEV_arm.bmp
  9 11.073374 -4.080415 37.979307 0.186898 -0.888592 -0.418896 0.811024 0.000000
  9 11.029548 -4.243487 38.315888 -0.025101 -0.993931 -0.107103 0.811024 0.011765
  9 10.088719 -3.621814 37.776477 -0.465104 -0.735406 -0.492804 0.921260 0.000000
HEV_arm.bmp
  9 11.029548 -4.243487 38.315888 -0.025101 -0.993931 -0.107103 0.811024 0.011765
  9 9.936646 -3.736355 38.090092 -0.742975 -0.605379 -0.285490 0.921260 0.011765
  9 10.088719 -3.621814 37.776477 -0.465104 -0.735406 -0.492804 0.921260 0.000000
HEV_arm.bmp
  9 10.088719 -3.621814 37.776477 -0.465104 -0.735406 -0.492804 0.921260 0.000000
  9 9.936646 -3.736355 38.090092 -0.742975 -0.605379 -0.285490 0.921260 0.011765
  9 9.670833 -2.459548 37.434267 -0.794637 -0.237911 -0.558526 0.992126 0.000000
HEV_arm.bmp
  9 9.936646 -3.736355 38.090092 -0.742975 -0.605379 -0.285490 0.921260 0.011765
  9 9.472140 -2.447915 37.711731 -0.912793 0.013600 -0.408197 0.992126 0.011765
  9 9.670833 -2.459548 37.434267 -0.794637 -0.237911 -0.558526 0.992126 0.000000
HEV_arm.bmp
  18 -8.746140 -1.790438 47.955540 0.727593 -0.553995 -0.404596 0.110236 0.772549
  18 -8.566771 -1.780709 48.741564 0.635908 -0.757810 -0.146102 0.110236 0.803922
  18 -10.046598 -2.450497 48.115947 0.074198 -0.964776 -0.252394 0.000000 0.772549
HEV_arm.bmp
  18 -8.746140 -1.790438 47.955540 0.727593 -0.553995 -0.404596 0.110236 0.772549
  18 -8.235360 -1.050777 48.939717 0.931380 -0.312293 -0.187096 0.173228 0.807843
  18 -8.566771 -1.780709 48.741564 0.635908 -0.757810 -0.146102 0.110236 0.803922
HEV_arm.bmp
  18 -8.746140 -1.790438 47.955540 0.727593 -0.553995 -0.404596 0.110236 0.772549
  18 -7.903950 -0.090844 49.137951 0.956666 -0.225692 -0.183993 0.259843 0.815686
  18 -8.235360 -1.050777 48.939717 0.931380 -0.312293 -0.187096 0.173228 0.807843
HEV_arm.bmp
  18 -8.746140 -1.790438 47.955540 0.727593 -0.553995 -0.404596 0.110236 0.772549
  18 -8.199890 -0.400414 47.891161 0.834483 -0.347693 -0.427491 0.236220 0.772549
  18 -7.903950 -0.090844 49.137951 0.956666 -0.225692 -0.183993 0.259843 0.815686
HEV_arm.bmp
  18 -8.746140 -1.790438 47.955540 0.727593 -0.553995 -0.404596 0.110236 0.772549
  18 -8.354200 -0.200333 47.655457 0.774578 -0.022400 -0.632082 0.244094 0.752941
  18 -8.199890 -0.400414 47.891161 0.834483 -0.347693 -0.427491 0.236220 0.772549
HEV_arm.bmp
  18 -8.746140 -1.790438 47.955540 0.727593 -0.553995 -0.404596 0.110236 0.772549
  18 -8.871598 -1.690353 47.706857 0.597413 -0.579513 -0.554312 0.110236 0.752941
  18 -8.354200 -0.200333 47.655457 0.774578 -0.022400 -0.632082 0.244094 0.752941
HEV_arm.bmp
  18 -8.746140 -1.790438 47.955540 0.727593 -0.553995 -0.404596 0.110236 0.772549
  18 -10.071558 -2.290412 47.867251 -0.059303 -0.859946 -0.506927 0.000000 0.752941
  18 -8.871598 -1.690353 47.706857 0.597413 -0.579513 -0.554312 0.110236 0.752941
HEV_arm.bmp
  18 -8.746140 -1.790438 47.955540 0.727593 -0.553995 -0.404596 0.110236 0.772549
  18 -10.046598 -2.450497 48.115947 0.074198 -0.964776 -0.252394 0.000000 0.772549
  18 -10.071558 -2.290412 47.867251 -0.059303 -0.859946 -0.506927 0.000000 0.752941
HEV_arm.bmp
  18 -7.542150 2.277496 53.946668 0.823508 0.566805 -0.023800 0.401575 0.980392
  18 -7.605743 2.117404 54.214299 0.696289 0.491592 0.522991 0.401575 0.996078
  18 -6.900384 0.367538 53.831365 0.954625 0.296307 0.029901 0.251969 0.980392
HEV_arm.bmp
  18 -7.542150 2.277496 53.946668 0.823508 0.566805 -0.023800 0.401575 0.980392
  18 -9.099284 3.107386 54.253946 0.064398 0.941470 0.330889 0.511811 0.980392
  18 -7.605743 2.117404 54.214299 0.696289 0.491592 0.522991 0.401575 0.996078
HEV_arm.bmp
  18 -7.542150 2.277496 53.946668 0.823508 0.566805 -0.023800 0.401575 0.980392
  18 -8.563414 2.607861 52.883428 0.429811 0.889723 -0.153804 0.456693 0.949020
  18 -9.099284 3.107386 54.253946 0.064398 0.941470 0.330889 0.511811 0.980392
HEV_arm.bmp
  18 -7.542150 2.277496 53.946668 0.823508 0.566805 -0.023800 0.401575 0.980392
  18 -7.906944 2.148128 52.113886 0.860999 0.464799 -0.206500 0.401575 0.917647
  18 -8.563414 2.607861 52.883428 0.429811 0.889723 -0.153804 0.456693 0.949020
HEV_arm.bmp
  18 -7.542150 2.277496 53.946668 0.823508 0.566805 -0.023800 0.401575 0.980392
  18 -7.615163 1.777886 52.818148 0.915388 0.326795 -0.235097 0.385827 0.945098
  18 -7.906944 2.148128 52.113886 0.860999 0.464799 -0.206500 0.401575 0.917647
HEV_arm.bmp
  18 -7.542150 2.277496 53.946668 0.823508 0.566805 -0.023800 0.401575 0.980392
  18 -7.449837 1.607733 53.263811 0.915388 0.326795 -0.235097 0.370079 0.960784
  18 -7.615163 1.777886 52.818148 0.915388 0.326795 -0.235097 0.385827 0.945098
HEV_arm.bmp
  18 -7.542150 2.277496 53.946668 0.823508 0.566805 -0.023800 0.401575 0.980392
  18 -7.242815 1.167678 53.423790 0.914821 0.347308 -0.206105 0.338583 0.968627
  18 -7.449837 1.607733 53.263811 0.915388 0.326795 -0.235097 0.370079 0.960784
HEV_arm.bmp
  18 -7.542150 2.277496 53.946668 0.823508 0.566805 -0.023800 0.401575 0.980392
  18 -6.900384 0.367538 53.831365 0.954625 0.296307 0.029901 0.251969 0.980392
  18 -7.242815 1.167678 53.423790 0.914821 0.347308 -0.206105 0.338583 0.968627
HEV_arm.bmp
  18 -10.614615 2.287270 54.576560 -0.795514 0.548310 0.257904 0.629921 0.980392
  18 -10.423500 2.117201 54.778430 -0.405002 0.472102 0.783003 0.629921 0.996078
  18 -9.099284 3.107386 54.253946 0.064398 0.941470 0.330889 0.511811 0.980392
HEV_arm.bmp
  18 -10.614615 2.287270 54.576560 -0.795514 0.548310 0.257904 0.629921 0.980392
  18 -11.266321 0.367228 54.691538 -0.873541 0.340616 0.347716 0.755906 0.980392
  18 -10.423500 2.117201 54.778430 -0.405002 0.472102 0.783003 0.629921 0.996078
HEV_arm.bmp
  18 -10.614615 2.287270 54.576560 -0.795514 0.548310 0.257904 0.629921 0.980392
  18 -11.025726 1.167439 54.084761 -0.949856 0.305986 0.064397 0.692913 0.968627
  18 -11.266321 0.367228 54.691538 -0.873541 0.340616 0.347716 0.755906 0.980392
HEV_arm.bmp
  18 -10.614615 2.287270 54.576560 -0.795514 0.548310 0.257904 0.629921 0.980392
  18 -10.885496 1.607510 53.879889 -0.949856 0.305986 0.064397 0.661417 0.960784
  18 -11.025726 1.167439 54.084761 -0.949856 0.305986 0.064397 0.692913 0.968627
HEV_arm.bmp
  18 -10.614615 2.287270 54.576560 -0.795514 0.548310 0.257904 0.629921 0.980392
  18 -10.874715 1.787680 53.386409 -0.959728 0.249507 0.129104 0.645669 0.941176
  18 -10.885496 1.607510 53.879889 -0.949856 0.305986 0.064397 0.661417 0.960784
HEV_arm.bmp
  18 -10.614615 2.287270 54.576560 -0.795514 0.548310 0.257904 0.629921 0.980392
  18 -10.925733 2.127960 52.577579 -0.905452 0.405379 0.125793 0.629921 0.917647
  18 -10.874715 1.787680 53.386409 -0.959728 0.249507 0.129104 0.645669 0.941176
HEV_arm.bmp
  18 -10.614615 2.287270 54.576560 -0.795514 0.548310 0.257904 0.629921 0.980392
  18 -10.071793 2.577756 53.175466 -0.468801 0.883303 0.001300 0.582677 0.949020
  18 -10.925733 2.127960 52.577579 -0.905452 0.405379 0.125793 0.629921 0.917647
HEV_arm.bmp
  18 -10.614615 2.287270 54.576560 -0.795514 0.548310 0.257904 0.629921 0.980392
  18 -9.099284 3.107386 54.253946 0.064398 0.941470 0.330889 0.511811 0.980392
  18 -10.071793 2.577756 53.175466 -0.468801 0.883303 0.001300 0.582677 0.949020
HEV_arm.bmp
  18 -7.541140 -1.772507 53.955219 0.817580 -0.575786 0.005800 0.110236 0.980392
  18 -8.987820 -2.582616 54.260899 0.505111 -0.773016 0.383808 0.000000 0.980392
  18 -9.778577 -2.480866 49.184517 0.472614 -0.876527 -0.091303 0.000000 0.811765
HEV_arm.bmp
  18 -7.541140 -1.772507 53.955219 0.817580 -0.575786 0.005800 0.110236 0.980392
  18 -7.605732 -1.612596 54.213011 0.691820 -0.478214 0.541015 0.110236 0.996078
  18 -8.987820 -2.582616 54.260899 0.505111 -0.773016 0.383808 0.000000 0.980392
HEV_arm.bmp
  18 -7.541140 -1.772507 53.955219 0.817580 -0.575786 0.005800 0.110236 0.980392
  18 -6.900383 -0.012462 53.831234 0.916919 -0.306306 0.255805 0.236220 0.980392
  18 -7.605732 -1.612596 54.213011 0.691820 -0.478214 0.541015 0.110236 0.996078
HEV_arm.bmp
  18 -7.541140 -1.772507 53.955219 0.817580 -0.575786 0.005800 0.110236 0.980392
  18 -7.413697 -0.131561 51.219392 0.914471 -0.363889 -0.176994 0.212598 0.898039
  18 -6.900383 -0.012462 53.831234 0.916919 -0.306306 0.255805 0.236220 0.980392
HEV_arm.bmp
  18 -7.541140 -1.772507 53.955219 0.817580 -0.575786 0.005800 0.110236 0.980392
  18 -7.884778 -0.621117 49.929811 0.931380 -0.312293 -0.187096 0.196850 0.839216
  18 -7.413697 -0.131561 51.219392 0.914471 -0.363889 -0.176994 0.212598 0.898039
HEV_arm.bmp
  18 -7.541140 -1.772507 53.955219 0.817580 -0.575786 0.005800 0.110236 0.980392
  18 -8.185509 -1.250879 49.236153 0.914471 -0.363889 -0.176994 0.157480 0.815686
  18 -7.884778 -0.621117 49.929811 0.931380 -0.312293 -0.187096 0.196850 0.839216
HEV_arm.bmp
  18 -7.541140 -1.772507 53.955219 0.817580 -0.575786 0.005800 0.110236 0.980392
  18 -8.516921 -1.790811 49.038064 0.699809 -0.701109 -0.136802 0.110236 0.811765
  18 -8.185509 -1.250879 49.236153 0.914471 -0.363889 -0.176994 0.157480 0.815686
HEV_arm.bmp
  18 -7.541140 -1.772507 53.955219 0.817580 -0.575786 0.005800 0.110236 0.980392
  18 -9.778577 -2.480866 49.184517 0.472614 -0.876527 -0.091303 0.000000 0.811765
  18 -8.516921 -1.790811 49.038064 0.699809 -0.701109 -0.136802 0.110236 0.811765
HEV_arm.bmp
  8 8.735918 -1.800400 47.954520 -0.727594 -0.553994 -0.404596 0.110236 0.772549
  8 10.046330 -2.460453 48.115921 -0.074198 -0.964776 -0.252394 0.000000 0.772549
  8 8.556551 -1.800671 48.740540 -0.635908 -0.757809 -0.146102 0.110236 0.803922
HEV_arm.bmp
  8 8.735918 -1.800400 47.954520 -0.727594 -0.553994 -0.404596 0.110236 0.772549
  8 10.071288 -2.310367 47.867222 0.059303 -0.859947 -0.506927 0.000000 0.752941
  8 10.046330 -2.460453 48.115921 -0.074198 -0.964776 -0.252394 0.000000 0.772549
HEV_arm.bmp
  8 8.735918 -1.800400 47.954520 -0.727594 -0.553994 -0.404596 0.110236 0.772549
  8 8.860376 -1.690317 47.715790 -0.597414 -0.579513 -0.554312 0.110236 0.752941
  8 10.071288 -2.310367 47.867222 0.059303 -0.859947 -0.506927 0.000000 0.752941
HEV_arm.bmp
  8 8.735918 -1.800400 47.954520 -0.727594 -0.553994 -0.404596 0.110236 0.772549
  8 8.343969 -0.210297 47.654437 -0.774578 -0.022399 -0.632082 0.244094 0.752941
  8 8.860376 -1.690317 47.715790 -0.597414 -0.579513 -0.554312 0.110236 0.752941
HEV_arm.bmp
  8 8.735918 -1.800400 47.954520 -0.727594 -0.553994 -0.404596 0.110236 0.772549
  8 8.189661 -0.410378 47.890141 -0.834483 -0.347693 -0.427491 0.236220 0.772549
  8 8.343969 -0.210297 47.654437 -0.774578 -0.022399 -0.632082 0.244094 0.752941
HEV_arm.bmp
  8 8.735918 -1.800400 47.954520 -0.727594 -0.553994 -0.404596 0.110236 0.772549
  8 7.893722 -0.100809 49.136932 -0.956666 -0.225692 -0.183993 0.259843 0.815686
  8 8.189661 -0.410378 47.890141 -0.834483 -0.347693 -0.427491 0.236220 0.772549
HEV_arm.bmp
  8 8.735918 -1.800400 47.954520 -0.727594 -0.553994 -0.404596 0.110236 0.772549
  8 8.225137 -1.050740 48.938701 -0.931380 -0.312293 -0.187096 0.173228 0.807843
  8 7.893722 -0.100809 49.136932 -0.956666 -0.225692 -0.183993 0.259843 0.815686
HEV_arm.bmp
  8 8.735918 -1.800400 47.954520 -0.727594 -0.553994 -0.404596 0.110236 0.772549
  8 8.556551 -1.800671 48.740540 -0.635908 -0.757809 -0.146102 0.110236 0.803922
  8 8.225137 -1.050740 48.938701 -0.931380 -0.312293 -0.187096 0.173228 0.807843
HEV_arm.bmp
  8 7.530926 2.267528 53.955599 -0.823508 0.566805 -0.023800 0.401575 0.980392
  8 6.891165 0.357573 53.820399 -0.954624 0.296308 0.029901 0.251969 0.980392
  8 7.595518 2.107439 54.213280 -0.696288 0.491592 0.522991 0.401575 0.996078
HEV_arm.bmp
  8 7.530926 2.267528 53.955599 -0.823508 0.566805 -0.023800 0.401575 0.980392
  8 7.242543 1.157711 53.423771 -0.914821 0.347308 -0.206105 0.338583 0.968627
  8 6.891165 0.357573 53.820399 -0.954624 0.296308 0.029901 0.251969 0.980392
HEV_arm.bmp
  8 7.530926 2.267528 53.955599 -0.823508 0.566805 -0.023800 0.401575 0.980392
  8 7.449563 1.597766 53.263791 -0.915388 0.326795 -0.235097 0.370079 0.960784
  8 7.242543 1.157711 53.423771 -0.914821 0.347308 -0.206105 0.338583 0.968627
HEV_arm.bmp
  8 7.530926 2.267528 53.955599 -0.823508 0.566805 -0.023800 0.401575 0.980392
  8 7.614886 1.777920 52.818131 -0.915388 0.326795 -0.235097 0.385827 0.945098
  8 7.449563 1.597766 53.263791 -0.915388 0.326795 -0.235097 0.370079 0.960784
HEV_arm.bmp
  8 7.530926 2.267528 53.955599 -0.823508 0.566805 -0.023800 0.401575 0.980392
  8 7.906664 2.148164 52.113869 -0.860999 0.464799 -0.206500 0.401575 0.917647
  8 7.614886 1.777920 52.818131 -0.915388 0.326795 -0.235097 0.385827 0.945098
HEV_arm.bmp
  8 7.530926 2.267528 53.955599 -0.823508 0.566805 -0.023800 0.401575 0.980392
  8 8.563133 2.597900 52.883405 -0.429811 0.889723 -0.153804 0.456693 0.949020
  8 7.906664 2.148164 52.113869 -0.860999 0.464799 -0.206500 0.401575 0.917647
HEV_arm.bmp
  8 7.530926 2.267528 53.955599 -0.823508 0.566805 -0.023800 0.401575 0.980392
  8 9.098006 3.087425 54.263867 -0.064398 0.941470 0.330889 0.511811 0.980392
  8 8.563133 2.597900 52.883405 -0.429811 0.889723 -0.153804 0.456693 0.949020
HEV_arm.bmp
  8 7.530926 2.267528 53.955599 -0.823508 0.566805 -0.023800 0.401575 0.980392
  8 7.595518 2.107439 54.213280 -0.696288 0.491592 0.522991 0.401575 0.996078
  8 9.098006 3.087425 54.263867 -0.064398 0.941470 0.330889 0.511811 0.980392
HEV_arm.bmp
  8 10.614341 2.267320 54.576528 0.795514 0.548309 0.257904 0.629921 0.980392
  8 9.098006 3.087425 54.263867 -0.064398 0.941470 0.330889 0.511811 0.980392
  8 10.422229 2.107246 54.788352 0.405002 0.472102 0.783003 0.629921 0.996078
HEV_arm.bmp
  8 10.614341 2.267320 54.576528 0.795514 0.548309 0.257904 0.629921 0.980392
  8 10.071513 2.557802 53.175436 0.468802 0.883302 0.001300 0.582677 0.949020
  8 9.098006 3.087425 54.263867 -0.064398 0.941470 0.330889 0.511811 0.980392
HEV_arm.bmp
  8 10.614341 2.267320 54.576528 0.795514 0.548309 0.257904 0.629921 0.980392
  8 10.926452 2.118014 52.567599 0.905453 0.405378 0.125793 0.629921 0.917647
  8 10.071513 2.557802 53.175436 0.468802 0.883302 0.001300 0.582677 0.949020
HEV_arm.bmp
  8 10.614341 2.267320 54.576528 0.795514 0.548309 0.257904 0.629921 0.980392
  8 10.873442 1.777728 53.396330 0.959728 0.249507 0.129104 0.645669 0.941176
  8 10.926452 2.118014 52.567599 0.905453 0.405378 0.125793 0.629921 0.917647
HEV_arm.bmp
  8 10.614341 2.267320 54.576528 0.795514 0.548309 0.257904 0.629921 0.980392
  8 10.876271 1.597565 53.868912 0.949856 0.305985 0.064397 0.661417 0.960784
  8 10.873442 1.777728 53.396330 0.959728 0.249507 0.129104 0.645669 0.941176
HEV_arm.bmp
  8 10.614341 2.267320 54.576528 0.795514 0.548309 0.257904 0.629921 0.980392
  8 11.026454 1.157494 54.074782 0.949856 0.305985 0.064397 0.692913 0.968627
  8 10.876271 1.597565 53.868912 0.949856 0.305985 0.064397 0.661417 0.960784
HEV_arm.bmp
  8 10.614341 2.267320 54.576528 0.795514 0.548309 0.257904 0.629921 0.980392
  8 11.266056 0.357281 54.691508 0.873541 0.340616 0.347716 0.755906 0.980392
  8 11.026454 1.157494 54.074782 0.949856 0.305985 0.064397 0.692913 0.968627
HEV_arm.bmp
  8 10.614341 2.267320 54.576528 0.795514 0.548309 0.257904 0.629921 0.980392
  8 10.422229 2.107246 54.788352 0.405002 0.472102 0.783003 0.629921 0.996078
  8 11.266056 0.357281 54.691508 0.873541 0.340616 0.347716 0.755906 0.980392
HEV_arm.bmp
  8 7.530934 -1.782472 53.954202 -0.817580 -0.575786 0.005800 0.110236 0.980392
  8 9.768361 -2.490822 49.183494 -0.472615 -0.876527 -0.091303 0.000000 0.811765
  8 8.977618 -2.602575 54.259874 -0.505111 -0.773016 0.383808 0.000000 0.980392
HEV_arm.bmp
  8 7.530934 -1.782472 53.954202 -0.817580 -0.575786 0.005800 0.110236 0.980392
  8 8.506701 -1.790774 49.037047 -0.699809 -0.701108 -0.136802 0.110236 0.811765
  8 9.768361 -2.490822 49.183494 -0.472615 -0.876527 -0.091303 0.000000 0.811765
HEV_arm.bmp
  8 7.530934 -1.782472 53.954202 -0.817580 -0.575786 0.005800 0.110236 0.980392
  8 8.175287 -1.250842 49.235137 -0.914472 -0.363888 -0.176994 0.157480 0.815686
  8 8.506701 -1.790774 49.037047 -0.699809 -0.701108 -0.136802 0.110236 0.811765
HEV_arm.bmp
  8 7.530934 -1.782472 53.954202 -0.817580 -0.575786 0.005800 0.110236 0.980392
  8 7.884505 -0.621083 49.929794 -0.931380 -0.312293 -0.187096 0.196850 0.839216
  8 8.175287 -1.250842 49.235137 -0.914472 -0.363888 -0.176994 0.157480 0.815686
HEV_arm.bmp
  8 7.530934 -1.782472 53.954202 -0.817580 -0.575786 0.005800 0.110236 0.980392
  8 7.403476 -0.131528 51.218377 -0.914472 -0.363888 -0.176994 0.212598 0.898039
  8 7.884505 -0.621083 49.929794 -0.931380 -0.312293 -0.187096 0.196850 0.839216
HEV_arm.bmp
  8 7.530934 -1.782472 53.954202 -0.817580 -0.575786 0.005800 0.110236 0.980392
  8 6.890168 -0.022430 53.830218 -0.916919 -0.306306 0.255805 0.236220 0.980392
  8 7.403476 -0.131528 51.218377 -0.914472 -0.363888 -0.176994 0.212598 0.898039
HEV_arm.bmp
  8 7.530934 -1.782472 53.954202 -0.817580 -0.575786 0.005800 0.110236 0.980392
  8 7.594527 -1.622564 54.221944 -0.691820 -0.478213 0.541015 0.110236 0.996078
  8 6.890168 -0.022430 53.830218 -0.916919 -0.306306 0.255805 0.236220 0.980392
HEV_arm.bmp
  8 7.530934 -1.782472 53.954202 -0.817580 -0.575786 0.005800 0.110236 0.980392
  8 8.977618 -2.602575 54.259874 -0.505111 -0.773016 0.383808 0.000000 0.980392
  8 7.594527 -1.622564 54.221944 -0.691820 -0.478213 0.541015 0.110236 0.996078
HEV_arm.bmp
  8 8.343969 -0.210297 47.654437 -0.986513 -0.140602 -0.083801 0.511811 0.741176
  8 8.954285 -1.569925 46.579530 -0.782463 -0.615470 0.094596 0.385827 0.619608
  8 8.860376 -1.690317 47.715790 -0.738815 -0.660713 -0.132703 0.385827 0.733333
HEV_arm.bmp
  8 8.860376 -1.690317 47.715790 -0.738815 -0.660713 -0.132703 0.385827 0.733333
  8 8.954285 -1.569925 46.579530 -0.782463 -0.615470 0.094596 0.385827 0.619608
  8 10.071288 -2.310367 47.867222 -0.129404 -0.979227 -0.156104 0.244094 0.725490
HEV_arm.bmp
  8 8.954285 -1.569925 46.579530 -0.782463 -0.615470 0.094596 0.385827 0.619608
  8 10.178108 -2.129999 46.802630 0.142796 -0.977871 0.152896 0.244094 0.619608
  8 10.071288 -2.310367 47.867222 -0.129404 -0.979227 -0.156104 0.244094 0.725490
HEV_arm.bmp
  8 10.071288 -2.310367 47.867222 -0.129404 -0.979227 -0.156104 0.244094 0.725490
  8 10.178108 -2.129999 46.802630 0.142796 -0.977871 0.152896 0.244094 0.619608
  8 11.293145 -1.700414 48.010127 0.754544 -0.654138 -0.052603 0.110236 0.713725
HEV_arm.bmp
  8 10.178108 -2.129999 46.802630 0.142796 -0.977871 0.152896 0.244094 0.619608
  8 11.364059 -1.540135 47.203230 0.714399 -0.673899 0.188400 0.110236 0.619608
  8 11.293145 -1.700414 48.010127 0.754544 -0.654138 -0.052603 0.110236 0.713725
HEV_arm.bmp
  8 11.293145 -1.700414 48.010127 0.754544 -0.654138 -0.052603 0.110236 0.713725
  8 11.364059 -1.540135 47.203230 0.714399 -0.673899 0.188400 0.110236 0.619608
  8 11.864553 -0.150141 47.223776 0.991630 -0.034901 0.124304 0.000000 0.619608
HEV_arm.bmp
  8 11.364059 -1.540135 47.203230 0.714399 -0.673899 0.188400 0.110236 0.619608
  9 11.654275 -1.642838 46.614547 0.687579 -0.605081 0.401388 0.110236 0.525490
  8 11.864553 -0.150141 47.223776 0.991630 -0.034901 0.124304 0.000000 0.619608
HEV_arm.bmp
  8 11.864553 -0.150141 47.223776 0.991630 -0.034901 0.124304 0.000000 0.619608
  9 11.654275 -1.642838 46.614547 0.687579 -0.605081 0.401388 0.110236 0.525490
  9 11.941855 -0.175185 46.453328 0.943278 0.176196 0.281393 0.000000 0.545098
HEV_arm.bmp
  8 11.903988 -0.010524 48.333304 0.921091 0.277897 -0.272697 0.748031 0.772549
  8 11.367680 1.659497 48.270021 0.755569 0.621474 -0.207091 0.629921 0.772549
  8 11.846983 0.149176 49.202008 0.949856 0.305985 0.064397 0.732283 0.807843
HEV_arm.bmp
  8 11.846983 0.149176 49.202008 0.949856 0.305985 0.064397 0.732283 0.807843
  8 11.367680 1.659497 48.270021 0.755569 0.621474 -0.207091 0.629921 0.772549
  8 11.276832 1.759185 49.175509 0.658908 0.751808 -0.025000 0.629921 0.807843
HEV_arm.bmp
  8 11.367680 1.659497 48.270021 0.755569 0.621474 -0.207091 0.629921 0.772549
  8 10.046320 2.319547 48.117570 0.130598 0.954583 -0.267796 0.511811 0.772549
  8 11.276832 1.759185 49.175509 0.658908 0.751808 -0.025000 0.629921 0.807843
HEV_arm.bmp
  8 11.276832 1.759185 49.175509 0.658908 0.751808 -0.025000 0.629921 0.807843
  8 10.046320 2.319547 48.117570 0.130598 0.954583 -0.267796 0.511811 0.772549
  8 9.924623 2.459232 49.030028 -0.141893 0.976354 -0.163092 0.511811 0.807843
HEV_arm.bmp
  8 10.046320 2.319547 48.117570 0.130598 0.954583 -0.267796 0.511811 0.772549
  8 8.735911 1.659600 47.955713 -0.617896 0.652495 -0.438697 0.401575 0.772549
  8 9.924623 2.459232 49.030028 -0.141893 0.976354 -0.163092 0.511811 0.807843
HEV_arm.bmp
  8 9.924623 2.459232 49.030028 -0.141893 0.976354 -0.163092 0.511811 0.807843
  8 8.735911 1.659600 47.955713 -0.617896 0.652495 -0.438697 0.401575 0.772549
  8 8.566461 1.769294 48.843268 -0.800495 0.545396 -0.248498 0.401575 0.807843
HEV_arm.bmp
  8 8.735911 1.659600 47.955713 -0.617896 0.652495 -0.438697 0.401575 0.772549
  8 8.189660 -0.010378 47.890279 -0.863430 0.305411 -0.401514 0.251969 0.772549
  8 8.566461 1.769294 48.843268 -0.800495 0.545396 -0.248498 0.401575 0.807843
HEV_arm.bmp
  8 8.566461 1.769294 48.843268 -0.800495 0.545396 -0.248498 0.401575 0.807843
  8 8.189660 -0.010378 47.890279 -0.863430 0.305411 -0.401514 0.251969 0.772549
  8 7.986400 0.159337 48.714161 -0.900172 0.333190 -0.280491 0.283465 0.807843
HEV_arm.bmp
  19 -8.725223 1.213085 44.158532 0.763807 0.642905 0.057200 0.078740 0.419608
  19 -10.384536 1.948372 44.048391 0.069500 0.982991 -0.169998 0.157480 0.419608
  19 -10.388542 1.804500 44.509243 0.155395 0.946271 0.283591 0.157480 0.450980
HEV_arm.bmp
  19 -8.725223 1.213085 44.158532 0.763807 0.642905 0.057200 0.078740 0.419608
  19 -9.942945 -1.049503 38.331719 0.630499 0.672198 -0.388099 0.070866 0.086275
  19 -10.384536 1.948372 44.048391 0.069500 0.982991 -0.169998 0.157480 0.419608
HEV_arm.bmp
  19 -8.725223 1.213085 44.158532 0.763807 0.642905 0.057200 0.078740 0.419608
  19 -9.542742 -2.216629 38.613775 0.967149 0.044497 -0.250287 0.000000 0.086275
  19 -9.942945 -1.049503 38.331719 0.630499 0.672198 -0.388099 0.070866 0.086275
HEV_arm.bmp
  19 -8.725223 1.213085 44.158532 0.763807 0.642905 0.057200 0.078740 0.419608
  19 -8.037362 -0.706382 44.702953 0.979376 -0.071698 0.188895 0.000000 0.419608
  19 -9.542742 -2.216629 38.613775 0.967149 0.044497 -0.250287 0.000000 0.086275
HEV_arm.bmp
  19 -8.725223 1.213085 44.158532 0.763807 0.642905 0.057200 0.078740 0.419608
  19 -8.297591 -0.590624 45.114391 0.849848 0.237213 0.470626 0.007874 0.450980
  19 -8.037362 -0.706382 44.702953 0.979376 -0.071698 0.188895 0.000000 0.419608
HEV_arm.bmp
  19 -8.725223 1.213085 44.158532 0.763807 0.642905 0.057200 0.078740 0.419608
  19 -8.909528 1.158964 44.625439 0.641405 0.685405 0.344702 0.078740 0.450980
  19 -8.297591 -0.590624 45.114391 0.849848 0.237213 0.470626 0.007874 0.450980
HEV_arm.bmp
  19 -8.725223 1.213085 44.158532 0.763807 0.642905 0.057200 0.078740 0.419608
  19 -10.388542 1.804500 44.509243 0.155395 0.946271 0.283591 0.157480 0.450980
  19 -8.909528 1.158964 44.625439 0.641405 0.685405 0.344702 0.078740 0.450980
HEV_arm.bmp
  19 -10.354498 -2.927042 45.748252 0.063897 -0.832666 0.550077 0.842520 0.419608
  19 -10.356213 -2.568567 46.031787 0.246297 -0.462194 0.851889 0.842520 0.450980
  19 -11.908906 -1.735137 46.683814 -0.100997 -0.225593 0.968972 0.763780 0.478431
HEV_arm.bmp
  19 -10.354498 -2.927042 45.748252 0.063897 -0.832666 0.550077 0.842520 0.419608
  19 -8.902180 -2.027342 45.699123 0.637385 -0.370392 0.675685 0.913386 0.450980
  19 -10.356213 -2.568567 46.031787 0.246297 -0.462194 0.851889 0.842520 0.450980
HEV_arm.bmp
  19 -10.354498 -2.927042 45.748252 0.063897 -0.832666 0.550077 0.842520 0.419608
  19 -8.724260 -2.310576 45.368785 0.668783 -0.679182 0.302392 0.913386 0.419608
  19 -8.902180 -2.027342 45.699123 0.637385 -0.370392 0.675685 0.913386 0.450980
HEV_arm.bmp
  19 -10.354498 -2.927042 45.748252 0.063897 -0.832666 0.550077 0.842520 0.419608
  19 -10.893340 -3.801158 39.175607 0.171194 -0.979267 0.108296 0.842520 0.082353
  19 -8.724260 -2.310576 45.368785 0.668783 -0.679182 0.302392 0.913386 0.419608
HEV_arm.bmp
  19 -10.354498 -2.927042 45.748252 0.063897 -0.832666 0.550077 0.842520 0.419608
  19 -11.404441 -3.585595 39.390570 -0.309093 -0.935679 0.170196 0.803150 0.090196
  19 -10.893340 -3.801158 39.175607 0.171194 -0.979267 0.108296 0.842520 0.082353
HEV_arm.bmp
  19 -10.354498 -2.927042 45.748252 0.063897 -0.832666 0.550077 0.842520 0.419608
  19 -12.088480 -1.991886 46.496643 -0.598299 -0.684398 0.416699 0.771654 0.450980
  19 -11.404441 -3.585595 39.390570 -0.309093 -0.935679 0.170196 0.803150 0.090196
HEV_arm.bmp
  19 -10.354498 -2.927042 45.748252 0.063897 -0.832666 0.550077 0.842520 0.419608
  19 -11.908906 -1.735137 46.683814 -0.100997 -0.225593 0.968972 0.763780 0.478431
  19 -12.088480 -1.991886 46.496643 -0.598299 -0.684398 0.416699 0.771654 0.450980
HEV_arm.bmp
  18 -11.655343 0.198220 51.815951 -0.971086 0.215797 0.102098 0.763780 0.898039
  18 -11.814282 -0.111026 49.630796 -0.966923 -0.214705 0.137703 0.748031 0.815686
  18 -11.616111 -0.341188 50.103293 -0.898989 -0.398595 0.181498 0.795276 0.831373
HEV_arm.bmp
  18 -11.616111 -0.341188 50.103293 -0.898989 -0.398595 0.181498 0.795276 0.831373
  18 -11.814282 -0.111026 49.630796 -0.966923 -0.214705 0.137703 0.748031 0.815686
  18 -11.549688 -1.050932 49.362718 -0.930220 -0.334407 0.151203 0.850394 0.807843
HEV_arm.bmp
  18 -11.814282 -0.111026 49.630796 -0.966923 -0.214705 0.137703 0.748031 0.815686
  18 -11.914217 -0.400578 48.334195 -0.933964 -0.339987 -0.110096 0.771654 0.772549
  18 -11.549688 -1.050932 49.362718 -0.930220 -0.334407 0.151203 0.850394 0.807843
HEV_arm.bmp
  18 -11.549688 -1.050932 49.362718 -0.930220 -0.334407 0.151203 0.850394 0.807843
  18 -11.914217 -0.400578 48.334195 -0.933964 -0.339987 -0.110096 0.771654 0.772549
  18 -11.276144 -1.790835 49.083761 -0.812107 -0.578405 0.077001 0.889764 0.803922
HEV_arm.bmp
  18 -11.914217 -0.400578 48.334195 -0.933964 -0.339987 -0.110096 0.771654 0.772549
  18 -11.367959 -1.790554 48.268856 -0.647085 -0.739383 -0.185996 0.889764 0.772549
  18 -11.276144 -1.790835 49.083761 -0.812107 -0.578405 0.077001 0.889764 0.803922
HEV_arm.bmp
  18 -11.276144 -1.790835 49.083761 -0.812107 -0.578405 0.077001 0.889764 0.803922
  18 -11.367959 -1.790554 48.268856 -0.647085 -0.739383 -0.185996 0.889764 0.772549
  18 -9.927928 -2.480767 48.897996 -0.161997 -0.986679 -0.014900 0.992126 0.803922
HEV_arm.bmp
  18 -11.367959 -1.790554 48.268856 -0.647085 -0.739383 -0.185996 0.889764 0.772549
  18 -10.046598 -2.450497 48.115947 0.074198 -0.964776 -0.252394 0.992126 0.772549
  18 -9.927928 -2.480767 48.897996 -0.161997 -0.986679 -0.014900 0.992126 0.803922
HEV_arm.bmp
  18 -8.235360 -1.050777 48.939717 0.931380 -0.312293 -0.187096 0.173228 0.807843
  18 -7.903950 -0.090844 49.137951 0.956666 -0.225692 -0.183993 0.259843 0.815686
  18 -7.935628 -0.311012 49.623463 0.921945 -0.372218 -0.107105 0.212598 0.831373
HEV_arm.bmp
  18 -7.935628 -0.311012 49.623463 0.921945 -0.372218 -0.107105 0.212598 0.831373
  18 -7.903950 -0.090844 49.137951 0.956666 -0.225692 -0.183993 0.259843 0.815686
  18 -7.413698 0.248439 51.219523 0.955321 0.204604 -0.213305 0.236220 0.898039
HEV_arm.bmp
  18 -7.903950 -0.090844 49.137951 0.956666 -0.225692 -0.183993 0.259843 0.815686
  18 -8.472072 1.829103 49.286068 0.915388 0.326795 -0.235097 0.401575 0.815686
  18 -7.413698 0.248439 51.219523 0.955321 0.204604 -0.213305 0.236220 0.898039
HEV_arm.bmp
  18 -7.413698 0.248439 51.219523 0.955321 0.204604 -0.213305 0.236220 0.898039
  18 -8.472072 1.829103 49.286068 0.915388 0.326795 -0.235097 0.401575 0.815686
  18 -7.545745 1.158132 52.107454 0.915388 0.326795 -0.235097 0.338583 0.917647
HEV_arm.bmp
  18 -8.472072 1.829103 49.286068 0.915388 0.326795 -0.235097 0.401575 0.815686
  18 -7.906944 2.148128 52.113886 0.860999 0.464799 -0.206500 0.401575 0.917647
  18 -7.545745 1.158132 52.107454 0.915388 0.326795 -0.235097 0.338583 0.917647
HEV_arm.bmp
  18 -7.545745 1.158132 52.107454 0.915388 0.326795 -0.235097 0.338583 0.917647
  18 -7.906944 2.148128 52.113886 0.860999 0.464799 -0.206500 0.401575 0.917647
  18 -7.663083 1.598051 52.340484 0.915388 0.326795 -0.235097 0.370079 0.929412
HEV_arm.bmp
  18 -7.906944 2.148128 52.113886 0.860999 0.464799 -0.206500 0.401575 0.917647
  18 -7.615163 1.777886 52.818148 0.915388 0.326795 -0.235097 0.385827 0.945098
  18 -7.663083 1.598051 52.340484 0.915388 0.326795 -0.235097 0.370079 0.929412
HEV_arm.bmp
  18 -10.615602 -1.762726 54.565211 -0.784722 -0.532114 0.317909 0.889764 0.980392
  18 -11.265321 -0.012775 54.701357 -0.724988 -0.303495 0.618290 0.771654 0.980392
  18 -11.655342 -0.181780 51.815820 -0.912053 -0.392880 0.117494 0.787402 0.898039
HEV_arm.bmp
  18 -10.615602 -1.762726 54.565211 -0.784722 -0.532114 0.317909 0.889764 0.980392
  18 -10.422491 -1.612802 54.787092 -0.393304 -0.462504 0.794608 0.889764 0.996078
  18 -11.265321 -0.012775 54.701357 -0.724988 -0.303495 0.618290 0.771654 0.980392
HEV_arm.bmp
  18 -10.615602 -1.762726 54.565211 -0.784722 -0.532114 0.317909 0.889764 0.980392
  18 -9.196771 -2.582624 54.281864 -0.368713 -0.823628 0.430915 0.992126 0.980392
  18 -10.422491 -1.612802 54.787092 -0.393304 -0.462504 0.794608 0.889764 0.996078
HEV_arm.bmp
  18 -10.615602 -1.762726 54.565211 -0.784722 -0.532114 0.317909 0.889764 0.980392
  18 -11.226293 -1.790937 49.380265 -0.629011 -0.773613 0.076601 0.889764 0.811765
  18 -9.196771 -2.582624 54.281864 -0.368713 -0.823628 0.430915 0.992126 0.980392
HEV_arm.bmp
  18 -10.615602 -1.762726 54.565211 -0.784722 -0.532114 0.317909 0.889764 0.980392
  18 -11.500835 -1.251031 49.649203 -0.912053 -0.392880 0.117494 0.850394 0.815686
  18 -11.226293 -1.790937 49.380265 -0.629011 -0.773613 0.076601 0.889764 0.811765
HEV_arm.bmp
  18 -10.615602 -1.762726 54.565211 -0.784722 -0.532114 0.317909 0.889764 0.980392
  18 -11.565261 -0.641294 50.409644 -0.926328 -0.358510 0.115703 0.811024 0.839216
  18 -11.500835 -1.251031 49.649203 -0.912053 -0.392880 0.117494 0.850394 0.815686
HEV_arm.bmp
  18 -10.615602 -1.762726 54.565211 -0.784722 -0.532114 0.317909 0.889764 0.980392
  18 -11.655342 -0.181780 51.815820 -0.912053 -0.392880 0.117494 0.787402 0.898039
  18 -11.565261 -0.641294 50.409644 -0.926328 -0.358510 0.115703 0.811024 0.839216
HEV_arm.bmp
  18 -8.746150 1.669562 47.956735 0.617896 0.652495 -0.438697 0.401575 0.772549
  18 -10.046612 2.319502 48.117594 -0.130598 0.954583 -0.267796 0.511811 0.772549
  18 -9.924914 2.459188 49.030051 0.141894 0.976354 -0.163092 0.511811 0.807843
HEV_arm.bmp
  18 -8.746150 1.669562 47.956735 0.617896 0.652495 -0.438697 0.401575 0.772549
  18 -10.072569 2.189592 47.858848 -0.057899 0.867192 -0.494596 0.511811 0.752941
  18 -10.046612 2.319502 48.117594 -0.130598 0.954583 -0.267796 0.511811 0.772549
HEV_arm.bmp
  18 -8.746150 1.669562 47.956735 0.617896 0.652495 -0.438697 0.401575 0.772549
  18 -8.871608 1.569647 47.707983 0.615626 0.559423 -0.555023 0.401575 0.752941
  18 -10.072569 2.189592 47.858848 -0.057899 0.867192 -0.494596 0.511811 0.752941
HEV_arm.bmp
  18 -8.746150 1.669562 47.956735 0.617896 0.652495 -0.438697 0.401575 0.772549
  18 -8.354200 -0.200333 47.655457 0.774578 -0.022400 -0.632082 0.244094 0.752941
  18 -8.871608 1.569647 47.707983 0.615626 0.559423 -0.555023 0.401575 0.752941
HEV_arm.bmp
  18 -8.746150 1.669562 47.956735 0.617896 0.652495 -0.438697 0.401575 0.772549
  18 -8.199892 -0.000414 47.891299 0.863430 0.305410 -0.401514 0.251969 0.772549
  18 -8.354200 -0.200333 47.655457 0.774578 -0.022400 -0.632082 0.244094 0.752941
HEV_arm.bmp
  18 -8.746150 1.669562 47.956735 0.617896 0.652495 -0.438697 0.401575 0.772549
  18 -8.566748 1.779256 48.843291 0.800495 0.545396 -0.248498 0.401575 0.807843
  18 -8.199892 -0.000414 47.891299 0.863430 0.305410 -0.401514 0.251969 0.772549
HEV_arm.bmp
  18 -8.746150 1.669562 47.956735 0.617896 0.652495 -0.438697 0.401575 0.772549
  18 -9.924914 2.459188 49.030051 0.141894 0.976354 -0.163092 0.511811 0.807843
  18 -8.566748 1.779256 48.843291 0.800495 0.545396 -0.248498 0.401575 0.807843
HEV_arm.bmp
  9 8.724926 1.213121 44.158512 -0.763807 0.642906 0.057200 0.078740 0.419608
  9 10.388243 1.804545 44.509218 -0.155395 0.946271 0.283591 0.157480 0.450980
  9 10.384236 1.948417 44.048366 -0.069499 0.982991 -0.169998 0.157480 0.419608
HEV_arm.bmp
  9 8.724926 1.213121 44.158512 -0.763807 0.642906 0.057200 0.078740 0.419608
  9 8.909233 1.159002 44.625419 -0.641405 0.685405 0.344703 0.078740 0.450980
  9 10.388243 1.804545 44.509218 -0.155395 0.946271 0.283591 0.157480 0.450980
HEV_arm.bmp
  9 8.724926 1.213121 44.158512 -0.763807 0.642906 0.057200 0.078740 0.419608
  9 8.288324 -0.592997 45.103717 -0.849848 0.237213 0.470626 0.007874 0.450980
  9 8.909233 1.159002 44.625419 -0.641405 0.685405 0.344703 0.078740 0.450980
HEV_arm.bmp
  9 8.724926 1.213121 44.158512 -0.763807 0.642906 0.057200 0.078740 0.419608
  9 8.026158 -0.703939 44.711594 -0.979376 -0.071698 0.188895 0.000000 0.419608
  9 8.288324 -0.592997 45.103717 -0.849848 0.237213 0.470626 0.007874 0.450980
HEV_arm.bmp
  9 8.724926 1.213121 44.158512 -0.763807 0.642906 0.057200 0.078740 0.419608
  9 9.532498 -2.216590 38.612756 -0.967149 0.044498 -0.250287 0.000000 0.086275
  9 8.026158 -0.703939 44.711594 -0.979376 -0.071698 0.188895 0.000000 0.419608
HEV_arm.bmp
  9 8.724926 1.213121 44.158512 -0.763807 0.642906 0.057200 0.078740 0.419608
  9 9.932693 -1.049462 38.330698 -0.630499 0.672198 -0.388099 0.070866 0.086275
  9 9.532498 -2.216590 38.612756 -0.967149 0.044498 -0.250287 0.000000 0.086275
HEV_arm.bmp
  9 8.724926 1.213121 44.158512 -0.763807 0.642906 0.057200 0.078740 0.419608
  9 10.384236 1.948417 44.048366 -0.069499 0.982991 -0.169998 0.157480 0.419608
  9 9.932693 -1.049462 38.330698 -0.630499 0.672198 -0.388099 0.070866 0.086275
HEV_arm.bmp
  9 10.345004 -2.939111 45.739971 -0.063898 -0.832666 0.550077 0.842520 0.419608
  9 11.898440 -1.744789 46.685186 0.100997 -0.225593 0.968972 0.763780 0.478431
  9 10.346718 -2.580635 46.023506 -0.246297 -0.462194 0.851889 0.842520 0.450980
HEV_arm.bmp
  9 10.345004 -2.939111 45.739971 -0.063898 -0.832666 0.550077 0.842520 0.419608
  9 12.078255 -1.991832 46.495617 0.598298 -0.684398 0.416699 0.771654 0.450980
  9 11.898440 -1.744789 46.685186 0.100997 -0.225593 0.968972 0.763780 0.478431
HEV_arm.bmp
  9 10.345004 -2.939111 45.739971 -0.063898 -0.832666 0.550077 0.842520 0.419608
  9 11.394205 -3.585547 39.389546 0.309093 -0.935679 0.170196 0.803150 0.090196
  9 12.078255 -1.991832 46.495617 0.598298 -0.684398 0.416699 0.771654 0.450980
HEV_arm.bmp
  9 10.345004 -2.939111 45.739971 -0.063898 -0.832666 0.550077 0.842520 0.419608
  9 10.883105 -3.801111 39.174585 -0.171195 -0.979267 0.108296 0.842520 0.082353
  9 11.394205 -3.585547 39.389546 0.309093 -0.935679 0.170196 0.803150 0.090196
HEV_arm.bmp
  9 10.345004 -2.939111 45.739971 -0.063898 -0.832666 0.550077 0.842520 0.419608
  9 8.715003 -2.312948 45.358111 -0.668783 -0.679182 0.302392 0.913386 0.419608
  9 10.883105 -3.801111 39.174585 -0.171195 -0.979267 0.108296 0.842520 0.082353
HEV_arm.bmp
  9 10.345004 -2.939111 45.739971 -0.063898 -0.832666 0.550077 0.842520 0.419608
  9 8.891954 -2.027304 45.698105 -0.637386 -0.370391 0.675685 0.913386 0.450980
  9 8.715003 -2.312948 45.358111 -0.668783 -0.679182 0.302392 0.913386 0.419608
HEV_arm.bmp
  9 10.345004 -2.939111 45.739971 -0.063898 -0.832666 0.550077 0.842520 0.419608
  9 10.346718 -2.580635 46.023506 -0.246297 -0.462194 0.851889 0.842520 0.450980
  9 8.891954 -2.027304 45.698105 -0.637386 -0.370391 0.675685 0.913386 0.450980
HEV_arm.bmp
  8 10.046330 -2.460453 48.115921 -0.074198 -0.964776 -0.252394 0.992126 0.772549
  8 11.357737 -1.800502 48.267829 0.647085 -0.739383 -0.185996 0.889764 0.772549
  8 9.918710 -2.490719 48.887022 0.161996 -0.986679 -0.014900 0.992126 0.803922
HEV_arm.bmp
  8 9.918710 -2.490719 48.887022 0.161996 -0.986679 -0.014900 0.992126 0.803922
  8 11.357737 -1.800502 48.267829 0.647085 -0.739383 -0.185996 0.889764 0.772549
  8 11.266923 -1.810780 49.072780 0.812107 -0.578405 0.077001 0.889764 0.803922
HEV_arm.bmp
  8 11.357737 -1.800502 48.267829 0.647085 -0.739383 -0.185996 0.889764 0.772549
  8 11.903989 -0.410524 48.333166 0.933963 -0.339987 -0.110096 0.771654 0.772549
  8 11.266923 -1.810780 49.072780 0.812107 -0.578405 0.077001 0.889764 0.803922
HEV_arm.bmp
  8 11.266923 -1.810780 49.072780 0.812107 -0.578405 0.077001 0.889764 0.803922
  8 11.903989 -0.410524 48.333166 0.933963 -0.339987 -0.110096 0.771654 0.772549
  8 11.549416 -1.060880 49.362688 0.930220 -0.334407 0.151203 0.850394 0.807843
HEV_arm.bmp
  8 11.903989 -0.410524 48.333166 0.933963 -0.339987 -0.110096 0.771654 0.772549
  8 11.814005 -0.120972 49.630764 0.966923 -0.214705 0.137703 0.748031 0.815686
  8 11.549416 -1.060880 49.362688 0.930220 -0.334407 0.151203 0.850394 0.807843
HEV_arm.bmp
  8 11.549416 -1.060880 49.362688 0.930220 -0.334407 0.151203 0.850394 0.807843
  8 11.814005 -0.120972 49.630764 0.966923 -0.214705 0.137703 0.748031 0.815686
  8 11.615837 -0.351135 50.103262 0.898989 -0.398595 0.181498 0.795276 0.831373
HEV_arm.bmp
  8 11.814005 -0.120972 49.630764 0.966923 -0.214705 0.137703 0.748031 0.815686
  8 11.645121 0.188275 51.814922 0.971086 0.215797 0.102098 0.763780 0.898039
  8 11.615837 -0.351135 50.103262 0.898989 -0.398595 0.181498 0.795276 0.831373
HEV_arm.bmp
  8 10.605397 -1.782676 54.564182 0.784722 -0.532115 0.317909 0.889764 0.980392
  8 11.655072 -0.191726 51.815789 0.912053 -0.392880 0.117494 0.787402 0.898039
  8 11.266056 -0.022719 54.691377 0.724988 -0.303495 0.618290 0.771654 0.980392
HEV_arm.bmp
  8 10.605397 -1.782676 54.564182 0.784722 -0.532115 0.317909 0.889764 0.980392
  8 11.564990 -0.651241 50.409614 0.926328 -0.358511 0.115703 0.811024 0.839216
  8 11.655072 -0.191726 51.815789 0.912053 -0.392880 0.117494 0.787402 0.898039
HEV_arm.bmp
  8 10.605397 -1.782676 54.564182 0.784722 -0.532115 0.317909 0.889764 0.980392
  8 11.499567 -1.260982 49.659124 0.912053 -0.392880 0.117494 0.850394 0.815686
  8 11.564990 -0.651241 50.409614 0.926328 -0.358511 0.115703 0.811024 0.839216
HEV_arm.bmp
  8 10.605397 -1.782676 54.564182 0.784722 -0.532115 0.317909 0.889764 0.980392
  8 11.216074 -1.800886 49.379238 0.629011 -0.773613 0.076601 0.889764 0.811765
  8 11.499567 -1.260982 49.659124 0.912053 -0.392880 0.117494 0.850394 0.815686
HEV_arm.bmp
  8 10.605397 -1.782676 54.564182 0.784722 -0.532115 0.317909 0.889764 0.980392
  8 9.186569 -2.602581 54.280839 0.368713 -0.823628 0.430915 0.992126 0.980392
  8 11.216074 -1.800886 49.379238 0.629011 -0.773613 0.076601 0.889764 0.811765
HEV_arm.bmp
  8 10.605397 -1.782676 54.564182 0.784722 -0.532115 0.317909 0.889764 0.980392
  8 10.422236 -1.622753 54.787065 0.393304 -0.462504 0.794608 0.889764 0.996078
  8 9.186569 -2.602581 54.280839 0.368713 -0.823628 0.430915 0.992126 0.980392
HEV_arm.bmp
  8 10.605397 -1.782676 54.564182 0.784722 -0.532115 0.317909 0.889764 0.980392
  8 11.266056 -0.022719 54.691377 0.724988 -0.303495 0.618290 0.771654 0.980392
  8 10.422236 -1.622753 54.787065 0.393304 -0.462504 0.794608 0.889764 0.996078
HEV_arm.bmp
  8 7.614886 1.777920 52.818131 -0.915388 0.326795 -0.235097 0.385827 0.945098
  8 7.906664 2.148164 52.113869 -0.860999 0.464799 -0.206500 0.401575 0.917647
  8 7.652856 1.598086 52.339468 -0.915388 0.326795 -0.235097 0.370079 0.929412
HEV_arm.bmp
  8 7.652856 1.598086 52.339468 -0.915388 0.326795 -0.235097 0.370079 0.929412
  8 7.906664 2.148164 52.113869 -0.860999 0.464799 -0.206500 0.401575 0.917647
  8 7.534521 1.158162 52.116389 -0.915388 0.326795 -0.235097 0.338583 0.917647
HEV_arm.bmp
  8 7.906664 2.148164 52.113869 -0.860999 0.464799 -0.206500 0.401575 0.917647
  8 8.461836 1.829141 49.285051 -0.915388 0.326795 -0.235097 0.401575 0.815686
  8 7.534521 1.158162 52.116389 -0.915388 0.326795 -0.235097 0.338583 0.917647
HEV_arm.bmp
  8 7.534521 1.158162 52.116389 -0.915388 0.326795 -0.235097 0.338583 0.917647
  8 8.461836 1.829141 49.285051 -0.915388 0.326795 -0.235097 0.401575 0.815686
  8 7.403475 0.248472 51.218509 -0.955321 0.204605 -0.213305 0.236220 0.898039
HEV_arm.bmp
  8 8.461836 1.829141 49.285051 -0.915388 0.326795 -0.235097 0.401575 0.815686
  8 7.893722 -0.100809 49.136932 -0.956666 -0.225692 -0.183993 0.259843 0.815686
  8 7.403475 0.248472 51.218509 -0.955321 0.204605 -0.213305 0.236220 0.898039
HEV_arm.bmp
  8 7.403475 0.248472 51.218509 -0.955321 0.204605 -0.213305 0.236220 0.898039
  8 7.893722 -0.100809 49.136932 -0.956666 -0.225692 -0.183993 0.259843 0.815686
  8 7.924405 -0.320980 49.632395 -0.921945 -0.372218 -0.107105 0.212598 0.831373
HEV_arm.bmp
  8 7.893722 -0.100809 49.136932 -0.956666 -0.225692 -0.183993 0.259843 0.815686
  8 8.225137 -1.050740 48.938701 -0.931380 -0.312293 -0.187096 0.173228 0.807843
  8 7.924405 -0.320980 49.632395 -0.921945 -0.372218 -0.107105 0.212598 0.831373
HEV_arm.bmp
  19 -12.135975 -0.461843 39.513147 0.691494 0.573995 0.438596 0.251969 0.117647
  19 -11.406536 -0.625274 38.569479 0.515885 0.449787 0.729078 0.204724 0.094118
  19 -11.548475 -0.436056 38.557230 0.567520 0.488317 0.662923 0.204724 0.094118
HEV_arm.bmp
  19 -11.548475 -0.436056 38.557230 0.567520 0.488317 0.662923 0.204724 0.094118
  19 -11.406536 -0.625274 38.569479 0.515885 0.449787 0.729078 0.204724 0.094118
  19 -10.970315 -0.270622 38.209433 0.311203 0.353104 0.882309 0.157480 0.082353
HEV_arm.bmp
  19 -11.406536 -0.625274 38.569479 0.515885 0.449787 0.729078 0.204724 0.094118
  19 -10.901692 -0.547261 38.292266 0.213303 0.327905 0.920315 0.157480 0.082353
  19 -10.970315 -0.270622 38.209433 0.311203 0.353104 0.882309 0.157480 0.082353
HEV_arm.bmp
  19 -10.970315 -0.270622 38.209433 0.311203 0.353104 0.882309 0.157480 0.082353
  19 -10.901692 -0.547261 38.292266 0.213303 0.327905 0.920315 0.157480 0.082353
  19 -9.799480 -0.857797 38.259148 0.124398 0.261395 0.957182 0.070866 0.086275
HEV_arm.bmp
  19 -10.901692 -0.547261 38.292266 0.213303 0.327905 0.920315 0.157480 0.082353
  19 -9.942945 -1.049503 38.331719 0.124398 0.261395 0.957182 0.070866 0.086275
  19 -9.799480 -0.857797 38.259148 0.124398 0.261395 0.957182 0.070866 0.086275
HEV_arm.bmp
  19 -9.799480 -0.857797 38.259148 0.124398 0.261395 0.957182 0.070866 0.086275
  19 -9.942945 -1.049503 38.331719 0.124398 0.261395 0.957182 0.070866 0.086275
  19 -9.294719 -2.228734 38.581556 0.124398 0.261395 0.957182 0.000000 0.086275
HEV_arm.bmp
  19 -9.942945 -1.049503 38.331719 0.124398 0.261395 0.957182 0.070866 0.086275
  19 -9.542742 -2.216629 38.613775 0.124398 0.261395 0.957182 0.000000 0.086275
  19 -9.294719 -2.228734 38.581556 0.124398 0.261395 0.957182 0.000000 0.086275
HEV_arm.bmp
  19 -9.542742 -2.216629 38.613775 0.124398 0.261395 0.957182 0.992126 0.086275
  19 -9.941204 -3.359486 38.949195 0.124398 0.261395 0.957182 0.921260 0.086275
  19 -9.294719 -2.228734 38.581556 0.124398 0.261395 0.957182 0.992126 0.086275
HEV_arm.bmp
  19 -9.294719 -2.228734 38.581556 0.124398 0.261395 0.957182 0.992126 0.086275
  19 -9.941204 -3.359486 38.949195 0.124398 0.261395 0.957182 0.921260 0.086275
  19 -9.787136 -3.553591 38.982157 0.124398 0.261395 0.957182 0.921260 0.086275
HEV_arm.bmp
  19 -9.941204 -3.359486 38.949195 0.124398 0.261395 0.957182 0.921260 0.086275
  19 -10.893340 -3.801158 39.175607 0.213599 0.196799 0.956894 0.842520 0.082353
  19 -9.787136 -3.553591 38.982157 0.124398 0.261395 0.957182 0.921260 0.086275
HEV_arm.bmp
  19 -9.787136 -3.553591 38.982157 0.124398 0.261395 0.957182 0.921260 0.086275
  19 -10.893340 -3.801158 39.175607 0.213599 0.196799 0.956894 0.842520 0.082353
  19 -10.947265 -4.075323 39.239053 0.324096 0.154098 0.933389 0.842520 0.082353
HEV_arm.bmp
  19 -10.893340 -3.801158 39.175607 0.213599 0.196799 0.956894 0.842520 0.082353
  19 -11.404441 -3.585595 39.390570 0.536919 -0.013300 0.843529 0.803150 0.090196
  19 -10.947265 -4.075323 39.239053 0.324096 0.154098 0.933389 0.842520 0.082353
HEV_arm.bmp
  19 -10.947265 -4.075323 39.239053 0.324096 0.154098 0.933389 0.842520 0.082353
  19 -11.404441 -3.585595 39.390570 0.536919 -0.013300 0.843529 0.803150 0.090196
  19 -11.545721 -3.740959 39.484921 0.586687 -0.080698 0.805783 0.803150 0.090196
HEV_arm.bmp
  19 -11.404441 -3.585595 39.390570 0.536919 -0.013300 0.843529 0.803150 0.090196
  19 -12.135067 -3.249944 40.322462 0.704292 -0.270897 0.656192 0.740157 0.125490
  19 -11.545721 -3.740959 39.484921 0.586687 -0.080698 0.805783 0.803150 0.090196
HEV_arm.bmp
  18 -8.871598 -1.690353 47.706857 0.738815 -0.660714 -0.132703 0.385827 0.733333
  18 -10.071558 -2.290412 47.867251 0.129403 -0.979227 -0.156104 0.244094 0.725490
  18 -8.954562 -1.569964 46.579549 0.782462 -0.615471 0.094596 0.385827 0.619608
HEV_arm.bmp
  18 -8.954562 -1.569964 46.579549 0.782462 -0.615471 0.094596 0.385827 0.619608
  18 -10.071558 -2.290412 47.867251 0.129403 -0.979227 -0.156104 0.244094 0.725490
  18 -10.178382 -2.120044 46.802656 -0.142796 -0.977871 0.152896 0.244094 0.619608
HEV_arm.bmp
  18 -10.071558 -2.290412 47.867251 0.129403 -0.979227 -0.156104 0.244094 0.725490
  18 -11.303368 -1.700465 48.011151 -0.754544 -0.654138 -0.052603 0.110236 0.713725
  18 -10.178382 -2.120044 46.802656 -0.142796 -0.977871 0.152896 0.244094 0.619608
HEV_arm.bmp
  18 -10.178382 -2.120044 46.802656 -0.142796 -0.977871 0.152896 0.244094 0.619608
  18 -11.303368 -1.700465 48.011151 -0.754544 -0.654138 -0.052603 0.110236 0.713725
  18 -11.364335 -1.540186 47.203256 -0.714399 -0.673899 0.188400 0.110236 0.619608
HEV_arm.bmp
  18 -11.303368 -1.700465 48.011151 -0.754544 -0.654138 -0.052603 0.110236 0.713725
  18 -11.874786 -0.150195 47.224802 -0.991630 -0.034901 0.124304 0.000000 0.619608
  18 -11.364335 -1.540186 47.203256 -0.714399 -0.673899 0.188400 0.110236 0.619608
HEV_arm.bmp
  18 -11.364335 -1.540186 47.203256 -0.714399 -0.673899 0.188400 0.110236 0.619608
  18 -11.874786 -0.150195 47.224802 -0.991630 -0.034901 0.124304 0.000000 0.619608
  19 -11.663532 -1.640482 46.625229 -0.687579 -0.605081 0.401388 0.110236 0.525490
HEV_arm.bmp
  18 -11.874786 -0.150195 47.224802 -0.991630 -0.034901 0.124304 0.000000 0.619608
  19 -11.941169 -0.172829 46.463012 -0.943278 0.176196 0.281393 0.000000 0.545098
  19 -11.663532 -1.640482 46.625229 -0.687579 -0.605081 0.401388 0.110236 0.525490
HEV_arm.bmp
  9 12.124833 -3.249891 40.321436 -0.704292 -0.270896 0.656192 0.740157 0.125490
  9 11.394205 -3.585547 39.389546 -0.536919 -0.013300 0.843529 0.803150 0.090196
  9 11.535486 -3.740909 39.483897 -0.586688 -0.080698 0.805783 0.803150 0.090196
HEV_arm.bmp
  9 11.535486 -3.740909 39.483897 -0.586688 -0.080698 0.805783 0.803150 0.090196
  9 11.394205 -3.585547 39.389546 -0.536919 -0.013300 0.843529 0.803150 0.090196
  9 10.937031 -4.075277 39.238031 -0.324096 0.154098 0.933389 0.842520 0.082353
HEV_arm.bmp
  9 11.394205 -3.585547 39.389546 -0.536919 -0.013300 0.843529 0.803150 0.090196
  9 10.883105 -3.801111 39.174585 -0.213599 0.196799 0.956894 0.842520 0.082353
  9 10.937031 -4.075277 39.238031 -0.324096 0.154098 0.933389 0.842520 0.082353
HEV_arm.bmp
  9 10.937031 -4.075277 39.238031 -0.324096 0.154098 0.933389 0.842520 0.082353
  9 10.883105 -3.801111 39.174585 -0.213599 0.196799 0.956894 0.842520 0.082353
  9 9.775930 -3.551141 38.990795 -0.124398 0.261395 0.957182 0.921260 0.086275
HEV_arm.bmp
  9 10.883105 -3.801111 39.174585 -0.213599 0.196799 0.956894 0.842520 0.082353
  9 9.929997 -3.357036 38.957832 -0.124398 0.261395 0.957182 0.921260 0.086275
  9 9.775930 -3.551141 38.990795 -0.124398 0.261395 0.957182 0.921260 0.086275
HEV_arm.bmp
  9 9.775930 -3.551141 38.990795 -0.124398 0.261395 0.957182 0.921260 0.086275
  9 9.929997 -3.357036 38.957832 -0.124398 0.261395 0.957182 0.921260 0.086275
  9 9.285443 -2.231105 38.570881 -0.124398 0.261395 0.957182 0.992126 0.086275
HEV_arm.bmp
  9 9.929997 -3.357036 38.957832 -0.124398 0.261395 0.957182 0.921260 0.086275
  9 9.532498 -2.216590 38.612756 -0.124398 0.261395 0.957182 0.992126 0.086275
  9 9.285443 -2.231105 38.570881 -0.124398 0.261395 0.957182 0.992126 0.086275
HEV_arm.bmp
  9 9.532498 -2.216590 38.612756 -0.124398 0.261395 0.957182 0.000000 0.086275
  9 9.932693 -1.049462 38.330698 -0.124398 0.261395 0.957182 0.070866 0.086275
  9 9.285443 -2.231105 38.570881 -0.124398 0.261395 0.957182 0.000000 0.086275
HEV_arm.bmp
  9 9.285443 -2.231105 38.570881 -0.124398 0.261395 0.957182 0.000000 0.086275
  9 9.932693 -1.049462 38.330698 -0.124398 0.261395 0.957182 0.070866 0.086275
  9 9.790197 -0.860165 38.248471 -0.124398 0.261395 0.957182 0.070866 0.086275
HEV_arm.bmp
  9 9.932693 -1.049462 38.330698 -0.124398 0.261395 0.957182 0.070866 0.086275
  9 10.892407 -0.549625 38.281586 -0.213303 0.327906 0.920315 0.157480 0.082353
  9 9.790197 -0.860165 38.248471 -0.124398 0.261395 0.957182 0.070866 0.086275
HEV_arm.bmp
  9 9.790197 -0.860165 38.248471 -0.124398 0.261395 0.957182 0.070866 0.086275
  9 10.892407 -0.549625 38.281586 -0.213303 0.327906 0.920315 0.157480 0.082353
  9 10.960060 -0.270576 38.208409 -0.311203 0.353104 0.882309 0.157480 0.082353
HEV_arm.bmp
  9 10.892407 -0.549625 38.281586 -0.213303 0.327906 0.920315 0.157480 0.082353
  9 11.397252 -0.627634 38.558798 -0.515885 0.449787 0.729078 0.204724 0.094118
  9 10.960060 -0.270576 38.208409 -0.311203 0.353104 0.882309 0.157480 0.082353
HEV_arm.bmp
  9 10.960060 -0.270576 38.208409 -0.311203 0.353104 0.882309 0.157480 0.082353
  9 11.397252 -0.627634 38.558798 -0.515885 0.449787 0.729078 0.204724 0.094118
  9 11.548171 -0.436007 38.557203 -0.567520 0.488317 0.662923 0.204724 0.094118
HEV_arm.bmp
  9 11.397252 -0.627634 38.558798 -0.515885 0.449787 0.729078 0.204724 0.094118
  9 12.125724 -0.461790 39.512121 -0.691494 0.573995 0.438596 0.251969 0.117647
  9 11.548171 -0.436007 38.557203 -0.567520 0.488317 0.662923 0.204724 0.094118
HEV_arm.bmp
  18 -8.871598 -1.690353 47.706857 0.738815 -0.660714 -0.132703 0.385827 0.733333
  18 -8.954562 -1.569964 46.579549 0.782462 -0.615471 0.094596 0.385827 0.619608
  18 -8.354200 -0.200333 47.655457 0.986513 -0.140602 -0.083801 0.511811 0.741176
HEV_arm.bmp
  18 -8.354200 -0.200333 47.655457 0.986513 -0.140602 -0.083801 0.511811 0.741176
  18 -8.954562 -1.569964 46.579549 0.782462 -0.615471 0.094596 0.385827 0.619608
  18 -8.409210 -0.150040 46.806727 0.995561 0.039998 -0.085197 0.511811 0.670588
HEV_arm.bmp
  18 -8.954562 -1.569964 46.579549 0.782462 -0.615471 0.094596 0.385827 0.619608
  19 -8.485322 -0.245177 45.947951 0.991933 0.124604 0.023301 0.511811 0.588235
  18 -8.409210 -0.150040 46.806727 0.995561 0.039998 -0.085197 0.511811 0.670588
HEV_arm.bmp
  18 -8.409210 -0.150040 46.806727 0.995561 0.039998 -0.085197 0.511811 0.670588
  19 -8.485322 -0.245177 45.947951 0.991933 0.124604 0.023301 0.511811 0.588235
  18 -8.929612 1.419950 46.829333 0.746207 0.648105 -0.152101 0.637795 0.670588
HEV_arm.bmp
  19 -8.485322 -0.245177 45.947951 0.991933 0.124604 0.023301 0.511811 0.588235
  19 -9.004410 1.329227 45.783329 0.685112 0.723613 -0.083702 0.637795 0.592157
  18 -8.929612 1.419950 46.829333 0.746207 0.648105 -0.152101 0.637795 0.670588
HEV_arm.bmp
  18 -8.929612 1.419950 46.829333 0.746207 0.648105 -0.152101 0.637795 0.670588
  19 -9.004410 1.329227 45.783329 0.685112 0.723613 -0.083702 0.637795 0.592157
  19 -10.241527 1.918599 45.874332 0.095501 0.991811 -0.084801 0.755906 0.588235
HEV_arm.bmp
  18 -11.367969 1.669446 48.270051 -0.755568 0.621474 -0.207091 0.629921 0.772549
  18 -11.914218 -0.000578 48.334333 -0.921091 0.277897 -0.272697 0.748031 0.772549
  18 -11.847262 0.159122 49.202039 -0.949856 0.305986 0.064397 0.732283 0.807843
HEV_arm.bmp
  18 -11.367969 1.669446 48.270051 -0.755568 0.621474 -0.207091 0.629921 0.772549
  18 -11.304375 1.559538 48.002327 -0.774834 0.458020 -0.435719 0.629921 0.752941
  18 -11.914218 -0.000578 48.334333 -0.921091 0.277897 -0.272697 0.748031 0.772549
HEV_arm.bmp
  18 -11.367969 1.669446 48.270051 -0.755568 0.621474 -0.207091 0.629921 0.772549
  18 -10.072569 2.189592 47.858848 -0.057899 0.867192 -0.494596 0.511811 0.752941
  18 -11.304375 1.559538 48.002327 -0.774834 0.458020 -0.435719 0.629921 0.752941
HEV_arm.bmp
  18 -11.367969 1.669446 48.270051 -0.755568 0.621474 -0.207091 0.629921 0.772549
  18 -10.046612 2.319502 48.117594 -0.130598 0.954583 -0.267796 0.511811 0.772549
  18 -10.072569 2.189592 47.858848 -0.057899 0.867192 -0.494596 0.511811 0.752941
HEV_arm.bmp
  18 -11.367969 1.669446 48.270051 -0.755568 0.621474 -0.207091 0.629921 0.772549
  18 -11.277119 1.759133 49.175536 -0.658907 0.751809 -0.025000 0.629921 0.807843
  18 -10.046612 2.319502 48.117594 -0.130598 0.954583 -0.267796 0.511811 0.772549
HEV_arm.bmp
  18 -11.367969 1.669446 48.270051 -0.755568 0.621474 -0.207091 0.629921 0.772549
  18 -11.847262 0.159122 49.202039 -0.949856 0.305986 0.064397 0.732283 0.807843
  18 -11.277119 1.759133 49.175536 -0.658907 0.751809 -0.025000 0.629921 0.807843
HEV_arm.bmp
  9 10.088719 -3.621814 37.776477 0.087702 -0.248607 -0.964626 0.976378 0.717647
  9 9.670833 -2.459548 37.434267 0.087702 -0.248607 -0.964626 0.984252 0.725490
  9 11.073374 -4.080415 37.979307 0.087702 -0.248607 -0.964626 0.960630 0.713725
HEV_arm.bmp
  9 11.073374 -4.080415 37.979307 0.087702 -0.248607 -0.964626 0.960630 0.713725
  9 9.670833 -2.459548 37.434267 0.087702 -0.248607 -0.964626 0.984252 0.725490
  9 12.082351 -3.558758 37.940051 0.087702 -0.248607 -0.964626 0.944882 0.717647
HEV_arm.bmp
  9 9.670833 -2.459548 37.434267 0.087702 -0.248607 -0.964626 0.984252 0.725490
  9 10.088750 -1.297308 37.175918 0.087702 -0.248607 -0.964626 0.976378 0.737255
  9 12.082351 -3.558758 37.940051 0.087702 -0.248607 -0.964626 0.944882 0.717647
HEV_arm.bmp
  9 12.082351 -3.558758 37.940051 0.087702 -0.248607 -0.964626 0.944882 0.717647
  9 10.088750 -1.297308 37.175918 0.087702 -0.248607 -0.964626 0.976378 0.737255
  9 12.501959 -2.369812 37.664852 0.087702 -0.248607 -0.964626 0.937008 0.729412
HEV_arm.bmp
  9 10.088750 -1.297308 37.175918 0.087702 -0.248607 -0.964626 0.976378 0.737255
  9 11.098695 -0.778061 37.127003 0.087702 -0.248607 -0.964626 0.960630 0.741176
  9 12.501959 -2.369812 37.664852 0.087702 -0.248607 -0.964626 0.937008 0.729412
HEV_arm.bmp
  9 12.501959 -2.369812 37.664852 0.087702 -0.248607 -0.964626 0.937008 0.729412
  9 11.098695 -0.778061 37.127003 0.087702 -0.248607 -0.964626 0.960630 0.741176
  9 12.082382 -1.234253 37.339490 0.087702 -0.248607 -0.964626 0.944882 0.737255
HEV_arm.bmp
  9 10.088750 -1.297308 37.175918 -0.631372 0.454580 -0.628272 0.070866 0.000000
  9 11.053588 -0.591735 37.376298 0.086903 0.863323 -0.497113 0.188976 0.011765
  9 11.098695 -0.778061 37.127003 0.030802 0.803337 -0.594728 0.188976 0.000000
HEV_arm.bmp
  9 11.098695 -0.778061 37.127003 0.030802 0.803337 -0.594728 0.188976 0.000000
  9 11.053588 -0.591735 37.376298 0.086903 0.863323 -0.497113 0.188976 0.011765
  9 12.082382 -1.234253 37.339490 0.725812 0.527008 -0.442107 0.330709 0.000000
HEV_arm.bmp
  9 11.053588 -0.591735 37.376298 0.086903 0.863323 -0.497113 0.188976 0.011765
  9 12.156440 -1.098866 37.603092 0.734404 0.611103 -0.295302 0.338583 0.011765
  9 12.082382 -1.234253 37.339490 0.725812 0.527008 -0.442107 0.330709 0.000000
HEV_arm.bmp
  9 12.082382 -1.234253 37.339490 0.725812 0.527008 -0.442107 0.330709 0.000000
  9 12.156440 -1.098866 37.603092 0.734404 0.611103 -0.295302 0.338583 0.011765
  9 12.621668 -2.358190 37.974262 0.980064 -0.041999 -0.194193 0.488189 0.015686
HEV_arm.bmp
  9 12.156440 -1.098866 37.603092 0.734404 0.611103 -0.295302 0.338583 0.011765
  9 12.491817 -1.511849 39.469068 0.985597 0.167899 -0.020200 0.440945 0.090196
  9 12.621668 -2.358190 37.974262 0.980064 -0.041999 -0.194193 0.488189 0.015686
HEV_arm.bmp
  9 12.621668 -2.358190 37.974262 0.980064 -0.041999 -0.194193 0.488189 0.015686
  9 12.491817 -1.511849 39.469068 0.985597 0.167899 -0.020200 0.440945 0.090196
  9 12.494915 -2.424237 39.738397 0.986469 -0.153195 0.058398 0.535433 0.090196
HEV_arm.bmp
  8 8.919371 1.419990 46.828314 -0.741101 0.659001 -0.128400 0.637795 0.670588
  8 8.870320 1.569682 47.717913 -0.741101 0.659001 -0.128400 0.637795 0.737255
  8 10.163125 1.989949 46.953301 0.005200 0.991734 -0.128204 0.755906 0.670588
HEV_arm.bmp
  8 8.919371 1.419990 46.828314 -0.741101 0.659001 -0.128400 0.637795 0.670588
  8 8.398977 -0.160004 46.805707 -0.995561 0.039999 -0.085197 0.511811 0.670588
  8 8.870320 1.569682 47.717913 -0.741101 0.659001 -0.128400 0.637795 0.737255
HEV_arm.bmp
  8 8.919371 1.419990 46.828314 -0.741101 0.659001 -0.128400 0.637795 0.670588
  9 8.475088 -0.245140 45.946934 -0.991933 0.124604 0.023301 0.511811 0.588235
  8 8.398977 -0.160004 46.805707 -0.995561 0.039999 -0.085197 0.511811 0.670588
HEV_arm.bmp
  8 8.919371 1.419990 46.828314 -0.741101 0.659001 -0.128400 0.637795 0.670588
  9 8.993198 1.331675 45.791967 -0.685112 0.723613 -0.083702 0.637795 0.592157
  9 8.475088 -0.245140 45.946934 -0.991933 0.124604 0.023301 0.511811 0.588235
HEV_arm.bmp
  8 8.919371 1.419990 46.828314 -0.741101 0.659001 -0.128400 0.637795 0.670588
  9 10.232251 1.916235 45.863653 -0.095501 0.991811 -0.084801 0.755906 0.588235
  9 8.993198 1.331675 45.791967 -0.685112 0.723613 -0.083702 0.637795 0.592157
HEV_arm.bmp
  8 8.919371 1.419990 46.828314 -0.741101 0.659001 -0.128400 0.637795 0.670588
  8 10.163125 1.989949 46.953301 0.005200 0.991734 -0.128204 0.755906 0.670588
  9 10.232251 1.916235 45.863653 -0.095501 0.991811 -0.084801 0.755906 0.588235
HEV_arm.bmp
  19 -11.109920 -0.780517 37.118370 -0.090000 -0.246701 -0.964903 0.960630 0.741176
  19 -10.099003 -1.297350 37.176939 -0.090000 -0.246701 -0.964903 0.976378 0.737255
  19 -12.512206 -2.369865 37.665879 -0.090000 -0.246701 -0.964903 0.937008 0.729412
HEV_arm.bmp
  19 -12.512206 -2.369865 37.665879 -0.090000 -0.246701 -0.964903 0.937008 0.729412
  19 -10.099003 -1.297350 37.176939 -0.090000 -0.246701 -0.964903 0.976378 0.737255
  19 -12.092590 -3.558810 37.941076 -0.090000 -0.246701 -0.964903 0.944882 0.717647
HEV_arm.bmp
  19 -10.099003 -1.297350 37.176939 -0.090000 -0.246701 -0.964903 0.976378 0.737255
  19 -9.681079 -2.459587 37.435287 -0.090000 -0.246701 -0.964903 0.984252 0.725490
  19 -12.092590 -3.558810 37.941076 -0.090000 -0.246701 -0.964903 0.944882 0.717647
HEV_arm.bmp
  19 -12.092590 -3.558810 37.941076 -0.090000 -0.246701 -0.964903 0.944882 0.717647
  19 -9.681079 -2.459587 37.435287 -0.090000 -0.246701 -0.964903 0.984252 0.725490
  19 -11.083611 -4.080461 37.980329 -0.090000 -0.246701 -0.964903 0.960630 0.713725
HEV_arm.bmp
  19 -9.681079 -2.459587 37.435287 -0.090000 -0.246701 -0.964903 0.984252 0.725490
  19 -10.099928 -3.624265 37.767840 -0.090000 -0.246701 -0.964903 0.976378 0.717647
  19 -11.083611 -4.080461 37.980329 -0.090000 -0.246701 -0.964903 0.960630 0.713725
HEV_arm.bmp
  19 -11.109920 -0.780517 37.118370 -0.030801 0.803337 -0.594728 0.188976 0.000000
  19 -12.092635 -1.234304 37.340517 -0.725812 0.527009 -0.442107 0.330709 0.000000
  19 -11.064813 -0.594190 37.367664 -0.086902 0.863323 -0.497113 0.188976 0.011765
HEV_arm.bmp
  19 -11.064813 -0.594190 37.367664 -0.086902 0.863323 -0.497113 0.188976 0.011765
  19 -12.092635 -1.234304 37.340517 -0.725812 0.527009 -0.442107 0.330709 0.000000
  19 -12.156743 -1.098918 37.603120 -0.734404 0.611104 -0.295302 0.338583 0.011765
HEV_arm.bmp
  19 -12.092635 -1.234304 37.340517 -0.725812 0.527009 -0.442107 0.330709 0.000000
  19 -12.622933 -2.360653 37.964634 -0.980064 -0.041998 -0.194193 0.488189 0.015686
  19 -12.156743 -1.098918 37.603120 -0.734404 0.611104 -0.295302 0.338583 0.011765
HEV_arm.bmp
  19 -12.156743 -1.098918 37.603120 -0.734404 0.611104 -0.295302 0.338583 0.011765
  19 -12.622933 -2.360653 37.964634 -0.980064 -0.041998 -0.194193 0.488189 0.015686
  19 -12.501093 -1.509494 39.479753 -0.985597 0.167900 -0.020200 0.440945 0.090196
HEV_arm.bmp
  19 -12.622933 -2.360653 37.964634 -0.980064 -0.041998 -0.194193 0.488189 0.015686
  19 -12.505155 -2.424291 39.739424 -0.986469 -0.153195 0.058398 0.535433 0.090196
  19 -12.501093 -1.509494 39.479753 -0.985597 0.167900 -0.020200 0.440945 0.090196
HEV_arm.bmp
  18 -11.655343 0.198220 51.815951 -0.971086 0.215797 0.102098 0.763780 0.898039
  18 -11.241145 1.818975 49.634257 -0.949856 0.305986 0.064397 0.629921 0.815686
  18 -11.814282 -0.111026 49.630796 -0.966923 -0.214705 0.137703 0.748031 0.815686
HEV_arm.bmp
  18 -11.655343 0.198220 51.815951 -0.971086 0.215797 0.102098 0.763780 0.898039
  18 -11.189356 1.167898 52.754451 -0.939384 0.318995 0.125698 0.692913 0.921569
  18 -11.241145 1.818975 49.634257 -0.949856 0.305986 0.064397 0.629921 0.815686
HEV_arm.bmp
  18 -11.655343 0.198220 51.815951 -0.971086 0.215797 0.102098 0.763780 0.898039
  18 -11.318638 0.717823 52.968272 -0.939384 0.318995 0.125698 0.724409 0.925490
  18 -11.189356 1.167898 52.754451 -0.939384 0.318995 0.125698 0.692913 0.921569
HEV_arm.bmp
  18 -11.655343 0.198220 51.815951 -0.971086 0.215797 0.102098 0.763780 0.898039
  18 -11.331415 0.537660 53.441852 -0.927850 0.360281 0.096395 0.740157 0.945098
  18 -11.318638 0.717823 52.968272 -0.939384 0.318995 0.125698 0.724409 0.925490
HEV_arm.bmp
  18 -11.655343 0.198220 51.815951 -0.971086 0.215797 0.102098 0.763780 0.898039
  18 -11.266321 0.367228 54.691538 -0.873541 0.340616 0.347716 0.755906 0.980392
  18 -11.331415 0.537660 53.441852 -0.927850 0.360281 0.096395 0.740157 0.945098
HEV_arm.bmp
  18 -7.242815 1.167678 53.423790 0.914821 0.347308 -0.206105 0.338583 0.968627
  18 -6.900384 0.367538 53.831365 0.954625 0.296307 0.029901 0.251969 0.980392
  18 -7.136425 0.707762 53.181802 0.934912 0.305604 -0.180402 0.307087 0.960784
HEV_arm.bmp
  18 -7.136425 0.707762 53.181802 0.934912 0.305604 -0.180402 0.307087 0.960784
  18 -6.900384 0.367538 53.831365 0.954625 0.296307 0.029901 0.251969 0.980392
  18 -7.172399 0.537920 52.723044 0.934912 0.305604 -0.180402 0.291339 0.941176
HEV_arm.bmp
  18 -6.900384 0.367538 53.831365 0.954625 0.296307 0.029901 0.251969 0.980392
  18 -7.413698 0.248439 51.219523 0.955321 0.204604 -0.213305 0.236220 0.898039
  18 -7.172399 0.537920 52.723044 0.934912 0.305604 -0.180402 0.291339 0.941176
HEV_arm.bmp
  18 -7.172399 0.537920 52.723044 0.934912 0.305604 -0.180402 0.291339 0.941176
  18 -7.413698 0.248439 51.219523 0.955321 0.204604 -0.213305 0.236220 0.898039
  18 -7.347674 0.708073 52.278379 0.914821 0.347308 -0.206105 0.307087 0.925490
HEV_arm.bmp
  18 -7.413698 0.248439 51.219523 0.955321 0.204604 -0.213305 0.236220 0.898039
  18 -7.545745 1.158132 52.107454 0.915388 0.326795 -0.235097 0.338583 0.917647
  18 -7.347674 0.708073 52.278379 0.914821 0.347308 -0.206105 0.307087 0.925490
HEV_arm.bmp
  8 11.814005 -0.120972 49.630764 0.966923 -0.214705 0.137703 0.748031 0.815686
  8 11.230909 1.809027 49.633228 0.949856 0.305985 0.064397 0.629921 0.815686
  8 11.645121 0.188275 51.814922 0.971086 0.215797 0.102098 0.763780 0.898039
HEV_arm.bmp
  8 11.645121 0.188275 51.814922 0.971086 0.215797 0.102098 0.763780 0.898039
  8 11.230909 1.809027 49.633228 0.949856 0.305985 0.064397 0.629921 0.815686
  8 11.188083 1.157946 52.764372 0.939384 0.318994 0.125698 0.692913 0.921569
HEV_arm.bmp
  8 11.230909 1.809027 49.633228 0.949856 0.305985 0.064397 0.629921 0.815686
  8 10.926452 2.118014 52.567599 0.905453 0.405378 0.125793 0.629921 0.917647
  8 11.188083 1.157946 52.764372 0.939384 0.318994 0.125698 0.692913 0.921569
HEV_arm.bmp
  8 11.188083 1.157946 52.764372 0.939384 0.318994 0.125698 0.692913 0.921569
  8 10.926452 2.118014 52.567599 0.905453 0.405378 0.125793 0.629921 0.917647
  8 10.999964 1.597886 52.936603 0.942313 0.275304 0.190403 0.661417 0.925490
HEV_arm.bmp
  8 10.926452 2.118014 52.567599 0.905453 0.405378 0.125793 0.629921 0.917647
  8 10.873442 1.777728 53.396330 0.959728 0.249507 0.129104 0.645669 0.941176
  8 10.999964 1.597886 52.936603 0.942313 0.275304 0.190403 0.661417 0.925490
HEV_arm.bmp
  8 11.026454 1.157494 54.074782 0.949856 0.305985 0.064397 0.692913 0.968627
  8 11.266056 0.357281 54.691508 0.873541 0.340616 0.347716 0.755906 0.980392
  8 11.203626 0.707550 53.911499 0.927850 0.360280 0.096395 0.724409 0.960784
HEV_arm.bmp
  8 11.203626 0.707550 53.911499 0.927850 0.360280 0.096395 0.724409 0.960784
  8 11.266056 0.357281 54.691508 0.873541 0.340616 0.347716 0.755906 0.980392
  8 11.330148 0.527709 53.451772 0.927850 0.360280 0.096395 0.740157 0.945098
HEV_arm.bmp
  8 11.266056 0.357281 54.691508 0.873541 0.340616 0.347716 0.755906 0.980392
  8 11.645121 0.188275 51.814922 0.971086 0.215797 0.102098 0.763780 0.898039
  8 11.330148 0.527709 53.451772 0.927850 0.360280 0.096395 0.740157 0.945098
HEV_arm.bmp
  8 11.330148 0.527709 53.451772 0.927850 0.360280 0.096395 0.740157 0.945098
  8 11.645121 0.188275 51.814922 0.971086 0.215797 0.102098 0.763780 0.898039
  8 11.317368 0.707873 52.978192 0.939384 0.318994 0.125698 0.724409 0.925490
HEV_arm.bmp
  8 11.645121 0.188275 51.814922 0.971086 0.215797 0.102098 0.763780 0.898039
  8 11.188083 1.157946 52.764372 0.939384 0.318994 0.125698 0.692913 0.921569
  8 11.317368 0.707873 52.978192 0.939384 0.318994 0.125698 0.724409 0.925490
HEV_arm.bmp
  8 7.534521 1.158162 52.116389 -0.915388 0.326795 -0.235097 0.338583 0.917647
  8 7.403475 0.248472 51.218509 -0.955321 0.204605 -0.213305 0.236220 0.898039
  8 7.337451 0.708106 52.277365 -0.914821 0.347308 -0.206105 0.307087 0.925490
HEV_arm.bmp
  8 7.337451 0.708106 52.277365 -0.914821 0.347308 -0.206105 0.307087 0.925490
  8 7.403475 0.248472 51.218509 -0.955321 0.204605 -0.213305 0.236220 0.898039
  8 7.163176 0.527956 52.712076 -0.934912 0.305604 -0.180402 0.291339 0.941176
HEV_arm.bmp
  8 7.403475 0.248472 51.218509 -0.955321 0.204605 -0.213305 0.236220 0.898039
  8 6.891165 0.357573 53.820399 -0.954624 0.296308 0.029901 0.251969 0.980392
  8 7.163176 0.527956 52.712076 -0.934912 0.305604 -0.180402 0.291339 0.941176
HEV_arm.bmp
  8 7.163176 0.527956 52.712076 -0.934912 0.305604 -0.180402 0.291339 0.941176
  8 6.891165 0.357573 53.820399 -0.954624 0.296308 0.029901 0.251969 0.980392
  8 7.126205 0.707794 53.180788 -0.934912 0.305604 -0.180402 0.307087 0.960784
HEV_arm.bmp
  8 6.891165 0.357573 53.820399 -0.954624 0.296308 0.029901 0.251969 0.980392
  8 7.242543 1.157711 53.423771 -0.914821 0.347308 -0.206105 0.338583 0.968627
  8 7.126205 0.707794 53.180788 -0.934912 0.305604 -0.180402 0.307087 0.960784
HEV_arm.bmp
  18 -11.304375 1.559538 48.002327 -0.760013 0.649612 -0.019600 0.881890 0.713725
  18 -11.372330 1.419841 47.124678 -0.760013 0.649612 -0.019600 0.881890 0.670588
  18 -11.819776 -0.210488 48.073530 -0.994653 0.088696 0.052898 0.992126 0.698039
HEV_arm.bmp
  18 -11.819776 -0.210488 48.073530 -0.994653 0.088696 0.052898 0.992126 0.698039
  18 -11.372330 1.419841 47.124678 -0.760013 0.649612 -0.019600 0.881890 0.670588
  18 -11.874786 -0.150195 47.224802 -0.991630 -0.034901 0.124304 0.992126 0.619608
HEV_arm.bmp
  18 -11.372330 1.419841 47.124678 -0.760013 0.649612 -0.019600 0.881890 0.670588
  19 -11.440006 1.379863 46.149671 -0.647321 0.751324 0.128404 0.881890 0.588235
  18 -11.874786 -0.150195 47.224802 -0.991630 -0.034901 0.124304 0.992126 0.619608
HEV_arm.bmp
  18 -11.874786 -0.150195 47.224802 -0.991630 -0.034901 0.124304 0.992126 0.619608
  19 -11.440006 1.379863 46.149671 -0.647321 0.751324 0.128404 0.881890 0.588235
  19 -11.941169 -0.172829 46.463012 -0.943278 0.176196 0.281393 0.992126 0.545098
HEV_arm.bmp
  19 -11.440006 1.379863 46.149671 -0.647321 0.751324 0.128404 0.881890 0.588235
  19 -11.916023 1.359002 45.612389 -0.501297 0.750696 0.430298 0.881890 0.525490
  19 -11.941169 -0.172829 46.463012 -0.943278 0.176196 0.281393 0.992126 0.545098
HEV_arm.bmp
  9 11.914761 1.361464 45.622018 0.501298 0.750696 0.430298 0.881890 0.525490
  9 11.440683 1.377505 46.139987 0.647321 0.751324 0.128404 0.881890 0.588235
  9 11.941855 -0.175185 46.453328 0.943278 0.176196 0.281393 0.992126 0.545098
HEV_arm.bmp
  9 11.941855 -0.175185 46.453328 0.943278 0.176196 0.281393 0.992126 0.545098
  9 11.440683 1.377505 46.139987 0.647321 0.751324 0.128404 0.881890 0.588235
  8 11.864553 -0.150141 47.223776 0.991630 -0.034901 0.124304 0.992126 0.619608
HEV_arm.bmp
  9 11.440683 1.377505 46.139987 0.647321 0.751324 0.128404 0.881890 0.588235
  8 11.372040 1.419892 47.124651 0.772717 0.633514 -0.039601 0.881890 0.670588
  8 11.864553 -0.150141 47.223776 0.991630 -0.034901 0.124304 0.992126 0.619608
HEV_arm.bmp
  8 11.864553 -0.150141 47.223776 0.991630 -0.034901 0.124304 0.992126 0.619608
  8 11.372040 1.419892 47.124651 0.772717 0.633514 -0.039601 0.881890 0.670588
  8 11.819496 -0.210434 48.073502 0.994653 0.088696 0.052897 0.992126 0.698039
HEV_arm.bmp
  8 11.372040 1.419892 47.124651 0.772717 0.633514 -0.039601 0.881890 0.670588
  8 11.303088 1.559586 48.012250 0.772717 0.633514 -0.039601 0.881890 0.713725
  8 11.819496 -0.210434 48.073502 0.994653 0.088696 0.052897 0.992126 0.698039
HEV_arm.bmp
  8 11.819496 -0.210434 48.073502 0.861727 -0.019001 -0.507016 0.771654 0.752941
  8 11.303088 1.559586 48.012250 0.774834 0.458019 -0.435719 0.629921 0.752941
  8 11.903988 -0.010524 48.333304 0.921091 0.277897 -0.272697 0.748031 0.772549
HEV_arm.bmp
  8 11.903988 -0.010524 48.333304 0.921091 0.277897 -0.272697 0.748031 0.772549
  8 11.303088 1.559586 48.012250 0.774834 0.458019 -0.435719 0.629921 0.752941
  8 11.367680 1.659497 48.270021 0.755569 0.621474 -0.207091 0.629921 0.772549
HEV_arm.bmp
  8 11.303088 1.559586 48.012250 0.774834 0.458019 -0.435719 0.629921 0.752941
  8 10.071278 2.179633 47.868771 0.057900 0.867192 -0.494596 0.511811 0.752941
  8 11.367680 1.659497 48.270021 0.755569 0.621474 -0.207091 0.629921 0.772549
HEV_arm.bmp
  8 11.367680 1.659497 48.270021 0.755569 0.621474 -0.207091 0.629921 0.772549
  8 10.071278 2.179633 47.868771 0.057900 0.867192 -0.494596 0.511811 0.752941
  8 10.046320 2.319547 48.117570 0.130598 0.954583 -0.267796 0.511811 0.772549
HEV_arm.bmp
  8 10.071278 2.179633 47.868771 0.057900 0.867192 -0.494596 0.511811 0.752941
  8 8.735911 1.659600 47.955713 -0.617896 0.652495 -0.438697 0.401575 0.772549
  8 10.046320 2.319547 48.117570 0.130598 0.954583 -0.267796 0.511811 0.772549
HEV_arm.bmp
  19 -10.099003 -1.297350 37.176939 0.631372 0.454580 -0.628272 0.070866 0.000000
  19 -9.482386 -2.447954 37.712750 0.912793 0.013600 -0.408197 0.000000 0.011765
  19 -9.681079 -2.459587 37.435287 0.794637 -0.237911 -0.558526 0.000000 0.000000
HEV_arm.bmp
  19 -10.099003 -1.297350 37.176939 0.631372 0.454580 -0.628272 0.070866 0.000000
  19 -9.954160 -1.161956 37.418577 0.644519 0.601418 -0.472114 0.070866 0.011765
  19 -9.482386 -2.447954 37.712750 0.912793 0.013600 -0.408197 0.000000 0.011765
HEV_arm.bmp
  19 -10.099003 -1.297350 37.176939 0.631372 0.454580 -0.628272 0.070866 0.000000
  19 -11.064813 -0.594190 37.367664 -0.086902 0.863323 -0.497113 0.188976 0.011765
  19 -9.954160 -1.161956 37.418577 0.644519 0.601418 -0.472114 0.070866 0.011765
HEV_arm.bmp
  19 -10.099003 -1.297350 37.176939 0.631372 0.454580 -0.628272 0.070866 0.000000
  19 -11.109920 -0.780517 37.118370 -0.030801 0.803337 -0.594728 0.188976 0.000000
  19 -11.064813 -0.594190 37.367664 -0.086902 0.863323 -0.497113 0.188976 0.011765
HEV_arm.bmp
  19 -10.384536 1.948372 44.048391 0.069500 0.982991 -0.169998 0.157480 0.419608
  19 -12.100372 1.446903 45.277592 -0.546981 0.836071 0.042398 0.228346 0.443137
  19 -10.388542 1.804500 44.509243 0.155395 0.946271 0.283591 0.157480 0.450980
HEV_arm.bmp
  19 -10.384536 1.948372 44.048391 0.069500 0.982991 -0.169998 0.157480 0.419608
  19 -11.406536 -0.625274 38.569479 -0.323710 0.888729 -0.324611 0.204724 0.094118
  19 -12.100372 1.446903 45.277592 -0.546981 0.836071 0.042398 0.228346 0.443137
HEV_arm.bmp
  19 -10.384536 1.948372 44.048391 0.069500 0.982991 -0.169998 0.157480 0.419608
  19 -10.901692 -0.547261 38.292266 0.069798 0.912672 -0.402688 0.157480 0.082353
  19 -11.406536 -0.625274 38.569479 -0.323710 0.888729 -0.324611 0.204724 0.094118
HEV_arm.bmp
  19 -10.384536 1.948372 44.048391 0.069500 0.982991 -0.169998 0.157480 0.419608
  19 -9.942945 -1.049503 38.331719 0.630499 0.672198 -0.388099 0.070866 0.086275
  19 -10.901692 -0.547261 38.292266 0.069798 0.912672 -0.402688 0.157480 0.082353
HEV_arm.bmp
  19 -8.037362 -0.706382 44.702953 0.979376 -0.071698 0.188895 0.992126 0.419608
  19 -9.941204 -3.359486 38.949195 0.798380 -0.598985 -0.061698 0.921260 0.086275
  19 -9.542742 -2.216629 38.613775 0.967149 0.044497 -0.250287 0.992126 0.086275
HEV_arm.bmp
  19 -8.037362 -0.706382 44.702953 0.979376 -0.071698 0.188895 0.992126 0.419608
  19 -8.724260 -2.310576 45.368785 0.668783 -0.679182 0.302392 0.913386 0.419608
  19 -9.941204 -3.359486 38.949195 0.798380 -0.598985 -0.061698 0.921260 0.086275
HEV_arm.bmp
  19 -8.037362 -0.706382 44.702953 0.979376 -0.071698 0.188895 0.992126 0.419608
  19 -8.902180 -2.027342 45.699123 0.637385 -0.370392 0.675685 0.913386 0.450980
  19 -8.724260 -2.310576 45.368785 0.668783 -0.679182 0.302392 0.913386 0.419608
HEV_arm.bmp
  19 -8.037362 -0.706382 44.702953 0.979376 -0.071698 0.188895 0.992126 0.419608
  19 -8.297591 -0.590624 45.114391 0.849848 0.237213 0.470626 0.992126 0.450980
  19 -8.902180 -2.027342 45.699123 0.637385 -0.370392 0.675685 0.913386 0.450980
HEV_arm.bmp
  18 -11.819776 -0.210488 48.073530 -0.861727 -0.019001 -0.507016 0.771654 0.752941
  18 -11.303368 -1.700465 48.011151 -0.752021 -0.486513 -0.444712 0.889764 0.752941
  18 -11.914217 -0.400578 48.334195 -0.933964 -0.339987 -0.110096 0.771654 0.772549
HEV_arm.bmp
  18 -11.914217 -0.400578 48.334195 -0.933964 -0.339987 -0.110096 0.771654 0.772549
  18 -11.303368 -1.700465 48.011151 -0.752021 -0.486513 -0.444712 0.889764 0.752941
  18 -11.367959 -1.790554 48.268856 -0.647085 -0.739383 -0.185996 0.889764 0.772549
HEV_arm.bmp
  18 -11.303368 -1.700465 48.011151 -0.752021 -0.486513 -0.444712 0.889764 0.752941
  18 -10.071558 -2.290412 47.867251 -0.059303 -0.859946 -0.506927 0.992126 0.752941
  18 -11.367959 -1.790554 48.268856 -0.647085 -0.739383 -0.185996 0.889764 0.772549
HEV_arm.bmp
  18 -11.367959 -1.790554 48.268856 -0.647085 -0.739383 -0.185996 0.889764 0.772549
  18 -10.071558 -2.290412 47.867251 -0.059303 -0.859946 -0.506927 0.992126 0.752941
  18 -10.046598 -2.450497 48.115947 0.074198 -0.964776 -0.252394 0.992126 0.772549
HEV_arm.bmp
  18 -8.778455 2.637978 52.543207 0.429811 0.889723 -0.153804 0.464567 0.941176
  18 -9.859090 2.519030 49.485777 -0.031500 0.995407 -0.090401 0.511811 0.815686
  18 -9.379419 2.937934 52.663911 -0.031500 0.995407 -0.090401 0.511811 0.941176
HEV_arm.bmp
  18 -9.379419 2.937934 52.663911 -0.031500 0.995407 -0.090401 0.511811 0.941176
  18 -9.859090 2.519030 49.485777 -0.031500 0.995407 -0.090401 0.511811 0.815686
  18 -9.969431 2.597888 52.793345 -0.456777 0.888655 -0.040598 0.566929 0.941176
HEV_arm.bmp
  18 -9.859090 2.519030 49.485777 -0.031500 0.995407 -0.090401 0.511811 0.815686
  18 -10.963542 1.948989 49.596397 -0.456777 0.888655 -0.040598 0.614173 0.815686
  18 -9.969431 2.597888 52.793345 -0.456777 0.888655 -0.040598 0.566929 0.941176
HEV_arm.bmp
  18 -9.969431 2.597888 52.793345 -0.456777 0.888655 -0.040598 0.566929 0.941176
  18 -10.963542 1.948989 49.596397 -0.456777 0.888655 -0.040598 0.614173 0.815686
  18 -10.661142 2.238053 52.309863 -0.456777 0.888655 -0.040598 0.614173 0.913725
HEV_arm.bmp
  9 11.914761 1.361464 45.622018 0.351485 0.703869 0.617273 0.228346 0.466667
  9 12.099109 1.449366 45.287220 0.546981 0.836071 0.042398 0.228346 0.443137
  9 10.388243 1.804545 44.509218 -0.155395 0.946271 0.283591 0.157480 0.450980
HEV_arm.bmp
  9 10.388243 1.804545 44.509218 -0.155395 0.946271 0.283591 0.157480 0.450980
  9 12.099109 1.449366 45.287220 0.546981 0.836071 0.042398 0.228346 0.443137
  9 10.384236 1.948417 44.048366 -0.069499 0.982991 -0.169998 0.157480 0.419608
HEV_arm.bmp
  9 12.099109 1.449366 45.287220 0.546981 0.836071 0.042398 0.228346 0.443137
  9 11.397252 -0.627634 38.558798 0.323711 0.888729 -0.324611 0.204724 0.094118
  9 10.384236 1.948417 44.048366 -0.069499 0.982991 -0.169998 0.157480 0.419608
HEV_arm.bmp
  9 10.384236 1.948417 44.048366 -0.069499 0.982991 -0.169998 0.157480 0.419608
  9 11.397252 -0.627634 38.558798 0.323711 0.888729 -0.324611 0.204724 0.094118
  9 10.892407 -0.549625 38.281586 -0.069798 0.912672 -0.402688 0.157480 0.082353
HEV_arm.bmp
  9 8.288324 -0.592997 45.103717 -0.849848 0.237213 0.470626 0.992126 0.450980
  9 8.026158 -0.703939 44.711594 -0.979376 -0.071698 0.188895 0.992126 0.419608
  9 8.891954 -2.027304 45.698105 -0.637386 -0.370391 0.675685 0.913386 0.450980
HEV_arm.bmp
  9 8.891954 -2.027304 45.698105 -0.637386 -0.370391 0.675685 0.913386 0.450980
  9 8.026158 -0.703939 44.711594 -0.979376 -0.071698 0.188895 0.992126 0.419608
  9 8.715003 -2.312948 45.358111 -0.668783 -0.679182 0.302392 0.913386 0.419608
HEV_arm.bmp
  9 8.026158 -0.703939 44.711594 -0.979376 -0.071698 0.188895 0.992126 0.419608
  9 9.929997 -3.357036 38.957832 -0.798380 -0.598985 -0.061698 0.921260 0.086275
  9 8.715003 -2.312948 45.358111 -0.668783 -0.679182 0.302392 0.913386 0.419608
HEV_arm.bmp
  9 8.715003 -2.312948 45.358111 -0.668783 -0.679182 0.302392 0.913386 0.419608
  9 9.929997 -3.357036 38.957832 -0.798380 -0.598985 -0.061698 0.921260 0.086275
  9 10.883105 -3.801111 39.174585 -0.171195 -0.979267 0.108296 0.842520 0.082353
HEV_arm.bmp
  8 9.969150 2.597934 52.793321 0.456777 0.888654 -0.040598 0.566929 0.941176
  8 9.858800 2.519075 49.485754 0.031500 0.995407 -0.090401 0.511811 0.815686
  8 9.380134 2.927981 52.653935 0.031500 0.995407 -0.090401 0.511811 0.941176
HEV_arm.bmp
  8 9.380134 2.927981 52.653935 0.031500 0.995407 -0.090401 0.511811 0.941176
  8 9.858800 2.519075 49.485754 0.031500 0.995407 -0.090401 0.511811 0.815686
  8 8.778174 2.628018 52.543184 -0.429811 0.889723 -0.153804 0.464567 0.941176
HEV_arm.bmp
  8 9.858800 2.519075 49.485754 0.031500 0.995407 -0.090401 0.511811 0.815686
  8 8.750387 1.969132 49.314050 -0.429811 0.889723 -0.153804 0.425197 0.815686
  8 8.778174 2.628018 52.543184 -0.429811 0.889723 -0.153804 0.464567 0.941176
HEV_arm.bmp
  8 8.778174 2.628018 52.543184 -0.429811 0.889723 -0.153804 0.464567 0.941176
  8 8.750387 1.969132 49.314050 -0.429811 0.889723 -0.153804 0.425197 0.815686
  8 8.246030 2.258226 51.936902 -0.429811 0.889723 -0.153804 0.425197 0.913725
HEV_arm.bmp
  19 -12.156743 -1.098918 37.603120 0.000000 -0.976660 -0.214791 0.338583 0.011765
  19 -12.501093 -1.509494 39.479753 0.000000 -0.581295 -0.813693 0.440945 0.090196
  19 -12.651313 -1.511908 39.485071 0.000000 -0.728763 -0.684766 0.440945 0.090196
HEV_arm.bmp
  19 -12.651313 -1.511908 39.485071 0.000000 -0.728763 -0.684766 0.440945 0.090196
  19 -12.501093 -1.509494 39.479753 0.000000 -0.581295 -0.813693 0.440945 0.090196
  19 -12.655375 -2.426706 39.744743 0.000000 0.083798 -0.996483 0.535433 0.090196
HEV_arm.bmp
  19 -12.501093 -1.509494 39.479753 0.000000 -0.581295 -0.813693 0.440945 0.090196
  19 -12.505155 -2.424291 39.739424 0.000000 0.292610 -0.956232 0.535433 0.090196
  19 -12.655375 -2.426706 39.744743 0.000000 0.083798 -0.996483 0.535433 0.090196
HEV_arm.bmp
  19 -12.655375 -2.426706 39.744743 0.000000 0.083798 -0.996483 0.535433 0.090196
  19 -12.505155 -2.424291 39.739424 0.000000 0.292610 -0.956232 0.535433 0.090196
  19 -12.161355 -3.678176 38.257340 0.000000 0.766061 -0.642768 0.645669 0.011765
HEV_arm.bmp
  18 -8.871608 1.569647 47.707983 0.746207 0.648105 -0.152101 0.637795 0.737255
  18 -10.163419 1.989904 46.953325 -0.005200 0.991734 -0.128204 0.755906 0.670588
  18 -10.072569 2.189592 47.858848 -0.171408 0.969944 -0.172708 0.755906 0.725490
HEV_arm.bmp
  18 -8.871608 1.569647 47.707983 0.746207 0.648105 -0.152101 0.637795 0.737255
  18 -8.929612 1.419950 46.829333 0.746207 0.648105 -0.152101 0.637795 0.670588
  18 -10.163419 1.989904 46.953325 -0.005200 0.991734 -0.128204 0.755906 0.670588
HEV_arm.bmp
  18 -8.871608 1.569647 47.707983 0.746207 0.648105 -0.152101 0.637795 0.737255
  18 -8.409210 -0.150040 46.806727 0.995561 0.039998 -0.085197 0.511811 0.670588
  18 -8.929612 1.419950 46.829333 0.746207 0.648105 -0.152101 0.637795 0.670588
HEV_arm.bmp
  18 -8.871608 1.569647 47.707983 0.746207 0.648105 -0.152101 0.637795 0.737255
  18 -8.354200 -0.200333 47.655457 0.986513 -0.140602 -0.083801 0.511811 0.741176
  18 -8.409210 -0.150040 46.806727 0.995561 0.039998 -0.085197 0.511811 0.670588
HEV_arm.bmp
  8 8.189660 -0.010378 47.890279 -0.863430 0.305411 -0.401514 0.251969 0.772549
  8 8.735911 1.659600 47.955713 -0.617896 0.652495 -0.438697 0.401575 0.772549
  8 8.343969 -0.210297 47.654437 -0.774578 -0.022399 -0.632082 0.244094 0.752941
HEV_arm.bmp
  8 8.343969 -0.210297 47.654437 -0.774578 -0.022399 -0.632082 0.244094 0.752941
  8 8.735911 1.659600 47.955713 -0.617896 0.652495 -0.438697 0.401575 0.772549
  8 8.870320 1.569682 47.717913 -0.615626 0.559423 -0.555023 0.401575 0.752941
HEV_arm.bmp
  8 8.735911 1.659600 47.955713 -0.617896 0.652495 -0.438697 0.401575 0.772549
  8 10.071278 2.179633 47.868771 0.057900 0.867192 -0.494596 0.511811 0.752941
  8 8.870320 1.569682 47.717913 -0.615626 0.559423 -0.555023 0.401575 0.752941
HEV_arm.bmp
  19 -11.663532 -1.640482 46.625229 -0.687579 -0.605081 0.401388 0.110236 0.525490
  19 -10.356213 -2.568567 46.031787 0.185296 -0.856584 0.481591 0.244094 0.513725
  18 -10.178382 -2.120044 46.802656 -0.142796 -0.977871 0.152896 0.244094 0.619608
HEV_arm.bmp
  18 -10.178382 -2.120044 46.802656 -0.142796 -0.977871 0.152896 0.244094 0.619608
  19 -10.356213 -2.568567 46.031787 0.185296 -0.856584 0.481591 0.244094 0.513725
  18 -8.954562 -1.569964 46.579549 0.782462 -0.615471 0.094596 0.385827 0.619608
HEV_arm.bmp
  19 -10.356213 -2.568567 46.031787 0.185296 -0.856584 0.481591 0.244094 0.513725
  19 -8.902180 -2.027342 45.699123 0.718523 -0.597419 0.356111 0.385827 0.505882
  18 -8.954562 -1.569964 46.579549 0.782462 -0.615471 0.094596 0.385827 0.619608
HEV_arm.bmp
  19 -11.039783 -4.243533 38.316910 0.025101 -0.993931 -0.107103 0.811024 0.011765
  19 -9.947854 -3.738805 38.081454 0.742975 -0.605379 -0.285490 0.921260 0.011765
  19 -9.787136 -3.553591 38.982157 0.633971 -0.771765 0.049598 0.921260 0.086275
HEV_arm.bmp
  19 -9.787136 -3.553591 38.982157 0.633971 -0.771765 0.049598 0.921260 0.086275
  19 -9.947854 -3.738805 38.081454 0.742975 -0.605379 -0.285490 0.921260 0.011765
  19 -9.294719 -2.228734 38.581556 0.974563 -0.161394 -0.155494 0.992126 0.086275
HEV_arm.bmp
  19 -9.947854 -3.738805 38.081454 0.742975 -0.605379 -0.285490 0.921260 0.011765
  19 -9.482386 -2.447954 37.712750 0.912793 0.013600 -0.408197 0.992126 0.011765
  19 -9.294719 -2.228734 38.581556 0.974563 -0.161394 -0.155494 0.992126 0.086275
HEV_arm.bmp
  18 -10.874715 1.787680 53.386409 -0.959728 0.249507 0.129104 0.645669 0.941176
  18 -10.925733 2.127960 52.577579 -0.905452 0.405379 0.125793 0.629921 0.917647
  18 -11.000239 1.607835 52.936632 -0.942313 0.275304 0.190403 0.661417 0.925490
HEV_arm.bmp
  18 -11.000239 1.607835 52.936632 -0.942313 0.275304 0.190403 0.661417 0.925490
  18 -10.925733 2.127960 52.577579 -0.905452 0.405379 0.125793 0.629921 0.917647
  18 -11.189356 1.167898 52.754451 -0.939384 0.318995 0.125698 0.692913 0.921569
HEV_arm.bmp
  18 -10.925733 2.127960 52.577579 -0.905452 0.405379 0.125793 0.629921 0.917647
  18 -11.241145 1.818975 49.634257 -0.949856 0.305986 0.064397 0.629921 0.815686
  18 -11.189356 1.167898 52.754451 -0.939384 0.318995 0.125698 0.692913 0.921569
HEV_arm.bmp
  9 9.472140 -2.447915 37.711731 -0.912793 0.013600 -0.408197 0.992126 0.011765
  9 9.936646 -3.736355 38.090092 -0.742975 -0.605379 -0.285490 0.921260 0.011765
  9 9.285443 -2.231105 38.570881 -0.974563 -0.161394 -0.155494 0.992126 0.086275
HEV_arm.bmp
  9 9.285443 -2.231105 38.570881 -0.974563 -0.161394 -0.155494 0.992126 0.086275
  9 9.936646 -3.736355 38.090092 -0.742975 -0.605379 -0.285490 0.921260 0.011765
  9 9.775930 -3.551141 38.990795 -0.633971 -0.771764 0.049598 0.921260 0.086275
HEV_arm.bmp
  9 9.936646 -3.736355 38.090092 -0.742975 -0.605379 -0.285490 0.921260 0.011765
  9 11.029548 -4.243487 38.315888 -0.025101 -0.993931 -0.107103 0.811024 0.011765
  9 9.775930 -3.551141 38.990795 -0.633971 -0.771764 0.049598 0.921260 0.086275
HEV_arm.bmp
  9 11.053588 -0.591735 37.376298 0.086903 0.863323 -0.497113 0.188976 0.011765
  9 10.088750 -1.297308 37.175918 -0.631372 0.454580 -0.628272 0.070866 0.000000
  9 9.944876 -1.164324 37.407899 -0.644519 0.601418 -0.472114 0.070866 0.011765
HEV_arm.bmp
  9 9.944876 -1.164324 37.407899 -0.644519 0.601418 -0.472114 0.070866 0.011765
  9 10.088750 -1.297308 37.175918 -0.631372 0.454580 -0.628272 0.070866 0.000000
  9 9.472140 -2.447915 37.711731 -0.912793 0.013600 -0.408197 0.000000 0.011765
HEV_arm.bmp
  9 10.088750 -1.297308 37.175918 -0.631372 0.454580 -0.628272 0.070866 0.000000
  9 9.670833 -2.459548 37.434267 -0.794637 -0.237911 -0.558526 0.000000 0.000000
  9 9.472140 -2.447915 37.711731 -0.912793 0.013600 -0.408197 0.000000 0.011765
HEV_arm.bmp
  8 10.071288 -2.310367 47.867222 0.059303 -0.859947 -0.506927 0.992126 0.752941
  8 11.293145 -1.700414 48.010127 0.752021 -0.486514 -0.444712 0.889764 0.752941
  8 11.357737 -1.800502 48.267829 0.647085 -0.739383 -0.185996 0.889764 0.772549
HEV_arm.bmp
  8 11.357737 -1.800502 48.267829 0.647085 -0.739383 -0.185996 0.889764 0.772549
  8 11.293145 -1.700414 48.010127 0.752021 -0.486514 -0.444712 0.889764 0.752941
  8 11.903989 -0.410524 48.333166 0.933963 -0.339987 -0.110096 0.771654 0.772549
HEV_arm.bmp
  8 11.293145 -1.700414 48.010127 0.752021 -0.486514 -0.444712 0.889764 0.752941
  8 11.819496 -0.210434 48.073502 0.861727 -0.019001 -0.507016 0.771654 0.752941
  8 11.903989 -0.410524 48.333166 0.933963 -0.339987 -0.110096 0.771654 0.772549
HEV_arm.bmp
  9 12.651986 -1.514263 39.475384 0.000000 -0.728763 -0.684766 0.440945 0.090196
  9 12.645134 -2.426651 39.743716 0.000000 0.083798 -0.996483 0.535433 0.090196
  9 12.491817 -1.511849 39.469068 0.000000 -0.581295 -0.813693 0.440945 0.090196
HEV_arm.bmp
  9 12.491817 -1.511849 39.469068 0.000000 -0.581295 -0.813693 0.440945 0.090196
  9 12.645134 -2.426651 39.743716 0.000000 0.083798 -0.996483 0.535433 0.090196
  9 12.494915 -2.424237 39.738397 0.000000 0.292610 -0.956232 0.535433 0.090196
HEV_arm.bmp
  9 12.645134 -2.426651 39.743716 0.000000 0.083798 -0.996483 0.535433 0.090196
  9 12.151117 -3.678124 38.256314 0.000000 0.766061 -0.642768 0.645669 0.011765
  9 12.494915 -2.424237 39.738397 0.000000 0.292610 -0.956232 0.535433 0.090196
HEV_arm.bmp
  8 11.364059 -1.540135 47.203230 0.714399 -0.673899 0.188400 0.110236 0.619608
  8 10.178108 -2.129999 46.802630 0.142796 -0.977871 0.152896 0.244094 0.619608
  9 11.654275 -1.642838 46.614547 0.687579 -0.605081 0.401388 0.110236 0.525490
HEV_arm.bmp
  9 11.654275 -1.642838 46.614547 0.687579 -0.605081 0.401388 0.110236 0.525490
  8 10.178108 -2.129999 46.802630 0.142796 -0.977871 0.152896 0.244094 0.619608
  9 10.346718 -2.580635 46.023506 -0.185297 -0.856584 0.481591 0.244094 0.513725
HEV_arm.bmp
  8 10.178108 -2.129999 46.802630 0.142796 -0.977871 0.152896 0.244094 0.619608
  8 8.954285 -1.569925 46.579530 -0.782463 -0.615470 0.094596 0.385827 0.619608
  9 10.346718 -2.580635 46.023506 -0.185297 -0.856584 0.481591 0.244094 0.513725
HEV_arm.bmp
  8 8.870320 1.569682 47.717913 -0.741101 0.659001 -0.128400 0.637795 0.737255
  8 8.398977 -0.160004 46.805707 -0.995561 0.039999 -0.085197 0.511811 0.670588
  8 8.343969 -0.210297 47.654437 -0.986513 -0.140602 -0.083801 0.511811 0.741176
HEV_arm.bmp
  8 8.343969 -0.210297 47.654437 -0.986513 -0.140602 -0.083801 0.511811 0.741176
  8 8.398977 -0.160004 46.805707 -0.995561 0.039999 -0.085197 0.511811 0.670588
  8 8.954285 -1.569925 46.579530 -0.782463 -0.615470 0.094596 0.385827 0.619608
HEV_arm.bmp
  8 8.398977 -0.160004 46.805707 -0.995561 0.039999 -0.085197 0.511811 0.670588
  9 8.475088 -0.245140 45.946934 -0.991933 0.124604 0.023301 0.511811 0.588235
  8 8.954285 -1.569925 46.579530 -0.782463 -0.615470 0.094596 0.385827 0.619608
HEV_arm.bmp
  18 -9.859090 2.519030 49.485777 -0.031500 0.995407 -0.090401 0.511811 0.815686
  18 -8.778455 2.637978 52.543207 0.429811 0.889723 -0.153804 0.464567 0.941176
  18 -8.750674 1.969093 49.314071 0.429811 0.889723 -0.153804 0.425197 0.815686
HEV_arm.bmp
  18 -8.750674 1.969093 49.314071 0.429811 0.889723 -0.153804 0.425197 0.815686
  18 -8.778455 2.637978 52.543207 0.429811 0.889723 -0.153804 0.464567 0.941176
  18 -8.246312 2.258188 51.936921 0.429811 0.889723 -0.153804 0.425197 0.913725
HEV_arm.bmp
  18 -11.025726 1.167439 54.084761 -0.949856 0.305986 0.064397 0.692913 0.968627
  18 -11.203894 0.717498 53.911529 -0.927850 0.360281 0.096395 0.724409 0.960784
  18 -11.266321 0.367228 54.691538 -0.873541 0.340616 0.347716 0.755906 0.980392
HEV_arm.bmp
  18 -11.266321 0.367228 54.691538 -0.873541 0.340616 0.347716 0.755906 0.980392
  18 -11.203894 0.717498 53.911529 -0.927850 0.360281 0.096395 0.724409 0.960784
  18 -11.331415 0.537660 53.441852 -0.927850 0.360281 0.096395 0.740157 0.945098
HEV_arm.bmp
  8 10.660862 2.238102 52.309838 0.456777 0.888654 -0.040598 0.614173 0.913725
  8 10.963256 1.949039 49.596371 0.456777 0.888654 -0.040598 0.614173 0.815686
  8 9.969150 2.597934 52.793321 0.456777 0.888654 -0.040598 0.566929 0.941176
HEV_arm.bmp
  8 9.969150 2.597934 52.793321 0.456777 0.888654 -0.040598 0.566929 0.941176
  8 10.963256 1.949039 49.596371 0.456777 0.888654 -0.040598 0.614173 0.815686
  8 9.858800 2.519075 49.485754 0.031500 0.995407 -0.090401 0.511811 0.815686
HEV_arm.bmp
  18 -10.071793 2.577756 53.175466 -0.468801 0.883303 0.001300 0.582677 0.949020
  18 -9.099284 3.107386 54.253946 0.064398 0.941470 0.330889 0.511811 0.980392
  18 -9.324576 2.967815 53.010176 -0.031500 0.995407 -0.090401 0.511811 0.949020
HEV_arm.bmp
  18 -9.324576 2.967815 53.010176 -0.031500 0.995407 -0.090401 0.511811 0.949020
  18 -9.099284 3.107386 54.253946 0.064398 0.941470 0.330889 0.511811 0.980392
  18 -8.563414 2.607861 52.883428 0.429811 0.889723 -0.153804 0.456693 0.949020
HEV_arm.bmp
  18 -7.605743 2.117404 54.214299 0.696289 0.491592 0.522991 0.401575 0.996078
  18 -9.099284 3.107386 54.253946 0.064398 0.941470 0.330889 0.511811 0.980392
  18 -9.034524 2.867302 54.498620 0.140197 0.725784 0.673485 0.511811 0.996078
HEV_arm.bmp
  18 -9.034524 2.867302 54.498620 0.140197 0.725784 0.673485 0.511811 0.996078
  18 -9.099284 3.107386 54.253946 0.064398 0.941470 0.330889 0.511811 0.980392
  18 -10.423500 2.117201 54.778430 -0.405002 0.472102 0.783003 0.629921 0.996078
HEV_arm.bmp
  8 10.071513 2.557802 53.175436 0.468802 0.883302 0.001300 0.582677 0.949020
  8 9.323296 2.967854 53.020104 0.031500 0.995407 -0.090401 0.511811 0.949020
  8 9.098006 3.087425 54.263867 -0.064398 0.941470 0.330889 0.511811 0.980392
HEV_arm.bmp
  8 9.098006 3.087425 54.263867 -0.064398 0.941470 0.330889 0.511811 0.980392
  8 9.323296 2.967854 53.020104 0.031500 0.995407 -0.090401 0.511811 0.949020
  8 8.563133 2.597900 52.883405 -0.429811 0.889723 -0.153804 0.456693 0.949020
HEV_arm.bmp
  8 7.595518 2.107439 54.213280 -0.696288 0.491592 0.522991 0.401575 0.996078
  8 9.035244 2.857347 54.488645 -0.140197 0.725784 0.673485 0.511811 0.996078
  8 9.098006 3.087425 54.263867 -0.064398 0.941470 0.330889 0.511811 0.980392
HEV_arm.bmp
  8 9.098006 3.087425 54.263867 -0.064398 0.941470 0.330889 0.511811 0.980392
  8 9.035244 2.857347 54.488645 -0.140197 0.725784 0.673485 0.511811 0.996078
  8 10.422229 2.107246 54.788352 0.405002 0.472102 0.783003 0.629921 0.996078
HEV_arm.bmp
  18 -10.163419 1.989904 46.953325 -0.005200 0.991734 -0.128204 0.755906 0.670588
  18 -8.929612 1.419950 46.829333 0.746207 0.648105 -0.152101 0.637795 0.670588
  19 -10.241527 1.918599 45.874332 0.095501 0.991811 -0.084801 0.755906 0.588235
HEV_arm.bmp
  18 -11.303368 -1.700465 48.011151 -0.754544 -0.654138 -0.052603 0.110236 0.713725
  18 -11.819776 -0.210488 48.073530 -0.994653 0.088696 0.052898 0.000000 0.698039
  18 -11.874786 -0.150195 47.224802 -0.991630 -0.034901 0.124304 0.000000 0.619608
HEV_arm.bmp
  18 -10.178382 -2.120044 46.802656 -0.142796 -0.977871 0.152896 0.244094 0.619608
  18 -11.364335 -1.540186 47.203256 -0.714399 -0.673899 0.188400 0.110236 0.619608
  19 -11.663532 -1.640482 46.625229 -0.687579 -0.605081 0.401388 0.110236 0.525490
HEV_arm.bmp
  19 -12.092635 -1.234304 37.340517 -0.090000 -0.246701 -0.964903 0.944882 0.737255
  19 -11.109920 -0.780517 37.118370 -0.090000 -0.246701 -0.964903 0.960630 0.741176
  19 -12.512206 -2.369865 37.665879 -0.090000 -0.246701 -0.964903 0.937008 0.729412
HEV_arm.bmp
  19 -12.783960 -0.250016 46.276878 -0.892957 0.127594 0.431679 0.496063 0.458824
  19 -12.651313 -1.511908 39.485071 -0.947340 0.305813 -0.095004 0.440945 0.090196
  19 -12.655375 -2.426706 39.744743 -0.939614 -0.334005 0.074601 0.535433 0.090196
HEV_arm.bmp
  19 -9.482386 -2.447954 37.712750 0.912793 0.013600 -0.408197 0.000000 0.011765
  19 -9.799480 -0.857797 38.259148 0.812584 0.488390 -0.318093 0.070866 0.086275
  19 -9.294719 -2.228734 38.581556 0.974563 -0.161394 -0.155494 0.000000 0.086275
HEV_arm.bmp
  19 -10.388542 1.804500 44.509243 0.155395 0.946271 0.283591 0.157480 0.450980
  19 -12.100372 1.446903 45.277592 -0.546981 0.836071 0.042398 0.228346 0.443137
  19 -11.916023 1.359002 45.612389 -0.351485 0.703870 0.617273 0.228346 0.466667
HEV_arm.bmp
  19 -12.088480 -1.991886 46.496643 -0.598299 -0.684398 0.416699 0.771654 0.450980
  19 -12.135067 -3.249944 40.322462 -0.643497 -0.748796 0.158799 0.740157 0.125490
  19 -11.404441 -3.585595 39.390570 -0.309093 -0.935679 0.170196 0.803150 0.090196
HEV_arm.bmp
  19 -12.622933 -2.360653 37.964634 -0.980064 -0.041998 -0.194193 0.488189 0.015686
  19 -12.161355 -3.678176 38.257340 -0.692183 -0.716782 -0.084298 0.645669 0.011765
  19 -12.505155 -2.424291 39.739424 -0.986469 -0.153195 0.058398 0.535433 0.090196
HEV_arm.bmp
  19 -10.893340 -3.801158 39.175607 0.171194 -0.979267 0.108296 0.842520 0.082353
  19 -9.941204 -3.359486 38.949195 0.798380 -0.598985 -0.061698 0.921260 0.086275
  19 -8.724260 -2.310576 45.368785 0.668783 -0.679182 0.302392 0.913386 0.419608
HEV_arm.bmp
  19 -12.135975 -0.461843 39.513147 -0.658883 0.715481 -0.232294 0.251969 0.117647
  19 -12.100372 1.446903 45.277592 -0.546981 0.836071 0.042398 0.228346 0.443137
  19 -11.406536 -0.625274 38.569479 -0.323710 0.888729 -0.324611 0.204724 0.094118
HEV_arm.bmp
  18 -11.014507 0.177158 54.897361 -0.522810 -0.007600 0.852415 0.763780 0.996078
  18 -10.423500 2.117201 54.778430 -0.405002 0.472102 0.783003 0.629921 0.996078
  18 -11.266321 0.367228 54.691538 -0.873541 0.340616 0.347716 0.755906 0.980392
HEV_arm.bmp
  18 -6.900384 0.367538 53.831365 0.954625 0.296307 0.029901 0.251969 0.980392
  18 -7.605743 2.117404 54.214299 0.696289 0.491592 0.522991 0.401575 0.996078
  18 -7.013727 0.177444 54.103978 0.850019 -0.006600 0.526711 0.244094 0.996078
HEV_arm.bmp
  18 -10.046598 -2.450497 48.115947 0.074198 -0.964776 -0.252394 0.000000 0.772549
  18 -8.566771 -1.780709 48.741564 0.635908 -0.757810 -0.146102 0.110236 0.803922
  18 -9.927928 -2.480767 48.897996 -0.161997 -0.986679 -0.014900 0.000000 0.803922
HEV_arm.bmp
  18 -9.033510 -2.362701 54.506764 0.144698 -0.652791 0.743590 0.992126 0.996078
  18 -10.422491 -1.612802 54.787092 -0.393304 -0.462504 0.794608 0.889764 0.996078
  18 -9.196771 -2.582624 54.281864 -0.368713 -0.823628 0.430915 0.992126 0.980392
HEV_arm.bmp
  18 -11.014507 0.177158 54.897361 -0.522810 -0.007600 0.852415 0.763780 0.996078
  18 -11.265321 -0.012775 54.701357 -0.724988 -0.303495 0.618290 0.771654 0.980392
  18 -10.422491 -1.612802 54.787092 -0.393304 -0.462504 0.794608 0.889764 0.996078
HEV_arm.bmp
  18 -9.958676 -2.480869 49.192537 -0.466001 -0.883201 0.052900 0.992126 0.811765
  18 -9.196771 -2.582624 54.281864 -0.368713 -0.823628 0.430915 0.992126 0.980392
  18 -11.226293 -1.790937 49.380265 -0.629011 -0.773613 0.076601 0.889764 0.811765
HEV_arm.bmp
  18 -9.033510 -2.362701 54.506764 0.144698 -0.652791 0.743590 0.000000 0.996078
  18 -8.987820 -2.582616 54.260899 0.505111 -0.773016 0.383808 0.000000 0.980392
  18 -7.605732 -1.612596 54.213011 0.691820 -0.478214 0.541015 0.110236 0.996078
HEV_arm.bmp
  18 -7.605732 -1.612596 54.213011 0.691820 -0.478214 0.541015 0.110236 0.996078
  18 -6.900383 -0.012462 53.831234 0.916919 -0.306306 0.255805 0.236220 0.980392
  18 -7.013727 0.177444 54.103978 0.850019 -0.006600 0.526711 0.244094 0.996078
HEV_arm.bmp
  18 -11.819776 -0.210488 48.073530 -0.861727 -0.019001 -0.507016 0.771654 0.752941
  18 -11.914218 -0.000578 48.334333 -0.921091 0.277897 -0.272697 0.748031 0.772549
  18 -11.304375 1.559538 48.002327 -0.774834 0.458020 -0.435719 0.629921 0.752941
HEV_arm.bmp
  18 -10.046612 2.319502 48.117594 -0.130598 0.954583 -0.267796 0.511811 0.772549
  18 -11.277119 1.759133 49.175536 -0.658907 0.751809 -0.025000 0.629921 0.807843
  18 -9.924914 2.459188 49.030051 0.141894 0.976354 -0.163092 0.511811 0.807843
HEV_arm.bmp
  18 -8.199892 -0.000414 47.891299 0.863430 0.305410 -0.401514 0.251969 0.772549
  18 -8.566748 1.779256 48.843291 0.800495 0.545396 -0.248498 0.401575 0.807843
  18 -7.996630 0.159302 48.715177 0.900172 0.333189 -0.280491 0.283465 0.807843
HEV_arm.bmp
  9 12.783676 -0.249959 46.276848 0.892957 0.127594 0.431679 0.496063 0.458824
  9 12.645134 -2.426651 39.743716 0.939614 -0.334005 0.074601 0.535433 0.090196
  9 12.651986 -1.514263 39.475384 0.947340 0.305813 -0.095004 0.440945 0.090196
HEV_arm.bmp
  9 12.078255 -1.991832 46.495617 0.598298 -0.684398 0.416699 0.771654 0.450980
  9 11.394205 -3.585547 39.389546 0.309093 -0.935679 0.170196 0.803150 0.090196
  9 12.124833 -3.249891 40.321436 0.643496 -0.748796 0.158799 0.740157 0.125490
HEV_arm.bmp
  9 12.621668 -2.358190 37.974262 0.980064 -0.041999 -0.194193 0.488189 0.015686
  9 12.494915 -2.424237 39.738397 0.986469 -0.153195 0.058398 0.535433 0.090196
  9 12.151117 -3.678124 38.256314 0.692183 -0.716782 -0.084298 0.645669 0.011765
HEV_arm.bmp
  9 9.932693 -1.049462 38.330698 -0.630499 0.672198 -0.388099 0.070866 0.086275
  9 10.384236 1.948417 44.048366 -0.069499 0.982991 -0.169998 0.157480 0.419608
  9 10.892407 -0.549625 38.281586 -0.069798 0.912672 -0.402688 0.157480 0.082353
HEV_arm.bmp
  9 9.929997 -3.357036 38.957832 -0.798380 -0.598985 -0.061698 0.921260 0.086275
  9 8.026158 -0.703939 44.711594 -0.979376 -0.071698 0.188895 0.992126 0.419608
  9 9.532498 -2.216590 38.612756 -0.967149 0.044498 -0.250287 0.992126 0.086275
HEV_arm.bmp
  9 12.125724 -0.461790 39.512121 0.658883 0.715481 -0.232294 0.251969 0.117647
  9 11.397252 -0.627634 38.558798 0.323711 0.888729 -0.324611 0.204724 0.094118
  9 12.099109 1.449366 45.287220 0.546981 0.836071 0.042398 0.228346 0.443137
HEV_arm.bmp
  8 11.013245 0.157206 54.907279 0.522810 -0.007600 0.852415 0.763780 0.996078
  8 11.266056 0.357281 54.691508 0.873541 0.340616 0.347716 0.755906 0.980392
  8 10.422229 2.107246 54.788352 0.405002 0.472102 0.783003 0.629921 0.996078
HEV_arm.bmp
  8 11.357737 -1.800502 48.267829 0.647085 -0.739383 -0.185996 0.889764 0.772549
  8 10.046330 -2.460453 48.115921 -0.074198 -0.964776 -0.252394 0.992126 0.772549
  8 10.071288 -2.310367 47.867222 0.059303 -0.859947 -0.506927 0.992126 0.752941
HEV_arm.bmp
  8 6.891165 0.357573 53.820399 -0.954624 0.296308 0.029901 0.251969 0.980392
  8 7.003511 0.167476 54.102961 -0.850019 -0.006600 0.526711 0.244094 0.996078
  8 7.595518 2.107439 54.213280 -0.696288 0.491592 0.522991 0.401575 0.996078
HEV_arm.bmp
  8 10.046330 -2.460453 48.115921 -0.074198 -0.964776 -0.252394 0.000000 0.772549
  8 9.918710 -2.490719 48.887022 0.161996 -0.986679 -0.014900 0.000000 0.803922
  8 8.556551 -1.800671 48.740540 -0.635908 -0.757809 -0.146102 0.110236 0.803922
HEV_arm.bmp
  8 9.023308 -2.372659 54.505743 -0.144698 -0.652791 0.743590 0.992126 0.996078
  8 9.186569 -2.602581 54.280839 0.368713 -0.823628 0.430915 0.992126 0.980392
  8 10.422236 -1.622753 54.787065 0.393304 -0.462504 0.794608 0.889764 0.996078
HEV_arm.bmp
  8 11.013245 0.157206 54.907279 0.522810 -0.007600 0.852415 0.763780 0.996078
  8 10.422236 -1.622753 54.787065 0.393304 -0.462504 0.794608 0.889764 0.996078
  8 11.266056 -0.022719 54.691377 0.724988 -0.303495 0.618290 0.771654 0.980392
HEV_arm.bmp
  8 9.947462 -2.490827 49.201464 0.466001 -0.883201 0.052900 0.992126 0.811765
  8 11.216074 -1.800886 49.379238 0.629011 -0.773613 0.076601 0.889764 0.811765
  8 9.186569 -2.602581 54.280839 0.368713 -0.823628 0.430915 0.992126 0.980392
HEV_arm.bmp
  8 9.023308 -2.372659 54.505743 -0.144698 -0.652791 0.743590 0.000000 0.996078
  8 7.594527 -1.622564 54.221944 -0.691820 -0.478213 0.541015 0.110236 0.996078
  8 8.977618 -2.602575 54.259874 -0.505111 -0.773016 0.383808 0.000000 0.980392
HEV_arm.bmp
  8 7.594527 -1.622564 54.221944 -0.691820 -0.478213 0.541015 0.110236 0.996078
  8 7.003511 0.167476 54.102961 -0.850019 -0.006600 0.526711 0.244094 0.996078
  8 6.890168 -0.022430 53.830218 -0.916919 -0.306306 0.255805 0.236220 0.980392
HEV_arm.bmp
  19 -10.388542 1.804500 44.509243 0.063100 0.997600 -0.028500 0.755906 0.513725
  19 -11.916023 1.359002 45.612389 -0.501297 0.750696 0.430298 0.881890 0.525490
  19 -11.440006 1.379863 46.149671 -0.647321 0.751324 0.128404 0.881890 0.588235
HEV_arm.bmp
  9 12.491817 -1.511849 39.469068 0.000000 -0.581295 -0.813693 0.440945 0.090196
  9 12.156440 -1.098866 37.603092 0.000000 -0.976660 -0.214791 0.338583 0.011765
  9 12.651986 -1.514263 39.475384 0.000000 -0.728763 -0.684766 0.440945 0.090196
HEV_arm.bmp
  8 11.864553 -0.150141 47.223776 0.991630 -0.034901 0.124304 0.000000 0.619608
  8 11.819496 -0.210434 48.073502 0.994653 0.088696 0.052897 0.000000 0.698039
  8 11.293145 -1.700414 48.010127 0.754544 -0.654138 -0.052603 0.110236 0.713725
HEV_arm.bmp
  9 10.388243 1.804545 44.509218 -0.063100 0.997600 -0.028500 0.755906 0.513725
  9 11.440683 1.377505 46.139987 0.647321 0.751324 0.128404 0.881890 0.588235
  9 11.914761 1.361464 45.622018 0.501298 0.750696 0.430298 0.881890 0.525490
HEV_arm.bmp
  8 10.071278 2.179633 47.868771 0.171408 0.969944 -0.172708 0.755906 0.725490
  8 10.163125 1.989949 46.953301 0.005200 0.991734 -0.128204 0.755906 0.670588
  8 8.870320 1.569682 47.717913 -0.741101 0.659001 -0.128400 0.637795 0.737255
HEV_Lambda_Sign_chrome.bmp
  4 -0.010139 -7.589987 55.403428 -0.069403 -0.815330 -0.574821 0.000000 0.000000
  4 0.789862 -7.529308 55.610593 0.328597 -0.796092 -0.508195 0.000000 0.000000
  4 -0.010139 -7.711118 55.579857 0.098903 -0.969533 0.224108 0.000000 0.000000
HEV_Lambda_Sign_chrome.bmp
  4 -0.010139 -7.711118 55.579857 0.098903 -0.969533 0.224108 0.000000 0.000000
  4 0.789862 -7.529308 55.610593 0.328597 -0.796092 -0.508195 0.000000 0.000000
  4 0.719862 -7.650951 55.777035 0.111500 -0.954000 0.278300 0.000000 0.000000
HEV_Lambda_Sign_chrome.bmp
  4 0.789862 -7.529308 55.610593 0.328597 -0.796092 -0.508195 0.000000 0.000000
  4 1.379863 -7.359814 56.182668 0.638498 -0.724698 -0.259099 0.000000 0.000000
  4 0.719862 -7.650951 55.777035 0.111500 -0.954000 0.278300 0.000000 0.000000
HEV_Lambda_Sign_chrome.bmp
  4 0.719862 -7.650951 55.777035 0.111500 -0.954000 0.278300 0.000000 0.000000
  4 1.379863 -7.359814 56.182668 0.638498 -0.724698 -0.259099 0.000000 0.000000
  4 1.269863 -7.493490 56.309675 0.094300 -0.938801 0.331300 0.000000 0.000000
HEV_Lambda_Sign_chrome.bmp
  4 1.379863 -7.359814 56.182668 0.638498 -0.724698 -0.259099 0.000000 0.000000
  4 1.599864 -7.129128 56.971898 0.777486 -0.619989 0.105498 0.000000 0.000000
  4 1.269863 -7.493490 56.309675 0.094300 -0.938801 0.331300 0.000000 0.000000
HEV_Lambda_Sign_chrome.bmp
  4 1.269863 -7.493490 56.309675 0.094300 -0.938801 0.331300 0.000000 0.000000
  4 1.599864 -7.129128 56.971898 0.777486 -0.619989 0.105498 0.000000 0.000000
  4 1.469864 -7.306845 57.021056 0.051899 -0.927982 0.368993 0.000000 0.000000
HEV_Lambda_Sign_chrome.bmp
  4 1.599864 -7.129128 56.971898 0.777486 -0.619989 0.105498 0.000000 0.000000
  4 1.379866 -6.898952 57.751141 0.708083 -0.510188 0.488188 0.000000 0.000000
  4 1.469864 -7.306845 57.021056 0.051899 -0.927982 0.368993 0.000000 0.000000
HEV_Lambda_Sign_chrome.bmp
  4 1.469864 -7.306845 57.021056 0.051899 -0.927982 0.368993 0.000000 0.000000
  4 1.379866 -6.898952 57.751141 0.708083 -0.510188 0.488188 0.000000 0.000000
  4 1.269865 -7.089727 57.740890 -0.004500 -0.924484 0.381193 0.000000 0.000000
HEV_Lambda_Sign_chrome.bmp
  4 1.379866 -6.898952 57.751141 0.708083 -0.510188 0.488188 0.000000 0.000000
  4 0.789867 -6.738932 58.333717 0.448918 -0.424817 0.786132 0.000000 0.000000
  4 1.269865 -7.089727 57.740890 -0.004500 -0.924484 0.381193 0.000000 0.000000
HEV_Lambda_Sign_chrome.bmp
  4 1.269865 -7.089727 57.740890 -0.004500 -0.924484 0.381193 0.000000 0.000000
  4 0.789867 -6.738932 58.333717 0.448918 -0.424817 0.786132 0.000000 0.000000
  4 0.719866 -6.932265 58.273531 -0.059701 -0.929208 0.364703 0.000000 0.000000
HEV_Lambda_Sign_chrome.bmp
  4 0.789867 -6.738932 58.333717 0.448918 -0.424817 0.786132 0.000000 0.000000
  4 -0.010133 -6.688238 58.541396 0.069399 -0.386697 0.919592 0.000000 0.000000
  4 0.719866 -6.932265 58.273531 -0.059701 -0.929208 0.364703 0.000000 0.000000
HEV_Lambda_Sign_chrome.bmp
  4 0.719866 -6.932265 58.273531 -0.059701 -0.929208 0.364703 0.000000 0.000000
  4 -0.010133 -6.688238 58.541396 0.069399 -0.386697 0.919592 0.000000 0.000000
  4 -0.010133 -6.882082 58.471223 -0.098898 -0.940979 0.323693 0.000000 0.000000
HEV_Lambda_Sign_chrome.bmp
  4 -0.010133 -6.688238 58.541396 0.069399 -0.386697 0.919592 0.000000 0.000000
  4 -0.830133 -6.738418 58.343706 -0.328613 -0.405816 0.852834 0.000000 0.000000
  4 -0.010133 -6.882082 58.471223 -0.098898 -0.940979 0.323693 0.000000 0.000000
HEV_Lambda_Sign_chrome.bmp
  4 -0.010133 -6.882082 58.471223 -0.098898 -0.940979 0.323693 0.000000 0.000000
  4 -0.830133 -6.738418 58.343706 -0.328613 -0.405816 0.852834 0.000000 0.000000
  4 -0.760134 -6.932775 58.263546 -0.111599 -0.956485 0.269596 0.000000 0.000000
HEV_Lambda_Sign_chrome.bmp
  4 -0.830133 -6.738418 58.343706 -0.328613 -0.405816 0.852834 0.000000 0.000000
  4 -1.420134 -6.898949 57.751145 -0.638597 -0.477098 0.603797 0.000000 0.000000
  4 -0.760134 -6.932775 58.263546 -0.111599 -0.956485 0.269596 0.000000 0.000000
HEV_Lambda_Sign_chrome.bmp
  4 -0.760134 -6.932775 58.263546 -0.111599 -0.956485 0.269596 0.000000 0.000000
  4 -1.420134 -6.898949 57.751145 -0.638597 -0.477098 0.603797 0.000000 0.000000
  4 -1.310135 -7.089723 57.740894 -0.094300 -0.971696 0.216599 0.000000 0.000000
HEV_Lambda_Sign_chrome.bmp
  4 -1.420134 -6.898949 57.751145 -0.638597 -0.477098 0.603797 0.000000 0.000000
  4 -1.640136 -7.128612 56.981890 -0.777396 -0.581797 0.239099 0.000000 0.000000
  4 -1.310135 -7.089723 57.740894 -0.094300 -0.971696 0.216599 0.000000 0.000000
HEV_Lambda_Sign_chrome.bmp
  4 -1.310135 -7.089723 57.740894 -0.094300 -0.971696 0.216599 0.000000 0.000000
  4 -1.640136 -7.128612 56.981890 -0.777396 -0.581797 0.239099 0.000000 0.000000
  4 -1.510136 -7.296854 57.020549 -0.051602 -0.982530 0.178805 0.000000 0.000000
HEV_Lambda_Sign_chrome.bmp
  4 -1.640136 -7.128612 56.981890 -0.777396 -0.581797 0.239099 0.000000 0.000000
  4 -1.420137 -7.349312 56.192147 -0.707891 -0.691591 -0.143498 0.000000 0.000000
  4 -1.510136 -7.296854 57.020549 -0.051602 -0.982530 0.178805 0.000000 0.000000
HEV_Lambda_Sign_chrome.bmp
  4 -1.510136 -7.296854 57.020549 -0.051602 -0.982530 0.178805 0.000000 0.000000
  4 -1.420137 -7.349312 56.192147 -0.707891 -0.691591 -0.143498 0.000000 0.000000
  4 -1.310137 -7.493487 56.309679 0.004600 -0.985981 0.166797 0.000000 0.000000
HEV_Lambda_Sign_chrome.bmp
  4 -1.420137 -7.349312 56.192147 -0.707891 -0.691591 -0.143498 0.000000 0.000000
  4 -0.830138 -7.529306 55.610595 -0.448804 -0.777006 -0.441403 0.000000 0.000000
  4 -1.310137 -7.493487 56.309679 0.004600 -0.985981 0.166797 0.000000 0.000000
HEV_Lambda_Sign_chrome.bmp
  4 -1.310137 -7.493487 56.309679 0.004600 -0.985981 0.166797 0.000000 0.000000
  4 -0.830138 -7.529306 55.610595 -0.448804 -0.777006 -0.441403 0.000000 0.000000
  4 -0.760138 -7.650949 55.777037 0.059801 -0.981217 0.183403 0.000000 0.000000
HEV_Lambda_Sign_chrome.bmp
  4 -0.830138 -7.529306 55.610595 -0.448804 -0.777006 -0.441403 0.000000 0.000000
  4 -0.010139 -7.589987 55.403428 -0.069403 -0.815330 -0.574821 0.000000 0.000000
  4 -0.760138 -7.650949 55.777037 0.059801 -0.981217 0.183403 0.000000 0.000000
HEV_Lambda_Sign_chrome.bmp
  4 -0.760138 -7.650949 55.777037 0.059801 -0.981217 0.183403 0.000000 0.000000
  4 -0.010139 -7.589987 55.403428 -0.069403 -0.815330 -0.574821 0.000000 0.000000
  4 -0.010139 -7.711118 55.579857 0.098903 -0.969533 0.224108 0.000000 0.000000
HEV_Lambda_Sign_chrome.bmp
  4 -0.010139 -7.711118 55.579857 0.098903 -0.969533 0.224108 0.000000 0.000000
  4 0.719862 -7.650951 55.777035 0.111500 -0.954000 0.278300 0.000000 0.000000
  4 -0.010138 -7.504728 55.699452 -0.063102 -0.484115 0.872726 0.000000 0.000000
HEV_Lambda_Sign_chrome.bmp
  4 -0.010138 -7.504728 55.699452 -0.063102 -0.484115 0.872726 0.000000 0.000000
  4 0.719862 -7.650951 55.777035 0.111500 -0.954000 0.278300 0.000000 0.000000
  4 0.629862 -7.455571 55.877169 -0.407301 -0.518701 0.751702 0.000000 0.000000
HEV_Lambda_Sign_chrome.bmp
  4 0.719862 -7.650951 55.777035 0.111500 -0.954000 0.278300 0.000000 0.000000
  4 1.269863 -7.493490 56.309675 0.094300 -0.938801 0.331300 0.000000 0.000000
  4 0.629862 -7.455571 55.877169 -0.407301 -0.518701 0.751702 0.000000 0.000000
HEV_Lambda_Sign_chrome.bmp
  4 0.629862 -7.455571 55.877169 -0.407301 -0.518701 0.751702 0.000000 0.000000
  4 1.269863 -7.493490 56.309675 0.094300 -0.938801 0.331300 0.000000 0.000000
  4 1.119863 -7.312190 56.330426 -0.642483 -0.596384 0.481187 0.000000 0.000000
HEV_Lambda_Sign_chrome.bmp
  4 1.269863 -7.493490 56.309675 0.094300 -0.938801 0.331300 0.000000 0.000000
  4 1.469864 -7.306845 57.021056 0.051899 -0.927982 0.368993 0.000000 0.000000
  4 1.119863 -7.312190 56.330426 -0.642483 -0.596384 0.481187 0.000000 0.000000
HEV_Lambda_Sign_chrome.bmp
  4 1.119863 -7.312190 56.330426 -0.642483 -0.596384 0.481187 0.000000 0.000000
  4 1.469864 -7.306845 57.021056 0.051899 -0.927982 0.368993 0.000000 0.000000
  4 1.299864 -7.128616 56.981885 -0.705622 -0.695821 0.133904 0.000000 0.000000
HEV_Lambda_Sign_chrome.bmp
  4 1.469864 -7.306845 57.021056 0.051899 -0.927982 0.368993 0.000000 0.000000
  4 1.269865 -7.089727 57.740890 -0.004500 -0.924484 0.381193 0.000000 0.000000
  4 1.299864 -7.128616 56.981885 -0.705622 -0.695821 0.133904 0.000000 0.000000
HEV_Lambda_Sign_chrome.bmp
  4 1.299864 -7.128616 56.981885 -0.705622 -0.695821 0.133904 0.000000 0.000000
  4 1.269865 -7.089727 57.740890 -0.004500 -0.924484 0.381193 0.000000 0.000000
  4 1.119865 -6.946063 57.613372 -0.579513 -0.790818 -0.196904 0.000000 0.000000
HEV_Lambda_Sign_chrome.bmp
  4 1.269865 -7.089727 57.740890 -0.004500 -0.924484 0.381193 0.000000 0.000000
  4 0.719866 -6.932265 58.273531 -0.059701 -0.929208 0.364703 0.000000 0.000000
  4 1.119865 -6.946063 57.613372 -0.579513 -0.790818 -0.196904 0.000000 0.000000
HEV_Lambda_Sign_chrome.bmp
  4 1.119865 -6.946063 57.613372 -0.579513 -0.790818 -0.196904 0.000000 0.000000
  4 0.719866 -6.932265 58.273531 -0.059701 -0.929208 0.364703 0.000000 0.000000
  4 0.629866 -6.812157 58.077128 -0.298111 -0.855729 -0.422915 0.000000 0.000000
HEV_Lambda_Sign_chrome.bmp
  4 0.719866 -6.932265 58.273531 -0.059701 -0.929208 0.364703 0.000000 0.000000
  4 -0.010133 -6.882082 58.471223 -0.098898 -0.940979 0.323693 0.000000 0.000000
  4 0.629866 -6.812157 58.077128 -0.298111 -0.855729 -0.422915 0.000000 0.000000
HEV_Lambda_Sign_chrome.bmp
  4 0.629866 -6.812157 58.077128 -0.298111 -0.855729 -0.422915 0.000000 0.000000
  4 -0.010133 -6.882082 58.471223 -0.098898 -0.940979 0.323693 0.000000 0.000000
  4 -0.010134 -6.772985 58.255358 0.063001 -0.873014 -0.483608 0.000000 0.000000
HEV_Lambda_Sign_chrome.bmp
  4 -0.010133 -6.882082 58.471223 -0.098898 -0.940979 0.323693 0.000000 0.000000
  4 -0.760134 -6.932775 58.263546 -0.111599 -0.956485 0.269596 0.000000 0.000000
  4 -0.010134 -6.772985 58.255358 0.063001 -0.873014 -0.483608 0.000000 0.000000
HEV_Lambda_Sign_chrome.bmp
  4 -0.010134 -6.772985 58.255358 0.063001 -0.873014 -0.483608 0.000000 0.000000
  4 -0.760134 -6.932775 58.263546 -0.111599 -0.956485 0.269596 0.000000 0.000000
  4 -0.670134 -6.812155 58.077130 0.407374 -0.838246 -0.362477 0.000000 0.000000
HEV_Lambda_Sign_chrome.bmp
  4 -0.760134 -6.932775 58.263546 -0.111599 -0.956485 0.269596 0.000000 0.000000
  4 -1.310135 -7.089723 57.740894 -0.094300 -0.971696 0.216599 0.000000 0.000000
  4 -0.670134 -6.812155 58.077130 0.407374 -0.838246 -0.362477 0.000000 0.000000
HEV_Lambda_Sign_chrome.bmp
  4 -0.670134 -6.812155 58.077130 0.407374 -0.838246 -0.362477 0.000000 0.000000
  4 -1.310135 -7.089723 57.740894 -0.094300 -0.971696 0.216599 0.000000 0.000000
  4 -1.160135 -6.945549 57.623362 0.642675 -0.760571 -0.092197 0.000000 0.000000
HEV_Lambda_Sign_chrome.bmp
  4 -1.310135 -7.089723 57.740894 -0.094300 -0.971696 0.216599 0.000000 0.000000
  4 -1.510136 -7.296854 57.020549 -0.051602 -0.982530 0.178805 0.000000 0.000000
  4 -1.160135 -6.945549 57.623362 0.642675 -0.760571 -0.092197 0.000000 0.000000
HEV_Lambda_Sign_chrome.bmp
  4 -1.160135 -6.945549 57.623362 0.642675 -0.760571 -0.092197 0.000000 0.000000
  4 -1.510136 -7.296854 57.020549 -0.051602 -0.982530 0.178805 0.000000 0.000000
  4 -1.340136 -7.128612 56.981889 0.705715 -0.661014 0.255005 0.000000 0.000000
HEV_Lambda_Sign_chrome.bmp
  4 -1.510136 -7.296854 57.020549 -0.051602 -0.982530 0.178805 0.000000 0.000000
  4 -1.310137 -7.493487 56.309679 0.004600 -0.985981 0.166797 0.000000 0.000000
  4 -1.340136 -7.128612 56.981889 0.705715 -0.661014 0.255005 0.000000 0.000000
HEV_Lambda_Sign_chrome.bmp
  4 -1.340136 -7.128612 56.981889 0.705715 -0.661014 0.255005 0.000000 0.000000
  4 -1.310137 -7.493487 56.309679 0.004600 -0.985981 0.166797 0.000000 0.000000
  4 -1.160137 -7.312187 56.330429 0.579490 -0.566191 0.586190 0.000000 0.000000
HEV_Lambda_Sign_chrome.bmp
  4 -1.310137 -7.493487 56.309679 0.004600 -0.985981 0.166797 0.000000 0.000000
  4 -0.760138 -7.650949 55.777037 0.059801 -0.981217 0.183403 0.000000 0.000000
  4 -1.160137 -7.312187 56.330429 0.579490 -0.566191 0.586190 0.000000 0.000000
HEV_Lambda_Sign_chrome.bmp
  4 -1.160137 -7.312187 56.330429 0.579490 -0.566191 0.586190 0.000000 0.000000
  4 -0.760138 -7.650949 55.777037 0.059801 -0.981217 0.183403 0.000000 0.000000
  4 -0.670138 -7.446094 55.866672 0.298307 -0.501312 0.812219 0.000000 0.000000
HEV_Lambda_Sign_chrome.bmp
  4 -0.760138 -7.650949 55.777037 0.059801 -0.981217 0.183403 0.000000 0.000000
  4 -0.010139 -7.711118 55.579857 0.098903 -0.969533 0.224108 0.000000 0.000000
  4 -0.670138 -7.446094 55.866672 0.298307 -0.501312 0.812219 0.000000 0.000000
HEV_Lambda_Sign_chrome.bmp
  4 -0.670138 -7.446094 55.866672 0.298307 -0.501312 0.812219 0.000000 0.000000
  4 -0.010139 -7.711118 55.579857 0.098903 -0.969533 0.224108 0.000000 0.000000
  4 -0.010138 -7.504728 55.699452 -0.063102 -0.484115 0.872726 0.000000 0.000000
HEV_Lambda_Sign_chrome.bmp
  4 0.789863 -7.313213 56.310452 0.506308 -0.860214 -0.060701 0.000000 0.000000
  4 0.589863 -7.444843 56.477407 0.192097 -0.928187 0.318696 0.000000 0.000000
  4 0.149863 -7.361347 56.152709 -0.125498 -0.926483 -0.354794 0.000000 0.000000
HEV_Lambda_Sign_chrome.bmp
  4 0.149863 -7.361347 56.152709 -0.125498 -0.926483 -0.354794 0.000000 0.000000
  4 0.589863 -7.444843 56.477407 0.192097 -0.928187 0.318696 0.000000 0.000000
  4 0.269863 -7.468910 56.398535 -0.193898 -0.955990 0.220198 0.000000 0.000000
HEV_Lambda_Sign_chrome.bmp
  4 0.589863 -7.444843 56.477407 0.192097 -0.928187 0.318696 0.000000 0.000000
  4 0.389863 -7.251509 56.537593 0.292390 -0.639880 0.710677 0.000000 0.000000
  4 0.269863 -7.468910 56.398535 -0.193898 -0.955990 0.220198 0.000000 0.000000
HEV_Lambda_Sign_chrome.bmp
  4 0.269863 -7.468910 56.398535 -0.193898 -0.955990 0.220198 0.000000 0.000000
  4 0.389863 -7.251509 56.537593 0.292390 -0.639880 0.710677 0.000000 0.000000
  4 0.049864 -7.248209 57.188277 0.147004 -0.941227 0.304109 0.000000 0.000000
HEV_Lambda_Sign_chrome.bmp
  4 0.389863 -7.251509 56.537593 0.292390 -0.639880 0.710677 0.000000 0.000000
  4 0.019866 -6.872837 57.869963 0.377609 -0.614116 0.693017 0.000000 0.000000
  4 0.049864 -7.248209 57.188277 0.147004 -0.941227 0.304109 0.000000 0.000000
HEV_Lambda_Sign_chrome.bmp
  4 0.049864 -7.248209 57.188277 0.147004 -0.941227 0.304109 0.000000 0.000000
  4 0.019866 -6.872837 57.869963 0.377609 -0.614116 0.693017 0.000000 0.000000
  4 -0.090135 -7.079738 57.740380 -0.193898 -0.955990 0.220198 0.000000 0.000000
HEV_Lambda_Sign_chrome.bmp
  4 0.019866 -6.872837 57.869963 0.377609 -0.614116 0.693017 0.000000 0.000000
  4 -0.390135 -7.089213 57.750879 -0.200305 -0.942421 0.267806 0.000000 0.000000
  4 -0.090135 -7.079738 57.740380 -0.193898 -0.955990 0.220198 0.000000 0.000000
HEV_Lambda_Sign_chrome.bmp
  4 -0.090135 -7.079738 57.740380 -0.193898 -0.955990 0.220198 0.000000 0.000000
  4 -0.390135 -7.089213 57.750879 -0.200305 -0.942421 0.267806 0.000000 0.000000
  4 -0.210135 -6.969617 57.544489 -0.249207 -0.901624 -0.353510 0.000000 0.000000
HEV_Lambda_Sign_chrome.bmp
  4 -0.390135 -7.089213 57.750879 -0.200305 -0.942421 0.267806 0.000000 0.000000
  4 -0.560135 -6.969617 57.544489 -0.409094 -0.895885 -0.173297 0.000000 0.000000
  4 -0.210135 -6.969617 57.544489 -0.249207 -0.901624 -0.353510 0.000000 0.000000
HEV_Lambda_Sign_chrome.bmp
  4 -0.570137 -7.457386 56.427985 -0.166198 -0.975888 0.141498 0.000000 0.000000
  4 -0.010136 -7.177772 56.804170 -0.074799 -0.983386 -0.165398 0.000000 0.000000
  4 0.049864 -7.248209 57.188277 0.147004 -0.941227 0.304109 0.000000 0.000000
HEV_Lambda_Sign_chrome.bmp
  4 -0.570137 -7.457386 56.427985 -0.166198 -0.975888 0.141498 0.000000 0.000000
  4 -0.580137 -7.371845 56.143235 -0.025301 -0.952236 -0.304312 0.000000 0.000000
  4 -0.010136 -7.177772 56.804170 -0.074799 -0.983386 -0.165398 0.000000 0.000000
HEV_Lambda_Sign_chrome.bmp
  4 -0.570137 -7.457386 56.427985 -0.166198 -0.975888 0.141498 0.000000 0.000000
  4 -0.760137 -7.288120 56.409300 -0.658766 -0.718263 0.223888 0.000000 0.000000
  4 -0.580137 -7.371845 56.143235 -0.025301 -0.952236 -0.304312 0.000000 0.000000
HEV_Lambda_Sign_chrome.bmp
  4 -0.570137 -7.457386 56.427985 -0.166198 -0.975888 0.141498 0.000000 0.000000
  4 -0.120135 -7.067933 57.189054 -0.659593 -0.672092 0.336496 0.000000 0.000000
  4 -0.760137 -7.288120 56.409300 -0.658766 -0.718263 0.223888 0.000000 0.000000
HEV_Lambda_Sign_chrome.bmp
  4 -0.570137 -7.457386 56.427985 -0.166198 -0.975888 0.141498 0.000000 0.000000
  4 0.049864 -7.248209 57.188277 0.147004 -0.941227 0.304109 0.000000 0.000000
  4 -0.120135 -7.067933 57.189054 -0.659593 -0.672092 0.336496 0.000000 0.000000
HEV_Lambda_Sign_chrome.bmp
  4 0.149863 -7.361347 56.152709 -0.125498 -0.926483 -0.354794 0.000000 0.000000
  4 0.269863 -7.468910 56.398535 -0.193898 -0.955990 0.220198 0.000000 0.000000
  4 -0.010136 -7.177772 56.804170 -0.074799 -0.983386 -0.165398 0.000000 0.000000
HEV_Lambda_Sign_chrome.bmp
  4 -0.010136 -7.177772 56.804170 -0.074799 -0.983386 -0.165398 0.000000 0.000000
  4 0.269863 -7.468910 56.398535 -0.193898 -0.955990 0.220198 0.000000 0.000000
  4 0.049864 -7.248209 57.188277 0.147004 -0.941227 0.304109 0.000000 0.000000
HEV_Lambda_Sign_chrome.bmp
  4 0.389863 -7.251509 56.537593 0.292390 -0.639880 0.710677 0.000000 0.000000
  4 0.589863 -7.444843 56.477407 0.192097 -0.928187 0.318696 0.000000 0.000000
  4 0.709863 -7.226931 56.626451 0.292390 -0.639880 0.710677 0.000000 0.000000
HEV_Lambda_Sign_chrome.bmp
  4 0.709863 -7.226931 56.626451 0.292390 -0.639880 0.710677 0.000000 0.000000
  4 0.589863 -7.444843 56.477407 0.192097 -0.928187 0.318696 0.000000 0.000000
  4 0.789863 -7.313213 56.310452 0.506308 -0.860214 -0.060701 0.000000 0.000000
HEV_Lambda_Sign_chrome.bmp
  4 -0.210135 -6.969617 57.544489 -0.249207 -0.901624 -0.353510 0.000000 0.000000
  4 -0.120135 -7.067933 57.189054 -0.659593 -0.672092 0.336496 0.000000 0.000000
  4 -0.090135 -7.079738 57.740380 -0.193898 -0.955990 0.220198 0.000000 0.000000
HEV_Lambda_Sign_chrome.bmp
  4 -0.090135 -7.079738 57.740380 -0.193898 -0.955990 0.220198 0.000000 0.000000
  4 -0.120135 -7.067933 57.189054 -0.659593 -0.672092 0.336496 0.000000 0.000000
  4 0.049864 -7.248209 57.188277 0.147004 -0.941227 0.304109 0.000000 0.000000
HEV_Lambda_Sign_chrome.bmp
  4 0.019866 -6.872837 57.869963 0.377609 -0.614116 0.693017 0.000000 0.000000
  4 -0.560134 -6.873859 57.849990 -0.413300 -0.670800 0.615800 0.000000 0.000000
  4 -0.390135 -7.089213 57.750879 -0.200305 -0.942421 0.267806 0.000000 0.000000
HEV_Lambda_Sign_chrome.bmp
  4 -0.390135 -7.089213 57.750879 -0.200305 -0.942421 0.267806 0.000000 0.000000
  4 -0.560134 -6.873859 57.849990 -0.413300 -0.670800 0.615800 0.000000 0.000000
  4 -0.560135 -6.969617 57.544489 -0.409094 -0.895885 -0.173297 0.000000 0.000000
rubbergloveCHROME.bmp
  24 -10.750283 -1.858647 32.962435 0.697588 0.683388 -0.215296 0.000000 0.000000
  25 -10.836091 -2.736991 32.077619 0.737707 -0.673207 0.050801 0.000000 0.000000
  25 -10.843115 -2.078070 31.984484 0.635196 0.745495 -0.201899 0.000000 0.000000
rubbergloveCHROME.bmp
  25 -10.843115 -2.078070 31.984484 0.635196 0.745495 -0.201899 0.000000 0.000000
  25 -10.836091 -2.736991 32.077619 0.737707 -0.673207 0.050801 0.000000 0.000000
  26 -10.745686 -2.615918 31.074488 0.975314 -0.073301 -0.208303 0.000000 0.000000
rubbergloveCHROME.bmp
  25 -10.836091 -2.736991 32.077619 0.737707 -0.673207 0.050801 0.000000 0.000000
  26 -10.914253 -2.859622 30.959626 0.376195 -0.753491 -0.539193 0.000000 0.000000
  26 -10.745686 -2.615918 31.074488 0.975314 -0.073301 -0.208303 0.000000 0.000000
rubbergloveCHROME.bmp
  26 -10.745686 -2.615918 31.074488 0.975314 -0.073301 -0.208303 0.000000 0.000000
  26 -10.914253 -2.859622 30.959626 0.376195 -0.753491 -0.539193 0.000000 0.000000
  26 -10.906786 -2.424127 30.844787 0.585008 0.342605 -0.735110 0.000000 0.000000
rubbergloveCHROME.bmp
  26 -10.914253 -2.859622 30.959626 0.376195 -0.753491 -0.539193 0.000000 0.000000
  26 -11.320793 -2.366147 30.833104 -0.298399 0.425599 -0.854297 0.000000 0.000000
  26 -10.906786 -2.424127 30.844787 0.585008 0.342605 -0.735110 0.000000 0.000000
rubbergloveCHROME.bmp
  26 -10.906786 -2.424127 30.844787 0.585008 0.342605 -0.735110 0.000000 0.000000
  26 -11.320793 -2.366147 30.833104 -0.298399 0.425599 -0.854297 0.000000 0.000000
  25 -10.843115 -2.078070 31.984484 0.635196 0.745495 -0.201899 0.000000 0.000000
rubbergloveCHROME.bmp
  26 -11.320793 -2.366147 30.833104 -0.298399 0.425599 -0.854297 0.000000 0.000000
  25 -11.568413 -2.122418 31.933722 -0.706338 0.643835 -0.294216 0.000000 0.000000
  25 -10.843115 -2.078070 31.984484 0.635196 0.745495 -0.201899 0.000000 0.000000
rubbergloveCHROME.bmp
  25 -10.843115 -2.078070 31.984484 0.635196 0.745495 -0.201899 0.000000 0.000000
  25 -11.568413 -2.122418 31.933722 -0.706338 0.643835 -0.294216 0.000000 0.000000
  24 -10.750283 -1.858647 32.962435 0.697588 0.683388 -0.215296 0.000000 0.000000
rubbergloveCHROME.bmp
  25 -11.568413 -2.122418 31.933722 -0.706338 0.643835 -0.294216 0.000000 0.000000
  24 -11.780480 -1.942497 32.911814 -0.797167 0.543278 -0.263389 0.000000 0.000000
  24 -10.750283 -1.858647 32.962435 0.697588 0.683388 -0.215296 0.000000 0.000000
rubbergloveCHROME.bmp
  24 -10.750283 -1.858647 32.962435 0.697588 0.683388 -0.215296 0.000000 0.000000
  24 -11.780480 -1.942497 32.911814 -0.797167 0.543278 -0.263389 0.000000 0.000000
  24 -10.731674 -1.693879 33.748949 0.697588 0.683388 -0.215296 0.000000 0.000000
rubbergloveCHROME.bmp
  24 -11.780480 -1.942497 32.911814 -0.797167 0.543278 -0.263389 0.000000 0.000000
  24 -11.892942 -1.685937 33.894529 -0.765595 0.622696 -0.161599 0.000000 0.000000
  24 -10.731674 -1.693879 33.748949 0.697588 0.683388 -0.215296 0.000000 0.000000
rubbergloveCHROME.bmp
  24 -10.731674 -1.693879 33.748949 0.697588 0.683388 -0.215296 0.000000 0.000000
  24 -11.892942 -1.685937 33.894529 -0.765595 0.622696 -0.161599 0.000000 0.000000
  20 -11.216296 -1.184330 35.874953 -0.101596 0.989163 -0.105996 0.000000 0.000000
rubbergloveCHROME.bmp
  24 -11.892942 -1.685937 33.894529 -0.765595 0.622696 -0.161599 0.000000 0.000000
  19 -11.849565 -1.407074 37.659527 -0.590489 0.771586 0.236596 0.000000 0.000000
  20 -11.216296 -1.184330 35.874953 -0.101596 0.989163 -0.105996 0.000000 0.000000
rubbergloveCHROME.bmp
  20 -11.216296 -1.184330 35.874953 -0.101596 0.989163 -0.105996 0.000000 0.000000
  19 -11.849565 -1.407074 37.659527 -0.590489 0.771586 0.236596 0.000000 0.000000
  19 -10.484173 -1.137677 37.444984 0.698594 0.696494 0.163898 0.000000 0.000000
rubbergloveCHROME.bmp
  19 -11.849565 -1.407074 37.659527 -0.590489 0.771586 0.236596 0.000000 0.000000
  19 -11.186828 -1.859786 38.555089 0.019200 0.401810 0.915522 0.000000 0.000000
  19 -10.484173 -1.137677 37.444984 0.698594 0.696494 0.163898 0.000000 0.000000
rubbergloveCHROME.bmp
  19 -10.484173 -1.137677 37.444984 0.698594 0.696494 0.163898 0.000000 0.000000
  19 -11.186828 -1.859786 38.555089 0.019200 0.401810 0.915522 0.000000 0.000000
  19 -10.393688 -2.213135 38.045901 0.869205 0.198401 0.452902 0.000000 0.000000
rubbergloveCHROME.bmp
  19 -11.186828 -1.859786 38.555089 0.019200 0.401810 0.915522 0.000000 0.000000
  19 -10.471542 -3.154713 38.371432 0.590730 -0.267213 0.761338 0.000000 0.000000
  19 -10.393688 -2.213135 38.045901 0.869205 0.198401 0.452902 0.000000 0.000000
rubbergloveCHROME.bmp
  19 -10.393688 -2.213135 38.045901 0.869205 0.198401 0.452902 0.000000 0.000000
  19 -10.471542 -3.154713 38.371432 0.590730 -0.267213 0.761338 0.000000 0.000000
  20 -10.175528 -3.710965 36.603113 0.999244 0.006700 -0.038302 0.000000 0.000000
rubbergloveCHROME.bmp
  19 -10.471542 -3.154713 38.371432 0.590730 -0.267213 0.761338 0.000000 0.000000
  21 -10.388920 -5.215912 36.509785 0.640488 -0.639588 0.425092 0.000000 0.000000
  20 -10.175528 -3.710965 36.603113 0.999244 0.006700 -0.038302 0.000000 0.000000
rubbergloveCHROME.bmp
  20 -10.175528 -3.710965 36.603113 0.999244 0.006700 -0.038302 0.000000 0.000000
  21 -10.388920 -5.215912 36.509785 0.640488 -0.639588 0.425092 0.000000 0.000000
  20 -10.443986 -4.613220 35.624253 0.922676 0.059298 -0.380990 0.000000 0.000000
rubbergloveCHROME.bmp
  21 -10.388920 -5.215912 36.509785 0.640488 -0.639588 0.425092 0.000000 0.000000
  22 -10.413554 -5.714625 35.416913 0.772212 -0.579009 0.261604 0.000000 0.000000
  20 -10.443986 -4.613220 35.624253 0.922676 0.059298 -0.380990 0.000000 0.000000
rubbergloveCHROME.bmp
  20 -10.443986 -4.613220 35.624253 0.922676 0.059298 -0.380990 0.000000 0.000000
  22 -10.413554 -5.714625 35.416913 0.772212 -0.579009 0.261604 0.000000 0.000000
  22 -10.475019 -5.240301 35.119862 0.740108 0.504105 -0.445105 0.000000 0.000000
rubbergloveCHROME.bmp
  22 -10.413554 -5.714625 35.416913 0.772212 -0.579009 0.261604 0.000000 0.000000
  23 -10.454157 -6.295420 34.429907 0.740603 -0.660903 -0.121301 0.000000 0.000000
  22 -10.475019 -5.240301 35.119862 0.740108 0.504105 -0.445105 0.000000 0.000000
rubbergloveCHROME.bmp
  22 -10.475019 -5.240301 35.119862 0.740108 0.504105 -0.445105 0.000000 0.000000
  23 -10.454157 -6.295420 34.429907 0.740603 -0.660903 -0.121301 0.000000 0.000000
  23 -10.484250 -6.046247 34.200108 0.516913 0.035001 -0.855322 0.000000 0.000000
rubbergloveCHROME.bmp
  23 -10.454157 -6.295420 34.429907 0.740603 -0.660903 -0.121301 0.000000 0.000000
  23 -10.722694 -6.298492 34.241550 0.016099 -0.708863 -0.705163 0.000000 0.000000
  23 -10.484250 -6.046247 34.200108 0.516913 0.035001 -0.855322 0.000000 0.000000
rubbergloveCHROME.bmp
  23 -10.484250 -6.046247 34.200108 0.516913 0.035001 -0.855322 0.000000 0.000000
  23 -10.722694 -6.298492 34.241550 0.016099 -0.708863 -0.705163 0.000000 0.000000
  23 -11.024897 -6.073125 34.219573 -0.638670 -0.158093 -0.753065 0.000000 0.000000
rubbergloveCHROME.bmp
  23 -10.722694 -6.298492 34.241550 0.016099 -0.708863 -0.705163 0.000000 0.000000
  23 -10.975621 -6.312805 34.455847 -0.293400 -0.955300 0.036300 0.000000 0.000000
  23 -11.024897 -6.073125 34.219573 -0.638670 -0.158093 -0.753065 0.000000 0.000000
rubbergloveCHROME.bmp
  23 -11.024897 -6.073125 34.219573 -0.638670 -0.158093 -0.753065 0.000000 0.000000
  23 -10.975621 -6.312805 34.455847 -0.293400 -0.955300 0.036300 0.000000 0.000000
  22 -11.286062 -5.813415 35.490201 -0.671310 -0.727310 0.142702 0.000000 0.000000
rubbergloveCHROME.bmp
  15 10.833084 -2.077162 31.986637 -0.635196 0.745495 -0.201899 0.000000 0.000000
  16 10.735657 -2.615012 31.076641 -0.975314 -0.073301 -0.208303 0.000000 0.000000
  15 10.826064 -2.736083 32.079772 -0.737708 -0.673206 0.050801 0.000000 0.000000
rubbergloveCHROME.bmp
  15 10.826064 -2.736083 32.079772 -0.737708 -0.673206 0.050801 0.000000 0.000000
  16 10.735657 -2.615012 31.076641 -0.975314 -0.073301 -0.208303 0.000000 0.000000
  16 10.904225 -2.858715 30.961779 -0.376196 -0.753490 -0.539193 0.000000 0.000000
rubbergloveCHROME.bmp
  16 10.735657 -2.615012 31.076641 -0.975314 -0.073301 -0.208303 0.000000 0.000000
  16 10.896755 -2.423220 30.846939 -0.585008 0.342605 -0.735110 0.000000 0.000000
  16 10.904225 -2.858715 30.961779 -0.376196 -0.753490 -0.539193 0.000000 0.000000
rubbergloveCHROME.bmp
  16 10.904225 -2.858715 30.961779 -0.376196 -0.753490 -0.539193 0.000000 0.000000
  16 10.896755 -2.423220 30.846939 -0.585008 0.342605 -0.735110 0.000000 0.000000
  16 11.310762 -2.365238 30.835256 0.298399 0.425598 -0.854297 0.000000 0.000000
rubbergloveCHROME.bmp
  16 10.896755 -2.423220 30.846939 -0.585008 0.342605 -0.735110 0.000000 0.000000
  15 10.833084 -2.077162 31.986637 -0.635196 0.745495 -0.201899 0.000000 0.000000
  16 11.310762 -2.365238 30.835256 0.298399 0.425598 -0.854297 0.000000 0.000000
rubbergloveCHROME.bmp
  16 11.310762 -2.365238 30.835256 0.298399 0.425598 -0.854297 0.000000 0.000000
  15 10.833084 -2.077162 31.986637 -0.635196 0.745495 -0.201899 0.000000 0.000000
  15 11.558382 -2.121507 31.935873 0.706339 0.643834 -0.294216 0.000000 0.000000
rubbergloveCHROME.bmp
  15 10.833084 -2.077162 31.986637 -0.635196 0.745495 -0.201899 0.000000 0.000000
  14 10.749974 -1.858606 32.962412 -0.697588 0.683388 -0.215296 0.000000 0.000000
  15 11.558382 -2.121507 31.935873 0.706339 0.643834 -0.294216 0.000000 0.000000
rubbergloveCHROME.bmp
  15 11.558382 -2.121507 31.935873 0.706339 0.643834 -0.294216 0.000000 0.000000
  14 10.749974 -1.858606 32.962412 -0.697588 0.683388 -0.215296 0.000000 0.000000
  14 11.770221 -1.942451 32.910791 0.797167 0.543277 -0.263389 0.000000 0.000000
rubbergloveCHROME.bmp
  14 10.749974 -1.858606 32.962412 -0.697588 0.683388 -0.215296 0.000000 0.000000
  14 10.722379 -1.696499 33.738338 -0.697588 0.683388 -0.215296 0.000000 0.000000
  14 11.770221 -1.942451 32.910791 0.797167 0.543277 -0.263389 0.000000 0.000000
rubbergloveCHROME.bmp
  14 11.770221 -1.942451 32.910791 0.797167 0.543277 -0.263389 0.000000 0.000000
  14 10.722379 -1.696499 33.738338 -0.697588 0.683388 -0.215296 0.000000 0.000000
  14 11.882685 -1.685889 33.893506 0.765595 0.622696 -0.161599 0.000000 0.000000
rubbergloveCHROME.bmp
  14 10.722379 -1.696499 33.738338 -0.697588 0.683388 -0.215296 0.000000 0.000000
  10 11.206041 -1.184274 35.873927 0.101596 0.989163 -0.105996 0.000000 0.000000
  14 11.882685 -1.685889 33.893506 0.765595 0.622696 -0.161599 0.000000 0.000000
rubbergloveCHROME.bmp
  14 11.882685 -1.685889 33.893506 0.765595 0.622696 -0.161599 0.000000 0.000000
  10 11.206041 -1.184274 35.873927 0.101596 0.989163 -0.105996 0.000000 0.000000
  9 11.840283 -1.409433 37.648845 0.590490 0.771586 0.236596 0.000000 0.000000
rubbergloveCHROME.bmp
  10 11.206041 -1.184274 35.873927 0.101596 0.989163 -0.105996 0.000000 0.000000
  9 10.473920 -1.137634 37.443962 -0.698594 0.696494 0.163898 0.000000 0.000000
  9 11.840283 -1.409433 37.648845 0.590490 0.771586 0.236596 0.000000 0.000000
rubbergloveCHROME.bmp
  9 11.840283 -1.409433 37.648845 0.590490 0.771586 0.236596 0.000000 0.000000
  9 10.473920 -1.137634 37.443962 -0.698594 0.696494 0.163898 0.000000 0.000000
  9 11.175613 -1.857330 38.563723 -0.019200 0.401810 0.915522 0.000000 0.000000
rubbergloveCHROME.bmp
  9 10.473920 -1.137634 37.443962 -0.698594 0.696494 0.163898 0.000000 0.000000
  9 10.383442 -2.213092 38.044880 -0.869205 0.198401 0.452902 0.000000 0.000000
  9 11.175613 -1.857330 38.563723 -0.019200 0.401810 0.915522 0.000000 0.000000
rubbergloveCHROME.bmp
  9 11.175613 -1.857330 38.563723 -0.019200 0.401810 0.915522 0.000000 0.000000
  9 10.383442 -2.213092 38.044880 -0.869205 0.198401 0.452902 0.000000 0.000000
  9 10.461301 -3.154669 38.370411 -0.590730 -0.267213 0.761338 0.000000 0.000000
rubbergloveCHROME.bmp
  9 10.383442 -2.213092 38.044880 -0.869205 0.198401 0.452902 0.000000 0.000000
  10 10.166237 -3.713994 36.592625 -0.999244 0.006700 -0.038302 0.000000 0.000000
  9 10.461301 -3.154669 38.370411 -0.590730 -0.267213 0.761338 0.000000 0.000000
rubbergloveCHROME.bmp
  9 10.461301 -3.154669 38.370411 -0.590730 -0.267213 0.761338 0.000000 0.000000
  10 10.166237 -3.713994 36.592625 -0.999244 0.006700 -0.038302 0.000000 0.000000
  11 10.377566 -5.221682 36.516375 -0.640488 -0.639587 0.425092 0.000000 0.000000
rubbergloveCHROME.bmp
  10 10.166237 -3.713994 36.592625 -0.999244 0.006700 -0.038302 0.000000 0.000000
  10 10.432797 -4.610088 35.632697 -0.922676 0.059299 -0.380990 0.000000 0.000000
  11 10.377566 -5.221682 36.516375 -0.640488 -0.639587 0.425092 0.000000 0.000000
rubbergloveCHROME.bmp
  11 10.377566 -5.221682 36.516375 -0.640488 -0.639587 0.425092 0.000000 0.000000
  10 10.432797 -4.610088 35.632697 -0.922676 0.059299 -0.380990 0.000000 0.000000
  12 10.402716 -5.720244 35.409371 -0.772212 -0.579009 0.261604 0.000000 0.000000
rubbergloveCHROME.bmp
  10 10.432797 -4.610088 35.632697 -0.922676 0.059299 -0.380990 0.000000 0.000000
  12 10.464819 -5.238982 35.119493 -0.740108 0.504105 -0.445105 0.000000 0.000000
  12 10.402716 -5.720244 35.409371 -0.772212 -0.579009 0.261604 0.000000 0.000000
rubbergloveCHROME.bmp
  12 10.402716 -5.720244 35.409371 -0.772212 -0.579009 0.261604 0.000000 0.000000
  12 10.464819 -5.238982 35.119493 -0.740108 0.504105 -0.445105 0.000000 0.000000
  13 10.443960 -6.294102 34.429536 -0.740604 -0.660903 -0.121300 0.000000 0.000000
rubbergloveCHROME.bmp
  12 10.464819 -5.238982 35.119493 -0.740108 0.504105 -0.445105 0.000000 0.000000
  13 10.474052 -6.044929 34.199737 -0.516913 0.035001 -0.855322 0.000000 0.000000
  13 10.443960 -6.294102 34.429536 -0.740604 -0.660903 -0.121300 0.000000 0.000000
rubbergloveCHROME.bmp
  13 10.443960 -6.294102 34.429536 -0.740604 -0.660903 -0.121300 0.000000 0.000000
  13 10.474052 -6.044929 34.199737 -0.516913 0.035001 -0.855322 0.000000 0.000000
  13 10.712497 -6.297173 34.241178 -0.016099 -0.708863 -0.705163 0.000000 0.000000
rubbergloveCHROME.bmp
  13 10.474052 -6.044929 34.199737 -0.516913 0.035001 -0.855322 0.000000 0.000000
  13 11.014699 -6.071804 34.219200 0.638670 -0.158093 -0.753065 0.000000 0.000000
  13 10.712497 -6.297173 34.241178 -0.016099 -0.708863 -0.705163 0.000000 0.000000
rubbergloveCHROME.bmp
  13 10.712497 -6.297173 34.241178 -0.016099 -0.708863 -0.705163 0.000000 0.000000
  13 11.014699 -6.071804 34.219200 0.638670 -0.158093 -0.753065 0.000000 0.000000
  13 10.965424 -6.311484 34.455474 0.293400 -0.955300 0.036300 0.000000 0.000000
rubbergloveCHROME.bmp
  13 11.014699 -6.071804 34.219200 0.638670 -0.158093 -0.753065 0.000000 0.000000
  12 11.275866 -5.812091 35.489829 0.671309 -0.727310 0.142702 0.000000 0.000000
  13 10.965424 -6.311484 34.455474 0.293400 -0.955300 0.036300 0.000000 0.000000
rubbergloveCHROME.bmp
  24 -10.797252 -3.670254 33.094624 0.697588 0.683388 -0.215296 0.000000 0.000000
  25 -10.797535 -4.709437 31.955682 0.749177 -0.642880 0.159495 0.000000 0.000000
  25 -10.800190 -4.096698 31.769552 0.640203 0.709803 -0.293801 0.000000 0.000000
rubbergloveCHROME.bmp
  25 -10.800190 -4.096698 31.769552 0.640203 0.709803 -0.293801 0.000000 0.000000
  25 -10.797535 -4.709437 31.955682 0.749177 -0.642880 0.159495 0.000000 0.000000
  26 -10.733798 -4.758717 30.863845 0.975314 -0.073301 -0.208303 0.000000 0.000000
rubbergloveCHROME.bmp
  25 -10.797535 -4.709437 31.955682 0.749177 -0.642880 0.159495 0.000000 0.000000
  26 -10.899771 -5.014578 30.742237 0.434219 -0.768034 -0.470721 0.000000 0.000000
  26 -10.733798 -4.758717 30.863845 0.975314 -0.073301 -0.208303 0.000000 0.000000
rubbergloveCHROME.bmp
  26 -10.733798 -4.758717 30.863845 0.975314 -0.073301 -0.208303 0.000000 0.000000
  26 -10.899771 -5.014578 30.742237 0.434219 -0.768034 -0.470721 0.000000 0.000000
  26 -10.888645 -4.629795 30.631248 0.581774 0.294487 -0.758166 0.000000 0.000000
rubbergloveCHROME.bmp
  26 -10.899771 -5.014578 30.742237 0.434219 -0.768034 -0.470721 0.000000 0.000000
  26 -11.301123 -4.545415 30.602225 -0.252492 0.355889 -0.899773 0.000000 0.000000
  26 -10.888645 -4.629795 30.631248 0.581774 0.294487 -0.758166 0.000000 0.000000
rubbergloveCHROME.bmp
  26 -10.888645 -4.629795 30.631248 0.581774 0.294487 -0.758166 0.000000 0.000000
  26 -11.301123 -4.545415 30.602225 -0.252492 0.355889 -0.899773 0.000000 0.000000
  25 -10.800190 -4.096698 31.769552 0.640203 0.709803 -0.293801 0.000000 0.000000
rubbergloveCHROME.bmp
  26 -11.301123 -4.545415 30.602225 -0.252492 0.355889 -0.899773 0.000000 0.000000
  25 -11.568764 -4.149118 31.731518 -0.698511 0.615510 -0.365006 0.000000 0.000000
  25 -10.800190 -4.096698 31.769552 0.640203 0.709803 -0.293801 0.000000 0.000000
rubbergloveCHROME.bmp
  25 -10.800190 -4.096698 31.769552 0.640203 0.709803 -0.293801 0.000000 0.000000
  25 -11.568764 -4.149118 31.731518 -0.698511 0.615510 -0.365006 0.000000 0.000000
  24 -10.797252 -3.670254 33.094624 0.697588 0.683388 -0.215296 0.000000 0.000000
rubbergloveCHROME.bmp
  25 -11.568764 -4.149118 31.731518 -0.698511 0.615510 -0.365006 0.000000 0.000000
  24 -11.768015 -3.744463 33.035365 -0.797167 0.543278 -0.263389 0.000000 0.000000
  24 -10.797252 -3.670254 33.094624 0.697588 0.683388 -0.215296 0.000000 0.000000
rubbergloveCHROME.bmp
  24 -10.797252 -3.670254 33.094624 0.697588 0.683388 -0.215296 0.000000 0.000000
  24 -11.768015 -3.744463 33.035365 -0.797167 0.543278 -0.263389 0.000000 0.000000
  24 -10.739273 -3.347866 34.073248 0.973170 0.162595 -0.162795 0.000000 0.000000
rubbergloveCHROME.bmp
  24 -11.768015 -3.744463 33.035365 -0.797167 0.543278 -0.263389 0.000000 0.000000
  24 -11.873844 -3.338270 34.184411 -0.968767 -0.221992 -0.110496 0.000000 0.000000
  24 -10.739273 -3.347866 34.073248 0.973170 0.162595 -0.162795 0.000000 0.000000
rubbergloveCHROME.bmp
  24 -10.739273 -3.347866 34.073248 0.973170 0.162595 -0.162795 0.000000 0.000000
  24 -11.873844 -3.338270 34.184411 -0.968767 -0.221992 -0.110496 0.000000 0.000000
  24 -10.779910 -3.525301 33.167342 0.699693 -0.705893 0.110199 0.000000 0.000000
rubbergloveCHROME.bmp
  24 -11.873844 -3.338270 34.184411 -0.968767 -0.221992 -0.110496 0.000000 0.000000
  24 -11.794261 -3.537361 33.074353 -0.544702 -0.831903 0.106000 0.000000 0.000000
  24 -10.779910 -3.525301 33.167342 0.699693 -0.705893 0.110199 0.000000 0.000000
rubbergloveCHROME.bmp
  24 -10.779910 -3.525301 33.167342 0.699693 -0.705893 0.110199 0.000000 0.000000
  24 -11.794261 -3.537361 33.074353 -0.544702 -0.831903 0.106000 0.000000 0.000000
  25 -10.799586 -3.774570 31.960164 0.732514 -0.667713 0.132602 0.000000 0.000000
rubbergloveCHROME.bmp
  24 -11.794261 -3.537361 33.074353 -0.544702 -0.831903 0.106000 0.000000 0.000000
  25 -11.601981 -3.824556 31.934387 -0.665601 -0.746100 0.017600 0.000000 0.000000
  25 -10.799586 -3.774570 31.960164 0.732514 -0.667713 0.132602 0.000000 0.000000
rubbergloveCHROME.bmp
  25 -10.799586 -3.774570 31.960164 0.732514 -0.667713 0.132602 0.000000 0.000000
  25 -11.601981 -3.824556 31.934387 -0.665601 -0.746100 0.017600 0.000000 0.000000
  26 -10.893929 -4.008135 30.591109 0.397498 -0.772896 -0.494597 0.000000 0.000000
rubbergloveCHROME.bmp
  25 -11.601981 -3.824556 31.934387 -0.665601 -0.746100 0.017600 0.000000 0.000000
  26 -11.294611 -4.054024 30.653141 -0.714986 -0.511990 -0.476090 0.000000 0.000000
  26 -10.893929 -4.008135 30.591109 0.397498 -0.772896 -0.494597 0.000000 0.000000
rubbergloveCHROME.bmp
  26 -10.893929 -4.008135 30.591109 0.397498 -0.772896 -0.494597 0.000000 0.000000
  26 -11.294611 -4.054024 30.653141 -0.714986 -0.511990 -0.476090 0.000000 0.000000
  26 -11.291478 -3.569111 30.492051 -0.303507 0.393409 -0.867821 0.000000 0.000000
rubbergloveCHROME.bmp
  26 -11.294611 -4.054024 30.653141 -0.714986 -0.511990 -0.476090 0.000000 0.000000
  25 -11.586257 -3.171528 31.742016 -0.698511 0.615510 -0.365006 0.000000 0.000000
  26 -11.291478 -3.569111 30.492051 -0.303507 0.393409 -0.867821 0.000000 0.000000
rubbergloveCHROME.bmp
  26 -11.291478 -3.569111 30.492051 -0.303507 0.393409 -0.867821 0.000000 0.000000
  25 -11.586257 -3.171528 31.742016 -0.698511 0.615510 -0.365006 0.000000 0.000000
  25 -10.787720 -3.145425 31.794527 0.642392 0.723691 -0.252197 0.000000 0.000000
rubbergloveCHROME.bmp
  25 -11.586257 -3.171528 31.742016 -0.698511 0.615510 -0.365006 0.000000 0.000000
  24 -10.770553 -2.783085 32.960394 0.697588 0.683388 -0.215296 0.000000 0.000000
  25 -10.787720 -3.145425 31.794527 0.642392 0.723691 -0.252197 0.000000 0.000000
rubbergloveCHROME.bmp
  25 -10.787720 -3.145425 31.794527 0.642392 0.723691 -0.252197 0.000000 0.000000
  24 -10.770553 -2.783085 32.960394 0.697588 0.683388 -0.215296 0.000000 0.000000
  25 -10.799586 -3.774570 31.960164 0.732514 -0.667713 0.132602 0.000000 0.000000
rubbergloveCHROME.bmp
  24 -10.770553 -2.783085 32.960394 0.697588 0.683388 -0.215296 0.000000 0.000000
  24 -10.779910 -3.525301 33.167342 0.699693 -0.705893 0.110199 0.000000 0.000000
  25 -10.799586 -3.774570 31.960164 0.732514 -0.667713 0.132602 0.000000 0.000000
rubbergloveCHROME.bmp
  14 10.769660 -3.525259 33.166322 -0.699694 -0.705893 0.110199 0.000000 0.000000
  14 10.761261 -2.785705 32.949783 -0.697588 0.683388 -0.215296 0.000000 0.000000
  15 10.789564 -3.773663 31.962317 -0.732514 -0.667712 0.132603 0.000000 0.000000
rubbergloveCHROME.bmp
  15 10.789564 -3.773663 31.962317 -0.732514 -0.667712 0.132603 0.000000 0.000000
  14 10.761261 -2.785705 32.949783 -0.697588 0.683388 -0.215296 0.000000 0.000000
  15 10.775366 -3.147035 31.787286 -0.642392 0.723691 -0.252197 0.000000 0.000000
rubbergloveCHROME.bmp
  14 10.761261 -2.785705 32.949783 -0.697588 0.683388 -0.215296 0.000000 0.000000
  15 11.585952 -3.171483 31.741990 0.698512 0.615510 -0.365006 0.000000 0.000000
  15 10.775366 -3.147035 31.787286 -0.642392 0.723691 -0.252197 0.000000 0.000000
rubbergloveCHROME.bmp
  15 10.775366 -3.147035 31.787286 -0.642392 0.723691 -0.252197 0.000000 0.000000
  15 11.585952 -3.171483 31.741990 0.698512 0.615510 -0.365006 0.000000 0.000000
  16 11.281452 -3.568202 30.494203 0.303507 0.393409 -0.867821 0.000000 0.000000
rubbergloveCHROME.bmp
  15 11.585952 -3.171483 31.741990 0.698512 0.615510 -0.365006 0.000000 0.000000
  16 11.282260 -4.055632 30.645899 0.714986 -0.511990 -0.476090 0.000000 0.000000
  16 11.281452 -3.568202 30.494203 0.303507 0.393409 -0.867821 0.000000 0.000000
rubbergloveCHROME.bmp
  16 11.281452 -3.568202 30.494203 0.303507 0.393409 -0.867821 0.000000 0.000000
  16 11.282260 -4.055632 30.645899 0.714986 -0.511990 -0.476090 0.000000 0.000000
  16 10.883905 -4.007228 30.593262 -0.397498 -0.772896 -0.494597 0.000000 0.000000
rubbergloveCHROME.bmp
  16 11.282260 -4.055632 30.645899 0.714986 -0.511990 -0.476090 0.000000 0.000000
  15 11.589630 -3.826162 31.927145 0.665601 -0.746101 0.017600 0.000000 0.000000
  16 10.883905 -4.007228 30.593262 -0.397498 -0.772896 -0.494597 0.000000 0.000000
rubbergloveCHROME.bmp
  16 10.883905 -4.007228 30.593262 -0.397498 -0.772896 -0.494597 0.000000 0.000000
  15 11.589630 -3.826162 31.927145 0.665601 -0.746101 0.017600 0.000000 0.000000
  15 10.789564 -3.773663 31.962317 -0.732514 -0.667712 0.132603 0.000000 0.000000
rubbergloveCHROME.bmp
  15 11.589630 -3.826162 31.927145 0.665601 -0.746101 0.017600 0.000000 0.000000
  14 11.783049 -3.534653 33.082921 0.544702 -0.831903 0.106000 0.000000 0.000000
  15 10.789564 -3.773663 31.962317 -0.732514 -0.667712 0.132603 0.000000 0.000000
rubbergloveCHROME.bmp
  15 10.789564 -3.773663 31.962317 -0.732514 -0.667712 0.132603 0.000000 0.000000
  14 11.783049 -3.534653 33.082921 0.544702 -0.831903 0.106000 0.000000 0.000000
  14 10.769660 -3.525259 33.166322 -0.699694 -0.705893 0.110199 0.000000 0.000000
rubbergloveCHROME.bmp
  14 11.783049 -3.534653 33.082921 0.544702 -0.831903 0.106000 0.000000 0.000000
  14 11.873546 -3.338222 34.184386 0.968767 -0.221993 -0.110496 0.000000 0.000000
  14 10.769660 -3.525259 33.166322 -0.699694 -0.705893 0.110199 0.000000 0.000000
rubbergloveCHROME.bmp
  14 10.769660 -3.525259 33.166322 -0.699694 -0.705893 0.110199 0.000000 0.000000
  14 11.873546 -3.338222 34.184386 0.968767 -0.221993 -0.110496 0.000000 0.000000
  14 10.728062 -3.345162 34.081819 -0.973170 0.162595 -0.162795 0.000000 0.000000
rubbergloveCHROME.bmp
  14 11.873546 -3.338222 34.184386 0.968767 -0.221993 -0.110496 0.000000 0.000000
  14 11.758728 -3.747078 33.024751 0.797167 0.543277 -0.263389 0.000000 0.000000
  14 10.728062 -3.345162 34.081819 -0.973170 0.162595 -0.162795 0.000000 0.000000
rubbergloveCHROME.bmp
  14 10.728062 -3.345162 34.081819 -0.973170 0.162595 -0.162795 0.000000 0.000000
  14 11.758728 -3.747078 33.024751 0.797167 0.543277 -0.263389 0.000000 0.000000
  14 10.787002 -3.670212 33.093604 -0.697588 0.683388 -0.215296 0.000000 0.000000
rubbergloveCHROME.bmp
  14 11.758728 -3.747078 33.024751 0.797167 0.543277 -0.263389 0.000000 0.000000
  15 11.558743 -4.148207 31.733669 0.698512 0.615510 -0.365006 0.000000 0.000000
  14 10.787002 -3.670212 33.093604 -0.697588 0.683388 -0.215296 0.000000 0.000000
rubbergloveCHROME.bmp
  14 10.787002 -3.670212 33.093604 -0.697588 0.683388 -0.215296 0.000000 0.000000
  15 11.558743 -4.148207 31.733669 0.698512 0.615510 -0.365006 0.000000 0.000000
  15 10.787841 -4.098308 31.762311 -0.640203 0.709803 -0.293801 0.000000 0.000000
rubbergloveCHROME.bmp
  15 11.558743 -4.148207 31.733669 0.698512 0.615510 -0.365006 0.000000 0.000000
  16 11.291102 -4.544506 30.604378 0.252492 0.355889 -0.899773 0.000000 0.000000
  15 10.787841 -4.098308 31.762311 -0.640203 0.709803 -0.293801 0.000000 0.000000
rubbergloveCHROME.bmp
  15 10.787841 -4.098308 31.762311 -0.640203 0.709803 -0.293801 0.000000 0.000000
  16 11.291102 -4.544506 30.604378 0.252492 0.355889 -0.899773 0.000000 0.000000
  16 10.878625 -4.628888 30.633401 -0.581774 0.294487 -0.758166 0.000000 0.000000
rubbergloveCHROME.bmp
  16 11.291102 -4.544506 30.604378 0.252492 0.355889 -0.899773 0.000000 0.000000
  16 10.887425 -5.016188 30.734997 -0.434219 -0.768034 -0.470721 0.000000 0.000000
  16 10.878625 -4.628888 30.633401 -0.581774 0.294487 -0.758166 0.000000 0.000000
rubbergloveCHROME.bmp
  16 10.878625 -4.628888 30.633401 -0.581774 0.294487 -0.758166 0.000000 0.000000
  16 10.887425 -5.016188 30.734997 -0.434219 -0.768034 -0.470721 0.000000 0.000000
  16 10.721451 -4.760328 30.856605 -0.975314 -0.073301 -0.208303 0.000000 0.000000
rubbergloveCHROME.bmp
  16 10.887425 -5.016188 30.734997 -0.434219 -0.768034 -0.470721 0.000000 0.000000
  15 10.787518 -4.708530 31.957836 -0.749177 -0.642880 0.159495 0.000000 0.000000
  16 10.721451 -4.760328 30.856605 -0.975314 -0.073301 -0.208303 0.000000 0.000000
rubbergloveCHROME.bmp
  16 10.721451 -4.760328 30.856605 -0.975314 -0.073301 -0.208303 0.000000 0.000000
  15 10.787518 -4.708530 31.957836 -0.749177 -0.642880 0.159495 0.000000 0.000000
  15 10.787841 -4.098308 31.762311 -0.640203 0.709803 -0.293801 0.000000 0.000000
rubbergloveCHROME.bmp
  15 10.787518 -4.708530 31.957836 -0.749177 -0.642880 0.159495 0.000000 0.000000
  14 10.787002 -3.670212 33.093604 -0.697588 0.683388 -0.215296 0.000000 0.000000
  15 10.787841 -4.098308 31.762311 -0.640203 0.709803 -0.293801 0.000000 0.000000
rubbergloveCHROME.bmp
  15 11.560007 -5.584161 32.586510 0.669312 -0.734913 0.109202 0.000000 0.000000
  16 11.358334 -5.928616 31.501495 0.745109 -0.537607 -0.394705 0.000000 0.000000
  15 11.555940 -4.969334 32.369549 0.698512 0.615510 -0.365006 0.000000 0.000000
rubbergloveCHROME.bmp
  15 11.555940 -4.969334 32.369549 0.698512 0.615510 -0.365006 0.000000 0.000000
  16 11.358334 -5.928616 31.501495 0.745109 -0.537607 -0.394705 0.000000 0.000000
  16 11.346807 -5.394641 31.329338 0.252492 0.355889 -0.899773 0.000000 0.000000
rubbergloveCHROME.bmp
  16 11.358334 -5.928616 31.501495 0.745109 -0.537607 -0.394705 0.000000 0.000000
  16 10.923687 -5.864590 31.464311 -0.411415 -0.802128 -0.432815 0.000000 0.000000
  16 11.346807 -5.394641 31.329338 0.252492 0.355889 -0.899773 0.000000 0.000000
rubbergloveCHROME.bmp
  16 11.346807 -5.394641 31.329338 0.252492 0.355889 -0.899773 0.000000 0.000000
  16 10.923687 -5.864590 31.464311 -0.411415 -0.802128 -0.432815 0.000000 0.000000
  16 10.912293 -5.489446 31.355970 -0.581774 0.294487 -0.758166 0.000000 0.000000
rubbergloveCHROME.bmp
  16 10.923687 -5.864590 31.464311 -0.411415 -0.802128 -0.432815 0.000000 0.000000
  16 10.735266 -5.608218 31.623280 -0.975314 -0.073301 -0.208303 0.000000 0.000000
  16 10.912293 -5.489446 31.355970 -0.581774 0.294487 -0.758166 0.000000 0.000000
rubbergloveCHROME.bmp
  16 10.912293 -5.489446 31.355970 -0.581774 0.294487 -0.758166 0.000000 0.000000
  16 10.735266 -5.608218 31.623280 -0.975314 -0.073301 -0.208303 0.000000 0.000000
  15 10.854885 -4.942263 32.397643 -0.640203 0.709803 -0.293801 0.000000 0.000000
rubbergloveCHROME.bmp
  16 10.735266 -5.608218 31.623280 -0.975314 -0.073301 -0.208303 0.000000 0.000000
  15 10.859218 -5.547450 32.611955 -0.722805 -0.663204 0.194201 0.000000 0.000000
  15 10.854885 -4.942263 32.397643 -0.640203 0.709803 -0.293801 0.000000 0.000000
rubbergloveCHROME.bmp
  15 10.854885 -4.942263 32.397643 -0.640203 0.709803 -0.293801 0.000000 0.000000
  15 10.859218 -5.547450 32.611955 -0.722805 -0.663204 0.194201 0.000000 0.000000
  14 10.813031 -4.552336 33.434895 -0.582719 0.748124 -0.317410 0.000000 0.000000
rubbergloveCHROME.bmp
  15 10.859218 -5.547450 32.611955 -0.722805 -0.663204 0.194201 0.000000 0.000000
  14 10.804848 -5.232036 33.716569 -0.704585 -0.688184 0.173096 0.000000 0.000000
  14 10.813031 -4.552336 33.434895 -0.582719 0.748124 -0.317410 0.000000 0.000000
rubbergloveCHROME.bmp
  14 10.813031 -4.552336 33.434895 -0.582719 0.748124 -0.317410 0.000000 0.000000
  14 10.804848 -5.232036 33.716569 -0.704585 -0.688184 0.173096 0.000000 0.000000
  14 10.746270 -4.150172 34.400922 -0.986915 -0.038400 -0.156602 0.000000 0.000000
rubbergloveCHROME.bmp
  14 10.804848 -5.232036 33.716569 -0.704585 -0.688184 0.173096 0.000000 0.000000
  14 10.752643 -4.925621 34.637647 -0.702427 -0.709926 0.051002 0.000000 0.000000
  14 10.746270 -4.150172 34.400922 -0.986915 -0.038400 -0.156602 0.000000 0.000000
rubbergloveCHROME.bmp
  14 10.746270 -4.150172 34.400922 -0.986915 -0.038400 -0.156602 0.000000 0.000000
  14 10.752643 -4.925621 34.637647 -0.702427 -0.709926 0.051002 0.000000 0.000000
  10 10.432797 -4.610088 35.632697 -0.922676 0.059299 -0.380990 0.000000 0.000000
rubbergloveCHROME.bmp
  14 10.752643 -4.925621 34.637647 -0.702427 -0.709926 0.051002 0.000000 0.000000
  10 11.340474 -4.735566 35.500490 0.306011 -0.948533 0.081503 0.000000 0.000000
  10 10.432797 -4.610088 35.632697 -0.922676 0.059299 -0.380990 0.000000 0.000000
rubbergloveCHROME.bmp
  10 10.432797 -4.610088 35.632697 -0.922676 0.059299 -0.380990 0.000000 0.000000
  10 11.340474 -4.735566 35.500490 0.306011 -0.948533 0.081503 0.000000 0.000000
  11 11.618425 -4.700478 35.845395 0.907693 -0.123999 -0.400897 0.000000 0.000000
rubbergloveCHROME.bmp
  10 11.340474 -4.735566 35.500490 0.306011 -0.948533 0.081503 0.000000 0.000000
  10 12.077440 -3.970604 36.973485 0.931203 -0.317801 0.178501 0.000000 0.000000
  11 11.618425 -4.700478 35.845395 0.907693 -0.123999 -0.400897 0.000000 0.000000
rubbergloveCHROME.bmp
  11 11.618425 -4.700478 35.845395 0.907693 -0.123999 -0.400897 0.000000 0.000000
  10 12.077440 -3.970604 36.973485 0.931203 -0.317801 0.178501 0.000000 0.000000
  11 11.607414 -5.301375 36.539225 0.625780 -0.683178 0.376388 0.000000 0.000000
rubbergloveCHROME.bmp
  10 12.077440 -3.970604 36.973485 0.931203 -0.317801 0.178501 0.000000 0.000000
  10 11.176845 -4.477265 37.428262 0.188297 -0.648691 0.737390 0.000000 0.000000
  11 11.607414 -5.301375 36.539225 0.625780 -0.683178 0.376388 0.000000 0.000000
rubbergloveCHROME.bmp
  11 11.607414 -5.301375 36.539225 0.625780 -0.683178 0.376388 0.000000 0.000000
  10 11.176845 -4.477265 37.428262 0.188297 -0.648691 0.737390 0.000000 0.000000
  11 10.377566 -5.221682 36.516375 -0.640488 -0.639587 0.425092 0.000000 0.000000
rubbergloveCHROME.bmp
  10 11.176845 -4.477265 37.428262 0.188297 -0.648691 0.737390 0.000000 0.000000
  9 10.461301 -3.154669 38.370411 -0.590730 -0.267213 0.761338 0.000000 0.000000
  11 10.377566 -5.221682 36.516375 -0.640488 -0.639587 0.425092 0.000000 0.000000
rubbergloveCHROME.bmp
  19 -10.471542 -3.154713 38.371432 0.590730 -0.267213 0.761338 0.000000 0.000000
  20 -11.187079 -4.477321 37.429286 -0.188298 -0.648691 0.737390 0.000000 0.000000
  21 -10.388920 -5.215912 36.509785 0.640488 -0.639588 0.425092 0.000000 0.000000
rubbergloveCHROME.bmp
  21 -10.388920 -5.215912 36.509785 0.640488 -0.639588 0.425092 0.000000 0.000000
  20 -11.187079 -4.477321 37.429286 -0.188298 -0.648691 0.737390 0.000000 0.000000
  21 -11.617610 -5.302699 36.539598 -0.625780 -0.683178 0.376388 0.000000 0.000000
rubbergloveCHROME.bmp
  20 -11.187079 -4.477321 37.429286 -0.188298 -0.648691 0.737390 0.000000 0.000000
  20 -12.088628 -3.973744 36.965045 -0.931204 -0.317801 0.178501 0.000000 0.000000
  21 -11.617610 -5.302699 36.539598 -0.625780 -0.683178 0.376388 0.000000 0.000000
rubbergloveCHROME.bmp
  21 -11.617610 -5.302699 36.539598 -0.625780 -0.683178 0.376388 0.000000 0.000000
  20 -12.088628 -3.973744 36.965045 -0.931204 -0.317801 0.178501 0.000000 0.000000
  21 -11.628626 -4.701801 35.845767 -0.907693 -0.123999 -0.400897 0.000000 0.000000
rubbergloveCHROME.bmp
  20 -12.088628 -3.973744 36.965045 -0.931204 -0.317801 0.178501 0.000000 0.000000
  20 -11.350712 -4.735622 35.501514 -0.306011 -0.948533 0.081503 0.000000 0.000000
  21 -11.628626 -4.701801 35.845767 -0.907693 -0.123999 -0.400897 0.000000 0.000000
rubbergloveCHROME.bmp
  21 -11.628626 -4.701801 35.845767 -0.907693 -0.123999 -0.400897 0.000000 0.000000
  20 -11.350712 -4.735622 35.501514 -0.306011 -0.948533 0.081503 0.000000 0.000000
  20 -10.443986 -4.613220 35.624253 0.922676 0.059298 -0.380990 0.000000 0.000000
rubbergloveCHROME.bmp
  20 -11.350712 -4.735622 35.501514 -0.306011 -0.948533 0.081503 0.000000 0.000000
  24 -10.762883 -4.925663 34.638667 0.702426 -0.709927 0.051002 0.000000 0.000000
  20 -10.443986 -4.613220 35.624253 0.922676 0.059298 -0.380990 0.000000 0.000000
rubbergloveCHROME.bmp
  20 -10.443986 -4.613220 35.624253 0.922676 0.059298 -0.380990 0.000000 0.000000
  24 -10.762883 -4.925663 34.638667 0.702426 -0.709927 0.051002 0.000000 0.000000
  24 -10.756514 -4.150214 34.401942 0.986915 -0.038401 -0.156602 0.000000 0.000000
rubbergloveCHROME.bmp
  24 -10.762883 -4.925663 34.638667 0.702426 -0.709927 0.051002 0.000000 0.000000
  24 -10.815088 -5.232079 33.717589 0.704584 -0.688185 0.173096 0.000000 0.000000
  24 -10.756514 -4.150214 34.401942 0.986915 -0.038401 -0.156602 0.000000 0.000000
rubbergloveCHROME.bmp
  24 -10.756514 -4.150214 34.401942 0.986915 -0.038401 -0.156602 0.000000 0.000000
  24 -10.815088 -5.232079 33.717589 0.704584 -0.688185 0.173096 0.000000 0.000000
  24 -10.823275 -4.552378 33.435915 0.582719 0.748124 -0.317410 0.000000 0.000000
rubbergloveCHROME.bmp
  24 -10.815088 -5.232079 33.717589 0.704584 -0.688185 0.173096 0.000000 0.000000
  25 -10.869230 -5.548358 32.609801 0.722804 -0.663204 0.194201 0.000000 0.000000
  24 -10.823275 -4.552378 33.435915 0.582719 0.748124 -0.317410 0.000000 0.000000
rubbergloveCHROME.bmp
  24 -10.823275 -4.552378 33.435915 0.582719 0.748124 -0.317410 0.000000 0.000000
  25 -10.869230 -5.548358 32.609801 0.722804 -0.663204 0.194201 0.000000 0.000000
  25 -10.864901 -4.943170 32.395489 0.640203 0.709803 -0.293801 0.000000 0.000000
rubbergloveCHROME.bmp
  25 -10.869230 -5.548358 32.609801 0.722804 -0.663204 0.194201 0.000000 0.000000
  26 -10.745279 -5.609125 31.621126 0.975314 -0.073301 -0.208303 0.000000 0.000000
  25 -10.864901 -4.943170 32.395489 0.640203 0.709803 -0.293801 0.000000 0.000000
rubbergloveCHROME.bmp
  25 -10.864901 -4.943170 32.395489 0.640203 0.709803 -0.293801 0.000000 0.000000
  26 -10.745279 -5.609125 31.621126 0.975314 -0.073301 -0.208303 0.000000 0.000000
  26 -10.922307 -5.490354 31.353816 0.581774 0.294487 -0.758166 0.000000 0.000000
rubbergloveCHROME.bmp
  26 -10.745279 -5.609125 31.621126 0.975314 -0.073301 -0.208303 0.000000 0.000000
  26 -10.936027 -5.862980 31.471551 0.411414 -0.802128 -0.432815 0.000000 0.000000
  26 -10.922307 -5.490354 31.353816 0.581774 0.294487 -0.758166 0.000000 0.000000
rubbergloveCHROME.bmp
  26 -10.922307 -5.490354 31.353816 0.581774 0.294487 -0.758166 0.000000 0.000000
  26 -10.936027 -5.862980 31.471551 0.411414 -0.802128 -0.432815 0.000000 0.000000
  26 -11.359150 -5.393034 31.336579 -0.252492 0.355889 -0.899773 0.000000 0.000000
rubbergloveCHROME.bmp
  26 -10.936027 -5.862980 31.471551 0.411414 -0.802128 -0.432815 0.000000 0.000000
  26 -11.370674 -5.927009 31.508736 -0.745109 -0.537606 -0.394705 0.000000 0.000000
  26 -11.359150 -5.393034 31.336579 -0.252492 0.355889 -0.899773 0.000000 0.000000
rubbergloveCHROME.bmp
  26 -11.359150 -5.393034 31.336579 -0.252492 0.355889 -0.899773 0.000000 0.000000
  26 -11.370674 -5.927009 31.508736 -0.745109 -0.537606 -0.394705 0.000000 0.000000
  25 -11.565956 -4.970246 32.367397 -0.698511 0.615510 -0.365006 0.000000 0.000000
rubbergloveCHROME.bmp
  26 -11.370674 -5.927009 31.508736 -0.745109 -0.537606 -0.394705 0.000000 0.000000
  25 -11.570019 -5.585072 32.584358 -0.669312 -0.734913 0.109202 0.000000 0.000000
  25 -11.565956 -4.970246 32.367397 -0.698511 0.615510 -0.365006 0.000000 0.000000
rubbergloveCHROME.bmp
  25 -11.586257 -3.171528 31.742016 -0.698511 0.615510 -0.365006 0.000000 0.000000
  24 -11.772128 -2.859957 32.894539 -0.797167 0.543278 -0.263389 0.000000 0.000000
  24 -10.770553 -2.783085 32.960394 0.697588 0.683388 -0.215296 0.000000 0.000000
rubbergloveCHROME.bmp
  24 -10.770553 -2.783085 32.960394 0.697588 0.683388 -0.215296 0.000000 0.000000
  24 -11.772128 -2.859957 32.894539 -0.797167 0.543278 -0.263389 0.000000 0.000000
  24 -10.717651 -2.554147 33.788216 0.973170 0.162595 -0.162795 0.000000 0.000000
rubbergloveCHROME.bmp
  24 -11.772128 -2.859957 32.894539 -0.797167 0.543278 -0.263389 0.000000 0.000000
  24 -11.893844 -2.501316 33.985393 -0.974107 -0.186501 -0.127801 0.000000 0.000000
  24 -10.717651 -2.554147 33.788216 0.973170 0.162595 -0.162795 0.000000 0.000000
rubbergloveCHROME.bmp
  24 -10.717651 -2.554147 33.788216 0.973170 0.162595 -0.162795 0.000000 0.000000
  24 -11.893844 -2.501316 33.985393 -0.974107 -0.186501 -0.127801 0.000000 0.000000
  24 -10.768730 -2.646762 33.078770 0.702426 -0.709927 0.051002 0.000000 0.000000
rubbergloveCHROME.bmp
  24 -11.893844 -2.501316 33.985393 -0.974107 -0.186501 -0.127801 0.000000 0.000000
  24 -11.781157 -2.653499 33.004963 -0.540006 -0.841609 0.009400 0.000000 0.000000
  24 -10.768730 -2.646762 33.078770 0.702426 -0.709927 0.051002 0.000000 0.000000
rubbergloveCHROME.bmp
  24 -10.768730 -2.646762 33.078770 0.702426 -0.709927 0.051002 0.000000 0.000000
  24 -11.781157 -2.653499 33.004963 -0.540006 -0.841609 0.009400 0.000000 0.000000
  25 -10.836091 -2.736991 32.077619 0.737707 -0.673207 0.050801 0.000000 0.000000
rubbergloveCHROME.bmp
  24 -11.781157 -2.653499 33.004963 -0.540006 -0.841609 0.009400 0.000000 0.000000
  25 -11.571377 -2.772567 32.022031 -0.668730 -0.740333 -0.068603 0.000000 0.000000
  25 -10.836091 -2.736991 32.077619 0.737707 -0.673207 0.050801 0.000000 0.000000
rubbergloveCHROME.bmp
  25 -10.836091 -2.736991 32.077619 0.737707 -0.673207 0.050801 0.000000 0.000000
  25 -11.571377 -2.772567 32.022031 -0.668730 -0.740333 -0.068603 0.000000 0.000000
  26 -10.914253 -2.859622 30.959626 0.376195 -0.753491 -0.539193 0.000000 0.000000
rubbergloveCHROME.bmp
  25 -11.571377 -2.772567 32.022031 -0.668730 -0.740333 -0.068603 0.000000 0.000000
  26 -11.320534 -2.892133 30.995396 -0.714986 -0.511990 -0.476090 0.000000 0.000000
  26 -10.914253 -2.859622 30.959626 0.376195 -0.753491 -0.539193 0.000000 0.000000
rubbergloveCHROME.bmp
  26 -10.914253 -2.859622 30.959626 0.376195 -0.753491 -0.539193 0.000000 0.000000
  26 -11.320534 -2.892133 30.995396 -0.714986 -0.511990 -0.476090 0.000000 0.000000
  26 -11.320793 -2.366147 30.833104 -0.298399 0.425599 -0.854297 0.000000 0.000000
rubbergloveCHROME.bmp
  26 -11.320534 -2.892133 30.995396 -0.714986 -0.511990 -0.476090 0.000000 0.000000
  25 -11.568413 -2.122418 31.933722 -0.706338 0.643835 -0.294216 0.000000 0.000000
  26 -11.320793 -2.366147 30.833104 -0.298399 0.425599 -0.854297 0.000000 0.000000
rubbergloveCHROME.bmp
  24 -11.894135 -4.180184 34.482687 -0.981678 -0.049899 -0.183896 0.000000 0.000000
  24 -11.954817 -3.214810 34.679589 -0.994076 -0.016700 -0.107397 0.000000 0.000000
  24 -11.873844 -3.338270 34.184411 -0.968767 -0.221992 -0.110496 0.000000 0.000000
rubbergloveCHROME.bmp
  24 -11.873844 -3.338270 34.184411 -0.968767 -0.221992 -0.110496 0.000000 0.000000
  24 -11.954817 -3.214810 34.679589 -0.994076 -0.016700 -0.107397 0.000000 0.000000
  24 -11.893844 -2.501316 33.985393 -0.974107 -0.186501 -0.127801 0.000000 0.000000
rubbergloveCHROME.bmp
  24 -11.954817 -3.214810 34.679589 -0.994076 -0.016700 -0.107397 0.000000 0.000000
  24 -11.956534 -2.019188 34.462596 -0.994882 0.023400 -0.098298 0.000000 0.000000
  24 -11.893844 -2.501316 33.985393 -0.974107 -0.186501 -0.127801 0.000000 0.000000
rubbergloveCHROME.bmp
  24 -11.893844 -2.501316 33.985393 -0.974107 -0.186501 -0.127801 0.000000 0.000000
  24 -11.956534 -2.019188 34.462596 -0.994882 0.023400 -0.098298 0.000000 0.000000
  24 -11.892942 -1.685937 33.894529 -0.765595 0.622696 -0.161599 0.000000 0.000000
rubbergloveCHROME.bmp
  24 -11.956534 -2.019188 34.462596 -0.994882 0.023400 -0.098298 0.000000 0.000000
  20 -12.065827 -1.783174 36.714883 -0.985276 0.170796 -0.007700 0.000000 0.000000
  24 -11.892942 -1.685937 33.894529 -0.765595 0.622696 -0.161599 0.000000 0.000000
rubbergloveCHROME.bmp
  24 -11.892942 -1.685937 33.894529 -0.765595 0.622696 -0.161599 0.000000 0.000000
  20 -12.065827 -1.783174 36.714883 -0.985276 0.170796 -0.007700 0.000000 0.000000
  19 -11.849565 -1.407074 37.659527 -0.590489 0.771586 0.236596 0.000000 0.000000
rubbergloveCHROME.bmp
  20 -12.065827 -1.783174 36.714883 -0.985276 0.170796 -0.007700 0.000000 0.000000
  19 -12.026202 -2.239695 38.102406 -0.872880 0.133597 0.469289 0.000000 0.000000
  19 -11.849565 -1.407074 37.659527 -0.590489 0.771586 0.236596 0.000000 0.000000
rubbergloveCHROME.bmp
  19 -11.849565 -1.407074 37.659527 -0.590489 0.771586 0.236596 0.000000 0.000000
  19 -12.026202 -2.239695 38.102406 -0.872880 0.133597 0.469289 0.000000 0.000000
  19 -11.186828 -1.859786 38.555089 0.019200 0.401810 0.915522 0.000000 0.000000
rubbergloveCHROME.bmp
  19 -12.026202 -2.239695 38.102406 -0.872880 0.133597 0.469289 0.000000 0.000000
  19 -11.580113 -3.154685 38.441225 -0.538918 -0.323110 0.777925 0.000000 0.000000
  19 -11.186828 -1.859786 38.555089 0.019200 0.401810 0.915522 0.000000 0.000000
rubbergloveCHROME.bmp
  19 -11.186828 -1.859786 38.555089 0.019200 0.401810 0.915522 0.000000 0.000000
  19 -11.580113 -3.154685 38.441225 -0.538918 -0.323110 0.777925 0.000000 0.000000
  19 -10.471542 -3.154713 38.371432 0.590730 -0.267213 0.761338 0.000000 0.000000
rubbergloveCHROME.bmp
  19 -11.580113 -3.154685 38.441225 -0.538918 -0.323110 0.777925 0.000000 0.000000
  20 -11.187079 -4.477321 37.429286 -0.188298 -0.648691 0.737390 0.000000 0.000000
  19 -10.471542 -3.154713 38.371432 0.590730 -0.267213 0.761338 0.000000 0.000000
rubbergloveCHROME.bmp
  10 11.176845 -4.477265 37.428262 0.188297 -0.648691 0.737390 0.000000 0.000000
  9 11.579822 -3.154636 38.441199 0.538918 -0.323110 0.777925 0.000000 0.000000
  9 10.461301 -3.154669 38.370411 -0.590730 -0.267213 0.761338 0.000000 0.000000
rubbergloveCHROME.bmp
  9 10.461301 -3.154669 38.370411 -0.590730 -0.267213 0.761338 0.000000 0.000000
  9 11.579822 -3.154636 38.441199 0.538918 -0.323110 0.777925 0.000000 0.000000
  9 11.175613 -1.857330 38.563723 -0.019200 0.401810 0.915522 0.000000 0.000000
rubbergloveCHROME.bmp
  9 11.579822 -3.154636 38.441199 0.538918 -0.323110 0.777925 0.000000 0.000000
  9 12.015956 -2.239644 38.101381 0.872880 0.133597 0.469289 0.000000 0.000000
  9 11.175613 -1.857330 38.563723 -0.019200 0.401810 0.915522 0.000000 0.000000
rubbergloveCHROME.bmp
  9 11.175613 -1.857330 38.563723 -0.019200 0.401810 0.915522 0.000000 0.000000
  9 12.015956 -2.239644 38.101381 0.872880 0.133597 0.469289 0.000000 0.000000
  9 11.840283 -1.409433 37.648845 0.590490 0.771586 0.236596 0.000000 0.000000
rubbergloveCHROME.bmp
  9 12.015956 -2.239644 38.101381 0.872880 0.133597 0.469289 0.000000 0.000000
  10 12.055577 -1.783114 36.713855 0.985276 0.170796 -0.007700 0.000000 0.000000
  9 11.840283 -1.409433 37.648845 0.590490 0.771586 0.236596 0.000000 0.000000
rubbergloveCHROME.bmp
  9 11.840283 -1.409433 37.648845 0.590490 0.771586 0.236596 0.000000 0.000000
  10 12.055577 -1.783114 36.713855 0.985276 0.170796 -0.007700 0.000000 0.000000
  14 11.882685 -1.685889 33.893506 0.765595 0.622696 -0.161599 0.000000 0.000000
rubbergloveCHROME.bmp
  10 12.055577 -1.783114 36.713855 0.985276 0.170796 -0.007700 0.000000 0.000000
  14 11.946280 -2.019140 34.461572 0.994882 0.023399 -0.098298 0.000000 0.000000
  14 11.882685 -1.685889 33.893506 0.765595 0.622696 -0.161599 0.000000 0.000000
rubbergloveCHROME.bmp
  14 11.882685 -1.685889 33.893506 0.765595 0.622696 -0.161599 0.000000 0.000000
  14 11.946280 -2.019140 34.461572 0.994882 0.023399 -0.098298 0.000000 0.000000
  14 11.884554 -2.503930 33.974778 0.974107 -0.186501 -0.127801 0.000000 0.000000
rubbergloveCHROME.bmp
  14 11.946280 -2.019140 34.461572 0.994882 0.023399 -0.098298 0.000000 0.000000
  14 11.944569 -3.214762 34.678566 0.994076 -0.016700 -0.107397 0.000000 0.000000
  14 11.884554 -2.503930 33.974778 0.974107 -0.186501 -0.127801 0.000000 0.000000
rubbergloveCHROME.bmp
  14 11.884554 -2.503930 33.974778 0.974107 -0.186501 -0.127801 0.000000 0.000000
  14 11.944569 -3.214762 34.678566 0.994076 -0.016700 -0.107397 0.000000 0.000000
  14 11.873546 -3.338222 34.184386 0.968767 -0.221993 -0.110496 0.000000 0.000000
rubbergloveCHROME.bmp
  14 11.944569 -3.214762 34.678566 0.994076 -0.016700 -0.107397 0.000000 0.000000
  14 11.883892 -4.180136 34.481664 0.981678 -0.049899 -0.183896 0.000000 0.000000
  14 11.873546 -3.338222 34.184386 0.968767 -0.221993 -0.110496 0.000000 0.000000
rubbergloveCHROME.bmp
  15 11.558382 -2.121507 31.935873 0.706339 0.643834 -0.294216 0.000000 0.000000
  16 11.317899 -2.894608 30.985977 0.714986 -0.511990 -0.476090 0.000000 0.000000
  16 11.310762 -2.365238 30.835256 0.298399 0.425598 -0.854297 0.000000 0.000000
rubbergloveCHROME.bmp
  16 11.310762 -2.365238 30.835256 0.298399 0.425598 -0.854297 0.000000 0.000000
  16 11.317899 -2.894608 30.985977 0.714986 -0.511990 -0.476090 0.000000 0.000000
  16 10.904225 -2.858715 30.961779 -0.376196 -0.753490 -0.539193 0.000000 0.000000
rubbergloveCHROME.bmp
  16 11.317899 -2.894608 30.985977 0.714986 -0.511990 -0.476090 0.000000 0.000000
  15 11.561349 -2.771655 32.024182 0.668730 -0.740333 -0.068603 0.000000 0.000000
  16 10.904225 -2.858715 30.961779 -0.376196 -0.753490 -0.539193 0.000000 0.000000
rubbergloveCHROME.bmp
  16 10.904225 -2.858715 30.961779 -0.376196 -0.753490 -0.539193 0.000000 0.000000
  15 11.561349 -2.771655 32.024182 0.668730 -0.740333 -0.068603 0.000000 0.000000
  15 10.826064 -2.736083 32.079772 -0.737708 -0.673206 0.050801 0.000000 0.000000
rubbergloveCHROME.bmp
  15 11.561349 -2.771655 32.024182 0.668730 -0.740333 -0.068603 0.000000 0.000000
  14 11.770902 -2.653452 33.003940 0.540006 -0.841609 0.009400 0.000000 0.000000
  15 10.826064 -2.736083 32.079772 -0.737708 -0.673206 0.050801 0.000000 0.000000
rubbergloveCHROME.bmp
  15 10.826064 -2.736083 32.079772 -0.737708 -0.673206 0.050801 0.000000 0.000000
  14 11.770902 -2.653452 33.003940 0.540006 -0.841609 0.009400 0.000000 0.000000
  14 10.758476 -2.646720 33.077750 -0.702427 -0.709926 0.051002 0.000000 0.000000
rubbergloveCHROME.bmp
  14 11.770902 -2.653452 33.003940 0.540006 -0.841609 0.009400 0.000000 0.000000
  14 11.884554 -2.503930 33.974778 0.974107 -0.186501 -0.127801 0.000000 0.000000
  14 10.758476 -2.646720 33.077750 -0.702427 -0.709926 0.051002 0.000000 0.000000
rubbergloveCHROME.bmp
  14 10.758476 -2.646720 33.077750 -0.702427 -0.709926 0.051002 0.000000 0.000000
  14 11.884554 -2.503930 33.974778 0.974107 -0.186501 -0.127801 0.000000 0.000000
  14 10.717348 -2.554106 33.788194 -0.973170 0.162595 -0.162795 0.000000 0.000000
rubbergloveCHROME.bmp
  14 11.884554 -2.503930 33.974778 0.974107 -0.186501 -0.127801 0.000000 0.000000
  14 11.772786 -2.862573 32.884923 0.797167 0.543277 -0.263389 0.000000 0.000000
  14 10.717348 -2.554106 33.788194 -0.973170 0.162595 -0.162795 0.000000 0.000000
rubbergloveCHROME.bmp
  14 10.717348 -2.554106 33.788194 -0.973170 0.162595 -0.162795 0.000000 0.000000
  14 11.772786 -2.862573 32.884923 0.797167 0.543277 -0.263389 0.000000 0.000000
  14 10.761261 -2.785705 32.949783 -0.697588 0.683388 -0.215296 0.000000 0.000000
rubbergloveCHROME.bmp
  14 11.772786 -2.862573 32.884923 0.797167 0.543277 -0.263389 0.000000 0.000000
  15 11.585952 -3.171483 31.741990 0.698512 0.615510 -0.365006 0.000000 0.000000
  14 10.761261 -2.785705 32.949783 -0.697588 0.683388 -0.215296 0.000000 0.000000
rubbergloveCHROME.bmp
  24 -11.781652 -4.429488 33.299854 -0.544702 -0.831903 0.106000 0.000000 0.000000
  24 -10.797949 -4.388511 33.387892 0.699693 -0.705893 0.110199 0.000000 0.000000
  24 -11.894135 -4.180184 34.482687 -0.981678 -0.049899 -0.183896 0.000000 0.000000
rubbergloveCHROME.bmp
  24 -11.894135 -4.180184 34.482687 -0.981678 -0.049899 -0.183896 0.000000 0.000000
  24 -10.797949 -4.388511 33.387892 0.699693 -0.705893 0.110199 0.000000 0.000000
  24 -10.756514 -4.150214 34.401942 0.986915 -0.038401 -0.156602 0.000000 0.000000
rubbergloveCHROME.bmp
  24 -10.797949 -4.388511 33.387892 0.699693 -0.705893 0.110199 0.000000 0.000000
  24 -10.739273 -3.347866 34.073248 0.973170 0.162595 -0.162795 0.000000 0.000000
  24 -10.756514 -4.150214 34.401942 0.986915 -0.038401 -0.156602 0.000000 0.000000
rubbergloveCHROME.bmp
  24 -10.756514 -4.150214 34.401942 0.986915 -0.038401 -0.156602 0.000000 0.000000
  24 -10.739273 -3.347866 34.073248 0.973170 0.162595 -0.162795 0.000000 0.000000
  20 -10.484643 -2.822014 35.837859 0.984948 0.032898 -0.169691 0.000000 0.000000
rubbergloveCHROME.bmp
  24 -10.739273 -3.347866 34.073248 0.973170 0.162595 -0.162795 0.000000 0.000000
  24 -10.717651 -2.554147 33.788216 0.973170 0.162595 -0.162795 0.000000 0.000000
  20 -10.484643 -2.822014 35.837859 0.984948 0.032898 -0.169691 0.000000 0.000000
rubbergloveCHROME.bmp
  20 -10.484643 -2.822014 35.837859 0.984948 0.032898 -0.169691 0.000000 0.000000
  24 -10.717651 -2.554147 33.788216 0.973170 0.162595 -0.162795 0.000000 0.000000
  24 -10.731674 -1.693879 33.748949 0.697588 0.683388 -0.215296 0.000000 0.000000
rubbergloveCHROME.bmp
  24 -10.717651 -2.554147 33.788216 0.973170 0.162595 -0.162795 0.000000 0.000000
  24 -10.768730 -2.646762 33.078770 0.702426 -0.709927 0.051002 0.000000 0.000000
  24 -10.731674 -1.693879 33.748949 0.697588 0.683388 -0.215296 0.000000 0.000000
rubbergloveCHROME.bmp
  24 -10.731674 -1.693879 33.748949 0.697588 0.683388 -0.215296 0.000000 0.000000
  24 -10.768730 -2.646762 33.078770 0.702426 -0.709927 0.051002 0.000000 0.000000
  24 -10.750283 -1.858647 32.962435 0.697588 0.683388 -0.215296 0.000000 0.000000
rubbergloveCHROME.bmp
  24 -10.768730 -2.646762 33.078770 0.702426 -0.709927 0.051002 0.000000 0.000000
  25 -10.836091 -2.736991 32.077619 0.737707 -0.673207 0.050801 0.000000 0.000000
  24 -10.750283 -1.858647 32.962435 0.697588 0.683388 -0.215296 0.000000 0.000000
rubbergloveCHROME.bmp
  14 11.883892 -4.180136 34.481664 0.981678 -0.049899 -0.183896 0.000000 0.000000
  14 10.746270 -4.150172 34.400922 -0.986915 -0.038400 -0.156602 0.000000 0.000000
  14 10.787704 -4.388469 33.386872 -0.699694 -0.705893 0.110199 0.000000 0.000000
rubbergloveCHROME.bmp
  14 10.787704 -4.388469 33.386872 -0.699694 -0.705893 0.110199 0.000000 0.000000
  14 10.746270 -4.150172 34.400922 -0.986915 -0.038400 -0.156602 0.000000 0.000000
  14 10.728062 -3.345162 34.081819 -0.973170 0.162595 -0.162795 0.000000 0.000000
rubbergloveCHROME.bmp
  14 10.746270 -4.150172 34.400922 -0.986915 -0.038400 -0.156602 0.000000 0.000000
  10 10.474396 -2.821961 35.836836 -0.984948 0.032898 -0.169691 0.000000 0.000000
  14 10.728062 -3.345162 34.081819 -0.973170 0.162595 -0.162795 0.000000 0.000000
rubbergloveCHROME.bmp
  14 10.728062 -3.345162 34.081819 -0.973170 0.162595 -0.162795 0.000000 0.000000
  10 10.474396 -2.821961 35.836836 -0.984948 0.032898 -0.169691 0.000000 0.000000
  14 10.717348 -2.554106 33.788194 -0.973170 0.162595 -0.162795 0.000000 0.000000
rubbergloveCHROME.bmp
  10 10.474396 -2.821961 35.836836 -0.984948 0.032898 -0.169691 0.000000 0.000000
  14 10.722379 -1.696499 33.738338 -0.697588 0.683388 -0.215296 0.000000 0.000000
  14 10.717348 -2.554106 33.788194 -0.973170 0.162595 -0.162795 0.000000 0.000000
rubbergloveCHROME.bmp
  14 10.717348 -2.554106 33.788194 -0.973170 0.162595 -0.162795 0.000000 0.000000
  14 10.722379 -1.696499 33.738338 -0.697588 0.683388 -0.215296 0.000000 0.000000
  14 10.758476 -2.646720 33.077750 -0.702427 -0.709926 0.051002 0.000000 0.000000
rubbergloveCHROME.bmp
  14 10.722379 -1.696499 33.738338 -0.697588 0.683388 -0.215296 0.000000 0.000000
  14 10.749974 -1.858606 32.962412 -0.697588 0.683388 -0.215296 0.000000 0.000000
  14 10.758476 -2.646720 33.077750 -0.702427 -0.709926 0.051002 0.000000 0.000000
rubbergloveCHROME.bmp
  14 10.758476 -2.646720 33.077750 -0.702427 -0.709926 0.051002 0.000000 0.000000
  14 10.749974 -1.858606 32.962412 -0.697588 0.683388 -0.215296 0.000000 0.000000
  15 10.826064 -2.736083 32.079772 -0.737708 -0.673206 0.050801 0.000000 0.000000
rubbergloveCHROME.bmp
  14 10.749974 -1.858606 32.962412 -0.697588 0.683388 -0.215296 0.000000 0.000000
  15 10.833084 -2.077162 31.986637 -0.635196 0.745495 -0.201899 0.000000 0.000000
  15 10.826064 -2.736083 32.079772 -0.737708 -0.673206 0.050801 0.000000 0.000000
rubbergloveCHROME.bmp
  20 -11.350712 -4.735622 35.501514 -0.306011 -0.948533 0.081503 0.000000 0.000000
  24 -11.906277 -4.881826 34.762064 -0.711317 -0.692516 0.120203 0.000000 0.000000
  24 -10.762883 -4.925663 34.638667 0.702426 -0.709927 0.051002 0.000000 0.000000
rubbergloveCHROME.bmp
  24 -10.762883 -4.925663 34.638667 0.702426 -0.709927 0.051002 0.000000 0.000000
  24 -11.906277 -4.881826 34.762064 -0.711317 -0.692516 0.120203 0.000000 0.000000
  24 -10.815088 -5.232079 33.717589 0.704584 -0.688185 0.173096 0.000000 0.000000
rubbergloveCHROME.bmp
  24 -11.906277 -4.881826 34.762064 -0.711317 -0.692516 0.120203 0.000000 0.000000
  24 -11.737698 -5.248451 33.637446 -0.544699 -0.821998 0.166200 0.000000 0.000000
  24 -10.815088 -5.232079 33.717589 0.704584 -0.688185 0.173096 0.000000 0.000000
rubbergloveCHROME.bmp
  24 -10.815088 -5.232079 33.717589 0.704584 -0.688185 0.173096 0.000000 0.000000
  24 -11.737698 -5.248451 33.637446 -0.544699 -0.821998 0.166200 0.000000 0.000000
  25 -10.869230 -5.548358 32.609801 0.722804 -0.663204 0.194201 0.000000 0.000000
rubbergloveCHROME.bmp
  24 -11.737698 -5.248451 33.637446 -0.544699 -0.821998 0.166200 0.000000 0.000000
  25 -11.570019 -5.585072 32.584358 -0.669312 -0.734913 0.109202 0.000000 0.000000
  25 -10.869230 -5.548358 32.609801 0.722804 -0.663204 0.194201 0.000000 0.000000
rubbergloveCHROME.bmp
  25 -10.869230 -5.548358 32.609801 0.722804 -0.663204 0.194201 0.000000 0.000000
  25 -11.570019 -5.585072 32.584358 -0.669312 -0.734913 0.109202 0.000000 0.000000
  26 -10.936027 -5.862980 31.471551 0.411414 -0.802128 -0.432815 0.000000 0.000000
rubbergloveCHROME.bmp
  25 -11.570019 -5.585072 32.584358 -0.669312 -0.734913 0.109202 0.000000 0.000000
  26 -11.370674 -5.927009 31.508736 -0.745109 -0.537606 -0.394705 0.000000 0.000000
  26 -10.936027 -5.862980 31.471551 0.411414 -0.802128 -0.432815 0.000000 0.000000
rubbergloveCHROME.bmp
  16 11.358334 -5.928616 31.501495 0.745109 -0.537607 -0.394705 0.000000 0.000000
  15 11.560007 -5.584161 32.586510 0.669312 -0.734913 0.109202 0.000000 0.000000
  16 10.923687 -5.864590 31.464311 -0.411415 -0.802128 -0.432815 0.000000 0.000000
rubbergloveCHROME.bmp
  16 10.923687 -5.864590 31.464311 -0.411415 -0.802128 -0.432815 0.000000 0.000000
  15 11.560007 -5.584161 32.586510 0.669312 -0.734913 0.109202 0.000000 0.000000
  15 10.859218 -5.547450 32.611955 -0.722805 -0.663204 0.194201 0.000000 0.000000
rubbergloveCHROME.bmp
  15 11.560007 -5.584161 32.586510 0.669312 -0.734913 0.109202 0.000000 0.000000
  14 11.727457 -5.248404 33.636423 0.544699 -0.821998 0.166200 0.000000 0.000000
  15 10.859218 -5.547450 32.611955 -0.722805 -0.663204 0.194201 0.000000 0.000000
rubbergloveCHROME.bmp
  15 10.859218 -5.547450 32.611955 -0.722805 -0.663204 0.194201 0.000000 0.000000
  14 11.727457 -5.248404 33.636423 0.544699 -0.821998 0.166200 0.000000 0.000000
  14 10.804848 -5.232036 33.716569 -0.704585 -0.688184 0.173096 0.000000 0.000000
rubbergloveCHROME.bmp
  14 11.727457 -5.248404 33.636423 0.544699 -0.821998 0.166200 0.000000 0.000000
  14 11.896038 -4.881778 34.761041 0.711317 -0.692517 0.120203 0.000000 0.000000
  14 10.804848 -5.232036 33.716569 -0.704585 -0.688184 0.173096 0.000000 0.000000
rubbergloveCHROME.bmp
  14 10.804848 -5.232036 33.716569 -0.704585 -0.688184 0.173096 0.000000 0.000000
  14 11.896038 -4.881778 34.761041 0.711317 -0.692517 0.120203 0.000000 0.000000
  14 10.752643 -4.925621 34.637647 -0.702427 -0.709926 0.051002 0.000000 0.000000
rubbergloveCHROME.bmp
  14 11.896038 -4.881778 34.761041 0.711317 -0.692517 0.120203 0.000000 0.000000
  10 11.340474 -4.735566 35.500490 0.306011 -0.948533 0.081503 0.000000 0.000000
  14 10.752643 -4.925621 34.637647 -0.702427 -0.709926 0.051002 0.000000 0.000000
rubbergloveCHROME.bmp
  15 11.558743 -4.148207 31.733669 0.698512 0.615510 -0.365006 0.000000 0.000000
  16 11.290579 -5.080131 30.769318 0.718876 -0.539882 -0.437886 0.000000 0.000000
  16 11.291102 -4.544506 30.604378 0.252492 0.355889 -0.899773 0.000000 0.000000
rubbergloveCHROME.bmp
  16 11.291102 -4.544506 30.604378 0.252492 0.355889 -0.899773 0.000000 0.000000
  16 11.290579 -5.080131 30.769318 0.718876 -0.539882 -0.437886 0.000000 0.000000
  16 10.887425 -5.016188 30.734997 -0.434219 -0.768034 -0.470721 0.000000 0.000000
rubbergloveCHROME.bmp
  16 11.290579 -5.080131 30.769318 0.718876 -0.539882 -0.437886 0.000000 0.000000
  15 11.567343 -4.788213 31.934963 0.652906 -0.754207 0.069901 0.000000 0.000000
  16 10.887425 -5.016188 30.734997 -0.434219 -0.768034 -0.470721 0.000000 0.000000
rubbergloveCHROME.bmp
  16 10.887425 -5.016188 30.734997 -0.434219 -0.768034 -0.470721 0.000000 0.000000
  15 11.567343 -4.788213 31.934963 0.652906 -0.754207 0.069901 0.000000 0.000000
  15 10.787518 -4.708530 31.957836 -0.749177 -0.642880 0.159495 0.000000 0.000000
rubbergloveCHROME.bmp
  15 11.567343 -4.788213 31.934963 0.652906 -0.754207 0.069901 0.000000 0.000000
  14 11.770444 -4.426780 33.308422 0.544702 -0.831903 0.106000 0.000000 0.000000
  15 10.787518 -4.708530 31.957836 -0.749177 -0.642880 0.159495 0.000000 0.000000
rubbergloveCHROME.bmp
  15 10.787518 -4.708530 31.957836 -0.749177 -0.642880 0.159495 0.000000 0.000000
  14 11.770444 -4.426780 33.308422 0.544702 -0.831903 0.106000 0.000000 0.000000
  14 10.787704 -4.388469 33.386872 -0.699694 -0.705893 0.110199 0.000000 0.000000
rubbergloveCHROME.bmp
  14 11.770444 -4.426780 33.308422 0.544702 -0.831903 0.106000 0.000000 0.000000
  14 11.883892 -4.180136 34.481664 0.981678 -0.049899 -0.183896 0.000000 0.000000
  14 10.787704 -4.388469 33.386872 -0.699694 -0.705893 0.110199 0.000000 0.000000
rubbergloveCHROME.bmp
  22 -11.374171 -5.305913 35.130786 -0.610413 0.490910 -0.621613 0.000000 0.000000
  22 -11.286062 -5.813415 35.490201 -0.671310 -0.727310 0.142702 0.000000 0.000000
  21 -11.628626 -4.701801 35.845767 -0.907693 -0.123999 -0.400897 0.000000 0.000000
rubbergloveCHROME.bmp
  22 -11.374171 -5.305913 35.130786 -0.610413 0.490910 -0.621613 0.000000 0.000000
  23 -11.024897 -6.073125 34.219573 -0.638670 -0.158093 -0.753065 0.000000 0.000000
  22 -11.286062 -5.813415 35.490201 -0.671310 -0.727310 0.142702 0.000000 0.000000
rubbergloveCHROME.bmp
  22 -11.374171 -5.305913 35.130786 -0.610413 0.490910 -0.621613 0.000000 0.000000
  23 -10.776128 -5.721038 34.263716 -0.033599 0.631692 -0.774491 0.000000 0.000000
  23 -11.024897 -6.073125 34.219573 -0.638670 -0.158093 -0.753065 0.000000 0.000000
rubbergloveCHROME.bmp
  22 -11.374171 -5.305913 35.130786 -0.610413 0.490910 -0.621613 0.000000 0.000000
  22 -10.475019 -5.240301 35.119862 0.740108 0.504105 -0.445105 0.000000 0.000000
  23 -10.776128 -5.721038 34.263716 -0.033599 0.631692 -0.774491 0.000000 0.000000
rubbergloveCHROME.bmp
  22 -11.374171 -5.305913 35.130786 -0.610413 0.490910 -0.621613 0.000000 0.000000
  20 -10.443986 -4.613220 35.624253 0.922676 0.059298 -0.380990 0.000000 0.000000
  22 -10.475019 -5.240301 35.119862 0.740108 0.504105 -0.445105 0.000000 0.000000
rubbergloveCHROME.bmp
  22 -11.374171 -5.305913 35.130786 -0.610413 0.490910 -0.621613 0.000000 0.000000
  21 -11.628626 -4.701801 35.845767 -0.907693 -0.123999 -0.400897 0.000000 0.000000
  20 -10.443986 -4.613220 35.624253 0.922676 0.059298 -0.380990 0.000000 0.000000
rubbergloveCHROME.bmp
  12 11.363972 -5.304589 35.130413 0.610413 0.490910 -0.621613 0.000000 0.000000
  10 10.432797 -4.610088 35.632697 -0.922676 0.059299 -0.380990 0.000000 0.000000
  11 11.618425 -4.700478 35.845395 0.907693 -0.123999 -0.400897 0.000000 0.000000
rubbergloveCHROME.bmp
  12 11.363972 -5.304589 35.130413 0.610413 0.490910 -0.621613 0.000000 0.000000
  12 10.464819 -5.238982 35.119493 -0.740108 0.504105 -0.445105 0.000000 0.000000
  10 10.432797 -4.610088 35.632697 -0.922676 0.059299 -0.380990 0.000000 0.000000
rubbergloveCHROME.bmp
  12 11.363972 -5.304589 35.130413 0.610413 0.490910 -0.621613 0.000000 0.000000
  13 10.765928 -5.719718 34.263344 0.033600 0.631692 -0.774491 0.000000 0.000000
  12 10.464819 -5.238982 35.119493 -0.740108 0.504105 -0.445105 0.000000 0.000000
rubbergloveCHROME.bmp
  12 11.363972 -5.304589 35.130413 0.610413 0.490910 -0.621613 0.000000 0.000000
  13 11.014699 -6.071804 34.219200 0.638670 -0.158093 -0.753065 0.000000 0.000000
  13 10.765928 -5.719718 34.263344 0.033600 0.631692 -0.774491 0.000000 0.000000
rubbergloveCHROME.bmp
  12 11.363972 -5.304589 35.130413 0.610413 0.490910 -0.621613 0.000000 0.000000
  12 11.275866 -5.812091 35.489829 0.671309 -0.727310 0.142702 0.000000 0.000000
  13 11.014699 -6.071804 34.219200 0.638670 -0.158093 -0.753065 0.000000 0.000000
rubbergloveCHROME.bmp
  12 11.363972 -5.304589 35.130413 0.610413 0.490910 -0.621613 0.000000 0.000000
  11 11.618425 -4.700478 35.845395 0.907693 -0.123999 -0.400897 0.000000 0.000000
  12 11.275866 -5.812091 35.489829 0.671309 -0.727310 0.142702 0.000000 0.000000
rubbergloveCHROME.bmp
  26 -10.893929 -4.008135 30.591109 0.397498 -0.772896 -0.494597 0.000000 0.000000
  26 -10.727014 -3.760619 30.757767 0.975314 -0.073301 -0.208303 0.000000 0.000000
  25 -10.799586 -3.774570 31.960164 0.732514 -0.667713 0.132602 0.000000 0.000000
rubbergloveCHROME.bmp
  25 -10.799586 -3.774570 31.960164 0.732514 -0.667713 0.132602 0.000000 0.000000
  26 -10.727014 -3.760619 30.757767 0.975314 -0.073301 -0.208303 0.000000 0.000000
  25 -10.787720 -3.145425 31.794527 0.642392 0.723691 -0.252197 0.000000 0.000000
rubbergloveCHROME.bmp
  26 -10.727014 -3.760619 30.757767 0.975314 -0.073301 -0.208303 0.000000 0.000000
  26 -10.884865 -3.630475 30.492162 0.585008 0.342605 -0.735110 0.000000 0.000000
  25 -10.787720 -3.145425 31.794527 0.642392 0.723691 -0.252197 0.000000 0.000000
rubbergloveCHROME.bmp
  25 -10.787720 -3.145425 31.794527 0.642392 0.723691 -0.252197 0.000000 0.000000
  26 -10.884865 -3.630475 30.492162 0.585008 0.342605 -0.735110 0.000000 0.000000
  26 -11.291478 -3.569111 30.492051 -0.303507 0.393409 -0.867821 0.000000 0.000000
rubbergloveCHROME.bmp
  26 -10.884865 -3.630475 30.492162 0.585008 0.342605 -0.735110 0.000000 0.000000
  26 -10.893929 -4.008135 30.591109 0.397498 -0.772896 -0.494597 0.000000 0.000000
  26 -11.291478 -3.569111 30.492051 -0.303507 0.393409 -0.867821 0.000000 0.000000
rubbergloveCHROME.bmp
  15 10.775366 -3.147035 31.787286 -0.642392 0.723691 -0.252197 0.000000 0.000000
  16 10.714661 -3.762229 30.750526 -0.975314 -0.073301 -0.208303 0.000000 0.000000
  15 10.789564 -3.773663 31.962317 -0.732514 -0.667712 0.132603 0.000000 0.000000
rubbergloveCHROME.bmp
  15 10.789564 -3.773663 31.962317 -0.732514 -0.667712 0.132603 0.000000 0.000000
  16 10.714661 -3.762229 30.750526 -0.975314 -0.073301 -0.208303 0.000000 0.000000
  16 10.883905 -4.007228 30.593262 -0.397498 -0.772896 -0.494597 0.000000 0.000000
rubbergloveCHROME.bmp
  16 10.714661 -3.762229 30.750526 -0.975314 -0.073301 -0.208303 0.000000 0.000000
  16 10.874839 -3.629568 30.494315 -0.585008 0.342605 -0.735110 0.000000 0.000000
  16 10.883905 -4.007228 30.593262 -0.397498 -0.772896 -0.494597 0.000000 0.000000
rubbergloveCHROME.bmp
  16 10.883905 -4.007228 30.593262 -0.397498 -0.772896 -0.494597 0.000000 0.000000
  16 10.874839 -3.629568 30.494315 -0.585008 0.342605 -0.735110 0.000000 0.000000
  16 11.281452 -3.568202 30.494203 0.303507 0.393409 -0.867821 0.000000 0.000000
rubbergloveCHROME.bmp
  16 10.874839 -3.629568 30.494315 -0.585008 0.342605 -0.735110 0.000000 0.000000
  15 10.775366 -3.147035 31.787286 -0.642392 0.723691 -0.252197 0.000000 0.000000
  16 11.281452 -3.568202 30.494203 0.303507 0.393409 -0.867821 0.000000 0.000000
rubbergloveCHROME.bmp
  19 -12.026202 -2.239695 38.102406 -0.872880 0.133597 0.469289 0.000000 0.000000
  20 -12.101292 -3.305770 37.245491 -0.990358 -0.069397 0.119895 0.000000 0.000000
  19 -11.580113 -3.154685 38.441225 -0.538918 -0.323110 0.777925 0.000000 0.000000
rubbergloveCHROME.bmp
  19 -11.580113 -3.154685 38.441225 -0.538918 -0.323110 0.777925 0.000000 0.000000
  20 -12.101292 -3.305770 37.245491 -0.990358 -0.069397 0.119895 0.000000 0.000000
  20 -12.088628 -3.973744 36.965045 -0.931204 -0.317801 0.178501 0.000000 0.000000
rubbergloveCHROME.bmp
  20 -12.101292 -3.305770 37.245491 -0.990358 -0.069397 0.119895 0.000000 0.000000
  24 -11.997036 -4.328919 35.159879 -0.995183 -0.046699 -0.086198 0.000000 0.000000
  20 -12.088628 -3.973744 36.965045 -0.931204 -0.317801 0.178501 0.000000 0.000000
rubbergloveCHROME.bmp
  20 -12.088628 -3.973744 36.965045 -0.931204 -0.317801 0.178501 0.000000 0.000000
  24 -11.997036 -4.328919 35.159879 -0.995183 -0.046699 -0.086198 0.000000 0.000000
  24 -11.906277 -4.881826 34.762064 -0.711317 -0.692516 0.120203 0.000000 0.000000
rubbergloveCHROME.bmp
  24 -11.997036 -4.328919 35.159879 -0.995183 -0.046699 -0.086198 0.000000 0.000000
  24 -11.894135 -4.180184 34.482687 -0.981678 -0.049899 -0.183896 0.000000 0.000000
  24 -11.906277 -4.881826 34.762064 -0.711317 -0.692516 0.120203 0.000000 0.000000
rubbergloveCHROME.bmp
  10 12.077440 -3.970604 36.973485 0.931203 -0.317801 0.178501 0.000000 0.000000
  9 11.579822 -3.154636 38.441199 0.538918 -0.323110 0.777925 0.000000 0.000000
  10 11.176845 -4.477265 37.428262 0.188297 -0.648691 0.737390 0.000000 0.000000
rubbergloveCHROME.bmp
  10 12.077440 -3.970604 36.973485 0.931203 -0.317801 0.178501 0.000000 0.000000
  10 12.092001 -3.308789 37.234997 0.990358 -0.069397 0.119895 0.000000 0.000000
  9 11.579822 -3.154636 38.441199 0.538918 -0.323110 0.777925 0.000000 0.000000
rubbergloveCHROME.bmp
  10 12.077440 -3.970604 36.973485 0.931203 -0.317801 0.178501 0.000000 0.000000
  14 11.987757 -4.331532 35.149265 0.995183 -0.046699 -0.086199 0.000000 0.000000
  10 12.092001 -3.308789 37.234997 0.990358 -0.069397 0.119895 0.000000 0.000000
rubbergloveCHROME.bmp
  10 12.077440 -3.970604 36.973485 0.931203 -0.317801 0.178501 0.000000 0.000000
  14 11.896038 -4.881778 34.761041 0.711317 -0.692517 0.120203 0.000000 0.000000
  14 11.987757 -4.331532 35.149265 0.995183 -0.046699 -0.086199 0.000000 0.000000
rubbergloveCHROME.bmp
  10 12.077440 -3.970604 36.973485 0.931203 -0.317801 0.178501 0.000000 0.000000
  10 11.340474 -4.735566 35.500490 0.306011 -0.948533 0.081503 0.000000 0.000000
  14 11.896038 -4.881778 34.761041 0.711317 -0.692517 0.120203 0.000000 0.000000
rubbergloveCHROME.bmp
  24 -11.894135 -4.180184 34.482687 -0.981678 -0.049899 -0.183896 0.000000 0.000000
  24 -10.823275 -4.552378 33.435915 0.582719 0.748124 -0.317410 0.000000 0.000000
  24 -11.731288 -4.587019 33.401084 -0.883265 0.373085 -0.283989 0.000000 0.000000
rubbergloveCHROME.bmp
  24 -11.731288 -4.587019 33.401084 -0.883265 0.373085 -0.283989 0.000000 0.000000
  24 -10.823275 -4.552378 33.435915 0.582719 0.748124 -0.317410 0.000000 0.000000
  25 -11.565956 -4.970246 32.367397 -0.698511 0.615510 -0.365006 0.000000 0.000000
rubbergloveCHROME.bmp
  24 -10.823275 -4.552378 33.435915 0.582719 0.748124 -0.317410 0.000000 0.000000
  25 -10.864901 -4.943170 32.395489 0.640203 0.709803 -0.293801 0.000000 0.000000
  25 -11.565956 -4.970246 32.367397 -0.698511 0.615510 -0.365006 0.000000 0.000000
rubbergloveCHROME.bmp
  25 -11.565956 -4.970246 32.367397 -0.698511 0.615510 -0.365006 0.000000 0.000000
  25 -10.864901 -4.943170 32.395489 0.640203 0.709803 -0.293801 0.000000 0.000000
  26 -11.359150 -5.393034 31.336579 -0.252492 0.355889 -0.899773 0.000000 0.000000
rubbergloveCHROME.bmp
  25 -10.864901 -4.943170 32.395489 0.640203 0.709803 -0.293801 0.000000 0.000000
  26 -10.922307 -5.490354 31.353816 0.581774 0.294487 -0.758166 0.000000 0.000000
  26 -11.359150 -5.393034 31.336579 -0.252492 0.355889 -0.899773 0.000000 0.000000
rubbergloveCHROME.bmp
  26 -11.301123 -4.545415 30.602225 -0.252492 0.355889 -0.899773 0.000000 0.000000
  26 -10.899771 -5.014578 30.742237 0.434219 -0.768034 -0.470721 0.000000 0.000000
  26 -11.300597 -5.081040 30.767166 -0.718877 -0.539882 -0.437886 0.000000 0.000000
rubbergloveCHROME.bmp
  26 -11.300597 -5.081040 30.767166 -0.718877 -0.539882 -0.437886 0.000000 0.000000
  26 -10.899771 -5.014578 30.742237 0.434219 -0.768034 -0.470721 0.000000 0.000000
  25 -11.577360 -4.789124 31.932811 -0.652906 -0.754207 0.069901 0.000000 0.000000
rubbergloveCHROME.bmp
  26 -10.899771 -5.014578 30.742237 0.434219 -0.768034 -0.470721 0.000000 0.000000
  25 -10.797535 -4.709437 31.955682 0.749177 -0.642880 0.159495 0.000000 0.000000
  25 -11.577360 -4.789124 31.932811 -0.652906 -0.754207 0.069901 0.000000 0.000000
rubbergloveCHROME.bmp
  25 -11.577360 -4.789124 31.932811 -0.652906 -0.754207 0.069901 0.000000 0.000000
  25 -10.797535 -4.709437 31.955682 0.749177 -0.642880 0.159495 0.000000 0.000000
  24 -11.781652 -4.429488 33.299854 -0.544702 -0.831903 0.106000 0.000000 0.000000
rubbergloveCHROME.bmp
  25 -10.797535 -4.709437 31.955682 0.749177 -0.642880 0.159495 0.000000 0.000000
  24 -10.797949 -4.388511 33.387892 0.699693 -0.705893 0.110199 0.000000 0.000000
  24 -11.781652 -4.429488 33.299854 -0.544702 -0.831903 0.106000 0.000000 0.000000
rubbergloveCHROME.bmp
  16 10.912293 -5.489446 31.355970 -0.581774 0.294487 -0.758166 0.000000 0.000000
  15 10.854885 -4.942263 32.397643 -0.640203 0.709803 -0.293801 0.000000 0.000000
  16 11.346807 -5.394641 31.329338 0.252492 0.355889 -0.899773 0.000000 0.000000
rubbergloveCHROME.bmp
  16 11.346807 -5.394641 31.329338 0.252492 0.355889 -0.899773 0.000000 0.000000
  15 10.854885 -4.942263 32.397643 -0.640203 0.709803 -0.293801 0.000000 0.000000
  15 11.555940 -4.969334 32.369549 0.698512 0.615510 -0.365006 0.000000 0.000000
rubbergloveCHROME.bmp
  15 10.854885 -4.942263 32.397643 -0.640203 0.709803 -0.293801 0.000000 0.000000
  14 10.813031 -4.552336 33.434895 -0.582719 0.748124 -0.317410 0.000000 0.000000
  15 11.555940 -4.969334 32.369549 0.698512 0.615510 -0.365006 0.000000 0.000000
rubbergloveCHROME.bmp
  15 11.555940 -4.969334 32.369549 0.698512 0.615510 -0.365006 0.000000 0.000000
  14 10.813031 -4.552336 33.434895 -0.582719 0.748124 -0.317410 0.000000 0.000000
  14 11.721044 -4.586973 33.400061 0.883265 0.373085 -0.283989 0.000000 0.000000
rubbergloveCHROME.bmp
  14 10.813031 -4.552336 33.434895 -0.582719 0.748124 -0.317410 0.000000 0.000000
  14 11.883892 -4.180136 34.481664 0.981678 -0.049899 -0.183896 0.000000 0.000000
  14 11.721044 -4.586973 33.400061 0.883265 0.373085 -0.283989 0.000000 0.000000
rubbergloveCHROME.bmp
  20 -11.216296 -1.184330 35.874953 -0.101596 0.989163 -0.105996 0.000000 0.000000
  19 -10.484173 -1.137677 37.444984 0.698594 0.696494 0.163898 0.000000 0.000000
  24 -10.731674 -1.693879 33.748949 0.697588 0.683388 -0.215296 0.000000 0.000000
rubbergloveCHROME.bmp
  24 -10.731674 -1.693879 33.748949 0.697588 0.683388 -0.215296 0.000000 0.000000
  19 -10.484173 -1.137677 37.444984 0.698594 0.696494 0.163898 0.000000 0.000000
  20 -10.484643 -2.822014 35.837859 0.984948 0.032898 -0.169691 0.000000 0.000000
rubbergloveCHROME.bmp
  19 -10.484173 -1.137677 37.444984 0.698594 0.696494 0.163898 0.000000 0.000000
  20 -10.175528 -3.710965 36.603113 0.999244 0.006700 -0.038302 0.000000 0.000000
  20 -10.484643 -2.822014 35.837859 0.984948 0.032898 -0.169691 0.000000 0.000000
rubbergloveCHROME.bmp
  20 -10.484643 -2.822014 35.837859 0.984948 0.032898 -0.169691 0.000000 0.000000
  20 -10.175528 -3.710965 36.603113 0.999244 0.006700 -0.038302 0.000000 0.000000
  20 -10.443986 -4.613220 35.624253 0.922676 0.059298 -0.380990 0.000000 0.000000
rubbergloveCHROME.bmp
  10 10.474396 -2.821961 35.836836 -0.984948 0.032898 -0.169691 0.000000 0.000000
  9 10.473920 -1.137634 37.443962 -0.698594 0.696494 0.163898 0.000000 0.000000
  14 10.722379 -1.696499 33.738338 -0.697588 0.683388 -0.215296 0.000000 0.000000
rubbergloveCHROME.bmp
  10 10.474396 -2.821961 35.836836 -0.984948 0.032898 -0.169691 0.000000 0.000000
  10 10.166237 -3.713994 36.592625 -0.999244 0.006700 -0.038302 0.000000 0.000000
  9 10.473920 -1.137634 37.443962 -0.698594 0.696494 0.163898 0.000000 0.000000
rubbergloveCHROME.bmp
  10 10.474396 -2.821961 35.836836 -0.984948 0.032898 -0.169691 0.000000 0.000000
  10 10.432797 -4.610088 35.632697 -0.922676 0.059299 -0.380990 0.000000 0.000000
  10 10.166237 -3.713994 36.592625 -0.999244 0.006700 -0.038302 0.000000 0.000000
rubbergloveCHROME.bmp
  10 10.474396 -2.821961 35.836836 -0.984948 0.032898 -0.169691 0.000000 0.000000
  14 10.746270 -4.150172 34.400922 -0.986915 -0.038400 -0.156602 0.000000 0.000000
  10 10.432797 -4.610088 35.632697 -0.922676 0.059299 -0.380990 0.000000 0.000000
rubbergloveCHROME.bmp
  9 11.579822 -3.154636 38.441199 0.538918 -0.323110 0.777925 0.000000 0.000000
  10 12.092001 -3.308789 37.234997 0.990358 -0.069397 0.119895 0.000000 0.000000
  9 12.015956 -2.239644 38.101381 0.872880 0.133597 0.469289 0.000000 0.000000
rubbergloveCHROME.bmp
  9 12.015956 -2.239644 38.101381 0.872880 0.133597 0.469289 0.000000 0.000000
  10 12.092001 -3.308789 37.234997 0.990358 -0.069397 0.119895 0.000000 0.000000
  10 12.055577 -1.783114 36.713855 0.985276 0.170796 -0.007700 0.000000 0.000000
rubbergloveCHROME.bmp
  23 -11.024897 -6.073125 34.219573 -0.638670 -0.158093 -0.753065 0.000000 0.000000
  23 -10.776128 -5.721038 34.263716 -0.033599 0.631692 -0.774491 0.000000 0.000000
  23 -10.484250 -6.046247 34.200108 0.516913 0.035001 -0.855322 0.000000 0.000000
rubbergloveCHROME.bmp
  23 -10.484250 -6.046247 34.200108 0.516913 0.035001 -0.855322 0.000000 0.000000
  23 -10.776128 -5.721038 34.263716 -0.033599 0.631692 -0.774491 0.000000 0.000000
  22 -10.475019 -5.240301 35.119862 0.740108 0.504105 -0.445105 0.000000 0.000000
rubbergloveCHROME.bmp
  15 10.787518 -4.708530 31.957836 -0.749177 -0.642880 0.159495 0.000000 0.000000
  14 10.787704 -4.388469 33.386872 -0.699694 -0.705893 0.110199 0.000000 0.000000
  14 10.787002 -3.670212 33.093604 -0.697588 0.683388 -0.215296 0.000000 0.000000
rubbergloveCHROME.bmp
  14 10.787002 -3.670212 33.093604 -0.697588 0.683388 -0.215296 0.000000 0.000000
  14 10.787704 -4.388469 33.386872 -0.699694 -0.705893 0.110199 0.000000 0.000000
  14 10.728062 -3.345162 34.081819 -0.973170 0.162595 -0.162795 0.000000 0.000000
rubbergloveCHROME.bmp
  12 10.464819 -5.238982 35.119493 -0.740108 0.504105 -0.445105 0.000000 0.000000
  13 10.765928 -5.719718 34.263344 0.033600 0.631692 -0.774491 0.000000 0.000000
  13 10.474052 -6.044929 34.199737 -0.516913 0.035001 -0.855322 0.000000 0.000000
rubbergloveCHROME.bmp
  13 10.474052 -6.044929 34.199737 -0.516913 0.035001 -0.855322 0.000000 0.000000
  13 10.765928 -5.719718 34.263344 0.033600 0.631692 -0.774491 0.000000 0.000000
  13 11.014699 -6.071804 34.219200 0.638670 -0.158093 -0.753065 0.000000 0.000000
rubbergloveCHROME.bmp
  14 11.944569 -3.214762 34.678566 0.994076 -0.016700 -0.107397 0.000000 0.000000
  14 11.987757 -4.331532 35.149265 0.995183 -0.046699 -0.086199 0.000000 0.000000
  14 11.883892 -4.180136 34.481664 0.981678 -0.049899 -0.183896 0.000000 0.000000
rubbergloveCHROME.bmp
  14 11.883892 -4.180136 34.481664 0.981678 -0.049899 -0.183896 0.000000 0.000000
  14 11.987757 -4.331532 35.149265 0.995183 -0.046699 -0.086199 0.000000 0.000000
  14 11.896038 -4.881778 34.761041 0.711317 -0.692517 0.120203 0.000000 0.000000
rubbergloveCHROME.bmp
  24 -10.739273 -3.347866 34.073248 0.973170 0.162595 -0.162795 0.000000 0.000000
  24 -10.779910 -3.525301 33.167342 0.699693 -0.705893 0.110199 0.000000 0.000000
  24 -10.717651 -2.554147 33.788216 0.973170 0.162595 -0.162795 0.000000 0.000000
rubbergloveCHROME.bmp
  24 -10.717651 -2.554147 33.788216 0.973170 0.162595 -0.162795 0.000000 0.000000
  24 -10.779910 -3.525301 33.167342 0.699693 -0.705893 0.110199 0.000000 0.000000
  24 -10.770553 -2.783085 32.960394 0.697588 0.683388 -0.215296 0.000000 0.000000
rubbergloveCHROME.bmp
  14 10.761261 -2.785705 32.949783 -0.697588 0.683388 -0.215296 0.000000 0.000000
  14 10.769660 -3.525259 33.166322 -0.699694 -0.705893 0.110199 0.000000 0.000000
  14 10.717348 -2.554106 33.788194 -0.973170 0.162595 -0.162795 0.000000 0.000000
rubbergloveCHROME.bmp
  14 10.717348 -2.554106 33.788194 -0.973170 0.162595 -0.162795 0.000000 0.000000
  14 10.769660 -3.525259 33.166322 -0.699694 -0.705893 0.110199 0.000000 0.000000
  14 10.728062 -3.345162 34.081819 -0.973170 0.162595 -0.162795 0.000000 0.000000
rubbergloveCHROME.bmp
  25 -11.577360 -4.789124 31.932811 -0.652906 -0.754207 0.069901 0.000000 0.000000
  25 -11.568764 -4.149118 31.731518 -0.698511 0.615510 -0.365006 0.000000 0.000000
  26 -11.300597 -5.081040 30.767166 -0.718877 -0.539882 -0.437886 0.000000 0.000000
rubbergloveCHROME.bmp
  26 -11.300597 -5.081040 30.767166 -0.718877 -0.539882 -0.437886 0.000000 0.000000
  25 -11.568764 -4.149118 31.731518 -0.698511 0.615510 -0.365006 0.000000 0.000000
  26 -11.301123 -4.545415 30.602225 -0.252492 0.355889 -0.899773 0.000000 0.000000
rubbergloveCHROME.bmp
  25 -10.797535 -4.709437 31.955682 0.749177 -0.642880 0.159495 0.000000 0.000000
  24 -10.797252 -3.670254 33.094624 0.697588 0.683388 -0.215296 0.000000 0.000000
  24 -10.797949 -4.388511 33.387892 0.699693 -0.705893 0.110199 0.000000 0.000000
rubbergloveCHROME.bmp
  24 -10.797949 -4.388511 33.387892 0.699693 -0.705893 0.110199 0.000000 0.000000
  24 -10.797252 -3.670254 33.094624 0.697588 0.683388 -0.215296 0.000000 0.000000
  24 -10.739273 -3.347866 34.073248 0.973170 0.162595 -0.162795 0.000000 0.000000
rubbergloveCHROME.bmp
  26 -10.884865 -3.630475 30.492162 0.585008 0.342605 -0.735110 0.000000 0.000000
  26 -10.727014 -3.760619 30.757767 0.975314 -0.073301 -0.208303 0.000000 0.000000
  26 -10.893929 -4.008135 30.591109 0.397498 -0.772896 -0.494597 0.000000 0.000000
rubbergloveCHROME.bmp
  26 -10.906786 -2.424127 30.844787 0.585008 0.342605 -0.735110 0.000000 0.000000
  25 -10.843115 -2.078070 31.984484 0.635196 0.745495 -0.201899 0.000000 0.000000
  26 -10.745686 -2.615918 31.074488 0.975314 -0.073301 -0.208303 0.000000 0.000000
rubbergloveCHROME.bmp
  16 10.735657 -2.615012 31.076641 -0.975314 -0.073301 -0.208303 0.000000 0.000000
  15 10.833084 -2.077162 31.986637 -0.635196 0.745495 -0.201899 0.000000 0.000000
  16 10.896755 -2.423220 30.846939 -0.585008 0.342605 -0.735110 0.000000 0.000000
rubbergloveCHROME.bmp
  20 -11.187079 -4.477321 37.429286 -0.188298 -0.648691 0.737390 0.000000 0.000000
  19 -11.580113 -3.154685 38.441225 -0.538918 -0.323110 0.777925 0.000000 0.000000
  20 -12.088628 -3.973744 36.965045 -0.931204 -0.317801 0.178501 0.000000 0.000000
rubbergloveCHROME.bmp
  22 -11.286062 -5.813415 35.490201 -0.671310 -0.727310 0.142702 0.000000 0.000000
  21 -11.617610 -5.302699 36.539598 -0.625780 -0.683178 0.376388 0.000000 0.000000
  21 -11.628626 -4.701801 35.845767 -0.907693 -0.123999 -0.400897 0.000000 0.000000
rubbergloveCHROME.bmp
  20 -10.443986 -4.613220 35.624253 0.922676 0.059298 -0.380990 0.000000 0.000000
  24 -10.756514 -4.150214 34.401942 0.986915 -0.038401 -0.156602 0.000000 0.000000
  20 -10.484643 -2.822014 35.837859 0.984948 0.032898 -0.169691 0.000000 0.000000
rubbergloveCHROME.bmp
  19 -10.393688 -2.213135 38.045901 0.869205 0.198401 0.452902 0.000000 0.000000
  20 -10.175528 -3.710965 36.603113 0.999244 0.006700 -0.038302 0.000000 0.000000
  19 -10.484173 -1.137677 37.444984 0.698594 0.696494 0.163898 0.000000 0.000000
rubbergloveCHROME.bmp
  12 11.275866 -5.812091 35.489829 0.671309 -0.727310 0.142702 0.000000 0.000000
  11 11.618425 -4.700478 35.845395 0.907693 -0.123999 -0.400897 0.000000 0.000000
  11 11.607414 -5.301375 36.539225 0.625780 -0.683178 0.376388 0.000000 0.000000
rubbergloveCHROME.bmp
  26 -11.320534 -2.892133 30.995396 -0.714986 -0.511990 -0.476090 0.000000 0.000000
  25 -11.571377 -2.772567 32.022031 -0.668730 -0.740333 -0.068603 0.000000 0.000000
  25 -11.568413 -2.122418 31.933722 -0.706338 0.643835 -0.294216 0.000000 0.000000
rubbergloveCHROME.bmp
  25 -11.601981 -3.824556 31.934387 -0.665601 -0.746100 0.017600 0.000000 0.000000
  25 -11.586257 -3.171528 31.742016 -0.698511 0.615510 -0.365006 0.000000 0.000000
  26 -11.294611 -4.054024 30.653141 -0.714986 -0.511990 -0.476090 0.000000 0.000000
rubbergloveCHROME.bmp
  15 11.558382 -2.121507 31.935873 0.706339 0.643834 -0.294216 0.000000 0.000000
  15 11.561349 -2.771655 32.024182 0.668730 -0.740333 -0.068603 0.000000 0.000000
  16 11.317899 -2.894608 30.985977 0.714986 -0.511990 -0.476090 0.000000 0.000000
rubbergloveCHROME.bmp
  15 11.558743 -4.148207 31.733669 0.698512 0.615510 -0.365006 0.000000 0.000000
  15 11.567343 -4.788213 31.934963 0.652906 -0.754207 0.069901 0.000000 0.000000
  16 11.290579 -5.080131 30.769318 0.718876 -0.539882 -0.437886 0.000000 0.000000
rubbergloveCHROME.bmp
  15 11.589630 -3.826162 31.927145 0.665601 -0.746101 0.017600 0.000000 0.000000
  16 11.282260 -4.055632 30.645899 0.714986 -0.511990 -0.476090 0.000000 0.000000
  15 11.585952 -3.171483 31.741990 0.698512 0.615510 -0.365006 0.000000 0.000000
rubbergloveCHROME.bmp
  24 -11.906277 -4.881826 34.762064 -0.711317 -0.692516 0.120203 0.000000 0.000000
  20 -11.350712 -4.735622 35.501514 -0.306011 -0.948533 0.081503 0.000000 0.000000
  20 -12.088628 -3.973744 36.965045 -0.931204 -0.317801 0.178501 0.000000 0.000000
rubbergloveCHROME.bmp
  23 -10.454157 -6.295420 34.429907 0.740603 -0.660903 -0.121301 0.000000 0.000000
  23 -10.975621 -6.312805 34.455847 -0.293400 -0.955300 0.036300 0.000000 0.000000
  23 -10.722694 -6.298492 34.241550 0.016099 -0.708863 -0.705163 0.000000 0.000000
rubbergloveCHROME.bmp
  26 -10.936027 -5.862980 31.471551 0.411414 -0.802128 -0.432815 0.000000 0.000000
  26 -10.745279 -5.609125 31.621126 0.975314 -0.073301 -0.208303 0.000000 0.000000
  25 -10.869230 -5.548358 32.609801 0.722804 -0.663204 0.194201 0.000000 0.000000
rubbergloveCHROME.bmp
  24 -11.894135 -4.180184 34.482687 -0.981678 -0.049899 -0.183896 0.000000 0.000000
  24 -10.756514 -4.150214 34.401942 0.986915 -0.038401 -0.156602 0.000000 0.000000
  24 -10.823275 -4.552378 33.435915 0.582719 0.748124 -0.317410 0.000000 0.000000
rubbergloveCHROME.bmp
  20 -11.350712 -4.735622 35.501514 -0.306011 -0.948533 0.081503 0.000000 0.000000
  20 -10.443986 -4.613220 35.624253 0.922676 0.059298 -0.380990 0.000000 0.000000
  24 -10.762883 -4.925663 34.638667 0.702426 -0.709927 0.051002 0.000000 0.000000
rubbergloveCHROME.bmp
  25 -10.800190 -4.096698 31.769552 0.640203 0.709803 -0.293801 0.000000 0.000000
  26 -10.733798 -4.758717 30.863845 0.975314 -0.073301 -0.208303 0.000000 0.000000
  26 -10.888645 -4.629795 30.631248 0.581774 0.294487 -0.758166 0.000000 0.000000
rubbergloveCHROME.bmp
  19 -12.026202 -2.239695 38.102406 -0.872880 0.133597 0.469289 0.000000 0.000000
  20 -12.065827 -1.783174 36.714883 -0.985276 0.170796 -0.007700 0.000000 0.000000
  20 -12.101292 -3.305770 37.245491 -0.990358 -0.069397 0.119895 0.000000 0.000000
rubbergloveCHROME.bmp
  24 -11.894135 -4.180184 34.482687 -0.981678 -0.049899 -0.183896 0.000000 0.000000
  24 -11.997036 -4.328919 35.159879 -0.995183 -0.046699 -0.086198 0.000000 0.000000
  24 -11.954817 -3.214810 34.679589 -0.994076 -0.016700 -0.107397 0.000000 0.000000
rubbergloveCHROME.bmp
  16 10.923687 -5.864590 31.464311 -0.411415 -0.802128 -0.432815 0.000000 0.000000
  15 10.859218 -5.547450 32.611955 -0.722805 -0.663204 0.194201 0.000000 0.000000
  16 10.735266 -5.608218 31.623280 -0.975314 -0.073301 -0.208303 0.000000 0.000000
rubbergloveCHROME.bmp
  9 10.473920 -1.137634 37.443962 -0.698594 0.696494 0.163898 0.000000 0.000000
  10 10.166237 -3.713994 36.592625 -0.999244 0.006700 -0.038302 0.000000 0.000000
  9 10.383442 -2.213092 38.044880 -0.869205 0.198401 0.452902 0.000000 0.000000
rubbergloveCHROME.bmp
  13 10.712497 -6.297173 34.241178 -0.016099 -0.708863 -0.705163 0.000000 0.000000
  13 10.965424 -6.311484 34.455474 0.293400 -0.955300 0.036300 0.000000 0.000000
  13 10.443960 -6.294102 34.429536 -0.740604 -0.660903 -0.121300 0.000000 0.000000
rubbergloveCHROME.bmp
  14 11.883892 -4.180136 34.481664 0.981678 -0.049899 -0.183896 0.000000 0.000000
  14 10.813031 -4.552336 33.434895 -0.582719 0.748124 -0.317410 0.000000 0.000000
  14 10.746270 -4.150172 34.400922 -0.986915 -0.038400 -0.156602 0.000000 0.000000
rubbergloveCHROME.bmp
  10 11.340474 -4.735566 35.500490 0.306011 -0.948533 0.081503 0.000000 0.000000
  14 10.752643 -4.925621 34.637647 -0.702427 -0.709926 0.051002 0.000000 0.000000
  10 10.432797 -4.610088 35.632697 -0.922676 0.059299 -0.380990 0.000000 0.000000
rubbergloveCHROME.bmp
  10 11.206041 -1.184274 35.873927 0.101596 0.989163 -0.105996 0.000000 0.000000
  14 10.722379 -1.696499 33.738338 -0.697588 0.683388 -0.215296 0.000000 0.000000
  9 10.473920 -1.137634 37.443962 -0.698594 0.696494 0.163898 0.000000 0.000000
rubbergloveCHROME.bmp
  15 10.787841 -4.098308 31.762311 -0.640203 0.709803 -0.293801 0.000000 0.000000
  16 10.878625 -4.628888 30.633401 -0.581774 0.294487 -0.758166 0.000000 0.000000
  16 10.721451 -4.760328 30.856605 -0.975314 -0.073301 -0.208303 0.000000 0.000000
rubbergloveCHROME.bmp
  15 10.775366 -3.147035 31.787286 -0.642392 0.723691 -0.252197 0.000000 0.000000
  16 10.874839 -3.629568 30.494315 -0.585008 0.342605 -0.735110 0.000000 0.000000
  16 10.714661 -3.762229 30.750526 -0.975314 -0.073301 -0.208303 0.000000 0.000000
Chrome_50Gry1.bmp
  4 1.369860 -6.085442 52.913177 0.670871 -0.493779 -0.553276 0.000000 0.000000
  4 1.489860 -6.109528 53.224817 0.833689 -0.548093 0.067499 0.000000 0.000000
  4 1.359860 -6.321299 53.195615 0.657383 -0.740981 -0.137096 0.000000 0.000000
Chrome_50Gry1.bmp
  4 1.359860 -6.321299 53.195615 0.657383 -0.740981 -0.137096 0.000000 0.000000
  4 1.489860 -6.109528 53.224817 0.833689 -0.548093 0.067499 0.000000 0.000000
  4 1.279860 -6.340514 53.406875 0.515608 -0.783413 0.347006 0.000000 0.000000
Chrome_50Gry1.bmp
  4 1.489860 -6.109528 53.224817 0.833689 -0.548093 0.067499 0.000000 0.000000
  4 1.369860 -6.154098 53.527494 0.507999 -0.596699 0.621199 0.000000 0.000000
  4 1.279860 -6.340514 53.406875 0.515608 -0.783413 0.347006 0.000000 0.000000
Chrome_50Gry1.bmp
  4 1.279860 -6.340514 53.406875 0.515608 -0.783413 0.347006 0.000000 0.000000
  4 1.369860 -6.154098 53.527494 0.507999 -0.596699 0.621199 0.000000 0.000000
  4 1.059860 -6.335908 53.496758 0.071903 -0.804540 0.589529 0.000000 0.000000
Chrome_50Gry1.bmp
  4 1.369860 -6.154098 53.527494 0.507999 -0.596699 0.621199 0.000000 0.000000
  4 1.059861 -6.157432 53.657836 -0.115098 -0.610788 0.783384 0.000000 0.000000
  4 1.059860 -6.335908 53.496758 0.071903 -0.804540 0.589529 0.000000 0.000000
Chrome_50Gry1.bmp
  4 1.059860 -6.335908 53.496758 0.071903 -0.804540 0.589529 0.000000 0.000000
  4 1.059861 -6.157432 53.657836 -0.115098 -0.610788 0.783384 0.000000 0.000000
  4 0.849860 -6.330527 53.406364 -0.413794 -0.792287 0.448393 0.000000 0.000000
Chrome_50Gry1.bmp
  4 1.059861 -6.157432 53.657836 -0.115098 -0.610788 0.783384 0.000000 0.000000
  4 0.759860 -6.154097 53.527495 -0.670814 -0.582512 0.459009 0.000000 0.000000
  4 0.849860 -6.330527 53.406364 -0.413794 -0.792287 0.448393 0.000000 0.000000
Chrome_50Gry1.bmp
  4 0.849860 -6.330527 53.406364 -0.413794 -0.792287 0.448393 0.000000 0.000000
  4 0.759860 -6.154097 53.527495 -0.670814 -0.582512 0.459009 0.000000 0.000000
  4 0.759860 -6.310799 53.205091 -0.657408 -0.753509 0.006200 0.000000 0.000000
Chrome_50Gry1.bmp
  4 0.759860 -6.154097 53.527495 -0.670814 -0.582512 0.459009 0.000000 0.000000
  4 0.629860 -6.120025 53.215343 -0.833679 -0.527986 -0.161896 0.000000 0.000000
  4 0.759860 -6.310799 53.205091 -0.657408 -0.753509 0.006200 0.000000 0.000000
Chrome_50Gry1.bmp
  4 0.759860 -6.310799 53.205091 -0.657408 -0.753509 0.006200 0.000000 0.000000
  4 0.629860 -6.120025 53.215343 -0.833679 -0.527986 -0.161896 0.000000 0.000000
  4 0.849859 -6.292096 52.983844 -0.515701 -0.711100 -0.477901 0.000000 0.000000
Chrome_50Gry1.bmp
  4 0.629860 -6.120025 53.215343 -0.833679 -0.527986 -0.161896 0.000000 0.000000
  4 0.759860 -6.085441 52.913177 -0.508117 -0.479716 -0.715324 0.000000 0.000000
  4 0.849859 -6.292096 52.983844 -0.515701 -0.711100 -0.477901 0.000000 0.000000
Chrome_50Gry1.bmp
  4 0.849859 -6.292096 52.983844 -0.515701 -0.711100 -0.477901 0.000000 0.000000
  4 0.759860 -6.085441 52.913177 -0.508117 -0.479716 -0.715324 0.000000 0.000000
  4 1.059859 -6.296190 52.903949 -0.071996 -0.689960 -0.720258 0.000000 0.000000
Chrome_50Gry1.bmp
  4 0.759860 -6.085441 52.913177 -0.508117 -0.479716 -0.715324 0.000000 0.000000
  4 1.059859 -6.071608 52.792311 0.115098 -0.465591 -0.877483 0.000000 0.000000
  4 1.059859 -6.296190 52.903949 -0.071996 -0.689960 -0.720258 0.000000 0.000000
Chrome_50Gry1.bmp
  4 1.059859 -6.296190 52.903949 -0.071996 -0.689960 -0.720258 0.000000 0.000000
  4 1.059859 -6.071608 52.792311 0.115098 -0.465591 -0.877483 0.000000 0.000000
  4 1.279859 -6.292097 52.983844 0.413898 -0.702296 -0.579197 0.000000 0.000000
Chrome_50Gry1.bmp
  4 1.059859 -6.071608 52.792311 0.115098 -0.465591 -0.877483 0.000000 0.000000
  4 1.369860 -6.085442 52.913177 0.670871 -0.493779 -0.553276 0.000000 0.000000
  4 1.279859 -6.292097 52.983844 0.413898 -0.702296 -0.579197 0.000000 0.000000
Chrome_50Gry1.bmp
  4 1.279859 -6.292097 52.983844 0.413898 -0.702296 -0.579197 0.000000 0.000000
  4 1.369860 -6.085442 52.913177 0.670871 -0.493779 -0.553276 0.000000 0.000000
  4 1.359860 -6.321299 53.195615 0.657383 -0.740981 -0.137096 0.000000 0.000000
Chrome_50Gry1.bmp
  4 4.109883 6.616390 57.118737 -0.882468 0.429984 -0.190693 0.000000 0.000000
  4 3.769881 6.518604 56.382777 -0.675498 0.542498 0.499398 0.000000 0.000000
  4 3.859882 6.161598 57.232158 -0.873032 0.483418 0.064202 0.000000 0.000000
Chrome_50Gry1.bmp
  4 3.859882 6.161598 57.232158 -0.873032 0.483418 0.064202 0.000000 0.000000
  4 3.769881 6.518604 56.382777 -0.675498 0.542498 0.499398 0.000000 0.000000
  4 3.579881 6.078404 56.585568 -0.487388 0.548287 0.679584 0.000000 0.000000
Chrome_50Gry1.bmp
  4 3.769881 6.518604 56.382777 -0.675498 0.542498 0.499398 0.000000 0.000000
  4 3.009881 6.583149 56.079078 -0.042699 0.508693 0.859888 0.000000 0.000000
  4 3.579881 6.078404 56.585568 -0.487388 0.548287 0.679584 0.000000 0.000000
Chrome_50Gry1.bmp
  4 3.579881 6.078404 56.585568 -0.487388 0.548287 0.679584 0.000000 0.000000
  4 3.009881 6.583149 56.079078 -0.042699 0.508693 0.859888 0.000000 0.000000
  4 2.929881 6.135009 56.322328 0.214004 0.463408 0.859916 0.000000 0.000000
Chrome_50Gry1.bmp
  4 3.009881 6.583149 56.079078 -0.042699 0.508693 0.859888 0.000000 0.000000
  4 2.269882 6.778776 56.379463 0.645529 0.348416 0.679631 0.000000 0.000000
  4 2.929881 6.135009 56.322328 0.214004 0.463408 0.859916 0.000000 0.000000
Chrome_50Gry1.bmp
  4 2.929881 6.135009 56.322328 0.214004 0.463408 0.859916 0.000000 0.000000
  4 2.269882 6.778776 56.379463 0.645529 0.348416 0.679631 0.000000 0.000000
  4 2.309881 6.299141 56.594287 0.820314 0.278705 0.499408 0.000000 0.000000
Chrome_50Gry1.bmp
  4 2.269882 6.778776 56.379463 0.645529 0.348416 0.679631 0.000000 0.000000
  4 1.989883 6.997430 57.129257 0.985740 0.155506 0.064303 0.000000 0.000000
  4 2.309881 6.299141 56.594287 0.820314 0.278705 0.499408 0.000000 0.000000
Chrome_50Gry1.bmp
  4 2.309881 6.299141 56.594287 0.820314 0.278705 0.499408 0.000000 0.000000
  4 1.989883 6.997430 57.129257 0.985740 0.155506 0.064303 0.000000 0.000000
  4 2.069882 6.491680 57.225261 0.976332 0.102203 -0.190606 0.000000 0.000000
Chrome_50Gry1.bmp
  4 1.989883 6.997430 57.129257 0.985740 0.155506 0.064303 0.000000 0.000000
  4 2.329884 7.094705 57.855230 0.778792 0.043199 -0.625793 0.000000 0.000000
  4 2.069882 6.491680 57.225261 0.976332 0.102203 -0.190606 0.000000 0.000000
Chrome_50Gry1.bmp
  4 2.069882 6.491680 57.225261 0.976332 0.102203 -0.190606 0.000000 0.000000
  4 2.329884 7.094705 57.855230 0.778792 0.043199 -0.625793 0.000000 0.000000
  4 2.349883 6.564375 57.862376 0.590597 0.037500 -0.806095 0.000000 0.000000
Chrome_50Gry1.bmp
  4 2.329884 7.094705 57.855230 0.778792 0.043199 -0.625793 0.000000 0.000000
  4 3.089885 7.021196 58.179415 0.145900 0.077000 -0.986298 0.000000 0.000000
  4 2.349883 6.564375 57.862376 0.590597 0.037500 -0.806095 0.000000 0.000000
Chrome_50Gry1.bmp
  4 2.349883 6.564375 57.862376 0.590597 0.037500 -0.806095 0.000000 0.000000
  4 3.089885 7.021196 58.179415 0.145900 0.077000 -0.986298 0.000000 0.000000
  4 2.999884 6.507770 58.125616 -0.110700 0.122300 -0.986300 0.000000 0.000000
Chrome_50Gry1.bmp
  4 3.089885 7.021196 58.179415 0.145900 0.077000 -0.986298 0.000000 0.000000
  4 3.819884 6.824545 57.859057 -0.542220 0.237309 -0.806029 0.000000 0.000000
  4 2.999884 6.507770 58.125616 -0.110700 0.122300 -0.986300 0.000000 0.000000
Chrome_50Gry1.bmp
  4 2.999884 6.507770 58.125616 -0.110700 0.122300 -0.986300 0.000000 0.000000
  4 3.819884 6.824545 57.859057 -0.542220 0.237309 -0.806029 0.000000 0.000000
  4 3.619883 6.343639 57.853657 -0.717013 0.307006 -0.625811 0.000000 0.000000
Chrome_50Gry1.bmp
  4 3.819884 6.824545 57.859057 -0.542220 0.237309 -0.806029 0.000000 0.000000
  4 4.109883 6.616390 57.118737 -0.882468 0.429984 -0.190693 0.000000 0.000000
  4 3.619883 6.343639 57.853657 -0.717013 0.307006 -0.625811 0.000000 0.000000
Chrome_50Gry1.bmp
  4 3.619883 6.343639 57.853657 -0.717013 0.307006 -0.625811 0.000000 0.000000
  4 4.109883 6.616390 57.118737 -0.882468 0.429984 -0.190693 0.000000 0.000000
  4 3.859882 6.161598 57.232158 -0.873032 0.483418 0.064202 0.000000 0.000000
Chrome_50Gry1.bmp
  4 -3.720114 6.538445 59.505865 -0.995052 -0.099105 -0.007000 0.000000 0.000000
  4 -3.920115 6.599920 59.142243 -0.716397 -0.260599 0.647197 0.000000 0.000000
  4 -3.690115 6.293131 59.408289 -0.953812 -0.187502 0.234703 0.000000 0.000000
Chrome_50Gry1.bmp
  4 -3.690115 6.293131 59.408289 -0.953812 -0.187502 0.234703 0.000000 0.000000
  4 -3.920115 6.599920 59.142243 -0.716397 -0.260599 0.647197 0.000000 0.000000
  4 -3.860115 6.348201 59.115087 -0.520183 -0.245292 0.818072 0.000000 0.000000
Chrome_50Gry1.bmp
  4 -3.920115 6.599920 59.142243 -0.716397 -0.260599 0.647197 0.000000 0.000000
  4 -4.300115 6.492887 59.007544 -0.087898 -0.119997 0.988875 0.000000 0.000000
  4 -3.860115 6.348201 59.115087 -0.520183 -0.245292 0.818072 0.000000 0.000000
Chrome_50Gry1.bmp
  4 -3.860115 6.348201 59.115087 -0.520183 -0.245292 0.818072 0.000000 0.000000
  4 -4.300115 6.492887 59.007544 -0.087898 -0.119997 0.988875 0.000000 0.000000
  4 -4.190115 6.251667 58.989863 0.148299 -0.009900 0.988893 0.000000 0.000000
Chrome_50Gry1.bmp
  4 -4.300115 6.492887 59.007544 -0.087898 -0.119997 0.988875 0.000000 0.000000
  4 -4.610115 6.279828 59.148632 0.522397 0.240799 0.817996 0.000000 0.000000
  4 -4.190115 6.251667 58.989863 0.148299 -0.009900 0.988893 0.000000 0.000000
Chrome_50Gry1.bmp
  4 -4.190115 6.251667 58.989863 0.148299 -0.009900 0.988893 0.000000 0.000000
  4 -4.610115 6.279828 59.148632 0.522397 0.240799 0.817996 0.000000 0.000000
  4 -4.460115 6.057558 59.109954 0.660185 0.381191 0.647185 0.000000 0.000000
Chrome_50Gry1.bmp
  4 -4.610115 6.279828 59.148632 0.522397 0.240799 0.817996 0.000000 0.000000
  4 -4.690115 6.077003 59.489457 0.756780 0.610084 0.234694 0.000000 0.000000
  4 -4.460115 6.057558 59.109954 0.660185 0.381191 0.647185 0.000000 0.000000
Chrome_50Gry1.bmp
  4 -4.460115 6.057558 59.109954 0.660185 0.381191 0.647185 0.000000 0.000000
  4 -4.690115 6.077003 59.489457 0.756780 0.610084 0.234694 0.000000 0.000000
  4 -4.530115 5.902620 59.408273 0.715539 0.698538 -0.007000 0.000000 0.000000
Chrome_50Gry1.bmp
  4 -4.690115 6.077003 59.489457 0.756780 0.610084 0.234694 0.000000 0.000000
  4 -4.500114 6.015528 59.853078 0.478118 0.771628 -0.419515 0.000000 0.000000
  4 -4.530115 5.902620 59.408273 0.715539 0.698538 -0.007000 0.000000 0.000000
Chrome_50Gry1.bmp
  4 -4.530115 5.902620 59.408273 0.715539 0.698538 -0.007000 0.000000 0.000000
  4 -4.500114 6.015528 59.853078 0.478118 0.771628 -0.419515 0.000000 0.000000
  4 -4.360115 5.848062 59.711462 0.281913 0.756333 -0.590326 0.000000 0.000000
Chrome_50Gry1.bmp
  4 -4.500114 6.015528 59.853078 0.478118 0.771628 -0.419515 0.000000 0.000000
  4 -4.130114 6.122560 59.987778 -0.150405 0.630923 -0.761127 0.000000 0.000000
  4 -4.360115 5.848062 59.711462 0.281913 0.756333 -0.590326 0.000000 0.000000
Chrome_50Gry1.bmp
  4 -4.360115 5.848062 59.711462 0.281913 0.756333 -0.590326 0.000000 0.000000
  4 -4.130114 6.122560 59.987778 -0.150405 0.630923 -0.761127 0.000000 0.000000
  4 -4.030115 5.944084 59.826699 -0.386607 0.520809 -0.761113 0.000000 0.000000
Chrome_50Gry1.bmp
  4 -4.130114 6.122560 59.987778 -0.150405 0.630923 -0.761127 0.000000 0.000000
  4 -3.800114 6.336131 59.856677 -0.760655 0.270220 -0.590242 0.000000 0.000000
  4 -4.030115 5.944084 59.826699 -0.386607 0.520809 -0.761113 0.000000 0.000000
Chrome_50Gry1.bmp
  4 -4.030115 5.944084 59.826699 -0.386607 0.520809 -0.761113 0.000000 0.000000
  4 -3.800114 6.336131 59.856677 -0.760655 0.270220 -0.590242 0.000000 0.000000
  4 -3.760114 6.127694 59.697134 -0.898441 0.129792 -0.419473 0.000000 0.000000
Chrome_50Gry1.bmp
  4 -3.800114 6.336131 59.856677 -0.760655 0.270220 -0.590242 0.000000 0.000000
  4 -3.720114 6.538445 59.505865 -0.995052 -0.099105 -0.007000 0.000000 0.000000
  4 -3.760114 6.127694 59.697134 -0.898441 0.129792 -0.419473 0.000000 0.000000
Chrome_50Gry1.bmp
  4 -3.760114 6.127694 59.697134 -0.898441 0.129792 -0.419473 0.000000 0.000000
  4 -3.720114 6.538445 59.505865 -0.995052 -0.099105 -0.007000 0.000000 0.000000
  4 -3.690115 6.293131 59.408289 -0.953812 -0.187502 0.234703 0.000000 0.000000
Chrome_50Gry1.bmp
  8 10.889087 0.106399 57.246553 0.999155 0.000800 0.041098 0.000000 0.000000
  8 10.097081 -2.013561 57.126155 0.746897 -0.659197 0.087200 0.000000 0.000000
  8 10.107297 -1.753284 56.323253 0.831979 -0.526487 -0.174995 0.000000 0.000000
Chrome_50Gry1.bmp
  8 10.107297 -1.753284 56.323253 0.831979 -0.526487 -0.174995 0.000000 0.000000
  8 10.097081 -2.013561 57.126155 0.746897 -0.659197 0.087200 0.000000 0.000000
  8 8.659617 -2.533185 56.026979 0.272384 -0.896749 -0.348780 0.000000 0.000000
Chrome_50Gry1.bmp
  8 10.097081 -2.013561 57.126155 0.746897 -0.659197 0.087200 0.000000 0.000000
  8 8.473296 -2.883446 56.782030 0.087901 -0.995015 -0.047101 0.000000 0.000000
  8 8.659617 -2.533185 56.026979 0.272384 -0.896749 -0.348780 0.000000 0.000000
Chrome_50Gry1.bmp
  8 8.659617 -2.533185 56.026979 0.272384 -0.896749 -0.348780 0.000000 0.000000
  8 8.473296 -2.883446 56.782030 0.087901 -0.995015 -0.047101 0.000000 0.000000
  8 6.458726 -1.753051 55.625521 -0.506993 -0.752089 -0.421094 0.000000 0.000000
Chrome_50Gry1.bmp
  8 8.473296 -2.883446 56.782030 0.087901 -0.995015 -0.047101 0.000000 0.000000
  7 5.298435 -1.880879 57.026773 -0.709730 -0.692729 -0.128105 0.000000 0.000000
  8 6.458726 -1.753051 55.625521 -0.506993 -0.752089 -0.421094 0.000000 0.000000
Chrome_50Gry1.bmp
  8 6.458726 -1.753051 55.625521 -0.506993 -0.752089 -0.421094 0.000000 0.000000
  7 5.298435 -1.880879 57.026773 -0.709730 -0.692729 -0.128105 0.000000 0.000000
  8 7.003511 0.167476 54.102961 -0.794642 -0.007500 -0.607032 0.000000 0.000000
Chrome_50Gry1.bmp
  7 5.298435 -1.880879 57.026773 -0.709730 -0.692729 -0.128105 0.000000 0.000000
  7 5.311590 2.012545 57.017983 -0.660802 0.736302 -0.145601 0.000000 0.000000
  8 7.003511 0.167476 54.102961 -0.794642 -0.007500 -0.607032 0.000000 0.000000
Chrome_50Gry1.bmp
  8 7.003511 0.167476 54.102961 -0.794642 -0.007500 -0.607032 0.000000 0.000000
  7 5.311590 2.012545 57.017983 -0.660802 0.736302 -0.145601 0.000000 0.000000
  8 6.459717 2.056952 55.616885 -0.548493 0.749691 -0.370296 0.000000 0.000000
Chrome_50Gry1.bmp
  7 5.311590 2.012545 57.017983 -0.660802 0.736302 -0.145601 0.000000 0.000000
  8 8.483234 3.216554 56.785133 0.080604 0.996350 0.028101 0.000000 0.000000
  8 6.459717 2.056952 55.616885 -0.548493 0.749691 -0.370296 0.000000 0.000000
Chrome_50Gry1.bmp
  8 6.459717 2.056952 55.616885 -0.548493 0.749691 -0.370296 0.000000 0.000000
  8 8.483234 3.216554 56.785133 0.080604 0.996350 0.028101 0.000000 0.000000
  8 8.670554 2.906818 56.019904 0.287403 0.915508 -0.281503 0.000000 0.000000
Chrome_50Gry1.bmp
  8 8.483234 3.216554 56.785133 0.080604 0.996350 0.028101 0.000000 0.000000
  8 10.108021 2.226442 57.118666 0.751332 0.642627 0.150106 0.000000 0.000000
  8 8.670554 2.906818 56.019904 0.287403 0.915508 -0.281503 0.000000 0.000000
Chrome_50Gry1.bmp
  8 8.670554 2.906818 56.019904 0.287403 0.915508 -0.281503 0.000000 0.000000
  8 10.108021 2.226442 57.118666 0.751332 0.642627 0.150106 0.000000 0.000000
  8 10.107289 2.056716 56.324568 0.842827 0.524817 -0.119204 0.000000 0.000000
Chrome_50Gry1.bmp
  8 10.108021 2.226442 57.118666 0.751332 0.642627 0.150106 0.000000 0.000000
  8 10.889087 0.106399 57.246553 0.999155 0.000800 0.041098 0.000000 0.000000
  8 10.107289 2.056716 56.324568 0.842827 0.524817 -0.119204 0.000000 0.000000
Chrome_50Gry1.bmp
  8 10.107289 2.056716 56.324568 0.842827 0.524817 -0.119204 0.000000 0.000000
  8 10.889087 0.106399 57.246553 0.999155 0.000800 0.041098 0.000000 0.000000
  8 10.788854 0.126676 56.442536 0.995497 -0.008600 -0.094400 0.000000 0.000000
Chrome_50Gry1.bmp
  8 10.889087 0.106399 57.246553 0.999155 0.000800 0.041098 0.000000 0.000000
  8 10.107297 -1.753284 56.323253 0.831979 -0.526487 -0.174995 0.000000 0.000000
  8 10.788854 0.126676 56.442536 0.995497 -0.008600 -0.094400 0.000000 0.000000
Chrome_50Gry1.bmp
  18 -10.790112 0.136628 56.432615 -0.995497 -0.008600 -0.094400 0.000000 0.000000
  18 -10.117497 -1.733332 56.324281 -0.831979 -0.526486 -0.174995 0.000000 0.000000
  18 -10.888345 0.116344 57.256532 -0.999155 0.000800 0.041098 0.000000 0.000000
Chrome_50Gry1.bmp
  18 -10.888345 0.116344 57.256532 -0.999155 0.000800 0.041098 0.000000 0.000000
  18 -10.117497 -1.733332 56.324281 -0.831979 -0.526486 -0.174995 0.000000 0.000000
  18 -10.107278 -2.003610 57.127179 -0.746897 -0.659197 0.087200 0.000000 0.000000
Chrome_50Gry1.bmp
  18 -10.117497 -1.733332 56.324281 -0.831979 -0.526486 -0.174995 0.000000 0.000000
  18 -8.670812 -2.513222 56.018053 -0.272385 -0.896749 -0.348780 0.000000 0.000000
  18 -10.107278 -2.003610 57.127179 -0.746897 -0.659197 0.087200 0.000000 0.000000
Chrome_50Gry1.bmp
  18 -10.107278 -2.003610 57.127179 -0.746897 -0.659197 0.087200 0.000000 0.000000
  18 -8.670812 -2.513222 56.018053 -0.272385 -0.896749 -0.348780 0.000000 0.000000
  18 -8.482491 -2.873489 56.793000 -0.087902 -0.995015 -0.047101 0.000000 0.000000
Chrome_50Gry1.bmp
  18 -8.670812 -2.513222 56.018053 -0.272385 -0.896749 -0.348780 0.000000 0.000000
  18 -6.468928 -1.743081 55.626535 0.506993 -0.752089 -0.421094 0.000000 0.000000
  18 -8.482491 -2.873489 56.793000 -0.087902 -0.995015 -0.047101 0.000000 0.000000
Chrome_50Gry1.bmp
  18 -8.482491 -2.873489 56.793000 -0.087902 -0.995015 -0.047101 0.000000 0.000000
  18 -6.468928 -1.743081 55.626535 0.506993 -0.752089 -0.421094 0.000000 0.000000
  17 -5.306600 -1.869432 57.024396 0.709729 -0.692729 -0.128105 0.000000 0.000000
Chrome_50Gry1.bmp
  18 -6.468928 -1.743081 55.626535 0.506993 -0.752089 -0.421094 0.000000 0.000000
  18 -7.013727 0.177444 54.103978 0.794642 -0.007501 -0.607032 0.000000 0.000000
  17 -5.306600 -1.869432 57.024396 0.709729 -0.692729 -0.128105 0.000000 0.000000
Chrome_50Gry1.bmp
  17 -5.306600 -1.869432 57.024396 0.709729 -0.692729 -0.128105 0.000000 0.000000
  18 -7.013727 0.177444 54.103978 0.794642 -0.007501 -0.607032 0.000000 0.000000
  17 -5.312075 2.023042 57.027434 0.660802 0.736302 -0.145601 0.000000 0.000000
Chrome_50Gry1.bmp
  18 -7.013727 0.177444 54.103978 0.794642 -0.007501 -0.607032 0.000000 0.000000
  18 -6.470936 2.066926 55.607951 0.548494 0.749691 -0.370295 0.000000 0.000000
  17 -5.312075 2.023042 57.027434 0.660802 0.736302 -0.145601 0.000000 0.000000
Chrome_50Gry1.bmp
  17 -5.312075 2.023042 57.027434 0.660802 0.736302 -0.145601 0.000000 0.000000
  18 -6.470936 2.066926 55.607951 0.548494 0.749691 -0.370295 0.000000 0.000000
  18 -8.484505 3.226517 56.775206 -0.080604 0.996350 0.028101 0.000000 0.000000
Chrome_50Gry1.bmp
  18 -6.470936 2.066926 55.607951 0.548494 0.749691 -0.370295 0.000000 0.000000
  18 -8.671827 2.926781 56.009982 -0.287403 0.915509 -0.281503 0.000000 0.000000
  18 -8.484505 3.226517 56.775206 -0.080604 0.996350 0.028101 0.000000 0.000000
Chrome_50Gry1.bmp
  18 -8.484505 3.226517 56.775206 -0.080604 0.996350 0.028101 0.000000 0.000000
  18 -8.671827 2.926781 56.009982 -0.287403 0.915509 -0.281503 0.000000 0.000000
  18 -10.108289 2.236394 57.118693 -0.751331 0.642627 0.150106 0.000000 0.000000
Chrome_50Gry1.bmp
  18 -8.671827 2.926781 56.009982 -0.287403 0.915509 -0.281503 0.000000 0.000000
  18 -10.118506 2.076671 56.315647 -0.842827 0.524817 -0.119204 0.000000 0.000000
  18 -10.108289 2.236394 57.118693 -0.751331 0.642627 0.150106 0.000000 0.000000
Chrome_50Gry1.bmp
  18 -10.108289 2.236394 57.118693 -0.751331 0.642627 0.150106 0.000000 0.000000
  18 -10.118506 2.076671 56.315647 -0.842827 0.524817 -0.119204 0.000000 0.000000
  18 -10.888345 0.116344 57.256532 -0.999155 0.000800 0.041098 0.000000 0.000000
Chrome_50Gry1.bmp
  18 -10.118506 2.076671 56.315647 -0.842827 0.524817 -0.119204 0.000000 0.000000
  18 -10.790112 0.136628 56.432615 -0.995497 -0.008600 -0.094400 0.000000 0.000000
  18 -10.888345 0.116344 57.256532 -0.999155 0.000800 0.041098 0.000000 0.000000
Chrome_50Gry1.bmp
  18 -8.734835 0.085060 60.990178 0.004000 0.000000 0.999992 0.000000 0.000000
  17 -6.047909 2.001378 60.582118 0.562671 0.477875 0.674564 0.000000 0.000000
  18 -8.432547 1.995266 60.397694 -0.057998 0.631175 0.773469 0.000000 0.000000
Chrome_50Gry1.bmp
  18 -8.432547 1.995266 60.397694 -0.057998 0.631175 0.773469 0.000000 0.000000
  17 -6.047909 2.001378 60.582118 0.562671 0.477875 0.674564 0.000000 0.000000
  18 -7.301608 2.745701 59.148805 0.141102 0.939611 0.311804 0.000000 0.000000
Chrome_50Gry1.bmp
  17 -6.047909 2.001378 60.582118 0.562671 0.477875 0.674564 0.000000 0.000000
  17 -5.312075 2.023042 57.027434 0.660802 0.736302 -0.145601 0.000000 0.000000
  18 -7.301608 2.745701 59.148805 0.141102 0.939611 0.311804 0.000000 0.000000
Chrome_50Gry1.bmp
  18 -7.301608 2.745701 59.148805 0.141102 0.939611 0.311804 0.000000 0.000000
  17 -5.312075 2.023042 57.027434 0.660802 0.736302 -0.145601 0.000000 0.000000
  18 -7.954586 2.995940 58.450593 -0.118898 0.987989 0.098699 0.000000 0.000000
Chrome_50Gry1.bmp
  17 -5.312075 2.023042 57.027434 0.660802 0.736302 -0.145601 0.000000 0.000000
  18 -8.307133 2.976253 57.541239 -0.262511 0.962239 0.072003 0.000000 0.000000
  18 -7.954586 2.995940 58.450593 -0.118898 0.987989 0.098699 0.000000 0.000000
Chrome_50Gry1.bmp
  18 -7.954586 2.995940 58.450593 -0.118898 0.987989 0.098699 0.000000 0.000000
  18 -8.307133 2.976253 57.541239 -0.262511 0.962239 0.072003 0.000000 0.000000
  18 -9.268753 2.015651 59.275578 -0.509501 0.756402 0.410201 0.000000 0.000000
Chrome_50Gry1.bmp
  18 -8.307133 2.976253 57.541239 -0.262511 0.962239 0.072003 0.000000 0.000000
  18 -9.728686 2.215884 58.598180 -0.706002 0.633002 0.317601 0.000000 0.000000
  18 -9.268753 2.015651 59.275578 -0.509501 0.756402 0.410201 0.000000 0.000000
Chrome_50Gry1.bmp
  18 -9.268753 2.015651 59.275578 -0.509501 0.756402 0.410201 0.000000 0.000000
  18 -9.728686 2.215884 58.598180 -0.706002 0.633002 0.317601 0.000000 0.000000
  18 -9.888510 0.085500 59.708955 -0.772686 0.000600 0.634788 0.000000 0.000000
Chrome_50Gry1.bmp
  18 -9.728686 2.215884 58.598180 -0.706002 0.633002 0.317601 0.000000 0.000000
  18 -10.516629 0.095757 58.957914 -0.970751 0.000800 0.240088 0.000000 0.000000
  18 -9.888510 0.085500 59.708955 -0.772686 0.000600 0.634788 0.000000 0.000000
Chrome_50Gry1.bmp
  18 -9.888510 0.085500 59.708955 -0.772686 0.000600 0.634788 0.000000 0.000000
  18 -10.516629 0.095757 58.957914 -0.970751 0.000800 0.240088 0.000000 0.000000
  18 -9.729672 -2.064113 58.586752 -0.690411 -0.653010 0.311305 0.000000 0.000000
Chrome_50Gry1.bmp
  18 -10.516629 0.095757 58.957914 -0.970751 0.000800 0.240088 0.000000 0.000000
  18 -9.812503 -1.873862 57.861463 -0.833985 -0.549590 -0.049199 0.000000 0.000000
  18 -9.729672 -2.064113 58.586752 -0.690411 -0.653010 0.311305 0.000000 0.000000
Chrome_50Gry1.bmp
  18 -9.729672 -2.064113 58.586752 -0.690411 -0.653010 0.311305 0.000000 0.000000
  18 -9.812503 -1.873862 57.861463 -0.833985 -0.549590 -0.049199 0.000000 0.000000
  18 -8.306118 -2.673750 57.549238 -0.217994 -0.973770 0.065198 0.000000 0.000000
Chrome_50Gry1.bmp
  8 8.733590 0.075100 61.000105 -0.004000 0.000000 0.999992 0.000000 0.000000
  7 6.027332 -1.863171 60.580095 -0.385805 -0.571808 0.724010 0.000000 0.000000
  8 8.422347 -1.854692 60.395349 0.055699 -0.649295 0.758494 0.000000 0.000000
Chrome_50Gry1.bmp
  8 8.422347 -1.854692 60.395349 0.055699 -0.649295 0.758494 0.000000 0.000000
  7 6.027332 -1.863171 60.580095 -0.385805 -0.571808 0.724010 0.000000 0.000000
  8 7.290406 -2.524267 59.155922 -0.121103 -0.955523 0.268906 0.000000 0.000000
Chrome_50Gry1.bmp
  7 6.027332 -1.863171 60.580095 -0.385805 -0.571808 0.724010 0.000000 0.000000
  7 5.298435 -1.880879 57.026773 -0.709730 -0.692729 -0.128105 0.000000 0.000000
  8 7.290406 -2.524267 59.155922 -0.121103 -0.955523 0.268906 0.000000 0.000000
Chrome_50Gry1.bmp
  8 7.290406 -2.524267 59.155922 -0.121103 -0.955523 0.268906 0.000000 0.000000
  7 5.298435 -1.880879 57.026773 -0.709730 -0.692729 -0.128105 0.000000 0.000000
  8 7.945379 -2.684018 58.437666 0.112101 -0.991214 0.070201 0.000000 0.000000
Chrome_50Gry1.bmp
  7 5.298435 -1.880879 57.026773 -0.709730 -0.692729 -0.128105 0.000000 0.000000
  8 8.294927 -2.683714 57.558169 0.217993 -0.973770 0.065198 0.000000 0.000000
  8 7.945379 -2.684018 58.437666 0.112101 -0.991214 0.070201 0.000000 0.000000
Chrome_50Gry1.bmp
  8 7.945379 -2.684018 58.437666 0.112101 -0.991214 0.070201 0.000000 0.000000
  8 8.294927 -2.683714 57.558169 0.217993 -0.973770 0.065198 0.000000 0.000000
  8 9.259548 -1.874300 59.263266 0.469490 -0.786883 0.400492 0.000000 0.000000
Chrome_50Gry1.bmp
  8 8.294927 -2.683714 57.558169 0.217993 -0.973770 0.065198 0.000000 0.000000
  8 9.728432 -2.074069 58.596677 0.690411 -0.653010 0.311305 0.000000 0.000000
  8 9.259548 -1.874300 59.263266 0.469490 -0.786883 0.400492 0.000000 0.000000
Chrome_50Gry1.bmp
  8 9.259548 -1.874300 59.263266 0.469490 -0.786883 0.400492 0.000000 0.000000
  8 9.728432 -2.074069 58.596677 0.690411 -0.653010 0.311305 0.000000 0.000000
  8 9.889259 0.075551 59.698979 0.772686 0.000600 0.634788 0.000000 0.000000
Chrome_50Gry1.bmp
  8 9.728432 -2.074069 58.596677 0.690411 -0.653010 0.311305 0.000000 0.000000
  8 10.505429 0.085805 58.966838 0.970751 0.000800 0.240088 0.000000 0.000000
  8 9.889259 0.075551 59.698979 0.772686 0.000600 0.634788 0.000000 0.000000
Chrome_50Gry1.bmp
  8 9.889259 0.075551 59.698979 0.772686 0.000600 0.634788 0.000000 0.000000
  8 10.505429 0.085805 58.966838 0.970751 0.000800 0.240088 0.000000 0.000000
  8 9.728423 2.205931 58.598154 0.706002 0.633001 0.317601 0.000000 0.000000
Chrome_50Gry1.bmp
  8 10.505429 0.085805 58.966838 0.970751 0.000800 0.240088 0.000000 0.000000
  8 9.812249 2.006184 57.862780 0.844571 0.533681 -0.043399 0.000000 0.000000
  8 9.728423 2.205931 58.598154 0.706002 0.633001 0.317601 0.000000 0.000000
Chrome_50Gry1.bmp
  8 9.728423 2.205931 58.598154 0.706002 0.633001 0.317601 0.000000 0.000000
  8 9.812249 2.006184 57.862780 0.844571 0.533681 -0.043399 0.000000 0.000000
  8 8.305864 2.966289 57.551167 0.262511 0.962239 0.072003 0.000000 0.000000
Chrome_50Gry1.bmp
  18 -8.734835 0.085060 60.990178 0.004000 0.000000 0.999992 0.000000 0.000000
  17 -6.035487 -1.851728 60.577720 0.385805 -0.571808 0.724010 0.000000 0.000000
  17 -6.047909 2.001378 60.582118 0.562671 0.477875 0.674564 0.000000 0.000000
Chrome_50Gry1.bmp
  17 -6.047909 2.001378 60.582118 0.562671 0.477875 0.674564 0.000000 0.000000
  17 -6.035487 -1.851728 60.577720 0.385805 -0.571808 0.724010 0.000000 0.000000
  17 -5.306600 -1.869432 57.024396 0.709729 -0.692729 -0.128105 0.000000 0.000000
Chrome_50Gry1.bmp
  17 -6.035487 -1.851728 60.577720 0.385805 -0.571808 0.724010 0.000000 0.000000
  18 -7.301593 -2.514299 59.146988 0.121103 -0.955523 0.268906 0.000000 0.000000
  17 -5.306600 -1.869432 57.024396 0.709729 -0.692729 -0.128105 0.000000 0.000000
Chrome_50Gry1.bmp
  17 -5.306600 -1.869432 57.024396 0.709729 -0.692729 -0.128105 0.000000 0.000000
  18 -7.301593 -2.514299 59.146988 0.121103 -0.955523 0.268906 0.000000 0.000000
  18 -7.956567 -2.674053 58.428735 -0.112102 -0.991214 0.070201 0.000000 0.000000
Chrome_50Gry1.bmp
  18 -7.301593 -2.514299 59.146988 0.121103 -0.955523 0.268906 0.000000 0.000000
  18 -9.004780 -2.044634 60.101959 -0.438712 -0.712419 0.547715 0.000000 0.000000
  18 -7.956567 -2.674053 58.428735 -0.112102 -0.991214 0.070201 0.000000 0.000000
Chrome_50Gry1.bmp
  18 -7.956567 -2.674053 58.428735 -0.112102 -0.991214 0.070201 0.000000 0.000000
  18 -9.004780 -2.044634 60.101959 -0.438712 -0.712419 0.547715 0.000000 0.000000
  18 -9.268741 -1.864349 59.274238 -0.826463 -0.527776 0.195991 0.000000 0.000000
Chrome_50Gry1.bmp
  18 -9.004780 -2.044634 60.101959 -0.438712 -0.712419 0.547715 0.000000 0.000000
  18 -9.522021 0.095173 60.657106 -0.830709 0.000700 0.556706 0.000000 0.000000
  18 -9.268741 -1.864349 59.274238 -0.826463 -0.527776 0.195991 0.000000 0.000000
Chrome_50Gry1.bmp
  18 -9.268741 -1.864349 59.274238 -0.826463 -0.527776 0.195991 0.000000 0.000000
  18 -9.522021 0.095173 60.657106 -0.830709 0.000700 0.556706 0.000000 0.000000
  18 -9.888510 0.085500 59.708955 -0.934250 0.000700 0.356619 0.000000 0.000000
Chrome_50Gry1.bmp
  18 -9.522021 0.095173 60.657106 -0.830709 0.000700 0.556706 0.000000 0.000000
  18 -9.268753 2.015651 59.275578 -0.836474 0.508984 0.203094 0.000000 0.000000
  18 -9.888510 0.085500 59.708955 -0.934250 0.000700 0.356619 0.000000 0.000000
Chrome_50Gry1.bmp
  7 6.027332 -1.863171 60.580095 -0.385805 -0.571808 0.724010 0.000000 0.000000
  7 6.047433 1.990884 60.572665 -0.562670 0.477875 0.674565 0.000000 0.000000
  7 5.298435 -1.880879 57.026773 -0.709730 -0.692729 -0.128105 0.000000 0.000000
Chrome_50Gry1.bmp
  7 5.298435 -1.880879 57.026773 -0.709730 -0.692729 -0.128105 0.000000 0.000000
  7 6.047433 1.990884 60.572665 -0.562670 0.477875 0.674565 0.000000 0.000000
  7 5.311590 2.012545 57.017983 -0.660802 0.736302 -0.145601 0.000000 0.000000
Chrome_50Gry1.bmp
  7 6.047433 1.990884 60.572665 -0.562670 0.477875 0.674565 0.000000 0.000000
  8 7.301344 2.735736 59.148785 -0.141101 0.939611 0.311804 0.000000 0.000000
  7 5.311590 2.012545 57.017983 -0.660802 0.736302 -0.145601 0.000000 0.000000
Chrome_50Gry1.bmp
  7 5.311590 2.012545 57.017983 -0.660802 0.736302 -0.145601 0.000000 0.000000
  8 7.301344 2.735736 59.148785 -0.141101 0.939611 0.311804 0.000000 0.000000
  8 7.955317 2.985981 58.440621 0.118899 0.987989 0.098699 0.000000 0.000000
Chrome_50Gry1.bmp
  8 7.301344 2.735736 59.148785 -0.141101 0.939611 0.311804 0.000000 0.000000
  8 9.005531 2.185413 60.093449 0.447190 0.689384 0.569887 0.000000 0.000000
  8 7.955317 2.985981 58.440621 0.118899 0.987989 0.098699 0.000000 0.000000
Chrome_50Gry1.bmp
  8 7.955317 2.985981 58.440621 0.118899 0.987989 0.098699 0.000000 0.000000
  8 9.005531 2.185413 60.093449 0.447190 0.689384 0.569887 0.000000 0.000000
  8 9.269490 2.005699 59.265603 0.836474 0.508984 0.203093 0.000000 0.000000
Chrome_50Gry1.bmp
  8 9.005531 2.185413 60.093449 0.447190 0.689384 0.569887 0.000000 0.000000
  8 9.521773 0.085220 60.657081 0.830709 0.000700 0.556706 0.000000 0.000000
  8 9.269490 2.005699 59.265603 0.836474 0.508984 0.203093 0.000000 0.000000
Chrome_50Gry1.bmp
  8 9.269490 2.005699 59.265603 0.836474 0.508984 0.203093 0.000000 0.000000
  8 9.521773 0.085220 60.657081 0.830709 0.000700 0.556706 0.000000 0.000000
  8 9.889259 0.075551 59.698979 0.934250 0.000700 0.356619 0.000000 0.000000
Chrome_50Gry1.bmp
  8 9.521773 0.085220 60.657081 0.830709 0.000700 0.556706 0.000000 0.000000
  8 9.259548 -1.874300 59.263266 0.826462 -0.527776 0.195991 0.000000 0.000000
  8 9.889259 0.075551 59.698979 0.934250 0.000700 0.356619 0.000000 0.000000
Chrome_50Gry1.bmp
  8 10.422229 2.107246 54.788352 0.779620 0.615015 -0.118103 0.000000 0.000000
  8 10.412012 2.276969 55.591402 0.795974 0.594880 0.111996 0.000000 0.000000
  8 11.013245 0.157206 54.907279 0.995497 -0.008600 -0.094400 0.000000 0.000000
Chrome_50Gry1.bmp
  8 11.013245 0.157206 54.907279 0.995497 -0.008600 -0.094400 0.000000 0.000000
  8 10.412012 2.276969 55.591402 0.795974 0.594880 0.111996 0.000000 0.000000
  8 11.102530 0.146926 55.720250 0.988770 -0.008700 0.149195 0.000000 0.000000
Chrome_50Gry1.bmp
  8 10.412012 2.276969 55.591402 0.795974 0.594880 0.111996 0.000000 0.000000
  8 10.788854 0.126676 56.442536 0.906036 -0.008400 0.423117 0.000000 0.000000
  8 11.102530 0.146926 55.720250 0.988770 -0.008700 0.149195 0.000000 0.000000
Chrome_50Gry1.bmp
  8 11.102530 0.146926 55.720250 0.988770 -0.008700 0.149195 0.000000 0.000000
  8 10.788854 0.126676 56.442536 0.906036 -0.008400 0.423117 0.000000 0.000000
  8 10.402071 -1.873030 55.588972 0.794875 -0.604081 0.057098 0.000000 0.000000
Chrome_50Gry1.bmp
  8 10.788854 0.126676 56.442536 0.906036 -0.008400 0.423117 0.000000 0.000000
  8 10.107297 -1.753284 56.323253 0.583610 -0.728413 0.358906 0.000000 0.000000
  8 10.402071 -1.873030 55.588972 0.794875 -0.604081 0.057098 0.000000 0.000000
Chrome_50Gry1.bmp
  8 10.402071 -1.873030 55.588972 0.794875 -0.604081 0.057098 0.000000 0.000000
  8 10.107297 -1.753284 56.323253 0.583610 -0.728413 0.358906 0.000000 0.000000
  8 8.835989 -2.712923 55.270747 0.038401 -0.996939 -0.068103 0.000000 0.000000
Chrome_50Gry1.bmp
  8 10.107297 -1.753284 56.323253 0.583610 -0.728413 0.358906 0.000000 0.000000
  8 8.659617 -2.533185 56.026979 0.023500 -0.969792 0.242798 0.000000 0.000000
  8 8.835989 -2.712923 55.270747 0.038401 -0.996939 -0.068103 0.000000 0.000000
Chrome_50Gry1.bmp
  8 8.835989 -2.712923 55.270747 0.038401 -0.996939 -0.068103 0.000000 0.000000
  8 8.659617 -2.533185 56.026979 0.023500 -0.969792 0.242798 0.000000 0.000000
  8 6.458726 -1.753051 55.625521 -0.506993 -0.752089 -0.421094 0.000000 0.000000
Chrome_50Gry1.bmp
  18 -10.422491 -1.612802 54.787092 -0.771965 -0.608272 -0.184592 0.000000 0.000000
  18 -10.413271 -1.863076 55.580047 -0.794875 -0.604081 0.057098 0.000000 0.000000
  18 -11.014507 0.177158 54.897361 -0.995497 -0.008600 -0.094400 0.000000 0.000000
Chrome_50Gry1.bmp
  18 -11.014507 0.177158 54.897361 -0.995497 -0.008600 -0.094400 0.000000 0.000000
  18 -10.413271 -1.863076 55.580047 -0.794875 -0.604081 0.057098 0.000000 0.000000
  18 -11.103789 0.156877 55.710329 -0.988770 -0.008700 0.149195 0.000000 0.000000
Chrome_50Gry1.bmp
  18 -10.413271 -1.863076 55.580047 -0.794875 -0.604081 0.057098 0.000000 0.000000
  18 -10.790112 0.136628 56.432615 -0.906036 -0.008400 0.423117 0.000000 0.000000
  18 -11.103789 0.156877 55.710329 -0.988770 -0.008700 0.149195 0.000000 0.000000
Chrome_50Gry1.bmp
  18 -11.103789 0.156877 55.710329 -0.988770 -0.008700 0.149195 0.000000 0.000000
  18 -10.790112 0.136628 56.432615 -0.906036 -0.008400 0.423117 0.000000 0.000000
  18 -10.413283 2.286924 55.581480 -0.795974 0.594880 0.111996 0.000000 0.000000
Chrome_50Gry1.bmp
  18 -10.790112 0.136628 56.432615 -0.906036 -0.008400 0.423117 0.000000 0.000000
  18 -10.118506 2.076671 56.315647 -0.575511 0.700014 0.422808 0.000000 0.000000
  18 -10.413283 2.286924 55.581480 -0.795974 0.594880 0.111996 0.000000 0.000000
Chrome_50Gry1.bmp
  18 -10.413283 2.286924 55.581480 -0.795974 0.594880 0.111996 0.000000 0.000000
  18 -10.118506 2.076671 56.315647 -0.575511 0.700014 0.422808 0.000000 0.000000
  18 -8.847203 3.167038 55.263845 -0.023200 0.999706 0.007000 0.000000 0.000000
Chrome_50Gry1.bmp
  18 -10.118506 2.076671 56.315647 -0.575511 0.700014 0.422808 0.000000 0.000000
  18 -8.671827 2.926781 56.009982 -0.012399 0.950562 0.310287 0.000000 0.000000
  18 -8.847203 3.167038 55.263845 -0.023200 0.999706 0.007000 0.000000 0.000000
Chrome_50Gry1.bmp
  18 -8.847203 3.167038 55.263845 -0.023200 0.999706 0.007000 0.000000 0.000000
  18 -8.671827 2.926781 56.009982 -0.012399 0.950562 0.310287 0.000000 0.000000
  18 -6.470936 2.066926 55.607951 0.548494 0.749691 -0.370295 0.000000 0.000000
Chrome_50Gry1.bmp
  4 1.059860 -6.411692 53.190234 0.000000 -0.996191 -0.087199 0.000000 0.000000
  4 1.279859 -6.292097 52.983844 0.413898 -0.702296 -0.579197 0.000000 0.000000
  4 1.359860 -6.321299 53.195615 0.657383 -0.740981 -0.137096 0.000000 0.000000
Chrome_50Gry1.bmp
  4 1.059860 -6.411692 53.190234 0.000000 -0.996191 -0.087199 0.000000 0.000000
  4 1.059859 -6.296190 52.903949 -0.071996 -0.689960 -0.720258 0.000000 0.000000
  4 1.279859 -6.292097 52.983844 0.413898 -0.702296 -0.579197 0.000000 0.000000
Chrome_50Gry1.bmp
  4 1.059860 -6.411692 53.190234 0.000000 -0.996191 -0.087199 0.000000 0.000000
  4 0.849859 -6.292096 52.983844 -0.515701 -0.711100 -0.477901 0.000000 0.000000
  4 1.059859 -6.296190 52.903949 -0.071996 -0.689960 -0.720258 0.000000 0.000000
Chrome_50Gry1.bmp
  4 1.059860 -6.411692 53.190234 0.000000 -0.996191 -0.087199 0.000000 0.000000
  4 0.759860 -6.310799 53.205091 -0.657408 -0.753509 0.006200 0.000000 0.000000
  4 0.849859 -6.292096 52.983844 -0.515701 -0.711100 -0.477901 0.000000 0.000000
Chrome_50Gry1.bmp
  4 1.059860 -6.411692 53.190234 0.000000 -0.996191 -0.087199 0.000000 0.000000
  4 0.849860 -6.330527 53.406364 -0.413794 -0.792287 0.448393 0.000000 0.000000
  4 0.759860 -6.310799 53.205091 -0.657408 -0.753509 0.006200 0.000000 0.000000
Chrome_50Gry1.bmp
  4 1.059860 -6.411692 53.190234 0.000000 -0.996191 -0.087199 0.000000 0.000000
  4 1.059860 -6.335908 53.496758 0.071903 -0.804540 0.589529 0.000000 0.000000
  4 0.849860 -6.330527 53.406364 -0.413794 -0.792287 0.448393 0.000000 0.000000
Chrome_50Gry1.bmp
  4 1.059860 -6.411692 53.190234 0.000000 -0.996191 -0.087199 0.000000 0.000000
  4 1.279860 -6.340514 53.406875 0.515608 -0.783413 0.347006 0.000000 0.000000
  4 1.059860 -6.335908 53.496758 0.071903 -0.804540 0.589529 0.000000 0.000000
Chrome_50Gry1.bmp
  4 1.059860 -6.411692 53.190234 0.000000 -0.996191 -0.087199 0.000000 0.000000
  4 1.359860 -6.321299 53.195615 0.657383 -0.740981 -0.137096 0.000000 0.000000
  4 1.279860 -6.340514 53.406875 0.515608 -0.783413 0.347006 0.000000 0.000000
Chrome_50Gry1.bmp
  4 -5.230114 3.666983 61.895929 -0.420306 0.657709 0.625109 0.000000 0.000000
  4 -2.920113 5.376540 61.648124 -0.308600 0.832400 0.460300 0.000000 0.000000
  4 -5.720115 4.175081 60.868585 -0.451697 0.827294 0.333998 0.000000 0.000000
Chrome_50Gry1.bmp
  4 -5.720115 4.175081 60.868585 -0.451697 0.827294 0.333998 0.000000 0.000000
  4 -2.920113 5.376540 61.648124 -0.308600 0.832400 0.460300 0.000000 0.000000
  4 -2.960113 5.415235 61.035341 -0.180496 0.981181 -0.068599 0.000000 0.000000
Chrome_50Gry1.bmp
  4 -2.920113 5.376540 61.648124 -0.308600 0.832400 0.460300 0.000000 0.000000
  4 -0.000112 5.669226 61.693202 0.000000 0.900677 0.434489 0.000000 0.000000
  4 -2.960113 5.415235 61.035341 -0.180496 0.981181 -0.068599 0.000000 0.000000
Chrome_50Gry1.bmp
  4 -2.960113 5.415235 61.035341 -0.180496 0.981181 -0.068599 0.000000 0.000000
  4 -0.000112 5.669226 61.693202 0.000000 0.900677 0.434489 0.000000 0.000000
  4 2.949887 5.404729 61.025858 0.180498 0.981187 -0.068499 0.000000 0.000000
Chrome_50Gry1.bmp
  4 -0.000112 5.669226 61.693202 0.000000 0.900677 0.434489 0.000000 0.000000
  4 2.909888 5.366546 61.648627 0.308614 0.832438 0.460221 0.000000 0.000000
  4 2.949887 5.404729 61.025858 0.180498 0.981187 -0.068499 0.000000 0.000000
Chrome_50Gry1.bmp
  4 2.949887 5.404729 61.025858 0.180498 0.981187 -0.068499 0.000000 0.000000
  4 2.909888 5.366546 61.648627 0.308614 0.832438 0.460221 0.000000 0.000000
  4 5.699885 4.164568 60.859093 0.451697 0.827294 0.333998 0.000000 0.000000
Chrome_50Gry1.bmp
  4 2.909888 5.366546 61.648627 0.308614 0.832438 0.460221 0.000000 0.000000
  4 5.199885 3.656983 61.896425 0.420306 0.657709 0.625109 0.000000 0.000000
  4 5.699885 4.164568 60.859093 0.451697 0.827294 0.333998 0.000000 0.000000
Chrome_50Gry1.bmp
  18 -11.014507 0.177158 54.897361 -0.995497 -0.008600 -0.094400 0.000000 0.000000
  18 -10.413283 2.286924 55.581480 -0.795974 0.594880 0.111996 0.000000 0.000000
  18 -10.423500 2.117201 54.778430 -0.779620 0.615016 -0.118103 0.000000 0.000000
Chrome_50Gry1.bmp
  18 -10.423500 2.117201 54.778430 -0.779620 0.615016 -0.118103 0.000000 0.000000
  18 -10.413283 2.286924 55.581480 -0.795974 0.594880 0.111996 0.000000 0.000000
  18 -9.034524 2.867302 54.498620 -0.234606 0.929125 -0.285808 0.000000 0.000000
Chrome_50Gry1.bmp
  18 -10.413283 2.286924 55.581480 -0.795974 0.594880 0.111996 0.000000 0.000000
  18 -8.847203 3.167038 55.263845 -0.023200 0.999706 0.007000 0.000000 0.000000
  18 -9.034524 2.867302 54.498620 -0.234606 0.929125 -0.285808 0.000000 0.000000
Chrome_50Gry1.bmp
  18 -9.034524 2.867302 54.498620 -0.234606 0.929125 -0.285808 0.000000 0.000000
  18 -8.847203 3.167038 55.263845 -0.023200 0.999706 0.007000 0.000000 0.000000
  18 -7.605743 2.117404 54.214299 0.549803 0.689904 -0.470903 0.000000 0.000000
Chrome_50Gry1.bmp
  18 -8.847203 3.167038 55.263845 -0.023200 0.999706 0.007000 0.000000 0.000000
  18 -6.470936 2.066926 55.607951 0.548494 0.749691 -0.370295 0.000000 0.000000
  18 -7.605743 2.117404 54.214299 0.549803 0.689904 -0.470903 0.000000 0.000000
Chrome_50Gry1.bmp
  18 -7.605743 2.117404 54.214299 0.549803 0.689904 -0.470903 0.000000 0.000000
  18 -6.470936 2.066926 55.607951 0.548494 0.749691 -0.370295 0.000000 0.000000
  18 -7.013727 0.177444 54.103978 0.794642 -0.007501 -0.607032 0.000000 0.000000
Chrome_50Gry1.bmp
  8 8.846926 3.157079 55.263821 0.023200 0.999706 0.007000 0.000000 0.000000
  8 7.595518 2.107439 54.213280 -0.549803 0.689904 -0.470903 0.000000 0.000000
  8 6.459717 2.056952 55.616885 -0.548493 0.749691 -0.370296 0.000000 0.000000
Chrome_50Gry1.bmp
  8 8.846926 3.157079 55.263821 0.023200 0.999706 0.007000 0.000000 0.000000
  8 9.035244 2.857347 54.488645 0.234607 0.929125 -0.285808 0.000000 0.000000
  8 7.595518 2.107439 54.213280 -0.549803 0.689904 -0.470903 0.000000 0.000000
Chrome_50Gry1.bmp
  8 8.846926 3.157079 55.263821 0.023200 0.999706 0.007000 0.000000 0.000000
  8 10.412012 2.276969 55.591402 0.795974 0.594880 0.111996 0.000000 0.000000
  8 9.035244 2.857347 54.488645 0.234607 0.929125 -0.285808 0.000000 0.000000
Chrome_50Gry1.bmp
  8 8.846926 3.157079 55.263821 0.023200 0.999706 0.007000 0.000000 0.000000
  8 10.107289 2.056716 56.324568 0.575512 0.700014 0.422808 0.000000 0.000000
  8 10.412012 2.276969 55.591402 0.795974 0.594880 0.111996 0.000000 0.000000
Chrome_50Gry1.bmp
  8 8.846926 3.157079 55.263821 0.023200 0.999706 0.007000 0.000000 0.000000
  8 8.670554 2.906818 56.019904 0.012400 0.950562 0.310287 0.000000 0.000000
  8 10.107289 2.056716 56.324568 0.575512 0.700014 0.422808 0.000000 0.000000
Chrome_50Gry1.bmp
  8 8.846926 3.157079 55.263821 0.023200 0.999706 0.007000 0.000000 0.000000
  8 6.459717 2.056952 55.616885 -0.548493 0.749691 -0.370296 0.000000 0.000000
  8 8.670554 2.906818 56.019904 0.012400 0.950562 0.310287 0.000000 0.000000
Chrome_50Gry1.bmp
  18 -10.107278 -2.003610 57.127179 -0.746897 -0.659197 0.087200 0.000000 0.000000
  18 -10.564718 0.086095 57.977815 -0.906036 -0.008400 0.423117 0.000000 0.000000
  18 -10.888345 0.116344 57.256532 -0.999155 0.000800 0.041098 0.000000 0.000000
Chrome_50Gry1.bmp
  18 -10.888345 0.116344 57.256532 -0.999155 0.000800 0.041098 0.000000 0.000000
  18 -10.564718 0.086095 57.977815 -0.906036 -0.008400 0.423117 0.000000 0.000000
  18 -10.108289 2.236394 57.118693 -0.751331 0.642627 0.150106 0.000000 0.000000
Chrome_50Gry1.bmp
  18 -10.564718 0.086095 57.977815 -0.906036 -0.008400 0.423117 0.000000 0.000000
  18 -9.812514 2.016137 57.862807 -0.575511 0.700014 0.422808 0.000000 0.000000
  18 -10.108289 2.236394 57.118693 -0.751331 0.642627 0.150106 0.000000 0.000000
Chrome_50Gry1.bmp
  18 -10.108289 2.236394 57.118693 -0.751331 0.642627 0.150106 0.000000 0.000000
  18 -9.812514 2.016137 57.862807 -0.575511 0.700014 0.422808 0.000000 0.000000
  18 -8.484505 3.226517 56.775206 -0.080604 0.996350 0.028101 0.000000 0.000000
Chrome_50Gry1.bmp
  18 -9.812514 2.016137 57.862807 -0.575511 0.700014 0.422808 0.000000 0.000000
  18 -8.307133 2.976253 57.541239 -0.053098 0.942069 0.331189 0.000000 0.000000
  18 -8.484505 3.226517 56.775206 -0.080604 0.996350 0.028101 0.000000 0.000000
Chrome_50Gry1.bmp
  18 -8.484505 3.226517 56.775206 -0.080604 0.996350 0.028101 0.000000 0.000000
  18 -8.307133 2.976253 57.541239 -0.053098 0.942069 0.331189 0.000000 0.000000
  17 -5.312075 2.023042 57.027434 0.660802 0.736302 -0.145601 0.000000 0.000000
Chrome_50Gry1.bmp
  7 5.298435 -1.880879 57.026773 -0.709730 -0.692729 -0.128105 0.000000 0.000000
  8 8.473296 -2.883446 56.782030 0.087901 -0.995015 -0.047101 0.000000 0.000000
  8 8.294927 -2.683714 57.558169 0.056601 -0.963812 0.260503 0.000000 0.000000
Chrome_50Gry1.bmp
  8 8.294927 -2.683714 57.558169 0.056601 -0.963812 0.260503 0.000000 0.000000
  8 8.473296 -2.883446 56.782030 0.087901 -0.995015 -0.047101 0.000000 0.000000
  8 9.811259 -1.883819 57.871388 0.583610 -0.728413 0.358906 0.000000 0.000000
Chrome_50Gry1.bmp
  8 8.473296 -2.883446 56.782030 0.087901 -0.995015 -0.047101 0.000000 0.000000
  8 10.097081 -2.013561 57.126155 0.746897 -0.659197 0.087200 0.000000 0.000000
  8 9.811259 -1.883819 57.871388 0.583610 -0.728413 0.358906 0.000000 0.000000
Chrome_50Gry1.bmp
  8 9.811259 -1.883819 57.871388 0.583610 -0.728413 0.358906 0.000000 0.000000
  8 10.097081 -2.013561 57.126155 0.746897 -0.659197 0.087200 0.000000 0.000000
  8 10.564463 0.076146 57.977787 0.906036 -0.008400 0.423117 0.000000 0.000000
Chrome_50Gry1.bmp
  8 10.097081 -2.013561 57.126155 0.746897 -0.659197 0.087200 0.000000 0.000000
  8 10.889087 0.106399 57.246553 0.999155 0.000800 0.041098 0.000000 0.000000
  8 10.564463 0.076146 57.977787 0.906036 -0.008400 0.423117 0.000000 0.000000
Chrome_50Gry1.bmp
  8 10.564463 0.076146 57.977787 0.906036 -0.008400 0.423117 0.000000 0.000000
  8 10.889087 0.106399 57.246553 0.999155 0.000800 0.041098 0.000000 0.000000
  8 10.108021 2.226442 57.118666 0.751332 0.642627 0.150106 0.000000 0.000000
Chrome_50Gry1.bmp
  8 11.013245 0.157206 54.907279 0.995497 -0.008600 -0.094400 0.000000 0.000000
  8 10.402071 -1.873030 55.588972 0.794875 -0.604081 0.057098 0.000000 0.000000
  8 10.422236 -1.622753 54.787065 0.771965 -0.608273 -0.184592 0.000000 0.000000
Chrome_50Gry1.bmp
  8 10.422236 -1.622753 54.787065 0.771965 -0.608273 -0.184592 0.000000 0.000000
  8 10.402071 -1.873030 55.588972 0.794875 -0.604081 0.057098 0.000000 0.000000
  8 9.023308 -2.372659 54.505743 0.235000 -0.905902 -0.352301 0.000000 0.000000
Chrome_50Gry1.bmp
  8 10.402071 -1.873030 55.588972 0.794875 -0.604081 0.057098 0.000000 0.000000
  8 8.835989 -2.712923 55.270747 0.038401 -0.996939 -0.068103 0.000000 0.000000
  8 9.023308 -2.372659 54.505743 0.235000 -0.905902 -0.352301 0.000000 0.000000
Chrome_50Gry1.bmp
  8 9.023308 -2.372659 54.505743 0.235000 -0.905902 -0.352301 0.000000 0.000000
  8 8.835989 -2.712923 55.270747 0.038401 -0.996939 -0.068103 0.000000 0.000000
  8 7.594527 -1.622564 54.221944 -0.517904 -0.681605 -0.516904 0.000000 0.000000
Chrome_50Gry1.bmp
  8 8.835989 -2.712923 55.270747 0.038401 -0.996939 -0.068103 0.000000 0.000000
  8 6.458726 -1.753051 55.625521 -0.506993 -0.752089 -0.421094 0.000000 0.000000
  8 7.594527 -1.622564 54.221944 -0.517904 -0.681605 -0.516904 0.000000 0.000000
Chrome_50Gry1.bmp
  8 7.594527 -1.622564 54.221944 -0.517904 -0.681605 -0.516904 0.000000 0.000000
  8 6.458726 -1.753051 55.625521 -0.506993 -0.752089 -0.421094 0.000000 0.000000
  8 7.003511 0.167476 54.102961 -0.794642 -0.007500 -0.607032 0.000000 0.000000
Chrome_50Gry1.bmp
  18 -8.846187 -2.702965 55.271768 -0.038402 -0.996939 -0.068103 0.000000 0.000000
  18 -10.117497 -1.733332 56.324281 -0.583610 -0.728413 0.358906 0.000000 0.000000
  18 -10.413271 -1.863076 55.580047 -0.794875 -0.604081 0.057098 0.000000 0.000000
Chrome_50Gry1.bmp
  18 -8.846187 -2.702965 55.271768 -0.038402 -0.996939 -0.068103 0.000000 0.000000
  18 -8.670812 -2.513222 56.018053 -0.023500 -0.969792 0.242798 0.000000 0.000000
  18 -10.117497 -1.733332 56.324281 -0.583610 -0.728413 0.358906 0.000000 0.000000
Chrome_50Gry1.bmp
  18 -8.846187 -2.702965 55.271768 -0.038402 -0.996939 -0.068103 0.000000 0.000000
  18 -6.468928 -1.743081 55.626535 0.506993 -0.752089 -0.421094 0.000000 0.000000
  18 -8.670812 -2.513222 56.018053 -0.023500 -0.969792 0.242798 0.000000 0.000000
Chrome_50Gry1.bmp
  18 -8.846187 -2.702965 55.271768 -0.038402 -0.996939 -0.068103 0.000000 0.000000
  18 -7.605732 -1.612596 54.213011 0.517904 -0.681605 -0.516904 0.000000 0.000000
  18 -6.468928 -1.743081 55.626535 0.506993 -0.752089 -0.421094 0.000000 0.000000
Chrome_50Gry1.bmp
  18 -8.846187 -2.702965 55.271768 -0.038402 -0.996939 -0.068103 0.000000 0.000000
  18 -9.033510 -2.362701 54.506764 -0.235001 -0.905902 -0.352301 0.000000 0.000000
  18 -7.605732 -1.612596 54.213011 0.517904 -0.681605 -0.516904 0.000000 0.000000
Chrome_50Gry1.bmp
  18 -8.846187 -2.702965 55.271768 -0.038402 -0.996939 -0.068103 0.000000 0.000000
  18 -10.413271 -1.863076 55.580047 -0.794875 -0.604081 0.057098 0.000000 0.000000
  18 -9.033510 -2.362701 54.506764 -0.235001 -0.905902 -0.352301 0.000000 0.000000
Chrome_50Gry1.bmp
  4 -0.000111 5.408491 62.858070 0.000300 0.920007 0.391903 0.000000 0.000000
  4 2.789888 4.236932 63.248525 0.280699 0.672097 0.685197 0.000000 0.000000
  4 2.829888 4.782135 62.749974 0.349518 0.878045 0.326917 0.000000 0.000000
Chrome_50Gry1.bmp
  4 -0.000111 5.408491 62.858070 0.000300 0.920007 0.391903 0.000000 0.000000
  4 -0.000111 4.878902 63.465965 0.000400 0.758119 0.652116 0.000000 0.000000
  4 2.789888 4.236932 63.248525 0.280699 0.672097 0.685197 0.000000 0.000000
Chrome_50Gry1.bmp
  4 -0.000111 5.408491 62.858070 0.000300 0.920007 0.391903 0.000000 0.000000
  4 -2.800112 4.237451 63.258520 -0.280310 0.671924 0.685525 0.000000 0.000000
  4 -0.000111 4.878902 63.465965 0.000400 0.758119 0.652116 0.000000 0.000000
Chrome_50Gry1.bmp
  4 -0.000111 5.408491 62.858070 0.000300 0.920007 0.391903 0.000000 0.000000
  4 -2.840112 4.792130 62.749470 -0.349407 0.878018 0.327107 0.000000 0.000000
  4 -2.800112 4.237451 63.258520 -0.280310 0.671924 0.685525 0.000000 0.000000
Chrome_50Gry1.bmp
  4 -0.000111 5.408491 62.858070 0.000300 0.920007 0.391903 0.000000 0.000000
  4 -0.000112 5.124535 62.201740 0.000000 0.987519 -0.157503 0.000000 0.000000
  4 -2.840112 4.792130 62.749470 -0.349407 0.878018 0.327107 0.000000 0.000000
Chrome_50Gry1.bmp
  4 -0.000111 5.408491 62.858070 0.000300 0.920007 0.391903 0.000000 0.000000
  4 2.829888 4.782135 62.749974 0.349518 0.878045 0.326917 0.000000 0.000000
  4 -0.000112 5.124535 62.201740 0.000000 0.987519 -0.157503 0.000000 0.000000
Chrome_50Gry1.bmp
  18 -9.006789 2.195373 60.083523 -0.447190 0.689384 0.569887 0.000000 0.000000
  18 -8.734835 0.085060 60.990178 -0.370304 0.000300 0.928911 0.000000 0.000000
  18 -8.432547 1.995266 60.397694 -0.180999 0.632998 0.752697 0.000000 0.000000
Chrome_50Gry1.bmp
  18 -9.006789 2.195373 60.083523 -0.447190 0.689384 0.569887 0.000000 0.000000
  18 -9.522021 0.095173 60.657106 -0.830709 0.000700 0.556706 0.000000 0.000000
  18 -8.734835 0.085060 60.990178 -0.370304 0.000300 0.928911 0.000000 0.000000
Chrome_50Gry1.bmp
  18 -9.006789 2.195373 60.083523 -0.447190 0.689384 0.569887 0.000000 0.000000
  18 -9.268753 2.015651 59.275578 -0.836474 0.508984 0.203094 0.000000 0.000000
  18 -9.522021 0.095173 60.657106 -0.830709 0.000700 0.556706 0.000000 0.000000
Chrome_50Gry1.bmp
  18 -9.006789 2.195373 60.083523 -0.447190 0.689384 0.569887 0.000000 0.000000
  18 -7.954586 2.995940 58.450593 -0.118898 0.987989 0.098699 0.000000 0.000000
  18 -9.268753 2.015651 59.275578 -0.836474 0.508984 0.203094 0.000000 0.000000
Chrome_50Gry1.bmp
  18 -9.006789 2.195373 60.083523 -0.447190 0.689384 0.569887 0.000000 0.000000
  18 -7.301608 2.745701 59.148805 0.141102 0.939611 0.311804 0.000000 0.000000
  18 -7.954586 2.995940 58.450593 -0.118898 0.987989 0.098699 0.000000 0.000000
Chrome_50Gry1.bmp
  18 -9.006789 2.195373 60.083523 -0.447190 0.689384 0.569887 0.000000 0.000000
  18 -8.432547 1.995266 60.397694 -0.180999 0.632998 0.752697 0.000000 0.000000
  18 -7.301608 2.745701 59.148805 0.141102 0.939611 0.311804 0.000000 0.000000
Chrome_50Gry1.bmp
  8 8.994592 -2.054590 60.100938 0.438712 -0.712419 0.547715 0.000000 0.000000
  8 9.259548 -1.874300 59.263266 0.826462 -0.527776 0.195991 0.000000 0.000000
  8 9.521773 0.085220 60.657081 0.830709 0.000700 0.556706 0.000000 0.000000
Chrome_50Gry1.bmp
  8 8.994592 -2.054590 60.100938 0.438712 -0.712419 0.547715 0.000000 0.000000
  8 7.945379 -2.684018 58.437666 0.112101 -0.991214 0.070201 0.000000 0.000000
  8 9.259548 -1.874300 59.263266 0.826462 -0.527776 0.195991 0.000000 0.000000
Chrome_50Gry1.bmp
  8 8.994592 -2.054590 60.100938 0.438712 -0.712419 0.547715 0.000000 0.000000
  8 7.290406 -2.524267 59.155922 -0.121103 -0.955523 0.268906 0.000000 0.000000
  8 7.945379 -2.684018 58.437666 0.112101 -0.991214 0.070201 0.000000 0.000000
Chrome_50Gry1.bmp
  8 8.994592 -2.054590 60.100938 0.438712 -0.712419 0.547715 0.000000 0.000000
  8 8.422347 -1.854692 60.395349 0.170800 -0.646900 0.743201 0.000000 0.000000
  8 7.290406 -2.524267 59.155922 -0.121103 -0.955523 0.268906 0.000000 0.000000
Chrome_50Gry1.bmp
  8 8.994592 -2.054590 60.100938 0.438712 -0.712419 0.547715 0.000000 0.000000
  8 8.733590 0.075100 61.000105 0.370304 0.000300 0.928910 0.000000 0.000000
  8 8.422347 -1.854692 60.395349 0.170800 -0.646900 0.743201 0.000000 0.000000
Chrome_50Gry1.bmp
  8 8.994592 -2.054590 60.100938 0.438712 -0.712419 0.547715 0.000000 0.000000
  8 9.521773 0.085220 60.657081 0.830709 0.000700 0.556706 0.000000 0.000000
  8 8.733590 0.075100 61.000105 0.370304 0.000300 0.928910 0.000000 0.000000
Chrome_50Gry1.bmp
  4 2.829888 4.782135 62.749974 0.349518 0.878045 0.326917 0.000000 0.000000
  4 2.869887 4.821342 62.147178 0.283314 0.955145 0.086204 0.000000 0.000000
  4 -0.000112 5.124535 62.201740 0.000000 0.987519 -0.157503 0.000000 0.000000
Chrome_50Gry1.bmp
  4 2.829888 4.782135 62.749974 0.349518 0.878045 0.326917 0.000000 0.000000
  4 5.199885 3.656983 61.896425 0.499080 0.797967 0.337886 0.000000 0.000000
  4 2.869887 4.821342 62.147178 0.283314 0.955145 0.086204 0.000000 0.000000
Chrome_50Gry1.bmp
  4 2.829888 4.782135 62.749974 0.349518 0.878045 0.326917 0.000000 0.000000
  4 4.709886 3.159385 62.933246 0.479611 0.623913 0.617013 0.000000 0.000000
  4 5.199885 3.656983 61.896425 0.499080 0.797967 0.337886 0.000000 0.000000
Chrome_50Gry1.bmp
  4 2.829888 4.782135 62.749974 0.349518 0.878045 0.326917 0.000000 0.000000
  4 2.789888 4.236932 63.248525 0.280699 0.672097 0.685197 0.000000 0.000000
  4 4.709886 3.159385 62.933246 0.479611 0.623913 0.617013 0.000000 0.000000
Chrome_50Gry1.bmp
  4 -2.840112 4.792130 62.749470 -0.349407 0.878018 0.327107 0.000000 0.000000
  4 -4.730114 3.169384 62.932748 -0.479580 0.623975 0.616975 0.000000 0.000000
  4 -2.800112 4.237451 63.258520 -0.280310 0.671924 0.685525 0.000000 0.000000
Chrome_50Gry1.bmp
  4 -2.840112 4.792130 62.749470 -0.349407 0.878018 0.327107 0.000000 0.000000
  4 -5.230114 3.666983 61.895929 -0.499080 0.797968 0.337886 0.000000 0.000000
  4 -4.730114 3.169384 62.932748 -0.479580 0.623975 0.616975 0.000000 0.000000
Chrome_50Gry1.bmp
  4 -2.840112 4.792130 62.749470 -0.349407 0.878018 0.327107 0.000000 0.000000
  4 -2.880113 4.830825 62.136688 -0.283313 0.955145 0.086204 0.000000 0.000000
  4 -5.230114 3.666983 61.895929 -0.499080 0.797968 0.337886 0.000000 0.000000
Chrome_50Gry1.bmp
  4 -2.840112 4.792130 62.749470 -0.349407 0.878018 0.327107 0.000000 0.000000
  4 -0.000112 5.124535 62.201740 0.000000 0.987519 -0.157503 0.000000 0.000000
  4 -2.880113 4.830825 62.136688 -0.283313 0.955145 0.086204 0.000000 0.000000
Chrome_50Gry1.bmp
  18 -8.307133 2.976253 57.541239 -0.262511 0.962239 0.072003 0.000000 0.000000
  18 -9.812514 2.016137 57.862807 -0.844571 0.533682 -0.043399 0.000000 0.000000
  18 -9.728686 2.215884 58.598180 -0.706002 0.633002 0.317601 0.000000 0.000000
Chrome_50Gry1.bmp
  18 -9.728686 2.215884 58.598180 -0.706002 0.633002 0.317601 0.000000 0.000000
  18 -9.812514 2.016137 57.862807 -0.844571 0.533682 -0.043399 0.000000 0.000000
  18 -10.516629 0.095757 58.957914 -0.970751 0.000800 0.240088 0.000000 0.000000
Chrome_50Gry1.bmp
  18 -9.812514 2.016137 57.862807 -0.844571 0.533682 -0.043399 0.000000 0.000000
  18 -10.564718 0.086095 57.977815 -0.999155 0.000800 0.041098 0.000000 0.000000
  18 -10.516629 0.095757 58.957914 -0.970751 0.000800 0.240088 0.000000 0.000000
Chrome_50Gry1.bmp
  18 -10.516629 0.095757 58.957914 -0.970751 0.000800 0.240088 0.000000 0.000000
  18 -10.564718 0.086095 57.977815 -0.999155 0.000800 0.041098 0.000000 0.000000
  18 -9.812503 -1.873862 57.861463 -0.833985 -0.549590 -0.049199 0.000000 0.000000
Chrome_50Gry1.bmp
  4 -0.000112 5.669226 61.693202 0.000000 0.900677 0.434489 0.000000 0.000000
  4 2.869887 4.821342 62.147178 0.183901 0.663303 0.725403 0.000000 0.000000
  4 2.909888 5.366546 61.648627 0.308614 0.832438 0.460221 0.000000 0.000000
Chrome_50Gry1.bmp
  4 -0.000112 5.669226 61.693202 0.000000 0.900677 0.434489 0.000000 0.000000
  4 -0.000112 5.124535 62.201740 0.000000 0.681145 0.732149 0.000000 0.000000
  4 2.869887 4.821342 62.147178 0.183901 0.663303 0.725403 0.000000 0.000000
Chrome_50Gry1.bmp
  4 -0.000112 5.669226 61.693202 0.000000 0.900677 0.434489 0.000000 0.000000
  4 -2.880113 4.830825 62.136688 -0.183901 0.663303 0.725403 0.000000 0.000000
  4 -0.000112 5.124535 62.201740 0.000000 0.681145 0.732149 0.000000 0.000000
Chrome_50Gry1.bmp
  4 -0.000112 5.669226 61.693202 0.000000 0.900677 0.434489 0.000000 0.000000
  4 -2.920113 5.376540 61.648124 -0.308600 0.832400 0.460300 0.000000 0.000000
  4 -2.880113 4.830825 62.136688 -0.183901 0.663303 0.725403 0.000000 0.000000
Chrome_50Gry1.bmp
  4 1.369860 -6.085442 52.913177 -0.647405 -0.457303 0.609705 0.000000 0.000000
  4 1.829859 -6.884660 53.144374 -0.915458 -0.400881 -0.035098 0.000000 0.000000
  4 1.489860 -6.109528 53.224817 -0.915458 -0.400881 -0.035098 0.000000 0.000000
Chrome_50Gry1.bmp
  4 1.489860 -6.109528 53.224817 -0.915458 -0.400881 -0.035098 0.000000 0.000000
  4 1.829859 -6.884660 53.144374 -0.915458 -0.400881 -0.035098 0.000000 0.000000
  4 1.369860 -6.154098 53.527494 -0.647319 -0.344510 -0.679920 0.000000 0.000000
Chrome_50Gry1.bmp
  4 1.829859 -6.884660 53.144374 -0.915458 -0.400881 -0.035098 0.000000 0.000000
  4 1.609860 -6.936923 53.687761 -0.647319 -0.344510 -0.679920 0.000000 0.000000
  4 1.369860 -6.154098 53.527494 -0.647319 -0.344510 -0.679920 0.000000 0.000000
Chrome_50Gry1.bmp
  4 1.369860 -6.154098 53.527494 -0.647319 -0.344510 -0.679920 0.000000 0.000000
  4 1.609860 -6.936923 53.687761 -0.647319 -0.344510 -0.679920 0.000000 0.000000
  4 1.059860 -6.965101 53.919507 0.000000 -0.321203 -0.947010 0.000000 0.000000
Chrome_50Gry1.bmp
  4 1.829859 -6.884660 53.144374 -0.915458 -0.400881 -0.035098 0.000000 0.000000
  4 1.369860 -6.085442 52.913177 -0.647405 -0.457303 0.609705 0.000000 0.000000
  4 1.609858 -6.831884 52.610975 -0.647405 -0.457303 0.609705 0.000000 0.000000
Chrome_50Gry1.bmp
  4 1.609858 -6.831884 52.610975 -0.647405 -0.457303 0.609705 0.000000 0.000000
  4 1.369860 -6.085442 52.913177 -0.647405 -0.457303 0.609705 0.000000 0.000000
  4 1.059858 -6.813691 52.379742 0.000000 -0.480694 0.876889 0.000000 0.000000
Chrome_50Gry1.bmp
  4 1.369860 -6.085442 52.913177 -0.647405 -0.457303 0.609705 0.000000 0.000000
  4 1.059859 -6.071608 52.792311 0.000000 -0.480694 0.876889 0.000000 0.000000
  4 1.059858 -6.813691 52.379742 0.000000 -0.480694 0.876889 0.000000 0.000000
Chrome_50Gry1.bmp
  4 1.059858 -6.813691 52.379742 0.000000 -0.480694 0.876889 0.000000 0.000000
  4 1.059859 -6.071608 52.792311 0.000000 -0.480694 0.876889 0.000000 0.000000
  4 0.759860 -6.085441 52.913177 0.647405 -0.457304 0.609705 0.000000 0.000000
Chrome_50Gry1.bmp
  4 1.059858 -6.813691 52.379742 0.000000 -0.480694 0.876889 0.000000 0.000000
  4 0.759860 -6.085441 52.913177 0.647405 -0.457304 0.609705 0.000000 0.000000
  4 0.519858 -6.832394 52.600990 0.647405 -0.457304 0.609705 0.000000 0.000000
Chrome_50Gry1.bmp
  4 0.519858 -6.832394 52.600990 0.647405 -0.457304 0.609705 0.000000 0.000000
  4 0.759860 -6.085441 52.913177 0.647405 -0.457304 0.609705 0.000000 0.000000
  4 0.289859 -6.884146 53.154363 0.915457 -0.400881 -0.035098 0.000000 0.000000
Chrome_50Gry1.bmp
  4 0.759860 -6.085441 52.913177 0.647405 -0.457304 0.609705 0.000000 0.000000
  4 0.629860 -6.120025 53.215343 0.915457 -0.400881 -0.035098 0.000000 0.000000
  4 0.289859 -6.884146 53.154363 0.915457 -0.400881 -0.035098 0.000000 0.000000
Chrome_50Gry1.bmp
  4 0.289859 -6.884146 53.154363 0.915457 -0.400881 -0.035098 0.000000 0.000000
  4 0.629860 -6.120025 53.215343 0.915457 -0.400881 -0.035098 0.000000 0.000000
  4 0.759860 -6.154097 53.527495 0.647319 -0.344510 -0.679920 0.000000 0.000000
Chrome_50Gry1.bmp
  4 0.289859 -6.884146 53.154363 0.915457 -0.400881 -0.035098 0.000000 0.000000
  4 0.759860 -6.154097 53.527495 0.647319 -0.344510 -0.679920 0.000000 0.000000
  4 0.519860 -6.926423 53.697237 0.647319 -0.344510 -0.679920 0.000000 0.000000
Chrome_50Gry1.bmp
  4 0.519860 -6.926423 53.697237 0.647319 -0.344510 -0.679920 0.000000 0.000000
  4 0.759860 -6.154097 53.527495 0.647319 -0.344510 -0.679920 0.000000 0.000000
  4 1.059860 -6.965101 53.919507 0.000000 -0.321203 -0.947010 0.000000 0.000000
Chrome_50Gry1.bmp
  4 0.759860 -6.154097 53.527495 0.647319 -0.344510 -0.679920 0.000000 0.000000
  4 1.059861 -6.157432 53.657836 0.000000 -0.321203 -0.947010 0.000000 0.000000
  4 1.059860 -6.965101 53.919507 0.000000 -0.321203 -0.947010 0.000000 0.000000
Chrome_50Gry1.bmp
  4 1.059860 -6.965101 53.919507 0.000000 -0.321203 -0.947010 0.000000 0.000000
  4 1.059861 -6.157432 53.657836 0.000000 -0.321203 -0.947010 0.000000 0.000000
  4 1.369860 -6.154098 53.527494 -0.647319 -0.344510 -0.679920 0.000000 0.000000
Chrome_50Gry1.bmp
  8 9.812249 2.006184 57.862780 0.844571 0.533681 -0.043399 0.000000 0.000000
  8 10.505429 0.085805 58.966838 0.970751 0.000800 0.240088 0.000000 0.000000
  8 10.564463 0.076146 57.977787 0.999155 0.000800 0.041098 0.000000 0.000000
Chrome_50Gry1.bmp
  8 10.564463 0.076146 57.977787 0.999155 0.000800 0.041098 0.000000 0.000000
  8 10.505429 0.085805 58.966838 0.970751 0.000800 0.240088 0.000000 0.000000
  8 9.811259 -1.883819 57.871388 0.833985 -0.549590 -0.049199 0.000000 0.000000
Chrome_50Gry1.bmp
  8 10.505429 0.085805 58.966838 0.970751 0.000800 0.240088 0.000000 0.000000
  8 9.728432 -2.074069 58.596677 0.690411 -0.653010 0.311305 0.000000 0.000000
  8 9.811259 -1.883819 57.871388 0.833985 -0.549590 -0.049199 0.000000 0.000000
Chrome_50Gry1.bmp
  8 9.811259 -1.883819 57.871388 0.833985 -0.549590 -0.049199 0.000000 0.000000
  8 9.728432 -2.074069 58.596677 0.690411 -0.653010 0.311305 0.000000 0.000000
  8 8.294927 -2.683714 57.558169 0.217993 -0.973770 0.065198 0.000000 0.000000
Chrome_50Gry1.bmp
  18 -9.729672 -2.064113 58.586752 -0.690411 -0.653010 0.311305 0.000000 0.000000
  18 -8.306118 -2.673750 57.549238 -0.217994 -0.973770 0.065198 0.000000 0.000000
  18 -9.268741 -1.864349 59.274238 -0.469490 -0.786883 0.400492 0.000000 0.000000
Chrome_50Gry1.bmp
  18 -9.268741 -1.864349 59.274238 -0.469490 -0.786883 0.400492 0.000000 0.000000
  18 -8.306118 -2.673750 57.549238 -0.217994 -0.973770 0.065198 0.000000 0.000000
  18 -7.956567 -2.674053 58.428735 -0.112102 -0.991214 0.070201 0.000000 0.000000
Chrome_50Gry1.bmp
  18 -8.306118 -2.673750 57.549238 -0.217994 -0.973770 0.065198 0.000000 0.000000
  17 -5.306600 -1.869432 57.024396 0.709729 -0.692729 -0.128105 0.000000 0.000000
  18 -7.956567 -2.674053 58.428735 -0.112102 -0.991214 0.070201 0.000000 0.000000
Chrome_50Gry1.bmp
  8 7.301344 2.735736 59.148785 -0.141101 0.939611 0.311804 0.000000 0.000000
  7 6.047433 1.990884 60.572665 -0.562670 0.477875 0.674565 0.000000 0.000000
  8 8.431291 1.985304 60.407622 0.057998 0.631175 0.773469 0.000000 0.000000
Chrome_50Gry1.bmp
  8 8.431291 1.985304 60.407622 0.057998 0.631175 0.773469 0.000000 0.000000
  7 6.047433 1.990884 60.572665 -0.562670 0.477875 0.674565 0.000000 0.000000
  8 8.733590 0.075100 61.000105 -0.004000 0.000000 0.999992 0.000000 0.000000
Chrome_50Gry1.bmp
  7 6.047433 1.990884 60.572665 -0.562670 0.477875 0.674565 0.000000 0.000000
  7 6.027332 -1.863171 60.580095 -0.385805 -0.571808 0.724010 0.000000 0.000000
  8 8.733590 0.075100 61.000105 -0.004000 0.000000 0.999992 0.000000 0.000000
Chrome_50Gry1.bmp
  8 7.955317 2.985981 58.440621 0.118899 0.987989 0.098699 0.000000 0.000000
  8 9.269490 2.005699 59.265603 0.509502 0.756402 0.410201 0.000000 0.000000
  8 8.305864 2.966289 57.551167 0.262511 0.962239 0.072003 0.000000 0.000000
Chrome_50Gry1.bmp
  8 8.305864 2.966289 57.551167 0.262511 0.962239 0.072003 0.000000 0.000000
  8 9.269490 2.005699 59.265603 0.509502 0.756402 0.410201 0.000000 0.000000
  8 9.728423 2.205931 58.598154 0.706002 0.633001 0.317601 0.000000 0.000000
Chrome_50Gry1.bmp
  8 9.269490 2.005699 59.265603 0.509502 0.756402 0.410201 0.000000 0.000000
  8 9.889259 0.075551 59.698979 0.772686 0.000600 0.634788 0.000000 0.000000
  8 9.728423 2.205931 58.598154 0.706002 0.633001 0.317601 0.000000 0.000000
Chrome_50Gry1.bmp
  18 -10.107278 -2.003610 57.127179 -0.746897 -0.659197 0.087200 0.000000 0.000000
  18 -8.482491 -2.873489 56.793000 -0.087902 -0.995015 -0.047101 0.000000 0.000000
  18 -9.812503 -1.873862 57.861463 -0.583610 -0.728413 0.358906 0.000000 0.000000
Chrome_50Gry1.bmp
  18 -9.812503 -1.873862 57.861463 -0.583610 -0.728413 0.358906 0.000000 0.000000
  18 -8.482491 -2.873489 56.793000 -0.087902 -0.995015 -0.047101 0.000000 0.000000
  18 -8.306118 -2.673750 57.549238 -0.056601 -0.963812 0.260503 0.000000 0.000000
Chrome_50Gry1.bmp
  18 -8.482491 -2.873489 56.793000 -0.087902 -0.995015 -0.047101 0.000000 0.000000
  17 -5.306600 -1.869432 57.024396 0.709729 -0.692729 -0.128105 0.000000 0.000000
  18 -8.306118 -2.673750 57.549238 -0.056601 -0.963812 0.260503 0.000000 0.000000
Chrome_50Gry1.bmp
  18 -9.522021 0.095173 60.657106 -0.830709 0.000700 0.556706 0.000000 0.000000
  18 -9.004780 -2.044634 60.101959 -0.438712 -0.712419 0.547715 0.000000 0.000000
  18 -8.734835 0.085060 60.990178 -0.370304 0.000300 0.928911 0.000000 0.000000
Chrome_50Gry1.bmp
  18 -8.734835 0.085060 60.990178 -0.370304 0.000300 0.928911 0.000000 0.000000
  18 -9.004780 -2.044634 60.101959 -0.438712 -0.712419 0.547715 0.000000 0.000000
  18 -8.431538 -1.844737 60.406318 -0.170800 -0.646900 0.743201 0.000000 0.000000
Chrome_50Gry1.bmp
  18 -9.004780 -2.044634 60.101959 -0.438712 -0.712419 0.547715 0.000000 0.000000
  18 -7.301593 -2.514299 59.146988 0.121103 -0.955523 0.268906 0.000000 0.000000
  18 -8.431538 -1.844737 60.406318 -0.170800 -0.646900 0.743201 0.000000 0.000000
Chrome_50Gry1.bmp
  8 8.305864 2.966289 57.551167 0.053099 0.942069 0.331189 0.000000 0.000000
  8 9.812249 2.006184 57.862780 0.575512 0.700014 0.422808 0.000000 0.000000
  8 8.483234 3.216554 56.785133 0.080604 0.996350 0.028101 0.000000 0.000000
Chrome_50Gry1.bmp
  8 8.483234 3.216554 56.785133 0.080604 0.996350 0.028101 0.000000 0.000000
  8 9.812249 2.006184 57.862780 0.575512 0.700014 0.422808 0.000000 0.000000
  8 10.108021 2.226442 57.118666 0.751332 0.642627 0.150106 0.000000 0.000000
Chrome_50Gry1.bmp
  8 9.812249 2.006184 57.862780 0.575512 0.700014 0.422808 0.000000 0.000000
  8 10.564463 0.076146 57.977787 0.906036 -0.008400 0.423117 0.000000 0.000000
  8 10.108021 2.226442 57.118666 0.751332 0.642627 0.150106 0.000000 0.000000
Chrome_50Gry1.bmp
  8 9.521773 0.085220 60.657081 0.830709 0.000700 0.556706 0.000000 0.000000
  8 9.005531 2.185413 60.093449 0.447190 0.689384 0.569887 0.000000 0.000000
  8 8.733590 0.075100 61.000105 0.370304 0.000300 0.928910 0.000000 0.000000
Chrome_50Gry1.bmp
  8 8.733590 0.075100 61.000105 0.370304 0.000300 0.928910 0.000000 0.000000
  8 9.005531 2.185413 60.093449 0.447190 0.689384 0.569887 0.000000 0.000000
  8 8.431291 1.985304 60.407622 0.181000 0.632998 0.752697 0.000000 0.000000
Chrome_50Gry1.bmp
  8 9.005531 2.185413 60.093449 0.447190 0.689384 0.569887 0.000000 0.000000
  8 7.301344 2.735736 59.148785 -0.141101 0.939611 0.311804 0.000000 0.000000
  8 8.431291 1.985304 60.407622 0.181000 0.632998 0.752697 0.000000 0.000000
Chrome_50Gry1.bmp
  18 -7.301593 -2.514299 59.146988 0.121103 -0.955523 0.268906 0.000000 0.000000
  17 -6.035487 -1.851728 60.577720 0.385805 -0.571808 0.724010 0.000000 0.000000
  18 -8.431538 -1.844737 60.406318 -0.055700 -0.649295 0.758494 0.000000 0.000000
Chrome_50Gry1.bmp
  18 -8.431538 -1.844737 60.406318 -0.055700 -0.649295 0.758494 0.000000 0.000000
  17 -6.035487 -1.851728 60.577720 0.385805 -0.571808 0.724010 0.000000 0.000000
  18 -8.734835 0.085060 60.990178 0.004000 0.000000 0.999992 0.000000 0.000000
Chrome_50Gry1.bmp
  17 -5.306600 -1.869432 57.024396 0.709729 -0.692729 -0.128105 0.000000 0.000000
  17 -5.312075 2.023042 57.027434 0.660802 0.736302 -0.145601 0.000000 0.000000
  17 -6.047909 2.001378 60.582118 0.562671 0.477875 0.674564 0.000000 0.000000
Chrome_50Gry1.bmp
  8 7.595518 2.107439 54.213280 -0.549803 0.689904 -0.470903 0.000000 0.000000
  8 7.003511 0.167476 54.102961 -0.794642 -0.007500 -0.607032 0.000000 0.000000
  8 6.459717 2.056952 55.616885 -0.548493 0.749691 -0.370296 0.000000 0.000000
Chrome_50Gry1.bmp
  8 10.422229 2.107246 54.788352 0.779620 0.615015 -0.118103 0.000000 0.000000
  8 9.035244 2.857347 54.488645 0.234607 0.929125 -0.285808 0.000000 0.000000
  8 10.412012 2.276969 55.591402 0.795974 0.594880 0.111996 0.000000 0.000000
Chrome_50Gry1.bmp
  8 8.305864 2.966289 57.551167 0.262511 0.962239 0.072003 0.000000 0.000000
  7 5.311590 2.012545 57.017983 -0.660802 0.736302 -0.145601 0.000000 0.000000
  8 7.955317 2.985981 58.440621 0.118899 0.987989 0.098699 0.000000 0.000000
Chrome_50Gry1.bmp
  8 11.102530 0.146926 55.720250 0.988770 -0.008700 0.149195 0.000000 0.000000
  8 10.402071 -1.873030 55.588972 0.794875 -0.604081 0.057098 0.000000 0.000000
  8 11.013245 0.157206 54.907279 0.995497 -0.008600 -0.094400 0.000000 0.000000
Chrome_50Gry1.bmp
  8 8.305864 2.966289 57.551167 0.053099 0.942069 0.331189 0.000000 0.000000
  8 8.483234 3.216554 56.785133 0.080604 0.996350 0.028101 0.000000 0.000000
  7 5.311590 2.012545 57.017983 -0.660802 0.736302 -0.145601 0.000000 0.000000
Chrome_50Gry1.bmp
  8 10.107289 2.056716 56.324568 0.575512 0.700014 0.422808 0.000000 0.000000
  8 10.788854 0.126676 56.442536 0.906036 -0.008400 0.423117 0.000000 0.000000
  8 10.412012 2.276969 55.591402 0.795974 0.594880 0.111996 0.000000 0.000000
Chrome_50Gry1.bmp
  18 -7.605732 -1.612596 54.213011 0.517904 -0.681605 -0.516904 0.000000 0.000000
  18 -7.013727 0.177444 54.103978 0.794642 -0.007501 -0.607032 0.000000 0.000000
  18 -6.468928 -1.743081 55.626535 0.506993 -0.752089 -0.421094 0.000000 0.000000
Chrome_50Gry1.bmp
  18 -10.413283 2.286924 55.581480 -0.795974 0.594880 0.111996 0.000000 0.000000
  18 -11.014507 0.177158 54.897361 -0.995497 -0.008600 -0.094400 0.000000 0.000000
  18 -11.103789 0.156877 55.710329 -0.988770 -0.008700 0.149195 0.000000 0.000000
Chrome_50Gry1.bmp
  18 -9.268741 -1.864349 59.274238 -0.469490 -0.786883 0.400492 0.000000 0.000000
  18 -9.888510 0.085500 59.708955 -0.772686 0.000600 0.634788 0.000000 0.000000
  18 -9.729672 -2.064113 58.586752 -0.690411 -0.653010 0.311305 0.000000 0.000000
Chrome_50Gry1.bmp
  18 -10.117497 -1.733332 56.324281 -0.583610 -0.728413 0.358906 0.000000 0.000000
  18 -10.790112 0.136628 56.432615 -0.906036 -0.008400 0.423117 0.000000 0.000000
  18 -10.413271 -1.863076 55.580047 -0.794875 -0.604081 0.057098 0.000000 0.000000
Chrome_50Gry1.bmp
  18 -10.422491 -1.612802 54.787092 -0.771965 -0.608272 -0.184592 0.000000 0.000000
  18 -9.033510 -2.362701 54.506764 -0.235001 -0.905902 -0.352301 0.000000 0.000000
  18 -10.413271 -1.863076 55.580047 -0.794875 -0.604081 0.057098 0.000000 0.000000
Chrome_50Gry1.bmp
  4 -2.920113 5.376540 61.648124 -0.308600 0.832400 0.460300 0.000000 0.000000
  4 -5.230114 3.666983 61.895929 -0.420306 0.657709 0.625109 0.000000 0.000000
  4 -2.880113 4.830825 62.136688 -0.183901 0.663303 0.725403 0.000000 0.000000
Chrome_50Gry1.bmp
  4 2.869887 4.821342 62.147178 0.183901 0.663303 0.725403 0.000000 0.000000
  4 5.199885 3.656983 61.896425 0.420306 0.657709 0.625109 0.000000 0.000000
  4 2.909888 5.366546 61.648627 0.308614 0.832438 0.460221 0.000000 0.000000
Chrome_50Gry1.bmp
  18 -9.812503 -1.873862 57.861463 -0.583610 -0.728413 0.358906 0.000000 0.000000
  18 -10.564718 0.086095 57.977815 -0.906036 -0.008400 0.423117 0.000000 0.000000
  18 -10.107278 -2.003610 57.127179 -0.746897 -0.659197 0.087200 0.000000 0.000000
end
